859|nan|nan|nan|nan|nan|nan|nan|nan|nan|nan|nan|nan|nan|nan|nan|nan|nan|nan|nan
900|nan|nan|nan|nan|nan|nan|nan|nan|nan|nan|nan|nan|nan|nan|nan|nan|nan|nan|nan
901|nan|nan|nan|nan|nan|nan|nan|nan|nan|nan|nan|nan|nan|nan|nan|nan|nan|nan|nan
902|nan|nan|nan|nan|nan|nan|nan|nan|nan|nan|nan|nan|nan|nan|nan|nan|nan|nan|nan
903|nan|nan|nan|nan|nan|nan|nan|nan|nan|nan|nan|nan|nan|nan|nan|nan|nan|nan|nan
904|nan|nan|nan|nan|nan|nan|nan|nan|nan|nan|nan|nan|nan|nan|nan|nan|nan|nan|nan
905|nan|nan|nan|nan|nan|nan|nan|nan|nan|nan|nan|nan|nan|nan|nan|nan|nan|nan|nan
906|nan|nan|nan|nan|nan|nan|nan|nan|nan|nan|nan|nan|nan|nan|nan|nan|nan|nan|nan
907|nan|nan|nan|nan|nan|nan|nan|nan|nan|nan|nan|nan|nan|nan|nan|nan|nan|nan|nan
908|nan|nan|nan|nan|nan|nan|nan|nan|nan|nan|nan|nan|nan|nan|nan|nan|nan|nan|nan
909|nan|nan|nan|nan|nan|nan|nan|nan|nan|nan|nan|nan|nan|nan|nan|nan|nan|nan|nan
910|nan|nan|nan|nan|nan|nan|nan|nan|nan|nan|nan|nan|nan|nan|nan|nan|nan|nan|nan
911|nan|nan|nan|nan|nan|nan|nan|nan|nan|nan|nan|nan|nan|nan|nan|nan|nan|nan|nan
912|nan|nan|nan|nan|nan|nan|nan|nan|nan|nan|nan|nan|nan|nan|nan|nan|nan|nan|nan
913|nan|nan|nan|nan|nan|nan|nan|nan|nan|nan|nan|nan|nan|nan|nan|nan|nan|nan|nan
914|nan|nan|nan|nan|nan|nan|nan|nan|nan|nan|nan|nan|nan|nan|nan|nan|nan|nan|nan
915|nan|nan|nan|nan|nan|nan|nan|nan|nan|nan|nan|nan|nan|nan|nan|nan|nan|nan|nan
916|nan|nan|nan|nan|nan|nan|nan|nan|nan|nan|nan|nan|nan|nan|nan|nan|nan|nan|nan
917|nan|nan|nan|nan|nan|nan|nan|nan|nan|nan|nan|nan|nan|nan|nan|nan|nan|nan|nan
918|nan|nan|nan|nan|nan|nan|nan|nan|nan|nan|nan|nan|nan|nan|nan|nan|nan|nan|nan
919|nan|nan|nan|nan|nan|nan|nan|nan|nan|nan|nan|nan|nan|nan|nan|nan|nan|nan|nan
920|nan|nan|nan|nan|nan|nan|nan|nan|nan|nan|nan|nan|nan|nan|nan|nan|nan|nan|nan
921|nan|nan|nan|nan|nan|nan|nan|nan|nan|nan|nan|nan|nan|nan|nan|nan|nan|nan|nan
922|nan|nan|nan|nan|nan|nan|nan|nan|nan|nan|nan|nan|nan|nan|nan|nan|nan|nan|nan
923|nan|nan|nan|nan|nan|nan|nan|nan|nan|nan|nan|nan|nan|nan|nan|nan|nan|nan|nan
924|nan|nan|nan|nan|nan|nan|nan|nan|nan|nan|nan|nan|nan|81.432939|nan|54.886558|nan|nan|nan
925|nan|nan|nan|nan|nan|nan|nan|nan|nan|nan|nan|nan|nan|63.847583|nan|40.630972|nan|nan|nan
926|nan|nan|nan|nan|nan|nan|nan|nan|nan|nan|nan|nan|nan|39.727319|nan|34.487507|nan|nan|nan
927|nan|nan|nan|nan|nan|nan|nan|nan|nan|nan|nan|nan|nan|17.530702|nan|18.468210|nan|nan|nan
928|nan|nan|nan|nan|nan|nan|nan|nan|nan|nan|nan|nan|nan|-20.168313|-14.693376|-13.125393|nan|nan|nan
929|nan|nan|nan|nan|nan|nan|nan|nan|nan|nan|nan|nan|nan|-24.729520|-25.940297|-24.675401|nan|nan|nan
930|nan|nan|nan|nan|nan|nan|nan|nan|nan|nan|nan|nan|nan|-35.926070|-25.940297|-25.234794|nan|nan|nan
931|nan|nan|nan|nan|nan|nan|nan|nan|nan|nan|nan|nan|nan|-42.188360|-25.940297|-25.680064|nan|nan|nan
932|nan|nan|nan|nan|nan|nan|nan|nan|nan|nan|nan|nan|nan|-55.065268|-25.940297|-26.184776|nan|nan|nan
933|nan|nan|nan|nan|7.139349|nan|nan|nan|nan|nan|nan|nan|nan|-41.730791|-25.940297|-26.422249|nan|nan|nan
934|nan|nan|nan|nan|7.259883|nan|nan|nan|nan|nan|nan|nan|nan|-22.194321|-25.940297|-26.448181|nan|nan|nan
935|nan|nan|nan|nan|8.447255|nan|nan|nan|nan|10.984989|nan|nan|nan|-13.756979|-25.940297|-26.462425|nan|nan|nan
936|nan|nan|nan|nan|9.457114|nan|nan|nan|nan|-12.902082|nan|nan|nan|-7.641986|-25.940297|-26.313526|nan|nan|nan
937|nan|nan|nan|nan|11.011458|nan|nan|nan|nan|-16.016073|nan|nan|nan|-2.272051|-25.940297|-26.192808|nan|nan|nan
938|nan|nan|nan|nan|12.192901|nan|nan|nan|nan|-22.796918|nan|nan|nan|-20.348916|-25.940297|-26.249378|nan|nan|nan
939|nan|nan|nan|nan|12.711835|nan|nan|nan|nan|-35.236565|nan|nan|nan|-55.526092|-25.940297|-26.597598|nan|nan|nan
940|nan|nan|nan|nan|13.112952|nan|nan|nan|nan|-32.634754|nan|nan|nan|-36.903403|-25.940297|-26.554109|nan|nan|nan
941|nan|nan|nan|nan|14.366181|nan|nan|nan|nan|-28.457559|nan|nan|nan|-35.157949|-25.940297|-26.666723|nan|nan|nan
942|nan|nan|nan|nan|15.596243|nan|nan|nan|nan|-41.903624|nan|nan|nan|-24.437930|-25.940297|-26.592239|nan|nan|nan
943|nan|-44.284985|nan|nan|16.891581|nan|nan|nan|nan|-38.478025|nan|nan|nan|-22.976610|-25.940297|-26.526347|-0.024461|nan|nan
944|nan|-42.212885|nan|nan|18.279406|nan|nan|nan|nan|-34.164437|nan|nan|nan|-20.431008|-25.940297|-19.647180|-0.023680|nan|nan
945|nan|-38.516505|nan|nan|20.050038|nan|nan|nan|nan|-17.137167|nan|nan|nan|1.462822|-25.940297|-9.191062|-0.019826|nan|nan
946|nan|-34.314340|nan|nan|22.260750|nan|nan|nan|nan|10.512588|nan|nan|nan|14.694112|-25.940297|-9.026582|-0.017478|nan|nan
947|nan|-31.740740|nan|nan|24.130866|nan|nan|nan|nan|10.178353|nan|nan|nan|2.024501|-25.940297|-2.286279|-0.019588|nan|nan
948|nan|-31.648275|nan|-38.513765|25.663928|nan|nan|nan|nan|-17.364924|nan|nan|nan|-30.790341|-25.940297|7.512090|-0.024771|nan|nan
949|nan|-34.096329|nan|-76.209674|25.167716|nan|nan|nan|nan|-79.181628|nan|nan|nan|-69.920723|-25.940297|11.196206|-0.031221|nan|nan
950|nan|-35.333981|nan|-60.141409|24.777894|nan|nan|nan|nan|-46.237726|nan|nan|nan|-57.537625|-25.940297|11.047665|-0.028752|nan|nan
951|nan|-37.994816|nan|-90.099006|24.297680|nan|nan|nan|nan|-77.216932|nan|nan|nan|-88.562205|-25.940297|8.537166|-0.033697|nan|nan
952|nan|-40.934998|nan|-101.849663|23.083579|nan|nan|nan|nan|-87.208072|nan|nan|nan|-101.684710|-25.940297|-14.270618|-0.035629|nan|nan
953|nan|-45.555757|nan|nan|20.413754|nan|-84.206212|nan|nan|-123.146426|nan|nan|nan|-141.143319|-58.464608|-60.965647|-0.047618|nan|nan
954|nan|-50.142965|nan|-149.374536|17.590149|nan|-122.257555|nan|nan|-131.972249|nan|nan|nan|-153.044953|-68.682098|-71.666247|-0.051180|nan|nan
955|nan|-54.258440|nan|nan|15.213929|nan|-141.635553|nan|nan|-118.318218|nan|nan|nan|-156.727295|-68.682098|-72.162118|-0.051733|nan|nan
956|nan|-59.238323|nan|-176.247828|11.916744|nan|-191.666021|nan|nan|-154.140312|nan|nan|nan|-185.797728|-95.050095|-98.876239|-0.060969|nan|nan
957|nan|-62.273235|nan|nan|9.778592|nan|-180.743877|nan|nan|-123.503863|nan|nan|nan|-156.266355|-95.050095|-99.101304|-0.055305|nan|nan
958|nan|-63.022781|nan|-93.786542|8.629481|nan|-169.117078|nan|nan|-94.857035|nan|nan|nan|-110.162899|-95.050095|-98.921459|-0.046866|nan|nan
959|nan|-62.885106|nan|-70.874335|6.649330|-64.401698|-150.796061|-0.270555|nan|-67.178227|nan|nan|nan|-90.037967|-95.050095|-98.581328|-0.042949|nan|nan
1000|nan|-60.932921|nan|-22.983826|6.146551|-63.176663|-114.154027|-0.118171|nan|-20.603388|nan|nan|nan|-42.473788|-95.050095|-98.120027|-0.034748|nan|nan
1001|nan|-59.338612|nan|-28.464009|5.676909|-62.127488|-124.371517|-0.068019|nan|-32.867185|nan|-163.741116|nan|-46.166178|-95.050095|-97.723390|-0.035475|nan|nan
1002|nan|-57.423760|nan|-13.816927|5.759314|-60.747538|-123.314536|-0.023424|nan|-21.228750|nan|-162.771375|nan|-31.960343|-95.050095|-97.228109|-0.033185|nan|nan
1003|nan|-56.076323|nan|-27.797468|6.880605|-59.877025|-120.495918|-0.040804|nan|-29.312935|nan|-161.171241|nan|-44.360871|-95.050095|-97.123178|-0.035419|nan|nan
1004|nan|-55.250589|nan|nan|7.945483|-59.373510|-110.983083|-0.079926|nan|-47.138955|nan|-159.856930|nan|-57.193325|-95.050095|-97.016688|-0.037774|nan|nan
1005|nan|-53.811348|nan|-19.096303|9.161869|-58.338429|-76.102685|-0.064247|nan|-46.638660|nan|-157.631361|nan|-34.611237|-95.050095|-96.756392|-0.034095|nan|nan
1006|nan|-52.114142|nan|nan|10.346900|-57.078759|-52.144432|-0.054353|nan|-20.451837|nan|-154.949087|nan|-21.362340|-95.050095|-96.532891|-0.031985|nan|nan
1007|nan|-50.687320|nan|nan|11.493813|-55.985507|-46.859523|-0.046302|nan|-30.178195|nan|-152.041217|nan|-24.752424|-95.050095|-96.340774|-0.032771|nan|nan
1008|nan|-49.238834|nan|nan|12.581173|-54.856390|-56.372359|-0.040500|nan|-6.692866|nan|-149.454900|nan|-19.516145|-95.050095|-96.175445|-0.032048|nan|nan
1009|nan|-47.298060|nan|13.707547|13.735190|-53.279335|-66.237523|-0.050906|nan|8.490815|nan|-146.929490|nan|3.504221|-95.050095|-95.879147|-0.028429|nan|nan
1010|nan|-45.367093|nan|16.975049|14.903879|-51.751047|-40.517634|-0.047817|nan|17.231513|nan|-144.859828|nan|8.698220|-95.050095|-95.791755|-0.027706|nan|nan
1011|nan|-43.846639|nan|4.645376|15.989484|-50.598041|-47.916505|-0.042452|nan|14.790969|nan|-143.534847|nan|-3.307700|-95.050095|-62.749804|-0.029821|nan|nan
1012|nan|-42.284492|nan|10.510441|16.670146|-49.342526|-29.947816|-0.040285|nan|14.612626|nan|-142.381747|nan|1.825360|-95.050095|-31.502269|-0.029038|nan|nan
1013|nan|-40.541276|nan|nan|17.598367|-47.914819|-14.445417|-0.041118|nan|16.180190|nan|-140.504621|nan|14.239534|-95.050095|-17.602576|-0.027047|nan|nan
1014|nan|-38.457606|nan|40.122260|18.483641|-46.148102|8.103527|-0.041118|nan|23.080891|nan|-137.278912|nan|33.839347|-95.050095|12.928591|-0.023968|nan|nan
1030|nan|-36.503102|nan|40.815893|19.414857|-44.449362|31.357125|-0.124413|nan|30.190307|nan|-134.640251|nan|36.078310|-95.050095|13.113704|-0.023847|nan|nan
1031|nan|-35.860015|nan|-11.625436|19.507009|-43.942924|-6.341891|-0.152550|nan|-12.257806|nan|-133.645411|nan|-14.452159|-95.050095|12.799230|-0.032660|nan|nan
1032|nan|-35.340115|nan|nan|19.328130|-43.580870|-26.424543|-0.200591|nan|-28.181560|nan|-133.260415|nan|-20.544049|-95.050095|12.559806|-0.033988|nan|nan
1033|-38.329831|-35.061610|nan|nan|18.783014|-43.381384|-65.885195|-0.200591|nan|-42.273022|nan|-133.245263|nan|-28.045249|-95.050095|12.381834|-0.035557|nan|nan
1034|-56.767870|-35.207888|nan|-45.529811|17.594519|-43.491332|-121.552900|-0.060117|nan|-58.973916|nan|-133.929655|nan|-44.604629|-95.050095|2.775931|-0.038635|nan|nan
1035|-41.063859|-34.992829|nan|nan|16.546876|-43.306451|-90.900430|-0.017067|nan|-52.045321|nan|-134.791853|nan|-26.738267|-95.050095|2.688711|-0.035857|nan|nan
1036|-27.409859|-34.286402|nan|-15.256663|15.144745|-42.824121|-105.698174|-0.011987|nan|-58.949512|nan|-135.658202|nan|-10.421181|-95.050095|2.788118|-0.033441|nan|nan
1037|-4.869710|-33.372061|nan|nan|14.236719|-41.921743|-94.071375|-0.010112|nan|-35.706473|nan|-135.389650|nan|15.689901|-95.050095|3.032117|-0.029516|nan|nan
1038|-6.850495|-32.289639|nan|nan|13.542475|-42.683156|-133.179699|-0.007760|nan|-34.427464|nan|-134.338630|nan|17.806315|-95.050095|3.232318|-0.029816|nan|nan
1039|34.259218|-29.732650|nan|46.772593|14.478325|-42.195621|-102.174902|0.042600|nan|19.739735|nan|-131.054850|nan|63.493661|-95.050095|3.703632|-0.022754|nan|nan
1040|50.088126|-27.294835|nan|nan|16.216692|-41.176378|-87.729485|0.137540|nan|44.506529|nan|-127.734662|nan|82.549005|-95.050095|4.073433|-0.020038|nan|nan
1041|48.001220|-25.066943|nan|60.797685|17.990055|-39.833489|-116.620318|0.222012|nan|28.107808|nan|-123.662588|nan|83.588042|-61.931334|4.359571|-0.020399|nan|nan
1042|63.249417|-22.778037|nan|75.954963|20.420775|-37.839108|-68.351485|0.362273|nan|49.754481|nan|-118.901523|nan|102.617566|-30.787338|4.730820|-0.017804|nan|nan
1043|43.309952|-21.047427|nan|54.760714|24.012022|-35.638891|-39.108324|0.392529|nan|40.303200|nan|-113.654665|nan|85.842937|-16.976976|4.856463|-0.021242|nan|-131.503705
1044|23.382921|-19.823588|nan|nan|27.325787|-33.715176|-36.289706|0.429702|nan|10.732725|nan|-108.696130|nan|69.639736|3.845131|4.942630|-0.024680|nan|-131.559329
1045|72.577010|-17.984747|nan|84.489607|31.375934|-30.693785|60.600287|0.520076|nan|55.110134|nan|-102.330516|nan|122.755717|3.845131|5.304636|-0.016293|nan|-131.630668
1046|43.922761|-17.128976|nan|54.758873|36.332066|-28.197940|27.481526|0.565597|nan|55.934659|56.243679|-96.026441|nan|97.154086|3.845131|5.262421|-0.021240|nan|-131.669687
1047|24.450281|-16.401204|nan|nan|39.795491|-25.833657|21.139635|0.591682|nan|41.037829|35.712522|-91.255234|nan|81.087963|3.845131|5.212677|-0.024617|nan|-131.708705
1048|22.582914|-15.113374|nan|32.865351|42.700882|-23.829577|5.989563|0.611380|nan|45.896819|33.682213|-87.955677|nan|82.513203|3.845131|5.003793|-0.024979|nan|-131.755574
1049|55.254883|-12.304617|nan|66.083533|45.073795|-21.502937|24.662907|0.694322|nan|65.642266|66.321073|-84.416298|nan|118.260021|3.845131|21.495520|-0.019428|nan|-131.789480
1050|94.989741|-9.001271|nan|105.909461|47.471065|-18.713595|85.615520|0.780042|nan|100.269421|105.831622|-80.986593|nan|161.049295|3.845131|23.447724|-0.012672|nan|-131.842783
1051|73.056988|-5.699281|-3301.667648|82.525521|49.683942|-16.576133|75.750358|0.828140|73.547517|72.950745|83.664246|-78.040345|82.429230|142.361859|3.845131|37.525739|-0.016471|nan|-131.905781
1052|77.185982|-2.013942|-3204.300145|nan|51.897663|-14.556580|75.045704|0.891129|76.223460|76.604031|87.511737|-75.356904|84.864830|149.857750|3.845131|40.585688|-0.015807|nan|-131.959084
1053|72.857776|2.363986|-3037.658311|nan|53.825809|-12.399317|74.693377|0.950992|69.483206|64.218596|82.937268|-72.377291|77.964576|148.520539|3.845131|48.497973|-0.016590|nan|-131.984323
1054|111.553548|7.754575|-2916.628252|121.044739|56.902477|-8.933990|134.236680|1.063400|97.726191|105.271795|121.340148|-67.911222|112.048245|190.371632|3.845131|51.965418|-0.010015|nan|-132.003978
1055|97.748530|12.750740|-2826.585536|106.440539|59.751707|-6.213367|124.371517|1.143284|91.393786|114.491919|107.304734|-64.460220|97.955155|179.324041|3.845131|51.985091|-0.012427|nan|-132.023633
1056|65.272627|17.696402|-2741.992139|nan|61.318359|-4.135916|79.273631|1.173898|56.626323|63.224833|74.721000|-62.292506|65.188722|149.784925|3.845131|51.971266|-0.012426|nan|-132.067250
1057|58.861064|21.771489|-2615.450108|nan|62.827810|-2.404956|77.159667|1.202886|51.692105|40.163949|68.172880|-60.174222|58.494504|146.499844|3.845131|51.931440|-0.005171|nan|-132.102182
1058|35.162440|24.345051|-2439.444877|43.111553|64.066014|-1.255868|64.828213|1.211571|31.974537|21.693612|44.290274|-58.856342|34.536251|125.587089|3.845131|51.564084|-0.005374|nan|-132.134993
1059|19.906376|26.180199|-2297.184109|28.532488|64.262669|-0.371615|67.294504|1.177309|14.951796|16.624003|28.762799|-58.559759|19.033852|113.557463|3.845131|56.994933|-0.003294|nan|-132.174400
1100|39.511490|27.403840|-2153.504699|nan|64.703805|0.463915|87.377157|1.237434|36.969795|37.302002|48.112986|-57.819512|38.411851|136.129446|3.845131|56.849731|0.000022|nan|-132.209005
1101|16.467927|28.213577|-2019.296301|nan|64.656361|0.687678|12.683781|1.265984|14.276540|14.648405|25.062676|-57.381052|15.158253|116.186499|3.845131|56.715690|-0.003956|nan|-132.221769
1102|-38.659008|27.582620|-1839.301551|-32.067250|64.003398|0.091407|-50.382796|1.307836|-38.397810|-20.905934|-30.034173|-58.631951|-40.157125|63.598439|3.845131|32.320556|-0.013419|nan|-132.223958
1103|-49.405367|27.004397|-1681.845558|-42.997993|63.229422|-0.208684|-70.465449|1.319214|-50.599611|-26.420936|-40.768476|-60.525167|-51.079269|55.796469|3.845131|31.815798|-0.015288|nan|-132.233797
1104|-58.043238|26.591323|-1568.923872|nan|62.789989|0.009280|-97.242320|1.170494|-60.927109|-22.586001|-49.434780|-63.159070|-61.007451|49.398205|20.052184|31.413586|-0.017244|nan|-132.218050
1105|-65.635382|25.594043|-1466.913065|nan|62.107809|-0.109556|-88.786466|1.067265|-66.278308|-34.590823|-57.070103|-66.013980|-68.758650|41.826364|21.645274|26.828989|-0.019943|nan|-132.199531
1106|-64.412715|24.360579|-1396.268059|nan|61.828566|0.300514|-73.636394|0.989108|-70.581326|-32.567175|-55.871965|-67.351856|-71.301668|43.223507|26.875636|26.581664|-0.019763|nan|-132.181012
1107|-79.397962|22.929063|-1345.886257|-73.617471|61.737236|0.618031|-65.885195|0.933144|-82.930714|-26.390074|-70.942820|-68.897007|-86.451740|26.660274|26.875636|26.238120|-0.024863|nan|-132.162492
1108|-77.467794|21.494797|-1273.891042|nan|61.951504|1.621771|-65.885195|0.851174|-82.609420|-31.245829|-69.125130|-70.136991|-86.130104|27.151605|26.875636|25.977334|-0.024562|nan|-132.162492
1109|-76.234920|19.688708|-1231.017510|nan|62.704633|2.843718|-23.605926|0.731825|-82.592438|-30.355546|-68.099729|-70.847864|-86.673122|27.223997|26.875636|25.784274|-0.024382|nan|-132.171216
1110|-55.961096|18.203383|-1252.929271|-49.374514|63.150272|4.504747|12.331453|0.635014|-65.629443|-15.240976|-48.049635|-71.432188|-68.270469|45.039589|26.875636|25.800243|-0.020947|nan|-132.155500
1111|-71.265383|16.596944|-1286.981189|-66.208126|63.523726|6.310982|-5.284909|0.490895|-78.412184|-16.426050|-63.630414|-72.871172|-83.772868|24.628942|26.875636|25.671597|-0.023599|nan|-132.165315
1112|-69.653095|15.018255|-1330.275416|nan|63.547847|7.609353|11.274472|0.292356|-76.202875|-36.581892|-62.379730|-74.919994|-82.363559|21.121689|26.875636|25.585365|-0.023359|nan|-132.175130
1113|-68.046961|13.230289|-1381.124050|nan|63.529249|8.126666|-7.398872|0.125079|-69.993908|-43.722583|-61.121327|-76.859776|-80.954250|17.161531|26.875636|25.533281|-0.023117|nan|-132.167280
1114|-56.581726|11.348985|-1429.425594|nan|63.204772|8.519399|-16.207053|0.087858|-57.998752|-43.323111|-50.014865|-79.629153|-69.679778|23.352250|26.875636|25.662332|-0.021189|nan|-132.146381
1115|-60.633698|9.343023|-1492.942628|-56.363062|62.312761|7.989760|28.538507|-0.017735|-57.665996|-34.126643|-54.506871|-82.944981|-73.907705|12.337841|26.875636|25.623642|-0.021914|nan|-132.100851
1116|-90.423132|7.738144|-1629.605555|nan|60.313846|6.988079|-30.300143|-0.109843|-85.213811|-52.921681|-84.718915|-87.040874|-103.855521|-23.920266|3.273368|1.852125|-0.029483|nan|-132.039790
1117|-110.019052|5.916766|-1734.275070|-105.968942|57.769656|5.400019|-69.760794|-0.204177|-100.543794|-76.429179|-104.762550|-92.097786|-123.585846|-49.798976|-15.345846|-17.036310|-0.036263|nan|-130.932969
1118|-103.202983|4.483862|-1797.340634|-98.027385|55.575327|4.168879|-65.180541|-0.280989|-97.609577|-74.261774|-98.340511|-96.380121|-116.891629|-49.319812|-15.345846|-17.226584|-0.035120|nan|-129.142687
1119|-60.804882|4.371240|-1851.453357|-56.035873|54.569068|4.004461|9.512836|-0.358078|-58.849967|-41.988268|-56.337986|-98.855629|-74.612359|-13.675690|-15.345846|-17.045251|-0.027886|nan|-127.774583
1120|-37.087128|4.356340|-1880.086975|nan|53.244854|3.873668|72.579412|-0.446285|-33.004725|7.370544|-33.088978|-102.070712|-50.686434|3.407869|-15.345846|-16.883506|-0.023848|nan|-126.758688
1121|-40.508841|4.009878|-1866.478740|-36.870023|52.142605|3.421521|46.859524|-0.504702|-34.207655|-13.929858|-36.979749|-104.580957|-53.889706|-6.148879|-15.345846|-16.892822|-0.024453|nan|-125.823302
1122|-35.127685|3.337074|-1835.682647|nan|51.423218|3.195862|56.020032|-0.569688|-30.443089|-8.893033|-31.970899|-106.384833|-44.284798|-6.826981|-15.345846|-16.727945|-0.023550|nan|-124.462108
1123|-13.544357|3.148613|-1797.106904|nan|51.006405|3.252769|72.931740|-0.628809|-8.631810|12.023929|-10.732656|-107.516005|-20.472836|9.339426|-15.345846|-16.582809|-0.019872|nan|-122.607687
1124|-26.849587|1.842583|-1784.701490|nan|50.365429|2.728669|97.946974|-0.733718|-19.619903|-1.026271|-24.528060|-109.958887|-32.341271|-8.930118|-15.345846|-16.454810|-0.022166|nan|-121.082500
1125|-4.573434|0.681037|-1780.331060|nan|49.243542|2.498305|106.050501|-0.807974|0.896714|7.377887|-2.754965|-112.887743|-10.144654|8.237716|-15.345846|-16.341710|-0.018366|nan|-119.541516
1126|7.841192|-0.169628|-1785.946839|12.174874|48.305497|2.727643|85.615521|-0.838925|9.547825|-0.789867|9.204655|-114.830866|2.186799|16.200311|-15.345846|-16.087741|-0.016255|nan|-118.118647
1127|-7.582136|-1.686402|-1771.007288|-4.411794|46.814934|2.550998|63.418904|-0.867192|-1.794916|-12.342267|-6.668130|-117.337971|-13.315600|-3.670946|-15.345846|-16.034440|-0.018911|nan|-116.692981
1128|-14.201065|-2.922962|-1744.737502|nan|45.263443|2.064520|32.766434|-0.882346|-8.569475|-30.542436|-13.671072|-119.893915|-19.449817|-14.634020|-15.345846|-15.984660|-0.020057|nan|-116.673326
1129|4.544075|-3.317297|-1735.027211|8.623902|42.620469|1.639915|35.937379|-0.920289|10.103527|-12.988140|4.670802|-123.011573|1.703527|0.634189|-15.345846|-15.784372|-0.016859|nan|-116.676695
1330|47.599846|-3.809180|-1730.522102|51.601463|40.977423|1.959246|98.299302|-0.844443|50.927109|1.610980|47.366925|-124.513573|45.167451|42.868730|-15.345846|-15.468899|-0.009497|nan|-116.720408
1331|4.338481|-4.733768|-1687.617717|7.480165|39.989415|2.279863|31.709452|-0.845931|5.511541|-25.583114|3.677980|-126.314911|2.311199|-1.449139|-15.345846|-15.528730|-0.016920|nan|-116.746578
1332|-37.869874|-6.081353|-1625.127264|-34.803019|38.951548|1.915836|-65.885195|-0.901722|-33.087385|-48.992028|-38.958286|-129.099837|-39.968070|-43.906717|-15.345846|-9.186772|-0.024161|nan|-116.764006
1333|-10.552568|-6.791300|-1562.196628|-7.124116|37.879727|2.287491|-49.678141|-0.992826|-10.038872|-37.218970|-12.045480|-130.445828|-12.838872|-16.122495|-15.345846|13.131385|-0.019515|nan|-116.779722
1334|15.731111|-7.603537|-1491.393972|nan|37.768287|3.445206|-32.414107|-0.912215|13.793002|-6.480228|13.907116|-130.621500|13.233344|10.271412|-15.345846|27.797364|-0.015049|nan|-116.786714
1335|7.860178|-9.468364|-1452.006049|nan|37.272012|4.129910|-48.268833|-0.824529|7.610159|-18.668279|5.702739|-131.588990|5.129817|3.086386|-15.345846|27.795616|-0.016437|nan|-116.795438
1336|33.479451|-10.320827|-1424.174086|36.216008|37.105968|5.110378|-21.844289|-0.718398|31.056694|10.681219|30.947438|-131.181245|30.497379|31.918398|-15.345846|28.105587|-0.012092|nan|-116.801338
1337|32.681954|-11.353644|-1380.920677|34.323388|38.122970|5.614027|-38.051343|-0.645519|33.920055|4.507571|29.811237|-129.226539|29.440397|34.596085|-15.345846|28.193824|-0.012273|nan|-116.807239
1338|40.340996|-12.108592|-1315.571491|42.836216|38.815308|6.315212|-28.890835|-0.531272|39.398584|17.868555|37.208058|-126.769523|36.839269|46.206340|-15.345846|28.415520|-0.011005|nan|-116.822955
1339|47.991133|-13.458910|-1312.413554|nan|39.662429|6.433214|-20.434980|-0.380414|51.037800|39.486476|44.639422|-123.884722|44.238142|57.483264|-15.345846|28.584987|-0.009738|nan|-116.857450
1340|54.925382|-14.443287|-1342.068615|nan|40.926910|6.381364|6.341890|-0.325662|57.891674|57.141200|51.350352|-120.623857|50.932359|68.433594|-15.345846|28.711654|-0.008591|nan|-116.910142
1341|17.805391|-15.526352|-1309.520988|18.456650|41.584776|5.672829|-46.507197|-0.252618|22.624986|7.278825|14.036501|-118.475083|13.825671|35.509685|-15.345846|28.649546|-0.014986|nan|-116.978365
1342|6.383698|-16.688411|-1208.018211|nan|41.940043|4.516071|-56.724687|-0.182565|12.997844|-19.614844|2.506732|-116.255078|2.518872|28.138999|-15.345846|28.594574|-0.016975|nan|-117.069231
1343|12.209680|-17.287016|-1131.143778|nan|42.412554|3.786749|-49.678142|-0.045629|16.795080|-3.574606|8.269281|-113.950571|8.396108|38.499015|-15.345846|28.545826|-0.016009|nan|-117.160098
1344|27.540047|-17.177263|-995.258865|28.766601|42.907008|3.698464|-23.253598|-0.014525|29.945495|12.349600|23.612419|-111.258805|23.866180|57.905200|-15.345846|41.285041|-0.013415|nan|-117.285550
1345|42.843718|-17.202812|-847.856337|nan|43.679167|3.035257|-12.331454|0.035818|49.015566|30.869584|38.986060|-108.690333|41.336251|76.220823|-15.345846|41.364835|-0.010821|nan|-117.376417
1346|14.796510|-17.326118|-651.451690|14.581310|44.260202|2.319691|-70.465449|0.088344|18.829387|12.844327|11.064909|-106.465383|15.390072|51.400196|-15.345846|41.265826|-0.015646|nan|-117.296007
1347|55.446229|-15.415492|-435.731584|55.854586|44.802028|2.774490|-49.678141|0.202887|53.346335|35.734735|52.006511|-103.131471|56.307705|95.879582|-8.651629|41.643717|-0.008709|nan|-117.048266
1348|52.759815|-13.470677|-211.013269|52.296801|45.702657|3.132987|-45.802542|0.303473|50.288060|45.955609|49.630755|-99.915228|56.449087|95.529705|13.627641|41.774242|-0.009191|nan|-116.699982
1349|15.523216|-12.105587|2.302647|15.219977|46.599501|2.204408|-40.869960|0.310104|22.862057|17.952399|12.588865|-98.089036|19.102399|60.485092|28.103527|41.556165|-0.015584|nan|-116.654397
1350|39.571550|-9.994852|166.987324|39.752273|46.934501|1.135237|6.694218|0.339416|44.579625|31.214033|36.921328|-95.455027|43.060652|87.031572|28.103527|41.683775|-0.011483|nan|-116.701899
1351|45.994942|-7.842119|284.143121|nan|48.615516|0.528242|9.512836|0.390945|48.921857|37.322590|43.668748|-91.788171|49.402542|95.135098|28.103527|41.772185|-0.010397|nan|-116.736394
1352|42.897737|-5.479938|392.935049|nan|50.729664|-0.207695|11.626799|0.420259|45.590570|41.380198|40.914009|-87.662346|46.231597|93.559123|28.103527|41.828932|-0.010939|nan|-116.616254
1353|64.808742|-2.683540|466.117199|65.087760|53.201337|-0.458435|54.963050|0.464314|65.434516|60.235318|63.174762|-83.124136|68.075886|117.755471|28.103527|42.014122|-0.007200|nan|-116.386778
1354|52.512254|-0.226065|513.221650|nan|54.697944|-1.573794|29.243161|0.514063|59.103405|51.733302|51.282102|-80.149393|55.744432|107.537980|28.103527|42.143597|-0.009310|nan|-116.310225
1355|25.401994|1.241752|589.918261|24.645069|55.584251|-3.031693|24.310580|0.533279|32.055234|28.394864|24.573176|-78.606293|28.615234|80.515748|28.103527|41.920330|-0.013953|nan|-116.240878
1356|39.855022|3.375069|677.942033|39.818945|55.937562|-3.585571|51.087451|0.556806|42.499282|33.863033|39.455645|-76.566283|43.060652|95.639560|28.103527|42.039576|-0.011480|nan|-115.815102
1357|26.463948|5.114222|740.459075|25.380953|56.493673|-4.319357|22.196616|0.564478|31.030502|34.408568|26.480705|-75.082760|29.672216|82.929519|28.103527|47.600632|-0.013771|nan|-115.211114
1358|31.397317|6.960490|805.576561|nan|56.582185|-4.572317|20.434981|0.585929|31.803771|21.931609|31.813400|-74.042564|36.364798|88.969067|28.103527|49.343300|-0.012926|nan|-114.586813
1359|37.035266|8.708657|864.042473|37.365135|56.965115|-4.418359|44.745561|0.589397|37.441007|21.808700|37.928209|-72.436930|42.002034|94.741840|40.732205|54.985784|-0.011961|nan|-113.880302
1400|16.600929|10.033502|924.117742|15.471058|56.705840|-4.992656|67.294504|0.502636|19.166026|16.859831|17.893501|-72.047828|21.567053|74.842397|40.732205|54.881550|-0.015457|nan|-113.491929
1401|23.295730|12.164231|1003.328729|nan|56.769845|-5.065323|30.652470|0.517348|26.020929|18.827238|24.976411|-71.793257|28.261271|82.072152|40.732205|54.786703|-0.014312|nan|-113.205570
1402|21.191818|14.645546|1045.998291|nan|57.212227|-4.248410|-13.740763|0.577731|19.746622|22.442710|23.328772|-71.156516|23.507307|80.093726|40.732205|54.700309|-0.013554|nan|-112.762622
1403|78.652476|18.213641|1054.436352|78.362485|58.314111|-2.071285|70.817777|0.623231|67.014938|66.401264|81.260972|-68.703877|78.536649|139.265379|40.732205|55.236925|0.003492|nan|-112.383011
1404|100.191820|21.278877|1092.078123|nan|60.347237|0.570057|118.381955|0.697506|88.266900|90.312429|103.244395|-66.166713|99.628611|162.559330|40.732205|55.638417|0.010593|nan|-112.387792
1405|78.761774|23.364557|1109.967924|77.361703|61.053967|2.891927|88.786466|0.751647|68.695280|61.370352|82.208668|-65.463223|77.816649|142.657961|40.732205|55.775772|0.006916|nan|-112.383812
1406|98.916320|25.949624|1120.676846|98.663569|62.192981|5.619468|134.236681|0.789650|84.776906|77.773569|102.785595|-62.967145|97.579302|164.652635|40.732205|56.166730|0.010798|nan|-112.065105
1407|92.306196|28.270506|1117.748248|90.775159|63.740562|8.394259|126.485481|0.827778|77.843030|74.355939|96.602875|-59.455070|88.405084|159.799010|40.732205|56.289605|0.009652|nan|-111.030654
1408|128.341882|30.926303|1091.444498|127.909612|66.450718|11.824666|169.821732|0.875620|109.459724|112.604367|133.002337|-55.683997|124.022463|198.614939|40.732205|56.663172|0.015797|nan|-110.253352
1409|137.962709|34.029862|1129.043821|nan|69.428581|15.354806|186.733441|0.903971|118.732903|118.050537|142.923232|-52.407174|132.975299|211.266204|40.732205|56.920435|0.017423|nan|-108.873179
1410|88.385449|35.576010|1172.875486|87.053289|71.329746|17.577924|143.749516|0.913474|74.895446|71.044111|93.597358|-50.319591|83.297157|164.515380|40.732205|56.776118|0.008926|nan|-107.369275
1411|39.506410|35.903701|1289.643609|38.189485|72.667459|19.126293|57.429341|0.919201|27.762301|35.219729|44.862856|-50.334042|33.363670|118.569210|40.732205|57.217129|0.000552|nan|-105.368183
1412|-39.688117|34.884749|1449.360539|-41.081785|72.181454|19.183251|-33.471089|0.888558|-45.749277|-44.155026|-34.313171|-52.535544|-46.389961|42.322897|46.369441|50.855154|-0.013559|nan|-103.125199
1413|-39.613372|34.121086|1567.729266|nan|71.684838|19.320832|-27.833853|0.919388|-47.989961|-15.319155|-34.285446|-54.927743|-46.869961|45.350214|39.130039|40.325953|-0.013598|nan|-100.796225
1414|-40.958228|32.944028|1692.642410|-42.913440|71.228004|19.227205|-14.093089|0.961521|-45.719611|-17.522666|-35.758194|-57.551887|-48.279269|47.168224|39.130039|39.744614|-0.014132|nan|-98.601248
1415|-49.698572|30.693513|1785.070518|nan|70.031810|19.154458|-7.751200|0.967262|-58.527451|-39.970784|-44.616908|-60.603692|-57.647451|41.937768|28.912549|29.219633|-0.017197|nan|-96.900375
1416|-49.272169|29.325709|1919.049246|-51.368499|69.996406|19.559831|-35.585051|0.895319|-57.854781|-21.326590|-44.308683|-62.582265|-59.375123|45.212267|28.912549|28.821983|-0.017137|nan|-95.692781
1417|-65.742308|28.494385|2018.019864|-67.918764|69.523208|20.053769|-11.626799|0.755474|-75.934162|-36.827639|-60.993221|-64.681485|-77.854504|31.919500|22.705496|22.305411|-0.022852|nan|-94.556287
1418|-71.987582|27.024148|2044.954136|nan|68.697656|20.362187|-20.787307|0.668327|-81.875710|-35.875022|-67.470329|-67.106759|-84.196394|28.480787|16.363606|15.726501|-0.025075|nan|-93.770969
1419|-52.868147|25.454625|2020.918244|-53.974003|68.069309|20.365476|-39.108324|0.646738|-60.210381|-16.041018|-48.497363|-69.435200|-65.170723|48.422509|16.363606|15.702759|-0.021822|nan|-93.264750
1420|-77.795373|23.472416|1893.668989|-80.260018|66.870622|19.462849|-40.165306|0.456213|-80.505616|-45.257160|-73.665751|-72.912693|-90.185958|22.164385|16.363606|15.384343|-0.027214|nan|-92.484841
1421|-50.218347|21.690095|1788.364495|-51.828867|66.098869|19.219171|-6.341890|0.402096|-58.224090|-38.817819|-46.329503|-74.797465|-62.704432|45.832077|16.363606|15.454921|-0.022515|-172234.029001|-91.580335
1422|-49.420939|19.865607|1703.432775|-52.070000|65.632530|18.851642|-8.808181|0.321326|-52.799436|-36.201141|-45.906974|-77.808195|-61.999778|42.022897|16.363606|15.366954|-0.022395|-151164.283956|-92.628337
1423|-39.814660|18.177610|1555.177601|-41.295563|64.747160|18.355260|22.548944|0.289539|-44.646942|-40.869415|-36.714452|-80.460019|-52.486942|47.479620|16.363606|15.463887|-0.020768|-136178.278691|-93.995009
1424|-38.660436|16.326933|1438.962825|nan|63.986305|18.102366|11.274471|0.232409|-43.109619|-41.012434|-35.880138|-82.019898|-51.429961|44.322767|16.363606|15.550246|-0.020587|-109962.852746|-95.776644
1425|-46.669631|14.157662|1326.034393|-49.600742|63.556788|17.291576|-23.958253|0.170589|-49.213145|-32.806820|-44.184478|-84.479675|-59.533487|31.805407|16.363606|15.473477|-0.021973|-109953.142865|-97.508753
1426|-45.530476|12.836757|1208.596166|nan|62.979484|16.304536|-8.455853|0.096826|-46.076163|-45.691505|-43.401608|-87.092754|-58.476505|28.748555|16.363606|15.424050|-0.021792|-104797.341537|-98.873483
1427|-69.763535|11.246007|1076.542445|-72.852378|61.830624|15.125943|-46.154869|0.020444|-70.066401|-66.492027|-67.991949|-90.305477|-82.707085|0.142324|16.363606|15.242717|-0.025950|-104788.086162|-100.419640
1428|-166.596089|7.472415|873.546060|-169.268926|57.657468|12.190749|-138.112280|-0.074152|-156.553320|-148.415354|-165.332812|-96.841978|-177.117078|-101.795983|-69.117078|-71.135566|-0.058024|-104777.649231|-102.690354
1429|-139.773597|4.136898|725.151765|-142.057297|54.023706|9.625389|-105.698173|-0.146138|-133.457474|-116.925738|-139.033445|-102.253532|-150.340207|-80.708921|-69.117078|-71.351223|-0.053450|-104766.621532|-104.496565
1430|-139.751370|0.384283|573.448983|-142.897860|50.720153|6.264562|-126.133154|-0.211743|-127.057131|-117.914848|-139.493729|-106.883451|-150.340207|-86.465398|-69.117078|-71.800918|-0.053457|-104755.593851|-106.536519
1431|-112.963913|-2.153745|437.172220|-115.276293|48.194026|4.228579|-92.662066|-0.261769|-107.960263|-87.110279|-113.137192|-111.131304|-121.403337|-65.111670|-69.117078|-71.812706|-0.048883|-104744.959997|-107.980698
1432|-103.793825|-5.320482|260.354617|-106.943438|46.084686|3.014239|-85.615521|-0.304732|-100.319753|-78.658384|-104.402680|-114.739056|-113.042828|-61.774304|-69.117078|-71.943858|-0.047322|-104734.129239|-108.708477
1433|-92.872539|-8.202291|90.288842|-94.930072|43.940736|1.610315|-17.264035|-0.393990|-87.077270|-66.291795|-93.991775|-118.153538|-102.120684|-57.455323|-69.117078|-71.858997|-0.045460|-95841.059341|-109.114900
1434|-89.721416|-10.301955|-42.592907|-92.901132|42.165009|-0.219210|7.398873|-0.505534|-79.505982|-53.622833|-91.400356|-121.605133|-98.949738|-61.996070|-69.117078|-71.914112|-0.044926|-70120.879116|-109.335589
1435|-71.075531|-12.409696|-194.318590|-73.066081|40.642594|-1.529286|4.580255|-0.586175|-64.513661|-45.391949|-73.224214|-123.953535|-80.276394|-50.708778|-69.117078|-71.770214|-0.041735|-70114.549452|-109.291593
1436|13.096312|-12.862370|-425.272290|10.756695|40.537519|-1.691317|108.869119|-0.654969|17.930843|26.660055|10.497714|-124.181906|3.929817|28.604680|-69.117078|-71.164883|-0.027320|-33652.325272|-109.233672
1437|-2.091203|-13.663691|-610.302844|-5.151577|40.219801|-2.228334|87.024830|-0.712538|5.020430|7.274926|-5.214747|-124.825994|-11.220254|8.506301|-69.117078|-70.975539|-0.029915|-33649.730110|-109.242376
1438|-33.498079|-15.527759|-816.421879|-36.523884|38.861012|-3.473086|91.605084|-0.807024|-22.096011|-44.315950|-37.315757|-128.002010|-42.577379|-27.799131|-69.117078|-70.959501|-0.035287|-21496.740222|-109.241289
1439|-38.132869|-17.188959|-967.982339|nan|36.773147|-4.914136|96.537666|-0.926918|-26.516606|-49.757339|-42.700829|-131.896557|-47.157633|-37.494361|-69.117078|-70.925170|-0.036073|-10747.460220|-109.199971
1440|-51.231018|-18.626270|-1049.371853|-54.127732|34.761385|-6.736471|33.823416|-0.999544|-37.552030|-68.341813|-56.542637|-135.538461|-60.193741|-55.714888|-69.117078|-71.030804|-0.038308|13082.707691|-109.166503
1441|-55.169100|-20.369047|-1106.282391|nan|32.484917|-7.989066|-19.025671|-1.039545|-44.227972|-59.621745|-61.164348|-139.791861|-64.069341|-64.739193|-69.117078|-71.090664|-0.038974|14950.428132|-109.093834
1442|-59.456732|-21.972189|-1150.250121|nan|29.813767|-9.108628|-102.527229|-1.041302|-49.095899|-75.526713|-66.021992|-143.981814|-63.897268|-74.026540|-69.117078|-71.114062|-0.039701|33636.058024|-109.041895
1443|-80.663085|-24.148756|-1165.580712|-83.340959|26.386628|-10.775669|-123.666864|-1.051404|-67.034850|-85.097066|-87.846824|-149.794605|-84.156903|-100.368451|-69.117078|-64.639526|-0.043326|33633.779340|-108.985781
1444|-83.205612|-26.423901|-1090.243842|-84.727222|21.644883|-12.653861|-127.542462|-1.148454|-70.141140|-99.872717|-90.966602|-155.893295|-86.623193|-105.674891|-69.117078|-51.361279|-0.043752|33631.690550|-108.877489
1445|-94.914086|-28.594937|-1014.949505|nan|17.483057|-15.019791|-147.977444|-1.168428|-80.328281|-101.376105|-103.229668|-160.890106|-95.689993|-118.456713|-69.117078|-38.086752|-0.045747|33629.665052|-108.746117
1446|-87.954135|-30.746993|-974.958699|nan|14.324454|-16.777010|-140.578571|-1.141435|-76.081053|-83.638781|-96.750204|-164.226376|-88.643448|-109.847468|-69.117078|-22.361720|-0.044544|33627.766153|-108.559225
1447|-30.273036|-31.626744|-941.333673|-31.867988|13.217151|-18.065066|-99.356283|-1.059631|-19.260752|-29.327253|-39.329227|-163.689713|-30.141779|-51.602360|-69.117078|-21.324945|-0.034646|33626.057144|-108.454491
1448|8.725249|-32.866776|-943.723288|6.450870|13.495438|-18.672580|-66.589849|-1.010310|17.287913|11.399358|-0.507174|-162.088421|8.966545|-10.423986|-69.117078|-20.976313|-0.027946|33624.664618|-108.373552
1449|4.048611|-34.689939|-934.329168|nan|13.387389|-18.751596|-52.144432|-0.987077|8.307659|5.643252|-5.309188|-160.676824|4.386291|-13.198690|-69.117078|-20.681948|-0.028732|33623.272086|-108.292612
1450|-9.084226|-36.370063|-931.240985|-11.181241|13.776649|-19.518419|-90.195775|-0.834110|1.031552|-4.966341|-18.534954|-159.424320|-8.649817|-24.429250|-69.117078|-20.587299|-0.030968|33621.816263|-108.193511
1451|20.766549|-37.730492|-952.437735|19.986156|14.122405|-19.842096|-32.766433|-0.816728|28.499026|14.867393|11.211213|-157.346745|21.297999|8.150707|-69.117078|-20.342070|-0.025837|33620.550330|-108.113681
1452|48.506254|-38.426616|-988.412412|47.814039|15.704146|-19.610442|-4.227927|-0.778413|54.012193|40.952538|38.979832|-154.021781|49.131851|39.618943|-69.117078|-19.982129|-0.021066|33619.537584|-108.080490
1453|45.589756|-39.936535|-1032.883213|nan|17.392755|-19.815590|2.466291|-0.749211|52.631861|28.643144|36.105266|-150.665326|46.393233|40.545819|-69.117078|-19.690697|-0.021548|33618.841321|-108.147597
1454|51.843088|-41.544751|-1037.396868|51.406746|18.696569|-19.678443|9.865162|-0.713537|56.494438|16.849697|42.338654|-147.663566|52.735123|50.996357|-69.117078|-19.302377|-0.020460|33618.524838|-108.214705
1455|-18.712008|-43.692872|-958.543399|-19.854979|19.747769|-20.567967|-68.703813|-0.715011|-8.529983|-32.277907|-28.261922|-145.952290|-17.730326|-16.471555|-69.117078|-19.766055|-0.032535|33617.955162|-108.246029
1456|-9.645307|-44.513239|-844.941987|-10.256807|19.905692|-21.355663|-58.486322|-0.691191|-2.089817|-34.521332|-19.221748|-144.771488|-8.569817|-3.202399|-69.117078|-19.658941|-0.030965|33617.638679|-108.295294
1457|15.983359|-43.255969|-781.522796|15.768047|20.493388|-21.500676|-57.077013|-0.630794|20.989729|1.435366|6.442230|-142.858493|17.150072|25.959472|-69.117078|-19.568808|-0.026557|33617.512086|-108.354114
1458|6.727616|-42.173757|-757.708404|6.596486|20.842120|-21.888769|-163.127515|-0.573353|11.269563|-8.507955|-2.601870|-141.508165|7.989563|20.574277|-62.340207|-19.493004|-0.028126|33617.701976|-108.492805
1459|-10.993957|-41.498478|-697.896960|nan|20.986777|-22.726185|-153.967006|-0.547900|-3.066799|-21.528523|-20.131127|-140.682138|-8.506799|6.681758|-49.006874|-19.583137|-0.031144|33618.145052|-108.676294
