859|nan|nan|nan|nan|nan|nan|nan|nan|nan|nan|nan|nan|nan|nan|nan|nan|nan|nan|nan
900|nan|nan|nan|nan|nan|nan|nan|nan|nan|nan|nan|nan|nan|nan|nan|nan|nan|nan|nan
901|nan|nan|nan|nan|nan|nan|nan|nan|nan|nan|nan|nan|nan|nan|nan|nan|nan|nan|nan
902|nan|nan|nan|nan|nan|nan|nan|nan|nan|nan|nan|nan|nan|nan|nan|nan|nan|nan|nan
903|nan|nan|nan|nan|nan|nan|nan|nan|nan|nan|nan|nan|nan|nan|nan|nan|nan|nan|nan
904|nan|nan|nan|nan|nan|nan|nan|nan|nan|nan|nan|nan|nan|nan|nan|nan|nan|nan|nan
905|nan|nan|nan|nan|nan|nan|nan|nan|nan|nan|nan|nan|nan|nan|nan|nan|nan|nan|nan
906|nan|nan|nan|nan|nan|nan|nan|nan|nan|nan|nan|nan|nan|nan|nan|nan|nan|nan|nan
907|nan|nan|nan|nan|nan|nan|nan|nan|nan|nan|nan|nan|nan|nan|nan|nan|nan|nan|nan
908|nan|nan|nan|nan|nan|nan|nan|nan|nan|nan|nan|nan|nan|nan|nan|nan|nan|nan|nan
909|nan|nan|nan|nan|nan|nan|nan|nan|nan|nan|nan|nan|nan|nan|nan|nan|nan|nan|nan
910|nan|nan|nan|nan|nan|nan|nan|nan|nan|nan|nan|nan|nan|nan|nan|nan|nan|nan|nan
911|nan|nan|nan|nan|nan|nan|nan|nan|nan|nan|nan|nan|nan|nan|nan|nan|nan|nan|nan
912|nan|nan|nan|nan|nan|nan|nan|nan|nan|nan|nan|nan|nan|nan|nan|nan|nan|nan|nan
913|nan|nan|nan|nan|nan|nan|nan|nan|nan|nan|nan|nan|nan|nan|nan|nan|nan|nan|nan
914|nan|nan|nan|nan|nan|nan|nan|nan|nan|nan|nan|nan|nan|nan|nan|nan|nan|nan|nan
915|nan|nan|nan|nan|nan|nan|nan|nan|nan|nan|nan|nan|nan|nan|nan|nan|nan|nan|nan
916|nan|nan|nan|nan|nan|nan|nan|nan|nan|nan|nan|nan|nan|nan|nan|nan|nan|nan|nan
917|nan|nan|nan|nan|nan|nan|nan|nan|nan|nan|nan|nan|nan|nan|nan|nan|nan|nan|nan
918|nan|nan|nan|nan|nan|nan|nan|nan|nan|nan|nan|nan|nan|nan|nan|nan|nan|nan|nan
919|nan|nan|nan|nan|nan|nan|nan|nan|nan|nan|nan|nan|nan|nan|nan|nan|nan|nan|nan
920|nan|nan|nan|nan|nan|nan|nan|nan|nan|nan|nan|nan|nan|nan|nan|nan|nan|nan|nan
921|nan|nan|nan|nan|nan|nan|nan|nan|nan|nan|nan|nan|nan|nan|nan|nan|nan|nan|nan
922|nan|nan|nan|nan|nan|nan|nan|nan|nan|nan|nan|nan|nan|nan|nan|nan|nan|nan|nan
923|nan|nan|nan|nan|nan|nan|nan|nan|nan|nan|nan|nan|nan|nan|nan|nan|nan|nan|nan
924|nan|nan|nan|nan|nan|nan|nan|nan|nan|nan|nan|nan|nan|42.365846|nan|65.933456|nan|nan|nan
925|nan|nan|nan|nan|nan|nan|nan|nan|nan|nan|nan|nan|nan|54.263139|nan|66.244818|nan|nan|nan
926|nan|nan|nan|nan|nan|nan|nan|nan|nan|nan|nan|nan|nan|53.657095|nan|65.037411|nan|nan|nan
927|nan|nan|nan|nan|nan|nan|nan|nan|nan|nan|nan|nan|nan|43.203285|nan|64.717734|nan|nan|nan
928|nan|nan|nan|nan|nan|nan|nan|nan|nan|nan|nan|nan|nan|59.866408|63.762156|65.002858|nan|nan|nan
929|nan|nan|nan|nan|nan|nan|nan|nan|nan|nan|nan|nan|nan|74.957142|63.762156|65.364721|nan|nan|nan
930|nan|nan|nan|nan|nan|nan|nan|nan|nan|nan|nan|nan|nan|70.121282|63.762156|65.474548|nan|nan|nan
931|nan|nan|nan|nan|nan|nan|nan|nan|nan|nan|nan|nan|nan|89.484085|61.556406|63.642007|nan|nan|nan
932|nan|nan|nan|nan|nan|nan|nan|nan|nan|nan|nan|nan|nan|69.916828|59.746883|61.637765|nan|nan|nan
933|nan|nan|nan|nan|65.151548|nan|nan|nan|nan|nan|nan|nan|nan|58.626542|56.123942|57.840359|nan|nan|nan
934|nan|nan|nan|nan|63.199848|nan|nan|nan|nan|nan|nan|nan|nan|75.254882|43.927597|45.948970|nan|nan|nan
935|nan|nan|nan|nan|64.070147|nan|nan|nan|nan|30.663794|nan|nan|nan|88.066700|43.927597|46.009394|nan|nan|nan
936|nan|nan|nan|nan|64.457842|nan|nan|nan|nan|16.788294|nan|nan|nan|65.345819|43.927597|45.724259|nan|nan|nan
937|nan|nan|nan|nan|64.357353|nan|nan|nan|nan|8.082531|nan|nan|nan|50.283880|43.927597|45.326442|nan|nan|nan
938|nan|nan|nan|nan|63.981266|nan|nan|nan|nan|-4.515065|nan|nan|nan|46.691723|43.927597|44.999167|nan|nan|nan
939|nan|nan|nan|nan|63.543899|nan|nan|nan|nan|-4.672272|nan|nan|nan|45.518088|43.927597|44.730862|nan|nan|nan
940|nan|nan|nan|nan|63.329075|nan|nan|nan|nan|-33.315392|nan|nan|nan|30.546009|43.927597|44.204101|nan|nan|nan
941|nan|nan|nan|nan|62.634719|nan|nan|nan|nan|-27.573583|nan|nan|nan|12.017964|43.927597|43.635547|nan|nan|nan
942|nan|nan|nan|nan|62.052964|nan|nan|nan|nan|-17.622607|nan|nan|nan|22.295638|43.927597|43.348772|nan|nan|nan
943|nan|-8.677307|nan|nan|61.112775|nan|nan|nan|nan|-14.922869|nan|nan|nan|14.414814|41.989019|41.193054|-0.009903|nan|nan
944|nan|-10.590565|nan|nan|60.402474|nan|nan|nan|nan|-8.876389|nan|nan|nan|17.747019|41.989019|41.032873|-0.009394|nan|nan
945|nan|-11.193643|nan|nan|60.436950|nan|nan|nan|nan|5.115262|nan|nan|nan|27.081860|41.989019|41.072923|-0.007749|nan|nan
946|nan|-11.187476|nan|nan|60.267513|nan|nan|nan|nan|-3.415737|nan|nan|nan|32.698651|41.989019|41.268892|-0.006637|nan|nan
947|nan|-12.085729|nan|nan|60.441885|nan|nan|nan|nan|-17.085300|nan|nan|nan|16.405445|41.989019|41.122787|-0.008930|nan|nan
948|nan|-12.678992|nan|nan|60.645476|nan|nan|nan|nan|-10.680136|nan|nan|nan|16.528398|41.989019|41.018920|-0.008768|nan|nan
949|nan|-12.978429|nan|-18.402636|60.565515|nan|nan|nan|nan|-2.315254|nan|nan|nan|19.227906|41.989019|41.103120|-0.008073|nan|nan
950|nan|-13.542515|nan|-25.847851|60.689587|nan|nan|nan|nan|-5.763811|nan|nan|nan|12.043673|41.989019|41.025524|-0.009000|nan|nan
951|nan|-14.471708|nan|-34.891769|60.529303|nan|nan|nan|nan|-17.929825|nan|nan|nan|1.128130|41.989019|40.822472|-0.010917|nan|nan
952|nan|-14.299376|nan|-14.682930|60.333084|nan|nan|nan|nan|-0.210326|nan|nan|nan|18.705023|41.989019|40.985373|-0.007905|nan|nan
953|nan|-13.620037|nan|-2.364090|60.197224|nan|20.638542|nan|nan|4.071469|nan|nan|nan|29.444320|41.989019|41.278333|-0.006028|nan|nan
954|nan|-12.781392|nan|nan|60.220008|nan|19.906679|nan|nan|15.219623|nan|nan|nan|32.341565|41.989019|41.515564|-0.005264|nan|nan
955|nan|-11.975650|nan|nan|60.267667|nan|31.177372|nan|nan|16.733585|nan|nan|nan|31.521878|41.989019|41.706460|-0.005125|nan|nan
956|nan|-10.458967|nan|22.370548|60.274771|nan|48.888461|nan|nan|27.246483|nan|nan|nan|49.567630|41.989019|42.166599|-0.002089|nan|nan
957|nan|-9.330518|nan|14.453547|60.678100|nan|31.177371|nan|nan|24.905713|nan|nan|nan|40.959052|41.989019|42.216203|-0.003178|nan|nan
958|nan|-8.697102|nan|3.540032|60.764665|nan|36.446786|nan|nan|3.606170|nan|nan|nan|29.391158|41.989019|45.472457|-0.004847|nan|nan
959|nan|-8.064346|nan|nan|60.780815|5.911819|50.352188|-0.022692|nan|-1.844964|nan|nan|nan|29.233077|41.989019|55.211904|-0.004662|nan|nan
1000|nan|-7.508919|nan|2.958819|60.895840|5.794851|42.155320|-0.008631|nan|17.148445|nan|nan|nan|25.497541|41.989019|55.074209|-0.004940|nan|nan
1001|nan|-7.211817|nan|-2.967467|60.825343|5.535646|52.547777|-0.008069|nan|0.489856|nan|-95.235490|nan|18.345771|41.989019|54.964878|-0.005890|nan|nan
1002|nan|-6.262562|nan|19.667143|59.975652|6.003456|52.547777|0.136237|nan|2.733982|nan|-95.122284|nan|39.540516|33.753275|34.170191|-0.002437|nan|nan
1003|nan|-5.321983|nan|22.104373|59.477246|6.452531|42.448065|0.265706|nan|15.573266|nan|-95.366917|nan|41.472635|33.753275|34.304822|-0.001927|nan|nan
1004|nan|-4.688327|nan|nan|58.558198|6.692342|50.059442|0.309042|nan|1.040404|nan|-96.169814|nan|32.719551|33.753275|34.403451|-0.003109|nan|nan
1005|nan|-4.203216|nan|10.391929|58.060756|6.758631|57.524447|0.273046|nan|-2.258163|nan|-96.939957|nan|26.900952|33.753275|34.318946|-0.003781|nan|nan
1006|nan|-3.958164|nan|2.054948|58.044456|6.578156|25.907956|0.236814|nan|-2.579786|nan|-98.402956|nan|17.889075|33.753275|34.092402|-0.005102|nan|nan
1007|nan|-3.947168|nan|-4.434344|57.847099|6.245829|2.634707|0.217559|nan|-28.578293|nan|-99.458088|nan|9.466205|33.753275|33.911442|-0.006307|nan|nan
1008|nan|-3.853073|nan|nan|57.826432|6.000461|1.024608|0.198419|nan|-10.436122|nan|-100.044358|nan|11.439309|33.753275|33.768230|-0.005843|nan|nan
1009|nan|-3.888271|nan|nan|58.049818|5.686702|-4.830297|0.187515|nan|-14.576223|nan|-101.145383|nan|6.386525|33.753275|33.656194|-0.006492|nan|nan
1010|nan|-3.824957|nan|nan|57.515880|5.466987|-16.979225|0.187515|nan|-28.802408|nan|-102.456768|nan|9.733193|33.753275|33.569836|-0.005936|nan|nan
1011|nan|-3.595303|nan|nan|56.899524|5.464240|-28.249919|0.187515|nan|-18.514504|nan|-102.924092|nan|17.508507|33.753275|33.658402|-0.004800|nan|nan
1012|nan|-3.338586|nan|6.775953|56.531014|5.514892|-15.369127|0.176659|nan|11.841458|nan|-102.883340|nan|20.931287|33.753275|33.728700|-0.004360|nan|nan
1013|nan|-2.893195|nan|17.246850|55.730545|5.859634|-13.759028|0.185482|nan|1.235385|nan|-102.454055|nan|31.789785|31.264940|31.603256|-0.002830|nan|nan
1014|nan|-2.633863|nan|nan|55.254503|6.026539|-15.222754|0.188790|nan|2.524081|nan|-102.133790|nan|28.046161|31.264940|31.728847|-0.003572|nan|nan
1030|nan|-2.785701|nan|-6.851664|54.987355|5.712465|-23.712368|0.183930|nan|-6.453435|nan|-101.938772|nan|9.818676|31.264940|31.513760|-0.006561|nan|nan
1031|nan|-3.128047|nan|-18.688832|55.071142|5.150903|-28.249919|0.220471|nan|-13.094047|nan|-101.565247|nan|-0.661604|31.264940|31.188972|-0.008391|nan|nan
1032|nan|-3.355317|nan|-13.945694|55.101129|4.748754|-39.081494|0.220471|nan|-13.649224|nan|-101.354544|nan|4.480869|31.264940|31.090037|-0.007812|nan|nan
1033|-8.259424|-3.506498|nan|nan|55.861343|4.439083|-34.104825|0.198477|nan|-5.343592|nan|-100.830519|nan|8.840907|31.264940|31.014832|-0.007186|nan|nan
1034|-29.196985|-4.070025|nan|-31.357366|56.536875|3.621654|-50.352188|0.150492|nan|-6.950315|nan|-100.966443|nan|-11.754299|31.264940|30.497513|-0.010454|nan|nan
1035|-56.390196|-5.083798|nan|-58.220711|55.752684|2.295268|-82.993285|0.079581|nan|-25.351659|nan|-102.114692|nan|-37.989426|31.264940|29.794843|-0.018419|nan|nan
1036|-50.069119|-6.395670|nan|-50.949053|55.004679|1.231427|-85.335248|0.040871|nan|-22.110185|nan|-103.228492|nan|-31.443642|28.769577|26.921893|-0.017355|nan|nan
1037|-30.045326|-7.012785|nan|-30.603399|54.020815|0.686269|-45.961009|0.018490|nan|-6.084627|nan|-103.355209|nan|-11.185203|28.769577|26.956531|-0.014134|nan|nan
1038|-35.859135|-7.703525|nan|-36.890847|53.130527|-0.356744|-39.520612|-0.008050|nan|6.299587|nan|-103.661794|nan|-16.975704|28.769577|26.851196|-0.014993|nan|nan
1039|-55.487656|-8.713722|nan|-55.761282|52.502422|-1.768691|-53.865131|-0.047916|nan|-7.688590|nan|-104.631290|nan|-37.416881|28.769577|26.330086|-0.018030|nan|nan
1040|-53.351148|-9.305676|nan|nan|51.799041|-3.258911|-50.352187|-0.088745|nan|-18.147930|nan|-105.368788|nan|-36.070252|28.769577|25.951936|-0.017615|nan|nan
1041|-79.711882|-10.052589|nan|-78.888198|50.855789|-5.273075|-56.938956|-0.142208|nan|-37.759290|nan|-106.564896|nan|-63.252782|21.397894|17.856699|-0.025237|nan|nan
1042|-97.030988|-11.230266|nan|-95.836356|49.125337|-7.368001|-80.504951|-0.186688|nan|-41.706012|nan|-108.706127|nan|-81.083111|-7.788587|-12.006863|-0.030601|nan|nan
1043|-92.293529|-12.073450|nan|-89.295682|47.505085|-9.563119|-85.627993|-0.228932|nan|-28.716317|nan|-110.993631|nan|-78.051886|-7.788587|-12.485787|-0.029748|nan|-102.501858
1044|-109.010215|-13.306863|nan|-106.106935|45.663420|-12.336678|-100.411629|-0.284523|nan|-57.968431|nan|-113.841105|nan|-96.220232|-7.788587|-13.265809|-0.034112|nan|-103.759252
1045|-89.854109|-14.244731|nan|-85.713902|43.806794|-14.420792|-82.261422|-0.324055|nan|-59.854072|nan|-116.130892|nan|-78.268949|-7.788587|-13.348698|-0.030963|nan|-104.716091
1046|-85.636842|-15.287868|nan|nan|42.109031|-16.653402|-83.286031|-0.364542|nan|-52.260198|-85.705760|-118.834617|nan|-75.372675|-7.788587|-13.347640|-0.030179|nan|-105.579441
1047|-50.003686|-15.371563|nan|-44.515470|40.307850|-17.665571|-25.176093|-0.398235|nan|-35.121595|-51.131540|-120.357057|nan|-41.056787|-7.788587|-12.665642|-0.024426|nan|-106.015057
1048|-43.593189|-15.436489|nan|-37.943169|39.350074|-18.464487|-14.930009|-0.440727|nan|-20.453880|-45.017183|-121.368330|nan|-36.630622|-7.788587|-12.382932|-0.023315|nan|-106.337249
1049|-26.902269|-15.151723|nan|-19.682160|38.472488|-19.114132|-5.123043|-0.464970|nan|-20.832249|-28.335698|-121.927810|nan|-20.954993|-7.788587|-11.800054|-0.020579|nan|-106.443852
1050|-17.623150|-14.653160|nan|-10.210453|37.437224|-19.762443|0.439118|-0.468596|nan|-16.085909|-18.725238|-122.203195|nan|-12.414590|-7.788587|-11.143470|-0.019025|nan|-106.431823
1051|-15.314065|-13.963462|-482.519465|nan|37.043889|-20.063620|-5.123043|-0.469462|8.884466|-18.792233|-16.050845|-122.234825|-2.957750|-10.976330|-7.788587|-10.744778|-0.018586|nan|-106.389276
1052|1.278709|-13.261343|-628.759183|9.440823|37.357281|-19.677586|4.244806|-0.473295|16.982742|-12.554713|0.870699|-122.407272|11.701476|5.589244|-7.788587|-9.936850|-0.015894|nan|-106.339268
1053|0.212098|-12.873535|-742.118154|7.847050|37.518622|-19.389797|6.440396|-0.473611|19.612144|-26.072171|0.036296|-122.704950|10.809613|4.484571|-7.788587|-9.588076|-0.016012|nan|-106.283128
1054|2.710388|-12.502870|-844.949404|11.917350|37.796359|-18.998309|5.123042|-0.476563|19.352592|-27.482708|2.695176|-122.704870|13.270693|7.012310|-7.788587|-9.140518|-0.015572|nan|-106.226989
1055|-9.531739|-12.451417|-893.871054|-1.056518|37.728770|-18.690158|-3.366570|-0.459683|6.470037|-24.000045|-9.483392|-122.880558|-2.571863|-5.390016|-7.788587|-9.082639|-0.017478|nan|-106.178731
1056|-7.523731|-12.662529|-931.402155|2.113891|37.249006|-17.993689|6.001278|-0.443650|3.864993|-27.550571|-7.532733|-122.736281|-2.216274|-3.208482|-7.788587|-8.868272|-0.017130|nan|-106.122591
1057|-5.341764|-12.798535|-944.445258|3.156583|37.264350|-17.501315|11.124321|-0.444948|9.327589|-5.905129|-5.486084|-122.306527|0.125689|-1.094861|-7.788587|-6.880736|-0.016760|nan|-106.080234
1058|-6.503119|-12.714300|-944.122028|nan|37.172500|-16.899211|19.760306|-0.454501|7.502980|-8.630428|-6.978120|-122.000609|-0.898920|-2.452206|-7.788587|-6.847677|-0.016924|nan|-106.013174
1059|2.169211|-12.499537|-940.402506|12.218957|37.117258|-16.156617|23.858740|-0.460170|13.084072|4.493537|1.382617|-121.361186|7.883438|6.158391|-7.788587|-5.499257|-0.015530|nan|-105.987478
1100|16.426034|-12.026342|-915.807555|26.590619|36.981777|-15.310774|19.321188|-0.457803|26.387640|12.693134|15.498751|-120.515597|22.227957|21.193394|-7.788587|-0.209174|-0.013253|nan|-106.026496
1101|5.658689|-11.686543|-892.944787|14.553759|36.996065|-14.840955|-2.927453|-0.478144|18.663071|-2.460579|4.674343|-120.199469|11.542754|11.032006|-7.788587|11.188287|-0.014949|nan|-106.098123
1102|6.618899|-11.654040|-867.106979|nan|36.968752|-14.125045|1.756472|-0.460087|14.488314|7.612656|5.526939|-119.924564|12.567363|12.239522|-7.788587|30.794920|-0.014787|nan|-106.115811
1103|7.301258|-11.724832|-856.830223|nan|37.347954|-13.424970|6.440396|-0.451652|14.419860|9.817636|6.010036|-119.904380|13.219226|13.334073|-7.788587|35.633951|-0.014671|nan|-106.123781
1104|-10.464684|-12.003015|-844.129779|-1.071608|37.481144|-13.211725|-31.909235|-0.430714|2.068454|-6.792950|-11.862766|-120.245875|-4.491863|-3.077227|-7.788587|38.938803|-0.017482|nan|-106.151163
1105|-6.413642|-12.091666|-828.890203|4.031750|37.179980|-12.764289|-54.596993|-0.404297|1.686571|-15.290247|-7.720449|-119.927714|-0.633429|2.751806|-7.788587|39.170949|-0.016831|nan|-106.178546
1106|-14.217966|-12.225522|-815.394245|-4.742629|37.097113|-12.402183|-55.621602|-0.370468|-4.791497|-9.972595|-15.438435|-119.518624|-10.471179|-3.638982|-7.788587|38.841061|-0.018061|nan|-106.246577
1107|-8.555077|-12.027546|-792.331192|1.730850|36.681032|-12.129489|-29.567273|-0.355924|0.036083|-17.985328|-9.774424|-119.108283|-4.762646|3.891059|-7.788587|36.852395|-0.017154|nan|-106.421825
1108|7.360200|-11.642424|-753.334049|17.657576|35.690093|-11.680401|-19.028443|-0.334807|13.430065|-13.086550|6.187487|-118.394192|11.191971|22.481016|-7.788587|34.989986|-0.014621|nan|-106.646838
1109|14.650083|-11.081727|-727.659028|25.465159|34.633580|-11.158332|-30.884627|-0.299992|18.427423|-6.402688|13.766398|-116.922743|18.510603|32.162260|-7.788587|33.661971|-0.013458|nan|-106.917776
1110|18.582366|-10.550292|-701.252293|nan|34.716774|-10.616701|-24.297858|-0.259706|21.740440|-3.549138|18.139805|-114.582934|22.462664|38.764140|-7.788587|34.009199|-0.012829|nan|-107.139087
1111|4.650124|-10.438965|-674.450275|13.982890|34.817077|-10.709073|-63.964842|-0.209452|13.195358|-4.751462|4.775300|-112.828056|8.557264|26.902499|-7.788587|34.122683|-0.015034|nan|-107.341799
1112|-0.496021|-10.463255|-667.699235|nan|34.850057|-10.785980|-85.774366|-0.162513|3.913586|-12.455275|0.205032|-111.764468|3.434221|24.873179|-5.827417|32.261031|-0.015846|nan|-107.421510
1113|-5.350822|-10.700645|-656.805235|nan|35.425619|-10.833986|-85.188875|-0.117206|1.082972|-8.074990|-4.094569|-110.716875|-1.396076|21.689299|-5.827417|32.166132|-0.016611|nan|-107.501222
1114|-5.961883|-10.856322|-654.629279|nan|35.927697|-10.910152|-101.728983|-0.065881|0.338117|-18.356044|-3.994944|-109.150310|-1.981566|23.226014|-4.670738|32.086923|-0.016704|nan|-107.553584
1115|-13.302441|-10.855985|-646.064856|nan|36.146469|-11.077386|-89.140936|-0.030307|-9.140198|-8.390568|-10.679055|-107.834571|-9.300198|17.470641|0.305931|32.020909|-0.017864|nan|-107.574939
1116|-16.838471|-10.710625|-653.301979|-7.328107|37.209403|-11.255599|-87.677210|0.009314|-10.493141|-10.309261|-13.541888|-105.896681|-9.693141|15.076382|11.606346|31.812135|-0.018421|nan|-107.606298
1117|-16.143276|-10.559301|-646.624314|-6.608913|39.122319|-11.771802|-50.644932|0.019576|-3.760327|0.506830|-12.264154|-103.472271|-8.961278|16.581092|31.132232|31.648173|-0.018306|nan|-107.612785
1118|-22.631675|-10.628162|-646.774533|-13.163310|41.183313|-12.491173|-50.059442|0.020374|-9.961040|19.539467|-18.184306|-101.375501|-15.401674|10.413544|31.736443|31.367306|-0.019328|nan|-107.583082
1119|-18.293852|-10.256929|-660.487900|-7.369311|42.976709|-12.936194|-28.396292|0.021055|-7.089861|15.079382|-13.241715|-98.734510|-11.010495|15.828935|31.736443|31.306146|-0.018632|nan|-107.839061
1120|-21.718108|-9.464636|-668.519644|-12.141786|45.143129|-13.412023|-21.955896|0.001033|-10.056749|31.779190|-16.191486|-96.830225|-14.377066|12.263694|31.736443|31.109622|-0.019166|nan|-108.484396
1121|-14.448952|-8.604486|-699.058357|-3.752085|46.428688|-13.498862|-11.856184|0.002619|-8.098434|11.584132|-8.270877|-94.885517|-7.058434|20.178734|31.736443|31.271234|-0.018005|nan|-108.789823
1122|-10.978314|-8.076950|-744.263774|0.116634|47.524992|-13.405460|8.635985|0.004128|-3.545808|19.419902|-4.269875|-93.889969|-3.545491|23.261539|31.736443|31.402969|-0.017448|nan|-108.882196
1123|-4.281214|-7.311437|-790.539790|nan|48.260230|-13.253484|14.637264|0.003745|3.907334|6.344886|2.976749|-92.895296|3.187651|29.956426|31.736443|31.509809|-0.016380|nan|-108.931789
1124|5.941626|-6.046593|-858.466005|16.743121|48.202356|-12.757994|27.664428|0.019821|10.793101|14.345085|13.717380|-92.084626|13.433735|40.729055|31.736443|31.903633|-0.014754|nan|-108.978496
1125|12.808904|-4.749269|-901.271921|nan|48.247680|-12.232529|22.541386|0.065475|17.912932|17.486044|21.079578|-91.263778|20.633249|47.336514|31.736443|32.209256|-0.013663|nan|-108.978496
1126|1.381997|-3.257146|-936.664771|11.220054|48.188307|-12.094713|13.319910|0.075339|10.815867|6.794146|10.078192|-90.843158|10.176184|35.480728|31.736443|32.288526|-0.015473|nan|-108.984524
1127|-2.577824|-1.493369|-983.645693|8.544275|48.086785|-12.078723|11.709811|0.081296|7.263805|1.442217|6.447475|-90.996105|6.224122|31.589944|31.736443|33.667866|-0.016100|nan|-109.005854
1128|4.145966|0.286759|-1046.953526|14.948063|47.351818|-12.065223|17.418344|0.094314|16.316630|-13.703646|13.537763|-90.917907|12.957264|38.384364|31.303931|32.101309|-0.015032|nan|-109.038404
1129|-4.211302|2.099427|-1077.196405|5.934950|47.440653|-12.239502|17.857461|0.090709|10.133388|-0.570470|5.452722|-91.160421|4.614023|29.602402|31.303931|31.932515|-0.013269|nan|-109.093488
1330|-33.214359|3.060052|-1086.206877|-22.824121|47.798994|-12.738918|3.220198|0.049933|-17.247124|-33.531237|-23.377575|-91.836394|-24.367759|0.372374|31.303931|31.331699|-0.017133|nan|-109.103632
1331|-26.206219|4.129369|-1082.636178|-15.381280|47.770724|-12.780023|-0.439118|0.050760|-16.462507|-12.064046|-16.169389|-92.332907|-18.061872|7.435730|31.303931|31.169786|-0.010285|nan|-109.092444
1332|-26.227225|4.524225|-1065.895579|-15.940825|47.871328|-12.922822|0.585491|0.020020|-12.701555|-19.586872|-15.973559|-92.877172|-18.061872|7.473199|31.303931|30.891063|-0.009181|nan|-109.059810
1333|-43.304649|4.367637|-1024.582813|-32.772975|48.341713|-13.497571|-15.515500|-0.005367|-25.773141|-14.432821|-32.605000|-93.852260|-34.894726|-10.036472|31.303931|30.370556|-0.010327|nan|-108.981643
1334|-38.116487|4.083733|-975.458130|-26.792214|48.220415|-13.486231|-27.810801|-0.013638|-30.517670|0.706207|-26.928292|-94.892877|-33.878938|-4.726072|31.303931|30.282744|-0.009469|nan|-108.861533
1335|-43.299105|3.488033|-941.465158|-32.330937|48.759314|-13.204260|-28.689037|-0.027913|-35.493706|4.528890|-31.784210|-96.450247|-42.935608|-10.687530|31.303931|29.918550|-0.010259|nan|-108.703165
1336|-41.582594|2.884816|-891.738218|nan|48.692322|-12.912467|-34.543942|-0.052824|-33.591495|-6.567577|-29.744812|-97.666702|-41.032763|-9.108758|31.303931|29.804332|-0.009957|nan|-108.550889
1337|-22.436342|2.422641|-854.840318|-10.555853|48.409632|-12.508421|-9.514221|-0.054074|-14.190941|6.106520|-10.249139|-98.389483|-21.711575|10.031214|31.303931|30.040559|-0.006893|nan|-108.455769
1338|-14.680973|2.010897|-860.567722|nan|48.490902|-11.887046|14.344518|-0.056638|-8.207136|18.131313|-2.207327|-98.900629|-13.807453|17.170390|31.303931|30.240020|-0.005639|nan|-108.386363
1339|-14.207845|1.614172|-866.351575|-2.895527|48.554477|-10.941404|22.248641|-0.060432|-13.541645|5.511742|-1.557784|-98.905643|-15.381962|16.520496|31.303931|30.408401|-0.005547|nan|-108.324608
1340|-13.991365|1.425089|-856.644018|nan|48.766667|-10.040062|26.493447|-0.066210|-13.328900|0.571154|-1.322423|-99.050387|-15.249217|15.589566|31.303931|30.550517|-0.005500|nan|-108.296777
1341|-17.379319|1.184908|-866.343663|-4.859433|48.572196|-8.770778|9.221476|-0.069990|-22.855788|0.221250|-4.691057|-99.086023|-24.935788|10.999320|31.303931|30.670434|-0.006034|nan|-108.268946
1342|-24.087361|0.743142|-875.042826|-12.704963|48.915595|-7.395291|-2.634708|-0.087138|-29.588612|-3.078559|-11.425862|-99.489965|-33.828929|2.917504|31.303931|30.617748|-0.007102|nan|-108.243062
1343|-20.204996|0.442135|-882.811104|-7.785930|49.090710|-5.986198|-3.659316|-0.084811|-28.023557|-19.801574|-7.646950|-100.236869|-30.103240|5.749517|31.303931|38.603058|-0.006499|nan|-108.266289
1344|-19.769862|0.003999|-878.579803|nan|49.703334|-4.366769|-3.952061|-0.092675|-31.650178|-19.792162|-7.533211|-101.162060|-35.890495|4.818587|31.303931|38.550267|-0.006452|nan|-108.289516
1345|-19.443867|-0.664592|-873.795672|nan|50.215595|-3.071330|-11.124320|-0.092675|-25.584122|-27.852341|-7.640750|-102.158873|-35.744122|4.172501|31.303931|38.516350|-0.006429|nan|-108.281743
1346|-18.785091|-1.126672|-873.093619|nan|50.820390|-1.846985|-14.198146|-0.093359|-25.464371|-26.325191|-7.519411|-102.718075|-35.305005|4.274080|31.303931|38.497575|-0.006360|nan|-108.273970
1347|6.624662|-1.105699|-876.976925|17.848494|50.766923|-0.586422|11.709811|-0.068551|-0.289545|1.933709|17.395111|-102.419526|-10.128911|30.346261|30.211089|30.148898|-0.002366|nan|-108.305216
1348|20.789087|-0.919093|-881.175888|nan|50.433232|0.747748|19.174816|-0.015803|9.615856|15.155776|31.128313|-101.565990|3.776490|45.145416|30.211089|30.625037|-0.000160|nan|-108.305216
1349|41.862326|-0.006666|-909.787735|52.588536|50.584922|2.266872|44.350909|0.069809|28.640453|28.852002|51.761055|-100.129095|24.561404|67.575181|30.211089|31.453572|0.003137|nan|-108.308281
1350|23.711984|0.410115|-938.457378|33.822114|51.476261|3.031254|22.541386|0.057057|20.278769|29.285051|33.179531|-99.045099|6.118452|49.751901|30.211089|31.470623|0.000212|nan|-108.308281
1351|-18.745035|0.160355|-951.610713|-8.914457|51.842783|2.804571|-12.880792|0.051269|-16.221090|-1.739215|-9.832205|-99.074331|-36.622358|7.812582|30.211089|30.853650|-0.006568|nan|-108.284824
1352|-49.092852|-0.630081|-965.660245|-39.577791|51.871064|1.653709|-39.959730|0.032493|-34.332020|-25.512558|-40.729492|-99.974697|-67.214239|-21.659628|30.211089|29.902612|-0.012467|nan|-108.245805
1353|-46.230975|-1.555323|-977.690053|-36.420043|51.202082|0.730529|-30.591881|0.020352|-39.297630|-23.494410|-38.385636|-100.612789|-64.579532|-17.693128|30.211089|29.471132|-0.012050|nan|-108.182646
1354|-29.628531|-2.301929|-982.710876|-19.709662|51.109571|0.123098|-3.952062|-0.003152|-22.184846|-6.967341|-22.271605|-100.900414|-42.185797|-0.217601|30.211089|29.296721|-0.009449|nan|-108.109874
1355|-49.935043|-3.560553|-984.372933|-41.008028|50.781225|-0.824094|-17.564717|-0.079400|-37.716696|-25.687600|-43.093433|-101.691079|-62.597966|-19.743362|30.211089|28.555931|-0.013041|nan|-108.089816
1356|-69.097779|-4.857323|-974.602607|nan|49.814083|-2.014218|-48.302970|-0.120780|-55.997568|-49.433747|-62.794454|-103.237649|-77.119154|-37.460509|10.429081|8.368752|-0.019226|nan|-108.515282
1357|-59.296999|-5.838057|-934.373222|nan|49.197170|-3.093674|-42.594438|-0.158844|-45.216973|-22.397370|-53.477875|-104.592851|-67.458560|-26.870083|10.429081|7.922823|-0.017694|nan|-109.106637
1358|-47.018060|-6.484546|-909.581160|-38.029295|48.382773|-3.796041|-23.712367|-0.240941|-36.189313|-16.914701|-41.681071|-105.800426|-50.749631|-13.320734|10.429081|7.911876|-0.015767|nan|-109.726566
1359|-59.647549|-7.423391|-921.964959|-51.296499|48.388676|-5.000279|-44.790027|-0.267942|-40.282146|-15.156208|-54.825549|-107.654914|-62.924050|-25.686568|10.429081|7.471577|-0.017789|nan|-110.453917
1400|-50.926151|-7.932157|-959.515957|-42.127213|48.098390|-6.141154|-65.135824|-0.279284|-33.007430|-24.871225|-46.542846|-109.487057|-54.288065|-17.987368|10.429081|7.470366|-0.016419|nan|-110.913771
1401|-35.473397|-8.150706|-997.355641|-26.862391|47.729929|-6.718114|-42.740810|-0.308775|-22.838621|-30.525785|-31.439627|-110.551736|-36.118938|-3.841093|10.429081|7.812128|-0.013980|nan|-111.093406
1402|-30.424239|-8.318603|-1012.857062|nan|47.772492|-7.288941|-37.764140|-0.289922|-15.140999|-27.955748|-26.711629|-111.341429|-31.142268|-0.322569|10.429081|7.956189|-0.013191|nan|-111.208855
1403|-28.751730|-8.320491|-1054.051602|nan|48.143286|-7.840532|-52.986895|-0.276786|-13.210900|-16.962291|-25.311150|-112.256347|-29.532169|0.104291|10.429081|8.097976|-0.012936|nan|-111.310857
1404|-23.556349|-8.286426|-1123.704458|nan|47.755763|-7.954460|-42.448065|-0.271450|-13.848175|-15.122176|-20.319739|-112.783720|-24.409127|4.706246|10.429081|8.390154|-0.012123|nan|-111.302266
1405|2.579304|-7.737160|-1185.947073|10.898244|47.365642|-7.549104|-21.370405|-0.266724|7.965203|-3.360533|5.896414|-111.772484|3.805203|31.505247|10.429081|9.104031|-0.007987|nan|-111.315230
1406|24.055033|-6.931897|-1245.428580|32.372050|47.846315|-6.592663|1.902845|-0.218320|21.494973|19.640709|27.517311|-110.377864|25.175608|54.416316|10.429081|9.984989|-0.004595|nan|-111.343061
1407|16.265250|-6.432026|-1313.633055|23.830378|48.034292|-6.033830|13.319910|-0.195672|21.831168|6.118152|19.822178|-109.233220|18.151485|47.699915|10.429081|10.370638|-0.005849|nan|-111.389403
1408|8.910046|-6.189448|-1352.413476|16.044242|47.845664|-5.953516|13.759028|-0.199407|20.526798|6.377742|12.572339|-107.858610|11.006481|41.599104|10.429081|10.518701|-0.007034|nan|-111.422824
1409|19.408195|-5.866328|-1361.962056|27.399966|48.289518|-5.732148|24.736976|-0.179940|28.838303|10.847645|23.124837|-106.344753|21.398938|53.473401|10.429081|10.940979|-0.005384|nan|-111.461842
1410|18.921505|-5.777121|-1370.088352|26.171810|48.216507|-5.679747|24.444230|-0.158987|30.333130|9.353821|22.728177|-104.719518|20.813447|54.193280|10.429081|11.110901|-0.005477|nan|-111.500861
1411|11.415393|-5.629502|-1381.102514|nan|48.602810|-5.545814|13.466282|-0.139306|21.121753|10.724587|15.233108|-103.399780|13.202070|47.946096|10.429081|26.778500|-0.006685|nan|-111.534655
1412|19.281080|-5.253159|-1364.025508|27.291186|49.225829|-5.163016|14.490891|-0.143121|26.560454|11.702915|23.127176|-102.391218|20.959820|56.336450|10.429081|27.404386|-0.005454|nan|-111.508600
1413|23.935338|-4.913290|-1290.191932|nan|49.767037|-4.652543|22.834132|-0.165288|28.858006|18.983532|27.837044|-101.497313|25.497372|60.656272|10.429081|29.364656|-0.004734|nan|-111.482544
1414|29.332565|-4.374283|-1200.349136|36.773488|50.277240|-4.014688|28.396292|-0.174099|32.128054|23.899040|33.380488|-100.456878|30.766787|65.346326|10.429081|29.641752|-0.003898|nan|-111.407730
1415|19.800310|-3.550551|-1140.781463|26.098792|50.856462|-3.556969|18.882071|-0.174849|26.386827|33.804671|23.986720|-99.678228|21.106193|54.644833|10.429081|33.137141|-0.005431|nan|-111.347200
1416|12.470468|-2.898423|-1083.545722|nan|50.810715|-3.170820|11.856183|-0.166153|16.760553|24.147585|16.754832|-99.019578|18.121188|46.836514|10.429081|43.689020|-0.006616|nan|-111.344602
1417|28.728670|-1.964892|-994.666539|35.744498|50.385402|-2.423551|53.133267|-0.178434|28.699954|21.613844|33.042821|-97.737129|36.542178|62.799320|10.429081|36.926114|-0.004060|nan|-111.390756
1418|37.255419|-0.633607|-909.417882|44.362626|50.440479|-1.399981|75.381909|-0.199180|33.043514|18.171120|41.517915|-96.350981|42.965419|71.079173|10.429081|37.228550|-0.002735|nan|-111.455788
1419|28.374919|0.460211|-804.481258|34.391784|50.315665|-0.741799|87.091719|-0.264882|30.049363|21.671482|32.430315|-95.230265|33.890315|61.350937|10.429081|37.135703|-0.004175|nan|-111.501943
1420|15.406023|1.363936|-673.141378|20.902800|50.040674|-0.307020|55.475230|-0.232148|16.634871|14.461103|19.256308|-94.497651|20.316778|47.678114|10.429081|36.889059|-0.006266|nan|-111.554635
1421|19.562282|2.360377|-542.747440|26.462329|49.418811|0.187928|16.686481|-0.223330|20.026615|1.795766|23.353522|-93.689426|24.268839|51.830890|10.429081|34.725715|-0.005638|-235475.153412|-111.667103
1422|34.263322|3.244707|-389.209326|40.349971|49.710860|0.960414|0.585491|-0.195107|29.876551|15.260406|38.088130|-93.188360|38.759730|66.185433|10.429081|35.091192|-0.003338|-225916.849213|-111.784017
1423|45.167230|4.113076|-267.429982|51.354352|49.909357|1.819300|13.905401|-0.166553|38.082074|11.192377|49.006338|-92.769874|49.444933|76.807953|10.429081|35.507659|-0.001643|-225938.510766|-111.887209
1424|51.385432|5.057348|-158.964530|56.940443|49.795290|2.621545|36.300414|-0.142808|45.682077|20.949107|55.174620|-92.770122|55.446211|83.569305|10.429081|35.959024|-0.000690|-204272.030779|-112.004968
1425|53.939532|6.029198|-72.219118|58.432989|49.792521|3.247810|18.150207|-0.093531|49.704995|4.133910|57.819283|-92.147381|57.788173|88.710000|10.429081|36.124611|-0.000319|-181088.121310|-112.124602
1426|60.314038|7.197275|16.037107|65.328705|49.522638|4.301678|4.976670|-0.037317|47.452331|15.231062|64.562980|-90.144630|63.935824|98.586440|25.972028|36.680414|0.000656|-181105.163959|-112.224325
1427|91.012414|8.980801|75.754805|95.717471|50.410165|6.089807|45.082772|0.028618|69.496249|54.857458|95.976498|-86.431364|94.381332|133.502366|26.356251|37.688269|0.005483|-181627.991222|-112.338327
1428|95.673649|10.722056|110.573976|99.705954|52.465074|7.636793|61.622880|0.127546|79.728064|72.858038|101.347200|-82.711606|98.772511|142.484056|28.140170|38.114201|0.006179|-181647.929664|-112.467171
1429|128.192982|13.094122|146.733628|132.259257|54.680907|10.181675|81.090442|0.199620|94.088141|81.592474|134.845230|-78.610693|130.974492|180.762384|28.140170|39.465189|0.011282|-221538.889668|-112.597689
1430|128.562649|15.268077|180.248217|131.568032|56.894525|13.027795|89.726427|0.291750|90.889416|77.998761|136.328931|-73.973409|126.414492|185.669575|31.744591|40.291948|0.011280|-221572.080000|-112.692531
1431|175.239753|18.410824|226.235286|178.509410|61.520873|16.809145|151.349307|0.381370|127.781587|131.503358|184.244602|-67.521725|172.668245|237.736566|33.161147|41.930236|0.018606|-283702.540654|-112.774047
1432|184.357182|21.156106|275.762213|nan|66.065319|20.571761|164.961963|0.453576|134.816934|141.941038|194.687326|-61.132793|181.304231|252.454564|33.161147|43.106069|0.019969|-283761.828552|-112.850291
1433|199.547499|23.910230|340.985599|202.090680|71.130336|24.826664|181.209326|0.525754|142.013244|150.848069|211.230883|-54.709799|194.341495|273.930521|33.161147|44.214472|0.022282|-298985.241317|-112.927362
1434|157.971924|25.428874|410.698276|159.401794|75.407097|27.873398|144.177048|0.575153|114.420149|118.655815|170.886185|-49.164622|152.186175|238.418179|33.161147|44.180168|0.015603|-299070.593414|-112.990602
1435|135.308921|26.838795|511.209102|137.163539|79.161933|30.548414|146.958129|0.591932|87.866581|105.216534|149.147282|-44.530937|128.832926|221.823623|33.161147|44.022972|0.011916|-299162.711219|-113.053842
1436|130.530975|28.903765|617.799711|nan|82.602664|33.102713|162.912746|0.595888|83.090476|98.234519|145.098800|-40.477038|123.417138|223.300813|33.161147|50.724078|0.011056|-299261.594732|-113.124963
1437|118.892133|31.238450|750.311358|nan|85.405909|35.077827|142.713321|0.609840|75.675493|90.828567|134.143059|-36.923564|111.121836|217.791347|33.161147|61.205756|0.009108|-299365.682634|-113.041268
1438|125.127599|33.733801|867.415993|125.022989|88.230956|37.027817|140.810478|0.648573|79.957337|93.408959|141.030046|-33.250041|116.683997|230.139343|33.161147|67.076934|0.009986|-299475.495366|-112.370885
1439|134.448955|36.057117|1047.232483|133.200186|91.123550|39.179603|159.838920|0.670497|85.393007|111.661943|151.010810|-29.477834|125.319982|245.492660|33.161147|75.649183|0.011349|-299591.553414|-111.573120
1440|114.500352|38.193789|1235.899627|111.688203|93.428782|40.820366|138.614887|0.678629|69.954460|94.273791|131.554934|-27.020863|104.681440|231.357163|33.161147|75.281615|0.008083|-299709.172732|-111.089242
1441|91.173439|40.389204|1440.155074|87.248132|95.022826|41.988267|106.998398|0.683302|50.909983|79.901899|108.564941|-25.808599|80.676328|213.952980|33.161147|105.012269|0.005569|-299826.792097|-110.593659
1442|93.756558|42.428026|1617.726798|90.305129|96.253755|43.473234|116.658992|0.721109|46.252514|79.181841|111.568946|-24.279387|82.579172|222.577124|33.161147|114.056505|0.005868|-299942.329659|-109.735581
1443|99.851325|44.326983|1765.147411|96.303555|97.553224|45.020305|126.612332|0.764392|53.108304|97.227375|118.186852|-22.352274|87.994960|232.587105|33.161147|113.938421|0.006722|-300053.183316|-108.907325
1444|83.982675|46.033456|1915.268913|nan|98.529952|46.208838|115.341639|0.797519|38.087875|72.817619|102.783998|-21.170273|71.454852|219.673223|33.161147|102.460278|0.005431|-300156.750780|-107.880785
1445|92.567321|47.850876|2045.593043|87.229819|99.348822|47.630056|113.585167|0.822649|43.911043|70.871707|111.934195|-19.728419|81.278974|231.285276|33.161147|102.388055|0.009083|-300250.950341|-106.571307
1446|104.240347|49.614940|2164.327468|98.196653|100.564192|49.313154|117.098110|0.841280|53.368996|80.501489|124.269869|-17.741638|93.536922|245.897080|33.161147|102.536633|0.011586|-300334.741121|-105.243878
1447|105.231814|51.187681|2284.408412|nan|101.620591|50.597687|133.491845|0.858522|61.502062|80.645329|125.889958|-15.956889|93.829667|249.826645|33.161147|102.702067|0.011878|-300409.684390|-103.675491
1448|85.282591|52.297724|2377.403883|76.996892|102.195308|51.156238|121.196544|0.860958|46.944473|67.697527|106.507056|-14.878144|73.191125|232.349372|33.161147|94.138629|0.009431|-300478.382438|-102.431012
1449|83.758291|53.393558|2459.335675|76.129214|102.729848|51.375374|109.925851|0.870197|50.748886|68.484501|105.559697|-14.000773|70.995536|232.414458|33.161147|91.771316|0.013220|-280742.664620|-101.317949
1450|64.675183|53.648609|2549.311144|55.026703|102.889654|51.446936|76.992008|0.880792|28.748895|49.649646|87.072802|-13.408458|51.235230|214.050746|33.161147|80.134842|0.011198|-280796.141534|-100.426454
1451|32.439756|52.936865|2650.593031|22.087505|103.090746|51.584000|48.010225|0.880210|-6.423361|20.068401|55.312493|-13.521781|18.141386|182.460770|39.959730|54.708058|0.006003|-280842.812300|-99.513240
1452|37.876217|52.494338|2734.727042|27.699402|103.434685|52.453486|67.185041|0.878255|-9.898798|30.434402|61.178612|-13.958140|16.905311|187.320784|45.407129|52.151308|0.006740|-280881.704613|-98.886113
1453|39.832826|52.171137|2835.734621|28.906899|103.504526|53.366073|79.041225|0.868965|-4.888768|35.338956|63.510183|-14.582088|18.076292|188.257756|44.185766|50.673984|0.007411|-280914.763086|-98.510946
1454|39.620611|51.688190|2952.279656|nan|103.347919|53.991737|84.017894|0.866483|-2.311157|25.767054|63.752100|-14.948262|17.051683|186.132112|43.161157|49.372669|0.007248|-280945.876901|-98.116842
1455|43.114151|51.264046|3067.913219|31.172669|103.329604|55.062827|88.994564|0.862757|-7.917081|45.365228|67.679144|-14.847812|17.846391|187.171858|43.161157|49.236880|0.007662|-280974.073840|-97.751588
1456|66.123617|51.465785|3167.671776|52.473696|103.870639|56.983915|117.244483|0.879558|11.786454|64.489785|90.917567|-14.227678|39.948659|206.563279|43.161157|49.520457|0.011384|-281002.270779|-97.252274
1457|99.435624|52.170116|3260.280824|84.944142|105.128335|59.412201|180.038344|0.900222|37.973862|102.120636|124.154292|-13.107975|72.297012|234.248902|43.161157|50.128230|0.016479|-281031.439981|-96.720824
1458|111.272411|52.954906|3334.542280|96.193741|106.565660|61.811306|195.261098|0.941132|52.805754|102.289600|135.866817|-11.981129|83.128587|240.797175|43.161157|50.674335|0.018183|-281064.984607|-96.027287
1459|114.243462|53.712679|3364.158286|97.554976|107.709632|64.444941|229.365923|0.943194|48.866702|104.564315|138.478739|-10.969398|83.191431|238.394616|43.161157|51.165812|0.018479|-281101.446153|-95.310604
