859|nan|nan|nan|nan|nan|nan|nan|nan|nan|nan|nan|nan|nan|nan|nan|nan|nan|nan|nan
900|nan|nan|nan|nan|nan|nan|nan|nan|nan|nan|nan|nan|nan|nan|nan|nan|nan|nan|nan
901|nan|nan|nan|nan|nan|nan|nan|nan|nan|nan|nan|nan|nan|nan|nan|nan|nan|nan|nan
902|nan|nan|nan|nan|nan|nan|nan|nan|nan|nan|nan|nan|nan|nan|nan|nan|nan|nan|nan
903|nan|nan|nan|nan|nan|nan|nan|nan|nan|nan|nan|nan|nan|nan|nan|nan|nan|nan|nan
904|nan|nan|nan|nan|nan|nan|nan|nan|nan|nan|nan|nan|nan|nan|nan|nan|nan|nan|nan
905|nan|nan|nan|nan|nan|nan|nan|nan|nan|nan|nan|nan|nan|nan|nan|nan|nan|nan|nan
906|nan|nan|nan|nan|nan|nan|nan|nan|nan|nan|nan|nan|nan|nan|nan|nan|nan|nan|nan
907|nan|nan|nan|nan|nan|nan|nan|nan|nan|nan|nan|nan|nan|nan|nan|nan|nan|nan|nan
908|nan|nan|nan|nan|nan|nan|nan|nan|nan|nan|nan|nan|nan|nan|nan|nan|nan|nan|nan
909|nan|nan|nan|nan|nan|nan|nan|nan|nan|nan|nan|nan|nan|nan|nan|nan|nan|nan|nan
910|nan|nan|nan|nan|nan|nan|nan|nan|nan|nan|nan|nan|nan|nan|nan|nan|nan|nan|nan
911|nan|nan|nan|nan|nan|nan|nan|nan|nan|nan|nan|nan|nan|nan|nan|nan|nan|nan|nan
912|nan|nan|nan|nan|nan|nan|nan|nan|nan|nan|nan|nan|nan|nan|nan|nan|nan|nan|nan
913|nan|nan|nan|nan|nan|nan|nan|nan|nan|nan|nan|nan|nan|nan|nan|nan|nan|nan|nan
914|nan|nan|nan|nan|nan|nan|nan|nan|nan|nan|nan|nan|nan|nan|nan|nan|nan|nan|nan
915|nan|nan|nan|nan|nan|nan|nan|nan|nan|nan|nan|nan|nan|nan|nan|nan|nan|nan|nan
916|nan|nan|nan|nan|nan|nan|nan|nan|nan|nan|nan|nan|nan|nan|nan|nan|nan|nan|nan
917|nan|nan|nan|nan|nan|nan|nan|nan|nan|nan|nan|nan|nan|nan|nan|nan|nan|nan|nan
918|nan|nan|nan|nan|nan|nan|nan|nan|nan|nan|nan|nan|nan|nan|nan|nan|nan|nan|nan
919|nan|nan|nan|nan|nan|nan|nan|nan|nan|nan|nan|nan|nan|nan|nan|nan|nan|nan|nan
920|nan|nan|nan|nan|nan|nan|nan|nan|nan|nan|nan|nan|nan|nan|nan|nan|nan|nan|nan
921|nan|nan|nan|nan|nan|nan|nan|nan|nan|nan|nan|nan|nan|nan|nan|nan|nan|nan|nan
922|nan|nan|nan|nan|nan|nan|nan|nan|nan|nan|nan|nan|nan|nan|nan|nan|nan|nan|nan
923|nan|nan|nan|nan|nan|nan|nan|nan|nan|nan|nan|nan|nan|nan|nan|nan|nan|nan|nan
924|nan|nan|nan|nan|nan|nan|nan|nan|nan|nan|nan|nan|nan|-44.416961|nan|39.986364|nan|nan|nan
925|nan|nan|nan|nan|nan|nan|nan|nan|nan|nan|nan|nan|nan|-44.029826|nan|39.687631|nan|nan|nan
926|nan|nan|nan|nan|nan|nan|nan|nan|nan|nan|nan|nan|nan|-42.562927|nan|39.861839|nan|nan|nan
927|nan|nan|nan|nan|nan|nan|nan|nan|nan|nan|nan|nan|nan|-36.239234|nan|40.403384|nan|nan|nan
928|nan|nan|nan|nan|nan|nan|nan|nan|nan|nan|nan|nan|nan|-29.320274|48.124600|41.071587|nan|nan|nan
929|nan|nan|nan|nan|nan|nan|nan|nan|nan|nan|nan|nan|nan|-29.353097|48.124600|41.369272|nan|nan|nan
930|nan|nan|nan|nan|nan|nan|nan|nan|nan|nan|nan|nan|nan|-22.264860|48.124600|41.989421|nan|nan|nan
931|nan|nan|nan|nan|nan|nan|nan|nan|nan|nan|nan|nan|nan|-21.288716|48.124600|42.546403|nan|nan|nan
932|nan|nan|nan|nan|nan|nan|nan|nan|nan|nan|nan|nan|nan|-19.032605|48.124600|43.047456|nan|nan|nan
933|nan|nan|nan|nan|63.042515|nan|nan|nan|nan|nan|nan|nan|nan|-10.934121|48.124600|43.960434|nan|nan|nan
934|nan|nan|nan|nan|63.164255|nan|nan|nan|nan|nan|nan|nan|nan|-9.967032|48.124600|44.415118|nan|nan|nan
935|nan|nan|nan|nan|62.771145|nan|nan|nan|nan|20.233515|nan|nan|nan|-9.154038|48.124600|44.968000|nan|nan|nan
936|nan|nan|nan|nan|61.458914|nan|nan|nan|nan|3.961633|nan|nan|nan|-4.509975|47.657665|45.124105|nan|nan|nan
937|nan|nan|nan|nan|59.878120|nan|nan|nan|nan|-27.049030|nan|nan|nan|-2.097077|41.381568|39.518472|nan|nan|nan
938|nan|nan|nan|nan|58.184908|nan|nan|nan|nan|-27.390790|nan|nan|nan|1.163214|36.638972|35.475446|nan|nan|nan
939|nan|nan|nan|nan|56.433128|nan|nan|nan|nan|-34.402845|nan|nan|nan|5.333321|32.396429|31.946929|nan|nan|nan
940|nan|nan|nan|nan|54.742084|nan|nan|nan|nan|-28.654172|nan|nan|nan|13.777838|30.435282|31.010340|nan|nan|nan
941|nan|nan|nan|nan|54.405228|nan|nan|nan|nan|-22.664181|nan|nan|nan|9.558933|30.435282|31.188397|nan|nan|nan
942|nan|nan|nan|nan|53.936022|nan|nan|nan|nan|-8.590216|nan|nan|nan|6.571568|30.435282|31.318558|nan|nan|nan
943|nan|8.761743|nan|nan|53.828417|nan|nan|nan|nan|-3.432388|nan|nan|nan|6.870410|30.435282|31.255924|-0.000708|nan|nan
944|nan|8.058556|nan|nan|53.858429|nan|nan|nan|nan|-14.649652|nan|nan|nan|3.514417|30.435282|31.043444|-0.001391|nan|nan
945|nan|7.400524|nan|nan|53.448194|nan|nan|nan|nan|-25.854521|nan|nan|nan|7.816213|30.435282|31.177979|-0.000907|nan|nan
946|nan|6.857211|nan|nan|53.331951|nan|nan|nan|nan|-17.844122|nan|nan|nan|7.925841|30.435282|31.120424|-0.000988|nan|nan
947|nan|6.327107|nan|nan|53.209966|nan|nan|nan|nan|-8.472484|nan|nan|nan|8.322530|30.435282|31.067361|-0.001063|nan|nan
948|nan|5.723284|nan|1.333488|53.431027|nan|nan|nan|nan|-7.029654|nan|nan|nan|4.857688|30.435282|30.710744|-0.001816|nan|nan
949|nan|5.045530|nan|-5.020518|53.899568|nan|nan|nan|nan|-7.337812|nan|nan|nan|0.230171|30.435282|30.121250|-0.002826|nan|nan
950|nan|4.429245|nan|nan|54.294434|nan|nan|nan|nan|-2.514136|nan|nan|nan|0.375347|30.435282|29.664533|-0.003025|nan|nan
951|nan|3.943352|nan|-1.663753|54.325277|nan|nan|nan|nan|-15.858176|nan|nan|nan|5.387202|30.435282|29.624621|-0.002439|nan|nan
952|nan|3.468814|nan|0.861918|54.092100|nan|nan|nan|nan|-22.353938|nan|nan|nan|9.247617|30.435282|29.910733|-0.001982|nan|nan
953|nan|3.122461|nan|0.383609|54.231762|nan|-18.935391|nan|nan|-16.993578|nan|nan|nan|10.146032|30.435282|29.986567|-0.001906|nan|nan
954|nan|2.726341|nan|1.126781|54.105393|nan|-24.069282|nan|nan|-16.054464|nan|nan|nan|10.515772|30.435282|30.204954|-0.001981|nan|nan
955|nan|2.413711|nan|-0.870498|54.743318|nan|-25.036054|nan|nan|0.322161|nan|nan|nan|9.849710|30.435282|44.336063|-0.002159|nan|nan
956|nan|2.115840|nan|1.030706|54.867173|nan|-21.602347|nan|nan|-1.743959|nan|nan|nan|11.723904|30.435282|44.543103|-0.001949|nan|nan
957|nan|1.851254|nan|nan|55.016003|nan|-14.434902|nan|nan|8.128576|nan|nan|nan|13.238735|30.435282|44.706680|-0.001750|nan|nan
958|nan|1.677757|nan|6.069067|54.774685|nan|-4.967207|nan|nan|-4.959023|nan|nan|nan|17.372500|30.435282|45.142067|-0.001138|nan|nan
959|nan|1.506306|nan|10.377408|54.048088|-0.533917|-1.533499|0.137862|nan|2.556076|nan|nan|nan|22.032349|26.834439|28.072106|-0.000428|nan|nan
1000|nan|1.332928|nan|9.722567|53.567396|-0.051336|4.100445|0.147287|nan|0.417918|nan|nan|nan|22.715071|26.834439|28.525639|-0.000401|nan|nan
1001|nan|1.117472|nan|nan|52.653944|0.220065|0.566728|0.138712|nan|5.431122|nan|-94.258572|nan|19.036023|26.834439|28.706018|-0.001003|nan|nan
1002|nan|0.978443|nan|nan|51.864765|0.464034|1.966881|0.147200|nan|8.566906|nan|-93.894086|nan|19.572757|26.834439|28.824756|-0.000933|nan|nan
1003|nan|0.777590|nan|2.911778|51.238617|0.534284|5.133891|0.157061|nan|3.097606|nan|-93.784424|nan|15.996387|26.834439|28.740099|-0.001497|nan|nan
1004|nan|0.620636|nan|4.621721|50.196481|0.662998|5.900641|0.180979|nan|4.089355|nan|-93.654767|nan|16.737801|26.834439|28.805269|-0.001374|nan|nan
1005|nan|0.494646|nan|nan|49.370234|0.792260|6.834076|0.128498|nan|7.521214|nan|-93.657170|nan|17.300546|26.834439|28.832848|-0.001207|nan|nan
1006|nan|0.373094|nan|2.615938|48.838772|0.736987|7.734174|0.128498|nan|20.659469|nan|-93.687497|nan|14.232616|26.834439|28.523047|-0.001594|nan|nan
1007|nan|0.336704|nan|6.274932|47.705667|0.921416|11.734608|0.131764|nan|2.462528|nan|-93.658870|nan|17.698620|24.249144|26.137333|-0.001089|nan|nan
1008|nan|0.254367|nan|nan|46.938913|1.106501|15.501684|0.132898|nan|8.882706|nan|-93.742156|nan|18.761402|24.249144|26.270872|-0.000869|nan|nan
1009|nan|0.149926|nan|4.718801|46.034071|1.166667|16.335108|0.127238|nan|7.715815|nan|-93.853638|nan|16.390478|24.249144|26.197404|-0.001202|nan|nan
1010|nan|0.101883|nan|nan|45.074391|1.299093|24.636010|0.130324|nan|6.976465|nan|-93.905153|nan|17.485729|24.249144|26.270810|-0.000987|nan|nan
1011|nan|0.048226|nan|nan|44.491772|1.420921|20.135521|0.130231|nan|8.245207|nan|-94.002277|nan|17.350582|24.249144|26.304219|-0.000911|nan|nan
1012|nan|0.048967|nan|9.825050|43.884521|1.620371|18.301989|0.132645|nan|0.849745|nan|-94.052662|nan|19.216584|18.291909|20.502605|-0.000584|nan|nan
1013|nan|-0.007967|nan|nan|43.373978|1.764304|16.201761|0.130126|nan|-6.572632|nan|-94.200557|nan|17.342814|16.858420|19.164504|-0.000815|nan|nan
1014|nan|-0.033181|nan|9.975720|43.005018|1.970218|13.534804|0.127907|nan|-16.010096|nan|-94.349385|nan|18.868645|16.858420|19.365564|-0.000562|nan|nan
1030|nan|-0.070177|nan|8.573310|43.129749|2.087090|16.368445|0.125001|nan|-23.659677|nan|-94.676052|nan|18.708126|16.858420|19.339088|-0.000589|nan|nan
1031|nan|-0.065684|nan|12.479130|42.064587|2.464459|19.035402|0.126867|nan|-45.382304|nan|-94.767264|nan|22.186302|12.334674|15.380690|-0.000079|nan|nan
1032|nan|-0.070115|nan|nan|41.790860|2.868396|23.302532|0.134552|nan|-16.674441|nan|-94.604611|nan|27.051234|12.334674|15.786216|0.001744|nan|nan
1033|5.138057|-0.283775|nan|3.910946|42.270644|2.656866|5.567272|0.128378|nan|-1.871752|nan|-94.752517|nan|13.806430|12.334674|15.139035|-0.000360|nan|nan
1034|3.678888|-0.377659|nan|2.104756|42.212005|2.542292|-2.866978|0.122833|nan|-10.792225|nan|-94.848162|nan|12.248522|12.334674|14.908049|-0.000709|nan|nan
1035|4.608379|-0.519223|nan|2.640978|42.439932|2.436641|-3.833750|0.117665|nan|-1.033971|nan|-95.021675|nan|12.858501|12.334674|14.697180|-0.000666|nan|nan
1036|0.728962|-0.959068|nan|-2.580696|43.002945|2.096473|-4.700511|0.112547|nan|-7.158953|nan|-95.284984|nan|8.767582|12.334674|14.042980|-0.001390|nan|nan
1037|1.006482|-1.296979|nan|-2.125420|43.671945|1.847823|-2.133565|0.107190|nan|3.273981|nan|-95.527164|nan|9.021620|12.334674|13.665637|-0.001433|nan|nan
1038|4.789465|-1.616868|nan|0.705274|43.699353|2.148479|1.433489|0.102982|nan|2.132231|nan|-95.543510|nan|12.778550|12.334674|13.662848|-0.000934|nan|nan
1039|7.119154|-1.949146|nan|nan|43.716910|2.553961|2.533608|0.102982|nan|19.237122|nan|-95.351462|nan|14.439599|12.334674|13.644953|-0.000682|nan|nan
1040|4.594557|-2.305108|nan|-1.531092|44.198138|2.795103|-1.833532|0.099233|nan|35.508366|nan|-95.218435|nan|10.987396|12.334674|13.307776|-0.001208|nan|nan
1041|5.221109|-2.643566|nan|-0.808678|44.681640|3.077654|-0.600065|0.094197|nan|39.735461|nan|-95.210434|nan|11.462811|12.334674|13.186750|-0.001218|nan|nan
1042|4.979405|-2.883646|nan|-2.690524|45.620853|3.203437|-0.200022|0.094197|nan|36.741969|nan|-95.305636|nan|10.285118|12.334674|12.928290|-0.001352|nan|nan
1043|6.143510|-3.065469|nan|nan|46.272358|3.266477|4.267130|0.090377|nan|10.379599|nan|-95.403312|nan|10.622487|12.334674|12.719392|-0.001245|nan|-96.597059
1044|7.283313|-3.164540|nan|-0.310775|46.902021|3.429740|9.334348|0.084533|nan|12.900890|nan|-95.465213|nan|11.232584|12.334674|12.705521|-0.001138|nan|-96.633663
1045|6.769793|-3.258932|nan|nan|46.807941|3.491819|8.567597|0.077164|nan|11.630219|nan|-95.539509|nan|9.783962|12.334674|12.690299|-0.001288|nan|-96.711992
1046|10.160144|-3.312522|nan|1.755492|46.978101|3.659793|7.834184|0.073145|nan|7.595558|2.408226|-95.556106|nan|12.541827|12.334674|37.561894|-0.000805|nan|-96.760354
1047|11.936433|-3.342406|nan|3.157412|46.885983|3.882523|9.667718|0.069687|nan|-4.254800|4.009837|-95.561777|nan|13.952129|12.334674|52.582504|-0.000580|nan|-96.784318
1048|11.250154|-3.373104|nan|1.111689|47.591064|3.905624|5.167228|0.064711|nan|10.937886|3.499977|-95.694033|nan|12.243986|12.334674|52.619432|-0.000741|nan|-96.808282
1049|11.314296|-3.338688|nan|1.922063|48.612419|3.974764|5.700619|0.054556|nan|2.913247|3.474887|-95.933091|nan|11.802594|12.334674|53.059516|-0.000778|nan|-96.825122
1050|12.219159|-3.289464|nan|nan|49.408880|4.041174|7.367467|0.063587|nan|-14.817885|4.251174|-96.152317|nan|12.243975|12.334674|58.262439|-0.000112|nan|-96.849798
1051|13.901546|-3.207681|156.421369|3.988771|49.812269|4.117736|6.400695|0.064423|-7.973923|-8.377043|6.213751|-96.213936|-2.372957|13.618780|12.334674|54.788344|0.000393|nan|-96.866639
1052|14.787940|-3.124453|152.837355|nan|50.211911|4.168430|10.201109|0.064457|-5.626861|-8.518636|7.051192|-96.265931|-1.706217|14.082831|12.334674|54.958551|0.000500|nan|-96.876939
1053|15.582985|-3.116909|147.982671|5.251094|50.185475|4.223821|12.167989|0.064707|-4.467117|-8.985237|7.779576|-96.191105|-1.106152|14.504210|12.334674|46.494494|0.000596|nan|-96.867552
1054|16.415080|-3.061581|147.536092|5.924084|50.392179|4.213829|10.767837|0.071090|-0.440056|-3.402812|8.674722|-96.118001|-0.439413|15.013599|12.334674|46.683872|0.000704|nan|-96.829024
1055|18.797828|-3.014984|149.068447|8.195493|50.634274|4.100978|14.368228|0.073948|9.346535|-1.468864|11.115687|-96.014071|1.827500|17.113838|12.334674|46.808712|0.001102|nan|-96.793772
1056|21.254744|-2.883799|149.191657|10.534613|50.068817|4.197649|17.168532|0.116855|0.960766|-6.337259|13.730100|-95.803547|4.161087|19.654082|12.334674|32.456596|0.001478|nan|-96.752977
1057|22.242244|-2.811385|148.992515|10.318666|50.521495|4.278785|20.068848|0.115197|5.107848|19.802697|14.748238|-95.659919|5.027848|19.772816|12.334674|32.571000|0.001617|nan|-96.703657
1058|17.885546|-2.775973|149.730994|6.056479|51.403288|4.163985|14.168207|0.114428|3.839408|10.568169|10.335733|-95.728515|0.560696|14.857637|12.334674|32.322251|0.000898|nan|-96.731935
1059|19.248636|-2.658496|152.356605|7.837978|51.248043|4.305857|16.968511|0.116756|-1.967446|-17.683429|11.634526|-95.708809|1.794163|16.743077|12.334674|30.195107|0.001097|nan|-96.748088
1100|18.965606|-2.673541|155.775650|6.917210|51.888491|4.252280|16.401782|0.118716|6.593154|0.308760|11.311388|-95.727638|1.394119|15.795006|12.334674|30.044391|0.001032|nan|-96.768181
1101|16.911291|-2.641165|159.897631|5.715779|52.460635|4.167451|17.401891|0.114652|3.145285|-1.591475|8.984310|-95.825424|0.907217|13.280077|27.634163|29.898149|0.000684|nan|-96.805958
1102|14.106545|-2.660242|164.755855|1.845390|53.745470|3.931318|19.235423|0.105097|5.285936|-7.390294|5.762741|-96.043262|0.646902|10.276179|27.634163|29.449440|0.000217|nan|-96.836534
1103|13.939356|-2.606817|172.364254|2.546288|54.938048|3.844605|5.900641|0.105523|-0.260438|-6.631990|5.486436|-96.225034|3.340206|9.761456|27.634163|29.231332|0.000174|nan|-96.874057
1104|18.671762|-2.499558|182.689276|6.714089|55.270620|4.111763|8.334239|0.108955|-5.580903|-5.323728|10.165906|-96.318215|4.580706|14.225041|27.634163|29.503613|0.000914|nan|-96.915893
1105|24.714175|-2.428393|193.851442|12.556695|54.683202|4.636696|14.468239|0.114366|-5.475209|-11.848656|16.272392|-96.265395|10.448011|20.148770|12.368011|14.889544|0.001858|nan|-96.986189
1106|17.678342|-2.564188|199.280045|5.006890|56.222973|4.600396|2.766967|0.114979|3.326262|6.506554|9.249629|-96.471343|3.247228|12.359966|12.368011|14.445947|0.000700|nan|-97.038645
1107|22.889638|-2.420496|206.033181|10.399339|55.726971|4.946393|7.534152|0.118860|0.197888|-16.509149|14.542034|-96.655088|8.281108|18.146731|12.368011|14.997954|0.001509|nan|-97.093742
1108|29.526361|-2.384737|212.135962|17.392318|54.419439|5.452638|17.068521|0.124503|0.471278|-25.239859|21.409372|-96.305303|14.715141|25.267056|12.368011|15.705676|0.002543|nan|-97.132065
1109|32.716010|-2.363485|215.551797|20.563332|53.808097|6.006420|21.602347|0.127352|3.758268|6.279072|24.872470|-95.834781|17.682130|28.877711|12.368011|16.372800|0.003020|nan|-97.174245
1110|30.930666|-2.411854|215.513414|nan|53.128503|6.477557|16.301772|0.133558|-2.035286|-10.403646|23.449055|-95.443072|15.648576|27.538710|12.368011|16.846474|0.002692|nan|-97.212017
1111|27.717306|-2.530316|215.233985|13.021190|52.090971|6.756534|12.768054|0.140047|0.978314|-10.924958|20.661640|-95.072419|12.181532|24.704313|12.368011|17.009598|0.002135|nan|-97.230456
1112|24.664482|-2.668204|220.161977|9.715107|51.298495|6.812122|8.634272|0.138970|1.918922|-3.453496|18.026115|-94.791488|8.881174|21.868410|12.368011|16.774387|0.001605|nan|-97.253022
1113|24.067638|-2.746169|231.548429|11.030634|50.691807|6.834641|8.467587|0.142466|3.004854|-4.670254|17.817429|-94.621213|8.047750|21.713727|12.368011|16.692371|0.001470|nan|-97.270641
1114|29.061128|-2.778952|234.746057|15.063544|49.410317|7.008899|13.901510|0.148680|7.771396|-5.319274|23.236624|-94.382275|12.894934|27.511299|12.368011|17.038673|0.002236|nan|-97.299465
1115|33.858235|-2.875222|243.385669|20.210801|47.796835|7.318747|17.535238|0.157378|6.257916|5.604875|28.583674|-93.938775|20.982097|32.700793|12.368011|17.561577|0.002969|nan|-97.331472
1116|34.494625|-2.914425|283.542574|nan|46.459211|7.635929|20.935608|0.164934|4.338282|-10.655375|29.766352|-93.498970|21.382141|33.750241|12.368011|17.908536|0.003033|nan|-97.361966
1117|36.702256|-3.009609|332.107395|20.818797|45.388512|7.926063|24.302641|0.171004|6.305162|4.373217|32.516421|-92.994993|23.349021|36.218530|12.368011|18.113965|0.003349|nan|-97.395348
1118|29.211562|-3.220843|378.366747|13.047491|44.251704|8.046872|15.568359|0.174657|-1.028366|6.948737|25.571294|-92.745272|15.614848|29.142156|12.368011|18.052573|0.002106|nan|-97.417914
1119|38.844313|-3.128413|418.526409|23.438200|42.960675|8.612151|24.702684|0.183032|-1.822611|10.784849|35.844949|-92.268243|24.982532|39.473596|12.368011|18.860426|0.003610|nan|-97.459276
1120|40.152149|-3.174298|448.575082|23.945511|42.038674|8.982379|26.369532|0.189821|3.611478|15.254568|37.789013|-91.742054|30.015978|41.068518|12.368011|26.030892|0.003775|nan|-97.476531
1121|36.674090|-3.258818|471.470058|19.766772|41.203070|9.277842|24.035945|0.195472|-3.434953|7.375093|34.834903|-91.400895|24.808902|37.769575|12.368011|26.143643|0.003170|nan|-97.509398
1122|38.137428|-3.284001|500.698167|22.007632|40.328678|9.606389|25.869478|0.198449|0.210875|-0.081430|36.805944|-91.071476|25.975695|39.527724|12.368011|29.044092|0.003357|nan|-97.545506
1123|44.954924|-3.247250|528.860386|28.419005|39.177099|10.181319|32.970250|0.202732|-0.490350|-3.869768|44.190708|-90.526873|32.476402|46.812418|12.368011|29.820449|0.004399|nan|-97.541665
1124|50.732722|-3.265320|557.233071|34.092119|38.452233|10.898632|39.070912|0.206673|-0.576100|0.158204|50.602997|-89.835228|37.910325|53.252353|12.368011|30.640531|0.005269|nan|-97.530526
1125|53.035619|-3.340457|586.729467|35.902210|37.640312|11.634687|43.271369|0.210336|-0.403846|3.585351|53.616638|-89.128653|39.843869|56.101492|12.368011|31.485059|0.005578|nan|-97.512078
1126|54.329066|-3.433845|600.379525|37.356235|37.206013|12.324982|46.505054|0.176608|-1.024069|-3.326955|55.532010|-88.447065|40.743967|58.109452|12.368011|32.184842|0.005721|nan|-97.483384
1127|48.997233|-3.673071|624.391674|30.331548|36.818428|12.674452|41.637858|0.178937|-0.518031|-6.025445|50.835422|-87.958392|35.010010|53.293797|12.368011|32.301748|0.004800|nan|-97.454309
1128|59.830441|-3.719985|649.699970|41.283423|36.838987|13.538028|47.571836|0.187465|-3.558828|-12.517749|62.512686|-87.215796|45.411140|65.055327|12.368011|33.346623|0.006464|nan|-97.405738
1129|71.174649|-3.814894|667.233564|52.128347|37.010003|14.808584|59.673151|0.196390|-4.052255|-1.086770|74.860601|-86.222343|56.278988|77.574683|12.368011|39.194907|0.008202|nan|-97.326985
1330|79.058188|-3.943927|685.066887|59.185206|37.577607|16.017442|66.640574|0.209702|2.036185|-0.651024|83.894578|-85.108510|63.646455|86.663281|12.368011|40.811004|0.009846|nan|-97.225462
1331|83.877056|-4.061779|707.439913|63.849341|38.675090|17.355684|68.740803|0.223379|5.019760|-1.693081|90.006962|-83.976245|70.953586|92.977193|12.368011|42.989183|0.010554|nan|-97.197776
1332|82.227296|-4.373482|732.672446|nan|39.337924|18.440117|63.606912|0.240019|1.987815|-23.795246|89.849651|-82.968821|68.720010|93.011139|12.368011|44.162987|0.010193|nan|-97.153480
1333|73.176626|-4.876781|752.316328|51.290545|39.671087|19.128405|53.339129|0.251739|-8.731019|-9.172825|81.926896|-82.118807|56.478923|84.629685|12.368011|44.107448|0.008591|nan|-97.107701
1334|67.770756|-5.275521|778.413363|44.715316|40.772095|19.599722|51.572270|0.259141|-8.137734|-1.842726|77.468104|-81.469208|50.111564|79.977565|12.368011|43.707754|0.007680|nan|-97.088126
1335|75.295353|-5.571632|802.511407|51.735949|41.138957|20.439954|63.973619|0.265939|-12.645614|0.749126|85.940279|-80.638621|56.645608|88.374135|19.292017|44.120905|0.008888|nan|-97.107869
1336|74.351671|-6.044013|838.702502|48.954412|41.587902|21.155204|54.805955|0.276174|-17.252498|8.016871|86.184016|-79.792172|52.118727|88.146857|19.292017|44.087129|0.008571|nan|-97.132014
1337|70.073668|-6.596452|891.589200|44.985572|41.324076|21.759499|54.505922|0.282248|-21.307381|-6.602004|83.111389|-79.027384|46.784814|84.645569|21.877791|49.597741|0.007716|nan|-97.103436
1338|79.487064|-7.006819|949.354008|52.768430|41.203836|22.703325|69.274194|0.287863|-19.294742|4.849837|93.647639|-78.046053|55.119053|94.859979|21.877791|53.280721|0.009042|nan|-97.017629
1339|87.861059|-7.451958|1012.331448|60.111157|42.221845|23.781555|79.508640|0.294073|-16.347272|15.634649|103.116568|-76.998136|62.386510|103.891240|21.877791|54.051176|0.010196|nan|-97.004633
1340|89.647996|-8.030328|1073.398948|60.753480|43.567121|24.952873|78.108488|0.301392|-24.114182|14.114515|105.951620|-76.108888|63.019912|106.266224|21.877791|59.367706|0.010292|nan|-96.932704
1341|88.943845|-8.655909|1128.659583|nan|43.328563|25.948521|72.741237|0.309383|-22.094389|16.273567|106.368393|-75.091404|61.119705|106.014255|21.877791|61.208297|0.009984|nan|-96.542828
1342|83.520504|-9.415350|1183.779339|51.340192|44.321210|26.672074|62.773488|0.316870|-26.761459|30.070139|101.961893|-74.391920|53.812314|100.859146|21.877791|66.727407|0.008918|nan|-96.061435
1343|81.980686|-10.148356|1247.495238|nan|45.069062|27.304887|59.106423|0.323994|-29.755745|10.097067|101.361819|-73.934976|50.258673|99.643246|21.877791|68.694484|0.008462|nan|-95.619362
1344|80.039822|-10.807210|1305.088839|nan|45.509603|27.793326|60.606585|0.329661|-28.460821|-0.238268|100.201385|-73.631233|46.991651|97.955709|25.968764|65.103786|0.007939|nan|-95.229176
1345|77.401148|-11.567724|1353.685606|nan|45.911410|28.169916|61.173313|0.332212|-30.141904|3.263677|98.130481|-73.356176|42.991216|95.263896|26.368808|60.622940|0.007299|nan|-94.943993
1346|74.688329|-12.316236|1411.000813|nan|46.065308|28.383386|57.472912|0.333087|-30.082349|-7.384010|95.929242|-73.077158|38.890771|92.657013|26.998853|55.925349|0.006644|nan|-94.740458
1347|72.092571|-13.134992|1476.872846|nan|45.777374|28.476019|55.439357|0.332680|-30.162136|-6.884445|93.842017|-72.802650|34.890336|90.176744|26.998853|51.243657|0.006005|nan|-94.476511
1348|69.861483|-13.915045|1544.660669|nan|45.612108|28.505425|44.038119|0.335134|-33.587908|1.240792|92.095713|-72.589368|31.223271|87.860763|26.998853|46.837701|0.005954|nan|-94.210887
1349|67.946050|-14.670804|1608.929879|nan|45.845551|28.474119|50.038771|0.333754|-32.314294|5.339161|90.425641|-72.578024|27.856239|85.514593|26.736239|42.695507|0.005417|nan|-93.937637
1350|66.214609|-15.430715|1664.454462|nan|45.890082|28.379116|47.871869|0.332399|-32.713997|8.377693|88.810660|-72.750030|24.655891|83.206267|23.535891|38.700839|0.004907|nan|-93.652006
1351|64.629001|-16.286385|1712.694865|nan|45.839477|28.216519|41.037793|0.330441|-30.580675|9.107126|87.302367|-72.990093|21.588891|80.669765|20.468891|34.833957|0.005235|nan|-93.521607
1352|62.924516|-16.983891|1752.400425|nan|45.192004|28.002779|39.004238|0.327438|-30.341668|6.995718|85.619936|-73.344921|18.388543|78.000541|17.268543|30.838848|0.004947|nan|-93.289221
1353|61.763340|-17.729769|1787.410680|nan|44.514714|27.752621|42.837989|0.323824|-27.406372|0.192063|84.336991|-73.527702|16.121587|75.726962|14.601587|27.390537|0.004523|nan|-93.036931
1354|61.181039|-18.468930|1821.979757|nan|44.178882|27.478046|46.171683|0.318060|-26.064360|7.476472|83.354847|-73.994721|14.021358|73.445586|12.501358|24.528670|0.004189|nan|-92.857127
1355|61.052635|-19.113997|1851.545216|nan|43.455547|27.162372|46.438380|0.312151|-24.291207|12.131430|82.674087|-74.502917|13.074511|70.378224|10.834511|22.124600|0.003924|nan|-92.669365
1356|61.250764|-19.684779|1880.968490|nan|42.788135|26.812004|46.004999|0.307301|-18.103091|17.281304|82.261479|-74.920310|11.741032|67.959726|9.501032|20.081690|0.003712|nan|-92.425240
1357|61.515731|-20.237228|1905.726060|nan|42.350308|26.453773|39.004238|0.305566|-18.329577|25.128090|81.884437|-75.374982|10.474228|65.072332|8.234228|18.135560|0.003511|nan|-92.153224
1358|61.523675|-20.683750|1926.014978|nan|41.726145|26.172822|47.871868|0.298200|-20.664671|25.553613|80.940430|-76.031639|10.540728|62.061338|6.700728|15.954287|0.004053|nan|-91.956807
1359|61.384801|-21.072957|1945.670182|nan|40.919793|25.872108|57.072868|0.286590|-13.371838|-8.759466|79.456733|-76.856209|8.873880|59.011205|5.033880|13.671976|0.003537|nan|-91.696025
1400|61.652830|-21.434179|1958.219261|nan|40.142145|25.585299|63.173531|0.271766|-15.676729|-18.603622|78.113793|-77.726924|9.127076|56.260657|3.767076|11.822230|0.003028|nan|-91.441929
1401|61.990564|-21.772295|1966.193439|nan|39.197958|25.342393|66.240532|0.258388|-14.157177|-14.015407|76.594358|-78.616501|7.926946|52.870992|2.566946|10.071456|0.002543|nan|-91.064856
1402|62.277065|-22.134071|1974.251983|nan|38.147639|25.153661|62.740151|0.242531|-17.023664|-27.458193|74.887861|-79.364016|3.860141|49.924640|1.300141|8.285752|0.002040|nan|-90.537577
1403|63.064894|-22.346548|1978.774362|nan|36.935893|24.982487|51.972314|0.230693|-13.468508|-20.180895|73.506713|-80.378713|3.093391|47.861001|0.533391|7.031038|0.001700|nan|-89.941050
1404|64.295195|-22.459196|1981.569839|nan|35.541195|24.754307|45.304923|0.220358|-5.607589|-14.966031|72.419069|-81.664625|2.793359|45.614073|0.233359|6.272980|0.001512|nan|-89.322906
1405|65.684533|-22.646810|1980.740705|nan|33.675070|24.449993|51.738956|0.215394|2.693348|-7.800476|71.216596|-83.118194|2.693348|42.847160|0.133348|5.743745|0.001390|nan|-88.724915
1406|67.181246|-22.727600|1979.728007|nan|31.789009|24.287577|49.772075|0.211348|-7.546652|52.524524|69.842170|-84.635604|2.693348|39.218929|0.133348|5.342098|0.001305|nan|-88.186188
1407|68.552863|-22.736986|1975.114856|nan|30.014899|24.059996|44.338151|0.201816|5.633021|44.610923|68.118043|-86.046911|2.593337|36.965350|0.033337|4.866733|0.001192|nan|-87.652378
1408|69.952587|-22.703128|1969.194171|nan|28.103168|23.743511|52.639053|0.197180|10.800000|-57.242857|66.335850|-87.155622|2.560000|nan|0.000000|4.483020|0.001105|nan|-87.027838
1409|71.347579|-22.695802|1958.352584|nan|26.994029|23.394946|59.906510|0.189741|13.760000|nan|64.553294|-88.079117|2.560000|nan|0.000000|4.156300|0.001032|nan|-86.467370
1410|72.701778|-22.633666|1940.874299|nan|25.990394|23.096142|60.539912|0.181227|14.720000|nan|62.582503|-89.170864|2.560000|nan|0.000000|3.851923|0.000964|nan|-85.997653
1411|74.031767|-22.532865|1937.166564|nan|24.894513|22.869522|58.639705|0.172541|13.760000|nan|60.374868|-90.206579|2.560000|nan|0.000000|3.568601|0.000899|nan|-85.437198
1412|75.352551|-22.381088|1935.532302|nan|23.961778|22.710883|51.972314|0.165546|10.800000|nan|58.220711|-91.085238|3.760000|nan|0.000000|3.305075|0.000838|nan|-84.790807
1413|76.665007|-22.151113|1933.370493|nan|22.955744|22.577737|49.138673|0.159155|13.520000|nan|55.951243|-92.171557|3.760000|nan|0.000000|3.060131|0.000781|nan|-84.126701
1414|77.960403|-21.849757|1936.196167|nan|21.522730|22.375434|45.871651|0.151006|20.080000|nan|53.567419|-93.438130|3.760000|nan|0.000000|2.832600|0.000727|nan|-83.498878
1415|79.224492|-21.712123|1939.381384|nan|20.199399|22.106063|41.871216|0.144229|24.800000|nan|51.041169|-94.702324|3.760000|nan|0.000000|2.621361|0.000677|nan|-82.959230
1416|80.457080|-21.454202|1938.905061|nan|18.838618|21.837903|37.770771|0.138218|25.120000|nan|48.415230|-95.884349|14.560000|nan|0.000000|2.425347|0.000630|nan|-82.494131
1417|81.661167|-21.125314|1936.979013|nan|17.513472|21.543745|33.770336|0.132393|24.960000|nan|45.710707|-96.885790|14.560000|nan|0.000000|2.243546|0.000585|nan|-82.112132
1418|82.842643|-20.821290|1938.706525|nan|16.254508|21.384244|30.103271|0.125961|22.160000|nan|42.966872|-97.807016|14.560000|nan|0.000000|2.074996|0.000544|nan|-81.779747
1419|83.968741|-20.441547|1940.550338|nan|14.997269|21.073420|26.736239|0.119592|33.920000|nan|40.288706|-98.641840|14.560000|nan|0.000000|1.918792|0.000506|nan|-81.455750
1420|85.057432|-19.965227|1943.396192|nan|13.775925|20.749301|23.535891|0.113319|29.200000|nan|37.700207|-99.375981|14.560000|nan|0.000000|1.774078|0.000470|nan|-81.185260
1421|86.105931|-19.526976|1945.522090|nan|12.604244|20.491084|20.468891|0.107691|28.240000|nan|35.156260|-100.007100|14.560000|nan|0.000000|1.640053|0.000436|-329770.560000|-80.922849
1422|87.114890|-18.961306|1946.927957|nan|11.489927|20.215807|17.268543|0.104294|31.280000|nan|32.634054|-100.540761|16.320000|nan|0.000000|1.515961|0.000405|-321159.040000|-80.706368
1423|88.062678|-18.356840|1949.231856|nan|10.430555|19.833898|14.601587|0.099256|38.320000|nan|30.093490|-100.980465|21.840000|nan|0.000000|nan|0.000376|-293298.240000|-80.571797
1424|88.139161|-17.842765|1948.178100|nan|8.925337|19.349196|11.701271|0.090429|40.719913|nan|26.914514|-101.364277|21.439913|3.753741|-0.800087|0.494713|0.000096|-293298.240000|-80.659473
1425|89.775197|-17.235355|1945.671086|nan|7.613429|18.846721|10.867848|0.082453|44.993337|nan|25.391898|-101.657827|22.273337|3.769743|-0.800087|0.396364|0.000228|-293298.240000|-80.773283
1426|90.504543|-16.640830|1944.286983|nan|6.450396|18.329318|9.534369|0.068614|46.273337|nan|23.046922|-101.884776|22.273337|3.080335|-0.800087|0.305389|0.000228|-268476.800000|-80.913020
1427|88.783215|-16.058146|1943.027169|nan|5.326072|17.867120|5.867304|0.052889|38.993076|nan|18.363661|-102.102296|19.873076|0.097344|-2.366924|-1.345588|-0.000469|-268476.800000|-81.074593
1428|83.055533|-15.492773|1941.236717|-8.776924|8.245673|16.853495|-1.966881|0.012211|55.653970|nan|9.782214|-102.453943|19.572391|-7.535395|-2.366924|-2.192625|-0.002505|-219338.576705|-81.273891
1429|72.650565|-14.985222|1937.553409|-20.113386|9.302941|15.423313|-14.468239|-0.064253|61.860092|nan|-3.331704|-103.037499|8.737881|-18.507081|-2.366924|-3.163971|-0.005996|-128155.898905|-81.575405
1430|72.967773|-14.334712|1923.600309|-19.596658|12.045891|13.723014|-15.701706|-0.136497|68.934692|nan|-5.620643|-103.067121|8.771218|-19.160144|-2.366924|-4.528607|-0.006086|-128150.783306|-80.889648
1431|70.767213|-13.573677|1908.475289|-22.422305|14.755256|12.018461|-19.235423|-0.211981|75.801105|nan|-10.261772|-103.087009|9.477631|-21.821766|-2.366924|-5.568895|-0.006939|-97753.524393|-80.144721
1432|74.167304|-12.742970|1891.842867|-18.190579|16.501460|10.664251|-17.101859|-0.253789|73.920527|nan|-9.126123|-102.977941|19.918000|-18.457324|-2.366924|-5.881996|-0.006403|-97746.398246|-79.329786
1433|74.959214|-11.967798|1873.763074|nan|18.336321|9.539533|-16.968511|-0.293063|63.700625|nan|-10.262528|-102.814170|23.858098|-17.757248|-2.366924|-6.084950|-0.006261|-97737.914723|-78.501887
1434|74.862929|-11.163391|1853.305151|-18.035107|20.630848|8.508029|-17.168532|-0.333485|62.840952|nan|-11.906068|-102.614299|23.958109|-17.883509|-2.366924|-6.353316|-0.006246|-97727.904183|-77.723993
1435|75.482254|-10.303064|1829.444243|nan|23.021852|7.426905|-16.335108|-0.328113|74.574387|nan|-12.562493|-102.363579|24.891544|-17.051419|-2.366924|-6.515751|-0.006100|-71388.640882|-77.000920
1436|83.208467|-9.342269|1811.226703|-8.208789|23.886791|6.822538|-8.200891|-0.291844|69.027024|nan|-5.660105|-102.270050|33.025761|-8.679268|-2.366924|-5.824294|-0.004814|-71379.716044|-76.917926
1437|95.359740|-8.321739|1781.028475|4.452934|23.830043|6.709527|4.333804|-0.325325|74.060467|nan|6.064434|-101.874276|58.620467|4.413813|-2.366924|-4.627920|-0.002817|-71370.791207|-76.852341
1438|95.706578|-7.411505|1751.421842|4.602515|24.226972|6.348288|5.233902|-0.332922|87.074218|-84.066098|6.077303|-101.473606|67.473902|5.470346|-2.366924|-3.820564|-0.002669|-60227.286150|-76.847875
1439|91.904081|-6.555692|1721.513687|1.499280|24.886176|5.705351|2.133565|-0.307534|89.974197|-86.390794|1.995009|-101.173068|64.373565|2.497109|-2.366924|-3.326609|-0.003159|-49086.434289|-76.893660
1440|94.512025|-5.660163|1698.397588|5.774759|24.951922|5.178688|5.567272|-0.307534|93.407272|-95.091061|4.645175|-100.801773|67.807272|6.302019|-2.366924|-2.621749|-0.002616|41996.321760|-76.893281
1441|95.277788|-4.849353|1676.709816|nan|25.116955|4.653706|7.267456|-0.307534|92.227456|-97.249210|5.633345|-100.417870|69.507456|8.291567|-2.366924|-2.068191|-0.002348|71334.472088|-76.835489
1442|94.281569|-4.091429|1649.950979|nan|25.310136|4.187524|7.300793|-0.307534|86.900793|-56.850397|5.020060|-100.037197|69.540793|8.616936|-2.366924|5.028029|-0.002342|98138.247028|-76.740655
1443|93.993015|-3.373352|1609.695570|nan|25.570564|3.734947|8.134217|-0.307534|86.294217|-57.175307|5.425484|-99.159867|70.374217|9.775729|-2.366924|5.354362|-0.002211|154784.618904|-76.627300
1444|92.790590|-2.710678|1585.521291|nan|24.671232|3.294484|8.134217|-0.307534|81.974217|-61.049116|5.201161|-98.268285|77.494217|10.101097|-2.366924|5.596777|-0.002211|159332.123084|-76.566916
1445|91.515379|-2.103408|1569.516521|nan|23.869582|2.883278|8.134217|-0.307534|78.294217|-62.482449|5.172779|-97.390373|77.494217|10.426466|-2.366924|5.770778|-0.002211|159332.400007|-76.557276
1446|90.177491|-1.545913|1547.840559|nan|23.151048|2.507624|8.134217|-0.307534|75.174217|-21.874116|5.250458|-96.523940|77.894217|10.751835|-2.366924|5.889285|-0.002211|171477.077805|-76.552083
1447|88.786068|-1.034934|1520.012812|nan|22.503307|2.170139|8.134217|-0.307534|72.134217|0.167551|5.361344|-95.667145|76.854217|11.077203|-2.366924|5.963043|-0.002211|174016.520432|-76.568742
1448|87.343035|-0.585940|1498.055544|nan|21.916042|1.869218|8.134217|-0.307534|68.614217|-2.274116|5.525738|-94.818432|74.054217|11.402572|-2.366924|6.000978|-0.002211|201857.169236|-76.499467
1449|85.823144|-0.194629|1488.121465|nan|21.379381|1.602903|8.100880|-0.307534|65.460880|-5.474761|5.680253|-94.386549|71.220880|11.694604|-2.366924|6.010483|-0.002216|213517.160454|-76.542390
1450|84.297214|0.135690|1482.457256|nan|20.887565|1.372223|8.100880|-0.307534|62.420880|2.859213|5.881310|-94.011267|68.180880|12.018639|-2.366924|5.997670|-0.002216|213542.758671|-76.596796
1451|82.738833|0.419793|1478.515069|nan|20.434656|1.177878|8.100880|-0.307534|58.900880|3.709213|6.090705|-93.640726|64.740880|12.342674|-2.366924|5.967577|-0.002216|270250.475601|-76.609345
1452|81.051080|0.673089|1469.737510|nan|20.012260|1.023030|8.000869|-0.307534|55.200869|4.534202|6.206507|-93.280078|61.200869|12.566698|-2.366924|7.191149|-0.002232|291543.096269|-76.659289
1453|79.073243|0.886981|1456.600586|nan|19.607703|0.896646|7.634163|-0.270518|51.312581|4.425830|6.060247|-92.952231|57.314163|12.524028|-2.366924|7.138163|-0.002289|299174.331442|-76.808995
1454|76.607526|1.057663|1443.513757|nan|19.203630|0.783530|6.000652|-0.243024|46.958523|-17.955058|5.450565|-92.678584|52.960739|12.514639|-2.366924|7.078187|-0.002421|331615.415409|-77.083618
1455|74.089325|1.187755|1436.037825|nan|18.798505|0.677670|5.967315|-0.222223|42.650491|-30.141022|4.796883|-92.921892|48.653978|11.971913|-2.366924|7.380167|-0.002557|352922.196906|-78.369161
1456|71.426802|1.273300|1436.965855|nan|18.388043|0.572818|4.967206|-0.204737|38.050382|-62.238680|3.998045|-93.230600|44.053869|11.629172|-2.366924|6.312389|-0.002715|381319.200000|-79.745680
1457|68.851187|1.313162|1428.076838|nan|17.975399|0.470843|1.666848|-0.189122|34.031239|-62.763777|3.287292|-93.566594|40.033772|11.136444|4.033772|5.343124|-0.002857|399079.222884|-81.068489
1458|64.654019|1.288986|1417.892429|0.875806|17.759541|0.296179|-7.134109|-0.175328|30.251283|-46.641500|1.079024|-93.969855|34.253500|8.678571|4.033772|5.119757|-0.003252|430508.747252|-82.525808
1459|62.083716|1.238008|1411.430410|1.351210|17.806142|0.199175|-18.835380|-0.141692|24.103888|-50.716594|0.635181|-94.370153|30.106739|8.225421|0.666739|1.719255|-0.003388|436104.258437|-84.104690
