859|nan|nan|nan|nan|nan|nan|nan|nan|nan|nan|nan|nan|nan|nan|nan|nan|nan|nan|nan
900|nan|nan|nan|nan|nan|nan|nan|nan|nan|nan|nan|nan|nan|nan|nan|nan|nan|nan|nan
901|nan|nan|nan|nan|nan|nan|nan|nan|nan|nan|nan|nan|nan|nan|nan|nan|nan|nan|nan
902|nan|nan|nan|nan|nan|nan|nan|nan|nan|nan|nan|nan|nan|nan|nan|nan|nan|nan|nan
903|nan|nan|nan|nan|nan|nan|nan|nan|nan|nan|nan|nan|nan|nan|nan|nan|nan|nan|nan
904|nan|nan|nan|nan|nan|nan|nan|nan|nan|nan|nan|nan|nan|nan|nan|nan|nan|nan|nan
905|nan|nan|nan|nan|nan|nan|nan|nan|nan|nan|nan|nan|nan|nan|nan|nan|nan|nan|nan
906|nan|nan|nan|nan|nan|nan|nan|nan|nan|nan|nan|nan|nan|nan|nan|nan|nan|nan|nan
907|nan|nan|nan|nan|nan|nan|nan|nan|nan|nan|nan|nan|nan|nan|nan|nan|nan|nan|nan
908|nan|nan|nan|nan|nan|nan|nan|nan|nan|nan|nan|nan|nan|nan|nan|nan|nan|nan|nan
909|nan|nan|nan|nan|nan|nan|nan|nan|nan|nan|nan|nan|nan|nan|nan|nan|nan|nan|nan
910|nan|nan|nan|nan|nan|nan|nan|nan|nan|nan|nan|nan|nan|nan|nan|nan|nan|nan|nan
911|nan|nan|nan|nan|nan|nan|nan|nan|nan|nan|nan|nan|nan|nan|nan|nan|nan|nan|nan
912|nan|nan|nan|nan|nan|nan|nan|nan|nan|nan|nan|nan|nan|nan|nan|nan|nan|nan|nan
913|nan|nan|nan|nan|nan|nan|nan|nan|nan|nan|nan|nan|nan|nan|nan|nan|nan|nan|nan
914|nan|nan|nan|nan|nan|nan|nan|nan|nan|nan|nan|nan|nan|nan|nan|nan|nan|nan|nan
915|nan|nan|nan|nan|nan|nan|nan|nan|nan|nan|nan|nan|nan|nan|nan|nan|nan|nan|nan
916|nan|nan|nan|nan|nan|nan|nan|nan|nan|nan|nan|nan|nan|nan|nan|nan|nan|nan|nan
917|nan|nan|nan|nan|nan|nan|nan|nan|nan|nan|nan|nan|nan|nan|nan|nan|nan|nan|nan
918|nan|nan|nan|nan|nan|nan|nan|nan|nan|nan|nan|nan|nan|nan|nan|nan|nan|nan|nan
919|nan|nan|nan|nan|nan|nan|nan|nan|nan|nan|nan|nan|nan|nan|nan|nan|nan|nan|nan
920|nan|nan|nan|nan|nan|nan|nan|nan|nan|nan|nan|nan|nan|nan|nan|nan|nan|nan|nan
921|nan|nan|nan|nan|nan|nan|nan|nan|nan|nan|nan|nan|nan|nan|nan|nan|nan|nan|nan
922|nan|nan|nan|nan|nan|nan|nan|nan|nan|nan|nan|nan|nan|nan|nan|nan|nan|nan|nan
923|nan|nan|nan|nan|nan|nan|nan|nan|nan|nan|nan|nan|nan|nan|nan|nan|nan|nan|nan
924|nan|nan|nan|nan|nan|nan|nan|nan|nan|nan|nan|nan|nan|17.849395|nan|54.241791|nan|nan|nan
925|nan|nan|nan|nan|nan|nan|nan|nan|nan|nan|nan|nan|nan|17.002961|nan|54.566982|nan|nan|nan
926|nan|nan|nan|nan|nan|nan|nan|nan|nan|nan|nan|nan|nan|-3.866236|nan|50.105408|nan|nan|nan
927|nan|nan|nan|nan|nan|nan|nan|nan|nan|nan|nan|nan|nan|9.523257|nan|48.393482|nan|nan|nan
928|nan|nan|nan|nan|nan|nan|nan|nan|nan|nan|nan|nan|nan|7.336740|49.627998|48.332934|nan|nan|nan
929|nan|nan|nan|nan|nan|nan|nan|nan|nan|nan|nan|nan|nan|-20.791595|45.674889|44.040166|nan|nan|nan
930|nan|nan|nan|nan|nan|nan|nan|nan|nan|nan|nan|nan|nan|-7.815756|45.674889|43.948063|nan|nan|nan
931|nan|nan|nan|nan|nan|nan|nan|nan|nan|nan|nan|nan|nan|-7.476760|45.674889|43.742714|nan|nan|nan
932|nan|nan|nan|nan|nan|nan|nan|nan|nan|nan|nan|nan|nan|-12.718805|45.674889|43.605189|nan|nan|nan
933|nan|nan|nan|nan|54.400697|nan|nan|nan|nan|nan|nan|nan|nan|1.016555|45.674889|43.676113|nan|nan|nan
934|nan|nan|nan|nan|54.879007|nan|nan|nan|nan|nan|nan|nan|nan|15.887432|45.674889|43.909009|nan|nan|nan
935|nan|nan|nan|nan|54.677661|nan|nan|nan|nan|-6.312452|nan|nan|nan|7.758167|45.674889|43.957968|nan|nan|nan
936|nan|nan|nan|nan|54.290190|nan|nan|nan|nan|0.461625|nan|nan|nan|15.911556|45.674889|44.170373|nan|nan|nan
937|nan|nan|nan|nan|54.479747|nan|nan|nan|nan|-8.534574|nan|nan|nan|0.421602|45.674889|44.046388|nan|nan|nan
938|nan|nan|nan|nan|53.661533|nan|nan|nan|nan|-26.333404|nan|nan|nan|8.372742|42.398432|41.000055|nan|nan|nan
939|nan|nan|nan|nan|53.714072|nan|nan|nan|nan|-24.878777|nan|nan|nan|-2.571192|42.398432|40.888653|nan|nan|nan
940|nan|nan|nan|nan|53.570456|nan|nan|nan|nan|-39.305876|nan|nan|nan|-17.379772|42.398432|40.665662|nan|nan|nan
941|nan|nan|nan|nan|53.066337|nan|nan|nan|nan|-57.117319|nan|nan|nan|-35.947164|42.398432|40.358152|nan|nan|nan
942|nan|nan|nan|nan|52.100099|nan|nan|nan|nan|-62.741059|nan|nan|nan|-34.763120|34.067515|31.965041|nan|nan|nan
943|nan|-14.425076|nan|nan|51.389503|nan|nan|nan|nan|-32.755192|nan|nan|nan|-20.354629|34.067515|32.095190|-0.012067|nan|nan
944|nan|-15.349774|nan|nan|51.310167|nan|nan|nan|nan|-39.554865|nan|nan|nan|-19.769249|34.067515|32.066341|-0.011949|nan|nan
945|nan|-16.818597|nan|nan|50.913993|nan|nan|nan|nan|-28.848335|nan|nan|nan|-26.982122|34.067515|32.067490|-0.013073|nan|nan
946|nan|-17.183530|nan|nan|50.557213|nan|nan|nan|nan|-7.591476|nan|nan|nan|-16.115038|34.067515|32.245903|-0.011241|nan|nan
947|nan|-16.564911|nan|nan|50.695967|nan|nan|nan|nan|0.190344|nan|nan|nan|-5.065202|34.067515|32.406812|-0.009439|nan|nan
948|nan|-15.343619|nan|nan|50.798290|nan|nan|nan|nan|22.039520|nan|nan|nan|5.678713|34.067515|32.705992|-0.007725|nan|nan
949|nan|-14.694475|nan|-9.314685|51.059815|nan|nan|nan|nan|6.140738|nan|nan|nan|-1.729088|34.067515|32.801938|-0.008819|nan|nan
950|nan|-14.927414|nan|-24.501161|51.515170|nan|nan|nan|nan|0.708833|nan|nan|nan|-18.573386|34.067515|32.584163|-0.011303|nan|nan
951|nan|-15.675933|nan|-35.826351|51.996204|nan|nan|nan|nan|-10.728903|nan|nan|nan|-30.514658|34.067515|32.277774|-0.013107|nan|nan
952|nan|-16.740646|nan|-40.924396|51.086951|nan|nan|nan|nan|-25.961583|nan|nan|nan|-36.395230|25.188418|23.334395|-0.014054|nan|nan
953|nan|-16.622163|nan|-20.177554|50.557343|nan|-23.808143|nan|nan|-6.574300|nan|nan|nan|-16.353260|25.188418|23.459973|-0.010713|nan|nan
954|nan|-15.858358|nan|-5.360133|49.645425|nan|7.254043|nan|nan|-0.149655|nan|nan|nan|-2.011805|22.619393|21.163334|-0.008407|nan|nan
955|nan|-14.566511|nan|8.930938|48.777926|nan|18.042108|nan|nan|-0.616007|nan|nan|nan|12.545411|22.619393|21.547163|-0.006131|nan|nan
956|nan|-13.711085|nan|-0.652246|48.572962|nan|-13.020078|nan|nan|-5.187479|nan|nan|nan|3.181347|22.619393|21.551955|-0.007520|nan|nan
957|nan|-13.283009|nan|nan|48.128089|nan|-9.486057|nan|nan|-14.329437|nan|nan|nan|-5.611290|22.619393|21.568330|-0.008910|nan|nan
958|nan|-12.671706|nan|nan|47.865564|nan|-6.138037|nan|nan|-8.135404|nan|nan|nan|-0.410698|22.619393|21.593559|-0.008053|nan|nan
959|nan|-11.937006|nan|nan|47.168360|-13.257313|-29.202176|0.023193|nan|-2.619370|nan|nan|nan|5.303255|22.619393|21.779251|-0.007137|nan|nan
1000|nan|-11.274961|nan|nan|46.380471|-12.769244|-15.624094|0.043172|nan|-11.598320|nan|nan|nan|6.038324|22.619393|21.934230|-0.007018|nan|nan
1001|nan|-10.332120|nan|13.408233|45.674448|-12.001566|-5.394033|0.026784|nan|-10.729901|nan|-108.850375|nan|16.665700|22.619393|22.217234|-0.005422|nan|nan
1002|nan|-8.425655|nan|44.540961|45.820464|-10.392836|20.832125|0.178629|nan|24.514562|nan|-107.544711|nan|49.765969|22.619393|22.750730|-0.000424|nan|nan
1003|nan|-6.319927|nan|57.482539|45.636226|-8.530757|46.686281|0.499465|nan|20.173681|nan|-105.808713|nan|64.697160|22.619393|23.319717|0.001586|nan|nan
1004|nan|-4.577729|nan|50.207909|46.042350|-6.995286|55.800335|0.524150|nan|34.952114|nan|-103.451664|nan|60.508904|22.619393|23.601999|0.000610|nan|nan
1005|nan|-2.633178|nan|62.410794|46.300617|-5.184267|58.962354|0.562701|nan|40.619743|nan|-101.163284|nan|74.401964|22.619393|24.118543|0.002414|nan|nan
1006|nan|-1.207668|nan|49.541206|46.564446|-3.883911|55.242332|0.530017|nan|21.837495|nan|-99.286082|nan|64.295104|22.619393|24.196564|0.000463|nan|nan
1007|nan|-0.044457|nan|nan|46.775920|-2.826127|32.550196|0.506716|nan|12.871218|nan|-97.546508|nan|59.324273|22.619393|24.238839|-0.000720|nan|nan
1008|nan|0.711372|nan|nan|46.602114|-2.073898|29.202176|0.487513|nan|4.794484|nan|-96.496819|nan|50.233420|22.619393|24.252693|-0.002493|nan|nan
1009|nan|0.895996|nan|10.943683|46.379587|-1.896720|-0.744005|0.435161|nan|-1.529968|nan|-96.450794|nan|32.486514|22.619393|23.972864|-0.005626|nan|nan
1010|nan|1.081927|nan|nan|46.329798|-1.752863|-16.926102|0.392484|nan|-10.848248|nan|-96.256905|nan|33.367719|22.619393|28.174331|-0.005863|nan|nan
1011|nan|1.318861|nan|13.985536|46.167697|-1.486402|-31.806192|0.366455|nan|-2.816253|nan|-96.173249|nan|39.382554|22.619393|28.110621|-0.005331|nan|nan
1012|nan|1.387852|nan|nan|45.932871|-1.395745|-35.712215|0.331652|nan|4.685086|nan|-95.763506|nan|36.355338|22.619393|27.895287|-0.006188|nan|nan
1013|nan|1.567781|nan|12.676406|45.944493|-1.166993|-16.926101|0.316397|nan|18.040714|nan|-95.464594|nan|42.999298|22.619393|27.871767|-0.005537|nan|nan
1014|nan|2.328358|nan|38.233766|45.755122|-0.342874|9.672058|0.327321|nan|29.508117|nan|-94.179043|nan|71.605388|22.619393|28.152188|-0.001429|nan|nan
1030|nan|3.446420|nan|57.755758|46.147639|0.908255|22.134133|0.345958|nan|54.412441|nan|-91.972380|nan|93.701439|22.619393|28.666691|0.001674|nan|nan
1031|nan|4.672134|nan|nan|47.188341|2.246465|42.780257|0.363572|nan|48.470451|nan|-88.998316|nan|105.584453|22.619393|44.020526|0.003122|nan|nan
1032|nan|6.217197|nan|84.333751|48.926080|3.924157|71.238428|0.399404|nan|59.034762|nan|-85.620755|nan|126.419228|22.619393|44.604953|0.005839|nan|nan
1033|64.097908|7.236134|nan|64.589253|50.546547|5.050907|63.240380|0.413311|nan|48.251294|nan|-83.182000|nan|110.951942|22.619393|44.723974|0.002855|nan|nan
1034|33.360316|7.604184|nan|33.630205|51.514372|5.460742|25.296152|0.404572|nan|15.402490|nan|-81.620210|nan|82.971402|22.619393|44.478074|-0.002078|nan|nan
1035|17.477729|7.667925|nan|nan|52.242558|5.578742|-6.324038|0.393532|nan|6.878726|nan|-80.309783|nan|69.905191|22.619393|44.257751|-0.004619|nan|nan
1036|10.703665|7.563162|nan|nan|52.778328|5.575711|-24.552148|0.379011|nan|6.929621|nan|-79.496197|nan|65.953035|22.619393|44.060010|-0.005712|nan|nan
1037|-5.304854|7.395384|nan|-5.731604|53.030612|5.198099|-46.500279|0.364469|nan|-16.466475|nan|-79.447042|nan|52.992884|22.619393|43.574557|-0.008252|nan|nan
1038|-11.663643|7.074555|nan|nan|53.299801|4.877829|-31.806191|0.352603|nan|-18.014871|nan|-79.937623|nan|49.682064|22.619393|43.177819|-0.009256|nan|nan
1039|-31.161950|6.498164|nan|-30.923503|53.425220|3.875857|-36.642220|0.352603|nan|-24.435682|nan|-80.755321|nan|33.078439|22.655764|42.547375|-0.012328|nan|nan
1040|-36.540425|6.152973|nan|-35.184867|52.973328|2.946088|-27.528166|0.387746|nan|-17.309588|nan|-81.235015|nan|30.974534|27.119791|42.203392|-0.013155|nan|nan
1041|-41.345925|6.053311|nan|-41.270773|52.601993|2.286601|-40.920246|0.289787|nan|-6.879013|nan|-81.508170|nan|29.068254|27.119791|41.779532|-0.013671|nan|nan
1042|-44.689071|5.947848|nan|nan|53.260367|1.407950|-52.824318|0.250436|nan|5.553754|nan|-81.706418|nan|26.641171|27.119791|41.452144|-0.013811|nan|nan
1043|-47.267323|5.531449|nan|nan|53.569690|0.557032|-49.848299|0.219622|nan|0.004263|nan|-82.581088|nan|23.118774|27.119791|43.894724|-0.014600|nan|-97.652773
1044|-40.869058|5.229346|nan|-38.858176|54.426774|0.325028|-37.572226|0.193434|nan|-0.042244|nan|-83.671151|nan|27.975494|27.119791|43.711380|-0.013566|nan|-98.267419
1045|-29.599397|5.350618|nan|nan|55.346312|0.148796|-25.482153|0.184591|nan|0.089186|nan|-84.849829|nan|37.457368|27.119791|43.734678|-0.011765|nan|-98.675230
1046|-50.322958|4.840567|nan|-49.165461|55.631340|-0.526491|-36.084217|0.153381|nan|-4.864590|-45.210306|-86.313399|nan|13.723873|42.090073|43.303718|-0.015611|nan|-99.338300
1047|-43.492719|4.303585|nan|-41.664843|55.870450|-0.848814|2.232013|0.112024|nan|-13.255697|-39.891587|-87.282434|nan|18.000429|41.297080|39.808548|-0.014518|nan|-99.882795
1048|-32.748899|3.756221|nan|nan|56.253016|-1.196323|25.668154|0.036059|nan|-2.967633|-30.550690|-88.096871|nan|25.172632|41.297080|39.817232|-0.012805|nan|-100.289006
1049|-27.590191|3.441589|nan|nan|57.027412|-1.698816|24.738148|-0.022456|nan|-6.855770|-26.210383|-88.928752|nan|26.937415|41.297080|39.841528|-0.011977|nan|-100.626879
1050|-31.538263|3.303424|nan|nan|57.667000|-2.119985|32.178193|-0.091448|nan|-18.197904|-31.129383|-89.885286|nan|19.588145|41.297080|39.877730|-0.012598|nan|-100.993286
1051|-26.180314|3.478556|102.137113|nan|58.341209|-2.531478|25.296152|-0.112282|-23.511830|-21.243815|-26.196654|-90.986509|-27.752148|21.598449|41.297080|40.076649|-0.011741|nan|-101.283467
1052|-25.643940|3.826692|42.400842|-24.726992|58.479135|-2.738897|18.414111|-0.154377|-24.633826|-17.025112|-26.001732|-92.957267|-30.874144|18.628380|41.297080|40.092615|-0.011653|nan|-101.566959
1053|-33.865423|3.613186|0.808946|-32.914160|58.595805|-3.261740|-0.930005|-0.187954|-26.577240|-33.063662|-34.566083|-95.495487|-39.058193|6.916256|41.297080|39.965493|-0.012953|nan|-101.942841
1054|-31.656896|3.185671|-69.092182|-29.188786|58.386657|-3.507154|-18.414111|-0.193304|-30.184910|-35.363487|-32.440851|-97.740638|-36.826180|5.703528|41.297080|40.035807|-0.012599|nan|-102.214422
1055|-28.498914|2.522821|-127.216776|nan|58.265126|-3.453135|-16.740101|-0.195659|-28.782257|-15.393136|-29.351798|-100.142524|-34.784161|5.440142|41.297080|40.105653|-0.012097|nan|-102.374349
1056|-29.231524|1.955955|-168.622744|-28.222475|58.129949|-3.161377|-14.136085|-0.205369|-29.525944|-21.285975|-30.243235|-102.183949|-37.208165|0.822836|41.297080|40.020461|-0.012217|nan|-102.486031
1057|-10.972204|1.986760|-201.609239|-8.779903|58.229556|-2.470713|-1.302008|-0.201241|-12.897837|0.988833|-12.058727|-103.457614|-18.980056|15.368800|41.297080|40.276721|-0.009322|nan|-102.280084
1058|15.122122|2.386076|-238.960450|17.163402|58.781156|-1.494985|28.830174|-0.213994|11.301053|25.662323|13.953456|-103.724902|7.060101|38.720440|41.297080|40.796644|-0.005184|nan|-102.123840
1059|34.738599|3.051145|-268.128534|37.074579|59.244253|-0.186080|74.214446|-0.239179|27.230218|32.159107|33.411563|-102.909590|26.590218|56.480331|41.297080|41.362507|-0.002080|nan|-102.034083
1100|26.280721|3.509638|-295.776759|27.356988|59.778741|0.946770|85.188512|-0.270546|22.914802|30.039167|24.600601|-102.321182|18.034167|46.169926|41.297080|41.496015|-0.003440|nan|-101.965574
1101|26.945832|3.847717|-333.300656|28.975432|60.115842|1.935206|94.860570|-0.334068|23.872487|29.897170|24.850377|-101.846367|18.592170|44.949764|41.297080|41.751786|-0.003352|nan|-101.916163
1102|13.654759|3.282385|-366.975215|14.534502|60.563885|2.377254|98.580592|-0.366712|14.400407|16.115559|11.006064|-101.602718|5.200089|29.493806|41.297080|50.789258|-0.005480|nan|-101.847653
1103|5.181819|2.376998|-395.730191|5.655656|61.434936|2.442253|71.238428|-0.387427|9.844673|4.132371|2.017996|-101.702344|-3.355962|19.040543|41.297080|50.542877|-0.006840|nan|-101.766180
1104|5.261668|1.588205|-424.744266|7.026447|61.680991|2.687680|40.176241|-0.397185|5.603720|0.310434|1.687281|-102.555190|-3.355962|17.143332|41.297080|50.503159|-0.006840|nan|-101.722853
1105|31.965391|1.163169|-430.775267|33.246261|60.749467|3.799557|50.778305|-0.380885|21.961245|-0.938516|28.035424|-103.218028|23.242198|42.844281|32.922198|33.407367|-0.002613|nan|-101.702390
1106|26.133938|0.718185|-405.168441|26.333986|60.151028|4.858894|37.944228|-0.377448|17.529526|-10.587897|21.818686|-104.301670|17.850162|34.495033|32.922198|33.429683|-0.003558|nan|-101.685977
1107|11.375315|0.181749|-356.802031|11.421295|59.196719|5.707212|7.068043|-0.382495|6.249755|-14.791537|6.676456|-106.262251|2.970073|18.469177|32.922198|33.287261|-0.005923|nan|-101.695792
1108|-3.021798|-0.393721|-319.598048|-3.059417|58.342431|5.913463|-13.764083|-0.399173|-4.818015|-24.159681|-8.066074|-108.051645|-11.538015|3.891143|32.922198|33.017854|-0.008228|nan|-101.695792
1109|5.641082|-0.437214|-282.575144|6.467548|57.086354|6.144894|-24.552147|-0.383523|1.257401|-8.928630|0.464908|-108.679217|-2.981963|13.549839|32.922198|33.113990|-0.006868|nan|-101.676754
1110|9.830932|-0.430926|-261.770538|nan|56.386130|6.197876|-25.668155|-0.424105|7.029743|-4.653272|4.587218|-108.703970|1.110061|18.186455|32.922198|33.186809|-0.006218|nan|-101.665567
1111|8.442520|-0.487849|-251.387042|nan|55.830556|6.364780|-31.806191|-0.342500|1.300781|1.557914|3.189819|-108.657564|-0.377947|18.216216|32.922198|33.240553|-0.006454|nan|-101.694175
1112|16.173931|-0.312176|-241.344265|17.020999|54.973541|6.852894|-27.342165|-0.306820|7.087144|-12.576059|11.014697|-107.989243|7.248098|28.446325|32.922198|33.432610|-0.005242|nan|-101.731219
1113|6.044294|-0.416942|-202.072112|5.810589|55.074286|6.955456|-39.990240|-0.286317|1.097719|-5.852547|0.977122|-107.439496|-2.981963|19.864038|32.922198|33.268886|-0.006867|nan|-101.742438
1114|18.792721|-0.689681|-170.236435|19.137710|54.405386|7.289461|-20.832125|-0.253130|11.905159|3.546657|13.924458|-106.003768|9.666113|35.270609|32.922198|33.444596|-0.004858|nan|-101.754243
1115|21.868584|-1.312053|-155.224835|nan|54.231363|7.645947|-6.510039|-0.238242|15.121177|25.012093|17.187420|-104.348484|12.642131|40.367039|32.922198|33.575656|-0.004385|nan|-101.783761
1116|29.407615|-1.994593|-154.177066|29.986902|53.564501|8.000596|-19.716118|-0.187864|22.561223|18.392119|25.060211|-102.358162|22.002176|49.957257|29.202176|30.104112|-0.003203|nan|-101.813280
1117|27.636980|-3.041990|-161.814063|nan|52.937838|7.778139|-14.694089|-0.155154|25.180893|18.846355|23.633043|-100.364307|22.062164|50.225098|27.342164|28.427504|-0.003498|nan|-101.842798
1118|43.341953|-3.430030|-161.239007|43.640236|53.236262|7.640335|11.718070|-0.121756|41.524350|23.187226|39.715382|-97.893250|38.006258|68.641894|27.342164|28.711757|-0.001016|nan|-101.897968
1119|31.511236|-3.502460|-138.143345|30.384794|53.430782|7.324172|5.022030|-0.071661|30.180916|17.416489|28.250285|-95.976936|26.102187|59.416239|27.342164|28.763722|-0.002907|nan|-101.989865
1120|37.897986|-3.069907|-120.113836|38.042774|53.345946|6.965652|7.440045|-0.010781|39.064636|23.382193|34.999921|-94.247712|32.426225|68.418693|27.342164|28.941333|-0.001902|nan|-102.133091
1121|16.933287|-2.958451|-110.944420|15.684649|53.551494|6.330603|-8.184050|0.002395|18.286826|6.777995|14.317940|-92.547629|11.568098|49.793267|27.342164|28.753442|-0.005240|nan|-102.311004
1122|6.190553|-2.759804|-56.745294|nan|53.747937|5.643115|-18.414110|0.036161|7.659398|7.121413|3.912085|-91.370222|1.180034|41.333952|27.342164|28.589985|-0.006953|nan|-102.546248
1123|-3.260975|-2.620516|-13.132953|-4.623236|54.064085|4.933036|-36.084216|0.058565|0.254295|-6.466886|-5.137331|-90.707382|-6.066023|32.396941|27.342164|28.293701|-0.008460|nan|-102.658906
1124|-16.066195|-2.374274|38.399703|-17.375525|54.357296|4.298604|-46.686281|0.061010|-14.179149|-1.854348|-17.592251|-90.526820|-18.580101|19.330705|27.342164|27.897177|-0.010499|nan|-102.686737
1125|-24.229924|-2.095374|93.598853|-25.629551|55.017918|3.523616|-51.708311|0.042362|-20.043515|-2.113398|-25.398175|-90.453023|-24.604150|11.081163|27.342164|27.427052|-0.011799|nan|-102.701605
1126|-49.895708|-2.270865|151.408734|-51.193021|55.052791|2.190431|-78.120469|0.016504|-39.470716|-22.483971|-50.803454|-91.215077|-48.192304|-14.152482|27.342164|26.751157|-0.015982|nan|-102.681186
1127|-39.296248|-2.108862|179.723687|-39.683408|54.408666|1.285755|-49.290296|-0.043782|-34.469922|-17.385402|-39.971087|-91.691572|-37.590240|-3.157576|27.342164|26.537925|-0.014298|nan|-102.684898
1128|-24.981015|-1.663127|223.873814|-25.042811|53.788001|0.631258|-8.928053|-0.017295|-19.828472|-5.514122|-25.436402|-91.552365|-23.268154|11.584150|27.342164|26.534741|-0.012023|nan|-102.723916
1129|-29.093537|-1.477982|235.856948|-30.380996|53.580873|-0.565801|6.510039|-0.057452|-17.599861|-9.181147|-29.470040|-91.577522|-27.360179|7.536765|27.342164|26.387963|-0.012673|nan|-102.736965
1330|-63.183583|-2.178777|252.587853|-63.948481|53.048805|-2.853284|-36.084216|-0.080168|-39.555843|-25.842836|-63.588025|-92.603289|-61.398383|-27.897524|27.342164|25.669228|-0.020342|nan|-102.662332
1331|-64.746954|-2.476148|250.540613|-64.662114|51.965291|-5.201417|-37.014222|-0.081190|-42.724804|-25.898172|-65.170257|-93.651670|-62.886392|-30.613140|24.713608|22.652937|-0.020869|nan|-102.326724
1332|-53.313399|-2.625735|245.748561|nan|50.879913|-7.544792|-38.874234|-0.125336|-29.113370|-19.612657|-53.743272|-94.916432|-51.354323|-20.488121|24.713608|22.528323|-0.019038|nan|-101.790657
1333|-29.405692|-2.541757|248.142491|-29.435680|49.743944|-9.039723|-23.436141|-0.133295|-13.200179|-16.133567|-29.806355|-96.274229|-27.360179|1.685611|24.713608|22.764546|-0.015226|nan|-101.403043
1334|-37.324516|-2.780747|242.494677|-37.897229|49.017199|-10.255829|-31.248188|-0.150730|-21.090955|-31.147227|-37.712943|-98.420466|-35.092226|-8.540290|24.713608|22.664424|-0.016468|nan|-101.028970
1335|-35.762986|-2.848222|246.843980|-35.246446|48.005632|-11.102111|-2.976018|-0.187888|-21.577263|-33.545797|-36.099964|-100.297885|-33.098216|-9.309894|24.713608|22.764320|-0.016202|nan|-100.821285
1336|-38.676993|-3.076164|250.611877|-39.337096|47.591797|-11.928302|-11.718071|-0.211862|-22.686962|-34.629899|-38.935780|-102.191962|-35.888233|-14.543525|24.713608|22.711567|-0.016647|nan|-100.695544
1337|-23.165081|-3.015804|248.986433|-22.739826|46.792406|-12.103143|-10.974066|-0.211063|-15.463186|-23.017539|-23.152828|-103.216771|-20.344139|-0.958885|24.713608|23.001749|-0.014165|nan|-100.563775
1338|-17.503718|-2.757190|217.932409|-16.641580|45.902923|-12.085969|-19.716119|-0.210678|-10.017786|-4.757195|-17.129329|-103.842947|-14.738104|2.698338|24.713608|23.248659|-0.013249|nan|-100.140516
1339|-6.977310|-2.291077|172.638161|-6.062164|45.496588|-11.524913|-0.558003|-0.210989|-5.975405|-3.846040|-6.337059|-104.156077|-8.296040|12.015672|24.713608|23.612694|-0.011564|nan|-99.784738
1340|-5.551402|-1.874558|127.578982|-5.832018|46.110796|-10.927402|5.022030|-0.216172|-0.647078|-9.440460|-4.810459|-105.190383|-6.808031|11.916554|24.713608|23.756212|-0.011328|nan|-99.659882
1341|-3.738054|-1.421364|96.946945|-2.726426|45.702108|-10.175199|5.394033|-0.216773|-2.787068|-20.095331|-2.902898|-106.017788|-5.108020|12.574557|24.713608|24.033484|-0.011033|nan|-99.610806
1342|-10.838792|-1.441164|65.295368|-10.725667|45.615496|-9.616015|5.952035|-0.225457|-6.254476|-9.539547|-10.034389|-106.611820|-12.496063|3.904506|24.713608|23.950409|-0.012157|nan|-99.561730
1343|-7.886007|-1.843974|52.473642|-6.802453|45.255847|-8.907840|-1.302008|-0.223581|-6.558458|0.598855|-7.065793|-106.645499|-10.160045|5.127953|24.713608|24.048400|-0.011685|nan|-99.456255
1344|3.628219|-2.427696|48.990557|4.725954|45.651136|-8.068672|22.878138|-0.230744|1.852977|8.481731|4.341110|-106.608671|0.652025|15.105054|24.713608|24.286656|-0.009853|nan|-99.137783
1345|1.748886|-2.970648|68.980898|1.587476|46.172004|-7.521833|23.994144|-0.238297|2.953600|2.969300|2.294238|-106.747073|-1.207987|11.645628|24.713608|24.323955|-0.010149|nan|-98.849620
1346|8.254145|-3.302941|72.385861|nan|46.800127|-6.527483|37.944229|-0.254510|2.903006|9.468568|8.528303|-106.683202|-0.057947|16.731144|24.713608|25.889769|-0.009115|nan|-98.672525
1347|9.737827|-3.395608|71.556541|nan|47.580061|-5.627684|37.572225|-0.265417|7.751014|12.791794|9.666090|-106.809156|1.430061|16.981133|24.713608|29.914482|-0.008879|nan|-98.059039
1348|15.320296|-3.234792|56.787664|16.443681|46.945713|-4.764446|58.776353|-0.290319|10.850413|11.569186|14.914405|-106.495248|7.010095|21.617778|24.713608|33.958018|-0.007992|nan|-97.804594
1349|11.236823|-3.144939|53.551513|nan|47.397100|-4.125531|42.780257|-0.298337|8.038388|17.118070|10.441663|-106.675306|2.918070|16.391887|24.713608|33.947693|-0.008642|nan|-98.249785
1350|15.900938|-3.401857|52.132077|16.986507|47.147503|-3.291827|53.754323|-0.308124|10.207780|5.507345|14.714533|-106.802452|7.568098|20.311322|24.713608|33.028279|-0.007903|nan|-98.769375
1351|14.800852|-3.666841|48.100344|nan|46.754745|-2.579608|31.620190|-0.308106|10.771138|4.734619|13.165722|-107.199896|6.452092|18.531389|15.252092|15.360972|-0.008080|nan|-99.213473
1352|18.538452|-3.557787|50.330327|nan|46.999685|-1.826221|24.552148|-0.301103|12.331796|-8.157563|16.484190|-107.429190|10.172114|21.391646|15.252092|15.449792|-0.007488|nan|-99.529972
1353|27.129455|-2.986378|49.720612|28.199230|46.158192|-0.749514|23.622142|-0.264154|16.567847|6.637268|24.683172|-107.838522|18.728165|29.386707|15.252092|15.670673|-0.006128|nan|-99.597533
1354|8.374966|-2.933036|45.262694|8.407100|45.669623|-0.151907|-7.998048|-0.267336|3.622053|-1.191043|5.563028|-108.422452|-0.057947|9.706273|15.252092|15.530549|-0.009114|nan|-99.628534
1355|11.193594|-2.854165|8.287024|nan|45.012898|0.498546|-13.392081|-0.242616|4.250478|-5.389246|8.059429|-109.155351|2.732069|13.276025|15.252092|15.571654|-0.008670|nan|-99.732759
1356|4.709441|-2.909571|-36.382989|nan|44.422417|0.991902|-45.570274|-0.209471|-2.338925|-26.680767|1.390536|-109.448945|-3.297970|8.143912|15.252092|15.446132|-0.009705|nan|-99.913451
1357|3.235330|-3.093439|-78.823424|nan|44.092446|1.162156|-36.456219|-0.150029|0.173385|-19.435065|-0.273040|-109.468230|-4.785979|7.746603|15.252092|15.345795|-0.009941|nan|-100.028014
1358|2.670853|-3.156595|-128.495024|2.397758|43.803633|0.894344|-22.692136|-0.173165|3.536018|-12.190649|-1.042314|-109.208797|-5.343982|8.959331|15.252092|15.266316|-0.010029|nan|-100.158726
1359|10.637647|-3.250414|-166.039149|11.522516|42.901830|0.493701|-18.786113|-0.127567|11.693112|-0.332094|6.841816|-108.381196|2.654066|18.805471|15.252092|15.357915|-0.008758|nan|-100.499680
1400|36.088348|-2.923786|-191.487770|36.719822|41.738545|0.817265|-27.342164|-0.071895|27.174629|9.856219|32.488355|-106.634073|28.136219|47.522599|15.252092|15.889747|-0.004708|nan|-100.788074
1401|60.236861|-2.286943|-195.544313|61.144523|42.326419|1.550203|-4.650028|0.003801|51.514138|35.970503|57.001577|-103.504315|52.316364|74.904925|15.252092|16.451442|-0.000865|nan|-100.916628
1402|43.657318|-1.986634|-198.635778|43.830824|43.587736|2.075969|-9.672058|0.072574|34.961311|31.135427|40.781955|-101.187850|35.762265|61.663132|15.252092|16.568276|-0.003495|nan|-101.406029
1403|36.768129|-2.094686|-197.080049|37.703983|44.363161|2.665945|7.440045|0.092913|24.238953|24.251414|34.237664|-99.484031|29.520224|57.898470|15.252092|16.797801|-0.004589|nan|-101.763162
1404|3.647114|-2.689752|-206.249290|3.965918|45.619879|2.459840|-33.480201|0.115362|1.452343|-2.039585|1.470739|-98.609097|-3.587975|26.769281|15.252092|16.343399|-0.009849|nan|-102.103622
1405|16.447373|-3.012979|-211.173295|17.092165|46.250909|2.209123|-18.972114|0.137693|14.445148|10.916044|14.763511|-96.408835|9.246102|42.522848|15.252092|16.437104|-0.007810|nan|-102.123745
1406|19.752097|-2.977168|-221.149070|20.773318|47.305213|2.100448|-18.414111|0.169124|14.113486|22.163909|18.656939|-94.080113|16.194122|48.573100|15.252092|28.772343|-0.007278|nan|-102.154522
1407|44.829425|-2.189971|-250.552542|45.550127|47.801186|2.810792|22.320134|0.192661|31.542047|36.580241|44.299059|-91.376482|41.304273|76.528342|15.252092|29.265370|-0.003288|nan|-102.205574
1408|68.812920|-0.804095|-273.695065|69.875398|49.195964|4.175242|52.080313|0.236444|52.416192|44.678417|68.761262|-88.754785|65.298417|103.606146|15.252092|30.454315|0.000524|nan|-102.296920
1409|51.880357|0.439814|-280.425803|52.188750|50.405012|4.958212|45.756275|0.263013|44.291044|33.679443|52.271172|-86.387806|48.372315|88.958167|15.252092|30.524813|-0.002165|nan|-102.366197
1410|66.584474|2.168201|-323.872814|67.319636|51.317080|6.061652|61.938373|0.295192|53.703861|63.659283|67.557553|-83.649934|63.066404|106.485933|15.252092|38.789218|0.000170|nan|-102.457543
1411|76.275128|4.495974|-354.309065|nan|52.583241|7.301840|73.470442|0.330800|63.615919|69.968462|77.842360|-80.543747|72.738462|118.903270|15.252092|39.137901|0.001706|nan|-102.539017
1412|98.810787|7.134322|-387.025501|99.493404|54.550120|8.910809|88.908534|0.380101|82.361100|79.604359|101.027355|-77.255452|95.244597|145.019340|15.252092|39.834343|0.005280|nan|-102.614392
1413|102.579743|9.505687|-388.301814|102.455677|56.863415|10.628333|95.604574|0.430955|84.641759|83.125175|105.371703|-74.037359|100.164619|152.096875|15.252092|40.178779|0.005870|nan|-102.691519
1414|92.409829|11.717596|-378.354981|93.410535|58.674682|11.969839|96.906583|0.472578|77.051061|53.886780|95.766905|-71.405888|89.934558|145.427623|15.252092|41.034045|0.004245|nan|-102.742591
1415|87.079739|14.384934|-323.398555|87.125063|60.428415|13.010234|89.652538|0.508366|75.977983|58.487868|90.999345|-68.961161|84.540525|143.357794|15.252092|49.891657|0.003388|nan|-102.796615
1416|81.756258|17.039651|-235.161327|82.330008|61.856749|13.923108|90.768546|0.542439|69.063315|53.580532|86.260267|-66.707951|79.146493|141.502252|15.252092|50.090987|0.004315|nan|-102.824412
1417|90.026361|19.577750|-144.172834|90.518908|62.929897|15.018309|100.440603|0.580181|75.087047|65.926113|95.227169|-64.002068|87.330542|153.120629|15.252092|50.344823|0.007912|nan|-102.844683
1418|80.262033|21.431499|-31.365609|nan|64.135484|15.590559|96.162578|0.622898|69.229624|70.310816|86.070717|-61.665919|80.992483|146.211800|15.252092|50.330534|0.006347|nan|-102.872479
1419|69.946648|23.182573|97.197847|nan|65.224405|16.107713|81.654490|0.640780|58.813241|54.882118|76.342471|-59.973891|70.576420|138.717494|15.252092|50.106992|0.004693|nan|-102.934880
1420|68.940779|24.947144|253.991598|nan|65.873836|16.546414|85.188512|0.658640|58.177236|51.977407|75.934698|-58.245740|69.460414|140.775993|15.252092|50.030347|0.004515|nan|-102.957875
1421|45.251332|26.212943|417.708864|44.697966|66.236385|16.813411|60.264363|0.667155|34.929410|41.278938|52.816252|-57.391292|45.652271|119.911585|27.528165|49.607807|0.003213|-133157.190334|-102.976678
1422|49.104141|27.347142|563.201738|49.047733|66.374317|17.441186|67.704407|0.672755|34.808796|46.314929|57.273047|-56.461308|49.372293|126.806111|27.528165|68.268120|0.004722|-110982.892310|-103.003395
1423|74.930532|28.850901|690.592897|74.704925|67.629410|18.753155|101.928612|0.659974|55.036315|65.154000|83.727658|-54.976472|76.560447|155.039567|28.198736|68.470198|0.009955|-118065.188573|-103.045594
1424|77.529809|30.170591|834.816164|76.173902|68.651429|20.289895|85.560515|0.663523|55.774649|67.772016|87.012219|-53.296378|76.658462|160.031544|28.198736|68.576515|0.010337|-118084.320001|-103.075167
1425|76.436244|31.409938|980.525494|nan|70.254771|21.917089|87.048523|0.697180|53.113597|64.127682|86.587045|-51.773587|73.116454|160.746375|35.974066|68.606780|0.010130|-118102.217145|-103.089357
1426|62.921070|32.360754|1103.597970|nan|71.975968|23.723172|66.774401|0.729738|35.989832|58.499570|73.674819|-50.601812|55.272371|148.031926|35.974066|68.577284|0.007947|-118118.674290|-103.089357
1427|49.237459|33.110189|1209.531346|47.103417|72.915837|25.050345|51.336308|0.747877|28.679429|52.383697|60.533124|-49.923014|41.322287|134.737153|35.974066|68.347614|0.006222|-118134.102865|-103.106997
1428|53.615023|33.961883|1318.627038|52.238149|73.821490|26.315533|54.870330|0.744730|31.171137|43.239184|65.410065|-49.368764|45.414312|139.743128|35.974066|62.869922|0.008441|-118149.325707|-103.124637
1429|74.210982|34.983710|1395.855725|72.508688|74.673166|28.075452|83.142500|0.766240|46.003348|55.751768|86.512854|-47.720676|65.688434|160.681201|36.456219|63.187730|0.011653|-118164.342853|-103.195853
1430|67.526189|35.826016|1476.587058|64.397670|75.900659|30.192174|101.556610|0.769234|33.496580|45.514978|80.124378|-46.353301|53.580391|154.581871|45.384273|63.227357|0.010799|-118178.537144|-103.267069
1431|47.678181|36.149517|1594.625960|44.477430|76.702988|31.865717|105.462633|0.751551|19.463093|29.648491|60.340880|-45.370725|33.306269|134.669318|45.384273|62.895394|0.007585|-118190.674293|-103.323076
1432|16.147712|35.836356|1712.993745|12.139101|76.851286|32.764726|56.916342|0.732276|-8.047827|9.114021|28.830111|-45.251982|1.314077|103.356878|41.405506|45.275494|0.002515|-118201.577139|-103.347329
1433|0.251331|35.147460|1826.029222|-4.255143|76.567458|32.954538|33.666203|0.709732|-18.015290|7.679490|12.909077|-45.544521|-15.054021|86.922745|41.405506|44.713102|-0.000422|-118211.040006|-103.355258
1434|-15.632833|34.212040|1924.688248|nan|76.579965|32.976310|-15.810095|0.704127|-35.983707|-0.832658|-3.000322|-46.512380|-31.422120|70.618349|34.643335|37.318677|-0.005655|-118219.679997|-103.361497
1435|-3.422948|33.517160|1987.935542|-7.459456|76.672645|33.258536|8.742053|0.694016|-23.545000|1.723655|8.926530|-47.852777|-19.704049|82.841961|34.643335|36.947031|-0.003798|-118227.908579|-103.364138
1436|-0.124465|32.891106|2027.097335|-4.640726|75.771815|33.712936|14.880090|0.679384|-23.635300|4.766225|11.829148|-49.788590|-16.914032|85.223754|34.643335|36.783334|-0.003356|-118234.697144|-103.361091
1437|13.031272|32.443895|2066.823486|8.150403|74.649132|34.184088|52.638317|0.669203|-7.786590|9.467914|24.570630|-50.869491|-4.265956|97.055425|34.643335|36.783997|-0.001353|-118240.457138|-103.344583
1438|8.140995|31.733578|2107.969652|1.095244|74.501119|34.414982|71.238428|0.636545|-10.300623|26.822667|19.233348|-51.888073|-9.659989|89.854916|34.643335|36.605336|-0.002207|-118244.982866|-103.322132
1439|12.162541|31.480012|2125.986235|nan|73.735112|34.539803|57.846347|0.619702|-3.726285|29.769031|22.920375|-51.855669|-6.125968|92.014025|34.643335|36.442571|-0.001647|-118248.891434|-103.196346
1440|24.927328|31.479431|2123.593181|18.063367|73.350801|34.964359|84.816510|0.600571|3.348521|50.008228|35.311228|-51.847208|7.670106|102.104222|34.643335|36.601840|0.000297|-118252.594287|-102.605849
1441|23.730408|31.516416|2112.586844|15.252620|73.232390|35.263749|92.814558|0.583645|6.395462|31.690541|33.677025|-51.980434|6.876096|97.158089|34.643335|36.549216|0.000032|-118255.885713|-101.678483
1442|27.560875|31.715104|2084.033638|20.073613|73.322004|35.792023|118.668713|0.565872|5.103483|33.356946|36.942941|-52.749575|10.224116|97.158089|34.643335|36.639405|0.000562|-118257.737139|-100.718120
1443|31.017836|31.994057|2039.120712|nan|72.505141|36.310454|125.364753|0.538945|11.679184|28.704658|39.779120|-54.109717|13.200134|96.762270|34.643335|36.686226|0.001034|-118258.354282|-99.542753
1444|25.163858|32.036667|2003.595829|15.638533|71.760477|36.468462|108.810654|0.510368|10.555145|15.641335|33.317422|-55.148020|6.876096|87.209252|34.643335|36.544774|0.000032|-118258.354282|-98.199874
1445|15.217533|31.462530|1998.035366|4.871908|71.265803|36.487948|93.000559|0.481933|-1.140600|9.715982|22.709900|-56.868796|-3.539966|73.421354|34.643335|36.411788|-0.001617|-118258.148568|-96.563912
1446|9.353416|30.263855|2002.484830|nan|70.031305|36.297733|81.282489|0.448812|-7.145272|1.688688|16.139872|-59.030950|-6.984004|63.868337|34.643335|36.286989|-0.002618|-118257.942853|-94.871822
1447|48.697736|30.159625|2001.537620|38.359544|68.095724|36.952717|128.340771|0.440242|24.448328|21.485315|54.684892|-60.724828|31.890229|100.860280|34.643335|36.785446|0.003536|-118259.177138|-93.381543
1448|83.215226|30.860522|2009.510956|72.514467|66.864613|38.151013|152.520917|0.472160|56.966535|41.914477|88.498969|-61.553637|65.928434|133.799913|34.643335|37.457116|0.008924|-118261.851421|-92.070576
1449|107.712850|32.551081|2017.308822|96.352944|66.730840|39.923432|166.098998|0.522937|73.599729|64.328096|112.438650|-61.421258|89.922578|157.876295|34.643335|41.037133|0.012721|-118266.582864|-90.598927
1450|108.969527|34.040310|2020.270240|96.315386|66.759759|41.438156|165.726996|0.567499|80.744366|75.570023|113.158213|-61.121359|90.666582|158.816711|34.643335|42.288842|0.012838|-118272.960000|-89.114620
1451|127.545323|35.874818|2037.878225|115.154167|67.434875|43.384012|159.960962|0.628308|93.025525|88.536926|131.278383|-60.170633|108.708691|178.015013|34.643335|43.007324|0.015691|-118281.599991|-87.874613
1452|158.233381|37.830728|2034.554558|145.680306|68.911613|45.801580|193.813165|0.691727|119.396755|110.009033|161.512100|-58.607367|141.480872|210.775545|34.643335|43.818481|0.020456|-118293.119999|-86.806440
1453|125.313258|38.517816|2016.271815|111.270079|69.853867|47.320378|186.001118|0.734700|92.557823|75.363798|128.090263|-57.718339|108.640671|179.967017|34.643335|44.077038|0.015157|-118306.697147|-85.695355
1454|134.824239|39.736060|1982.652958|121.218609|70.972361|49.300311|197.347186|0.795015|95.886194|85.018803|137.085759|-56.280175|117.568724|191.566742|34.643335|44.362458|0.016568|-118322.125721|-84.890608
1455|103.605777|40.067499|1993.759978|88.503909|71.920615|50.482814|164.238987|0.813373|72.640635|71.653463|105.267563|-55.709297|85.762533|162.196931|34.643335|44.050096|0.011536|-118339.200009|-84.041936
1456|95.276145|40.072973|2025.228866|80.429738|72.683948|51.664336|141.546851|0.817540|60.351631|53.151202|96.374725|-54.722626|77.154480|156.117021|34.643335|43.889910|0.010122|-118358.331437|-82.821119
1457|90.493382|39.576166|2096.324211|74.049894|73.816146|52.704973|122.202734|0.827570|57.437597|66.841320|90.983564|-53.998436|72.320447|153.512308|34.643335|43.542787|0.009268|-118379.314292|-81.620590
1458|80.709739|38.731057|2161.293786|64.695727|73.826122|53.630756|115.878697|0.827277|45.580901|52.161370|80.499504|-54.297422|61.904385|145.944389|34.643335|43.361453|0.007620|-118402.148573|-80.482246
1459|66.099677|37.810710|2269.439889|48.388225|73.688613|54.047466|120.900727|0.815437|36.889124|45.775785|64.974732|-55.096754|47.612293|133.511639|34.643335|42.850219|0.005208|-118426.217139|-79.498034
