900|nan|nan|nan|nan|nan|nan|nan|nan|nan|nan|nan|nan|nan|nan|nan|nan|nan|nan|nan
901|nan|nan|nan|nan|nan|nan|nan|nan|nan|nan|nan|nan|nan|nan|nan|nan|nan|nan|nan
902|nan|nan|nan|nan|nan|nan|nan|nan|nan|nan|nan|nan|nan|nan|nan|nan|nan|nan|nan
903|nan|nan|nan|nan|nan|nan|nan|nan|nan|nan|nan|nan|nan|nan|nan|nan|nan|nan|nan
904|nan|nan|nan|nan|nan|nan|nan|nan|nan|nan|nan|nan|nan|nan|nan|nan|nan|nan|nan
905|nan|nan|nan|nan|nan|nan|nan|nan|nan|nan|nan|nan|nan|nan|nan|nan|nan|nan|nan
906|nan|nan|nan|nan|nan|nan|nan|nan|nan|nan|nan|nan|nan|nan|nan|nan|nan|nan|nan
907|nan|nan|nan|nan|nan|nan|nan|nan|nan|nan|nan|nan|nan|nan|nan|nan|nan|nan|nan
908|nan|nan|nan|nan|nan|nan|nan|nan|nan|nan|nan|nan|nan|nan|nan|nan|nan|nan|nan
909|nan|nan|nan|nan|nan|nan|nan|nan|nan|nan|nan|nan|nan|nan|nan|nan|nan|nan|nan
910|nan|nan|nan|nan|nan|nan|nan|nan|nan|nan|nan|nan|nan|nan|nan|nan|nan|nan|nan
911|nan|nan|nan|nan|nan|nan|nan|nan|nan|nan|nan|nan|nan|nan|nan|nan|nan|nan|nan
912|nan|nan|nan|nan|nan|nan|nan|nan|nan|nan|nan|nan|nan|nan|nan|nan|nan|nan|nan
913|nan|nan|nan|nan|nan|nan|nan|nan|nan|nan|nan|nan|nan|nan|nan|nan|nan|nan|nan
914|nan|nan|nan|nan|nan|nan|nan|nan|nan|nan|nan|nan|nan|nan|nan|nan|nan|nan|nan
915|nan|nan|nan|nan|nan|nan|nan|nan|nan|nan|nan|nan|nan|nan|nan|nan|nan|nan|nan
916|nan|nan|nan|nan|nan|nan|nan|nan|nan|nan|nan|nan|nan|nan|nan|nan|nan|nan|nan
917|nan|nan|nan|nan|nan|nan|nan|nan|nan|nan|nan|nan|nan|nan|nan|nan|nan|nan|nan
918|nan|nan|nan|nan|nan|nan|nan|nan|nan|nan|nan|nan|nan|nan|nan|nan|nan|nan|nan
919|nan|nan|nan|nan|nan|nan|nan|nan|nan|nan|nan|nan|nan|nan|nan|nan|nan|nan|nan
920|nan|nan|nan|nan|nan|nan|nan|nan|nan|nan|nan|nan|nan|nan|nan|nan|nan|nan|nan
921|nan|nan|nan|nan|nan|nan|nan|nan|nan|nan|nan|nan|nan|nan|nan|nan|nan|nan|nan
922|nan|nan|nan|nan|nan|nan|nan|nan|nan|nan|nan|nan|nan|nan|nan|nan|nan|nan|nan
923|nan|nan|nan|nan|nan|nan|nan|nan|nan|nan|nan|nan|nan|nan|nan|nan|nan|nan|nan
924|nan|nan|nan|nan|nan|nan|nan|nan|nan|nan|nan|nan|nan|nan|nan|nan|nan|nan|nan
925|nan|nan|nan|nan|nan|nan|nan|nan|nan|nan|nan|nan|nan|201.060132|nan|120.526956|nan|nan|nan
926|nan|nan|nan|nan|nan|nan|nan|nan|nan|nan|nan|nan|nan|198.413011|nan|117.480149|nan|nan|nan
927|nan|nan|nan|nan|nan|nan|nan|nan|nan|nan|nan|nan|nan|194.811467|nan|113.855099|nan|nan|nan
928|nan|nan|nan|nan|nan|nan|nan|nan|nan|nan|nan|nan|nan|159.484460|nan|90.710563|nan|nan|nan
929|nan|nan|nan|nan|nan|nan|nan|nan|nan|nan|nan|nan|nan|197.861306|88.489313|90.757905|nan|nan|nan
930|nan|nan|nan|nan|nan|nan|nan|nan|nan|nan|nan|nan|nan|205.981238|88.489313|90.614189|nan|nan|nan
931|nan|nan|nan|nan|nan|nan|nan|nan|nan|nan|nan|nan|nan|212.640617|88.489313|90.630637|nan|nan|nan
932|nan|nan|nan|nan|nan|nan|nan|nan|nan|nan|nan|nan|nan|191.344785|88.489313|90.618143|nan|nan|nan
933|nan|nan|nan|nan|nan|nan|nan|nan|nan|nan|nan|nan|nan|185.987112|88.489313|90.583191|nan|nan|nan
934|nan|nan|nan|nan|106.761517|nan|nan|nan|nan|nan|nan|nan|nan|193.534791|88.489313|90.531111|nan|nan|nan
935|nan|nan|nan|nan|106.578586|nan|nan|nan|nan|nan|nan|nan|nan|213.266327|88.489313|90.620117|nan|nan|nan
936|nan|nan|nan|nan|104.592229|nan|nan|nan|nan|31.656671|nan|nan|nan|161.918730|82.457862|84.325276|nan|nan|nan
937|nan|nan|nan|nan|101.275761|nan|nan|nan|nan|20.141818|nan|nan|nan|154.923848|61.219059|63.012495|nan|nan|nan
938|nan|nan|nan|nan|97.979397|nan|nan|nan|nan|11.213926|nan|nan|nan|133.761694|54.645509|56.206093|nan|nan|nan
939|nan|nan|nan|nan|95.551309|nan|nan|nan|nan|52.936123|nan|nan|nan|154.480932|54.645509|56.159598|nan|nan|nan
940|nan|nan|nan|nan|93.709568|nan|nan|nan|nan|48.707993|nan|nan|nan|173.621227|54.645509|56.259211|nan|nan|nan
941|nan|nan|nan|nan|91.531424|nan|nan|nan|nan|43.714109|nan|nan|nan|164.526332|54.645509|56.317917|nan|nan|nan
942|nan|nan|nan|nan|89.276961|nan|nan|nan|nan|39.517227|nan|nan|nan|141.663864|50.852684|52.397308|nan|nan|nan
943|nan|nan|nan|nan|85.497026|nan|nan|nan|nan|2.015535|nan|nan|nan|108.385500|17.246091|18.672628|nan|nan|nan
944|nan|30.635282|nan|nan|83.123064|nan|nan|nan|nan|19.255662|nan|nan|nan|120.223388|17.246091|18.563512|0.002682|nan|nan
945|nan|29.665473|nan|nan|82.007755|nan|nan|nan|nan|52.165746|nan|nan|nan|131.046122|17.246091|18.462694|0.005042|nan|nan
946|nan|28.797386|nan|nan|80.941283|nan|nan|nan|nan|42.598565|nan|nan|nan|127.876359|17.246091|18.369552|0.004837|nan|nan
947|nan|28.010552|nan|nan|79.916737|nan|nan|nan|nan|52.759816|nan|nan|nan|125.179729|17.246091|18.283506|0.004632|nan|nan
948|nan|27.344507|nan|nan|78.952737|nan|nan|nan|nan|39.932352|nan|nan|nan|123.185544|17.246091|18.204021|0.004529|nan|nan
949|nan|27.624328|nan|35.938268|77.209209|nan|nan|nan|nan|49.925420|nan|nan|nan|133.994864|17.246091|18.284448|0.006684|nan|nan
950|nan|27.647719|nan|nan|75.484104|nan|nan|nan|nan|51.163533|nan|nan|nan|129.034995|17.246091|18.334979|0.006171|nan|nan
951|nan|24.910303|nan|-12.456569|74.719460|nan|nan|nan|nan|20.948762|nan|nan|nan|81.165716|17.246091|18.053868|-0.004091|nan|nan
952|nan|21.655685|nan|nan|73.478280|nan|nan|nan|nan|-4.577373|nan|nan|nan|63.180395|17.246091|17.824743|-0.009447|nan|nan
953|nan|18.710157|nan|-29.515059|72.264588|nan|nan|nan|nan|-5.957311|nan|nan|nan|58.855159|17.246091|17.638933|-0.010086|nan|nan
954|nan|13.874102|nan|-71.295974|70.859184|nan|37.662561|nan|nan|-57.014729|nan|nan|nan|13.883000|17.246091|17.335308|-0.024892|nan|nan
955|nan|9.719758|nan|nan|69.620068|nan|24.335809|nan|nan|-45.644652|nan|nan|nan|12.613732|17.246091|17.097102|-0.024481|nan|nan
956|nan|6.759648|nan|-50.998928|67.932437|nan|38.241984|nan|nan|-42.977070|nan|nan|nan|27.163398|15.097930|14.918495|-0.021506|nan|nan
957|nan|1.612157|nan|-105.999243|65.732058|nan|-19.120993|nan|nan|-83.096837|nan|nan|nan|-30.393332|-5.455170|-5.963953|-0.037300|nan|nan
958|nan|-2.873541|nan|-100.873970|62.598348|nan|-50.409889|nan|nan|-86.257535|nan|nan|nan|-28.907661|-41.399202|-42.005361|-0.036582|nan|nan
959|nan|-6.744744|nan|-97.289245|60.349473|nan|-8.111937|nan|nan|-68.791751|nan|nan|nan|-27.323035|-41.399202|-42.228090|-0.035763|nan|nan
1000|nan|-10.017242|nan|nan|56.699697|24.406805|6.373664|-1.771304|nan|-62.305844|nan|nan|nan|-26.410541|-41.399202|-42.392247|-0.034738|nan|nan
1001|nan|-14.487530|nan|-129.150726|52.623264|20.261044|-24.915232|-3.217383|nan|-94.353698|nan|nan|nan|-69.557448|-41.399202|-42.662558|-0.045648|nan|nan
1002|nan|-17.329968|nan|-94.507694|49.021969|17.268657|-12.747329|-2.833744|nan|-77.775538|nan|-90.354736|nan|-40.704734|-41.399202|-42.704892|-0.039698|nan|nan
1003|nan|-19.838116|nan|nan|46.173505|14.541227|-13.906177|-2.867189|nan|-66.586237|nan|-94.265838|nan|-43.106546|-41.399202|-42.722505|-0.038980|nan|nan
1004|nan|-21.024958|nan|-57.421367|43.282067|12.818999|27.232928|-2.430796|nan|-47.600734|nan|-98.295556|nan|-16.137156|-41.399202|-42.566756|-0.033131|nan|nan
1005|nan|-20.100082|nan|3.415468|40.885717|12.683846|107.772866|-2.029042|nan|-2.096927|nan|-100.874668|nan|40.823220|-41.399202|-42.277442|-0.022355|nan|nan
1006|nan|-18.276506|nan|34.125141|39.014611|13.316207|87.493026|-1.970479|nan|41.856593|nan|-102.754024|nan|68.681927|-41.399202|-41.887230|-0.016916|nan|nan
1007|nan|-16.571504|nan|nan|37.787377|13.930039|81.698786|-1.970479|nan|21.732108|nan|-103.979564|nan|67.036363|-41.399202|-41.576673|-0.016711|nan|nan
1008|nan|-14.975563|nan|nan|36.710211|14.501144|60.839521|-1.970479|nan|21.915441|nan|-105.065859|nan|64.431951|-41.399202|-41.332007|-0.016711|nan|nan
1009|nan|-14.275290|nan|7.011597|35.203772|14.386367|54.465857|-1.730395|nan|-4.531213|nan|-107.164038|nan|34.194609|-41.399202|-41.295549|-0.021535|nan|nan
1010|nan|-13.930554|nan|-3.534530|33.223900|14.025065|61.998369|-1.535149|nan|-16.336360|nan|-110.131580|nan|21.354573|-41.399202|-41.268300|-0.023589|nan|nan
1011|nan|-13.530653|nan|nan|31.960333|13.734758|55.624705|-1.380868|nan|-25.953946|nan|-111.552275|nan|23.000138|-41.399202|-41.248565|-0.023076|nan|nan
1012|nan|-12.306596|nan|nan|32.185044|14.079022|63.736641|-1.273097|nan|21.258958|nan|-111.873121|nan|52.458054|-41.399202|-41.234934|-0.017636|nan|nan
1013|nan|-11.110371|nan|nan|32.643205|14.440688|31.868321|-1.184246|nan|15.297231|nan|-111.552895|nan|52.944771|-41.399202|-28.459159|-0.017328|nan|nan
1014|nan|-9.577223|nan|48.031095|32.804739|15.157543|60.260097|-1.278187|nan|38.087768|nan|-111.366686|nan|68.626980|-41.399202|-28.300562|-0.014454|nan|nan
1030|nan|-7.422564|nan|77.320203|33.101805|16.457800|103.137473|-1.278187|nan|67.371726|nan|-110.932770|nan|98.988798|-41.399202|-28.026766|-0.009219|nan|nan
1031|nan|-5.424418|nan|75.374254|34.210349|17.612974|100.819777|-0.968016|nan|72.570231|nan|-110.284174|nan|99.298691|-41.399202|-14.367331|-0.009424|nan|nan
1032|nan|-3.539972|nan|nan|35.436697|18.684298|97.922657|-0.703887|nan|58.832939|nan|-109.036911|nan|99.629160|-41.399202|-10.277879|-0.009732|nan|nan
1033|nan|-1.788938|nan|nan|37.573372|19.677262|95.604961|-0.477166|nan|64.253001|nan|-106.914012|nan|99.359629|-41.399202|2.767258|-0.010040|nan|nan
1034|145.276202|1.374416|nan|138.656230|40.421120|21.970914|173.827203|-0.215338|nan|107.010115|nan|-103.290970|nan|170.110894|-41.399202|37.120865|0.001662|nan|nan
1035|222.587507|6.019874|nan|215.863635|44.832152|25.611810|247.993477|0.124856|nan|167.703627|nan|-97.882798|nan|254.588672|-41.399202|37.779524|0.015311|nan|nan
1036|241.297754|10.800808|nan|nan|49.801477|29.398498|221.919396|0.512432|nan|184.520194|nan|-91.943283|nan|281.079937|-41.399202|38.272257|0.018593|nan|nan
1037|284.413093|15.732802|nan|277.237762|56.019422|33.848846|249.731749|0.808011|nan|222.406343|nan|-84.780775|nan|333.662511|-41.399202|38.937253|0.026183|nan|nan
1038|269.563945|20.685560|nan|261.260066|62.092316|37.787913|232.928452|1.057601|nan|198.831231|nan|-78.051041|nan|328.262278|-41.399202|39.267390|0.023513|nan|nan
1039|268.604129|25.227099|nan|nan|68.754534|40.401719|190.051075|1.252766|nan|206.446360|nan|-71.746322|nan|336.793198|-41.399202|39.485918|0.023305|nan|nan
1040|267.105187|29.335158|nan|259.653044|75.197372|43.262548|190.630499|1.429796|nan|193.471976|nan|-65.425606|nan|346.802048|-41.399202|42.665653|0.022995|nan|nan
1041|207.633313|32.302153|nan|198.654728|79.832648|45.024014|147.753122|1.479858|nan|143.656173|nan|-59.543561|nan|299.107461|-41.399202|71.205059|0.012429|nan|nan
1042|164.941901|34.837708|nan|nan|83.681204|46.113643|50.989313|1.513614|nan|106.034396|nan|-54.408284|nan|268.640247|-41.399202|71.058097|0.004839|nan|nan
1043|67.728533|35.984063|nan|58.883236|85.734180|45.995303|-42.297953|1.461728|nan|33.333392|nan|-51.998844|nan|184.038350|-28.632130|70.439815|-0.012388|nan|nan
1044|2.871800|35.526000|nan|-6.465230|86.472055|44.138374|-102.558050|1.408658|nan|-8.278836|nan|-50.249218|nan|132.228641|-28.632130|56.461402|-0.023873|nan|-51.140713
1045|12.150645|34.997017|nan|4.156430|87.280786|42.381114|-87.493026|1.474855|nan|17.945164|nan|-48.257823|nan|152.462127|-28.632130|56.064144|-0.022231|nan|-51.830395
1046|21.972782|34.673746|nan|12.645339|88.848347|40.704115|-115.305378|1.650988|nan|33.716477|nan|-46.459149|nan|171.935548|-15.025538|55.731867|-0.020488|nan|-52.355975
1047|17.284015|34.274996|nan|nan|90.858264|39.328250|-86.334178|1.729749|nan|38.491360|18.422363|-43.279550|nan|176.274413|-10.969570|55.454276|-0.021308|nan|-52.934525
1048|26.496485|34.086078|nan|18.642484|93.835787|38.267966|-73.007426|1.849320|nan|52.011517|27.650392|-39.961434|nan|194.695323|2.057599|55.376531|-0.019667|nan|-53.349459
1049|6.143489|33.201335|nan|nan|95.844078|36.687215|-60.260097|1.874394|nan|35.319173|6.998318|-37.367805|nan|183.273855|35.944032|54.180205|-0.023254|nan|-54.064409
1050|-14.230949|31.978116|nan|nan|97.105953|34.458023|-19.700416|1.872167|nan|21.880639|-13.849133|-35.544078|nan|169.798494|32.958020|33.710798|-0.026842|nan|-55.055918
1051|-6.207614|31.844855|nan|nan|99.097272|33.230228|19.120993|1.930225|nan|14.887019|-6.434722|-32.430157|nan|182.708148|32.958020|33.553825|-0.025406|nan|-55.910748
1052|-11.515598|31.939376|4647.528864|nan|100.753428|32.046271|15.065025|1.858784|-16.741479|17.323958|-11.985009|-30.447587|-13.700416|178.466764|32.958020|33.424168|-0.026327|nan|-56.782730
1053|-44.638560|31.356544|4588.750427|-53.069306|101.716458|30.618450|-17.962144|1.817093|-49.048293|-34.792304|-45.275469|-29.514002|-48.807585|144.642463|22.272415|22.477930|-0.032170|nan|-58.061320
1054|-117.770156|30.103422|4545.458154|-125.960498|100.959601|27.540272|-118.202498|1.449849|-115.414656|-104.144858|-118.432005|-31.585505|-121.815010|70.203013|-25.735010|-26.043191|-0.045087|nan|-60.244954
1055|-131.242178|28.573186|4494.173889|-138.366253|98.306857|24.018331|-143.117730|1.216823|-128.261408|-117.438277|-131.859589|-35.702404|-135.141762|54.637211|-51.561762|-52.113680|-0.049111|nan|-62.512443
1056|-88.517187|27.625947|4457.171308|-95.494092|96.216331|21.446776|-97.343234|1.264419|-87.304740|-78.657006|-89.060471|-39.454224|-92.264386|95.025537|-51.561762|-52.143677|-0.041524|nan|-64.174664
1057|-89.253419|27.756972|4393.100151|-97.454259|94.435626|19.200094|-67.213186|1.316555|-87.883810|-83.397143|-89.737056|-43.244185|-92.843810|92.082063|-51.561762|-52.314066|-0.041626|nan|-65.813793
1058|-103.898154|27.557574|4301.418128|nan|92.237301|17.293507|-79.960513|1.372979|-102.369410|-93.180362|-104.327392|-47.400561|-107.329410|74.421220|-51.561762|-52.438247|-0.044188|nan|-67.592442
1059|-87.247363|27.576860|4222.009613|-93.734909|90.348747|15.537098|-46.933345|1.445271|-87.805407|-85.563539|-87.650745|-50.267520|-90.526114|85.230798|-51.561762|-52.371023|-0.041215|nan|-69.063618
1100|-81.599220|27.566088|4136.431403|nan|88.944060|13.659850|-11.588480|1.386052|-82.170459|-61.641917|-82.047083|-52.605953|-84.731873|81.448786|-51.561762|-52.308939|-0.040191|nan|-70.360596
1101|-60.879885|28.813154|4010.196047|-67.126582|88.044460|12.152957|8.111936|1.270803|-61.311195|-30.265228|-61.320134|-54.441724|-63.872609|91.906541|-51.561762|-52.251605|-0.036502|nan|-71.406117
1102|-107.960370|28.340081|3790.821188|-115.175970|85.648930|9.776507|-40.559681|1.126458|-104.323128|-69.309180|-108.407224|-58.440301|-111.125954|31.535506|-51.561762|-52.506352|-0.044810|nan|-72.854332
1103|-111.009570|27.779754|3560.576400|nan|83.123072|7.384842|-45.195073|0.978195|-107.460601|-64.448831|-111.461368|-62.569135|-114.503074|14.598094|-51.561762|-52.694147|-0.045326|nan|-74.290314
1104|-99.002991|26.803896|3390.535592|nan|81.058199|5.013470|33.027168|0.796956|-93.372697|-65.121399|-99.640364|-66.808028|-102.335170|13.100707|-51.561762|-52.827427|-0.043177|nan|-75.545723
1105|-86.423609|24.810870|3223.784099|-93.407937|79.091093|2.920206|122.837890|0.555703|-80.705016|-52.757404|-87.438927|-71.502950|-89.587842|12.057743|-51.561762|-52.916548|-0.040925|nan|-76.620123
1106|-103.387783|21.808228|3043.553277|nan|75.781060|1.305140|124.576162|0.240637|-101.589017|-61.900027|-104.822942|-76.633417|-109.271138|-18.535844|-51.561762|-52.970125|-0.043903|nan|-77.855489
1107|-92.532874|19.026258|2888.548360|-97.831871|72.789022|0.136814|178.462595|-0.031617|-90.979961|-57.810416|-94.479009|-81.403578|-98.582082|-21.299222|-51.561762|-52.995305|-0.041958|nan|-78.967399
1108|-99.059719|16.115226|2744.940427|-105.631292|70.022576|-1.153309|157.023906|-0.348348|-95.914331|-60.407609|-101.508536|-86.319517|-105.435746|-42.006035|-51.561762|-53.151853|-0.043090|nan|-80.185764
1109|-93.411759|13.930879|2630.081180|-99.730074|66.123421|-1.632618|161.659298|-0.666211|-92.440444|-62.951743|-96.426094|-92.967094|-102.041506|-49.402086|-51.561762|-53.255310|-0.042066|nan|-82.381435
1110|-17.631557|13.663750|2464.627819|-22.975142|60.474393|-0.706126|235.825572|-0.838879|-22.856606|-29.126202|-21.253607|-99.679043|-26.456960|15.296794|-51.561762|-25.042184|-0.028628|nan|-83.633735
1111|0.215121|13.639525|2299.818762|nan|55.381136|0.165357|194.107043|-0.934242|-1.054108|-9.789816|-3.959025|-106.400512|-8.494816|21.371759|-51.561762|-24.867701|-0.025449|nan|-84.654267
1112|-24.218407|12.429261|2151.945463|nan|48.376400|1.521566|126.893859|-1.025095|-29.629916|-42.498351|-28.975540|-114.994368|-35.070624|-13.448628|-51.561762|-24.718183|-0.029759|nan|-85.890975
1113|-33.001695|10.996257|2021.231134|-38.837578|41.864015|2.603106|20.859264|-1.047859|-34.720570|-58.919926|-38.230347|-123.362354|-43.761985|-32.978214|-51.561762|-21.616621|-0.031300|nan|-86.831534
1114|-27.868874|9.393147|1875.340414|nan|35.527118|3.697755|-38.821409|-1.068320|-31.826107|-43.702607|-33.482073|-131.554118|-38.627169|-38.332092|-51.561762|-21.624848|-0.030378|nan|-88.122759
1115|-92.842179|5.739360|1743.629762|-98.433505|27.405066|3.562312|-94.446114|-1.140954|-95.361243|-108.498096|-98.885805|-141.466304|-103.522658|-111.380477|-51.561762|-27.645092|-0.041873|nan|-90.210480
1116|-98.705942|1.966415|1608.268085|nan|20.286095|3.970756|-90.390146|-1.220576|-103.715483|-121.603009|-105.146754|-149.831441|-111.316898|-123.641089|-51.561762|-33.541626|-0.042902|nan|-92.433399
1117|-90.085470|-1.574623|1382.315149|-95.542934|15.042357|3.920335|-86.334178|-1.299933|-91.663769|-101.097106|-96.925425|-156.727134|-102.625538|-117.665228|-51.561762|-33.760538|-0.041366|nan|-94.329975
1118|-96.530876|-5.193919|1255.565172|nan|11.461795|3.716191|-83.437058|-1.412192|-98.837786|-111.072241|-103.711552|-161.036568|-108.999202|-125.251685|-51.561762|-33.914101|-0.042498|nan|-96.250647
1119|-63.575874|-9.431728|1151.913751|-67.848421|9.821412|3.583805|-70.689729|-1.574642|-66.291679|-77.438070|-70.973843|-162.591248|-75.972033|-92.818261|-51.561762|-33.860957|-0.036648|nan|-97.947827
1120|-4.546859|-14.036683|1026.601108|-8.762292|9.243626|3.480530|-31.868320|-1.579823|-7.670430|-7.220784|-12.098059|-162.779603|-16.870784|-33.977424|-51.561762|-33.646991|-0.026179|nan|-99.255141
1121|-29.542033|-19.639092|930.240781|-34.693140|8.152665|2.387032|-48.671617|-1.601995|-28.984955|-31.902684|-37.232204|-163.991228|-41.786017|-60.315307|-51.561762|-33.617636|-0.030594|nan|-100.243017
1122|16.150176|-25.070692|799.367140|nan|8.024270|2.094028|-8.111936|-1.591562|14.708834|14.030147|8.074737|-163.785982|3.988480|-14.795756|-51.561762|-33.425131|-0.022485|nan|-100.632480
1123|45.620638|-29.601493|590.137841|41.646153|8.319399|2.338461|-11.588480|-1.674573|42.259105|25.025379|37.212334|-163.055688|33.539105|16.826474|-51.561762|-33.107473|-0.017250|nan|-100.642271
1124|18.889080|-34.725257|367.989982|13.978505|8.596139|2.517876|-111.249410|-1.273368|15.526308|-3.473714|10.262116|-162.531747|6.885600|-7.768710|-51.561762|-33.003513|-0.021972|nan|-100.874431
1125|21.130809|-39.680796|178.142135|16.296101|9.524344|2.921510|-122.258466|-1.018376|17.924004|4.953296|12.342094|-161.391251|9.203296|-3.392692|-32.288327|-32.913850|-0.021562|nan|-101.518496
1126|37.863784|-43.041703|-13.034681|34.117313|10.223971|3.604318|-62.577793|-1.092454|32.566947|14.455613|28.969204|-159.987621|27.766593|16.177519|-32.288327|-32.682568|-0.018585|nan|-101.825215
1127|65.610887|-44.870709|-177.638921|nan|11.290824|4.221259|-35.344865|-1.013486|60.378591|36.672866|56.666735|-157.714863|55.578945|48.355732|-32.288327|-32.497257|-0.013658|nan|-102.015290
1128|49.905756|-45.026403|-300.149341|nan|12.495277|4.532596|-65.474913|-0.949792|44.734143|7.521065|40.968312|-154.938911|41.934497|38.279746|-32.288327|-32.350044|-0.016429|nan|-102.194147
1129|76.502692|-43.211802|-394.804465|72.937574|15.244380|5.057990|-22.018113|-0.865728|71.307293|39.414275|67.627796|-149.332340|70.588001|70.742075|-32.288327|-32.080484|-0.011707|nan|-102.373004
1330|101.941156|-41.033000|-432.988675|nan|19.939800|5.492113|9.270785|-0.765892|98.641950|82.380991|93.129148|-142.640716|96.322658|102.632009|-32.288327|-31.872401|-0.007190|nan|-102.561675
1331|55.531549|-40.103044|-417.086479|51.050515|22.939718|5.097541|-16.223872|-0.739408|52.128383|30.069718|46.725805|-138.509534|49.968737|62.906699|-32.288327|-15.265231|-0.015401|nan|-102.750347
1332|66.488761|-38.811473|-452.309006|nan|25.438110|4.962507|-52.148161|-0.650841|61.217085|35.825015|57.771138|-134.066796|60.977793|80.877699|-32.288327|-15.113416|-0.013450|nan|-102.913964
1333|62.384417|-37.823026|-505.662204|nan|28.238665|4.771677|-59.101249|-0.575847|57.240762|44.452381|53.793391|-129.331473|56.921825|83.283674|-32.288327|-1.022052|-0.014168|nan|-103.026982
1334|44.314725|-36.832719|-530.867460|40.039882|30.898074|3.111214|-64.895489|-0.533525|47.118972|20.832884|35.901513|-125.562156|39.199681|71.783475|-32.288327|33.089366|-0.017348|nan|-103.114451
1335|57.512425|-35.092306|-501.546419|54.406264|33.300961|0.441191|-38.821409|-0.522332|62.366433|22.830292|49.349979|-121.527546|52.686433|90.287545|-32.288327|33.177742|-0.014988|nan|-103.117056
1336|56.787669|-33.594674|-452.917896|nan|35.094854|-2.559519|-56.204129|-0.392190|61.786655|44.649656|48.887872|-118.112092|52.347009|93.500287|-32.288327|62.346350|-0.015090|nan|-103.119661
1337|13.151757|-32.946588|-388.775694|9.590253|37.228913|-7.118261|-88.651874|-0.337327|26.250562|7.716875|5.543083|-114.620122|9.210208|53.835651|-32.288327|60.338888|-0.022787|nan|-103.137857
1338|-15.443341|-32.190439|-311.558855|nan|38.636609|-11.885608|-123.417314|-0.245410|-4.221568|-7.250881|-22.713928|-111.878168|-16.941568|29.569374|-32.288327|31.731074|-0.027815|nan|-103.143048
1339|-1.182969|-29.594897|-282.917308|-4.580183|40.112011|-16.379553|-103.137474|-0.118351|10.264032|8.194032|-7.998723|-109.045071|-2.055968|48.347140|-32.288327|31.559108|-0.025249|nan|-103.148238
1340|-4.334660|-26.733816|-241.402815|-7.614635|41.141448|-20.881105|-30.130048|-0.128034|9.526558|5.921912|-10.652578|-106.763146|-4.953088|48.161724|-32.288327|31.423600|-0.022177|nan|-103.223577
1341|-35.891979|-25.485310|-203.505902|nan|42.075115|-24.898750|-43.456801|-0.076188|-25.602339|-38.259633|-41.666873|-104.881457|-36.081985|19.751198|-32.288327|11.617754|-0.027717|nan|-103.285822
1342|-52.399979|-24.618109|-198.115606|-55.090276|42.753514|-28.516938|-84.016481|0.086459|-39.586211|-41.829746|-57.577163|-103.774119|-52.145857|5.910125|-32.288327|11.383222|-0.030590|nan|-103.348068
1343|-82.815666|-24.052359|-175.143877|-85.252236|42.874891|-31.049644|-122.837890|0.108829|-73.555905|-71.001461|-87.379484|-103.345433|-77.715905|-21.855873|-32.288327|-1.969962|-0.035926|nan|-103.410314
1344|-96.996151|-24.092731|-104.324985|-99.133703|42.909804|-32.703918|-131.529251|-0.296822|-89.461728|-84.124304|-100.955547|-103.459889|-93.702082|-33.398000|-32.288327|-2.221369|-0.038389|nan|-103.441560
1345|-94.372612|-24.197484|-64.144216|nan|42.591734|-34.439049|-193.527620|-0.423562|-84.484254|-69.215487|-97.760395|-105.603215|-90.804962|-28.360007|-32.288327|-2.406388|-0.037877|nan|-103.402541
1346|-78.994736|-24.427147|-52.848187|-79.334098|41.057320|-36.000892|-183.677411|-0.352156|-70.680513|-69.152179|-81.838395|-107.784573|-75.160513|-11.950718|-15.684916|-2.383518|-0.035106|nan|-103.376572
1347|-34.636146|-22.759268|19.509628|-34.689092|40.908596|-36.679136|-130.370403|-0.273471|-28.304865|-44.177218|-36.901992|-107.981468|-30.544865|32.239152|-15.684916|-2.198543|-0.027205|nan|-103.350602
1348|-46.482599|-21.314485|86.186889|-47.634320|40.669150|-37.763811|-148.332547|-0.197925|-36.452637|-42.915698|-48.236826|-108.193948|-42.133345|18.642869|-1.705366|-2.196835|-0.027887|nan|-103.272947
1349|-44.996779|-20.067838|100.617568|-45.894105|40.325611|-38.475001|-113.567106|-0.095663|-37.114719|-28.159359|-46.338313|-108.506347|-40.395073|18.257453|-1.262572|-2.184444|-0.027579|nan|-103.195293
1350|-57.408965|-19.381975|155.909766|nan|41.724128|-39.045705|-66.633761|-0.207532|-50.162623|-46.845669|-58.367391|-107.322987|-52.962977|3.030190|-1.262572|-2.163857|-0.029734|nan|-103.117638
1351|-82.570611|-18.870912|174.065392|-83.005696|43.150295|-40.217127|-116.464226|-0.283038|-73.717147|-58.400828|-83.156942|-106.674707|-78.518209|-24.944401|-1.262572|-2.290957|-0.033364|nan|-103.027484
1352|-63.691613|-18.151399|172.006140|-62.387280|43.883234|-40.914217|-51.568737|-0.345921|-57.316509|-46.396503|-63.889846|-105.675819|-60.117217|-9.693961|-1.262572|-2.224214|-0.029978|nan|-102.824942
1353|-73.779815|-17.574671|166.916878|-73.960194|45.090671|-41.278260|-31.868320|-0.408612|-67.886363|-50.715758|-73.615067|-104.839637|-72.767425|-23.614721|-1.262572|-2.314549|-0.031518|nan|-102.671140
1354|-68.204077|-16.964285|219.524320|nan|46.073396|-40.317375|-52.727585|-0.467380|-66.731769|-45.438185|-67.736448|-104.774501|-71.693185|-22.131396|-1.262572|-2.372657|-0.030493|nan|-102.517338
1355|-61.455031|-17.749271|283.658824|-60.923388|46.053969|-39.008672|-43.456801|-0.521527|-58.338681|-36.780335|-60.745520|-106.079875|-64.740097|-20.909009|-1.262572|-2.404906|-0.029264|nan|-102.133901
1356|-42.528172|-18.563727|330.823841|-40.489455|46.094079|-38.033233|-7.532512|-0.518679|-39.618397|-26.414106|-41.582873|-106.161424|-45.619105|-6.868718|-1.262572|-2.262730|-0.025877|nan|-101.822341
1357|-37.495350|-18.758704|344.084923|nan|45.454198|-36.965508|25.494656|-0.578480|-36.723227|-13.621908|-36.351689|-107.386605|-40.404289|-7.007780|-1.262572|-2.139845|-0.024955|nan|-101.510781
1358|-4.639191|-18.067490|278.902617|nan|45.397567|-35.110337|42.877377|-0.614279|-4.096058|14.713136|-3.378287|-108.566270|-7.377120|21.986598|-1.262572|-0.731423|-0.019105|nan|-101.385052
1359|12.579282|-17.109547|153.993356|15.081694|45.398255|-33.195511|86.913601|-0.710005|13.125954|15.318934|13.887582|-108.493578|10.005600|36.281836|-1.262572|-0.485377|-0.016025|nan|-101.259323
1400|57.619401|-13.781586|48.613193|60.243894|45.898014|-30.584979|157.603331|-0.979798|56.161027|51.930032|58.992980|-107.244346|55.200673|80.447229|-1.262572|-0.133141|-0.008018|nan|-100.917845
1401|87.023479|-9.694732|-67.281325|nan|47.240214|-27.854764|140.800034|-1.241252|85.311651|81.562891|88.496928|-105.624651|84.751297|109.400199|-1.262572|16.947316|-0.002399|nan|-100.409168
1402|85.738392|-5.862323|-147.595836|nan|48.137698|-24.384315|150.650242|-1.071478|79.832095|79.820710|87.258624|-104.843337|81.272449|107.893697|-1.262572|17.162561|-0.002604|nan|-100.010183
1403|55.497302|-2.536379|-207.948779|57.361170|49.344128|-21.442433|116.464226|-1.159243|51.382401|35.717401|57.006402|-104.481479|50.902401|77.665994|-1.262572|17.173050|-0.007235|nan|-100.036239
1404|40.917584|-0.181060|-250.825105|nan|49.957455|-18.951592|84.016482|-1.217687|36.416801|21.023467|42.408082|-105.283285|36.176801|62.582740|-1.262572|17.177334|-0.009802|nan|-100.976496
1405|54.748130|1.210694|-320.797544|nan|49.046899|-16.392716|111.249410|-1.023058|47.922623|18.032573|56.210386|-106.336254|49.842977|77.805056|-1.262572|17.330568|-0.007338|nan|-102.720990
1406|52.944605|3.041165|-357.229584|nan|48.926243|-13.598570|108.931714|-0.986152|45.784351|24.657397|54.403286|-106.155921|47.944705|77.382924|-1.262572|17.444480|-0.007646|nan|-104.723562
1407|50.571046|3.847360|-392.368994|nan|48.903275|-11.040326|63.157217|-0.935076|43.226300|28.003987|52.010822|-106.356461|45.627009|76.293607|-1.262572|27.676125|-0.008056|nan|-107.228302
1408|47.053482|3.956956|-410.260979|nan|48.897665|-8.445685|31.288897|-0.856842|37.509402|6.770208|48.463891|-106.433905|40.310465|74.480857|-1.262572|33.526207|-0.008672|nan|-109.624033
1409|42.966751|4.524277|-395.447395|nan|48.806565|-6.025347|41.718529|-0.787937|33.213434|1.016056|44.371402|-106.150676|36.174497|71.838684|-1.262572|34.635154|-0.009390|nan|-112.051955
1410|38.870251|4.948182|-380.133376|nan|48.698580|-4.946206|34.765441|-0.765895|34.917466|11.720802|40.273148|-106.383717|32.118529|69.469688|-1.262572|34.653224|-0.010108|nan|-114.544646
1411|-6.371018|4.060380|-395.447804|-3.771856|48.759272|-5.035671|-41.718529|-0.852354|-8.516544|-20.377826|-5.021497|-107.970569|-13.076544|26.903504|-1.262572|39.565085|-0.018114|nan|-116.856635
1412|-34.241040|2.012651|-496.556889|nan|48.307030|-5.166765|-85.754754|-1.092131|-36.248543|-39.447872|-32.871664|-109.096943|-40.888897|1.321086|-1.262572|43.958058|-0.023041|nan|-118.981581
1413|-33.720142|0.329014|-665.298281|nan|48.677837|-5.128208|-115.305378|-1.092131|-37.429473|-21.476898|-32.296346|-109.458984|-40.309473|4.107268|0.039487|43.765791|-0.022938|nan|-120.057132
1414|-5.387667|-1.277009|-855.964816|-1.783634|48.722219|-4.635025|-100.819778|-0.647182|-10.798050|-11.350271|-3.862131|-109.451374|-11.917696|35.321687|0.039487|43.768816|-0.017908|nan|-120.154441
1415|-20.509519|-3.798321|-1095.151656|nan|49.135578|-3.364242|-112.987682|-0.449831|-25.142720|-9.165412|-18.801818|-109.803592|-26.982720|23.895446|0.039487|43.616650|-0.020577|nan|-120.444893
1416|-22.305556|-5.328315|-1322.639137|nan|50.394600|-2.013381|-99.081505|-0.393292|-26.321346|-10.353684|-20.429751|-109.340309|-28.720992|25.703249|16.842783|43.498917|-0.020885|nan|-120.948032
1417|-23.513493|-7.082485|-1554.332800|nan|51.602015|-0.815491|-55.624705|-0.393292|-28.919840|-20.036775|-21.484811|-108.492555|-29.879840|28.201414|16.842783|43.409470|-0.021090|nan|-121.500665
1418|-11.383654|-8.483362|-1788.410574|nan|52.812082|0.755845|-55.045281|-0.347236|-18.032645|1.005489|-9.157778|-106.404702|-17.711936|43.614093|16.842783|41.673983|-0.018934|nan|-121.983585
1419|-27.641966|-9.905802|-2007.741271|-24.864797|54.195366|1.449605|-69.530881|-0.214035|-29.696162|-4.287324|-25.223321|-104.407141|-33.375808|30.472757|16.842783|41.591054|-0.021807|nan|-122.421440
1420|-29.414572|-11.576050|-2213.904345|nan|55.449201|1.138194|-83.437057|-0.053144|-28.794434|-5.592262|-26.833647|-102.655464|-35.114080|29.805571|16.842783|41.529796|-0.022115|nan|-122.873097
1421|-100.135366|-14.777392|-2314.453975|-97.023201|55.545466|-0.037301|-179.042019|-0.201369|-96.923101|-78.662528|-97.467602|-103.321766|-105.803810|-39.763072|3.236190|2.526624|-0.034637|nan|-124.089045
1422|-112.337725|-17.292579|-2314.782779|nan|54.608738|-2.149700|-172.088931|-0.430267|-106.611005|-89.365047|-109.703711|-105.600233|-117.971714|-50.786712|-8.931714|-9.907270|-0.038664|-78142.160878|-125.382248
1423|-108.905053|-19.092461|-2339.295605|nan|53.531201|-4.671151|-178.462595|-0.624177|-100.814461|-94.879412|-106.299297|-107.353905|-114.495170|-47.286991|-8.931714|-10.103481|-0.038049|-54651.897144|-126.057969
1424|-188.341709|-22.954927|-2375.176499|-185.087774|49.789882|-8.157967|-252.049444|-0.861899|-178.034488|-143.040588|-185.782719|-111.367429|-193.876259|-127.671982|-97.336259|-98.955104|-0.065630|-54648.812312|-126.727360
1425|-137.412194|-25.572399|-2405.202090|-133.592540|47.127520|-10.683233|-194.107043|-0.929197|-130.965530|-109.546946|-134.826783|-113.483284|-142.886946|-79.269373|-97.336259|-98.977451|-0.056600|-54645.514723|-126.587977
1426|-142.700161|-27.672312|-2428.981670|-139.562411|44.805649|-13.615698|-180.200867|-1.038531|-131.859991|-100.928429|-140.094732|-114.911838|-148.101762|-88.627918|-97.336259|-99.129330|-0.057528|-54642.004397|-126.581850
1427|-161.330137|-29.823743|-2448.302220|-158.102301|42.343644|-17.352443|-193.527620|-1.181075|-148.081206|-105.979088|-158.729214|-117.411845|-166.003331|-111.188217|-97.336259|-99.380583|-0.060819|-54638.174941|-126.813689
1428|-138.252210|-30.813901|-2448.537353|-133.928585|39.884461|-20.357338|-137.323490|-1.314728|-126.584953|-90.157029|-135.578374|-119.000793|-140.346370|-92.518226|-97.336259|-99.398789|-0.056716|-53279.567472|-126.697589
1429|-116.342748|-31.051950|-2533.818071|-111.913145|37.364436|-23.370007|-97.922658|-1.386508|-104.167195|-79.995290|-113.582204|-120.152809|-117.528258|-74.826614|-97.336259|-99.234754|-0.052817|-37925.021541|-126.523545
1430|-52.717108|-29.987776|-2630.528987|-48.423669|36.044919|-25.689675|11.009056|-1.239436|-42.030555|-23.602930|-49.872572|-119.843853|-53.791617|-16.606090|-97.336259|-98.930318|-0.041524|-33859.120878|-126.369744
1431|8.595058|-27.913485|-2688.414266|13.241969|36.234594|-26.169861|101.978625|-1.008163|15.868036|19.432798|11.542927|-118.344374|9.867328|41.896354|-97.336259|-98.519824|-0.030640|-33856.615386|-126.272434
1432|-1.947056|-27.044440|-2753.198319|1.823969|36.391353|-27.083943|90.390145|-1.240793|9.598758|3.673836|1.087970|-117.295501|-0.322304|28.264506|-97.336259|-98.339040|-0.032490|-28437.452306|-126.175125
1433|1.991269|-25.834955|-2751.808056|nan|35.724795|-27.872435|64.316065|-1.189822|13.814726|6.804805|5.131612|-117.175745|3.733664|29.261115|-97.336259|-98.185969|-0.031773|-25275.913846|-126.058063
1434|19.850149|-24.279266|-2800.580221|24.828738|35.384258|-28.016904|67.792609|-1.153228|27.856516|5.722712|23.113748|-116.985585|21.855808|44.770297|-97.336259|-97.902509|-0.028590|-28884.901980|-125.941001
1435|23.236439|-22.414926|-2868.790349|nan|34.575181|-28.345245|85.175329|-1.289044|33.253060|17.004019|26.564561|-117.986230|27.652352|45.790083|-97.336259|-97.674407|-0.027975|-31139.897141|-125.823940
1436|66.617930|-19.089973|-2894.513902|71.762931|33.753163|-27.903151|126.893858|-1.263933|74.548799|40.447725|69.971268|-118.522285|71.349153|88.693799|-97.336259|-97.338396|-0.020271|-26174.545934|-125.784727
1437|93.231869|-15.608296|-2914.059879|98.168929|33.310203|-26.265344|151.229667|-1.163438|94.961949|46.972658|96.617232|-118.248715|98.002658|117.398895|-97.336259|-96.922079|-0.015546|-39261.054066|-125.784727
1438|132.625474|-11.129930|-2869.107274|137.847560|34.123701|-23.478607|187.153955|-1.001747|132.202427|88.542677|136.085540|-115.927700|137.403490|160.087434|-97.336259|-96.447963|-0.008562|-63178.584616|-125.797820
1439|143.656564|-6.583572|-2775.995973|148.875497|35.660498|-20.792296|194.107043|-0.714103|142.891838|110.266440|147.174178|-112.729442|148.412546|174.735273|-97.336259|-70.098847|-0.006610|-65887.136703|-125.778165
1440|97.927399|-3.199837|-2643.668508|102.283012|36.941357|-18.967044|144.276579|-0.616306|100.557696|85.796939|101.428542|-111.220350|102.638050|132.419090|-97.336259|-68.896665|-0.014723|-65889.061976|-125.742857
1441|81.763588|-0.496862|-2505.191828|nan|37.819953|-16.901420|82.857633|-0.489602|83.933823|65.527828|85.268160|-110.145937|86.414177|119.996239|-97.336259|-68.943307|-0.017599|-65892.142412|-125.687796
1442|94.014406|2.346295|-2361.123168|99.050646|38.754690|-14.316749|67.213185|-0.308286|91.701373|68.813366|97.488915|-108.656470|96.502082|136.229227|-97.336259|-58.162659|-0.015441|-65896.121321|-125.632735
1443|78.467196|4.081418|-2230.097941|82.309727|39.705550|-11.562930|52.148160|-0.308286|75.657633|58.145333|81.859513|-107.622601|78.697633|124.437100|-97.336259|-54.089505|-0.018214|-65900.613624|-125.577675
1444|76.835950|5.464416|-2035.793448|nan|40.725540|-8.610334|78.801665|-0.228047|73.679007|66.811028|80.089043|-106.547404|76.879361|126.963389|-97.336259|-4.721082|-0.018522|-65905.362642|-125.522614
1445|75.216733|5.847107|-1825.146719|nan|41.812480|-5.737683|61.998369|-0.144416|71.540735|60.902517|78.320747|-105.403261|74.981089|131.376126|-97.336259|42.334767|-0.018829|-65910.496703|-125.467553
1446|70.704931|5.466562|-1566.577116|nan|42.616020|-3.204595|55.624705|-0.153164|68.424633|62.096887|73.714701|-103.125935|70.345697|132.766744|-97.336259|46.118386|-0.019650|-58692.342852|-125.483269
1447|79.520808|5.290572|-1302.736686|83.983950|44.092552|-1.216423|63.157217|-0.103152|76.795639|70.545390|82.465798|-99.812995|79.037057|147.859114|-97.336259|50.260435|-0.018108|-58697.600000|-125.498985
1448|59.952098|5.277262|-1168.615286|63.192784|45.348934|0.571171|55.624705|-0.086453|56.935577|61.961641|62.755001|-97.097537|59.336641|134.059707|-97.336259|53.838069|-0.021598|-58702.742852|-125.540756
1449|9.674070|4.520738|-1071.956846|12.645213|45.441248|1.437071|-11.009056|-0.122542|8.525333|18.063224|12.270397|-96.725347|8.926752|87.951618|-97.336259|51.515556|-0.030529|-58707.542858|-125.691294
1450|18.500606|3.726289|-936.972971|22.695311|45.135731|2.718487|-4.055968|-0.154176|15.457048|-1.941412|20.914785|-95.736235|17.618112|101.282538|-97.336259|47.663571|-0.028987|-58711.885710|-125.929953
1451|26.177643|3.114872|-810.204496|nan|45.093223|4.542224|-67.213186|0.056611|21.229205|18.381388|28.497381|-94.620033|24.750624|112.829611|-97.336259|47.622077|-0.027651|-58715.314289|-126.426739
1452|-65.234241|0.561807|-689.932383|-62.191241|43.559318|4.359845|-170.930083|0.372031|-62.159079|-56.936032|-63.008109|-96.044124|-66.798369|24.692578|-97.336259|0.604500|-0.043870|-58717.600001|-126.883988
1453|-69.150285|-1.910555|-501.160335|-65.729066|41.563882|4.418020|-171.509507|0.604437|-72.215401|-78.771663|-67.023541|-97.883121|-70.934337|25.322524|-97.336259|-28.536381|-0.044587|-58719.085714|-127.270703
1454|-16.862827|-3.208473|-310.435044|-13.268608|40.436862|5.312822|-198.742435|0.842204|-22.067240|-30.912994|-14.722295|-97.763730|-18.866176|82.017798|-71.346946|-28.449070|-0.035347|-58719.999998|-127.666795
1455|-6.291292|-4.211024|-118.898360|nan|39.888740|6.263121|-137.323490|0.936268|-11.557253|-12.608686|-4.136711|-97.190436|-8.516544|97.731777|-70.103331|-28.382120|-0.033499|-58720.342855|-127.843067
1456|47.739403|-3.104342|58.529055|51.083291|41.686860|7.845071|-88.651873|1.087258|42.329180|40.936080|49.991375|-93.029235|45.369889|154.279132|-70.103331|-28.178020|-0.023953|-58720.342855|-127.943193
1457|43.247232|-1.512711|146.356732|nan|43.691978|9.249826|-111.828834|1.241429|37.853434|56.016164|45.699480|-88.664846|40.734497|151.516646|-59.426370|-28.023058|-0.024773|-58720.228570|-128.043318
1458|24.844767|-0.329870|180.029563|26.543178|45.550681|9.729045|-107.193442|1.359320|21.552219|31.576976|27.464504|-84.936002|22.192928|134.481579|-55.265401|-28.062156|-0.028057|-58719.999998|-128.143443
1459|49.319131|0.828229|248.701714|52.196491|49.757763|10.433921|-60.839521|1.471264|44.127674|41.794494|52.172072|-78.292754|46.528737|160.240039|-28.554337|-27.790826|-0.023745|-58719.771427|-128.243568
