859|nan|nan|nan|nan|nan|nan|nan|nan|nan|nan|nan|nan|nan|nan|nan|nan|nan|nan|nan|nan|nan|nan|nan|nan|nan|nan|nan|nan|nan|nan|nan|nan|nan|nan|nan|nan|nan|nan|nan|nan|nan|nan|nan|nan|nan|nan|nan|nan|nan|nan
900|nan|nan|nan|nan|nan|nan|nan|nan|nan|nan|nan|nan|nan|nan|nan|nan|nan|nan|nan|nan|nan|nan|nan|nan|nan|nan|nan|nan|nan|nan|nan|nan|nan|nan|nan|nan|nan|nan|nan|nan|nan|nan|nan|nan|nan|nan|nan|nan|nan|nan
901|nan|nan|nan|nan|nan|nan|nan|nan|nan|nan|nan|nan|nan|nan|nan|nan|nan|nan|nan|nan|nan|nan|nan|nan|nan|nan|nan|nan|nan|nan|nan|nan|nan|nan|nan|nan|nan|nan|nan|nan|nan|nan|nan|nan|nan|nan|nan|nan|nan|nan
902|nan|nan|nan|nan|nan|nan|nan|nan|nan|nan|nan|nan|nan|nan|nan|nan|nan|nan|nan|nan|nan|nan|nan|nan|nan|nan|nan|nan|nan|nan|nan|nan|nan|nan|nan|nan|nan|nan|nan|nan|nan|nan|nan|nan|nan|nan|nan|nan|nan|nan
903|nan|nan|nan|nan|nan|nan|nan|nan|nan|nan|nan|nan|nan|nan|nan|nan|nan|nan|nan|nan|nan|nan|nan|nan|nan|nan|nan|nan|nan|nan|nan|nan|nan|nan|nan|nan|nan|nan|nan|nan|nan|nan|nan|nan|nan|nan|nan|nan|nan|nan
904|nan|nan|nan|nan|nan|nan|nan|nan|nan|nan|nan|nan|nan|nan|nan|nan|nan|nan|nan|nan|nan|nan|nan|nan|nan|nan|nan|nan|nan|nan|nan|nan|nan|nan|nan|nan|nan|nan|nan|nan|nan|nan|nan|nan|nan|nan|nan|nan|nan|nan
905|nan|nan|nan|nan|nan|nan|nan|nan|nan|nan|nan|nan|nan|nan|nan|nan|nan|nan|nan|nan|nan|nan|nan|nan|nan|nan|nan|nan|nan|nan|nan|nan|nan|nan|nan|nan|nan|nan|nan|nan|nan|nan|nan|nan|nan|nan|nan|nan|nan|nan
906|nan|nan|nan|nan|nan|nan|nan|nan|nan|nan|nan|nan|nan|nan|nan|nan|nan|nan|nan|nan|nan|nan|nan|nan|nan|nan|nan|nan|nan|nan|nan|nan|nan|nan|nan|nan|nan|nan|nan|nan|nan|nan|nan|nan|nan|nan|nan|nan|nan|nan
907|nan|nan|nan|nan|nan|nan|nan|nan|nan|nan|nan|nan|nan|nan|nan|nan|nan|nan|nan|nan|nan|nan|nan|nan|nan|nan|nan|nan|nan|nan|nan|nan|nan|nan|nan|nan|nan|nan|nan|nan|nan|nan|nan|nan|nan|nan|nan|nan|nan|nan
908|nan|nan|nan|nan|nan|nan|nan|nan|nan|nan|nan|nan|nan|nan|nan|nan|nan|nan|nan|nan|nan|nan|nan|nan|nan|nan|nan|nan|nan|nan|nan|nan|nan|nan|nan|nan|nan|nan|nan|nan|nan|nan|nan|nan|nan|nan|nan|nan|nan|nan
909|nan|nan|nan|nan|nan|nan|nan|nan|nan|nan|nan|nan|nan|nan|nan|nan|nan|nan|nan|nan|nan|nan|nan|nan|nan|nan|nan|nan|nan|nan|nan|nan|nan|nan|nan|nan|nan|nan|nan|nan|nan|nan|nan|nan|nan|nan|nan|nan|nan|nan
910|nan|nan|nan|nan|nan|nan|nan|nan|nan|nan|nan|nan|nan|nan|nan|nan|nan|nan|nan|nan|nan|nan|nan|nan|nan|nan|nan|nan|nan|nan|nan|nan|nan|nan|nan|nan|nan|nan|nan|nan|nan|nan|nan|nan|nan|nan|nan|nan|nan|nan
911|nan|nan|nan|nan|nan|nan|nan|nan|nan|nan|nan|nan|nan|nan|nan|nan|nan|nan|nan|nan|nan|nan|nan|nan|nan|nan|nan|nan|nan|nan|nan|nan|nan|nan|nan|nan|nan|nan|nan|nan|nan|nan|nan|nan|nan|nan|nan|nan|nan|nan
912|nan|nan|nan|nan|nan|nan|nan|nan|nan|nan|nan|nan|nan|nan|nan|nan|nan|nan|nan|nan|nan|nan|nan|nan|nan|nan|nan|nan|nan|nan|nan|nan|nan|nan|nan|nan|nan|nan|nan|nan|nan|nan|nan|nan|nan|nan|nan|nan|nan|nan
913|nan|nan|nan|nan|nan|nan|nan|nan|nan|nan|nan|nan|nan|nan|nan|nan|nan|nan|nan|nan|nan|nan|nan|nan|nan|nan|nan|nan|nan|nan|nan|nan|nan|nan|nan|nan|nan|nan|nan|nan|nan|nan|nan|nan|nan|nan|nan|nan|nan|nan
914|nan|nan|nan|nan|nan|nan|nan|nan|nan|nan|nan|nan|nan|nan|nan|nan|nan|nan|nan|nan|nan|nan|nan|nan|nan|nan|nan|nan|nan|nan|nan|nan|nan|nan|nan|nan|nan|nan|nan|nan|nan|nan|nan|nan|nan|nan|nan|nan|nan|nan
915|nan|nan|nan|nan|nan|nan|nan|nan|nan|nan|nan|nan|nan|nan|nan|nan|nan|nan|nan|nan|nan|nan|nan|nan|nan|nan|nan|nan|nan|nan|nan|nan|nan|nan|nan|nan|nan|nan|nan|nan|nan|nan|nan|nan|nan|nan|nan|nan|nan|nan
916|nan|nan|nan|nan|nan|nan|nan|nan|nan|nan|nan|nan|nan|nan|nan|nan|nan|nan|nan|nan|nan|nan|nan|nan|nan|nan|nan|nan|nan|nan|nan|nan|nan|nan|nan|nan|nan|nan|nan|nan|nan|nan|nan|nan|nan|nan|nan|nan|nan|nan
917|nan|nan|nan|nan|nan|nan|nan|nan|nan|nan|nan|nan|nan|nan|nan|nan|nan|nan|nan|nan|nan|nan|nan|nan|nan|nan|nan|nan|nan|nan|nan|nan|nan|nan|nan|nan|nan|nan|nan|nan|nan|nan|nan|nan|nan|nan|nan|nan|nan|nan
918|nan|nan|nan|nan|nan|nan|nan|nan|nan|nan|nan|nan|nan|nan|nan|nan|nan|nan|nan|nan|nan|nan|nan|nan|nan|nan|nan|nan|nan|nan|nan|nan|nan|nan|nan|nan|nan|nan|nan|nan|nan|nan|nan|nan|nan|nan|nan|nan|nan|nan
919|nan|nan|nan|nan|nan|nan|nan|nan|nan|nan|nan|nan|nan|nan|nan|nan|nan|nan|nan|nan|nan|nan|nan|nan|nan|nan|nan|nan|nan|nan|nan|nan|nan|nan|nan|nan|nan|nan|nan|nan|nan|nan|nan|nan|nan|nan|nan|nan|nan|nan
920|nan|nan|nan|nan|nan|nan|nan|nan|nan|nan|nan|nan|nan|nan|nan|nan|nan|nan|nan|nan|nan|nan|nan|nan|nan|nan|nan|nan|nan|nan|nan|nan|nan|nan|nan|nan|nan|nan|nan|nan|nan|nan|nan|nan|nan|nan|nan|nan|nan|nan
921|nan|nan|nan|nan|nan|nan|nan|nan|nan|nan|nan|nan|nan|nan|nan|nan|nan|nan|nan|nan|nan|nan|nan|nan|nan|nan|nan|nan|nan|nan|nan|nan|nan|nan|nan|nan|nan|nan|nan|nan|nan|nan|nan|nan|nan|nan|nan|nan|nan|nan
922|nan|nan|nan|nan|nan|nan|nan|nan|nan|nan|nan|nan|nan|nan|nan|nan|nan|nan|nan|nan|nan|nan|nan|nan|nan|nan|nan|nan|nan|nan|nan|nan|nan|nan|nan|nan|nan|nan|nan|nan|nan|nan|nan|nan|nan|nan|nan|nan|nan|nan
923|nan|nan|nan|nan|nan|nan|nan|nan|nan|nan|nan|nan|nan|nan|nan|nan|nan|nan|nan|nan|nan|nan|nan|nan|nan|nan|nan|nan|nan|nan|nan|nan|nan|nan|nan|nan|nan|nan|nan|nan|nan|nan|nan|nan|nan|nan|nan|nan|nan|nan
924|nan|nan|nan|nan|nan|nan|nan|nan|nan|nan|nan|nan|nan|nan|nan|nan|nan|nan|nan|nan|nan|nan|nan|nan|nan|nan|nan|nan|nan|nan|nan|nan|nan|nan|nan|nan|nan|nan|nan|nan|nan|nan|nan|nan|nan|nan|nan|nan|nan|nan
925|nan|nan|nan|nan|nan|nan|nan|nan|nan|nan|nan|nan|nan|nan|nan|nan|nan|nan|nan|nan|nan|nan|nan|nan|nan|nan|nan|nan|nan|nan|nan|nan|nan|nan|nan|nan|nan|nan|nan|nan|nan|nan|nan|nan|nan|nan|nan|nan|nan|nan
926|nan|nan|nan|nan|nan|nan|nan|nan|nan|nan|nan|nan|nan|nan|nan|nan|nan|nan|nan|nan|nan|nan|nan|nan|nan|nan|nan|nan|nan|nan|nan|nan|nan|nan|nan|nan|nan|nan|nan|nan|nan|nan|nan|nan|nan|nan|nan|nan|nan|nan
927|nan|nan|nan|nan|nan|nan|nan|nan|nan|nan|nan|nan|nan|nan|nan|nan|nan|nan|nan|nan|nan|nan|nan|nan|nan|nan|nan|nan|nan|nan|nan|nan|nan|nan|nan|nan|nan|nan|nan|nan|nan|nan|nan|nan|nan|nan|nan|nan|nan|nan
928|nan|nan|nan|nan|nan|nan|nan|nan|nan|nan|nan|nan|nan|nan|nan|nan|nan|nan|nan|nan|nan|nan|nan|nan|nan|nan|nan|nan|nan|nan|nan|nan|nan|nan|nan|nan|nan|nan|nan|nan|nan|nan|nan|nan|nan|nan|nan|nan|nan|nan
929|nan|nan|nan|nan|nan|nan|nan|nan|nan|nan|nan|nan|nan|nan|nan|nan|nan|nan|nan|nan|nan|nan|nan|nan|nan|nan|nan|nan|nan|nan|nan|nan|nan|nan|nan|nan|nan|nan|nan|nan|nan|nan|nan|nan|nan|nan|nan|nan|nan|nan
930|nan|nan|nan|nan|nan|nan|nan|nan|nan|nan|nan|nan|nan|nan|nan|nan|nan|nan|nan|nan|nan|nan|nan|nan|nan|nan|nan|nan|nan|nan|nan|nan|nan|nan|nan|nan|nan|nan|nan|nan|nan|nan|nan|nan|nan|nan|nan|nan|nan|nan
931|nan|nan|nan|nan|nan|nan|nan|nan|nan|nan|nan|nan|nan|nan|nan|nan|nan|nan|nan|nan|nan|nan|nan|nan|nan|nan|nan|nan|nan|nan|nan|nan|nan|nan|nan|nan|nan|nan|nan|nan|nan|nan|nan|nan|nan|nan|nan|nan|nan|nan
932|nan|nan|nan|nan|nan|nan|nan|nan|nan|nan|nan|nan|nan|nan|nan|nan|nan|nan|nan|nan|nan|nan|nan|nan|nan|nan|nan|nan|nan|nan|nan|nan|nan|nan|nan|nan|nan|nan|nan|nan|nan|nan|nan|nan|nan|nan|nan|nan|nan|nan
933|nan|nan|nan|nan|nan|nan|nan|nan|nan|nan|nan|nan|nan|nan|nan|nan|nan|nan|nan|nan|nan|nan|nan|nan|nan|nan|nan|nan|nan|nan|nan|nan|nan|nan|nan|nan|nan|nan|nan|nan|nan|nan|nan|nan|nan|nan|nan|nan|nan|nan
934|nan|nan|nan|nan|nan|nan|nan|nan|nan|nan|nan|nan|nan|nan|nan|nan|nan|nan|nan|nan|nan|nan|nan|nan|nan|nan|nan|nan|nan|nan|nan|nan|nan|nan|nan|nan|nan|nan|nan|nan|nan|nan|nan|nan|nan|nan|nan|nan|nan|nan
935|nan|nan|nan|nan|nan|nan|nan|nan|nan|nan|nan|nan|nan|nan|nan|nan|nan|nan|nan|nan|nan|nan|nan|nan|nan|nan|nan|nan|nan|nan|nan|nan|nan|nan|nan|nan|nan|nan|nan|nan|nan|nan|nan|nan|nan|nan|nan|nan|nan|nan
936|nan|nan|nan|nan|nan|nan|nan|nan|nan|nan|nan|nan|nan|nan|nan|nan|nan|nan|nan|nan|nan|nan|nan|nan|nan|nan|nan|nan|nan|nan|nan|nan|nan|nan|nan|nan|nan|nan|nan|nan|nan|nan|nan|nan|nan|nan|nan|nan|nan|nan
937|nan|nan|nan|nan|nan|nan|nan|nan|nan|nan|nan|nan|nan|nan|nan|nan|nan|nan|nan|nan|nan|nan|nan|nan|nan|nan|nan|nan|nan|nan|nan|nan|nan|nan|nan|nan|nan|nan|nan|nan|nan|nan|nan|nan|nan|nan|nan|nan|nan|nan
938|nan|nan|nan|nan|nan|nan|nan|nan|nan|nan|nan|nan|nan|nan|nan|nan|nan|nan|nan|nan|nan|nan|nan|nan|nan|nan|nan|nan|nan|nan|nan|nan|nan|nan|nan|nan|nan|nan|nan|nan|nan|nan|nan|nan|nan|nan|nan|nan|nan|nan
939|nan|nan|nan|nan|nan|nan|nan|nan|nan|nan|nan|nan|nan|nan|nan|nan|nan|nan|nan|nan|nan|nan|nan|nan|nan|nan|nan|nan|nan|nan|nan|nan|nan|nan|nan|nan|nan|nan|nan|nan|nan|nan|nan|nan|nan|nan|nan|nan|nan|nan
940|nan|nan|nan|nan|nan|nan|nan|nan|nan|nan|nan|nan|nan|nan|nan|nan|nan|nan|nan|nan|nan|nan|nan|nan|nan|nan|nan|nan|nan|nan|nan|nan|nan|nan|nan|nan|nan|nan|nan|nan|nan|nan|nan|nan|nan|nan|nan|nan|nan|nan
941|nan|nan|nan|nan|nan|nan|nan|nan|nan|nan|nan|nan|nan|nan|nan|nan|nan|nan|nan|nan|nan|nan|nan|nan|nan|nan|nan|nan|nan|nan|nan|nan|nan|nan|nan|nan|nan|nan|nan|nan|nan|nan|nan|nan|nan|nan|nan|nan|nan|nan
942|nan|nan|nan|nan|nan|nan|nan|nan|nan|nan|nan|nan|nan|nan|nan|nan|nan|nan|nan|nan|nan|nan|nan|nan|nan|nan|nan|nan|nan|nan|nan|nan|nan|nan|nan|nan|nan|nan|nan|nan|nan|nan|nan|nan|nan|nan|nan|nan|nan|nan
943|nan|nan|nan|nan|nan|nan|nan|nan|nan|nan|nan|nan|nan|nan|nan|nan|nan|nan|nan|nan|nan|nan|nan|nan|nan|nan|nan|nan|nan|nan|nan|nan|nan|nan|nan|nan|nan|nan|nan|nan|nan|nan|nan|nan|nan|nan|nan|nan|nan|nan
944|nan|nan|nan|nan|nan|nan|nan|nan|nan|nan|nan|nan|nan|nan|nan|nan|nan|nan|nan|nan|nan|nan|nan|nan|nan|nan|nan|nan|nan|nan|nan|nan|nan|nan|nan|nan|nan|nan|nan|nan|nan|nan|nan|nan|nan|nan|nan|nan|nan|nan
945|nan|nan|nan|nan|nan|nan|nan|nan|nan|nan|nan|nan|nan|nan|nan|nan|nan|nan|nan|nan|nan|nan|nan|nan|nan|nan|nan|nan|nan|nan|nan|nan|nan|nan|nan|nan|nan|nan|nan|nan|nan|nan|nan|nan|nan|nan|nan|nan|nan|nan
946|nan|nan|nan|nan|nan|nan|nan|nan|nan|nan|nan|nan|nan|nan|nan|nan|nan|nan|nan|nan|nan|nan|nan|nan|nan|nan|nan|nan|nan|nan|nan|nan|nan|nan|nan|nan|nan|nan|nan|nan|nan|nan|nan|nan|nan|nan|nan|nan|nan|nan
947|nan|nan|nan|nan|nan|nan|nan|nan|nan|nan|nan|nan|nan|nan|nan|nan|nan|nan|nan|nan|nan|nan|nan|nan|nan|nan|nan|nan|nan|nan|nan|nan|nan|nan|nan|nan|nan|nan|nan|nan|nan|nan|nan|nan|nan|nan|nan|nan|nan|nan
948|nan|nan|nan|nan|nan|nan|nan|nan|nan|nan|nan|nan|nan|nan|nan|nan|nan|nan|nan|nan|nan|nan|nan|nan|nan|nan|nan|nan|nan|nan|nan|nan|nan|nan|nan|nan|nan|nan|nan|nan|nan|nan|nan|nan|nan|nan|nan|nan|nan|nan
949|nan|nan|nan|nan|nan|nan|nan|nan|nan|nan|nan|nan|nan|nan|nan|nan|nan|nan|nan|nan|nan|nan|nan|nan|nan|nan|nan|nan|nan|nan|nan|nan|nan|nan|nan|nan|nan|nan|nan|nan|nan|nan|nan|nan|nan|nan|nan|nan|nan|nan
950|nan|nan|nan|nan|nan|nan|nan|nan|nan|nan|nan|nan|nan|nan|nan|nan|nan|nan|nan|nan|nan|nan|nan|nan|nan|nan|nan|nan|nan|nan|nan|nan|nan|nan|nan|nan|nan|nan|nan|nan|nan|nan|nan|nan|nan|nan|nan|nan|nan|nan
951|nan|nan|nan|nan|nan|nan|nan|nan|nan|nan|nan|nan|nan|nan|nan|nan|nan|nan|nan|nan|nan|nan|nan|nan|nan|nan|nan|nan|nan|nan|nan|nan|nan|nan|nan|nan|nan|nan|nan|nan|nan|nan|nan|nan|nan|nan|nan|nan|nan|nan
952|nan|nan|nan|nan|nan|nan|nan|nan|nan|nan|nan|nan|nan|nan|nan|nan|nan|nan|nan|nan|nan|nan|nan|nan|nan|nan|nan|nan|nan|nan|nan|nan|nan|nan|nan|nan|nan|nan|nan|nan|nan|nan|nan|nan|nan|nan|nan|nan|nan|nan
953|nan|nan|nan|nan|nan|nan|nan|nan|nan|nan|nan|nan|nan|nan|nan|nan|nan|nan|nan|nan|nan|nan|nan|nan|nan|nan|nan|nan|nan|nan|nan|nan|nan|nan|nan|nan|nan|nan|nan|nan|nan|nan|nan|nan|nan|nan|nan|nan|nan|nan
954|nan|nan|nan|nan|nan|nan|nan|nan|nan|nan|nan|nan|nan|nan|nan|nan|nan|nan|nan|nan|nan|nan|nan|nan|nan|nan|nan|nan|nan|nan|nan|nan|nan|nan|nan|nan|nan|nan|nan|nan|nan|nan|nan|nan|nan|nan|nan|nan|nan|nan
955|nan|nan|nan|nan|nan|nan|nan|nan|nan|nan|nan|nan|nan|nan|nan|nan|nan|nan|nan|nan|nan|nan|nan|nan|nan|nan|nan|nan|nan|nan|nan|nan|nan|nan|nan|nan|nan|nan|nan|nan|nan|nan|nan|nan|nan|nan|nan|nan|nan|nan
956|nan|nan|nan|nan|nan|nan|nan|nan|nan|nan|nan|nan|nan|nan|nan|nan|nan|nan|nan|nan|nan|nan|nan|nan|nan|nan|nan|nan|nan|nan|nan|nan|nan|nan|nan|nan|nan|nan|nan|nan|nan|nan|nan|nan|nan|nan|nan|nan|nan|nan
957|nan|nan|nan|nan|nan|nan|nan|nan|nan|nan|nan|nan|nan|nan|nan|nan|nan|nan|nan|nan|nan|nan|nan|nan|nan|nan|nan|nan|nan|nan|nan|nan|nan|nan|nan|nan|nan|nan|nan|nan|nan|nan|nan|nan|nan|nan|nan|nan|nan|nan
958|nan|nan|nan|nan|nan|nan|nan|nan|nan|nan|nan|nan|nan|nan|nan|nan|nan|nan|nan|nan|nan|nan|nan|nan|nan|nan|nan|nan|nan|nan|nan|nan|nan|nan|nan|nan|nan|nan|nan|nan|nan|nan|nan|nan|nan|nan|nan|nan|nan|nan
959|nan|nan|nan|nan|nan|nan|nan|nan|nan|nan|nan|nan|nan|nan|nan|nan|nan|nan|nan|nan|nan|nan|nan|nan|nan|nan|nan|nan|nan|nan|nan|nan|nan|nan|nan|nan|nan|nan|nan|nan|nan|nan|nan|nan|nan|nan|nan|nan|nan|nan
1000|nan|nan|nan|nan|nan|nan|nan|nan|nan|nan|nan|nan|nan|nan|nan|nan|nan|nan|nan|nan|nan|nan|nan|nan|nan|nan|nan|nan|nan|nan|nan|nan|nan|nan|nan|nan|nan|nan|nan|nan|nan|nan|nan|nan|nan|nan|nan|nan|nan|nan
1001|nan|nan|nan|nan|nan|nan|nan|nan|nan|nan|nan|nan|nan|nan|nan|nan|nan|nan|nan|nan|nan|nan|nan|nan|nan|nan|nan|nan|nan|nan|nan|nan|nan|nan|nan|nan|nan|nan|nan|nan|nan|nan|nan|nan|nan|nan|nan|nan|nan|nan
1002|nan|nan|nan|nan|nan|nan|nan|nan|nan|nan|nan|nan|nan|nan|nan|nan|nan|nan|nan|nan|nan|nan|nan|nan|nan|nan|nan|nan|nan|nan|nan|nan|nan|nan|nan|nan|nan|nan|nan|nan|nan|nan|nan|nan|nan|nan|nan|nan|nan|nan
1003|nan|nan|nan|nan|nan|nan|nan|nan|nan|nan|nan|nan|nan|nan|nan|nan|nan|nan|nan|nan|nan|nan|nan|nan|nan|nan|nan|nan|nan|nan|nan|nan|nan|nan|nan|nan|nan|nan|nan|nan|nan|nan|nan|nan|nan|nan|nan|nan|nan|nan
1004|nan|nan|nan|nan|nan|nan|nan|nan|nan|nan|nan|nan|nan|nan|nan|nan|nan|nan|nan|nan|nan|nan|nan|nan|nan|nan|nan|nan|nan|nan|nan|nan|nan|nan|nan|nan|nan|nan|nan|nan|nan|nan|nan|nan|nan|nan|nan|nan|nan|nan
1005|nan|nan|nan|nan|nan|nan|nan|nan|nan|nan|nan|nan|nan|nan|nan|nan|nan|nan|nan|nan|nan|nan|nan|nan|nan|nan|nan|nan|nan|nan|nan|nan|nan|nan|nan|nan|nan|nan|nan|nan|nan|nan|nan|nan|nan|nan|nan|nan|nan|nan
1006|nan|nan|nan|nan|nan|nan|nan|nan|nan|nan|nan|nan|nan|nan|nan|nan|nan|nan|nan|nan|nan|nan|nan|nan|nan|nan|nan|nan|nan|nan|nan|nan|nan|nan|nan|nan|nan|nan|nan|nan|nan|nan|nan|nan|nan|nan|nan|nan|nan|nan
1007|nan|nan|nan|nan|nan|nan|nan|nan|nan|nan|nan|nan|nan|nan|nan|nan|nan|nan|nan|nan|nan|nan|nan|nan|nan|nan|nan|nan|nan|nan|nan|nan|nan|nan|nan|nan|nan|nan|nan|nan|nan|nan|nan|nan|nan|nan|nan|nan|nan|nan
1008|nan|nan|nan|nan|nan|nan|nan|nan|nan|nan|nan|nan|nan|nan|nan|nan|nan|nan|nan|nan|nan|nan|nan|nan|nan|nan|nan|nan|nan|nan|nan|nan|nan|nan|nan|nan|nan|nan|nan|nan|nan|nan|nan|nan|nan|nan|nan|nan|nan|nan
1009|nan|nan|nan|nan|nan|nan|nan|nan|nan|nan|nan|nan|nan|nan|nan|nan|nan|nan|nan|nan|nan|nan|nan|nan|nan|nan|nan|nan|nan|nan|nan|nan|nan|nan|nan|nan|nan|nan|nan|nan|nan|nan|nan|nan|nan|nan|nan|nan|nan|nan
1010|nan|nan|nan|nan|nan|nan|nan|nan|nan|nan|nan|nan|nan|nan|nan|nan|nan|nan|nan|nan|nan|nan|nan|nan|nan|nan|nan|nan|nan|nan|nan|nan|nan|nan|nan|nan|nan|nan|nan|nan|nan|nan|nan|nan|nan|nan|nan|nan|nan|nan
1011|nan|nan|nan|nan|nan|nan|nan|nan|nan|nan|nan|nan|nan|nan|nan|nan|nan|nan|nan|nan|nan|nan|nan|nan|nan|nan|nan|nan|nan|nan|nan|nan|nan|nan|nan|nan|nan|nan|nan|nan|nan|nan|nan|nan|nan|nan|nan|nan|nan|nan
1012|nan|nan|nan|nan|nan|nan|nan|nan|nan|nan|nan|nan|nan|nan|nan|nan|nan|nan|nan|nan|nan|nan|nan|nan|nan|nan|nan|nan|nan|nan|nan|nan|nan|nan|nan|nan|nan|nan|nan|nan|nan|nan|nan|nan|nan|nan|nan|nan|nan|nan
1013|nan|nan|nan|nan|nan|nan|nan|nan|nan|nan|nan|nan|nan|nan|nan|nan|nan|nan|nan|nan|nan|nan|nan|nan|nan|nan|nan|nan|nan|-223.272707|nan|nan|nan|nan|nan|nan|nan|nan|nan|nan|nan|nan|nan|nan|nan|nan|nan|nan|nan|nan
1014|nan|nan|nan|nan|nan|nan|nan|nan|nan|nan|nan|nan|nan|nan|nan|nan|nan|nan|nan|nan|nan|nan|nan|nan|nan|nan|nan|nan|nan|-317.640912|nan|nan|nan|nan|nan|nan|nan|nan|nan|nan|nan|nan|nan|nan|nan|nan|nan|nan|nan|nan
1030|nan|nan|nan|nan|nan|nan|nan|nan|nan|nan|nan|nan|nan|nan|nan|nan|nan|nan|nan|nan|nan|nan|nan|nan|nan|nan|nan|nan|nan|-211.760608|nan|nan|nan|nan|nan|nan|nan|nan|nan|nan|nan|nan|nan|nan|nan|nan|nan|nan|nan|nan
1031|nan|nan|nan|nan|nan|nan|nan|nan|nan|nan|nan|nan|nan|nan|nan|nan|nan|nan|nan|nan|nan|nan|nan|nan|nan|nan|nan|nan|nan|-158.820456|nan|nan|nan|nan|nan|nan|nan|nan|nan|nan|nan|nan|nan|nan|nan|nan|nan|nan|nan|nan
1032|nan|nan|nan|nan|nan|nan|nan|nan|nan|nan|nan|nan|nan|nan|nan|nan|nan|nan|nan|nan|nan|nan|nan|nan|nan|nan|nan|nan|nan|-201.337980|nan|nan|nan|nan|nan|nan|nan|nan|nan|nan|nan|nan|nan|nan|nan|nan|nan|nan|nan|nan
1033|nan|nan|nan|nan|nan|nan|nan|nan|nan|nan|nan|nan|nan|nan|nan|nan|nan|nan|nan|nan|nan|nan|nan|nan|nan|nan|nan|nan|nan|-265.178478|nan|nan|nan|nan|nan|nan|nan|nan|nan|nan|nan|nan|nan|nan|nan|nan|nan|nan|nan|nan
1034|nan|nan|nan|nan|nan|nan|nan|nan|nan|nan|nan|nan|nan|nan|nan|nan|nan|nan|nan|nan|nan|nan|nan|nan|nan|nan|nan|nan|nan|-211.470333|nan|nan|nan|nan|nan|nan|nan|nan|nan|nan|nan|nan|nan|nan|nan|nan|nan|nan|nan|nan
1035|nan|nan|nan|nan|nan|nan|nan|nan|nan|nan|nan|nan|nan|nan|nan|nan|nan|nan|nan|nan|nan|nan|nan|nan|nan|nan|nan|nan|nan|-171.631471|nan|nan|nan|nan|nan|nan|nan|nan|nan|nan|nan|nan|nan|nan|nan|nan|nan|nan|nan|nan
1036|nan|nan|nan|nan|nan|nan|nan|nan|nan|nan|nan|nan|nan|nan|nan|nan|nan|nan|nan|nan|nan|nan|nan|nan|nan|nan|nan|nan|nan|-152.561307|nan|nan|nan|nan|nan|nan|nan|nan|nan|nan|nan|nan|nan|nan|nan|nan|nan|nan|nan|nan
1037|nan|nan|nan|nan|nan|nan|nan|nan|nan|nan|nan|nan|nan|nan|nan|nan|nan|nan|nan|nan|nan|nan|nan|nan|nan|nan|nan|nan|nan|-168.423341|nan|nan|nan|nan|nan|nan|nan|nan|nan|nan|nan|nan|nan|nan|nan|nan|nan|nan|nan|nan
1038|nan|nan|nan|nan|nan|nan|nan|nan|nan|nan|nan|nan|nan|nan|nan|nan|nan|nan|nan|nan|nan|nan|nan|nan|nan|nan|nan|nan|nan|-143.677229|nan|nan|nan|nan|nan|nan|nan|nan|nan|nan|nan|nan|nan|nan|nan|nan|nan|nan|nan|nan
1039|nan|nan|nan|nan|nan|nan|nan|nan|nan|nan|nan|nan|nan|nan|nan|nan|nan|nan|nan|nan|nan|nan|nan|nan|nan|nan|nan|nan|nan|-204.626520|nan|nan|nan|nan|nan|nan|nan|nan|nan|nan|nan|nan|nan|nan|nan|nan|nan|nan|nan|nan
1040|nan|nan|nan|nan|nan|nan|nan|nan|nan|nan|nan|nan|nan|nan|nan|nan|nan|nan|nan|nan|nan|nan|nan|nan|nan|nan|nan|nan|nan|-180.687822|nan|nan|nan|nan|nan|nan|nan|nan|nan|nan|nan|nan|nan|nan|nan|nan|nan|nan|nan|nan
1041|nan|nan|nan|nan|nan|nan|nan|nan|nan|nan|nan|nan|nan|nan|nan|nan|nan|nan|nan|nan|nan|nan|nan|nan|nan|nan|nan|nan|nan|-167.781549|nan|nan|nan|nan|nan|nan|nan|nan|nan|nan|nan|nan|nan|nan|nan|nan|nan|nan|nan|nan
1042|nan|nan|nan|nan|nan|nan|nan|nan|nan|nan|nan|nan|nan|nan|nan|nan|nan|nan|nan|nan|nan|nan|nan|nan|nan|nan|nan|nan|nan|-127.365679|nan|nan|nan|nan|nan|nan|nan|nan|nan|nan|nan|nan|nan|nan|nan|nan|nan|nan|nan|nan
1043|nan|nan|nan|nan|nan|nan|nan|nan|nan|nan|nan|nan|nan|nan|nan|nan|nan|nan|nan|nan|nan|nan|nan|nan|nan|nan|nan|nan|nan|-177.413758|nan|0.249589|nan|nan|nan|-3825.236844|nan|nan|nan|nan|-142975.780607|nan|nan|11.186886|nan|-16.682548|nan|-0.007072|nan|nan
1044|nan|nan|nan|nan|nan|nan|nan|nan|nan|nan|nan|nan|nan|nan|nan|nan|nan|nan|nan|nan|nan|nan|nan|nan|nan|nan|nan|nan|nan|-158.104799|nan|0.249589|nan|nan|nan|-3821.362134|nan|nan|nan|nan|-142975.780607|nan|nan|11.156633|nan|-16.682548|nan|-0.007072|nan|nan
1045|nan|nan|nan|nan|nan|nan|nan|nan|nan|nan|nan|nan|nan|nan|nan|nan|nan|nan|nan|nan|nan|nan|nan|nan|nan|nan|nan|nan|nan|-153.572074|nan|0.249589|nan|nan|nan|-3822.697651|nan|nan|nan|nan|-142975.780607|nan|nan|11.126970|nan|-16.682548|nan|-0.007072|nan|nan
1046|nan|nan|nan|nan|nan|nan|nan|nan|nan|nan|nan|nan|nan|nan|nan|nan|nan|nan|nan|nan|nan|nan|nan|nan|nan|nan|nan|nan|nan|-120.987951|nan|0.249589|nan|nan|nan|-3822.183590|nan|nan|nan|nan|-142975.780607|nan|nan|11.097293|nan|-16.682548|nan|-0.007072|nan|nan
1047|nan|nan|nan|nan|nan|nan|nan|nan|nan|nan|nan|nan|nan|nan|nan|nan|nan|nan|nan|nan|nan|nan|nan|nan|nan|nan|nan|nan|nan|-95.325721|nan|0.249589|nan|nan|nan|-3822.030984|nan|nan|nan|nan|-142975.780607|nan|nan|11.070058|nan|-16.682548|nan|-0.007072|nan|nan
1048|nan|nan|nan|nan|nan|nan|nan|nan|nan|nan|nan|nan|nan|nan|nan|nan|nan|nan|nan|nan|nan|nan|nan|nan|nan|nan|nan|nan|nan|-92.669389|nan|0.249589|nan|nan|nan|-3823.587107|nan|nan|nan|nan|-142975.780607|nan|nan|11.043075|nan|-16.682548|nan|-0.007072|nan|nan
1049|nan|nan|nan|nan|nan|nan|nan|nan|nan|nan|nan|nan|nan|nan|nan|nan|nan|nan|nan|nan|nan|nan|nan|nan|nan|nan|nan|nan|nan|-88.457144|nan|0.249589|nan|nan|nan|-3823.734607|nan|nan|nan|nan|-142975.780607|nan|nan|11.016168|nan|-16.682548|nan|-0.007072|nan|nan
1050|nan|nan|nan|nan|nan|nan|nan|nan|nan|nan|nan|nan|nan|nan|nan|nan|nan|nan|nan|nan|nan|nan|nan|nan|nan|nan|nan|nan|nan|-88.069886|nan|0.249589|nan|nan|nan|-3823.507732|nan|nan|nan|nan|-142975.780607|nan|nan|10.988156|nan|-16.682548|nan|-0.007072|nan|nan
1051|nan|nan|nan|nan|nan|nan|nan|nan|nan|nan|nan|nan|nan|nan|nan|nan|nan|nan|nan|nan|nan|nan|nan|nan|nan|nan|nan|nan|nan|-84.400307|nan|0.249589|nan|nan|nan|-3823.467955|nan|nan|nan|nan|-142975.780607|nan|nan|10.959342|nan|-16.682548|nan|-0.007072|nan|nan
1052|nan|nan|nan|nan|nan|nan|nan|nan|nan|nan|nan|nan|nan|nan|nan|nan|nan|nan|nan|nan|nan|nan|nan|nan|nan|nan|nan|nan|nan|-84.191875|nan|0.249589|nan|nan|nan|-3823.374986|nan|nan|nan|nan|-142975.780607|nan|nan|10.929999|nan|-16.682548|nan|-0.007072|nan|nan
1053|nan|nan|nan|nan|nan|nan|nan|nan|nan|nan|nan|nan|nan|nan|nan|nan|nan|nan|nan|nan|nan|nan|nan|nan|nan|nan|nan|nan|nan|-83.983939|nan|0.249589|nan|nan|nan|-3822.816594|nan|nan|nan|nan|-142975.780607|nan|nan|10.900885|nan|-16.682548|nan|-0.007072|nan|nan
1054|nan|nan|nan|nan|nan|nan|nan|nan|nan|nan|nan|nan|nan|nan|nan|nan|nan|nan|nan|nan|nan|nan|nan|nan|nan|nan|nan|nan|nan|-76.527685|nan|0.249589|nan|nan|nan|-3823.207001|nan|nan|nan|nan|-142975.780607|nan|nan|10.872127|nan|-16.682548|nan|-0.007072|nan|nan
1055|nan|nan|nan|nan|nan|nan|nan|nan|nan|nan|nan|nan|nan|nan|nan|nan|nan|nan|nan|nan|nan|nan|nan|nan|nan|nan|nan|nan|nan|-73.794554|nan|0.249589|nan|nan|nan|-3823.609105|nan|nan|nan|nan|-142975.780607|nan|nan|10.843647|nan|-16.682548|nan|-0.007072|nan|nan
1056|nan|nan|nan|nan|nan|nan|nan|nan|nan|nan|nan|nan|nan|nan|nan|nan|nan|nan|nan|nan|nan|nan|nan|nan|nan|nan|nan|nan|nan|-63.308147|nan|0.249589|nan|nan|nan|-3821.818482|nan|nan|nan|nan|-142975.780607|nan|nan|10.815805|nan|-16.682548|nan|-0.007072|nan|nan
1057|nan|nan|nan|nan|nan|nan|nan|nan|nan|nan|nan|nan|nan|nan|nan|nan|nan|nan|nan|nan|nan|nan|nan|nan|nan|nan|nan|nan|nan|-64.992491|nan|0.249589|nan|nan|nan|-3823.428774|nan|nan|nan|nan|-142975.780607|nan|nan|10.788740|nan|-16.682548|nan|-0.007072|nan|nan
1058|nan|nan|nan|nan|nan|nan|nan|nan|nan|nan|nan|nan|nan|nan|nan|nan|nan|nan|nan|nan|nan|nan|nan|nan|0.076985|nan|nan|nan|nan|-65.321043|nan|0.249589|nan|nan|nan|-3823.411185|nan|nan|nan|nan|-142975.780607|nan|nan|10.762091|nan|-16.682548|nan|-0.007072|nan|-311.735174
1059|nan|nan|nan|nan|nan|nan|nan|nan|nan|nan|nan|nan|nan|nan|nan|nan|nan|nan|nan|nan|nan|nan|nan|nan|0.076985|nan|nan|nan|nan|-63.279760|nan|0.249589|nan|nan|nan|-3822.584326|nan|nan|nan|nan|-142975.780607|nan|nan|10.736337|nan|-16.682548|nan|-0.007072|nan|-311.735174
1100|nan|nan|nan|nan|nan|nan|nan|nan|nan|nan|nan|nan|nan|nan|nan|nan|nan|nan|nan|nan|nan|nan|nan|nan|0.076985|nan|nan|nan|nan|-56.859436|nan|0.249589|nan|nan|nan|-3822.944846|nan|nan|nan|nan|-142975.780607|nan|nan|10.711530|nan|-16.682548|nan|-0.007072|nan|-311.735174
1101|nan|nan|nan|nan|nan|nan|nan|nan|nan|nan|nan|nan|nan|nan|nan|nan|nan|nan|nan|nan|nan|nan|nan|nan|0.076985|nan|nan|nan|nan|-61.715930|nan|0.249589|nan|nan|nan|-3823.108403|nan|nan|nan|nan|-142975.780607|nan|nan|10.688474|nan|-16.682548|nan|-0.007072|nan|-311.735174
1102|nan|nan|nan|nan|nan|nan|nan|nan|nan|nan|nan|nan|nan|nan|nan|nan|nan|nan|nan|nan|nan|nan|nan|nan|0.076985|nan|nan|nan|nan|-61.006546|nan|0.483015|nan|nan|nan|-3824.205030|nan|nan|nan|nan|-142975.780607|nan|nan|10.665046|nan|-16.682548|nan|-0.007072|nan|-311.735174
1103|nan|nan|nan|nan|nan|nan|nan|nan|nan|nan|nan|nan|nan|nan|nan|nan|nan|nan|nan|nan|nan|nan|nan|nan|0.076985|nan|nan|nan|nan|-65.451376|nan|0.483015|nan|nan|nan|-3823.224147|nan|nan|nan|nan|-142975.780607|nan|nan|10.641901|nan|-16.682548|nan|-0.007072|nan|-311.735174
1104|nan|nan|nan|nan|nan|nan|nan|nan|nan|nan|nan|nan|nan|nan|nan|nan|nan|nan|nan|nan|nan|nan|nan|nan|0.076985|nan|nan|nan|nan|-66.667771|nan|0.483015|nan|nan|nan|-3823.782990|nan|nan|nan|nan|-142975.780607|nan|nan|10.619233|nan|-16.682548|nan|-0.007072|nan|-311.735174
1105|nan|nan|nan|nan|nan|nan|nan|nan|nan|nan|nan|nan|nan|nan|nan|nan|nan|nan|nan|nan|nan|nan|nan|nan|0.076985|nan|nan|nan|nan|-57.174763|nan|0.483015|nan|nan|nan|-3822.230119|nan|nan|nan|nan|-142975.780607|nan|nan|10.594242|nan|-16.682548|nan|-0.007072|nan|-311.735174
1106|nan|nan|nan|nan|nan|nan|nan|nan|nan|nan|nan|nan|nan|nan|nan|nan|nan|nan|nan|nan|nan|nan|nan|nan|0.076985|nan|nan|nan|nan|-52.888115|nan|0.483015|nan|nan|nan|-3823.313578|nan|nan|nan|nan|-142975.780607|nan|nan|10.570022|nan|-16.682548|nan|-0.007072|nan|-311.735174
1107|nan|nan|nan|nan|nan|nan|nan|nan|nan|nan|nan|nan|nan|nan|nan|nan|nan|nan|nan|nan|nan|nan|nan|nan|0.076985|nan|nan|nan|nan|-51.565913|nan|0.483015|nan|nan|nan|-3822.898666|nan|nan|nan|nan|-142975.780607|nan|nan|10.546310|nan|-16.682548|nan|-0.007072|nan|-311.735174
1108|nan|nan|nan|nan|nan|nan|nan|nan|nan|nan|nan|nan|nan|nan|nan|nan|nan|nan|nan|nan|nan|nan|nan|nan|0.076985|nan|nan|nan|nan|-37.036235|nan|0.483015|nan|nan|nan|-3822.130670|nan|nan|nan|nan|-80686.967999|nan|nan|10.520152|nan|-16.682548|nan|-0.007072|nan|-311.735174
1109|nan|nan|nan|nan|nan|nan|nan|nan|nan|nan|nan|nan|nan|nan|nan|nan|nan|nan|nan|nan|nan|nan|nan|nan|0.076985|nan|nan|nan|nan|-38.730106|nan|0.483015|nan|nan|nan|-3823.623220|nan|nan|nan|nan|-80686.967999|nan|nan|10.493152|nan|-16.682548|nan|-0.007072|nan|-311.735174
1110|nan|nan|nan|nan|nan|nan|nan|nan|nan|nan|nan|nan|nan|nan|nan|nan|nan|nan|nan|nan|nan|nan|nan|nan|0.076985|nan|nan|nan|nan|-38.662882|nan|0.483015|nan|nan|nan|-3824.014968|nan|nan|nan|nan|-227609.780808|nan|nan|10.465627|nan|-16.682548|nan|-0.007072|nan|-311.735174
1111|nan|nan|nan|nan|nan|nan|nan|nan|nan|nan|nan|nan|nan|nan|nan|nan|nan|nan|nan|nan|nan|nan|nan|nan|0.076985|nan|nan|nan|nan|-37.784180|nan|0.483015|nan|nan|nan|-3823.295157|nan|nan|nan|nan|-227609.780808|nan|nan|10.438074|nan|-16.682548|nan|-0.007072|nan|-311.735174
1112|nan|nan|nan|nan|nan|nan|nan|nan|nan|nan|nan|nan|nan|nan|nan|nan|nan|nan|nan|nan|nan|nan|nan|nan|0.076985|nan|nan|nan|nan|-36.944532|nan|0.483015|nan|nan|nan|-3823.862571|nan|nan|nan|nan|-227609.780808|nan|nan|10.411025|nan|-16.682548|nan|-0.007072|nan|-311.735174
1113|nan|nan|nan|nan|nan|nan|nan|nan|3270.200000|nan|nan|141817596.028832|nan|nan|nan|nan|nan|nan|nan|nan|nan|nan|nan|nan|0.076985|nan|nan|nan|nan|-35.377701|nan|0.483015|nan|nan|nan|-3823.091343|nan|nan|nan|nan|-227609.780808|nan|nan|10.383964|nan|-16.682548|nan|-0.007072|nan|-311.735174
1114|nan|nan|nan|nan|nan|nan|nan|nan|3270.200000|nan|nan|126473269.710204|nan|nan|nan|nan|nan|nan|nan|nan|nan|nan|nan|nan|0.076985|nan|nan|nan|nan|-27.954386|nan|0.483015|nan|nan|nan|-3824.019526|nan|nan|nan|nan|-227609.780808|nan|nan|10.356727|nan|-16.414982|nan|-0.007072|nan|-311.735174
1115|nan|nan|nan|nan|nan|nan|nan|nan|3270.200000|nan|nan|121536129.085855|nan|nan|nan|nan|nan|nan|nan|nan|nan|nan|nan|nan|0.076985|nan|nan|nan|nan|-25.934657|nan|0.483015|nan|nan|nan|-3822.386641|nan|nan|nan|nan|-227609.780808|nan|nan|10.329554|nan|-16.147416|nan|-0.007072|nan|-311.735174
1116|nan|nan|nan|nan|nan|nan|nan|nan|3270.200000|nan|nan|117650374.305101|nan|nan|nan|nan|nan|nan|nan|nan|nan|nan|nan|nan|0.076985|nan|nan|nan|nan|-25.405378|nan|0.483015|nan|nan|nan|-3823.254482|nan|nan|nan|nan|-227609.780808|nan|nan|10.302347|nan|-15.879849|nan|-0.007072|nan|-311.735174
1117|nan|nan|nan|nan|nan|nan|nan|nan|3270.200000|nan|nan|126467991.192700|nan|nan|nan|nan|nan|nan|nan|nan|nan|nan|nan|nan|0.076985|nan|nan|nan|nan|-26.244359|nan|0.483015|nan|nan|nan|-3824.376981|nan|nan|nan|nan|-227609.780808|nan|nan|10.295516|nan|-15.612283|nan|-0.007072|nan|-311.735174
1118|nan|nan|nan|nan|nan|nan|nan|nan|3270.200000|nan|nan|127177791.218336|nan|nan|nan|nan|nan|nan|nan|nan|nan|nan|nan|0.134391|0.076985|nan|nan|nan|nan|-25.079341|nan|0.483015|nan|nan|nan|-3823.538834|nan|nan|nan|nan|-227609.780808|nan|nan|10.305400|nan|-15.344717|nan|-0.007072|nan|-311.735174
1119|nan|nan|nan|nan|nan|nan|nan|nan|3270.200000|nan|nan|139354307.579439|nan|nan|nan|nan|nan|nan|nan|nan|nan|nan|nan|0.134391|0.076985|nan|nan|nan|nan|-27.108628|nan|0.483015|nan|nan|nan|-3823.682215|nan|nan|nan|nan|-227609.780808|nan|nan|10.330085|nan|-15.077150|nan|-0.007072|nan|-311.735174
1120|nan|nan|nan|nan|nan|nan|nan|nan|3270.200000|nan|nan|143563587.265921|nan|nan|nan|nan|nan|nan|nan|nan|nan|nan|nan|0.121313|0.076985|nan|nan|nan|nan|-28.416247|nan|0.483015|nan|nan|nan|-3823.724530|nan|nan|nan|nan|-227609.780808|nan|nan|10.370419|nan|-14.809584|nan|-0.007072|nan|-311.735174
1121|nan|nan|nan|nan|nan|nan|nan|nan|3270.200000|nan|nan|144895173.989737|nan|nan|nan|nan|nan|nan|nan|nan|nan|nan|nan|0.111442|0.076985|nan|nan|nan|nan|-29.061047|nan|0.483015|nan|nan|nan|-3823.719213|nan|nan|nan|nan|-227609.780808|nan|nan|10.423826|nan|-14.542017|nan|-0.007072|nan|-311.735174
1122|nan|nan|nan|nan|nan|nan|nan|nan|3270.200000|nan|nan|149635010.066497|nan|nan|nan|nan|nan|nan|nan|nan|nan|nan|nan|0.105519|0.076985|nan|nan|nan|nan|-29.098560|nan|0.483015|nan|nan|nan|-3823.054859|nan|nan|nan|nan|-227609.780808|nan|nan|10.488615|nan|-14.274451|nan|-0.007072|nan|-311.735174
1123|nan|nan|nan|-31.800000|nan|nan|nan|nan|3270.200000|nan|nan|149452822.472966|nan|nan|nan|nan|nan|nan|nan|nan|nan|nan|nan|0.101571|0.076985|nan|nan|nan|nan|-28.578943|nan|0.483015|nan|nan|nan|-3823.517223|nan|nan|nan|nan|-227609.780808|nan|nan|10.562449|nan|-14.006885|nan|-0.007072|nan|-311.735174
1124|nan|nan|nan|-32.200000|nan|nan|nan|nan|3270.200000|nan|nan|146908379.090229|nan|nan|nan|nan|nan|nan|nan|nan|nan|nan|nan|0.098750|0.076985|nan|nan|nan|nan|-28.077558|nan|0.483015|nan|nan|nan|-3823.089282|nan|nan|nan|nan|-227609.780808|nan|nan|10.641566|nan|-13.739318|nan|-0.007072|nan|-311.735174
1125|nan|nan|nan|-33.200000|nan|nan|nan|nan|3270.200000|nan|nan|145236085.232808|nan|nan|nan|nan|nan|nan|nan|nan|nan|nan|nan|0.096635|0.076985|nan|nan|nan|nan|-25.540229|nan|0.483015|nan|nan|nan|-3823.338016|nan|nan|nan|nan|-227609.780808|nan|nan|10.724514|nan|-13.471752|nan|-0.007072|nan|-311.735174
1126|nan|nan|nan|-33.400000|nan|nan|nan|nan|3270.200000|nan|nan|144565676.176906|nan|nan|nan|nan|nan|nan|nan|nan|nan|nan|nan|0.094990|0.076985|nan|nan|nan|nan|-23.620062|nan|0.483015|nan|nan|nan|-3822.759755|nan|nan|nan|nan|-227609.780808|nan|nan|10.809450|nan|-13.204186|nan|-0.007072|nan|-311.735174
1127|nan|nan|nan|-33.400000|nan|nan|nan|nan|3270.200000|nan|nan|140409071.766949|nan|nan|nan|nan|nan|nan|nan|nan|nan|nan|nan|0.093674|0.076985|nan|nan|nan|nan|-23.226394|nan|0.483015|nan|nan|nan|-3823.123514|nan|nan|nan|nan|-227609.780808|nan|nan|10.895716|nan|-12.936619|nan|-0.007072|nan|-311.735174
1128|139848210.475442|nan|nan|-33.400000|nan|nan|nan|-58.641842|3270.200000|-3.425005|0.661500|139976314.235065|nan|nan|nan|nan|-29.800000|nan|-18617425.801382|nan|nan|nan|nan|0.092597|0.076985|nan|nan|-0.583459|nan|-19.972717|nan|0.483015|-2.424152|0.308553|-3.425005|-3823.366969|-134949073.797326|nan|269319.449112|nan|-227609.780808|nan|nan|10.977342|nan|-12.669053|-23.908333|-0.007072|nan|-311.735174
1129|135254585.137200|nan|nan|-33.400000|nan|nan|nan|-58.641842|3270.200000|-3.425005|0.661500|136299168.428009|nan|nan|nan|nan|-32.200000|nan|-18605730.223519|nan|nan|nan|nan|0.091699|0.076985|nan|nan|-0.578183|nan|-13.105898|nan|0.483015|-3.425005|0.302555|-3.425005|-3822.983662|-134949073.797326|nan|254408.689552|nan|-227609.780808|nan|nan|11.062073|nan|-12.401487|-27.133333|-0.007072|nan|-311.735174
1330|132699582.172740|nan|nan|-33.400000|nan|nan|nan|-46.641842|3270.200000|-3.425005|0.661500|134299629.104832|nan|nan|nan|nan|-35.200000|nan|-18609343.084934|-1.332470|nan|nan|nan|0.090940|0.076985|nan|nan|-0.578183|nan|-11.768863|nan|0.483015|-3.425005|0.295843|-3.425005|-3823.023949|-134949073.797326|nan|240148.981292|nan|-227609.780808|nan|nan|11.148280|nan|-12.133920|-30.050000|-0.007072|nan|-311.735174
1331|127945154.044120|nan|nan|-33.400000|nan|nan|nan|-46.641842|3270.200000|-3.425005|0.661500|129601186.728147|nan|nan|nan|nan|-33.400000|nan|-19605269.621267|-1.320069|nan|nan|nan|0.090289|0.076985|nan|nan|-0.578183|nan|-11.768863|nan|0.483015|-3.425005|0.288649|-3.425005|-3823.644397|-134949073.797326|nan|240148.981292|nan|-227609.780808|nan|nan|11.236895|nan|-11.866354|-29.308333|-0.007072|nan|-311.735174
1332|124614205.118805|nan|nan|-33.400000|nan|nan|nan|-46.641842|259.600000|-3.425005|0.661500|125785795.052194|nan|nan|nan|nan|-35.400000|nan|-20921306.318649|-1.320069|nan|nan|nan|0.089725|0.076985|nan|nan|-0.576357|nan|-3.880820|nan|0.483015|-3.425005|0.284071|-3.425005|-3823.738698|-134949073.797326|nan|231547.358688|nan|-227609.780808|nan|nan|11.321828|nan|-11.598788|-35.416666|-0.007072|nan|-311.735174
1333|121235130.207774|-16.643056|nan|-27.800000|nan|nan|nan|-39.808509|259.600000|-3.425005|0.661500|121852358.164346|nan|nan|nan|nan|-35.400000|nan|-21911660.111140|-1.320069|nan|nan|nan|0.089232|0.076985|nan|nan|-0.573689|nan|7.105169|nan|0.483015|-3.425005|0.273368|-3.425005|-3823.037769|-134949073.797326|nan|162175.166538|nan|-227609.780808|nan|nan|11.403395|nan|-11.331221|-35.491666|-0.007072|nan|-311.735174
1334|123286445.850000|-11.395486|nan|-24.400000|nan|nan|nan|-39.808509|259.600000|-3.425005|0.661500|123330395.780434|nan|nan|nan|nan|-31.400000|nan|-22909918.147151|-1.116583|nan|nan|nan|0.088796|0.076985|nan|nan|-0.597698|nan|4.446319|nan|0.483015|-3.425005|0.263855|-3.425005|-3823.500626|-134949073.797326|nan|162175.166538|nan|-227609.780808|nan|nan|11.478145|nan|-11.063655|-34.558333|-0.007072|nan|-311.735174
1335|123708643.297975|-10.173148|nan|-21.400000|nan|nan|nan|-23.030731|259.600000|-3.425005|0.661500|123426748.765904|nan|nan|nan|nan|-37.400000|nan|-23688921.620393|-1.116583|nan|nan|nan|0.088409|0.076985|nan|nan|-0.606078|nan|5.043414|nan|0.483015|-3.425005|0.257716|-3.425005|-3823.373487|-134949073.797326|nan|162175.166538|nan|-227609.780808|nan|nan|11.550110|nan|-10.796089|-36.908333|-0.007072|nan|-311.735174
1336|115807000.450000|-12.135590|nan|-20.000000|nan|nan|nan|-22.686287|259.600000|-3.425005|0.661500|117753195.893870|nan|nan|nan|nan|-37.400000|nan|-24880843.868117|-1.116583|nan|nan|nan|0.088063|0.076985|nan|nan|-0.606078|nan|8.154832|nan|0.483015|-3.425005|0.257716|-3.425005|-3825.529846|-134949073.797326|nan|162175.166538|nan|-227609.780808|nan|nan|11.616579|nan|-10.528522|-40.525000|-0.007072|nan|-311.735174
1337|117630792.405826|-11.336181|nan|-20.000000|nan|nan|nan|-27.229128|259.600000|-3.425005|0.474670|119301348.204643|nan|nan|nan|nan|-29.400000|nan|-25638502.543632|-1.116583|nan|nan|nan|0.083921|0.076985|nan|nan|-0.600535|nan|10.314210|nan|0.483015|-3.425005|0.257716|-3.425005|-3825.301301|-134949073.797326|nan|162175.166538|nan|-227609.780808|nan|nan|11.676587|nan|-10.260956|-41.216666|-0.001852|nan|-311.735174
1338|114408205.605620|-10.552720|nan|-20.000000|nan|nan|nan|-29.169710|259.600000|-3.425005|-0.003605|116132685.066262|nan|nan|nan|nan|-29.800000|nan|-22525120.362855|-1.116583|nan|nan|nan|0.080174|0.076985|nan|nan|-0.595818|nan|9.315716|nan|0.483015|-3.425005|0.257716|-3.425005|-3823.735196|-134949073.797326|nan|162175.166538|nan|-227609.780808|nan|nan|11.731995|nan|-9.993390|-37.216666|-0.001852|nan|-228.247627
1339|116537095.970632|-9.593601|nan|-20.000000|nan|nan|nan|-29.169710|259.600000|-3.425005|-0.003605|117308375.487387|nan|nan|nan|nan|-18.400000|nan|-20420318.634971|-1.116583|nan|nan|nan|0.076768|0.076985|nan|nan|-0.590408|nan|20.737194|nan|0.483015|-3.425005|0.255960|-3.425005|-3823.842098|-134949073.797326|nan|162175.166538|nan|-227609.780808|nan|nan|11.781386|nan|-9.725823|-39.216666|0.062641|nan|-228.247627
1340|115875715.418200|-8.667318|nan|-20.000000|nan|nan|nan|-29.169710|259.600000|-3.425005|-0.003605|116524610.558680|nan|nan|nan|nan|-21.400000|nan|-18634559.194025|-1.018040|nan|nan|nan|0.073658|0.076985|nan|nan|-0.585489|nan|18.960919|nan|0.483015|-3.425005|0.255960|-3.425005|-3823.358836|-134949073.797326|nan|162175.166538|nan|-227609.780808|nan|nan|11.825870|nan|-9.458257|-35.216666|0.062641|nan|-228.247627
1341|115107139.676336|-7.574344|nan|-21.800000|nan|nan|nan|-29.169710|259.600000|-3.425005|-0.003605|114875953.143179|nan|nan|nan|nan|-22.000000|nan|-17639013.873207|-0.998149|nan|nan|nan|0.069694|0.076985|nan|nan|-0.585489|nan|19.278629|nan|0.483015|-3.425005|0.255960|-3.425005|-3823.163046|-134949073.797326|nan|162175.166538|nan|-227609.780808|nan|nan|11.867284|nan|-9.190690|-35.216666|0.062641|nan|-228.247627
1342|114563539.155393|-6.633021|nan|-24.200000|nan|nan|nan|-29.169710|259.600000|-3.425005|-0.003605|115662868.807764|nan|nan|nan|nan|-18.000000|nan|-17638949.553488|-0.879936|nan|nan|nan|0.066048|0.076985|nan|nan|-0.581036|nan|11.672898|nan|0.483015|-3.425005|0.255960|-3.425005|-3823.352889|-134949073.797326|nan|162175.166538|nan|-227609.780808|nan|nan|11.905496|nan|-8.923124|-35.216666|0.062641|nan|-228.247627
1343|113337614.613242|-6.354830|-3.425005|-26.000000|nan|-62.553043|-4.360833|-24.431800|259.600000|-3.425005|-0.003605|113807588.841539|-0.055224|-56.510986|-1.390357|nan|-18.000000|nan|-17653448.416179|-0.864039|nan|-32.058241|-17.055185|0.059676|0.076985|nan|nan|-0.576012|-2.651892|26.587358|2.110084|0.483015|-3.425005|0.255960|-3.425005|-3824.035919|-134949073.797326|nan|162175.166538|-0.000006|-227609.780808|-1.651931|-0.152507|11.942489|-0.167477|-8.655558|-37.216666|0.062641|-2.651892|-228.247627
1344|114035617.559756|-5.632552|-3.425005|-27.800000|nan|-56.595610|-4.360833|-26.029708|259.600000|-3.425005|-0.003605|114884602.559770|-0.055224|-58.127747|-1.390519|nan|-20.000000|0.000000|-17648806.630315|-0.733071|nan|-32.810471|-17.388063|0.053458|0.076985|nan|nan|-0.573368|-2.621339|24.073383|1.865626|0.483015|-3.425005|0.255960|-3.425005|-3823.779154|-134949073.797326|nan|162175.166538|-0.000006|-227609.780808|-1.631090|-0.151909|11.979235|-0.168485|-8.655558|-35.216666|0.062641|-2.621339|-228.247627
1345|104645101.050000|-5.394151|-3.425005|-29.200000|-2.094064|-55.380155|-4.360833|-26.029708|259.600000|-3.425005|-0.003605|106616631.970424|-0.055224|-58.127747|-1.334697|nan|-20.000000|0.000000|-17647663.347733|-0.657719|nan|-35.363921|-17.879715|0.047685|0.076985|nan|nan|-0.570972|-2.592057|25.348645|1.610731|0.483015|-3.425005|0.255960|-3.425005|-3822.930633|-134949073.797326|nan|162175.166538|-0.000006|-227609.780808|-1.611117|-0.149324|12.015986|-0.165546|-8.655558|-37.216666|0.062641|-2.592057|-228.247627
1346|99443810.322886|-5.048834|-3.425005|-31.000000|-2.094064|-51.693156|-4.360833|-26.029708|259.600000|-3.425005|-0.003605|102362988.676989|-0.055224|-58.912354|-1.335181|nan|-17.800000|0.000000|-17655676.832573|-0.601166|nan|-33.961586|-18.614972|0.042310|0.076985|nan|nan|-0.568432|-2.578221|16.742628|1.339295|0.483015|-3.425005|0.255960|-3.425005|-3822.356243|-134949073.797326|nan|162175.166538|-0.000006|-227609.780808|-1.594247|-0.142810|12.050985|-0.160450|-8.655558|-37.216666|0.062641|-2.578221|-228.247627
1347|92662079.135940|-5.210995|-3.425005|-32.400000|-2.538190|-47.484284|-4.360833|-26.029708|259.600000|-3.425005|-0.003605|96658277.954201|-0.055224|-58.912354|-1.335200|nan|-26.200000|0.000000|-17647281.480448|-0.595335|nan|-35.285369|-19.224379|0.037293|0.076985|nan|nan|-0.570483|-2.551876|10.584419|1.047998|0.483015|-3.425005|0.255960|-3.425005|-3823.172780|-134949073.797326|nan|162175.166538|-0.000006|-227609.780808|-1.578051|-0.142978|12.084609|-0.154134|-8.655558|-37.216666|0.062641|-2.551876|-228.247627
1348|81726217.428008|-4.991819|-3.425005|-33.000000|-5.318062|-45.946099|-4.360833|-31.158189|259.600000|-3.425005|-0.642637|86180465.081038|-0.055224|-58.912354|-1.335655|nan|-22.000000|0.000000|-17647596.143782|-0.520712|nan|-36.195642|-20.596807|0.029207|0.076985|nan|nan|-0.599675|-2.544047|10.223081|0.732578|0.483015|-3.425005|0.255960|-3.425005|-3822.366839|-134949073.797326|nan|162175.166538|-0.000006|-227609.780808|-1.581768|-0.141908|12.116352|-0.146453|-8.655558|-39.216666|0.062641|-2.544047|-228.247627
1349|79369855.264772|-4.830699|-3.425005|-32.200000|-5.318062|-40.609962|-4.360833|-31.988719|259.600000|-3.425005|-0.642637|83501293.579247|-0.055224|-58.912354|-1.335215|nan|-33.800000|0.000000|-17646580.531727|-0.490890|nan|-35.071629|-21.105342|0.021121|0.076985|nan|nan|-0.604295|-2.518145|11.589734|0.391570|0.483015|-3.425005|0.255960|-3.425005|-3822.496278|-134949073.797326|nan|162175.166538|-0.000006|-227609.780808|-1.585341|-0.142487|12.147586|-0.139118|-8.655558|-39.216666|0.062641|-2.518145|-228.247627
1350|81188957.998378|-4.533912|-3.425005|-31.800000|-6.130270|-38.583616|-4.360833|-32.565109|259.600000|-3.425005|-0.642637|84709463.943519|-0.055224|-58.912354|-1.302377|nan|-29.200000|0.000000|-17644737.620876|-0.384470|nan|-34.801246|-21.816509|0.014342|0.076985|nan|nan|-0.613435|-2.493853|12.915571|0.027068|0.483015|-3.425005|0.255960|-3.425005|-3823.286523|-134949073.797326|nan|162175.166538|-0.000006|-227609.780808|-1.588780|-0.143556|12.179412|-0.131377|-8.655558|-35.216666|0.062641|-2.493853|-228.247627
1351|84324804.951618|-4.410782|-3.425005|-31.400000|-6.130270|-35.490468|-4.360833|-32.565109|259.600000|-3.425005|-0.642637|87280808.583697|-0.055224|-58.912354|-1.302704|nan|-27.000000|0.000000|-17422413.533902|-0.384470|nan|-39.331350|-22.567184|0.008008|0.076985|nan|nan|-0.617230|-2.487682|12.449445|-0.356978|0.483015|-3.425005|0.255960|-3.425005|-3824.143315|-134949073.797326|nan|162175.166538|-0.000006|-227609.780808|-1.592092|-0.142925|12.211301|-0.124295|-8.655558|-37.216666|0.062641|-2.487682|-228.247627
1352|93765975.315020|-4.421076|-3.425005|-29.600000|-6.130270|-33.082044|-4.360833|-32.565109|259.600000|-3.425005|-0.642637|96103122.325051|-0.055224|-58.912354|-1.302867|nan|-32.400000|0.000000|-17425109.289818|-0.353215|nan|-34.594078|-21.797867|0.001674|0.076985|nan|nan|-0.620511|-2.470479|13.769270|-0.754143|0.483015|-3.425005|0.255960|-3.425005|-3823.137865|-134949073.797326|nan|162175.166538|-0.000006|-227609.780808|-1.595283|-0.143351|12.242962|-0.117769|-8.655558|-37.216666|0.062641|-2.470479|-228.247627
1353|100647844.300000|-4.287454|-3.425005|-26.800000|-6.140778|-32.248257|-4.360833|-32.565109|259.600000|-3.425005|-0.642637|104119587.262318|-0.055224|-58.912354|-1.302298|nan|-38.000000|0.000000|-17201526.232526|-0.338185|nan|-34.091286|-21.236038|-0.004660|0.076985|nan|nan|-0.620393|-2.469811|15.862544|-1.189328|0.483015|-3.425005|0.254099|-3.425005|-3822.014136|-134774391.477332|nan|162175.166538|-0.000006|-227609.780808|-1.598360|-0.143288|12.275631|-0.111509|-8.655558|-39.216666|0.062641|-2.469811|-228.247627
1354|101942219.735972|-4.258542|-3.425005|-24.400000|-7.390180|-33.706699|-4.360833|-37.118272|259.600000|-3.425005|-0.642637|105195867.397877|-0.079094|-48.912354|-1.301797|nan|-32.800000|0.000000|-16775906.432268|-0.338185|nan|-29.475065|-21.026843|-0.010994|0.076985|nan|nan|-0.618924|-2.476608|14.215522|-1.634311|0.483015|-3.425005|0.254099|-3.425005|-3825.005564|-132290421.239979|nan|162175.166538|-0.000006|-227609.780808|-1.601329|-0.142907|12.308984|-0.104920|-8.655558|-41.216666|0.062641|-2.476608|-228.247627
1355|100693000.168486|-4.561703|-3.425005|-22.200000|-7.390180|-35.026243|-3.614497|-37.118272|259.600000|-3.425005|-0.642637|104062240.877451|-0.082705|-48.912354|-1.301547|nan|-30.200000|0.000000|-16552641.224860|-0.338185|nan|-22.702013|-20.611257|-0.017328|0.076985|nan|nan|-0.618924|-2.489903|14.215522|-2.085487|0.483015|-3.425005|0.253044|-3.425005|-3822.999913|-132290421.239979|nan|162175.166538|-0.000006|-227609.780808|-1.604196|-0.131436|12.342774|-0.099162|-8.655558|-37.216666|0.062641|-2.489903|-228.247627
1356|113209804.814086|-4.637170|-3.425005|-20.600000|-7.390180|-35.458211|-3.614497|-37.118272|259.600000|-3.425005|-0.642637|116381384.753109|-0.093832|-38.912354|-1.301638|nan|-27.400000|0.000000|-16397611.737310|-0.239534|nan|-21.415440|-20.568980|-0.023662|0.076985|nan|nan|-0.615365|-2.508456|10.238707|-2.540530|0.483015|-3.425005|0.253044|-3.425005|-3822.680406|-132290421.239979|nan|162175.166538|-0.000006|-227609.780808|-1.606965|-0.118603|12.377844|-0.094165|-8.655558|-37.216666|0.062641|-2.508456|-228.247627
1357|106485177.500000|-4.907628|-3.425005|-19.600000|-7.390180|-35.382194|-3.614497|-37.118272|259.600000|-3.425005|-0.642637|109493743.953854|-0.093832|-30.579021|-1.301901|nan|-25.600000|0.000000|-15369277.096626|-0.213584|nan|-22.333114|-20.337535|-0.029997|0.076985|nan|nan|-0.602225|-2.509912|11.933788|-2.992382|0.483015|-3.425005|0.250116|-3.425005|-3823.262920|-131224683.613242|nan|162175.166538|-0.000006|-227609.780808|-1.609643|-0.104802|12.413846|-0.089929|-8.655558|-38.800000|0.062641|-2.509912|-228.247627
1358|105865325.597972|-5.162623|-3.425005|-19.600000|-7.390180|-35.382194|-3.614497|-28.433207|259.600000|-3.425005|-0.642637|109061377.130013|-0.125147|-30.579021|-1.302249|nan|-24.800000|0.000000|-13806945.643679|-0.206759|0.000000|-21.398618|-20.506496|-0.036331|0.076985|nan|-88476.653700|-0.601061|-2.519407|13.186748|-3.435532|0.483015|-3.425005|0.250116|-3.425005|-3823.693250|-131224683.613242|-9571.030607|162175.166538|-0.000006|-227609.780808|-1.632969|-0.089739|12.451065|-0.086071|-8.655558|-36.800000|0.062641|-2.519407|-228.247627
1359|100671768.954032|-5.138056|-3.425005|-19.600000|-7.390180|-35.382194|-3.614497|-28.433207|259.600000|-3.425005|-0.642637|103754906.256177|-0.129505|-18.826244|-1.302206|0.390959|-24.400000|0.000000|-12467210.169358|-0.206759|-0.000000|-26.976481|-21.126904|-0.042665|0.076985|nan|-88218.779347|-0.601491|-2.498259|13.321171|-3.867933|0.483015|-3.425005|0.248705|-3.425005|-3822.945782|-130398990.594717|-11091.416629|162175.166538|-0.000006|-227609.780808|-1.656295|-0.078607|12.491059|-0.082601|-8.655558|-36.800000|0.062641|-2.498259|-228.247627
1400|98330217.937132|-5.171741|-3.425005|-19.600000|-7.390180|-34.958271|-3.614497|-26.867966|259.600000|-3.425005|-0.642637|100675059.887743|-0.140850|-18.826244|-1.302618|0.684505|-16.200000|0.000000|-11246591.447031|-0.202361|-0.000000|-21.315066|-21.751242|-0.048999|0.076985|nan|-80856.872305|-0.596514|-2.478867|10.577078|-4.288976|0.483015|-3.425005|0.238972|-3.425005|-3823.975453|-130398990.594717|-10362.149827|162175.166538|-0.000006|-227609.780808|-1.679621|-0.063286|12.533945|-0.079435|-8.655558|-36.800000|0.062641|-2.478867|-228.247627
1401|99851440.972752|-5.328534|-3.425005|-19.600000|-7.390180|-34.958271|-3.614497|-26.867966|259.600000|-3.425005|-0.642637|101259376.036806|-0.140850|-18.826244|-1.303041|0.765088|-16.600000|0.000000|-10363839.748892|-0.168421|-0.000000|-25.778733|-22.163364|-0.055333|0.076985|nan|-72302.061428|-0.586692|-2.458824|14.010578|-4.696556|0.483015|-3.425005|0.229404|-3.425005|-3823.458407|-130398990.594717|-8562.357082|162175.166538|-0.000006|-227609.780808|-1.699287|-0.055968|12.579888|-0.076449|-8.655558|-40.800000|0.062641|-2.458824|-228.247627
1402|92459588.811038|-5.310333|-3.425005|-19.600000|-7.390180|-34.958271|-3.614497|-26.867966|259.600000|-3.425005|-0.734523|92996076.321422|-0.140850|-18.826244|-1.304121|0.944421|-9.600000|-4.000000|-9804570.571474|-0.126860|-0.000000|-34.681351|-23.009770|-0.060047|0.076985|nan|-62182.271033|-0.585241|-2.579833|13.264725|-5.088555|0.483015|-3.425005|0.228508|-3.425005|-3822.890590|-130398990.594717|-6403.916996|162175.166538|-0.000006|-227609.780808|-1.717594|-0.046890|12.612952|-0.073375|-8.655558|-42.800000|0.062641|-2.579833|-228.247627
1403|67317490.032552|-5.452608|-3.425005|-18.600000|-7.390180|-34.958271|-3.614497|-26.867966|259.600000|-3.425005|-1.729269|67678708.650127|-0.140850|-18.826244|-1.579978|1.210633|-5.600000|-8.000000|-9811113.172072|-0.098135|-0.000000|-45.488860|-24.324297|-0.057713|0.076985|-0.064156|-52002.607543|-0.583501|-3.188779|12.871201|-5.465913|0.483015|-3.425005|0.228023|-3.425005|-3823.972896|-130398990.594717|-4919.073760|162175.166538|-0.000006|-227609.780808|-1.744365|-0.034541|12.634824|-0.069936|-8.655558|-50.800000|0.062641|-3.188779|-228.247627
1404|60196851.947671|-5.421949|-3.425005|-18.200000|-7.390180|-34.958271|-3.614497|-26.867966|259.600000|-3.425005|-1.729269|61365982.826400|-0.140850|-18.826244|-1.580043|1.370692|-23.600000|-8.000000|-9802915.644403|-0.098135|-0.000000|-28.852849|-25.622789|-0.055379|0.076985|-0.035029|-45577.103607|-0.594143|-3.396871|16.272595|-5.826778|0.483015|-3.425005|0.228023|-3.425005|-3820.880411|-130398990.594717|-8662.366566|162175.166538|-0.000006|-227609.780808|-1.771136|-0.022382|12.646386|-0.066669|-8.655558|-44.800000|0.062641|-3.396871|-228.247627
1405|49732620.002258|-5.317790|-3.425005|-18.000000|-7.390180|-34.958271|-3.614497|-26.867966|259.600000|-3.425005|-1.729269|50744041.966169|-0.140850|-20.141978|-1.579547|1.406488|-21.600000|-8.000000|-9799219.000916|-0.098135|-0.000000|-30.379607|-26.527313|-0.053045|0.076985|-0.024108|-34406.448009|-0.588746|-3.487663|11.966517|-6.166870|0.483015|-3.425005|0.228023|-3.425005|-3823.162766|-130398990.594717|-10459.539347|162175.166538|-0.000006|-227609.780808|-1.797908|-0.020328|12.645727|-0.063610|-8.655558|-38.800000|0.062641|-3.487663|-228.247627
1406|47632697.330230|-5.286385|-3.425005|-17.600000|-7.390180|-34.562450|-3.614497|-26.867966|259.600000|-3.425005|-1.729269|49425067.469934|-0.115815|-20.141978|-1.579827|1.406488|-13.600000|-8.000000|-9799009.898338|-0.098135|-0.000000|-31.931883|-26.446120|-0.050711|0.076985|-0.022792|-25587.821635|-0.581343|-3.509817|9.221724|-6.477506|0.483015|-3.425005|0.228023|-3.425005|-3825.214160|-130398990.594717|-9805.399691|162175.166538|-0.000006|-227609.780808|-1.824679|-0.021314|12.633879|-0.060668|-8.655558|-40.800000|0.062641|-3.509817|-228.247627
1407|41914727.585640|-5.398163|-3.425005|-17.600000|-7.390180|-34.562450|-3.614497|-26.112227|259.600000|-3.425005|-1.729269|43767880.308348|-0.115815|-22.027934|-1.580231|1.406488|-15.600000|-8.000000|-9801783.102577|-0.086078|-0.000000|-35.056368|-27.315409|-0.045824|0.076985|-0.025134|-21110.706218|-0.576449|-3.547489|8.829019|-6.752418|0.483015|-3.425005|0.228023|-3.425005|-3823.308645|-130398990.594717|-8493.522556|162175.166538|-0.000006|-227609.780808|-1.851450|-0.021113|12.611485|-0.057789|-8.655558|-38.800000|0.062641|-3.547489|-228.247627
1408|39176712.750000|-5.340440|-3.425005|-17.600000|-7.390180|-33.629096|-3.614497|-26.112227|259.600000|-3.425005|-1.729269|40047492.002200|-0.115815|-24.970912|-1.580432|1.406488|-15.600000|-8.000000|-9788199.099771|-0.086078|-0.000000|-35.237145|-27.049914|-0.040936|0.076985|-0.025524|-14155.319276|-0.522489|-3.549947|-0.688160|-6.983835|0.483015|-3.425005|0.225366|-3.425005|-3823.820097|-130398990.594717|-182.478689|162175.166538|-0.000006|-227609.780808|-1.878222|-0.021270|12.578792|-0.055010|-8.655558|-38.800000|0.062641|-3.549947|-228.247627
1409|19122192.069264|-5.198900|-3.425005|-17.000000|-9.395207|-33.092992|-3.614497|-24.550990|259.600000|-2.830167|-1.729269|19618272.394686|-0.115815|-27.442401|-1.753102|1.406488|-17.600000|-8.000000|-9789752.060031|-0.086078|-0.000000|-32.165029|-28.322787|-0.036049|0.076985|-0.027743|-8536.121711|-0.522922|-3.562894|1.114821|-7.163075|0.483015|-3.425005|0.222277|-3.425005|-3605.282535|-130398990.594717|-170.320277|162175.166538|-0.000006|-227609.780808|-1.904993|-0.021835|12.539176|-0.052298|-8.655558|-36.800000|0.062641|-3.562894|-228.247627
1410|15806040.684252|-5.150382|-3.425005|-16.800000|-9.395207|-32.226992|-3.614497|-24.550990|259.600000|-2.275483|-1.729269|16063708.826887|-0.115815|-27.678146|-1.752719|1.406488|-21.600000|-8.000000|-9800523.649389|-0.086078|-0.000000|-31.005975|-28.086788|-0.031162|0.076985|-0.027941|-10207.764602|-0.526919|-3.563360|3.223312|-7.285767|0.483015|-3.425005|0.219632|-3.425005|-3279.258696|-130398990.594717|-195.643461|162175.166538|-0.000006|-227609.780808|-1.930125|-0.022571|12.493535|-0.049700|-8.655558|-40.016667|0.062641|-3.563360|-228.247627
1411|11468521.163254|-4.998413|-3.425005|-16.600000|-9.395207|-31.443469|-3.614497|-24.550990|259.600000|-2.275483|-1.729269|10888208.469364|-0.115815|-30.796018|-1.752820|1.406488|-15.600000|-8.000000|-9799185.672426|-0.086078|-0.000000|-30.326793|-28.446475|-0.025385|0.076985|-0.023828|-12124.026527|-0.531341|-3.562996|2.806400|-7.349374|0.483015|-3.425005|0.216694|-3.425005|-3278.750233|-130398990.594717|-199.746226|162175.166538|-0.000006|-227609.780808|-1.945776|-0.020816|12.442629|-0.047165|-8.655558|-35.658334|0.062641|-3.562996|-228.247627
1412|1808711.768948|-4.925693|-3.425005|-16.600000|-9.395207|-29.772021|-3.614497|-24.550990|259.600000|-2.275483|-1.729269|1071684.219479|-0.115815|-34.105343|-1.752286|1.406488|-19.600000|-8.000000|-9800451.168276|-0.086078|-0.000000|-29.246512|-26.705824|-0.019607|0.076985|-0.022686|-13486.251977|-0.535698|-3.571104|3.486266|-7.359865|0.483015|-3.425005|0.213580|-3.425005|-3278.901847|-130398990.594717|-209.835244|162175.166538|-0.000006|-227609.780808|-1.961427|-0.016048|12.386859|-0.044746|-8.655558|-36.641667|0.062641|-3.571104|-228.247627
1413|-1042410.798113|-4.942647|-3.425005|-16.600000|-9.395207|-27.688330|-3.614497|-22.643448|259.600000|-2.275483|-1.729269|-2363628.739480|-0.115815|-34.105343|-1.752604|1.406488|-13.600000|-8.000000|-9799080.913780|-0.086078|-0.000000|-28.383821|-24.969276|-0.011225|0.076985|0.000085|-14742.135756|-0.536800|-3.575379|1.921753|-7.299335|0.483015|-3.425005|0.213580|-3.425005|-3280.201745|-130398990.594717|-195.123792|162175.166538|-0.000006|-227609.780808|-1.958949|-0.005214|12.327611|-0.042332|-8.655558|-34.116667|0.062641|-3.575379|-228.247627
1414|-4319511.850171|-4.832406|-2.830167|-16.400000|-9.395207|-26.374514|-3.614497|-22.643448|259.600000|-2.275483|-1.729269|-5968990.848004|-0.047787|-34.105343|-1.752763|1.406488|-17.000000|-8.000000|-9464979.221405|-0.086078|-0.000000|-24.969685|-23.536941|-0.002557|0.076985|0.022718|-15677.917318|-0.532304|-3.545367|-3.303549|-7.178994|0.483015|-3.425005|0.213580|-3.425005|-3279.063138|-130398990.594717|-171.017311|162175.166538|-0.000005|-227609.780808|-1.939791|-0.003226|12.266079|-0.039886|-8.655558|-32.341667|0.062641|-3.545367|-228.247627
1415|4843790.961744|-4.734648|-2.275483|-16.200000|-9.395207|-25.185824|-3.096166|-22.643448|259.600000|-2.275483|-1.729269|2674944.953339|-0.041324|-34.105343|-1.753720|1.406488|-12.800000|-8.000000|-9380410.782394|-0.077985|-0.000000|-21.252267|-24.047972|0.006112|0.076985|0.030834|-16596.576570|-0.528747|-3.513066|-6.707343|-7.007187|0.483015|-3.425005|0.213580|-3.425005|-3279.991575|-130398990.594717|-152.322056|162175.166538|-0.000004|-227609.780808|-1.920632|-0.002601|12.203911|-0.037446|-8.655558|-35.408334|0.062641|-3.513066|-228.247627
1416|-7797424.049942|-4.687838|-2.275483|-16.200000|-9.395207|-24.110342|-3.096166|-22.643448|259.600000|-2.275483|-1.729269|-10091489.847714|-0.038579|-29.304584|-1.752735|1.406488|-28.600000|-8.000000|-9240851.420242|-0.077985|-0.000000|-19.767427|-24.530441|0.014780|0.075801|0.035037|-15807.106972|-0.532014|-3.481775|4.062040|-6.797157|0.483015|-3.425005|0.213580|-3.425005|-3279.635931|-130398990.594717|-196.504435|162175.166538|-0.000004|-227609.780808|-1.901473|-0.001024|12.140003|-0.035099|-8.655558|-37.158334|0.062641|-3.481775|-228.247627
1417|1867384.565340|-4.574705|-2.275483|-15.600000|-9.395207|-23.137287|-3.096166|-22.643448|259.600000|-2.275483|-1.729269|682075.497186|-0.038579|-29.304584|-1.751951|1.406488|-18.600000|-8.000000|-9222791.352612|-0.077985|-0.000000|-18.919552|-24.263890|0.023448|0.068955|0.037394|-14687.332704|-0.532092|-3.482919|6.443393|-6.561819|0.483015|-3.425005|0.213580|-3.425005|-3278.900360|-130398990.594717|-263.619991|162175.166538|-0.000004|-227609.780808|-1.882314|0.001760|12.080396|-0.032855|-8.655558|-30.133334|0.062641|-3.482919|-228.247627
1418|-3315644.733044|-4.475723|-2.275483|-15.200000|-9.395207|-22.912510|-3.096166|-18.969326|259.600000|-2.275483|-1.729269|-3779552.343333|-0.038579|-26.695764|-1.751851|1.406488|-14.600000|-8.000000|-9210575.469810|-0.077985|-0.000000|-22.256218|-23.965874|0.032116|0.060972|0.038754|-12942.574638|-0.529133|-3.491647|4.573162|-6.313549|0.483015|-3.425005|0.213580|-3.425005|-3280.390783|-130398990.594717|-250.932099|162175.166538|-0.000004|-227609.780808|-1.861414|0.004078|12.027127|-0.030704|-8.655558|-27.866667|0.062641|-3.491647|-228.247627
1419|-1565399.846958|-4.388607|-2.275483|-14.800000|-9.395207|-22.912510|-3.096166|-18.969326|259.600000|-2.275483|-1.729269|-1770872.687580|-0.038579|-24.826146|-1.752094|1.406488|-14.400000|-8.000000|-9104688.277873|-0.077985|-0.000000|-20.268273|-23.693828|0.040784|0.055420|0.038178|-12505.737699|-0.527699|-3.514661|5.718816|-6.064650|0.483015|-3.425005|0.213580|-3.425005|-3280.074391|-130398990.594717|-232.919268|162175.166538|-0.000004|-227609.780808|-1.834345|0.006445|11.982032|-0.028667|-8.655558|-25.700000|0.062641|-3.514661|-228.247627
1420|-2428228.185056|-4.249275|-2.275483|-14.800000|-9.395207|-22.912510|-3.096166|-18.969326|259.600000|-2.275483|-1.729269|-3037046.049587|-0.038579|-21.891337|-1.751923|1.374234|-18.200000|-8.000000|-8993716.820917|-0.077985|-0.000000|-18.779124|-23.888324|0.049453|0.055420|0.036732|-12568.085721|-0.525152|-3.514814|8.039900|-5.820518|0.483015|-3.425005|0.213580|-3.425005|-3278.191685|-130398990.594717|-242.358469|162175.166538|-0.000004|-227609.780808|-1.807276|0.007257|11.940664|-0.026750|-8.655558|-23.700000|0.062641|-3.514814|-228.247627
1421|-1322426.933718|-4.142020|-2.275483|-14.200000|-9.395207|-22.912510|-3.096166|-18.969326|259.600000|-2.275483|-1.729269|-2065076.940181|-0.038579|-21.423933|-1.752715|1.374234|-12.200000|-8.000000|-8998449.555864|-0.077985|-0.000000|-19.666098|-23.760097|0.058121|0.055420|0.035774|-12077.324675|-0.534257|-3.497892|6.127489|-5.585830|0.483015|-3.425005|0.213580|-3.425005|-3279.105365|-130398990.594717|-247.357984|162175.166538|-0.000004|-227609.780808|-1.780207|0.007276|11.905738|-0.024937|-8.655558|-27.700000|0.062641|-3.497892|-228.247627
1422|-155465.582858|-4.024853|-2.275483|-13.800000|-9.395207|-22.912510|-3.096166|-18.969326|259.600000|-2.275483|-1.729269|-426009.742105|-0.038579|-18.456756|-1.752525|1.349613|-19.600000|-8.000000|-8665983.027037|-0.077985|-0.000000|-24.310182|-23.786970|0.066789|0.055420|0.034136|-11261.936107|-0.549589|-3.455717|8.949612|-5.358097|0.483015|-3.425005|0.213343|-3.425005|-3278.464687|-127329459.829692|-303.760258|162175.166538|-0.000004|-227609.780808|-1.753138|0.006862|11.877836|-0.023249|-8.655558|-25.700000|0.062641|-3.455717|-228.247627
1423|-1917529.249630|-3.908638|-2.275483|-13.400000|-9.395207|-22.053534|-3.096166|-18.969326|259.600000|-2.275483|-1.729269|-2326718.429461|-0.038579|-18.456756|-1.752139|1.349613|-19.200000|-8.000000|-8439585.557755|-0.077985|-0.000000|-19.367474|-22.947848|0.075457|0.055420|0.032398|-10943.434879|-0.549589|-3.348289|10.532797|-5.155680|0.483015|-3.425005|0.211127|-2.830167|-3278.079854|-125829502.345368|-442.986849|162175.166538|-0.000004|-227609.780808|-1.726069|0.009956|11.855098|-0.021664|-8.655558|-23.700000|0.062641|-3.348289|-228.247627
1424|607854.281584|-3.784794|-2.275483|-13.000000|-9.395207|-21.657318|-3.096166|-18.969326|259.600000|-2.275483|-1.729269|-289081.832025|-0.060591|-18.456756|-1.752823|1.349613|-10.800000|-8.000000|-8217666.769401|-0.077985|-0.000000|-29.967732|-21.790207|0.084125|0.055420|0.032868|-10157.981107|-0.549467|-3.218207|8.901399|-4.970899|0.483015|-3.425005|0.209621|-2.275483|-3279.165522|-125829502.345368|-307.740796|162175.166538|-0.000004|-227609.780808|-1.698463|0.014406|11.838920|-0.020168|-8.655558|-23.700000|0.062641|-3.218207|-228.247627
1425|-474549.035054|-3.774494|-2.275483|-12.000000|-9.395207|-21.489313|-3.096166|-18.969326|259.600000|-2.275483|-1.729269|-1167781.073636|-0.060591|-18.456756|-1.753457|1.349613|-12.800000|-8.000000|-8216386.228165|-0.077985|-0.000000|-24.775140|-21.228758|0.092794|0.055420|0.032266|-9018.123052|-0.545397|-3.126603|5.655398|-4.800936|0.483015|-3.425005|0.206598|-2.275483|-3279.395145|-125829502.345368|-227.539890|162175.166538|-0.000004|-227609.780808|-1.665971|0.017327|11.828141|-0.018758|-8.655558|-25.700000|0.062641|-3.126603|-228.247627
1426|-151311.917094|-3.759689|-2.275483|-11.800000|-9.395207|-20.765880|-3.096166|-18.969326|259.600000|-2.275483|-1.729269|-1469619.727762|-0.060591|-18.456756|-1.754361|1.288611|-10.200000|-8.000000|-7886074.968156|-0.077985|-0.000000|-20.662690|-20.600386|0.101462|0.055420|0.031343|-8140.429954|-0.546116|-3.075606|1.588728|-4.640469|0.483015|-3.425005|0.208174|-2.275483|-3278.583475|-125829502.345368|-242.031852|162175.166538|-0.000004|-227609.780808|-1.617603|0.019441|11.820964|-0.017465|-8.655558|-25.700000|0.062641|-3.075606|-228.247627
1427|-6627499.218308|-3.720308|-2.275483|-11.800000|-9.395207|-20.492297|-3.096166|-18.969326|259.600000|-2.275483|-1.729269|-7093085.368847|-0.060591|-18.456756|-1.754520|1.213439|-15.800000|-8.000000|-7657949.550893|-0.077985|-0.000000|-21.303374|-20.302893|0.110130|0.055420|0.031452|-7538.489016|-0.550724|-3.055641|2.484940|-4.484413|0.483015|-3.425005|0.207621|-2.275483|-3278.475969|-125829502.345368|-305.248324|162175.166538|-0.000004|-227609.780808|-1.569235|0.021756|11.817541|-0.016254|-8.655558|-22.675000|0.062641|-3.055641|-228.247627
1428|-8722384.369722|-3.617453|-2.275483|-11.800000|-9.395207|-20.244770|-3.096166|-18.969326|259.600000|-2.275483|-1.729269|-6673674.507677|-0.060591|-18.456756|-1.754013|1.129604|-15.400000|-8.000000|-7432088.982446|-0.077985|-0.000000|-25.556321|-20.261039|0.118798|0.055420|0.030926|-5526.960595|-0.557495|-3.043596|3.875722|-4.327437|0.483015|-3.425005|0.207027|-2.275483|-3278.787698|-125829502.345368|-315.324401|162175.166538|-0.000004|-227609.780808|-1.513445|0.024595|11.815945|-0.015120|-8.655558|-21.841667|0.062641|-3.043596|-228.247627
1429|-14711772.518432|-3.569961|-2.275483|-11.800000|-9.395207|-20.194623|-3.096166|-18.969326|259.600000|-2.275483|-1.729269|-12291119.276474|-0.060591|-18.456756|-1.753760|1.052328|-13.000000|-8.000000|-7207354.130050|-0.077985|-0.000000|-19.630642|-20.160193|0.127466|0.055420|0.029856|-2518.672927|-0.561724|-3.041102|3.875722|-4.166311|0.483015|-3.425005|0.201424|-2.275483|-3279.515017|-126091325.349158|-350.900874|162175.166538|-0.000004|-227609.780808|-1.461838|0.025895|11.815132|-0.014056|-8.655558|-21.525000|0.062641|-3.041102|-228.247627
1430|-15854888.184788|-3.461750|-2.275483|-11.800000|-9.395207|-20.194623|-3.096166|-18.969326|259.600000|-2.275483|-1.729269|-14372814.422333|-0.060591|-18.456756|-1.753634|0.906410|-12.000000|-8.000000|-6652365.009582|-0.077985|-0.000000|-17.752969|-19.878476|0.136135|0.055420|0.028767|-675.180328|-0.567663|-3.040411|2.538687|-3.998642|0.483015|-3.425005|0.197006|-2.275483|-3279.197888|-126091325.349158|-304.889859|162175.166538|-0.000004|-227609.780808|-1.415633|0.025904|11.814831|-0.013082|-8.655558|-21.525000|0.062641|-3.040411|-228.247627
1431|-17851320.734730|-3.353006|-2.275483|-11.800000|-9.395207|-20.194623|-3.096166|-18.969326|259.600000|-2.275483|-1.729269|-17285754.444426|-0.060591|-18.456756|-1.753570|0.715734|-11.800000|-8.000000|-6539440.861196|-0.077985|-0.000000|-22.451108|-20.004542|0.144803|0.055420|0.027653|1394.941834|-0.572613|-3.039812|2.538687|-3.823019|0.483015|-3.425005|0.192483|-2.275483|-3279.147399|-126091325.349158|-321.078055|162175.166538|-0.000004|-227609.780808|-1.388397|0.026447|11.816852|-0.012164|-8.655558|-21.525000|0.062641|-3.039812|-228.247627
1432|-21119876.549352|-3.246289|-2.275483|-11.800000|-9.395207|-20.194623|-3.096166|-18.969326|259.600000|-2.275483|-1.729269|-22593418.139078|-0.047118|-18.456756|-1.753539|0.535510|-13.800000|-8.000000|-6534907.846626|-0.077985|-0.000000|-18.828526|-20.118601|0.151851|0.055420|0.026924|5143.713879|-0.574616|-3.038354|1.856278|-3.638176|0.483015|-3.425005|0.162166|-2.275483|-3278.743577|-126091325.349158|-310.505800|162175.166538|-0.000004|-227609.780808|-1.375076|0.026179|11.819508|-0.011321|-8.655558|-21.525000|0.062641|-3.038354|-228.247627
1433|-14294845.418584|-2.900792|-2.275483|-11.800000|-9.395207|-19.975446|-3.096166|-18.969326|259.600000|-2.275483|-1.729269|-15388523.030722|0.055258|-15.934556|-1.753523|0.400621|-13.800000|-8.000000|-6549116.016257|-0.077985|-0.000000|-23.427928|-20.561084|0.151851|0.055420|0.025619|12928.998470|-0.575007|-3.038708|1.644979|-3.441995|0.483015|-3.425005|0.149186|-2.275483|-3278.304485|-126091325.349158|-325.972478|162175.166538|-0.000004|-227609.780808|-1.387196|0.023496|11.822661|-0.010540|-8.465773|-21.525000|0.062641|-3.038708|-228.247627
1434|-13681578.114636|-2.758164|-2.275483|-11.800000|-9.395207|-19.586667|-3.096166|-18.969326|259.600000|-2.275483|-1.729269|-15670945.465144|0.055258|-15.934556|-1.753222|0.330478|-13.800000|-8.000000|-6552581.936522|-0.077985|-0.000000|-19.155597|-20.507419|0.151851|0.055420|0.024771|14197.171957|-0.574759|-3.043516|4.037121|-3.234548|0.483015|-3.425005|0.142502|-2.275483|-3279.196757|-126091325.349158|-366.252963|162175.166538|-0.000004|-227609.780808|-1.409113|0.024333|11.824988|-0.009797|-8.275989|-23.525000|0.062641|-3.043516|-228.247627
1435|-15448626.337210|-2.638645|-2.275483|-11.800000|-9.395207|-19.425390|-3.096166|-18.969326|259.600000|-2.275483|-1.729269|-18391921.929354|0.055258|-15.934556|-1.754243|0.273889|-3.800000|-8.000000|-6551535.156907|-0.077985|-0.000000|-19.599084|-20.363858|0.151851|0.055420|0.024188|14697.391825|-0.572704|-3.045695|-6.926880|-3.015835|0.483015|-3.425005|0.131170|-2.275483|-3279.692554|-126091325.349158|-389.417799|162175.166538|-0.000004|-227609.780808|-1.431031|0.025100|11.827008|-0.009117|-8.086204|-25.525000|0.062641|-3.045695|-51.828102
1436|-17925375.200570|-2.334351|-2.275483|-11.800000|-9.395207|-18.898521|-3.096166|-18.969326|259.600000|-2.275483|-1.729269|-21478084.956294|0.055258|-15.934556|-1.755048|0.198853|-9.800000|-8.000000|-6555700.275487|-0.077985|-0.000000|-17.501662|-19.731230|0.151851|0.055420|0.023672|15950.860998|-0.572033|-3.047467|-13.319392|-2.785820|0.483015|-3.425005|0.119093|-2.275483|-3279.625857|-126091325.349158|-222.788817|162175.166538|-0.000004|-227609.780808|-1.452949|0.026299|11.827943|-0.008602|-7.896419|-29.525000|0.062641|-3.047467|-51.828102
1437|-26395420.700000|-2.188153|-2.275483|-11.800000|-9.395207|-18.231354|-3.096166|-11.665374|259.600000|-2.275483|-1.729269|-29965731.861243|0.055258|-15.934556|-1.756331|0.151173|-5.800000|-8.000000|-6546392.629439|0.001520|-0.000000|-24.497423|-18.882924|0.151851|0.055420|0.024220|16917.256553|-0.572972|-3.053357|-20.357445|-2.544759|0.483015|-3.425005|0.115214|-2.275483|-3278.893057|-126091325.349158|-136.049939|162175.166538|-0.000004|-227609.780808|-1.469081|0.027647|11.828371|-0.008115|-7.706635|-29.483334|0.062641|-3.053357|-51.828102
1438|-23400553.317562|-2.022123|-2.275483|-11.800000|-9.395207|-17.818202|-3.096166|-9.724792|259.600000|-2.275483|-1.729269|-27332771.772385|0.055258|-15.934556|-1.756386|0.072159|-15.800000|-8.000000|-6547039.575685|0.002095|-0.000000|-20.900229|-18.361399|0.151851|0.055420|0.025071|18092.968946|-0.570218|-3.052731|-17.655290|-2.292436|0.483015|-3.425005|0.027556|-2.275483|-3278.363084|-126091325.349158|-186.881614|162175.166538|-0.000004|-227609.780808|-1.478485|0.027122|11.829021|-0.007759|-7.516850|-22.758334|0.062641|-3.052731|-41.403526
1439|-23102399.648398|-1.888002|-2.275483|-11.800000|-7.362309|-17.487148|-3.096166|-9.724792|259.600000|-2.275483|-1.729269|-27211931.367840|0.055258|-15.934556|-1.757295|-0.045803|-5.800000|-8.000000|-6546702.433834|0.002095|-0.000000|-16.339969|-18.291767|0.151851|0.055420|0.025479|19779.788402|-0.558915|-3.052391|-19.773899|-2.026072|0.483015|-3.425005|-0.009050|-2.275483|-3279.118557|-126091325.349158|-175.008393|162175.166538|-0.000004|-227609.780808|-1.487890|0.024359|11.830459|-0.007400|-7.327066|-22.558334|0.062641|-3.052391|-41.403526
1440|-28327905.051162|-1.797551|-2.275483|-11.800000|-7.362309|-17.487148|-3.096166|-9.724792|259.600000|-2.275483|-1.729269|-32127537.876162|0.055258|-15.934556|-1.758044|-0.198854|-7.800000|-8.000000|-6537501.599122|0.002095|-0.000000|-15.950611|-18.463565|0.151851|0.055420|0.025573|19677.882140|-0.529629|-3.051779|-25.802283|-1.742552|0.483015|-3.425005|-0.049576|-2.275483|-3279.377411|-126091325.349158|-135.930140|162175.166538|-0.000004|-120341.151707|-1.497294|0.021715|11.833163|-0.007025|-7.137281|-25.975000|0.062641|-3.051779|-41.403526
1441|-30699274.000000|-1.739524|-2.275483|-10.000000|-7.362309|-17.388484|-3.096166|-9.724792|259.600000|-2.275483|-1.729269|-34306873.733795|0.055258|-15.934556|-1.757830|-0.362290|-17.800000|-8.000000|-6538872.999564|0.002095|-0.000000|-15.727574|-18.722799|0.152567|0.055420|0.025286|18811.861927|-0.514275|-3.051807|-18.691060|-1.439022|0.387984|-3.425005|-0.076046|-2.275483|-3277.587709|-126091325.349158|-177.824355|162175.166538|-0.000004|-120341.151707|-1.506698|0.019178|11.835979|-0.006699|-6.947497|-23.033334|0.062641|-3.051807|-41.403526
1442|-33516810.430690|-1.673043|-2.275483|-7.600000|-7.362309|-17.388484|-3.096166|-9.724792|259.600000|-2.275483|-1.729269|-36811014.250090|0.055258|-15.934556|-1.758312|-0.586605|-7.800000|-8.000000|-6643966.356768|0.002095|-0.000000|-17.031724|-18.833938|0.153282|0.055420|0.025029|18250.012018|-0.500400|-3.052099|-22.209389|-1.113330|0.387984|-3.425005|-0.108455|-2.275483|-3279.165897|-126091325.349158|-156.915324|162175.166538|-0.000004|-120341.151707|-1.516102|0.018630|11.839053|-0.006386|-6.757712|-20.841667|0.062641|-3.052099|-41.403526
1443|-37894425.247352|-1.543355|-2.275483|-5.800000|-6.419738|-17.055606|-3.096166|-9.724792|259.600000|-2.275483|-1.729269|-41102756.159681|0.055258|-14.445542|-1.757670|-0.773849|-17.800000|-8.000000|-6635535.308847|0.002095|-0.000000|-14.086220|-18.485714|0.156603|0.055420|0.024748|18215.251712|-0.507454|-3.056550|-11.865427|-0.765778|0.387984|-3.425005|-0.127877|-2.275483|-3278.632869|-126091325.349158|-171.452944|162175.166538|-0.000004|-35592.826786|-1.525506|0.017174|11.842018|-0.006108|-6.567927|-24.841667|0.062641|-3.056550|-41.403526
1444|-39953173.003502|-1.429953|-2.275483|-4.000000|-6.419738|-16.563954|-3.096166|-8.126884|259.600000|-2.275483|-1.729269|-42395532.694169|0.055258|-12.828781|-1.757349|-0.691603|-11.800000|-8.000000|-6852897.584819|0.002095|-0.000000|-21.778595|-17.362837|0.160210|0.055420|0.024693|17866.533275|-0.511485|-3.071473|-11.865427|-0.394317|0.387984|-3.425005|-0.149031|-2.275483|-3278.674451|-126091325.349158|-183.444873|162175.166538|-0.000004|-35592.826786|-1.534910|0.017350|11.843336|-0.005887|-6.378143|-18.841667|0.062641|-3.071473|-41.403526
1445|-37457187.201600|-1.278656|-2.275483|-2.600000|-6.419738|-15.738174|-3.096166|-8.126884|259.600000|-2.275483|-1.729269|-39999175.647559|0.055258|-12.828781|-1.757483|-0.661897|-9.800000|-8.000000|-7624663.238224|0.002095|-0.000000|-15.617606|-15.986682|0.163816|0.055420|0.024432|17974.434342|-0.511485|-3.084029|-13.918449|0.001082|0.387984|-3.425005|-0.169014|-2.275483|-3279.529373|-126091325.349158|-183.892237|162175.166538|-0.000004|-35592.826786|-1.544314|0.018647|11.842915|-0.005709|-6.188358|-20.841667|0.062641|-3.084029|-41.403526
1446|-35411085.781872|-1.172487|-2.275483|-0.400000|-6.419738|-15.181516|-3.096166|-8.126884|259.600000|-2.275483|-1.729269|-37492635.493224|0.055258|-12.044174|-1.757255|-0.638744|-12.000000|-8.000000|-7069105.526744|0.002095|-0.000000|-15.179758|-15.679422|0.167423|0.055420|0.024342|17341.377834|-0.508173|-3.087367|-10.973642|0.417464|0.387984|-3.425005|-0.176343|-2.275483|-3279.790146|-126091325.349158|-215.977598|162175.166538|-0.000004|-35592.826786|-1.551851|0.019798|11.840291|-0.005542|-5.972415|-20.841667|0.062641|-3.087367|-41.403526
1447|-38263504.985680|-0.990758|-2.275483|1.000000|-6.419738|-14.126251|-3.096166|-8.126884|4241.800000|-2.275483|-1.729269|-40185491.995201|0.055258|-12.044174|-1.758319|-0.552763|0.400000|-8.000000|-6295167.289857|0.002095|-0.000000|-14.447388|-15.644405|0.171029|0.055420|0.023812|17064.373183|-0.508310|-3.089405|-25.639831|0.852939|0.387984|-3.425005|-0.190573|-2.275483|-3279.149706|-126091325.349158|-188.528747|162175.166538|-0.000004|-358935.724229|-1.559388|0.023099|11.832094|-0.005362|-5.756472|-24.425000|0.062641|-3.089405|-54.938117
1448|-36514293.235631|-0.906855|-2.275483|2.000000|-6.419738|-14.126251|-3.096166|-2.998403|4241.800000|-2.275483|-1.504635|-38639132.672122|0.055258|-12.044174|-1.758851|-0.477964|-3.800000|-8.000000|-5302440.366593|0.002095|-0.000000|-12.730190|-15.515232|0.174636|0.055420|0.024609|16893.218102|-0.506002|-3.080766|-28.267305|1.304006|0.387984|-3.425005|-0.195652|-2.275483|-3279.511557|-126091325.349158|-187.821440|242730.313518|-0.000004|-358935.724229|-1.550539|0.024955|11.817819|-0.005120|-5.540529|-23.725000|0.062641|-3.080766|-239.516182
1449|-39418168.218956|-0.826659|-2.275483|2.000000|-6.419738|-14.126251|-3.096166|-2.167873|4241.800000|-2.275483|-1.238564|-41155918.236289|0.055258|-12.044174|-1.760297|-0.376322|4.000000|-8.000000|-4304780.674149|0.002095|-0.000000|-13.122127|-15.691053|0.178242|0.055420|0.025539|16979.326423|-0.472682|-3.081023|-47.542878|1.767753|0.311785|-3.425005|-0.208265|-2.275483|-3280.340258|-126091325.349158|-158.889835|277580.485008|-0.000004|-358935.724229|-1.535603|0.027687|11.796381|-0.004861|-5.324587|-25.700000|0.062641|-3.081023|-239.516182
1450|-40741472.016064|-0.747405|-2.275483|2.000000|-9.134298|-14.126251|-3.096166|-1.591483|4241.800000|-2.275483|-1.238564|-42102543.059526|0.055258|-12.044174|-1.760135|-0.260000|-8.600000|-8.000000|-3531567.378805|0.002095|-0.000000|-16.579083|-16.235026|0.181849|0.055420|0.026017|16972.781049|-0.457060|-3.081983|-40.680330|2.236989|0.311785|-3.425005|-0.215353|-2.275483|-3277.891318|-126091325.349158|-187.377165|277580.485008|-0.000004|-358935.724229|-1.518494|0.030682|11.766613|-0.004613|-5.108644|-19.700000|0.062641|-3.081983|-239.516182
1451|-51060014.202398|-0.661206|-2.275483|2.000000|-9.134298|-14.126251|-3.096166|-1.591483|4241.800000|-2.275483|-1.238564|-50690902.867789|0.055258|-12.044174|-1.759169|-0.090935|-6.400000|-8.000000|-2312937.108627|0.002095|-0.000000|-14.244136|-16.915218|0.185455|0.055420|0.025460|16611.536252|-0.453644|-3.075475|-28.563723|2.703510|0.289369|-3.425005|-0.229528|-2.275483|-3278.732118|-126091325.349158|-223.683623|277580.485008|-0.000004|-358935.724229|-1.507987|0.030339|11.728433|-0.004360|-4.892701|-23.700000|0.062641|-3.075475|-239.516182
1452|-60972578.150000|-0.437201|-2.275483|1.800000|-9.134298|-14.126251|-3.096166|-1.591483|4241.800000|-2.275483|-1.238564|-59911714.656885|0.055258|-12.044174|-1.759276|0.051153|5.000000|-8.000000|-1539783.581535|0.002095|-0.000000|-15.972963|-17.391257|0.189062|0.055420|0.024798|16551.773130|-0.457669|-3.070704|-31.723049|3.163054|0.360463|-3.425005|-0.235122|-2.275483|-3280.486122|-126091325.349158|-199.799394|277580.485008|-0.000004|-358935.724229|-1.498818|0.030939|11.681014|-0.004107|-4.676758|-17.700000|0.062641|-3.070704|-239.516182
1453|-69221500.714008|-0.325470|-2.275483|1.800000|-9.134298|-14.126251|-3.096166|-1.591483|4241.800000|-2.275483|-1.238564|-69237218.972479|0.055258|-12.044174|-1.758741|0.202632|-3.000000|-8.000000|-1536087.914454|0.002095|-0.000000|-13.442245|-17.929126|0.192668|0.055420|0.023843|15464.385079|-0.457380|-3.052158|-27.697634|3.613543|0.360463|-2.830167|-0.245488|-2.275483|-3278.450733|-126091325.349158|-232.971049|277580.485008|-0.000004|-358935.724229|-1.489648|0.030754|11.625835|-0.003896|-4.460815|-19.700000|0.062641|-3.052158|-239.516182
1454|-68995458.218719|-0.203028|-2.275483|1.400000|-9.134298|-14.126251|-3.096166|2.961680|4241.800000|-2.275483|-1.147662|-69800970.073084|0.055258|-12.044174|-1.758767|0.379653|2.600000|-8.000000|-1754891.826769|0.002095|-0.000000|-15.430599|-18.333149|0.196275|0.055420|0.024928|15293.198711|-0.466911|-3.025905|-30.439221|4.053291|0.360463|-2.275483|-0.280592|-2.275483|-3279.538182|-125793151.896101|-207.726930|429627.942732|-0.000004|-358935.724229|-1.480479|0.030917|11.564205|-0.003760|-4.244872|-19.700000|0.062641|-3.025905|-239.516182
1455|-71880509.403270|0.040236|-2.275483|0.000000|-9.134298|-14.126251|-3.096166|2.961680|4241.800000|-2.275483|-0.910350|-72606044.353811|0.055258|-12.044174|-1.757897|0.512776|-7.600000|-8.000000|-1863288.411067|0.002095|-0.000000|-23.171835|-18.431929|0.199881|0.055420|0.025414|15763.116427|-0.471066|-2.989147|-17.333601|4.481127|0.360463|-2.275483|-0.306140|-2.275483|-3277.347779|-120890430.987263|-261.394378|440621.771678|-0.000004|-358935.724229|-1.471310|0.030537|11.496269|-0.003680|-4.028929|-21.700000|0.062641|-2.989147|-239.516182
1456|-75173745.317580|0.191127|-2.275483|-0.800000|-9.134298|-14.136417|-3.096166|2.961680|4241.800000|-2.275483|-0.339191|-75978758.514945|0.055258|-12.044174|-1.758051|0.598978|0.000000|-8.000000|-2079585.868809|0.002095|-0.000000|-20.431844|-18.196422|0.203488|0.055420|0.025620|16072.792066|-0.477684|-2.941572|-17.195306|4.899497|0.360463|-2.275483|-0.306140|-2.275483|-3279.829263|-120890430.987263|-288.741115|377817.219510|-0.000004|-358935.724229|-1.462141|0.030821|11.422736|-0.003661|-3.812986|-19.700000|0.062641|-2.941572|-239.516182
1457|-81906025.801350|0.446243|-2.275483|-1.800000|-9.134298|-14.123424|-3.096166|2.961680|4241.800000|-2.275483|-0.339191|-82703761.294871|0.055258|-12.044174|-1.757834|0.640874|-2.200000|-8.000000|-2074591.983129|0.002095|-0.000000|-13.449107|-17.309915|0.207094|0.055420|0.025471|16011.353251|-0.482405|-2.908849|-14.500918|5.308378|0.360463|-2.275483|-0.306140|-2.275483|-3279.323694|-118642116.200607|-358.044738|362346.943742|-0.000004|-358935.724229|-1.452972|0.029720|11.343834|-0.003668|-3.597043|-19.700000|0.062641|-2.908849|-239.516182
1458|-95650661.966960|0.647632|-2.275483|-1.800000|-9.134298|-13.730717|-3.096166|3.674122|4241.800000|-2.170988|-0.339191|-97075391.537357|0.055258|-12.044174|-1.758314|0.653093|1.800000|-8.000000|-2065191.729344|0.002095|-0.000000|-18.417554|-16.181825|0.210701|0.055420|0.026367|15252.212138|-0.486630|-2.865105|-17.841110|5.709232|0.360463|-2.275483|-0.306140|-2.275483|-3279.506622|-118642116.200607|-284.324512|288253.560320|-0.000004|-358935.724229|-1.443803|0.031527|11.256757|-0.003692|-3.381100|-21.700000|0.062641|-2.865105|-239.516182
1459|-108148681.567338|0.703384|-2.275483|-1.800000|-9.134298|-13.184934|-3.096166|3.674122|4241.800000|-1.800862|-0.339191|-110206650.697017|0.055258|-12.044174|-1.760323|0.653093|9.400000|-8.000000|-2271893.642039|0.002095|-0.000000|-13.669950|-14.862518|0.214307|0.055420|0.027004|13794.372096|-0.484741|-2.861894|-43.184453|6.101249|0.360463|-2.275483|-0.306140|-2.275483|-3281.020635|-118642116.200607|-266.576427|288253.560320|-0.000004|-358935.724229|-1.434634|0.033310|11.162039|-0.003744|-3.165157|-25.700000|0.062641|-2.861894|-239.516182
