859|nan|nan|nan|nan|nan|nan|nan|nan|nan|nan|nan|nan|nan|nan|nan|nan|nan|nan|nan|nan|nan|nan|nan|nan|nan|nan|nan|nan|nan|nan|nan|nan|nan|nan|nan|nan|nan|nan|nan|nan|nan|nan|nan|nan|nan|nan|nan|nan|nan|nan
900|nan|nan|nan|nan|nan|nan|nan|nan|nan|nan|nan|nan|nan|nan|nan|nan|nan|nan|nan|nan|nan|nan|nan|nan|nan|nan|nan|nan|nan|nan|nan|nan|nan|nan|nan|nan|nan|nan|nan|nan|nan|nan|nan|nan|nan|nan|nan|nan|nan|nan
901|nan|nan|nan|nan|nan|nan|nan|nan|nan|nan|nan|nan|nan|nan|nan|nan|nan|nan|nan|nan|nan|nan|nan|nan|nan|nan|nan|nan|nan|nan|nan|nan|nan|nan|nan|nan|nan|nan|nan|nan|nan|nan|nan|nan|nan|nan|nan|nan|nan|nan
902|nan|nan|nan|nan|nan|nan|nan|nan|nan|nan|nan|nan|nan|nan|nan|nan|nan|nan|nan|nan|nan|nan|nan|nan|nan|nan|nan|nan|nan|nan|nan|nan|nan|nan|nan|nan|nan|nan|nan|nan|nan|nan|nan|nan|nan|nan|nan|nan|nan|nan
903|nan|nan|nan|nan|nan|nan|nan|nan|nan|nan|nan|nan|nan|nan|nan|nan|nan|nan|nan|nan|nan|nan|nan|nan|nan|nan|nan|nan|nan|nan|nan|nan|nan|nan|nan|nan|nan|nan|nan|nan|nan|nan|nan|nan|nan|nan|nan|nan|nan|nan
904|nan|nan|nan|nan|nan|nan|nan|nan|nan|nan|nan|nan|nan|nan|nan|nan|nan|nan|nan|nan|nan|nan|nan|nan|nan|nan|nan|nan|nan|nan|nan|nan|nan|nan|nan|nan|nan|nan|nan|nan|nan|nan|nan|nan|nan|nan|nan|nan|nan|nan
905|nan|nan|nan|nan|nan|nan|nan|nan|nan|nan|nan|nan|nan|nan|nan|nan|nan|nan|nan|nan|nan|nan|nan|nan|nan|nan|nan|nan|nan|nan|nan|nan|nan|nan|nan|nan|nan|nan|nan|nan|nan|nan|nan|nan|nan|nan|nan|nan|nan|nan
906|nan|nan|nan|nan|nan|nan|nan|nan|nan|nan|nan|nan|nan|nan|nan|nan|nan|nan|nan|nan|nan|nan|nan|nan|nan|nan|nan|nan|nan|nan|nan|nan|nan|nan|nan|nan|nan|nan|nan|nan|nan|nan|nan|nan|nan|nan|nan|nan|nan|nan
907|nan|nan|nan|nan|nan|nan|nan|nan|nan|nan|nan|nan|nan|nan|nan|nan|nan|nan|nan|nan|nan|nan|nan|nan|nan|nan|nan|nan|nan|nan|nan|nan|nan|nan|nan|nan|nan|nan|nan|nan|nan|nan|nan|nan|nan|nan|nan|nan|nan|nan
908|nan|nan|nan|nan|nan|nan|nan|nan|nan|nan|nan|nan|nan|nan|nan|nan|nan|nan|nan|nan|nan|nan|nan|nan|nan|nan|nan|nan|nan|nan|nan|nan|nan|nan|nan|nan|nan|nan|nan|nan|nan|nan|nan|nan|nan|nan|nan|nan|nan|nan
909|nan|nan|nan|nan|nan|nan|nan|nan|nan|nan|nan|nan|nan|nan|nan|nan|nan|nan|nan|nan|nan|nan|nan|nan|nan|nan|nan|nan|nan|nan|nan|nan|nan|nan|nan|nan|nan|nan|nan|nan|nan|nan|nan|nan|nan|nan|nan|nan|nan|nan
910|nan|nan|nan|nan|nan|nan|nan|nan|nan|nan|nan|nan|nan|nan|nan|nan|nan|nan|nan|nan|nan|nan|nan|nan|nan|nan|nan|nan|nan|nan|nan|nan|nan|nan|nan|nan|nan|nan|nan|nan|nan|nan|nan|nan|nan|nan|nan|nan|nan|nan
911|nan|nan|nan|nan|nan|nan|nan|nan|nan|nan|nan|nan|nan|nan|nan|nan|nan|nan|nan|nan|nan|nan|nan|nan|nan|nan|nan|nan|nan|nan|nan|nan|nan|nan|nan|nan|nan|nan|nan|nan|nan|nan|nan|nan|nan|nan|nan|nan|nan|nan
912|nan|nan|nan|nan|nan|nan|nan|nan|nan|nan|nan|nan|nan|nan|nan|nan|nan|nan|nan|nan|nan|nan|nan|nan|nan|nan|nan|nan|nan|nan|nan|nan|nan|nan|nan|nan|nan|nan|nan|nan|nan|nan|nan|nan|nan|nan|nan|nan|nan|nan
913|nan|nan|nan|nan|nan|nan|nan|nan|nan|nan|nan|nan|nan|nan|nan|nan|nan|nan|nan|nan|nan|nan|nan|nan|nan|nan|nan|nan|nan|nan|nan|nan|nan|nan|nan|nan|nan|nan|nan|nan|nan|nan|nan|nan|nan|nan|nan|nan|nan|nan
914|nan|nan|nan|nan|nan|nan|nan|nan|nan|nan|nan|nan|nan|nan|nan|nan|nan|nan|nan|nan|nan|nan|nan|nan|nan|nan|nan|nan|nan|nan|nan|nan|nan|nan|nan|nan|nan|nan|nan|nan|nan|nan|nan|nan|nan|nan|nan|nan|nan|nan
915|nan|nan|nan|nan|nan|nan|nan|nan|nan|nan|nan|nan|nan|nan|nan|nan|nan|nan|nan|nan|nan|nan|nan|nan|nan|nan|nan|nan|nan|nan|nan|nan|nan|nan|nan|nan|nan|nan|nan|nan|nan|nan|nan|nan|nan|nan|nan|nan|nan|nan
916|nan|nan|nan|nan|nan|nan|nan|nan|nan|nan|nan|nan|nan|nan|nan|nan|nan|nan|nan|nan|nan|nan|nan|nan|nan|nan|nan|nan|nan|nan|nan|nan|nan|nan|nan|nan|nan|nan|nan|nan|nan|nan|nan|nan|nan|nan|nan|nan|nan|nan
917|nan|nan|nan|nan|nan|nan|nan|nan|nan|nan|nan|nan|nan|nan|nan|nan|nan|nan|nan|nan|nan|nan|nan|nan|nan|nan|nan|nan|nan|nan|nan|nan|nan|nan|nan|nan|nan|nan|nan|nan|nan|nan|nan|nan|nan|nan|nan|nan|nan|nan
918|nan|nan|nan|nan|nan|nan|nan|nan|nan|nan|nan|nan|nan|nan|nan|nan|nan|nan|nan|nan|nan|nan|nan|nan|nan|nan|nan|nan|nan|nan|nan|nan|nan|nan|nan|nan|nan|nan|nan|nan|nan|nan|nan|nan|nan|nan|nan|nan|nan|nan
919|nan|nan|nan|nan|nan|nan|nan|nan|nan|nan|nan|nan|nan|nan|nan|nan|nan|nan|nan|nan|nan|nan|nan|nan|nan|nan|nan|nan|nan|nan|nan|nan|nan|nan|nan|nan|nan|nan|nan|nan|nan|nan|nan|nan|nan|nan|nan|nan|nan|nan
920|nan|nan|nan|nan|nan|nan|nan|nan|nan|nan|nan|nan|nan|nan|nan|nan|nan|nan|nan|nan|nan|nan|nan|nan|nan|nan|nan|nan|nan|nan|nan|nan|nan|nan|nan|nan|nan|nan|nan|nan|nan|nan|nan|nan|nan|nan|nan|nan|nan|nan
921|nan|nan|nan|nan|nan|nan|nan|nan|nan|nan|nan|nan|nan|nan|nan|nan|nan|nan|nan|nan|nan|nan|nan|nan|nan|nan|nan|nan|nan|nan|nan|nan|nan|nan|nan|nan|nan|nan|nan|nan|nan|nan|nan|nan|nan|nan|nan|nan|nan|nan
922|nan|nan|nan|nan|nan|nan|nan|nan|nan|nan|nan|nan|nan|nan|nan|nan|nan|nan|nan|nan|nan|nan|nan|nan|nan|nan|nan|nan|nan|nan|nan|nan|nan|nan|nan|nan|nan|nan|nan|nan|nan|nan|nan|nan|nan|nan|nan|nan|nan|nan
923|nan|nan|nan|nan|nan|nan|nan|nan|nan|nan|nan|nan|nan|nan|nan|nan|nan|nan|nan|nan|nan|nan|nan|nan|nan|nan|nan|nan|nan|nan|nan|nan|nan|nan|nan|nan|nan|nan|nan|nan|nan|nan|nan|nan|nan|nan|nan|nan|nan|nan
924|nan|nan|nan|nan|nan|nan|nan|nan|nan|nan|nan|nan|nan|nan|nan|nan|nan|nan|nan|nan|nan|nan|nan|nan|nan|nan|nan|nan|nan|nan|nan|nan|nan|nan|nan|nan|nan|nan|nan|nan|nan|nan|nan|nan|nan|nan|nan|nan|nan|nan
925|nan|nan|nan|nan|nan|nan|nan|nan|nan|nan|nan|nan|nan|nan|nan|nan|nan|nan|nan|nan|nan|nan|nan|nan|nan|nan|nan|nan|nan|nan|nan|nan|nan|nan|nan|nan|nan|nan|nan|nan|nan|nan|nan|nan|nan|nan|nan|nan|nan|nan
926|nan|nan|nan|nan|nan|nan|nan|nan|nan|nan|nan|nan|nan|nan|nan|nan|nan|nan|nan|nan|nan|nan|nan|nan|nan|nan|nan|nan|nan|nan|nan|nan|nan|nan|nan|nan|nan|nan|nan|nan|nan|nan|nan|nan|nan|nan|nan|nan|nan|nan
927|nan|nan|nan|nan|nan|nan|nan|nan|nan|nan|nan|nan|nan|nan|nan|nan|nan|nan|nan|nan|nan|nan|nan|nan|nan|nan|nan|nan|nan|nan|nan|nan|nan|nan|nan|nan|nan|nan|nan|nan|nan|nan|nan|nan|nan|nan|nan|nan|nan|nan
928|nan|nan|nan|nan|nan|nan|nan|nan|nan|nan|nan|nan|nan|nan|nan|nan|nan|nan|nan|nan|nan|nan|nan|nan|nan|nan|nan|nan|nan|nan|nan|nan|nan|nan|nan|nan|nan|nan|nan|nan|nan|nan|nan|nan|nan|nan|nan|nan|nan|nan
929|nan|nan|nan|nan|nan|nan|nan|nan|nan|nan|nan|nan|nan|nan|nan|nan|nan|nan|nan|nan|nan|nan|nan|nan|nan|nan|nan|nan|nan|nan|nan|nan|nan|nan|nan|nan|nan|nan|nan|nan|nan|nan|nan|nan|nan|nan|nan|nan|nan|nan
930|nan|nan|nan|nan|nan|nan|nan|nan|nan|nan|nan|nan|nan|nan|nan|nan|nan|nan|nan|nan|nan|nan|nan|nan|nan|nan|nan|nan|nan|nan|nan|nan|nan|nan|nan|nan|nan|nan|nan|nan|nan|nan|nan|nan|nan|nan|nan|nan|nan|nan
931|nan|nan|nan|nan|nan|nan|nan|nan|nan|nan|nan|nan|nan|nan|nan|nan|nan|nan|nan|nan|nan|nan|nan|nan|nan|nan|nan|nan|nan|nan|nan|nan|nan|nan|nan|nan|nan|nan|nan|nan|nan|nan|nan|nan|nan|nan|nan|nan|nan|nan
932|nan|nan|nan|nan|nan|nan|nan|nan|nan|nan|nan|nan|nan|nan|nan|nan|nan|nan|nan|nan|nan|nan|nan|nan|nan|nan|nan|nan|nan|nan|nan|nan|nan|nan|nan|nan|nan|nan|nan|nan|nan|nan|nan|nan|nan|nan|nan|nan|nan|nan
933|nan|nan|nan|nan|nan|nan|nan|nan|nan|nan|nan|nan|nan|nan|nan|nan|nan|nan|nan|nan|nan|nan|nan|nan|nan|nan|nan|nan|nan|nan|nan|nan|nan|nan|nan|nan|nan|nan|nan|nan|nan|nan|nan|nan|nan|nan|nan|nan|nan|nan
934|nan|nan|nan|nan|nan|nan|nan|nan|nan|nan|nan|nan|nan|nan|nan|nan|nan|nan|nan|nan|nan|nan|nan|nan|nan|nan|nan|nan|nan|nan|nan|nan|nan|nan|nan|nan|nan|nan|nan|nan|nan|nan|nan|nan|nan|nan|nan|nan|nan|nan
935|nan|nan|nan|nan|nan|nan|nan|nan|nan|nan|nan|nan|nan|nan|nan|nan|nan|nan|nan|nan|nan|nan|nan|nan|nan|nan|nan|nan|nan|nan|nan|nan|nan|nan|nan|nan|nan|nan|nan|nan|nan|nan|nan|nan|nan|nan|nan|nan|nan|nan
936|nan|nan|nan|nan|nan|nan|nan|nan|nan|nan|nan|nan|nan|nan|nan|nan|nan|nan|nan|nan|nan|nan|nan|nan|nan|nan|nan|nan|nan|nan|nan|nan|nan|nan|nan|nan|nan|nan|nan|nan|nan|nan|nan|nan|nan|nan|nan|nan|nan|nan
937|nan|nan|nan|nan|nan|nan|nan|nan|nan|nan|nan|nan|nan|nan|nan|nan|nan|nan|nan|nan|nan|nan|nan|nan|nan|nan|nan|nan|nan|nan|nan|nan|nan|nan|nan|nan|nan|nan|nan|nan|nan|nan|nan|nan|nan|nan|nan|nan|nan|nan
938|nan|nan|nan|nan|nan|nan|nan|nan|nan|nan|nan|nan|nan|nan|nan|nan|nan|nan|nan|nan|nan|nan|nan|nan|nan|nan|nan|nan|nan|nan|nan|nan|nan|nan|nan|nan|nan|nan|nan|nan|nan|nan|nan|nan|nan|nan|nan|nan|nan|nan
939|nan|nan|nan|nan|nan|nan|nan|nan|nan|nan|nan|nan|nan|nan|nan|nan|nan|nan|nan|nan|nan|nan|nan|nan|nan|nan|nan|nan|nan|nan|nan|nan|nan|nan|nan|nan|nan|nan|nan|nan|nan|nan|nan|nan|nan|nan|nan|nan|nan|nan
940|nan|nan|nan|nan|nan|nan|nan|nan|nan|nan|nan|nan|nan|nan|nan|nan|nan|nan|nan|nan|nan|nan|nan|nan|nan|nan|nan|nan|nan|nan|nan|nan|nan|nan|nan|nan|nan|nan|nan|nan|nan|nan|nan|nan|nan|nan|nan|nan|nan|nan
941|nan|nan|nan|nan|nan|nan|nan|nan|nan|nan|nan|nan|nan|nan|nan|nan|nan|nan|nan|nan|nan|nan|nan|nan|nan|nan|nan|nan|nan|nan|nan|nan|nan|nan|nan|nan|nan|nan|nan|nan|nan|nan|nan|nan|nan|nan|nan|nan|nan|nan
942|nan|nan|nan|nan|nan|nan|nan|nan|nan|nan|nan|nan|nan|nan|nan|nan|nan|nan|nan|nan|nan|nan|nan|nan|nan|nan|nan|nan|nan|nan|nan|nan|nan|nan|nan|nan|nan|nan|nan|nan|nan|nan|nan|nan|nan|nan|nan|nan|nan|nan
943|nan|nan|nan|nan|nan|nan|nan|nan|nan|nan|nan|nan|nan|nan|nan|nan|nan|nan|nan|nan|nan|nan|nan|nan|nan|nan|nan|nan|nan|nan|nan|nan|nan|nan|nan|nan|nan|nan|nan|nan|nan|nan|nan|nan|nan|nan|nan|nan|nan|nan
944|nan|nan|nan|nan|nan|nan|nan|nan|nan|nan|nan|nan|nan|nan|nan|nan|nan|nan|nan|nan|nan|nan|nan|nan|nan|nan|nan|nan|nan|nan|nan|nan|nan|nan|nan|nan|nan|nan|nan|nan|nan|nan|nan|nan|nan|nan|nan|nan|nan|nan
945|nan|nan|nan|nan|nan|nan|nan|nan|nan|nan|nan|nan|nan|nan|nan|nan|nan|nan|nan|nan|nan|nan|nan|nan|nan|nan|nan|nan|nan|nan|nan|nan|nan|nan|nan|nan|nan|nan|nan|nan|nan|nan|nan|nan|nan|nan|nan|nan|nan|nan
946|nan|nan|nan|nan|nan|nan|nan|nan|nan|nan|nan|nan|nan|nan|nan|nan|nan|nan|nan|nan|nan|nan|nan|nan|nan|nan|nan|nan|nan|nan|nan|nan|nan|nan|nan|nan|nan|nan|nan|nan|nan|nan|nan|nan|nan|nan|nan|nan|nan|nan
947|nan|nan|nan|nan|nan|nan|nan|nan|nan|nan|nan|nan|nan|nan|nan|nan|nan|nan|nan|nan|nan|nan|nan|nan|nan|nan|nan|nan|nan|nan|nan|nan|nan|nan|nan|nan|nan|nan|nan|nan|nan|nan|nan|nan|nan|nan|nan|nan|nan|nan
948|nan|nan|nan|nan|nan|nan|nan|nan|nan|nan|nan|nan|nan|nan|nan|nan|nan|nan|nan|nan|nan|nan|nan|nan|nan|nan|nan|nan|nan|nan|nan|nan|nan|nan|nan|nan|nan|nan|nan|nan|nan|nan|nan|nan|nan|nan|nan|nan|nan|nan
949|nan|nan|nan|nan|nan|nan|nan|nan|nan|nan|nan|nan|nan|nan|nan|nan|nan|nan|nan|nan|nan|nan|nan|nan|nan|nan|nan|nan|nan|nan|nan|nan|nan|nan|nan|nan|nan|nan|nan|nan|nan|nan|nan|nan|nan|nan|nan|nan|nan|nan
950|nan|nan|nan|nan|nan|nan|nan|nan|nan|nan|nan|nan|nan|nan|nan|nan|nan|nan|nan|nan|nan|nan|nan|nan|nan|nan|nan|nan|nan|nan|nan|nan|nan|nan|nan|nan|nan|nan|nan|nan|nan|nan|nan|nan|nan|nan|nan|nan|nan|nan
951|nan|nan|nan|nan|nan|nan|nan|nan|nan|nan|nan|nan|nan|nan|nan|nan|nan|nan|nan|nan|nan|nan|nan|nan|nan|nan|nan|nan|nan|nan|nan|nan|nan|nan|nan|nan|nan|nan|nan|nan|nan|nan|nan|nan|nan|nan|nan|nan|nan|nan
952|nan|nan|nan|nan|nan|nan|nan|nan|nan|nan|nan|nan|nan|nan|nan|nan|nan|nan|nan|nan|nan|nan|nan|nan|nan|nan|nan|nan|nan|nan|nan|nan|nan|nan|nan|nan|nan|nan|nan|nan|nan|nan|nan|nan|nan|nan|nan|nan|nan|nan
953|nan|nan|nan|nan|nan|nan|nan|nan|nan|nan|nan|nan|nan|nan|nan|nan|nan|nan|nan|nan|nan|nan|nan|nan|nan|nan|nan|nan|nan|nan|nan|nan|nan|nan|nan|nan|nan|nan|nan|nan|nan|nan|nan|nan|nan|nan|nan|nan|nan|nan
954|nan|nan|nan|nan|nan|nan|nan|nan|nan|nan|nan|nan|nan|nan|nan|nan|nan|nan|nan|nan|nan|nan|nan|nan|nan|nan|nan|nan|nan|nan|nan|nan|nan|nan|nan|nan|nan|nan|nan|nan|nan|nan|nan|nan|nan|nan|nan|nan|nan|nan
955|nan|nan|nan|nan|nan|nan|nan|nan|nan|nan|nan|nan|nan|nan|nan|nan|nan|nan|nan|nan|nan|nan|nan|nan|nan|nan|nan|nan|nan|nan|nan|nan|nan|nan|nan|nan|nan|nan|nan|nan|nan|nan|nan|nan|nan|nan|nan|nan|nan|nan
956|nan|nan|nan|nan|nan|nan|nan|nan|nan|nan|nan|nan|nan|nan|nan|nan|nan|nan|nan|nan|nan|nan|nan|nan|nan|nan|nan|nan|nan|nan|nan|nan|nan|nan|nan|nan|nan|nan|nan|nan|nan|nan|nan|nan|nan|nan|nan|nan|nan|nan
957|nan|nan|nan|nan|nan|nan|nan|nan|nan|nan|nan|nan|nan|nan|nan|nan|nan|nan|nan|nan|nan|nan|nan|nan|nan|nan|nan|nan|nan|nan|nan|nan|nan|nan|nan|nan|nan|nan|nan|nan|nan|nan|nan|nan|nan|nan|nan|nan|nan|nan
958|nan|nan|nan|nan|nan|nan|nan|nan|nan|nan|nan|nan|nan|nan|nan|nan|nan|nan|nan|nan|nan|nan|nan|nan|nan|nan|nan|nan|nan|nan|nan|nan|nan|nan|nan|nan|nan|nan|nan|nan|nan|nan|nan|nan|nan|nan|nan|nan|nan|nan
959|nan|nan|nan|nan|nan|nan|nan|nan|nan|nan|nan|nan|nan|nan|nan|nan|nan|nan|nan|nan|nan|nan|nan|nan|nan|nan|nan|nan|nan|nan|nan|nan|nan|nan|nan|nan|nan|nan|nan|nan|nan|nan|nan|nan|nan|nan|nan|nan|nan|nan
1000|nan|nan|nan|nan|nan|nan|nan|nan|nan|nan|nan|nan|nan|nan|nan|nan|nan|nan|nan|nan|nan|nan|nan|nan|nan|nan|nan|nan|nan|nan|nan|nan|nan|nan|nan|nan|nan|nan|nan|nan|nan|nan|nan|nan|nan|nan|nan|nan|nan|nan
1001|nan|nan|nan|nan|nan|nan|nan|nan|nan|nan|nan|nan|nan|nan|nan|nan|nan|nan|nan|nan|nan|nan|nan|nan|nan|nan|nan|nan|nan|nan|nan|nan|nan|nan|nan|nan|nan|nan|nan|nan|nan|nan|nan|nan|nan|nan|nan|nan|nan|nan
1002|nan|nan|nan|nan|nan|nan|nan|nan|nan|nan|nan|nan|nan|nan|nan|nan|nan|nan|nan|nan|nan|nan|nan|nan|nan|nan|nan|nan|nan|nan|nan|nan|nan|nan|nan|nan|nan|nan|nan|nan|nan|nan|nan|nan|nan|nan|nan|nan|nan|nan
1003|nan|nan|nan|nan|nan|nan|nan|nan|nan|nan|nan|nan|nan|nan|nan|nan|nan|nan|nan|nan|nan|nan|nan|nan|nan|nan|nan|nan|nan|nan|nan|nan|nan|nan|nan|nan|nan|nan|nan|nan|nan|nan|nan|nan|nan|nan|nan|nan|nan|nan
1004|nan|nan|nan|nan|nan|nan|nan|nan|nan|nan|nan|nan|nan|nan|nan|nan|nan|nan|nan|nan|nan|nan|nan|nan|nan|nan|nan|nan|nan|nan|nan|nan|nan|nan|nan|nan|nan|nan|nan|nan|nan|nan|nan|nan|nan|nan|nan|nan|nan|nan
1005|nan|nan|nan|nan|nan|nan|nan|nan|nan|nan|nan|nan|nan|nan|nan|nan|nan|nan|nan|nan|nan|nan|nan|nan|nan|nan|nan|nan|nan|nan|nan|nan|nan|nan|nan|nan|nan|nan|nan|nan|nan|nan|nan|nan|nan|nan|nan|nan|nan|nan
1006|nan|nan|nan|nan|nan|nan|nan|nan|nan|nan|nan|nan|nan|nan|nan|nan|nan|nan|nan|nan|nan|nan|nan|nan|nan|nan|nan|nan|nan|nan|nan|nan|nan|nan|nan|nan|nan|nan|nan|nan|nan|nan|nan|nan|nan|nan|nan|nan|nan|nan
1007|nan|nan|nan|nan|nan|nan|nan|nan|nan|nan|nan|nan|nan|nan|nan|nan|nan|nan|nan|nan|nan|nan|nan|nan|nan|nan|nan|nan|nan|nan|nan|nan|nan|nan|nan|nan|nan|nan|nan|nan|nan|nan|nan|nan|nan|nan|nan|nan|nan|nan
1008|nan|nan|nan|nan|nan|nan|nan|nan|nan|nan|nan|nan|nan|nan|nan|nan|nan|nan|nan|nan|nan|nan|nan|nan|nan|nan|nan|nan|nan|nan|nan|nan|nan|nan|nan|nan|nan|nan|nan|nan|nan|nan|nan|nan|nan|nan|nan|nan|nan|nan
1009|nan|nan|nan|nan|nan|nan|nan|nan|nan|nan|nan|nan|nan|nan|nan|nan|nan|nan|nan|nan|nan|nan|nan|nan|nan|nan|nan|nan|nan|nan|nan|nan|nan|nan|nan|nan|nan|nan|nan|nan|nan|nan|nan|nan|nan|nan|nan|nan|nan|nan
1010|nan|nan|nan|nan|nan|nan|nan|nan|nan|nan|nan|nan|nan|nan|nan|nan|nan|nan|nan|nan|nan|nan|nan|nan|nan|nan|nan|nan|nan|nan|nan|nan|nan|nan|nan|nan|nan|nan|nan|nan|nan|nan|nan|nan|nan|nan|nan|nan|nan|nan
1011|nan|nan|nan|nan|nan|nan|nan|nan|nan|nan|nan|nan|nan|nan|nan|nan|nan|nan|nan|nan|nan|nan|nan|nan|nan|nan|nan|nan|nan|nan|nan|nan|nan|nan|nan|nan|nan|nan|nan|nan|nan|nan|nan|nan|nan|nan|nan|nan|nan|nan
1012|nan|nan|nan|nan|nan|nan|nan|nan|nan|nan|nan|nan|nan|nan|nan|nan|nan|nan|nan|nan|nan|nan|nan|nan|nan|nan|nan|nan|nan|nan|nan|nan|nan|nan|nan|nan|nan|nan|nan|nan|nan|nan|nan|nan|nan|nan|nan|nan|nan|nan
1013|nan|nan|nan|nan|nan|nan|nan|nan|nan|nan|nan|nan|nan|nan|nan|nan|nan|nan|nan|nan|nan|nan|nan|nan|nan|nan|nan|nan|nan|48.615542|nan|nan|nan|nan|nan|nan|nan|nan|nan|nan|nan|nan|nan|nan|nan|nan|nan|nan|nan|nan
1014|nan|nan|nan|nan|nan|nan|nan|nan|nan|nan|nan|nan|nan|nan|nan|nan|nan|nan|nan|nan|nan|nan|nan|nan|nan|nan|nan|nan|nan|67.706552|nan|nan|nan|nan|nan|nan|nan|nan|nan|nan|nan|nan|nan|nan|nan|nan|nan|nan|nan|nan
1030|nan|nan|nan|nan|nan|nan|nan|nan|nan|nan|nan|nan|nan|nan|nan|nan|nan|nan|nan|nan|nan|nan|nan|nan|nan|nan|nan|nan|nan|239.969268|nan|nan|nan|nan|nan|nan|nan|nan|nan|nan|nan|nan|nan|nan|nan|nan|nan|nan|nan|nan
1031|nan|nan|nan|nan|nan|nan|nan|nan|nan|nan|nan|nan|nan|nan|nan|nan|nan|nan|nan|nan|nan|nan|nan|nan|nan|nan|nan|nan|nan|179.976951|nan|nan|nan|nan|nan|nan|nan|nan|nan|nan|nan|nan|nan|nan|nan|nan|nan|nan|nan|nan
1032|nan|nan|nan|nan|nan|nan|nan|nan|nan|nan|nan|nan|nan|nan|nan|nan|nan|nan|nan|nan|nan|nan|nan|nan|nan|nan|nan|nan|nan|294.727123|nan|nan|nan|nan|nan|nan|nan|nan|nan|nan|nan|nan|nan|nan|nan|nan|nan|nan|nan|nan
1033|nan|nan|nan|nan|nan|nan|nan|nan|nan|nan|nan|nan|nan|nan|nan|nan|nan|nan|nan|nan|nan|nan|nan|nan|nan|nan|nan|nan|nan|209.005059|nan|nan|nan|nan|nan|nan|nan|nan|nan|nan|nan|nan|nan|nan|nan|nan|nan|nan|nan|nan
1034|nan|nan|nan|nan|nan|nan|nan|nan|nan|nan|nan|nan|nan|nan|nan|nan|nan|nan|nan|nan|nan|nan|nan|nan|nan|nan|nan|nan|nan|192.587643|nan|nan|nan|nan|nan|nan|nan|nan|nan|nan|nan|nan|nan|nan|nan|nan|nan|nan|nan|nan
1035|nan|nan|nan|nan|nan|nan|nan|nan|nan|nan|nan|nan|nan|nan|nan|nan|nan|nan|nan|nan|nan|nan|nan|nan|nan|nan|nan|nan|nan|127.155063|nan|nan|nan|nan|nan|nan|nan|nan|nan|nan|nan|nan|nan|nan|nan|nan|nan|nan|nan|nan
1036|nan|nan|nan|nan|nan|nan|nan|nan|nan|nan|nan|nan|nan|nan|nan|nan|nan|nan|nan|nan|nan|nan|nan|nan|nan|nan|nan|nan|nan|117.165522|nan|nan|nan|nan|nan|nan|nan|nan|nan|nan|nan|nan|nan|nan|nan|nan|nan|nan|nan|nan
1037|nan|nan|nan|nan|nan|nan|nan|nan|nan|nan|nan|nan|nan|nan|nan|nan|nan|nan|nan|nan|nan|nan|nan|nan|nan|nan|nan|nan|nan|112.296801|nan|nan|nan|nan|nan|nan|nan|nan|nan|nan|nan|nan|nan|nan|nan|nan|nan|nan|nan|nan
1038|nan|nan|nan|nan|nan|nan|nan|nan|nan|nan|nan|nan|nan|nan|nan|nan|nan|nan|nan|nan|nan|nan|nan|nan|nan|nan|nan|nan|nan|131.067291|nan|nan|nan|nan|nan|nan|nan|nan|nan|nan|nan|nan|nan|nan|nan|nan|nan|nan|nan|nan
1039|nan|nan|nan|nan|nan|nan|nan|nan|nan|nan|nan|nan|nan|nan|nan|nan|nan|nan|nan|nan|nan|nan|nan|nan|nan|nan|nan|nan|nan|120.145017|nan|nan|nan|nan|nan|nan|nan|nan|nan|nan|nan|nan|nan|nan|nan|nan|nan|nan|nan|nan
1040|nan|nan|nan|nan|nan|nan|nan|nan|nan|nan|nan|nan|nan|nan|nan|nan|nan|nan|nan|nan|nan|nan|nan|nan|nan|nan|nan|nan|nan|108.571293|nan|nan|nan|nan|nan|nan|nan|nan|nan|nan|nan|nan|nan|nan|nan|nan|nan|nan|nan|nan
1041|nan|nan|nan|nan|nan|nan|nan|nan|nan|nan|nan|nan|nan|nan|nan|nan|nan|nan|nan|nan|nan|nan|nan|nan|nan|nan|nan|nan|nan|100.816201|nan|nan|nan|nan|nan|nan|nan|nan|nan|nan|nan|nan|nan|nan|nan|nan|nan|nan|nan|nan
1042|nan|nan|nan|nan|nan|nan|nan|nan|nan|nan|nan|nan|nan|nan|nan|nan|nan|nan|nan|nan|nan|nan|nan|nan|nan|nan|nan|nan|nan|87.943777|nan|nan|nan|nan|nan|nan|nan|nan|nan|nan|nan|nan|nan|nan|nan|nan|nan|nan|nan|nan
1043|nan|nan|nan|nan|nan|nan|nan|nan|nan|nan|nan|nan|nan|nan|nan|nan|nan|nan|nan|nan|nan|nan|nan|nan|nan|nan|nan|nan|nan|80.485316|nan|0.397981|nan|nan|nan|-1030.067169|nan|nan|nan|nan|-669482.242473|nan|nan|14.575535|nan|-31.015963|nan|0.189670|nan|nan
1044|nan|nan|nan|nan|nan|nan|nan|nan|nan|nan|nan|nan|nan|nan|nan|nan|nan|nan|nan|nan|nan|nan|nan|nan|nan|nan|nan|nan|nan|77.646246|nan|0.397981|nan|nan|nan|-1029.424045|nan|nan|nan|nan|-669482.242473|nan|nan|14.530948|nan|-31.015963|nan|0.189670|nan|nan
1045|nan|nan|nan|nan|nan|nan|nan|nan|nan|nan|nan|nan|nan|nan|nan|nan|nan|nan|nan|nan|nan|nan|nan|nan|nan|nan|nan|nan|nan|77.040948|nan|0.397981|nan|nan|nan|-1029.892256|nan|nan|nan|nan|-669482.242473|nan|nan|14.486097|nan|-31.015963|nan|0.189670|nan|nan
1046|nan|nan|nan|nan|nan|nan|nan|nan|nan|nan|nan|nan|nan|nan|nan|nan|nan|nan|nan|nan|nan|nan|nan|nan|nan|nan|nan|nan|nan|74.819595|nan|0.397981|nan|nan|nan|-1029.699309|nan|nan|nan|nan|-669482.242473|nan|nan|14.441425|nan|-31.015963|nan|0.189670|nan|nan
1047|nan|nan|nan|nan|nan|nan|nan|nan|nan|nan|nan|nan|nan|nan|nan|nan|nan|nan|nan|nan|nan|nan|nan|nan|nan|nan|nan|nan|nan|68.343637|nan|0.397981|nan|nan|nan|-1031.714532|nan|nan|nan|nan|-669482.242473|nan|nan|14.396315|nan|-31.015963|nan|0.189670|nan|nan
1048|nan|nan|nan|nan|nan|nan|nan|nan|nan|nan|nan|nan|nan|nan|nan|nan|nan|nan|nan|nan|nan|nan|nan|nan|nan|nan|nan|nan|nan|65.089178|nan|0.397981|nan|nan|nan|-1030.411185|nan|nan|nan|nan|-669482.242473|nan|nan|14.351153|nan|-31.015963|nan|0.189670|nan|nan
1049|nan|nan|nan|nan|nan|nan|nan|nan|nan|nan|nan|nan|nan|nan|nan|nan|nan|nan|nan|nan|nan|nan|nan|nan|nan|nan|nan|nan|nan|61.227005|nan|0.397981|nan|nan|nan|-1030.347455|nan|nan|nan|nan|-669482.242473|nan|nan|14.305907|nan|-31.015963|nan|0.189670|nan|nan
1050|nan|nan|nan|nan|nan|nan|nan|nan|nan|nan|nan|nan|nan|nan|nan|nan|nan|nan|nan|nan|nan|nan|nan|nan|nan|nan|nan|nan|nan|62.166389|nan|0.397981|nan|nan|nan|-1029.382490|nan|nan|nan|nan|-669482.242473|nan|nan|14.261419|nan|-31.015963|nan|0.189670|nan|nan
1051|nan|nan|nan|nan|nan|nan|nan|nan|nan|nan|nan|nan|nan|nan|nan|nan|nan|nan|nan|nan|nan|nan|nan|nan|nan|nan|nan|nan|nan|51.522604|nan|0.397981|nan|nan|nan|-1030.809034|nan|nan|nan|nan|-669482.242473|nan|nan|14.220882|nan|-31.015963|nan|0.189670|nan|nan
1052|nan|nan|nan|nan|nan|nan|nan|nan|nan|nan|nan|nan|nan|nan|nan|nan|nan|nan|nan|nan|nan|nan|nan|nan|nan|nan|nan|nan|nan|46.800587|nan|0.397981|nan|nan|nan|-1029.181840|nan|nan|nan|nan|-669482.242473|nan|nan|14.180980|nan|-31.015963|nan|0.189670|nan|nan
1053|nan|nan|nan|nan|nan|nan|nan|nan|nan|nan|nan|nan|nan|nan|nan|nan|nan|nan|nan|nan|nan|nan|nan|nan|nan|nan|nan|nan|nan|44.123592|nan|0.397981|nan|nan|nan|-1029.178764|nan|nan|nan|nan|-669482.242473|nan|nan|14.140842|nan|-31.015963|nan|0.189670|nan|nan
1054|nan|nan|nan|nan|nan|nan|nan|nan|nan|nan|nan|nan|nan|nan|nan|nan|nan|nan|nan|nan|nan|nan|nan|nan|nan|nan|nan|nan|nan|29.543195|nan|0.397981|nan|nan|nan|-1031.413051|nan|nan|nan|nan|-669482.242473|nan|nan|14.100973|nan|-31.015963|nan|0.189670|nan|nan
1055|nan|nan|nan|nan|nan|nan|nan|nan|nan|nan|nan|nan|nan|nan|nan|nan|nan|nan|nan|nan|nan|nan|nan|nan|nan|nan|nan|nan|nan|29.334348|nan|0.397981|nan|nan|nan|-1028.866656|nan|nan|nan|nan|-669482.242473|nan|nan|14.061243|nan|-31.015963|nan|0.189670|nan|nan
1056|nan|nan|nan|nan|nan|nan|nan|nan|nan|nan|nan|nan|nan|nan|nan|nan|nan|nan|nan|nan|nan|nan|nan|nan|nan|nan|nan|nan|nan|26.667912|nan|0.397981|nan|nan|nan|-1030.537772|nan|nan|nan|nan|-669482.242473|nan|nan|14.021782|nan|-31.015963|nan|0.189670|nan|nan
1057|nan|nan|nan|nan|nan|nan|nan|nan|nan|nan|nan|nan|nan|nan|nan|nan|nan|nan|nan|nan|nan|nan|nan|nan|nan|nan|nan|nan|nan|32.249931|nan|0.397981|nan|nan|nan|-1028.667689|nan|nan|nan|nan|-669482.242473|nan|nan|13.982444|nan|-31.015963|nan|0.189670|nan|nan
1058|nan|nan|nan|nan|nan|nan|nan|nan|nan|nan|nan|nan|nan|nan|nan|nan|nan|nan|nan|nan|nan|nan|nan|nan|0.039976|nan|nan|nan|nan|40.711621|nan|0.397981|nan|nan|nan|-1029.862192|nan|nan|nan|nan|-669482.242473|nan|nan|13.943309|nan|-31.015963|nan|0.189670|nan|-180.679201
1059|nan|nan|nan|nan|nan|nan|nan|nan|nan|nan|nan|nan|nan|nan|nan|nan|nan|nan|nan|nan|nan|nan|nan|nan|0.042966|nan|nan|nan|nan|45.661651|nan|0.397981|nan|nan|nan|-1031.222828|nan|nan|nan|nan|-669482.242473|nan|nan|13.904320|nan|-31.015963|nan|0.189670|nan|-180.679201
1100|nan|nan|nan|nan|nan|nan|nan|nan|nan|nan|nan|nan|nan|nan|nan|nan|nan|nan|nan|nan|nan|nan|nan|nan|0.046592|nan|nan|nan|nan|62.763015|nan|0.397981|nan|nan|nan|-1525.195106|nan|nan|nan|nan|-669482.242473|nan|nan|13.865547|nan|-31.015963|nan|0.189670|nan|-180.679201
1101|nan|nan|nan|nan|nan|nan|nan|nan|nan|nan|nan|nan|nan|nan|nan|nan|nan|nan|nan|nan|nan|nan|nan|nan|0.052899|nan|nan|nan|nan|70.151785|nan|0.397981|nan|nan|nan|-1525.912865|nan|nan|nan|nan|-669482.242473|nan|nan|13.827020|nan|-31.015963|nan|0.213439|nan|-180.679201
1102|nan|nan|nan|nan|nan|nan|nan|nan|nan|nan|nan|nan|nan|nan|nan|nan|nan|nan|nan|nan|nan|nan|nan|nan|0.057029|nan|nan|nan|nan|66.600696|nan|0.397981|nan|nan|nan|-1527.090579|nan|nan|nan|nan|-669482.242473|nan|nan|13.788859|nan|-31.015963|nan|0.213439|nan|-180.679201
1103|nan|nan|nan|nan|nan|nan|nan|nan|nan|nan|nan|nan|nan|nan|nan|nan|nan|nan|nan|nan|nan|nan|nan|nan|0.062484|nan|nan|nan|nan|71.000198|nan|0.397981|nan|nan|nan|-1525.186005|nan|nan|nan|nan|-669482.242473|nan|nan|13.754572|nan|-31.015963|nan|0.273446|nan|-180.679201
1104|nan|nan|nan|nan|nan|nan|nan|nan|nan|nan|nan|nan|nan|nan|nan|nan|nan|nan|nan|nan|nan|nan|nan|nan|0.064038|nan|nan|nan|nan|84.980036|nan|0.397981|nan|nan|nan|-1526.277346|nan|nan|nan|nan|-669482.242473|nan|nan|13.722448|nan|-31.015963|nan|0.335570|nan|-180.679201
1105|nan|nan|nan|nan|nan|nan|nan|nan|nan|nan|nan|nan|nan|nan|nan|nan|nan|nan|nan|nan|nan|nan|nan|nan|0.064102|nan|nan|nan|nan|77.874318|nan|0.397981|nan|nan|nan|-1528.469119|nan|nan|nan|nan|-669482.242473|nan|nan|13.693301|nan|-31.015963|nan|0.335570|nan|-180.679201
1106|nan|nan|nan|nan|nan|nan|nan|nan|nan|nan|nan|nan|nan|nan|nan|nan|nan|nan|nan|nan|nan|nan|nan|nan|0.064102|nan|nan|nan|nan|82.527050|nan|0.397981|nan|nan|nan|-1526.795620|nan|nan|nan|nan|-669482.242473|nan|nan|13.666677|nan|-31.015963|nan|0.335570|nan|-180.679201
1107|nan|nan|nan|nan|nan|nan|nan|nan|nan|nan|nan|nan|nan|nan|nan|nan|nan|nan|nan|nan|nan|nan|nan|nan|0.064102|nan|nan|nan|nan|72.808857|nan|0.397981|nan|nan|nan|-1527.313064|nan|nan|nan|nan|-669482.242473|nan|nan|13.640651|nan|-31.015963|nan|0.335570|nan|-180.679201
1108|nan|nan|nan|nan|nan|nan|nan|nan|nan|nan|nan|nan|nan|nan|nan|nan|nan|nan|nan|nan|nan|nan|nan|nan|0.064102|nan|nan|nan|nan|74.515250|nan|0.397981|nan|nan|nan|-1525.566348|nan|nan|nan|nan|-669482.242473|nan|nan|13.616603|nan|-31.015963|nan|0.335570|nan|-180.679201
1109|nan|nan|nan|nan|nan|nan|nan|nan|nan|nan|nan|nan|nan|nan|nan|nan|nan|nan|nan|nan|nan|nan|nan|nan|0.064102|nan|nan|nan|nan|90.603633|nan|0.397981|nan|nan|nan|-1526.306875|nan|nan|nan|nan|-669482.242473|nan|nan|13.593204|nan|-31.015963|nan|0.411694|nan|-180.679201
1110|nan|nan|nan|nan|nan|nan|nan|nan|nan|nan|nan|nan|nan|nan|nan|nan|nan|nan|nan|nan|nan|nan|nan|nan|0.064102|nan|nan|nan|nan|79.343950|nan|0.397981|nan|nan|nan|-1529.684340|nan|nan|nan|nan|-669482.242473|nan|nan|13.570898|nan|-31.015963|nan|0.411694|nan|-180.679201
1111|nan|nan|nan|nan|nan|nan|nan|nan|nan|nan|nan|nan|nan|nan|nan|nan|nan|nan|nan|nan|nan|nan|nan|nan|0.064102|nan|nan|nan|nan|85.048750|nan|0.397981|nan|nan|nan|-1526.389091|nan|nan|nan|nan|-669482.242473|nan|nan|13.549271|nan|-31.015963|nan|0.411694|nan|-180.679201
1112|nan|nan|nan|nan|nan|nan|nan|nan|nan|nan|nan|nan|nan|nan|nan|nan|nan|nan|nan|nan|nan|nan|nan|nan|0.064102|nan|nan|nan|nan|84.121186|nan|0.397981|nan|nan|nan|-1526.969397|nan|nan|nan|nan|-669482.242473|nan|nan|13.529002|nan|-31.015963|nan|0.429356|nan|-180.679201
1113|nan|nan|nan|nan|nan|nan|nan|nan|3390.600000|nan|nan|68088857.550358|nan|nan|nan|nan|nan|nan|nan|nan|nan|nan|nan|nan|0.064102|nan|nan|nan|nan|80.322865|nan|0.397981|nan|nan|nan|-1526.491386|nan|nan|nan|nan|-669482.242473|nan|nan|13.510105|nan|-31.015963|nan|0.429356|nan|-180.679201
1114|nan|nan|nan|nan|nan|nan|nan|nan|3390.600000|nan|nan|66589108.502357|nan|nan|nan|nan|nan|nan|nan|nan|nan|nan|nan|nan|0.064102|nan|nan|nan|nan|78.613868|nan|0.397981|nan|nan|nan|-1525.781794|nan|nan|nan|nan|-669482.242473|nan|nan|13.492489|nan|-31.015963|nan|0.429356|nan|-180.679201
1115|nan|nan|nan|nan|nan|nan|nan|nan|3390.600000|nan|nan|68186681.477084|nan|nan|nan|nan|nan|nan|nan|nan|nan|nan|nan|nan|0.064102|nan|nan|nan|nan|85.181554|nan|0.397981|nan|nan|nan|-1525.347189|nan|nan|nan|nan|-669482.242473|nan|nan|13.475972|nan|-31.015963|nan|0.429356|nan|-180.679201
1116|nan|nan|nan|nan|nan|nan|nan|nan|3390.600000|nan|nan|70741451.028918|nan|nan|nan|nan|nan|nan|nan|nan|nan|nan|nan|nan|0.064102|nan|nan|nan|nan|87.622770|nan|0.397981|nan|nan|nan|-1525.900796|nan|nan|nan|nan|-669482.242473|nan|nan|13.460436|nan|-31.015963|nan|0.429356|nan|-180.679201
1117|nan|nan|nan|nan|nan|nan|nan|nan|3390.600000|nan|nan|62236834.039418|nan|nan|nan|nan|nan|nan|nan|nan|nan|nan|nan|nan|0.065194|nan|nan|nan|nan|82.682634|nan|0.397981|nan|nan|nan|-1525.478924|nan|nan|nan|nan|-669482.242473|nan|nan|13.445834|nan|-30.377462|nan|0.429356|nan|-180.679201
1118|nan|nan|nan|nan|nan|nan|nan|nan|3390.600000|nan|nan|55502081.570676|nan|nan|nan|nan|nan|nan|nan|nan|nan|nan|nan|-0.083746|0.071193|nan|nan|nan|nan|68.140437|nan|0.397981|nan|nan|nan|-1527.152327|nan|nan|nan|nan|-669482.242473|nan|nan|13.431937|nan|-29.738960|nan|0.429356|nan|-180.679201
1119|nan|nan|nan|nan|nan|nan|nan|nan|3390.600000|nan|nan|50402544.299839|nan|nan|nan|nan|nan|nan|nan|nan|nan|nan|nan|-0.083746|0.078520|nan|nan|nan|nan|69.007134|nan|0.397981|nan|nan|nan|-1525.626616|nan|nan|nan|nan|-669482.242473|nan|nan|13.418567|nan|-29.100459|nan|0.429356|nan|-180.679201
1120|nan|nan|nan|nan|nan|nan|nan|nan|3390.600000|nan|nan|45771876.379474|nan|nan|nan|nan|nan|nan|nan|nan|nan|nan|nan|-0.097290|0.085016|nan|nan|nan|nan|54.536893|nan|0.397981|nan|nan|nan|-1526.346993|nan|nan|nan|nan|-669482.242473|nan|nan|13.405804|nan|-28.461958|nan|0.429356|nan|-180.679201
1121|nan|nan|nan|nan|nan|nan|nan|nan|3390.600000|nan|nan|39377485.528408|nan|nan|nan|nan|nan|nan|nan|nan|nan|nan|nan|-0.087330|0.091484|nan|nan|nan|nan|46.908982|nan|0.397981|nan|nan|nan|-1527.195202|nan|nan|nan|nan|-669482.242473|nan|nan|13.393566|nan|-27.823457|nan|0.429356|nan|-180.679201
1122|nan|nan|nan|nan|nan|nan|nan|nan|3390.600000|nan|nan|37705176.041309|nan|nan|nan|nan|nan|nan|nan|nan|nan|nan|nan|-0.081353|0.094639|nan|nan|nan|nan|49.375514|nan|0.380763|nan|nan|nan|-1524.709518|nan|nan|nan|nan|-669482.242473|nan|nan|13.380997|nan|-27.184955|nan|0.429356|nan|-180.679201
1123|nan|nan|nan|14.200000|nan|nan|nan|nan|3390.600000|nan|nan|33790113.881944|nan|nan|nan|nan|nan|nan|nan|nan|nan|nan|nan|-0.052403|0.099300|nan|nan|nan|nan|47.386171|nan|0.380763|nan|nan|nan|-1525.917299|nan|nan|nan|nan|-669482.242473|nan|nan|13.368417|nan|-26.546454|nan|0.429356|nan|-180.679201
1124|nan|nan|nan|14.200000|nan|nan|nan|nan|3390.600000|nan|nan|32772717.618470|nan|nan|nan|nan|nan|nan|nan|nan|nan|nan|nan|-0.031724|0.105178|nan|nan|nan|nan|45.448272|nan|0.380763|nan|nan|nan|-1526.088039|nan|nan|nan|nan|-669482.242473|nan|nan|13.355249|nan|-25.716754|nan|0.429356|nan|-180.679201
1125|nan|nan|nan|14.200000|nan|nan|nan|nan|3390.600000|nan|nan|28592342.312709|nan|nan|nan|nan|nan|nan|nan|nan|nan|nan|nan|-0.016214|0.108435|nan|nan|nan|nan|43.561330|nan|0.380763|nan|nan|nan|-1526.279979|nan|nan|nan|nan|-669482.242473|nan|nan|13.341523|nan|-24.887053|nan|0.429356|nan|-180.679201
1126|nan|nan|nan|15.000000|nan|nan|nan|nan|3390.600000|nan|nan|18875797.311936|nan|nan|nan|nan|nan|nan|nan|nan|nan|nan|nan|-0.004151|0.112225|nan|nan|nan|nan|42.823003|nan|0.380763|nan|nan|nan|-1526.697669|nan|nan|nan|nan|-669482.242473|nan|nan|13.326952|nan|-24.057353|nan|0.429356|nan|-180.679201
1127|nan|nan|nan|17.000000|nan|nan|nan|nan|3390.600000|nan|nan|19277740.471597|nan|nan|nan|nan|nan|nan|nan|nan|nan|nan|nan|0.005499|0.116495|nan|nan|nan|nan|39.927337|nan|0.380763|nan|nan|nan|-1526.412580|nan|nan|nan|nan|-669482.242473|nan|nan|13.312376|nan|-23.227652|nan|0.429356|nan|-180.679201
1128|6969493.452970|nan|nan|19.200000|nan|nan|nan|35.352672|3390.600000|-1.519833|-0.074235|16713879.053594|nan|nan|nan|nan|38.600000|nan|25431235.284185|nan|nan|nan|nan|0.013394|0.118279|nan|nan|-0.555095|nan|45.723004|nan|0.380763|-1.343452|0.429349|-1.519833|-1525.657695|-118229155.038603|nan|354405.122460|nan|-669482.242473|nan|nan|13.269727|nan|-22.397952|40.683333|0.429356|nan|-180.679201
1129|6554544.450670|nan|nan|22.800000|nan|nan|nan|35.352672|3390.600000|-1.519833|-0.217207|14493847.586385|nan|nan|nan|nan|39.000000|nan|25410841.281106|nan|nan|nan|nan|0.019974|0.118868|nan|nan|-0.552155|nan|50.937192|nan|0.380763|-1.343452|0.445956|-1.519833|-1526.055460|-118229155.038603|nan|354405.122460|nan|-669482.242473|nan|nan|13.228524|nan|-21.568252|40.683333|0.429356|nan|-180.679201
1330|14095026.447164|nan|nan|25.800000|nan|nan|nan|40.384138|4225.400000|-1.519833|-0.217207|21072468.722369|nan|nan|nan|nan|46.200000|nan|25450128.515605|1.295170|nan|nan|nan|0.025542|0.118868|nan|nan|-0.546317|nan|37.840817|nan|0.380763|-1.343452|0.460644|-1.519833|-1527.055194|-118229155.038603|nan|354405.122460|nan|-669482.242473|nan|nan|13.198137|nan|-20.738551|40.683333|0.429356|nan|-180.679201
1331|11758599.722020|nan|nan|29.400000|nan|nan|nan|41.795483|4225.400000|-1.519833|-0.217207|17496194.231244|nan|nan|nan|nan|49.200000|nan|25437248.874652|1.295170|nan|nan|nan|0.030314|0.118868|nan|nan|-0.546317|nan|33.340714|nan|0.380763|-1.343452|0.460644|-1.519833|-1527.134320|-118229155.038603|nan|354405.122460|nan|-669482.242473|nan|nan|13.177499|nan|-19.908851|42.683333|0.429356|nan|-180.679201
1332|12723477.852586|nan|nan|32.000000|nan|nan|nan|41.795483|4225.400000|-1.519833|-0.217207|18314625.538753|nan|nan|nan|nan|44.600000|nan|25421370.045399|1.295170|nan|nan|nan|0.034450|0.118868|nan|nan|-0.540997|nan|23.040069|nan|0.380763|-1.343452|0.460644|-1.519833|-1526.366709|-118229155.038603|nan|354405.122460|nan|-669482.242473|nan|nan|13.166804|nan|-19.079150|42.683333|0.429356|nan|-180.679201
1333|12233944.572331|-0.944792|nan|34.400000|nan|nan|nan|43.293492|4225.400000|-1.519833|-0.217207|16788581.147537|nan|nan|nan|nan|43.000000|nan|25412527.361848|1.295170|nan|nan|nan|0.038068|0.118868|nan|nan|-0.539453|nan|35.783636|nan|0.380763|-1.343452|0.460644|-1.519833|-1526.233177|-118229155.038603|nan|354405.122460|nan|-669482.242473|nan|nan|13.164830|nan|-18.293582|38.683333|0.429356|nan|-180.679201
1334|13355955.588956|0.692882|nan|37.000000|nan|nan|nan|43.293492|4225.400000|-1.519833|-0.217207|16626389.953415|nan|nan|nan|nan|51.000000|nan|25414875.253941|1.295170|nan|nan|nan|0.041261|0.118868|nan|nan|-0.536796|nan|27.381759|nan|0.380763|-1.343452|0.460644|-1.519833|-1525.834357|-118229155.038603|nan|354405.122460|nan|-669482.242473|nan|nan|13.171167|nan|-17.508014|40.683333|0.429356|nan|-180.679201
1335|11406474.550000|-0.563310|nan|38.200000|nan|nan|nan|43.794129|4225.400000|-1.519833|-0.217207|13652056.761476|nan|nan|nan|nan|45.000000|nan|25404159.398969|1.295170|nan|nan|nan|0.044100|0.118868|nan|nan|-0.531654|nan|36.319502|nan|0.380763|-1.343452|0.460644|-1.519833|-1526.437050|-118229155.038603|nan|354405.122460|nan|-669482.242473|nan|nan|13.185651|nan|-16.722447|40.683333|0.429356|nan|-180.679201
1336|16676902.452474|-1.132465|nan|39.600000|nan|nan|nan|43.794129|4225.400000|-1.519833|-0.217207|17844872.570382|nan|nan|nan|nan|49.000000|nan|25433300.985796|1.295170|nan|nan|nan|0.046639|0.118868|nan|nan|-0.526332|nan|31.132214|nan|0.380763|-1.343452|0.460644|-1.519833|-1527.293614|-118229155.038603|nan|354405.122460|nan|-669482.242473|nan|nan|13.203349|nan|-15.936879|38.683333|0.429356|nan|-180.679201
1337|17263777.544426|-2.792639|nan|41.400000|nan|nan|nan|43.794129|4225.400000|-1.519833|-0.217207|17728044.018965|nan|nan|nan|nan|45.000000|nan|25422678.886551|1.295170|nan|nan|nan|0.048925|0.118868|nan|nan|-0.522169|nan|32.272549|nan|0.380763|-1.343452|0.460644|-1.519833|-1526.553461|-118229155.038603|nan|354405.122460|nan|-669482.242473|nan|nan|13.223750|nan|-15.151311|42.683333|0.429356|nan|-180.679201
1338|15433585.061028|-2.053819|nan|42.600000|nan|nan|nan|43.794129|4225.400000|-1.519833|-0.217207|15231931.521071|nan|nan|nan|nan|51.000000|nan|25408201.745186|1.295170|nan|nan|nan|0.050993|0.118868|nan|nan|-0.517394|nan|20.132288|nan|0.380763|-1.343452|0.460644|-1.519833|-1526.467459|-118229155.038603|nan|354405.122460|nan|-669482.242473|nan|nan|13.245776|nan|-14.365743|40.683333|0.429356|nan|-180.679201
1339|15266475.413480|-3.263929|nan|43.000000|nan|nan|nan|43.794129|4225.400000|-1.519833|-0.217207|14518612.504920|nan|nan|nan|nan|49.000000|nan|25400683.078667|1.295170|nan|nan|nan|0.052873|0.118868|nan|nan|-0.517394|nan|17.866461|nan|0.380763|-1.343452|0.460644|-1.519833|-1525.948358|-118229155.038603|nan|354405.122460|nan|-669482.242473|nan|nan|13.269494|nan|-13.580175|42.683333|0.429356|nan|-180.679201
1340|16444485.955784|-4.743958|nan|44.200000|nan|nan|nan|43.794129|4225.400000|-1.519833|-0.217207|15740854.594601|nan|nan|nan|nan|45.000000|nan|25400025.845402|1.295170|nan|nan|nan|0.054589|0.118868|nan|nan|-0.512595|nan|19.497803|nan|0.380763|-1.343452|0.460644|-1.519833|-1526.012206|-118229155.038603|nan|354405.122460|nan|-669482.242473|nan|nan|13.295357|nan|-12.794607|44.683333|0.429356|nan|-180.679201
1341|17349974.550544|-6.413148|nan|45.200000|nan|nan|nan|43.794129|4225.400000|-1.519833|-0.217207|16713453.179837|nan|nan|nan|nan|47.000000|nan|25408106.651224|1.295170|nan|nan|nan|0.056163|0.118868|nan|nan|-0.512595|nan|19.497803|nan|0.380763|-1.343452|0.460644|-1.519833|-1526.487622|-118229155.038603|nan|354405.122460|nan|-669482.242473|nan|nan|13.323199|nan|-12.009039|44.683333|0.429356|nan|-180.679201
1342|15153818.930770|-6.765688|nan|46.600000|nan|nan|nan|43.794129|4225.400000|-1.519833|-0.217207|14535803.663016|nan|nan|nan|nan|45.000000|nan|25394570.987933|1.295170|nan|nan|nan|0.057610|0.118868|nan|nan|-0.507835|nan|23.251225|nan|0.380763|-1.343452|0.460644|-1.519833|-1526.701659|-118229155.038603|nan|354405.122460|nan|-669482.242473|nan|nan|13.354947|nan|-11.223472|42.683333|0.429356|nan|-180.679201
1343|13270714.560792|-6.672784|-1.519833|47.000000|nan|36.793104|-2.497815|43.794129|4225.400000|-1.519833|-0.217207|13089345.841654|0.028174|30.758473|-1.602904|nan|49.000000|nan|25383107.657086|1.295170|nan|36.370378|-4.020887|0.058946|0.118868|nan|nan|-0.504420|-1.198359|20.485882|2.427555|0.380763|-1.343452|0.460644|-1.519833|-1527.243886|-118229155.038603|nan|354405.122460|-0.000003|-669482.242473|-1.086043|-0.175536|13.386811|-0.164080|-10.437904|40.683333|0.429356|-1.198359|-180.679201
1344|10722640.714164|-7.886076|-1.519833|47.000000|nan|37.863472|-2.497815|43.794129|4225.400000|-1.519833|-0.217207|10928516.616951|0.028174|35.659572|-1.603243|nan|49.000000|-2.000000|25374464.285614|1.295170|nan|41.318409|-4.142175|0.060184|0.118868|nan|nan|-0.507168|-1.193244|18.865854|3.004265|0.380763|-1.343452|0.460644|-1.519833|-1526.617433|-118229155.038603|nan|354405.122460|-0.000003|-669482.242473|-1.095273|-0.178348|13.417304|-0.164258|-9.652336|44.683333|0.429356|-1.193244|-180.679201
1345|10007150.865812|-7.721175|-1.519833|47.000000|-0.245786|39.212853|-2.497815|42.881505|3711.400000|-1.519833|-0.217207|11196050.905962|0.028174|36.110121|-1.603142|nan|45.000000|-2.000000|25371636.834991|1.295170|nan|41.937540|-4.136491|0.061332|0.118868|nan|nan|-0.520443|-1.179274|20.961463|3.567233|0.380763|-1.343452|0.460644|-1.519833|-1525.476117|-118229155.038603|nan|354405.122460|-0.000003|-669482.242473|-1.104118|-0.184748|13.443102|-0.162563|-8.866768|40.683333|0.429356|-1.179274|-180.679201
1346|9576251.767506|-7.824425|-1.519833|47.000000|-0.245786|40.624198|-2.497815|42.881505|3711.400000|-1.519833|-0.217207|11439069.379807|0.028174|38.335395|-1.603091|nan|47.000000|-2.000000|25372592.652710|1.295170|nan|43.249534|-3.906109|0.062402|0.118868|nan|nan|-0.534433|-1.165949|20.380876|4.108361|0.380763|-1.475014|0.460644|-1.519833|-1526.500998|-118229155.038603|nan|354405.122460|-0.000003|-669482.242473|-1.112602|-0.188844|13.463981|-0.160063|-8.081200|42.683333|0.429356|-1.165949|-180.679201
1347|11601120.350706|-7.582519|-1.519833|47.000000|-0.245786|41.710652|-2.497815|38.787966|3711.400000|-1.519833|-0.217207|12168967.608579|0.028174|38.335395|-1.603066|nan|47.000000|-2.000000|25384794.876511|1.295170|nan|45.033075|-3.888144|0.063400|0.118868|nan|nan|-0.542177|-1.153211|21.292535|4.620754|0.380763|-1.475014|0.460644|-1.519833|-1526.175809|-118229155.038603|nan|354405.122460|-0.000003|-669482.242473|-1.120746|-0.191201|13.483756|-0.157287|-7.934134|42.216667|0.429356|-1.153211|-180.679201
1348|8483554.880758|-8.180226|-1.519833|47.000000|-7.366144|42.122207|-2.497815|39.966554|3711.400000|-1.519833|-0.217207|9261637.726569|0.028174|38.335395|-1.603053|nan|45.000000|-2.000000|25364961.239210|1.295170|nan|45.620593|-4.252843|0.069270|0.118868|nan|nan|-0.542227|-1.141119|22.319130|5.097715|0.380763|-1.519833|0.460644|-1.519833|-1525.816553|-118229155.038603|nan|354405.122460|-0.000003|-669482.242473|-1.118921|-0.194186|13.500557|-0.154594|-7.787067|43.133333|0.429356|-1.141119|-180.679201
1349|8592103.693870|-7.901879|-1.519833|47.000000|-7.366144|42.685041|-2.497815|39.966554|3711.400000|-1.519833|-0.217207|9631562.836434|0.028174|42.032511|-1.603860|nan|52.400000|-2.000000|25034659.655118|1.295170|nan|43.048566|-4.260630|0.079964|0.118868|nan|nan|-0.540251|-1.128648|13.544518|5.537987|0.380763|-1.519833|0.460644|-1.519833|-1526.514690|-118229155.038603|nan|354405.122460|-0.000003|-669482.242473|-1.102258|-0.194698|13.514969|-0.151155|-7.640000|37.350000|0.429356|-1.128648|-180.679201
1350|8535103.956212|-7.709877|-1.519833|47.000000|-7.366144|42.685041|-2.135418|39.966554|3711.400000|-1.519833|-0.217207|10335840.688262|0.028174|42.032511|-1.458636|nan|45.600000|-2.000000|24599285.899993|1.295170|nan|42.928979|-4.813319|0.092012|0.118868|nan|nan|-0.538026|-1.122152|12.163971|5.939788|0.380763|-1.519833|0.460644|-1.519833|-1525.748947|-118229155.038603|nan|354405.122460|-0.000003|-669482.242473|-1.094165|-0.195747|13.526694|-0.147636|-7.492934|39.350000|0.429356|-1.122152|-180.679201
1351|5742131.465722|-7.573556|-1.519833|47.000000|-7.366144|42.685041|-2.135418|41.236153|3711.400000|-1.519833|-0.217207|8049944.411567|0.028174|43.928630|-1.458942|nan|46.600000|-2.000000|24043683.988472|1.295170|nan|45.950770|-5.040741|0.101830|0.118868|nan|nan|-0.509655|-1.111047|13.429516|6.306304|0.380763|-1.519833|0.460644|-1.519833|-1526.249569|-118229155.038603|nan|354405.122460|-0.000003|-669482.242473|-1.086372|-0.195445|13.535861|-0.143669|-7.345867|39.300000|0.429356|-1.111047|-98.574939
1352|4392454.300000|-7.363281|-1.519833|47.000000|-7.366144|42.685041|-2.135418|41.236153|3711.400000|-1.519833|-0.217207|6792590.555597|0.028174|46.244650|-1.459096|nan|43.000000|-2.000000|23170809.480842|1.295170|nan|43.039012|-5.093085|0.111647|0.118868|nan|nan|-0.486541|-1.099902|14.538313|6.638873|0.380763|-1.519833|0.460644|-1.519833|-1525.385645|-118229155.038603|nan|354405.122460|-0.000003|-669482.242473|-1.078863|-0.197063|13.543958|-0.139173|-7.198801|38.458333|0.429356|-1.099902|-98.574939
1353|4375896.647310|-7.585764|-1.519833|47.000000|-7.366144|42.685041|-2.135418|38.074810|3711.400000|-1.519833|-0.217207|6225087.263871|0.028174|46.244650|-1.458926|nan|38.800000|-2.000000|21982552.486849|1.295170|nan|45.617286|-5.379280|0.116471|0.118868|nan|nan|-0.467066|-1.088957|15.861356|6.966617|0.380763|-1.519833|0.460644|-1.519833|-1526.509378|-118206857.867996|nan|354405.122460|-0.000003|-669482.242473|-1.071621|-0.196667|13.549508|-0.134962|-7.051734|38.091667|0.429356|-1.088957|-98.574939
1354|-38984.298658|-7.298987|-1.519833|47.000000|-7.366144|42.685041|-2.135418|38.074810|3711.400000|-1.519833|-0.217207|990994.330946|0.028174|46.244650|-1.459334|nan|42.800000|-2.000000|20873630.818841|1.295170|nan|45.980454|-5.319986|0.121295|0.118868|nan|nan|-0.447663|-1.078961|16.128014|7.261978|0.380763|-1.519833|0.466390|-1.519833|-1526.024549|-119424168.732481|nan|354405.122460|-0.000003|-182095.261231|-1.064634|-0.194504|13.552959|-0.130674|-7.051734|31.791667|0.429356|-1.078961|-98.574939
1355|-1370517.530636|-7.116241|-1.519833|47.000000|-7.366144|42.685041|-2.135418|38.074810|3711.400000|-1.519833|-0.217207|-885753.546735|0.028174|46.771168|-1.459539|nan|39.600000|-2.000000|20212482.436034|1.295170|nan|40.431487|-5.342341|0.126119|0.118868|nan|nan|-0.454326|-1.069098|13.912820|7.524971|0.380763|-1.519833|0.472775|-1.519833|-1526.304746|-121304498.669359|nan|354405.122460|-0.000003|-182095.261231|-1.057888|-0.186342|13.554120|-0.126524|-7.051734|32.300000|0.429356|-1.069098|-98.574939
1356|-2480888.373618|-6.753672|-1.519833|47.000000|-7.366144|42.685041|-2.135418|38.074810|3711.400000|-1.519833|-0.217207|-1396428.543218|0.028174|48.665919|-1.458900|nan|30.200000|-2.000000|19449900.220152|1.295170|nan|46.052697|-5.311743|0.130943|0.118868|nan|nan|-0.466979|-1.059303|25.442231|7.756582|0.380763|-1.519833|0.474230|-1.519833|-1525.469687|-121406231.529765|nan|354405.122460|-0.000003|-182095.261231|-1.051370|-0.177921|13.565500|-0.122777|-7.051734|27.208333|0.429356|-1.059303|-98.574939
1357|-3716692.659616|-5.933608|-1.519833|47.000000|-7.366144|42.685041|-2.135418|38.014147|3711.400000|-1.519833|-0.217207|-1820366.348551|0.028174|48.665919|-1.458828|nan|38.200000|-2.000000|19439473.837836|1.295170|nan|41.300742|-5.304807|0.135767|0.118868|nan|nan|-0.467206|-1.049721|20.451425|7.957293|0.380763|-1.519833|0.474970|-1.519833|-1525.556892|-121570183.424510|nan|354405.122460|-0.000003|-182095.261231|-1.045069|-0.169620|13.586923|-0.119219|-7.051734|31.066667|0.429356|-1.049721|-98.574939
1358|-7822711.021302|-5.417812|-1.519833|47.000000|-7.366144|42.685041|-2.135418|38.014147|3711.400000|-1.519833|-0.217207|-7035632.687861|0.028174|48.665919|-1.459285|nan|39.800000|-2.000000|19192174.613930|1.295170|0.000000|41.715815|-5.066974|0.140591|0.118868|nan|-93385.567727|-0.464121|-1.049561|8.660665|8.126839|0.380763|-1.519833|0.474536|-1.519833|-1525.257236|-121570183.424510|-14358.993748|354405.122460|-0.000003|-182095.261231|-1.056292|-0.160050|13.614746|-0.115578|-7.051734|27.066667|0.429356|-1.049561|-98.574939
1359|-11347019.652126|-4.547451|-1.519833|46.400000|-7.366144|42.685041|-2.135418|38.014147|3711.400000|-1.519833|-0.217207|-10928052.771381|0.028174|48.665919|-1.459761|-0.763266|37.600000|-2.000000|19049066.150058|1.295170|-0.000000|37.718894|-4.696762|0.145415|0.118868|nan|-95087.867782|-0.461712|-1.050644|2.816486|8.265545|0.380763|-1.519833|0.473438|-1.519833|-1526.071308|-121570183.424510|-13634.741669|354405.122460|-0.000003|-182095.261231|-1.067514|-0.146753|13.647951|-0.111774|-7.051734|29.066667|0.429356|-1.050644|-98.574939
1400|-12515420.053120|-4.321922|-1.519833|45.600000|-7.366144|42.926996|-2.135418|34.689219|3711.400000|-1.519833|-0.217207|-13683205.322459|0.028174|48.665919|-1.093746|-0.763266|36.400000|-2.000000|18372425.303987|1.295170|-0.000000|42.484395|-3.788051|0.150239|0.118868|nan|-93009.718425|-0.463976|-1.053469|-9.819415|8.373082|0.380763|-1.519833|0.489919|-1.519833|-1526.481926|-121570183.424510|-10065.216836|354405.122460|-0.000003|-182095.261231|-1.078737|-0.135542|13.687906|-0.107742|-7.051734|29.066667|0.429356|-1.053469|-98.574939
1401|-12686796.802176|-4.093903|-1.519833|44.600000|-7.366144|42.926996|-2.135418|34.689219|3711.400000|-1.519833|-0.217207|-13941285.718707|0.028174|48.665919|-1.093743|-0.763266|31.400000|-2.000000|17856513.572326|1.295170|-0.000000|44.125348|-3.237938|0.155063|0.118868|nan|-89205.583258|-0.465274|-1.060941|-12.640247|8.449662|0.380763|-1.519833|0.492933|-1.519833|-1525.812008|-124020419.553474|-13242.258486|354405.122460|-0.000003|-182095.261231|-1.089959|-0.121507|13.733794|-0.103635|-7.051734|28.241667|0.429356|-1.060941|-98.574939
1402|-6893487.691864|-3.848435|-1.519833|43.000000|-7.366144|43.145586|-2.135418|34.689219|3711.400000|-1.519833|-0.217207|-11164956.335380|0.028174|48.665919|-1.280300|-0.763266|36.800000|-2.000000|17548534.672719|1.295170|-0.000000|36.954601|-2.138857|0.159887|0.118868|nan|-86725.017826|-0.527958|-1.061885|-14.877225|8.496213|0.380763|-1.519833|0.492180|-1.519833|-1526.189685|-124075340.690319|-9660.293330|354405.122460|-0.000003|-182095.261231|-1.101181|-0.106247|13.786855|-0.099364|-7.051734|29.341667|0.429356|-1.061885|-98.574939
1403|-7854286.458676|-3.622814|-1.519833|40.800000|-10.191403|43.801432|-2.135418|34.689219|3711.400000|-1.519833|-0.217207|-12077309.230636|0.107605|48.665919|-1.280082|-0.763266|28.800000|-2.000000|17553120.264868|1.295170|-0.000000|43.638152|-2.535200|0.164711|0.118868|-0.110157|-84490.035172|-0.543092|-1.066625|-14.034699|8.513359|0.380763|-1.519833|0.498948|-1.519833|-1525.715334|-124075340.690319|-11856.049822|354405.122460|-0.000003|-182095.261231|-1.112404|-0.097229|13.847311|-0.095245|-7.095866|26.550000|0.429356|-1.066625|-98.574939
1404|-6398572.068476|-3.256476|-1.519833|38.800000|-10.191403|44.204341|-2.135418|34.689219|3711.400000|-1.519833|-0.217207|-11199149.336542|0.107605|48.665919|-1.280190|-0.763266|34.800000|-2.000000|17579691.493396|1.295170|-0.000000|45.146059|-3.195408|0.169534|0.118868|-0.088400|-80971.907537|-0.536977|-1.072679|-25.329583|8.502223|0.380763|-1.519833|0.502486|-1.519833|-1526.009044|-124075340.690319|-10898.447668|354405.122460|-0.000003|-182095.261231|-1.118417|-0.084934|13.914904|-0.091469|-7.139999|28.266667|0.429356|-1.072679|-98.574939
1405|-6924949.951824|-3.041696|-1.519833|37.600000|-10.191403|44.759353|-1.922366|34.689219|3711.400000|-1.519833|-0.217207|-11677562.210276|0.107910|48.665919|-1.279594|-0.763266|26.800000|-2.000000|17589265.948127|1.295170|-0.000000|44.201031|-3.099987|0.174358|0.118868|-0.087985|-78579.399838|-0.538771|-1.071134|-13.541006|8.464548|0.380763|-1.519833|0.508030|-1.519833|-1525.063515|-124075340.690319|-10866.755838|354405.122460|-0.000003|-182095.261231|-1.120275|-0.075550|13.994218|-0.088019|-7.184132|23.675000|0.429356|-1.071134|-98.574939
1406|-3213924.215044|-2.815633|-1.519833|36.200000|-10.191403|45.071031|-1.922366|33.599993|3608.200000|-1.519833|-0.217207|-8216375.642369|0.107910|48.665919|-1.279297|-0.763266|32.800000|-2.000000|17607636.001807|1.295170|-0.000000|41.614204|-2.568337|0.179182|0.118868|-0.080467|-74411.564157|-0.540152|-1.066634|-17.863187|8.400559|0.380763|-1.519833|0.501732|-1.519833|-1526.418420|-124075340.690319|-10681.557740|354405.122460|-0.000003|-182095.261231|-1.115249|-0.070202|14.084101|-0.084873|-7.228264|25.675000|0.429356|-1.066634|-98.574939
1407|-3675282.162280|-2.660345|-1.519833|36.200000|-10.191403|45.353026|-1.922366|33.546571|3608.200000|-1.519833|-0.217207|-10112162.016001|0.107910|48.665919|-1.279148|-0.763266|32.800000|-2.000000|17608355.709470|1.295170|-0.000000|40.113449|-2.502798|0.184006|0.118868|-0.070099|-68931.154168|-0.536227|-1.056751|-12.759842|8.310718|0.380763|-1.519833|0.491129|-1.519833|-1525.649004|-124075340.690319|-10516.205716|354405.122460|-0.000003|-182095.261231|-1.105708|-0.063375|14.186164|-0.081894|-7.272397|27.675000|0.429356|-1.056751|-98.574939
1408|-13639618.764444|-2.238414|-1.519833|35.800000|-10.191403|45.353026|-1.922366|33.546571|3608.200000|-1.519833|-0.217207|-23162585.022662|0.107910|48.665919|-1.279073|-0.763266|32.800000|-2.000000|17550363.217880|1.295170|-0.000000|39.054814|-3.286753|0.188830|0.118868|-0.059543|-66578.438884|-0.544170|-1.037543|-15.139359|8.196174|0.380763|-1.519833|0.475974|-1.519833|-1526.113880|-124075340.690319|-84.980238|354405.122460|-0.000003|-182095.261231|-1.086283|-0.054854|14.299548|-0.079143|-7.316529|29.675000|0.429356|-1.037543|-98.574939
1409|-22999233.400001|-1.703480|-1.519833|35.600000|-10.191403|45.353026|-1.826352|30.025934|3608.200000|-1.519833|-0.217207|-33832916.464993|0.107910|48.665919|-1.278820|-0.763266|32.800000|-2.000000|17526484.599184|1.295170|-0.000000|35.721333|-4.198734|0.193654|0.118868|-0.052848|-62175.652701|-0.540636|-1.019530|-27.643148|8.057227|0.380763|-1.519833|0.436170|-1.923953|-1526.075863|-124075340.690319|-95.984518|354405.122460|-0.000003|-182095.261231|-1.064435|-0.044822|14.424424|-0.076687|-7.360662|27.675000|0.429356|-1.019530|-98.574939
1410|-23435626.071880|-1.374112|-1.519833|34.400000|-10.191403|45.353026|-1.826352|30.025934|3608.200000|-1.519833|-0.217207|-34160673.377302|0.107910|48.665919|-1.278693|-0.763266|32.800000|-2.000000|17527008.423043|1.295170|-0.000000|33.754598|-4.585280|0.198478|0.118868|-0.047749|-59666.671803|-0.540642|-0.954556|-21.083769|7.894582|0.380763|-1.519833|0.426019|-1.923953|-1526.370392|-124075340.690319|-88.386945|354405.122460|-0.000003|-182095.261231|-1.036298|-0.032669|14.560192|-0.074441|-7.404795|29.675000|0.429356|-0.954556|-136.053434
1411|-28075116.030324|-1.309409|-1.519833|33.400000|-10.191403|45.353026|-1.826352|30.025934|2867.600000|-1.519833|-0.217207|-38713038.034574|0.107910|48.665919|-1.278414|-0.763266|30.800000|-2.000000|17515992.305789|1.295170|-0.000000|35.548776|-4.721506|0.203302|0.118868|-0.044279|-57278.709956|-0.539250|-0.873120|-25.447348|7.708155|0.380763|-1.519833|0.379201|-1.939845|-1526.267865|-124075340.690319|-99.228511|354405.122460|-0.000003|-182095.261231|-1.008161|-0.021179|14.697926|-0.072422|-7.551780|27.675000|0.429356|-0.873120|-136.053434
1412|-27497635.300000|-1.153965|-1.519833|32.800000|-10.191403|45.353026|-1.826352|30.025934|2867.600000|-1.519833|-0.217207|-38371974.328892|0.107910|43.530044|-1.278490|-0.763266|34.800000|-2.000000|17512184.126939|1.295170|-0.000000|35.212067|-4.289425|0.208126|0.118868|-0.041138|-55251.595498|-0.545606|-0.853785|-27.240753|7.498995|0.380763|-1.519833|0.352206|-1.939845|-1526.376348|-124075340.690319|-93.826474|354405.122460|-0.000003|-182095.261231|-0.982957|-0.008945|14.837009|-0.070626|-7.654632|27.675000|0.429356|-0.853785|-136.053434
1413|-29933151.730208|-1.253598|-1.519833|32.800000|-10.191403|45.353026|-1.826352|30.025934|2867.600000|-1.519833|-0.217207|-41329405.402379|0.107910|43.530044|-1.278312|-0.763266|30.800000|-2.000000|17512576.929354|1.295170|-0.000000|30.142914|-4.051115|0.212950|0.118868|-0.038769|-51847.141848|-0.553255|-0.873409|-25.232193|7.294083|0.380763|-1.519833|0.332125|-1.939845|-1526.119389|-124075340.690319|-90.934349|354405.122460|-0.000003|-182095.261231|-0.970764|-0.001404|14.977211|-0.069001|-7.757485|29.675000|0.429356|-0.873409|-136.053434
1414|-30364660.950000|-1.179173|-1.519833|32.800000|-10.191403|45.353026|-1.826352|30.025934|2867.600000|-1.519833|-0.121374|-41446291.099408|0.107910|41.961448|-1.278656|-0.799023|36.800000|-2.000000|17513823.482968|1.295170|-0.000000|25.314386|-3.508389|0.217774|0.118868|-0.035968|-47406.587213|-0.552118|-0.910415|-27.074599|7.098253|0.380763|-1.519833|0.286947|-1.939845|-1526.291137|-124075340.690319|-93.661939|354405.122460|-0.000003|-182095.261231|-0.961748|0.004168|15.118686|-0.067516|-7.860338|27.675000|0.429356|-0.910415|-136.053434
1415|-32584203.252076|-1.087749|-1.519833|32.800000|-10.191403|45.353026|-1.826352|25.447535|2867.600000|-1.519833|-0.121374|-43838885.501382|0.107910|41.961448|-1.278827|-0.624552|32.800000|-2.000000|17514223.006637|1.295170|-0.000000|31.565009|-2.913635|0.222598|0.118868|-0.025211|-41837.171166|-0.549020|-0.917032|-33.638978|6.915462|0.380763|-1.519833|0.226805|-1.939845|-1525.929562|-124075340.690319|-90.600492|354405.122460|-0.000003|-182095.261231|-0.952731|0.008057|15.252272|-0.066148|-7.963190|25.916667|0.429356|-0.917032|-136.053434
1416|-34713864.855414|-0.894372|-1.519833|32.800000|-10.191403|45.353026|-1.826352|23.503871|2867.600000|-1.519833|-0.121374|-45612575.417833|0.118924|41.961448|-1.278913|-0.466206|32.000000|-2.000000|17080260.167105|1.295170|-0.000000|14.747290|-3.010048|0.227422|0.118868|-0.016838|-36245.393940|-0.548940|-0.913621|-37.052331|6.751389|0.380763|-1.519833|0.104986|-1.939845|-1526.173306|-124075340.690319|-80.936508|354405.122460|-0.000003|-182095.261231|-0.943715|0.011955|15.379055|-0.064907|-8.066043|22.691667|0.429356|-0.913621|-136.053434
1417|-35081519.203380|-0.698664|-1.519833|32.800000|-10.191403|45.353026|-1.826352|23.503871|2867.600000|-1.519833|-0.121374|-45838994.803463|0.078020|41.961448|-1.278524|-0.340159|26.000000|-2.000000|16009933.606294|1.295170|-0.000000|31.923489|-3.346876|0.232246|0.118868|-0.009724|-31227.735141|-0.548914|-0.902514|-32.969400|6.611448|0.380763|-1.519833|-0.031175|-1.939845|-1526.142319|-124075340.690319|-86.336360|354405.122460|-0.000003|-182095.261231|-0.934699|0.015142|15.498857|-0.063787|-8.168896|19.883333|0.429356|-0.902514|-136.053434
1418|-37583372.288846|-0.621813|-1.519833|32.800000|-10.191403|44.737473|-1.826352|23.503871|2867.600000|-1.519833|0.176071|-49635803.712922|0.078020|37.221261|-1.278761|-0.262546|31.800000|-2.000000|14723561.775774|1.295170|-0.000000|31.560790|-3.445084|0.239862|0.118868|-0.004909|-27361.719594|-0.548908|-0.896397|-23.287073|6.501376|0.380763|-1.519833|-0.118032|-1.939845|-1526.054809|-124075340.690319|-95.093552|354405.122460|-0.000003|-725708.247390|-0.925682|0.017650|15.613052|-0.062669|-8.271748|17.791667|0.429356|-0.896397|-136.053434
1419|-38478828.861094|-0.538134|-1.519833|32.800000|-10.191403|43.650195|-1.826352|20.108721|2867.600000|-1.923953|0.176071|-49934693.468222|0.056675|34.663255|-1.278880|-0.235775|24.200000|-2.000000|12692127.023406|1.295170|-0.000000|29.144882|-3.379278|0.242653|0.118868|-0.000096|-23060.414452|-0.555086|-0.904149|-25.173885|6.427134|0.380763|-1.519833|-0.178874|-1.939845|-1525.646972|-124075340.690319|-105.095377|354405.122460|-0.000003|-725708.247390|-0.916666|0.017588|15.722868|-0.061556|-8.374601|16.083334|0.429356|-0.904149|-136.053434
1420|-38814158.074296|-0.432681|-1.519833|32.800000|-10.191403|43.428372|-1.826352|20.108721|2867.600000|-1.923953|0.176071|-50314427.995617|0.056675|34.384252|-1.278723|-0.232326|19.200000|-2.000000|10558511.380586|1.295170|-0.000000|31.700007|-3.322679|0.246799|0.118868|0.003677|-20392.863794|-0.557218|-0.887262|-13.269681|6.395793|0.380763|-1.519833|-0.202512|-1.939845|-1525.583870|-124075340.690319|-134.780983|354405.122460|-0.000003|-1603253.959837|-0.907649|0.017307|15.826984|-0.060380|-8.477454|13.916666|0.429356|-0.887262|-136.053434
1421|-41118852.357584|-0.324382|-1.519833|32.800000|-10.191403|42.846722|-1.826352|18.631232|2867.600000|-1.939845|0.176071|-52391718.489399|0.056675|34.244751|-1.278645|-0.207322|17.600000|-2.000000|8210516.084890|1.295170|-0.000000|30.411528|-3.263633|0.248714|0.118868|0.007508|-16338.873325|-0.556748|-0.881526|-7.313509|6.415529|0.380763|-1.519833|-0.214346|-1.939845|-1526.409917|-124075340.690319|-102.465813|354405.122460|-0.000003|-1603253.959837|-0.900221|0.016505|15.929657|-0.059184|-8.580306|9.675000|0.429356|-0.881526|-136.053434
1422|-43513374.800000|-0.091811|-1.519833|32.800000|-10.191403|41.939516|-1.826352|18.631232|2867.600000|-1.939845|0.176071|-54907060.831469|0.056675|34.244751|-1.278390|-0.184292|13.000000|-2.000000|6608709.255317|1.295170|-0.000000|31.319158|-3.258904|0.250629|0.118868|0.010608|-12466.983438|-0.562364|-0.891156|-9.897084|6.493988|0.380763|-1.519833|-0.226500|-1.939845|-1525.861104|-124075340.690319|-170.264825|354405.122460|-0.000003|-1603253.959837|-0.897353|0.018415|16.031744|-0.057974|-8.683159|9.258333|0.429356|-0.891156|-136.053434
1423|-42211206.485184|0.053603|-1.519833|32.800000|-10.191403|40.356805|-1.892935|16.147391|2867.600000|-1.939845|0.176071|-53306827.818982|0.056675|34.244751|-1.278478|-0.172958|14.600000|-2.000000|5333443.917177|1.295170|-0.000000|30.713151|-3.156668|0.247551|0.118868|0.013048|-9917.584090|-0.572644|-0.891346|-9.285596|6.574890|0.380763|-1.519833|-0.241223|-1.939845|-1527.221208|-124075340.690319|-126.666015|354405.122460|-0.000003|-1603253.959837|-0.895892|0.020385|16.134071|-0.056731|-8.786012|7.750000|0.429356|-0.891346|-136.053434
1424|-41520878.881482|0.270721|-1.923953|32.800000|-10.191403|38.924829|-1.892935|12.137074|2867.600000|-1.939845|0.176071|-51685566.213175|0.026411|34.244751|-1.278739|-0.106115|12.000000|-2.000000|3948762.047641|1.295170|-0.000000|25.981159|-3.633166|0.244472|0.118868|0.013271|-6726.227937|-0.581216|-0.903423|-8.431641|6.634856|0.380763|-1.519833|-0.242676|-1.939845|-1526.148391|-124075340.690319|-165.714882|354405.122460|-0.000004|-1603253.959837|-0.905567|0.022500|16.236471|-0.055508|-8.888864|7.450000|0.429356|-0.903423|-136.053434
1425|-44114393.603670|0.728349|-1.923953|32.800000|-10.191403|37.819708|-2.829256|10.889644|2867.600000|-1.939845|0.030907|-52750612.901657|0.026411|34.244751|-1.278653|-0.024004|6.800000|-2.000000|3307327.669727|1.295170|-0.000000|31.963966|-3.971637|0.241394|0.118868|0.013769|-4287.822829|-0.583633|-0.911062|-6.993446|6.658250|0.380763|-1.519833|-0.243641|-1.939845|-1526.322061|-124075340.690319|-136.466361|354405.122460|-0.000004|-1603253.959837|-0.921994|0.023882|16.338463|-0.054257|-8.991717|4.108333|0.429356|-0.911062|-136.053434
1426|-42887786.509210|1.170147|-1.939845|32.000000|-10.191403|36.819836|-2.829256|10.889644|2867.600000|-1.939845|-0.103761|-50674688.862142|0.026411|34.244751|-1.278610|0.076192|7.400000|-2.000000|2560734.410401|1.295170|-0.000000|30.579848|-4.421748|0.238315|0.118868|0.013423|-3446.038659|-0.587892|-0.928281|-6.993446|6.634384|0.380763|-1.519833|-0.243909|-1.939845|-1526.222282|-124075340.690319|-139.035678|354405.122460|-0.000004|-1603253.959837|-0.947042|0.024069|16.440167|-0.052965|-9.094569|2.033333|0.429356|-0.928281|-136.053434
1427|-51554414.907166|1.392545|-1.939845|30.000000|-10.191403|36.296142|-2.829256|10.889644|2867.600000|-1.939845|-0.103761|-57326493.557338|-0.011955|34.244751|-1.278588|0.211984|5.600000|-2.000000|1600076.596319|1.295170|-0.000000|31.362164|-4.448038|0.235237|0.118868|0.015242|-1382.492382|-0.584040|-0.928643|-4.811497|6.556345|0.380763|-1.519833|-0.246243|-1.939845|-1526.258313|-123988046.981465|-138.655523|354405.122460|-0.000004|-1603253.959837|-0.969680|0.024034|16.539637|-0.051687|-9.197422|2.641666|0.429356|-0.928643|-136.053434
1428|-51521273.864914|1.549152|-1.939845|27.600000|-10.191403|36.012801|-2.829256|10.889644|2867.600000|-1.939845|-0.103761|-56542745.625623|-0.011955|34.244751|-1.278794|0.286147|6.400000|-2.000000|959564.242799|1.295170|-0.000000|23.386070|-3.843962|0.232159|0.118868|0.019137|1242.562361|-0.584095|-0.917557|-11.588082|6.419574|0.380763|-1.519833|-0.251041|-1.939845|-1526.760090|-123682591.890346|-133.472754|354405.122460|-0.000004|-1603253.959837|-0.981485|0.023674|16.640668|-0.050474|-9.300275|1.216666|0.429356|-0.917557|-136.053434
1429|-56038839.072310|1.960899|-1.939845|23.800000|-10.191403|35.565968|-2.829256|10.889644|2867.600000|-1.939845|-0.103761|-60198919.238897|-0.011955|34.244751|-1.278464|0.311732|0.000000|-2.000000|746302.020635|1.295170|-0.000000|28.249942|-2.884620|0.229080|0.118868|0.022355|4476.431758|-0.584296|-0.926470|-17.572052|6.221834|0.380763|-1.519833|-0.255127|-1.939845|-1526.759927|-123588081.136659|-107.686294|354405.122460|-0.000004|-1603253.959837|-0.993200|0.019822|16.744688|-0.049360|-9.403127|-1.658334|0.429356|-0.926470|-136.053434
1430|-49522632.092391|2.107047|-1.939845|19.800000|-10.191403|34.971214|-2.829256|5.858178|2867.600000|-1.939845|-0.103761|-57750727.142542|-0.011955|33.699271|-1.894785|0.311732|2.800000|-2.000000|106600.675597|1.295170|-0.000000|28.296013|-2.859975|0.226002|0.118868|0.024773|8349.433782|-0.591525|-0.930725|-14.217256|5.959766|0.380763|-1.519833|-0.262253|-1.939845|-1189.223821|-123400907.658410|-104.347908|354405.122460|-0.000004|-1603253.959837|-1.004915|0.019437|16.854973|-0.048375|-9.505980|-0.600000|0.429356|-0.930725|-136.053434
1431|-51796161.844308|2.318439|-1.939845|15.400000|-10.191403|34.242627|-2.829256|4.446833|2867.600000|-1.939845|-0.103761|-62925009.526807|-0.040863|33.699271|-1.894503|0.311732|-0.200000|-2.000000|-426333.636066|1.295170|-0.000000|26.827674|-4.192200|0.222924|0.118868|0.028331|11108.704017|-0.592825|-0.934667|-9.547917|5.628649|0.380763|-1.519833|-0.264966|-1.939845|-1188.816228|-123146520.350949|-86.374562|354405.122460|-0.000004|-1603253.959837|-1.012662|0.015772|16.971713|-0.047525|-9.608833|-2.300000|0.429356|-0.934667|-136.053434
1432|-58355818.904228|2.521153|-1.939845|12.400000|-10.191403|33.583430|-2.829256|4.446833|2867.600000|-1.939845|-0.103761|-70059718.200613|-0.063072|33.699271|-1.894362|0.311732|0.400000|-2.000000|-1172136.518567|1.295170|-0.000000|20.127281|-5.082456|0.219845|0.118868|0.030435|14850.026708|-0.597263|-0.948654|-11.809402|5.223295|0.380763|-1.519833|-0.266188|-1.939845|-1189.024350|-123146520.350949|-100.838215|354405.122460|-0.000004|-1603253.959837|-1.020409|0.016472|17.091064|-0.046786|-9.711685|-3.466667|0.429356|-0.948654|-136.053434
1433|-57002258.440782|2.941483|-1.939845|10.000000|-10.072068|32.987013|-2.829256|2.948824|2867.600000|-1.939845|-0.103761|-68478391.958313|-0.063072|33.699271|-1.894612|0.311732|1.800000|-2.000000|-1385023.858543|1.295170|-0.000000|24.335132|-5.506849|0.216767|0.118868|0.032508|16745.378494|-0.598751|-0.952762|-21.062326|4.775880|0.380763|-1.519833|-0.276037|-1.939845|-1189.018231|-122901227.664881|-89.974545|354405.122460|-0.000004|-1603253.959837|-1.027409|0.015894|17.213246|-0.046204|-9.814538|-3.466667|0.429356|-0.952762|-136.053434
1434|-52428881.862900|3.040348|-1.939845|7.400000|-10.072068|32.637874|-2.829256|2.948824|2867.600000|-1.939845|-0.103761|-65529981.138216|-0.063072|33.699271|-1.894737|0.311732|-0.400000|-2.000000|-1384949.355684|1.295170|-0.000000|17.506604|-6.038989|0.213689|0.118868|0.033825|18165.427622|-0.600655|-0.963924|-14.228501|4.307279|0.380763|-1.519833|-0.282249|-1.939845|-828.659457|-122844427.698889|-109.542850|354405.122460|-0.000004|-1603253.959837|-1.034409|0.012029|17.338343|-0.045802|-9.917391|-5.466667|0.429356|-0.963924|-136.053434
1435|-59584203.405790|3.307027|-1.939845|6.200000|-6.743417|31.941034|-2.829256|2.448187|2867.600000|-1.939845|-0.103761|-72459726.203851|-0.063072|33.699271|-1.894799|0.311732|-1.400000|-2.000000|-1384834.962668|1.295170|-0.000000|17.651873|-6.421641|0.210610|0.118868|0.035050|19629.320327|-0.604518|-0.984935|-17.651694|3.830805|0.380763|-1.519833|-0.287977|-2.497058|-828.744052|-122844427.698889|-118.411845|354405.122460|-0.000004|-1603253.959837|-1.041410|0.012330|17.466035|-0.045518|-10.020243|-3.466667|0.429356|-0.984935|-136.053434
1436|-59394883.642598|3.533352|-1.939845|4.800000|-6.743417|31.881988|-2.829256|2.448187|2867.600000|-1.939845|-0.103761|-73270244.157423|-0.063072|33.699271|-1.895471|0.311732|1.800000|-2.000000|-1385059.809838|1.295170|-0.000000|11.998193|-6.697820|0.207532|0.118868|0.036378|19370.430315|-0.600380|-1.000632|-13.761177|3.353073|0.380763|-1.519833|-0.289003|-2.999981|-828.719011|-122508573.797281|-104.727557|342057.295008|-0.000004|-1603253.959837|-1.048410|0.010996|17.595865|-0.045329|-10.123096|-5.466667|0.429356|-1.000632|-136.053434
1437|-55811606.729413|3.856616|-1.939845|3.000000|-6.743417|31.828566|-2.829256|2.448187|2867.600000|-1.939845|-0.103761|-69731348.355787|-0.063072|33.699271|-1.896128|0.311732|1.400000|-2.000000|-1384258.387417|1.295170|-0.000000|11.290530|-5.960333|0.204453|0.118868|0.038318|20702.538149|-0.598598|-1.005413|-17.057940|2.876950|0.380763|-1.519833|-0.291400|-2.999981|-829.570776|-122508573.797281|-86.343629|342057.295008|-0.000004|-1603253.959837|-1.055410|0.005681|17.727506|-0.045159|-10.225949|-7.991667|0.429356|-1.005413|-136.053434
1438|-57467208.827424|4.120481|-1.939845|1.800000|-6.743417|31.780232|-2.829256|2.448187|2867.600000|-1.939845|-0.103761|-71731526.931620|-0.063072|33.699271|-1.896136|0.311732|-6.600000|-2.000000|-1703264.633492|1.295170|-0.000000|10.982120|-6.152879|0.201375|0.118868|0.039730|21686.464260|-0.598545|-0.999593|-9.213196|2.402190|0.380763|-1.519833|-0.291400|-2.999981|-828.268007|-122508573.797281|-119.576668|342057.295008|-0.000004|-1603253.959837|-1.062410|0.002439|17.861939|-0.045019|-10.328801|-8.858333|0.429356|-0.999593|-136.053434
1439|-58047290.770741|4.435336|-1.939845|1.400000|-6.743417|31.780232|-2.829256|2.448187|2867.600000|-1.939845|-0.103761|-74442147.115487|-0.063072|32.940394|-1.896140|0.311732|-4.600000|-2.000000|-1702661.873074|1.295170|-0.000000|8.600816|-6.442562|0.198297|0.118868|0.041679|19852.508830|-0.600761|-0.990700|-6.777275|1.925706|0.380763|-1.923953|-0.306281|-2.999981|-828.801594|-122508573.797281|-122.482765|329585.172240|-0.000004|-1603253.959837|-1.069410|-0.001115|17.999344|-0.044925|-10.431654|-5.333333|0.429356|-0.990700|-136.053434
1440|-67958382.851478|4.828287|-1.939845|0.200000|-6.743417|31.780232|-2.829256|2.448187|2867.600000|-1.939845|-0.103761|-84092698.028878|-0.063072|26.522821|-1.896462|0.311732|-2.600000|-2.000000|-1701484.362384|1.295170|-0.000000|8.376957|-6.483966|0.195218|0.118868|0.043431|20564.238453|-0.600993|-0.988720|-7.903394|1.443999|0.380763|-1.923953|-0.348907|-2.999981|-828.769538|-122508573.797281|-96.922706|329585.172240|-0.000004|-1603253.959837|-1.076411|-0.006748|18.139647|-0.044825|-10.534506|-7.341667|0.429356|-0.988720|-136.053434
1441|-71723256.361874|5.243357|-1.939845|-0.800000|-6.743417|31.780232|-2.829256|2.448187|2867.600000|-1.939845|-0.103761|-88255682.136566|-0.063072|21.314035|-1.897266|0.311732|1.400000|-2.000000|-1702034.385642|1.295170|-0.000000|2.294211|-6.765531|0.192140|0.118868|0.045654|20836.108477|-0.600993|-0.988187|-8.594653|0.952794|0.380763|-1.939845|-0.371490|-2.999981|-828.764471|-122508573.797281|-86.525277|329585.172240|-0.000004|-1603253.959837|-1.073433|-0.014104|18.270506|-0.044672|-10.534506|-7.341667|0.429356|-0.988187|-136.053434
1442|-76073742.417756|5.550561|-1.939845|-2.200000|-6.743417|31.780232|-2.829256|2.448187|2867.600000|-1.939845|-0.103761|-93631429.081156|-0.063072|19.709642|-1.897025|0.311732|-6.600000|-2.000000|-2020299.792370|1.295170|-0.000000|3.873061|-6.555466|0.189062|0.118868|0.047692|19115.774091|-0.603940|-0.988013|-10.110561|0.447003|0.380763|-1.939845|-0.416663|-2.999981|-828.738000|-122096219.922378|-112.764741|329585.172240|-0.000004|-1603253.959837|-1.052065|-0.019843|18.391695|-0.044561|-10.534506|-7.441667|0.413684|-0.988013|-136.053434
1443|-83101142.889448|5.734902|-1.939845|-2.600000|-6.743417|31.780232|-2.829256|2.448187|2867.600000|-1.939845|-0.103761|-100232608.250582|-0.063072|17.907446|-1.897226|0.311732|-0.600000|-2.000000|-2339284.616929|1.295170|-0.000000|3.470646|-6.751671|0.185983|0.118868|0.049489|17694.368294|-0.604353|-0.985964|-7.176855|-0.076997|0.380763|-1.939845|-0.489221|-2.999981|-829.262174|-121877988.226981|-120.075147|329585.172240|-0.000004|-1603253.959837|-1.025416|-0.021385|18.506644|-0.044443|-10.534506|-7.775000|0.413684|-0.985964|-136.053434
1444|-83652835.984100|6.236088|-1.939845|-2.600000|-6.743417|31.456738|-2.829256|2.448187|2867.600000|-1.939845|-0.103761|-100562838.358172|-0.063072|13.006347|-1.897327|0.272093|-2.600000|-2.000000|-2657287.881972|1.295170|-0.000000|2.917032|-6.556303|0.182905|0.118868|0.052037|16184.874139|-0.603044|-0.991633|-6.093846|-0.622023|0.380763|-1.939845|-0.505701|-2.999981|-828.506748|-121877988.226981|-136.161322|329585.172240|-0.000004|-1603253.959837|-1.007281|-0.024128|18.616426|-0.044305|-10.534506|-5.875000|0.413684|-0.991633|-136.053434
1445|-86138850.893806|6.487928|-1.939845|-2.600000|-6.743417|29.729530|-2.829256|2.448187|2867.600000|-2.497058|-0.103761|-103055416.756542|-0.063072|12.555798|-1.897698|0.211820|-0.600000|-2.000000|-2869654.969773|1.295170|-0.000000|-4.206637|-6.103077|0.179826|0.118868|0.054233|12295.758538|-0.602816|-0.998025|-9.484968|-1.187078|0.380763|-1.939845|-0.518076|-2.999981|-829.405977|-121877988.226981|-112.027257|329585.172240|-0.000004|-1603253.959837|-0.989147|-0.024862|18.720004|-0.044151|-10.534506|-5.875000|0.407808|-0.998025|-136.053434
1446|-85353917.661150|6.724456|-1.939845|-2.600000|-6.743417|27.785866|-2.829256|2.448187|2867.600000|-2.999981|-0.103761|-103717523.927091|-0.092479|10.330524|-1.896920|0.164526|-8.600000|-2.000000|-3083939.367195|1.295170|-0.000000|-2.367105|-6.565872|0.176748|0.118868|0.056334|6407.591417|-0.602816|-1.001172|-7.256426|-1.771263|0.380763|-1.939845|-0.518076|-2.999981|-757.317931|-121554118.614325|-170.990485|329585.172240|-0.000004|-1603253.959837|-0.971013|-0.024523|18.817628|-0.044034|-10.534506|-11.875000|0.401931|-1.001172|-136.053434
1447|-78849427.549152|6.961227|-1.939845|-2.600000|-5.310666|26.217788|-2.829256|2.448187|2867.600000|-2.999981|-0.103761|-97779607.691795|-0.092479|10.330524|-1.896532|0.155033|-2.600000|-2.000000|-3085057.142019|1.295170|-0.000000|-13.206294|-6.646085|0.173670|0.118868|0.059011|2060.216676|-0.606638|-1.002733|-7.256426|-2.372032|0.380763|-1.939845|-0.518076|-2.999981|-758.288942|-121095709.744515|-172.290292|329585.172240|-0.000004|-1603253.959837|-0.954129|-0.023365|18.908015|-0.043938|-10.534506|-6.041667|0.396055|-1.002733|-136.053434
1448|-75710139.815714|7.341991|-1.939845|-3.200000|-8.735778|24.608576|-2.829256|1.269599|2867.600000|-2.999981|-0.103761|-94971372.686894|-0.092479|10.330524|-1.896017|0.121982|-4.600000|-2.000000|-3298818.565722|1.295170|-0.000000|-10.775774|-6.286711|0.167800|0.118868|0.062719|-611.785222|-0.605209|-1.006923|-7.905594|-2.982489|0.380763|-1.939845|-0.518076|-2.999981|-758.334829|-120508269.055935|-205.051951|329585.172240|-0.000004|-1603253.959837|-0.961331|-0.023498|18.991007|-0.043820|-10.534506|-9.125000|0.390179|-1.006923|-136.053434
1449|-71108415.739318|7.520192|-1.939845|-3.200000|-8.735778|22.390716|-2.829256|1.269599|2867.600000|-2.999981|-0.103761|-90868891.835732|-0.141093|6.633408|-1.896080|0.085828|-0.600000|-2.000000|-3511503.123436|1.295170|-0.000000|-15.823406|-5.671656|0.156867|0.118868|0.065879|-5342.142352|-0.602872|-1.016904|0.822736|-3.597288|0.380763|-1.939845|-0.518076|-2.999981|-757.926211|-120322635.252743|-183.500983|315934.121480|-0.000004|-1603253.959837|-0.985585|-0.023487|19.069856|-0.043689|-10.534506|-9.700000|0.384303|-1.016904|-136.053434
1450|-67152765.522677|7.724637|-2.497058|-3.200000|-8.735778|20.765034|-2.829256|1.269599|2867.600000|-2.999981|-0.103761|-87133341.209805|-0.141093|6.633408|-1.896112|0.023152|-2.600000|-2.000000|-3830149.688783|1.295170|-0.000000|-4.380586|-5.733853|0.144580|0.118868|0.069845|-6762.626194|-0.607323|-1.031046|0.822736|-4.213049|0.380763|-1.939845|-0.518076|-2.999981|-758.638437|-120260000.401772|-193.944060|315934.121480|-0.000005|-1603253.959837|-1.015981|-0.022701|19.139832|-0.043518|-10.534506|-8.583333|0.311760|-1.031046|-136.053434
1451|-61814220.527202|7.909828|-2.999981|-3.200000|-8.735778|18.913227|-2.829256|-1.843820|2867.600000|-2.999981|-0.151480|-82398916.370484|-0.141093|4.737289|-1.896128|-0.050163|-2.600000|-2.000000|-4252846.079327|1.295170|-0.000000|-8.284890|-5.980602|0.134524|0.118868|0.073301|-8926.800332|-0.608454|-1.072487|2.778599|-4.827258|0.276110|-1.939845|-0.518076|-2.999981|-757.929091|-119738080.341520|-192.802621|315934.121480|-0.000006|-1603253.959837|-1.054758|-0.019034|19.200411|-0.043335|-10.534506|-11.058333|0.305884|-1.072487|-136.053434
1452|-60582126.104250|8.148948|-2.999981|-3.800000|-8.735778|17.683395|-4.100592|-1.843820|2867.600000|-2.999981|-0.151480|-81188634.085765|-0.141093|2.421269|-1.896456|-0.151893|-0.600000|-2.000000|-4464733.537833|1.295170|-0.000000|-7.855317|-5.768326|0.124467|0.118868|0.076380|-9805.428814|-0.612634|-1.093513|2.595271|-5.438220|0.276110|-1.939845|-0.518076|-2.999981|-758.029345|-119704184.632776|-190.809399|315934.121480|-0.000006|-1603253.959837|-1.093535|-0.018895|19.250931|-0.043141|-10.534506|-9.433333|0.300008|-1.093513|-136.053434
1453|-58170958.010520|8.620233|-2.999981|-4.400000|-8.735778|15.999263|-4.100592|-2.269714|2374.800000|-2.999981|-0.151480|-78142051.708837|-0.141093|2.421269|-1.896300|-0.286742|-5.200000|-2.000000|-4784039.279119|1.295170|-0.000000|-6.517177|-5.876219|0.119404|0.118868|0.080128|-10877.678558|-0.612865|-1.107805|1.832784|-6.048268|0.276110|-1.939845|-0.518076|-2.999981|-758.344228|-119704184.632776|-211.960228|315934.121480|-0.000006|-1603253.959837|-1.132312|-0.018465|19.291700|-0.042925|-10.534506|-9.791667|0.233189|-1.107805|-136.053434
1454|-60198670.043748|8.825608|-2.999981|-5.000000|-8.735778|13.948344|-4.100592|-2.269714|2374.800000|-2.999981|-0.151480|-79265058.947703|-0.141093|2.421269|-1.896542|-0.410532|-1.200000|-2.000000|-4887444.109449|1.295170|-0.000000|-6.247641|-5.865210|0.110092|0.118868|0.082816|-12729.639968|-0.608370|-1.117346|7.213832|-6.655098|0.276110|-1.939845|-0.518076|-2.999981|-758.621703|-119340093.912275|-195.699867|315934.121480|-0.000006|-1603253.959837|-1.171090|-0.019013|19.322931|-0.042711|-10.534506|-9.791667|0.233189|-1.117346|-136.053434
1455|-62333882.029164|9.120538|-2.999981|-5.400000|-8.735778|12.700914|-4.100592|-2.269714|2374.800000|-2.999981|-0.151480|-79743908.194623|-0.141093|1.894751|-1.896664|-0.304047|-3.200000|-2.000000|-4881108.827523|1.295170|-0.000000|-14.669727|-6.094809|0.100779|0.118868|0.085091|-13291.355966|-0.608600|-1.124034|9.034101|-7.261924|0.276110|-1.939845|-0.518076|-2.999981|-758.891704|-118816699.791604|-198.781018|315934.121480|-0.000006|-1603253.959837|-1.209867|-0.018044|19.344796|-0.042507|-10.534506|-11.791667|0.233189|-1.124034|-136.053434
1456|-62724480.345894|9.244635|-2.999981|-5.800000|-8.735778|11.000858|-4.100592|-2.269714|2374.800000|-2.999981|-0.151480|-78603478.674901|-0.141093|-0.052625|-1.896724|-0.147198|-3.200000|-2.000000|-4868815.771413|1.295170|-0.000000|-4.210401|-6.302542|0.091467|0.118868|0.086695|-14258.185241|-0.604045|-1.132622|-1.695438|-7.863775|0.276110|-1.939845|-0.518076|-2.999981|-758.625422|-118816699.791604|-219.636351|315934.121480|-0.000006|-1603253.959837|-1.248644|-0.019286|19.366389|-0.042321|-10.534506|-11.791667|0.233189|-1.132622|-136.053434
1457|-70519368.706580|9.153050|-2.999981|-5.800000|-8.735778|9.191252|-4.100592|-2.269714|2374.800000|-2.999981|-0.151480|-85148763.434194|-0.141093|-3.078937|-1.896755|-0.006551|-3.800000|-2.000000|-4859041.368352|1.295170|-0.000000|-5.196319|-6.490490|0.082154|0.118868|0.088560|-15285.141837|-0.605630|-1.134219|0.059893|-8.457708|0.276110|-1.939845|-0.518076|-2.999981|-757.667554|-118763223.181195|-236.044737|315934.121480|-0.000006|-1603253.959837|-1.287422|-0.020784|19.388721|-0.042134|-10.534506|-13.791667|0.233189|-1.134219|-136.053434
1458|-80925887.345004|9.271927|-2.999981|-6.200000|-8.735778|7.744466|-4.100592|-2.581613|2374.800000|-2.999981|-0.151480|-94398637.807788|-0.141093|-3.244737|-1.896770|0.112337|-4.400000|-2.000000|-4840134.403722|1.295170|-0.000000|-4.842799|-6.279586|0.072842|0.118868|0.089847|-16272.765058|-0.605604|-1.125330|6.941281|-9.045600|0.276110|-1.939845|-0.518076|-2.999981|-757.789792|-118317616.287156|-218.366646|315934.121480|-0.000006|-1603253.959837|-1.326199|-0.022321|19.414098|-0.041948|-10.534506|-13.791667|0.233189|-1.125330|-136.053434
1459|-93310381.061060|9.111985|-2.999981|-6.600000|-8.735778|6.625946|-4.100592|-2.581613|2374.800000|-2.999981|-0.151480|-105235029.544273|-0.141093|-3.244737|-1.896778|0.208172|-5.000000|-2.000000|-4819283.889638|1.295170|-0.000000|-6.620635|-5.707816|0.063529|0.118446|0.090610|-17827.298082|-0.601414|-1.130741|9.466917|-9.627831|0.276110|-1.939845|-0.518076|-2.999981|-757.522164|-118041021.848616|-217.184734|315934.121480|-0.000006|-2200877.958271|-1.364976|-0.023753|19.450784|-0.041773|-10.534506|-11.791667|0.104544|-1.130741|-136.053434
