859|nan|nan|nan|nan|nan|nan|nan|nan|nan|nan|nan|nan|nan|nan|nan|nan|nan|nan|nan
900|nan|nan|nan|nan|nan|nan|nan|nan|nan|nan|nan|nan|nan|nan|nan|nan|nan|nan|nan
901|nan|nan|nan|nan|nan|nan|nan|nan|nan|nan|nan|nan|nan|nan|nan|nan|nan|nan|nan
902|nan|nan|nan|nan|nan|nan|nan|nan|nan|nan|nan|nan|nan|nan|nan|nan|nan|nan|nan
903|nan|nan|nan|nan|nan|nan|nan|nan|nan|nan|nan|nan|nan|nan|nan|nan|nan|nan|nan
904|nan|nan|nan|nan|nan|nan|nan|nan|nan|nan|nan|nan|nan|nan|nan|nan|nan|nan|nan
905|nan|nan|nan|nan|nan|nan|nan|nan|nan|nan|nan|nan|nan|nan|nan|nan|nan|nan|nan
906|nan|nan|nan|nan|nan|nan|nan|nan|nan|nan|nan|nan|nan|nan|nan|nan|nan|nan|nan
907|nan|nan|nan|nan|nan|nan|nan|nan|nan|nan|nan|nan|nan|nan|nan|nan|nan|nan|nan
908|nan|nan|nan|nan|nan|nan|nan|nan|nan|nan|nan|nan|nan|nan|nan|nan|nan|nan|nan
909|nan|nan|nan|nan|nan|nan|nan|nan|nan|nan|nan|nan|nan|nan|nan|nan|nan|nan|nan
910|nan|nan|nan|nan|nan|nan|nan|nan|nan|nan|nan|nan|nan|nan|nan|nan|nan|nan|nan
911|nan|nan|nan|nan|nan|nan|nan|nan|nan|nan|nan|nan|nan|nan|nan|nan|nan|nan|nan
912|nan|nan|nan|nan|nan|nan|nan|nan|nan|nan|nan|nan|nan|nan|nan|nan|nan|nan|nan
913|nan|nan|nan|nan|nan|nan|nan|nan|nan|nan|nan|nan|nan|nan|nan|nan|nan|nan|nan
914|nan|nan|nan|nan|nan|nan|nan|nan|nan|nan|nan|nan|nan|nan|nan|nan|nan|nan|nan
915|nan|nan|nan|nan|nan|nan|nan|nan|nan|nan|nan|nan|nan|nan|nan|nan|nan|nan|nan
916|nan|nan|nan|nan|nan|nan|nan|nan|nan|nan|nan|nan|nan|nan|nan|nan|nan|nan|nan
917|nan|nan|nan|nan|nan|nan|nan|nan|nan|nan|nan|nan|nan|nan|nan|nan|nan|nan|nan
918|nan|nan|nan|nan|nan|nan|nan|nan|nan|nan|nan|nan|nan|nan|nan|nan|nan|nan|nan
919|nan|nan|nan|nan|nan|nan|nan|nan|nan|nan|nan|nan|nan|nan|nan|nan|nan|nan|nan
920|nan|nan|nan|nan|nan|nan|nan|nan|nan|nan|nan|nan|nan|nan|nan|nan|nan|nan|nan
921|nan|nan|nan|nan|nan|nan|nan|nan|nan|nan|nan|nan|nan|nan|nan|nan|nan|nan|nan
922|nan|nan|nan|nan|nan|nan|nan|nan|nan|nan|nan|nan|nan|nan|nan|nan|nan|nan|nan
923|nan|nan|nan|nan|nan|nan|nan|nan|nan|nan|nan|nan|nan|nan|nan|nan|nan|nan|nan
924|nan|nan|nan|nan|nan|nan|nan|nan|nan|nan|nan|nan|nan|-94.836042|nan|2.150593|nan|nan|nan
925|nan|nan|nan|nan|nan|nan|nan|nan|nan|nan|nan|nan|nan|-77.368792|nan|1.872537|nan|nan|nan
926|nan|nan|nan|nan|nan|nan|nan|nan|nan|nan|nan|nan|nan|-78.946983|nan|1.664714|nan|nan|nan
927|nan|nan|nan|nan|nan|nan|nan|nan|nan|nan|nan|nan|nan|-55.345539|nan|1.821900|nan|nan|nan
928|nan|nan|nan|nan|nan|nan|nan|nan|nan|nan|nan|nan|nan|-43.487564|2.663228|1.954629|nan|nan|nan
929|nan|nan|nan|nan|nan|nan|nan|nan|nan|nan|nan|nan|nan|-66.652359|2.663228|1.758993|nan|nan|nan
930|nan|nan|nan|nan|nan|nan|nan|nan|nan|nan|nan|nan|nan|-69.487199|2.663228|1.616889|nan|nan|nan
931|nan|nan|nan|nan|nan|nan|nan|nan|nan|nan|nan|nan|nan|-94.484405|2.663228|1.056741|nan|nan|nan
932|nan|nan|nan|nan|nan|nan|nan|nan|nan|nan|nan|nan|nan|-80.889133|2.663228|0.945933|nan|nan|nan
933|nan|nan|nan|nan|16.826747|nan|nan|nan|nan|nan|nan|nan|nan|-90.870016|2.663228|0.725861|nan|nan|nan
934|nan|nan|nan|nan|17.143886|nan|nan|nan|nan|nan|nan|nan|nan|-66.235871|2.663228|0.884591|nan|nan|nan
935|nan|nan|nan|nan|19.020752|nan|nan|nan|nan|8.749397|nan|nan|nan|-61.252401|2.663228|0.721926|nan|nan|nan
936|nan|nan|nan|nan|19.963838|nan|nan|nan|nan|5.683086|nan|nan|nan|-57.161712|2.663228|0.771694|nan|nan|nan
937|nan|nan|nan|nan|20.780739|nan|nan|nan|nan|7.542528|nan|nan|nan|-43.986329|2.663228|0.986797|nan|nan|nan
938|nan|nan|nan|nan|22.593911|nan|nan|nan|nan|16.586607|nan|nan|nan|-26.194193|2.663228|1.174646|nan|nan|nan
939|nan|nan|nan|nan|23.408377|nan|nan|nan|nan|-4.141350|nan|nan|nan|-28.239210|2.663228|6.352938|nan|nan|nan
940|nan|nan|nan|nan|24.516136|nan|nan|nan|nan|7.088321|nan|nan|nan|-20.501034|2.663228|9.406621|nan|nan|nan
941|nan|nan|nan|nan|26.135176|nan|nan|nan|nan|7.813359|nan|nan|nan|2.143938|2.663228|9.776144|nan|nan|nan
942|nan|nan|nan|nan|27.607114|nan|nan|nan|nan|-2.426613|nan|nan|nan|-5.086211|2.663228|9.917292|nan|nan|nan
943|nan|-0.240507|nan|nan|28.764115|nan|nan|nan|nan|-5.205207|nan|nan|nan|-6.973678|2.663228|10.032240|-0.008877|nan|nan
944|nan|0.726963|nan|nan|30.131167|nan|nan|nan|nan|-8.410591|nan|nan|nan|-8.396827|2.663228|9.971518|-0.009263|nan|nan
945|nan|2.049913|nan|nan|31.292337|nan|nan|nan|nan|-7.204465|nan|nan|nan|0.080319|2.663228|10.081997|-0.008245|nan|nan
946|nan|3.624950|nan|nan|32.391286|nan|nan|nan|nan|3.073892|nan|nan|nan|7.545151|2.663228|10.171042|-0.007365|nan|nan
947|nan|5.213517|nan|nan|32.880536|nan|nan|nan|nan|7.258474|nan|nan|nan|14.646873|2.663228|10.396137|-0.006594|nan|nan
948|nan|5.595258|nan|7.413393|33.367033|nan|nan|nan|nan|-0.922982|nan|nan|nan|1.785867|2.663228|20.242274|-0.008658|nan|nan
949|nan|6.278645|nan|16.133286|33.156540|nan|nan|nan|nan|-2.453837|nan|nan|nan|12.326496|2.663228|28.435107|-0.007530|nan|nan
950|nan|5.793019|nan|-4.335799|33.899905|nan|nan|nan|nan|-15.168560|nan|nan|nan|-5.395776|2.663228|28.131516|-0.010310|nan|nan
951|nan|4.319847|nan|-23.847615|34.435250|nan|nan|nan|nan|-23.003326|nan|nan|nan|-22.900380|2.663228|27.742325|-0.012980|nan|nan
952|nan|3.505381|nan|-11.946459|34.319537|nan|nan|nan|nan|-21.016737|nan|nan|nan|-9.729551|2.663228|27.752420|-0.011438|nan|nan
953|nan|2.447752|nan|-20.402933|34.909861|nan|-49.121212|nan|nan|-12.455275|nan|nan|nan|-16.613746|2.663228|27.458878|-0.012540|nan|nan
954|nan|2.017281|nan|nan|35.332739|nan|-75.753195|nan|nan|-8.636266|nan|nan|nan|-4.437177|7.523335|27.393189|-0.011081|nan|nan
955|nan|1.377096|nan|nan|35.588676|nan|-62.733115|nan|nan|-21.872310|nan|nan|nan|-6.913298|10.314644|27.352399|-0.011687|nan|nan
956|nan|-0.001019|nan|-33.817234|36.113088|nan|-83.841427|nan|nan|-34.962328|nan|nan|nan|-25.150942|10.314644|27.023848|-0.014411|nan|nan
957|nan|-1.041950|nan|-27.658151|36.338473|nan|-55.236705|nan|nan|-31.225922|nan|nan|nan|-18.086075|10.314644|26.935962|-0.013668|nan|nan
958|nan|-1.688834|nan|-18.365782|36.396645|nan|-35.903858|nan|nan|-22.013300|nan|nan|nan|-7.504301|10.314644|27.037092|-0.012374|nan|nan
959|nan|-1.769327|nan|nan|37.561243|-20.104186|-45.767556|nan|nan|-1.120634|nan|nan|nan|7.742942|10.314644|27.284659|-0.010365|nan|nan
1000|nan|-2.345888|nan|-19.420650|39.138549|-20.104286|-64.311307|nan|nan|-6.234766|nan|nan|nan|-7.024865|10.314644|27.182135|-0.012402|nan|nan
1001|nan|-3.495264|nan|-38.434696|40.490961|-20.630144|-108.500671|-0.726944|nan|-37.936656|nan|-112.917949|nan|-25.102094|10.314644|26.961226|-0.015017|nan|nan
1002|nan|-4.040605|nan|-22.011701|41.091173|-20.614603|-79.895948|-0.340146|nan|-19.516956|nan|-112.795363|nan|-8.853655|10.314644|27.112003|-0.012842|nan|nan
1003|nan|-4.800510|nan|-30.676226|42.145680|-20.907770|-98.636973|-0.344012|nan|-30.702769|nan|-113.140037|nan|-17.386650|20.293624|26.935923|-0.013971|nan|nan
1004|nan|-5.855483|nan|-43.572527|43.127439|-21.527346|-86.997810|-0.369903|nan|-36.438296|nan|-113.148590|nan|-30.028374|28.281916|29.004717|-0.015734|nan|nan
1005|nan|-7.172041|nan|-55.385894|43.890769|-22.426137|-93.902398|-0.421916|nan|-35.276297|nan|-113.342349|nan|-42.138074|28.281916|28.654917|-0.017387|nan|nan
1006|nan|-8.304420|nan|-50.565506|44.216417|-23.116297|-86.405988|-0.418670|nan|-40.916679|nan|-112.600042|nan|-39.188111|26.683826|24.616543|-0.016865|nan|nan
1007|nan|-8.844193|nan|nan|45.002173|-23.368870|-56.223075|-0.404119|nan|-7.427432|nan|-111.814620|nan|-22.678972|26.683826|24.565993|-0.014415|nan|nan
1008|nan|-10.180301|nan|-64.379351|45.743406|-24.423968|-70.032250|-0.452001|nan|-35.467953|nan|-111.562241|nan|-54.318564|26.683826|24.090035|-0.018685|nan|nan
1009|nan|-11.384639|nan|nan|46.190758|-25.416438|-73.977730|-0.503296|nan|-27.962656|nan|-112.065159|nan|-56.812107|26.683826|23.748976|-0.018824|nan|nan
1010|nan|-12.333495|nan|-55.915746|45.465688|-26.038875|-58.393088|-0.501986|nan|-41.387362|nan|-112.452643|nan|-49.179319|13.776925|10.918110|-0.017586|nan|nan
1011|nan|-13.268656|nan|-57.435810|45.244720|-26.689145|-38.271145|-0.507792|nan|-33.613172|nan|-112.981148|nan|-51.604569|13.776925|10.857485|-0.017671|nan|nan
1012|nan|-13.644769|nan|-37.458179|45.258755|-26.864374|-28.407449|-0.486941|nan|-14.807205|nan|-113.384128|nan|-34.978321|13.776925|10.998528|-0.015055|nan|nan
1013|nan|-13.620128|nan|-20.314028|44.709071|-26.571555|-14.400998|-0.452384|nan|-10.863729|nan|-113.778106|nan|-18.941168|13.776925|11.449265|-0.012604|nan|nan
1014|nan|-13.207244|nan|nan|44.998944|-25.967994|0.197274|-0.420319|nan|-2.651621|nan|-113.574812|nan|-2.406886|13.776925|11.828866|-0.010181|nan|nan
1030|nan|-12.345958|nan|17.861784|45.104102|-24.899572|28.210174|-0.420319|nan|9.203810|nan|-113.007431|nan|18.034604|13.776925|12.456105|-0.007288|nan|nan
1031|nan|-11.352698|nan|nan|44.654813|-23.721824|44.189364|-0.330719|nan|12.472290|nan|-112.729618|nan|28.265411|13.776925|12.961651|-0.005939|nan|nan
1032|nan|-10.205934|nan|37.513572|44.424897|-22.385069|59.379458|-0.330719|nan|10.673561|nan|-111.965504|nan|38.730096|13.776925|13.520009|-0.004589|nan|nan
1033|30.841671|-9.052687|nan|nan|44.412043|-21.057584|48.726665|-0.241808|nan|14.336902|nan|-110.981292|nan|43.392377|13.776925|13.959164|-0.003665|nan|nan
1034|40.020620|-7.774122|nan|50.723263|44.148745|-19.595667|65.889498|-0.120285|nan|10.900008|nan|-109.535217|nan|53.793934|13.776925|14.453862|-0.002398|nan|nan
1035|53.399190|-6.315011|nan|63.923556|44.572859|-17.940686|59.182184|-0.006137|nan|31.619395|nan|-108.014376|nan|68.695223|13.776925|14.986088|-0.000552|nan|nan
1036|56.028116|-4.401019|nan|65.040700|45.044353|-16.346037|42.413898|0.057496|nan|26.922396|nan|-106.591177|nan|72.790629|13.776925|15.387482|-0.000222|nan|nan
1037|39.745120|-3.090232|nan|nan|45.672179|-15.175098|36.890227|0.106988|nan|9.277164|nan|-105.801953|nan|58.306939|13.776925|15.528091|-0.002535|nan|nan
1038|29.217603|-2.369692|nan|37.598892|46.241986|-14.075615|18.149203|0.170536|nan|9.123108|nan|-104.882830|nan|49.271466|13.776925|15.463345|-0.004050|nan|nan
1039|14.978170|-1.834909|nan|nan|47.162651|-12.668693|14.006450|0.149394|nan|7.651444|nan|-104.591538|nan|37.193866|13.776925|15.238971|-0.006089|nan|nan
1040|19.665204|-1.360132|nan|28.682260|47.227028|-11.423419|14.006450|0.164448|nan|13.241471|nan|-103.669161|nan|44.433983|13.776925|24.608443|-0.005482|nan|nan
1041|23.351386|-1.256766|nan|nan|47.513264|-10.104855|-2.170014|0.172994|nan|18.257582|nan|-102.149866|nan|50.778639|13.776925|30.859772|-0.005014|nan|nan
1042|17.909367|-1.136593|nan|nan|48.146186|-9.276425|-2.564561|0.202374|nan|15.595613|nan|-101.093744|nan|47.957785|13.776925|30.806715|-0.005813|nan|nan
1043|12.212658|-1.049951|nan|19.054961|48.278492|-8.773773|0.789096|0.197443|nan|16.385729|nan|-100.033734|nan|44.576021|13.776925|40.836063|-0.006639|nan|-108.045250
1044|6.110669|-1.040970|nan|nan|48.347869|-7.964323|8.877327|0.191376|nan|12.368547|nan|-99.468219|nan|41.254253|13.776925|40.658137|-0.007519|nan|-108.142081
1045|-19.364026|-1.673886|nan|-12.918859|48.345935|-7.617713|-31.366558|0.194342|nan|-6.567316|nan|-99.537380|nan|18.326912|13.776925|40.200416|-0.011099|nan|-108.249291
1046|-10.686567|-2.204307|nan|-3.026560|48.056275|-6.621322|-41.624803|0.221428|nan|-5.338522|-2.701460|-98.921145|nan|29.137851|13.776925|41.973647|-0.009915|nan|-108.587145
1047|-6.557081|-2.735868|nan|nan|48.136020|-5.759919|-22.094682|0.219703|nan|7.392079|0.668302|-98.258451|nan|34.704759|13.776925|41.807003|-0.009364|nan|-108.781104
1048|-18.207641|-3.266437|nan|nan|48.027683|-4.903366|-42.019351|0.233661|nan|-11.453882|-10.900382|-98.246543|nan|24.395385|13.776925|33.784695|-0.011015|nan|-109.043980
1049|-5.999948|-3.618818|nan|1.055689|47.798568|-4.182705|-42.611172|0.249675|nan|-27.947118|1.711806|-98.297055|nan|38.721909|13.776925|33.836310|-0.009335|nan|-109.314506
1050|-13.125328|-3.818703|nan|-7.619159|47.078783|-3.719256|-61.746745|0.273519|nan|-28.864112|-4.892580|-98.151102|nan|33.523659|13.776925|33.722532|-0.010354|nan|-109.618214
1051|-10.783473|-3.570714|-1191.626319|-4.027680|46.307330|-3.215640|-55.828527|0.287468|-14.735972|-15.467267|-2.250797|-97.400194|-12.094575|37.555618|13.776925|33.788608|-0.010050|nan|-109.921922
1052|-31.751625|-3.937273|-1155.693965|-26.197375|46.220794|-3.383480|-59.379458|0.317925|-30.243446|-25.795267|-23.107654|-97.627764|-33.202887|18.340499|13.776925|33.532843|-0.012996|nan|-110.113245
1053|-51.373768|-4.573122|-1156.959900|-46.279038|45.168667|-4.192311|-109.684313|0.239109|-48.210002|-47.415520|-42.310646|-98.157889|-52.930281|-0.112984|13.776925|31.574686|-0.015749|nan|-110.214423
1054|-36.501162|-5.047819|-1146.262860|-30.086677|44.807185|-4.620351|-95.875138|0.281804|-33.334736|-18.267160|-26.910969|-97.901657|-38.134736|14.574599|13.776925|31.462436|-0.013684|nan|-110.282529
1055|-26.180390|-5.237219|-1129.939736|-19.799305|44.700124|-4.918792|-76.739565|0.293943|-25.156211|-18.197236|-16.221584|-96.982428|-27.876490|24.271331|23.185104|31.537425|-0.012253|nan|-110.299134
1056|-49.037454|-5.574979|-1130.083188|-44.085116|45.193562|-6.049981|-100.215164|0.284460|-41.799431|-13.254409|-38.758522|-96.812750|-50.760268|-0.185617|29.483510|31.296233|-0.015447|nan|-110.625778
1057|-37.385056|-5.677282|-1113.738168|-31.061787|45.240530|-6.760687|-69.834977|0.282573|-33.920268|-10.920953|-26.888866|-96.784443|-39.121105|10.118719|29.483510|31.272478|-0.013823|nan|-110.746054
1058|-25.940817|-5.705561|-1107.816294|nan|45.755127|-7.211459|-40.835706|0.276659|-22.078379|5.857407|-15.346056|-95.592199|-27.679216|19.810071|32.207497|31.264988|-0.012226|nan|-110.761100
1059|-28.702019|-6.065076|-1100.440963|nan|46.212712|-7.653834|-26.237435|0.270559|-25.959936|23.979662|-18.052207|-94.568257|-30.441052|14.854548|32.207497|31.270292|-0.012612|nan|-110.792327
1100|-30.682318|-6.227961|-1118.924372|nan|47.231224|-8.243821|-7.496410|0.255677|-25.452397|21.455733|-20.164440|-93.710893|-32.413791|10.034429|32.207497|31.285526|-0.012888|nan|-110.699663
1101|-32.281234|-6.027084|-1162.424917|-27.274971|48.302214|-9.014191|0.591822|0.213769|-23.990310|26.959684|-21.951106|-92.911138|-32.711983|4.515779|32.207497|31.154490|-0.013109|nan|-110.615233
1102|-24.816136|-5.903502|-1186.426026|-18.545047|48.884571|-9.681756|17.754655|0.202360|-15.454457|21.967998|-14.732347|-92.449685|-25.215573|8.952410|32.207497|31.218450|-0.012064|nan|-110.470768
1103|-13.198312|-5.470545|-1197.711829|-6.958505|49.267586|-9.852044|33.536571|0.165389|-8.855852|13.609543|-3.410234|-92.202306|-12.856410|17.830695|32.207497|31.433957|-0.010439|nan|-110.328728
1104|-7.305034|-4.685426|-1237.097664|nan|49.328756|-10.068157|48.529390|0.102775|1.942087|9.405141|2.129475|-92.293043|-6.938192|21.391429|32.207497|31.611437|-0.009613|nan|-110.220649
1105|-6.131832|-3.651097|-1260.680938|nan|49.418307|-9.941666|62.930389|0.036108|-2.393990|10.197182|2.822425|-92.870166|-5.754548|19.931602|32.207497|31.757114|-0.009448|nan|-110.104735
1106|-9.483911|-2.705495|-1269.341705|-4.259945|50.123639|-9.615252|61.944019|-0.006494|-5.507368|-1.927778|-1.083434|-93.756646|-9.748205|13.501142|32.207497|31.722382|-0.009916|nan|-109.980971
1107|-8.102367|-2.089671|-1280.890911|nan|50.450000|-9.446943|46.753925|-0.043319|0.033550|4.531278|-0.247900|-94.851782|-8.367287|12.238589|32.207497|31.700994|-0.009724|nan|-109.865057
1108|-25.857188|-1.286395|-1293.860512|-20.370428|51.306088|-9.549477|18.149203|-0.107486|-17.560826|-9.898132|-18.545909|-96.509490|-26.121942|-8.559537|32.207497|41.158604|-0.012203|nan|-109.711255
1109|-24.082546|-0.387752|-1307.888324|-17.839933|51.699337|-9.718160|5.326396|-0.107552|-15.865640|-17.038144|-17.267919|-98.327602|-24.346477|-9.177543|32.207497|41.073518|-0.010844|nan|-109.576351
1110|-37.503554|0.089443|-1312.804914|-32.266382|51.078136|-10.082316|-3.748205|-0.165771|-27.360546|-31.645953|-31.248200|-100.874980|-37.761105|-25.085642|32.207497|41.384064|-0.012717|nan|-109.469141
1111|-26.255276|0.789521|-1304.947711|-20.229663|50.127766|-9.859353|10.850067|-0.193186|-22.195932|-44.262919|-20.567325|-103.191150|-27.636490|-15.421657|32.207497|38.367419|-0.009230|nan|-109.391486
1112|-24.674558|1.132731|-1290.643969|-19.513246|49.994957|-9.747194|6.707314|-0.239302|-16.537461|-26.537109|-19.545771|-104.978012|-26.058299|-15.790094|32.207497|38.229464|-0.009010|nan|-109.323622
1113|-18.754777|1.305913|-1274.380093|-12.448691|49.484545|-9.620561|6.707315|-0.249799|-10.699522|-16.189885|-14.078629|-106.211534|-20.140080|-10.942319|32.207497|38.290400|-0.008184|nan|-109.251561
1114|-31.393172|0.814927|-1261.663707|-25.941706|49.903921|-10.050714|-12.230985|-0.266126|-17.644218|-15.903946|-27.126189|-107.355274|-32.765613|-25.238297|32.207497|38.044421|-0.009947|nan|-109.118181
1115|-48.379244|-0.354661|-1247.765671|-43.169083|49.979918|-10.551092|-54.842157|-0.307345|-36.929776|-18.524330|-44.482674|-109.104105|-49.731172|-43.753209|32.207497|37.715481|-0.012317|nan|-108.957049
1116|-50.172929|-1.769503|-1236.207220|-43.864300|49.085774|-10.682674|-48.134843|-0.331527|-42.865243|-38.717779|-46.633098|-111.021590|-51.506638|-46.220620|27.041933|25.191749|-0.012597|nan|-108.777020
1117|-38.361160|-3.111104|-1184.139360|nan|48.686904|-10.860318|-32.352927|-0.359666|-27.429363|-21.550545|-35.163579|-112.505911|-39.670201|-35.955986|27.041933|25.149477|-0.010945|nan|-108.699365
1118|-51.407121|-4.809083|-1165.019957|-46.110199|48.160212|-11.160937|-57.209444|-0.412994|-42.529443|-46.497987|-48.541100|-114.201495|-52.690281|-49.866789|27.041933|24.985009|-0.012963|nan|-108.644054
1119|-39.589383|-6.385880|-1132.020598|-33.195635|47.665035|-10.977150|-33.339297|-0.438526|-34.773007|-34.311983|-37.053252|-115.360070|-42.053845|-38.233604|27.041933|25.034738|-0.011310|nan|-108.550483
1120|-32.496083|-8.078512|-1122.512217|-26.098411|47.566991|-10.469903|-33.536571|-0.454930|-29.750866|-26.536421|-30.203081|-115.626262|-36.791983|-31.834994|27.041933|25.097333|-0.010318|nan|-108.511847
1121|-36.050821|-9.896945|-1117.690844|nan|47.383646|-10.078441|-34.917489|-0.488730|-31.302355|-11.186485|-34.039297|-116.269404|-40.342914|-35.922510|27.041933|25.169237|-0.010815|nan|-108.558074
1122|-24.805955|-11.133189|-1100.990127|nan|47.410135|-9.788013|-44.781186|-0.521530|-20.217461|-18.704569|-22.990195|-116.751757|-29.098299|-25.047813|27.041933|25.247560|-0.009244|nan|-108.666923
1123|-27.750154|-12.230015|-1097.827673|nan|47.692850|-9.034563|-67.467689|-0.434843|-29.256570|-9.666258|-26.122798|-116.961382|-35.577408|-28.946903|27.041933|25.329971|-0.009658|nan|-108.697681
1124|-44.892959|-13.383589|-1069.801878|-39.598237|48.376442|-8.658172|-69.834977|-0.451762|-42.578845|-25.661119|-43.587431|-118.024573|-52.740241|-47.011218|27.041933|25.106907|-0.012056|nan|-108.743727
1125|-61.450429|-14.876521|-1043.583123|-56.140949|48.189225|-8.737895|-76.147743|-0.490927|-53.309577|-46.664586|-60.578837|-119.396517|-69.311253|-64.067046|27.041933|24.801733|-0.015824|nan|-108.879208
1126|-39.534487|-15.964829|-1019.987547|-33.470830|48.004598|-8.303568|-77.134113|-0.489605|-37.653007|-28.493694|-39.041394|-120.215056|-47.413845|-41.864401|27.041933|24.897576|-0.012765|nan|-109.042874
1127|-32.413348|-16.824077|-1009.121350|nan|47.848407|-8.059170|-58.393088|-0.494763|-28.950866|-30.752066|-32.240064|-120.191645|-40.311983|-34.629648|27.041933|24.997813|-0.011773|nan|-109.181806
1128|-34.573717|-17.638266|-995.299540|-29.347020|48.226243|-8.195542|-49.121212|-0.503482|-25.520321|-20.115957|-34.761381|-119.612847|-42.481996|-37.507337|27.041933|24.946448|-0.012077|nan|-109.223706
1129|-41.082402|-18.438160|-988.961842|-35.863879|48.078989|-8.717562|-58.393088|-0.516634|-32.270361|-11.194612|-41.670437|-119.620658|-48.992036|-44.836781|27.041933|24.931128|-0.012988|nan|-109.231328
1330|-9.330343|-18.075858|-985.049717|-3.725686|48.549174|-8.991094|-28.604722|-0.513142|1.330465|9.031213|-10.277806|-119.108504|-17.230931|-13.076931|27.041933|25.097988|-0.008550|nan|-109.321187
1331|-21.582505|-18.146970|-1002.178587|-16.311554|48.962245|-9.687236|-42.413899|-0.513826|-8.900520|-5.234189|-22.832546|-118.308804|-29.461916|-25.559172|27.041933|26.821698|-0.010260|nan|-109.604839
1332|-19.049479|-18.248991|-1034.176298|nan|49.115179|-10.440107|-32.352927|-0.515404|-6.176237|-3.063313|-20.569497|-117.754503|-26.897354|-22.870865|27.041933|26.998155|-0.009902|nan|-110.091438
1333|-17.242383|-18.087526|-1091.494738|nan|48.992981|-11.237944|-18.938299|-0.525542|-4.241330|-7.890464|-19.055013|-117.536222|-25.121889|-21.293084|27.041933|27.156903|-0.009654|nan|-110.449152
1334|-24.923322|-18.317355|-1148.015470|-19.670587|48.993573|-12.375522|-20.713765|-0.538316|-7.614456|-28.707314|-27.014165|-117.493006|-30.815573|-28.970166|27.041933|27.146094|-0.010730|nan|-110.963324
1335|-23.352646|-18.396350|-1187.916779|-17.019760|48.685798|-13.647537|-17.951929|-0.550666|-5.876822|-31.988334|-25.623002|-117.372349|-29.237381|-27.518229|27.041933|27.310669|-0.010510|nan|-111.219586
1336|-7.205205|-18.171201|-1225.690357|-1.115603|48.106909|-14.642076|-5.129123|-0.549777|8.699641|-14.242497|-9.508004|-116.695085|-11.060918|-10.952650|27.041933|27.610284|-0.008249|nan|-111.288537
1337|-15.345091|-17.744902|-1267.594186|-9.733966|48.373941|-15.622229|-11.836436|-0.555953|2.771689|-5.023045|-17.653432|-116.472244|-15.149149|-19.651765|27.041933|27.550290|-0.009380|nan|-111.357487
1338|-8.706735|-16.753202|-1283.982236|-2.230372|48.712753|-16.249923|-22.883777|-0.542983|5.479003|-17.088783|-10.945519|-116.424489|-8.281835|-12.698190|27.041933|27.671665|-0.008442|nan|-111.411029
1339|-21.814604|-16.354523|-1320.745613|-16.309850|48.929506|-16.912364|-34.128393|-0.548720|-7.221357|-27.216765|-23.963498|-116.953882|-17.221916|-26.043441|27.041933|27.625574|-0.010263|nan|-111.518239
1340|-39.877705|-16.483460|-1360.729542|-33.996694|49.433312|-18.050512|-65.494950|-0.548834|-18.933006|-38.261551|-41.916932|-118.016224|-34.933845|-43.955915|27.041933|27.295379|-0.012773|nan|-111.644439
1341|-47.900994|-16.326418|-1382.523129|-41.098037|48.973194|-19.350083|-62.141293|-0.571577|-27.063685|-52.678483|-49.811957|-119.161468|-40.424803|-51.610990|27.041933|34.156743|-0.013877|nan|-111.789536
1342|-50.416580|-16.434305|-1420.361809|-44.518030|48.956693|-20.625359|-62.930389|-0.594938|-27.510693|-35.147718|-52.213407|-120.345847|-42.312090|-53.762710|27.041933|37.552763|-0.014208|nan|-111.933119
1343|-53.334813|-16.842313|-1435.892171|nan|48.210522|-21.817131|-59.774005|-0.637320|-32.672807|-37.359552|-55.029517|-121.147202|-43.953925|-56.058979|27.041933|37.325754|-0.014595|nan|-112.310046
1344|-50.940326|-17.147195|-1413.875416|-44.723763|48.055325|-22.834066|-69.834977|-0.660527|-30.587967|-34.100078|-52.534312|-121.945262|-41.389364|-52.903851|27.041933|37.175188|-0.014237|nan|-112.856747
1345|-48.348241|-17.358928|-1411.975785|-41.962466|48.352355|-23.354451|-84.038701|-0.665334|-32.146132|-24.514121|-49.768943|-122.257647|-41.507529|-49.676450|27.041933|37.086110|-0.013852|nan|-113.159747
1346|-27.021186|-17.165466|-1394.734134|-19.747705|48.225044|-23.474879|-64.311307|-0.650055|-14.964110|-11.020665|-28.202158|-122.308040|-20.004669|-27.485482|28.766155|33.553062|-0.010845|nan|-113.206523
1347|-1.350059|-16.639415|-1402.405738|6.190404|47.880595|-23.192655|-26.631983|-0.624426|8.398497|-4.265774|-2.209737|-121.660591|5.838218|-0.773952|28.766155|34.060748|-0.007231|nan|-113.232579
1348|-19.482787|-16.711128|-1424.856244|-12.216317|48.397102|-23.202969|-57.603992|-0.581072|-3.952593|-2.123338|-20.090409|-121.706944|-12.113711|-18.064953|28.766155|34.014328|-0.009742|nan|-113.294825
1349|-37.626868|-17.223958|-1434.528609|-30.535970|47.940507|-23.759667|-63.719485|-0.586558|-18.464801|-25.840605|-38.016797|-121.886860|-30.065640|-35.022622|28.766155|33.843355|-0.012253|nan|-113.357071
1350|-41.577495|-17.825907|-1452.861868|nan|47.858435|-24.239748|-60.365828|-0.622851|-24.693286|-35.857330|-41.797402|-121.718161|-33.813845|-37.665455|28.766155|33.730968|-0.012778|nan|-113.467540
1351|-39.816471|-18.376760|-1483.738039|-31.195323|48.382464|-24.653702|-61.944019|-0.610680|-23.040266|-38.871819|-39.864646|-121.416798|-31.841105|-34.476232|28.766155|33.819518|-0.012502|nan|-113.532358
1352|-33.116134|-18.834994|-1527.842221|nan|48.767427|-24.599182|-43.794816|-0.613194|-20.215678|-33.580896|-33.005732|-121.286976|-26.136517|-26.799606|28.766155|33.910117|-0.011537|nan|-113.597176
1353|-26.797242|-18.846454|-1553.718736|nan|49.366256|-24.106755|-40.243885|-0.615308|-16.105918|-27.579190|-26.522750|-120.633039|-21.786477|-19.295305|28.766155|34.001244|-0.010626|nan|-113.698903
1354|-11.589166|-18.532029|-1536.509290|-2.397955|50.225490|-23.550196|-42.019350|-0.586524|-1.278829|-18.127950|-11.073862|-119.907791|-6.399109|-2.802565|28.766155|34.245553|-0.008474|nan|-113.830792
1355|-0.516292|-17.762064|-1506.639029|8.601511|50.881429|-22.934626|-47.345747|-0.542960|9.485786|-18.696949|0.303762|-118.974553|4.845506|8.566300|28.766155|34.606615|-0.006901|nan|-113.856848
1356|19.065242|-16.805370|-1487.572733|28.626484|51.425660|-21.576691|-5.720945|-0.486965|22.732620|17.921991|20.197294|-117.395134|24.092900|30.127676|35.630887|35.054595|-0.004142|nan|-113.892718
1357|23.671022|-15.873400|-1474.545834|33.056729|50.961677|-20.310782|6.115492|-0.407572|26.827195|18.891316|25.084038|-116.031677|28.827475|36.480855|32.747475|32.681751|-0.003480|nan|-113.928588
1358|47.039618|-14.569139|-1452.321717|56.527723|51.241244|-18.774730|27.421079|-0.326205|45.742236|26.288460|48.758370|-113.900911|52.303075|62.555748|32.747475|33.389008|-0.000196|nan|-113.960890
1359|35.895463|-13.333188|-1431.940347|44.559112|51.457456|-17.542879|9.863698|-0.273886|38.375175|19.111844|37.958676|-111.604668|41.255734|53.649367|32.747475|33.626137|-0.001741|nan|-113.993191
1400|39.365150|-11.645153|-1423.008043|49.346248|52.241463|-16.193182|45.175734|-0.217634|39.686106|20.007221|41.841263|-108.742545|44.806665|59.841258|32.747475|33.954798|-0.001244|nan|-114.033389
1401|33.777497|-10.009619|-1374.031645|nan|53.336803|-14.999581|27.421078|-0.215819|33.442994|29.699290|36.577207|-106.685037|38.162994|56.496747|32.747475|34.043370|-0.002017|nan|-114.068321
1402|32.739587|-8.636020|-1307.221953|41.597124|54.217556|-13.967465|28.999270|-0.181825|33.736065|22.881479|35.813395|-104.857296|37.176624|57.564537|32.747475|34.097214|-0.002155|nan|-114.103253
1403|31.897511|-7.035065|-1238.077890|nan|54.785611|-13.159357|29.985640|-0.116530|34.547249|13.475718|35.254724|-103.014941|36.387529|59.329602|32.747475|34.123297|-0.002265|nan|-114.138185
1404|44.678731|-5.403506|-1146.537441|54.547009|55.184027|-12.141190|35.114762|-0.062733|42.729216|30.877509|48.393815|-100.610552|49.210335|74.581567|32.747475|34.435080|-0.000472|nan|-114.186296
1405|32.403772|-4.239610|-1070.132164|41.340360|55.053062|-11.434461|24.461969|-0.033607|32.097951|23.069350|36.441144|-99.464200|36.979350|64.654742|32.747475|34.504784|-0.002182|nan|-114.234408
1406|29.595802|-3.004580|-987.420039|38.506178|55.201779|-10.790026|37.876597|-0.024121|29.256396|16.524181|33.879752|-98.066404|34.217515|64.447067|32.747475|34.384586|-0.002568|nan|-114.290447
1407|36.070449|-1.877619|-935.731320|46.132995|55.105661|-9.954677|36.298406|-0.000277|31.685596|25.640632|40.663793|-96.576264|40.727555|73.386266|32.747475|34.579021|-0.001658|nan|-114.357340
1408|23.024697|-0.996797|-902.133902|32.393199|55.315773|-9.173245|29.985640|0.005283|18.666076|22.278956|27.899125|-95.444555|24.587475|62.466437|32.747475|34.401520|-0.003478|nan|-114.414466
1409|-3.830962|-0.324047|-885.054272|5.554113|55.452312|-8.975598|-9.863698|0.019601|-1.842622|-3.572906|1.318060|-94.844621|-2.241782|37.487430|32.747475|33.935613|-0.007229|nan|-114.455751
1410|-20.225412|0.371667|-879.609141|nan|55.496171|-8.802249|-44.189364|0.064099|-19.896359|-10.614236|-14.779114|-94.746495|-18.615519|23.338943|32.747475|33.557649|-0.008256|nan|-114.501692
1411|-21.042772|0.662410|-879.366950|nan|55.473147|-8.805980|-52.869418|0.105951|-18.204615|-18.052406|-15.333100|-95.097896|-19.404615|24.955334|32.747475|33.252847|-0.008366|nan|-114.511507
1412|-1.926423|1.197236|-875.031623|8.282019|54.671593|-8.386384|-36.101132|0.152883|-4.589322|0.606435|4.160466|-94.668896|-0.269042|46.024191|32.747475|33.459971|-0.005691|nan|-114.521322
1413|-3.324733|1.679582|-898.570401|5.744294|54.402965|-8.144975|-40.243885|0.206379|-1.410799|14.876707|3.089425|-94.476496|-1.649960|46.201558|32.747475|33.349098|-0.005884|nan|-114.540977
1414|-5.491434|2.278719|-927.702810|5.102307|53.663396|-7.665347|-39.849337|0.247642|-9.101372|1.338745|1.296643|-93.971654|-3.899973|46.125518|29.340027|29.859993|-0.006187|nan|-114.560631
1415|-12.577601|2.076800|-931.573984|-3.143859|53.123726|-7.132456|-44.189364|0.286524|-13.722675|-0.464613|-5.418799|-93.153264|-12.681835|40.492630|29.340027|29.594438|-0.007179|nan|-114.569393
1416|-24.199390|1.907995|-937.943934|nan|52.830552|-6.743613|-34.325667|0.300658|-23.121558|-6.987109|-16.721710|-92.455949|-24.320998|30.501011|29.340027|29.384011|-0.008806|nan|-114.604402
1417|-21.014589|1.792736|-957.758511|-10.488334|52.119794|-6.426508|-5.326397|0.302428|-21.565454|3.179530|-13.253267|-91.613563|-21.164615|34.730565|29.340027|29.372979|-0.008365|nan|-114.639411
1418|-17.819795|1.699009|-1000.209540|nan|51.573373|-5.834222|-20.121943|0.309833|-19.849071|1.785842|-9.676725|-90.603952|-18.008232|38.037286|29.340027|29.363973|-0.007923|nan|-114.665697
1419|-14.227763|1.800700|-1047.160660|-3.798168|50.776894|-5.320620|-34.522941|0.340762|-15.738140|-6.853187|-5.646426|-89.566976|-14.457301|41.833794|28.796032|28.966506|-0.007427|nan|-114.472152
1420|-0.966872|2.178816|-1067.114478|9.395449|49.796889|-4.657291|-25.053791|0.400394|-3.720785|4.814168|8.083895|-88.257268|-1.239946|55.400264|25.346721|25.783472|-0.005579|nan|-114.188224
1421|3.027521|2.314450|-1081.970418|nan|49.701451|-3.886059|-19.135572|0.433920|0.944974|10.584250|12.477173|-87.435759|2.705533|58.330248|25.346721|25.986282|-0.005028|-94451.802192|-113.997030
1422|2.292204|2.537621|-1092.209344|nan|49.181895|-3.330573|-13.020080|0.472359|0.636158|9.836986|12.077218|-87.358728|1.916437|56.736274|25.346721|26.137122|-0.005138|-94449.626370|-113.865017
1423|-11.671939|2.396713|-1081.870808|-2.552730|48.968846|-3.081499|-20.516490|0.491541|-8.969175|0.350357|-1.564649|-87.139913|-12.090013|40.185923|25.346721|25.937892|-0.007096|-94447.740658|-113.591229
1424|-30.174236|2.170531|-1093.293682|-21.454539|48.994445|-2.899447|-23.672873|0.481479|-29.353205|10.047133|-19.750532|-86.908233|-30.873764|19.498270|25.346721|25.621437|-0.009688|-94446.145055|-113.321577
1425|-28.739941|2.320523|-1105.531183|nan|49.167094|-2.397401|-11.047341|0.474547|-29.652009|0.469930|-18.041735|-86.522115|-31.252847|19.335285|25.346721|25.371015|-0.009495|-94444.839562|-113.162392
1426|-27.508002|2.686775|-1101.430921|nan|49.641083|-2.221708|9.863697|0.431200|-24.068644|6.555386|-16.600464|-86.159752|-30.069203|18.775028|25.346721|25.175131|-0.009330|-94443.389014|-112.596390
1427|-40.484387|2.812089|-1106.444688|-31.874713|49.649628|-2.418894|1.578192|0.339716|-34.288445|-5.989694|-29.451968|-86.341413|-43.089283|3.744379|25.346721|24.870318|-0.011150|-94441.793411|-111.817458
1428|-48.125839|2.867191|-1088.945179|nan|49.254403|-2.682036|17.360108|0.240289|-43.342129|-13.100044|-37.074928|-86.914202|-50.782967|-5.526540|25.346721|24.637876|-0.011887|-94440.052753|-111.012223
1429|-45.304048|2.936327|-1069.400741|nan|48.480802|-2.767523|9.074602|0.188370|-40.019735|-6.388607|-34.316251|-87.826892|-48.021132|-4.437177|25.346721|24.464713|-0.011134|-94438.457137|-109.933453
1430|-57.079890|2.729266|-1027.766677|-48.286143|48.200515|-3.668289|0.789096|0.096971|-45.375893|0.449594|-46.336781|-89.390678|-59.857569|-18.588945|25.346721|24.032207|-0.013465|-94436.571425|-109.334166
1431|-87.201629|1.607531|-979.547653|-78.391841|47.003164|-4.937532|-34.917488|0.033062|-73.078526|-27.776038|-76.791643|-92.316806|-90.040482|-50.347324|11.879518|9.935053|-0.021950|-94434.250548|-109.151926
1432|-101.353182|-0.252776|-967.596740|-92.619750|46.389978|-6.538317|-50.107583|-0.051289|-80.801134|-39.940233|-91.392728|-95.731196|-104.244207|-66.904954|7.675793|4.954614|-0.025982|-94430.914288|-109.262044
1433|-105.649178|-1.880511|-965.368330|nan|44.757482|-8.169057|-55.236704|-0.178475|-84.581718|-42.383516|-96.273844|-99.908787|-108.584233|-74.322780|-4.997566|-8.293205|-0.027262|-94426.127466|-110.032854
1434|-120.007166|-3.447402|-936.926650|-111.597659|42.100358|-9.903019|-56.814896|-0.320088|-98.662994|-69.811968|-111.312303|-104.156275|-122.985231|-91.388990|-26.449846|-30.309021|-0.031360|-94419.890110|-111.045274
1435|-110.495928|-4.706150|-935.495269|-101.054866|39.730794|-11.385408|-59.576732|-0.422338|-88.874125|-65.187748|-102.470891|-108.230850|-110.556082|-84.585054|-26.449846|-30.549662|-0.030039|-94412.057137|-111.992336
1436|-91.716822|-5.593660|-954.905672|-82.584932|37.443981|-12.725099|-43.597542|-0.495846|-70.133379|-57.284141|-84.292570|-111.609995|-91.815057|-69.183889|-26.449846|-30.535254|-0.027420|-76666.494948|-112.753195
1437|-53.789898|-5.855204|-968.466370|-44.711467|35.790120|-13.162578|0.789095|-0.530554|-40.016783|-31.138604|-46.914288|-113.902531|-53.938460|-34.767505|-26.449846|-30.167960|-0.022123|-76658.366594|-113.161214
1438|-55.122107|-6.330193|-992.630866|-46.898689|34.322597|-13.789602|-13.611902|-0.559492|-37.157700|-19.509739|-48.732037|-116.208686|-54.919377|-39.993251|-26.449846|-29.990924|-0.022318|-76649.649229|-113.377462
1439|-42.048433|-6.798270|-1047.885819|nan|33.350852|-13.919848|-27.421079|-0.569386|-28.057620|-15.935311|-36.117916|-118.519047|-41.419297|-29.983598|-26.449846|-29.656895|-0.020499|-76640.696260|-113.479833
1440|-57.960086|-7.814188|-1126.196632|-49.592149|32.356544|-14.131937|-59.774005|-0.602135|-43.956808|-37.936602|-52.486179|-120.899603|-58.758486|-49.357831|-26.449846|-29.665736|-0.022736|-76631.272083|-113.571033
1441|-73.467750|-9.494775|-1221.521531|-65.451142|30.857044|-14.511872|-76.147743|-0.620232|-57.301171|-59.985011|-68.419615|-123.635102|-74.343128|-68.029824|-26.449846|-29.788430|-0.024919|-76621.494511|-113.938759
1442|-78.508179|-11.304270|-1338.197913|-70.579056|29.975808|-14.969788|-62.141293|-0.663171|-62.349735|-65.790584|-74.073917|-126.665066|-80.512251|-75.879341|-26.449846|-29.998597|-0.025640|-76611.010115|-114.368258
1443|-68.742460|-13.326172|-1445.472008|nan|28.793144|-15.136711|-53.855787|-0.690833|-54.763590|-69.033581|-64.877371|-129.039763|-70.845827|-67.862127|-26.449846|-29.966909|-0.024290|-76600.172313|-114.720622
1444|-40.022503|-14.629773|-1528.608569|-31.488494|28.003940|-14.747273|-27.421078|-0.699557|-30.319149|-50.397060|-36.657333|-129.849356|-42.241105|-40.689641|-26.449846|-29.592844|-0.020288|-76589.805719|-114.681399
1445|-40.099644|-16.028155|-1571.841040|-32.228570|27.886640|-14.473580|-34.720214|-0.709148|-29.075864|-31.847481|-37.223566|-130.191552|-42.438379|-42.658408|-26.449846|-29.417326|-0.020318|-76580.263740|-114.548678
1446|-20.849030|-16.939565|-1597.225736|-12.546496|27.883553|-14.131924|-27.223804|-0.716678|-8.500850|-12.711274|-18.389466|-129.978067|-23.302806|-24.463845|-26.449846|-28.937424|-0.017640|-76572.135385|-114.423005
1447|-30.614992|-18.078866|-1610.476451|-22.964219|28.229064|-14.519293|-33.931119|-0.722083|-12.683989|-6.235355|-28.688514|-130.600874|-33.166504|-35.499323|-26.449846|-28.840843|-0.019023|-76565.420656|-114.284620
1448|-45.115313|-19.460080|-1626.962786|-37.842356|28.073614|-14.906941|-45.373008|-0.734992|-31.682539|-31.886226|-43.788315|-131.635119|-47.764776|-51.332312|-26.449846|-28.890958|-0.021070|-76560.001760|-114.184360
1449|-45.402191|-21.023450|-1672.846717|nan|28.221017|-14.993578|-42.216625|-0.748612|-34.397367|-27.263692|-44.774858|-132.661751|-48.159324|-52.562975|-26.449846|-27.124370|-0.021127|-76555.643073|-114.112403
1450|-59.696249|-22.651956|-1726.050593|-52.356620|27.972373|-15.360230|-43.400268|-0.776465|-45.037805|-50.245839|-59.840194|-133.909325|-62.560322|-68.072816|-26.449846|-16.362344|-0.023146|-76551.520000|-114.015065
1451|-44.791250|-23.924291|-1775.067857|-37.101215|27.949238|-15.377461|-24.659243|-0.798788|-32.482819|-41.580581|-45.601705|-134.403036|-47.764776|-54.113385|-26.449846|6.245809|-0.021075|-76547.632531|-113.917726
1452|-45.083594|-25.311058|-1780.624583|-38.236709|28.297005|-15.569995|-25.842887|-0.833680|-31.197366|-43.162657|-46.527817|-135.033832|-47.759324|-55.689503|-26.449846|9.365983|-0.021132|-76543.862854|-113.876770
1453|-97.682314|-27.541780|-1767.453864|-90.484312|27.612583|-17.065143|-92.521480|-0.873753|-72.107831|-84.432999|-99.917890|-137.193688|-100.031467|-109.508150|-26.449846|6.077841|-0.028515|-41696.958242|-114.488825
1454|-105.328616|-29.301512|-1732.034862|-97.452872|26.514662|-18.816048|-118.758915|-0.902496|-80.041794|-83.301460|-108.422299|-139.656080|-107.405151|-118.148340|-26.449846|-15.469096|-0.029597|-25130.981976|-115.074693
1455|-103.535677|-30.684502|-1719.490295|-96.869177|25.757552|-20.724884|-115.602532|-0.942400|-74.586606|-85.355583|-107.560375|-142.409306|-104.829685|-117.616997|-26.449846|-15.980624|-0.029352|-25129.550769|-115.437538
1456|-93.493818|-31.834334|-1709.179490|-85.890429|24.799918|-22.682490|-104.357917|-0.981408|-64.846474|-76.060517|-98.406704|-145.004911|-94.768714|-108.686944|-26.449846|-16.171851|-0.027945|-5710.945055|-116.026912
1457|-70.267705|-32.862253|-1712.997761|-62.290989|24.273235|-24.237931|-94.099672|-1.007781|-41.728988|-64.754286|-75.978065|-146.971645|-71.490389|-86.563210|-26.449846|-16.110640|-0.024684|-2855.301099|-116.495404
1458|-48.258358|-33.515359|-1740.013788|-40.677449|22.872220|-25.631851|-79.698674|-1.014432|-21.955147|-59.330882|-54.564619|-147.941006|-49.395707|-64.817285|-26.449846|-15.545289|-0.021587|28551.164836|-116.758390
1459|-13.637573|-33.417180|-1747.925423|-5.487120|22.144649|-26.225155|-42.216624|-1.034002|6.364508|-24.472818|-20.360191|-147.435025|-14.435492|-29.532387|-26.449846|-14.900556|-0.016720|42823.648350|-116.923875
