900|nan|nan|nan|nan|nan|nan|nan|nan|nan|nan|nan|nan|nan|nan|nan|nan|nan|nan|nan
901|nan|nan|nan|nan|nan|nan|nan|nan|nan|nan|nan|nan|nan|nan|nan|nan|nan|nan|nan
902|nan|nan|nan|nan|nan|nan|nan|nan|nan|nan|nan|nan|nan|nan|nan|nan|nan|nan|nan
903|nan|nan|nan|nan|nan|nan|nan|nan|nan|nan|nan|nan|nan|nan|nan|nan|nan|nan|nan
904|nan|nan|nan|nan|nan|nan|nan|nan|nan|nan|nan|nan|nan|nan|nan|nan|nan|nan|nan
905|nan|nan|nan|nan|nan|nan|nan|nan|nan|nan|nan|nan|nan|nan|nan|nan|nan|nan|nan
906|nan|nan|nan|nan|nan|nan|nan|nan|nan|nan|nan|nan|nan|nan|nan|nan|nan|nan|nan
907|nan|nan|nan|nan|nan|nan|nan|nan|nan|nan|nan|nan|nan|nan|nan|nan|nan|nan|nan
908|nan|nan|nan|nan|nan|nan|nan|nan|nan|nan|nan|nan|nan|nan|nan|nan|nan|nan|nan
909|nan|nan|nan|nan|nan|nan|nan|nan|nan|nan|nan|nan|nan|nan|nan|nan|nan|nan|nan
910|nan|nan|nan|nan|nan|nan|nan|nan|nan|nan|nan|nan|nan|nan|nan|nan|nan|nan|nan
911|nan|nan|nan|nan|nan|nan|nan|nan|nan|nan|nan|nan|nan|nan|nan|nan|nan|nan|nan
912|nan|nan|nan|nan|nan|nan|nan|nan|nan|nan|nan|nan|nan|nan|nan|nan|nan|nan|nan
913|nan|nan|nan|nan|nan|nan|nan|nan|nan|nan|nan|nan|nan|nan|nan|nan|nan|nan|nan
914|nan|nan|nan|nan|nan|nan|nan|nan|nan|nan|nan|nan|nan|nan|nan|nan|nan|nan|nan
915|nan|nan|nan|nan|nan|nan|nan|nan|nan|nan|nan|nan|nan|nan|nan|nan|nan|nan|nan
916|nan|nan|nan|nan|nan|nan|nan|nan|nan|nan|nan|nan|nan|nan|nan|nan|nan|nan|nan
917|nan|nan|nan|nan|nan|nan|nan|nan|nan|nan|nan|nan|nan|nan|nan|nan|nan|nan|nan
918|nan|nan|nan|nan|nan|nan|nan|nan|nan|nan|nan|nan|nan|nan|nan|nan|nan|nan|nan
919|nan|nan|nan|nan|nan|nan|nan|nan|nan|nan|nan|nan|nan|nan|nan|nan|nan|nan|nan
920|nan|nan|nan|nan|nan|nan|nan|nan|nan|nan|nan|nan|nan|nan|nan|nan|nan|nan|nan
921|nan|nan|nan|nan|nan|nan|nan|nan|nan|nan|nan|nan|nan|nan|nan|nan|nan|nan|nan
922|nan|nan|nan|nan|nan|nan|nan|nan|nan|nan|nan|nan|nan|nan|nan|nan|nan|nan|nan
923|nan|nan|nan|nan|nan|nan|nan|nan|nan|nan|nan|nan|nan|nan|nan|nan|nan|nan|nan
924|nan|nan|nan|nan|nan|nan|nan|nan|nan|nan|nan|nan|nan|nan|nan|nan|nan|nan|nan
925|nan|nan|nan|nan|nan|nan|nan|nan|nan|nan|nan|nan|nan|13.554904|nan|47.231933|nan|nan|nan
926|nan|nan|nan|nan|nan|nan|nan|nan|nan|nan|nan|nan|nan|14.203144|nan|47.250876|nan|nan|nan
927|nan|nan|nan|nan|nan|nan|nan|nan|nan|nan|nan|nan|nan|15.521614|nan|37.639817|nan|nan|nan
928|nan|nan|nan|nan|nan|nan|nan|nan|nan|nan|nan|nan|nan|10.535773|nan|37.606345|nan|nan|nan
929|nan|nan|nan|nan|nan|nan|nan|nan|nan|nan|nan|nan|nan|-2.596990|37.029877|37.265686|nan|nan|nan
930|nan|nan|nan|nan|nan|nan|nan|nan|nan|nan|nan|nan|nan|-12.204332|37.029877|36.842973|nan|nan|nan
931|nan|nan|nan|nan|nan|nan|nan|nan|nan|nan|nan|nan|nan|-9.008388|37.029877|36.668865|nan|nan|nan
932|nan|nan|nan|nan|nan|nan|nan|nan|nan|nan|nan|nan|nan|-6.155870|37.029877|36.537147|nan|nan|nan
933|nan|nan|nan|nan|nan|nan|nan|nan|nan|nan|nan|nan|nan|-7.940368|37.029877|36.286252|nan|nan|nan
934|nan|nan|nan|nan|55.469286|nan|nan|nan|nan|nan|nan|nan|nan|-12.844909|37.029877|35.945241|nan|nan|nan
935|nan|nan|nan|nan|56.053532|nan|nan|nan|nan|nan|nan|nan|nan|-32.077465|37.029877|35.230186|nan|nan|nan
936|nan|nan|nan|nan|55.765798|nan|nan|nan|nan|-10.164650|nan|nan|nan|-30.276614|37.029877|34.846827|nan|nan|nan
937|nan|nan|nan|nan|55.160664|nan|nan|nan|nan|1.870422|nan|nan|nan|-23.514200|37.029877|34.727079|nan|nan|nan
938|nan|nan|nan|nan|54.469393|nan|nan|nan|nan|-9.895632|nan|nan|nan|-15.163812|37.029877|34.814646|nan|nan|nan
939|nan|nan|nan|nan|54.515589|nan|nan|nan|nan|-7.040257|nan|nan|nan|-17.974672|37.029877|34.755411|nan|nan|nan
940|nan|nan|nan|nan|54.466755|nan|nan|nan|nan|-0.000787|nan|nan|nan|-20.408030|37.029877|34.736062|nan|nan|nan
941|nan|nan|nan|nan|53.978204|nan|nan|nan|nan|-0.114561|nan|nan|nan|-17.420079|37.029877|34.901941|nan|nan|nan
942|nan|nan|nan|nan|54.226945|nan|nan|nan|nan|0.873476|nan|nan|nan|-17.394545|37.029877|42.864856|nan|nan|nan
943|nan|nan|nan|nan|54.168829|nan|nan|nan|nan|2.292568|nan|nan|nan|-11.916120|37.029877|43.044576|nan|nan|nan
944|nan|-12.774053|nan|nan|54.173813|nan|nan|nan|nan|-18.867489|nan|nan|nan|-11.172891|37.029877|43.207995|-0.008907|nan|nan
945|nan|-12.029931|nan|nan|54.120757|nan|nan|nan|nan|-11.841768|nan|nan|nan|-13.248034|37.029877|43.356746|-0.009107|nan|nan
946|nan|-11.297463|nan|nan|54.149426|nan|nan|nan|nan|-14.550078|nan|nan|nan|-11.950691|37.029877|43.492282|-0.008818|nan|nan
947|nan|-10.683088|nan|nan|54.614715|nan|nan|nan|nan|-3.748320|nan|nan|nan|-13.905019|37.029877|43.462045|-0.009036|nan|nan
948|nan|-10.217639|nan|nan|54.626927|nan|nan|nan|nan|-7.489524|nan|nan|nan|-12.729188|37.029877|43.610378|-0.008819|nan|nan
949|nan|-9.208887|nan|nan|54.992045|nan|nan|nan|nan|-5.896371|nan|nan|nan|-3.890110|37.029877|43.742586|-0.007299|nan|nan
950|nan|-8.270144|nan|nan|55.382123|nan|nan|nan|nan|-2.124542|nan|nan|nan|-2.930076|37.029877|43.860633|-0.007064|nan|nan
951|nan|-7.384325|nan|-0.229935|55.795185|nan|nan|nan|nan|10.066002|nan|nan|nan|-2.331729|37.029877|43.966224|-0.006829|nan|nan
952|nan|-6.252036|nan|9.576741|55.442869|nan|nan|nan|nan|3.609488|nan|nan|nan|7.155372|37.029877|44.368527|-0.005290|nan|nan
953|nan|-5.353044|nan|7.067159|55.490719|nan|nan|nan|nan|14.666259|nan|nan|nan|5.142253|37.029877|45.910781|-0.005580|nan|nan
954|nan|-4.656020|nan|nan|55.230513|nan|4.123493|nan|nan|11.340848|nan|nan|nan|2.999070|37.029877|46.047201|-0.005942|nan|nan
955|nan|-3.915408|nan|nan|54.338716|nan|17.445549|nan|nan|-7.870586|nan|nan|nan|6.242335|28.141256|27.932396|-0.005490|nan|nan
956|nan|-3.064259|nan|13.842258|53.035698|nan|21.780503|nan|nan|-10.416103|nan|nan|nan|11.783844|13.322055|13.355688|-0.004602|nan|nan
957|nan|-2.343142|nan|nan|51.811839|nan|21.780503|nan|nan|-14.294612|nan|nan|nan|11.944555|13.322055|13.544693|-0.004602|nan|nan
958|nan|-1.762650|nan|10.158668|51.179417|nan|14.379361|nan|nan|0.365137|nan|nan|nan|9.062000|13.322055|13.535837|-0.005055|nan|nan
959|nan|-1.173917|nan|13.521455|50.553269|nan|3.383380|nan|nan|-8.126772|nan|nan|nan|11.915451|13.322055|13.680236|-0.004656|nan|nan
1000|nan|-0.250008|nan|25.076413|50.619590|-6.366487|4.546416|0.212831|nan|-7.545120|nan|nan|nan|24.291262|13.322055|13.942629|-0.002683|nan|nan
1001|nan|0.390882|nan|nan|50.434149|-5.569263|3.489110|0.212094|nan|-44.959249|nan|nan|nan|21.187023|13.322055|14.140231|-0.003406|nan|nan
1002|nan|0.669876|nan|10.763642|50.924097|-5.117215|-2.960457|0.164007|nan|-26.261068|nan|-102.949598|nan|12.747365|13.322055|14.131042|-0.004945|nan|nan
1003|nan|0.825030|nan|nan|51.048640|-4.778924|-8.141257|0.141082|nan|-33.221293|nan|-102.796817|nan|10.692897|13.322055|14.114291|-0.005506|nan|nan
1004|nan|0.736929|nan|-0.867073|51.451651|-4.777714|-20.828928|0.115676|nan|-16.652906|nan|-102.487521|nan|3.463734|13.322055|13.784139|-0.006936|nan|nan
1005|nan|0.655703|nan|-0.281832|51.238425|-4.724563|-40.600550|0.097238|nan|-20.375670|nan|-101.948042|nan|4.772920|13.322055|13.674647|-0.007026|nan|nan
1006|nan|0.390704|nan|-6.893119|51.670184|-4.854717|-44.195390|0.097238|nan|-7.588031|nan|-101.668721|nan|0.684198|13.322055|13.431108|-0.007967|nan|nan
1007|nan|0.031995|nan|-12.186902|52.297957|-5.143251|-42.609431|0.097238|nan|-5.298013|nan|-101.608105|nan|-3.259795|13.322055|13.085751|-0.008872|nan|nan
1008|nan|-0.343180|nan|nan|52.435999|-5.452185|-35.631212|-0.051701|nan|-18.052930|nan|-101.549780|nan|-3.937407|13.322055|12.818801|-0.009271|nan|nan
1009|nan|-0.511382|nan|-5.742720|51.611059|-5.449134|-28.970184|-0.043376|nan|-5.262506|nan|-101.200550|nan|5.590098|13.322055|12.923944|-0.007913|nan|nan
1010|nan|-0.636406|nan|-4.172715|51.791814|-5.450484|-27.807147|-0.043376|nan|14.011301|nan|-100.242991|nan|9.164729|13.322055|12.856933|-0.007497|nan|nan
1011|nan|-0.728051|nan|nan|52.229570|-5.449063|-24.106577|-0.043376|nan|36.210365|nan|-99.391514|nan|9.858321|13.322055|12.810097|-0.007533|nan|nan
1012|nan|-0.815548|nan|-4.703416|52.790253|-5.447758|-23.260731|-0.024457|nan|23.893174|nan|-98.755323|nan|10.315078|13.322055|29.129050|-0.007587|nan|nan
1013|nan|-0.779808|nan|1.216856|53.139091|-5.291163|-12.476210|-0.021867|nan|12.256607|nan|-98.319099|nan|15.836571|13.322055|29.265476|-0.006772|nan|nan
1014|nan|-0.726751|nan|3.539194|52.858766|-5.044486|-8.881370|-0.015453|nan|-6.692321|nan|-97.764738|nan|18.378334|13.322055|45.159428|-0.006374|nan|nan
1030|nan|-0.627138|nan|4.586183|53.093170|-4.831776|-7.824065|-0.013961|nan|13.525974|nan|-97.162419|nan|20.705344|13.322055|45.214394|-0.005994|nan|nan
1031|nan|-0.349485|nan|12.665614|52.921934|-4.385389|1.057306|0.005258|nan|3.717119|nan|-96.455113|nan|28.520013|13.322055|41.207669|-0.004763|nan|nan
1032|nan|-0.312107|nan|4.036876|52.996055|-4.233954|-8.246986|0.005594|nan|-6.620224|nan|-95.971626|nan|20.464279|13.322055|41.171486|-0.006138|nan|nan
1033|nan|-0.168837|nan|7.256011|52.880379|-3.992148|-4.652146|0.016081|nan|4.761028|nan|-95.589098|nan|22.770142|13.322055|41.294354|-0.005740|nan|nan
1034|-3.186911|-0.177110|nan|0.567631|52.990796|-3.921306|-1.268767|0.016081|nan|5.487057|nan|-95.369240|nan|17.394798|13.322055|41.232304|-0.006681|nan|nan
1035|-11.079057|-0.313026|nan|-7.148448|53.334465|-4.042403|-7.612603|0.002917|nan|-3.274138|nan|-95.306982|nan|9.656255|13.322055|41.026557|-0.007738|nan|nan
1036|-8.281376|-0.357870|nan|-3.000817|53.304612|-4.044039|-3.277648|0.002381|nan|-4.444840|nan|-95.165225|nan|12.721506|13.322055|41.018699|-0.006108|nan|nan
1037|-8.021476|0.060318|nan|nan|52.994129|-4.040270|6.026644|0.001936|nan|0.028510|nan|-95.006176|nan|12.857777|13.322055|41.011653|-0.004998|nan|nan
1038|-0.176249|0.476360|nan|5.138620|52.775715|-3.851706|12.159019|0.008056|nan|14.365860|nan|-94.667996|nan|20.786636|13.322055|41.159171|-0.003659|nan|nan
1039|-2.689548|0.790464|nan|1.372509|52.643634|-3.817496|7.506872|0.007945|nan|12.453326|nan|-94.664068|nan|18.211038|13.322055|41.117974|-0.004093|nan|nan
1040|3.017859|1.287225|nan|8.469133|52.222379|-3.809935|15.859590|-0.001473|nan|12.123159|nan|-94.493485|nan|23.434130|13.322055|41.237559|-0.002463|nan|nan
1041|-1.756877|1.615294|nan|2.330213|51.834167|-3.931370|16.282512|-0.001140|nan|25.554504|nan|-94.512910|nan|17.670474|13.322055|41.173618|-0.003093|nan|nan
1042|3.504216|2.011153|nan|8.868098|51.705520|-3.907397|21.569042|-0.001140|nan|16.094813|nan|-94.623334|nan|22.472369|29.671531|41.274780|-0.001161|nan|nan
1043|8.481265|2.385357|nan|13.838302|50.923261|-3.675125|23.895115|0.027110|nan|8.724658|nan|-94.598390|nan|27.322514|29.671531|30.444784|-0.000284|nan|nan
1044|7.910900|2.691793|nan|nan|50.381708|-3.249655|25.586805|0.034547|nan|7.265274|nan|-94.545922|nan|26.402269|29.248608|29.982553|-0.000393|nan|-101.749813
1045|17.559614|3.218340|nan|22.666002|50.612242|-2.454529|46.627194|0.048523|nan|-1.366798|nan|-94.263199|nan|36.058847|29.248608|30.262177|0.001325|nan|-101.765686
1046|18.992721|3.710148|nan|nan|51.305468|-1.716164|43.666737|0.057821|nan|7.097984|nan|-94.093926|nan|37.138235|29.248608|30.468586|0.001542|nan|-101.802698
1047|17.591173|4.155796|nan|nan|51.955624|-1.068433|33.093677|0.068490|nan|-4.807474|18.970519|-93.949537|nan|35.648612|29.248608|30.615368|0.001351|nan|-101.839710
1048|11.033711|4.479702|nan|nan|51.911571|-0.520700|23.049270|0.074779|nan|-12.720779|12.473936|-93.922692|nan|28.978190|29.248608|30.713839|0.000193|nan|-101.902950
1049|7.558238|4.546545|nan|10.710572|52.210509|-0.033018|10.995982|0.082967|nan|-10.751978|9.612445|-94.042445|nan|25.183478|29.248608|30.619565|-0.000441|nan|-101.951327
1050|1.788352|4.498699|nan|4.993804|52.400977|0.617900|4.440685|0.083086|nan|-2.650375|4.017618|-94.642017|nan|18.812815|29.248608|30.375861|-0.001472|nan|-101.978177
1051|1.326150|4.438458|nan|nan|52.405965|1.288849|-1.797420|0.081838|nan|-21.180964|3.764592|-95.136567|nan|18.954832|29.248608|30.326018|-0.001599|nan|-102.005026
1052|5.942323|4.331414|-294.496316|nan|52.272685|1.915883|-2.748996|0.082590|-3.679657|-12.154344|8.621166|-95.241149|0.241370|23.703024|29.248608|30.274337|-0.000857|nan|-102.035186
1053|0.398699|4.097115|-257.424239|nan|52.060997|2.290116|-10.890252|0.120967|-7.654498|-9.727860|3.288845|-95.370399|-5.573813|18.997124|29.248608|30.221832|-0.001852|nan|-102.035186
1054|-2.300152|3.856025|-219.614379|-0.486953|51.747861|2.581564|-5.920913|0.125210|-10.934269|-2.306174|0.522331|-95.350469|-8.774269|16.452908|29.248608|30.015458|-0.002358|nan|-102.040840
1055|-2.260052|3.591114|-185.199047|nan|51.853236|2.902102|-3.700571|0.120404|-11.066073|15.919270|0.478966|-95.330083|-8.985731|16.768872|29.248608|29.845192|-0.002394|nan|-102.035186
1056|0.624791|3.309365|-161.325769|3.117767|51.198857|3.266714|-1.268768|0.120404|-8.262466|5.364345|3.326050|-95.077641|-6.342466|20.188538|29.248608|29.858989|-0.001942|nan|-102.017604
1057|-1.998179|2.956122|-143.302672|-0.889838|50.772020|3.508845|-4.440685|0.115568|-11.037534|23.736117|0.685372|-94.775606|-9.197192|16.839543|29.248608|29.708695|-0.002431|nan|-102.004425
1058|-6.964428|2.550416|-134.043597|nan|50.262751|3.574526|-4.863607|0.120133|-13.897991|13.570847|-4.359614|-94.549074|-14.377991|12.016452|29.248608|29.585862|-0.003317|nan|-101.978110
1059|-6.870950|2.149404|-126.055026|nan|50.354865|3.626795|-2.643265|0.119012|-13.684064|13.969763|-4.490198|-94.560564|-14.483722|11.571156|29.248608|29.536781|-0.003335|nan|-101.951796
1100|-7.108407|1.545045|-112.500832|-5.442531|49.958332|3.700037|-0.845845|0.119358|-13.787329|-6.848073|-4.893412|-94.663113|-14.906644|11.208670|29.248608|29.455918|-0.003407|nan|-101.948505
1101|-7.252498|1.040132|-106.993043|nan|49.559659|3.747592|6.026644|0.110858|-13.384178|-5.410503|-5.298395|-94.784802|-15.223836|10.951914|29.248608|29.390908|-0.003462|nan|-101.952262
1102|-15.026926|0.548748|-105.468359|-14.564188|50.100226|3.582178|-9.938676|0.065416|-18.913289|8.337084|-13.279179|-95.104889|-23.153631|2.049947|29.248608|29.031356|-0.004830|nan|-101.942884
1103|-14.569796|0.207895|-104.233134|-13.376492|50.356318|3.483622|-7.295411|0.038725|-17.876097|2.562608|-13.051835|-95.523031|-22.836439|2.173821|29.248608|39.492686|-0.004776|nan|-101.913366
1104|-14.231863|-0.053302|-99.675751|nan|50.967693|3.254708|-12.581941|0.038725|-16.944978|-0.008073|-12.914561|-95.993135|-22.624978|1.791964|29.248608|42.053548|-0.004740|nan|-101.883847
1105|-11.156730|-0.180143|-98.815236|nan|51.186419|3.064558|-17.339818|0.030914|-13.424179|-8.642855|-9.938762|-96.441956|-19.664521|4.559103|29.248608|41.987364|-0.004234|nan|-101.861377
1106|-23.645902|-0.476094|-104.353545|-23.644722|51.841112|2.543517|-26.961302|-0.017543|-21.525777|9.741872|-22.631330|-97.411985|-32.246462|-8.772830|29.248608|41.634488|-0.008039|nan|-101.807661
1107|-22.731482|-0.621926|-109.859241|-21.972871|51.511115|1.972397|-25.798266|-0.044776|-18.359933|-17.633775|-21.869966|-98.101033|-30.840617|-8.191070|29.248608|41.523403|-0.007894|nan|-101.709870
1108|-21.625988|-0.713088|-115.727577|-22.029146|51.964037|1.408976|-16.916895|-0.069220|-16.821943|8.444042|-20.983589|-98.813923|-29.783311|-8.172280|29.248608|41.294793|-0.007714|nan|-101.612079
1109|-28.155552|-0.992812|-121.799204|-28.571450|52.384226|0.742044|-26.009728|-0.096342|-21.136898|9.739724|-27.701609|-99.529179|-36.338609|-15.783012|29.248608|40.977095|-0.009725|nan|-101.485104
1110|-26.351199|-1.296781|-136.927324|nan|52.656439|0.093628|-18.502854|-0.109733|-18.939136|18.970479|-26.074120|-99.894179|-34.541188|-15.123252|29.248608|40.747418|-0.009418|nan|-101.387383
1111|-16.839202|-1.406719|-151.342667|-16.398337|52.692610|-0.345328|-13.744978|-0.116292|-11.264067|27.830279|-16.658277|-100.112690|-25.025435|-6.830681|29.248608|47.267323|-0.007790|nan|-101.475156
1112|-17.808327|-1.589078|-165.145396|-18.248685|53.098473|-0.852435|-9.410023|-0.121058|-9.735300|9.679754|-17.740157|-100.368867|-23.417010|-9.410199|29.248608|47.249650|-0.007953|nan|-101.573504
1113|-21.427416|-1.885483|-175.271934|nan|53.182465|-1.363599|-8.035525|-0.157123|-14.850140|12.509915|-21.538770|-100.960347|-26.531850|-14.252032|29.248608|47.255471|-0.008569|nan|-101.658929
1114|-24.960215|-2.251666|-199.195538|-25.063938|53.654620|-2.071107|-12.159019|-0.184472|-11.858907|10.317812|-25.287431|-101.577960|-29.700960|-19.392895|29.299459|46.971882|-0.009168|nan|-101.636869
1115|-38.672893|-2.929543|-221.570470|-38.673484|54.003107|-3.277427|-16.282512|-0.240755|-19.257811|7.769793|-39.328432|-102.721510|-43.020207|-34.635018|29.299459|46.465600|-0.013435|nan|-101.638161
1116|-46.700824|-3.789654|-242.157037|-45.780858|53.536571|-4.498000|-22.943540|-0.294655|-27.027265|-22.784564|-47.691797|-103.910364|-48.230002|-43.894962|29.299459|32.699290|-0.016195|nan|-101.712855
1117|-33.805843|-4.286475|-270.860259|-32.671748|53.501896|-5.256375|-11.524636|-0.330224|-17.782744|3.895299|-35.129357|-104.904976|-35.225139|-32.465702|29.299459|32.600089|-0.013969|nan|-101.736782
1118|-26.625534|-4.679901|-309.207755|-25.367733|53.639357|-5.759751|-10.995982|-0.353557|-12.167674|-9.651394|-28.272535|-105.848696|-27.689727|-26.673166|33.990273|31.192961|-0.012721|nan|-101.690716
1119|-29.916493|-5.080101|-336.185078|-29.505269|54.281749|-6.276692|-17.868471|-0.383288|-15.179249|-19.784675|-31.900581|-106.841652|-30.541645|-31.647959|33.990273|31.004899|-0.013266|nan|-101.631728
1120|-25.386243|-5.196774|-364.063803|-23.898349|54.565921|-6.624411|-19.242969|-0.399215|-10.447446|-24.715105|-27.680032|-107.947000|-25.089499|-28.398689|33.990273|31.047186|-0.012470|nan|-101.482060
1121|-23.391496|-5.327392|-390.626875|nan|54.868962|-6.832510|-17.868471|-0.413450|-10.412492|-14.025493|-26.010956|-109.027985|-22.974887|-27.861578|33.990273|31.115045|-0.012109|nan|-101.339918
1122|-13.879909|-5.277222|-406.511399|-12.162068|55.193174|-6.727989|-3.912032|-0.423675|-5.111691|-9.257440|-16.738240|-109.793985|-14.793402|-19.419046|33.990273|31.355919|-0.010462|nan|-101.236036
1123|-9.963152|-5.310416|-425.615782|nan|55.689116|-6.521756|-5.709453|-0.430032|-1.573929|-8.869548|-13.062765|-110.191185|-10.775640|-16.093725|33.990273|31.575233|-0.009774|nan|-101.160698
1124|-13.767980|-5.409127|-456.785969|-13.102995|56.087810|-6.568984|-12.370480|-0.421100|0.405842|-17.120589|-17.128394|-110.630048|-14.476211|-20.611688|33.990273|31.621266|-0.010409|nan|-101.069951
1125|-12.281345|-5.543298|-476.567583|-10.262222|55.756684|-6.570815|-10.995983|-0.425564|-2.408541|-25.551122|-15.831162|-110.854039|-12.890252|-19.509786|33.990273|31.839103|-0.010138|nan|-100.966068
1126|-5.715072|-5.516531|-486.468773|-4.856465|55.921327|-6.465863|-1.691690|-0.412033|3.852487|-17.132199|-9.504519|-110.888226|-6.229224|-13.484294|33.990273|32.034705|-0.008997|nan|-100.887900
1127|-17.443009|-5.810005|-495.097722|-16.171357|56.278236|-6.666501|-16.176782|-0.424265|-4.417878|-22.985028|-21.546811|-111.380280|-17.859590|-25.628698|33.990273|31.902934|-0.010992|nan|-100.809990
1128|-15.956694|-6.093469|-478.096690|nan|56.528974|-6.851740|-19.771622|-0.416736|-3.871919|-25.648631|-20.382038|-111.662523|-16.273631|-23.980076|33.990273|31.978560|-0.010721|nan|-100.745172
1129|-17.012748|-6.439534|-460.764466|nan|56.258870|-7.091183|-20.828928|-0.425023|-3.863494|-28.308046|-21.672269|-111.862153|-17.225206|-25.313433|33.990273|32.061436|-0.010885|nan|-100.667517
1330|-35.633903|-7.326978|-440.494631|-33.916402|55.966039|-7.894441|-39.754705|-0.446113|-17.164980|-25.292455|-40.612709|-112.566367|-35.728061|-44.349584|33.990273|31.533610|-0.014059|nan|-100.498663
1331|-48.887404|-8.382115|-426.105138|-47.153865|56.062444|-9.102239|-53.182491|-0.481634|-22.915572|-32.080348|-54.295692|-113.743731|-48.838655|-57.798478|33.990273|30.842724|-0.016505|nan|-100.376107
1332|-41.214002|-9.197428|-414.403094|-38.706182|55.341564|-9.877371|-53.288222|-0.464469|-23.731851|-36.241053|-46.967893|-114.622497|-41.014591|-49.560027|33.712682|30.370447|-0.015165|nan|-100.280689
1333|-28.683180|-9.669751|-399.785485|-25.732147|54.856095|-10.395480|-40.283358|-0.462119|-11.684864|-19.790178|-34.712386|-115.015520|-26.486919|-36.817375|33.712682|30.411784|-0.012991|nan|-100.223159
1334|-37.170221|-10.314585|-382.331380|-34.970067|54.657636|-11.056018|-48.424614|-0.469064|-18.597237|-28.760696|-43.494034|-115.655721|-34.839636|-45.189104|33.712682|30.175443|-0.014425|nan|-100.513840
1335|-50.318839|-11.077171|-378.815588|-47.994577|54.393020|-11.880648|-58.469021|-0.485549|-30.001416|-32.316372|-57.015671|-116.728539|-49.364500|-58.132111|33.712682|29.725013|-0.016930|nan|-101.119191
1336|-54.918158|-11.807755|-379.791820|-52.757009|54.257075|-12.833243|-75.491647|-0.471251|-30.761075|-32.830982|-61.931819|-117.851760|-53.805185|-62.795693|33.712682|29.266543|-0.018504|nan|-101.646620
1337|-77.101269|-13.048902|-382.942749|-74.298299|52.420669|-14.321716|-96.637767|-0.486426|-45.312011|-43.141659|-84.521276|-119.314483|-75.797150|-85.093889|20.000497|14.633496|-0.026128|nan|-102.444153
1338|-73.092605|-13.958633|-404.457751|-69.564689|50.892728|-15.671030|-91.351237|-0.501543|-43.483472|-36.045069|-80.866106|-120.659117|-71.567926|-80.854793|11.362074|5.647027|-0.025407|nan|-103.190605
1339|-56.624820|-14.565007|-441.852458|-52.521079|49.641340|-16.588995|-81.201100|-0.505760|-31.179063|-27.321621|-64.696845|-121.589800|-54.862491|-64.758554|11.362074|5.596660|-0.022543|nan|-103.817393
1340|-69.257935|-15.447622|-469.646984|-65.764479|48.483004|-17.935402|-91.774159|-0.525582|-36.029197|-49.292836|-77.702296|-122.962923|-67.232971|-77.580560|11.362074|5.164012|-0.024671|nan|-104.636218
1341|-63.933105|-16.139479|-485.554042|-59.278949|47.468896|-18.992201|-76.654684|-0.552853|-34.905818|-56.452505|-72.728247|-123.860380|-61.629249|-72.095030|11.362074|5.053281|-0.023712|nan|-105.521897
1342|-63.387211|-16.828581|-519.258270|-59.763236|47.052630|-20.135761|-76.760415|-0.573650|-30.619290|-39.794940|-72.539536|-124.677890|-60.783405|-71.767379|11.362074|4.887607|-0.023571|nan|-106.247865
1343|-65.087060|-17.431874|-567.682992|-59.806701|45.796636|-21.285574|-81.729752|-0.589254|-32.793788|-41.186103|-74.499272|-125.501212|-62.157902|-73.815011|11.362074|4.988672|-0.023812|nan|-106.911160
1344|-54.128570|-17.840585|-622.406835|-48.491049|44.626567|-22.210391|-73.905688|-0.597011|-22.441297|-28.798062|-63.681489|-125.875001|-50.844728|-63.803499|11.362074|5.143036|-0.021871|nan|-107.526524
1345|-51.030206|-18.183750|-709.758869|nan|43.496980|-23.215912|-84.055826|-0.587300|-17.511847|-32.529445|-60.561041|-126.226134|-45.515619|-61.348198|11.362074|5.337201|-0.021275|nan|-108.231171
1346|-42.883050|-18.360879|-790.876629|-36.428451|42.981931|-24.031014|-83.421442|-0.570293|-11.508011|-27.708008|-52.363260|-126.633036|-36.951440|-53.562196|11.362074|5.714004|-0.019807|nan|-108.793670
1347|-39.729009|-18.424596|-851.755578|nan|42.185035|-24.761092|-66.821739|-0.562762|-8.472829|-42.330326|-49.106437|-126.883686|-33.356600|-50.796284|11.362074|6.075153|-0.019192|nan|-109.126184
1348|-33.956388|-18.330126|-929.073735|nan|42.077102|-25.278567|-53.288221|-0.560154|-2.874723|-23.988018|-43.197598|-126.944100|-27.118494|-45.360792|11.362074|6.419800|-0.018123|nan|-109.389484
1349|-36.135898|-18.292843|-1005.303572|nan|41.377960|-25.823414|-58.151829|-0.553748|-5.446412|-20.709399|-45.131465|-126.906783|-28.810184|-47.855096|11.362074|6.593635|-0.018417|nan|-109.606649
1350|-33.052260|-18.245941|-1080.094218|nan|41.158228|-26.205003|-49.904843|-0.550120|-4.971230|-21.877146|-41.680375|-126.357438|-25.215344|-44.861744|11.362074|6.785842|-0.017801|nan|-109.777998
1351|-37.397267|-18.111257|-1152.818494|-29.517232|41.758718|-26.691746|-51.596532|-0.551358|-5.897188|-12.807151|-45.612281|-125.658142|-27.261645|-49.759723|11.362074|6.836279|-0.018460|nan|-109.825733
1352|-29.284600|-17.749950|-1216.739724|-19.835773|42.286996|-27.042418|-33.305138|-0.554484|0.051695|-11.464014|-37.090422|-125.158973|-18.591736|-41.664925|11.362074|7.083079|-0.016971|nan|-109.760749
1353|-29.009594|-17.491803|-1289.105888|nan|42.967162|-27.286645|-28.441531|-0.558231|0.097881|-14.637288|-36.436824|-124.862633|-17.745891|-41.365117|11.362074|16.736509|-0.016828|nan|-109.660522
1354|-26.206180|-17.078456|-1348.687235|nan|43.259150|-27.431085|-28.758723|-0.558150|0.841260|-11.248641|-33.214377|-124.438123|-14.362512|-38.463870|11.362074|16.974383|-0.016248|nan|-109.638468
1355|-26.797576|-16.719858|-1395.083355|-16.984589|43.922382|-27.633463|-27.172764|-0.564050|1.880235|-5.527610|-33.478046|-124.151079|-14.362512|-39.076954|11.362074|17.051276|-0.016250|nan|-109.794494
1356|-25.393610|-16.427824|-1431.136655|nan|44.523538|-27.843164|-18.502855|-0.574066|4.848431|-12.205634|-31.758453|-123.843832|-12.353631|-37.219850|11.362074|17.155368|-0.015906|nan|-109.925909
1357|-26.324772|-16.192576|-1460.478712|nan|45.138544|-28.009040|-30.450413|-0.571570|1.491924|-17.908998|-32.352717|-123.837618|-12.750823|-37.772151|11.362074|17.279471|-0.015962|nan|-110.042212
1358|-31.810543|-15.993453|-1484.603095|nan|45.877330|-28.224048|-33.728061|-0.575546|-2.490997|-13.237763|-37.546768|-124.023360|-17.854430|-43.355716|11.362074|28.577065|-0.016801|nan|-110.152851
1359|-27.259320|-15.673963|-1507.062406|nan|46.528911|-28.341136|-29.498837|-0.578160|1.569117|-4.192749|-32.726141|-123.962625|-12.993631|-38.869623|11.362074|32.095522|-0.015911|nan|-110.250306
1400|-25.992453|-15.120916|-1514.725261|-13.067528|47.453694|-28.411875|-46.098541|-0.569616|2.191583|-5.531843|-31.115684|-123.876692|-11.490480|-37.323868|11.362074|34.473794|-0.015584|nan|-110.413926
1401|-22.508137|-14.327811|-1519.712509|-7.556287|47.800887|-28.348570|-55.085642|-0.544562|3.034389|-20.814735|-27.139582|-123.901768|-7.766987|-32.649785|11.362074|38.312952|-0.014875|nan|-110.654249
1402|-22.717485|-13.825565|-1531.028627|-6.540890|47.703983|-28.153299|-46.838655|-0.541674|-1.584064|-20.443182|-26.825706|-123.688233|-11.504064|-31.635546|11.362074|44.779407|-0.014802|nan|-110.969651
1403|-22.923761|-13.449431|-1544.764566|nan|47.889803|-27.963902|-33.728061|-0.542418|-0.280454|-36.401142|-26.553019|-123.506526|-11.081142|-30.399662|11.362074|49.550890|-0.014729|nan|-111.291492
1404|-22.598604|-13.090107|-1553.332472|nan|48.129996|-27.770009|-41.129203|-0.528469|-0.608535|-25.439391|-25.714796|-123.101209|-10.129567|-29.052993|11.362074|53.344526|-0.014566|nan|-111.301393
1405|-25.446021|-12.841550|-1562.846040|nan|48.721178|-27.724812|-56.354409|-0.543240|-1.869565|-15.506814|-27.888941|-122.301731|-12.349909|-30.878241|11.362074|55.819595|-0.014948|nan|-111.324889
1406|-25.532342|-12.604528|-1582.142410|nan|49.444229|-27.457881|-60.266441|-0.537299|-6.380568|-25.596776|-27.151012|-121.121147|-14.621256|-28.954494|11.362074|56.397916|-0.014857|nan|-111.353800
1407|-18.094491|-12.392438|-1600.025304|0.388551|49.566912|-26.959963|-74.222881|-0.497709|-1.226075|-21.632654|-18.772739|-120.042021|-6.585731|-19.670121|11.362074|37.828439|-0.013473|nan|-111.489808
1408|-11.166466|-12.175231|-1620.475268|nan|49.811426|-26.375272|-62.486784|-0.481686|3.561142|-37.106434|-10.919618|-119.249717|0.841142|-10.280017|20.772098|38.148800|-0.012180|nan|-111.733057
1409|-14.365197|-11.984251|-1643.254738|5.589401|49.696472|-25.744525|-48.424614|-0.469944|-1.562123|-37.342123|-13.187669|-118.254824|-3.802123|-10.719856|20.772098|38.419678|-0.012634|nan|-111.872441
1410|-19.977751|-11.890451|-1656.904910|-0.674554|50.095658|-25.300303|-65.870163|-0.429585|-5.356848|-28.356586|-17.758727|-117.028072|-8.957192|-14.071855|20.772098|38.494857|-0.013508|nan|-111.986110
1411|-20.082394|-11.923184|-1671.547420|0.787196|49.816059|-24.958018|-59.843518|-0.393234|-3.733925|-24.645460|-16.795443|-115.622400|-8.534269|-11.668429|20.772098|38.723983|-0.013435|nan|-112.123273
1412|-20.174889|-11.801491|-1680.110553|nan|50.899865|-24.662738|-58.574752|-0.360426|-4.030659|-3.554680|-15.675704|-113.637990|-8.111347|-10.008797|20.772098|38.762950|-0.013362|nan|-112.374627
1413|-22.691369|-11.679027|-1682.029947|nan|52.187508|-24.343861|-61.958130|-0.334630|-6.679540|14.686439|-17.026709|-111.794669|-10.120228|-10.730492|32.085272|38.806773|-0.013708|nan|-112.537922
1414|-22.753100|-11.518907|-1686.750822|nan|52.924817|-23.962263|-50.222034|-0.310503|-10.656962|1.115314|-16.022034|-110.435899|-12.017306|-8.670385|35.574381|38.853872|-0.013635|nan|-112.677003
1415|-27.856440|-11.206320|-1684.957653|-6.356778|54.077165|-23.487506|-51.385071|-0.299498|-17.228764|-17.722547|-20.073944|-108.950205|-20.589452|-12.261472|37.888560|38.749125|-0.014437|nan|-112.973504
1416|-25.419462|-10.598018|-1684.743343|nan|54.635319|-22.769399|-39.966166|-0.293454|-16.454726|-4.686660|-16.583395|-107.617344|-17.734726|-8.095686|39.894269|38.834710|-0.013945|nan|-113.406894
1417|-20.315305|-9.991574|-1682.787096|3.338227|54.417972|-22.124751|-30.873335|-0.290193|-11.196735|-5.490710|-10.405162|-106.056981|-12.236735|-0.731180|27.643265|26.816938|-0.012998|nan|-113.796074
1418|-25.669541|-9.736871|-1692.764992|-2.680793|55.895746|-21.807030|-29.604567|-0.282166|-10.165385|21.125550|-14.760582|-104.635536|-17.206073|-5.473567|27.643265|26.701194|-0.013853|nan|-114.165283
1419|-25.719638|-9.312363|-1697.011335|nan|56.354032|-21.366793|-30.979065|-0.271451|-15.848537|5.207786|-13.864757|-103.505550|-16.888881|-4.149344|27.643265|26.775786|-0.013799|nan|-114.475029
1420|-25.862708|-8.706816|-1707.237533|nan|56.725904|-21.002648|-27.172764|-0.270371|-13.397420|-3.638329|-13.153343|-102.514498|-16.677420|-3.180852|27.643265|26.844312|-0.013762|nan|-114.655603
1421|-25.997410|-8.031722|-1725.642190|nan|57.049899|-20.672080|-30.767604|-0.266677|-12.865959|-0.935959|-12.485378|-101.800740|-16.465959|-2.042715|27.643265|26.907291|-0.013725|nan|-114.810491
1422|-26.239795|-7.032680|-1742.410368|nan|57.280928|-20.501747|-21.991964|-0.267060|-10.360228|-17.563562|-11.947614|-101.146572|-16.360228|-1.260308|27.643265|26.965192|-0.013049|-7899.074286|-115.053366
1423|-24.263604|-5.979929|-1775.009151|nan|57.403373|-20.361031|-18.820046|-0.258783|-7.634499|-15.220822|-9.175575|-100.643189|-14.034155|2.075773|27.643265|27.018440|-0.012022|-7899.104176|-115.326176
1424|-24.813848|-5.251554|-1805.871070|nan|57.860071|-20.163378|-15.648128|-0.251778|-9.605960|-23.482924|-8.964965|-100.083679|-14.245616|2.540988|27.643265|27.067425|-0.012058|-7899.119121|-115.555780
1425|-30.441816|-4.483748|-1829.491094|-5.359937|59.018962|-20.135747|-20.934658|-0.249611|-10.652146|-21.185480|-13.816045|-99.778724|-19.452146|-2.811658|27.643265|26.958654|-0.012234|7434.436923|-115.792683
1426|-33.217461|-3.810297|-1849.484699|-7.775622|59.318663|-20.249460|-21.357581|-0.262744|-12.843606|-14.351258|-15.779470|-99.337234|-21.643950|-4.474519|27.643265|26.881799|-0.012653|7434.380659|-116.072197
1427|-53.652290|-3.589042|-1863.636250|-27.301309|59.755110|-20.712799|-41.763587|-0.301296|-28.531042|12.197976|-35.495690|-99.616554|-41.732764|-24.787965|27.643265|26.215397|-0.016113|7434.240000|-116.389863
1428|-60.558743|-3.288285|-1871.193016|nan|60.032032|-21.259482|-53.182491|-0.349430|-32.686339|-14.977010|-41.697417|-100.085993|-48.288061|-31.156240|27.643265|25.711791|-0.015318|7434.043077|-116.722801
1429|-64.615122|-3.293446|-1880.566444|-37.963832|60.113550|-21.859746|-51.702263|-0.400290|-33.746566|-5.353633|-45.114566|-100.880276|-49.828632|-34.600709|27.643265|25.187454|-0.015368|7433.775825|-117.227241
1430|-66.007048|-3.364407|-1893.856301|-37.954725|59.309919|-22.062547|-50.856418|-0.461927|-44.244560|-12.903482|-45.838901|-101.662486|-54.325938|-35.060642|27.643265|24.960821|-0.014073|7433.424175|-117.644870
1431|-57.101714|-3.414153|-1898.874220|-28.749642|58.442845|-21.804268|-37.534363|-0.508264|-40.726343|-6.981235|-36.284436|-102.251296|-48.647376|-25.459153|27.643265|24.969398|-0.011979|7433.016264|-117.991355
1432|-43.096559|-3.275519|-1900.303058|-14.744348|57.331669|-21.310691|-22.837809|-0.496288|-25.972712|-4.185173|-21.640787|-102.391308|-34.373745|-10.925237|27.643265|27.102866|-0.009520|2787.217583|-118.038214
1433|-29.280470|-3.027633|-1905.761073|-0.422650|56.178829|-20.746271|-8.352717|-0.475815|-11.430887|14.056758|-7.115173|-101.932074|-20.311575|2.755152|27.643265|27.554536|-0.007098|1858.029011|-117.999195
1434|-36.375604|-2.929017|-1916.988649|-8.349272|55.340046|-20.284291|-14.273631|-0.469996|-17.742687|23.008395|-13.538359|-101.839854|-27.184064|-4.562557|27.643265|27.621830|-0.008283|1857.905934|-118.012116
1435|-45.874988|-3.011486|-1947.247353|-17.657746|54.565571|-19.810379|-25.798266|-0.428765|-28.646980|9.685773|-22.515578|-102.098470|-36.488357|-14.617625|27.643265|27.541952|-0.009886|1857.772308|-118.050752
1436|-39.688616|-2.863481|-1980.434579|-10.254542|53.882743|-19.087813|-18.925777|-0.408278|-25.823144|7.408957|-15.966402|-102.359012|-31.744521|-8.232898|27.643265|27.655760|-0.008794|-1393.223736|-118.106063
1437|-36.191799|-2.796990|-2017.361988|nan|53.429695|-17.937675|-7.295412|-0.415258|-29.668648|-14.736295|-12.224100|-102.516276|-35.669681|-4.972167|27.643265|27.765657|-0.008175|-1393.110330|-118.161375
1438|-35.399720|-2.714388|-2056.002510|nan|52.990297|-16.843727|1.057306|-0.402850|-24.422803|-19.178220|-11.229232|-102.702124|-34.823836|-4.460430|27.643265|27.871198|-0.008030|-1392.994286|-118.341511
1439|-34.577124|-2.670452|-2084.363199|nan|52.548496|-16.014655|-0.740114|-0.390754|-21.256958|-23.895610|-10.296115|-102.878367|-33.977991|-3.948694|27.643265|27.972088|-0.007884|-13464.464177|-118.521647
1440|-31.375448|-2.599731|-2087.311447|-1.794060|51.509518|-14.873231|-2.643265|-0.391977|-26.085729|-19.934287|-7.040423|-102.826482|-30.806073|-0.985885|27.643265|28.221998|-0.007338|-27855.349450|-118.701782
1441|-35.754287|-2.670953|-2074.686922|-6.943409|51.050618|-14.020790|-6.661027|-0.397972|-24.525381|-10.087754|-11.514242|-102.877752|-35.246758|-6.010678|27.643265|28.123805|-0.008104|-27853.503298|-118.806509
1442|-44.749894|-2.849449|-2070.081427|-16.391929|51.626255|-13.378227|-15.330937|-0.410627|-33.697525|1.617635|-20.866996|-103.427932|-44.339590|-15.562619|27.643265|27.908731|-0.009671|-27851.920877|-118.819430
1443|-35.736113|-2.743420|-2077.828553|-6.713002|51.523286|-12.436003|-8.458447|-0.413844|-26.417530|1.321782|-12.240440|-103.891773|-35.458219|-6.839606|27.643265|28.066447|-0.008141|-27850.760438|-118.849026
1444|-29.542051|-2.686787|-2065.592990|-0.419570|51.300540|-11.532230|-2.008881|-0.410425|-21.910886|-13.385567|-6.409544|-104.124138|-29.431575|-0.706756|27.643265|28.359625|-0.007103|-49665.872527|-118.878622
1445|-26.065310|-2.609890|-2049.953986|1.796665|51.096020|-10.702346|-3.383379|-0.395629|-16.232894|-5.577912|-3.352241|-104.097664|-26.153927|2.433205|27.643265|28.447445|-0.006538|-62196.968792|-118.920771
1446|-30.284593|-2.628389|-2033.611237|nan|51.327076|-10.092869|-4.969338|-0.380838|-18.353579|-1.556279|-8.051721|-104.164682|-30.594612|-2.020168|27.643265|28.527675|-0.007304|-62659.701101|-118.953153
1447|-21.581385|-2.474466|-2009.687117|nan|50.846671|-9.351434|8.987101|-0.365458|-11.655475|-3.371316|0.130782|-104.022343|-20.936164|6.711303|29.430699|31.705931|-0.005846|-64515.062860|-118.970504
1448|-30.837594|-2.538266|-1983.860021|-3.438614|50.873534|-8.995954|-5.497991|-0.363242|-16.770541|-1.889684|-9.636609|-104.072477|-30.451918|-2.906428|29.430699|34.375862|-0.007487|-64514.207477|-118.921549
1449|-32.041726|-2.572882|-1973.227021|nan|51.135094|-8.628015|-6.661027|-0.361948|-19.610769|-3.286578|-11.383396|-104.181519|-31.932146|-4.310062|29.430699|34.289830|-0.007742|-64513.718686|-118.872595
1450|-30.802255|-2.567286|-1971.356929|-4.238278|50.683778|-8.296210|-5.497991|-0.351243|-17.699538|3.701469|-10.671484|-104.129979|-30.180571|-3.210465|29.430699|34.233096|-0.007578|-64513.474290|-118.823640
1451|-24.570069|-2.437613|-1957.722751|2.757539|50.623258|-7.740900|0.634384|-0.337663|-14.978968|-2.397494|-4.943728|-104.075135|-24.259657|2.929901|29.430699|34.353764|-0.006558|-64513.596488|-118.814936
1452|-21.917925|-2.362731|-1934.642470|nan|50.919581|-7.296385|3.066188|-0.328063|-10.094274|-9.492073|-2.815884|-104.151886|-19.213584|5.642561|29.430699|34.457719|-0.006157|-64513.963081|-118.890786
1453|-24.750382|-2.510986|-1893.135082|nan|49.827711|-6.923619|2.220343|-0.327195|-12.466192|-24.649745|-6.128932|-104.175155|-21.665502|3.357229|29.430699|34.081295|-0.006703|-64514.451872|-118.957893
1454|-32.757872|-2.774316|-1847.209336|-7.603441|49.687101|-6.805389|-6.343835|-0.319279|-18.338909|-15.423871|-14.675911|-104.417712|-29.378219|-4.942235|29.430699|34.004903|-0.008143|-64514.574070|-119.044272
1455|-40.545512|-3.102230|-1805.437082|-15.754598|49.794702|-6.870409|-19.771622|-0.319279|-25.999476|-31.535780|-23.031089|-104.856389|-35.039476|-12.830239|29.430699|33.799708|-0.009546|-64514.574070|-119.149826
1456|-42.612930|-3.398717|-1781.568370|nan|50.211761|-6.992330|-24.635229|-0.349020|-27.630934|-29.161423|-25.709820|-105.351200|-37.231279|-15.242123|29.430699|33.650185|-0.009966|-64514.207477|-119.212072
1457|-33.886088|-3.564456|-1755.635136|-8.579325|50.286687|-6.900146|-36.371326|-0.319267|-20.637873|-15.623561|-17.448701|-105.596339|-28.878562|-6.741383|29.430699|33.699760|-0.008526|-64513.352093|-119.251091
1458|-24.929447|-3.536073|-1733.703750|-0.001082|49.957533|-6.527486|-34.362445|-0.273318|-15.433695|-9.782094|-8.866094|-105.666232|-20.314384|1.779277|29.430699|33.904258|-0.007050|-64512.252303|-119.278922
1459|-8.971646|-3.227786|-1707.850766|15.200910|48.916984|-5.882645|-22.520618|-0.213299|-3.332675|-0.168268|6.840809|-105.307255|-4.531986|18.322725|29.430699|31.248035|-0.004370|-68224.412303|-119.341538
