900|nan|nan|nan|nan|nan|nan|nan|nan|nan|nan|nan|nan|nan|nan|nan|nan|nan|nan|nan
901|nan|nan|nan|nan|nan|nan|nan|nan|nan|nan|nan|nan|nan|nan|nan|nan|nan|nan|nan
902|nan|nan|nan|nan|nan|nan|nan|nan|nan|nan|nan|nan|nan|nan|nan|nan|nan|nan|nan
903|nan|nan|nan|nan|nan|nan|nan|nan|nan|nan|nan|nan|nan|nan|nan|nan|nan|nan|nan
904|nan|nan|nan|nan|nan|nan|nan|nan|nan|nan|nan|nan|nan|nan|nan|nan|nan|nan|nan
905|nan|nan|nan|nan|nan|nan|nan|nan|nan|nan|nan|nan|nan|nan|nan|nan|nan|nan|nan
906|nan|nan|nan|nan|nan|nan|nan|nan|nan|nan|nan|nan|nan|nan|nan|nan|nan|nan|nan
907|nan|nan|nan|nan|nan|nan|nan|nan|nan|nan|nan|nan|nan|nan|nan|nan|nan|nan|nan
908|nan|nan|nan|nan|nan|nan|nan|nan|nan|nan|nan|nan|nan|nan|nan|nan|nan|nan|nan
909|nan|nan|nan|nan|nan|nan|nan|nan|nan|nan|nan|nan|nan|nan|nan|nan|nan|nan|nan
910|nan|nan|nan|nan|nan|nan|nan|nan|nan|nan|nan|nan|nan|nan|nan|nan|nan|nan|nan
911|nan|nan|nan|nan|nan|nan|nan|nan|nan|nan|nan|nan|nan|nan|nan|nan|nan|nan|nan
912|nan|nan|nan|nan|nan|nan|nan|nan|nan|nan|nan|nan|nan|nan|nan|nan|nan|nan|nan
913|nan|nan|nan|nan|nan|nan|nan|nan|nan|nan|nan|nan|nan|nan|nan|nan|nan|nan|nan
914|nan|nan|nan|nan|nan|nan|nan|nan|nan|nan|nan|nan|nan|nan|nan|nan|nan|nan|nan
915|nan|nan|nan|nan|nan|nan|nan|nan|nan|nan|nan|nan|nan|nan|nan|nan|nan|nan|nan
916|nan|nan|nan|nan|nan|nan|nan|nan|nan|nan|nan|nan|nan|nan|nan|nan|nan|nan|nan
917|nan|nan|nan|nan|nan|nan|nan|nan|nan|nan|nan|nan|nan|nan|nan|nan|nan|nan|nan
918|nan|nan|nan|nan|nan|nan|nan|nan|nan|nan|nan|nan|nan|nan|nan|nan|nan|nan|nan
919|nan|nan|nan|nan|nan|nan|nan|nan|nan|nan|nan|nan|nan|nan|nan|nan|nan|nan|nan
920|nan|nan|nan|nan|nan|nan|nan|nan|nan|nan|nan|nan|nan|nan|nan|nan|nan|nan|nan
921|nan|nan|nan|nan|nan|nan|nan|nan|nan|nan|nan|nan|nan|nan|nan|nan|nan|nan|nan
922|nan|nan|nan|nan|nan|nan|nan|nan|nan|nan|nan|nan|nan|nan|nan|nan|nan|nan|nan
923|nan|nan|nan|nan|nan|nan|nan|nan|nan|nan|nan|nan|nan|nan|nan|nan|nan|nan|nan
924|nan|nan|nan|nan|nan|nan|nan|nan|nan|nan|nan|nan|nan|nan|nan|nan|nan|nan|nan
925|nan|nan|nan|nan|nan|nan|nan|nan|nan|nan|nan|nan|nan|49.021023|nan|60.434230|nan|nan|nan
926|nan|nan|nan|nan|nan|nan|nan|nan|nan|nan|nan|nan|nan|111.093868|nan|61.200736|nan|nan|nan
927|nan|nan|nan|nan|nan|nan|nan|nan|nan|nan|nan|nan|nan|210.747510|nan|62.416564|nan|nan|nan
928|nan|nan|nan|nan|nan|nan|nan|nan|nan|nan|nan|nan|nan|202.650656|nan|62.892030|nan|nan|nan
929|nan|nan|nan|nan|nan|nan|nan|nan|nan|nan|nan|nan|nan|216.150748|61.348824|63.552830|nan|nan|nan
930|nan|nan|nan|nan|nan|nan|nan|nan|nan|nan|nan|nan|nan|263.552552|61.348824|64.350567|nan|nan|nan
931|nan|nan|nan|nan|nan|nan|nan|nan|nan|nan|nan|nan|nan|303.254244|61.348824|65.091974|nan|nan|nan
932|nan|nan|nan|nan|nan|nan|nan|nan|nan|nan|nan|nan|nan|303.894765|61.348824|65.626763|nan|nan|nan
933|nan|nan|nan|nan|nan|nan|nan|nan|nan|nan|nan|nan|nan|282.472375|61.348824|65.686150|nan|nan|nan
934|nan|nan|nan|nan|143.705692|nan|nan|nan|nan|nan|nan|nan|nan|240.698798|61.348824|65.373513|nan|nan|nan
935|nan|nan|nan|nan|141.550331|nan|nan|nan|nan|nan|nan|nan|nan|233.484366|61.348824|65.235540|nan|nan|nan
936|nan|nan|nan|nan|144.906998|nan|nan|nan|nan|144.652883|nan|nan|nan|320.422644|61.348824|66.004854|nan|nan|nan
937|nan|nan|nan|nan|152.344762|nan|nan|nan|nan|196.087710|nan|nan|nan|377.575425|61.348824|66.550638|nan|nan|nan
938|nan|nan|nan|nan|156.530560|nan|nan|nan|nan|166.189391|nan|nan|nan|357.348437|61.348824|67.069217|nan|nan|nan
939|nan|nan|nan|nan|159.625995|nan|nan|nan|nan|157.013747|nan|nan|nan|348.881784|61.348824|67.252717|nan|nan|nan
940|nan|nan|nan|nan|162.396786|nan|nan|nan|nan|158.316014|nan|nan|nan|358.771174|61.348824|92.104135|nan|nan|nan
941|nan|nan|nan|nan|163.609817|nan|nan|nan|nan|126.820976|nan|nan|nan|341.292003|61.348824|125.923037|nan|nan|nan
942|nan|nan|nan|nan|166.328844|nan|nan|nan|nan|167.597058|nan|nan|nan|384.184329|61.348824|126.546618|nan|nan|nan
943|nan|nan|nan|nan|168.085463|nan|nan|nan|nan|154.156033|nan|nan|nan|364.778824|61.348824|126.644801|nan|nan|nan
944|nan|170.660586|nan|nan|170.036968|nan|nan|nan|nan|154.101717|nan|nan|nan|379.411567|61.348824|126.946839|0.057415|nan|nan
945|nan|164.352212|nan|nan|169.715524|nan|nan|nan|nan|109.238478|nan|nan|nan|318.526487|61.348824|126.481449|0.045369|nan|nan
946|nan|156.047102|nan|nan|167.891481|nan|nan|nan|nan|86.040412|nan|nan|nan|286.427295|61.348824|126.037539|0.038811|nan|nan
947|nan|148.690401|nan|nan|165.950203|nan|nan|nan|nan|77.115282|nan|nan|nan|281.133517|61.348824|125.615661|0.037525|nan|nan
948|nan|140.380979|nan|nan|163.072158|nan|nan|nan|nan|63.942920|nan|nan|nan|255.930423|61.348824|100.877586|0.028906|nan|nan
949|nan|129.732587|nan|19.904118|158.968383|nan|nan|nan|nan|21.974373|nan|nan|nan|212.059796|58.205722|62.895699|0.008840|nan|nan
950|nan|119.189913|nan|nan|154.484627|nan|nan|nan|nan|10.501140|nan|nan|nan|196.878258|39.870765|43.849812|0.000255|nan|nan
951|nan|110.484045|nan|nan|150.452285|nan|nan|nan|nan|27.943006|nan|nan|nan|209.145346|39.870765|43.401286|0.001532|nan|nan
952|nan|104.237805|nan|nan|147.537549|nan|nan|nan|nan|55.488057|nan|nan|nan|233.980328|39.870765|43.163023|0.005841|nan|nan
953|nan|99.436280|nan|41.365166|144.883138|nan|nan|nan|nan|69.918863|nan|nan|nan|250.037583|39.870765|43.245654|0.008500|nan|nan
954|nan|95.538849|nan|nan|142.614688|nan|42.176153|nan|nan|68.479738|nan|nan|nan|256.664878|39.870765|43.270255|0.009775|nan|nan
955|nan|91.846188|nan|nan|140.305790|nan|76.252250|nan|nan|53.120597|nan|nan|nan|248.772706|39.870765|43.249240|0.008711|nan|nan
956|nan|88.391204|nan|nan|138.007986|nan|113.959407|nan|nan|53.497743|nan|nan|nan|240.715332|39.870765|43.192843|0.007912|nan|nan
957|nan|83.979131|nan|6.657736|135.356760|nan|154.459686|nan|nan|34.666681|nan|nan|nan|204.782594|39.870765|42.801787|0.002009|nan|nan
958|nan|78.447264|nan|-31.088981|131.983762|nan|91.893737|nan|nan|0.904708|nan|nan|nan|161.574177|19.554962|21.992011|-0.010874|nan|nan
959|nan|74.899352|nan|5.799410|129.205314|nan|130.159518|nan|nan|10.661770|nan|nan|nan|192.253460|19.554962|22.038883|-0.004014|nan|nan
1000|nan|71.900005|nan|nan|128.678389|101.764578|174.570169|0.123987|nan|9.570189|nan|nan|nan|193.921821|19.554962|22.046098|-0.002631|nan|nan
1001|nan|69.554767|nan|23.880255|127.593068|99.712715|213.673888|0.420687|nan|16.687572|nan|nan|nan|199.056848|19.554962|22.176099|-0.000664|nan|nan
1002|nan|66.403291|nan|-5.599798|124.913925|96.931556|177.642604|0.200862|nan|9.956118|nan|-1.522378|nan|162.897019|19.554962|21.938926|-0.005979|nan|nan
1003|nan|62.641191|nan|-32.527934|122.277576|93.504483|121.780150|0.197725|nan|-13.367437|nan|-5.957763|nan|127.920815|19.554962|21.417774|-0.011663|nan|nan
1004|nan|58.582659|nan|-52.445347|119.796991|89.738232|55.024518|0.124527|nan|-15.757738|nan|-10.972933|nan|100.916905|19.554962|20.834829|-0.019160|nan|nan
1005|nan|54.064621|nan|-76.650732|115.792189|85.489282|18.434610|-0.000413|nan|-39.223655|nan|-17.678370|nan|68.567786|19.554962|20.056672|-0.028591|nan|nan
1006|nan|50.210934|nan|-66.072541|110.675454|81.821217|110.886971|-0.012813|nan|-36.216166|nan|-24.895888|nan|70.231934|13.523679|13.719353|-0.026731|nan|nan
1007|nan|46.746246|nan|-62.373647|106.207688|78.406035|167.028738|-0.031607|nan|-37.041160|nan|-31.698335|nan|66.947774|13.523679|13.324157|-0.025776|nan|nan
1008|nan|43.671287|nan|-55.927157|102.008041|75.335126|146.080318|-0.031604|nan|-25.766047|nan|-37.538162|nan|63.184303|13.523679|13.171691|-0.024873|nan|nan
1009|nan|41.134586|nan|nan|99.117105|72.691753|145.521693|-0.030200|nan|-4.658388|nan|-41.672655|nan|67.686018|13.523679|13.056770|-0.022482|nan|nan
1010|nan|38.686466|nan|-47.981842|96.900886|70.059430|148.035504|-0.050563|nan|10.193845|nan|-45.554158|nan|55.814501|13.523679|12.818689|-0.023068|nan|nan
1011|nan|35.959456|nan|-64.993627|92.752251|67.152269|109.769723|-0.088971|nan|-13.325683|nan|-52.254077|nan|29.875994|13.523679|12.487229|-0.026312|nan|nan
1012|nan|33.725297|nan|nan|86.791077|64.671474|160.325243|-0.101578|nan|-28.845457|nan|-60.089462|nan|31.080237|13.523679|12.394449|-0.024239|nan|nan
1013|nan|31.524616|nan|-57.424872|82.018278|62.187131|134.628515|-0.124911|nan|-35.489315|nan|-67.278745|nan|17.130567|13.523679|12.181499|-0.024878|nan|nan
1014|nan|29.164907|nan|nan|76.184938|59.655194|135.187139|-0.191466|nan|-57.876437|nan|-74.402946|nan|-4.220746|-1.485527|-2.824304|-0.027058|nan|nan
1030|nan|27.787080|nan|-31.941764|71.006358|57.970320|107.535224|-0.191466|nan|-40.144242|nan|-80.668571|nan|21.842219|-1.485527|-2.651957|-0.020306|nan|nan
1031|nan|26.787636|nan|-17.396185|66.510222|56.679414|87.704053|-0.191466|nan|-27.250003|nan|-85.920279|nan|27.093290|-1.485527|-2.349693|-0.017541|nan|nan
1032|nan|26.312063|nan|4.370101|61.463036|55.885857|102.786916|-0.191466|nan|-9.978327|nan|-91.671740|nan|40.891317|-1.485527|-1.949532|-0.013394|nan|nan
1033|nan|26.489780|nan|31.393468|57.593228|55.621458|104.742101|-0.223224|nan|11.008790|nan|-95.964444|nan|62.532431|-1.485527|-1.631488|-0.007971|nan|nan
1034|63.560782|26.830807|nan|40.685000|53.412150|55.543643|60.052139|-0.358770|nan|26.557993|nan|-100.374237|nan|66.231140|-1.485527|-1.227503|-0.006483|nan|nan
1035|64.702570|27.124578|nan|nan|50.508214|55.458084|38.545094|-0.482169|nan|16.066629|nan|-102.962242|nan|64.465886|-1.485527|-0.915017|-0.006324|nan|nan
1036|79.359038|27.706671|nan|55.698058|48.654346|55.652192|59.493513|-0.482169|nan|33.289331|nan|-104.190207|nan|77.056669|-1.485527|-0.523851|-0.003612|nan|nan
1037|85.640901|24.476601|nan|60.232666|47.152453|55.908537|87.983365|-0.323673|nan|42.204361|nan|-105.091201|nan|82.452982|-1.485527|-0.229705|-0.002495|nan|nan
1038|90.194659|21.932361|nan|65.747574|46.205211|56.252780|106.138663|-0.223669|nan|30.660602|nan|-105.149176|nan|87.668694|-1.485527|0.139026|-0.001698|nan|nan
1039|62.497081|18.992462|nan|36.823098|46.476138|56.957546|84.910930|-0.233905|nan|14.250256|nan|-104.502092|nan|60.207939|-1.485527|-0.053735|-0.007014|nan|nan
1040|2.748061|14.756717|nan|-22.831238|46.542217|55.838891|19.551859|-0.231556|nan|-10.374582|nan|-104.897934|nan|0.461141|-1.485527|-0.682777|-0.018393|nan|nan
1041|6.259890|11.167124|nan|-18.342087|46.311451|54.168366|18.993235|-0.224479|nan|-5.528292|nan|-105.396388|nan|4.896007|-1.485527|-1.029753|-0.017703|nan|nan
1042|21.914214|7.167022|nan|-2.416735|45.550007|51.643667|3.910372|-0.214910|nan|11.717507|nan|-106.103638|nan|21.620612|-1.485527|-1.152311|-0.014673|nan|nan
1043|2.306059|3.117815|nan|-22.669086|44.832782|49.112925|-52.790020|-0.222850|nan|-9.786649|nan|-107.757474|nan|2.929648|-1.485527|-1.559673|-0.018342|nan|nan
1044|-44.225015|-2.053303|nan|-68.752462|43.269251|45.694627|-62.845261|-0.278361|nan|-57.235210|nan|-110.896135|nan|-42.240732|-1.485527|19.758245|-0.027117|nan|-47.645803
1045|-43.092306|-5.907510|nan|-67.434820|41.921583|41.731070|-53.907269|-0.470565|nan|-56.606175|nan|-113.839289|nan|-39.370016|-1.485527|19.278361|-0.026798|nan|-49.346810
1046|-82.020534|-9.841701|nan|-105.224593|39.935651|36.527691|-81.838495|-0.580298|nan|-85.646414|nan|-117.724326|nan|-75.990227|-5.021414|-7.022843|-0.040074|nan|-51.526306
1047|-152.906961|-15.056405|nan|-175.267610|36.074447|30.196402|-179.877103|-0.708160|nan|-136.954869|-181.164896|-122.688072|nan|-144.620597|-87.628794|-90.710429|-0.066885|nan|-54.630247
1048|-147.018920|-19.440857|nan|nan|33.072649|24.599905|-200.546210|-0.827796|nan|-122.383543|-173.586447|-126.386433|nan|-137.233477|-87.628794|-91.363826|-0.065617|nan|-57.546954
1049|-114.018933|-22.104686|nan|-134.343701|30.436917|20.479219|-186.301285|-0.906543|nan|-95.132927|-138.984772|-130.168631|nan|-104.486908|-87.628794|-91.676123|-0.059187|nan|-59.948751
1050|-95.810869|-23.907404|nan|nan|28.126954|16.925892|-191.887530|-0.967885|nan|-97.254347|-118.980860|-133.613195|nan|-86.543887|-87.628794|-91.872150|-0.055575|nan|-62.001292
1051|-99.156270|-25.888157|nan|nan|25.602014|11.995509|-184.625412|-1.069239|nan|-98.740757|-121.104388|-137.431622|nan|-88.928163|-87.628794|-91.975043|-0.056059|nan|-64.047351
1052|-75.136047|-27.821387|4844.674887|-93.001458|23.066538|6.772079|-154.738999|-1.122512|-54.488775|-84.604546|-96.126406|-139.746574|-66.810299|-63.553334|-87.628794|-91.696281|-0.051327|nan|-65.729159
1053|-52.230455|-29.575585|4672.418393|-68.974182|21.058378|2.434161|-126.249147|-1.179699|-31.307994|-61.988003|-72.401068|-140.600390|-43.068756|-40.654262|-87.628794|-91.276568|-0.046806|nan|-67.051880
1054|-64.238352|-31.784092|4451.230302|-81.011849|19.277564|-1.987508|-124.852585|-1.228211|-40.799341|-71.604579|-83.681731|-141.247375|-54.321246|-52.856724|-87.628794|-91.213269|-0.048939|nan|-68.500370
1055|-60.876418|-33.748248|4137.833296|-75.959281|18.117124|-6.365018|-123.735336|-1.251660|-37.489658|-65.568057|-79.454223|-141.098293|-50.131562|-50.079309|-87.628794|-90.967562|-0.048145|nan|-69.833466
1056|-43.535992|-35.285832|3842.935748|nan|17.774790|-10.087737|-122.618087|-1.253114|-19.813981|-48.188900|-61.179613|-140.727273|-31.976265|-33.595351|-87.628794|-90.736136|-0.044690|nan|-70.898866
1057|-72.871670|-36.879119|3601.919632|-87.150752|16.561578|-15.058743|-140.214760|-1.277593|-37.022691|-85.348374|-89.673075|-141.299984|-60.466116|-64.752995|-87.628794|-90.826297|-0.050127|nan|-72.266302
1058|-59.467916|-37.327047|3393.322202|-72.047232|15.738395|-19.348377|-129.321581|-1.284908|-29.258146|-66.360168|-75.419715|-141.604976|-46.221190|-54.190456|-87.628794|-90.705032|-0.047418|nan|-73.366735
1059|-25.943790|-37.778248|3187.358019|-37.983751|15.176166|-23.154121|-106.417975|-1.246627|4.056882|-40.857700|-41.095766|-141.301265|-11.865781|-22.775844|-87.628794|-90.266219|-0.040874|nan|-74.047126
1100|-27.019405|-38.513510|3019.326886|-39.111276|14.620035|-25.988398|-71.224629|-1.208019|-3.742050|-36.371326|-41.502545|-140.917667|-13.505093|-26.341971|-87.628794|-90.046111|-0.040933|nan|-74.712391
1101|-27.223408|-39.420625|2886.116658|nan|14.247410|-28.250541|-56.141767|-1.171266|-4.383047|-34.098724|-41.150011|-140.028427|-13.506469|-29.503787|-87.628794|-89.845585|-0.040832|nan|-75.318907
1102|-6.719409|-39.362491|2743.177615|-16.177602|14.403203|-30.002710|-13.127676|-1.132284|13.804306|-2.556743|-20.216883|-138.883491|7.241264|-11.444506|-87.628794|-89.055386|-0.036789|nan|-75.664403
1103|-6.575290|-38.826791|2609.030021|-16.487252|14.455229|-31.374229|16.200112|-1.110354|15.683002|0.916068|-19.699246|-137.616191|7.599201|-13.846591|-87.628794|-61.377211|-0.036635|nan|-75.981582
1104|-13.931603|-38.030597|2501.634170|-23.193117|15.794094|-32.045553|17.317361|-1.029017|3.698750|-2.795723|-26.836325|-136.240736|-5.984294|-23.996840|-87.628794|-44.928313|-0.037919|nan|-76.401798
1105|-9.798609|-36.649400|2363.535524|nan|16.385259|-32.262894|22.903607|-0.947398|7.005920|-4.017652|-22.591578|-135.790829|-2.355985|-22.385989|-87.628794|-44.931101|-0.037016|nan|-76.830698
1106|-12.340484|-35.467063|2246.018615|nan|16.747628|-32.623027|35.193346|-0.922385|5.691114|-17.418824|-25.150745|-135.801452|-4.311171|-27.331197|-87.628794|-32.553397|-0.037393|nan|-77.262360
1107|12.796458|-33.906882|2172.560488|6.407637|17.307726|-32.876795|66.755633|-1.005619|29.707842|-1.468063|-0.091636|-135.703487|21.385558|-4.003036|-87.628794|-15.605177|-0.032492|nan|-77.400343
1108|2.749026|-32.666432|2100.412922|-4.178948|17.028357|-33.587138|61.448699|-1.062836|24.290845|-4.434796|-10.302910|-136.676103|11.888940|-16.151555|-87.628794|-15.592403|-0.034308|nan|-77.649224
1109|11.425873|-31.479948|2031.272324|nan|16.875657|-34.255092|42.734777|-1.044790|31.747389|6.757705|-1.722655|-137.628008|21.106245|-9.158374|-87.628794|-15.563953|-0.032550|nan|-77.708044
1110|13.136455|-30.249503|1987.601466|8.364222|16.279767|-34.738319|-14.803550|-1.035148|29.581506|-7.449693|0.065195|-138.508555|23.340744|-8.992013|-87.628794|-13.204305|-0.032124|nan|-77.912358
1111|53.418563|-27.854553|1946.094754|48.875397|16.111103|-34.374752|29.607101|-1.020431|64.359190|24.870923|40.469760|-138.640612|63.800335|31.461734|-87.628794|-12.729092|-0.024338|nan|-78.324431
1112|68.876156|-25.404377|1899.221132|nan|16.474854|-33.262058|61.448700|-1.012369|74.198842|27.991723|56.006867|-138.548088|74.201135|47.610189|-87.628794|-4.352781|-0.021297|nan|-79.440461
1113|76.837494|-22.780890|1858.665809|73.212491|16.692002|-31.306798|50.555521|-0.974804|74.737829|11.761217|64.100361|-138.341327|79.380503|58.044636|-87.628794|18.113906|-0.019695|nan|-80.184073
1114|85.383344|-19.761316|1816.082399|nan|17.301626|-29.851878|13.406989|-0.888110|87.676204|16.600141|72.951103|-137.054258|88.318495|70.646922|-87.628794|24.560507|-0.017988|nan|-80.804351
1115|47.019191|-18.327396|1802.299224|43.543260|18.471543|-29.303466|-22.903606|-0.720503|51.770500|-2.231306|34.992878|-135.161579|50.332027|35.485463|-87.628794|25.175991|-0.025235|nan|-82.246218
1116|-3.638580|-18.202352|1778.357212|-6.620580|19.665828|-29.944852|-111.445596|-0.637896|7.575436|-31.094265|-15.221634|-134.797206|0.055818|-11.822880|-87.628794|38.739656|-0.034826|nan|-84.544630
1117|-24.682209|-18.876356|1790.406545|-27.719680|20.152387|-30.445796|-202.222084|-0.567287|-18.612908|-50.438373|-35.761340|-135.477577|-21.173290|-28.324649|-87.175299|38.404918|-0.038770|nan|-86.955924
1118|-30.626980|-20.305699|1762.724091|-32.076354|20.086260|-30.565475|-201.104835|-0.498970|-29.318773|-54.625800|-41.180849|-135.793033|-31.479536|-28.234987|-59.628515|38.144618|-0.039836|nan|-89.086486
1119|-10.013789|-21.408594|1733.612771|-11.124914|20.923083|-29.938936|-146.359630|-0.414758|-13.491497|-27.882968|-20.007199|-134.194297|-13.171115|-1.342801|-43.149091|38.099383|-0.035838|nan|-90.445695
1120|9.794712|-22.127914|1644.989404|8.992430|21.915864|-28.508880|-107.255912|-0.341006|-0.261014|-9.296273|0.374564|-132.096003|2.539368|25.198172|-43.149091|38.222665|-0.032000|nan|-91.465727
1121|9.234881|-23.163699|1592.346425|nan|23.654590|-27.253573|-110.049035|-0.250499|2.259674|2.635563|0.464053|-128.937019|2.260056|30.402450|-30.790299|40.974179|-0.032052|nan|-93.401057
1122|-32.930932|-25.227242|1547.584712|-34.094787|27.624189|-26.950078|-127.087084|-0.205748|-36.516785|-13.762811|-40.857952|-125.037860|-39.636785|-6.260800|-14.031562|40.592562|-0.040044|nan|-96.400720
1123|-53.027851|-27.655846|1422.007221|-54.238775|31.390594|-27.083170|-123.176712|-0.237014|-52.987193|-13.594623|-60.279403|-121.912178|-59.467956|-20.358381|-14.031562|40.147294|-0.043828|nan|-99.371054
1124|-44.348131|-29.356200|1211.328642|nan|34.283927|-27.186520|-125.411209|-0.225210|-46.208819|-5.780180|-50.988005|-119.519228|-50.529963|-8.135676|-14.031562|39.965271|-0.042123|nan|-102.062992
1125|-56.330203|-30.134470|987.106992|-57.035516|36.675843|-27.467787|-132.952641|-0.249469|-57.699934|-17.471079|-62.511189|-118.046017|-62.821079|-18.375986|-11.866116|40.849709|-0.044363|nan|-104.947345
1126|-41.204648|-30.556315|787.106169|-40.436857|39.227377|-27.125318|-99.435169|-0.270113|-46.098141|-23.988533|-46.931157|-116.078647|-49.778904|-0.909177|-11.866116|40.800740|-0.041433|nan|-107.458366
1127|-39.476524|-31.267864|659.932636|nan|41.500386|-26.917209|-125.969834|-0.264593|-42.382574|-22.625015|-44.783930|-114.718868|-47.823718|2.051533|-3.871190|40.780477|-0.041061|nan|-110.355133
1128|-24.604836|-31.307838|567.204097|-23.402621|43.357330|-26.335043|-96.642045|-0.266723|-31.620473|-16.412522|-29.525029|-113.592052|-34.100855|18.106403|17.984219|40.936721|-0.038184|nan|-112.836035
1129|-30.953359|-30.577292|384.255938|nan|45.355779|-25.719622|-68.431506|-0.316077|-33.925343|-22.765725|-35.532403|-112.302993|-40.245725|12.933539|23.954907|40.921287|-0.039357|nan|-115.509087
1330|-3.494630|-29.247606|100.001120|-2.197431|47.480884|-25.115985|-41.058903|-0.309073|-8.434192|4.536189|-7.736007|-110.323903|-12.593810|41.921289|24.513531|41.233483|-0.034080|nan|-117.160480
1331|15.873660|-26.847109|-178.311330|17.675737|49.278612|-24.388187|-20.948420|-0.295822|11.117286|16.085234|11.961227|-108.303949|6.958049|62.916502|38.502162|41.644038|-0.030349|nan|-118.229699
1332|15.133859|-23.060822|-432.981157|15.851075|51.864168|-24.111545|-0.279312|-0.304930|14.799424|6.491746|11.574888|-105.477825|6.399424|62.679776|38.502162|41.818867|-0.029287|nan|-119.214550
1333|7.137746|-19.515515|-706.765982|9.288769|53.638119|-24.396726|-7.262119|-0.299094|5.457917|0.904976|3.936764|-103.288139|-1.421320|55.305932|38.502162|42.604776|-0.024431|nan|-119.975711
1334|12.687784|-16.576630|-940.833343|nan|54.977892|-24.730981|-7.820744|-0.286977|13.922787|2.069575|10.268456|-101.876625|4.723550|62.022701|38.502162|42.838662|-0.020279|nan|-120.042512
1335|11.238651|-14.077623|-1216.297412|13.326936|56.488852|-25.166599|-3.910371|-0.289717|15.725614|-8.446423|9.646803|-100.495024|3.885614|61.428458|38.502162|42.867157|-0.020439|nan|-120.057482
1336|24.854398|-11.200811|-1451.092814|28.877483|57.668022|-25.499103|8.379368|-0.293282|28.210539|9.759349|24.206675|-98.708838|18.130539|74.982791|41.154077|43.196430|-0.013028|nan|-120.007647
1337|11.912862|-9.122351|-1705.136430|15.591650|58.799230|-26.270129|21.786357|-0.293023|20.241561|11.388657|12.196201|-97.833769|5.840799|60.740627|41.154077|43.141349|-0.014186|nan|-119.912077
1338|47.002097|-6.677253|-1860.617305|51.885251|59.659384|-26.353541|48.041710|-0.408294|52.073151|36.130297|48.351356|-95.976830|43.352770|96.018489|41.154077|43.555945|-0.007365|nan|-119.841271
1339|61.152061|-3.851038|-1957.705629|nan|60.940988|-25.758963|72.062566|-0.562493|61.116702|57.007931|63.677775|-93.526758|60.076321|109.939696|41.154077|44.639827|-0.004541|nan|-119.762456
1340|39.859866|-1.524465|-2048.038920|45.182949|61.806734|-24.597326|53.627956|-0.589273|36.527212|51.865546|43.535350|-91.801567|41.007212|88.513243|42.320464|47.581636|-0.008484|nan|-119.706652
1341|44.295171|0.542118|-2118.379097|51.476959|62.552579|-23.373252|99.435168|-0.576408|41.873306|50.645532|49.091598|-89.897326|46.034833|93.354948|42.320464|49.739369|-0.007524|nan|-119.683655
1342|61.054404|3.497420|-2125.061674|nan|63.305332|-22.149767|132.673329|-0.549057|61.190667|52.112949|66.911657|-88.241767|63.352194|110.410571|42.320464|52.464540|-0.001497|nan|-119.688437
1343|63.326682|6.236123|-2108.407050|71.606917|63.756075|-20.524509|143.845820|-0.534674|58.063409|51.147169|70.223313|-86.243978|66.145317|113.196539|42.320464|59.067090|0.002608|nan|-119.715596
1344|79.620526|8.642448|-2083.736329|88.356899|64.653389|-17.825698|169.542548|-0.504941|68.982145|68.317790|87.451945|-84.048688|79.384053|130.082754|42.320464|60.718085|0.005804|nan|-119.747152
1345|95.974519|11.348904|-2096.935580|105.098255|66.727939|-14.856344|148.314816|-0.415163|83.740882|80.146255|104.628658|-81.434890|96.142789|147.596462|42.320464|61.102648|0.009000|nan|-119.775877
1346|78.043395|13.649910|-2086.262737|86.661709|68.371391|-11.692826|80.441934|-0.360463|64.464972|77.205811|87.424399|-80.475778|72.706116|130.604760|42.320464|61.066401|0.005644|nan|-119.811035
1347|25.553848|14.471657|-2066.285091|34.317614|68.414153|-8.353871|7.541432|-0.299095|10.473195|18.107725|35.546693|-81.424035|14.554722|79.178338|42.320464|60.701904|-0.004318|nan|-119.846194
1348|47.985844|15.797249|-2063.029579|57.567114|68.583701|-4.574662|24.579480|-0.244310|29.175960|32.529177|58.478488|-81.963711|37.179016|103.207604|42.810037|66.999437|-0.000003|nan|-119.898824
1349|36.102966|16.875743|-2049.115191|45.207080|68.429538|-1.684464|33.796785|-0.247646|23.445991|18.571290|46.890077|-83.048708|25.447900|93.700918|42.810037|67.101994|-0.002240|nan|-119.960158
1350|30.687297|17.806166|-1981.951063|40.841125|67.998255|0.859493|48.600335|-0.237305|15.818293|10.220967|41.702209|-83.170264|20.140967|92.337322|42.810037|67.064900|-0.003251|nan|-120.021492
1351|12.478063|18.350390|-1870.951038|21.452347|67.520728|3.082431|30.165725|-0.233132|-0.736240|3.222278|23.626976|-82.380944|1.985669|78.025361|42.810037|63.804192|-0.006712|nan|-120.064501
1352|1.564657|18.177509|-1781.031552|10.563139|67.601679|4.661989|-22.624294|-0.224062|-5.549036|11.132106|12.769154|-81.313851|-8.907509|70.819964|42.810037|62.575828|-0.008789|nan|-120.116214
1353|-1.776820|18.137406|-1680.966013|8.438202|67.883929|5.862807|-45.807212|-0.129186|-8.500783|9.262748|9.519017|-80.197135|-12.259256|71.422666|42.810037|53.543961|-0.009427|nan|-120.167927
1354|8.049670|18.081141|-1611.694122|18.221621|67.882620|7.473549|-27.093290|-0.088546|-4.005618|22.632063|19.431202|-79.420425|-2.483327|85.153043|43.578921|52.250199|-0.007563|nan|-120.222644
1355|11.764572|18.083451|-1568.982855|nan|67.773530|9.070321|-35.193346|-0.019897|2.106207|23.331304|23.219313|-79.115643|1.147733|92.018078|46.441096|52.266927|-0.006871|nan|-120.254915
1356|-4.045451|16.949807|-1471.692017|4.716912|67.703974|10.041154|-35.751971|0.026031|-11.253830|5.982676|7.411641|-79.255447|-14.773067|77.331117|48.396282|52.110326|-0.009905|nan|-120.272124
1357|-32.660420|14.895174|-1365.744389|-23.761600|67.650471|10.906909|-62.565949|0.077583|-39.382613|-19.778091|-21.177479|-79.012094|-41.462231|49.795791|50.930006|51.666349|-0.015388|nan|-120.275306
1358|-26.890219|12.964150|-1238.779470|-17.286821|67.594572|11.713114|-41.896840|0.106357|-33.316366|-0.370340|-15.317097|-78.053610|-34.355985|56.807345|44.624015|45.158715|-0.014324|nan|-120.294398
1359|-14.392774|11.082594|-1142.365712|-5.003553|67.832687|12.222588|-35.751970|0.164425|-18.307008|8.047089|-2.731984|-77.011409|-22.066245|70.024402|44.624015|45.148737|-0.011981|nan|-120.320626
1400|-22.549299|9.751408|-1063.175527|nan|67.801829|12.601067|-16.479424|0.161295|-27.726759|-0.132281|-10.801357|-75.868154|-30.445614|61.846138|43.177243|43.687962|-0.013577|nan|-120.323305
1401|-36.564032|9.137976|-993.036499|-28.498346|68.117299|12.627572|-11.172490|0.124027|-36.690158|-11.140842|-24.840051|-75.589150|-43.170539|47.036187|43.177243|43.363289|-0.016293|nan|-120.352677
1402|-43.874973|8.915591|-926.001734|nan|68.171600|12.200037|-19.272547|0.155190|-41.272353|-18.284498|-32.253600|-75.586054|-50.711971|39.072585|43.177243|43.107496|-0.017730|nan|-120.395961
1403|-36.093255|8.999930|-851.348484|-27.610522|67.964270|11.961515|-19.551859|0.148408|-36.690158|-17.842358|-24.620098|-75.769057|-43.170539|45.872406|43.177243|43.062376|-0.016292|nan|-120.391616
1404|-41.436702|8.530645|-775.398948|-34.384550|68.233767|11.696395|-18.993235|0.125941|-41.476023|-9.194080|-30.073048|-75.927409|-48.756785|37.809550|43.177243|42.874649|-0.017357|nan|-120.398124
1405|-47.336501|7.580144|-742.852641|nan|67.856812|11.268739|-25.976041|0.084633|-46.981274|-10.848798|-36.118267|-77.040825|-54.901655|29.265524|43.177243|42.731602|-0.018529|nan|-120.394866
1406|-72.789276|6.093465|-700.381514|-65.916540|66.976155|10.353159|-37.427845|0.042290|-68.196860|-41.391137|-61.871919|-79.411045|-80.598384|0.597006|34.361616|33.501828|-0.025024|nan|-120.358996
1407|-76.180568|5.412228|-631.784055|nan|65.650658|8.985362|-53.348644|-0.000668|-68.947919|-50.825396|-65.522856|-81.836615|-82.149443|-6.108590|30.730557|29.557468|-0.026455|nan|-120.285991
1408|-65.597335|5.373274|-611.196221|nan|65.202288|7.980284|-7.262119|0.075732|-59.892984|-33.865841|-55.329646|-83.724509|-68.694889|1.164701|30.730557|29.326642|-0.024486|nan|-120.044926
1409|-94.671558|4.531052|-621.893609|-88.883002|63.456101|6.306364|-21.786357|0.170524|-86.580012|-55.259107|-84.914306|-86.575882|-98.022678|-32.329874|1.737322|0.015885|-0.033795|nan|-119.788207
1410|-74.585572|4.368695|-664.478596|-67.737639|61.638827|5.015357|-22.624294|0.144784|-65.948841|-34.819602|-65.309947|-88.802616|-78.111506|-17.805636|1.737322|-0.057902|-0.030017|nan|-119.629285
1411|-28.808078|4.854003|-730.186753|-22.064269|60.844297|3.931772|27.931227|0.119880|-19.702463|2.551409|-20.021146|-90.173469|-32.583606|22.477609|1.737322|0.213403|-0.021338|nan|-119.416405
1412|-6.780026|5.686503|-810.633155|-0.288286|59.636157|2.994424|67.034945|0.091917|0.802751|6.433135|1.634394|-90.595518|-10.797249|40.540764|1.737322|0.597191|-0.017183|nan|-119.139408
1413|-4.606162|6.233716|-898.429684|nan|58.538351|1.932390|71.783254|0.054741|7.639079|10.196271|3.372456|-91.956983|-8.842063|38.475956|1.737322|0.910447|-0.016811|nan|-118.999657
1414|-9.429584|6.767880|-1029.897601|-4.987493|57.239061|0.566354|83.514369|-0.003751|5.251078|7.709126|-1.971447|-93.893787|-13.549684|28.856912|1.737322|1.011059|-0.017771|nan|-118.757491
1415|-0.563929|7.002340|-1171.723039|5.265380|56.052500|0.027471|108.931785|-0.087817|8.629758|3.390632|6.380062|-95.001316|-4.731004|33.944412|1.737322|1.252085|-0.016120|nan|-117.978426
1416|-12.625136|6.543597|-1306.506955|-8.612997|55.194724|0.051429|79.045372|-0.148016|-6.939982|-4.522094|-6.153049|-96.582682|-16.220744|17.369207|1.737322|1.292239|-0.018464|nan|-116.762080
1417|-4.280218|6.253606|-1442.764343|1.094382|53.661124|0.605783|34.914034|-0.156491|-0.360688|-10.158576|1.820814|-98.432721|-8.120688|21.755225|1.737322|1.482714|-0.016920|nan|-115.759875
1418|-2.912855|6.175103|-1492.028167|0.596038|52.906190|1.202898|58.655577|-0.174002|3.077323|-9.666327|2.786046|-100.321334|-6.523439|18.872722|1.737322|1.480655|-0.016707|nan|-114.652152
1419|-0.991640|6.028448|-1495.075710|2.262965|51.730064|1.476621|48.600335|-0.181770|6.913578|-11.090227|4.328188|-102.599497|-2.127565|16.405987|1.737322|1.482084|-0.016389|nan|-113.820893
1420|-12.218293|5.602582|-1491.352619|-9.164294|49.885423|1.167764|31.841599|-0.193409|-0.377844|-13.417787|-7.389407|-105.646150|-11.579368|1.372585|1.737322|1.332375|-0.018574|nan|-113.247066
1421|-10.046701|5.013288|-1464.847941|-5.613871|47.602838|0.959666|15.641487|-0.197702|-0.423420|-12.255416|-5.735914|-108.151099|-9.624182|1.287599|1.737322|1.374081|-0.018202|nan|-112.424119
1422|-8.984397|4.581576|-1393.617131|nan|45.968373|1.460764|5.586246|-0.205124|-5.906245|-4.479859|-5.130656|-109.137112|-8.786245|0.180602|1.737322|1.410954|-0.018042|-247477.380212|-112.348269
1423|-0.922560|3.657300|-1314.787873|nan|44.775164|2.419794|10.055242|-0.206071|-0.485121|2.101164|2.379398|-110.534301|-2.165502|6.692322|1.737322|1.443617|-0.016551|-247480.492297|-112.290796
1424|-12.686283|2.141678|-1208.370172|-10.616498|43.474377|2.972429|7.820744|-0.214866|-8.974786|-16.125929|-9.951405|-111.973113|-14.175929|-7.081517|1.737322|11.149931|-0.018842|-247484.123062|-112.233322
1425|2.654708|1.411373|-1017.769080|6.163859|42.562739|4.034823|26.534666|-0.222437|1.627695|11.600773|4.834031|-112.868242|0.186933|7.330996|1.737322|27.389802|-0.015966|-247487.753828|-112.223506
1426|30.292602|1.160133|-833.292082|33.538514|41.692115|5.402666|37.986469|-0.193913|26.198773|19.461058|32.035608|-112.464791|27.559536|35.495004|1.737322|27.749584|-0.010744|-247492.421955|-112.224911
1427|16.316273|0.145865|-683.778674|17.577974|41.390147|6.366060|-5.027621|-0.224876|15.314610|14.053451|17.624741|-112.167940|13.314610|21.708150|1.737322|27.722875|-0.013461|-247497.608810|-112.226315
1428|16.581511|-0.823288|-567.429354|19.291464|40.867647|7.131640|0.558625|-0.236588|14.834610|9.147291|17.403915|-111.793804|13.314610|22.332889|1.737322|27.856146|-0.013461|-247502.795618|-112.250584
1429|23.277417|-2.024813|-446.375915|nan|40.576358|8.094949|19.272547|-0.215231|19.018411|15.109549|23.550883|-111.527340|19.738792|29.048476|1.737322|27.958949|-0.012235|-247507.982426|-112.283287
1430|22.707547|-3.571023|-351.394264|nan|40.163620|8.572986|10.055241|-0.193210|22.260474|-0.481202|22.377004|-111.395239|18.900855|29.472110|1.737322|28.036738|-0.012395|-229055.040003|-112.325855
1431|47.834273|-4.282402|-273.715075|49.389124|39.947944|9.239209|20.669108|-0.135004|45.117739|20.492691|47.040644|-110.122275|43.759647|56.771442|1.737322|28.401760|-0.007653|-214797.390766|-112.395720
1432|44.756689|-4.071482|-196.944706|44.489354|40.140765|9.774347|9.775929|-0.155247|41.446373|15.721839|43.593047|-108.131981|40.407900|55.741189|1.737322|28.525273|-0.008292|-214804.142408|-112.486306
1433|41.957703|-4.267246|-108.400985|nan|40.448350|10.373039|14.244926|-0.134780|39.973938|21.356981|40.445640|-106.379760|37.335465|54.847389|1.737322|28.612535|-0.008877|-210615.810093|-112.551768
1434|37.764684|-4.395982|-9.965854|nan|40.443114|10.781384|4.189684|-0.105078|35.264560|6.479651|35.882346|-105.158801|32.866469|52.892204|1.737322|28.670450|-0.009728|-174960.002651|-112.688680
1435|34.138926|-4.443775|103.938024|nan|40.574695|11.127050|-5.865558|-0.050100|29.354570|-3.291760|31.923636|-103.845894|29.516097|52.494010|1.737322|28.704759|-0.010473|-174966.234732|-112.861010
1436|32.187334|-4.184125|202.480886|nan|40.389630|11.188402|-33.796785|0.021345|31.200836|8.791599|29.806579|-102.169652|27.281599|52.880842|1.737322|28.720222|-0.010899|-161964.581979|-112.960285
1437|17.674666|-4.049238|270.780510|16.333267|40.860229|11.145383|-52.231394|0.072519|14.398049|9.191557|15.146481|-100.684951|12.478049|39.577168|1.737322|33.499386|-0.013721|-161970.011424|-113.017835
1438|-2.994703|-4.220056|338.567188|-4.641595|41.657694|10.107390|-62.845261|0.102439|1.530009|4.067279|-5.675829|-100.036955|-8.470372|20.050415|1.737322|33.216112|-0.017715|-161975.780210|-113.080327
1439|-23.128848|-4.973986|432.687025|-25.012599|41.939684|8.444052|-112.562846|0.093825|-16.539787|-15.100168|-25.920942|-99.804524|-24.860168|1.332288|11.568494|32.834661|-0.021603|-158204.114271|-113.127103
1440|-28.763102|-5.909840|500.238499|-30.886647|42.641960|7.052987|-98.597231|0.083609|-24.164963|-19.823995|-31.692179|-99.559634|-30.725725|-2.506843|27.747088|32.534887|-0.022722|-158208.422868|-113.173880
1441|-27.998379|-6.530914|563.699623|nan|43.674028|5.610587|-52.510707|0.016529|-21.526720|-3.827512|-31.008565|-98.586570|-30.167101|-0.555863|27.747088|34.724197|-0.022616|-140586.320886|-113.236372
1442|33.373353|-5.290475|629.756609|31.675604|43.661524|5.192126|30.445038|0.054846|29.801143|32.278954|30.357323|-95.797699|31.002287|63.432984|27.747088|31.777356|-0.010952|-111213.336266|-113.326958
1443|31.877378|-4.348263|686.539575|29.576666|44.446888|4.553512|30.724350|0.074548|34.125650|44.287071|28.939597|-93.371288|29.326413|62.497809|27.747088|31.929626|-0.011272|-84356.740219|-113.417544
1444|-9.878920|-4.471397|743.250621|-12.309922|46.311955|2.817336|-16.200112|0.078416|-1.530428|6.679723|-12.671818|-91.329519|-12.570428|21.385252|27.747088|31.736519|-0.019259|-84358.683953|-113.521427
1445|-10.335783|-4.350812|756.240133|-12.278629|47.317510|0.859297|-8.100056|0.078355|-1.769815|8.290472|-12.992428|-89.897087|-12.729052|22.321532|27.747088|31.737474|-0.019365|-82261.415380|-113.631542
1446|2.582428|-3.758465|756.641785|nan|47.981273|-0.591170|-7.541432|0.079917|7.238931|13.320979|0.067612|-89.373729|0.119312|36.453628|27.747088|31.736146|-0.016916|-82262.104611|-113.491016
1447|-25.311000|-3.606583|724.966087|-27.950906|49.041089|-1.745354|-27.372603|0.029652|-20.451534|-16.988757|-27.782643|-90.277365|-23.571915|9.006132|27.747088|31.425360|-0.022241|-82261.759996|-112.867096
1448|-25.035585|-3.507044|684.392868|nan|49.487948|-3.195173|-25.976042|0.030612|-15.852603|-31.210761|-27.406199|-91.217445|-23.292603|10.569176|27.747088|31.338082|-0.022188|-48684.919558|-112.133185
1449|-32.047313|-3.518217|599.588709|-34.956548|50.093251|-4.611339|-31.282974|0.031519|-24.675409|-39.326705|-34.258708|-92.167546|-30.275409|4.470101|27.747088|31.118720|-0.023519|-48683.797801|-111.110651
1450|-24.839934|-3.208666|563.840994|nan|50.696138|-5.744634|-35.472658|0.036353|-17.253290|-35.543485|-26.795244|-93.110528|-23.013290|13.182435|27.747088|31.106479|-0.022134|-21403.455824|-109.181327
1451|-10.104957|-2.139424|517.066205|-11.682030|51.075473|-6.268460|-18.713922|0.043792|-6.449359|-27.312888|-11.786284|-93.276472|-8.209740|27.741295|27.747088|31.256158|-0.019312|-21402.783298|-107.302852
1452|-3.190542|-0.886794|414.684557|nan|51.827192|-6.500619|-10.893178|0.039249|-1.467314|17.499885|-4.684091|-93.465965|-1.226933|34.612377|31.562287|31.376690|-0.017981|-21402.200441|-105.781277
1453|36.968546|0.994639|353.174509|35.112424|51.544178|-5.849098|37.148532|0.078701|34.592890|23.752245|35.809518|-92.556898|38.994034|75.722724|31.562287|31.934569|-0.010312|-21401.976265|-104.614134
1454|42.203621|3.489796|360.636734|39.599621|51.930105|-5.365131|30.445038|0.129653|43.500205|31.945326|41.406099|-91.554997|44.300967|80.931314|31.562287|32.212056|-0.005562|-21401.976265|-103.384586
1455|33.743365|5.452404|360.195345|31.531963|52.566495|-5.159408|37.148532|0.165959|37.041218|30.787895|33.322774|-90.480259|35.921599|72.653603|31.562287|32.267256|-0.000483|-20982.329672|-102.412072
1456|26.677850|6.376902|366.135732|nan|53.364663|-4.814561|57.538328|0.101680|27.819173|28.155087|26.522919|-89.652544|28.938792|65.324449|31.562287|32.302028|-0.001814|-20982.197804|-101.596898
1457|40.010008|7.145947|341.539021|nan|54.222342|-3.720712|56.700391|0.177033|34.825400|32.315781|40.110619|-88.477532|39.225781|78.185091|31.562287|35.826026|0.000741|-20982.153848|-100.796301
1458|12.563353|7.229680|302.873063|nan|54.654371|-3.248748|29.327789|0.177033|11.213179|8.159845|12.885923|-88.316089|11.853179|50.466142|31.562287|35.795926|-0.004476|-20982.285716|-99.863294
1459|39.865780|8.020518|280.652767|38.940945|55.156176|-2.475646|63.124573|0.230746|38.425400|27.058373|40.473990|-87.018972|39.225781|77.692396|31.562287|35.915826|0.000741|-20982.549452|-98.813751
