859|nan|nan|nan|nan|nan|nan|nan|nan|nan|nan|nan|nan|nan|nan|nan|nan|nan|nan|nan
900|nan|nan|nan|nan|nan|nan|nan|nan|nan|nan|nan|nan|nan|nan|nan|nan|nan|nan|nan
901|nan|nan|nan|nan|nan|nan|nan|nan|nan|nan|nan|nan|nan|nan|nan|nan|nan|nan|nan
902|nan|nan|nan|nan|nan|nan|nan|nan|nan|nan|nan|nan|nan|nan|nan|nan|nan|nan|nan
903|nan|nan|nan|nan|nan|nan|nan|nan|nan|nan|nan|nan|nan|nan|nan|nan|nan|nan|nan
904|nan|nan|nan|nan|nan|nan|nan|nan|nan|nan|nan|nan|nan|nan|nan|nan|nan|nan|nan
905|nan|nan|nan|nan|nan|nan|nan|nan|nan|nan|nan|nan|nan|nan|nan|nan|nan|nan|nan
906|nan|nan|nan|nan|nan|nan|nan|nan|nan|nan|nan|nan|nan|nan|nan|nan|nan|nan|nan
907|nan|nan|nan|nan|nan|nan|nan|nan|nan|nan|nan|nan|nan|nan|nan|nan|nan|nan|nan
908|nan|nan|nan|nan|nan|nan|nan|nan|nan|nan|nan|nan|nan|nan|nan|nan|nan|nan|nan
909|nan|nan|nan|nan|nan|nan|nan|nan|nan|nan|nan|nan|nan|nan|nan|nan|nan|nan|nan
910|nan|nan|nan|nan|nan|nan|nan|nan|nan|nan|nan|nan|nan|nan|nan|nan|nan|nan|nan
911|nan|nan|nan|nan|nan|nan|nan|nan|nan|nan|nan|nan|nan|nan|nan|nan|nan|nan|nan
912|nan|nan|nan|nan|nan|nan|nan|nan|nan|nan|nan|nan|nan|nan|nan|nan|nan|nan|nan
913|nan|nan|nan|nan|nan|nan|nan|nan|nan|nan|nan|nan|nan|nan|nan|nan|nan|nan|nan
914|nan|nan|nan|nan|nan|nan|nan|nan|nan|nan|nan|nan|nan|nan|nan|nan|nan|nan|nan
915|nan|nan|nan|nan|nan|nan|nan|nan|nan|nan|nan|nan|nan|nan|nan|nan|nan|nan|nan
916|nan|nan|nan|nan|nan|nan|nan|nan|nan|nan|nan|nan|nan|nan|nan|nan|nan|nan|nan
917|nan|nan|nan|nan|nan|nan|nan|nan|nan|nan|nan|nan|nan|nan|nan|nan|nan|nan|nan
918|nan|nan|nan|nan|nan|nan|nan|nan|nan|nan|nan|nan|nan|nan|nan|nan|nan|nan|nan
919|nan|nan|nan|nan|nan|nan|nan|nan|nan|nan|nan|nan|nan|nan|nan|nan|nan|nan|nan
920|nan|nan|nan|nan|nan|nan|nan|nan|nan|nan|nan|nan|nan|nan|nan|nan|nan|nan|nan
921|nan|nan|nan|nan|nan|nan|nan|nan|nan|nan|nan|nan|nan|nan|nan|nan|nan|nan|nan
922|nan|nan|nan|nan|nan|nan|nan|nan|nan|nan|nan|nan|nan|nan|nan|nan|nan|nan|nan
923|nan|nan|nan|nan|nan|nan|nan|nan|nan|nan|nan|nan|nan|nan|nan|nan|nan|nan|nan
924|nan|nan|nan|nan|nan|nan|nan|nan|nan|nan|nan|nan|nan|100.903654|nan|79.715988|nan|nan|nan
925|nan|nan|nan|nan|nan|nan|nan|nan|nan|nan|nan|nan|nan|91.807276|nan|74.135091|nan|nan|nan
926|nan|nan|nan|nan|nan|nan|nan|nan|nan|nan|nan|nan|nan|117.667609|nan|73.880689|nan|nan|nan
927|nan|nan|nan|nan|nan|nan|nan|nan|nan|nan|nan|nan|nan|111.145707|nan|73.446631|nan|nan|nan
928|nan|nan|nan|nan|nan|nan|nan|nan|nan|nan|nan|nan|nan|87.978369|66.993426|72.723543|nan|nan|nan
929|nan|nan|nan|nan|nan|nan|nan|nan|nan|nan|nan|nan|nan|96.674238|65.399349|70.958413|nan|nan|nan
930|nan|nan|nan|nan|nan|nan|nan|nan|nan|nan|nan|nan|nan|91.687574|65.399349|70.451329|nan|nan|nan
931|nan|nan|nan|nan|nan|nan|nan|nan|nan|nan|nan|nan|nan|77.082343|50.595549|55.345523|nan|nan|nan
932|nan|nan|nan|nan|nan|nan|nan|nan|nan|nan|nan|nan|nan|89.635702|50.595549|55.207271|nan|nan|nan
933|nan|nan|nan|nan|68.389048|nan|nan|nan|nan|nan|nan|nan|nan|73.927424|50.595549|54.890864|nan|nan|nan
934|nan|nan|nan|nan|66.085633|nan|nan|nan|nan|nan|nan|nan|nan|63.412638|42.648755|46.646103|nan|nan|nan
935|nan|nan|nan|nan|63.789487|nan|nan|nan|nan|2.381352|nan|nan|nan|58.122511|38.119657|41.836968|nan|nan|nan
936|nan|nan|nan|nan|61.209769|nan|nan|nan|nan|-15.071509|nan|nan|nan|43.143577|29.614356|32.915101|nan|nan|nan
937|nan|nan|nan|nan|59.308507|nan|nan|nan|nan|-17.224558|nan|nan|nan|43.060410|29.614356|32.550675|nan|nan|nan
938|nan|nan|nan|nan|57.884297|nan|nan|nan|nan|-19.060023|nan|nan|nan|22.714082|29.614356|32.077438|nan|nan|nan
939|nan|nan|nan|nan|57.424559|nan|nan|nan|nan|-24.173178|nan|nan|nan|4.044651|29.614356|31.370968|nan|nan|nan
940|nan|nan|nan|nan|56.053811|nan|nan|nan|nan|-28.986289|nan|nan|nan|1.547083|29.614356|30.952227|nan|nan|nan
941|nan|nan|nan|nan|55.378674|nan|nan|nan|nan|-5.739436|nan|nan|nan|9.616253|29.614356|30.609331|nan|nan|nan
942|nan|nan|nan|nan|55.030708|nan|nan|nan|nan|23.272262|nan|nan|nan|12.226777|29.614356|30.329731|nan|nan|nan
943|nan|-37.178310|nan|nan|55.089630|nan|nan|nan|nan|15.097879|nan|nan|nan|10.254522|29.614356|29.949034|-0.012526|nan|nan
944|nan|-36.700478|nan|nan|54.990036|nan|nan|nan|nan|14.473567|nan|nan|nan|6.076129|29.614356|29.647723|-0.012740|nan|nan
945|nan|-35.975995|nan|nan|54.813090|nan|nan|nan|nan|4.056182|nan|nan|nan|6.659375|29.614356|29.411986|-0.012367|nan|nan
946|nan|-35.107919|nan|nan|54.738721|nan|nan|nan|nan|9.541080|nan|nan|nan|6.102572|29.614356|29.230254|-0.012046|nan|nan
947|nan|-33.010220|nan|nan|54.246608|nan|nan|nan|nan|13.486560|nan|nan|nan|23.669330|29.614356|29.400548|-0.009241|nan|nan
948|nan|-31.015027|nan|-13.541632|54.412165|nan|nan|nan|nan|3.683458|nan|nan|nan|21.714834|29.614356|29.382242|-0.009054|nan|nan
949|nan|-29.184705|nan|nan|54.583752|nan|nan|nan|nan|-4.154224|nan|nan|nan|19.200279|29.614356|29.370691|-0.008974|nan|nan
950|nan|-27.375887|nan|-6.867471|54.378368|nan|nan|nan|nan|-9.904340|nan|nan|nan|21.326618|29.614356|29.518399|-0.008279|nan|nan
951|nan|-25.731734|nan|nan|54.235808|nan|nan|nan|nan|-22.858292|nan|nan|nan|19.964265|29.614356|32.823049|-0.008066|nan|nan
952|nan|-23.952291|nan|nan|54.302659|nan|nan|nan|nan|-16.688518|nan|nan|nan|22.753166|29.614356|32.913804|-0.007211|nan|nan
953|nan|-23.330951|nan|-21.810322|55.111514|nan|42.573524|nan|nan|-26.000438|nan|nan|nan|-1.308504|29.614356|32.521834|-0.010337|nan|nan
954|nan|-24.083898|nan|-50.351933|54.976342|nan|-13.949623|nan|nan|-53.526509|nan|nan|nan|-32.172285|29.614356|31.911309|-0.014758|nan|nan
955|nan|-24.140109|nan|-33.421342|54.304627|nan|-6.703065|nan|nan|-24.101408|nan|nan|nan|-18.516750|29.614356|32.074209|-0.012354|nan|nan
956|nan|-24.126870|nan|-32.113553|53.996126|nan|21.739672|nan|nan|-34.078131|nan|nan|nan|-18.616393|29.614356|31.927237|-0.012007|nan|nan
957|nan|-24.626809|nan|-46.385173|54.030926|nan|0.905819|nan|nan|-16.085195|nan|nan|nan|-35.883118|29.614356|31.517092|-0.014120|nan|nan
958|nan|-24.641089|nan|-33.151574|53.685011|nan|-10.145180|nan|nan|-12.482635|nan|nan|nan|-25.722155|29.614356|31.521630|-0.012330|nan|nan
959|nan|-23.930719|nan|-12.517301|52.836064|-8.859081|18.841049|0.074225|nan|-4.933300|nan|nan|nan|-7.426672|29.614356|31.696164|-0.009337|nan|nan
1000|nan|-23.636907|nan|-24.459711|52.630833|-9.346926|3.079787|0.008385|nan|2.698787|nan|nan|nan|-20.577100|29.614356|31.539871|-0.010942|nan|nan
1001|nan|-22.825628|nan|-8.337756|51.547038|-9.286857|3.804442|0.026041|nan|9.573178|nan|-112.680614|nan|-6.912167|29.614356|31.742415|-0.008670|nan|nan
1002|nan|-21.460035|nan|11.438745|50.658156|-8.690226|35.508131|-0.031100|nan|7.537481|nan|-113.416059|nan|11.855376|29.614356|32.068991|-0.005810|nan|nan
1003|nan|-20.468620|nan|1.730479|50.135383|-8.384723|12.862639|-0.029645|nan|-6.324674|nan|-113.784533|nan|2.681239|29.614356|32.180887|-0.007013|nan|nan
1004|nan|-19.411140|nan|nan|49.376431|-7.931804|7.608885|0.017840|nan|-10.517127|nan|-114.234518|nan|7.050900|29.614356|32.431472|-0.006345|nan|nan
1005|nan|-18.463168|nan|nan|48.475472|-7.513439|2.898623|0.017840|nan|-18.558605|nan|-114.638820|nan|6.471171|29.614356|32.633570|-0.006371|nan|nan
1006|nan|-17.687965|nan|1.765818|48.495931|-7.276361|-15.217770|0.009660|nan|-12.625153|nan|-114.790670|nan|1.224672|32.802501|32.641559|-0.007013|nan|nan
1007|nan|-17.453960|nan|-15.455143|48.259445|-7.486693|-30.797868|0.004337|nan|-38.807870|nan|-115.757003|nan|-16.138074|32.802501|32.497842|-0.009552|nan|nan
1008|nan|-17.192941|nan|nan|48.258940|-7.663535|-48.370770|-0.003102|nan|-32.631766|nan|-116.247016|nan|-15.007612|32.802501|32.391179|-0.009446|nan|nan
1009|nan|-16.590029|nan|0.505059|48.444945|-7.481461|-51.269393|-0.003102|nan|-17.787328|nan|-116.083437|nan|-0.500013|32.802501|32.468567|-0.007441|nan|nan
1010|nan|-16.285464|nan|-9.868092|48.992287|-7.544309|-60.871081|-0.007470|nan|-29.153511|nan|-115.946914|nan|-8.290058|32.970176|39.628488|-0.008724|nan|nan
1011|nan|-15.970748|nan|nan|49.788187|-7.590208|-50.544737|-0.010875|nan|-19.616640|nan|-115.435507|nan|-6.855240|32.970176|39.567143|-0.008671|nan|nan
1012|nan|-15.887100|nan|nan|50.242820|-7.780193|-53.081032|-0.012308|nan|-19.507668|nan|-115.269246|nan|-13.616277|32.970176|39.526926|-0.009794|nan|nan
1013|nan|-15.761944|nan|-15.708482|51.125137|-7.983254|-51.269392|-0.022061|nan|-9.564556|nan|-114.566270|nan|-11.869844|32.970176|39.349841|-0.009580|nan|nan
1014|nan|-15.410593|nan|-3.842521|50.973739|-7.860727|-42.573524|-0.014148|nan|-3.326929|nan|-113.145403|nan|-0.456529|32.970176|39.529488|-0.008083|nan|nan
1030|nan|-14.579449|nan|19.001889|51.459683|-7.259846|-17.029410|-0.062402|nan|23.092928|nan|-111.089782|nan|23.754215|32.970176|39.831792|-0.004688|nan|nan
1031|nan|-13.813532|nan|nan|51.671431|-6.689046|-14.493114|-0.105532|nan|19.071124|nan|-109.415895|nan|24.942654|32.970176|40.072477|-0.004634|nan|nan
1032|nan|-12.988401|nan|23.967265|51.400285|-6.009227|9.420524|-0.105532|nan|15.791787|nan|-107.745099|nan|30.957292|32.970176|40.416031|-0.003912|nan|nan
1033|49.729288|-11.752721|nan|45.599806|51.446413|-4.942412|31.884852|-0.044955|nan|32.320494|nan|-105.554134|nan|54.100722|32.970176|40.835866|-0.000784|nan|nan
1034|46.679362|-10.663747|nan|nan|51.506387|-3.989688|29.710885|-0.010318|nan|24.794318|nan|-103.472521|nan|53.616228|32.970176|41.156467|-0.001185|nan|nan
1035|39.719118|-9.774807|nan|nan|51.437969|-3.208607|27.899245|0.041722|nan|5.082931|nan|-101.687600|nan|49.184433|32.970176|41.396182|-0.002148|nan|nan
1036|46.171245|-8.422204|nan|43.121394|51.094392|-2.309615|36.051622|0.083696|nan|17.229586|nan|-99.769342|nan|57.406177|32.970176|41.722994|-0.001158|nan|nan
1037|51.613768|-7.041058|nan|nan|51.562411|-1.377275|47.464950|0.113656|nan|16.789872|nan|-98.321405|nan|65.128415|32.970176|41.960444|-0.000330|nan|nan
1038|52.717125|-5.285261|nan|nan|51.630379|-1.573777|27.536917|0.155064|nan|-5.373622|nan|-96.846834|nan|68.624872|32.970176|42.125287|-0.000143|nan|nan
1039|54.454627|-3.248022|nan|51.773308|51.378423|-1.243136|0.905820|0.204588|nan|10.208789|nan|-95.239027|nan|72.344431|32.970176|42.385314|0.000124|nan|nan
1040|29.361463|-1.710447|nan|25.635235|51.940694|-1.374258|-7.790049|0.204388|nan|10.273866|nan|-94.436755|nan|48.823154|40.217562|42.101225|-0.003563|nan|nan
1041|18.709944|-0.574982|nan|16.267916|51.762132|-2.055673|-15.942426|0.207472|nan|-17.717199|nan|-93.951174|nan|40.794994|40.217562|42.010892|-0.005113|nan|nan
1042|13.463489|0.299156|nan|9.493853|51.691698|-2.772420|-35.326967|0.210028|nan|-4.231989|nan|-93.745586|nan|36.902568|40.217562|41.765273|-0.005861|nan|nan
1043|3.688618|0.939128|nan|-0.091696|51.126509|-3.309447|-32.790671|0.202241|nan|0.650462|nan|-93.204137|nan|28.623901|40.217562|41.401270|-0.007277|nan|-98.101549
1044|3.108700|1.611111|nan|nan|51.344755|-3.978400|-12.862639|0.207164|nan|7.676550|nan|-91.924025|nan|29.870309|40.217562|41.102957|-0.007331|nan|-98.134253
1045|-10.528086|1.924215|nan|-13.849739|52.092686|-4.825789|-37.138606|0.195808|nan|15.146278|nan|-91.439186|nan|17.930057|40.217562|40.705636|-0.009308|nan|-98.338715
1046|2.292516|2.464841|nan|0.407189|52.079743|-5.074550|-8.695869|0.193448|nan|12.238095|3.635931|-90.668334|nan|32.868310|40.217562|40.697223|-0.007384|nan|-98.357378
1047|0.784001|2.593794|nan|-2.075347|52.121072|-5.601049|9.420524|0.201245|nan|16.942410|1.447079|-89.579880|nan|33.208897|40.217562|42.524353|-0.007571|nan|-98.437721
1048|-0.722366|2.641069|nan|nan|52.502162|-5.893056|0.000000|0.202177|nan|22.638705|-0.123158|-88.910013|nan|33.692343|40.217562|42.390921|-0.007758|nan|-98.535383
1049|-1.669768|2.639569|nan|-2.454914|52.389565|-5.966870|3.804442|0.190714|nan|14.928335|-1.250094|-88.804815|nan|33.719255|39.596192|39.823417|-0.007864|nan|-98.600682
1050|-2.976056|2.549213|nan|-5.138659|52.144021|-6.037333|2.536295|0.183780|nan|2.356070|-2.704416|-88.510107|nan|32.534968|39.596192|39.703983|-0.008025|nan|-98.679622
1051|-30.375156|1.895785|27.222261|-31.895646|52.339374|-6.428746|-28.986229|0.192364|-20.162524|-4.588000|-29.977561|-89.386777|-23.682524|5.203028|39.596192|39.301729|-0.012032|nan|-99.094738
1052|-26.606400|1.260341|27.377080|-26.778443|52.104680|-6.694169|-42.211196|0.218972|-19.217213|-18.676411|-25.928332|-90.603441|-21.136918|9.077862|39.596192|39.144873|-0.011444|nan|-99.481228
1053|-31.706769|0.861859|8.125729|-33.172865|52.168691|-6.772875|-46.377967|0.280986|-24.348639|-28.820010|-30.741029|-91.695302|-28.588344|3.775456|39.596192|38.873854|-0.012166|nan|-99.896538
1054|-18.829289|1.317939|8.012648|-19.015197|52.126132|-6.223921|-19.746869|0.267354|-19.944836|-23.354716|-17.726447|-92.508097|-20.424541|16.829604|37.758316|37.140535|-0.009682|nan|-100.142849
1055|7.497511|2.056965|6.116673|7.474368|52.007079|-5.108839|-1.992804|0.275592|3.544803|-8.947765|8.796978|-92.536880|6.025393|42.973108|35.636822|35.415710|-0.005781|nan|-100.134125
1056|2.329020|2.563182|2.513188|nan|51.787832|-4.320335|-6.703066|0.279066|-0.007492|3.629708|3.829847|-92.577990|0.952803|37.151025|35.636822|35.574304|-0.006529|nan|-100.125402
1057|1.893204|3.327104|-1.982959|nan|51.561570|-3.631089|-14.674279|0.290879|-1.249525|2.617380|3.608476|-92.142104|0.110475|36.272117|35.636822|35.698917|-0.004818|nan|-100.125402
1058|6.736946|4.027770|-7.821279|nan|51.449655|-2.874344|-8.333540|0.290079|1.002197|16.830235|8.727535|-91.552756|2.441902|39.370546|35.636822|35.795513|-0.003815|nan|-100.067853
1059|11.427665|4.420597|-49.654975|11.892236|51.151689|-1.967734|6.521902|0.298133|2.912164|25.342878|13.547098|-91.217038|6.192164|42.740195|35.636822|36.022929|-0.003120|nan|-99.994462
1100|15.778925|5.034119|-85.144114|nan|50.745412|-1.048481|33.877655|0.341304|6.540098|19.600336|17.914828|-90.544089|9.660098|45.921433|35.636822|36.195986|-0.002479|nan|-99.935939
1101|-1.422932|5.055087|-126.017661|-1.932416|50.666814|-0.576884|17.029410|0.372503|-7.309591|5.028499|0.643314|-90.357669|-8.350475|27.258451|35.636822|36.016845|-0.005017|nan|-99.846698
1102|4.199850|4.860959|-149.087471|nan|50.559287|-0.266003|27.536917|0.356103|-0.333805|14.484073|6.141446|-89.756510|-2.734394|31.584644|35.636822|36.026274|-0.004189|nan|-99.725194
1103|-7.570791|4.530878|-138.180872|-8.381840|50.007804|-0.230343|36.957442|0.318362|-12.589165|1.346062|-5.814616|-89.526434|-14.510049|18.325519|35.636822|35.875183|-0.005926|nan|-99.588281
1104|-5.574388|4.223708|-133.853961|nan|50.191009|-0.162325|36.232786|0.294792|-11.316067|15.622198|-4.064332|-89.510644|-12.677246|18.905244|35.636822|35.754350|-0.005632|nan|-99.455347
1105|-4.490759|3.948578|-130.138220|nan|50.237744|-0.147179|30.797868|0.254259|-8.389967|21.874353|-3.259516|-90.152317|-11.590262|18.341053|35.636822|35.658581|-0.005472|nan|-99.369164
1106|4.926293|3.928606|-120.586655|5.275122|49.861209|0.062084|46.921458|0.215090|-0.809443|8.360262|5.857887|-90.530274|-2.169738|27.015165|35.636822|35.737368|-0.004082|nan|-99.311690
1107|13.805218|4.412519|-105.652422|14.136095|49.595765|0.372200|61.414573|0.212284|6.387000|17.137295|14.444308|-90.808362|6.707295|34.479120|30.253962|30.568702|-0.002773|nan|-99.278987
1108|-4.123679|4.510436|-85.923160|-4.617440|49.732163|0.557779|44.747491|0.165376|-10.827639|3.286041|-3.870853|-92.173357|-14.587934|14.797479|30.253962|30.270738|-0.005418|nan|-99.259994
1109|-8.265016|4.342464|-86.781690|-7.964296|49.351595|1.221673|42.392360|0.118345|-20.034705|-7.806372|-8.461871|-93.566828|-21.874705|9.550962|30.253962|30.191656|-0.006033|nan|-99.709466
1110|4.628822|4.575954|-81.158935|4.887442|49.037824|1.888980|30.254376|0.111614|-2.532656|1.852564|4.119083|-94.428049|-9.012066|21.087477|30.253962|30.284472|-0.004136|nan|-99.961082
1111|17.537092|5.045469|-89.071004|nan|48.822963|2.780440|32.609507|0.129663|6.970278|-1.576179|16.736128|-95.072771|3.850573|32.935590|30.253962|30.510452|-0.002239|nan|-100.342177
1112|29.928017|5.920491|-94.543466|30.029545|48.666569|4.154237|39.856065|0.144607|13.608836|13.228439|28.903054|-95.522351|16.169721|44.149644|30.253962|30.837768|-0.000422|nan|-100.519981
1113|46.140329|7.040434|-98.682711|46.162512|48.562348|5.623584|46.377967|0.185455|32.212131|16.924251|44.989451|-95.560479|32.293311|60.313084|30.253962|31.240360|0.001956|nan|-100.508569
1114|65.994289|8.403229|-92.353193|65.652070|49.242114|7.159243|65.762507|0.243482|49.958705|28.977164|64.786150|-95.095467|52.040179|81.739701|30.253962|31.850830|0.004867|nan|-100.528322
1115|89.323068|9.725598|-76.495725|88.838243|49.988051|9.319755|75.545359|0.327962|65.066802|42.974950|88.244393|-93.262855|75.229162|107.839626|30.253962|32.616441|0.008286|nan|-100.553736
1116|75.704058|10.704602|-150.969780|74.556864|51.531455|10.817521|74.820704|0.365934|59.298343|47.729038|74.702984|-91.553674|61.460704|97.163803|30.253962|32.878783|0.006255|nan|-100.625628
1117|71.331924|11.552345|-199.381399|70.826915|52.482540|11.933724|69.023457|0.407712|54.529244|31.690456|70.473369|-89.839821|56.931605|96.422011|30.253962|33.206472|0.005587|nan|-100.687730
1118|79.836420|12.110993|-223.995098|79.156479|53.268578|13.336088|76.088851|0.450336|58.782194|31.006688|79.201511|-87.661688|65.265146|108.284626|30.253962|33.581323|0.006815|nan|-100.762157
1119|88.356125|12.854322|-263.009908|87.238486|54.032754|14.862860|83.697736|0.509951|65.275737|36.133687|88.007019|-85.266649|75.278687|120.434460|30.253962|34.142422|0.008043|nan|-100.825397
1120|106.131320|14.063024|-281.572874|105.078185|55.484083|16.676881|100.183654|0.593793|81.088935|57.612591|106.181148|-82.023493|92.851588|141.661254|30.253962|34.688505|0.010632|nan|-100.888637
1121|101.096661|15.018041|-257.359763|nan|57.247689|18.410363|67.755310|0.639931|73.994885|63.647279|101.496588|-79.310597|87.597834|140.229225|30.253962|35.062552|0.009857|nan|-100.951877
1122|109.126879|16.006389|-221.121728|107.628258|58.851121|20.558819|79.530965|0.687582|78.424639|59.852783|109.972099|-76.352910|98.187883|152.035856|30.253962|39.074925|0.011003|nan|-101.016113
1123|99.416345|16.735998|-154.383380|96.810885|60.427901|22.416072|64.675523|0.689007|70.860918|62.607530|100.725929|-73.687709|88.223867|146.000512|30.253962|39.163476|0.009534|nan|-101.106404
1124|85.726963|17.192822|-86.587199|nan|62.057568|23.775869|63.769703|0.750443|59.391591|55.451862|87.456862|-71.389490|74.274244|135.884318|30.253962|39.170081|0.007478|nan|-101.191717
1125|50.835454|17.367424|-37.089540|47.806853|63.158379|24.445591|55.073835|0.763037|31.126968|45.367341|52.833875|-70.042976|42.728442|104.040884|30.253962|38.497219|0.002301|nan|-101.250240
1126|38.224655|17.649379|37.301072|35.449688|63.647253|24.968463|37.138606|0.773193|16.983443|27.362469|40.501991|-68.296838|29.865803|94.909185|30.253962|58.723322|0.000406|nan|-101.336594
1127|21.799518|17.644879|131.528575|18.170479|64.383459|25.240457|20.109196|0.747936|5.037247|23.988204|24.255347|-67.156979|13.198721|81.830186|30.253962|61.656563|-0.002049|nan|-101.446176
1128|27.111558|17.976026|250.025640|24.170367|64.788564|25.659924|30.073213|0.759368|7.229246|30.119128|29.750746|-65.739509|18.271311|90.633715|30.253962|69.484885|-0.001302|nan|-101.578116
1129|27.707056|18.294827|378.098762|24.536671|65.447853|25.991113|35.145803|0.738987|10.471279|34.905306|30.507534|-64.700352|18.633639|94.798413|30.253962|62.488420|-0.001249|nan|-101.710057
1330|45.510258|19.210894|513.075131|41.691700|66.262584|26.349469|57.066638|0.727552|26.843590|46.914142|48.435497|-63.888700|36.206540|116.173682|30.253962|62.593601|0.001339|nan|-101.815044
1331|41.023861|19.791077|657.386259|36.461511|66.882543|26.556045|35.145803|0.739404|25.093919|42.153658|44.118052|-63.057462|31.496278|115.051503|30.253962|62.486811|0.000646|nan|-101.904500
1332|32.542439|20.199771|804.589078|nan|67.262299|26.537031|32.066015|0.750928|19.118345|44.300071|35.803544|-62.442140|23.040409|109.545156|30.253962|59.393481|-0.000635|nan|-101.974596
1333|32.196215|20.636707|914.563269|nan|67.484168|26.157759|19.746869|0.758609|21.293967|41.905749|35.633141|-61.984513|22.736918|111.704631|30.253962|58.725970|-0.000715|nan|-102.062121
1334|31.497446|21.109400|999.677968|27.265046|67.746892|25.866207|20.833852|0.767533|19.268148|27.153180|35.150830|-61.681867|21.831098|112.310230|30.253962|50.703292|-0.000848|nan|-102.149646
1335|39.872076|21.723599|1060.881124|nan|68.115584|25.812055|30.073213|0.781154|28.460821|16.745840|43.780172|-61.247829|29.983475|121.562094|30.253962|50.692315|0.000352|nan|-102.201300
1336|61.301087|23.263768|1127.540488|56.188331|68.110877|26.211939|60.689917|0.810423|44.536117|32.519050|65.618195|-59.749786|51.179655|144.396949|30.253962|51.267970|0.003472|nan|-102.264540
1337|51.754288|24.466324|1196.102801|45.856273|68.484514|26.198370|59.784097|0.807309|39.474149|30.568370|56.471410|-58.683240|41.396802|135.724041|33.877240|51.371934|0.002032|nan|-102.301372
1338|51.818443|25.774689|1281.104247|46.693951|68.623525|26.195422|41.667704|0.834206|37.772986|29.045539|57.090272|-57.279530|45.455638|136.046840|33.877240|51.567784|0.003904|nan|-102.338203
1339|48.255004|26.779956|1358.682431|nan|68.622244|26.071651|33.696491|0.831261|36.689135|33.088469|54.133530|-56.052854|43.811196|131.990577|33.877240|51.679240|0.004976|nan|-102.356727
1340|32.743538|26.977679|1405.903385|26.050567|68.942354|25.970069|30.797868|0.851160|19.569051|34.668518|39.154544|-55.309817|28.209934|114.424935|33.877240|51.415767|0.002657|nan|-102.360215
1341|30.471344|27.240305|1451.221909|24.679521|69.254941|26.059002|41.124212|0.839278|17.831872|31.527925|37.363076|-54.906787|27.593639|110.459260|48.059669|51.324106|0.002284|nan|-102.346670
1342|10.817181|27.087427|1494.905063|3.621704|69.961671|25.784876|33.515327|0.820062|0.624723|10.615018|18.040593|-55.306846|8.385606|89.226846|48.059669|50.906188|-0.000648|nan|-102.320930
1343|-3.215237|26.601217|1542.181823|nan|69.699145|25.395451|35.326967|0.780462|-12.806638|0.994111|4.288850|-55.578006|-7.526344|73.360516|48.059669|50.392234|-0.002753|nan|-102.290502
1344|1.248888|26.170950|1611.101987|-5.421598|69.791759|25.164182|59.240605|0.750956|-9.919574|20.432630|8.963015|-55.595983|-3.359574|76.222906|43.840426|45.897802|-0.002140|nan|-102.255883
1345|2.102685|25.646237|1662.626205|-6.501994|70.376641|25.126232|82.973080|0.691982|-8.815494|29.093057|9.786213|-55.939517|-4.736082|74.449320|43.840426|45.504667|-0.002060|nan|-102.210109
1346|-1.389258|25.375654|1737.485337|nan|70.970920|24.832952|65.400180|0.662084|-8.139936|36.465082|6.202164|-56.753542|-8.540524|68.186487|43.840426|45.177908|-0.002620|nan|-101.916744
1347|0.202895|25.064178|1839.468348|nan|71.018843|24.605318|62.139228|0.627698|-8.551495|29.051055|7.573456|-57.863191|-7.272377|67.012544|43.840426|44.906860|-0.002433|nan|-101.491943
1348|1.624298|24.991503|1905.677898|-6.247895|70.636041|24.492653|71.559753|0.600638|-8.985099|31.229706|8.647462|-59.366058|-6.185393|65.380261|42.934607|43.930560|-0.002273|nan|-100.745323
1349|-14.714818|24.547073|1966.649498|-24.030880|70.383145|23.959019|63.226212|0.544774|-17.091299|19.523585|-8.293520|-61.891241|-22.852475|45.363461|42.934607|43.402185|-0.006725|nan|-99.993617
1350|-22.901046|23.994660|2021.482839|nan|69.290643|23.341956|72.284408|0.489247|-27.447180|-0.120665|-17.327678|-65.292944|-31.367180|33.647586|42.934607|42.983957|-0.009277|nan|-99.460690
1351|-22.381419|23.294126|2047.252133|-32.824625|68.105961|23.216874|67.211818|0.391907|-30.945722|-13.932683|-17.676332|-68.280894|-35.586016|30.205459|42.934607|42.656709|-0.009272|nan|-98.683998
1352|-18.051488|22.523502|2055.052047|-27.342075|66.985452|23.178139|78.987474|0.326160|-26.800998|-10.763742|-14.285719|-71.003807|-31.600409|29.558707|42.934607|42.558242|-0.008685|nan|-97.706012
1353|-9.183983|22.179688|2075.210264|-20.286093|66.119853|23.379721|77.538162|0.272323|-20.365999|-16.716347|-6.399731|-73.698729|-23.805705|33.851767|42.934607|42.485787|-0.007432|nan|-96.475498
1354|-9.201712|21.958720|2073.907662|-19.214398|65.157486|23.426659|63.226212|0.203412|-18.488326|-17.828673|-7.408112|-76.615890|-24.168032|28.982081|42.934607|42.588352|-0.007485|nan|-95.140512
1355|-17.029611|21.307617|2052.104180|nan|63.651343|22.843417|19.928033|0.182983|-20.479821|-28.206215|-16.189487|-80.227048|-32.320409|16.121516|42.934607|42.518714|-0.008685|nan|-93.697854
1356|-2.764192|20.747464|2040.610942|-13.408220|62.272549|22.642793|21.015016|0.178171|-10.530787|-14.047454|-2.918459|-83.285880|-18.370787|25.077236|42.934607|42.623090|-0.006633|nan|-92.178255
1357|-10.974128|19.752924|2005.627419|-23.345839|60.851562|22.250033|-4.166770|0.170030|-17.045197|-22.720491|-12.105991|-86.791752|-26.885491|12.538619|42.934607|42.554455|-0.007885|nan|-90.618588
1358|-18.656899|18.311215|1961.355770|nan|59.684373|21.597150|-7.065393|0.147331|-23.096116|-26.441063|-20.801785|-90.224166|-34.856704|0.533147|42.934607|42.351499|-0.009057|nan|-89.434944
1359|-8.422388|16.755703|1922.243268|-19.961481|58.775507|21.104499|3.260951|0.138858|-13.452100|-26.698984|-11.528698|-92.978225|-24.892688|8.154451|42.934607|42.353725|-0.007592|nan|-88.517977
1400|10.679267|15.125335|1906.258639|-1.440568|57.723568|20.966947|39.674901|0.128530|0.988361|-12.861639|6.811796|-94.198119|-6.051639|25.406430|42.934607|42.670029|-0.004820|nan|-87.829514
1401|12.752090|13.714977|1898.301621|-0.853537|57.690578|21.073309|36.776278|0.115454|0.561469|3.506610|8.164461|-94.987782|-4.240000|24.693169|42.934607|42.766369|-0.004554|nan|-87.041609
1402|10.296336|12.415802|1874.946262|nan|57.630463|21.034450|25.362950|0.104672|-0.636577|17.049208|5.069297|-95.392405|-6.957459|19.188905|42.934607|42.843607|-0.004954|nan|-86.217116
1403|-4.843594|10.666971|1852.345783|-18.473014|58.020971|20.820161|9.420525|0.093201|-14.194630|9.867582|-10.747750|-96.397231|-19.476393|1.550784|42.934607|46.582304|-0.007220|nan|-85.206373
1404|-1.866402|8.926059|1844.774780|-14.707193|58.216909|20.688646|11.232164|0.082954|-13.557465|12.901707|-8.464139|-97.345763|-16.758934|2.029057|42.934607|46.547775|-0.006820|nan|-84.274619
1405|13.618111|7.131647|1836.777598|0.530743|58.291207|20.850280|34.602311|0.069167|-0.260576|15.678451|6.284801|-98.392671|-1.621164|15.040974|42.934607|46.679053|-0.004582|nan|-83.710273
1406|19.863257|5.560967|1818.613702|6.479919|58.277331|20.945920|61.776901|0.038930|7.718128|10.522245|11.637578|-99.145745|4.357246|19.412088|42.934607|46.784435|-0.003702|nan|-83.186777
1407|29.547336|4.056252|1800.528889|16.084088|58.204427|21.096942|61.414572|0.018392|17.137770|19.192769|20.471294|-99.404155|13.777770|27.102136|42.934607|51.603140|-0.002316|nan|-82.719647
1408|16.586219|2.432541|1777.462578|1.606697|58.781411|21.198907|48.008441|-0.006130|1.593097|2.133828|6.568488|-100.003526|-1.767197|12.496694|42.934607|51.479936|-0.004262|nan|-83.197149
1409|13.033198|1.086939|1756.182815|nan|59.492790|21.312082|40.399557|-0.036308|-0.291051|-1.942517|2.015787|-100.693252|-5.571639|7.061777|42.934607|55.101181|-0.004822|nan|-83.741242
1410|14.004377|0.337079|1726.498205|-0.444409|59.276804|21.281967|25.362950|-0.064288|0.353016|2.827508|2.044881|-101.589469|-4.846984|6.072623|42.934607|48.876682|-0.004715|nan|-83.997648
1411|19.125198|0.002597|1657.018389|3.162867|59.715347|21.057425|27.718082|-0.077656|9.164737|4.753993|6.127542|-102.943090|0.044443|9.724889|42.934607|48.785950|-0.003996|nan|-84.097823
1412|15.343963|-0.137003|1593.613531|0.473272|58.951064|20.620092|3.804442|-0.083472|5.018836|-20.056164|1.449813|-104.130766|-3.941164|4.840700|33.152169|33.109585|-0.004582|nan|-84.182414
1413|11.718081|-0.456581|1554.022580|-4.655654|59.190139|19.789018|-14.311950|-0.075311|5.214982|-20.118939|-3.100740|-105.420233|-7.745606|-0.376812|33.152169|33.022229|-0.005142|nan|-84.223562
1414|16.211695|-0.635361|1513.398958|nan|59.635226|18.705768|-5.797246|-0.072326|13.402034|-11.504339|0.476672|-106.453726|-3.397672|3.188502|33.152169|32.955536|-0.004502|nan|-84.223562
1415|7.069220|-1.342107|1476.609002|nan|59.463311|17.085937|-14.493115|-0.070628|8.082673|-28.973553|-9.429155|-107.280378|-12.637033|-5.398694|33.152169|32.905771|-0.005862|nan|-84.192720
1416|20.006819|-1.746252|1423.992395|4.693259|59.125164|15.967741|-5.434918|-0.072544|14.705017|-13.346969|2.851459|-107.663525|0.225606|7.913231|33.152169|33.023664|-0.003969|nan|-84.163202
1417|15.164166|-2.106927|1365.391191|-1.598336|59.441573|14.780790|-9.058197|-0.077761|13.734180|-12.928645|-2.519810|-107.627428|-4.665820|3.405873|33.152169|32.963421|-0.004689|nan|-84.133683
1418|19.530833|-2.366996|1335.142700|4.154757|58.962169|13.585321|-3.623278|-0.087347|18.001821|-9.139044|1.457428|-107.097245|1.602115|7.804542|33.152169|33.072446|-0.004049|nan|-84.092977
1419|14.980586|-2.697711|1321.919998|-1.774307|59.549832|12.112927|-24.819459|-0.080355|19.313310|-5.143143|-3.300816|-106.845074|-0.926984|3.659511|33.152169|33.004700|-0.004715|nan|-84.073323
1420|14.554681|-3.204831|1310.381774|nan|59.752831|10.345263|-33.696491|-0.080355|20.870689|-1.057644|-3.735240|-106.664051|0.790689|3.739224|33.152169|32.953531|-0.004769|nan|-84.088977
1421|1.583724|-4.295573|1304.791552|-14.979888|60.657552|8.399496|-46.377967|-0.051848|10.008637|-13.470285|-16.675417|-106.721691|-10.071951|-9.014709|33.152169|32.762069|-0.006661|-105489.098901|-84.062921
1422|-15.610352|-5.593393|1304.339396|-31.650602|61.058415|5.944893|-59.421769|-0.094346|-1.180477|-12.583027|-33.841176|-107.301900|-25.101360|-26.068745|33.152169|32.309449|-0.009273|-82106.565276|-84.036952
1423|-19.442934|-6.876237|1308.389919|nan|61.697685|3.630164|-54.530344|-0.164751|-6.964050|-23.279495|-37.630766|-108.009234|-24.484639|-28.567369|33.152169|31.965896|-0.010366|-79386.521321|-84.010982
1424|-14.070189|-7.980751|1312.096906|-28.696175|61.310498|1.726284|-49.276589|-0.181676|-3.507968|-30.167397|-32.052872|-108.075610|-18.468557|-22.026631|33.152169|31.865444|-0.009539|-46760.940662|-83.948736
1425|-16.861566|-8.900628|1311.708801|-32.542201|61.662513|0.326918|-59.965261|-0.200859|-12.283381|-10.562802|-34.535086|-107.965819|-21.004852|-24.731036|33.152169|31.648366|-0.009913|-46759.579777|-84.070273
1426|-6.438604|-9.501707|1317.844284|-20.863419|61.157946|-0.546886|-35.326967|-0.200886|-4.075592|4.504874|-23.718127|-107.599290|-8.316180|-13.904679|33.152169|31.804302|-0.008340|-46758.067691|-84.289481
1427|3.443950|-9.593218|1320.406154|nan|61.188517|-0.975143|-33.696491|-0.199906|1.749588|5.862735|-13.380910|-107.105206|-0.891000|-3.421815|33.152169|35.565329|-0.006848|-46756.631209|-84.461266
1428|12.235961|-9.245261|1323.779481|nan|60.659834|-1.284623|-32.609507|-0.181365|10.246903|9.686182|-4.072942|-106.605844|8.167197|5.792903|33.152169|35.841086|-0.005514|-46755.270331|-84.621458
1429|11.963380|-8.969072|1342.784289|-2.333812|60.829268|-1.668339|-22.645491|-0.181219|13.767491|0.640530|-3.882078|-106.108060|8.167197|5.934930|33.152169|35.913682|-0.005515|-46753.833849|-84.852185
1430|16.570090|-8.638729|1338.568647|nan|60.387103|-2.210900|1.086984|-0.175121|20.018917|0.867464|1.054716|-105.208672|13.058623|10.942301|33.152169|36.134428|-0.004795|-46752.246151|-85.008621
1431|34.222322|-7.905153|1335.507876|21.171383|59.317241|-2.280404|20.833852|-0.124778|31.233558|13.063200|19.045813|-104.188961|30.993852|29.878995|20.833852|20.680528|-0.002155|-46750.734065|-85.003430
1432|25.423001|-7.432958|1324.375783|11.993486|58.988145|-2.490221|9.601688|-0.126810|25.839735|-0.747520|10.503243|-103.172503|22.479147|20.988933|20.833852|20.755572|-0.003408|-46749.221978|-84.972185
1433|12.093117|-7.172461|1282.206454|-1.394488|58.682780|-2.971833|-18.841049|-0.123575|14.075638|-2.901467|-2.528430|-102.328267|9.435344|7.769773|20.833852|20.661267|-0.005328|-46747.709892|-84.953988
1434|20.863907|-6.502042|1256.825704|9.030874|57.614873|-3.175449|-7.065393|-0.113057|20.173247|-1.847618|6.587473|-101.494476|18.493541|17.852613|20.833852|20.897343|-0.003995|-46746.500223|-84.935791
1435|29.271170|-5.529368|1243.105448|nan|57.087919|-3.389331|16.848246|-0.117836|27.749410|-2.847401|15.332558|-100.971659|27.189410|26.773126|20.833852|21.080982|-0.002715|-46745.668568|-84.961846
1436|33.129201|-4.502691|1233.700070|21.543820|55.643488|-3.849844|26.993426|-0.093212|36.955591|0.619368|19.569812|-100.369147|31.356180|31.179032|20.833852|21.375338|-0.002102|-30982.443954|-84.957380
1437|54.014299|-3.112504|1219.284297|43.018723|55.282746|-3.765891|57.610130|-0.026280|51.271772|17.076451|40.844612|-99.097206|53.912360|53.690767|20.833852|21.752687|0.001017|-30982.744613|-85.002194
1438|52.064274|-1.989948|1205.256503|nan|54.484342|-3.740379|42.754687|0.013427|50.841001|23.764059|39.408063|-97.427859|52.681884|53.004417|20.833852|22.036548|0.000777|-16850.646155|-85.035852
1439|63.341078|-0.605913|1229.493301|52.670975|53.997646|-3.379481|50.544737|0.062479|57.634905|26.764710|51.308256|-95.540245|64.276376|66.423740|20.833852|22.551721|0.002483|56533.394287|-85.065371
1440|78.068029|1.164747|1239.051303|68.091630|53.982182|-2.499183|66.305998|0.118424|66.111216|37.674392|66.674716|-93.717076|78.672982|83.589021|20.833852|23.087620|0.004696|56536.319998|-85.120368
1441|57.824914|2.245597|1247.303796|47.221913|54.394633|-2.125538|51.269393|0.162423|53.704362|35.276282|47.142372|-92.638588|58.744950|65.414663|20.833852|23.017983|0.001763|63063.412751|-85.149886
1442|55.524812|3.493994|1263.332770|46.186671|54.750377|-1.411970|45.290983|0.185879|44.990970|24.818986|45.489968|-91.890830|53.552147|65.958156|20.833852|23.091590|0.001470|109280.916922|-85.179405
1443|57.764028|4.903802|1287.248039|47.319735|54.552313|-0.439184|44.022836|0.228100|44.647559|15.214395|48.451060|-90.665646|53.288442|71.141857|20.833852|23.122363|0.001843|109289.221985|-85.220111
1444|55.299053|6.078629|1305.204211|nan|54.076623|0.464512|46.196803|0.258936|41.913004|28.265427|46.770341|-89.378871|51.114475|71.504185|20.833852|23.273161|0.001523|109298.057141|-85.239765
1445|52.839570|6.862737|1336.331909|42.952280|54.562341|1.242876|34.783474|0.280792|39.019330|26.316459|45.006510|-88.160816|47.740507|71.866512|20.833852|23.208231|0.001203|113114.148576|-85.259420
1446|36.800937|7.260758|1385.326109|27.211093|54.306795|1.757094|31.884851|0.288598|24.378067|15.587751|29.610487|-87.543464|31.179245|58.530434|20.833852|23.337900|-0.001115|113124.571423|-85.295290
1447|7.535181|7.146341|1451.503328|-1.464598|54.948358|1.661369|-1.992804|0.278421|-1.328162|-0.195318|0.849879|-87.634043|1.393016|31.969389|20.833852|22.823139|-0.005379|113135.177143|-85.344124
1448|5.254553|7.301240|1520.402137|nan|54.692647|1.540674|0.362328|0.276621|-2.040965|-11.907168|-1.018023|-87.683957|-0.599787|32.735103|20.833852|22.401824|-0.005672|113145.417149|-85.392958
1449|7.520911|7.483914|1553.736280|0.231781|54.060277|1.819295|-1.630476|0.276980|-8.304670|1.015129|1.676346|-87.777064|-3.743492|37.918805|20.833852|22.212327|-0.005298|113154.925711|-85.636118
1450|-3.609027|7.119878|1572.243085|-12.212849|53.699783|2.016211|-12.862639|0.268746|-17.734506|1.827100|-9.078777|-87.952553|-15.333328|28.587659|20.833852|21.898446|-0.006897|113163.154291|-87.031041
1451|20.781239|7.156885|1576.041148|13.502810|53.660843|2.806502|-1.086984|0.283247|0.423495|1.422483|15.734382|-87.793220|8.584967|55.550274|20.833852|36.357521|-0.003273|113170.651427|-88.107613
1452|31.410795|7.186492|1555.585606|nan|53.184446|3.698886|-7.246557|0.324041|13.133331|17.539919|26.892620|-87.160890|19.454803|68.042049|20.833852|36.509262|-0.001674|113176.868563|-89.099909
1453|20.120177|7.204783|1507.549825|12.231532|53.737206|4.199665|-21.920836|0.381439|4.322920|13.746184|16.156755|-86.968158|8.403803|58.582193|20.833852|36.461366|-0.003299|113181.440004|-90.080872
1454|17.891529|7.282723|1456.918332|11.871581|52.991877|4.729274|-18.297557|0.413179|2.009528|12.311715|14.433984|-86.679670|6.411000|58.393782|20.833852|36.565800|-0.003592|113184.914286|-90.903791
1455|37.606177|7.778304|1379.874101|31.358004|51.992771|5.826633|-0.905820|0.446948|16.017266|22.417435|34.693669|-85.836822|26.339032|79.873603|20.833852|32.473667|-0.000662|113188.205711|-91.145699
1456|70.203788|8.751425|1291.657418|63.933749|51.313567|7.371564|42.573524|0.498354|44.967645|44.333471|67.902109|-83.721653|59.129704|114.424566|20.833852|33.211217|0.004160|113191.497137|-91.207223
1457|70.578954|9.795357|1196.905700|nan|51.113632|9.008208|53.262196|0.536816|43.910547|43.499218|68.992179|-81.119683|59.673196|116.507232|20.833852|33.760875|0.004239|113194.788579|-91.268747
1458|83.305172|11.155812|1071.138933|77.891254|51.375764|10.994326|75.183032|0.575452|53.252597|50.828216|82.465167|-78.075892|71.095835|131.832641|20.833852|34.311118|0.006129|113198.628575|-91.339400
1459|95.697927|12.670453|977.942736|90.316850|52.631639|13.020680|87.683343|0.629922|66.233204|57.750858|95.664168|-74.865434|83.596146|147.094220|20.833852|34.855307|0.007966|113203.199999|-91.415006
