859|nan|nan|nan|nan|nan|nan|nan|nan|nan|nan|nan|nan|nan|nan|nan|nan|nan|nan|nan
900|nan|nan|nan|nan|nan|nan|nan|nan|nan|nan|nan|nan|nan|nan|nan|nan|nan|nan|nan
901|nan|nan|nan|nan|nan|nan|nan|nan|nan|nan|nan|nan|nan|nan|nan|nan|nan|nan|nan
902|nan|nan|nan|nan|nan|nan|nan|nan|nan|nan|nan|nan|nan|nan|nan|nan|nan|nan|nan
903|nan|nan|nan|nan|nan|nan|nan|nan|nan|nan|nan|nan|nan|nan|nan|nan|nan|nan|nan
904|nan|nan|nan|nan|nan|nan|nan|nan|nan|nan|nan|nan|nan|nan|nan|nan|nan|nan|nan
905|nan|nan|nan|nan|nan|nan|nan|nan|nan|nan|nan|nan|nan|nan|nan|nan|nan|nan|nan
906|nan|nan|nan|nan|nan|nan|nan|nan|nan|nan|nan|nan|nan|nan|nan|nan|nan|nan|nan
907|nan|nan|nan|nan|nan|nan|nan|nan|nan|nan|nan|nan|nan|nan|nan|nan|nan|nan|nan
908|nan|nan|nan|nan|nan|nan|nan|nan|nan|nan|nan|nan|nan|nan|nan|nan|nan|nan|nan
909|nan|nan|nan|nan|nan|nan|nan|nan|nan|nan|nan|nan|nan|nan|nan|nan|nan|nan|nan
910|nan|nan|nan|nan|nan|nan|nan|nan|nan|nan|nan|nan|nan|nan|nan|nan|nan|nan|nan
911|nan|nan|nan|nan|nan|nan|nan|nan|nan|nan|nan|nan|nan|nan|nan|nan|nan|nan|nan
912|nan|nan|nan|nan|nan|nan|nan|nan|nan|nan|nan|nan|nan|nan|nan|nan|nan|nan|nan
913|nan|nan|nan|nan|nan|nan|nan|nan|nan|nan|nan|nan|nan|nan|nan|nan|nan|nan|nan
914|nan|nan|nan|nan|nan|nan|nan|nan|nan|nan|nan|nan|nan|nan|nan|nan|nan|nan|nan
915|nan|nan|nan|nan|nan|nan|nan|nan|nan|nan|nan|nan|nan|nan|nan|nan|nan|nan|nan
916|nan|nan|nan|nan|nan|nan|nan|nan|nan|nan|nan|nan|nan|nan|nan|nan|nan|nan|nan
917|nan|nan|nan|nan|nan|nan|nan|nan|nan|nan|nan|nan|nan|nan|nan|nan|nan|nan|nan
918|nan|nan|nan|nan|nan|nan|nan|nan|nan|nan|nan|nan|nan|nan|nan|nan|nan|nan|nan
919|nan|nan|nan|nan|nan|nan|nan|nan|nan|nan|nan|nan|nan|nan|nan|nan|nan|nan|nan
920|nan|nan|nan|nan|nan|nan|nan|nan|nan|nan|nan|nan|nan|nan|nan|nan|nan|nan|nan
921|nan|nan|nan|nan|nan|nan|nan|nan|nan|nan|nan|nan|nan|nan|nan|nan|nan|nan|nan
922|nan|nan|nan|nan|nan|nan|nan|nan|nan|nan|nan|nan|nan|nan|nan|nan|nan|nan|nan
923|nan|nan|nan|nan|nan|nan|nan|nan|nan|nan|nan|nan|nan|nan|nan|nan|nan|nan|nan
924|nan|nan|nan|nan|nan|nan|nan|nan|nan|nan|nan|nan|nan|-30.585192|nan|59.307255|nan|nan|nan
925|nan|nan|nan|nan|nan|nan|nan|nan|nan|nan|nan|nan|nan|-20.592710|nan|59.553408|nan|nan|nan
926|nan|nan|nan|nan|nan|nan|nan|nan|nan|nan|nan|nan|nan|-19.646871|nan|59.751952|nan|nan|nan
927|nan|nan|nan|nan|nan|nan|nan|nan|nan|nan|nan|nan|nan|-13.368677|nan|52.655323|nan|nan|nan
928|nan|nan|nan|nan|nan|nan|nan|nan|nan|nan|nan|nan|nan|-13.121752|52.880011|49.551321|nan|nan|nan
929|nan|nan|nan|nan|nan|nan|nan|nan|nan|nan|nan|nan|nan|-18.032156|52.880011|49.534149|nan|nan|nan
930|nan|nan|nan|nan|nan|nan|nan|nan|nan|nan|nan|nan|nan|-20.508756|52.880011|49.560333|nan|nan|nan
931|nan|nan|nan|nan|nan|nan|nan|nan|nan|nan|nan|nan|nan|-25.428133|52.880011|49.466224|nan|nan|nan
932|nan|nan|nan|nan|nan|nan|nan|nan|nan|nan|nan|nan|nan|-16.250736|52.065471|48.926271|nan|nan|nan
933|nan|nan|nan|nan|58.259996|nan|nan|nan|nan|nan|nan|nan|nan|-9.832160|52.065471|49.177892|nan|nan|nan
934|nan|nan|nan|nan|57.575126|nan|nan|nan|nan|nan|nan|nan|nan|4.818940|51.423848|49.074666|nan|nan|nan
935|nan|nan|nan|nan|58.120082|nan|nan|nan|nan|-12.579417|nan|nan|nan|1.921273|51.423848|49.215297|nan|nan|nan
936|nan|nan|nan|nan|57.346327|nan|nan|nan|nan|-11.171244|nan|nan|nan|5.477955|48.620422|46.701697|nan|nan|nan
937|nan|nan|nan|nan|54.993227|nan|nan|nan|nan|-14.815663|nan|nan|nan|11.332093|25.193808|23.678008|nan|nan|nan
938|nan|nan|nan|nan|53.083540|nan|nan|nan|nan|-10.657249|nan|nan|nan|14.222661|25.193808|24.010658|nan|nan|nan
939|nan|nan|nan|nan|51.905987|nan|nan|nan|nan|-4.568791|nan|nan|nan|26.612626|25.193808|24.592173|nan|nan|nan
940|nan|nan|nan|nan|50.578450|nan|nan|nan|nan|-8.832523|nan|nan|nan|33.981768|25.193808|25.207340|nan|nan|nan
941|nan|nan|nan|nan|49.509747|nan|nan|nan|nan|-15.103057|nan|nan|nan|27.134062|25.193808|25.533819|nan|nan|nan
942|nan|nan|nan|nan|48.193781|nan|nan|nan|nan|-9.491797|nan|nan|nan|31.704566|25.193808|25.938643|nan|nan|nan
943|nan|18.413871|nan|nan|47.674843|nan|nan|nan|nan|-6.912696|nan|nan|nan|47.316518|25.193808|26.707561|0.004296|nan|nan
944|nan|19.599507|nan|nan|47.410719|nan|nan|nan|nan|-0.751091|nan|nan|nan|53.605242|25.193808|27.290221|0.005010|nan|nan
945|nan|19.946477|nan|nan|47.618356|nan|nan|nan|nan|-14.642370|nan|nan|nan|45.777226|25.193808|27.412815|0.003534|nan|nan
946|nan|19.120906|nan|nan|47.952398|nan|nan|nan|nan|-9.675693|nan|nan|nan|31.091651|25.193808|27.174616|0.000941|nan|nan
947|nan|18.452092|nan|nan|47.638915|nan|nan|nan|nan|3.758678|nan|nan|nan|35.879680|25.193808|27.272818|0.001469|nan|nan
948|nan|17.672516|nan|18.743630|47.595231|nan|nan|nan|nan|6.276006|nan|nan|nan|34.572501|25.193808|27.171070|0.000926|nan|nan
949|nan|17.370987|nan|27.097085|47.144386|nan|nan|nan|nan|14.791936|nan|nan|nan|44.712360|25.193808|27.375891|0.002199|nan|nan
950|nan|17.665718|nan|39.215935|46.819657|nan|nan|nan|nan|25.728041|nan|nan|nan|59.221091|25.193808|27.817739|0.004185|nan|nan
951|nan|18.205903|nan|46.398103|47.006666|nan|nan|nan|nan|30.240564|nan|nan|nan|68.117645|25.193808|28.285644|0.005318|nan|nan
952|nan|18.305126|nan|36.271375|47.368143|nan|nan|nan|nan|23.603001|nan|nan|nan|60.815864|25.193808|28.879555|0.003796|nan|nan
953|nan|18.177848|nan|29.140817|47.734966|nan|16.672464|nan|nan|31.145753|nan|nan|nan|55.834201|25.193808|28.705413|0.002679|nan|nan
954|nan|17.963081|nan|30.256185|47.610268|nan|12.977998|nan|nan|35.286573|nan|nan|nan|57.864079|25.193808|28.842310|0.002663|nan|nan
955|nan|17.825162|nan|nan|47.552996|nan|23.303559|nan|nan|17.953750|nan|nan|nan|61.883285|25.193808|28.912835|0.002973|nan|nan
956|nan|17.701922|nan|30.083469|47.475784|nan|22.545719|nan|nan|6.512098|nan|nan|nan|63.012465|25.193808|28.930686|0.002833|nan|nan
957|nan|17.342716|nan|22.605747|47.402962|nan|19.514361|nan|nan|7.572063|nan|nan|nan|57.629598|25.193808|38.886275|0.001607|nan|nan
958|nan|16.515069|nan|8.684675|47.288765|nan|5.020685|nan|nan|-6.122217|nan|nan|nan|45.473925|25.193808|38.558561|-0.000673|nan|nan
959|nan|16.107702|nan|19.343329|46.558381|14.792194|9.283531|0.075342|nan|2.062140|nan|nan|nan|56.856608|25.193808|38.578818|0.000925|nan|nan
1000|nan|15.689696|nan|nan|45.842277|14.926854|6.157444|0.066944|nan|18.684544|nan|nan|nan|58.118474|25.193808|38.562933|0.000925|nan|nan
1001|nan|14.965405|nan|7.366635|45.312437|14.639907|-10.515020|0.039748|nan|6.940414|nan|-80.602407|nan|47.886864|25.193808|38.211313|-0.000936|nan|nan
1002|nan|14.104597|nan|-1.459912|45.162159|14.104139|-10.325560|0.031400|nan|6.150328|nan|-80.790396|nan|39.915222|25.193808|37.755469|-0.002331|nan|nan
1003|nan|13.272731|nan|-1.561347|44.781843|13.630259|-5.494335|0.025961|nan|-0.441578|nan|-80.940947|nan|39.319036|25.193808|37.531307|-0.002548|nan|nan
1004|nan|12.663384|nan|4.428633|44.167995|13.380662|13.546377|0.023210|nan|7.864359|nan|-80.742404|nan|45.529528|25.193808|38.713812|-0.001572|nan|nan
1005|nan|12.051097|nan|nan|43.605734|13.119787|9.188801|0.021291|nan|19.606726|nan|-80.470157|nan|44.447158|25.193808|37.810739|-0.001711|nan|nan
1006|nan|11.526986|nan|nan|42.994849|12.894279|12.693808|0.019900|nan|23.999399|nan|-80.034027|nan|45.443659|25.193808|37.753058|-0.001525|nan|nan
1007|nan|11.101977|nan|nan|42.737163|12.704499|17.998683|0.019651|nan|21.383307|nan|-79.784574|nan|46.201498|25.766536|37.690453|-0.001323|nan|nan
1008|nan|10.533630|nan|-2.741822|42.463747|12.308859|12.693808|0.015084|nan|12.506126|nan|-79.885067|nan|37.835040|25.766536|37.470899|-0.002517|nan|nan
1009|nan|9.927513|nan|nan|42.275712|11.843476|19.040712|0.006054|nan|23.551356|nan|-80.470795|nan|32.136175|25.766536|37.285200|-0.003245|nan|nan
1010|nan|9.338694|nan|-9.403460|42.003738|11.303579|22.166799|0.006054|nan|21.264826|nan|-81.007298|nan|28.161395|25.766536|36.974296|-0.003617|nan|nan
1011|nan|8.856466|nan|-6.217962|41.879420|10.893317|15.725165|0.007594|nan|12.368133|nan|-81.571891|nan|28.790271|25.766536|36.876971|-0.003323|nan|nan
1012|nan|8.432695|nan|nan|42.481139|10.543808|20.745851|0.011129|nan|-0.752504|nan|-82.174882|nan|29.388878|35.899474|36.793770|-0.003013|nan|nan
1013|nan|8.071946|nan|-2.617230|42.709152|10.301867|36.281556|0.009146|nan|3.652635|nan|-82.784524|nan|29.339690|34.184453|34.790925|-0.002734|nan|nan
1014|nan|7.823457|nan|nan|43.185558|10.147740|44.901978|0.009487|nan|5.642547|nan|-83.544318|nan|32.489877|34.184453|34.848312|-0.002036|nan|nan
1030|nan|7.161974|nan|-19.646487|44.315852|9.394049|15.535705|-0.010273|nan|6.513701|nan|-84.971705|nan|9.601954|34.184453|34.269895|-0.006216|nan|nan
1031|nan|6.253752|nan|-39.011778|45.228848|8.183602|-19.419632|-0.042962|nan|5.541576|nan|-86.644043|nan|-11.669153|34.184453|33.355563|-0.012534|nan|nan
1032|nan|5.555057|nan|-34.027398|45.817286|7.259467|-12.030699|-0.071406|nan|10.113968|nan|-88.251440|nan|-9.186005|34.184453|32.958912|-0.011852|nan|nan
1033|-26.947290|4.921110|nan|nan|46.129160|6.472104|-11.462319|-0.100034|nan|2.096969|nan|-90.114635|nan|-6.875935|34.184453|32.663605|-0.011217|nan|nan
1034|-52.978893|3.829504|nan|-56.290022|46.250399|4.966011|-29.366272|-0.134852|nan|-18.478541|nan|-92.784116|nan|-34.634418|34.184453|31.527873|-0.018500|nan|nan
1035|-50.315727|3.018845|nan|-52.909027|45.728423|3.753622|-14.304216|-0.159764|nan|-17.597734|nan|-95.060818|nan|-33.416947|31.377175|28.172645|-0.018022|nan|nan
1036|-49.798798|1.968342|nan|nan|45.348441|2.596568|-6.631094|-0.182202|nan|-2.151130|nan|-96.820149|nan|-34.609034|31.377175|27.628738|-0.017900|nan|nan
1037|-37.988052|1.179116|nan|-39.804031|45.274141|1.846194|-3.883926|-0.194691|nan|9.756389|nan|-98.360091|nan|-24.143645|31.377175|27.555964|-0.015932|nan|nan
1038|-36.170975|0.359250|nan|-39.020677|45.293478|1.404316|-8.620422|-0.207990|nan|9.440446|nan|-99.770452|nan|-23.855666|31.377175|27.390497|-0.015593|nan|nan
1039|-31.542148|-0.463730|nan|-32.894249|45.519037|1.195562|-3.883927|-0.212422|nan|13.637877|nan|-101.249754|nan|-21.481351|31.377175|27.462283|-0.014804|nan|nan
1040|-52.047345|-1.762582|nan|-53.832847|45.777095|0.258171|-22.166799|-0.226577|nan|-13.039638|nan|-103.606876|nan|-45.174453|31.377175|26.795452|-0.018131|nan|nan
1041|-65.189938|-3.028914|nan|nan|44.779505|-0.823098|-35.807907|-0.249226|nan|-44.805740|nan|-106.498832|nan|-60.469271|15.852543|10.804203|-0.022390|nan|nan
1042|-71.219181|-4.392113|nan|-72.297939|43.986971|-2.174322|-48.880635|-0.274265|nan|-42.666515|nan|-109.270351|nan|-68.599083|15.852543|10.037950|-0.024306|nan|nan
1043|-74.645033|-5.897896|nan|nan|42.926144|-3.480490|-65.742559|-0.296666|nan|-40.220534|nan|-111.886197|nan|-74.034313|15.852543|9.508268|-0.025356|nan|-98.017354
1044|-68.386332|-7.369658|nan|nan|42.297862|-4.456113|-49.259554|-0.324624|nan|-47.569710|nan|-114.245623|nan|-69.911667|15.852543|9.323478|-0.024260|nan|-98.769390
1045|-53.076758|-8.441849|nan|-52.257619|41.718973|-4.958496|-33.534389|-0.343001|nan|-37.073299|nan|-116.256961|nan|-56.700021|15.852543|9.564105|-0.021686|nan|-99.350349
1046|-49.485012|-9.202133|nan|-48.916338|41.588211|-5.396169|-40.923322|-0.358423|nan|-33.335444|-59.571886|-118.125565|nan|-55.102205|15.852543|9.518777|-0.021039|nan|-99.832693
1047|-43.499345|-9.777429|nan|nan|41.301753|-5.729285|-43.102110|-0.369954|nan|-25.381618|-52.720603|-119.583178|nan|-50.747194|15.852543|9.866021|-0.020002|nan|-100.205630
1048|-37.869424|-10.265504|nan|nan|41.219616|-6.059890|-38.460344|-0.380620|nan|-20.080299|-46.846013|-120.499002|nan|-46.882213|15.852543|10.208088|-0.019026|nan|-100.537768
1049|-32.525048|-10.734104|nan|nan|41.455161|-6.512171|-26.808565|-0.389817|nan|-10.501549|-41.623817|-121.552356|nan|-43.128402|15.852543|10.542062|-0.018097|nan|-100.804362
1050|-20.504680|-11.160444|nan|-17.959760|41.712427|-6.593849|-15.346246|-0.394264|nan|-24.328904|-29.744018|-122.313330|nan|-31.740643|15.852543|11.173457|-0.016078|nan|-100.904027
1051|-24.676041|-11.842398|-155.637376|-22.489754|41.976782|-6.915519|-18.093413|-0.400291|-6.722872|-27.949293|-34.419732|-122.879621|-26.646799|-36.623634|15.852543|11.414298|-0.016719|nan|-101.025447
1052|-33.035903|-12.515325|-251.117442|-30.865136|42.189182|-7.552903|-24.913967|-0.409605|-7.814261|-33.482867|-43.248586|-123.401223|-34.698842|-45.785854|15.852543|11.347242|-0.018044|nan|-101.210522
1053|-47.679096|-13.342402|-321.138563|-44.827307|42.250951|-8.555213|-46.512386|-0.421581|-18.437497|-43.287671|-58.270444|-124.245059|-49.003058|-61.017707|15.852543|11.040492|-0.020398|nan|-101.528039
1054|-61.439691|-14.309982|-383.157344|-58.107404|42.149386|-10.089658|-64.321610|-0.436309|-22.113434|-49.218865|-72.452562|-125.586591|-62.359976|-75.465321|15.852543|10.396309|-0.022598|nan|-101.944278
1055|-57.154433|-15.161369|-434.671970|nan|42.074802|-11.519463|-61.858632|-0.440036|-17.938567|-42.603105|-68.478427|-126.814765|-57.623480|-71.763244|15.852543|10.111577|-0.021824|nan|-102.372711
1056|-40.090899|-15.711521|-476.805689|-35.266432|42.050492|-12.369502|-42.533731|-0.454264|-7.215168|-39.278745|-51.745287|-127.637850|-40.098447|-54.887603|15.852543|13.830627|-0.018948|nan|-102.690317
1057|-34.880876|-16.118602|-510.004910|-29.201875|41.977256|-13.164646|-34.955337|-0.465448|-0.250720|-31.681363|-46.866834|-128.318132|-34.414652|-49.855367|15.852543|14.016443|-0.018017|nan|-102.928083
1058|-36.527063|-16.308137|-526.316392|-31.800198|41.883298|-14.255561|-34.386958|-0.474951|5.972849|-25.079503|-48.892843|-128.864763|-35.551411|-51.985598|15.852543|15.241929|-0.018207|nan|-103.153714
1059|-34.598594|-16.571919|-547.350409|-27.792101|41.939578|-15.362414|-27.661134|-0.492593|7.713865|-20.150875|-47.350039|-129.260924|-33.088433|-50.279327|15.852543|19.962385|-0.017803|nan|-103.439680
1100|-30.392826|-16.783865|-578.091458|-23.495311|41.584164|-16.174429|-43.291570|-0.492649|5.810687|-23.241988|-43.220218|-129.487828|-28.351938|-46.067396|15.852543|28.278832|-0.017027|nan|-103.695196
1101|-26.356826|-16.790581|-626.066806|nan|41.663677|-16.650263|-57.879976|-0.483292|5.637395|-14.459075|-39.002915|-129.678154|-20.124902|-42.397915|15.852543|28.570823|-0.016280|nan|-103.892310
1102|-22.030057|-16.583629|-689.045464|nan|41.828019|-17.104549|-48.880634|-0.470343|13.909276|-18.645192|-34.534046|-129.765087|-14.493676|-38.250994|15.852543|28.853909|-0.015488|nan|-103.944017
1103|-22.330433|-16.326996|-744.538515|nan|42.314671|-17.507303|-44.807248|-0.455990|11.698408|-15.755766|-34.774152|-129.898369|-9.664217|-38.738263|15.852543|29.126689|-0.015458|nan|-103.972871
1104|-22.444301|-16.174381|-777.588494|nan|42.535242|-18.095773|-70.100134|-0.435028|16.957983|-24.035903|-34.591091|-130.155992|-8.325297|-38.182426|15.852543|29.234345|-0.015398|nan|-104.043928
1105|-9.763443|-15.750987|-803.364485|-0.490707|41.935135|-18.501455|-53.996049|-0.413683|26.842818|-17.408349|-21.461972|-129.518543|4.842161|-23.818668|15.852543|29.827139|-0.013232|nan|-104.179032
1106|-9.590309|-15.467740|-829.839205|-1.067406|41.384522|-19.098654|-52.575101|-0.391971|30.066256|-17.101885|-20.688930|-128.350130|7.505270|-21.575590|15.852543|30.176458|-0.013123|nan|-104.362520
1107|-14.337812|-15.310548|-852.482500|-5.233082|41.500587|-19.686464|-44.807248|-0.388251|21.802753|-13.984849|-24.976080|-127.405261|3.242424|-24.713013|15.852543|30.331472|-0.013824|nan|-104.533542
1108|-30.551241|-15.357119|-869.538374|-20.498248|41.868458|-20.593877|-58.448355|-0.392788|8.398574|-36.265299|-40.853197|-127.066458|-12.482741|-39.100591|15.852543|30.025196|-0.016411|nan|-104.701408
1109|-34.644877|-15.336610|-881.843077|-22.847158|41.946060|-21.480028|-57.216867|-0.402972|5.598837|-43.082460|-44.535083|-126.206673|-16.082478|-41.362742|15.852543|29.977631|-0.017004|nan|-104.913412
1110|-28.983550|-15.238347|-888.020833|nan|42.562206|-22.284440|-71.236894|-0.393898|10.316937|-18.431175|-38.298489|-125.222444|-9.925034|-33.867712|15.852543|33.362471|-0.015992|nan|-105.025516
1111|-23.511112|-15.041854|-893.766889|nan|43.110676|-22.966647|-78.057447|-0.376119|14.364266|-10.970938|-32.177328|-124.095529|-1.237049|-26.743959|19.418354|37.451592|-0.015011|nan|-105.173879
1112|-22.668080|-14.899355|-899.435593|-9.383476|43.547763|-23.440997|-82.320293|-0.349878|10.410813|-17.069335|-30.607637|-123.332520|0.089170|-23.989244|19.418354|39.815183|-0.014793|nan|-105.356977
1113|-14.887864|-14.646758|-890.862438|-1.143324|43.680561|-23.497680|-77.015418|-0.319990|13.531986|-12.684674|-22.056604|-122.417908|8.090672|-14.319246|20.588623|40.178034|-0.013437|nan|-105.457928
1114|-20.935864|-14.647668|-881.558241|-8.001338|44.279960|-23.936726|-75.878659|-0.299338|14.983578|-12.951120|-27.455638|-121.779247|2.501607|-18.870009|25.202677|40.184719|-0.014358|nan|-105.512373
1115|-30.868207|-14.526743|-876.327240|-17.835861|44.774868|-24.582771|-69.626485|-0.290404|6.391571|-11.387406|-36.772799|-120.777051|-6.971384|-27.706383|33.220156|42.632068|-0.015918|nan|-105.511307
1116|-29.233207|-14.054527|-883.693305|nan|46.198142|-24.989525|-63.563771|-0.282766|3.594974|10.606405|-34.501857|-119.360997|-5.927326|-25.334220|33.220156|42.572389|-0.015576|nan|-105.528357
1117|-41.710835|-13.838742|-891.381151|-27.238293|47.457070|-25.605322|-69.247566|-0.289450|-5.795395|-0.314692|-46.414836|-118.172637|-20.518025|-36.713177|33.220156|42.097224|-0.017558|nan|-105.722301
1118|-38.459647|-13.552162|-902.481265|-22.356910|48.746848|-26.039296|-59.585114|-0.299411|-2.821913|-6.182294|-42.626971|-116.909029|-16.823558|-32.241968|33.220156|41.918546|-0.016950|nan|-106.077980
1119|-31.505052|-12.869269|-907.960221|-15.173742|49.458490|-26.313532|-46.512386|-0.300863|1.525375|-9.652373|-35.146997|-115.698048|-9.434625|-23.701293|33.220156|42.127405|-0.015734|nan|-106.572148
1120|-31.645892|-12.227718|-916.519357|nan|50.063758|-26.567833|-33.913308|-0.339590|1.169894|-24.122102|-34.900418|-114.902147|-9.150435|-22.515361|33.220156|42.328790|-0.015687|nan|-106.981717
1121|-31.212683|-11.620664|-915.185474|-15.506775|50.624782|-26.881766|-36.944665|-0.346303|3.223450|-23.335558|-33.707470|-114.142640|-8.297866|-21.136051|33.220156|43.593669|-0.015547|nan|-107.301440
1122|-46.604376|-11.457584|-913.973693|-29.965174|51.647170|-27.619619|-59.964034|-0.358801|-6.862889|-9.147427|-48.469129|-113.978778|-23.265192|-35.868302|33.220156|43.198246|-0.018013|nan|-107.794216
1123|-43.325754|-11.241416|-919.152249|-25.724855|51.974522|-28.024930|-70.573784|-0.367379|-10.449410|-17.245061|-44.500004|-113.828266|-21.570726|-31.634546|33.220156|43.237172|-0.017405|nan|-108.289301
1124|-40.133069|-11.088095|-916.239473|nan|52.243033|-28.282999|-80.330965|-0.368234|-8.049673|-21.856942|-40.483659|-113.708515|-18.850989|-27.672385|33.220156|43.307199|-0.016813|nan|-108.821894
1125|-41.478454|-10.722227|-935.500111|-24.073249|52.785718|-28.563094|-76.541768|-0.364389|-10.036314|-22.462554|-41.061657|-113.951255|-22.438288|-28.435238|36.603775|43.246844|-0.016971|nan|-109.425008
1126|-33.527714|-9.894400|-957.478910|-14.728274|52.703695|-28.606359|-50.680503|-0.358800|-4.580740|-27.104873|-32.327081|-113.848318|-14.102056|-19.917125|40.653583|43.546904|-0.015599|nan|-109.865957
1127|-46.229840|-9.376691|-985.185585|-27.534909|53.135254|-29.110680|-57.311596|-0.363929|-9.934312|-31.764198|-44.291443|-113.823735|-26.416944|-32.598936|42.794729|43.201844|-0.017628|nan|-110.450068
1128|-49.364423|-8.748243|-1008.493431|-29.445430|53.446302|-29.597622|-61.195523|-0.368856|-14.121809|-29.428710|-46.630146|-113.438705|-29.164112|-35.201414|42.794729|43.126218|-0.017047|nan|-111.205666
1129|-54.683334|-8.335713|-1033.446972|-35.371306|54.102197|-30.325623|-63.658500|-0.370943|-16.087435|-15.195571|-51.094770|-112.824272|-34.090067|-40.191775|42.794729|42.800393|-0.016194|nan|-112.051742
1330|-68.338657|-8.378486|-1077.749030|-48.503685|54.642245|-31.059106|-72.184193|-0.380374|-32.307653|-12.098793|-64.040562|-112.625807|-53.992255|-54.133811|45.359815|42.129157|-0.018382|nan|-112.742894
1331|-67.672505|-8.504631|-1120.451612|-46.926645|54.552952|-31.280385|-66.595128|-0.388999|-42.066609|-14.150253|-62.727184|-112.915958|-59.350226|-53.761904|32.729774|28.109706|-0.018213|nan|-113.205010
1332|-60.274027|-8.540088|-1171.657613|-40.206570|54.742725|-31.459947|-53.996049|-0.400246|-28.618755|-24.499352|-54.744041|-113.208100|-51.582373|-46.658678|32.729774|27.882557|-0.016936|nan|-113.686499
1333|-54.129698|-8.517019|-1230.015535|-31.860411|54.732261|-31.493194|-46.891307|-0.412394|-24.024785|-14.329347|-47.559265|-113.296686|-44.667090|-40.111319|32.729774|27.916349|-0.015798|nan|-114.155014
1334|-50.605651|-8.562453|-1270.126158|nan|54.581798|-30.949300|-42.249541|-0.419748|-34.401940|-16.934958|-42.942752|-113.293258|-49.284244|-36.216396|32.729774|28.153552|-0.015097|nan|-114.682933
1335|-51.517516|-8.816577|-1326.272848|-29.225732|54.754613|-30.504032|-29.271542|-0.432464|-29.391070|-14.757860|-42.991668|-113.394427|-49.473703|-37.158395|32.729774|28.239134|-0.015130|nan|-115.321881
1336|-52.127185|-9.031097|-1399.667676|nan|54.802272|-30.053924|-28.513703|-0.445675|-31.536340|-10.663417|-42.917443|-113.591177|-49.378973|-38.154954|32.729774|28.359122|-0.015116|nan|-115.961929
1337|-41.258242|-8.921035|-1483.292083|-16.509776|54.589090|-29.490646|-21.219500|-0.438689|-20.219621|-17.176862|-31.319625|-113.626820|-37.821924|-27.114746|32.729774|28.812257|-0.013212|nan|-116.470316
1338|-44.107222|-8.654249|-1570.956467|-19.393371|54.754410|-29.120562|-39.123453|-0.422536|-20.877423|-8.680455|-33.396368|-113.700558|-40.000712|-30.194991|32.729774|28.904854|-0.013573|nan|-116.874773
1339|-47.047422|-8.191032|-1640.904486|nan|54.649488|-28.860553|-44.996708|-0.409760|-21.711597|-13.247765|-35.705166|-113.870760|-42.274230|-33.355980|32.729774|29.022443|-0.013192|nan|-117.324133
1340|-50.233715|-7.821686|-1706.137650|-24.585218|54.925950|-28.355506|-41.396972|-0.410502|-32.989304|-22.436076|-38.421518|-114.488849|-49.231938|-36.493467|32.729774|29.004315|-0.012543|nan|-117.873331
1341|-48.652218|-7.672026|-1760.227626|-20.981215|55.111767|-27.531842|-33.250199|-0.409314|-33.610845|-30.169845|-36.431092|-115.045385|-47.293150|-34.791401|32.729774|29.188091|-0.012185|nan|-118.379246
1342|-47.591739|-7.625268|-1818.249232|nan|55.408888|-26.642018|-30.313571|-0.417967|-36.721093|-27.617390|-34.993587|-115.444099|-51.762741|-33.875896|32.729774|29.219699|-0.011920|nan|-118.823997
1343|-48.667198|-7.575815|-1886.701648|nan|55.335599|-25.702603|-22.640449|-0.429264|-38.009144|-29.581196|-35.691656|-115.284859|-52.331121|-34.739179|32.729774|29.285926|-0.012015|nan|-119.056932
1344|-42.513938|-7.439722|-1961.505190|-13.323493|55.516885|-24.702623|-21.598420|-0.430683|-31.537722|-13.475980|-29.075335|-114.811096|-45.700027|-28.689313|32.729774|29.532256|-0.010922|nan|-119.305140
1345|-47.910314|-7.478802|-2014.523741|-19.292951|55.961776|-24.161263|-35.997366|-0.431699|-28.943019|-12.262251|-34.127638|-114.681059|-50.625982|-34.396496|32.729774|29.454803|-0.011736|nan|-119.592970
1346|-53.006271|-7.643895|-2063.557248|nan|55.874764|-23.747735|-38.555074|-0.435058|-37.825113|-16.545684|-38.948989|-114.903933|-55.267748|-39.519490|32.729774|37.609816|-0.012504|nan|-119.808405
1347|-53.928951|-7.911494|-2115.920609|-24.740553|56.245655|-23.489339|-51.059423|-0.434571|-31.899420|-9.386586|-39.681921|-115.222580|-55.741398|-40.474368|32.729774|37.478005|-0.012583|nan|-120.018040
1348|-45.557079|-7.977265|-2172.870325|-14.909260|56.320841|-23.053191|-38.555074|-0.420501|-26.929539|-22.130400|-31.163084|-115.518571|-46.931516|-31.422152|32.729774|37.723319|-0.011130|nan|-120.137744
1349|-41.905386|-8.067583|-2225.664265|nan|56.137785|-22.647993|-27.092755|-0.411270|-22.616153|-14.560586|-27.358464|-115.505404|-42.858130|-27.404776|32.729774|41.722609|-0.010458|nan|-120.278500
1350|-24.796804|-7.959500|-2270.675835|6.569791|55.575468|-21.997541|-9.283531|-0.369003|-7.012437|-7.439324|-9.918242|-114.818512|-25.333096|-8.734751|32.729774|42.398185|-0.007565|nan|-120.312825
1351|-3.489967|-7.551082|-2300.958726|28.255940|54.683296|-20.796108|13.262188|-0.402557|4.520383|6.276765|11.843071|-113.572667|-3.639946|15.071115|32.729774|36.777872|-0.003984|nan|-120.347117
1352|-10.852678|-7.288214|-2335.513573|20.804629|54.263072|-19.809379|-8.715152|-0.395235|-0.409960|9.020391|5.125445|-112.248673|-10.249960|9.229374|32.729774|37.124965|-0.005141|nan|-120.443197
1353|-8.977123|-6.673893|-2376.126456|23.861335|53.288947|-18.467872|-2.841898|-0.353075|-5.751502|0.259225|7.685335|-111.024580|-5.351172|13.787545|32.729774|33.994475|-0.004782|nan|-120.559111
1354|-7.410338|-5.954156|-2409.804922|25.687463|52.930170|-16.921563|2.557708|-0.327150|-9.552293|4.140840|9.859106|-109.975436|-6.111303|17.189020|32.729774|34.458862|-0.004484|nan|-120.694831
1355|-13.364828|-5.475771|-2437.377706|18.335441|52.740091|-15.647448|-4.168116|-0.311219|-10.611479|-17.399800|4.508599|-109.192649|-11.889828|13.234323|32.729774|34.666088|-0.005438|nan|-120.974405
1356|-10.091535|-5.021880|-2453.817741|23.291147|51.952630|-14.580455|7.578393|-0.298072|-4.480871|-27.865504|8.318782|-108.323517|-8.479551|18.813129|32.729774|34.409316|-0.004874|nan|-121.279412
1357|-6.776625|-4.520029|-2471.129270|26.648252|50.639198|-13.530603|-1.326218|-0.276820|-2.431255|-23.367592|12.290282|-106.903327|-5.069274|23.836379|26.050726|27.097929|-0.004311|nan|-121.514521
1358|-5.681705|-4.169692|-2467.656463|nan|49.898504|-12.483068|-2.936627|-0.253473|-2.974165|-13.127221|13.930041|-105.513286|-3.932515|26.808334|26.050726|27.389720|-0.004123|nan|-121.658821
1359|-13.638778|-3.936436|-2442.227701|18.947597|49.487485|-11.752962|-15.819895|-0.233283|-6.370488|-17.830580|6.365367|-104.442001|-11.889828|20.130660|26.050726|27.294089|-0.005436|nan|-121.782586
1400|-16.830806|-3.552129|-2426.958837|16.574371|48.379731|-11.108766|-32.302900|-0.210398|-9.031965|-9.856160|3.651698|-103.494044|-15.110645|18.745039|26.050726|27.358527|-0.005967|nan|-121.936387
1401|-13.182800|-3.161921|-2403.059773|nan|47.790093|-10.496871|-27.661134|-0.188482|-4.952228|3.053462|7.757488|-102.732417|-11.510908|24.638464|26.050726|27.393380|-0.005373|nan|-122.179156
1402|-22.968816|-2.824946|-2370.946467|9.473821|46.951234|-10.252047|-29.745192|-0.177620|-10.322819|-11.652468|-1.499827|-101.839188|-21.362819|16.326307|26.050726|27.097021|-0.006998|nan|-122.299037
1403|-18.905145|-2.397466|-2343.743688|14.011367|46.183554|-9.823749|-18.851253|-0.156075|-9.785483|9.591393|3.088224|-100.806841|-17.384163|22.066940|24.846948|25.957078|-0.006341|nan|-122.459186
1404|-24.290815|-2.201922|-2314.876836|7.963318|45.753081|-9.612848|-20.082742|-0.145368|-12.399158|2.465312|-1.819887|-99.797266|-19.758498|18.334581|24.846948|25.686106|-0.007247|nan|-122.628041
1405|-25.117576|-1.982419|-2284.995798|7.861586|45.095139|-9.569062|-21.219500|-0.131563|-8.227118|2.193980|-2.026690|-98.477569|-15.505797|19.260369|24.846948|25.618376|-0.007403|nan|-122.790566
1406|-23.650552|-1.820924|-2255.946202|nan|45.023343|-9.511983|-19.798551|-0.117801|-7.460568|13.578756|0.055613|-97.168581|-13.939578|22.459676|24.846948|25.556344|-0.007184|nan|-122.960083
1407|-26.806959|-1.523037|-2239.700975|nan|44.472865|-9.436268|-11.557049|-0.112252|-10.936446|10.764821|-2.524524|-96.175173|-17.255125|20.906105|24.846948|25.499498|-0.007730|nan|-123.099320
1408|-32.207595|-1.306584|-2206.926992|-0.853150|44.152132|-9.242774|-19.324902|-0.105698|-18.925180|10.221724|-7.392440|-95.614143|-21.644190|16.664770|24.846948|25.293529|-0.008652|nan|-123.253727
1409|-41.756198|-1.313510|-2149.840267|-10.331781|44.317137|-9.246157|-31.355601|-0.100212|-21.561371|-2.119255|-16.553961|-95.445611|-28.361371|8.030531|24.846948|24.819677|-0.010261|nan|-123.400268
1410|-39.821075|-1.228627|-2106.994693|-7.760336|44.000896|-9.233485|-32.208170|-0.084170|-20.417223|0.360884|-14.149009|-95.188734|-25.696232|11.080835|24.846948|24.603736|-0.009979|nan|-123.569786
1411|-38.245506|-1.222659|-2063.369034|nan|43.719830|-9.276762|-28.703163|-0.070941|-17.651004|-0.562432|-12.132505|-94.866013|-23.730013|13.781178|24.846948|24.437951|-0.009760|nan|-123.785128
1412|-39.124917|-1.136785|-1997.161643|nan|43.686432|-9.341820|-28.229513|-0.052801|-16.068093|-8.890858|-12.641915|-94.859122|-24.866772|13.754653|24.846948|24.313302|-0.009947|nan|-123.955313
1413|-32.895522|-0.812630|-1934.876820|-1.880566|42.708929|-9.318651|-22.829909|-0.039860|-11.140109|-12.262122|-6.057815|-94.615826|-18.898788|21.110398|22.821212|22.504214|-0.008963|nan|-124.090010
1414|-35.930110|-0.574845|-1872.641157|-6.090394|42.206625|-9.318899|-19.514362|-0.033193|-15.575325|-7.155087|-8.800881|-94.445264|-20.934335|18.229650|22.821212|22.523336|-0.009509|nan|-124.224707
1415|-45.009726|-0.312302|-1824.748865|-15.181308|42.529999|-9.421815|-33.818578|-0.039360|-22.231936|-6.386990|-17.601766|-94.356206|-30.312596|8.642330|22.821212|22.234105|-0.010919|nan|-124.268037
1416|-50.577858|-0.017834|-1784.531509|-21.472306|43.373803|-9.685678|-44.333599|-0.036529|-25.143874|4.773234|-22.954721|-94.454036|-36.185851|1.159668|22.821212|21.861298|-0.010643|nan|-124.211713
1417|-62.951157|-0.158115|-1759.662842|-33.737507|43.612675|-10.035235|-57.501057|-0.044419|-38.878010|8.096094|-35.130606|-94.922099|-48.879659|-13.167110|22.821212|21.273779|-0.011625|nan|-124.102922
1418|-56.456109|-0.222157|-1710.976331|-26.959381|43.318290|-10.182408|-42.533730|-0.049266|-34.240566|-1.593300|-28.434795|-95.182789|-42.002214|-7.718419|22.821212|21.140894|-0.010115|nan|-123.987008
1419|-45.499639|-0.170631|-1647.526532|-16.068700|43.057882|-10.197206|-27.850594|-0.049686|-21.151146|5.576886|-17.340741|-95.356791|-31.392464|1.807578|22.821212|21.210833|-0.008365|nan|-123.927932
1420|-41.923853|-0.099547|-1578.981320|nan|42.439405|-10.153344|-7.104743|-0.056808|-17.530658|8.039370|-13.720409|-95.288180|-28.171647|3.694641|22.821212|21.284518|-0.007834|nan|-123.874629
1421|-47.336771|-0.133431|-1500.686296|-19.812043|42.376092|-10.266765|8.809882|-0.014352|-22.748524|8.641294|-19.258620|-95.249117|-33.950172|-3.292638|22.821212|21.206411|-0.008788|-243997.672106|-123.801243
1422|-40.876603|-0.176820|-1432.966334|-12.565723|41.893810|-9.958237|7.862582|-0.016939|-24.365811|14.562342|-12.978816|-95.011163|-28.767458|1.561323|22.821212|21.318360|-0.007788|-243979.099776|-123.702142
1423|-41.321952|-0.280221|-1392.638112|-14.604863|42.078001|-9.776684|9.188801|-0.042839|-18.498050|30.400211|-13.744511|-95.059322|-29.620027|-0.882622|22.821212|21.269738|-0.007929|-243961.411882|-123.570880
1424|-39.671232|-0.276689|-1363.341025|-12.185463|41.824236|-9.567087|12.220159|-0.054958|-18.707549|18.330260|-12.412078|-95.211419|-28.388538|-1.159277|22.821212|21.403969|-0.007727|-243945.050539|-123.219079
1425|-38.104375|-0.232420|-1354.528656|nan|42.343107|-9.377413|7.578393|-0.060014|-16.850131|9.972571|-11.251861|-95.805700|-27.251779|-1.485191|22.821212|21.371737|-0.007540|-243929.573632|-122.982108
1426|-36.347750|-0.110097|-1344.919449|nan|43.167328|-9.294557|12.314889|-0.068727|-10.883912|2.048874|-10.084106|-96.913689|-25.925560|-1.873780|22.821212|21.363716|-0.007321|-243913.212289|-122.591013
1427|-28.117467|0.097984|-1330.454957|-2.265531|42.614035|-8.759860|23.493018|-0.075425|-14.397378|-17.287880|-2.539396|-97.629071|-18.157708|4.989980|22.821212|21.682391|-0.006040|-243896.850987|-122.203493
1428|-24.503149|0.341846|-1325.241634|nan|42.910483|-8.142761|27.755864|-0.083723|-8.710632|-5.606078|0.331475|-98.264351|-15.031621|7.337016|22.821212|36.486371|-0.005524|-243881.816277|-121.854917
1429|-30.237400|0.375629|-1321.249472|-6.272241|43.801148|-7.671281|13.546377|-0.087171|-14.882806|-1.325990|-6.190396|-99.054432|-22.003795|-0.551351|22.821212|39.330616|-0.006556|-243867.665921|-121.464274
1430|-33.380729|0.426210|-1301.433626|nan|44.426289|-7.031846|6.631094|-0.093918|-24.336942|-10.922308|-10.184601|-99.737912|-31.058261|-5.024866|22.821212|39.269926|-0.007166|-243856.610987|-121.032658
1431|-31.685005|0.608760|-1266.737454|nan|45.302372|-6.383606|11.367590|-0.100858|-19.200183|-4.943882|-9.329313|-100.451301|-29.921502|-5.190967|22.821212|39.234706|-0.006979|-243847.767040|-120.562106
1432|-18.690291|1.012316|-1217.095053|4.453922|45.652789|-5.543031|13.925297|-0.097821|-13.111225|-2.058624|2.779617|-100.963274|-17.511884|6.631210|22.821212|36.729503|-0.004931|-243841.134079|-120.291307
1433|-24.535887|1.138193|-1171.523370|-2.563734|46.742998|-5.051114|11.462319|-0.101147|-13.712529|-8.991375|-4.055339|-101.693411|-23.953518|-0.761397|22.821212|36.659630|-0.005995|-243835.385514|-119.842917
1434|-25.944671|1.199039|-1143.524415|nan|47.353582|-4.657095|3.978656|-0.104209|-13.782516|-9.526448|-6.425010|-102.252478|-25.942846|-3.201697|22.821212|36.615016|-0.006323|-243830.963500|-119.162743
1435|-24.891800|1.014554|-1113.110848|nan|48.383725|-4.246670|3.505007|-0.106817|-15.148536|-13.366576|-6.460323|-102.687772|-25.469196|-3.012353|22.821212|36.590660|-0.006245|-243827.425921|-118.630481
1436|-21.471877|0.536860|-1078.080915|-0.385998|48.905468|-3.731531|7.673123|-0.107238|-14.466969|-15.340818|-4.099623|-103.141307|-22.627299|-0.553165|22.821212|36.736261|-0.005776|-243824.330539|-118.081389
1437|-22.704325|0.027279|-1052.550445|-3.307009|49.485527|-3.500861|2.557708|-0.109003|-10.186507|-4.999687|-6.365215|-103.375335|-24.427167|-2.902408|22.821212|36.705195|-0.006074|-243821.677355|-117.308102
1438|-32.658347|-0.607684|-1035.995920|-13.539541|51.258905|-3.513991|-13.546378|-0.115292|-20.620210|-1.005178|-17.388452|-104.003086|-34.942188|-13.928855|22.821212|36.382661|-0.007810|-243818.581974|-116.526371
1439|-21.764898|-1.021218|-1023.020197|-2.755345|51.395889|-3.128319|-12.977998|-0.111700|-16.375967|-9.418651|-7.356569|-104.174780|-24.616627|-3.714719|22.821212|36.605519|-0.006105|-243816.813184|-115.764039
1440|-18.456308|-1.368569|-1002.522147|-0.735494|52.243221|-2.719361|-8.525692|-0.115316|-13.069130|-0.511299|-4.904490|-104.304838|-19.469460|-1.145645|22.821212|36.636342|-0.005652|-243815.928789|-115.216637
1441|-6.435242|-1.495108|-989.772062|11.450636|51.647537|-1.991279|4.262846|-0.113527|-5.288131|-12.435475|6.352512|-104.215894|-8.007141|11.555394|11.272859|10.903604|-0.003760|-243815.928789|-114.871165
1442|-2.285527|-1.650170|-979.771065|14.297676|52.202030|-1.317048|6.725824|-0.114155|-1.288725|0.321955|9.823250|-103.959207|-2.327404|15.694735|11.272859|11.141420|-0.003165|-243816.370987|-114.752273
1443|-4.961126|-1.874911|-983.274901|11.931690|52.020306|-0.650942|9.472991|-0.109388|-5.709211|-21.283647|6.461963|-103.631679|-4.668221|13.655974|11.272859|11.482571|-0.003697|-243818.139776|-114.381479
1444|-4.900212|-2.033391|-983.789187|10.614093|51.937580|-0.185180|5.683795|-0.105297|-1.622200|-8.959171|5.907781|-102.991280|-5.141870|13.364380|11.272859|11.592705|-0.003775|-243819.908566|-113.772415
1445|-13.832410|-2.234807|-981.796413|1.151627|52.343792|0.136951|-13.167458|-0.095055|-12.374862|-4.436529|-3.641634|-102.691297|-14.534862|4.240110|11.272859|11.521095|-0.005338|-243821.235158|-113.078616
1446|-15.853208|-2.521627|-974.381772|-1.419424|53.133024|0.438770|-21.598420|-0.089388|-12.612569|-2.770960|-6.241896|-102.520634|-17.092569|2.197792|11.272859|11.308379|-0.005760|-243822.119552|-112.309953
1447|-13.030422|-2.595777|-952.204280|1.984846|53.389306|0.851747|-32.018710|-0.065756|-13.859051|-10.719635|-3.935385|-102.277710|-14.819051|5.486699|11.272859|11.295660|-0.005385|-243823.888342|-111.678576
1448|-14.948825|-2.744102|-933.654543|-1.606352|54.619206|1.021440|-28.324243|-0.055717|-9.842029|-13.254467|-6.464032|-102.264780|-17.282029|3.505064|11.272859|11.131610|-0.005791|-243825.657131|-111.326128
1449|-16.776744|-2.882142|-909.160173|-3.968572|55.370830|1.094160|-20.082741|-0.053442|-11.649947|-14.838438|-8.910985|-102.217038|-19.650277|2.409929|11.272859|11.005147|-0.006182|-243827.425921|-111.094332
1450|-16.252953|-2.958241|-882.141421|nan|55.222203|0.884253|-16.861924|-0.048918|-5.250277|-10.993067|-8.994021|-101.896796|-18.450277|3.470904|11.272859|10.909540|-0.006182|-243828.752513|-111.058689
1451|-8.942620|-2.950866|-867.436374|3.968842|53.982312|0.543910|-15.819895|-0.038757|3.889617|2.767420|-2.142495|-101.223855|-11.629723|11.632717|11.272859|11.146856|-0.005056|-238015.217565|-111.065343
1452|-10.747609|-2.978846|-847.072402|0.573752|53.500058|0.213562|-12.030699|-0.035119|-1.902911|4.280150|-4.355681|-100.253183|-13.903241|9.760912|11.272859|11.179861|-0.005432|-238019.534083|-110.957394
1453|1.246047|-2.677389|-826.980026|12.965066|52.930631|0.146441|-1.326219|-0.009472|10.213478|26.620244|7.363451|-99.172792|-2.346192|21.802978|11.272859|11.514433|-0.003524|-220572.800011|-110.967956
1454|7.899595|-2.189940|-812.472650|19.516625|52.121270|0.184186|6.157444|0.007028|15.264661|18.897172|13.802414|-98.297271|3.905982|29.123590|11.272859|11.926742|-0.002492|-211852.605719|-111.023800
1455|16.333834|-1.566659|-782.895318|27.545455|51.807426|0.474674|15.346246|0.029064|20.036374|7.839979|22.194163|-97.342207|11.958025|38.357818|11.272859|12.394891|-0.001163|-205556.690988|-110.955005
1456|24.374975|-0.850339|-760.027695|35.195739|51.727389|0.851108|24.345588|0.056127|28.429167|7.514539|30.425153|-96.034815|19.631148|47.370052|11.272859|20.574236|0.000103|-199260.749003|-110.780552
1457|30.224500|-0.049299|-747.072277|40.499183|51.412834|1.325352|37.607774|0.092024|32.563502|12.930424|36.473047|-94.683927|29.765482|54.504281|11.272859|21.258051|0.001009|-180359.662404|-110.374485
1458|26.393620|0.552088|-734.222590|35.281931|50.937235|1.594495|36.565745|0.113866|31.115055|8.961724|32.912401|-93.415555|26.237366|51.476059|11.272859|21.610948|0.000322|-180367.838249|-109.995493
1459|29.382923|1.259380|-714.947661|38.975952|50.842784|2.051479|32.966009|0.141167|28.407163|3.058137|36.254580|-92.121583|35.449804|55.795665|11.272859|22.008891|0.000759|-180378.957359|-109.786529
