859|nan|nan|nan|nan|nan|nan|nan|nan|nan|nan|nan|nan|nan|nan|nan|nan|nan|nan|nan|nan|nan|nan|nan|nan|nan|nan|nan|nan|nan|nan|nan|nan|nan|nan|nan|nan|nan|nan|nan|nan|nan|nan|nan|nan|nan|nan|nan|nan|nan|nan
900|nan|nan|nan|nan|nan|nan|nan|nan|nan|nan|nan|nan|nan|nan|nan|nan|nan|nan|nan|nan|nan|nan|nan|nan|nan|nan|nan|nan|nan|nan|nan|nan|nan|nan|nan|nan|nan|nan|nan|nan|nan|nan|nan|nan|nan|nan|nan|nan|nan|nan
901|nan|nan|nan|nan|nan|nan|nan|nan|nan|nan|nan|nan|nan|nan|nan|nan|nan|nan|nan|nan|nan|nan|nan|nan|nan|nan|nan|nan|nan|nan|nan|nan|nan|nan|nan|nan|nan|nan|nan|nan|nan|nan|nan|nan|nan|nan|nan|nan|nan|nan
902|nan|nan|nan|nan|nan|nan|nan|nan|nan|nan|nan|nan|nan|nan|nan|nan|nan|nan|nan|nan|nan|nan|nan|nan|nan|nan|nan|nan|nan|nan|nan|nan|nan|nan|nan|nan|nan|nan|nan|nan|nan|nan|nan|nan|nan|nan|nan|nan|nan|nan
903|nan|nan|nan|nan|nan|nan|nan|nan|nan|nan|nan|nan|nan|nan|nan|nan|nan|nan|nan|nan|nan|nan|nan|nan|nan|nan|nan|nan|nan|nan|nan|nan|nan|nan|nan|nan|nan|nan|nan|nan|nan|nan|nan|nan|nan|nan|nan|nan|nan|nan
904|nan|nan|nan|nan|nan|nan|nan|nan|nan|nan|nan|nan|nan|nan|nan|nan|nan|nan|nan|nan|nan|nan|nan|nan|nan|nan|nan|nan|nan|nan|nan|nan|nan|nan|nan|nan|nan|nan|nan|nan|nan|nan|nan|nan|nan|nan|nan|nan|nan|nan
905|nan|nan|nan|nan|nan|nan|nan|nan|nan|nan|nan|nan|nan|nan|nan|nan|nan|nan|nan|nan|nan|nan|nan|nan|nan|nan|nan|nan|nan|nan|nan|nan|nan|nan|nan|nan|nan|nan|nan|nan|nan|nan|nan|nan|nan|nan|nan|nan|nan|nan
906|nan|nan|nan|nan|nan|nan|nan|nan|nan|nan|nan|nan|nan|nan|nan|nan|nan|nan|nan|nan|nan|nan|nan|nan|nan|nan|nan|nan|nan|nan|nan|nan|nan|nan|nan|nan|nan|nan|nan|nan|nan|nan|nan|nan|nan|nan|nan|nan|nan|nan
907|nan|nan|nan|nan|nan|nan|nan|nan|nan|nan|nan|nan|nan|nan|nan|nan|nan|nan|nan|nan|nan|nan|nan|nan|nan|nan|nan|nan|nan|nan|nan|nan|nan|nan|nan|nan|nan|nan|nan|nan|nan|nan|nan|nan|nan|nan|nan|nan|nan|nan
908|nan|nan|nan|nan|nan|nan|nan|nan|nan|nan|nan|nan|nan|nan|nan|nan|nan|nan|nan|nan|nan|nan|nan|nan|nan|nan|nan|nan|nan|nan|nan|nan|nan|nan|nan|nan|nan|nan|nan|nan|nan|nan|nan|nan|nan|nan|nan|nan|nan|nan
909|nan|nan|nan|nan|nan|nan|nan|nan|nan|nan|nan|nan|nan|nan|nan|nan|nan|nan|nan|nan|nan|nan|nan|nan|nan|nan|nan|nan|nan|nan|nan|nan|nan|nan|nan|nan|nan|nan|nan|nan|nan|nan|nan|nan|nan|nan|nan|nan|nan|nan
910|nan|nan|nan|nan|nan|nan|nan|nan|nan|nan|nan|nan|nan|nan|nan|nan|nan|nan|nan|nan|nan|nan|nan|nan|nan|nan|nan|nan|nan|nan|nan|nan|nan|nan|nan|nan|nan|nan|nan|nan|nan|nan|nan|nan|nan|nan|nan|nan|nan|nan
911|nan|nan|nan|nan|nan|nan|nan|nan|nan|nan|nan|nan|nan|nan|nan|nan|nan|nan|nan|nan|nan|nan|nan|nan|nan|nan|nan|nan|nan|nan|nan|nan|nan|nan|nan|nan|nan|nan|nan|nan|nan|nan|nan|nan|nan|nan|nan|nan|nan|nan
912|nan|nan|nan|nan|nan|nan|nan|nan|nan|nan|nan|nan|nan|nan|nan|nan|nan|nan|nan|nan|nan|nan|nan|nan|nan|nan|nan|nan|nan|nan|nan|nan|nan|nan|nan|nan|nan|nan|nan|nan|nan|nan|nan|nan|nan|nan|nan|nan|nan|nan
913|nan|nan|nan|nan|nan|nan|nan|nan|nan|nan|nan|nan|nan|nan|nan|nan|nan|nan|nan|nan|nan|nan|nan|nan|nan|nan|nan|nan|nan|nan|nan|nan|nan|nan|nan|nan|nan|nan|nan|nan|nan|nan|nan|nan|nan|nan|nan|nan|nan|nan
914|nan|nan|nan|nan|nan|nan|nan|nan|nan|nan|nan|nan|nan|nan|nan|nan|nan|nan|nan|nan|nan|nan|nan|nan|nan|nan|nan|nan|nan|nan|nan|nan|nan|nan|nan|nan|nan|nan|nan|nan|nan|nan|nan|nan|nan|nan|nan|nan|nan|nan
915|nan|nan|nan|nan|nan|nan|nan|nan|nan|nan|nan|nan|nan|nan|nan|nan|nan|nan|nan|nan|nan|nan|nan|nan|nan|nan|nan|nan|nan|nan|nan|nan|nan|nan|nan|nan|nan|nan|nan|nan|nan|nan|nan|nan|nan|nan|nan|nan|nan|nan
916|nan|nan|nan|nan|nan|nan|nan|nan|nan|nan|nan|nan|nan|nan|nan|nan|nan|nan|nan|nan|nan|nan|nan|nan|nan|nan|nan|nan|nan|nan|nan|nan|nan|nan|nan|nan|nan|nan|nan|nan|nan|nan|nan|nan|nan|nan|nan|nan|nan|nan
917|nan|nan|nan|nan|nan|nan|nan|nan|nan|nan|nan|nan|nan|nan|nan|nan|nan|nan|nan|nan|nan|nan|nan|nan|nan|nan|nan|nan|nan|nan|nan|nan|nan|nan|nan|nan|nan|nan|nan|nan|nan|nan|nan|nan|nan|nan|nan|nan|nan|nan
918|nan|nan|nan|nan|nan|nan|nan|nan|nan|nan|nan|nan|nan|nan|nan|nan|nan|nan|nan|nan|nan|nan|nan|nan|nan|nan|nan|nan|nan|nan|nan|nan|nan|nan|nan|nan|nan|nan|nan|nan|nan|nan|nan|nan|nan|nan|nan|nan|nan|nan
919|nan|nan|nan|nan|nan|nan|nan|nan|nan|nan|nan|nan|nan|nan|nan|nan|nan|nan|nan|nan|nan|nan|nan|nan|nan|nan|nan|nan|nan|nan|nan|nan|nan|nan|nan|nan|nan|nan|nan|nan|nan|nan|nan|nan|nan|nan|nan|nan|nan|nan
920|nan|nan|nan|nan|nan|nan|nan|nan|nan|nan|nan|nan|nan|nan|nan|nan|nan|nan|nan|nan|nan|nan|nan|nan|nan|nan|nan|nan|nan|nan|nan|nan|nan|nan|nan|nan|nan|nan|nan|nan|nan|nan|nan|nan|nan|nan|nan|nan|nan|nan
921|nan|nan|nan|nan|nan|nan|nan|nan|nan|nan|nan|nan|nan|nan|nan|nan|nan|nan|nan|nan|nan|nan|nan|nan|nan|nan|nan|nan|nan|nan|nan|nan|nan|nan|nan|nan|nan|nan|nan|nan|nan|nan|nan|nan|nan|nan|nan|nan|nan|nan
922|nan|nan|nan|nan|nan|nan|nan|nan|nan|nan|nan|nan|nan|nan|nan|nan|nan|nan|nan|nan|nan|nan|nan|nan|nan|nan|nan|nan|nan|nan|nan|nan|nan|nan|nan|nan|nan|nan|nan|nan|nan|nan|nan|nan|nan|nan|nan|nan|nan|nan
923|nan|nan|nan|nan|nan|nan|nan|nan|nan|nan|nan|nan|nan|nan|nan|nan|nan|nan|nan|nan|nan|nan|nan|nan|nan|nan|nan|nan|nan|nan|nan|nan|nan|nan|nan|nan|nan|nan|nan|nan|nan|nan|nan|nan|nan|nan|nan|nan|nan|nan
924|nan|nan|nan|nan|nan|nan|nan|nan|nan|nan|nan|nan|nan|nan|nan|nan|nan|nan|nan|nan|nan|nan|nan|nan|nan|nan|nan|nan|nan|nan|nan|nan|nan|nan|nan|nan|nan|nan|nan|nan|nan|nan|nan|nan|nan|nan|nan|nan|nan|nan
925|nan|nan|nan|nan|nan|nan|nan|nan|nan|nan|nan|nan|nan|nan|nan|nan|nan|nan|nan|nan|nan|nan|nan|nan|nan|nan|nan|nan|nan|nan|nan|nan|nan|nan|nan|nan|nan|nan|nan|nan|nan|nan|nan|nan|nan|nan|nan|nan|nan|nan
926|nan|nan|nan|nan|nan|nan|nan|nan|nan|nan|nan|nan|nan|nan|nan|nan|nan|nan|nan|nan|nan|nan|nan|nan|nan|nan|nan|nan|nan|nan|nan|nan|nan|nan|nan|nan|nan|nan|nan|nan|nan|nan|nan|nan|nan|nan|nan|nan|nan|nan
927|nan|nan|nan|nan|nan|nan|nan|nan|nan|nan|nan|nan|nan|nan|nan|nan|nan|nan|nan|nan|nan|nan|nan|nan|nan|nan|nan|nan|nan|nan|nan|nan|nan|nan|nan|nan|nan|nan|nan|nan|nan|nan|nan|nan|nan|nan|nan|nan|nan|nan
928|nan|nan|nan|nan|nan|nan|nan|nan|nan|nan|nan|nan|nan|nan|nan|nan|nan|nan|nan|nan|nan|nan|nan|nan|nan|nan|nan|nan|nan|nan|nan|nan|nan|nan|nan|nan|nan|nan|nan|nan|nan|nan|nan|nan|nan|nan|nan|nan|nan|nan
929|nan|nan|nan|nan|nan|nan|nan|nan|nan|nan|nan|nan|nan|nan|nan|nan|nan|nan|nan|nan|nan|nan|nan|nan|nan|nan|nan|nan|nan|nan|nan|nan|nan|nan|nan|nan|nan|nan|nan|nan|nan|nan|nan|nan|nan|nan|nan|nan|nan|nan
930|nan|nan|nan|nan|nan|nan|nan|nan|nan|nan|nan|nan|nan|nan|nan|nan|nan|nan|nan|nan|nan|nan|nan|nan|nan|nan|nan|nan|nan|nan|nan|nan|nan|nan|nan|nan|nan|nan|nan|nan|nan|nan|nan|nan|nan|nan|nan|nan|nan|nan
931|nan|nan|nan|nan|nan|nan|nan|nan|nan|nan|nan|nan|nan|nan|nan|nan|nan|nan|nan|nan|nan|nan|nan|nan|nan|nan|nan|nan|nan|nan|nan|nan|nan|nan|nan|nan|nan|nan|nan|nan|nan|nan|nan|nan|nan|nan|nan|nan|nan|nan
932|nan|nan|nan|nan|nan|nan|nan|nan|nan|nan|nan|nan|nan|nan|nan|nan|nan|nan|nan|nan|nan|nan|nan|nan|nan|nan|nan|nan|nan|nan|nan|nan|nan|nan|nan|nan|nan|nan|nan|nan|nan|nan|nan|nan|nan|nan|nan|nan|nan|nan
933|nan|nan|nan|nan|nan|nan|nan|nan|nan|nan|nan|nan|nan|nan|nan|nan|nan|nan|nan|nan|nan|nan|nan|nan|nan|nan|nan|nan|nan|nan|nan|nan|nan|nan|nan|nan|nan|nan|nan|nan|nan|nan|nan|nan|nan|nan|nan|nan|nan|nan
934|nan|nan|nan|nan|nan|nan|nan|nan|nan|nan|nan|nan|nan|nan|nan|nan|nan|nan|nan|nan|nan|nan|nan|nan|nan|nan|nan|nan|nan|nan|nan|nan|nan|nan|nan|nan|nan|nan|nan|nan|nan|nan|nan|nan|nan|nan|nan|nan|nan|nan
935|nan|nan|nan|nan|nan|nan|nan|nan|nan|nan|nan|nan|nan|nan|nan|nan|nan|nan|nan|nan|nan|nan|nan|nan|nan|nan|nan|nan|nan|nan|nan|nan|nan|nan|nan|nan|nan|nan|nan|nan|nan|nan|nan|nan|nan|nan|nan|nan|nan|nan
936|nan|nan|nan|nan|nan|nan|nan|nan|nan|nan|nan|nan|nan|nan|nan|nan|nan|nan|nan|nan|nan|nan|nan|nan|nan|nan|nan|nan|nan|nan|nan|nan|nan|nan|nan|nan|nan|nan|nan|nan|nan|nan|nan|nan|nan|nan|nan|nan|nan|nan
937|nan|nan|nan|nan|nan|nan|nan|nan|nan|nan|nan|nan|nan|nan|nan|nan|nan|nan|nan|nan|nan|nan|nan|nan|nan|nan|nan|nan|nan|nan|nan|nan|nan|nan|nan|nan|nan|nan|nan|nan|nan|nan|nan|nan|nan|nan|nan|nan|nan|nan
938|nan|nan|nan|nan|nan|nan|nan|nan|nan|nan|nan|nan|nan|nan|nan|nan|nan|nan|nan|nan|nan|nan|nan|nan|nan|nan|nan|nan|nan|nan|nan|nan|nan|nan|nan|nan|nan|nan|nan|nan|nan|nan|nan|nan|nan|nan|nan|nan|nan|nan
939|nan|nan|nan|nan|nan|nan|nan|nan|nan|nan|nan|nan|nan|nan|nan|nan|nan|nan|nan|nan|nan|nan|nan|nan|nan|nan|nan|nan|nan|nan|nan|nan|nan|nan|nan|nan|nan|nan|nan|nan|nan|nan|nan|nan|nan|nan|nan|nan|nan|nan
940|nan|nan|nan|nan|nan|nan|nan|nan|nan|nan|nan|nan|nan|nan|nan|nan|nan|nan|nan|nan|nan|nan|nan|nan|nan|nan|nan|nan|nan|nan|nan|nan|nan|nan|nan|nan|nan|nan|nan|nan|nan|nan|nan|nan|nan|nan|nan|nan|nan|nan
941|nan|nan|nan|nan|nan|nan|nan|nan|nan|nan|nan|nan|nan|nan|nan|nan|nan|nan|nan|nan|nan|nan|nan|nan|nan|nan|nan|nan|nan|nan|nan|nan|nan|nan|nan|nan|nan|nan|nan|nan|nan|nan|nan|nan|nan|nan|nan|nan|nan|nan
942|nan|nan|nan|nan|nan|nan|nan|nan|nan|nan|nan|nan|nan|nan|nan|nan|nan|nan|nan|nan|nan|nan|nan|nan|nan|nan|nan|nan|nan|nan|nan|nan|nan|nan|nan|nan|nan|nan|nan|nan|nan|nan|nan|nan|nan|nan|nan|nan|nan|nan
943|nan|nan|nan|nan|nan|nan|nan|nan|nan|nan|nan|nan|nan|nan|nan|nan|nan|nan|nan|nan|nan|nan|nan|nan|nan|nan|nan|nan|nan|nan|nan|nan|nan|nan|nan|nan|nan|nan|nan|nan|nan|nan|nan|nan|nan|nan|nan|nan|nan|nan
944|nan|nan|nan|nan|nan|nan|nan|nan|nan|nan|nan|nan|nan|nan|nan|nan|nan|nan|nan|nan|nan|nan|nan|nan|nan|nan|nan|nan|nan|nan|nan|nan|nan|nan|nan|nan|nan|nan|nan|nan|nan|nan|nan|nan|nan|nan|nan|nan|nan|nan
945|nan|nan|nan|nan|nan|nan|nan|nan|nan|nan|nan|nan|nan|nan|nan|nan|nan|nan|nan|nan|nan|nan|nan|nan|nan|nan|nan|nan|nan|nan|nan|nan|nan|nan|nan|nan|nan|nan|nan|nan|nan|nan|nan|nan|nan|nan|nan|nan|nan|nan
946|nan|nan|nan|nan|nan|nan|nan|nan|nan|nan|nan|nan|nan|nan|nan|nan|nan|nan|nan|nan|nan|nan|nan|nan|nan|nan|nan|nan|nan|nan|nan|nan|nan|nan|nan|nan|nan|nan|nan|nan|nan|nan|nan|nan|nan|nan|nan|nan|nan|nan
947|nan|nan|nan|nan|nan|nan|nan|nan|nan|nan|nan|nan|nan|nan|nan|nan|nan|nan|nan|nan|nan|nan|nan|nan|nan|nan|nan|nan|nan|nan|nan|nan|nan|nan|nan|nan|nan|nan|nan|nan|nan|nan|nan|nan|nan|nan|nan|nan|nan|nan
948|nan|nan|nan|nan|nan|nan|nan|nan|nan|nan|nan|nan|nan|nan|nan|nan|nan|nan|nan|nan|nan|nan|nan|nan|nan|nan|nan|nan|nan|nan|nan|nan|nan|nan|nan|nan|nan|nan|nan|nan|nan|nan|nan|nan|nan|nan|nan|nan|nan|nan
949|nan|nan|nan|nan|nan|nan|nan|nan|nan|nan|nan|nan|nan|nan|nan|nan|nan|nan|nan|nan|nan|nan|nan|nan|nan|nan|nan|nan|nan|nan|nan|nan|nan|nan|nan|nan|nan|nan|nan|nan|nan|nan|nan|nan|nan|nan|nan|nan|nan|nan
950|nan|nan|nan|nan|nan|nan|nan|nan|nan|nan|nan|nan|nan|nan|nan|nan|nan|nan|nan|nan|nan|nan|nan|nan|nan|nan|nan|nan|nan|nan|nan|nan|nan|nan|nan|nan|nan|nan|nan|nan|nan|nan|nan|nan|nan|nan|nan|nan|nan|nan
951|nan|nan|nan|nan|nan|nan|nan|nan|nan|nan|nan|nan|nan|nan|nan|nan|nan|nan|nan|nan|nan|nan|nan|nan|nan|nan|nan|nan|nan|nan|nan|nan|nan|nan|nan|nan|nan|nan|nan|nan|nan|nan|nan|nan|nan|nan|nan|nan|nan|nan
952|nan|nan|nan|nan|nan|nan|nan|nan|nan|nan|nan|nan|nan|nan|nan|nan|nan|nan|nan|nan|nan|nan|nan|nan|nan|nan|nan|nan|nan|nan|nan|nan|nan|nan|nan|nan|nan|nan|nan|nan|nan|nan|nan|nan|nan|nan|nan|nan|nan|nan
953|nan|nan|nan|nan|nan|nan|nan|nan|nan|nan|nan|nan|nan|nan|nan|nan|nan|nan|nan|nan|nan|nan|nan|nan|nan|nan|nan|nan|nan|nan|nan|nan|nan|nan|nan|nan|nan|nan|nan|nan|nan|nan|nan|nan|nan|nan|nan|nan|nan|nan
954|nan|nan|nan|nan|nan|nan|nan|nan|nan|nan|nan|nan|nan|nan|nan|nan|nan|nan|nan|nan|nan|nan|nan|nan|nan|nan|nan|nan|nan|nan|nan|nan|nan|nan|nan|nan|nan|nan|nan|nan|nan|nan|nan|nan|nan|nan|nan|nan|nan|nan
955|nan|nan|nan|nan|nan|nan|nan|nan|nan|nan|nan|nan|nan|nan|nan|nan|nan|nan|nan|nan|nan|nan|nan|nan|nan|nan|nan|nan|nan|nan|nan|nan|nan|nan|nan|nan|nan|nan|nan|nan|nan|nan|nan|nan|nan|nan|nan|nan|nan|nan
956|nan|nan|nan|nan|nan|nan|nan|nan|nan|nan|nan|nan|nan|nan|nan|nan|nan|nan|nan|nan|nan|nan|nan|nan|nan|nan|nan|nan|nan|nan|nan|nan|nan|nan|nan|nan|nan|nan|nan|nan|nan|nan|nan|nan|nan|nan|nan|nan|nan|nan
957|nan|nan|nan|nan|nan|nan|nan|nan|nan|nan|nan|nan|nan|nan|nan|nan|nan|nan|nan|nan|nan|nan|nan|nan|nan|nan|nan|nan|nan|nan|nan|nan|nan|nan|nan|nan|nan|nan|nan|nan|nan|nan|nan|nan|nan|nan|nan|nan|nan|nan
958|nan|nan|nan|nan|nan|nan|nan|nan|nan|nan|nan|nan|nan|nan|nan|nan|nan|nan|nan|nan|nan|nan|nan|nan|nan|nan|nan|nan|nan|nan|nan|nan|nan|nan|nan|nan|nan|nan|nan|nan|nan|nan|nan|nan|nan|nan|nan|nan|nan|nan
959|nan|nan|nan|nan|nan|nan|nan|nan|nan|nan|nan|nan|nan|nan|nan|nan|nan|nan|nan|nan|nan|nan|nan|nan|nan|nan|nan|nan|nan|nan|nan|nan|nan|nan|nan|nan|nan|nan|nan|nan|nan|nan|nan|nan|nan|nan|nan|nan|nan|nan
1000|nan|nan|nan|nan|nan|nan|nan|nan|nan|nan|nan|nan|nan|nan|nan|nan|nan|nan|nan|nan|nan|nan|nan|nan|nan|nan|nan|nan|nan|nan|nan|nan|nan|nan|nan|nan|nan|nan|nan|nan|nan|nan|nan|nan|nan|nan|nan|nan|nan|nan
1001|nan|nan|nan|nan|nan|nan|nan|nan|nan|nan|nan|nan|nan|nan|nan|nan|nan|nan|nan|nan|nan|nan|nan|nan|nan|nan|nan|nan|nan|nan|nan|nan|nan|nan|nan|nan|nan|nan|nan|nan|nan|nan|nan|nan|nan|nan|nan|nan|nan|nan
1002|nan|nan|nan|nan|nan|nan|nan|nan|nan|nan|nan|nan|nan|nan|nan|nan|nan|nan|nan|nan|nan|nan|nan|nan|nan|nan|nan|nan|nan|nan|nan|nan|nan|nan|nan|nan|nan|nan|nan|nan|nan|nan|nan|nan|nan|nan|nan|nan|nan|nan
1003|nan|nan|nan|nan|nan|nan|nan|nan|nan|nan|nan|nan|nan|nan|nan|nan|nan|nan|nan|nan|nan|nan|nan|nan|nan|nan|nan|nan|nan|nan|nan|nan|nan|nan|nan|nan|nan|nan|nan|nan|nan|nan|nan|nan|nan|nan|nan|nan|nan|nan
1004|nan|nan|nan|nan|nan|nan|nan|nan|nan|nan|nan|nan|nan|nan|nan|nan|nan|nan|nan|nan|nan|nan|nan|nan|nan|nan|nan|nan|nan|nan|nan|nan|nan|nan|nan|nan|nan|nan|nan|nan|nan|nan|nan|nan|nan|nan|nan|nan|nan|nan
1005|nan|nan|nan|nan|nan|nan|nan|nan|nan|nan|nan|nan|nan|nan|nan|nan|nan|nan|nan|nan|nan|nan|nan|nan|nan|nan|nan|nan|nan|nan|nan|nan|nan|nan|nan|nan|nan|nan|nan|nan|nan|nan|nan|nan|nan|nan|nan|nan|nan|nan
1006|nan|nan|nan|nan|nan|nan|nan|nan|nan|nan|nan|nan|nan|nan|nan|nan|nan|nan|nan|nan|nan|nan|nan|nan|nan|nan|nan|nan|nan|nan|nan|nan|nan|nan|nan|nan|nan|nan|nan|nan|nan|nan|nan|nan|nan|nan|nan|nan|nan|nan
1007|nan|nan|nan|nan|nan|nan|nan|nan|nan|nan|nan|nan|nan|nan|nan|nan|nan|nan|nan|nan|nan|nan|nan|nan|nan|nan|nan|nan|nan|nan|nan|nan|nan|nan|nan|nan|nan|nan|nan|nan|nan|nan|nan|nan|nan|nan|nan|nan|nan|nan
1008|nan|nan|nan|nan|nan|nan|nan|nan|nan|nan|nan|nan|nan|nan|nan|nan|nan|nan|nan|nan|nan|nan|nan|nan|nan|nan|nan|nan|nan|nan|nan|nan|nan|nan|nan|nan|nan|nan|nan|nan|nan|nan|nan|nan|nan|nan|nan|nan|nan|nan
1009|nan|nan|nan|nan|nan|nan|nan|nan|nan|nan|nan|nan|nan|nan|nan|nan|nan|nan|nan|nan|nan|nan|nan|nan|nan|nan|nan|nan|nan|nan|nan|nan|nan|nan|nan|nan|nan|nan|nan|nan|nan|nan|nan|nan|nan|nan|nan|nan|nan|nan
1010|nan|nan|nan|nan|nan|nan|nan|nan|nan|nan|nan|nan|nan|nan|nan|nan|nan|nan|nan|nan|nan|nan|nan|nan|nan|nan|nan|nan|nan|nan|nan|nan|nan|nan|nan|nan|nan|nan|nan|nan|nan|nan|nan|nan|nan|nan|nan|nan|nan|nan
1011|nan|nan|nan|nan|nan|nan|nan|nan|nan|nan|nan|nan|nan|nan|nan|nan|nan|nan|nan|nan|nan|nan|nan|nan|nan|nan|nan|nan|nan|nan|nan|nan|nan|nan|nan|nan|nan|nan|nan|nan|nan|nan|nan|nan|nan|nan|nan|nan|nan|nan
1012|nan|nan|nan|nan|nan|nan|nan|nan|nan|nan|nan|nan|nan|nan|nan|nan|nan|nan|nan|nan|nan|nan|nan|nan|nan|nan|nan|nan|nan|nan|nan|nan|nan|nan|nan|nan|nan|nan|nan|nan|nan|nan|nan|nan|nan|nan|nan|nan|nan|nan
1013|nan|nan|nan|nan|nan|nan|nan|nan|nan|nan|nan|nan|nan|nan|nan|nan|nan|nan|nan|nan|nan|nan|nan|nan|nan|nan|nan|nan|nan|0.000000|nan|nan|nan|nan|nan|nan|nan|nan|nan|nan|nan|nan|nan|nan|nan|nan|nan|nan|nan|nan
1014|nan|nan|nan|nan|nan|nan|nan|nan|nan|nan|nan|nan|nan|nan|nan|nan|nan|nan|nan|nan|nan|nan|nan|nan|nan|nan|nan|nan|nan|65.528807|nan|nan|nan|nan|nan|nan|nan|nan|nan|nan|nan|nan|nan|nan|nan|nan|nan|nan|nan|nan
1030|nan|nan|nan|nan|nan|nan|nan|nan|nan|nan|nan|nan|nan|nan|nan|nan|nan|nan|nan|nan|nan|nan|nan|nan|nan|nan|nan|nan|nan|93.613209|nan|nan|nan|nan|nan|nan|nan|nan|nan|nan|nan|nan|nan|nan|nan|nan|nan|nan|nan|nan
1031|nan|nan|nan|nan|nan|nan|nan|nan|nan|nan|nan|nan|nan|nan|nan|nan|nan|nan|nan|nan|nan|nan|nan|nan|nan|nan|nan|nan|nan|107.248564|nan|nan|nan|nan|nan|nan|nan|nan|nan|nan|nan|nan|nan|nan|nan|nan|nan|nan|nan|nan
1032|nan|nan|nan|nan|nan|nan|nan|nan|nan|nan|nan|nan|nan|nan|nan|nan|nan|nan|nan|nan|nan|nan|nan|nan|nan|nan|nan|nan|nan|76.645064|nan|nan|nan|nan|nan|nan|nan|nan|nan|nan|nan|nan|nan|nan|nan|nan|nan|nan|nan|nan
1033|nan|nan|nan|nan|nan|nan|nan|nan|nan|nan|nan|nan|nan|nan|nan|nan|nan|nan|nan|nan|nan|nan|nan|nan|nan|nan|nan|nan|nan|63.870886|nan|nan|nan|nan|nan|nan|nan|nan|nan|nan|nan|nan|nan|nan|nan|nan|nan|nan|nan|nan
1034|nan|nan|nan|nan|nan|nan|nan|nan|nan|nan|nan|nan|nan|nan|nan|nan|nan|nan|nan|nan|nan|nan|nan|nan|nan|nan|nan|nan|nan|50.502242|nan|nan|nan|nan|nan|nan|nan|nan|nan|nan|nan|nan|nan|nan|nan|nan|nan|nan|nan|nan
1035|nan|nan|nan|nan|nan|nan|nan|nan|nan|nan|nan|nan|nan|nan|nan|nan|nan|nan|nan|nan|nan|nan|nan|nan|nan|nan|nan|nan|nan|36.808871|nan|nan|nan|nan|nan|nan|nan|nan|nan|nan|nan|nan|nan|nan|nan|nan|nan|nan|nan|nan
1036|nan|nan|nan|nan|nan|nan|nan|nan|nan|nan|nan|nan|nan|nan|nan|nan|nan|nan|nan|nan|nan|nan|nan|nan|nan|nan|nan|nan|nan|22.973257|nan|nan|nan|nan|nan|nan|nan|nan|nan|nan|nan|nan|nan|nan|nan|nan|nan|nan|nan|nan
1037|nan|nan|nan|nan|nan|nan|nan|nan|nan|nan|nan|nan|nan|nan|nan|nan|nan|nan|nan|nan|nan|nan|nan|nan|nan|nan|nan|nan|nan|11.982896|nan|nan|nan|nan|nan|nan|nan|nan|nan|nan|nan|nan|nan|nan|nan|nan|nan|nan|nan|nan
1038|nan|nan|nan|nan|nan|nan|nan|nan|nan|nan|nan|nan|nan|nan|nan|nan|nan|nan|nan|nan|nan|nan|nan|nan|nan|nan|nan|nan|nan|10.893542|nan|nan|nan|nan|nan|nan|nan|nan|nan|nan|nan|nan|nan|nan|nan|nan|nan|nan|nan|nan
1039|nan|nan|nan|nan|nan|nan|nan|nan|nan|nan|nan|nan|nan|nan|nan|nan|nan|nan|nan|nan|nan|nan|nan|nan|nan|nan|nan|nan|nan|7.639051|nan|nan|nan|nan|nan|nan|nan|nan|nan|nan|nan|nan|nan|nan|nan|nan|nan|nan|nan|nan
1040|nan|nan|nan|nan|nan|nan|nan|nan|nan|nan|nan|nan|nan|nan|nan|nan|nan|nan|nan|nan|nan|nan|nan|nan|nan|nan|nan|nan|nan|-2.605408|nan|nan|nan|nan|nan|nan|nan|nan|nan|nan|nan|nan|nan|nan|nan|nan|nan|nan|nan|nan
1041|nan|nan|nan|nan|nan|nan|nan|nan|nan|nan|nan|nan|nan|nan|nan|nan|nan|nan|nan|nan|nan|nan|nan|nan|nan|nan|nan|nan|nan|-8.367774|nan|nan|nan|nan|nan|nan|nan|nan|nan|nan|nan|nan|nan|nan|nan|nan|nan|nan|nan|nan
1042|nan|nan|nan|nan|nan|nan|nan|nan|nan|nan|nan|nan|nan|nan|nan|nan|nan|nan|nan|nan|nan|nan|nan|nan|nan|nan|nan|nan|nan|-5.948622|nan|nan|nan|nan|nan|nan|nan|nan|nan|nan|nan|nan|nan|nan|nan|nan|nan|nan|nan|nan
1043|nan|nan|nan|nan|nan|nan|nan|nan|nan|nan|nan|nan|nan|nan|nan|nan|nan|nan|nan|nan|nan|nan|nan|nan|nan|nan|nan|nan|nan|-3.803889|nan|0.424955|nan|nan|nan|-3107.536321|nan|nan|nan|nan|-4076065.294637|nan|nan|89.868538|nan|-246.548077|nan|-0.147998|nan|nan
1044|nan|nan|nan|nan|nan|nan|nan|nan|nan|nan|nan|nan|nan|nan|nan|nan|nan|nan|nan|nan|nan|nan|nan|nan|nan|nan|nan|nan|nan|-5.291519|nan|0.424955|nan|nan|nan|-3108.557688|nan|nan|nan|nan|-4076065.294637|nan|nan|89.585938|nan|-246.548077|nan|-0.147998|nan|nan
1045|nan|nan|nan|nan|nan|nan|nan|nan|nan|nan|nan|nan|nan|nan|nan|nan|nan|nan|nan|nan|nan|nan|nan|nan|nan|nan|nan|nan|nan|-0.011800|nan|0.424955|nan|nan|nan|-3107.012348|nan|nan|nan|nan|-4076065.294637|nan|nan|89.309426|nan|-246.548077|nan|-0.147998|nan|nan
1046|nan|nan|nan|nan|nan|nan|nan|nan|nan|nan|nan|nan|nan|nan|nan|nan|nan|nan|nan|nan|nan|nan|nan|nan|nan|nan|nan|nan|nan|-0.011179|nan|0.424955|nan|nan|nan|-3108.151522|nan|nan|nan|nan|-4076065.294637|nan|nan|89.037230|nan|-246.548077|nan|-0.147998|nan|nan
1047|nan|nan|nan|nan|nan|nan|nan|nan|nan|nan|nan|nan|nan|nan|nan|nan|nan|nan|nan|nan|nan|nan|nan|nan|nan|nan|nan|nan|nan|-19.944582|nan|0.424955|nan|nan|nan|-3109.321011|nan|nan|nan|nan|-4076065.294637|nan|nan|88.767868|nan|-246.548077|nan|-0.147998|nan|nan
1048|nan|nan|nan|nan|nan|nan|nan|nan|nan|nan|nan|nan|nan|nan|nan|nan|nan|nan|nan|nan|nan|nan|nan|nan|nan|nan|nan|nan|nan|-21.371106|nan|0.424955|nan|nan|nan|-3108.038495|nan|nan|nan|nan|-4076065.294637|nan|nan|88.501293|nan|-246.548077|nan|-0.147998|nan|nan
1049|nan|nan|nan|nan|nan|nan|nan|nan|nan|nan|nan|nan|nan|nan|nan|nan|nan|nan|nan|nan|nan|nan|nan|nan|nan|nan|nan|nan|nan|-22.778676|nan|0.424955|nan|nan|nan|-3108.893459|nan|nan|nan|nan|-4076065.294637|nan|nan|88.237459|nan|-246.548077|nan|-0.147998|nan|nan
1050|nan|nan|nan|nan|nan|nan|nan|nan|nan|nan|nan|nan|nan|nan|nan|nan|nan|nan|nan|nan|nan|nan|nan|nan|nan|nan|nan|nan|nan|-20.193077|nan|0.424955|nan|nan|nan|-3108.159862|nan|nan|nan|nan|-4076065.294637|nan|nan|87.975586|nan|-246.548077|nan|-0.147998|nan|nan
1051|nan|nan|nan|nan|nan|nan|nan|nan|nan|nan|nan|nan|nan|nan|nan|nan|nan|nan|nan|nan|nan|nan|nan|nan|nan|nan|nan|nan|nan|-17.743902|nan|0.424955|nan|nan|nan|-3108.086207|nan|nan|nan|nan|-4076065.294637|nan|nan|87.718575|nan|-246.548077|nan|-0.147998|nan|nan
1052|nan|nan|nan|nan|nan|nan|nan|nan|nan|nan|nan|nan|nan|nan|nan|nan|nan|nan|nan|nan|nan|nan|nan|nan|nan|nan|nan|nan|nan|-21.918226|nan|0.424955|nan|nan|nan|-3108.994000|nan|nan|nan|nan|-4076065.294637|nan|nan|87.465912|nan|-246.548077|nan|-0.147998|nan|nan
1053|nan|nan|nan|nan|nan|nan|nan|nan|nan|nan|nan|nan|nan|nan|nan|nan|nan|nan|nan|nan|nan|nan|nan|nan|nan|nan|nan|nan|nan|-34.365816|nan|0.424955|nan|nan|nan|-3107.856380|nan|nan|nan|nan|-4076065.294637|nan|nan|87.217000|nan|-246.548077|nan|-0.147998|nan|nan
1054|nan|nan|nan|nan|nan|nan|nan|nan|nan|nan|nan|nan|nan|nan|nan|nan|nan|nan|nan|nan|nan|nan|nan|nan|nan|nan|nan|nan|nan|-38.215740|nan|0.424955|nan|nan|nan|-3108.714321|nan|nan|nan|nan|-4076065.294637|nan|nan|86.971334|nan|-246.548077|nan|-0.147998|nan|nan
1055|nan|nan|nan|nan|nan|nan|nan|nan|nan|nan|nan|nan|nan|nan|nan|nan|nan|nan|nan|nan|nan|nan|nan|nan|nan|nan|nan|nan|nan|-22.839557|nan|0.424955|nan|nan|nan|-3106.677022|nan|nan|nan|nan|-4076065.294637|nan|nan|86.728986|nan|-246.548077|nan|-0.147998|nan|nan
1056|nan|nan|nan|nan|nan|nan|nan|nan|nan|nan|nan|nan|nan|nan|nan|nan|nan|nan|nan|nan|nan|nan|nan|nan|nan|nan|nan|nan|nan|-27.438692|nan|0.424955|nan|nan|nan|-3108.988191|nan|nan|nan|nan|-4076065.294637|nan|nan|86.489689|nan|-246.548077|nan|-0.147998|nan|nan
1057|nan|nan|nan|nan|nan|nan|nan|nan|nan|nan|nan|nan|nan|nan|nan|nan|nan|nan|nan|nan|nan|nan|nan|nan|nan|nan|nan|nan|nan|-28.364639|nan|0.424955|nan|nan|nan|-3107.814917|nan|nan|nan|nan|-4076065.294637|nan|nan|86.253310|nan|-246.548077|nan|-0.147998|nan|nan
1058|nan|nan|nan|nan|nan|nan|nan|nan|nan|nan|nan|nan|nan|nan|nan|nan|nan|nan|nan|nan|nan|nan|nan|nan|-0.076933|nan|nan|nan|nan|-16.183638|nan|0.424955|nan|nan|nan|-3107.141213|nan|nan|nan|nan|-4076065.294637|nan|nan|86.020072|nan|-236.837285|nan|-0.147998|nan|-394.899160
1059|nan|nan|nan|nan|nan|nan|nan|nan|nan|nan|nan|nan|nan|nan|nan|nan|nan|nan|nan|nan|nan|nan|nan|nan|-0.076933|nan|nan|nan|nan|-16.632687|nan|0.424955|nan|nan|nan|-3107.796100|nan|nan|nan|nan|-4076065.294637|nan|nan|85.789915|nan|-228.268939|nan|-0.147998|nan|-538.377749
1100|nan|nan|nan|nan|nan|nan|nan|nan|nan|nan|nan|nan|nan|nan|nan|nan|nan|nan|nan|nan|nan|nan|nan|nan|-0.076933|nan|nan|nan|nan|-21.943384|nan|0.424955|nan|nan|nan|-3107.985430|nan|nan|nan|nan|-4076065.294637|nan|nan|85.562529|nan|-220.652632|nan|-0.147998|nan|-538.377749
1101|nan|nan|nan|nan|nan|nan|nan|nan|nan|nan|nan|nan|nan|nan|nan|nan|nan|nan|nan|nan|nan|nan|nan|nan|-0.076933|nan|nan|nan|nan|-21.297990|nan|0.424955|nan|nan|nan|-3107.511925|nan|nan|nan|nan|-4076065.294637|nan|nan|85.337907|nan|-213.838041|nan|-0.147998|nan|-538.377749
1102|nan|nan|nan|nan|nan|nan|nan|nan|nan|nan|nan|nan|nan|nan|nan|nan|nan|nan|nan|nan|nan|nan|nan|nan|-0.076933|nan|nan|nan|nan|-28.641749|nan|0.424955|nan|nan|nan|-3108.299593|nan|nan|nan|nan|-4076065.294637|nan|nan|85.115967|nan|-207.704910|nan|-0.147998|nan|-538.377749
1103|nan|nan|nan|nan|nan|nan|nan|nan|nan|nan|nan|nan|nan|nan|nan|nan|nan|nan|nan|nan|nan|nan|nan|nan|-0.076933|nan|nan|nan|nan|-23.829011|nan|0.424955|nan|nan|nan|-3107.621581|nan|nan|nan|nan|-4076065.294637|nan|nan|83.415090|nan|-202.155886|nan|-0.147998|nan|-538.377749
1104|nan|nan|nan|nan|nan|nan|nan|nan|nan|nan|nan|nan|nan|nan|nan|nan|nan|nan|nan|nan|nan|nan|nan|nan|-0.076933|nan|nan|nan|nan|-17.116298|nan|0.424955|nan|nan|nan|-3107.430465|nan|nan|nan|nan|-4076065.294637|nan|nan|81.323144|nan|-197.111319|nan|-0.147998|nan|-538.377749
1105|nan|nan|nan|nan|nan|nan|nan|nan|nan|nan|nan|nan|nan|nan|nan|nan|nan|nan|nan|nan|nan|nan|nan|nan|-0.076933|nan|nan|nan|nan|-19.717357|nan|0.424955|nan|nan|nan|-3109.678567|nan|nan|nan|nan|-4076065.294637|nan|nan|79.152194|nan|-192.505409|nan|-0.147998|nan|-538.377749
1106|nan|nan|nan|nan|nan|nan|nan|nan|nan|nan|nan|nan|nan|nan|nan|nan|nan|nan|nan|nan|nan|nan|nan|nan|-0.076933|nan|nan|nan|nan|-16.150286|nan|0.424955|nan|nan|nan|-3107.386521|nan|nan|nan|nan|-4076065.294637|nan|nan|76.984984|nan|-188.283326|nan|-0.147998|nan|-538.377749
1107|nan|nan|nan|nan|nan|nan|nan|nan|nan|nan|nan|nan|nan|nan|nan|nan|nan|nan|nan|nan|nan|nan|nan|nan|-0.076933|nan|nan|nan|nan|-7.579847|nan|0.424955|nan|nan|nan|-3107.429363|nan|nan|nan|nan|-4076065.294637|nan|nan|74.862195|nan|-184.399009|nan|-0.147998|nan|-538.377749
1108|nan|nan|nan|nan|nan|nan|nan|nan|nan|nan|nan|nan|nan|nan|nan|nan|nan|nan|nan|nan|nan|nan|nan|nan|-0.076933|nan|nan|nan|nan|4.810781|nan|0.424955|nan|nan|nan|-3107.370128|nan|nan|nan|nan|-4076065.294637|nan|nan|72.813391|nan|-180.813486|nan|-0.147998|nan|-538.377749
1109|nan|nan|nan|nan|nan|nan|nan|nan|nan|nan|nan|nan|nan|nan|nan|nan|nan|nan|nan|nan|nan|nan|nan|nan|-0.076933|nan|nan|nan|nan|-7.445680|nan|0.424955|nan|nan|nan|-3110.396161|nan|nan|nan|nan|-4076065.294637|nan|nan|70.846851|nan|-177.493557|nan|-0.147998|nan|-538.377749
1110|nan|nan|nan|nan|nan|nan|nan|nan|nan|nan|nan|nan|nan|nan|nan|nan|nan|nan|nan|nan|nan|nan|nan|nan|-0.076933|nan|nan|nan|nan|-8.277828|nan|0.424955|nan|nan|nan|-3108.680078|nan|nan|nan|nan|-4076065.294637|nan|nan|68.969124|nan|-174.410766|nan|-0.147998|nan|-538.377749
1111|nan|nan|nan|nan|nan|nan|nan|nan|nan|nan|nan|nan|nan|nan|nan|nan|nan|nan|nan|nan|nan|nan|nan|nan|-0.076933|nan|nan|nan|nan|-8.089695|nan|0.424955|nan|nan|nan|-3107.539361|nan|nan|nan|nan|-4076065.294637|nan|nan|67.189470|nan|-171.540581|nan|-0.147998|nan|-538.377749
1112|nan|nan|nan|nan|nan|nan|nan|nan|nan|nan|nan|nan|nan|nan|nan|nan|nan|nan|nan|nan|nan|nan|nan|nan|-0.076933|nan|nan|nan|nan|-19.789920|nan|0.424955|nan|nan|nan|-3108.452822|nan|nan|nan|nan|-4076065.294637|nan|nan|65.498912|nan|-168.861742|nan|-0.147998|nan|-538.377749
1113|nan|nan|nan|nan|nan|nan|nan|nan|-404.000000|nan|nan|-54095519.521300|nan|nan|nan|nan|nan|nan|nan|nan|nan|nan|nan|nan|-0.076933|nan|nan|nan|nan|-34.108719|nan|0.424955|nan|nan|nan|-3108.872590|nan|nan|nan|nan|-4076065.294637|nan|nan|63.891764|nan|-163.682653|nan|-0.147998|nan|-538.377749
1114|nan|nan|nan|nan|nan|nan|nan|nan|-404.000000|nan|nan|-56986633.872862|nan|nan|nan|nan|nan|nan|nan|nan|nan|nan|nan|nan|-0.076933|nan|nan|nan|nan|-33.383002|nan|0.424955|nan|nan|nan|-3106.509050|nan|nan|nan|nan|-4076065.294637|nan|nan|62.362531|nan|-158.503564|nan|-0.147998|nan|-538.377749
1115|nan|nan|nan|nan|nan|nan|nan|nan|-404.000000|nan|nan|-62214342.970524|nan|nan|nan|nan|nan|nan|nan|nan|nan|nan|nan|nan|-0.076933|nan|nan|nan|nan|-32.687523|nan|0.424955|nan|nan|nan|-3107.899716|nan|nan|nan|nan|-4076065.294637|nan|nan|60.912237|nan|-153.324475|nan|-0.147998|nan|-538.377749
1116|nan|nan|nan|nan|nan|nan|nan|nan|-404.000000|nan|nan|-68184361.092719|nan|nan|nan|nan|nan|nan|nan|nan|nan|nan|nan|nan|-0.076933|nan|nan|nan|nan|-33.944799|nan|0.424955|nan|nan|nan|-3108.246819|nan|nan|nan|nan|-4076065.294637|nan|nan|59.534499|nan|-148.145386|nan|-0.147998|nan|-538.377749
1117|nan|nan|nan|nan|nan|nan|nan|nan|-404.000000|nan|nan|-76010766.190369|nan|nan|nan|nan|nan|nan|nan|nan|nan|nan|nan|nan|-0.076933|nan|nan|nan|nan|-37.084346|nan|0.424955|nan|nan|nan|-3107.895238|nan|nan|nan|nan|-4076065.294637|nan|nan|58.224178|nan|-142.966297|nan|-0.147998|nan|-538.377749
1118|nan|nan|nan|nan|nan|nan|nan|nan|-404.000000|nan|nan|-73759759.781240|nan|nan|nan|nan|nan|nan|nan|nan|nan|nan|nan|0.243078|-0.076933|nan|nan|nan|nan|-34.465348|nan|0.424955|nan|nan|nan|-3107.651366|nan|nan|nan|nan|-4076065.294637|nan|nan|56.987801|nan|-137.787208|nan|-0.147998|nan|-538.377749
1119|nan|nan|nan|nan|nan|nan|nan|nan|-404.000000|nan|nan|-75298247.160554|nan|nan|nan|nan|nan|nan|nan|nan|nan|nan|nan|0.230759|-0.076933|nan|nan|nan|nan|-25.381635|nan|0.424955|nan|nan|nan|-3107.041955|nan|nan|nan|nan|-4076065.294637|nan|nan|55.821490|nan|-132.608119|nan|-0.147998|nan|-538.377749
1120|nan|nan|nan|nan|nan|nan|nan|nan|-404.000000|nan|nan|-73360018.641624|nan|nan|nan|nan|nan|nan|nan|nan|nan|nan|nan|0.226652|-0.076933|nan|nan|nan|nan|-24.902736|nan|0.424955|nan|nan|nan|-3108.120986|nan|nan|nan|nan|-4076065.294637|nan|nan|54.721439|nan|-124.617695|nan|-0.147998|nan|-538.377749
1121|nan|nan|nan|nan|nan|nan|nan|nan|-404.000000|nan|nan|-76563135.137486|nan|nan|nan|nan|nan|nan|nan|nan|nan|nan|nan|0.224599|-0.076933|nan|nan|nan|nan|-25.352296|nan|0.424955|nan|nan|nan|-3108.596412|nan|nan|nan|nan|-4076065.294637|nan|nan|53.681891|nan|-116.627270|nan|-0.147998|nan|-538.377749
1122|nan|nan|nan|nan|nan|nan|nan|nan|-404.000000|nan|nan|-74385932.560740|nan|nan|nan|nan|nan|nan|nan|nan|nan|nan|nan|0.215291|-0.076933|nan|nan|nan|nan|-26.685174|nan|0.424955|nan|nan|nan|-3108.147149|nan|nan|nan|nan|-4076065.294637|nan|nan|52.698429|nan|-108.636845|nan|-0.147998|nan|-538.377749
1123|nan|nan|nan|6.400000|nan|nan|nan|nan|-404.000000|nan|nan|-71581091.275662|nan|nan|nan|nan|nan|nan|nan|nan|nan|nan|nan|0.209087|-0.076933|nan|nan|nan|nan|-25.326625|nan|0.424955|nan|nan|nan|-3108.123373|nan|nan|nan|nan|-4076065.294637|nan|nan|51.767201|nan|-100.646420|nan|-0.147998|nan|-538.377749
1124|nan|nan|nan|4.600000|nan|nan|nan|nan|-404.000000|nan|nan|-80077343.309661|nan|nan|nan|nan|nan|nan|nan|nan|nan|nan|nan|0.190498|-0.076933|nan|nan|nan|nan|-24.882298|nan|0.424955|nan|nan|nan|-3108.049649|nan|nan|nan|nan|-4076065.294637|nan|nan|50.883294|nan|-92.655996|nan|-0.147998|nan|-538.377749
1125|nan|nan|nan|3.800000|nan|nan|nan|nan|-404.000000|nan|nan|-87235956.203909|nan|nan|nan|nan|nan|nan|nan|nan|nan|nan|nan|0.176556|-0.076933|nan|nan|nan|nan|-24.453293|nan|0.424955|nan|nan|nan|-3108.229915|nan|nan|nan|nan|-4076065.294637|nan|nan|50.042658|nan|-84.665571|nan|-0.147998|nan|-538.377749
1126|nan|nan|nan|2.400000|nan|nan|nan|nan|-404.000000|nan|nan|-92244781.067250|nan|nan|nan|nan|nan|nan|nan|nan|nan|nan|nan|0.165713|-0.076933|nan|nan|nan|nan|-20.712597|nan|0.424955|nan|nan|nan|-3107.291015|nan|nan|nan|nan|-4076065.294637|nan|nan|49.242094|nan|-76.675146|nan|-0.147998|nan|-538.377749
1127|nan|nan|nan|0.000000|nan|nan|nan|nan|-404.000000|nan|nan|-94056206.059492|nan|nan|nan|nan|nan|nan|nan|nan|nan|nan|nan|0.157038|-0.076933|nan|nan|nan|nan|-25.245364|nan|0.424955|nan|nan|nan|-3108.170604|nan|nan|nan|nan|-955821.728443|nan|nan|48.476220|nan|-68.684721|nan|-0.147998|nan|-538.377749
1128|-96725889.980414|nan|nan|-2.400000|nan|nan|nan|-1.866168|-404.000000|-0.846989|0.334907|-96444700.677171|nan|nan|nan|nan|-6.000000|nan|-4611685.834009|nan|nan|nan|nan|0.149941|-0.076933|nan|nan|-0.380721|nan|-22.017290|nan|0.424955|-0.846989|-0.096274|-0.979368|-3107.875623|-403494796.404739|nan|313875.569352|nan|-955821.728443|nan|nan|46.806519|nan|-65.873386|-10.150000|-0.147998|nan|-538.377749
1129|-103720177.254666|nan|nan|-4.600000|nan|nan|nan|-2.424431|-404.000000|-0.846989|0.334907|-105375954.264160|nan|nan|nan|nan|-4.800000|nan|-4608753.489827|nan|nan|nan|nan|0.144026|-0.076933|nan|nan|-0.379641|nan|-21.801949|nan|0.424955|-0.846989|-0.093576|-1.167117|-3107.815432|-404344068.778857|nan|313875.569352|nan|-955821.728443|nan|nan|45.148209|nan|-63.062050|-12.150000|-0.147998|nan|-538.377749
1330|-116212504.080816|nan|nan|-6.000000|nan|nan|nan|-2.424431|-404.000000|-0.846989|0.334907|-118006847.745621|nan|nan|nan|nan|-1.000000|nan|-4614525.913163|0.731706|nan|nan|nan|0.139022|-0.076933|nan|nan|-0.379700|nan|-25.881345|nan|0.424955|-0.846989|-0.090945|-1.167117|-3108.196585|-404344068.778857|nan|313875.569352|nan|-955821.728443|nan|nan|43.501364|nan|-60.250714|-10.150000|-0.147998|nan|-538.377749
1331|-111914893.728226|nan|nan|-6.600000|nan|nan|nan|-2.424431|-404.000000|-0.846989|0.334907|-113954998.654742|nan|nan|nan|nan|-3.600000|nan|-4610859.672639|0.817464|nan|nan|nan|0.134732|-0.076933|nan|nan|-0.378196|nan|-28.350589|nan|0.424955|-0.846989|-0.088401|-1.167117|-3108.478393|-404344068.778857|nan|313875.569352|nan|-955821.728443|nan|nan|41.865514|nan|-57.439378|-10.150000|-0.147998|nan|-538.377749
1332|-117867865.150000|nan|nan|-7.200000|nan|nan|nan|-2.469849|-404.000000|-0.846989|0.334907|-121268661.278568|nan|nan|nan|nan|-6.600000|nan|-4613542.929971|0.980112|nan|nan|nan|0.131014|-0.076933|nan|nan|-0.408169|nan|-26.816721|nan|0.424955|-0.846989|-0.085775|-1.167117|-3108.081564|-404344068.778857|nan|313875.569352|nan|-955821.728443|nan|nan|40.240414|nan|-54.628042|-8.150000|-0.147998|nan|-538.377749
1333|-121972308.850000|5.409028|nan|-7.600000|nan|nan|nan|-2.469849|-404.000000|-0.846989|0.334907|-127972214.344147|nan|nan|nan|nan|-6.000000|nan|-4615803.082062|1.715259|nan|nan|nan|0.127761|-0.076933|nan|nan|-0.408169|nan|-26.816721|nan|0.424955|-0.846989|-0.084542|-1.642411|-3107.853724|-404344068.778857|nan|313875.569352|nan|-955821.728443|nan|nan|38.625931|nan|-51.816707|-10.150000|-0.147998|nan|-538.377749
1334|-124697607.680179|3.285764|nan|-7.600000|nan|nan|nan|-6.709147|-404.000000|-0.979368|0.334907|-129875760.195439|nan|nan|nan|nan|-11.600000|nan|-4618971.673478|1.715259|nan|nan|nan|0.124891|-0.076933|nan|nan|-0.416311|nan|-20.327010|nan|0.424955|-0.846989|-0.084542|-2.426834|-3107.417064|-404344068.778857|nan|313875.569352|nan|-955821.728443|nan|nan|37.021953|nan|-49.005371|-14.325000|-0.147998|nan|-538.377749
1335|-136868685.493640|2.448611|nan|-7.600000|nan|nan|nan|-6.709147|-404.000000|-0.979368|0.334907|-142143129.137155|nan|nan|nan|nan|-1.800000|nan|-4615522.847978|1.715259|nan|nan|nan|0.122339|-0.076933|nan|nan|-0.412402|nan|-25.993571|nan|0.424955|-0.846989|-0.084542|-2.426834|-3108.701903|-404344068.778857|nan|313875.569352|nan|-955821.728443|nan|nan|35.428432|nan|-46.194035|-13.300000|-0.147998|nan|-538.377749
1336|-137767321.320262|2.348958|nan|-7.800000|nan|nan|nan|-6.709147|-404.000000|-0.979368|0.334907|-142748519.919064|nan|nan|nan|nan|-9.800000|nan|-4732894.176577|1.715259|nan|nan|nan|0.120057|-0.076933|nan|nan|-0.408027|nan|-23.074182|nan|0.424955|-0.846989|-0.084542|-2.426834|-3107.645052|-404344068.778857|nan|313875.569352|nan|-955821.728443|nan|nan|33.844049|nan|-43.382699|-13.466667|-0.147998|nan|-538.377749
1337|-140751747.850000|2.018333|nan|-7.800000|nan|nan|nan|-6.709147|-404.000000|-0.979368|0.334907|-145280152.025227|nan|nan|nan|nan|-13.800000|nan|-4963473.848446|1.715259|nan|nan|nan|0.118002|-0.076933|nan|nan|-0.413064|nan|-15.160000|nan|0.424955|-0.846989|-0.084542|-2.426834|-3106.848406|-404344068.778857|nan|313875.569352|nan|-955821.728443|nan|nan|32.268182|nan|-40.571363|-17.041667|-0.147998|nan|-538.377749
1338|-148215071.273564|1.626563|nan|-7.800000|nan|nan|nan|-6.709147|-404.000000|-0.979368|0.334907|-151764693.090350|nan|nan|nan|nan|0.200000|nan|-5547366.367864|1.715259|nan|nan|nan|0.116143|-0.076933|nan|nan|-0.413064|nan|-29.318786|nan|0.424955|-0.846989|-0.084542|-2.426834|-3109.597791|-404344068.778857|nan|313875.569352|nan|-955821.728443|nan|nan|30.700842|nan|-37.760028|-22.483333|-0.147998|nan|-538.377749
1339|-152613098.276278|1.543899|nan|-7.800000|nan|nan|nan|-6.709147|-404.000000|-1.167117|0.334907|-154825618.452312|nan|nan|nan|nan|-3.800000|nan|-6723464.565414|1.715259|nan|nan|nan|0.114453|-0.076933|nan|nan|-0.501419|nan|-31.639877|nan|0.284985|-0.846989|-0.084542|-2.426834|-3108.238151|-404344068.778857|nan|313875.569352|nan|-955821.728443|nan|nan|29.141596|nan|-34.948692|-18.441667|-0.147998|nan|-538.377749
1340|-153665136.003544|1.418837|nan|-7.800000|nan|nan|nan|-6.709147|-404.000000|-1.167117|0.334907|-155654905.180933|nan|nan|nan|nan|-3.800000|nan|-8486427.944505|1.715259|nan|nan|nan|0.112910|-0.076933|nan|nan|-0.503731|nan|-33.670926|nan|0.284985|-0.846989|-0.084542|-2.426834|-3108.498182|-404344068.778857|nan|313875.569352|nan|-955821.728443|nan|nan|27.591641|nan|-32.137356|-22.950000|-0.147998|nan|-538.377749
1341|-158671315.859336|1.204090|nan|-7.800000|nan|nan|nan|-6.709147|-404.000000|-1.167117|0.277114|-160154766.024859|nan|nan|nan|nan|-7.800000|nan|-9894762.121762|1.715259|nan|nan|nan|0.111496|-0.071974|nan|nan|-0.511441|nan|-32.282950|nan|0.284985|-0.846989|-0.084542|-2.426834|-3107.755188|-404344068.778857|nan|313875.569352|nan|-955821.728443|nan|nan|26.051594|nan|-29.326020|-24.891667|-0.147998|nan|-538.377749
1342|-161452785.957438|1.003056|nan|-7.800000|nan|nan|nan|-6.709147|-404.000000|-1.167117|0.126373|-162224670.965122|nan|nan|nan|nan|-7.800000|nan|-11062068.358425|1.715259|nan|nan|nan|0.110195|-0.067985|nan|nan|-0.553988|nan|-32.748275|nan|0.284985|-0.846989|-0.084542|-2.426834|-3108.398055|-404344068.778857|nan|313875.569352|nan|-955821.728443|nan|nan|24.521056|nan|-26.514685|-23.600000|-0.147998|nan|-538.377749
1343|-164352179.383018|1.629198|-0.979368|-7.800000|nan|0.877322|-2.707836|-6.709147|-404.000000|-1.642411|0.038852|-164344355.107214|0.025574|1.349144|-6.915621|nan|-5.800000|nan|-12352325.464129|1.715259|nan|-9.303436|-2.032103|0.108994|-0.064105|nan|nan|-0.563141|-0.912470|-33.877669|7.667507|0.284985|-0.846989|-0.083609|-2.426834|-3108.108750|-404344068.778857|nan|313875.569352|-0.000002|-955821.728443|-0.698057|-0.099243|22.999995|-0.097575|-23.815398|-22.208333|-0.147998|-0.912470|-538.377749
1344|-162286762.400000|0.900897|-1.167117|-7.800000|nan|0.027562|-2.707836|-6.709147|-404.000000|-2.426834|-0.367283|-162623133.447740|0.025574|1.116381|-6.916804|nan|-5.800000|-2.000000|-13177827.453563|1.715259|nan|-5.323479|-2.281967|0.107882|-0.059600|nan|nan|-0.557613|-0.960496|-34.684237|7.513028|0.284985|-0.846989|-0.083609|-2.426834|-3107.941423|-404344068.778857|nan|313875.569352|-0.000002|-955821.728443|-0.708037|-0.101478|21.488217|-0.098403|-21.116112|-24.291667|-0.147998|-0.960496|-538.377749
1345|-165355340.803572|0.991319|-1.167117|-7.800000|2.919666|-0.360316|-2.707836|-6.709147|-404.000000|-2.426834|-0.367283|-166030554.744077|0.025574|-2.441810|-3.917652|nan|-7.800000|-2.000000|-13754798.248987|1.715259|nan|-4.891979|-2.347075|0.106849|-0.056577|nan|nan|-0.553398|-0.978775|-36.179961|7.354763|0.284985|-0.846989|-0.083609|-2.426834|-3107.513507|-404344068.778857|nan|313875.569352|-0.000002|-955821.728443|-0.717601|-0.104521|19.985941|-0.093081|-18.416825|-24.433333|-0.147998|-0.978775|-538.377749
1346|-165288949.750680|0.790104|-1.167117|-8.000000|2.919666|-0.711254|-2.707836|-6.709147|-404.000000|-2.426834|-0.367283|-166461737.671992|0.025574|-3.662714|-3.919037|nan|-3.800000|-2.000000|-14569847.887602|1.715259|nan|-4.830517|-2.341306|0.105887|-0.053299|nan|nan|-0.553398|-0.972810|-39.893388|7.192817|0.284985|-0.846989|-0.075889|-2.426834|-3107.754726|-404344068.778857|nan|313875.569352|-0.000002|-955821.728443|-0.726775|-0.106743|18.492970|-0.085431|-15.717539|-27.716667|-0.147998|-0.972810|-538.377749
1347|-173842305.228192|0.769097|-1.167117|-8.400000|2.919666|-1.600197|-2.707836|-6.709147|-404.000000|-2.426834|-0.367283|-175330987.211372|0.025574|-4.231006|-3.860925|nan|0.200000|-2.000000|-15315880.358548|1.715259|nan|-13.381899|-2.690593|0.102564|-0.047858|nan|nan|-0.549245|-0.965943|-42.897182|7.025758|0.284985|-0.846989|-0.073189|-2.426834|-3674.862668|-404344068.778857|nan|313875.569352|-0.000002|-955821.728443|-0.735582|-0.106700|17.009177|-0.076578|-13.018252|-31.358333|-0.147998|-0.965943|-538.377749
1348|-170706853.935714|0.637739|-1.642411|-9.400000|-1.369949|-2.594955|-1.521557|-6.709147|-404.000000|-2.426834|-0.367283|-172039095.455317|0.025574|-4.231006|-2.419635|nan|-7.800000|-2.000000|-16098801.251904|1.715259|nan|-9.124728|-3.438626|0.093587|-0.041502|nan|nan|-0.560335|-0.965017|-42.065489|6.851998|0.284985|-0.846989|-0.071979|-2.426834|-3673.758426|-404344068.778857|nan|313875.569352|-0.000003|-955821.728443|-0.753363|-0.108158|16.225853|-0.066547|-10.318966|-31.408333|-0.147998|-0.965017|-538.377749
1349|-150393002.123547|0.679636|-2.426834|-11.400000|-12.182493|-3.304499|-2.468815|-6.709147|-404.000000|-2.426834|-1.180746|-151202831.236574|0.025574|-4.231006|-2.229053|nan|-13.800000|-2.000000|-16442457.125038|1.715259|nan|-9.016503|-4.837538|0.084348|-0.033990|nan|nan|-0.563547|-0.996469|-36.094830|6.670291|0.284985|-0.846989|-0.071001|-2.426834|-3672.983755|-404344068.778857|nan|308295.551168|-0.000004|-955821.728443|-0.785545|-0.109903|15.709879|-0.058809|-7.619679|-32.275000|-0.147998|-0.996469|-538.377749
1350|-143602998.160890|0.893576|-2.426834|-14.400000|-12.182493|-4.513594|-2.681223|-6.709147|-404.000000|-2.426834|-1.180746|-144321243.168909|0.025574|-4.557312|-2.229145|nan|-5.800000|-2.000000|-16431291.948946|1.715259|nan|-9.473148|-5.769220|0.074194|-0.028729|nan|nan|-0.563474|-1.009093|-37.797989|6.478974|0.284985|-0.846989|-0.071001|-2.426834|-3674.407127|-404344068.778857|nan|294672.456000|-0.000004|-955821.728443|-0.816513|-0.110950|15.327705|-0.052818|-7.619679|-31.025000|-0.147998|-1.009093|-538.377749
1351|-141387485.417165|1.083498|-2.426834|-16.800000|-12.182493|-5.607537|-2.681223|-6.709147|-404.000000|-2.426834|-1.180746|-142582842.671372|0.025574|-4.720466|-2.228845|nan|-8.000000|-2.000000|-16766931.105172|1.715259|nan|-15.201961|-6.678303|0.064041|-0.023715|nan|nan|-0.558527|-1.010901|-38.441108|6.275690|0.284985|-0.846989|-0.070446|-2.426834|-3674.367297|-404344068.778857|nan|279124.569128|-0.000004|-955821.728443|-0.846333|-0.112428|15.040542|-0.048394|-7.619679|-32.066667|-0.147998|-1.010901|-538.377749
1352|-147646813.015952|1.303281|-2.426834|-18.800000|-12.182493|-6.597296|-2.681223|-6.709147|-404.000000|-2.426834|-1.180746|-148756387.482397|0.025574|-5.802042|-2.229388|nan|-4.400000|-2.000000|-17572713.977049|1.715259|nan|-10.141576|-7.406797|0.055233|-0.016551|nan|nan|-0.558344|-1.009302|-38.420748|6.058909|0.284985|-0.846989|-0.070446|-2.426834|-3674.205077|-404344068.778857|nan|279124.569128|-0.000004|-955821.728443|-0.875070|-0.114500|14.825602|-0.044892|-7.619679|-33.608333|-0.147998|-1.009302|-538.377749
1353|-148743924.567256|1.497569|-2.426834|-21.000000|-12.182493|-7.683267|-2.681223|-11.065727|-404.000000|-2.426834|-1.180746|-149751483.039755|0.025574|-6.952391|-2.229313|nan|-11.400000|-2.000000|-17556648.529152|1.715259|nan|-8.474983|-7.968351|0.046708|-0.010791|nan|nan|-0.557983|-0.999207|-31.694744|5.840618|0.284985|-0.846989|-0.068492|-2.426834|-3673.768638|-404344068.778857|nan|244915.914152|-0.000004|-955821.728443|-0.902780|-0.115594|14.662358|-0.042793|-7.619679|-33.608333|-0.147998|-0.999207|-538.377749
1354|-149498762.739748|2.028314|-2.426834|-22.400000|-12.182493|-9.102643|-2.681223|-11.065727|-404.000000|-2.426834|-1.180746|-150096754.818685|0.025574|-6.952391|-2.229275|nan|-11.400000|-2.000000|-17538830.618633|1.715259|nan|-11.368767|-8.439304|0.041486|-0.003651|nan|nan|-0.558651|-1.006116|-29.389514|5.606988|0.284985|-0.979368|-0.068463|-2.426834|-3674.240054|-305590182.989279|nan|213582.174894|-0.000004|-3538287.741332|-0.929518|-0.116070|14.540933|-0.041619|-7.619679|-31.608333|-0.147998|-1.006116|-538.377749
1355|-156444131.233828|1.629680|-2.426834|-23.400000|-12.182493|-11.042312|-2.681223|-12.730876|-404.000000|-2.426834|-1.180746|-157109974.041156|0.025574|-6.952391|-2.229950|nan|-10.400000|-2.000000|-17513582.519448|1.715259|nan|-12.670907|-8.616007|0.036264|-0.001136|nan|nan|-0.556143|-1.039830|-38.607332|5.357789|0.284985|-0.979368|-0.068463|-2.617791|-3674.948285|-286436215.955956|nan|213582.174894|-0.000004|-3538287.741332|-0.955334|-0.102782|14.451768|-0.040720|-7.619679|-35.608333|-0.147998|-1.039830|-538.377749
1356|-158718199.293198|1.343895|-2.426834|-24.800000|-12.182493|-12.466854|-2.681223|-13.969439|-404.000000|-2.426834|-1.180746|-159316679.566848|0.025574|-6.952391|-2.229594|nan|-18.800000|-2.000000|-17503737.941944|1.715259|nan|-12.778539|-9.103745|0.031042|0.001341|nan|nan|-0.551902|-1.061593|-35.139796|5.090683|0.284985|-0.979368|-0.065456|-3.091682|-3673.388778|-251656393.136668|nan|213582.174894|-0.000004|-3538287.741332|-0.980274|-0.089910|14.382967|-0.040306|-7.619679|-33.608333|-0.147998|-1.061593|-538.377749
1357|-159975185.816082|1.346694|-2.426834|-26.200000|-12.182493|-13.374773|-2.681223|-13.969439|-404.000000|-2.426834|-1.180746|-160253218.920684|0.025574|-6.952391|-2.229069|nan|-20.800000|-2.000000|-17507053.720595|1.715259|nan|-16.368582|-9.699200|0.025821|0.004251|nan|nan|-0.551329|-1.095003|-32.962699|4.808496|0.284985|-0.979368|-0.024199|-3.091682|-3674.039598|-211102831.155373|nan|213582.174894|-0.000004|-3538287.741332|-1.004384|-0.071902|14.334079|-0.040354|-7.619679|-35.608333|-0.147998|-1.095003|-538.377749
1358|-157611993.092794|1.312238|-2.426834|-27.600000|-12.182493|-14.297919|-2.681223|-13.969439|-404.000000|-2.426834|-1.180746|-157463952.116118|0.025574|-6.952391|-2.228114|nan|-25.000000|-2.000000|-17517623.907093|1.715259|0.000000|-9.565991|-10.086732|0.020599|0.005115|nan|-55683.174497|-0.546400|-1.171025|-35.538592|4.512213|0.284985|-0.979368|0.016664|-3.091682|-3674.131331|-198191488.005960|-10053.540465|213582.174894|-0.000004|-3538287.741332|-1.041581|-0.050666|14.303013|-0.040413|-7.619679|-37.608333|-0.147998|-1.171025|-538.377749
1359|-158012588.606260|1.301497|-2.426834|-28.200000|-12.182493|-14.752194|-2.681223|-13.969439|-404.000000|-2.426834|-1.180746|-157857267.219041|0.025574|-6.952391|-2.227637|-0.832332|-22.400000|-2.000000|-17509050.632753|1.715259|-0.000000|-9.110173|-9.988331|0.015377|0.005361|nan|-56045.151985|-0.549155|-1.327547|-35.029372|4.201742|0.284985|-1.167117|0.029445|-3.091682|-3673.730334|-195259347.220875|-10884.534812|213582.174894|-0.000004|-3538287.741332|-1.078778|-0.040815|14.282089|-0.040369|-7.731728|-33.608333|-0.147998|-1.327547|-538.377749
1400|-157708190.076564|1.114960|-2.426834|-28.200000|-12.182493|-15.163206|-2.681223|-13.969439|-404.000000|-2.426834|-1.180746|-157116112.080493|0.025574|-6.952391|-2.227744|-0.832332|-21.400000|-2.000000|-17506687.822289|1.715259|-0.000000|-8.686837|-9.482519|0.010155|0.005361|nan|-47308.568461|-0.551472|-1.480833|-32.966480|3.876591|0.284985|-1.167117|0.057806|-3.091682|-3675.243690|-193531041.988803|-11703.645076|213582.174894|-0.000004|-3538287.741332|-1.115976|-0.034169|14.264945|-0.040286|-9.779005|-35.608333|-0.147998|-1.480833|-538.377749
1401|-159932625.650000|1.004100|-2.426834|-28.800000|-12.182493|-16.487454|-2.681223|-13.969439|-404.000000|-2.426834|-1.180746|-159778754.236963|0.025574|-6.952391|-2.228491|-0.832332|-20.800000|-2.000000|-17499134.148374|1.715259|-0.000000|-8.927361|-8.418401|0.004933|0.005361|nan|-38846.896037|-0.549825|-1.593059|-34.422914|3.536827|0.284985|-1.167117|0.113668|-3.091682|-3674.666491|-193531041.988803|-10114.751479|213582.174894|-0.000004|-3538287.741332|-1.153173|-0.031365|14.250223|-0.040208|-11.826282|-33.608333|-0.181519|-1.593059|-538.377749
1402|-158557918.650000|0.809426|-2.426834|-30.400000|-12.182493|-17.685583|-2.681223|-19.167568|-404.000000|-2.426834|-1.180746|-159013318.761602|0.025574|-6.952391|-2.227825|-0.832332|-32.200000|-2.000000|-17511522.748837|1.715259|-0.000000|-8.870029|-8.011821|-0.000288|0.005361|nan|-26520.693880|-0.548381|-1.688412|-26.625037|3.182355|0.284985|-1.167117|0.123965|-3.091682|-3673.240716|-193531041.988803|-11130.133484|213582.174894|-0.000004|-3538287.741332|-1.185546|-0.029001|14.237095|-0.040181|-13.873559|-35.608333|-0.184199|-1.688412|-538.377749
1403|-160615615.455902|0.652670|-2.426834|-30.200000|-12.182493|-18.960081|-2.681223|-20.442066|-404.000000|-2.426834|-1.180746|-161377867.310672|0.025574|-6.952391|-2.227492|-0.832332|-27.600000|-2.000000|-17517077.388134|1.715259|-0.000000|-10.717938|-7.540640|-0.005510|0.005361|-0.082616|-12847.978760|-0.544881|-1.723110|-29.035318|2.814083|0.284985|-1.642411|0.126869|-3.091682|-3673.883729|-191485092.580481|-11046.427933|213582.174894|-0.000004|-3538287.741332|-1.215811|-0.031966|14.215634|-0.040123|-15.920836|-33.608333|-0.186879|-1.723110|-538.377749
1404|-164317273.227342|0.573377|-2.426834|-30.200000|-12.182493|-19.922722|-2.681223|-22.745437|-404.000000|-2.426834|-1.180746|-164891317.009709|0.025574|-6.952391|-2.226980|-0.832332|-28.200000|-2.000000|-17504823.084738|1.715259|-0.000000|-8.926522|-7.150861|-0.010732|0.005361|-0.067176|-8209.817725|-0.545018|-1.736620|-32.777674|2.434078|0.284985|-2.426834|0.127300|-3.091682|-3674.844459|-188920772.434579|-12844.291289|213582.174894|-0.000004|-3538287.741332|-1.240527|-0.033732|14.183696|-0.039998|-17.968113|-33.608333|-0.289559|-1.736620|-538.377749
1405|-164186064.706806|0.391481|-2.426834|-30.200000|-12.182493|-20.603207|-2.681223|-22.745437|-404.000000|-2.617791|-1.180746|-161890148.735055|0.025574|-6.952391|-2.226724|-0.832332|-30.200000|-2.000000|-17503375.371883|1.715259|-0.000000|-10.152022|-7.146107|-0.015954|0.005361|-0.069862|-6700.102448|-0.542883|-1.734823|-30.210601|2.045173|0.284985|-2.426834|0.127300|-3.091682|-3673.758565|-188920772.434579|-12532.202244|213582.174894|-0.000004|-3538287.741332|-1.260162|-0.040487|14.140333|-0.039862|-20.015390|-33.608333|-0.358906|-1.734823|-538.377749
1406|-163440370.839222|0.050188|-2.426834|-30.200000|-12.182493|-21.599836|-2.681223|-22.745437|-404.000000|-3.091682|-1.180746|-159999896.823584|0.025574|-6.952391|-2.226596|-0.832332|-28.800000|-2.000000|-17515756.878082|1.715259|-0.000000|-9.823423|-7.522759|-0.021176|0.005361|-0.071697|-6372.370047|-0.544468|-1.736452|-32.200575|1.652481|0.284985|-2.426834|0.128492|-3.091682|-3674.857424|-188920772.434579|-13971.565194|213582.174894|-0.000004|-3538287.741332|-1.273308|-0.050510|14.082076|-0.039742|-22.062666|-31.608333|-0.402679|-1.736452|-538.377749
1407|-171123322.744617|-0.122913|-2.426834|-30.200000|-12.182493|-23.263452|-2.681223|-22.745437|-404.000000|-3.091682|-1.180746|-168237598.556606|0.025574|-6.952391|-2.226532|-0.832332|-30.200000|-2.000000|-17521977.015820|1.715259|-0.000000|-10.551554|-8.434967|-0.026397|0.005361|-0.066190|-2911.243253|-0.539914|-1.756663|-37.645029|1.255373|0.284985|-2.426834|0.129256|-3.091682|-3674.474813|-186667819.533745|-22361.586338|213582.174894|-0.000004|-3538287.741332|-1.280508|-0.056582|14.007517|-0.039731|-24.109943|-33.608333|-0.402679|-1.756663|-538.377749
1408|-167488147.706574|-0.553121|-2.426834|-30.200000|-12.182493|-24.959105|-2.681223|-25.213348|-404.000000|-3.091682|-1.206739|-166388676.614042|0.025574|-6.952391|-2.225808|-0.832332|-32.200000|-2.000000|-17524394.731228|1.715259|-0.000000|-15.432136|-9.339700|-0.031619|0.005361|-0.064669|-4102.233630|-0.540848|-1.787122|-45.408716|0.854064|0.284985|-2.426834|0.129311|-3.091682|-3674.366669|-186667819.533745|-1054.773674|213582.174894|-0.000004|-3538287.741332|-1.295197|-0.057531|13.915469|-0.039805|-26.157220|-33.608333|-0.402679|-1.787122|-538.377749
1409|-174067788.658704|-0.751432|-2.426834|-30.200000|-12.182493|-25.731363|-2.691205|-25.213348|-404.000000|-3.091682|-1.398324|-175047217.530765|0.000127|-6.952391|-2.226830|-0.580008|-22.200000|-2.000000|-17527777.183285|1.715259|-0.000000|-16.034586|-10.114996|-0.036841|0.005361|-0.037325|-4524.786772|-0.542443|-1.827666|-41.440534|0.450053|0.321330|-2.426834|0.129311|-3.091682|-3676.940066|-186667819.533745|-782.492493|213582.174894|-0.000004|-3538287.741332|-1.314485|-0.059185|13.822020|-0.039937|-28.204497|-37.608333|-0.402679|-1.827666|-538.377749
1410|-165134570.323218|-0.918719|-2.617791|-30.200000|-12.182493|-26.811025|-2.691205|-26.838656|-404.000000|-3.091682|-2.085993|-166212694.734518|0.000127|-6.952391|-2.226649|-0.314832|-32.200000|-2.000000|-17526446.499985|1.715259|-0.000000|-24.855495|-11.609996|-0.042063|0.005361|-0.032250|-6296.950640|-0.549061|-1.990463|-40.163091|0.046159|0.321330|-2.426834|0.129311|-3.091682|-3673.845722|-186667819.533745|-825.589751|213582.174894|-0.000005|-3538287.741332|-1.343999|-0.059375|13.726081|-0.040271|-30.251774|-33.608333|-0.402679|-1.990463|-538.377749
1411|-147129210.516626|-1.072886|-3.091682|-30.200000|-12.182493|-27.978338|-2.691205|-26.838656|-404.000000|-3.091682|-2.522709|-147794328.393449|0.000127|-6.952391|-2.226904|-0.067791|-28.200000|-2.000000|-17531280.460445|1.715259|-0.000000|-17.878238|-13.238149|-0.047284|0.005361|-0.032834|-9541.725464|-0.552963|-2.408106|-40.713223|-0.355982|0.321330|-2.426834|0.129311|-3.091682|-3675.120681|-187752513.438132|-614.369492|213582.174894|-0.000005|-3538287.741332|-1.381410|-0.060276|13.627390|-0.040888|-32.299051|-33.608333|-0.402679|-2.408106|-538.377749
1412|-138487361.739391|-1.119571|-3.091682|-30.200000|-12.182493|-28.272573|-2.802628|-26.838656|-404.000000|-3.091682|-2.522709|-137940803.021780|-0.019806|-6.952391|-2.227378|0.139516|-28.200000|-2.000000|-17533153.069328|1.715259|-0.000000|-20.841575|-14.518089|-0.052506|0.005361|-0.033707|-12386.369172|-0.548405|-2.576576|-32.076387|-0.753494|0.321330|-2.426834|0.129713|-3.091682|-3674.379987|-187752513.438132|-665.233363|213582.174894|-0.000005|-3538287.741332|-1.418822|-0.065113|13.526663|-0.041674|-34.346328|-31.608333|-0.402679|-2.576576|-538.377749
1413|-136174956.500000|-1.269246|-3.091682|-30.200000|-12.182493|-28.729263|-2.802628|-26.838656|-404.000000|-3.091682|-2.522709|-134611807.429796|-0.019806|-6.952391|-2.226923|0.284961|-34.200000|-2.000000|-17543057.936764|1.715259|-0.000000|-21.535871|-15.403689|-0.057728|0.005361|-0.033827|-12820.006805|-0.547806|-2.657543|-19.684472|-1.146880|0.321330|-2.426834|0.129713|-3.091682|-3673.510581|-187752513.438132|-654.182382|213582.174894|-0.000005|-3538287.741332|-1.456233|-0.069678|13.422196|-0.042522|-36.393605|-33.608333|-0.402008|-2.657543|-538.377749
1414|-134434669.839194|-1.302485|-3.091682|-30.200000|-12.182493|-29.332934|-2.802628|-26.838656|-404.000000|-3.091682|-2.522709|-133594233.978368|-0.019806|-8.918005|-2.227041|0.394153|-28.200000|-2.000000|-17547769.522993|1.715259|-0.000000|-25.346437|-16.289572|-0.062950|0.005361|-0.033693|-12173.267915|-0.552267|-2.700948|-19.953755|-1.533941|0.321330|-2.426834|0.129713|-3.091682|-3674.701143|-187752513.438132|-637.945776|213582.174894|-0.000005|-3538287.741332|-1.493645|-0.075058|13.331981|-0.043427|-38.440881|-31.608333|-0.402008|-2.700948|-246.721005
1415|-130605754.155690|-1.425392|-3.091682|-30.200000|-12.182493|-29.356671|-2.802628|-26.838656|-404.000000|-3.091682|-2.522709|-130283391.452545|-0.019806|-11.900812|-2.227447|0.417554|-28.200000|-2.000000|-17551152.180999|1.715259|-0.000000|-25.951013|-16.707451|-0.068172|0.005361|-0.034892|-11220.897921|-0.556636|-2.704045|-20.489997|-1.914646|0.321330|-2.426834|0.129713|-3.091682|-3674.487805|-187752513.438132|-788.447976|213582.174894|-0.000005|-3538287.741332|-1.531056|-0.077938|13.251882|-0.044325|-40.488158|-33.608333|-0.402008|-2.704045|-246.721005
1416|-129577580.077662|-1.542713|-3.091682|-30.200000|-12.182493|-29.356671|-2.802628|-26.838656|-404.000000|-3.091682|-2.522709|-129915135.370485|-0.019806|-16.392215|-2.226957|0.417554|-34.200000|-2.000000|-17546078.521631|1.715259|-0.000000|-28.112398|-17.194426|-0.073394|0.006062|-0.034617|-10519.999320|-0.583738|-2.705303|-17.849912|-2.289506|0.321330|-2.426834|0.129713|-3.091682|-3673.869492|-187752513.438132|-761.050818|213582.174894|-0.000005|-3538287.741332|-1.568468|-0.078777|13.181076|-0.045194|-42.535435|-33.608333|-0.365889|-2.705303|-246.721005
1417|-123295969.855344|-1.826579|-3.091682|-30.200000|-12.182493|-29.356671|-2.802628|-26.838656|-404.000000|-3.091682|-2.522709|-123554536.871536|0.011324|-18.637917|-2.226367|0.417554|-32.200000|-2.000000|-17543239.612021|1.715259|-0.000000|-37.041452|-18.554409|-0.076189|0.013496|-0.034924|-10166.446699|-0.587404|-2.712266|-14.134858|-2.658425|0.321330|-2.426834|0.129713|-3.091682|-3674.254750|-187752513.438132|-641.802684|213582.174894|-0.000005|-3538287.741332|-1.605879|-0.081128|13.119588|-0.046132|-44.582712|-33.608333|-0.264960|-2.712266|-246.721005
1418|-127954921.907064|-1.932236|-3.091682|-30.200000|-12.182493|-29.356671|-2.802628|-25.548200|-404.000000|-3.091682|-2.522709|-127629352.296258|0.022206|-20.760768|-2.225380|0.417554|-36.200000|-2.000000|-17546741.474729|1.715259|-0.000000|-30.348096|-19.819828|-0.077905|0.020557|-0.035092|-9396.907625|-0.590741|-2.722642|-13.352588|-3.019618|0.321330|-2.426834|0.129713|-3.091682|-3674.375432|-187752513.438132|-557.613885|213582.174894|-0.000005|-3538287.741332|-1.643291|-0.087283|13.067004|-0.047057|-46.629989|-35.608333|-0.197365|-2.722642|-246.721005
1419|-115658287.092388|-1.954009|-3.091682|-30.200000|-12.105472|-29.356671|-2.802628|-24.972488|987.400000|-3.091682|-2.522709|-113264094.780235|0.022206|-24.822194|-2.224197|0.417554|-34.200000|-2.000000|-17550787.465344|1.715259|-0.000000|-32.274962|-21.155481|-0.078536|0.026834|-0.035150|-10362.725243|-0.588745|-2.727867|-19.066490|-3.371697|0.321330|-2.426834|0.126920|-3.091682|-3674.000903|-187752513.438132|-789.173380|213582.174894|-0.000005|-3538287.741332|-1.684030|-0.095431|13.022306|-0.047921|-48.677266|-35.608333|-0.197365|-2.727867|-246.721005
1420|-110757049.801500|-1.994319|-3.091682|-30.200000|-12.105472|-29.356671|-2.802628|-24.972488|987.400000|-3.091682|-2.522709|-107253215.719208|0.022206|-25.820159|-2.223951|0.417554|-28.200000|-2.000000|-17561480.293860|1.715259|-0.000000|-30.251054|-22.075869|-0.078254|0.032678|-0.035116|-10974.211092|-0.588745|-2.772887|-19.854026|-3.714046|0.321330|-2.426834|0.120044|-3.091682|-3675.101757|-187752513.438132|-709.734095|213582.174894|-0.000005|-3538287.741332|-1.731004|-0.095823|12.984951|-0.048729|-50.724543|-35.608333|-0.197365|-2.772887|-246.721005
1421|-110653911.427188|-2.064304|-3.091682|-29.800000|-12.105472|-29.356671|-2.802628|-24.972488|987.400000|-3.091682|-2.522709|-107060659.326855|0.022206|-25.820159|-2.224173|0.417554|-28.200000|-2.000000|-17563229.111820|1.715259|-0.000000|-54.494828|-22.715006|-0.077971|0.036461|-0.035549|-11829.479689|-0.601722|-2.894114|-19.816831|-4.045431|0.321330|-2.426834|0.117513|-3.091682|-3674.412019|-187752513.438132|-639.250705|213582.174894|-0.000005|-3538287.741332|-1.773044|-0.099440|12.956158|-0.049495|-52.771820|-35.608333|-0.197365|-2.894114|-246.721005
1422|-114664857.367946|-2.083907|-3.091682|-29.000000|-12.105472|-29.356671|-2.802628|-24.972488|987.400000|-3.091682|-2.522709|-111294037.733130|0.022206|-25.820159|-2.224629|0.417554|-28.200000|-2.000000|-17562626.398144|1.715259|-0.000000|-31.822951|-23.671216|-0.077688|0.040636|-0.035691|-14336.511848|-0.612754|-2.976411|-18.431140|-4.366264|0.321330|-2.426834|0.115272|-3.091682|-3674.533207|-187752513.438132|-538.496665|213582.174894|-0.000005|-3538287.741332|-1.813257|-0.104238|12.936029|-0.050269|-54.707047|-31.608333|-0.197365|-2.976411|-246.721005
1423|-91388791.991904|-2.069394|-3.091682|-28.200000|-12.105472|-29.356671|-2.802628|-24.972488|987.400000|-3.091682|-2.522709|-88876474.364071|0.022206|-25.820159|-2.224167|0.417554|-32.200000|-2.000000|-17584855.308074|1.715259|-0.000000|-30.870848|-25.401765|-0.077688|0.046280|-0.034741|-19072.872537|-0.617857|-2.985532|-18.743605|-4.672638|0.321330|-2.426834|0.112286|-3.091682|-3673.961280|-187752513.438132|-577.154833|213582.174894|-0.000005|-3538287.741332|-1.853470|-0.103107|12.923803|-0.051043|-56.642275|-33.608333|-0.197365|-2.985532|-246.721005
1424|-87710915.650000|-2.113425|-3.091682|-27.400000|-12.105472|-29.356671|-2.802628|-24.972488|987.400000|-3.091682|-2.522709|-85456806.907942|0.022206|-25.820159|-2.224281|0.534368|-28.200000|-2.000000|-17583345.086289|1.715259|-0.000000|-30.781367|-27.056382|-0.077688|0.049752|-0.033545|-23731.391822|-0.615760|-2.986146|-19.499446|-4.964732|0.321330|-2.426834|0.113573|-3.091682|-3674.386750|-187752513.438132|-399.188995|213582.174894|-0.000005|-3538287.741332|-1.893683|-0.102566|12.913471|-0.051831|-58.577502|-35.608333|-0.197365|-2.986146|-246.721005
1425|-85371139.530880|-2.130127|-3.091682|-27.200000|-12.105472|-29.356671|-2.802628|-24.972488|987.400000|-3.091682|-2.522709|-82653422.655205|0.013947|-25.820159|-2.224338|0.682565|-30.200000|-2.000000|-17589984.385343|1.715259|-0.000000|-31.680552|-27.828640|-0.077688|0.052769|-0.032147|-27472.590325|-0.618907|-2.985788|-19.499446|-5.242429|0.321330|-2.617791|0.124395|-3.091682|-3674.373753|-187752513.438132|-394.819434|213582.174894|-0.000005|-3538287.741332|-1.933896|-0.103535|12.903656|-0.052559|-60.512730|-33.608333|-0.197365|-2.985788|-246.721005
1426|-75865803.452774|-2.151277|-3.091682|-26.600000|-12.105472|-29.356671|-2.802628|-24.972488|987.400000|-3.091682|-2.522709|-71617316.898122|-0.013326|-29.928610|-2.224021|0.821866|-31.800000|-2.000000|-17379239.402345|1.715259|-0.000000|-31.058056|-28.943465|-0.077688|0.054546|-0.030772|-34014.379020|-0.607658|-2.989293|-22.280627|-5.505797|0.321330|-3.091682|0.140573|-3.091682|-3674.451938|-187752513.438132|-431.040131|213582.174894|-0.000005|-3538287.741332|-1.968243|-0.103392|12.893893|-0.053237|-62.447957|-33.608333|-0.197365|-2.989293|-246.721005
1427|-75112265.700000|-2.206670|-3.091682|-25.600000|-12.105472|-29.356671|-2.802628|-24.972488|987.400000|-3.091682|-2.522709|-70373519.733001|-0.013326|-29.928610|-2.224553|0.929128|-25.000000|-2.000000|-16924977.021987|1.715259|-0.000000|-37.279405|-30.026119|-0.077688|0.057069|-0.028841|-39388.983752|-0.602697|-2.990313|-18.369016|-5.755449|0.321568|-3.091682|0.159077|-3.091682|-3675.655697|-187752513.438132|-377.207655|213582.174894|-0.000005|-3538287.741332|-1.986394|-0.104463|12.883742|-0.053900|-64.383185|-33.608333|-0.197365|-2.990313|-246.721005
1428|-80136336.453006|-2.368307|-3.091682|-24.200000|-12.105472|-29.356671|-2.802628|-24.972488|987.400000|-3.091682|-2.522709|-75078006.090474|-0.013326|-29.928610|-2.224474|0.976985|-30.200000|-2.000000|-16436931.862136|1.715259|-0.000000|-37.092907|-30.356898|-0.077688|0.057154|-0.026574|-40547.592403|-0.600534|-3.018953|-21.117605|-5.992769|0.321568|-3.091682|0.172331|-3.091682|-3673.136924|-187752513.438132|-367.737003|213582.174894|-0.000005|-3538287.741332|-1.999045|-0.101542|12.873245|-0.054471|-66.318413|-33.608333|-0.197365|-3.018953|-246.721005
1429|-77629733.750000|-2.445874|-3.091682|-22.600000|-12.105472|-29.356671|-2.802628|-24.414225|987.400000|-3.091682|-2.522709|-72916629.544230|-0.013326|-29.928610|-2.224780|1.003661|-25.400000|-2.000000|-15971512.907907|1.715259|-0.000000|-33.567247|-30.772066|-0.077688|0.057154|-0.023543|-42174.348898|-0.600099|-3.060671|-23.755905|-6.218708|0.321568|-3.091682|0.175658|-3.091682|-3674.919534|-187752513.438132|-413.152248|213582.174894|-0.000005|-3538287.741332|-2.011696|-0.096105|12.862347|-0.054934|-68.253640|-31.608333|-0.197365|-3.060671|-246.721005
1430|-77666232.172296|-2.524537|-3.091682|-22.400000|-12.105472|-29.356671|-2.802628|-24.414225|987.400000|-3.091682|-2.522709|-73298132.838925|-0.013326|-29.928610|-2.224587|1.003661|-29.200000|-2.000000|-15860642.091652|1.715259|-0.000000|-40.777711|-31.413343|-0.077688|0.057154|-0.019662|-43306.719471|-0.600077|-3.084985|-21.696568|-6.433894|0.321568|-3.091682|0.188089|-3.091682|-3673.937890|-187752513.438132|-440.969945|213582.174894|-0.000005|-3538287.741332|-2.024347|-0.092955|12.850705|-0.055322|-68.253640|-33.608333|-0.197365|-3.084985|-246.721005
1431|-76789143.272346|-2.574886|-3.091682|-22.400000|-12.105472|-29.356671|-2.802628|-24.414225|987.400000|-3.091682|-2.522709|-73319732.112358|-0.013326|-29.928610|-2.224836|1.003661|-24.600000|-2.000000|-15506787.313050|1.715259|-0.000000|-44.451626|-31.917206|-0.077688|0.057154|-0.015708|-44067.449335|-0.600077|-3.089628|-22.172812|-6.639261|0.321568|-3.091682|0.203283|-3.091682|-3674.719690|-187752513.438132|-400.113065|213582.174894|-0.000005|-3538287.741332|-2.036998|-0.090248|12.839111|-0.055647|-68.253640|-33.608333|-0.197365|-3.089628|-246.721005
1432|-78136941.402576|-2.615530|-3.091682|-22.400000|-12.105472|-29.356671|-2.802628|-24.368807|602.400000|-3.091682|-2.522709|-76365172.114118|-0.013326|-29.928610|-2.224270|1.003661|-29.600000|-2.000000|-14926231.918802|1.715259|-0.000000|-37.851163|-32.866597|-0.077688|0.057154|-0.011839|-47207.256230|-0.600324|-3.091545|-21.988640|-6.835337|0.321568|-3.091682|0.231851|-3.091682|-3673.431082|-187752513.438132|-419.765617|213582.174894|-0.000005|-3538287.741332|-2.049650|-0.088120|12.827332|-0.055871|-68.253640|-33.608333|-0.197365|-3.091545|-246.721005
1433|-78602963.063492|-2.824685|-3.091682|-22.400000|-12.105472|-29.356671|-2.802628|-24.368807|602.400000|-3.091682|-2.522709|-78368767.638307|-0.013326|-29.928610|-1.833929|1.003661|-24.200000|-2.000000|-14118085.691383|1.715259|-0.000000|-40.011866|-33.277414|-0.077688|0.057154|-0.008636|-49208.823700|-0.605145|-3.123951|-21.988640|-7.023956|0.321568|-3.091682|0.244038|-3.091682|-3674.542585|-187752513.438132|-390.213467|213582.174894|-0.000005|-3538287.741332|-2.062301|-0.084810|12.815391|-0.055958|-68.253640|-33.608333|-0.197365|-3.123951|-246.721005
1434|-77758425.675426|-2.957532|-3.091682|-22.400000|-12.105472|-29.356671|-2.802628|-20.129509|602.400000|-3.091682|-2.522709|-77009164.888548|-0.013326|-29.928610|-1.834666|1.003661|-18.600000|-2.000000|-13184657.310509|1.715259|-0.000000|-33.115262|-33.143274|-0.077688|0.057154|-0.006023|-51094.127441|-0.604237|-3.185445|-29.428762|-7.205645|0.321568|-3.091682|0.259154|-3.091682|-3674.644417|-187752513.438132|-348.991806|213582.174894|-0.000005|-3538287.741332|-2.074952|-0.080635|12.802656|-0.055973|-68.253640|-35.608333|-0.197365|-3.185445|-246.721005
1435|-89186898.435312|-3.135889|-3.091682|-22.400000|-12.105472|-29.356671|-2.802628|-20.129509|602.400000|-3.091682|-2.522709|-87927157.442483|-0.013326|-29.928610|-1.835605|1.003661|-18.400000|-2.000000|-13050369.118430|1.715259|-0.000000|-31.228117|-33.143826|-0.077688|0.057154|-0.003471|-52377.823241|-0.599012|-3.211759|-23.744053|-7.379716|0.321568|-3.091682|0.264583|-3.091682|-3675.194835|-187752513.438132|-307.213309|213582.174894|-0.000005|-3538287.741332|-2.087603|-0.077661|12.788344|-0.055858|-68.253640|-33.608333|-0.197365|-3.211759|-246.721005
1436|-88450068.505932|-3.321248|-3.091682|-22.400000|-12.105472|-29.356671|-2.802628|-20.129509|602.400000|-3.091682|-2.522709|-85703770.895792|-0.013326|-29.928610|-1.836645|1.003661|-18.400000|-2.000000|-13041363.353676|1.715259|-0.000000|-31.721918|-32.984764|-0.077688|0.057154|-0.000540|-52856.681644|-0.594154|-3.236131|-26.651145|-7.545037|0.321568|-3.091682|0.274680|-3.091682|-3674.272420|-187014087.843755|-252.506869|213582.174894|-0.000005|-3538287.741332|-2.100254|-0.074012|12.771949|-0.055665|-68.253640|-35.608333|-0.197365|-3.236131|-246.721005
1437|-102986494.135284|-3.474234|-3.091682|-22.400000|-12.105472|-29.356671|-2.802628|-20.129509|602.400000|-3.091682|-2.522709|-100026636.944159|-0.013326|-29.928610|-1.837451|1.003661|-20.400000|-2.000000|-12996292.599625|1.715259|-0.000000|-32.784180|-32.225102|-0.077688|0.057154|0.001737|-54163.760440|-0.589185|-3.259000|-33.840884|-7.699912|0.321568|-3.091682|0.283316|-3.091682|-3673.767430|-186066288.153011|-192.164389|213582.174894|-0.000005|-3538287.741332|-2.118519|-0.071956|12.753252|-0.055430|-68.253640|-35.608333|-0.197365|-3.259000|-246.721005
1438|-116461405.723488|-3.593522|-3.091682|-22.400000|-12.105472|-29.356671|-2.802628|-20.129509|602.400000|-3.091682|-2.522709|-112825764.532812|-0.024110|-29.928610|-1.838140|1.003661|-18.400000|-2.000000|-13213415.491303|1.715259|-0.000000|-31.068772|-31.243114|-0.077688|0.057154|0.003861|-55865.533443|-0.588885|-3.268426|-20.647330|-7.842843|0.321568|-3.091682|0.292639|-3.091682|-3674.324551|-185937313.936300|-134.615723|213582.174894|-0.000005|-3538287.741332|-2.132183|-0.071120|12.732562|-0.055117|-68.253640|-33.608333|-0.197365|-3.268426|-246.721005
1439|-118443955.172160|-3.860987|-3.091682|-22.400000|-12.105472|-29.356671|-2.802628|-20.129509|602.400000|-3.091682|-2.522709|-112645184.061043|-0.029769|-29.928610|-1.837913|1.003661|-24.400000|-2.000000|-13571740.134539|1.715259|-0.000000|-31.016715|-31.231467|-0.077688|0.057154|0.005716|-57673.883267|-0.584423|-3.258591|-17.374426|-7.972107|0.321568|-3.091682|0.314878|-3.091682|-3674.580263|-181057663.372123|-110.968683|213582.174894|-0.000005|-3538287.741332|-2.123656|-0.068100|12.710465|-0.054757|-68.253640|-33.308333|-0.197365|-3.258591|-246.721005
1440|-119961327.701100|-3.943748|-3.091682|-22.400000|-12.105472|-29.356671|-2.802628|-20.129509|602.400000|-3.091682|-2.522709|-113650607.439943|-0.029769|-29.928610|-1.836943|1.003661|-28.400000|-2.000000|-13919325.572113|1.715259|-0.000000|-32.900015|-31.256976|-0.077688|0.057154|0.007575|-57226.302682|-0.583911|-3.252065|-11.081178|-8.086829|0.321568|-3.091682|0.333910|-3.091682|-3673.199322|-181057663.372123|-146.455713|213582.174894|-0.000005|-3538287.741332|-2.112047|-0.065523|12.687119|-0.054338|-68.253640|-35.258333|-0.197365|-3.252065|-246.721005
1441|-118886190.665472|-4.035357|-3.091682|-22.400000|-12.105472|-29.356671|-2.802628|-20.129509|602.400000|-3.091682|-2.522709|-112719709.455220|-0.029769|-29.928610|-1.836744|1.003661|-22.400000|-2.000000|-14379832.624300|1.715259|-0.000000|-30.539555|-31.141457|-0.077688|0.057154|0.008693|-57513.143553|-0.583911|-3.247373|-11.081178|-8.186134|0.321568|-3.091682|0.342962|-3.091682|-3674.630954|-177575707.129006|-152.271923|213582.174894|-0.000005|-3538287.741332|-2.100241|-0.063809|12.662297|-0.053875|-68.253640|-32.950000|-0.197365|-3.247373|-246.721005
1442|-113628441.658194|-4.061595|-3.091682|-22.400000|-12.105472|-29.254975|-2.802628|-20.129509|602.400000|-3.091682|-2.522709|-108600440.380230|-0.029769|-29.928610|-1.836359|1.003661|-24.400000|-2.000000|-14841241.180327|1.715259|-0.000000|-29.530672|-31.093964|-0.077688|0.057154|0.009267|-58034.718092|-0.573258|-3.241125|-10.840720|-8.269386|0.321568|-3.091682|0.346700|-3.091682|-3673.819286|-174741700.859967|-158.864961|213582.174894|-0.000005|-3538287.741332|-2.077537|-0.060046|12.637466|-0.053365|-68.253640|-30.950000|-0.197365|-3.241125|-246.721005
1443|-98127735.571276|-4.224772|-3.091682|-22.400000|-12.105472|-28.972488|-2.802628|-20.129509|602.400000|-3.091682|-2.522709|-94929437.247403|-0.029769|-29.928610|-1.836737|1.003661|-20.400000|-2.000000|-14843389.440503|1.715259|-0.000000|-29.463236|-31.374123|-0.077688|0.057154|0.010219|-57245.157411|-0.581137|-3.256386|-10.664304|-8.335293|0.321568|-3.091682|0.353987|-3.091682|-3674.792561|-174741700.859967|-140.369377|213582.174894|-0.000005|-3538287.741332|-2.076962|-0.054456|12.612763|-0.052830|-68.253640|-32.950000|-0.197365|-3.256386|-246.721005
1444|-94967926.864388|-4.199710|-3.091682|-22.400000|-12.105472|-28.907380|-2.868212|-20.129509|602.400000|-3.091682|-2.522709|-93919240.591097|-0.029769|-29.928610|-1.835785|0.983768|-28.400000|-2.000000|-14834987.371480|1.715259|-0.000000|-28.277007|-31.978029|-0.077688|0.057154|0.012134|-55330.949946|-0.584804|-3.270572|-5.783946|-8.383398|0.321568|-3.091682|0.353987|-3.091682|-3674.043136|-174741700.859967|-196.993185|213582.174894|-0.000005|-3538287.741332|-2.078527|-0.049672|12.593949|-0.052279|-68.253640|-38.950000|-0.196448|-3.270572|-246.721005
1445|-93463119.800000|-4.281041|-3.091682|-22.400000|-12.105472|-28.848473|-2.868212|-20.129509|602.400000|-3.091682|-2.522709|-93594688.364105|-0.029769|-27.486800|-1.835309|0.937166|-22.400000|-2.000000|-14830282.372326|1.715259|-0.000000|-27.819001|-32.224844|-0.077688|0.057154|0.014475|-54529.472369|-0.587536|-3.288095|-5.783946|-8.414147|0.321568|-3.091682|0.353987|-3.091682|-3674.209570|-174741700.859967|-200.948201|213582.174894|-0.000005|-3538287.741332|-2.080091|-0.043454|12.581467|-0.051696|-68.253640|-32.950000|-0.195310|-3.288095|-246.721005
1446|-95262555.100000|-4.332071|-3.091682|-22.200000|-12.105472|-28.414225|-2.868212|-20.129509|602.400000|-3.091682|-2.522709|-93615979.536353|-0.029769|-26.265896|-1.835357|0.867312|-20.400000|-2.000000|-14825726.127637|1.715259|-0.000000|-27.278369|-32.154769|-0.077688|0.057154|0.017357|-53292.987536|-0.586499|-3.318296|-2.543773|-8.427756|0.321568|-3.091682|0.353987|-3.091682|-3675.075235|-174741700.859967|-162.790180|213582.174894|-0.000005|-3538287.741332|-2.081656|-0.039319|12.577110|-0.051103|-68.253640|-32.558333|-0.160347|-3.318296|-246.721005
1447|-93619562.169200|-4.381642|-3.091682|-21.800000|-10.039022|-27.640380|-2.868212|-20.129509|602.400000|-3.091682|-2.522709|-91936359.699176|-0.029769|-25.697604|-1.835380|0.769360|-22.400000|-2.000000|-14810414.277060|1.715259|-0.000000|-26.387979|-31.550783|-0.077688|0.059250|0.019507|-51354.604141|-0.570576|-3.363678|7.104675|-8.424339|0.321568|-3.091682|0.353987|-3.091682|-3673.897609|-174741700.859967|-177.218478|213582.174894|-0.000005|-3538287.741332|-2.083220|-0.034457|12.580919|-0.050574|-68.253640|-31.866666|-0.025384|-3.363678|-246.721005
1448|-95589444.811864|-4.417314|-3.091682|-21.200000|-10.039022|-26.368807|-2.868212|-20.129509|602.400000|-3.091682|-2.522709|-95415409.522264|-0.029769|-25.697604|-1.835962|0.621657|-18.400000|-2.000000|-14788233.809073|1.715259|-0.000000|-26.325271|-30.128972|-0.076814|0.065599|0.022058|-46851.462080|-0.570576|-3.424835|6.177317|-8.404551|0.321568|-3.091682|0.353987|-3.091682|-3674.396741|-174741700.859967|-148.135316|213582.174894|-0.000005|-3538287.741332|-2.076863|-0.028777|12.593132|-0.050142|-68.253640|-31.583333|-0.025384|-3.424835|-246.721005
1449|-95749371.943568|-4.480300|-3.091682|-19.800000|-10.039022|-25.408812|-2.868212|-20.129509|602.400000|-3.091682|-2.522709|-97219736.417283|-0.029769|-25.697604|-1.835968|0.457417|-24.400000|-2.000000|-14778979.701337|1.715259|-0.000000|-25.534656|-30.237269|-0.074856|0.068409|0.024765|-41098.402326|-0.563553|-3.429876|1.534850|-8.369388|0.321568|-3.091682|0.353987|-3.091682|-3674.201668|-174741700.859967|-159.176619|213582.174894|-0.000005|-3538287.741332|-2.057432|-0.025667|12.613811|-0.049751|-68.253640|-31.341666|-0.025384|-3.429876|-246.721005
1450|-97527581.293592|-4.559281|-3.091682|-17.400000|-10.039022|-24.540245|-2.868212|-20.129509|602.400000|-3.091682|-2.522709|-99679353.842754|-0.029769|-25.371298|-1.835686|0.257188|-24.400000|-2.000000|-14773294.820223|1.715259|-0.000000|-23.306140|-30.338009|-0.071984|0.069857|0.026755|-35578.370572|-0.563039|-3.425296|2.850118|-8.319041|0.321568|-3.091682|0.353987|-3.091682|-3674.597932|-174741700.859967|-151.548725|213582.174894|-0.000005|-3538287.741332|-2.038001|-0.021694|12.641813|-0.049411|-68.253640|-29.033333|-0.025384|-3.425296|-246.721005
1451|-101316699.750000|-4.691538|-3.091682|-15.800000|-10.039022|-24.243701|-2.868212|-20.129509|602.400000|-3.091682|-2.522709|-104127711.757929|-0.029769|-25.208144|-1.835830|0.033784|-20.200000|-2.000000|-14647161.241949|1.715259|-0.000000|-26.088180|-30.358784|-0.069111|0.069857|0.027929|-32717.321828|-0.567744|-3.420011|2.631609|-8.253149|0.321568|-3.091682|0.353987|-3.091682|-3674.300906|-174741700.859967|-157.199317|213582.174894|-0.000005|-3538287.741332|-2.018570|-0.019739|12.681378|-0.049107|-68.253640|-29.033333|-0.025384|-3.420011|-246.721005
1452|-102273277.707900|-4.799247|-3.091682|-14.600000|-10.039022|-24.243701|-2.868212|-20.129509|602.400000|-3.091682|-2.522709|-105686924.408412|-0.029769|-24.126568|-1.835902|-0.113672|-19.800000|-2.000000|-14407492.343344|1.715259|-0.000000|-24.801856|-30.411397|-0.066239|0.069857|0.028535|-30323.504628|-0.563507|-3.413397|4.223304|-8.172791|0.321568|-3.091682|0.353987|-3.091682|-3674.394097|-174741700.859967|-156.601603|213582.174894|-0.000005|-3538287.741332|-1.999139|-0.016569|12.733706|-0.048864|-68.253640|-31.033333|-0.025384|-3.413397|-246.721005
1453|-104135635.747490|-4.894003|-3.091682|-12.400000|-8.800082|-24.597143|-2.868212|-20.827104|602.400000|-3.091682|-2.522709|-107853290.878255|-0.029769|-22.976219|-1.835368|-0.113672|-25.200000|-2.000000|-13827386.158667|1.715259|-0.000000|-23.091926|-30.344416|-0.066855|0.069857|0.029455|-27689.767564|-0.562559|-3.417437|4.072468|-8.080861|0.321568|-3.091682|0.353987|-3.091682|-3674.474403|-174741700.859967|-177.175506|213582.174894|-0.000005|-3538287.741332|-1.979708|-0.014616|12.799626|-0.048659|-68.253640|-31.033333|-0.025384|-3.417437|-246.721005
1454|-107973675.772288|-5.098656|-3.091682|-11.000000|-8.800082|-25.297876|-2.868212|-20.827104|602.400000|-3.091682|-2.522709|-111306352.923840|-0.029769|-22.976219|-1.835101|-0.113672|-21.800000|-2.000000|-12655572.935458|1.715259|-0.000000|-23.313711|-30.215149|-0.067472|0.069857|0.030637|-25523.865178|-0.505752|-3.427460|4.466085|-7.979447|0.321568|-3.091682|0.353987|-3.091682|-3674.102990|-174741700.859967|-196.489253|212743.699432|-0.000005|-3538287.741332|-1.960278|-0.014001|12.864525|-0.048495|-68.253640|-31.033333|-0.014650|-3.427460|-246.721005
1455|-131716033.990342|-4.997013|-3.091682|-10.000000|-8.800082|-25.741397|-2.868212|-19.605476|602.400000|-3.091682|-2.522709|-135009297.539639|-0.029769|-22.976219|-1.835822|-0.113672|-13.400000|-2.000000|-10849490.486971|1.715259|-0.000000|-28.014657|-29.980664|-0.070574|0.069857|0.031509|-22664.179244|-0.501416|-3.428380|5.620304|-7.870342|0.321568|-3.091682|0.353987|-3.091682|-3674.412213|-174741700.859967|-175.523277|209906.683360|-0.000005|-3538287.741332|-1.940847|-0.011918|12.930589|-0.048397|-68.253640|-35.033333|-0.013410|-3.428380|-246.721005
1456|-159353014.788896|-4.912047|-3.091682|-8.600000|-8.800082|-26.142677|-2.868212|-20.143621|602.400000|-3.091682|-2.195797|-162839497.888051|-0.029769|-22.976219|-1.836754|-0.113672|-11.800000|-2.000000|-9407017.834500|1.715259|-0.000000|-23.797655|-29.425830|-0.074400|0.069857|0.032834|-20256.400912|-0.500272|-3.435758|4.016690|-7.755892|0.321568|-3.091682|0.353987|-3.091682|-3674.633941|-174741700.859967|-155.813570|199542.042726|-0.000005|-3538287.741332|-1.921416|-0.010796|12.998264|-0.048328|-68.253640|-31.033333|-0.013410|-3.435758|-246.721005
1457|-161767744.780777|-4.957765|-3.091682|-7.200000|-8.800082|-26.505740|-2.868212|-20.143621|602.400000|-3.091682|-1.176902|-166100617.444483|-0.029769|-22.976219|-1.836649|-0.113672|-16.600000|-2.000000|-8265787.487003|1.715259|-0.000000|-25.378013|-29.636056|-0.078226|0.069857|0.034743|-17874.912201|-0.464073|-3.439252|3.119176|-7.638066|0.321568|-3.091682|0.353987|-3.091682|-3673.925344|-174741700.859967|-223.082469|199542.042726|-0.000005|-3538287.741332|-1.901985|-0.012250|13.069337|-0.048274|-68.253640|-31.033333|-0.013410|-3.439252|-95.373046
1458|-168497431.281328|-4.963057|-3.091682|-5.800000|-8.800082|-27.024702|-2.868212|-20.143621|602.400000|-3.091682|-0.741371|-173201995.911503|-0.029769|-22.976219|-1.836597|-0.113672|-12.400000|-2.000000|-7003195.715314|1.715259|-0.000000|-24.537864|-29.373644|-0.082053|0.069857|0.036345|-16165.922658|-0.450079|-3.432136|-0.125704|-7.517518|0.321568|-3.091682|0.353055|-3.091682|-3674.183316|-170158190.797760|-274.797668|199542.042726|-0.000005|-3538287.741332|-1.882554|-0.014508|13.145494|-0.048230|-68.253640|-31.033333|-0.013410|-3.432136|-95.373046
1459|-172969696.425704|-5.015742|-3.091682|-5.200000|-8.800082|-27.494239|-2.868212|-20.143621|602.400000|-3.091682|-0.741371|-177351031.632066|-0.029769|-22.976219|-1.836000|-0.113672|-15.000000|-2.000000|-6201284.710784|1.715259|-0.000000|-24.292093|-29.021414|-0.085879|0.069857|0.037092|-15170.412096|-0.453936|-3.388660|0.897612|-7.394438|0.321568|-3.091682|0.353055|-3.091682|-3673.990644|-170158190.797760|-334.416501|199542.042726|-0.000005|-3538287.741332|-1.860781|-0.019594|13.208758|-0.048190|-68.253640|-33.033333|-0.013410|-3.388660|-95.373046
