859|nan|nan|nan|nan|nan|nan|nan|nan|nan|nan|nan|nan|nan|nan|nan|nan|nan|nan|nan|nan|nan|nan|nan|nan|nan|nan|nan|nan|nan|nan|nan|nan|nan|nan|nan|nan|nan|nan|nan|nan|nan|nan|nan|nan|nan|nan|nan|nan|nan|nan
900|nan|nan|nan|nan|nan|nan|nan|nan|nan|nan|nan|nan|nan|nan|nan|nan|nan|nan|nan|nan|nan|nan|nan|nan|nan|nan|nan|nan|nan|nan|nan|nan|nan|nan|nan|nan|nan|nan|nan|nan|nan|nan|nan|nan|nan|nan|nan|nan|nan|nan
901|nan|nan|nan|nan|nan|nan|nan|nan|nan|nan|nan|nan|nan|nan|nan|nan|nan|nan|nan|nan|nan|nan|nan|nan|nan|nan|nan|nan|nan|nan|nan|nan|nan|nan|nan|nan|nan|nan|nan|nan|nan|nan|nan|nan|nan|nan|nan|nan|nan|nan
902|nan|nan|nan|nan|nan|nan|nan|nan|nan|nan|nan|nan|nan|nan|nan|nan|nan|nan|nan|nan|nan|nan|nan|nan|nan|nan|nan|nan|nan|nan|nan|nan|nan|nan|nan|nan|nan|nan|nan|nan|nan|nan|nan|nan|nan|nan|nan|nan|nan|nan
903|nan|nan|nan|nan|nan|nan|nan|nan|nan|nan|nan|nan|nan|nan|nan|nan|nan|nan|nan|nan|nan|nan|nan|nan|nan|nan|nan|nan|nan|nan|nan|nan|nan|nan|nan|nan|nan|nan|nan|nan|nan|nan|nan|nan|nan|nan|nan|nan|nan|nan
904|nan|nan|nan|nan|nan|nan|nan|nan|nan|nan|nan|nan|nan|nan|nan|nan|nan|nan|nan|nan|nan|nan|nan|nan|nan|nan|nan|nan|nan|nan|nan|nan|nan|nan|nan|nan|nan|nan|nan|nan|nan|nan|nan|nan|nan|nan|nan|nan|nan|nan
905|nan|nan|nan|nan|nan|nan|nan|nan|nan|nan|nan|nan|nan|nan|nan|nan|nan|nan|nan|nan|nan|nan|nan|nan|nan|nan|nan|nan|nan|nan|nan|nan|nan|nan|nan|nan|nan|nan|nan|nan|nan|nan|nan|nan|nan|nan|nan|nan|nan|nan
906|nan|nan|nan|nan|nan|nan|nan|nan|nan|nan|nan|nan|nan|nan|nan|nan|nan|nan|nan|nan|nan|nan|nan|nan|nan|nan|nan|nan|nan|nan|nan|nan|nan|nan|nan|nan|nan|nan|nan|nan|nan|nan|nan|nan|nan|nan|nan|nan|nan|nan
907|nan|nan|nan|nan|nan|nan|nan|nan|nan|nan|nan|nan|nan|nan|nan|nan|nan|nan|nan|nan|nan|nan|nan|nan|nan|nan|nan|nan|nan|nan|nan|nan|nan|nan|nan|nan|nan|nan|nan|nan|nan|nan|nan|nan|nan|nan|nan|nan|nan|nan
908|nan|nan|nan|nan|nan|nan|nan|nan|nan|nan|nan|nan|nan|nan|nan|nan|nan|nan|nan|nan|nan|nan|nan|nan|nan|nan|nan|nan|nan|nan|nan|nan|nan|nan|nan|nan|nan|nan|nan|nan|nan|nan|nan|nan|nan|nan|nan|nan|nan|nan
909|nan|nan|nan|nan|nan|nan|nan|nan|nan|nan|nan|nan|nan|nan|nan|nan|nan|nan|nan|nan|nan|nan|nan|nan|nan|nan|nan|nan|nan|nan|nan|nan|nan|nan|nan|nan|nan|nan|nan|nan|nan|nan|nan|nan|nan|nan|nan|nan|nan|nan
910|nan|nan|nan|nan|nan|nan|nan|nan|nan|nan|nan|nan|nan|nan|nan|nan|nan|nan|nan|nan|nan|nan|nan|nan|nan|nan|nan|nan|nan|nan|nan|nan|nan|nan|nan|nan|nan|nan|nan|nan|nan|nan|nan|nan|nan|nan|nan|nan|nan|nan
911|nan|nan|nan|nan|nan|nan|nan|nan|nan|nan|nan|nan|nan|nan|nan|nan|nan|nan|nan|nan|nan|nan|nan|nan|nan|nan|nan|nan|nan|nan|nan|nan|nan|nan|nan|nan|nan|nan|nan|nan|nan|nan|nan|nan|nan|nan|nan|nan|nan|nan
912|nan|nan|nan|nan|nan|nan|nan|nan|nan|nan|nan|nan|nan|nan|nan|nan|nan|nan|nan|nan|nan|nan|nan|nan|nan|nan|nan|nan|nan|nan|nan|nan|nan|nan|nan|nan|nan|nan|nan|nan|nan|nan|nan|nan|nan|nan|nan|nan|nan|nan
913|nan|nan|nan|nan|nan|nan|nan|nan|nan|nan|nan|nan|nan|nan|nan|nan|nan|nan|nan|nan|nan|nan|nan|nan|nan|nan|nan|nan|nan|nan|nan|nan|nan|nan|nan|nan|nan|nan|nan|nan|nan|nan|nan|nan|nan|nan|nan|nan|nan|nan
914|nan|nan|nan|nan|nan|nan|nan|nan|nan|nan|nan|nan|nan|nan|nan|nan|nan|nan|nan|nan|nan|nan|nan|nan|nan|nan|nan|nan|nan|nan|nan|nan|nan|nan|nan|nan|nan|nan|nan|nan|nan|nan|nan|nan|nan|nan|nan|nan|nan|nan
915|nan|nan|nan|nan|nan|nan|nan|nan|nan|nan|nan|nan|nan|nan|nan|nan|nan|nan|nan|nan|nan|nan|nan|nan|nan|nan|nan|nan|nan|nan|nan|nan|nan|nan|nan|nan|nan|nan|nan|nan|nan|nan|nan|nan|nan|nan|nan|nan|nan|nan
916|nan|nan|nan|nan|nan|nan|nan|nan|nan|nan|nan|nan|nan|nan|nan|nan|nan|nan|nan|nan|nan|nan|nan|nan|nan|nan|nan|nan|nan|nan|nan|nan|nan|nan|nan|nan|nan|nan|nan|nan|nan|nan|nan|nan|nan|nan|nan|nan|nan|nan
917|nan|nan|nan|nan|nan|nan|nan|nan|nan|nan|nan|nan|nan|nan|nan|nan|nan|nan|nan|nan|nan|nan|nan|nan|nan|nan|nan|nan|nan|nan|nan|nan|nan|nan|nan|nan|nan|nan|nan|nan|nan|nan|nan|nan|nan|nan|nan|nan|nan|nan
918|nan|nan|nan|nan|nan|nan|nan|nan|nan|nan|nan|nan|nan|nan|nan|nan|nan|nan|nan|nan|nan|nan|nan|nan|nan|nan|nan|nan|nan|nan|nan|nan|nan|nan|nan|nan|nan|nan|nan|nan|nan|nan|nan|nan|nan|nan|nan|nan|nan|nan
919|nan|nan|nan|nan|nan|nan|nan|nan|nan|nan|nan|nan|nan|nan|nan|nan|nan|nan|nan|nan|nan|nan|nan|nan|nan|nan|nan|nan|nan|nan|nan|nan|nan|nan|nan|nan|nan|nan|nan|nan|nan|nan|nan|nan|nan|nan|nan|nan|nan|nan
920|nan|nan|nan|nan|nan|nan|nan|nan|nan|nan|nan|nan|nan|nan|nan|nan|nan|nan|nan|nan|nan|nan|nan|nan|nan|nan|nan|nan|nan|nan|nan|nan|nan|nan|nan|nan|nan|nan|nan|nan|nan|nan|nan|nan|nan|nan|nan|nan|nan|nan
921|nan|nan|nan|nan|nan|nan|nan|nan|nan|nan|nan|nan|nan|nan|nan|nan|nan|nan|nan|nan|nan|nan|nan|nan|nan|nan|nan|nan|nan|nan|nan|nan|nan|nan|nan|nan|nan|nan|nan|nan|nan|nan|nan|nan|nan|nan|nan|nan|nan|nan
922|nan|nan|nan|nan|nan|nan|nan|nan|nan|nan|nan|nan|nan|nan|nan|nan|nan|nan|nan|nan|nan|nan|nan|nan|nan|nan|nan|nan|nan|nan|nan|nan|nan|nan|nan|nan|nan|nan|nan|nan|nan|nan|nan|nan|nan|nan|nan|nan|nan|nan
923|nan|nan|nan|nan|nan|nan|nan|nan|nan|nan|nan|nan|nan|nan|nan|nan|nan|nan|nan|nan|nan|nan|nan|nan|nan|nan|nan|nan|nan|nan|nan|nan|nan|nan|nan|nan|nan|nan|nan|nan|nan|nan|nan|nan|nan|nan|nan|nan|nan|nan
924|nan|nan|nan|nan|nan|nan|nan|nan|nan|nan|nan|nan|nan|nan|nan|nan|nan|nan|nan|nan|nan|nan|nan|nan|nan|nan|nan|nan|nan|nan|nan|nan|nan|nan|nan|nan|nan|nan|nan|nan|nan|nan|nan|nan|nan|nan|nan|nan|nan|nan
925|nan|nan|nan|nan|nan|nan|nan|nan|nan|nan|nan|nan|nan|nan|nan|nan|nan|nan|nan|nan|nan|nan|nan|nan|nan|nan|nan|nan|nan|nan|nan|nan|nan|nan|nan|nan|nan|nan|nan|nan|nan|nan|nan|nan|nan|nan|nan|nan|nan|nan
926|nan|nan|nan|nan|nan|nan|nan|nan|nan|nan|nan|nan|nan|nan|nan|nan|nan|nan|nan|nan|nan|nan|nan|nan|nan|nan|nan|nan|nan|nan|nan|nan|nan|nan|nan|nan|nan|nan|nan|nan|nan|nan|nan|nan|nan|nan|nan|nan|nan|nan
927|nan|nan|nan|nan|nan|nan|nan|nan|nan|nan|nan|nan|nan|nan|nan|nan|nan|nan|nan|nan|nan|nan|nan|nan|nan|nan|nan|nan|nan|nan|nan|nan|nan|nan|nan|nan|nan|nan|nan|nan|nan|nan|nan|nan|nan|nan|nan|nan|nan|nan
928|nan|nan|nan|nan|nan|nan|nan|nan|nan|nan|nan|nan|nan|nan|nan|nan|nan|nan|nan|nan|nan|nan|nan|nan|nan|nan|nan|nan|nan|nan|nan|nan|nan|nan|nan|nan|nan|nan|nan|nan|nan|nan|nan|nan|nan|nan|nan|nan|nan|nan
929|nan|nan|nan|nan|nan|nan|nan|nan|nan|nan|nan|nan|nan|nan|nan|nan|nan|nan|nan|nan|nan|nan|nan|nan|nan|nan|nan|nan|nan|nan|nan|nan|nan|nan|nan|nan|nan|nan|nan|nan|nan|nan|nan|nan|nan|nan|nan|nan|nan|nan
930|nan|nan|nan|nan|nan|nan|nan|nan|nan|nan|nan|nan|nan|nan|nan|nan|nan|nan|nan|nan|nan|nan|nan|nan|nan|nan|nan|nan|nan|nan|nan|nan|nan|nan|nan|nan|nan|nan|nan|nan|nan|nan|nan|nan|nan|nan|nan|nan|nan|nan
931|nan|nan|nan|nan|nan|nan|nan|nan|nan|nan|nan|nan|nan|nan|nan|nan|nan|nan|nan|nan|nan|nan|nan|nan|nan|nan|nan|nan|nan|nan|nan|nan|nan|nan|nan|nan|nan|nan|nan|nan|nan|nan|nan|nan|nan|nan|nan|nan|nan|nan
932|nan|nan|nan|nan|nan|nan|nan|nan|nan|nan|nan|nan|nan|nan|nan|nan|nan|nan|nan|nan|nan|nan|nan|nan|nan|nan|nan|nan|nan|nan|nan|nan|nan|nan|nan|nan|nan|nan|nan|nan|nan|nan|nan|nan|nan|nan|nan|nan|nan|nan
933|nan|nan|nan|nan|nan|nan|nan|nan|nan|nan|nan|nan|nan|nan|nan|nan|nan|nan|nan|nan|nan|nan|nan|nan|nan|nan|nan|nan|nan|nan|nan|nan|nan|nan|nan|nan|nan|nan|nan|nan|nan|nan|nan|nan|nan|nan|nan|nan|nan|nan
934|nan|nan|nan|nan|nan|nan|nan|nan|nan|nan|nan|nan|nan|nan|nan|nan|nan|nan|nan|nan|nan|nan|nan|nan|nan|nan|nan|nan|nan|nan|nan|nan|nan|nan|nan|nan|nan|nan|nan|nan|nan|nan|nan|nan|nan|nan|nan|nan|nan|nan
935|nan|nan|nan|nan|nan|nan|nan|nan|nan|nan|nan|nan|nan|nan|nan|nan|nan|nan|nan|nan|nan|nan|nan|nan|nan|nan|nan|nan|nan|nan|nan|nan|nan|nan|nan|nan|nan|nan|nan|nan|nan|nan|nan|nan|nan|nan|nan|nan|nan|nan
936|nan|nan|nan|nan|nan|nan|nan|nan|nan|nan|nan|nan|nan|nan|nan|nan|nan|nan|nan|nan|nan|nan|nan|nan|nan|nan|nan|nan|nan|nan|nan|nan|nan|nan|nan|nan|nan|nan|nan|nan|nan|nan|nan|nan|nan|nan|nan|nan|nan|nan
937|nan|nan|nan|nan|nan|nan|nan|nan|nan|nan|nan|nan|nan|nan|nan|nan|nan|nan|nan|nan|nan|nan|nan|nan|nan|nan|nan|nan|nan|nan|nan|nan|nan|nan|nan|nan|nan|nan|nan|nan|nan|nan|nan|nan|nan|nan|nan|nan|nan|nan
938|nan|nan|nan|nan|nan|nan|nan|nan|nan|nan|nan|nan|nan|nan|nan|nan|nan|nan|nan|nan|nan|nan|nan|nan|nan|nan|nan|nan|nan|nan|nan|nan|nan|nan|nan|nan|nan|nan|nan|nan|nan|nan|nan|nan|nan|nan|nan|nan|nan|nan
939|nan|nan|nan|nan|nan|nan|nan|nan|nan|nan|nan|nan|nan|nan|nan|nan|nan|nan|nan|nan|nan|nan|nan|nan|nan|nan|nan|nan|nan|nan|nan|nan|nan|nan|nan|nan|nan|nan|nan|nan|nan|nan|nan|nan|nan|nan|nan|nan|nan|nan
940|nan|nan|nan|nan|nan|nan|nan|nan|nan|nan|nan|nan|nan|nan|nan|nan|nan|nan|nan|nan|nan|nan|nan|nan|nan|nan|nan|nan|nan|nan|nan|nan|nan|nan|nan|nan|nan|nan|nan|nan|nan|nan|nan|nan|nan|nan|nan|nan|nan|nan
941|nan|nan|nan|nan|nan|nan|nan|nan|nan|nan|nan|nan|nan|nan|nan|nan|nan|nan|nan|nan|nan|nan|nan|nan|nan|nan|nan|nan|nan|nan|nan|nan|nan|nan|nan|nan|nan|nan|nan|nan|nan|nan|nan|nan|nan|nan|nan|nan|nan|nan
942|nan|nan|nan|nan|nan|nan|nan|nan|nan|nan|nan|nan|nan|nan|nan|nan|nan|nan|nan|nan|nan|nan|nan|nan|nan|nan|nan|nan|nan|nan|nan|nan|nan|nan|nan|nan|nan|nan|nan|nan|nan|nan|nan|nan|nan|nan|nan|nan|nan|nan
943|nan|nan|nan|nan|nan|nan|nan|nan|nan|nan|nan|nan|nan|nan|nan|nan|nan|nan|nan|nan|nan|nan|nan|nan|nan|nan|nan|nan|nan|nan|nan|nan|nan|nan|nan|nan|nan|nan|nan|nan|nan|nan|nan|nan|nan|nan|nan|nan|nan|nan
944|nan|nan|nan|nan|nan|nan|nan|nan|nan|nan|nan|nan|nan|nan|nan|nan|nan|nan|nan|nan|nan|nan|nan|nan|nan|nan|nan|nan|nan|nan|nan|nan|nan|nan|nan|nan|nan|nan|nan|nan|nan|nan|nan|nan|nan|nan|nan|nan|nan|nan
945|nan|nan|nan|nan|nan|nan|nan|nan|nan|nan|nan|nan|nan|nan|nan|nan|nan|nan|nan|nan|nan|nan|nan|nan|nan|nan|nan|nan|nan|nan|nan|nan|nan|nan|nan|nan|nan|nan|nan|nan|nan|nan|nan|nan|nan|nan|nan|nan|nan|nan
946|nan|nan|nan|nan|nan|nan|nan|nan|nan|nan|nan|nan|nan|nan|nan|nan|nan|nan|nan|nan|nan|nan|nan|nan|nan|nan|nan|nan|nan|nan|nan|nan|nan|nan|nan|nan|nan|nan|nan|nan|nan|nan|nan|nan|nan|nan|nan|nan|nan|nan
947|nan|nan|nan|nan|nan|nan|nan|nan|nan|nan|nan|nan|nan|nan|nan|nan|nan|nan|nan|nan|nan|nan|nan|nan|nan|nan|nan|nan|nan|nan|nan|nan|nan|nan|nan|nan|nan|nan|nan|nan|nan|nan|nan|nan|nan|nan|nan|nan|nan|nan
948|nan|nan|nan|nan|nan|nan|nan|nan|nan|nan|nan|nan|nan|nan|nan|nan|nan|nan|nan|nan|nan|nan|nan|nan|nan|nan|nan|nan|nan|nan|nan|nan|nan|nan|nan|nan|nan|nan|nan|nan|nan|nan|nan|nan|nan|nan|nan|nan|nan|nan
949|nan|nan|nan|nan|nan|nan|nan|nan|nan|nan|nan|nan|nan|nan|nan|nan|nan|nan|nan|nan|nan|nan|nan|nan|nan|nan|nan|nan|nan|nan|nan|nan|nan|nan|nan|nan|nan|nan|nan|nan|nan|nan|nan|nan|nan|nan|nan|nan|nan|nan
950|nan|nan|nan|nan|nan|nan|nan|nan|nan|nan|nan|nan|nan|nan|nan|nan|nan|nan|nan|nan|nan|nan|nan|nan|nan|nan|nan|nan|nan|nan|nan|nan|nan|nan|nan|nan|nan|nan|nan|nan|nan|nan|nan|nan|nan|nan|nan|nan|nan|nan
951|nan|nan|nan|nan|nan|nan|nan|nan|nan|nan|nan|nan|nan|nan|nan|nan|nan|nan|nan|nan|nan|nan|nan|nan|nan|nan|nan|nan|nan|nan|nan|nan|nan|nan|nan|nan|nan|nan|nan|nan|nan|nan|nan|nan|nan|nan|nan|nan|nan|nan
952|nan|nan|nan|nan|nan|nan|nan|nan|nan|nan|nan|nan|nan|nan|nan|nan|nan|nan|nan|nan|nan|nan|nan|nan|nan|nan|nan|nan|nan|nan|nan|nan|nan|nan|nan|nan|nan|nan|nan|nan|nan|nan|nan|nan|nan|nan|nan|nan|nan|nan
953|nan|nan|nan|nan|nan|nan|nan|nan|nan|nan|nan|nan|nan|nan|nan|nan|nan|nan|nan|nan|nan|nan|nan|nan|nan|nan|nan|nan|nan|nan|nan|nan|nan|nan|nan|nan|nan|nan|nan|nan|nan|nan|nan|nan|nan|nan|nan|nan|nan|nan
954|nan|nan|nan|nan|nan|nan|nan|nan|nan|nan|nan|nan|nan|nan|nan|nan|nan|nan|nan|nan|nan|nan|nan|nan|nan|nan|nan|nan|nan|nan|nan|nan|nan|nan|nan|nan|nan|nan|nan|nan|nan|nan|nan|nan|nan|nan|nan|nan|nan|nan
955|nan|nan|nan|nan|nan|nan|nan|nan|nan|nan|nan|nan|nan|nan|nan|nan|nan|nan|nan|nan|nan|nan|nan|nan|nan|nan|nan|nan|nan|nan|nan|nan|nan|nan|nan|nan|nan|nan|nan|nan|nan|nan|nan|nan|nan|nan|nan|nan|nan|nan
956|nan|nan|nan|nan|nan|nan|nan|nan|nan|nan|nan|nan|nan|nan|nan|nan|nan|nan|nan|nan|nan|nan|nan|nan|nan|nan|nan|nan|nan|nan|nan|nan|nan|nan|nan|nan|nan|nan|nan|nan|nan|nan|nan|nan|nan|nan|nan|nan|nan|nan
957|nan|nan|nan|nan|nan|nan|nan|nan|nan|nan|nan|nan|nan|nan|nan|nan|nan|nan|nan|nan|nan|nan|nan|nan|nan|nan|nan|nan|nan|nan|nan|nan|nan|nan|nan|nan|nan|nan|nan|nan|nan|nan|nan|nan|nan|nan|nan|nan|nan|nan
958|nan|nan|nan|nan|nan|nan|nan|nan|nan|nan|nan|nan|nan|nan|nan|nan|nan|nan|nan|nan|nan|nan|nan|nan|nan|nan|nan|nan|nan|nan|nan|nan|nan|nan|nan|nan|nan|nan|nan|nan|nan|nan|nan|nan|nan|nan|nan|nan|nan|nan
959|nan|nan|nan|nan|nan|nan|nan|nan|nan|nan|nan|nan|nan|nan|nan|nan|nan|nan|nan|nan|nan|nan|nan|nan|nan|nan|nan|nan|nan|nan|nan|nan|nan|nan|nan|nan|nan|nan|nan|nan|nan|nan|nan|nan|nan|nan|nan|nan|nan|nan
1000|nan|nan|nan|nan|nan|nan|nan|nan|nan|nan|nan|nan|nan|nan|nan|nan|nan|nan|nan|nan|nan|nan|nan|nan|nan|nan|nan|nan|nan|nan|nan|nan|nan|nan|nan|nan|nan|nan|nan|nan|nan|nan|nan|nan|nan|nan|nan|nan|nan|nan
1001|nan|nan|nan|nan|nan|nan|nan|nan|nan|nan|nan|nan|nan|nan|nan|nan|nan|nan|nan|nan|nan|nan|nan|nan|nan|nan|nan|nan|nan|nan|nan|nan|nan|nan|nan|nan|nan|nan|nan|nan|nan|nan|nan|nan|nan|nan|nan|nan|nan|nan
1002|nan|nan|nan|nan|nan|nan|nan|nan|nan|nan|nan|nan|nan|nan|nan|nan|nan|nan|nan|nan|nan|nan|nan|nan|nan|nan|nan|nan|nan|nan|nan|nan|nan|nan|nan|nan|nan|nan|nan|nan|nan|nan|nan|nan|nan|nan|nan|nan|nan|nan
1003|nan|nan|nan|nan|nan|nan|nan|nan|nan|nan|nan|nan|nan|nan|nan|nan|nan|nan|nan|nan|nan|nan|nan|nan|nan|nan|nan|nan|nan|nan|nan|nan|nan|nan|nan|nan|nan|nan|nan|nan|nan|nan|nan|nan|nan|nan|nan|nan|nan|nan
1004|nan|nan|nan|nan|nan|nan|nan|nan|nan|nan|nan|nan|nan|nan|nan|nan|nan|nan|nan|nan|nan|nan|nan|nan|nan|nan|nan|nan|nan|nan|nan|nan|nan|nan|nan|nan|nan|nan|nan|nan|nan|nan|nan|nan|nan|nan|nan|nan|nan|nan
1005|nan|nan|nan|nan|nan|nan|nan|nan|nan|nan|nan|nan|nan|nan|nan|nan|nan|nan|nan|nan|nan|nan|nan|nan|nan|nan|nan|nan|nan|nan|nan|nan|nan|nan|nan|nan|nan|nan|nan|nan|nan|nan|nan|nan|nan|nan|nan|nan|nan|nan
1006|nan|nan|nan|nan|nan|nan|nan|nan|nan|nan|nan|nan|nan|nan|nan|nan|nan|nan|nan|nan|nan|nan|nan|nan|nan|nan|nan|nan|nan|nan|nan|nan|nan|nan|nan|nan|nan|nan|nan|nan|nan|nan|nan|nan|nan|nan|nan|nan|nan|nan
1007|nan|nan|nan|nan|nan|nan|nan|nan|nan|nan|nan|nan|nan|nan|nan|nan|nan|nan|nan|nan|nan|nan|nan|nan|nan|nan|nan|nan|nan|nan|nan|nan|nan|nan|nan|nan|nan|nan|nan|nan|nan|nan|nan|nan|nan|nan|nan|nan|nan|nan
1008|nan|nan|nan|nan|nan|nan|nan|nan|nan|nan|nan|nan|nan|nan|nan|nan|nan|nan|nan|nan|nan|nan|nan|nan|nan|nan|nan|nan|nan|nan|nan|nan|nan|nan|nan|nan|nan|nan|nan|nan|nan|nan|nan|nan|nan|nan|nan|nan|nan|nan
1009|nan|nan|nan|nan|nan|nan|nan|nan|nan|nan|nan|nan|nan|nan|nan|nan|nan|nan|nan|nan|nan|nan|nan|nan|nan|nan|nan|nan|nan|nan|nan|nan|nan|nan|nan|nan|nan|nan|nan|nan|nan|nan|nan|nan|nan|nan|nan|nan|nan|nan
1010|nan|nan|nan|nan|nan|nan|nan|nan|nan|nan|nan|nan|nan|nan|nan|nan|nan|nan|nan|nan|nan|nan|nan|nan|nan|nan|nan|nan|nan|nan|nan|nan|nan|nan|nan|nan|nan|nan|nan|nan|nan|nan|nan|nan|nan|nan|nan|nan|nan|nan
1011|nan|nan|nan|nan|nan|nan|nan|nan|nan|nan|nan|nan|nan|nan|nan|nan|nan|nan|nan|nan|nan|nan|nan|nan|nan|nan|nan|nan|nan|nan|nan|nan|nan|nan|nan|nan|nan|nan|nan|nan|nan|nan|nan|nan|nan|nan|nan|nan|nan|nan
1012|nan|nan|nan|nan|nan|nan|nan|nan|nan|nan|nan|nan|nan|nan|nan|nan|nan|nan|nan|nan|nan|nan|nan|nan|nan|nan|nan|nan|nan|nan|nan|nan|nan|nan|nan|nan|nan|nan|nan|nan|nan|nan|nan|nan|nan|nan|nan|nan|nan|nan
1013|nan|nan|nan|nan|nan|nan|nan|nan|nan|nan|nan|nan|nan|nan|nan|nan|nan|nan|nan|nan|nan|nan|nan|nan|nan|nan|nan|nan|nan|0.000000|nan|nan|nan|nan|nan|nan|nan|nan|nan|nan|nan|nan|nan|nan|nan|nan|nan|nan|nan|nan
1014|nan|nan|nan|nan|nan|nan|nan|nan|nan|nan|nan|nan|nan|nan|nan|nan|nan|nan|nan|nan|nan|nan|nan|nan|nan|nan|nan|nan|nan|0.000000|nan|nan|nan|nan|nan|nan|nan|nan|nan|nan|nan|nan|nan|nan|nan|nan|nan|nan|nan|nan
1030|nan|nan|nan|nan|nan|nan|nan|nan|nan|nan|nan|nan|nan|nan|nan|nan|nan|nan|nan|nan|nan|nan|nan|nan|nan|nan|nan|nan|nan|59.111970|nan|nan|nan|nan|nan|nan|nan|nan|nan|nan|nan|nan|nan|nan|nan|nan|nan|nan|nan|nan
1031|nan|nan|nan|nan|nan|nan|nan|nan|nan|nan|nan|nan|nan|nan|nan|nan|nan|nan|nan|nan|nan|nan|nan|nan|nan|nan|nan|nan|nan|66.102057|nan|nan|nan|nan|nan|nan|nan|nan|nan|nan|nan|nan|nan|nan|nan|nan|nan|nan|nan|nan
1032|nan|nan|nan|nan|nan|nan|nan|nan|nan|nan|nan|nan|nan|nan|nan|nan|nan|nan|nan|nan|nan|nan|nan|nan|nan|nan|nan|nan|nan|35.860496|nan|nan|nan|nan|nan|nan|nan|nan|nan|nan|nan|nan|nan|nan|nan|nan|nan|nan|nan|nan
1033|nan|nan|nan|nan|nan|nan|nan|nan|nan|nan|nan|nan|nan|nan|nan|nan|nan|nan|nan|nan|nan|nan|nan|nan|nan|nan|nan|nan|nan|-53.000429|nan|nan|nan|nan|nan|nan|nan|nan|nan|nan|nan|nan|nan|nan|nan|nan|nan|nan|nan|nan
1034|nan|nan|nan|nan|nan|nan|nan|nan|nan|nan|nan|nan|nan|nan|nan|nan|nan|nan|nan|nan|nan|nan|nan|nan|nan|nan|nan|nan|nan|-102.794576|nan|nan|nan|nan|nan|nan|nan|nan|nan|nan|nan|nan|nan|nan|nan|nan|nan|nan|nan|nan
1035|nan|nan|nan|nan|nan|nan|nan|nan|nan|nan|nan|nan|nan|nan|nan|nan|nan|nan|nan|nan|nan|nan|nan|nan|nan|nan|nan|nan|nan|-147.953976|nan|nan|nan|nan|nan|nan|nan|nan|nan|nan|nan|nan|nan|nan|nan|nan|nan|nan|nan|nan
1036|nan|nan|nan|nan|nan|nan|nan|nan|nan|nan|nan|nan|nan|nan|nan|nan|nan|nan|nan|nan|nan|nan|nan|nan|nan|nan|nan|nan|nan|-230.475935|nan|nan|nan|nan|nan|nan|nan|nan|nan|nan|nan|nan|nan|nan|nan|nan|nan|nan|nan|nan
1037|nan|nan|nan|nan|nan|nan|nan|nan|nan|nan|nan|nan|nan|nan|nan|nan|nan|nan|nan|nan|nan|nan|nan|nan|nan|nan|nan|nan|nan|-193.223582|nan|nan|nan|nan|nan|nan|nan|nan|nan|nan|nan|nan|nan|nan|nan|nan|nan|nan|nan|nan
1038|nan|nan|nan|nan|nan|nan|nan|nan|nan|nan|nan|nan|nan|nan|nan|nan|nan|nan|nan|nan|nan|nan|nan|nan|nan|nan|nan|nan|nan|-184.877293|nan|nan|nan|nan|nan|nan|nan|nan|nan|nan|nan|nan|nan|nan|nan|nan|nan|nan|nan|nan
1039|nan|nan|nan|nan|nan|nan|nan|nan|nan|nan|nan|nan|nan|nan|nan|nan|nan|nan|nan|nan|nan|nan|nan|nan|nan|nan|nan|nan|nan|-153.444362|nan|nan|nan|nan|nan|nan|nan|nan|nan|nan|nan|nan|nan|nan|nan|nan|nan|nan|nan|nan
1040|nan|nan|nan|nan|nan|nan|nan|nan|nan|nan|nan|nan|nan|nan|nan|nan|nan|nan|nan|nan|nan|nan|nan|nan|nan|nan|nan|nan|nan|-127.657950|nan|nan|nan|nan|nan|nan|nan|nan|nan|nan|nan|nan|nan|nan|nan|nan|nan|nan|nan|nan
1041|nan|nan|nan|nan|nan|nan|nan|nan|nan|nan|nan|nan|nan|nan|nan|nan|nan|nan|nan|nan|nan|nan|nan|nan|nan|nan|nan|nan|nan|-118.539525|nan|nan|nan|nan|nan|nan|nan|nan|nan|nan|nan|nan|nan|nan|nan|nan|nan|nan|nan|nan
1042|nan|nan|nan|nan|nan|nan|nan|nan|nan|nan|nan|nan|nan|nan|nan|nan|nan|nan|nan|nan|nan|nan|nan|nan|nan|nan|nan|nan|nan|-99.830129|nan|nan|nan|nan|nan|nan|nan|nan|nan|nan|nan|nan|nan|nan|nan|nan|nan|nan|nan|nan
1043|nan|nan|nan|nan|nan|nan|nan|nan|nan|nan|nan|nan|nan|nan|nan|nan|nan|nan|nan|nan|nan|nan|nan|nan|nan|nan|nan|nan|nan|-93.590746|nan|0.434781|nan|nan|nan|-2151.937898|nan|nan|nan|nan|-631906.440272|nan|nan|11.517671|nan|-22.769508|nan|0.096835|nan|nan
1044|nan|nan|nan|nan|nan|nan|nan|nan|nan|nan|nan|nan|nan|nan|nan|nan|nan|nan|nan|nan|nan|nan|nan|nan|nan|nan|nan|nan|nan|-88.085408|nan|0.434781|nan|nan|nan|-2151.711609|nan|nan|nan|nan|-631906.440272|nan|nan|11.488319|nan|-22.769508|nan|0.096835|nan|nan
1045|nan|nan|nan|nan|nan|nan|nan|nan|nan|nan|nan|nan|nan|nan|nan|nan|nan|nan|nan|nan|nan|nan|nan|nan|nan|nan|nan|nan|nan|-83.191774|nan|0.434781|nan|nan|nan|-2152.693496|nan|nan|nan|nan|-631906.440272|nan|nan|11.470240|nan|-22.769508|nan|0.096835|nan|nan
1046|nan|nan|nan|nan|nan|nan|nan|nan|nan|nan|nan|nan|nan|nan|nan|nan|nan|nan|nan|nan|nan|nan|nan|nan|nan|nan|nan|nan|nan|-78.813260|nan|0.434781|nan|nan|nan|-2152.475891|nan|nan|nan|nan|-631906.440272|nan|nan|11.456154|nan|-22.769508|nan|0.096835|nan|nan
1047|nan|nan|nan|nan|nan|nan|nan|nan|nan|nan|nan|nan|nan|nan|nan|nan|nan|nan|nan|nan|nan|nan|nan|nan|nan|nan|nan|nan|nan|-70.260876|nan|0.434781|nan|nan|nan|-2152.152678|nan|nan|nan|nan|-631906.440272|nan|nan|11.444727|nan|-22.769508|nan|0.096835|nan|nan
1048|nan|nan|nan|nan|nan|nan|nan|nan|nan|nan|nan|nan|nan|nan|nan|nan|nan|nan|nan|nan|nan|nan|nan|nan|nan|nan|nan|nan|nan|-67.994008|nan|0.434781|nan|nan|nan|-2153.127603|nan|nan|nan|nan|-631906.440272|nan|nan|11.427480|nan|-22.769508|nan|0.096835|nan|nan
1049|nan|nan|nan|nan|nan|nan|nan|nan|nan|nan|nan|nan|nan|nan|nan|nan|nan|nan|nan|nan|nan|nan|nan|nan|nan|nan|nan|nan|nan|-62.872007|nan|0.434781|nan|nan|nan|-2152.407917|nan|nan|nan|nan|-631906.440272|nan|nan|11.407920|nan|-22.769508|nan|0.096835|nan|nan
1050|nan|nan|nan|nan|nan|nan|nan|nan|nan|nan|nan|nan|nan|nan|nan|nan|nan|nan|nan|nan|nan|nan|nan|nan|nan|nan|nan|nan|nan|-60.138441|nan|0.434781|nan|nan|nan|-2151.567097|nan|nan|nan|nan|-631906.440272|nan|nan|11.386045|nan|-22.769508|nan|0.096835|nan|nan
1051|nan|nan|nan|nan|nan|nan|nan|nan|nan|nan|nan|nan|nan|nan|nan|nan|nan|nan|nan|nan|nan|nan|nan|nan|nan|nan|nan|nan|nan|-65.814015|nan|0.434781|nan|nan|nan|-2152.748041|nan|nan|nan|nan|-631906.440272|nan|nan|11.367546|nan|-22.769508|nan|0.096835|nan|nan
1052|nan|nan|nan|nan|nan|nan|nan|nan|nan|nan|nan|nan|nan|nan|nan|nan|nan|nan|nan|nan|nan|nan|nan|nan|nan|nan|nan|nan|nan|-55.408795|nan|0.434781|nan|nan|nan|-2151.829442|nan|nan|nan|nan|-631906.440272|nan|nan|11.350832|nan|-22.769508|nan|0.096835|nan|nan
1053|nan|nan|nan|nan|nan|nan|nan|nan|nan|nan|nan|nan|nan|nan|nan|nan|nan|nan|nan|nan|nan|nan|nan|nan|nan|nan|nan|nan|nan|-46.701739|nan|0.434781|nan|nan|nan|-2151.380039|nan|nan|nan|nan|-631906.440272|nan|nan|11.335150|nan|-22.769508|nan|0.096835|nan|nan
1054|nan|nan|nan|nan|nan|nan|nan|nan|nan|nan|nan|nan|nan|nan|nan|nan|nan|nan|nan|nan|nan|nan|nan|nan|nan|nan|nan|nan|nan|-46.542187|nan|0.434781|nan|nan|nan|-2152.589236|nan|nan|nan|nan|-631906.440272|nan|nan|11.320164|nan|-22.769508|nan|0.096835|nan|nan
1055|nan|nan|nan|nan|nan|nan|nan|nan|nan|nan|nan|nan|nan|nan|nan|nan|nan|nan|nan|nan|nan|nan|nan|nan|nan|nan|nan|nan|nan|-32.861368|nan|0.434781|nan|nan|nan|-2151.388834|nan|nan|nan|nan|-631906.440272|nan|nan|11.305230|nan|-22.769508|nan|0.096835|nan|nan
1056|nan|nan|nan|nan|nan|nan|nan|nan|nan|nan|nan|nan|nan|nan|nan|nan|nan|nan|nan|nan|nan|nan|nan|nan|nan|nan|nan|nan|nan|-40.369768|nan|0.434781|nan|nan|nan|-2154.109686|nan|nan|nan|nan|-631906.440272|nan|nan|11.291092|nan|-22.769508|nan|0.096835|nan|nan
1057|nan|nan|nan|nan|nan|nan|nan|nan|nan|nan|nan|nan|nan|nan|nan|nan|nan|nan|nan|nan|nan|nan|nan|nan|nan|nan|nan|nan|nan|-39.024109|nan|0.434781|nan|nan|nan|-2152.765215|nan|nan|nan|nan|-631906.440272|nan|nan|11.277605|nan|-22.769508|nan|0.096835|nan|nan
1058|nan|nan|nan|nan|nan|nan|nan|nan|nan|nan|nan|nan|nan|nan|nan|nan|nan|nan|nan|nan|nan|nan|nan|nan|0.231821|nan|nan|nan|nan|-39.097534|nan|0.434781|nan|nan|nan|-2152.209312|nan|nan|nan|nan|-631906.440272|nan|nan|11.264056|nan|-22.769508|nan|0.096835|nan|-338.689252
1059|nan|nan|nan|nan|nan|nan|nan|nan|nan|nan|nan|nan|nan|nan|nan|nan|nan|nan|nan|nan|nan|nan|nan|nan|0.231821|nan|nan|nan|nan|-35.951012|nan|0.434781|nan|nan|nan|-2152.881782|nan|nan|nan|nan|-631906.440272|nan|nan|11.249671|nan|-22.769508|nan|0.096835|nan|-338.689252
1100|nan|nan|nan|nan|nan|nan|nan|nan|nan|nan|nan|nan|nan|nan|nan|nan|nan|nan|nan|nan|nan|nan|nan|nan|0.231821|nan|nan|nan|nan|-34.861587|nan|0.434781|nan|nan|nan|-2152.026279|nan|nan|nan|nan|-631906.440272|nan|nan|11.235782|nan|-22.769508|nan|0.096835|nan|-338.689252
1101|nan|nan|nan|nan|nan|nan|nan|nan|nan|nan|nan|nan|nan|nan|nan|nan|nan|nan|nan|nan|nan|nan|nan|nan|0.231821|nan|nan|nan|nan|-38.610129|nan|0.434781|nan|nan|nan|-2153.123231|nan|nan|nan|nan|-631906.440272|nan|nan|11.223754|nan|-22.769508|nan|0.096835|nan|-338.689252
1102|nan|nan|nan|nan|nan|nan|nan|nan|nan|nan|nan|nan|nan|nan|nan|nan|nan|nan|nan|nan|nan|nan|nan|nan|0.231821|nan|nan|nan|nan|-36.353726|nan|0.434781|nan|nan|nan|-2152.947378|nan|nan|nan|nan|-631906.440272|nan|nan|11.213901|nan|-22.769508|nan|0.096835|nan|-338.689252
1103|nan|nan|nan|nan|nan|nan|nan|nan|nan|nan|nan|nan|nan|nan|nan|nan|nan|nan|nan|nan|nan|nan|nan|nan|0.231821|nan|nan|nan|nan|-33.115633|nan|0.434781|nan|nan|nan|-2152.138648|nan|nan|nan|nan|-631906.440272|nan|nan|11.205665|nan|-22.769508|nan|0.096835|nan|-338.689252
1104|nan|nan|nan|nan|nan|nan|nan|nan|nan|nan|nan|nan|nan|nan|nan|nan|nan|nan|nan|nan|nan|nan|nan|nan|0.231821|nan|nan|nan|nan|-30.606442|nan|0.434781|nan|nan|nan|-2152.213739|nan|nan|nan|nan|-631906.440272|nan|nan|11.199539|nan|-22.769508|nan|0.096835|nan|-338.689252
1105|nan|nan|nan|nan|nan|nan|nan|nan|nan|nan|nan|nan|nan|nan|nan|nan|nan|nan|nan|nan|nan|nan|nan|nan|0.231821|nan|nan|nan|nan|-28.761040|nan|0.434781|nan|nan|nan|-2152.318752|nan|nan|nan|nan|-631906.440272|nan|nan|11.195485|nan|-22.769508|nan|0.096835|nan|-338.689252
1106|nan|nan|nan|nan|nan|nan|nan|nan|nan|nan|nan|nan|nan|nan|nan|nan|nan|nan|nan|nan|nan|nan|nan|nan|0.231821|nan|nan|nan|nan|-26.516387|nan|0.434781|nan|nan|nan|-2152.169345|nan|nan|nan|nan|-631906.440272|nan|nan|11.191966|nan|-22.769508|nan|0.096835|nan|-338.689252
1107|nan|nan|nan|nan|nan|nan|nan|nan|nan|nan|nan|nan|nan|nan|nan|nan|nan|nan|nan|nan|nan|nan|nan|nan|0.231821|nan|nan|nan|nan|-26.824110|nan|0.434781|nan|nan|nan|-2152.372987|nan|nan|nan|nan|-631906.440272|nan|nan|11.188983|nan|-22.769508|nan|0.096835|nan|-338.689252
1108|nan|nan|nan|nan|nan|nan|nan|nan|nan|nan|nan|nan|nan|nan|nan|nan|nan|nan|nan|nan|nan|nan|nan|nan|0.231821|nan|nan|nan|nan|-19.139081|nan|0.434781|nan|nan|nan|-2152.250509|nan|nan|nan|nan|-631906.440272|nan|nan|11.186537|nan|-22.769508|nan|0.096835|nan|-338.689252
1109|nan|nan|nan|nan|nan|nan|nan|nan|nan|nan|nan|nan|nan|nan|nan|nan|nan|nan|nan|nan|nan|nan|nan|nan|0.231821|nan|nan|nan|nan|-19.589171|nan|0.434781|nan|nan|nan|-2153.235480|nan|nan|nan|nan|-631906.440272|nan|nan|11.184675|nan|-22.769508|nan|0.096835|nan|-338.689252
1110|nan|nan|nan|nan|nan|nan|nan|nan|nan|nan|nan|nan|nan|nan|nan|nan|nan|nan|nan|nan|nan|nan|nan|nan|0.231821|nan|nan|nan|nan|-17.380463|nan|0.434781|nan|nan|nan|-2152.888077|nan|nan|nan|nan|-631906.440272|nan|nan|11.183394|nan|-22.769508|nan|0.096835|nan|-338.689252
1111|nan|nan|nan|nan|nan|nan|nan|nan|nan|nan|nan|nan|nan|nan|nan|nan|nan|nan|nan|nan|nan|nan|nan|nan|0.231821|nan|nan|nan|nan|-16.985453|nan|0.434781|nan|nan|nan|-2152.757582|nan|nan|nan|nan|-631906.440272|nan|nan|11.182498|nan|-22.769508|nan|0.096835|nan|-338.689252
1112|nan|nan|nan|nan|nan|nan|nan|nan|nan|nan|nan|nan|nan|nan|nan|nan|nan|nan|nan|nan|nan|nan|nan|nan|0.231821|nan|nan|nan|nan|-17.020363|nan|0.434781|nan|nan|nan|-2152.564346|nan|nan|nan|nan|-631906.440272|nan|nan|11.181949|nan|-22.769508|nan|0.103009|nan|-338.689252
1113|nan|nan|nan|nan|nan|nan|nan|nan|1320.000000|nan|nan|-14606629.476532|nan|nan|nan|nan|nan|nan|nan|nan|nan|nan|nan|nan|0.231821|nan|nan|nan|nan|-16.249309|nan|0.434781|nan|nan|nan|-2152.155313|nan|nan|nan|nan|-631906.440272|nan|nan|11.181692|nan|-22.769508|nan|0.166828|nan|-338.689252
1114|nan|nan|nan|nan|nan|nan|nan|nan|1320.000000|nan|nan|-2367022.701812|nan|nan|nan|nan|nan|nan|nan|nan|nan|nan|nan|nan|0.231821|nan|nan|nan|nan|-18.252355|nan|0.434781|nan|nan|nan|-2152.363713|nan|nan|nan|nan|-631906.440272|nan|nan|11.181716|nan|-22.769508|nan|0.166828|nan|-338.689252
1115|nan|nan|nan|nan|nan|nan|nan|nan|1320.000000|nan|nan|-263490.085458|nan|nan|nan|nan|nan|nan|nan|nan|nan|nan|nan|nan|0.231821|nan|nan|nan|nan|-17.104681|nan|0.434781|nan|nan|nan|-2151.296733|nan|nan|nan|nan|-631906.440272|nan|nan|11.181682|nan|-22.769508|nan|0.166828|nan|-338.689252
1116|nan|nan|nan|nan|nan|nan|nan|nan|1320.000000|nan|nan|3799213.842754|nan|nan|nan|nan|nan|nan|nan|nan|nan|nan|nan|nan|0.231821|nan|nan|nan|nan|-17.508090|nan|0.434781|nan|nan|nan|-2152.380294|nan|nan|nan|nan|-631906.440272|nan|nan|11.179499|nan|-22.769508|nan|0.166828|nan|-338.689252
1117|nan|nan|nan|nan|nan|nan|nan|nan|1320.000000|nan|nan|7976311.146180|nan|nan|nan|nan|nan|nan|nan|nan|nan|nan|nan|nan|0.231821|nan|nan|nan|nan|-16.787280|nan|0.434781|nan|nan|nan|-2152.763499|nan|nan|nan|nan|-631906.440272|nan|nan|11.175199|nan|-22.769508|nan|0.166828|nan|-338.689252
1118|nan|nan|nan|nan|nan|nan|nan|nan|1320.000000|nan|nan|8474710.810404|nan|nan|nan|nan|nan|nan|nan|nan|nan|nan|nan|0.627483|0.231821|nan|nan|nan|nan|-16.458118|nan|0.434781|nan|nan|nan|-2152.350959|nan|nan|nan|nan|-631906.440272|nan|nan|11.169315|nan|-22.769508|nan|0.166828|nan|-338.689252
1119|nan|nan|nan|nan|nan|nan|nan|nan|1320.000000|nan|nan|8459653.607390|nan|nan|nan|nan|nan|nan|nan|nan|nan|nan|nan|0.627483|0.231821|nan|nan|nan|nan|-15.414265|nan|0.434781|nan|nan|nan|-2152.182461|nan|nan|nan|nan|-631906.440272|nan|nan|11.161649|nan|-22.769508|nan|0.224830|nan|-338.689252
1120|nan|nan|nan|nan|nan|nan|nan|nan|1320.000000|nan|nan|8857587.747190|nan|nan|nan|nan|nan|nan|nan|nan|nan|nan|nan|0.613774|0.231821|nan|nan|nan|nan|-15.845654|nan|0.434781|nan|nan|nan|-2152.319914|nan|nan|nan|nan|-631906.440272|nan|nan|11.152042|nan|-22.769508|nan|0.224830|nan|-338.689252
1121|nan|nan|nan|nan|nan|nan|nan|nan|1320.000000|nan|nan|7631245.254112|nan|nan|nan|nan|nan|nan|nan|nan|nan|nan|nan|0.605313|0.231821|nan|nan|nan|nan|-14.833311|nan|0.434781|nan|nan|nan|-2152.369954|nan|nan|nan|nan|-631906.440272|nan|nan|11.140848|nan|-22.769508|nan|0.224830|nan|-338.689252
1122|nan|nan|nan|nan|nan|nan|nan|nan|1320.000000|nan|nan|10194124.672592|nan|nan|nan|nan|nan|nan|nan|nan|nan|nan|nan|0.600237|0.231821|nan|nan|nan|nan|-10.245150|nan|0.434781|nan|nan|nan|-2153.682105|nan|nan|nan|nan|-631906.440272|nan|nan|11.128299|nan|-22.769508|nan|0.224830|nan|-338.689252
1123|nan|nan|nan|-31.400000|nan|nan|nan|nan|1320.000000|nan|nan|8914000.495033|nan|nan|nan|nan|nan|nan|nan|nan|nan|nan|nan|0.596853|0.231821|nan|nan|nan|nan|-17.272956|nan|0.434781|nan|nan|nan|-2152.592535|nan|nan|nan|nan|-631906.440272|nan|nan|11.115383|nan|-22.769508|nan|0.224830|nan|-338.689252
1124|nan|nan|nan|-31.400000|nan|nan|nan|nan|1320.000000|nan|nan|7942231.479602|nan|nan|nan|nan|nan|nan|nan|nan|nan|nan|nan|0.594435|0.231821|nan|nan|nan|nan|-16.246847|nan|0.434781|nan|nan|nan|-2152.058601|nan|nan|nan|nan|-631906.440272|nan|nan|11.101631|nan|-22.769508|nan|0.224830|nan|-338.689252
1125|nan|nan|nan|-31.400000|nan|nan|nan|nan|1320.000000|nan|nan|7219430.667518|nan|nan|nan|nan|nan|nan|nan|nan|nan|nan|nan|0.592622|0.231821|nan|nan|nan|nan|-16.329164|nan|0.434781|nan|nan|nan|-2153.037278|nan|nan|nan|nan|-631906.440272|nan|nan|11.086309|nan|-22.769508|nan|0.224830|nan|-338.689252
1126|nan|nan|nan|-31.400000|nan|nan|nan|nan|1320.000000|nan|nan|6434470.174536|nan|nan|nan|nan|nan|nan|nan|nan|nan|nan|nan|0.591212|0.231821|nan|nan|nan|nan|-16.052399|nan|0.434781|nan|nan|nan|-2151.932832|nan|nan|nan|nan|-631906.440272|nan|nan|11.069742|nan|-22.769508|nan|0.224830|nan|-338.689252
1127|nan|nan|nan|-31.400000|nan|nan|nan|nan|1320.000000|nan|nan|8838048.876292|nan|nan|nan|nan|nan|nan|nan|nan|nan|nan|nan|0.590084|0.231821|nan|nan|nan|nan|-15.419987|nan|0.434781|nan|nan|nan|-2152.312306|nan|nan|nan|nan|-631906.440272|nan|nan|11.051889|nan|-22.769508|nan|0.224830|nan|-338.689252
1128|-92022.099756|nan|nan|-31.400000|nan|nan|nan|-39.628613|1320.000000|-3.481137|1.019934|6653342.979487|nan|nan|nan|nan|-20.400000|nan|-8734028.675960|nan|nan|nan|nan|0.589161|0.231821|nan|nan|-0.639662|nan|-16.908377|nan|0.434781|-3.481137|0.006237|-3.481137|-2151.942128|-131195440.675691|nan|139462.136856|nan|-631906.440272|nan|nan|11.022340|nan|-22.769508|-3.375000|0.224830|nan|-338.689252
1129|-2279856.400000|nan|nan|-31.200000|nan|nan|nan|-39.628613|1320.000000|-3.481137|0.179437|3380808.951880|nan|nan|nan|nan|-22.000000|nan|-8727276.267190|nan|nan|nan|nan|0.581551|0.231821|nan|nan|-0.639662|nan|-17.287079|nan|0.434781|-3.481137|0.017319|-3.481137|-2152.210469|-131253293.344103|nan|139462.136856|nan|-631906.440272|nan|nan|10.992308|nan|-22.769508|-1.375000|0.224830|nan|-338.689252
1330|-3453362.966842|nan|nan|-31.200000|nan|nan|nan|-32.333375|2383.200000|-3.481137|-0.254863|1475244.713481|nan|nan|nan|nan|-27.600000|nan|-8712935.321401|-1.989100|nan|nan|nan|0.575111|0.231821|nan|nan|-0.633316|nan|-17.145580|nan|0.434781|-3.481137|0.042853|-3.481137|-3465.728679|-131253293.344103|nan|139462.136856|nan|-631906.440272|nan|nan|10.961310|nan|-22.769508|-7.375000|0.224830|nan|-338.689252
1331|294932.500406|nan|nan|-30.800000|nan|nan|nan|-32.333375|2383.200000|-3.481137|-0.254863|5562771.470300|nan|nan|nan|nan|-21.600000|nan|-8391345.558478|-1.558991|nan|nan|nan|0.569592|0.231821|nan|nan|-0.628475|nan|-19.390417|nan|0.434781|-3.481137|0.053852|-3.481137|-3467.790252|-131253293.344103|nan|139462.136856|nan|-631906.440272|nan|nan|10.930524|nan|-22.769508|-3.375000|0.224830|nan|-103.838077
1332|1196048.966268|nan|nan|-30.400000|nan|nan|nan|-32.333375|2383.200000|-3.481137|-0.254863|7733619.515138|nan|nan|nan|nan|-29.200000|nan|-8072523.913665|-0.905405|nan|nan|nan|0.564808|0.231821|nan|nan|-0.622285|nan|-14.295871|nan|0.434781|-3.481137|0.085901|-3.481137|-3466.254315|-131253293.344103|nan|139462.136856|nan|-631906.440272|nan|nan|10.899998|nan|-22.769508|-5.375000|0.224830|nan|-103.838077
1333|12851597.199262|-13.648611|nan|-28.000000|nan|nan|nan|-32.333375|2383.200000|-3.481137|-0.254863|19305985.454990|nan|nan|nan|nan|-23.200000|nan|-7466745.340490|-0.778634|nan|nan|nan|0.550393|0.231821|nan|nan|-0.616444|nan|-6.007454|nan|0.434781|-3.481137|0.101459|-3.481137|-3466.510104|-131253293.344103|nan|139462.136856|nan|-631906.440272|nan|nan|10.870637|nan|-22.769508|-5.375000|0.224830|nan|-103.838077
1334|15129501.299310|-10.991667|nan|-27.200000|nan|nan|nan|-32.333375|2383.200000|-3.481137|-0.254863|21002392.859714|nan|nan|nan|nan|-22.800000|nan|-6915600.097753|-0.641334|nan|nan|nan|0.533880|0.231821|nan|nan|-0.612682|nan|0.685204|nan|0.434781|-3.481137|0.115827|-3.481137|-3466.772155|-131253293.344103|nan|139462.136856|nan|-631906.440272|nan|nan|10.842379|nan|-22.769508|-5.375000|0.224830|nan|-103.838077
1335|20222728.867686|-11.471296|nan|-26.000000|nan|nan|nan|-32.333375|2383.200000|-3.481137|-0.254863|24887484.552684|nan|nan|nan|nan|-18.800000|nan|-6441789.596354|-0.393232|nan|nan|nan|0.514330|0.231821|nan|nan|-0.609161|nan|5.712356|nan|0.434781|-3.481137|0.133315|-3.481137|-3467.970201|-131253293.344103|nan|139462.136856|nan|-631906.440272|nan|nan|10.815493|nan|-22.769508|-5.375000|0.224830|nan|-103.838077
1336|22017987.867744|-10.839583|nan|-22.600000|nan|nan|nan|-31.998410|2383.200000|-3.481137|-0.254863|25943374.860992|nan|nan|nan|nan|-24.800000|nan|-5879943.249011|-0.393232|nan|nan|nan|0.487262|0.231821|nan|nan|-0.606295|nan|21.489649|nan|0.434781|-3.481137|0.148321|-3.481137|-3466.807462|-131253293.344103|nan|139462.136856|nan|-631906.440272|nan|nan|10.788973|nan|-22.769508|-3.375000|0.366076|nan|-103.838077
1337|22811376.848912|-10.333611|nan|-19.200000|nan|nan|nan|-27.049809|2383.200000|-3.481137|-0.254863|26134450.111389|nan|nan|nan|nan|-18.200000|nan|-5555352.783267|-0.393232|nan|nan|nan|0.462902|0.231821|nan|nan|-0.661463|nan|17.197073|nan|0.434781|-3.481137|0.159042|-3.481137|-3467.610370|-131253293.344103|nan|139462.136856|nan|-631906.440272|nan|nan|10.762920|nan|-22.769508|-3.375000|0.366076|nan|-103.838077
1338|21933748.183058|-9.830787|nan|-15.000000|nan|nan|nan|-24.953455|2383.200000|-3.481137|-0.254863|24954351.965642|nan|nan|nan|nan|-24.800000|nan|-4344233.285216|-0.393232|nan|nan|nan|0.435425|0.231821|nan|nan|-0.712030|nan|20.871318|nan|0.434781|-3.481137|0.163532|-3.481137|-3465.327550|-131253293.344103|nan|139462.136856|nan|-631906.440272|nan|nan|10.737434|nan|-22.769508|-3.375000|0.366076|nan|-103.838077
1339|23582682.549692|-9.571032|nan|-10.800000|nan|nan|nan|-24.953455|2383.200000|-3.481137|-0.254863|26677499.733262|nan|nan|nan|nan|-22.400000|nan|-3460897.122988|-0.393232|nan|nan|nan|0.407963|0.231821|nan|nan|-0.714046|nan|18.688097|nan|0.434781|-3.481137|0.167132|-3.481137|-3467.229660|-131253293.344103|nan|139462.136856|nan|-631906.440272|nan|nan|10.712400|nan|-22.769508|-3.375000|0.366076|nan|-103.838077
1340|26332340.800000|-9.179861|nan|-7.200000|nan|nan|nan|-24.953455|2383.200000|-3.481137|-0.254863|29469442.263764|nan|nan|nan|nan|-20.200000|nan|-3302875.705817|-0.393232|nan|nan|nan|0.382889|0.231821|nan|nan|-0.710145|nan|15.658447|nan|0.434781|-3.481137|0.184631|-3.481137|-3465.940484|-131253293.344103|nan|139462.136856|nan|-631906.440272|nan|nan|10.687956|nan|-22.127231|-3.375000|0.366076|nan|-103.838077
1341|23653465.949560|-8.865085|nan|-4.400000|nan|nan|nan|-24.953455|2383.200000|-3.481137|-0.254863|27027798.137646|nan|nan|nan|nan|-18.000000|nan|-2253234.147618|-0.393232|nan|nan|nan|0.356626|0.231821|nan|nan|-0.710145|nan|15.658447|nan|0.434781|-3.481137|0.205796|-3.481137|-3466.635737|-131253293.344103|nan|139462.136856|nan|-631906.440272|nan|nan|10.663720|nan|-21.484955|-3.375000|0.366076|nan|-103.838077
1342|32369131.500000|-8.587535|nan|-1.200000|nan|nan|nan|-12.448693|2383.200000|-3.481137|-0.254863|35523380.229224|nan|nan|nan|nan|-11.600000|nan|-1288274.887176|-0.393232|nan|nan|nan|0.332465|0.231821|nan|nan|-0.709417|nan|10.727784|nan|0.434781|-3.481137|0.194916|-3.481137|-3467.181337|-131253293.344103|nan|139462.136856|nan|-631906.440272|nan|nan|10.639769|nan|-20.842678|-3.375000|0.366076|nan|-103.838077
1343|31398410.284228|-8.891319|-3.481137|1.800000|nan|-38.669408|-3.393909|-11.680066|2383.200000|-3.481137|-0.311828|34773758.556109|-0.059314|-39.634633|-1.845621|nan|-14.400000|nan|3.752928|-0.393232|nan|-26.037729|-9.023862|0.310162|0.231821|nan|nan|-0.709417|-2.856295|11.300203|4.242004|0.434781|-3.481137|0.185681|-3.481137|-3467.317346|-131253293.344103|nan|139462.136856|-0.000009|-631906.440272|-1.825237|-0.045722|10.616272|-0.104449|-20.200401|-1.375000|0.366076|-2.856295|-103.838077
1344|32753458.484000|-8.636777|-3.481137|2.600000|nan|-27.748512|-3.393909|-8.928432|2383.200000|-3.481137|-0.573955|36182760.851374|-0.059314|-39.634633|-1.845875|nan|-6.600000|-2.000000|1531110.303256|-0.393232|nan|-38.956806|-9.957835|0.289511|0.231821|nan|nan|-0.709417|-2.846379|10.126138|4.439779|0.434781|-3.481137|0.177281|-3.481137|-3467.649979|-131253293.344103|nan|139462.136856|-0.000009|-631906.440272|-1.821404|-0.045257|10.593525|-0.105114|-19.558125|-3.375000|0.366076|-2.846379|-103.838077
1345|43925605.050290|-8.439877|-3.481137|2.600000|-1.147900|-27.161353|-3.393909|-7.032319|2383.200000|-3.481137|-0.573955|47522223.983163|-0.059314|-39.756606|-1.592379|nan|-7.400000|-2.000000|2820737.917056|-0.393232|nan|-25.758532|-10.679501|0.270335|0.231821|nan|nan|-0.709417|-2.831361|11.329205|4.650330|0.434781|-3.481137|0.166261|-3.481137|-3466.010439|-131253293.344103|nan|139462.136856|-0.000009|-631906.440272|-1.817731|-0.045914|10.571071|-0.099913|-18.915848|-3.375000|0.366076|-2.831361|-103.838077
1346|49502103.382866|-8.227654|-3.481137|2.600000|-1.147900|-26.971383|-3.393909|-3.620623|2383.200000|-3.481137|-0.573955|53194833.214829|-0.059314|-37.878303|-1.592828|nan|2.200000|-2.000000|3951008.582099|-0.393232|nan|-25.027532|-11.415863|0.252481|0.231821|nan|nan|-0.709417|-2.819579|8.868066|4.872177|0.434781|-3.481137|0.151701|-3.481137|-3466.565562|-131253293.344103|nan|139462.136856|-0.000009|-631906.440272|-1.814207|-0.046047|10.548650|-0.092708|-18.273572|-3.375000|0.366076|-2.819579|-103.838077
1347|52908901.000602|-8.374699|-3.481137|3.200000|-1.147900|-26.609029|-3.393909|-2.601074|2383.200000|-3.481137|-0.573955|56393945.188759|-0.059314|-37.878303|-1.592789|nan|-0.200000|-2.000000|5080653.229161|-0.393232|nan|-33.091104|-11.995633|0.235818|0.231821|nan|nan|-0.707345|-2.797130|7.959416|5.101633|0.434781|-3.481137|0.137080|-3.481137|-3466.966874|-131253293.344103|nan|139462.136856|-0.000009|-631906.440272|-1.810825|-0.048252|10.525910|-0.088510|-17.631295|-1.375000|0.366076|-2.797130|-103.838077
1348|56024205.549292|-8.196332|-3.481137|3.200000|-1.147900|-26.281185|-3.393909|-0.536244|2383.200000|-3.481137|-0.573955|59969765.323445|-0.059314|-35.969576|-1.593033|nan|8.400000|-2.000000|6292473.438964|-0.393232|nan|-28.590148|-12.261215|0.206655|0.231821|nan|nan|-0.711313|-2.769332|7.055042|5.336949|0.434781|-3.481137|0.120878|-3.481137|-3467.794643|-131253293.344103|nan|139462.136856|-0.000009|-631906.440272|-1.807575|-0.049198|10.502701|-0.086044|-16.989018|-3.375000|0.366076|-2.769332|-103.838077
1349|57711743.736380|-8.051368|-3.481137|3.400000|-2.975235|-25.794088|-3.393909|1.300982|2383.200000|-3.481137|-0.573955|61738492.277712|-0.059314|-35.969576|-1.593154|nan|8.200000|-2.000000|6453856.860115|-0.393232|nan|-27.183680|-12.917865|0.177491|0.231821|nan|nan|-0.711796|-2.744499|6.310208|5.574786|0.434781|-3.481137|0.109989|-3.481137|-3466.816886|-131253293.344103|nan|139462.136856|-0.000009|-631906.440272|-1.804451|-0.050111|10.478685|-0.084524|-16.346742|-3.375000|0.366076|-2.744499|-103.838077
1350|56046882.868542|-8.297010|-3.481137|3.400000|-2.975235|-25.543857|-3.393909|1.983721|2383.200000|-3.481137|-0.573955|60489818.611736|-0.059314|-33.992394|-1.592953|nan|7.400000|-2.000000|6452928.225459|-0.393232|nan|-27.257978|-13.356878|0.149699|0.231821|nan|nan|-0.713122|-2.719385|6.972903|5.810753|0.434781|-3.481137|0.107088|-3.481137|-3466.315426|-131253293.344103|nan|139462.136856|-0.000009|-631906.440272|-1.801444|-0.051432|10.454137|-0.083748|-15.704465|-0.458334|0.366076|-2.719385|-103.838077
1351|53550939.182433|-8.236641|-3.481137|3.600000|-2.975235|-25.087588|-3.393909|1.983721|2383.200000|-3.481137|-0.573955|58145688.475736|-0.074571|-32.996197|-1.592590|nan|8.800000|-2.000000|6446753.205625|-0.393232|nan|-34.908806|-13.566056|0.122121|0.231821|nan|nan|-0.666257|-2.692245|11.588411|6.041945|0.434781|-3.481137|0.088936|-3.579906|-3467.360212|-131253293.344103|nan|139462.136856|-0.000009|-631906.440272|-1.798548|-0.051892|10.429852|-0.083922|-15.062189|0.575000|0.366076|-2.692245|-103.838077
1352|56616864.253020|-8.220434|-3.481137|3.600000|-2.975235|-24.138987|-3.393909|4.456332|2383.200000|-3.481137|-0.573955|61249119.986702|-0.074571|-32.996197|-1.592933|nan|15.600000|-2.000000|6448993.044343|-0.393232|nan|-36.940287|-13.068123|0.094542|0.231821|nan|nan|-0.609263|-2.665826|5.637503|6.265655|0.434781|-3.481137|0.079149|-3.641361|-3467.950004|-131253293.344103|nan|139462.136856|-0.000009|-631906.440272|-1.795758|-0.053551|10.405621|-0.084486|-14.419912|2.041666|0.366076|-2.665826|-103.838077
1353|53571123.515558|-8.228687|-3.481137|3.600000|-7.285709|-23.521421|-3.393909|4.456332|2383.200000|-3.481137|-0.573955|58783658.510444|-0.111134|-32.749049|-1.592842|nan|11.200000|-2.000000|6442631.990703|-0.393232|nan|-40.365300|-13.110985|0.066964|0.231821|nan|nan|-0.562259|-2.641649|4.152721|6.457319|0.434781|-3.481137|0.073096|-3.641361|-3465.847501|-131253293.344103|nan|139462.136856|-0.000009|-631906.440272|-1.793068|-0.054876|10.381870|-0.085132|-13.777635|3.766666|0.366076|-2.641649|-103.838077
1354|54442717.584222|-8.248406|-3.481137|3.600000|-7.285709|-22.227451|-3.393909|6.966390|2383.200000|-3.481137|-0.573955|59680136.606790|-0.111134|-24.082382|-1.592797|nan|15.200000|-2.000000|6442658.291174|-0.393232|nan|-24.691508|-12.926814|0.039386|0.231821|nan|nan|-0.560332|-2.628481|4.859285|6.633906|0.434781|-3.481137|0.073763|-3.641361|-3466.836351|-118918748.631917|nan|139462.136856|-0.000009|-631906.440272|-1.790472|-0.056036|10.360594|-0.085874|-13.135359|4.583333|0.366076|-2.628481|-103.838077
1355|54066796.780472|-8.260613|-3.481137|3.600000|-7.285709|-21.082468|-3.393909|7.568919|2383.200000|-3.079490|-0.573955|58357040.159259|-0.111134|-24.082382|-1.592774|nan|15.400000|-2.000000|6439969.024444|-0.393232|nan|-21.406749|-12.569707|0.011808|0.231821|nan|nan|-0.557398|-2.612170|-0.749394|6.787658|0.434781|-3.481137|0.080368|-3.641361|-3468.057626|-118918748.631917|nan|158575.293364|-0.000009|-631906.440272|-1.787965|-0.042058|10.335287|-0.086736|-12.493082|4.950000|0.366076|-2.612170|-103.838077
1356|54798490.263806|-8.617057|-3.481137|4.400000|-7.285709|-18.560118|-3.393909|8.837600|2383.200000|-2.375151|-0.573955|58461598.494576|-0.111134|-24.082382|-1.593025|nan|18.000000|-2.000000|6438112.391346|-0.393232|nan|-19.739472|-12.391286|-0.015771|0.231821|nan|nan|-0.557724|-2.593041|2.742949|6.907849|0.434781|-3.481137|0.084386|-3.641361|-3466.898931|-118918748.631917|nan|158575.293364|-0.000009|-631906.440272|-1.785543|-0.027098|10.306522|-0.087475|-11.850806|6.950000|0.366076|-2.593041|-103.838077
1357|57979769.469622|-8.904042|-3.481137|5.200000|-7.285709|-16.005639|-3.393909|9.122209|2383.200000|-1.645090|-0.573955|60179980.562683|-0.111134|-24.082382|-1.518088|nan|14.000000|-2.000000|6436386.333865|-0.393232|nan|-19.790215|-12.121654|-0.043349|0.231821|nan|nan|-0.562209|-2.570125|3.425199|6.988906|0.434781|-3.481137|0.089493|-3.641361|-3466.771626|-118918748.631917|nan|158575.293364|-0.000009|-631906.440272|-1.783203|-0.028273|10.275647|-0.088012|-11.208529|6.950000|0.366076|-2.570125|-103.838077
1358|57477213.563784|-8.842909|-3.481137|6.800000|-7.285709|-13.237012|-3.393909|9.122209|2383.200000|-1.645090|-0.573955|60005507.685496|-0.111134|-24.082382|-1.151615|nan|14.000000|-2.000000|6433099.265951|-0.393232|0.000000|-22.924040|-11.840756|-0.070927|0.231821|nan|-20018.838343|-0.562179|-2.546654|5.472078|7.030197|0.434781|-3.481137|0.097849|-3.641361|-3466.557851|-118918748.631917|-18842.341164|174204.822650|-0.000009|-631906.440272|-1.774637|-0.028299|10.245976|-0.088317|-10.566252|5.058333|0.366076|-2.546654|-103.838077
1359|58436358.168126|-9.087307|-3.481137|8.200000|-7.285709|-10.485378|-3.393909|9.785028|2383.200000|-1.645090|-0.573955|60018909.400963|-0.111134|-24.082382|-1.151780|-0.758838|16.000000|-2.000000|6434179.170809|-0.346991|-0.000000|-13.532810|-11.728464|-0.095769|0.231821|nan|-19433.450800|-0.561523|-2.523918|4.445559|7.036109|0.434781|-3.481137|0.104822|-3.641361|-3467.100449|-118918748.631917|-15872.122446|174204.822650|-0.000009|-631906.440272|-1.748195|-0.030373|10.216619|-0.088179|-9.923976|8.025000|0.366076|-2.523918|-103.838077
1400|59738412.250000|-9.011049|-3.079490|9.400000|-7.285709|-8.152760|-3.393909|10.169883|2383.200000|-2.231821|-0.573955|61242128.753804|-0.111134|-23.249049|-1.027283|-0.758838|16.000000|-2.000000|6434508.041568|-0.346991|-0.000000|-6.878599|-11.289906|-0.120611|0.231821|nan|-10869.412186|-0.561523|-2.501976|4.445559|7.010744|0.434781|-3.481137|0.110754|-3.641361|-3467.847768|-118918748.631917|-15845.222790|174204.822650|-0.000008|-631906.440272|-1.710771|-0.035776|10.187180|-0.087684|-9.281699|7.158333|0.366076|-2.501976|-103.838077
1401|52899295.431404|-8.936530|-2.375151|10.800000|-7.285709|-5.785273|-3.175896|10.169883|2383.200000|-3.579906|-0.573955|54973018.603284|-0.111134|-22.304605|-1.027659|-0.758838|20.000000|-2.000000|6415492.154991|-0.209240|-0.000000|-4.241522|-10.609068|-0.145452|0.231821|nan|-1487.558013|-0.558755|-2.481340|4.498151|6.957555|0.434781|-3.481137|0.115540|-3.641361|-3467.572309|-118918748.631917|-9434.218182|174204.822650|-0.000006|-631906.440272|-1.665781|-0.045237|10.157887|-0.087007|-8.639423|7.158333|0.366076|-2.481340|-103.838077
1402|51148217.318730|-8.820174|-1.645090|11.600000|-7.285709|-3.329533|-3.175896|10.169883|2383.200000|-3.641361|-0.573955|53210735.598270|-0.110046|-18.947644|-0.938658|-0.758838|14.000000|-2.000000|6409957.666287|-0.209240|-0.000000|-0.286335|-10.316565|-0.170294|0.231821|nan|229.879974|-0.563440|-2.465830|5.136036|6.881232|0.434781|-3.481137|0.117930|-3.641361|-3467.848225|-118918748.631917|-12399.668243|174204.822650|-0.000004|-631906.440272|-1.612534|-0.053244|10.128446|-0.086212|-7.997146|7.466666|0.366076|-2.465830|-103.838077
1403|47231317.016748|-8.652677|-1.645090|13.200000|-7.285709|-0.536244|-3.175896|10.253026|2383.200000|-3.641361|-0.573955|49014745.552266|-0.110046|-17.169866|-0.938666|-0.758838|14.000000|-2.000000|6403909.540345|-0.185148|-0.000000|4.940490|-8.862929|-0.189680|0.231821|-0.072649|1275.079723|-0.565832|-2.457164|5.737777|6.788529|0.426331|-3.481137|0.117930|-3.641361|-3467.929331|-118918748.631917|-11771.205157|174204.822650|-0.000004|-340940.907282|-1.559288|-0.063950|10.090732|-0.085226|-7.354869|5.466666|0.366076|-2.457164|-103.838077
1404|53881274.550000|-8.782216|-1.645090|15.200000|-7.285709|1.610064|-3.175896|10.253026|2383.200000|-3.641361|-0.573955|55481284.888477|-0.074866|-14.280977|-0.938361|-0.484032|16.000000|-2.000000|6401760.686155|-0.185148|-0.000000|4.297753|-8.733099|-0.206916|0.231821|-0.055447|1303.593197|-0.566966|-2.407324|4.742370|6.689262|0.550197|-3.481137|0.117930|-3.641361|-3468.158014|-118918748.631917|-15401.207695|174204.822650|-0.000004|-340940.907282|-1.516697|-0.071037|10.044662|-0.084044|-6.712593|9.475000|0.366076|-2.407324|-103.838077
1405|52673490.469188|-8.908828|-2.231821|15.400000|-7.285709|2.980535|-3.321154|10.253026|2383.200000|-3.641361|-0.821141|53968488.800087|-0.074866|-11.836532|-0.938208|-0.096053|18.000000|-2.000000|6397377.695211|-0.185148|-0.000000|6.996354|-9.638324|-0.221230|0.231821|-0.053771|-957.820259|-0.562591|-2.562176|3.457390|6.594755|0.550197|-3.481137|0.117930|-3.641361|-3466.907805|-118918748.631917|-13945.067267|174204.822650|-0.000006|-340940.907282|-1.495875|-0.075060|9.987869|-0.082797|-6.070316|9.475000|0.366076|-2.562176|-103.838077
1406|50935338.250000|-9.037551|-3.579906|16.000000|-7.585345|4.791912|-3.321154|10.695557|2383.200000|-3.641361|-2.251912|51682315.562890|-0.074866|-4.614310|-1.075870|0.363442|16.000000|-2.000000|6398601.219520|-0.185148|-0.000000|8.449011|-10.887892|-0.229478|0.231821|-0.049589|-5070.679969|-0.562821|-2.918073|2.477716|6.516423|0.550197|-3.481137|0.117930|-3.641361|-3467.307926|-108258618.230830|-15233.493144|174204.822650|-0.000009|-340940.907282|-1.497521|-0.078730|9.917870|-0.081601|-5.428040|9.475000|0.366076|-2.918073|-103.838077
1407|60756161.830920|-8.958532|-3.641361|16.000000|-7.585345|6.049825|-4.331702|10.695557|2383.200000|-3.641361|-2.251912|60962064.708334|-0.074866|0.996801|-1.076004|0.727655|18.000000|-2.000000|6423595.052456|-0.140524|-0.000000|8.783267|-12.014054|-0.237727|0.231821|-0.046632|-10052.339244|-0.564351|-3.137882|1.920026|6.461049|0.550197|-3.481137|0.117930|-3.641361|-3464.183246|-98018986.285491|-11369.147589|174204.822650|-0.000009|-340940.907282|-1.500192|-0.078276|9.844252|-0.080337|-4.785763|9.191667|0.366076|-3.137882|-103.838077
1408|65054442.066246|-8.814228|-3.641361|16.400000|-7.585345|7.949842|-4.331702|10.728290|2383.200000|-3.641361|-2.251912|64407474.348931|-0.074866|5.540004|-1.076248|1.005146|18.000000|-2.000000|6420206.311098|-0.111507|-0.000000|11.285216|-13.582944|-0.242171|0.231821|-0.043198|-15521.414208|-0.564326|-3.404032|-4.654269|6.427398|0.550197|-3.481137|0.117930|-3.641361|-3466.360776|-94777103.240538|-197.314353|174204.822650|-0.000009|-340940.907282|-1.502862|-0.076230|9.772762|-0.078984|-4.143486|8.033334|0.366076|-3.404032|-103.838077
1409|62453527.314314|-8.865251|-3.641361|16.600000|-7.585345|10.049857|-4.331702|10.832834|2383.200000|-3.641361|-2.251912|61288329.554805|-0.074866|5.540004|-1.076370|1.141273|16.000000|-2.000000|6413699.198235|-0.111507|-0.000000|14.322988|-14.668491|-0.244793|0.231821|-0.039845|-19808.307526|-0.565986|-3.440710|-4.020221|6.410265|0.550197|-3.481137|0.117930|-3.641361|-3467.915876|-89169054.166947|-197.611366|174204.822650|-0.000009|-340940.907282|-1.505532|-0.072202|9.700889|-0.077448|-3.501210|12.450000|0.366076|-3.440710|-103.838077
1410|65351267.369728|-8.836999|-3.641361|16.600000|-7.585345|11.568919|-4.331702|10.927421|2383.200000|-3.641361|-2.251912|63788449.305249|-0.017468|5.540004|-1.076431|1.141273|16.000000|-2.000000|6409411.565462|-0.111507|-0.000000|13.105817|-15.269700|-0.247416|0.231821|-0.035132|-23076.843751|-0.562374|-3.322635|-5.276642|6.404707|0.550197|-3.481137|0.117930|-3.641361|-3467.724090|-84748494.506563|-193.852881|174204.822650|-0.000009|-340940.907282|-1.508203|-0.066814|9.639931|-0.075740|-3.501210|13.158334|0.366076|-3.322635|-103.838077
1411|65460862.266810|-8.837226|-3.641361|17.400000|-7.585345|12.398232|-4.331702|10.927421|2383.200000|-3.641361|-2.251912|63248012.734354|-0.017468|7.948904|-1.076461|1.141273|16.000000|-2.000000|6406880.834993|-0.083209|-0.000000|0.547618|-15.813651|-0.247416|0.231821|-0.027477|-25602.264609|-0.566741|-3.217249|-5.276642|6.406813|0.550197|-3.481137|0.117930|-3.641361|-3467.128961|-83109946.409906|-161.572946|174204.822650|-0.000009|-340940.907282|-1.510873|-0.062761|9.587587|-0.073977|-3.501210|13.558334|0.366076|-3.217249|-103.838077
1412|60307355.997370|-8.590913|-3.641361|18.400000|-7.585345|12.682841|-4.331702|10.927421|2383.200000|-3.641361|-2.251912|57872766.901274|0.011550|12.440498|-1.076299|1.141273|16.000000|-2.000000|6406144.290497|-0.083209|-0.000000|-3.512824|-15.985054|-0.247416|0.231821|-0.019436|-26593.638671|-0.566210|-3.127577|-4.967368|6.411370|0.550197|-3.481137|0.117930|-3.641361|-3468.005308|-83109946.409906|-201.614629|174204.822650|-0.000009|-340940.907282|-1.513544|-0.059691|9.539964|-0.072163|-3.501210|9.558334|0.366076|-3.127577|-103.838077
1413|57043698.219152|-8.574112|-3.641361|18.800000|-7.585345|13.130821|-4.331702|11.004560|2383.200000|-3.641361|-2.251912|54598684.353763|0.011550|14.686295|-1.076218|1.141273|16.400000|-2.000000|6564822.096048|-0.080067|-0.000000|12.247072|-15.895181|-0.247416|0.218703|-0.011149|-26428.106489|-0.563854|-3.043387|-5.274837|6.413905|0.550197|-3.481137|0.117930|-3.641361|-3467.560885|-83109946.409906|-186.211962|174204.822650|-0.000009|-340940.907282|-1.516214|-0.057720|9.504976|-0.070418|-3.501210|13.558334|0.366076|-3.043387|-103.838077
1414|56185862.650000|-8.490304|-3.641361|19.000000|-7.585345|13.345660|-4.331702|11.190320|2383.200000|-3.641361|-2.251912|53545756.010085|0.011550|15.809194|-1.076178|1.141273|16.600000|-2.000000|6645013.249623|-0.080067|-0.000000|9.296744|-15.813868|-0.247416|0.211167|-0.003368|-25269.452783|-0.563633|-2.952165|-3.434963|6.410893|0.550197|-3.481137|0.117930|-3.641361|-3467.144590|-83109946.409906|-185.956335|174204.822650|-0.000009|-340940.907282|-1.518884|-0.055199|9.484158|-0.068728|-3.501210|13.558334|0.366076|-2.952165|-103.838077
1415|57428288.419182|-8.371804|-3.641361|19.600000|-7.585345|13.730515|-4.331702|11.190320|3617.200000|-3.641361|-2.251912|54397594.089185|0.011550|15.809194|-1.076157|1.141273|16.600000|-2.000000|6643719.946896|-0.080067|-0.000000|12.082944|-15.740299|-0.247286|0.205536|0.004329|-24186.822860|-0.561524|-2.961364|-4.048896|6.398549|0.550197|-3.481137|0.117930|-3.641361|-3467.160401|-98775867.369462|-180.163709|174204.822650|-0.000009|-340940.907282|-1.528249|-0.054510|9.477296|-0.067089|-3.501210|11.558334|0.366076|-2.961364|-103.838077
1416|58773555.514016|-8.323297|-3.641361|20.000000|-7.585345|13.730515|-4.331702|11.760629|3617.200000|-3.641361|-2.251912|55499351.704612|0.011550|15.809194|-1.076147|1.141273|17.400000|-2.000000|6964143.085593|-0.080067|-0.000000|14.617901|-15.864213|-0.247157|0.199441|0.011081|-25208.040357|-0.565232|-3.079930|-3.434367|6.374198|0.550197|-3.481137|0.117930|-3.641361|-3466.955782|-99290676.449210|-180.606378|174204.822650|-0.000009|-340940.907282|-1.549352|-0.055781|9.480546|-0.065470|-3.501210|13.558334|0.366076|-3.079930|-104.688075
1417|59154498.385992|-8.323297|-3.641361|20.400000|-7.585345|13.858608|-4.331702|12.362521|3617.200000|-3.641361|-2.251912|56429400.442153|0.011550|15.809194|-1.076142|1.141273|18.400000|-2.000000|7362392.961760|-0.080067|0.000000|10.370839|-15.595373|-0.245543|0.181396|0.013902|-25237.410698|-0.570542|-3.218431|-3.743240|6.336063|0.550197|-3.481137|0.117930|-3.641361|-3467.057620|-99648883.587207|-151.414149|174204.822650|-0.000009|-340940.907282|-1.583871|-0.054169|9.493198|-0.063888|-3.501210|15.558334|0.366076|-3.218431|-104.688075
1418|58185682.597420|-8.282255|-3.641361|20.400000|-7.585345|13.858608|-4.331702|13.223838|3617.200000|-3.641361|-2.251912|55666639.532735|0.011550|15.809194|-1.076140|1.141273|18.800000|-2.000000|7522260.171122|-0.080067|0.000001|-10.238964|-15.542613|-0.243929|0.161681|0.013697|-24981.961782|-0.571377|-3.334824|-3.743240|6.285087|0.550197|-3.481137|0.117930|-3.641361|-3467.696060|-101818294.552334|-144.365508|174204.822650|-0.000009|-340940.907282|-1.618390|-0.051638|9.524492|-0.062394|-3.501210|13.558334|0.366076|-3.334824|-104.688075
1419|64528668.863644|-8.072782|-3.641361|20.400000|-7.585345|13.858608|-4.331702|14.946755|3617.200000|-3.641361|-2.251912|62436657.654487|0.011550|15.809194|-1.075607|1.141273|13.000000|-2.000000|7637053.049870|-0.080067|0.000000|15.139885|-15.498912|-0.242316|0.139284|0.012375|-23217.578710|-0.572960|-3.386696|1.048530|6.221649|0.550197|-3.481137|0.119345|-3.641361|-3465.812505|-101818294.552334|-214.880434|174204.822650|-0.000009|-340940.907282|-1.664816|-0.047841|9.568957|-0.060972|-3.501210|7.558334|0.366076|-3.386696|-104.688075
1420|65750975.786430|-7.884147|-3.641361|21.000000|-7.585345|13.926669|-4.331702|14.946755|3617.200000|-3.641361|-2.251912|63784869.005279|0.009815|15.809194|-1.075695|1.141273|23.600000|-2.000000|7883043.130427|-0.080067|0.000000|15.774541|-15.131533|-0.240702|0.109670|0.009733|-22669.911195|-0.573267|-3.410455|-0.942961|6.146061|0.550197|-3.481137|0.126047|-3.641361|-3468.468231|-101818294.552334|-162.265288|174204.822650|-0.000009|-340940.907282|-1.713313|-0.047914|9.627809|-0.059634|-3.501210|9.558334|0.366076|-3.410455|-104.688075
1421|67481289.500000|-7.688167|-3.641361|21.600000|-7.585345|14.256189|-4.331702|14.946755|3617.200000|-3.641361|-2.251912|65862351.895145|-0.050732|15.809194|-1.075739|1.141273|20.000000|-2.000000|8052041.737155|-0.080067|0.000000|14.794375|-15.317487|-0.239089|0.090450|0.006090|-24558.903433|-0.572296|-3.411643|-1.589975|6.058160|0.550197|-3.579906|0.091504|-3.641361|-3466.265616|-101818294.552334|-191.966115|174204.822650|-0.000009|-340940.907282|-1.761810|-0.045438|9.698472|-0.058378|-3.501210|11.558334|0.366076|-3.411643|-104.688075
1422|60937241.097708|-7.505245|-3.641361|22.000000|-7.585345|14.256189|-4.331702|14.946755|3617.200000|-3.641361|-2.251912|59575697.806155|-0.050732|15.809194|-1.075761|1.141273|20.400000|-2.000000|8195097.050737|-0.080067|0.000000|14.955657|-14.914303|-0.237475|0.090450|0.002794|-23604.283710|-0.571734|-3.400832|-5.548568|5.957743|0.550197|-3.641361|0.037536|-3.641361|-3466.928994|-101818294.552334|-163.363458|174204.822650|-0.000009|-340940.907282|-1.807994|-0.043196|9.771680|-0.057313|-3.501210|11.558334|0.366076|-3.400832|-104.688075
1423|59154943.252148|-7.325807|-3.641361|22.000000|-7.585345|14.288922|-4.331702|14.553614|3617.200000|-3.641361|-2.251912|57823229.913947|-0.050732|15.809194|-1.075772|1.141273|22.000000|-2.000000|8037244.889840|-0.080067|0.000000|8.009297|-14.168564|-0.235861|0.090450|-0.000801|-22384.873747|-0.567244|-3.394186|0.381382|5.844548|0.550197|-3.641361|0.012738|-3.641361|-3467.264362|-101818294.552334|-157.667558|174204.822650|-0.000009|-340940.907282|-1.838564|-0.042082|9.847131|-0.056403|-3.501210|11.558334|0.366076|-3.394186|-104.688075
1424|55962906.250000|-7.150832|-3.641361|22.000000|-7.585345|14.393466|-4.331702|14.553614|3617.200000|-3.641361|-2.251912|54761419.898642|-0.050732|15.809194|-1.075954|1.132426|21.400000|-2.000000|7796744.018454|-0.080067|0.000000|13.708826|-13.417927|-0.234248|0.090450|-0.004055|-20083.303933|-0.566822|-3.393623|-1.081368|5.718010|0.550197|-3.641361|-0.005282|-3.641361|-3468.139830|-101818294.552334|-135.021623|174204.822650|-0.000009|-340940.907282|-1.848240|-0.042135|9.923147|-0.055611|-3.501210|11.558334|0.366076|-3.393623|-121.159332
1425|47634032.950000|-7.041321|-3.641361|22.000000|-7.585345|14.488053|-4.331702|14.553614|3617.200000|-3.641361|-2.251912|46745153.879026|-0.050732|15.809194|-1.076046|1.041830|18.400000|-2.000000|7391758.628797|-0.080067|0.000000|14.975556|-12.045565|-0.232634|0.090450|-0.007431|-17482.279570|-0.562448|-3.394770|-0.731014|5.577472|0.550197|-3.641361|-0.016157|-3.641361|-3466.782035|-101818294.552334|-129.502324|174204.822650|-0.000009|-340940.907282|-1.852980|-0.041945|10.000436|-0.055036|-3.501210|13.558334|0.366076|-3.394770|-121.159332
1426|46955523.285494|-6.922027|-3.641361|22.000000|-7.585345|14.488053|-4.331702|14.553614|3617.200000|-3.641361|-2.251912|46784248.633413|-0.050732|15.809194|-1.076091|0.827520|17.000000|-2.000000|6831876.816688|-0.080067|0.000000|15.608654|-11.375333|-0.231020|0.090450|-0.011008|-15342.104635|-0.564346|-3.394948|-0.731014|5.422729|0.550197|-3.641361|-0.017559|-3.641361|-3466.880793|-101818294.552334|-124.770153|174204.822650|-0.000009|-340940.907282|-1.843912|-0.040740|10.079816|-0.054547|-3.501210|13.175000|0.366076|-3.394948|-121.159332
1427|44977045.215942|-6.746426|-3.641361|22.000000|-7.585345|14.488053|-4.331702|14.553614|3617.200000|-3.641361|-2.251912|45288943.435722|-0.050732|15.809194|-1.076114|0.542431|16.000000|-2.000000|6434795.593680|-0.080067|0.000000|13.666135|-10.768932|-0.229407|0.090450|-0.013988|-13234.948779|-0.565600|-3.393778|-1.095886|5.253184|0.550197|-3.641361|-0.030967|-3.641361|-3467.257015|-101818294.552334|-151.358655|174204.822650|-0.000009|-340940.907282|-1.842811|-0.038967|10.160163|-0.054127|-3.501210|10.583334|0.366076|-3.393778|-121.159332
1428|47341625.150000|-6.521112|-3.641361|22.000000|-7.585345|15.004560|-4.331702|14.553614|3617.200000|-3.641361|-2.251912|47641668.793482|-0.050732|15.809194|-1.076126|0.224917|15.000000|-2.000000|6036239.243889|-0.080067|0.000000|5.134049|-9.527428|-0.227793|0.090450|-0.016016|-12539.373352|-0.561398|-3.391399|0.392504|5.067822|0.550197|-3.641361|-0.033555|-3.641361|-3467.544992|-101818294.552334|-167.436292|174204.822650|-0.000009|-340940.907282|-1.841709|-0.039794|10.242617|-0.053774|-3.501210|11.891667|0.366076|-3.391399|-121.159332
1429|48534870.367544|-6.358087|-3.641361|21.800000|-7.585345|15.190320|-4.331702|14.553614|3617.200000|-3.641361|-2.251912|48033144.395245|-0.050732|15.809194|-1.075954|-0.092348|12.600000|-2.000000|5878434.174390|-0.080067|0.000000|13.429191|-8.529829|-0.226179|0.090450|-0.015811|-11643.696692|-0.564155|-3.381084|1.441746|4.868208|0.550197|-3.641361|-0.033766|-3.641361|-3466.739643|-101818294.552334|-173.364944|174204.822650|-0.000009|-340940.907282|-1.828547|-0.040447|10.327783|-0.053513|-3.501210|9.891667|0.366076|-3.381084|-121.159332
1430|56146457.166860|-6.185856|-3.641361|21.800000|-7.585345|15.190320|-4.331702|14.553614|3617.200000|-3.641361|-2.251912|54738142.083123|-0.050732|15.809194|-1.075514|-0.335215|10.200000|-2.000000|5730950.875736|-0.080067|0.000000|-27.441568|-8.201457|-0.224566|0.090450|-0.015493|-10572.078981|-0.559488|-3.376377|0.297066|4.658382|0.550197|-3.641361|-0.050505|-3.641361|-3466.396310|-101818294.552334|-230.508458|174204.822650|-0.000009|-340940.907282|-1.811291|-0.042608|10.416406|-0.053307|-3.501210|7.766667|0.366076|-3.376377|-121.159332
1431|61062611.998462|-6.047666|-3.641361|21.400000|-7.585345|15.760629|-4.331702|14.553614|3617.200000|-3.641361|-2.251912|58278166.436826|-0.050732|15.809194|-1.075471|-0.527388|14.200000|-2.000000|5732610.146183|-0.080067|0.000000|13.245009|-7.455436|-0.222952|0.090450|-0.013264|-8590.459690|-0.556083|-3.372370|1.090697|4.442891|0.550197|-3.641361|-0.054105|-3.641361|-3466.556822|-101818294.552334|-211.463148|174204.822650|-0.000009|-340940.907282|-1.804844|-0.046721|10.507898|-0.053150|-3.501210|9.766667|0.366076|-3.372370|-121.159332
1432|61264477.998690|-5.891703|-3.641361|21.000000|-7.585345|16.249763|-4.331702|14.553614|3617.200000|-3.641361|-2.251912|57752823.729939|-0.050732|15.809194|-1.075450|-0.646936|13.800000|-2.000000|5574243.588834|-0.080067|0.000000|12.733713|-6.995215|-0.221339|0.090450|-0.009745|-7244.677940|-0.555869|-3.365907|-2.585419|4.225919|0.550197|-3.641361|-0.064917|-3.641361|-3466.559962|-101818294.552334|-188.621898|174204.822650|-0.000009|-340940.907282|-1.798336|-0.049008|10.602493|-0.053080|-3.501210|11.766667|0.366076|-3.365907|-121.159332
1433|67428416.099846|-5.632263|-3.641361|20.000000|-7.585345|16.249763|-4.331702|14.553614|3617.200000|-3.641361|-2.251912|63143650.096411|-0.050732|15.809194|-1.075439|-0.757014|13.800000|-2.000000|5585635.334452|-0.080067|0.000000|13.259655|-6.599459|-0.219725|0.090450|-0.007224|-6463.049649|-0.559810|-3.356845|-2.585419|4.010685|0.550197|-3.641361|-0.068492|-3.641361|-3466.835398|-101818294.552334|-185.898817|174204.822650|-0.000009|-340940.907282|-1.787890|-0.053768|10.702369|-0.053108|-3.501210|9.766667|0.366076|-3.356845|-121.159332
1434|62246514.752722|-5.423200|-3.641361|19.400000|-8.402858|16.249763|-4.331702|16.719695|4207.000000|-3.641361|-2.251912|59819313.434526|-0.050732|15.809194|-1.074549|-0.816099|3.400000|-2.000000|5417969.335603|-0.080067|0.000000|18.313845|-6.310288|-0.218111|0.090450|-0.004831|-6750.141220|-0.564200|-3.354538|4.563186|3.799074|0.550197|-3.641361|-0.070986|-3.641361|-3466.790272|-101818294.552334|-261.275085|174204.822650|-0.000009|-340940.907282|-1.777444|-0.055581|10.807049|-0.053058|-3.501210|3.766667|0.366076|-3.354538|-121.159332
1435|54833920.600000|-5.050413|-3.641361|18.400000|-8.402858|16.338220|-4.331702|16.719695|4207.000000|-3.641361|-2.251912|52284090.634745|-0.050732|15.809194|-1.074458|-0.816099|17.400000|-2.000000|5648868.986323|-0.080067|0.000000|17.904789|-5.468169|-0.216498|0.090450|-0.002334|-6850.193526|-0.564754|-3.355794|5.607130|3.591843|0.550197|-3.641361|-0.081294|-3.641361|-3467.042478|-101818294.552334|-159.664781|174204.822650|-0.000009|-340940.907282|-1.766999|-0.059753|10.917128|-0.053049|-3.476548|7.766667|0.366076|-3.355794|-121.159332
1436|47375607.584604|-4.816874|-3.641361|17.000000|-8.402858|16.608729|-4.331702|16.384730|4207.000000|-3.641361|-2.251912|45989002.411361|-0.050732|16.110125|-1.073705|-0.824537|7.400000|-2.000000|6380231.634399|-0.080067|0.000000|10.780480|-4.285206|-0.214884|0.090450|-0.000416|-6934.955470|-0.562889|-3.355191|7.916545|3.390309|0.550197|-3.641361|-0.085931|-3.641361|-3466.287657|-101818294.552334|-212.331660|174204.822650|-0.000009|-340940.907282|-1.756553|-0.064053|11.031364|-0.052984|-3.451887|5.766667|0.366076|-3.355191|-121.159332
1437|47246180.700000|-4.597629|-3.641361|16.000000|-8.402858|16.853475|-4.331702|11.436129|4207.000000|-3.641361|-2.251912|47782290.077239|-0.050732|16.110125|-1.072977|-0.857262|10.800000|-2.000000|7029045.791861|-0.045626|0.000000|9.347544|-3.472529|-0.213270|0.090450|0.000525|-7403.309727|-0.561210|-3.355172|10.642266|3.196317|0.550197|-3.641361|-0.105096|-3.641361|-3467.011476|-101818294.552334|-286.737481|174204.822650|-0.000009|-340940.907282|-1.746107|-0.065763|11.149726|-0.052763|-3.427226|7.766667|0.366076|-3.355172|-121.159332
1438|37818610.799850|-4.392321|-3.641361|15.000000|-8.402858|16.884435|-4.331702|9.339775|4207.000000|-3.641361|-2.251912|38560563.477273|-0.050732|19.031230|-1.072613|-0.912205|12.800000|-2.000000|7914285.675915|-0.045626|0.000000|5.688902|-3.366007|-0.207853|0.090450|0.002321|-8514.729998|-0.558723|-3.354084|8.658261|3.011729|0.550197|-3.641361|-0.134714|-3.641361|-3467.188920|-101818294.552334|-273.549787|174204.822650|-0.000009|-340940.907282|-1.735662|-0.069254|11.271877|-0.052452|-3.421561|7.766667|0.366076|-3.354084|-121.159332
1439|41261087.001612|-4.177255|-3.641361|14.600000|-8.402858|16.912447|-4.331702|9.339775|4207.000000|-3.641361|-2.251912|43023864.530089|-0.050732|19.031230|-1.072255|-0.691122|8.600000|-2.000000|8743076.595802|-0.045626|0.000000|16.201765|-3.343480|-0.200615|0.090450|0.003938|-9204.443692|-0.575331|-3.354003|9.237464|2.837166|0.550197|-3.641361|-0.146007|-3.641361|-3467.167715|-101818294.552334|-273.375848|174204.822650|-0.000009|-340940.907282|-1.725216|-0.069398|11.392981|-0.052031|-3.421561|7.766667|0.366076|-3.354003|-121.159332
1440|38596473.501596|-4.025454|-3.641361|14.200000|-8.402858|17.128268|-4.331702|9.339775|4207.000000|-3.641361|-2.251912|39652918.496965|-0.050732|19.031230|-1.072429|-0.463553|16.600000|-2.000000|9310129.013198|-0.029133|0.000000|14.834538|-3.593928|-0.193377|0.090450|0.005438|-12309.825213|-0.570404|-3.353324|8.159589|2.669626|0.550197|-3.641361|-0.151838|-3.641361|-3467.860893|-101818294.552334|-301.559679|174204.822650|-0.000009|-340940.907282|-1.714770|-0.068782|11.520156|-0.051638|-3.421561|9.766667|0.366076|-3.353324|-121.159332
1441|44165605.447802|-3.704509|-3.641361|14.200000|-8.402858|18.085438|-4.331702|9.339775|4207.000000|-3.641361|-2.251912|45361938.974532|-0.050732|20.511735|-1.071987|-0.265334|6.400000|-2.000000|10148806.550678|-0.029133|0.000000|16.165007|-3.743324|-0.183516|0.090450|0.006681|-13302.536533|-0.570032|-3.353863|10.629973|2.504918|0.550197|-3.641361|-0.155607|-3.641361|-3466.657976|-101818294.552334|-347.152417|174204.822650|-0.000009|-340940.907282|-1.704325|-0.069506|11.653556|-0.051220|-3.421561|7.766667|0.366076|-3.353863|-121.159332
1442|46860331.650242|-3.397812|-3.641361|13.800000|-8.402858|18.951450|-4.331702|9.339775|4207.000000|-3.641361|-2.251912|48391848.890764|-0.050732|20.511735|-1.071942|-0.095223|14.400000|-2.000000|10975938.467282|-0.020904|0.000000|15.709503|-3.709383|-0.173655|0.090450|0.007853|-14352.227716|-0.567267|-3.354133|12.015764|2.339139|0.550197|-3.641361|-0.157863|-3.641361|-3467.097841|-101818294.552334|-266.024567|174204.822650|-0.000009|-340940.907282|-1.693879|-0.069822|11.791002|-0.050747|-3.421561|7.766667|0.366076|-3.354133|-121.159332
1443|53499042.314366|-3.184358|-3.641361|13.800000|-8.402858|19.925461|-4.331702|9.339775|4207.000000|-3.641361|-2.251912|55956227.559586|-0.050732|20.511735|-1.071568|0.038573|10.400000|-2.000000|12003257.472997|-0.020904|0.000000|14.503952|-3.752062|-0.163794|0.090450|0.008903|-15152.308346|-0.563572|-3.354026|12.021403|2.169312|0.550197|-3.641361|-0.160620|-3.641361|-3466.873702|-99730714.039303|-299.781283|174204.822650|-0.000009|-340940.907282|-1.677768|-0.069999|11.928067|-0.050207|-3.421561|9.766667|0.366076|-3.354026|-121.159332
1444|49000145.930008|-2.951708|-3.641361|13.400000|-8.402858|20.416737|-4.331702|9.339775|4207.000000|-3.641361|-2.251912|51333207.700679|-0.050732|20.511735|-1.071557|0.159565|16.400000|-2.000000|12486520.629391|-0.020904|0.000000|14.550377|-3.439456|-0.153933|0.090450|0.010073|-15695.144907|-0.560313|-3.350377|12.007673|1.993800|0.550197|-3.641361|-0.166624|-3.641361|-3467.561070|-99491908.177403|-268.489484|174204.822650|-0.000009|-340940.907282|-1.657603|-0.065004|12.065413|-0.049587|-3.421561|9.766667|0.366076|-3.350377|-121.159332
1445|50899981.003464|-2.803956|-3.641361|13.400000|-8.402858|20.416737|-4.331702|9.339775|4207.000000|-3.641361|-2.251912|53212013.185675|-0.050732|20.633708|-1.071727|0.233741|14.400000|-2.000000|13069376.679718|0.053495|0.000000|12.653104|-3.087526|-0.144202|0.090450|0.010996|-16152.193036|-0.560672|-3.348378|9.880698|1.812150|0.550197|-3.641361|-0.188965|-3.641361|-3467.312342|-99083717.015163|-235.653894|174204.822650|-0.000009|-340940.907282|-1.637438|-0.064422|12.203506|-0.048940|-3.421561|7.766667|0.366076|-3.348378|-121.159332
1446|51303233.550000|-2.830545|-3.641361|13.400000|-8.402858|20.416737|-4.331702|9.339775|3696.600000|-3.641361|-2.251912|53335278.743787|-0.050732|18.755405|-1.071812|0.285420|11.600000|-2.000000|12989600.806614|0.119048|0.000000|12.314407|-2.897556|-0.134471|0.090450|0.011502|-16308.429579|-0.560000|-3.345665|12.341837|1.621259|0.550197|-3.641361|-0.194786|-3.641361|-3467.243725|-99083717.015163|-233.666976|174204.822650|-0.000009|-340940.907282|-1.622329|-0.060009|12.343386|-0.048243|-3.421561|11.766667|0.366076|-3.345665|-121.159332
1447|42739616.980850|-2.643116|-3.641361|12.800000|-8.402858|20.416737|-4.331702|9.339775|3696.600000|-3.641361|-2.251912|44998448.076634|-0.053869|18.755405|-1.071679|0.319277|8.800000|-2.000000|12793931.575744|0.119048|0.000000|12.838240|-2.566524|-0.126224|0.090450|0.012286|-16531.838685|-0.562762|-3.345450|12.386380|1.418624|0.550197|-3.641361|-0.222088|-3.641361|-3466.141684|-99083717.015163|-249.648373|174204.822650|-0.000009|-340940.907282|-1.607220|-0.056756|12.485369|-0.047510|-3.421561|9.766667|0.366076|-3.345450|-121.159332
1448|41136770.482542|-2.544434|-3.641361|12.800000|-8.402858|20.416737|-4.331702|8.768822|3696.600000|-3.641361|-2.251912|44417578.166791|-0.057901|16.846678|-1.071261|0.366881|5.200000|-2.000000|12462157.148464|0.119048|0.000000|9.628878|-2.387994|-0.117976|0.090450|0.013259|-17148.275568|-0.567433|-3.346095|15.799757|1.203188|0.550197|-3.641361|-0.233264|-3.641361|-3467.683192|-98948618.518680|-263.831667|174204.822650|-0.000009|-340940.907282|-1.592111|-0.049276|12.637240|-0.046739|-3.445465|7.766667|0.366076|-3.346095|-121.159332
1449|40005088.880068|-2.424754|-3.641361|12.600000|-8.402858|20.416737|-4.331702|12.253150|3696.600000|-3.641361|-2.251912|44023661.676958|-0.081409|16.846678|-1.071228|0.442185|9.800000|-2.000000|12056139.999990|0.119048|0.000000|10.350130|-2.424862|-0.109729|0.090450|0.013971|-17780.570838|-0.569798|-3.346367|15.424353|0.971372|0.550197|-3.641361|-0.245767|-3.641361|-3467.012185|-98523493.973600|-252.458594|174204.822650|-0.000009|-340940.907282|-1.577002|-0.041980|12.799336|-0.045940|-3.469369|11.766667|0.366076|-3.346367|-121.159332
1450|43830225.203414|-2.045434|-3.641361|12.600000|-8.402858|20.416737|-4.331702|11.570411|3696.600000|-3.641361|-2.251912|49784808.836094|-0.081409|14.869496|-1.070860|0.585865|5.200000|-2.000000|12074670.151596|0.119048|0.000000|11.869573|-2.414166|-0.101482|0.090450|0.014645|-19197.862193|-0.567371|-3.347180|15.952893|0.721798|0.550197|-3.641361|-0.262836|-3.641361|-3465.879839|-98396839.996796|-270.166943|174204.822650|-0.000009|-1013207.422178|-1.561893|-0.039209|12.974335|-0.045095|-3.493273|7.766667|0.366076|-3.347180|-121.159332
1451|41768835.785120|-1.731663|-3.641361|12.000000|-8.402858|20.416737|-4.331702|11.586846|3696.600000|-3.641361|-2.060157|48232383.846739|-0.085552|13.873299|-1.071027|0.681162|13.600000|-4.000000|11575330.519783|0.119048|0.000000|11.662845|-2.394917|-0.093235|0.090450|0.014760|-21046.525273|-0.564093|-3.347229|9.583042|0.453908|0.550197|-3.641361|-0.275838|-3.641361|-3466.811458|-98396839.996796|-227.276567|174204.822650|-0.000009|-1013207.422178|-1.546784|-0.033849|13.164552|-0.044260|-3.670441|5.866666|0.366076|-3.347229|-121.159332
1452|38715611.863410|-1.555145|-3.641361|11.800000|-8.402858|20.347029|-4.331702|11.586846|3696.600000|-3.641361|-2.021859|44548293.779128|-0.085552|13.873299|-1.070759|0.711593|5.000000|-4.000000|11568855.565524|0.119048|0.000000|3.749263|-2.770039|-0.084988|0.090450|0.015629|-23151.604247|-0.498255|-3.341466|14.941749|0.168297|0.550197|-3.641361|-0.286559|-3.641361|-3466.626206|-98396839.996796|-245.667941|174204.822650|-0.000009|-1013207.422178|-1.531675|-0.028469|13.360377|-0.043477|-3.847610|7.866666|0.366076|-3.341466|-121.159332
1453|41812892.100000|-1.454180|-3.641361|11.600000|-8.402858|19.473841|-4.331702|12.652454|3696.600000|-3.641361|-1.509074|47674876.459878|-0.085552|13.626151|-1.070977|0.712155|13.600000|-4.000000|10924872.544157|0.119048|0.000000|7.910160|-2.631556|-0.076741|0.090450|0.016402|-24596.786547|-0.414286|-3.333100|11.726227|-0.134349|0.550197|-3.641361|-0.291050|-3.641361|-3467.005633|-98138949.608559|-215.867423|195468.986096|-0.000009|-1013207.422178|-1.516565|-0.022297|13.555540|-0.042707|-4.024778|11.125000|0.366076|-3.333100|-121.159332
1454|34566977.381196|-1.210006|-3.641361|11.600000|-8.402858|18.874291|-4.331702|14.000950|3696.600000|-3.641361|-0.200798|40488934.442915|-0.085552|13.626151|-1.071085|0.712155|9.800000|-4.000000|10160300.594617|0.119048|0.000000|12.181546|-2.578903|-0.068493|0.090450|0.017035|-25471.166055|-0.405697|-3.311614|11.726227|-0.452943|0.550197|-3.641361|-0.294082|-3.641361|-3466.803077|-95811190.282655|-190.205430|227137.725556|-0.000009|-1013207.422178|-1.501456|-0.017883|13.753048|-0.041959|-4.201947|12.066667|0.366076|-3.311614|-121.159332
1455|26291188.947646|-0.987407|-3.641361|11.600000|-8.402858|17.950888|-4.331702|13.398421|3696.600000|-3.641361|0.274980|31973812.269750|-0.085552|13.626151|-1.070964|0.712155|11.000000|-4.000000|10286246.411558|0.119048|0.000000|12.371203|-2.549431|-0.060246|0.090450|0.017485|-26981.287815|-0.405998|-3.292904|11.726227|-0.786146|0.550197|-3.641361|-0.307603|-3.641361|-3467.174050|-95811190.282655|-260.564485|227137.725556|-0.000009|-1013207.422178|-1.486347|-0.016802|13.941821|-0.041227|-4.379116|13.825000|0.366076|-3.292904|-121.159332
1456|28568244.917732|-0.630510|-3.641361|10.800000|-8.402858|17.115428|-4.331702|15.107353|3696.600000|-3.641361|0.274980|33897417.415172|-0.090080|13.626151|-1.071079|0.712155|14.600000|-4.000000|10202231.308700|0.119048|0.000000|-6.416688|-2.443361|-0.051999|0.090450|0.017815|-28028.903087|-0.402594|-3.277540|11.360008|-1.130241|0.550197|-3.641361|-0.324859|-3.641361|-3467.207581|-95811190.282655|-213.157770|242334.381780|-0.000009|-1013207.422178|-1.471972|-0.013716|14.124159|-0.040519|-4.556284|14.708334|0.366076|-3.277540|-121.159332
1457|27815611.834348|-0.416397|-3.641361|9.800000|-8.402858|16.550012|-4.331702|15.954272|3696.600000|-3.641361|0.274980|32967435.491891|-0.090080|13.626151|-1.071137|0.712155|14.600000|-4.000000|10277198.913869|0.119048|0.000000|0.806320|-2.393644|-0.043752|0.090450|0.018443|-27751.036235|-0.392020|-3.268847|10.677758|-1.482379|0.550197|-3.641361|-0.311101|-3.641361|-3466.859380|-95811190.282655|-170.695900|242334.381780|-0.000009|-1013207.422178|-1.458148|-0.013109|14.304129|-0.039833|-4.733453|17.133333|0.366076|-3.268847|-121.159332
1458|26636674.865280|-0.227485|-3.641361|7.800000|-8.402858|15.847969|-4.331702|15.954272|3696.600000|-3.641361|0.274980|31885284.404143|-0.090080|13.626151|-1.070990|0.712155|15.000000|-4.000000|10249310.017435|0.119048|0.000000|-46.843889|-2.763940|-0.035505|0.090450|0.019019|-28059.144230|-0.388852|-3.264886|10.447555|-1.840558|0.550197|-3.641361|-0.291991|-3.641361|-3467.124096|-95811190.282655|-195.854669|242334.381780|-0.000009|-1013207.422178|-1.451594|-0.011933|14.473550|-0.039165|-4.910621|18.966666|0.366076|-3.264886|-121.159332
1459|21695302.750000|0.092890|-3.641361|7.400000|-8.402858|15.593740|-4.331702|15.776627|3696.600000|-3.641361|0.274980|26610950.253484|-0.090080|13.626151|-1.070741|0.712155|16.200000|-4.000000|10380270.255116|0.119048|0.000000|5.425610|-3.291460|-0.027257|0.090450|0.019549|-27844.979960|-0.388852|-3.263723|11.614099|-2.201022|0.550197|-3.641361|-0.280225|-3.641361|-3467.314910|-95811190.282655|-217.816732|242334.381780|-0.000009|-1013207.422178|-1.456114|-0.010476|14.630908|-0.038519|-5.087790|19.691666|0.366076|-3.263723|-121.159332
