859|nan|nan|nan|nan|nan|nan|nan|nan|nan|nan|nan|nan|nan|nan|nan|nan|nan|nan|nan
900|nan|nan|nan|nan|nan|nan|nan|nan|nan|nan|nan|nan|nan|nan|nan|nan|nan|nan|nan
901|nan|nan|nan|nan|nan|nan|nan|nan|nan|nan|nan|nan|nan|nan|nan|nan|nan|nan|nan
902|nan|nan|nan|nan|nan|nan|nan|nan|nan|nan|nan|nan|nan|nan|nan|nan|nan|nan|nan
903|nan|nan|nan|nan|nan|nan|nan|nan|nan|nan|nan|nan|nan|nan|nan|nan|nan|nan|nan
904|nan|nan|nan|nan|nan|nan|nan|nan|nan|nan|nan|nan|nan|nan|nan|nan|nan|nan|nan
905|nan|nan|nan|nan|nan|nan|nan|nan|nan|nan|nan|nan|nan|nan|nan|nan|nan|nan|nan
906|nan|nan|nan|nan|nan|nan|nan|nan|nan|nan|nan|nan|nan|nan|nan|nan|nan|nan|nan
907|nan|nan|nan|nan|nan|nan|nan|nan|nan|nan|nan|nan|nan|nan|nan|nan|nan|nan|nan
908|nan|nan|nan|nan|nan|nan|nan|nan|nan|nan|nan|nan|nan|nan|nan|nan|nan|nan|nan
909|nan|nan|nan|nan|nan|nan|nan|nan|nan|nan|nan|nan|nan|nan|nan|nan|nan|nan|nan
910|nan|nan|nan|nan|nan|nan|nan|nan|nan|nan|nan|nan|nan|nan|nan|nan|nan|nan|nan
911|nan|nan|nan|nan|nan|nan|nan|nan|nan|nan|nan|nan|nan|nan|nan|nan|nan|nan|nan
912|nan|nan|nan|nan|nan|nan|nan|nan|nan|nan|nan|nan|nan|nan|nan|nan|nan|nan|nan
913|nan|nan|nan|nan|nan|nan|nan|nan|nan|nan|nan|nan|nan|nan|nan|nan|nan|nan|nan
914|nan|nan|nan|nan|nan|nan|nan|nan|nan|nan|nan|nan|nan|nan|nan|nan|nan|nan|nan
915|nan|nan|nan|nan|nan|nan|nan|nan|nan|nan|nan|nan|nan|nan|nan|nan|nan|nan|nan
916|nan|nan|nan|nan|nan|nan|nan|nan|nan|nan|nan|nan|nan|nan|nan|nan|nan|nan|nan
917|nan|nan|nan|nan|nan|nan|nan|nan|nan|nan|nan|nan|nan|nan|nan|nan|nan|nan|nan
918|nan|nan|nan|nan|nan|nan|nan|nan|nan|nan|nan|nan|nan|nan|nan|nan|nan|nan|nan
919|nan|nan|nan|nan|nan|nan|nan|nan|nan|nan|nan|nan|nan|nan|nan|nan|nan|nan|nan
920|nan|nan|nan|nan|nan|nan|nan|nan|nan|nan|nan|nan|nan|nan|nan|nan|nan|nan|nan
921|nan|nan|nan|nan|nan|nan|nan|nan|nan|nan|nan|nan|nan|nan|nan|nan|nan|nan|nan
922|nan|nan|nan|nan|nan|nan|nan|nan|nan|nan|nan|nan|nan|nan|nan|nan|nan|nan|nan
923|nan|nan|nan|nan|nan|nan|nan|nan|nan|nan|nan|nan|nan|nan|nan|nan|nan|nan|nan
924|nan|nan|nan|nan|nan|nan|nan|nan|nan|nan|nan|nan|nan|-109.509165|nan|-13.758295|nan|nan|nan
925|nan|nan|nan|nan|nan|nan|nan|nan|nan|nan|nan|nan|nan|-130.139504|nan|-36.285701|nan|nan|nan
926|nan|nan|nan|nan|nan|nan|nan|nan|nan|nan|nan|nan|nan|-149.656419|nan|-37.025983|nan|nan|nan
927|nan|nan|nan|nan|nan|nan|nan|nan|nan|nan|nan|nan|nan|-185.009844|nan|-61.998557|nan|nan|nan
928|nan|nan|nan|nan|nan|nan|nan|nan|nan|nan|nan|nan|nan|-191.518630|-68.887222|-73.802621|nan|nan|nan
929|nan|nan|nan|nan|nan|nan|nan|nan|nan|nan|nan|nan|nan|-179.842561|-68.887222|-74.123073|nan|nan|nan
930|nan|nan|nan|nan|nan|nan|nan|nan|nan|nan|nan|nan|nan|-191.800157|-77.296022|-82.720204|nan|nan|nan
931|nan|nan|nan|nan|nan|nan|nan|nan|nan|nan|nan|nan|nan|-121.420956|-77.296022|-82.341573|nan|nan|nan
932|nan|nan|nan|nan|nan|nan|nan|nan|nan|nan|nan|nan|nan|-101.783859|-77.296022|-81.986127|nan|nan|nan
933|nan|nan|nan|nan|-33.198692|nan|nan|nan|nan|nan|nan|nan|nan|-96.510105|-77.296022|-81.652997|nan|nan|nan
934|nan|nan|nan|nan|-29.324938|nan|nan|nan|nan|nan|nan|nan|nan|-91.512935|-77.296022|-81.341238|nan|nan|nan
935|nan|nan|nan|nan|-24.533657|nan|nan|nan|nan|17.525169|nan|nan|nan|-66.835811|-77.296022|-80.896016|nan|nan|nan
936|nan|nan|nan|nan|-20.399104|nan|nan|nan|nan|-2.155645|nan|nan|nan|-65.486168|-77.296022|-80.505664|nan|nan|nan
937|nan|nan|nan|nan|-17.949020|nan|nan|nan|nan|-36.881027|nan|nan|nan|-99.316216|-77.296022|-80.778176|nan|nan|nan
938|nan|nan|nan|nan|-16.566346|nan|nan|nan|nan|-50.286005|nan|nan|nan|-98.844802|-77.296022|-80.795969|nan|nan|nan
939|nan|nan|nan|nan|-15.837152|nan|nan|nan|nan|-56.303788|nan|nan|nan|-120.285954|-77.296022|-81.076140|nan|nan|nan
940|nan|nan|nan|nan|-14.448932|nan|nan|nan|nan|-56.522146|nan|nan|nan|-107.448969|-77.296022|-81.250237|nan|nan|nan
941|nan|nan|nan|nan|-12.357859|nan|nan|nan|nan|-40.154993|nan|nan|nan|-56.672259|-77.296022|-80.570192|nan|nan|nan
942|nan|nan|nan|nan|-9.444846|nan|nan|nan|nan|-10.303200|nan|nan|nan|-22.787621|-77.296022|-79.846438|nan|nan|nan
943|nan|-21.003927|nan|nan|-5.163750|nan|nan|nan|nan|22.366356|nan|nan|nan|22.004076|-77.296022|-79.097111|-0.005867|nan|nan
944|nan|-9.592772|nan|nan|-0.705463|nan|nan|nan|nan|45.392768|nan|nan|nan|61.800147|-77.296022|-78.028984|-0.000753|nan|nan
945|nan|-0.981210|nan|nan|3.439370|nan|nan|nan|nan|52.974171|nan|nan|nan|61.075480|-77.296022|-20.384921|-0.001527|nan|nan
946|nan|4.195486|nan|nan|6.620413|nan|nan|nan|nan|18.875191|nan|nan|nan|43.764421|-77.296022|-4.777105|-0.004723|nan|nan
947|nan|8.678644|nan|nan|9.901902|nan|nan|nan|nan|19.529259|nan|nan|nan|48.512950|-77.296022|-4.634349|-0.004589|nan|nan
948|nan|10.923851|nan|36.542662|12.392151|nan|nan|nan|nan|13.192631|nan|nan|nan|31.989884|-77.296022|-4.682419|-0.007718|nan|nan
949|nan|13.759150|nan|53.923672|14.769951|nan|nan|nan|nan|10.881028|nan|nan|nan|53.133092|-77.296022|-4.417429|-0.005295|nan|nan
950|nan|16.483429|nan|56.639270|17.391216|nan|nan|nan|nan|7.496409|nan|nan|nan|61.863734|-77.296022|-4.372593|-0.004723|nan|nan
951|nan|18.000253|nan|nan|19.347036|nan|nan|nan|nan|17.492326|nan|nan|nan|52.759637|-77.296022|-4.346397|-0.006741|nan|nan
952|nan|17.640845|nan|12.313990|20.609698|nan|nan|nan|nan|-12.432350|nan|nan|nan|26.535090|-77.296022|-4.642762|-0.011349|nan|nan
953|nan|16.850250|nan|nan|21.510316|nan|-28.145737|nan|nan|-19.288349|nan|nan|nan|22.638876|-77.296022|-4.879868|-0.012627|nan|nan
954|nan|16.765542|nan|18.301561|22.557296|nan|-59.923181|nan|nan|4.964433|nan|nan|nan|40.778052|-77.296022|7.569959|-0.010607|nan|nan
955|nan|15.418537|nan|-9.053932|22.950210|nan|-106.681421|nan|nan|-24.055468|nan|nan|nan|18.357304|-77.296022|23.989661|-0.014474|nan|nan
956|nan|14.957802|nan|nan|24.003664|nan|-109.859165|nan|nan|-7.095709|nan|nan|nan|37.331358|-77.296022|34.336840|-0.012187|nan|nan
957|nan|12.256335|nan|-48.726068|24.365432|nan|-200.878846|nan|nan|-42.247074|nan|nan|nan|-15.359525|-77.296022|33.611092|-0.020426|nan|nan
958|nan|10.660955|nan|-25.492441|24.390599|nan|-184.536159|nan|nan|-31.398863|nan|nan|nan|12.638344|-77.296022|23.561898|-0.017029|nan|nan
959|nan|9.773634|nan|nan|25.861767|-30.142150|-156.390423|-0.115126|nan|-11.468010|nan|nan|nan|33.767424|-77.296022|23.616977|-0.014574|nan|nan
1000|nan|10.332319|nan|29.490882|28.325152|-28.370487|-129.833559|0.226905|nan|26.671332|nan|nan|nan|75.346260|-20.341063|24.130223|-0.008890|nan|nan
1001|nan|11.330720|nan|nan|30.707078|-26.337948|-44.488422|0.436418|nan|40.422454|nan|-114.342778|nan|92.949346|-5.118155|24.533715|-0.006704|nan|nan
1002|nan|12.324053|nan|nan|34.281602|-24.392288|-23.379120|0.422139|nan|47.300109|nan|-108.872857|nan|97.534377|-5.118155|24.846707|-0.006468|nan|nan
1003|nan|11.475414|nan|-7.935643|37.393118|-24.029084|-68.775469|0.336002|nan|-5.393695|nan|-104.790834|nan|47.189826|-5.118155|24.623770|-0.014369|nan|nan
1004|nan|9.582801|nan|-44.472609|39.407891|-24.592846|-98.283096|0.304570|nan|-32.599936|nan|-102.103843|nan|14.027705|-5.118155|14.467362|-0.019714|nan|nan
1005|nan|8.117903|nan|-34.081926|42.158109|-24.852025|-65.143761|0.257142|nan|-35.133387|nan|-98.821622|nan|26.375861|-5.118155|14.363210|-0.018368|nan|nan
1006|nan|6.296321|nan|-51.739129|43.631838|-25.640962|-80.805501|0.128699|nan|-42.474856|nan|-97.957435|nan|12.057527|-5.118155|13.822247|-0.020857|nan|nan
1007|nan|5.474152|nan|-22.566528|44.790648|-25.566620|-86.253063|0.128564|nan|-31.999398|nan|-96.830313|nan|41.928069|-5.118155|13.869585|-0.016621|nan|nan
1008|nan|5.442210|nan|6.458692|46.017810|-24.753829|-57.426382|0.128564|nan|5.875440|nan|-95.263224|nan|70.918305|-5.118155|14.222018|-0.012318|nan|nan
1009|nan|6.192126|nan|36.152555|47.596111|-23.314799|-49.709003|0.026876|nan|33.656086|nan|-92.906094|nan|98.666585|7.365841|14.654733|-0.007981|nan|nan
1010|nan|7.291304|nan|52.777820|48.248157|-21.496502|-20.201376|0.395313|nan|60.541116|nan|-90.750375|nan|114.308007|14.525856|15.298878|-0.005459|nan|nan
1011|nan|8.002403|nan|40.266762|49.175769|-20.142367|17.931558|0.395313|nan|49.252810|nan|-88.971644|nan|101.122748|14.525856|15.485157|-0.007208|nan|nan
1012|nan|8.986506|nan|51.771077|50.522621|-18.598222|59.923181|0.483358|nan|54.515765|nan|-85.911476|nan|110.515033|14.525856|15.773147|-0.005661|nan|nan
1013|nan|9.705611|nan|nan|51.983559|-17.283012|93.516479|0.509961|nan|46.778968|nan|-83.070879|nan|102.091630|14.525856|15.983325|-0.006737|nan|nan
1014|nan|10.511572|nan|47.646417|53.799469|-15.954358|132.557340|0.669834|nan|41.818828|nan|-79.489072|nan|105.471278|14.525856|16.130239|-0.006064|nan|nan
1030|nan|11.631669|nan|64.110084|55.369768|-14.296328|142.771519|0.717329|nan|63.920610|nan|-75.825491|nan|120.055570|14.525856|16.533695|-0.003778|nan|nan
1031|nan|12.392587|nan|50.610809|57.188705|-13.138817|108.270293|0.768708|nan|46.788142|nan|-73.940822|nan|106.091384|14.525856|16.363519|-0.005694|nan|nan
1032|nan|12.509487|nan|20.173510|57.864244|-12.627724|79.216630|0.731444|nan|14.440654|nan|-73.823605|nan|75.221751|14.525856|16.055008|-0.010131|nan|nan
1033|-4.681185|12.260089|nan|2.028800|57.348448|-12.508087|39.948787|0.690192|nan|-2.467885|nan|-75.355820|nan|56.336986|14.525856|15.642098|-0.012820|nan|nan
1034|-38.039331|11.326249|nan|-30.748989|56.073897|-13.067786|23.152138|0.624655|nan|-27.912427|nan|-78.701409|nan|22.407522|14.525856|20.290078|-0.017728|nan|nan
1035|-49.075882|10.251117|nan|nan|54.436284|-13.763008|16.115704|0.518021|nan|-36.052345|nan|-82.165166|nan|11.639391|14.525856|30.258014|-0.019341|nan|nan
1036|-20.725114|10.431142|nan|-12.614287|53.471524|-13.814040|30.869517|0.493509|nan|-16.566087|nan|-84.161756|nan|40.502739|14.525856|31.292501|-0.015139|nan|nan
1037|9.826851|11.758048|nan|17.811785|52.581831|-13.237569|30.188572|0.474810|nan|14.748286|nan|-85.328726|nan|71.354330|14.525856|31.532317|-0.010634|nan|nan
1038|-9.099387|12.672273|nan|-2.229692|51.778582|-12.737326|2.496799|0.453649|nan|-9.842380|nan|-86.441051|nan|52.814812|14.525856|31.564414|-0.013457|nan|nan
1039|-21.136383|13.763083|nan|-14.505606|50.829181|-11.738461|3.858689|0.436310|nan|-6.432148|nan|-88.367695|nan|40.357470|14.525856|31.433888|-0.013427|nan|nan
1040|-3.852853|14.985554|nan|3.830616|49.776851|-10.045446|-5.220581|0.416974|nan|8.964361|nan|-89.911172|nan|57.753468|14.525856|31.485580|-0.007194|nan|nan
1041|-13.725085|15.091839|nan|-7.702101|49.078440|-8.267483|0.000000|0.400475|nan|3.958225|nan|-91.357505|nan|46.249568|14.525856|31.371292|-0.008707|nan|nan
1042|-6.490142|14.730060|nan|0.453193|48.771901|-5.720959|-48.801076|0.385766|nan|5.034054|nan|-91.707721|nan|52.024100|14.525856|31.436408|-0.007698|nan|nan
1043|9.435029|13.842161|nan|15.851125|48.875390|-2.754747|-10.441160|0.377843|nan|19.246880|nan|-91.397829|nan|66.423938|14.525856|31.640880|-0.005413|nan|-110.063340
1044|17.921945|12.474331|nan|23.812077|48.754686|0.192711|14.072868|0.390153|nan|9.152003|nan|-91.275528|nan|73.869452|14.525856|31.951778|-0.004236|nan|-110.102747
1045|4.617651|10.901257|nan|8.988870|49.436028|2.974756|38.586897|0.371489|nan|-5.443522|nan|-90.810037|nan|59.024718|14.525856|31.880583|-0.006286|nan|-110.142154
1046|-3.501330|9.632524|nan|1.305333|48.939454|4.493066|44.715404|0.341051|nan|-7.429805|-0.944764|-91.040287|nan|49.533896|14.525856|31.973331|-0.007562|nan|-110.197214
1047|-4.855510|8.261226|nan|nan|49.454702|5.592395|44.488422|0.327336|nan|-10.127212|-3.161213|-89.736751|nan|46.930305|14.525856|31.885338|-0.007831|nan|-110.249230
1048|-5.113103|7.348612|nan|nan|50.270610|6.551256|-9.533233|0.339776|nan|5.767479|-3.097472|-89.113595|nan|45.128291|14.525856|31.811063|-0.007932|nan|-110.312090
1049|-15.164207|5.947469|nan|nan|50.328766|7.229600|-56.064491|0.338098|nan|-10.454311|-12.573077|-89.255173|nan|33.566061|19.817248|31.748380|-0.009478|nan|-110.357855
1050|-2.329970|4.723183|nan|nan|50.390034|7.718092|-34.501225|0.339091|nan|8.355082|0.535685|-90.139653|nan|44.767720|30.293326|40.959845|-0.007630|nan|-110.395914
1051|-12.237778|3.605982|-1189.852097|-10.609589|50.074454|7.965894|-61.512053|0.365070|-19.426605|-1.565373|-8.821040|-91.709599|-21.107197|33.048982|31.416595|40.761391|-0.009142|nan|-110.414952
1052|-21.236219|2.931808|-1138.382688|nan|49.453487|8.639816|-42.218604|0.357058|-37.212560|-14.078843|-17.778396|-93.568216|-38.973448|22.793728|31.416595|40.605434|-0.010521|nan|-110.426139
1053|-24.570864|2.383123|-1108.350090|-22.302891|49.517279|9.269388|-16.796649|0.340536|-38.604268|-10.258490|-21.424647|-94.002275|-42.605156|17.879683|31.416595|40.484515|-0.011059|nan|-110.439587
1054|-27.453858|1.522528|-1091.393491|-26.735544|50.587939|10.161965|9.306251|0.363562|-43.301717|2.226158|-24.843713|-93.493546|-46.822901|12.754653|31.416595|40.238548|-0.011530|nan|-110.453035
1055|-40.336588|0.954480|-1077.196653|-39.968603|51.454412|10.593364|13.164941|0.205876|-53.985772|-10.007882|-38.552901|-93.591267|-59.987842|-2.934325|31.416595|39.897821|-0.013480|nan|-110.441243
1056|-42.149063|0.037725|-1064.478052|-40.688925|51.944397|10.187830|-0.680945|0.177494|-45.309494|-1.477570|-40.938731|-93.285506|-62.030678|-7.963800|31.416595|39.640958|-0.013783|nan|-110.406712
1057|-39.472561|0.246315|-1066.445681|nan|52.231818|9.323967|12.257014|0.100765|-39.612991|-2.238014|-38.837767|-93.731544|-59.533879|-7.580626|31.416595|39.452640|-0.013414|nan|-110.498257
1058|-26.623740|0.391472|-1051.714926|-25.510925|52.226353|8.068048|17.704576|0.045329|-25.382605|-6.570325|-26.541316|-94.647467|-46.822901|2.873872|31.416595|39.473933|-0.011532|nan|-110.664032
1059|-26.541700|0.149761|-1051.194200|nan|51.679747|6.245530|22.244211|-0.022593|-18.023197|-17.465996|-26.973056|-96.414093|-46.822901|0.474533|31.416595|39.504849|-0.011532|nan|-110.859522
1100|-10.602968|-0.467469|-1062.914015|-9.621168|51.557800|4.836000|53.567692|-0.070227|-5.014772|-20.404121|-11.669017|-98.202809|-30.934179|13.841063|31.416595|39.696760|-0.009178|nan|-110.896614
1101|-10.572701|-1.438328|-1079.037887|nan|51.124674|3.780017|40.629732|-0.127714|-6.134179|-31.833226|-12.049497|-99.651084|-30.934179|10.881221|31.416595|42.475900|-0.009178|nan|-110.921866
1102|1.711011|-2.194053|-1098.479505|2.347382|50.642973|2.961672|22.925157|-0.134661|2.843132|-9.229296|-0.009902|-101.015669|-18.677164|20.525818|31.416595|42.765656|-0.007363|nan|-110.902211
1103|1.961607|-1.911661|-1134.079274|1.635928|50.783019|2.427475|4.993598|-0.134136|3.790113|2.697595|0.103044|-102.169392|-18.450183|17.863746|31.416595|42.844435|-0.007330|nan|-110.900572
1104|-9.151455|-1.100214|-1171.172044|nan|50.473141|1.430875|-39.267842|-0.118548|-2.772288|-17.437883|-10.989130|-103.754382|-29.012288|4.424016|31.416595|43.354310|-0.008977|nan|-110.890101
1105|-19.147418|-0.650822|-1204.159879|-19.122756|50.593839|0.090115|-60.150163|-0.076253|-10.358597|-25.338560|-21.009601|-106.042642|-28.519485|-7.649002|40.680945|43.103458|-0.010456|nan|-110.868842
1106|-18.257298|0.090649|-1220.954109|-17.363744|49.643534|-0.936248|-30.869518|-0.094144|-10.971262|-34.428781|-20.163954|-107.938089|-24.811558|-7.485575|40.680945|43.068923|-0.008822|nan|-110.853188
1107|-11.689131|0.429079|-1237.379125|nan|49.458730|-1.329933|6.128507|-0.102808|-7.908495|-23.556885|-13.720636|-108.799967|-14.869087|-1.368558|40.680945|43.049908|-0.007847|nan|-110.844064
1108|-4.664020|0.347571|-1234.242255|nan|49.717348|-1.458748|-5.901525|-0.103793|-0.631765|-0.895229|-6.780593|-108.924635|-5.352653|4.916708|40.680945|44.201709|-0.006805|nan|-110.804207
1109|-8.304515|-0.446066|-1230.668276|-7.349580|49.864358|-1.817542|-21.790248|-0.104613|-4.263473|-0.447933|-10.358822|-108.185046|-8.984361|0.449707|40.680945|44.358612|-0.007344|nan|-110.706415
1110|-6.722271|-1.507136|-1213.039817|-6.977915|50.773399|-1.777930|-3.177745|-0.105822|-2.674897|28.886177|-8.713529|-107.106595|-7.395489|0.689000|40.680945|44.333724|-0.007108|nan|-110.608624
1111|-16.260299|-2.582065|-1195.599207|nan|50.808672|-2.151531|-22.925156|-0.110302|-12.207834|8.871992|-18.206593|-107.118177|-16.928722|-9.279526|40.680945|43.532284|-0.008521|nan|-110.491563
1112|-8.981071|-3.683166|-1191.316872|nan|50.726297|-1.474882|-8.852288|-0.114435|-12.864714|21.006441|-11.008812|-107.804671|-15.345306|-2.851403|40.680945|43.529187|-0.007445|nan|-110.377546
1113|-12.825327|-4.710383|-1198.199907|nan|50.824911|-1.242805|2.723781|-0.126308|-8.563404|-5.453440|-14.991495|-108.051245|-19.203996|-7.808684|40.680945|43.533656|-0.008017|nan|-110.247903
1114|-22.349883|-6.040850|-1203.941898|-22.631966|51.316323|-1.498885|1.134909|-0.150644|-16.016341|-2.939326|-24.707670|-108.223137|-28.737229|-18.640509|40.680945|43.390137|-0.009429|nan|-110.135356
1115|-20.089563|-7.561056|-1201.753295|-19.121319|51.654067|-2.344501|-10.441160|-0.166562|-7.746524|-6.223266|-22.604357|-108.762193|-26.467412|-17.469284|40.680945|43.286573|-0.009094|nan|-109.965838
1116|-7.399033|-8.668027|-1170.574492|-6.408888|51.805544|-3.159274|-6.355489|-0.171417|3.123862|-2.611831|-10.026677|-108.674094|-13.756434|-5.756897|43.298542|43.369289|-0.007210|nan|-109.829404
1117|4.378641|-8.944378|-1094.485096|5.391354|51.354545|-3.751419|3.631708|-0.177829|12.686617|-0.674070|1.692315|-108.481517|-1.953383|5.810733|29.766617|29.251861|-0.005462|nan|-109.771020
1118|-11.762362|-9.229549|-994.107063|-11.650371|51.708421|-3.845376|-13.164941|-0.181448|-5.748495|-10.765754|-14.567659|-109.166861|-18.069087|-11.290392|29.766617|29.127745|-0.007850|nan|-109.685515
1119|-0.203318|-8.563421|-884.014015|0.830004|51.719210|-3.080615|-12.030032|-0.192354|1.346982|-5.582332|-3.165148|-109.743202|-6.493018|0.104092|29.766617|29.192209|-0.006134|nan|-109.600010
1120|-6.118753|-7.816247|-727.955025|-6.270375|51.296198|-2.568003|-5.447562|-0.189337|-3.034840|-29.891210|-9.197069|-110.119483|-12.394544|-5.384007|29.766617|29.249357|-0.007009|nan|-109.559015
1121|-33.821733|-8.182509|-568.911575|-33.542241|52.062513|-2.402862|-43.353514|-0.249804|-31.285724|-34.932587|-37.035011|-111.012951|-40.086317|-33.094195|29.766617|28.838576|-0.011112|nan|-109.510660
1122|-38.604834|-9.169412|-432.692943|-37.483091|51.341240|-2.708743|-57.426381|-0.340295|-32.692637|-53.888364|-41.896287|-111.942269|-43.812933|-37.645893|28.533734|27.449676|-0.011818|nan|-109.433386
1123|-20.924912|-9.436361|-281.378528|-19.756986|50.656792|-3.133188|-43.353513|-0.361178|-13.468061|-34.678357|-24.316746|-112.309582|-26.108357|-19.593064|28.533734|27.494491|-0.009195|nan|-109.279584
1124|-25.730383|-9.599975|-192.946758|-25.887118|50.609863|-4.176642|-51.297875|-0.380042|-14.554381|-36.180230|-29.251779|-112.496664|-30.874974|-24.511429|28.533734|27.387948|-0.009901|nan|-109.108317
1125|-13.300814|-9.816757|-113.092971|-12.039398|50.078467|-5.228226|-51.978820|-0.373699|0.009614|-29.392663|-16.871526|-112.680371|-18.390978|-11.270614|28.533734|27.472136|-0.008052|nan|-108.923021
1126|-6.778833|-9.741767|-59.391088|nan|49.698377|-5.973264|-47.439185|-0.353124|2.352085|-8.689221|-10.415209|-112.388924|-11.808507|-4.255577|28.533734|27.550456|-0.007077|nan|-108.749564
1127|-0.034846|-9.645734|-0.488144|nan|49.291171|-6.724849|-38.132934|-0.323437|8.841537|7.092850|-3.628035|-111.664565|-4.999055|2.832732|28.533734|27.777111|-0.006068|nan|-108.595763
1128|-4.420404|-9.969875|26.070301|-4.297496|49.343665|-7.493710|-29.734609|-0.295260|6.048884|-0.362660|-7.913318|-110.930683|-9.311708|-2.043476|28.533734|27.809252|-0.006707|nan|-108.428869
1129|-9.039076|-10.499434|21.652069|nan|49.036475|-8.414049|-34.274244|-0.329169|1.189249|-2.437029|-12.340161|-110.265446|-13.851343|-6.479999|28.533734|27.842929|-0.007380|nan|-108.275067
1330|29.694047|-10.001574|48.635719|30.934245|48.850801|-8.781809|20.428357|-0.305622|37.441647|26.961376|26.770049|-108.237101|24.962536|33.944979|28.533734|28.338948|-0.001628|nan|-108.251702
1331|45.059749|-9.035137|94.786113|46.672094|48.742148|-8.656029|35.863115|-0.246686|44.476405|15.484365|42.564464|-105.717350|45.997294|51.560608|28.533734|28.882521|0.000659|nan|-108.228337
1332|49.089813|-8.008079|158.859235|nan|48.769488|-8.004309|52.205802|-0.192661|46.242077|27.430760|47.041392|-103.169596|52.162966|57.419148|28.533734|29.302960|0.001264|nan|-108.204972
1333|53.239594|-6.871539|222.911396|nan|49.329519|-7.018903|56.518454|-0.136756|48.007748|35.612923|51.533594|-100.900758|53.848637|63.530401|28.533734|29.622247|0.001869|nan|-108.152992
1334|7.920297|-6.453411|240.568998|8.699651|50.060513|-6.488356|0.000000|-0.126569|6.692880|-0.947712|6.437171|-99.928734|4.692288|19.713205|28.533734|29.243364|-0.004857|nan|-108.118625
1335|2.561496|-6.345757|231.729057|nan|50.254806|-5.797019|-15.434759|-0.117700|-0.755274|-0.765512|1.350964|-99.542240|-0.755274|16.344795|28.533734|29.092880|-0.005664|nan|-107.940715
1336|18.767031|-5.747216|174.607201|nan|50.556835|-5.251820|1.588872|-0.086403|17.280134|2.270430|17.773672|-98.677122|15.360430|34.789652|28.533734|29.122572|-0.003276|nan|-107.916462
1337|39.957610|-4.538851|75.860962|40.947334|50.800965|-4.759956|29.280646|-0.048347|38.388844|21.248384|39.161386|-97.557319|36.469733|58.228108|28.533734|30.484395|-0.000148|nan|-107.974559
1338|32.774079|-3.458895|24.224338|32.726759|50.777866|-4.153834|29.053664|-0.023686|30.885724|7.996079|32.132292|-96.659054|29.206317|53.182144|28.533734|35.015381|-0.001225|nan|-108.061599
1339|41.701818|-2.141237|12.107337|42.863276|50.960938|-3.154935|34.274244|-0.000894|35.577419|17.265444|41.139112|-95.203757|38.058605|64.501883|28.533734|35.226387|0.000087|nan|-108.158431
1340|33.822548|-0.767114|3.390053|33.630233|50.733977|-2.649069|27.918755|0.015977|31.313355|24.252242|33.364751|-93.733778|30.114244|59.024974|28.533734|35.223006|-0.001090|nan|-108.301748
1341|37.506799|0.733099|21.546761|38.548963|50.633298|-1.866284|22.017230|0.046814|30.545063|39.196104|37.231498|-92.172235|33.745952|64.999133|28.533734|35.359907|-0.000210|nan|-108.120124
1342|19.603731|1.755066|-26.129082|19.331746|50.197002|-1.567947|11.349088|0.071996|16.374098|25.218441|19.597050|-91.266084|15.814394|48.796856|28.533734|43.111444|-0.002809|nan|-107.370780
1343|12.564503|2.431836|-83.723773|12.292352|49.727721|-1.702514|0.453964|0.078529|13.257367|25.957007|12.828595|-90.837851|8.777960|43.008502|28.533734|42.893333|-0.003851|nan|-106.404673
1344|17.069863|3.215986|-109.633477|18.122393|49.549198|-1.830964|-4.539635|0.103128|17.957001|1.349432|17.618995|-90.171319|13.397594|49.421215|28.533734|43.513158|-0.003179|nan|-105.337686
1345|-0.691119|3.304317|-79.870722|-0.551939|49.134927|-2.135366|-19.974394|0.121843|0.333018|-5.676982|0.153584|-90.038336|-0.626982|32.714719|28.533734|43.170471|-0.005801|nan|-103.777288
1346|-18.926090|3.070002|-48.656628|-18.745786|49.167738|-2.632828|-25.421955|0.142256|-13.666114|-12.293048|-17.859368|-90.150782|-18.785521|16.054259|28.533734|42.740765|-0.008491|nan|-102.205897
1347|1.420417|3.058425|-22.523369|2.655242|48.851544|-2.620841|6.809453|0.137102|0.761947|-0.162719|2.723904|-89.912746|1.642836|38.772363|28.533734|39.774957|-0.005465|nan|-100.910573
1348|-43.848403|2.003438|23.021887|-43.275649|49.160196|-3.563246|-54.475619|0.087377|-36.325939|-31.353372|-42.317599|-90.854922|-43.526532|-5.708450|28.533734|39.132573|-0.012702|nan|-99.486555
1349|-38.509869|1.407860|56.028673|-37.367150|48.495185|-4.083274|-37.451988|0.125980|-34.879266|-24.867476|-36.673398|-91.388666|-38.078970|1.207543|28.533734|33.150141|-0.011895|nan|-98.705652
1350|-54.746440|0.575681|129.390750|-54.117206|48.124992|-5.167418|-59.469218|0.059805|-47.314081|-36.451036|-52.676050|-92.439186|-54.194674|-13.725445|28.533734|32.701768|-0.015936|nan|-97.995236
1351|-86.425306|-0.847444|170.804507|-85.937771|46.502174|-6.620720|-118.711454|0.034615|-78.864248|-57.598708|-84.101240|-94.739059|-87.025137|-44.824740|-5.345137|-6.884624|-0.025331|nan|-98.048685
1352|-62.056023|-1.844543|199.430222|-60.228712|45.958226|-7.408761|-98.964041|0.078243|-56.110219|-41.892218|-59.516501|-96.678547|-62.591108|-19.638845|-5.345137|-7.096573|-0.021700|nan|-98.144103
1353|-49.722035|-2.765021|168.030080|-48.147466|44.200825|-7.788935|-68.775469|0.105160|-47.307112|-39.194409|-46.909347|-97.831385|-50.107112|-6.282983|-5.345137|-6.933699|-0.019851|nan|-98.474068
1354|-65.321087|-3.907190|101.183857|-63.985239|43.252429|-8.532775|-88.976845|0.077892|-58.340982|-38.994735|-62.285237|-99.742222|-67.301871|-21.863266|-5.345137|-7.249223|-0.022138|nan|-99.681279
1355|-100.453494|-5.775832|54.345814|-99.057295|41.800380|-9.713200|-111.448038|0.038977|-91.134691|-79.116938|-97.299449|-102.306266|-104.177060|-58.207898|-7.827969|-10.263659|-0.029456|nan|-101.246161
1356|-89.728233|-7.140727|16.323090|-87.522992|39.738707|-10.570770|-93.970443|0.010296|-82.319568|-65.002357|-86.439657|-103.782081|-93.521936|-49.165062|-7.827969|-10.496205|-0.027845|nan|-102.558840
1357|-68.094846|-8.223982|22.894002|-65.406485|39.114258|-11.017428|-65.370743|-0.009729|-62.769616|-26.577971|-64.704650|-104.504492|-72.131688|-30.888491|-7.827969|-10.492416|-0.024618|nan|-103.745419
1358|-79.598553|-9.475792|2.433598|-77.739973|38.667115|-11.955406|-81.032483|-0.036168|-68.278111|-50.763191|-76.179668|-106.004546|-83.480775|-46.178318|-7.827969|-10.765616|-0.026303|nan|-104.902712
1359|-108.574653|-11.103918|-33.808011|-106.515688|37.088115|-13.445726|-114.398800|-0.097760|-93.425382|-71.529395|-105.228404|-108.203802|-112.307457|-79.125497|-14.560790|-17.984752|-0.031845|nan|-106.456541
1400|-147.325309|-13.526233|-74.386277|-144.995268|34.792223|-15.953839|-114.171818|-0.195514|-123.931095|-113.753640|-144.313984|-111.843228|-150.894354|-121.685271|-44.814354|-49.039178|-0.043349|nan|-108.573805
1401|-134.560910|-15.842945|-132.579976|-131.595829|32.263950|-18.058244|-85.799101|-0.297889|-115.153433|-108.992591|-131.985383|-115.232787|-137.956395|-112.779714|-46.162109|-50.654768|-0.041437|nan|-110.263877
1402|-121.133956|-18.133862|-238.150474|nan|30.404045|-20.093341|-68.094524|-0.390670|-99.373938|-89.311855|-119.057664|-118.307810|-124.337490|-103.264639|-46.162109|-50.810797|-0.039424|nan|-111.248090
1403|-102.723694|-19.757888|-398.972264|-99.094596|28.498388|-21.728422|-45.396350|-0.480362|-84.682026|-64.701755|-101.094498|-120.817869|-105.724987|-89.444784|-46.162109|-50.723805|-0.036670|nan|-112.021689
1404|-117.011288|-21.890412|-535.017866|-113.988164|26.938049|-23.554796|-104.865567|-0.525352|-92.833711|-79.360938|-115.767458|-123.558646|-119.797855|-108.472522|-46.162109|-51.063413|-0.038764|nan|-112.549989
1405|-119.721411|-23.879261|-658.533546|-115.658892|24.847825|-25.152466|-112.809928|-0.544745|-101.331101|-86.760552|-118.895088|-127.465589|-122.374654|-115.719430|-46.162109|-51.116819|-0.039141|nan|-112.961463
1406|-99.965421|-24.968011|-786.448950|nan|23.301264|-26.401855|-76.719830|-0.586967|-79.116412|-74.750883|-99.625976|-131.288661|-102.400260|-100.490382|-46.162109|-51.099897|-0.036184|nan|-113.585300
1407|-65.006252|-25.154083|-950.407309|-60.779216|22.244856|-27.041169|-20.428357|-0.633182|-47.855129|-43.175413|-65.160352|-134.315248|-67.218090|-69.906196|-46.162109|-50.720553|-0.030969|nan|-114.337585
1408|-53.203378|-25.497770|-1170.240899|-49.589649|20.989817|-27.600201|-15.661740|-0.668913|-35.905391|-37.744753|-53.850161|-137.000240|-55.188057|-61.454601|-46.162109|-50.370314|-0.029187|nan|-114.733229
1409|-52.302565|-25.760676|-1362.117271|nan|19.598183|-28.085123|-5.674543|-0.703158|-33.090187|-43.823323|-53.349845|-138.369131|-54.053148|-63.852733|-46.162109|-50.046953|-0.029023|nan|-114.980074
1410|-46.411257|-26.132226|-1507.528478|nan|18.882188|-28.501564|-7.490397|-0.729345|-29.282271|-35.324165|-47.868924|-139.427933|-47.924641|-61.154985|-46.162109|-49.748412|-0.028116|nan|-115.360564
1411|-30.305402|-26.317046|-1613.475773|-24.858679|18.320769|-28.440844|12.483996|-0.761222|-15.580178|-24.920138|-32.179735|-140.475301|-31.581956|-47.375065|-46.162109|-49.318945|-0.025692|nan|-115.487627
1412|-30.103808|-26.617737|-1698.792552|-25.535316|18.106712|-28.568675|-4.993598|-0.787985|-13.765326|-28.537132|-32.439574|-142.100725|-31.127992|-49.652521|-46.162109|-49.099991|-0.025628|nan|-115.633944
1413|-31.495624|-26.857586|-1775.287850|-26.675953|17.877112|-28.714634|-13.164941|-0.801418|-13.941122|-24.099714|-34.286668|-143.564799|-32.262901|-53.692842|-46.162109|-49.048052|-0.025799|nan|-116.031802
1414|-32.431230|-27.002441|-1859.019089|-27.342219|17.687838|-28.711510|-9.306252|-0.819670|-17.421475|-37.719345|-35.702340|-145.228785|-32.943846|-56.600867|-46.162109|-48.973330|-0.025903|nan|-116.525496
1415|-28.361683|-27.804958|-1935.263812|nan|17.423476|-28.674190|-22.698175|-0.801986|-13.989414|-26.645417|-32.071345|-146.440561|-27.111193|-54.885118|-46.162109|-48.881699|-0.025264|nan|-116.832691
1416|-25.649921|-28.853190|-1981.367164|nan|17.500371|-28.800590|-37.905951|-0.826901|-9.758947|-27.658525|-29.774565|-147.806910|-24.160430|-53.332330|-46.162109|-35.159040|-0.024827|nan|-117.082866
1417|-5.683833|-29.599147|-2012.757115|0.967632|17.770350|-28.680154|2.723781|-0.826841|7.322131|-14.898031|-10.181753|-148.066601|-3.959055|-33.530093|-46.162109|-31.744135|-0.021828|nan|-117.089311
1418|14.064985|-30.093737|-2055.282404|21.231911|18.172517|-27.928714|-22.471193|-0.770435|20.576821|6.181567|9.384211|-147.569922|16.015339|-13.337680|-46.162109|-31.236496|-0.018862|nan|-117.114227
1419|27.003610|-29.516977|-2071.396881|nan|19.176461|-27.185114|-3.858690|-0.808232|34.780873|27.877106|22.129948|-146.902556|29.180280|0.655177|-46.162109|-30.820014|-0.016906|nan|-117.143383
1420|32.454345|-28.669073|-2097.481775|nan|19.538833|-26.279960|-14.299850|-0.773700|39.814824|20.370466|27.494981|-145.736971|34.854824|8.202800|-46.162109|-10.505267|-0.016063|nan|-117.297185
1421|27.021747|-28.262113|-2140.561149|nan|19.906408|-25.028716|-51.070893|-0.684686|28.114541|14.483859|22.107633|-144.210192|26.514244|4.855300|-46.162109|11.620433|-0.016839|-93187.305492|-117.441196
1422|17.060183|-28.450245|-2192.612071|23.946720|20.504797|-23.940703|-36.317079|-0.632142|21.794919|13.131978|12.168858|-143.553114|16.754029|-2.192963|-46.162109|21.815856|-0.018289|-20469.221977|-117.585207
1423|23.227148|-28.375890|-2226.947867|31.439827|20.414135|-22.999093|-17.477595|-0.632142|27.669517|10.495395|18.371248|-141.490775|23.109517|7.213762|-46.162109|23.166323|-0.017344|-20469.723076|-117.813691
1424|11.480511|-28.736089|-2250.011330|18.666403|20.772185|-22.246712|-44.488423|-0.599517|15.853151|3.169215|6.685531|-139.955453|11.533448|-0.705772|-46.162109|29.313717|-0.019063|-10773.872528|-118.061830
1425|9.283352|-28.990847|-2250.233820|nan|20.715667|-21.744167|-81.486447|-0.560340|15.249424|-15.777959|4.665990|-138.031993|9.490613|1.050784|-46.162109|38.532441|-0.019366|36093.709891|-118.366527
1426|12.769085|-29.208272|-2230.996184|nan|22.233932|-21.297333|-66.959615|-0.540507|18.561727|-24.614901|8.299810|-135.204854|13.122321|8.624742|-46.162109|45.509405|-0.018825|36095.064615|-118.779556
1427|10.811635|-29.119710|-2189.393470|nan|23.296673|-20.999739|-46.985221|-0.530972|18.345873|-6.027618|6.444451|-133.241711|11.306467|10.036850|-46.162109|45.527695|-0.019094|36096.419338|-119.400305
1428|25.664318|-28.618558|-2152.461767|nan|24.610551|-20.330680|-43.353513|-0.501738|29.086668|4.214451|21.423593|-131.111793|26.287262|29.291570|-46.162109|45.699311|-0.016868|36097.950771|-119.813334
1429|6.251786|-28.630264|-2111.183193|13.936022|25.363147|-19.976759|-91.473643|-0.442211|11.472625|-9.936585|2.232576|-129.147082|6.993814|14.077125|-46.162109|43.184161|-0.019732|36099.600000|-120.250022
1430|-2.043174|-28.501761|-2070.202083|nan|26.558408|-20.407786|-138.231883|-0.371955|8.981579|-30.606266|-5.617672|-126.432369|-1.177529|10.299773|-46.162109|35.000154|-0.020944|36101.308130|-120.710221
1431|-36.924495|-28.749948|-2017.072449|-28.347174|28.300084|-21.839522|-160.022132|-0.330973|-17.985737|-27.504070|-40.088732|-124.955746|-33.665737|-21.091144|-32.543204|34.530544|-0.026101|36102.545057|-121.023185
1432|-31.199595|-29.176940|-1970.859748|-21.932608|29.188992|-23.099747|-140.501701|-0.301174|-16.244211|-40.621989|-33.908355|-123.843744|-27.364211|-10.985404|-29.547987|34.478818|-0.025224|36103.428573|-121.161333
1433|-20.048408|-28.602851|-1914.204469|-10.625960|29.621026|-24.177314|-110.540111|-0.260359|-6.975421|-23.877477|-22.243572|-122.161264|-16.015124|3.286696|-29.547987|28.551227|-0.023538|36104.017583|-121.315135
1434|-25.927400|-28.187808|-1851.243181|-16.843293|31.831409|-24.706433|-130.287522|-0.259049|-16.569370|-14.362668|-27.501817|-119.821553|-19.529667|0.689769|-29.547987|28.344934|-0.024381|36104.312089|-121.468937
1435|-42.489985|-27.801744|-1792.416193|-33.456907|34.998659|-25.453749|-149.127007|-0.271162|-29.071759|-16.008781|-43.269345|-116.846724|-35.712353|-12.820441|-9.573593|28.038953|-0.026807|36104.312089|-121.597101
1436|-47.036514|-26.828701|-1731.222961|nan|38.093140|-26.514555|-133.465266|-0.279862|-31.304115|-2.052784|-46.960271|-114.380654|-39.545006|-14.754325|12.275243|27.812577|-0.027448|36104.017583|-121.665418
1437|-62.500338|-26.680056|-1690.676068|-52.979941|40.380102|-28.211142|-113.490873|-0.334896|-40.271892|-16.274450|-61.614016|-112.751463|-54.752783|-27.868159|22.400514|27.497209|-0.029707|36103.369672|-121.747226
1438|-44.835362|-26.320970|-1675.999566|-34.230266|41.902700|-29.346792|-83.529282|-0.333369|-27.861225|-7.933928|-43.140400|-111.158880|-36.741225|-7.847729|23.535423|27.577604|-0.027044|36102.603958|-121.811621
1439|-38.992493|-25.677203|-1699.353214|nan|43.373819|-30.521733|-76.265866|-0.333588|-19.412718|-18.232032|-36.512781|-109.053016|-30.372718|-0.457203|29.104876|27.658473|-0.026134|36101.661536|-121.876015
1440|-49.730183|-24.559561|-1731.364578|-39.350605|45.483589|-31.788016|-80.578520|-0.430999|-29.533582|-1.055545|-46.514196|-107.273478|-40.813879|-10.435321|29.104876|27.584907|-0.027685|36100.424615|-121.927446
1441|-49.138164|-23.589713|-1749.348530|nan|47.055393|-33.085100|-63.327908|-0.532645|-26.305655|-29.485714|-45.199287|-105.913971|-39.905952|-9.182382|29.104876|27.545435|-0.027551|36098.834286|-121.940367
1442|-53.323944|-23.127100|-1761.522863|-42.304878|48.393960|-34.189683|-66.732633|-0.565668|-29.683453|-17.554287|-48.670604|-105.658262|-43.764641|-13.670780|29.104876|27.379214|-0.028125|69499.869885|-121.930060
1443|-67.500691|-22.756118|-1780.158955|-55.880062|49.065935|-35.440761|-81.713429|-0.595271|-43.528747|-21.251984|-62.174310|-106.101286|-57.610528|-29.386620|29.104876|27.115960|-0.030183|69495.220219|-121.847615
1444|-58.755691|-21.623226|-1802.432325|-45.993537|49.556440|-36.532207|-73.315104|-0.615581|-34.689774|-22.926559|-52.723039|-106.193340|-46.451258|-22.795070|29.104876|27.087726|-0.028837|69490.457147|-121.688315
1445|-22.760095|-19.042834|-1847.440999|-9.919777|49.662109|-36.545365|-32.685372|-0.602154|-8.613585|-8.114180|-15.969614|-105.376144|-9.814179|11.962221|29.104876|27.551083|-0.021578|69486.147691|-121.610661
1446|0.775775|-16.231453|-1881.304799|14.196415|49.765600|-35.825268|-5.901525|-0.604270|11.059202|9.318905|8.357130|-104.379892|11.778905|34.903125|29.104876|28.085229|-0.016066|69482.065057|-121.581433
1447|6.609977|-13.603566|-1904.800130|19.118706|50.229650|-35.428801|20.428357|-0.605722|23.267709|7.731387|14.917240|-103.231873|17.907412|40.098878|29.104876|28.360653|-0.014966|69478.209227|-121.568880
1448|-9.321215|-11.645470|-1940.906980|3.443692|50.527893|-34.612203|24.741010|-0.605153|1.446561|7.266074|-0.407304|-102.476525|-1.594329|23.647241|29.104876|31.491304|-0.017293|69474.807032|-121.535412
1449|-3.219038|-9.370961|-1964.924610|10.759034|50.252696|-33.676213|44.261440|-0.634602|7.481160|13.653198|6.319195|-101.486051|4.761160|29.355691|29.104876|31.861715|-0.016349|69472.085277|-121.482289
1450|-2.767280|-7.024590|-2000.938942|10.500435|50.349365|-32.541133|50.616930|-0.608711|5.682403|9.122238|7.298981|-100.598967|5.122106|29.246740|29.104876|32.000778|-0.013309|69470.157367|-121.389238
1451|30.631357|-4.398992|-2047.860739|44.908972|50.080713|-30.169602|78.989648|-0.553958|31.114810|30.745166|41.211093|-98.849776|36.555404|63.477432|29.104876|32.572883|-0.003103|26926.021980|-121.091447
1452|57.248604|-1.968181|-2074.778625|71.769129|50.839570|-27.750076|96.013279|-0.480974|57.578359|48.405922|68.376398|-96.927435|63.339250|91.589074|29.104876|33.168759|0.002122|26925.934064|-120.547206
1453|67.085069|0.385230|-2064.568832|82.059360|51.260443|-25.368121|112.355964|-0.350710|69.245557|38.560256|78.631149|-95.283598|73.326447|103.255936|29.104876|34.253671|0.003605|26926.241760|-120.071489
1454|86.715152|3.115786|-2042.099213|101.781574|52.128499|-22.400872|120.527307|-0.231721|80.672374|56.116002|98.702657|-93.446775|92.273859|125.503213|29.104876|34.862866|0.006538|3231.243956|-119.559944
1455|121.602281|6.412374|-2025.689308|136.397531|54.141352|-18.164808|153.439661|-0.114025|105.226673|93.717970|134.041499|-90.782466|123.149048|164.786743|29.104876|35.773955|0.011728|-24774.245274|-119.067540
1456|120.888330|9.307576|-2008.453927|134.914071|56.507611|-14.261346|156.390424|-0.027075|107.905131|100.191436|133.719996|-87.980654|122.468103|168.114546|29.104876|36.294676|0.011625|-24776.267254|-118.544023
1457|125.650480|12.269695|-1996.396052|nan|58.910073|-10.650615|159.341186|0.079376|112.112046|86.982411|138.924681|-84.750348|127.234719|177.377512|29.104876|36.812023|0.012332|-24778.976702|-118.607013
1458|108.660903|14.839824|-1977.809861|nan|61.222070|-7.254486|157.298350|0.165775|92.929010|77.575447|122.350257|-82.219796|109.891088|164.460123|29.104876|37.012921|0.009804|-24782.050109|-118.646419
1459|113.739282|17.565493|-1893.353709|128.538535|63.877661|-3.285306|142.998501|0.242343|91.681716|86.015983|127.802258|-79.245817|110.724687|173.593296|29.104876|37.271966|0.010544|-27479.517362|-118.688467
