859|nan|nan|nan|nan|nan|nan|nan|nan|nan|nan|nan|nan|nan|nan|nan|nan|nan|nan|nan|nan|nan|nan|nan|nan|nan|nan|nan|nan|nan|nan|nan|nan|nan|nan|nan|nan|nan|nan|nan|nan|nan|nan|nan|nan|nan|nan|nan|nan|nan|nan
900|nan|nan|nan|nan|nan|nan|nan|nan|nan|nan|nan|nan|nan|nan|nan|nan|nan|nan|nan|nan|nan|nan|nan|nan|nan|nan|nan|nan|nan|nan|nan|nan|nan|nan|nan|nan|nan|nan|nan|nan|nan|nan|nan|nan|nan|nan|nan|nan|nan|nan
901|nan|nan|nan|nan|nan|nan|nan|nan|nan|nan|nan|nan|nan|nan|nan|nan|nan|nan|nan|nan|nan|nan|nan|nan|nan|nan|nan|nan|nan|nan|nan|nan|nan|nan|nan|nan|nan|nan|nan|nan|nan|nan|nan|nan|nan|nan|nan|nan|nan|nan
902|nan|nan|nan|nan|nan|nan|nan|nan|nan|nan|nan|nan|nan|nan|nan|nan|nan|nan|nan|nan|nan|nan|nan|nan|nan|nan|nan|nan|nan|nan|nan|nan|nan|nan|nan|nan|nan|nan|nan|nan|nan|nan|nan|nan|nan|nan|nan|nan|nan|nan
903|nan|nan|nan|nan|nan|nan|nan|nan|nan|nan|nan|nan|nan|nan|nan|nan|nan|nan|nan|nan|nan|nan|nan|nan|nan|nan|nan|nan|nan|nan|nan|nan|nan|nan|nan|nan|nan|nan|nan|nan|nan|nan|nan|nan|nan|nan|nan|nan|nan|nan
904|nan|nan|nan|nan|nan|nan|nan|nan|nan|nan|nan|nan|nan|nan|nan|nan|nan|nan|nan|nan|nan|nan|nan|nan|nan|nan|nan|nan|nan|nan|nan|nan|nan|nan|nan|nan|nan|nan|nan|nan|nan|nan|nan|nan|nan|nan|nan|nan|nan|nan
905|nan|nan|nan|nan|nan|nan|nan|nan|nan|nan|nan|nan|nan|nan|nan|nan|nan|nan|nan|nan|nan|nan|nan|nan|nan|nan|nan|nan|nan|nan|nan|nan|nan|nan|nan|nan|nan|nan|nan|nan|nan|nan|nan|nan|nan|nan|nan|nan|nan|nan
906|nan|nan|nan|nan|nan|nan|nan|nan|nan|nan|nan|nan|nan|nan|nan|nan|nan|nan|nan|nan|nan|nan|nan|nan|nan|nan|nan|nan|nan|nan|nan|nan|nan|nan|nan|nan|nan|nan|nan|nan|nan|nan|nan|nan|nan|nan|nan|nan|nan|nan
907|nan|nan|nan|nan|nan|nan|nan|nan|nan|nan|nan|nan|nan|nan|nan|nan|nan|nan|nan|nan|nan|nan|nan|nan|nan|nan|nan|nan|nan|nan|nan|nan|nan|nan|nan|nan|nan|nan|nan|nan|nan|nan|nan|nan|nan|nan|nan|nan|nan|nan
908|nan|nan|nan|nan|nan|nan|nan|nan|nan|nan|nan|nan|nan|nan|nan|nan|nan|nan|nan|nan|nan|nan|nan|nan|nan|nan|nan|nan|nan|nan|nan|nan|nan|nan|nan|nan|nan|nan|nan|nan|nan|nan|nan|nan|nan|nan|nan|nan|nan|nan
909|nan|nan|nan|nan|nan|nan|nan|nan|nan|nan|nan|nan|nan|nan|nan|nan|nan|nan|nan|nan|nan|nan|nan|nan|nan|nan|nan|nan|nan|nan|nan|nan|nan|nan|nan|nan|nan|nan|nan|nan|nan|nan|nan|nan|nan|nan|nan|nan|nan|nan
910|nan|nan|nan|nan|nan|nan|nan|nan|nan|nan|nan|nan|nan|nan|nan|nan|nan|nan|nan|nan|nan|nan|nan|nan|nan|nan|nan|nan|nan|nan|nan|nan|nan|nan|nan|nan|nan|nan|nan|nan|nan|nan|nan|nan|nan|nan|nan|nan|nan|nan
911|nan|nan|nan|nan|nan|nan|nan|nan|nan|nan|nan|nan|nan|nan|nan|nan|nan|nan|nan|nan|nan|nan|nan|nan|nan|nan|nan|nan|nan|nan|nan|nan|nan|nan|nan|nan|nan|nan|nan|nan|nan|nan|nan|nan|nan|nan|nan|nan|nan|nan
912|nan|nan|nan|nan|nan|nan|nan|nan|nan|nan|nan|nan|nan|nan|nan|nan|nan|nan|nan|nan|nan|nan|nan|nan|nan|nan|nan|nan|nan|nan|nan|nan|nan|nan|nan|nan|nan|nan|nan|nan|nan|nan|nan|nan|nan|nan|nan|nan|nan|nan
913|nan|nan|nan|nan|nan|nan|nan|nan|nan|nan|nan|nan|nan|nan|nan|nan|nan|nan|nan|nan|nan|nan|nan|nan|nan|nan|nan|nan|nan|nan|nan|nan|nan|nan|nan|nan|nan|nan|nan|nan|nan|nan|nan|nan|nan|nan|nan|nan|nan|nan
914|nan|nan|nan|nan|nan|nan|nan|nan|nan|nan|nan|nan|nan|nan|nan|nan|nan|nan|nan|nan|nan|nan|nan|nan|nan|nan|nan|nan|nan|nan|nan|nan|nan|nan|nan|nan|nan|nan|nan|nan|nan|nan|nan|nan|nan|nan|nan|nan|nan|nan
915|nan|nan|nan|nan|nan|nan|nan|nan|nan|nan|nan|nan|nan|nan|nan|nan|nan|nan|nan|nan|nan|nan|nan|nan|nan|nan|nan|nan|nan|nan|nan|nan|nan|nan|nan|nan|nan|nan|nan|nan|nan|nan|nan|nan|nan|nan|nan|nan|nan|nan
916|nan|nan|nan|nan|nan|nan|nan|nan|nan|nan|nan|nan|nan|nan|nan|nan|nan|nan|nan|nan|nan|nan|nan|nan|nan|nan|nan|nan|nan|nan|nan|nan|nan|nan|nan|nan|nan|nan|nan|nan|nan|nan|nan|nan|nan|nan|nan|nan|nan|nan
917|nan|nan|nan|nan|nan|nan|nan|nan|nan|nan|nan|nan|nan|nan|nan|nan|nan|nan|nan|nan|nan|nan|nan|nan|nan|nan|nan|nan|nan|nan|nan|nan|nan|nan|nan|nan|nan|nan|nan|nan|nan|nan|nan|nan|nan|nan|nan|nan|nan|nan
918|nan|nan|nan|nan|nan|nan|nan|nan|nan|nan|nan|nan|nan|nan|nan|nan|nan|nan|nan|nan|nan|nan|nan|nan|nan|nan|nan|nan|nan|nan|nan|nan|nan|nan|nan|nan|nan|nan|nan|nan|nan|nan|nan|nan|nan|nan|nan|nan|nan|nan
919|nan|nan|nan|nan|nan|nan|nan|nan|nan|nan|nan|nan|nan|nan|nan|nan|nan|nan|nan|nan|nan|nan|nan|nan|nan|nan|nan|nan|nan|nan|nan|nan|nan|nan|nan|nan|nan|nan|nan|nan|nan|nan|nan|nan|nan|nan|nan|nan|nan|nan
920|nan|nan|nan|nan|nan|nan|nan|nan|nan|nan|nan|nan|nan|nan|nan|nan|nan|nan|nan|nan|nan|nan|nan|nan|nan|nan|nan|nan|nan|nan|nan|nan|nan|nan|nan|nan|nan|nan|nan|nan|nan|nan|nan|nan|nan|nan|nan|nan|nan|nan
921|nan|nan|nan|nan|nan|nan|nan|nan|nan|nan|nan|nan|nan|nan|nan|nan|nan|nan|nan|nan|nan|nan|nan|nan|nan|nan|nan|nan|nan|nan|nan|nan|nan|nan|nan|nan|nan|nan|nan|nan|nan|nan|nan|nan|nan|nan|nan|nan|nan|nan
922|nan|nan|nan|nan|nan|nan|nan|nan|nan|nan|nan|nan|nan|nan|nan|nan|nan|nan|nan|nan|nan|nan|nan|nan|nan|nan|nan|nan|nan|nan|nan|nan|nan|nan|nan|nan|nan|nan|nan|nan|nan|nan|nan|nan|nan|nan|nan|nan|nan|nan
923|nan|nan|nan|nan|nan|nan|nan|nan|nan|nan|nan|nan|nan|nan|nan|nan|nan|nan|nan|nan|nan|nan|nan|nan|nan|nan|nan|nan|nan|nan|nan|nan|nan|nan|nan|nan|nan|nan|nan|nan|nan|nan|nan|nan|nan|nan|nan|nan|nan|nan
924|nan|nan|nan|nan|nan|nan|nan|nan|nan|nan|nan|nan|nan|nan|nan|nan|nan|nan|nan|nan|nan|nan|nan|nan|nan|nan|nan|nan|nan|nan|nan|nan|nan|nan|nan|nan|nan|nan|nan|nan|nan|nan|nan|nan|nan|nan|nan|nan|nan|nan
925|nan|nan|nan|nan|nan|nan|nan|nan|nan|nan|nan|nan|nan|nan|nan|nan|nan|nan|nan|nan|nan|nan|nan|nan|nan|nan|nan|nan|nan|nan|nan|nan|nan|nan|nan|nan|nan|nan|nan|nan|nan|nan|nan|nan|nan|nan|nan|nan|nan|nan
926|nan|nan|nan|nan|nan|nan|nan|nan|nan|nan|nan|nan|nan|nan|nan|nan|nan|nan|nan|nan|nan|nan|nan|nan|nan|nan|nan|nan|nan|nan|nan|nan|nan|nan|nan|nan|nan|nan|nan|nan|nan|nan|nan|nan|nan|nan|nan|nan|nan|nan
927|nan|nan|nan|nan|nan|nan|nan|nan|nan|nan|nan|nan|nan|nan|nan|nan|nan|nan|nan|nan|nan|nan|nan|nan|nan|nan|nan|nan|nan|nan|nan|nan|nan|nan|nan|nan|nan|nan|nan|nan|nan|nan|nan|nan|nan|nan|nan|nan|nan|nan
928|nan|nan|nan|nan|nan|nan|nan|nan|nan|nan|nan|nan|nan|nan|nan|nan|nan|nan|nan|nan|nan|nan|nan|nan|nan|nan|nan|nan|nan|nan|nan|nan|nan|nan|nan|nan|nan|nan|nan|nan|nan|nan|nan|nan|nan|nan|nan|nan|nan|nan
929|nan|nan|nan|nan|nan|nan|nan|nan|nan|nan|nan|nan|nan|nan|nan|nan|nan|nan|nan|nan|nan|nan|nan|nan|nan|nan|nan|nan|nan|nan|nan|nan|nan|nan|nan|nan|nan|nan|nan|nan|nan|nan|nan|nan|nan|nan|nan|nan|nan|nan
930|nan|nan|nan|nan|nan|nan|nan|nan|nan|nan|nan|nan|nan|nan|nan|nan|nan|nan|nan|nan|nan|nan|nan|nan|nan|nan|nan|nan|nan|nan|nan|nan|nan|nan|nan|nan|nan|nan|nan|nan|nan|nan|nan|nan|nan|nan|nan|nan|nan|nan
931|nan|nan|nan|nan|nan|nan|nan|nan|nan|nan|nan|nan|nan|nan|nan|nan|nan|nan|nan|nan|nan|nan|nan|nan|nan|nan|nan|nan|nan|nan|nan|nan|nan|nan|nan|nan|nan|nan|nan|nan|nan|nan|nan|nan|nan|nan|nan|nan|nan|nan
932|nan|nan|nan|nan|nan|nan|nan|nan|nan|nan|nan|nan|nan|nan|nan|nan|nan|nan|nan|nan|nan|nan|nan|nan|nan|nan|nan|nan|nan|nan|nan|nan|nan|nan|nan|nan|nan|nan|nan|nan|nan|nan|nan|nan|nan|nan|nan|nan|nan|nan
933|nan|nan|nan|nan|nan|nan|nan|nan|nan|nan|nan|nan|nan|nan|nan|nan|nan|nan|nan|nan|nan|nan|nan|nan|nan|nan|nan|nan|nan|nan|nan|nan|nan|nan|nan|nan|nan|nan|nan|nan|nan|nan|nan|nan|nan|nan|nan|nan|nan|nan
934|nan|nan|nan|nan|nan|nan|nan|nan|nan|nan|nan|nan|nan|nan|nan|nan|nan|nan|nan|nan|nan|nan|nan|nan|nan|nan|nan|nan|nan|nan|nan|nan|nan|nan|nan|nan|nan|nan|nan|nan|nan|nan|nan|nan|nan|nan|nan|nan|nan|nan
935|nan|nan|nan|nan|nan|nan|nan|nan|nan|nan|nan|nan|nan|nan|nan|nan|nan|nan|nan|nan|nan|nan|nan|nan|nan|nan|nan|nan|nan|nan|nan|nan|nan|nan|nan|nan|nan|nan|nan|nan|nan|nan|nan|nan|nan|nan|nan|nan|nan|nan
936|nan|nan|nan|nan|nan|nan|nan|nan|nan|nan|nan|nan|nan|nan|nan|nan|nan|nan|nan|nan|nan|nan|nan|nan|nan|nan|nan|nan|nan|nan|nan|nan|nan|nan|nan|nan|nan|nan|nan|nan|nan|nan|nan|nan|nan|nan|nan|nan|nan|nan
937|nan|nan|nan|nan|nan|nan|nan|nan|nan|nan|nan|nan|nan|nan|nan|nan|nan|nan|nan|nan|nan|nan|nan|nan|nan|nan|nan|nan|nan|nan|nan|nan|nan|nan|nan|nan|nan|nan|nan|nan|nan|nan|nan|nan|nan|nan|nan|nan|nan|nan
938|nan|nan|nan|nan|nan|nan|nan|nan|nan|nan|nan|nan|nan|nan|nan|nan|nan|nan|nan|nan|nan|nan|nan|nan|nan|nan|nan|nan|nan|nan|nan|nan|nan|nan|nan|nan|nan|nan|nan|nan|nan|nan|nan|nan|nan|nan|nan|nan|nan|nan
939|nan|nan|nan|nan|nan|nan|nan|nan|nan|nan|nan|nan|nan|nan|nan|nan|nan|nan|nan|nan|nan|nan|nan|nan|nan|nan|nan|nan|nan|nan|nan|nan|nan|nan|nan|nan|nan|nan|nan|nan|nan|nan|nan|nan|nan|nan|nan|nan|nan|nan
940|nan|nan|nan|nan|nan|nan|nan|nan|nan|nan|nan|nan|nan|nan|nan|nan|nan|nan|nan|nan|nan|nan|nan|nan|nan|nan|nan|nan|nan|nan|nan|nan|nan|nan|nan|nan|nan|nan|nan|nan|nan|nan|nan|nan|nan|nan|nan|nan|nan|nan
941|nan|nan|nan|nan|nan|nan|nan|nan|nan|nan|nan|nan|nan|nan|nan|nan|nan|nan|nan|nan|nan|nan|nan|nan|nan|nan|nan|nan|nan|nan|nan|nan|nan|nan|nan|nan|nan|nan|nan|nan|nan|nan|nan|nan|nan|nan|nan|nan|nan|nan
942|nan|nan|nan|nan|nan|nan|nan|nan|nan|nan|nan|nan|nan|nan|nan|nan|nan|nan|nan|nan|nan|nan|nan|nan|nan|nan|nan|nan|nan|nan|nan|nan|nan|nan|nan|nan|nan|nan|nan|nan|nan|nan|nan|nan|nan|nan|nan|nan|nan|nan
943|nan|nan|nan|nan|nan|nan|nan|nan|nan|nan|nan|nan|nan|nan|nan|nan|nan|nan|nan|nan|nan|nan|nan|nan|nan|nan|nan|nan|nan|nan|nan|nan|nan|nan|nan|nan|nan|nan|nan|nan|nan|nan|nan|nan|nan|nan|nan|nan|nan|nan
944|nan|nan|nan|nan|nan|nan|nan|nan|nan|nan|nan|nan|nan|nan|nan|nan|nan|nan|nan|nan|nan|nan|nan|nan|nan|nan|nan|nan|nan|nan|nan|nan|nan|nan|nan|nan|nan|nan|nan|nan|nan|nan|nan|nan|nan|nan|nan|nan|nan|nan
945|nan|nan|nan|nan|nan|nan|nan|nan|nan|nan|nan|nan|nan|nan|nan|nan|nan|nan|nan|nan|nan|nan|nan|nan|nan|nan|nan|nan|nan|nan|nan|nan|nan|nan|nan|nan|nan|nan|nan|nan|nan|nan|nan|nan|nan|nan|nan|nan|nan|nan
946|nan|nan|nan|nan|nan|nan|nan|nan|nan|nan|nan|nan|nan|nan|nan|nan|nan|nan|nan|nan|nan|nan|nan|nan|nan|nan|nan|nan|nan|nan|nan|nan|nan|nan|nan|nan|nan|nan|nan|nan|nan|nan|nan|nan|nan|nan|nan|nan|nan|nan
947|nan|nan|nan|nan|nan|nan|nan|nan|nan|nan|nan|nan|nan|nan|nan|nan|nan|nan|nan|nan|nan|nan|nan|nan|nan|nan|nan|nan|nan|nan|nan|nan|nan|nan|nan|nan|nan|nan|nan|nan|nan|nan|nan|nan|nan|nan|nan|nan|nan|nan
948|nan|nan|nan|nan|nan|nan|nan|nan|nan|nan|nan|nan|nan|nan|nan|nan|nan|nan|nan|nan|nan|nan|nan|nan|nan|nan|nan|nan|nan|nan|nan|nan|nan|nan|nan|nan|nan|nan|nan|nan|nan|nan|nan|nan|nan|nan|nan|nan|nan|nan
949|nan|nan|nan|nan|nan|nan|nan|nan|nan|nan|nan|nan|nan|nan|nan|nan|nan|nan|nan|nan|nan|nan|nan|nan|nan|nan|nan|nan|nan|nan|nan|nan|nan|nan|nan|nan|nan|nan|nan|nan|nan|nan|nan|nan|nan|nan|nan|nan|nan|nan
950|nan|nan|nan|nan|nan|nan|nan|nan|nan|nan|nan|nan|nan|nan|nan|nan|nan|nan|nan|nan|nan|nan|nan|nan|nan|nan|nan|nan|nan|nan|nan|nan|nan|nan|nan|nan|nan|nan|nan|nan|nan|nan|nan|nan|nan|nan|nan|nan|nan|nan
951|nan|nan|nan|nan|nan|nan|nan|nan|nan|nan|nan|nan|nan|nan|nan|nan|nan|nan|nan|nan|nan|nan|nan|nan|nan|nan|nan|nan|nan|nan|nan|nan|nan|nan|nan|nan|nan|nan|nan|nan|nan|nan|nan|nan|nan|nan|nan|nan|nan|nan
952|nan|nan|nan|nan|nan|nan|nan|nan|nan|nan|nan|nan|nan|nan|nan|nan|nan|nan|nan|nan|nan|nan|nan|nan|nan|nan|nan|nan|nan|nan|nan|nan|nan|nan|nan|nan|nan|nan|nan|nan|nan|nan|nan|nan|nan|nan|nan|nan|nan|nan
953|nan|nan|nan|nan|nan|nan|nan|nan|nan|nan|nan|nan|nan|nan|nan|nan|nan|nan|nan|nan|nan|nan|nan|nan|nan|nan|nan|nan|nan|nan|nan|nan|nan|nan|nan|nan|nan|nan|nan|nan|nan|nan|nan|nan|nan|nan|nan|nan|nan|nan
954|nan|nan|nan|nan|nan|nan|nan|nan|nan|nan|nan|nan|nan|nan|nan|nan|nan|nan|nan|nan|nan|nan|nan|nan|nan|nan|nan|nan|nan|nan|nan|nan|nan|nan|nan|nan|nan|nan|nan|nan|nan|nan|nan|nan|nan|nan|nan|nan|nan|nan
955|nan|nan|nan|nan|nan|nan|nan|nan|nan|nan|nan|nan|nan|nan|nan|nan|nan|nan|nan|nan|nan|nan|nan|nan|nan|nan|nan|nan|nan|nan|nan|nan|nan|nan|nan|nan|nan|nan|nan|nan|nan|nan|nan|nan|nan|nan|nan|nan|nan|nan
956|nan|nan|nan|nan|nan|nan|nan|nan|nan|nan|nan|nan|nan|nan|nan|nan|nan|nan|nan|nan|nan|nan|nan|nan|nan|nan|nan|nan|nan|nan|nan|nan|nan|nan|nan|nan|nan|nan|nan|nan|nan|nan|nan|nan|nan|nan|nan|nan|nan|nan
957|nan|nan|nan|nan|nan|nan|nan|nan|nan|nan|nan|nan|nan|nan|nan|nan|nan|nan|nan|nan|nan|nan|nan|nan|nan|nan|nan|nan|nan|nan|nan|nan|nan|nan|nan|nan|nan|nan|nan|nan|nan|nan|nan|nan|nan|nan|nan|nan|nan|nan
958|nan|nan|nan|nan|nan|nan|nan|nan|nan|nan|nan|nan|nan|nan|nan|nan|nan|nan|nan|nan|nan|nan|nan|nan|nan|nan|nan|nan|nan|nan|nan|nan|nan|nan|nan|nan|nan|nan|nan|nan|nan|nan|nan|nan|nan|nan|nan|nan|nan|nan
959|nan|nan|nan|nan|nan|nan|nan|nan|nan|nan|nan|nan|nan|nan|nan|nan|nan|nan|nan|nan|nan|nan|nan|nan|nan|nan|nan|nan|nan|nan|nan|nan|nan|nan|nan|nan|nan|nan|nan|nan|nan|nan|nan|nan|nan|nan|nan|nan|nan|nan
1000|nan|nan|nan|nan|nan|nan|nan|nan|nan|nan|nan|nan|nan|nan|nan|nan|nan|nan|nan|nan|nan|nan|nan|nan|nan|nan|nan|nan|nan|nan|nan|nan|nan|nan|nan|nan|nan|nan|nan|nan|nan|nan|nan|nan|nan|nan|nan|nan|nan|nan
1001|nan|nan|nan|nan|nan|nan|nan|nan|nan|nan|nan|nan|nan|nan|nan|nan|nan|nan|nan|nan|nan|nan|nan|nan|nan|nan|nan|nan|nan|nan|nan|nan|nan|nan|nan|nan|nan|nan|nan|nan|nan|nan|nan|nan|nan|nan|nan|nan|nan|nan
1002|nan|nan|nan|nan|nan|nan|nan|nan|nan|nan|nan|nan|nan|nan|nan|nan|nan|nan|nan|nan|nan|nan|nan|nan|nan|nan|nan|nan|nan|nan|nan|nan|nan|nan|nan|nan|nan|nan|nan|nan|nan|nan|nan|nan|nan|nan|nan|nan|nan|nan
1003|nan|nan|nan|nan|nan|nan|nan|nan|nan|nan|nan|nan|nan|nan|nan|nan|nan|nan|nan|nan|nan|nan|nan|nan|nan|nan|nan|nan|nan|nan|nan|nan|nan|nan|nan|nan|nan|nan|nan|nan|nan|nan|nan|nan|nan|nan|nan|nan|nan|nan
1004|nan|nan|nan|nan|nan|nan|nan|nan|nan|nan|nan|nan|nan|nan|nan|nan|nan|nan|nan|nan|nan|nan|nan|nan|nan|nan|nan|nan|nan|nan|nan|nan|nan|nan|nan|nan|nan|nan|nan|nan|nan|nan|nan|nan|nan|nan|nan|nan|nan|nan
1005|nan|nan|nan|nan|nan|nan|nan|nan|nan|nan|nan|nan|nan|nan|nan|nan|nan|nan|nan|nan|nan|nan|nan|nan|nan|nan|nan|nan|nan|nan|nan|nan|nan|nan|nan|nan|nan|nan|nan|nan|nan|nan|nan|nan|nan|nan|nan|nan|nan|nan
1006|nan|nan|nan|nan|nan|nan|nan|nan|nan|nan|nan|nan|nan|nan|nan|nan|nan|nan|nan|nan|nan|nan|nan|nan|nan|nan|nan|nan|nan|nan|nan|nan|nan|nan|nan|nan|nan|nan|nan|nan|nan|nan|nan|nan|nan|nan|nan|nan|nan|nan
1007|nan|nan|nan|nan|nan|nan|nan|nan|nan|nan|nan|nan|nan|nan|nan|nan|nan|nan|nan|nan|nan|nan|nan|nan|nan|nan|nan|nan|nan|nan|nan|nan|nan|nan|nan|nan|nan|nan|nan|nan|nan|nan|nan|nan|nan|nan|nan|nan|nan|nan
1008|nan|nan|nan|nan|nan|nan|nan|nan|nan|nan|nan|nan|nan|nan|nan|nan|nan|nan|nan|nan|nan|nan|nan|nan|nan|nan|nan|nan|nan|nan|nan|nan|nan|nan|nan|nan|nan|nan|nan|nan|nan|nan|nan|nan|nan|nan|nan|nan|nan|nan
1009|nan|nan|nan|nan|nan|nan|nan|nan|nan|nan|nan|nan|nan|nan|nan|nan|nan|nan|nan|nan|nan|nan|nan|nan|nan|nan|nan|nan|nan|nan|nan|nan|nan|nan|nan|nan|nan|nan|nan|nan|nan|nan|nan|nan|nan|nan|nan|nan|nan|nan
1010|nan|nan|nan|nan|nan|nan|nan|nan|nan|nan|nan|nan|nan|nan|nan|nan|nan|nan|nan|nan|nan|nan|nan|nan|nan|nan|nan|nan|nan|nan|nan|nan|nan|nan|nan|nan|nan|nan|nan|nan|nan|nan|nan|nan|nan|nan|nan|nan|nan|nan
1011|nan|nan|nan|nan|nan|nan|nan|nan|nan|nan|nan|nan|nan|nan|nan|nan|nan|nan|nan|nan|nan|nan|nan|nan|nan|nan|nan|nan|nan|nan|nan|nan|nan|nan|nan|nan|nan|nan|nan|nan|nan|nan|nan|nan|nan|nan|nan|nan|nan|nan
1012|nan|nan|nan|nan|nan|nan|nan|nan|nan|nan|nan|nan|nan|nan|nan|nan|nan|nan|nan|nan|nan|nan|nan|nan|nan|nan|nan|nan|nan|nan|nan|nan|nan|nan|nan|nan|nan|nan|nan|nan|nan|nan|nan|nan|nan|nan|nan|nan|nan|nan
1013|nan|nan|nan|nan|nan|nan|nan|nan|nan|nan|nan|nan|nan|nan|nan|nan|nan|nan|nan|nan|nan|nan|nan|nan|nan|nan|nan|nan|nan|0.000000|nan|nan|nan|nan|nan|nan|nan|nan|nan|nan|nan|nan|nan|nan|nan|nan|nan|nan|nan|nan
1014|nan|nan|nan|nan|nan|nan|nan|nan|nan|nan|nan|nan|nan|nan|nan|nan|nan|nan|nan|nan|nan|nan|nan|nan|nan|nan|nan|nan|nan|201.507840|nan|nan|nan|nan|nan|nan|nan|nan|nan|nan|nan|nan|nan|nan|nan|nan|nan|nan|nan|nan
1030|nan|nan|nan|nan|nan|nan|nan|nan|nan|nan|nan|nan|nan|nan|nan|nan|nan|nan|nan|nan|nan|nan|nan|nan|nan|nan|nan|nan|nan|336.022407|nan|nan|nan|nan|nan|nan|nan|nan|nan|nan|nan|nan|nan|nan|nan|nan|nan|nan|nan|nan
1031|nan|nan|nan|nan|nan|nan|nan|nan|nan|nan|nan|nan|nan|nan|nan|nan|nan|nan|nan|nan|nan|nan|nan|nan|nan|nan|nan|nan|nan|238.108264|nan|nan|nan|nan|nan|nan|nan|nan|nan|nan|nan|nan|nan|nan|nan|nan|nan|nan|nan|nan
1032|nan|nan|nan|nan|nan|nan|nan|nan|nan|nan|nan|nan|nan|nan|nan|nan|nan|nan|nan|nan|nan|nan|nan|nan|nan|nan|nan|nan|nan|37.904693|nan|nan|nan|nan|nan|nan|nan|nan|nan|nan|nan|nan|nan|nan|nan|nan|nan|nan|nan|nan
1033|nan|nan|nan|nan|nan|nan|nan|nan|nan|nan|nan|nan|nan|nan|nan|nan|nan|nan|nan|nan|nan|nan|nan|nan|nan|nan|nan|nan|nan|40.473619|nan|nan|nan|nan|nan|nan|nan|nan|nan|nan|nan|nan|nan|nan|nan|nan|nan|nan|nan|nan
1034|nan|nan|nan|nan|nan|nan|nan|nan|nan|nan|nan|nan|nan|nan|nan|nan|nan|nan|nan|nan|nan|nan|nan|nan|nan|nan|nan|nan|nan|34.691673|nan|nan|nan|nan|nan|nan|nan|nan|nan|nan|nan|nan|nan|nan|nan|nan|nan|nan|nan|nan
1035|nan|nan|nan|nan|nan|nan|nan|nan|nan|nan|nan|nan|nan|nan|nan|nan|nan|nan|nan|nan|nan|nan|nan|nan|nan|nan|nan|nan|nan|43.903220|nan|nan|nan|nan|nan|nan|nan|nan|nan|nan|nan|nan|nan|nan|nan|nan|nan|nan|nan|nan
1036|nan|nan|nan|nan|nan|nan|nan|nan|nan|nan|nan|nan|nan|nan|nan|nan|nan|nan|nan|nan|nan|nan|nan|nan|nan|nan|nan|nan|nan|30.778109|nan|nan|nan|nan|nan|nan|nan|nan|nan|nan|nan|nan|nan|nan|nan|nan|nan|nan|nan|nan
1037|nan|nan|nan|nan|nan|nan|nan|nan|nan|nan|nan|nan|nan|nan|nan|nan|nan|nan|nan|nan|nan|nan|nan|nan|nan|nan|nan|nan|nan|35.387587|nan|nan|nan|nan|nan|nan|nan|nan|nan|nan|nan|nan|nan|nan|nan|nan|nan|nan|nan|nan
1038|nan|nan|nan|nan|nan|nan|nan|nan|nan|nan|nan|nan|nan|nan|nan|nan|nan|nan|nan|nan|nan|nan|nan|nan|nan|nan|nan|nan|nan|30.357339|nan|nan|nan|nan|nan|nan|nan|nan|nan|nan|nan|nan|nan|nan|nan|nan|nan|nan|nan|nan
1039|nan|nan|nan|nan|nan|nan|nan|nan|nan|nan|nan|nan|nan|nan|nan|nan|nan|nan|nan|nan|nan|nan|nan|nan|nan|nan|nan|nan|nan|27.827561|nan|nan|nan|nan|nan|nan|nan|nan|nan|nan|nan|nan|nan|nan|nan|nan|nan|nan|nan|nan
1040|nan|nan|nan|nan|nan|nan|nan|nan|nan|nan|nan|nan|nan|nan|nan|nan|nan|nan|nan|nan|nan|nan|nan|nan|nan|nan|nan|nan|nan|25.686980|nan|nan|nan|nan|nan|nan|nan|nan|nan|nan|nan|nan|nan|nan|nan|nan|nan|nan|nan|nan
1041|nan|nan|nan|nan|nan|nan|nan|nan|nan|nan|nan|nan|nan|nan|nan|nan|nan|nan|nan|nan|nan|nan|nan|nan|nan|nan|nan|nan|nan|20.689163|nan|nan|nan|nan|nan|nan|nan|nan|nan|nan|nan|nan|nan|nan|nan|nan|nan|nan|nan|nan
1042|nan|nan|nan|nan|nan|nan|nan|nan|nan|nan|nan|nan|nan|nan|nan|nan|nan|nan|nan|nan|nan|nan|nan|nan|nan|nan|nan|nan|nan|1.090471|nan|nan|nan|nan|nan|nan|nan|nan|nan|nan|nan|nan|nan|nan|nan|nan|nan|nan|nan|nan
1043|nan|nan|nan|nan|nan|nan|nan|nan|nan|nan|nan|nan|nan|nan|nan|nan|nan|nan|nan|nan|nan|nan|nan|nan|nan|nan|nan|nan|nan|3.940173|nan|0.285508|nan|nan|nan|-4342.256722|nan|nan|nan|nan|-885071.090047|nan|nan|7.777899|nan|-7.497532|nan|0.532325|nan|nan
1044|nan|nan|nan|nan|nan|nan|nan|nan|nan|nan|nan|nan|nan|nan|nan|nan|nan|nan|nan|nan|nan|nan|nan|nan|nan|nan|nan|nan|nan|3.708398|nan|0.285508|nan|nan|nan|-4341.683638|nan|nan|nan|nan|-885071.090047|nan|nan|7.815319|nan|-7.497532|nan|0.532325|nan|nan
1045|nan|nan|nan|nan|nan|nan|nan|nan|nan|nan|nan|nan|nan|nan|nan|nan|nan|nan|nan|nan|nan|nan|nan|nan|nan|nan|nan|nan|nan|7.565741|nan|0.285508|nan|nan|nan|-4342.150684|nan|nan|nan|nan|-885071.090047|nan|nan|7.855541|nan|-7.497532|nan|0.532325|nan|nan
1046|nan|nan|nan|nan|nan|nan|nan|nan|nan|nan|nan|nan|nan|nan|nan|nan|nan|nan|nan|nan|nan|nan|nan|nan|nan|nan|nan|nan|nan|4.551024|nan|0.285508|nan|nan|nan|-4342.622539|nan|nan|nan|nan|-885071.090047|nan|nan|7.891552|nan|-7.497532|nan|0.532325|nan|nan
1047|nan|nan|nan|nan|nan|nan|nan|nan|nan|nan|nan|nan|nan|nan|nan|nan|nan|nan|nan|nan|nan|nan|nan|nan|nan|nan|nan|nan|nan|4.323473|nan|0.285508|nan|nan|nan|-4341.711039|nan|nan|nan|nan|-885071.090047|nan|nan|7.925491|nan|-7.497532|nan|0.532325|nan|nan
1048|nan|nan|nan|nan|nan|nan|nan|nan|nan|nan|nan|nan|nan|nan|nan|nan|nan|nan|nan|nan|nan|nan|nan|nan|nan|nan|nan|nan|nan|11.473205|nan|0.285508|nan|nan|nan|-4342.085643|nan|nan|nan|nan|-885071.090047|nan|nan|7.965204|nan|-7.497532|nan|0.532325|nan|nan
1049|nan|nan|nan|nan|nan|nan|nan|nan|nan|nan|nan|nan|nan|nan|nan|nan|nan|nan|nan|nan|nan|nan|nan|nan|nan|nan|nan|nan|nan|9.761911|nan|0.285508|nan|nan|nan|-4342.038766|nan|nan|nan|nan|-885071.090047|nan|nan|8.007809|nan|-7.497532|nan|0.532325|nan|nan
1050|nan|nan|nan|nan|nan|nan|nan|nan|nan|nan|nan|nan|nan|nan|nan|nan|nan|nan|nan|nan|nan|nan|nan|nan|nan|nan|nan|nan|nan|9.337480|nan|0.285508|nan|nan|nan|-4342.106991|nan|nan|nan|nan|-885071.090047|nan|nan|8.052396|nan|-7.497532|nan|0.532325|nan|nan
1051|nan|nan|nan|nan|nan|nan|nan|nan|nan|nan|nan|nan|nan|nan|nan|nan|nan|nan|nan|nan|nan|nan|nan|nan|nan|nan|nan|nan|nan|19.060055|nan|0.285508|nan|nan|nan|-4341.686220|nan|nan|nan|nan|-885071.090047|nan|nan|8.096242|nan|-7.497532|nan|0.532325|nan|nan
1052|nan|nan|nan|nan|nan|nan|nan|nan|nan|nan|nan|nan|nan|nan|nan|nan|nan|nan|nan|nan|nan|nan|nan|nan|nan|nan|nan|nan|nan|-7.836218|nan|0.285508|nan|nan|nan|-4344.006323|nan|nan|nan|nan|-885071.090047|nan|nan|8.135482|nan|-7.497532|nan|0.532325|nan|nan
1053|nan|nan|nan|nan|nan|nan|nan|nan|nan|nan|nan|nan|nan|nan|nan|nan|nan|nan|nan|nan|nan|nan|nan|nan|nan|nan|nan|nan|nan|-4.377602|nan|0.285508|nan|nan|nan|-4341.921031|nan|nan|nan|nan|-885071.090047|nan|nan|8.171014|nan|-7.374747|nan|0.532325|nan|nan
1054|nan|nan|nan|nan|nan|nan|nan|nan|nan|nan|nan|nan|nan|nan|nan|nan|nan|nan|nan|nan|nan|nan|nan|nan|nan|nan|nan|nan|nan|-4.215469|nan|0.285508|nan|nan|nan|-4341.700773|nan|nan|nan|nan|-885071.090047|nan|nan|8.204930|nan|-7.272426|nan|0.532325|nan|nan
1055|nan|nan|nan|nan|nan|nan|nan|nan|nan|nan|nan|nan|nan|nan|nan|nan|nan|nan|nan|nan|nan|nan|nan|nan|nan|nan|nan|nan|nan|-27.436535|nan|0.285508|nan|nan|nan|-4343.720735|nan|nan|nan|nan|-885071.090047|nan|nan|8.237467|nan|-7.185847|nan|0.532325|nan|nan
1056|nan|nan|nan|nan|nan|nan|nan|nan|nan|nan|nan|nan|nan|nan|nan|nan|nan|nan|nan|nan|nan|nan|nan|nan|nan|nan|nan|nan|nan|-85.086203|nan|0.285508|nan|nan|nan|-4343.216242|nan|nan|nan|nan|-885071.090047|nan|nan|8.261858|nan|-7.111636|nan|0.532325|nan|nan
1057|nan|nan|nan|nan|nan|nan|nan|nan|nan|nan|nan|nan|nan|nan|nan|nan|nan|nan|nan|nan|nan|nan|nan|nan|nan|nan|nan|nan|nan|-60.100276|nan|0.285508|nan|nan|nan|-4339.533023|nan|nan|nan|nan|-885071.090047|nan|nan|8.279641|nan|-7.047319|nan|0.532325|nan|nan
1058|nan|nan|nan|nan|nan|nan|nan|nan|nan|nan|nan|nan|nan|nan|nan|nan|nan|nan|nan|nan|nan|nan|nan|nan|0.307251|nan|nan|nan|nan|-65.726371|nan|0.285508|nan|nan|nan|-4342.544631|nan|nan|nan|nan|-885071.090047|nan|nan|8.292113|nan|-6.991043|nan|0.532325|nan|-84.464279
1059|nan|nan|nan|nan|nan|nan|nan|nan|nan|nan|nan|nan|nan|nan|nan|nan|nan|nan|nan|nan|nan|nan|nan|nan|0.307251|nan|nan|nan|nan|-58.893106|nan|0.285508|nan|nan|nan|-4342.271472|nan|nan|nan|nan|-885071.090047|nan|nan|8.300311|nan|-6.941387|nan|0.532325|nan|-84.464279
1100|nan|nan|nan|nan|nan|nan|nan|nan|nan|nan|nan|nan|nan|nan|nan|nan|nan|nan|nan|nan|nan|nan|nan|nan|0.307251|nan|nan|nan|nan|-54.851395|nan|0.285508|nan|nan|nan|-4342.426946|nan|nan|nan|nan|-885071.090047|nan|nan|8.305021|nan|-6.897249|nan|0.532325|nan|-84.464279
1101|nan|nan|nan|nan|nan|nan|nan|nan|nan|nan|nan|nan|nan|nan|nan|nan|nan|nan|nan|nan|nan|nan|nan|nan|0.307251|nan|nan|nan|nan|-54.665119|nan|0.285508|nan|nan|nan|-4342.449886|nan|nan|nan|nan|-885071.090047|nan|nan|8.306805|nan|-6.857756|nan|0.532325|nan|-84.464279
1102|nan|nan|nan|nan|nan|nan|nan|nan|nan|nan|nan|nan|nan|nan|nan|nan|nan|nan|nan|nan|nan|nan|nan|nan|0.307251|nan|nan|nan|nan|-51.743602|nan|0.285508|nan|nan|nan|-4341.367629|nan|nan|nan|nan|-885071.090047|nan|nan|8.306141|nan|-6.822213|nan|0.532325|nan|-84.464279
1103|nan|nan|nan|nan|nan|nan|nan|nan|nan|nan|nan|nan|nan|nan|nan|nan|nan|nan|nan|nan|nan|nan|nan|nan|0.307251|nan|nan|nan|nan|-54.204874|nan|0.285508|nan|nan|nan|-4343.165996|nan|nan|nan|nan|-885071.090047|nan|nan|8.301219|nan|-6.790055|nan|0.532325|nan|-84.464279
1104|nan|nan|nan|nan|nan|nan|nan|nan|nan|nan|nan|nan|nan|nan|nan|nan|nan|nan|nan|nan|nan|nan|nan|nan|0.307251|nan|nan|nan|nan|-49.010851|nan|0.285508|nan|nan|nan|-4341.983130|nan|nan|nan|nan|-885071.090047|nan|nan|8.261342|nan|-6.760820|nan|0.532325|nan|-84.464279
1105|nan|nan|nan|nan|nan|nan|nan|nan|nan|nan|nan|nan|nan|nan|nan|nan|nan|nan|nan|nan|nan|nan|nan|nan|0.307251|nan|nan|nan|nan|-46.532678|nan|0.285508|nan|nan|nan|-4341.863610|nan|nan|nan|nan|-885071.090047|nan|nan|8.199123|nan|-6.734128|nan|0.532325|nan|-84.464279
1106|nan|nan|nan|nan|nan|nan|nan|nan|nan|nan|nan|nan|nan|nan|nan|nan|nan|nan|nan|nan|nan|nan|nan|nan|0.307251|nan|nan|nan|nan|-48.753317|nan|0.285508|nan|nan|nan|-4343.316227|nan|nan|nan|nan|-885071.090047|nan|nan|8.124166|nan|-6.709660|nan|0.532325|nan|-84.464279
1107|nan|nan|nan|nan|nan|nan|nan|nan|nan|nan|nan|nan|nan|nan|nan|nan|nan|nan|nan|nan|nan|nan|nan|nan|0.307251|nan|nan|nan|nan|-45.355017|nan|0.285508|nan|nan|nan|-4341.731899|nan|nan|nan|nan|-885071.090047|nan|nan|8.043433|nan|-6.687149|nan|0.532325|nan|-84.464279
1108|nan|nan|nan|nan|nan|nan|nan|nan|nan|nan|nan|nan|nan|nan|nan|nan|nan|nan|nan|nan|nan|nan|nan|nan|0.307251|nan|nan|nan|nan|-45.293897|nan|0.285508|nan|nan|nan|-4342.962037|nan|nan|nan|nan|-885071.090047|nan|nan|7.960240|nan|-6.666370|nan|0.532325|nan|-84.464279
1109|nan|nan|nan|nan|nan|nan|nan|nan|nan|nan|nan|nan|nan|nan|nan|nan|nan|nan|nan|nan|nan|nan|nan|nan|0.307251|nan|nan|nan|nan|-44.215471|nan|0.285508|nan|nan|nan|-4341.910462|nan|nan|nan|nan|-885071.090047|nan|nan|7.876265|nan|-6.647130|nan|0.532325|nan|-84.464279
1110|nan|nan|nan|nan|nan|nan|nan|nan|nan|nan|nan|nan|nan|nan|nan|nan|nan|nan|nan|nan|nan|nan|nan|nan|0.307251|nan|nan|nan|nan|-44.642842|nan|0.285508|nan|nan|nan|-4342.290780|nan|nan|nan|nan|-885071.090047|nan|nan|7.793890|nan|-6.629265|nan|0.532325|nan|-84.464279
1111|nan|nan|nan|nan|nan|nan|nan|nan|nan|nan|nan|nan|nan|nan|nan|nan|nan|nan|nan|nan|nan|nan|nan|nan|0.307251|nan|nan|nan|nan|-43.628231|nan|0.285508|nan|nan|nan|-4341.875123|nan|nan|nan|nan|-281952.933821|nan|nan|7.713699|nan|-6.612631|nan|0.532325|nan|-84.464279
1112|nan|nan|nan|nan|nan|nan|nan|nan|nan|nan|nan|nan|nan|nan|nan|nan|nan|nan|nan|nan|nan|nan|nan|nan|0.307251|nan|nan|nan|nan|-42.658715|nan|0.285508|nan|nan|nan|-4342.237937|nan|nan|nan|nan|-281952.933821|nan|nan|7.634938|nan|-6.597107|nan|0.532325|nan|-84.464279
1113|nan|nan|nan|nan|nan|nan|nan|nan|38.000000|nan|nan|-15885887.511350|nan|nan|nan|nan|nan|nan|nan|nan|nan|nan|nan|nan|0.307251|nan|nan|nan|nan|-41.283502|nan|0.285508|nan|nan|nan|-4342.323923|nan|nan|nan|nan|-281952.933821|nan|nan|7.557743|nan|-6.552085|nan|0.532325|nan|-84.464279
1114|nan|nan|nan|nan|nan|nan|nan|nan|38.000000|nan|nan|-16512201.633983|nan|nan|nan|nan|nan|nan|nan|nan|nan|nan|nan|nan|0.307251|nan|nan|nan|nan|-39.526599|nan|0.285508|nan|nan|nan|-4342.210384|nan|nan|nan|nan|-281952.933821|nan|nan|7.484552|nan|-6.507064|nan|0.532325|nan|-84.464279
1115|nan|nan|nan|nan|nan|nan|nan|nan|38.000000|nan|nan|-10004713.324651|nan|nan|nan|nan|nan|nan|nan|nan|nan|nan|nan|nan|0.307251|nan|nan|nan|nan|-37.840630|nan|0.285508|nan|nan|nan|-4341.069177|nan|nan|nan|nan|-281952.933821|nan|nan|7.414499|nan|-6.462043|nan|0.532325|nan|-84.464279
1116|nan|nan|nan|nan|nan|nan|nan|nan|38.000000|nan|nan|-12740803.220916|nan|nan|nan|nan|nan|nan|nan|nan|nan|nan|nan|nan|0.307251|nan|nan|nan|nan|-36.221714|nan|0.285508|nan|nan|nan|-4341.652018|nan|nan|nan|nan|-281952.933821|nan|nan|7.346817|nan|-6.417021|nan|0.532325|nan|-84.464279
1117|nan|nan|nan|nan|nan|nan|nan|nan|38.000000|nan|nan|-16716831.554945|nan|nan|nan|nan|nan|nan|nan|nan|nan|nan|nan|nan|0.307251|nan|nan|nan|nan|-36.327633|nan|0.285508|nan|nan|nan|-4342.315704|nan|nan|nan|nan|-281952.933821|nan|nan|7.281206|nan|-6.372000|nan|0.532325|nan|-84.464279
1118|nan|nan|nan|nan|nan|nan|nan|nan|38.000000|nan|nan|-16125251.340509|nan|nan|nan|nan|nan|nan|nan|nan|nan|nan|nan|0.305895|0.307251|nan|nan|nan|nan|-34.394712|nan|0.285508|nan|nan|nan|-4341.765651|nan|nan|nan|nan|-281952.933821|nan|nan|7.217960|nan|-6.326979|nan|0.532325|nan|-84.464279
1119|nan|nan|nan|nan|nan|nan|nan|nan|38.000000|nan|nan|-19150292.191067|nan|nan|nan|nan|nan|nan|nan|nan|nan|nan|nan|0.305895|0.307251|nan|nan|nan|nan|-31.343586|nan|0.285508|nan|nan|nan|-4342.006871|nan|nan|nan|nan|-281952.933821|nan|nan|7.157784|nan|-6.281958|nan|0.532325|nan|-84.464279
1120|nan|nan|nan|nan|nan|nan|nan|nan|38.000000|nan|nan|-30816049.187179|nan|nan|nan|nan|nan|nan|nan|nan|nan|nan|nan|0.305895|0.307251|nan|nan|nan|nan|-29.584125|nan|0.285508|nan|nan|nan|-4342.148518|nan|nan|nan|nan|-281952.933821|nan|nan|7.100521|nan|-6.236936|nan|0.532325|nan|-84.464279
1121|nan|nan|nan|nan|nan|nan|nan|nan|38.000000|nan|nan|-37436728.823224|nan|nan|nan|nan|nan|nan|nan|nan|nan|nan|nan|0.305895|0.307251|nan|nan|nan|nan|-29.036271|nan|0.285508|nan|nan|nan|-4342.030867|nan|nan|nan|nan|-281952.933821|nan|nan|7.045934|nan|-6.191915|nan|0.532325|nan|-84.464279
1122|nan|nan|nan|nan|nan|nan|nan|nan|38.000000|nan|nan|-33023272.045776|nan|nan|nan|nan|nan|nan|nan|nan|nan|nan|nan|0.305895|0.307251|nan|nan|nan|nan|-28.508339|nan|0.285508|nan|nan|nan|-4342.127954|nan|nan|nan|nan|-281952.933821|nan|nan|6.994897|nan|-6.146894|nan|0.532325|nan|-84.464279
1123|nan|nan|nan|11.400000|nan|nan|nan|nan|38.000000|nan|nan|-37643104.142480|nan|nan|nan|nan|nan|nan|nan|nan|nan|nan|nan|0.305895|0.307251|nan|nan|nan|nan|-25.822301|nan|0.285508|nan|nan|nan|-4341.757801|nan|nan|nan|nan|-281952.933821|nan|nan|6.946866|nan|-6.146894|nan|0.532325|nan|-84.464279
1124|nan|nan|nan|11.400000|nan|nan|nan|nan|38.000000|nan|nan|-38450111.690145|nan|nan|nan|nan|nan|nan|nan|nan|nan|nan|nan|0.305895|0.307251|nan|nan|nan|nan|-26.785318|nan|0.285508|nan|nan|nan|-4342.368997|nan|nan|nan|nan|-281952.933821|nan|nan|6.901691|nan|-6.146894|nan|0.532325|nan|-84.464279
1125|nan|nan|nan|11.400000|nan|nan|nan|nan|38.000000|nan|nan|-38365558.948322|nan|nan|nan|nan|nan|nan|nan|nan|nan|nan|nan|0.305895|0.307251|nan|nan|nan|nan|-26.323502|nan|0.285508|nan|nan|nan|-4341.631951|nan|nan|nan|nan|-281952.933821|nan|nan|6.859138|nan|-6.146894|nan|0.532325|nan|-84.464279
1126|nan|nan|nan|11.400000|nan|nan|nan|nan|38.000000|nan|nan|-34629935.273218|nan|nan|nan|nan|nan|nan|nan|nan|nan|nan|nan|0.305895|0.307251|nan|nan|nan|nan|-26.885652|nan|0.285508|nan|nan|nan|-4343.778135|nan|nan|nan|nan|-281952.933821|nan|nan|6.818763|nan|-6.146894|nan|0.532325|nan|-84.464279
1127|nan|nan|nan|11.400000|nan|nan|nan|nan|38.000000|nan|nan|-16366713.010222|nan|nan|nan|nan|nan|nan|nan|nan|nan|nan|nan|0.305895|0.307251|nan|nan|nan|nan|-27.091365|nan|0.285508|nan|nan|nan|-4341.978145|nan|nan|nan|nan|-281952.933821|nan|nan|6.780617|nan|-6.009244|nan|0.532325|nan|-84.464279
1128|-13683577.853770|nan|nan|11.400000|nan|nan|nan|3.698832|38.000000|-4.289388|1.531444|-9822667.607629|nan|nan|nan|nan|9.400000|nan|6117798.587587|nan|nan|nan|nan|0.305895|0.307251|nan|nan|-0.582570|nan|-26.445187|nan|0.285508|-4.289388|0.280368|-4.289388|-4341.663093|-182875391.829733|nan|425078.018356|nan|-281952.933821|nan|nan|6.722063|nan|-5.871594|7.283333|0.532325|nan|-84.464279
1129|-16971650.400000|nan|nan|11.400000|nan|nan|nan|3.698832|38.000000|-4.289388|1.531444|-13903840.625330|nan|nan|nan|nan|13.400000|nan|6109247.332431|nan|nan|nan|nan|0.305895|0.307251|nan|nan|-0.576745|nan|-33.799583|nan|0.285508|-4.289388|0.280920|-4.289388|-4342.404704|-183616988.427503|nan|425078.018356|nan|-281952.933821|nan|nan|6.661694|nan|-5.733945|7.283333|0.532325|nan|-84.464279
1330|-15900098.354768|nan|nan|11.400000|nan|nan|nan|3.698832|38.000000|-4.289388|1.531444|-14241806.178731|nan|nan|nan|nan|15.400000|nan|6106941.017340|-1.127594|nan|nan|nan|0.305895|0.307251|nan|nan|-0.570881|nan|-47.020952|nan|0.285508|-4.289388|0.221980|-4.289388|-4342.928115|-183616988.427503|nan|425078.018356|nan|-281952.933821|nan|nan|6.599790|nan|-5.596295|1.283333|0.532325|nan|-84.464279
1331|-16040492.211752|nan|nan|11.400000|nan|nan|nan|3.698832|38.000000|-4.289388|1.531444|-16266968.131536|nan|nan|nan|nan|15.400000|nan|6101921.545226|0.762158|nan|nan|nan|0.305895|0.307251|nan|nan|-0.566547|nan|-47.325779|nan|0.285508|-4.289388|0.204349|-4.289388|-4342.879373|-183616988.427503|nan|425078.018356|nan|-281952.933821|nan|nan|6.537023|nan|-5.458645|7.283333|0.532325|nan|-84.464279
1332|-17122850.667856|nan|nan|11.400000|nan|nan|nan|3.698832|38.000000|-4.289388|0.259857|-19665438.015295|nan|nan|nan|nan|15.400000|nan|6096554.049355|0.762158|nan|nan|nan|0.294568|0.307251|nan|nan|-0.561050|nan|-36.424589|nan|0.285508|-4.289388|0.199436|-4.289388|-4342.126023|-183616988.427503|nan|425078.018356|nan|-281952.933821|nan|nan|6.472889|nan|-5.320996|5.283333|0.532325|nan|-84.464279
1333|-18148647.192514|1.368056|nan|11.400000|nan|nan|nan|3.698832|38.000000|-4.289388|-0.147247|-21534191.628075|nan|nan|nan|nan|17.400000|nan|6090911.858846|0.762158|nan|nan|nan|0.284657|0.307251|nan|nan|-0.555699|nan|-41.771942|nan|0.285508|-4.289388|0.193131|-4.289388|-4344.209905|-183616988.427503|nan|425078.018356|nan|-281952.933821|nan|nan|6.406790|nan|-5.183346|1.283333|0.532325|nan|-84.464279
1334|-18162759.238656|3.309028|nan|11.400000|nan|nan|nan|3.698832|38.000000|-4.289388|-0.250860|-21848256.946329|nan|nan|nan|nan|5.400000|nan|6087970.161850|0.762158|nan|nan|nan|0.275911|0.307251|nan|nan|-0.555699|nan|-38.254604|nan|0.285508|-4.289388|0.178786|-4.289388|-4340.585686|-183616988.427503|nan|425078.018356|nan|-281952.933821|nan|nan|6.338828|nan|-5.045696|3.283333|0.532325|nan|-84.464279
1335|-16597781.728106|4.362963|nan|11.400000|nan|nan|nan|3.698832|38.000000|-4.289388|-0.339792|-20197034.004714|nan|nan|nan|nan|9.400000|nan|6091233.632785|0.762158|nan|nan|nan|0.268138|0.307251|nan|nan|-0.550559|nan|-39.193099|nan|0.285508|-4.289388|0.156124|-4.289388|-4341.731706|-183616988.427503|nan|425078.018356|nan|-281952.933821|nan|nan|6.268898|nan|-4.908047|5.283333|0.532325|nan|-84.464279
1336|-14367455.784396|4.041667|nan|11.400000|nan|nan|nan|3.698832|38.000000|-4.289388|-0.339792|-17377899.012266|nan|nan|nan|nan|13.400000|nan|6092779.114099|0.762158|nan|nan|nan|0.261183|0.307251|nan|nan|-0.547523|nan|-38.817866|nan|0.285508|-4.289388|0.143485|-4.289388|-4342.817749|-183616988.427503|nan|425078.018356|nan|-281952.933821|nan|nan|6.198002|nan|-4.770397|5.283333|0.532325|nan|-84.464279
1337|-16152128.720754|3.945000|nan|11.400000|nan|nan|nan|3.698832|38.000000|-4.289388|-0.339792|-18450237.076495|nan|nan|nan|nan|13.400000|nan|6091842.138204|0.762158|nan|nan|nan|0.254923|0.307251|nan|nan|-0.545819|nan|-40.386252|nan|0.285508|-4.289388|0.128156|-4.289388|-4341.841612|-183616988.427503|nan|425078.018356|nan|-281952.933821|nan|nan|6.126815|nan|-4.632747|9.283333|0.532325|nan|-84.464279
1338|-14442065.775884|4.192940|nan|11.400000|nan|nan|nan|3.698832|38.000000|-4.289388|-0.339792|-16799116.742885|nan|nan|nan|nan|13.400000|nan|6094760.487923|0.762158|nan|nan|nan|0.249259|0.307251|nan|nan|-0.555345|nan|-40.631251|nan|0.285508|-4.289388|0.116575|-4.289388|-4342.435932|-183616988.427503|nan|425078.018356|nan|-281952.933821|nan|nan|6.055408|nan|-4.495098|6.575000|0.532325|nan|-84.464279
1339|-12696566.512648|4.492937|nan|11.400000|nan|nan|nan|3.698832|38.000000|-4.289388|-0.339792|-15062803.778956|nan|nan|nan|nan|3.400000|nan|5565457.668357|0.762158|nan|nan|nan|0.244111|0.307251|nan|nan|-0.555345|nan|-34.819138|nan|0.285508|-4.289388|0.108748|-4.289388|-4341.581578|-183616988.427503|nan|425078.018356|nan|-281952.933821|nan|nan|5.983123|nan|-4.357448|-0.175000|0.532325|nan|-84.464279
1340|-12946223.221634|4.297552|nan|11.400000|nan|nan|nan|10.176685|38.000000|-4.289388|-0.339792|-16219325.267188|nan|nan|nan|nan|15.200000|nan|5029924.740276|0.762158|nan|nan|nan|0.239410|0.307251|nan|nan|-0.555345|nan|-36.577339|nan|0.285508|-4.289388|0.100013|-4.289388|-4343.149002|-183616988.427503|nan|425078.018356|nan|-281952.933821|nan|nan|5.910089|nan|-4.219798|3.333333|0.532325|nan|-84.464279
1341|-13708669.442268|4.292834|nan|11.400000|nan|nan|nan|10.176685|38.000000|-4.289388|-0.339792|-16556690.710608|nan|nan|nan|nan|10.400000|nan|4494610.047111|0.762158|nan|nan|nan|0.235100|0.307251|nan|nan|-0.551436|nan|-35.839298|nan|0.285508|-4.289388|0.100013|-4.289388|-4342.405324|-183616988.427503|nan|425078.018356|nan|-281952.933821|nan|nan|5.838808|nan|-4.082149|5.991667|0.532325|nan|-84.464279
1342|-12354781.087418|4.199676|nan|11.400000|nan|nan|nan|10.176685|38.000000|-4.289388|-0.339792|-14472910.555565|nan|nan|nan|nan|13.600000|nan|3959298.064666|0.762158|nan|nan|nan|0.225206|0.307251|nan|nan|-0.546832|nan|-32.481388|nan|0.285508|-4.289388|0.100013|-4.289388|-4342.887516|-183616988.427503|nan|425078.018356|nan|-281952.933821|nan|nan|5.769301|nan|-3.944499|3.058333|0.532325|nan|-84.464279
1343|-11692801.671566|4.193014|-4.289388|11.400000|nan|9.672886|-5.379241|10.176685|38.000000|-4.289388|-0.339792|-13147000.704665|0.074007|9.516102|-2.326448|nan|6.800000|nan|3318875.803643|0.762158|nan|8.825164|-5.438546|0.216073|0.307251|nan|nan|-0.551683|-2.651157|-32.652900|-1.968215|0.285508|-4.289388|0.100013|-4.289388|-4341.869338|-183616988.427503|nan|425078.018356|-0.000008|-281952.933821|-2.085348|-0.106588|5.701206|-0.134163|-3.806849|2.716666|0.532325|-2.651157|-84.464279
1344|-7215799.588086|4.212924|-4.289388|12.000000|nan|9.672886|-5.379241|10.176685|38.000000|-4.289388|-0.339792|-9278861.206307|0.074007|9.516102|-2.326065|nan|5.600000|2.000000|2357269.443402|0.762158|nan|4.914007|-5.743124|0.207616|0.307251|nan|nan|-0.551683|-2.622264|-32.037828|-2.027461|0.285508|-4.289388|0.100013|-4.289388|-4342.592063|-183616988.427503|nan|425078.018356|-0.000008|-281952.933821|-2.074677|-0.103823|5.634602|-0.133826|-3.669200|0.966666|0.532325|-2.622264|-84.464279
1345|-4394003.287540|4.200178|-4.289388|12.000000|-4.184108|9.672886|-5.379241|7.085462|38.000000|-4.289388|-0.339792|-7700696.248265|0.057274|9.516102|-2.325873|nan|5.000000|2.000000|750119.535940|0.762158|nan|8.135837|-5.983508|0.199764|0.307251|nan|nan|-0.550224|-2.596079|-33.256837|-2.080823|0.285508|-4.289388|0.100013|-4.289388|-4343.109943|-183616988.427503|nan|425078.018356|-0.000008|-281952.933821|-2.064450|-0.101574|5.570011|-0.115024|-3.531550|-4.075000|0.532325|-2.596079|-84.464279
1346|-3642867.624358|4.242278|-4.289388|12.000000|-4.184108|9.672886|-5.379241|7.085462|38.000000|-4.289388|-0.339792|-7483991.251365|0.057274|9.516102|-2.326552|nan|9.800000|2.000000|-321453.863698|0.762158|nan|6.526348|-6.132359|0.192453|0.307251|nan|nan|-0.548177|-2.570170|-35.263371|-2.129155|0.285508|-4.289388|0.100013|-4.289388|-4343.046984|-183616988.427503|nan|425078.018356|-0.000008|-281952.933821|-2.054641|-0.100219|5.507442|-0.102448|-3.393900|-6.358334|0.532325|-2.570170|-84.464279
1347|-1597259.333760|4.255617|-4.289388|12.000000|-4.184108|9.672886|-5.379241|3.618500|38.000000|-4.289388|-0.339792|-5881830.180121|0.057274|9.516102|-1.812985|nan|3.800000|2.000000|-428629.914823|0.762158|nan|1.136161|-5.948184|0.185629|0.307251|nan|nan|-0.548177|-2.556718|-35.263371|-2.173323|0.285508|-4.289388|0.100013|-4.289388|-4342.494084|-183616988.427503|nan|425078.018356|-0.000008|-281952.933821|-2.045224|-0.099111|5.446129|-0.091490|-3.256250|-6.491667|0.532325|-2.556718|-84.464279
1348|3522308.145612|4.292506|-4.289388|12.000000|-4.184108|9.672886|-5.379241|3.618500|38.000000|-4.289388|-0.339792|-1314766.288323|0.057274|9.516102|-1.813419|nan|5.800000|2.000000|-536312.378712|0.762158|nan|7.194902|-5.557184|0.175024|0.307251|nan|nan|-0.539468|-2.550917|-38.483541|-2.213674|0.285508|-4.289388|0.100013|-4.289388|-4341.808356|-183616988.427503|nan|425078.018356|-0.000008|-281952.933821|-2.036177|-0.098272|5.387035|-0.083842|-3.118601|-4.491667|0.532325|-2.550917|-81.664456
1349|4358053.166544|4.244581|-4.289388|11.000000|-4.184108|9.672886|-5.379241|3.618500|38.000000|-4.289388|-0.339792|-387282.257561|0.057274|9.516102|-1.813636|nan|3.600000|2.000000|-643565.708730|0.762158|nan|2.903289|-5.043608|0.164419|0.307251|nan|nan|-0.537493|-2.549783|-38.047286|-2.249854|0.285508|-4.289388|0.100013|-4.289388|-4342.185000|-183616988.427503|nan|425078.018356|-0.000008|-281952.933821|-2.027477|-0.098393|5.345684|-0.077511|-3.029810|-6.491667|0.532325|-2.549783|-81.664456
1350|3775592.904530|4.605414|-4.289388|9.400000|-4.363264|9.672886|-5.379241|3.618500|38.000000|-4.289388|-0.339792|-639885.247007|0.057274|9.516102|-1.529379|nan|2.600000|2.000000|-1180100.321427|0.762158|nan|5.343936|-4.959897|0.153814|0.307251|nan|nan|-0.541058|-2.536358|-38.047286|-2.281632|0.285508|-4.289388|0.100013|-4.289388|-4342.164240|-183616988.427503|nan|407099.041600|-0.000008|-281952.933821|-2.014545|-0.097542|5.317445|-0.072034|-2.941019|-2.625000|0.532325|-2.536358|-81.664456
1351|-377623.712481|4.652205|-4.289388|8.400000|-4.363264|9.672886|-5.379241|3.618500|38.000000|-4.289388|-0.339792|-3940135.131486|0.057274|9.516102|-1.529170|nan|-0.400000|2.000000|-1716740.923488|0.762158|nan|8.149367|-3.982009|0.143209|0.307251|nan|nan|-0.540613|-2.523045|-41.424716|-2.308845|0.285508|-4.289388|0.100013|-4.289388|-4342.284789|-183616988.427503|nan|407099.041600|-0.000008|-281952.933821|-2.002092|-0.096236|5.299400|-0.067132|-2.852228|-4.916666|0.532325|-2.523045|-81.664456
1352|-12517220.600936|4.644074|-4.289388|7.400000|-4.363264|9.672886|-5.379241|3.618500|38.000000|-4.289388|-0.339792|-15082530.769745|0.057274|9.516102|-1.861955|nan|2.600000|2.000000|-2252960.218688|0.762158|nan|-0.997377|-2.822546|0.132604|0.307251|nan|nan|-0.528731|-2.501044|-31.543608|-2.331694|0.285508|-4.289388|0.100013|-4.289388|-4341.758777|-183616988.427503|nan|407099.041600|-0.000008|-1330017.610717|-1.987863|-0.094580|5.288109|-0.062149|-2.763437|-7.766666|0.532325|-2.501044|-81.664456
1353|-14193947.091906|4.965289|-4.289388|6.200000|-4.363264|9.672886|-5.379241|3.618500|38.000000|-4.289388|-0.339792|-17068321.289474|0.057274|9.516102|-1.861736|nan|-2.000000|2.000000|-2574670.513140|0.762158|nan|3.626547|-2.567328|0.121999|0.307251|nan|nan|-0.522309|-2.479305|-32.574216|-2.392109|0.285508|-4.289388|0.100013|-4.289388|-4341.975925|-183616988.427503|nan|407099.041600|-0.000008|-1330017.610717|-1.974143|-0.093984|5.282377|-0.057051|-2.674646|-5.116667|0.532325|-2.479305|-81.664456
1354|-18615165.000000|5.059575|-4.289388|4.400000|-4.363264|9.672886|-5.379241|3.618500|38.000000|-4.289388|-0.339792|-20622568.761622|0.057274|9.516102|-1.861937|nan|1.000000|2.000000|-3111704.878946|0.762158|nan|0.023267|-2.550634|0.111393|0.307251|nan|nan|-0.517193|-2.458189|-33.251035|-2.441120|0.257849|-4.289388|0.100013|-4.289388|-4341.866206|-175943528.426616|nan|407099.041600|-0.000008|-1330017.610717|-1.960826|-0.095777|5.281548|-0.052538|-2.585855|-9.216667|0.532325|-2.458189|-81.664456
1355|-18174649.753416|5.086121|-4.289388|1.400000|-4.363264|9.672886|-5.379241|3.618500|38.000000|-4.289388|-0.339792|-20135564.564002|0.057274|9.516102|-1.861728|nan|-1.800000|2.000000|-3110962.796367|0.762158|nan|9.731147|-2.300637|0.100788|0.307251|nan|nan|-0.516066|-2.435635|-22.344279|-2.479108|0.257849|-4.289388|0.100013|-4.289388|-4341.340206|-167568803.028497|nan|321320.686530|-0.000008|-1330017.610717|-1.945923|-0.053981|5.283472|-0.048018|-2.497065|-10.650000|0.532325|-2.435635|-81.664456
1356|-16986836.028776|5.071682|-4.289388|-0.600000|-9.027449|9.270283|-5.379241|3.618500|38.000000|-4.289388|-0.339792|-18595513.930042|0.057274|9.516102|-1.861003|nan|-6.000000|2.000000|-3110701.444488|0.762158|nan|7.435460|-2.351862|0.089363|0.307251|nan|nan|-0.515198|-2.412566|7.324572|-2.507042|0.257849|-4.289388|0.098548|-4.289388|-4341.460854|-154183877.335373|nan|239219.342140|-0.000008|-1330017.610717|-1.928647|-0.045829|5.287727|-0.043954|-2.408274|-10.650000|0.532325|-2.412566|-81.664456
1357|-17173555.582330|5.028565|-4.289388|-0.800000|-9.027449|9.270283|-5.379241|3.618500|1934.600000|-4.289388|-0.339792|-18499053.230454|0.057274|9.516102|-1.860951|nan|-0.200000|2.000000|-3110095.782242|0.762158|nan|-10.458201|-1.889858|0.077938|0.307251|nan|nan|-0.512914|-2.390416|-4.421224|-2.525764|0.257849|-4.289388|0.098548|-4.289388|-4342.298051|-151039847.377662|nan|239219.342140|-0.000008|-1330017.610717|-1.905038|-0.030941|5.294628|-0.039864|-2.408274|-10.650000|0.532325|-2.390416|-81.664456
1358|-17456880.929714|5.084197|-4.289388|-1.000000|-9.027449|9.270283|-5.379241|3.618500|1934.600000|-4.289388|-0.339792|-18411071.857855|0.057274|9.516102|-1.861234|nan|-0.600000|2.000000|-3110083.772241|0.762158|0.000000|-2.587587|-1.620497|0.066512|0.307251|nan|-64688.846079|-0.501059|-2.369365|-0.846676|-2.536013|0.257849|-4.289388|0.098548|-4.289388|-4341.984463|-151037620.655381|-15703.775317|239219.342140|-0.000008|-1330017.610717|-1.912056|-0.028660|5.303956|-0.036066|-2.408274|-8.650000|0.532325|-2.369365|-81.664456
1359|-16364657.641561|4.951397|-4.289388|-1.200000|-9.027449|9.941491|-5.379241|3.618500|1934.600000|-4.289388|-0.339792|-19384338.324029|0.057274|9.516102|-1.861686|-0.871946|-1.200000|2.000000|-3110619.238558|0.762158|-0.000000|-2.532431|-2.243803|0.055087|0.307251|nan|-66003.831694|-0.496173|-2.348386|-4.393192|-2.539072|0.257849|-4.289388|0.098548|-4.289388|-4342.835107|-143935135.276994|-12133.499514|239219.342140|-0.000008|-1330017.610717|-1.917757|-0.023892|5.313869|-0.032567|-2.408274|-12.650000|0.532325|-2.348386|-81.664456
1400|-29345717.957774|4.835896|-4.289388|-2.200000|-9.027449|9.941491|-5.379241|3.618500|1934.600000|-4.289388|-0.339792|-37566264.131221|0.057274|9.516102|-1.861912|-0.871946|-3.600000|2.000000|-3108408.164381|0.762158|-0.000000|-1.617340|-3.350034|0.043662|0.307251|nan|-39568.669531|-0.502676|-2.327945|-5.634581|-2.536161|0.257849|-4.289388|0.098548|-4.289388|-3306.822076|-142090361.983472|-13824.345773|239219.342140|-0.000008|-1330017.610717|-1.910840|-0.019762|5.324865|-0.029678|-2.408274|-12.650000|0.532325|-2.327945|-81.664456
1401|-35435519.180560|4.788035|-4.289388|-3.200000|-9.027449|9.941491|-5.379241|3.618500|1934.600000|-4.289388|-0.339792|-45800309.387786|0.057274|9.516102|-1.861405|-0.871946|-8.400000|2.000000|-3108005.980179|0.762158|-0.000000|0.654774|-4.361975|0.032236|0.307251|nan|-35141.415032|-0.502114|-2.307792|-3.511762|-2.528633|0.257849|-4.289388|0.038365|-4.289388|-3307.421630|-141787580.324803|-14066.516678|239219.342140|-0.000008|-1330017.610717|-1.898326|-0.013181|5.337360|-0.027119|-2.408274|-10.650000|0.532325|-2.307792|-81.664456
1402|-27545085.815173|4.756073|-4.289388|-4.200000|-11.268727|10.180087|-5.379241|3.618500|1934.600000|-3.374221|-0.339792|-38985848.880873|0.057274|9.516102|-1.861462|-0.871946|-2.600000|2.000000|-3107276.289909|0.762158|-0.000000|-12.649355|-4.355085|0.026474|0.307251|nan|-25336.438745|-0.501643|-2.292176|-4.956862|-2.517541|0.257849|-4.289388|0.006792|-4.289388|-3307.303926|-141787580.324803|-14075.227863|239219.342140|-0.000008|-1330017.610717|-1.885812|-0.005649|5.352459|-0.024719|-2.408274|-10.650000|0.532325|-2.292176|-81.664456
1403|-28978002.650000|4.748148|-4.289388|-4.800000|-11.268727|10.395960|-5.379241|3.618500|1934.600000|-2.284731|-0.339792|-39814079.580805|0.057274|9.516102|-1.861800|-0.871946|-2.800000|2.000000|-3106086.864563|0.762158|-0.000000|-2.058846|-4.035295|0.020713|0.307251|-0.035601|-22270.601940|-0.495211|-2.279370|-3.263043|-2.505213|0.257849|-4.289388|0.000234|-4.289388|-3307.287562|-141207212.224629|-12159.408207|239219.342140|-0.000008|-1330017.610717|-1.879111|0.002851|5.369763|-0.022489|-2.408274|-10.650000|0.532325|-2.279370|-81.664456
1404|-28948181.438164|4.904630|-4.289388|-5.800000|-11.268727|11.025976|-5.379241|3.618500|1934.600000|-1.583800|-0.339792|-40561788.896293|0.057274|9.516102|-1.861969|-0.809196|-4.800000|2.000000|-3105945.653586|0.762158|-0.000000|-1.761850|-3.593238|0.014951|0.307251|-0.021537|-18927.776680|-0.503634|-2.282268|-5.562610|-2.493833|0.257849|-4.289388|-0.002039|-4.289388|-3307.178287|-139702015.046982|-10620.333061|239219.342140|-0.000008|-1330017.610717|-1.875535|0.004286|5.388741|-0.020385|-2.408274|-8.650000|0.532325|-2.282268|-81.664456
1405|-29867190.245076|4.871282|-4.289388|-5.800000|-11.268727|11.025976|-5.379241|3.618500|1934.600000|-1.583800|-0.339792|-41798679.092520|0.057274|9.516102|-1.862363|-0.670218|-2.800000|2.000000|-3104317.723871|0.762158|-0.000000|-5.832785|-2.903570|0.009189|0.307251|0.032569|-16771.070137|-0.549219|-2.265668|-7.259757|-2.488458|0.257849|-4.289388|-0.000918|-4.289388|-3307.951874|-139702015.046982|-8927.288471|239219.342140|-0.000008|-1330017.610717|-1.845580|0.010274|5.408851|-0.018439|-2.408274|-12.650000|0.532325|-2.265668|-81.664456
1406|-32973174.275230|4.861731|-4.289388|-5.800000|-11.268727|10.792952|-5.379241|3.618500|1934.600000|-1.583800|-0.339792|-45283370.923582|0.057274|9.516102|-1.861941|-0.521343|-8.800000|2.000000|-3103458.230071|0.762158|-0.000000|-1.914099|-2.681582|0.003427|0.307251|0.064796|-11859.136479|-0.555308|-2.165841|-3.188766|-2.495314|0.257849|-4.289388|0.003107|-4.289388|-3306.867410|-136495416.906263|-10468.401455|239219.342140|-0.000008|-1330017.610717|-1.783577|0.014751|5.429256|-0.016612|-2.457132|-12.650000|0.527203|-2.165841|-81.664456
1407|-30336109.613454|4.906931|-3.374221|-5.800000|-11.268727|10.582120|-4.318491|2.485102|1934.600000|-1.664077|-0.339792|-42223592.753337|0.057274|10.203513|-1.861729|-0.434545|-4.800000|2.000000|-3104971.318280|0.762158|-0.000000|-0.738204|-2.581053|-0.002335|0.307251|0.060646|-6540.213819|-0.557663|-2.004615|-4.641744|-2.520986|0.257849|-4.289388|0.002815|-4.289388|-3307.493406|-136155247.696040|-9903.552673|239219.342140|-0.000006|-1330017.610717|-1.720766|0.020326|5.448785|-0.014910|-2.505991|-10.650000|0.422081|-2.004615|-81.664456
1408|-31579864.825270|4.934227|-2.284731|-5.800000|-11.268727|9.444659|-3.578055|2.485102|1934.600000|-1.717378|-0.339792|-43260827.801165|0.057274|10.203513|-1.861314|-0.350029|-6.800000|2.000000|-3104785.079476|0.762158|-0.000000|-1.287923|-2.718401|-0.008096|0.307251|0.053181|-319.247853|-0.549936|-1.926433|-3.338639|-2.573266|0.257849|-4.289388|-0.015259|-4.289388|-3307.017362|-135961628.403151|-199.856842|239219.342140|-0.000004|-1330017.610717|-1.657956|0.023513|5.467584|-0.013321|-2.554850|-10.650000|0.383626|-1.926433|-81.664456
1409|-32547957.003184|4.939308|-1.583800|-5.800000|-11.268727|7.783263|-3.578055|2.485102|1934.600000|-1.717378|-0.339792|-44474811.209913|0.057274|8.261218|-1.861726|-0.276258|-1.800000|2.000000|-3103381.367727|0.762158|-0.000000|-2.668357|-2.896224|-0.013858|0.307251|0.048044|398.066611|-0.548950|-1.895734|-5.058239|-2.660064|0.257849|-4.289388|-0.081532|-4.289388|-3307.411795|-133700786.279269|-176.644865|239219.342140|-0.000003|-1330017.610717|-1.595146|0.025558|5.485428|-0.011841|-2.603709|-12.650000|0.311837|-1.895734|-81.664456
1410|-33890883.738304|5.154831|-1.583800|-5.800000|-11.268727|5.137238|-2.732572|2.485102|1934.600000|-1.717378|-0.339792|-46014317.545472|0.057274|1.420406|-1.861622|-0.151452|-7.800000|2.000000|-3103505.134389|0.762158|-0.000000|-5.340276|-2.843200|-0.019620|0.307251|0.044461|4739.338017|-0.545458|-1.906985|-3.735269|-2.787875|0.257849|-4.289388|-0.084815|-4.289388|-3307.556370|-133433166.343741|-183.924823|239219.342140|-0.000003|-1330017.610717|-1.533439|0.025595|5.502185|-0.010474|-2.652568|-8.650000|0.252895|-1.906985|-81.664456
1411|-37087088.571712|5.126181|-1.583800|-5.800000|-11.268727|3.886072|-2.732572|-9.209413|1934.600000|-1.717378|-0.339792|-49406181.684825|0.014836|-4.101788|-1.862500|-0.005740|0.200000|-2.000000|-3102203.556452|0.762158|-0.000000|-7.247111|-2.600515|-0.025382|0.307251|0.044994|7994.118056|-0.545574|-1.928356|-6.230502|-2.964043|0.257849|-4.289388|-0.084815|-4.289388|-3307.784501|-133433166.343741|-131.064077|239219.342140|-0.000003|-1330017.610717|-1.476290|0.026076|5.517292|-0.009182|-2.701426|-12.650000|0.252895|-1.928356|-81.664456
1412|-38573028.458550|5.092141|-1.664077|-5.800000|-11.268727|3.207679|-2.732572|-9.776673|1934.600000|-1.717378|-0.339792|-50246868.939261|0.014836|-4.101788|-1.864492|0.203591|4.200000|-4.000000|-3101162.425019|0.762158|-0.000000|-4.264666|-2.909791|-0.025296|0.307251|0.046271|13486.489039|-0.550083|-1.948310|-14.583781|-3.190191|0.257849|-4.289388|-0.084815|-4.289388|-3309.966963|-132968906.349988|-107.481084|239219.342140|-0.000003|-1330017.610717|-1.432535|0.026979|5.530580|-0.007871|-2.750285|-18.650000|0.252895|-1.948310|-81.664456
1413|-41010720.874814|5.066439|-1.717378|-5.800000|-11.268727|2.638353|-2.732572|-9.776673|1934.600000|-1.717378|-0.339792|-51835890.814175|0.001110|-4.101788|-1.865801|0.367833|-3.800000|-4.000000|-3100131.928344|0.762158|-0.000000|-6.003643|-3.111845|-0.023823|0.307251|0.045768|16675.257081|-0.546335|-1.954147|-16.347682|-3.442311|0.257849|-4.289388|-0.084815|-4.289388|-3307.332652|-132968906.349988|-80.190045|239219.342140|-0.000003|-1330017.610717|-1.389668|0.027044|5.541635|-0.006482|-2.799144|-16.650000|0.252895|-1.954147|-81.664456
1414|-43583435.121944|5.103448|-1.717378|-5.800000|-11.268727|1.551820|-2.732572|-9.776673|1934.600000|-1.717378|-0.339792|-53578119.757267|0.000785|-4.101788|-1.866456|0.469313|-5.800000|-4.000000|-3098172.308776|0.762158|-0.000000|-7.843402|-3.317571|-0.022350|0.307251|0.049237|17952.220569|-0.540762|-1.950761|-17.035865|-3.700965|0.257849|-4.289388|-0.084815|-4.289388|-3307.452561|-130034638.975534|-103.554744|239219.342140|-0.000003|-1330017.610717|-1.346801|0.027409|5.551044|-0.005043|-2.848003|-10.650000|0.252895|-1.950761|-81.664456
1415|-40351932.558456|5.048872|-1.717378|-5.800000|-11.268727|-0.383615|-2.732572|-9.776673|1934.600000|-1.717378|-0.339792|-50861431.740128|-0.072897|-4.101788|-1.867719|0.470599|0.200000|-4.000000|-3100478.463573|0.762158|-0.000000|-5.935940|-3.240959|-0.020877|0.291209|0.048991|15444.806610|-0.540414|-1.910974|-22.306155|-3.943907|0.257849|-4.289388|-0.084815|-4.289388|-3308.041248|-123676808.410139|-78.776185|239219.342140|-0.000003|-1330017.610717|-1.303934|0.026674|5.558099|-0.003463|-2.896861|-16.650000|0.110801|-1.910974|-81.664456
1416|-36018469.224610|5.030753|-1.717378|-5.800000|-11.268727|-1.753770|-2.732572|-9.776673|1934.600000|-1.717378|-0.339792|-45535682.177707|-0.072897|-4.101788|-1.868664|0.472916|-1.800000|-4.000000|-3105375.817605|0.762158|-0.000000|-8.936302|-3.405741|-0.019404|0.260578|0.070526|15679.209810|-0.537467|-1.766560|-26.214169|-4.141937|0.257849|-4.289388|-0.084815|-3.386041|-3307.899748|-122261276.135579|-53.473580|239219.342140|-0.000003|-1330017.610717|-1.261067|0.024271|5.562709|-0.001782|-2.945720|-16.650000|0.110801|-1.766560|-81.664456
1417|-34688307.995183|5.025842|-1.717378|-5.800000|-11.268727|-1.850577|-2.732572|-9.776673|1934.600000|-1.717378|-0.339792|-43052801.066169|-0.072897|-4.340691|-1.868824|0.484401|-5.800000|-4.000000|-3106165.808927|0.762158|-0.000000|-8.285177|-3.627870|-0.017931|0.238974|0.087270|16984.904642|-0.544799|-1.519557|-25.522208|-4.275653|0.257849|-4.289388|-0.084815|-3.386041|-3306.554012|-122261276.135579|-71.965569|239219.342140|-0.000003|-1330017.610717|-1.218200|0.023021|5.566240|-0.000064|-2.994579|-12.650000|0.110801|-1.519557|-81.664456
1418|-33706275.841294|4.988414|-1.717378|-5.800000|-11.268727|-2.128641|-2.732572|-9.776673|1934.600000|-1.717378|-0.339792|-41054517.901280|-0.072897|-4.460142|-1.869841|0.484401|0.200000|-4.000000|-3107380.390230|0.762158|-0.000000|-6.421288|-3.333985|-0.016458|0.226469|0.095633|17608.532787|-0.537971|-1.293978|-30.912655|-4.322267|0.257849|-4.289388|-0.089997|-3.386041|-3308.072401|-121585470.938801|-67.687098|239219.342140|-0.000003|-1330017.610717|-1.175334|0.021846|5.567213|0.001737|-3.043438|-14.650000|0.110801|-1.293978|-81.664456
1419|-33611245.548500|4.974978|-1.717378|-5.800000|-11.268727|-2.570698|-2.732572|-9.776673|1934.600000|-1.717378|-0.339792|-40413614.760334|-0.072897|-4.519868|-1.870038|0.484401|-7.800000|-4.000000|-3107091.555186|0.762158|-0.000000|-6.291270|-3.369389|-0.014985|0.219785|0.098155|18563.752036|-0.517424|-1.176851|-31.822304|-4.266498|0.257849|-4.289388|-0.109932|-3.386041|-3305.744584|-121217434.496208|-97.449819|239219.342140|-0.000003|-1330017.610717|-1.132467|0.020369|5.565344|0.003481|-3.092297|-12.650000|0.110801|-1.176851|-81.664456
1420|-37088875.621626|4.942991|-1.717378|-5.800000|-11.268727|-3.351608|-2.732572|-9.776673|1934.600000|-1.717378|-0.310243|-43887148.015567|-0.072897|-5.549731|-1.869511|0.484401|-9.800000|-4.000000|-3103704.863415|0.762158|-0.000000|-6.478573|-3.452018|-0.013513|0.205842|0.098831|18455.254509|-0.504758|-1.146362|-29.559799|-4.098220|0.257849|-4.289388|-0.134256|-3.386041|-3307.605107|-121217434.496208|-109.142353|239219.342140|-0.000003|-1330017.610717|-1.089600|0.015067|5.559959|0.005066|-3.141155|-14.650000|0.110801|-1.146362|-81.664456
1421|-33959397.679854|4.926637|-1.717378|-5.800000|-11.268727|-3.677192|-2.732572|-9.776673|1934.600000|-3.386041|-0.310243|-41227033.064250|-0.072897|-5.561010|-1.868935|0.484401|-7.800000|-4.000000|-3102554.992228|0.762158|-0.000000|-6.276512|-2.913335|-0.012040|0.197197|0.101275|17379.359873|-0.502161|-1.152848|-28.251398|-3.810869|0.257849|-4.289388|-0.165212|-3.386041|-3308.761102|-121217434.496208|-125.144848|239219.342140|-0.000003|-1330017.610717|-1.046733|-0.000691|5.549627|0.006482|-3.190014|-12.650000|0.013478|-1.152848|-81.664456
1422|-33546878.796473|4.921771|-1.717378|-5.800000|-11.268727|-4.352721|-2.732572|-9.776673|1934.600000|-3.386041|0.056068|-40958987.379034|-0.072897|-5.561010|-1.868335|0.484401|-7.800000|-4.000000|-3101966.493896|0.762158|-0.000000|-8.581312|-3.191255|-0.010567|0.185576|0.101921|17868.423984|-0.502673|-1.167210|-27.332639|-3.408967|0.257849|-4.289388|-0.176952|-3.386041|-3307.540050|-121217434.496208|-138.546614|239219.342140|-0.000003|-1330017.610717|-1.019119|-0.001906|5.535510|0.007716|-3.238873|-10.650000|0.013478|-1.167210|-81.664456
1423|-31426368.524748|4.876805|-1.717378|-5.800000|-11.268727|-4.773438|-2.732572|-9.776673|1934.600000|-3.386041|0.056068|-38610401.226840|-0.072897|-5.561010|-1.868035|0.484401|-5.800000|-4.000000|-3103113.857013|0.762158|-0.000000|-6.286860|-3.402087|-0.009094|0.171607|0.102948|17917.743366|-0.498230|-1.183344|-29.364468|-2.920466|0.257849|-4.289388|-0.213558|-3.386041|-3307.647335|-120340144.789934|-147.434032|239219.342140|-0.000003|-1330017.610717|-1.009663|-0.005590|5.517299|0.008722|-3.315223|-12.650000|-0.030434|-1.183344|-81.664456
1424|-31651175.774686|5.016449|-1.717378|-5.800000|-11.268727|-5.154086|-2.732572|-9.776673|1934.600000|-3.386041|0.236348|-37487969.342345|-0.072897|-5.561010|-1.868197|0.484401|-3.800000|-4.000000|-3103115.397999|0.762158|-0.000000|-24.121054|-3.562307|-0.007621|0.158856|0.105155|18057.544277|-0.498236|-1.196903|-28.522942|-2.367350|0.257849|-4.289388|-0.230277|-3.386041|-3307.521399|-120273228.059699|-144.892278|239219.342140|-0.000003|-1330017.610717|-1.018237|-0.004353|5.494388|0.009591|-3.391573|-8.650000|-0.030434|-1.196903|-81.664456
1425|-22389936.520878|5.134876|-1.717378|-5.800000|-11.296160|-5.498482|-2.732572|-9.776673|1934.600000|-3.386041|0.236348|-26352441.299705|-0.072897|-5.561010|-1.867966|0.484401|-7.800000|-4.000000|-3104123.168288|0.762158|-0.000000|-12.203633|-4.544645|-0.006148|0.145301|0.105709|17972.746950|-0.502585|-1.196602|-27.998114|-1.772075|0.257849|-4.289388|-0.250088|-3.386041|-3307.629155|-116912056.307914|-159.596730|239219.342140|-0.000003|-1330017.610717|-1.046973|0.000237|5.466260|0.010191|-3.467923|-8.708333|-0.030434|-1.196602|-81.664456
1426|-9762141.240248|5.092949|-3.386041|-5.800000|-11.296160|-5.619602|-2.732572|-9.776673|1934.600000|-3.386041|-1.772921|-12647519.049351|-0.072897|-5.561010|-1.868163|0.484401|-3.800000|-4.000000|-3105429.083682|0.762158|-0.000000|-6.755512|-6.691546|-0.003855|0.127319|0.104706|15699.799207|-0.502465|-1.344786|-28.097663|-1.161293|0.257849|-4.289388|-0.278058|-3.386041|-2082.811811|-115825066.304222|-145.456337|239219.342140|-0.000006|-1330017.610717|-1.113027|0.005427|5.437663|0.010377|-3.544273|-10.775000|-0.030434|-1.344786|-81.664456
1427|-8907160.700000|5.036625|-3.386041|-5.800000|-11.296160|-5.619602|-5.755925|-9.776673|1934.600000|-3.386041|-1.981387|-12232596.073184|-0.072897|-5.561010|-1.867637|0.484401|-9.800000|-4.000000|-3105468.892435|0.762158|-0.000000|-9.217758|-7.993851|-0.001562|0.111678|0.103480|14053.783842|-0.507704|-1.402937|-24.054048|-0.550885|0.257849|-4.289388|-0.298607|-3.386041|-2081.753000|-113869619.197955|-147.646132|239219.342140|-0.000006|-1330017.610717|-1.179082|0.009416|5.430783|0.010401|-3.620623|-12.775000|-0.030434|-1.402937|-81.664456
1428|-6056681.283108|5.117147|-3.386041|-5.800000|-11.296160|-5.619602|-5.755925|-9.776673|1934.600000|-3.386041|-2.115210|-9796125.519647|-0.072897|-5.561010|-1.867375|0.484401|-5.800000|-4.000000|-3211857.754167|0.762158|-0.000000|-9.627759|-9.659510|0.000732|0.097999|0.101592|12158.533621|-0.525262|-1.537037|-24.700225|0.041568|0.257849|-4.289388|-0.331039|-3.386041|-2082.604560|-113738522.143604|-143.067781|239219.342140|-0.000006|-1330017.610717|-1.245136|0.014311|5.442187|0.010206|-3.648115|-8.983333|-0.030434|-1.537037|-81.664456
1429|-13388151.088520|5.047256|-3.386041|-5.800000|-11.296160|-5.619602|-5.755925|-9.776673|1934.600000|-3.386041|-2.115210|-16989470.511109|-0.072897|-5.561010|-1.866308|0.501046|-11.800000|-4.000000|-3630641.213370|0.762158|-0.000000|-7.761442|-10.721676|0.003025|0.089334|0.098645|11302.190753|-0.537203|-1.577085|-18.670130|0.606494|0.257849|-4.289388|-0.359796|-3.386041|-2081.561943|-113738522.143604|-176.197533|239219.342140|-0.000006|-1330017.610717|-1.311191|0.017439|5.468513|0.009955|-3.675606|-13.508333|-0.030434|-1.577085|-81.664456
1430|-13776685.421946|5.021321|-3.386041|-5.800000|-11.296160|-5.619602|-5.755925|-9.776673|1934.600000|-3.386041|-2.115210|-16441485.382253|-0.072897|-5.561010|-1.866710|0.579705|-1.800000|-4.000000|-4269835.081085|0.762158|-0.000000|-14.835619|-11.271650|0.005318|0.080410|0.095141|11161.064257|-0.534614|-1.582628|-17.989563|1.138371|0.257849|-4.289388|-0.373796|-3.386041|-2083.498647|-113738522.143604|-164.919386|239219.342140|-0.000006|-1330017.610717|-1.377245|0.018696|5.509146|0.009659|-3.703097|-13.000000|-0.030434|-1.582628|-81.664456
1431|-13115870.060650|4.992499|-3.386041|-5.800000|-11.296160|-5.619602|-5.755925|-9.776673|1934.600000|-3.386041|-2.115210|-13758585.184114|-0.072897|-8.070302|-1.866599|0.699954|-7.800000|-4.000000|-4911418.917781|0.762158|-0.000000|-11.019821|-12.095229|0.007611|0.076682|0.092082|10742.315606|-0.536490|-1.591725|-15.502251|1.636706|0.257849|-4.289388|-0.382970|-3.386041|-2081.919594|-113738522.143604|-174.551606|239219.342140|-0.000006|-1330017.610717|-1.440423|0.018639|5.562052|0.009339|-3.730589|-14.600000|-0.030434|-1.591725|-81.664456
1432|-14581979.855256|4.966502|-3.386041|-5.800000|-11.296160|-5.619602|-5.755925|-9.776673|1934.600000|-3.386041|-2.115210|-14948997.846520|-0.072897|-8.367521|-1.866856|0.843358|-3.800000|-4.000000|-6083996.827587|0.762158|-0.000000|-9.910091|-12.580124|0.009904|0.074531|0.088802|10615.054315|-0.540296|-1.590752|-14.968460|2.106602|0.321438|-4.289388|-0.390450|-3.386041|-2083.813836|-113738522.143604|-209.001995|239219.342140|-0.000006|-1330017.610717|-1.482135|0.018538|5.628042|0.008996|-3.758080|-16.758333|-0.030434|-1.590752|-81.664456
1433|-8513135.133182|4.946340|-3.386041|-5.800000|-11.296160|-5.619602|-5.755925|-9.776673|1934.600000|-3.386041|-2.115210|-8923172.019287|-0.072897|-8.367521|-1.867607|0.960780|-1.800000|-4.000000|-6840955.281402|0.762158|-0.000000|-16.135437|-13.176023|0.012198|0.071962|0.086017|10759.293190|-0.540742|-1.593807|-14.421975|2.552486|0.321438|-4.289388|-0.396280|-3.386041|-2082.993195|-113738522.143604|-243.423485|239219.342140|-0.000006|-1330017.610717|-1.517505|0.018042|5.704216|0.008610|-4.485606|-20.016666|-0.030434|-1.593807|-64.627743
1434|-12156687.500024|5.052265|-3.386041|-5.800000|-11.296160|-5.619602|-5.755925|-9.776673|1934.600000|-3.386041|-2.115210|-12086650.535307|-0.072897|-8.367521|-1.868295|1.013576|-3.800000|-4.000000|-7583621.480054|0.762158|-0.000000|-6.546414|-13.552449|0.014491|0.071962|0.083465|10525.540574|-0.536620|-1.598773|-18.602707|2.976812|0.321438|-4.289388|-0.412361|-3.386041|-2083.116382|-113738522.143604|-221.734491|239219.342140|-0.000006|-1330017.610717|-1.550893|0.018248|5.788600|0.008210|-5.213132|-16.816666|-0.030434|-1.598773|-64.627743
1435|-13395403.971927|4.834571|-3.386041|-5.800000|-11.296160|-5.619602|-5.755925|-9.776673|1934.600000|-3.386041|-2.115210|-13254337.445704|-0.072897|-8.367521|-1.867703|1.013576|-9.800000|-4.000000|-8329712.033012|0.762158|-0.000000|-10.476129|-13.661332|0.016784|0.071962|0.080932|10695.718298|-0.546163|-1.661090|-12.741148|3.383064|0.321438|-4.289388|-0.424135|-3.386041|-2081.009738|-113738522.143604|-303.377314|239219.342140|-0.000006|-1330017.610717|-1.580931|0.017576|5.879995|0.007821|-5.940658|-25.233333|-0.030434|-1.661090|-64.627743
1436|-16538288.177184|4.791654|-3.386041|-5.800000|-11.296160|-5.619602|-5.755925|-9.776673|1934.600000|-3.386041|-2.115210|-16086479.733843|-0.072897|-8.367521|-1.868031|1.013576|-1.800000|-4.000000|-9075551.098226|0.762158|-0.000000|-11.569929|-13.968293|0.019077|0.069957|0.078701|10597.896889|-0.547020|-1.823944|-15.966937|3.774087|0.321438|-4.289388|-0.430074|-3.386041|-2083.089012|-112211729.718064|-429.926785|239219.342140|-0.000006|-1330017.610717|-1.610968|0.017528|5.976335|0.007421|-6.668184|-22.150000|-0.030434|-1.823944|-64.627743
1437|-14905226.700126|4.743130|-3.386041|-5.800000|-11.296160|-5.619602|-5.755925|-9.776673|1934.600000|-3.386041|-2.115210|-13813015.969110|-0.072897|-8.367521|-1.867572|1.013576|-9.800000|-4.000000|-9940989.777766|0.762158|-0.000000|-6.481720|-13.995901|0.021370|0.067139|0.076597|9787.919694|-0.537991|-1.934187|-10.176567|4.152302|0.321438|-4.289388|-0.434777|-3.386041|-2081.136925|-112211729.718064|-429.609915|239219.342140|-0.000006|-1330017.610717|-1.641005|0.017492|6.076967|0.007039|-7.395710|-24.441666|-0.030434|-1.934187|-64.627743
1438|-16451356.054984|4.546423|-3.386041|-6.000000|-11.296160|-5.619602|-5.755925|-9.776673|1934.600000|-3.386041|-2.115210|-14873977.645071|-0.072897|-8.367521|-1.866407|1.013576|-11.800000|-4.000000|-10263780.409700|0.762158|-0.000000|-7.120524|-14.434011|0.023664|0.066360|0.074856|9196.797167|-0.534827|-2.064309|-1.299228|4.519850|0.321438|-4.289388|-0.442549|-3.386041|-2081.991525|-112211729.718064|-638.889000|239219.342140|-0.000006|-1330017.610717|-1.671043|0.018408|6.181372|0.006697|-8.123236|-24.441666|-0.030434|-2.064309|-64.627743
1439|-13352624.221518|4.417426|-3.386041|-6.800000|-11.296160|-5.619602|-5.755925|-9.776673|1934.600000|-3.386041|-2.115210|-10761154.731515|-0.072897|-8.367521|-1.866448|1.013576|-1.800000|-4.000000|-10601825.662073|0.762158|-0.000000|-7.232273|-14.675722|0.025957|0.062522|0.073057|8758.216617|-0.532179|-2.108393|-12.660699|4.878704|0.321438|-4.289388|-0.452186|-3.386041|-2083.989704|-112211729.718064|-402.110310|239219.342140|-0.000006|-1330017.610717|-1.701080|0.020161|6.290080|0.006341|-8.850762|-24.450000|-0.030434|-2.108393|-64.627743
1440|-14927567.928428|4.409463|-3.386041|-8.000000|-11.296160|-5.619602|-5.755925|-9.776673|1934.600000|-3.386041|-2.115210|-11931699.695801|-0.072897|-8.367521|-1.866157|1.013576|-7.800000|-4.000000|-10601980.973369|0.762158|-0.000000|-11.065611|-15.175576|0.028250|0.053432|0.071408|5784.753770|-0.536878|-2.118664|-9.515508|5.230758|0.321438|-4.289388|-0.460384|-3.386041|-2082.329520|-112211729.718064|-383.027089|224762.028822|-0.000006|-1330017.610717|-1.731117|0.020492|6.403557|0.005994|-9.578289|-20.500000|-0.030434|-2.118664|-64.627743
1441|-16434936.204902|4.385455|-3.386041|-9.200000|-11.296160|-5.619602|-5.755925|-9.776673|1934.600000|-3.386041|-2.115210|-15601481.242667|-0.072897|-8.367521|-1.866634|1.013576|-1.800000|-4.000000|-10601392.808666|0.762158|-0.000000|-13.443548|-15.535684|0.030543|0.048572|0.069800|-1145.080806|-0.541230|-2.120729|-12.283218|5.577915|0.326154|-4.289388|-0.466697|-3.386041|-2083.832699|-112211729.718064|-311.734133|221124.924864|-0.000006|-1330017.610717|-1.758831|0.020102|6.529353|0.005637|-10.305815|-21.658333|-0.030434|-2.120729|-64.627743
1442|-19109246.145036|4.382941|-3.386041|-11.400000|-11.296160|-5.619602|-5.755925|-9.776673|1934.600000|-3.386041|-2.115210|-19628186.885270|-0.050942|-8.367521|-1.866873|1.013576|-5.800000|-4.000000|-10595135.505308|0.762158|-0.000000|-10.574981|-15.918397|0.032339|0.041233|0.068259|-580.512874|-0.542976|-2.120430|-11.086274|5.922181|0.326154|-4.289388|-0.474510|-3.386041|-2081.981926|-112211729.718064|-282.525365|221124.924864|-0.000006|-1330017.610717|-1.786545|0.019208|6.655377|0.005277|-11.033341|-21.916666|-0.030434|-2.120430|-64.627743
1443|-22090632.778420|4.299480|-3.386041|-12.800000|-11.296160|-5.619602|-5.755925|-9.776673|1934.600000|-3.386041|-2.115210|-21857110.656399|-0.038613|-8.367521|-1.866992|1.013576|-6.000000|-4.000000|-10589513.331401|0.762158|-0.000000|-8.671656|-16.074185|0.032747|0.037683|0.066906|-557.492544|-0.541276|-2.120668|-11.692857|6.265789|0.326154|-4.289388|-0.480697|-3.386041|-2083.638616|-112211729.718064|-273.277543|201170.238714|-0.000006|-1330017.610717|-1.797946|0.017985|6.784401|0.004923|-11.760867|-21.916666|-0.030434|-2.120668|-64.627743
1444|-24584186.906652|4.311610|-3.386041|-14.200000|-11.296160|-5.927198|-5.755925|-9.776673|1934.600000|-3.386041|-2.115210|-23513857.359323|-0.038613|-8.367521|-1.867364|1.013576|-4.800000|-4.000000|-10585510.123182|0.762158|-0.000000|-7.891224|-15.991477|0.033156|0.035302|0.065623|1502.401707|-0.542414|-2.120315|-13.667786|6.611379|0.326154|-4.289388|-0.476746|-3.386041|-2083.247775|-112211729.718064|-255.634612|201170.238714|-0.000006|-1330017.610717|-1.792511|0.015166|6.916001|0.004570|-12.488393|-21.916666|-0.030434|-2.120315|-64.627743
1445|-22519660.976464|4.282304|-3.386041|-15.600000|-11.296160|-6.586451|-5.755925|-12.506294|1934.600000|-3.386041|-2.115210|-20880719.721043|0.007541|-8.367521|-1.867550|1.013576|-6.000000|-4.000000|-10703352.027281|0.762158|-0.000000|-10.136427|-15.756192|0.033564|0.032462|0.064341|4874.726086|-0.546708|-2.119421|-15.690890|6.947595|0.326154|-4.289388|-0.413433|-3.386041|-2082.172280|-112211729.718064|-241.493759|201170.238714|-0.000006|-1330017.610717|-1.779207|0.010732|7.049705|0.004221|-13.215919|-24.491666|-0.030434|-2.119421|-64.627743
1446|-22084085.721580|4.255811|-3.386041|-17.000000|-11.296160|-7.373394|-5.755925|-12.506294|1934.600000|-3.386041|-2.115210|-20155081.341464|0.018303|-8.367521|-1.867331|1.013576|-9.200000|-4.000000|-10702158.142544|0.762158|-0.000000|-7.982395|-15.203050|0.033973|0.029045|0.063132|7527.314508|-0.545190|-2.118319|-12.855792|7.265070|0.326154|-3.386041|-0.392118|-3.386041|-2082.462548|-112211729.718064|-261.205023|201170.238714|-0.000006|-1330017.610717|-1.755462|0.006096|7.186439|0.003893|-13.943445|-23.250000|-0.030434|-2.118319|-64.627743
1447|-24829039.945130|4.226564|-3.386041|-18.600000|-11.296160|-8.656819|-5.755925|-12.506294|1934.600000|-3.386041|-2.115210|-23192245.776323|0.018303|-8.367521|-1.866598|1.013576|-15.400000|-4.000000|-10801585.750497|0.762158|-0.000000|-6.791073|-14.932683|0.034381|0.024440|0.062041|8955.233274|-0.549465|-2.109733|-10.205125|7.558296|0.326154|-3.386041|-0.387206|-3.386041|-2083.037143|-112211729.718064|-263.902927|201170.238714|-0.000006|-1330017.610717|-1.728710|0.002985|7.324647|0.003610|-14.670971|-24.141666|-0.030434|-2.109733|-64.627743
1448|-23695796.640286|4.173578|-3.386041|-19.200000|-11.296160|-9.437061|-5.755925|-15.286536|1934.600000|-3.386041|-2.115210|-21789544.170850|0.031363|-8.367521|-1.865921|1.013576|-14.800000|-4.000000|-11345899.771310|0.762158|-0.000000|-10.209770|-14.464347|0.034790|0.020135|0.061087|11028.218787|-0.551821|-2.094713|-8.245457|7.824270|0.326154|-3.386041|-0.380900|-3.386041|-2082.684916|-112211729.718064|-282.463008|201170.238714|-0.000006|-1330017.610717|-1.699002|-0.001497|7.465024|0.003385|-15.398497|-24.716666|-0.030434|-2.094713|-64.627743
1449|-20915677.788180|4.052385|-3.386041|-18.800000|-11.296160|-9.952518|-5.755925|-15.834115|1934.600000|-3.386041|-2.115210|-18853428.881522|0.031363|-8.367521|-1.865582|0.997382|-16.200000|-4.000000|-11673026.978359|0.762158|-0.000000|-9.044814|-13.627173|0.035199|0.018850|0.060272|11332.336499|-0.551821|-2.075105|-6.943402|8.060865|0.326154|-3.386041|-0.366555|-3.386041|-2082.149189|-112185923.022177|-233.509236|201170.238714|-0.000006|-1330017.610717|-1.669294|-0.003841|7.607468|0.003211|-16.126023|-24.750000|-0.030434|-2.075105|-64.627743
1450|-23910822.544836|3.853216|-3.386041|-18.000000|-11.296160|-10.609360|-5.755925|-15.834115|1934.600000|-3.386041|-2.115210|-20785298.374915|0.031363|-8.367521|-1.864480|0.997382|-21.600000|-4.000000|-11866076.072080|0.762158|-0.000000|-8.536585|-12.781608|0.035607|0.013138|0.059709|9739.914442|-0.556102|-2.066253|2.717556|8.265098|0.326154|-3.386041|-0.343893|-3.386041|-2082.300065|-112185923.022177|-344.859567|201170.238714|-0.000006|-1330017.610717|-1.643616|-0.006915|7.752997|0.003116|-16.853549|-30.750000|-0.076327|-2.066253|-64.627743
1451|-21189652.743190|3.760439|-3.386041|-17.800000|-11.296160|-11.394121|-5.755925|-15.834115|1934.600000|-3.386041|-2.115210|-18417545.043630|0.031363|-8.367521|-1.864551|0.997382|-13.000000|-4.000000|-11982475.058468|0.762158|-0.000000|-10.007772|-11.840580|0.036016|0.008685|0.059627|7267.934012|-0.555979|-2.057027|-1.770562|8.434142|0.326154|-3.386041|-0.331254|-3.386041|-2083.128648|-112185923.022177|-292.361895|201170.238714|-0.000006|-1330017.610717|-1.617937|-0.009449|7.903313|0.003081|-17.581075|-26.750000|-0.076327|-2.057027|-64.627743
1452|-29439858.134072|3.753633|-3.386041|-17.600000|-11.296160|-11.984640|-5.755925|-15.834115|1934.600000|-3.386041|-2.115210|-27666129.769342|0.031363|-8.367521|-1.707203|0.997382|-18.600000|-4.000000|-11964725.921433|0.762158|-0.000000|-6.906104|-11.255095|0.036424|0.003559|0.059429|5323.398451|-0.551991|-2.055816|-0.762558|8.564641|0.326154|-3.386041|-0.315925|-3.386041|-2082.068537|-112185923.022177|-311.163924|201170.238714|-0.000006|-1330017.610717|-1.594300|-0.011023|8.058541|0.003117|-18.308602|-22.750000|-0.076327|-2.055816|-64.627743
1453|-25347036.506978|3.533263|-3.386041|-17.200000|-11.296160|-11.984640|-5.755925|-15.834115|1934.600000|-3.386041|-2.115210|-25552328.149848|0.031363|-8.367521|-1.707504|0.997382|-17.200000|-4.000000|-11974546.205216|0.762158|-0.000000|-7.942987|-10.303151|0.036833|-0.000143|0.059235|1793.858961|-0.540458|-2.053417|-2.967463|8.654259|0.326154|-3.386041|-0.304344|-3.386041|-2081.935247|-112185923.022177|-316.879439|201170.238714|-0.000006|-1330017.610717|-1.570664|-0.013576|8.218444|0.003196|-19.008636|-26.750000|-0.076327|-2.053417|-64.627743
1454|-27473027.504446|3.439385|-3.386041|-16.600000|-11.296160|-12.257470|-5.755925|-20.106945|1934.600000|-3.386041|-2.115210|-28620033.524556|0.031363|-8.367521|-1.707655|0.997382|-18.800000|-4.000000|-11435601.770146|0.762158|-0.000000|-6.402001|-9.860158|0.037241|-0.000143|0.059264|-349.173362|-0.536311|-2.050325|-2.290644|8.700647|0.326154|-3.386041|-0.296517|-3.386041|-2082.922228|-112185923.022177|-344.577941|201170.238714|-0.000006|-1330017.610717|-1.547101|-0.015390|8.382299|0.003316|-19.708671|-24.750000|-0.076327|-2.050325|-64.627743
1455|-27974489.084156|3.281446|-3.386041|-16.400000|-9.990923|-12.504317|-5.755925|-21.565498|1934.600000|-3.386041|-2.115210|-29704640.890939|0.031363|-8.367521|-1.708015|0.997382|-18.000000|-4.000000|-11008021.105241|0.762158|-0.000000|-7.831712|-9.226672|0.037650|-0.000143|0.059623|-3652.152665|-0.536311|-2.050071|-2.290644|8.715207|0.326154|-3.386041|-0.287782|-3.386041|-2082.604554|-112185923.022177|-292.365816|201170.238714|-0.000006|-1330017.610717|-1.525516|-0.016285|8.550217|0.003450|-20.408706|-24.750000|-0.076327|-2.050071|-64.627743
1456|-30932073.687696|3.217128|-3.386041|-15.600000|-6.975393|-13.108606|-5.755925|-21.565498|4524.600000|-3.386041|-2.115210|-33077827.328044|0.031363|-8.367521|-1.709050|0.997382|-11.800000|-4.000000|-10891186.256278|0.762158|-0.000000|-24.316318|-8.768775|0.038879|-0.000143|0.060168|-6276.673105|-0.535288|-2.054839|-9.017393|8.706389|0.326154|-3.386041|-0.287782|-3.386041|-2082.538569|-112185923.022177|-278.319525|201170.238714|-0.000006|-1330017.610717|-1.507024|-0.017124|8.719403|0.003568|-21.108741|-26.750000|-0.076327|-2.054839|-64.627743
1457|-34617804.572264|3.208934|-3.386041|-15.600000|-6.975393|-13.464868|-5.755925|-21.565498|4524.600000|-3.386041|-2.115210|-36554322.562775|0.031363|-8.367521|-1.708998|0.997382|-21.600000|-4.000000|-10770798.190542|0.762158|-0.000000|-7.707565|-8.729467|0.040108|-0.000143|0.060640|-8558.165174|-0.541975|-2.063822|-5.988044|8.678346|0.326154|-3.386041|-0.286358|-3.386041|-2081.883909|-112185923.022177|-292.116831|201170.238714|-0.000006|-1330017.610717|-1.504345|-0.017156|8.891807|0.003694|-21.808775|-24.750000|-0.076327|-2.063822|-64.627743
1458|-38454248.722542|3.130355|-3.386041|-16.400000|-6.068219|-13.596724|-5.755925|-21.565498|4524.600000|-3.386041|-2.115210|-40532579.394878|0.031363|-8.367521|-1.709257|0.997382|-17.200000|-4.000000|-10541003.418618|0.762158|-0.000000|-8.245833|-8.393150|0.041337|-0.000143|0.060934|-11218.201974|-0.536234|-2.071409|-5.654106|8.632021|0.326154|-3.386041|-0.286358|-3.386041|-2083.466991|-112185923.022177|-204.504056|201170.238714|-0.000006|-1330017.610717|-1.503151|-0.018771|9.064740|0.003834|-22.508810|-26.750000|-0.076327|-2.071409|-120.653956
1459|-35636262.939268|3.074010|-3.386041|-17.000000|-6.068219|-13.716023|-5.755925|-21.565498|4524.600000|-3.386041|-2.115210|-37080645.402085|0.031363|-8.367521|-1.710814|0.997382|-8.600000|-4.000000|-10218157.353667|0.762158|-0.000000|-7.986630|-8.158853|0.042565|-0.000143|0.061301|-12071.066913|-0.532482|-2.088592|-16.133226|8.568294|0.326154|-3.386041|-0.279298|-3.386041|-2298.183388|-112185923.022177|-178.408239|201170.238714|-0.000006|-1330017.610717|-1.507777|-0.017525|9.238639|0.004023|-23.208845|-30.750000|-0.076327|-2.088592|-120.653956
