900|nan|nan|nan|nan|nan|nan|nan|nan|nan|nan|nan|nan|nan|nan|nan|nan|nan|nan|nan
901|nan|nan|nan|nan|nan|nan|nan|nan|nan|nan|nan|nan|nan|nan|nan|nan|nan|nan|nan
902|nan|nan|nan|nan|nan|nan|nan|nan|nan|nan|nan|nan|nan|nan|nan|nan|nan|nan|nan
903|nan|nan|nan|nan|nan|nan|nan|nan|nan|nan|nan|nan|nan|nan|nan|nan|nan|nan|nan
904|nan|nan|nan|nan|nan|nan|nan|nan|nan|nan|nan|nan|nan|nan|nan|nan|nan|nan|nan
905|nan|nan|nan|nan|nan|nan|nan|nan|nan|nan|nan|nan|nan|nan|nan|nan|nan|nan|nan
906|nan|nan|nan|nan|nan|nan|nan|nan|nan|nan|nan|nan|nan|nan|nan|nan|nan|nan|nan
907|nan|nan|nan|nan|nan|nan|nan|nan|nan|nan|nan|nan|nan|nan|nan|nan|nan|nan|nan
908|nan|nan|nan|nan|nan|nan|nan|nan|nan|nan|nan|nan|nan|nan|nan|nan|nan|nan|nan
909|nan|nan|nan|nan|nan|nan|nan|nan|nan|nan|nan|nan|nan|nan|nan|nan|nan|nan|nan
910|nan|nan|nan|nan|nan|nan|nan|nan|nan|nan|nan|nan|nan|nan|nan|nan|nan|nan|nan
911|nan|nan|nan|nan|nan|nan|nan|nan|nan|nan|nan|nan|nan|nan|nan|nan|nan|nan|nan
912|nan|nan|nan|nan|nan|nan|nan|nan|nan|nan|nan|nan|nan|nan|nan|nan|nan|nan|nan
913|nan|nan|nan|nan|nan|nan|nan|nan|nan|nan|nan|nan|nan|nan|nan|nan|nan|nan|nan
914|nan|nan|nan|nan|nan|nan|nan|nan|nan|nan|nan|nan|nan|nan|nan|nan|nan|nan|nan
915|nan|nan|nan|nan|nan|nan|nan|nan|nan|nan|nan|nan|nan|nan|nan|nan|nan|nan|nan
916|nan|nan|nan|nan|nan|nan|nan|nan|nan|nan|nan|nan|nan|nan|nan|nan|nan|nan|nan
917|nan|nan|nan|nan|nan|nan|nan|nan|nan|nan|nan|nan|nan|nan|nan|nan|nan|nan|nan
918|nan|nan|nan|nan|nan|nan|nan|nan|nan|nan|nan|nan|nan|nan|nan|nan|nan|nan|nan
919|nan|nan|nan|nan|nan|nan|nan|nan|nan|nan|nan|nan|nan|nan|nan|nan|nan|nan|nan
920|nan|nan|nan|nan|nan|nan|nan|nan|nan|nan|nan|nan|nan|nan|nan|nan|nan|nan|nan
921|nan|nan|nan|nan|nan|nan|nan|nan|nan|nan|nan|nan|nan|nan|nan|nan|nan|nan|nan
922|nan|nan|nan|nan|nan|nan|nan|nan|nan|nan|nan|nan|nan|nan|nan|nan|nan|nan|nan
923|nan|nan|nan|nan|nan|nan|nan|nan|nan|nan|nan|nan|nan|nan|nan|nan|nan|nan|nan
924|nan|nan|nan|nan|nan|nan|nan|nan|nan|nan|nan|nan|nan|nan|nan|nan|nan|nan|nan
925|nan|nan|nan|nan|nan|nan|nan|nan|nan|nan|nan|nan|nan|-127.655656|nan|12.161602|nan|nan|nan
926|nan|nan|nan|nan|nan|nan|nan|nan|nan|nan|nan|nan|nan|-109.235548|nan|12.282899|nan|nan|nan
927|nan|nan|nan|nan|nan|nan|nan|nan|nan|nan|nan|nan|nan|-115.859469|nan|12.406072|nan|nan|nan
928|nan|nan|nan|nan|nan|nan|nan|nan|nan|nan|nan|nan|nan|-134.619349|nan|12.375406|nan|nan|nan
929|nan|nan|nan|nan|nan|nan|nan|nan|nan|nan|nan|nan|nan|-115.940112|14.685416|12.532638|nan|nan|nan
930|nan|nan|nan|nan|nan|nan|nan|nan|nan|nan|nan|nan|nan|-147.669494|7.093045|4.780859|nan|nan|nan
931|nan|nan|nan|nan|nan|nan|nan|nan|nan|nan|nan|nan|nan|-127.816163|7.093045|4.837561|nan|nan|nan
932|nan|nan|nan|nan|nan|nan|nan|nan|nan|nan|nan|nan|nan|-108.389377|7.093045|4.908541|nan|nan|nan
933|nan|nan|nan|nan|nan|nan|nan|nan|nan|nan|nan|nan|nan|-100.073114|7.093045|4.989833|nan|nan|nan
934|nan|nan|nan|nan|24.779280|nan|nan|nan|nan|nan|nan|nan|nan|-77.526753|7.093045|5.232063|nan|nan|nan
935|nan|nan|nan|nan|28.272968|nan|nan|nan|nan|nan|nan|nan|nan|-55.335528|7.093045|5.443285|nan|nan|nan
936|nan|nan|nan|nan|30.009483|nan|nan|nan|nan|-15.807942|nan|nan|nan|-61.545375|7.093045|5.627786|nan|nan|nan
937|nan|nan|nan|nan|32.721320|nan|nan|nan|nan|-18.149252|nan|nan|nan|-56.381041|7.093045|5.635388|nan|nan|nan
938|nan|nan|nan|nan|34.464850|nan|nan|nan|nan|-30.855687|nan|nan|nan|-62.550330|7.093045|5.658576|nan|nan|nan
939|nan|nan|nan|nan|34.996745|nan|nan|nan|nan|-8.406653|nan|nan|nan|-44.824360|7.093045|5.847509|nan|nan|nan
940|nan|nan|nan|nan|35.619123|nan|nan|nan|nan|-23.185496|nan|nan|nan|-40.084616|7.093045|6.009818|nan|nan|nan
941|nan|nan|nan|nan|36.228448|nan|nan|nan|nan|-16.204074|nan|nan|nan|-37.298082|7.093045|6.149412|nan|nan|nan
942|nan|nan|nan|nan|37.545593|nan|nan|nan|nan|-10.410338|nan|nan|nan|-20.808985|7.093045|6.269611|nan|nan|nan
943|nan|nan|nan|nan|38.858816|nan|nan|nan|nan|-16.279260|nan|nan|nan|-42.113492|7.093045|6.219392|nan|nan|nan
944|nan|-3.203947|nan|nan|38.623609|nan|nan|nan|nan|-18.049514|nan|nan|nan|-26.484920|7.093045|6.344354|-0.008507|nan|nan
945|nan|-1.212853|nan|nan|38.999051|nan|nan|nan|nan|-9.160661|nan|nan|nan|-11.585034|7.093045|11.778793|-0.006305|nan|nan
946|nan|0.228791|nan|nan|39.293461|nan|nan|nan|nan|-5.451132|nan|nan|nan|-10.932196|7.093045|30.967089|-0.006488|nan|nan
947|nan|1.332305|nan|nan|39.540657|nan|nan|nan|nan|-10.169465|nan|nan|nan|-9.903637|7.093045|33.891572|-0.006580|nan|nan
948|nan|3.262422|nan|nan|40.284556|nan|nan|nan|nan|3.525704|nan|nan|nan|4.005322|7.093045|33.957646|-0.004377|nan|nan
949|nan|2.152341|nan|-13.445742|40.826214|nan|nan|nan|nan|-24.271168|nan|nan|nan|-30.166789|7.093045|33.860236|-0.010985|nan|nan
950|nan|2.060358|nan|1.079195|40.556024|nan|nan|nan|nan|-7.517825|nan|nan|nan|-13.089557|7.093045|33.427830|-0.008599|nan|nan
951|nan|2.824456|nan|nan|40.800918|nan|nan|nan|nan|6.068735|nan|nan|nan|3.052609|7.093045|33.498229|-0.006213|nan|nan
952|nan|2.030594|nan|-11.407172|41.341552|nan|nan|nan|nan|-3.113504|nan|nan|nan|-18.666972|7.093045|33.403526|-0.010618|nan|nan
953|nan|2.001603|nan|2.111644|41.117811|nan|nan|nan|nan|-15.301552|nan|nan|nan|-2.890439|7.093045|33.488681|-0.008415|nan|nan
954|nan|1.945810|nan|nan|40.906689|nan|-57.292623|nan|nan|-13.894501|nan|nan|nan|0.498501|7.093045|33.559462|-0.008415|nan|nan
955|nan|1.229692|nan|-12.988457|41.341495|nan|-81.035511|nan|nan|-4.686953|nan|nan|nan|-11.048602|7.093045|33.464333|-0.010892|nan|nan
956|nan|1.136709|nan|0.041526|41.073963|nan|-52.647275|nan|nan|-17.007817|nan|nan|nan|5.211782|7.093045|32.516135|-0.008781|nan|nan
957|nan|1.583943|nan|nan|41.685324|nan|-48.518076|nan|nan|11.505295|nan|nan|nan|19.638833|7.093045|32.585387|-0.006671|nan|nan
958|nan|0.874425|nan|-15.045247|42.978296|nan|-93.423105|nan|nan|-14.235526|nan|nan|nan|-4.753074|7.093045|32.488374|-0.011259|nan|nan
959|nan|1.796170|nan|23.531059|42.406130|nan|-37.678932|nan|nan|-0.441551|nan|nan|nan|35.907873|7.093045|23.133740|-0.004560|nan|nan
1000|nan|1.104940|nan|-15.025835|44.432378|-18.942952|-107.359148|-0.596555|nan|-7.668859|nan|nan|nan|-1.532300|12.421021|23.011332|-0.011258|nan|nan
1001|nan|0.555211|nan|nan|46.007920|-18.835480|-87.229308|-0.585919|nan|-7.102709|nan|nan|nan|0.222610|23.226739|22.918272|-0.011167|nan|nan
1002|nan|-0.411765|nan|nan|47.468635|-19.033526|-80.003212|-0.585919|nan|-26.308129|nan|-109.481589|nan|-10.410076|23.226739|22.849236|-0.013277|nan|nan
1003|nan|-0.412341|nan|0.061475|48.280797|-18.530825|-46.969628|-0.390707|nan|-6.824483|nan|-107.348131|nan|17.120022|23.226739|22.953629|-0.008781|nan|nan
1004|nan|-1.291414|nan|nan|49.781737|-18.715993|-51.614975|-0.527705|nan|-17.215696|nan|-106.437140|nan|-6.937053|23.226739|22.884552|-0.013185|nan|nan
1005|nan|-2.435770|nan|-37.237495|51.393686|-19.213122|-44.388878|-0.682379|nan|-30.930606|nan|-104.960296|nan|-17.510796|23.226739|22.680802|-0.015204|nan|nan
1006|nan|-3.036103|nan|-22.102010|52.298062|-19.296353|-39.743531|-0.682744|nan|0.980098|nan|-103.631477|nan|-2.501162|23.226739|22.681967|-0.012727|nan|nan
1007|nan|-2.812438|nan|4.225156|52.449638|-18.720381|-10.839145|-0.682744|nan|13.578957|nan|-102.087110|nan|24.671958|23.226739|22.843170|-0.008047|nan|nan
1008|nan|-3.008106|nan|-9.901448|52.967886|-18.517542|-32.001285|-0.682744|nan|-3.294205|nan|-101.220773|nan|11.951031|23.226739|22.819773|-0.010341|nan|nan
1009|nan|-3.892882|nan|nan|52.635263|-18.848281|-40.775831|-0.718563|nan|-18.089020|nan|-101.570367|nan|-12.576405|23.226739|22.806315|-0.014654|nan|nan
1010|nan|-5.000057|nan|-44.492453|52.439927|-19.436750|-48.518077|-0.796596|nan|-38.061618|nan|-102.692105|nan|-23.625008|23.226739|22.646933|-0.016490|nan|nan
1011|nan|-5.936500|nan|nan|52.723557|-19.936176|-44.905028|-0.848523|nan|-35.164203|nan|-103.484557|nan|-21.769866|23.226739|22.529306|-0.016032|nan|nan
1012|nan|-6.748589|nan|nan|52.619399|-20.352765|-28.388236|-0.882173|nan|-32.750120|nan|-104.288500|nan|-19.248058|23.226739|22.445686|-0.015573|nan|nan
1013|nan|-7.118842|nan|nan|52.229745|-20.379743|-35.614333|-0.840917|nan|-9.646914|nan|-104.375434|nan|-4.256071|23.226739|22.543462|-0.012820|nan|nan
1014|nan|-7.785282|nan|nan|52.889872|-20.683873|-33.549733|-0.926859|nan|-22.782033|nan|-105.255937|nan|-16.770539|23.226739|32.364266|-0.014840|nan|nan
1030|nan|-7.414572|nan|5.000767|52.681406|-20.105412|18.065242|-0.926859|nan|-11.808224|nan|-105.046495|nan|22.672294|23.226739|32.626667|-0.007865|nan|nan
1031|nan|-7.084249|nan|4.961556|53.426410|-19.595014|18.065241|-0.849508|nan|5.073866|nan|-104.872105|nan|22.294672|23.226739|32.683576|-0.007682|nan|nan
1032|nan|-7.327354|nan|-19.800298|54.024630|-19.618422|-7.226097|-0.851005|nan|-9.148298|nan|-105.799152|nan|-3.557106|23.226739|32.579307|-0.012087|nan|nan
1033|nan|-7.802343|nan|-29.350677|52.808377|-19.776216|-5.677648|-0.815250|nan|-34.158177|nan|-106.373233|nan|-14.472840|20.063314|19.604456|-0.013209|nan|nan
1034|-34.990872|-8.226711|nan|-28.495153|53.180376|-19.948422|-40.775831|-0.800517|nan|-17.456178|nan|-107.257579|nan|-13.651496|20.063314|19.517563|-0.012842|nan|nan
1035|-20.811076|-8.296096|nan|nan|52.878891|-19.808957|-13.419893|-0.800517|nan|-20.132662|nan|-108.082402|nan|-0.208708|20.063314|19.609999|-0.010364|nan|nan
1036|-6.583266|-8.086691|nan|nan|53.002936|-19.437210|13.936043|-0.753427|nan|-10.802777|nan|-108.558871|nan|13.234080|20.063314|19.687562|-0.007886|nan|nan
1037|-17.181296|-8.111290|nan|nan|52.830743|-19.264899|-21.678290|-0.716182|nan|-17.405018|nan|-109.282397|nan|1.401679|20.063314|19.752590|-0.009814|nan|nan
1038|8.839791|-7.375314|nan|nan|53.041218|-18.671212|16.516792|-0.716182|nan|14.208756|nan|-109.605839|nan|27.250459|20.063314|19.807059|-0.005225|nan|nan
1039|10.582610|-6.904583|nan|nan|53.398338|-17.396555|18.065241|-0.675164|nan|6.041792|nan|-108.802463|nan|28.780510|20.063314|19.852635|-0.004950|nan|nan
1040|23.176554|-6.224804|nan|29.493969|53.247001|-15.700812|16.516792|-0.597568|nan|38.471116|nan|-108.032668|nan|41.395210|20.063314|20.044573|-0.002747|nan|nan
1041|10.457213|-5.870729|nan|15.415973|53.302190|-14.563890|15.484492|-0.597568|nan|10.797070|nan|-107.979494|nan|28.718572|20.063314|20.040864|-0.005041|nan|nan
1042|22.517083|-5.532298|nan|28.439032|52.489982|-13.047123|39.227382|-0.532096|nan|12.776353|nan|-106.926765|nan|41.150456|20.063314|20.192079|-0.002930|nan|nan
1043|22.704467|-4.751423|nan|27.274932|53.714665|-11.278810|13.419894|-0.496505|nan|27.213754|nan|-106.223184|nan|41.044229|20.063314|20.154818|-0.002930|nan|nan
1044|34.243215|-3.941749|nan|39.834601|54.548283|-9.567722|62.454120|-0.430792|nan|28.711472|nan|-105.194683|nan|53.289548|20.063314|20.278478|-0.000911|nan|-112.587039
1045|81.970360|-2.405447|nan|87.006205|55.450407|-6.433639|72.260965|-0.324147|nan|66.096285|nan|-102.425385|nan|103.664782|20.063314|20.680210|0.007533|nan|-112.618533
1046|78.606145|-0.978067|nan|82.516992|57.440114|-3.772619|69.164067|-0.210201|nan|66.131062|nan|-100.092352|nan|102.591191|20.063314|20.832842|0.006890|nan|-112.650028
1047|88.677350|0.707162|nan|93.485998|58.321903|-1.228856|67.099467|-0.052541|nan|70.576003|91.863212|-97.822288|nan|115.185244|20.063314|21.096798|0.008633|nan|-112.681522
1048|122.512024|2.823547|nan|127.018407|59.459676|1.773860|125.940539|0.082641|nan|103.542404|125.184986|-93.846203|nan|152.764176|20.063314|29.253352|0.014598|nan|-112.701274
1049|91.815907|5.006465|nan|94.864040|61.987363|3.837090|70.196366|0.209749|nan|76.735323|94.444658|-91.857592|nan|126.708937|20.063314|29.354800|0.009091|nan|-112.740681
1050|24.438695|5.497050|nan|27.578624|61.765896|4.336704|-8.774545|0.265567|nan|14.511103|27.289149|-90.719904|nan|63.673733|20.063314|29.108798|-0.002929|nan|-112.779829
1051|9.164102|5.421751|nan|nan|61.093690|4.739922|-10.322995|0.294804|nan|0.188352|12.018375|-90.064818|nan|53.269651|20.063314|28.902019|-0.005682|nan|-112.818976
1052|19.167048|6.066943|-1437.473083|nan|61.044401|5.270657|25.807487|0.284240|14.113728|15.875021|21.760605|-88.765250|16.434439|67.990242|20.063314|28.728322|-0.003939|nan|-112.858124
1053|16.779447|6.418608|-1289.979516|20.249044|61.152868|5.957605|10.322995|0.285882|9.852980|3.695213|19.212525|-88.279167|13.853691|70.323240|20.063314|28.736367|-0.004397|nan|-112.935778
1054|26.250175|6.939407|-1151.545469|nan|60.800079|6.537301|-4.645348|0.334133|21.383319|17.180144|28.594848|-86.790390|23.144386|84.694347|20.063314|28.732423|-0.002746|nan|-112.974797
1055|11.957550|7.420300|-1002.964730|13.823986|60.832359|6.775576|-29.420536|0.401212|9.332193|17.921998|14.365226|-85.376838|8.692193|74.947941|20.063314|28.565314|-0.005315|nan|-112.959143
1056|-14.223939|7.134183|-811.400722|nan|60.672610|6.566716|-53.163424|0.452091|-16.671800|1.447604|-11.727916|-85.091080|-17.631444|53.122133|20.063314|28.426587|-0.009994|nan|-112.927898
1057|-15.645162|6.551624|-668.083393|nan|60.678348|6.108137|-52.131125|0.499674|-17.900605|-4.330671|-13.087206|-85.603698|-19.179894|56.571511|20.063314|37.019690|-0.010269|nan|-112.912244
1058|-29.982976|6.194749|-621.019210|-28.507556|60.167256|5.740579|-51.098826|0.538342|-31.632087|-17.766198|-27.467178|-86.180875|-33.632087|45.745054|20.063314|36.770884|-0.012838|nan|-112.938299
1059|-19.040573|5.356968|-596.038745|-16.409702|60.462144|5.402795|-51.614975|0.615958|-20.313653|-6.143719|-16.500094|-85.752333|-22.792942|57.513268|20.063314|36.728139|-0.010911|nan|-112.964354
1100|-32.890086|4.938383|-558.714510|-31.597068|60.268732|4.577360|-26.323637|0.615958|-31.768985|-29.784317|-30.436732|-85.426177|-36.728985|44.306295|20.063314|36.539154|-0.013388|nan|-112.990410
1101|-33.333807|4.537737|-525.593849|-32.138373|59.984171|3.776544|-25.807488|0.639316|-31.485135|-20.685893|-30.931381|-85.158983|-37.245135|44.719214|20.063314|36.392030|-0.013480|nan|-112.970852
1102|-21.911430|4.651451|-481.392648|-19.497146|59.370559|3.242369|-39.227381|0.673385|-21.570196|-14.960422|-19.450876|-84.652385|-25.649840|57.253579|20.063314|36.433188|-0.011461|nan|-112.951294
1103|27.197798|5.282105|-456.732081|29.239043|59.657602|3.429548|-1.032300|0.715157|23.863319|28.395483|29.720942|-83.186949|24.984386|107.345246|27.872087|36.774766|-0.002745|nan|-112.919800
1104|12.304323|6.041852|-465.865381|13.592532|60.320617|3.856910|-13.936044|0.740589|11.135687|19.279126|14.925918|-81.833179|10.016043|92.372407|27.872087|36.731564|-0.005406|nan|-112.900146
1105|-1.563359|6.779775|-476.695129|-0.687413|61.385369|3.831640|-13.936043|0.740589|-0.400000|5.334750|1.064014|-81.994133|-3.920000|78.436364|27.872087|36.696029|-0.007883|nan|-112.880491
1106|9.344171|7.482646|-505.097901|11.514179|61.057964|3.820816|10.839145|0.747882|8.918434|6.941319|11.991272|-81.892359|6.919145|89.275509|27.872087|36.820748|-0.005956|nan|-112.860837
1107|7.869347|7.582150|-519.568858|nan|60.432593|4.188768|-1.548449|0.764011|5.690341|5.337945|10.567689|-81.111512|5.370696|87.977060|27.872087|36.915313|-0.006231|nan|-112.841182
1108|18.780607|8.164828|-550.180125|nan|61.858372|4.523459|35.098183|0.745156|18.609129|19.931093|21.523293|-79.675923|17.969840|98.566204|27.872087|36.985208|-0.004304|nan|-112.801970
1109|17.302642|9.250408|-580.597756|nan|62.462476|4.825764|35.098183|0.766518|17.141036|13.069549|20.116271|-78.337898|16.421391|96.854835|27.872087|37.035007|-0.004580|nan|-112.762758
1110|5.505110|10.255357|-596.911042|nan|63.049370|5.156740|35.614333|0.721322|3.510302|5.218280|8.329715|-77.723169|4.549947|82.421041|27.872087|37.068519|-0.006240|nan|-112.679324
1111|-5.783813|10.961291|-556.358414|-5.272983|63.638189|5.041197|11.355294|0.690991|-3.684993|4.932430|-2.951924|-77.848099|-6.805348|68.003395|27.872087|36.935068|-0.007811|nan|-112.595890
1112|8.733015|11.957683|-533.836802|10.436822|64.233507|5.029963|37.678932|0.648734|8.927200|13.428336|11.559634|-77.247780|7.646845|80.395485|36.580106|39.194954|-0.004520|nan|-112.512456
1113|-0.494805|12.426646|-527.352956|-0.126023|64.545860|5.234855|28.388237|0.638758|-0.362785|25.329642|2.334700|-77.611366|-1.643850|66.351716|36.580106|40.147419|-0.006171|nan|-112.357135
1114|-22.642077|12.658293|-508.834728|-22.284588|64.902721|4.394386|17.549091|0.585909|-16.637224|4.983425|-19.854073|-78.623904|-23.198290|39.070869|36.580106|39.894131|-0.009394|nan|-112.201814
1115|-33.954541|11.890316|-492.715750|nan|66.018916|4.010101|53.679574|0.455582|-31.913229|-10.388699|-31.328175|-80.357443|-34.553584|23.795834|36.580106|39.696013|-0.011707|nan|-112.149704
1116|-57.662872|10.541562|-465.058372|-57.367344|65.874781|3.182733|26.323637|0.288862|-53.415762|-38.561981|-55.210540|-82.366368|-58.296473|-3.700129|36.580106|39.389485|-0.020172|nan|-112.058957
1117|-55.050359|9.784706|-380.695343|-53.607113|65.701039|2.675696|38.711231|0.070095|-52.675369|-37.355796|-52.806310|-84.639859|-55.555724|-5.122454|20.804276|20.243716|-0.019714|nan|-111.968209
1118|-52.444572|9.336744|-298.747759|-51.005332|64.161698|1.801264|74.841714|-0.095724|-48.094264|-38.612384|-50.417659|-86.862839|-52.974975|-6.856717|20.804276|20.187956|-0.019255|nan|-110.415992
1119|-49.324288|8.874388|-247.107345|nan|63.099875|1.400928|46.969627|-0.214095|-46.837366|-23.701411|-47.510245|-89.319198|-49.878077|-8.675813|20.804276|20.151697|-0.018705|nan|-108.961413
1120|-21.938354|8.744024|-171.458731|-20.547240|61.466995|1.708362|6.709947|-0.224621|-23.322140|-7.741629|-20.307833|-92.371492|-24.282140|14.264131|20.804276|20.284945|-0.013843|nan|-107.460409
1121|-33.782248|8.018840|-85.177004|nan|59.740396|1.526985|-20.645990|-0.269142|-31.113229|-36.070676|-32.314465|-95.665286|-36.153584|-2.273307|20.804276|20.241320|-0.015953|nan|-105.565276
1122|-20.340879|7.873627|-42.591957|nan|58.692057|1.137344|2.580748|-0.296433|-15.613336|-11.406338|-19.032296|-98.847903|-22.733691|6.108964|20.804276|20.213909|-0.013568|nan|-104.158917
1123|-20.320840|7.160246|22.411765|nan|56.690347|0.968473|0.000000|-0.323536|-17.773691|-22.467449|-19.213359|-102.950267|-22.733691|1.504909|20.804276|20.199485|-0.013568|nan|-103.716604
1124|-32.173544|6.146869|40.332089|nan|54.750202|1.010778|-2.580749|-0.381067|-29.804780|-51.649024|-31.287234|-106.501901|-34.605135|-12.057259|20.804276|20.195377|-0.015679|nan|-103.509202
1125|-19.248573|5.191184|40.324637|nan|54.137940|1.444016|-4.129198|-0.381067|-19.061391|-28.086783|-18.540364|-107.760450|-22.021391|-1.302946|20.804276|20.199374|-0.013385|nan|-103.556537
1126|17.944670|5.280529|34.709213|18.885722|53.576892|2.565571|6.709947|-0.360156|13.860680|-6.160275|18.575042|-107.501444|15.141391|35.946917|20.804276|20.517347|-0.006778|nan|-103.628725
1127|29.338210|5.328187|10.632162|nan|53.049351|3.813621|16.516792|-0.291759|24.896331|11.079333|29.966521|-107.210352|26.416686|47.593504|20.804276|20.769100|-0.004760|nan|-103.700912
1128|17.504608|5.076482|-3.916863|17.496651|53.457302|4.533255|-9.806846|-0.282602|17.025951|11.149555|18.113965|-107.225229|14.545241|35.263351|20.804276|20.812305|-0.006870|nan|-103.740319
1129|55.231115|5.466628|-21.258221|56.009566|53.241427|6.173822|38.711231|-0.189889|48.623462|41.619173|55.831863|-106.419435|52.224173|74.015874|20.804276|21.153649|-0.000172|nan|-103.787654
1330|78.506929|5.335466|-26.847242|nan|54.190081|7.520976|48.001927|-0.056760|75.770201|56.844512|79.136651|-104.550078|75.450912|99.445274|20.804276|21.416126|0.003957|nan|-103.840284
1331|51.717341|4.650824|-23.492977|51.613669|55.701843|8.325279|20.645990|-0.056760|48.691125|37.098772|52.363270|-102.729019|48.611125|74.608148|20.804276|21.460051|-0.000814|nan|-103.892914
1332|50.739274|3.807088|-49.786206|nan|57.234481|9.515264|30.968985|-0.055505|45.578825|42.833139|51.361756|-100.897255|47.578825|75.378509|20.804276|24.067347|-0.000998|nan|-103.945544
1333|50.277476|2.248998|-64.919103|50.062422|58.688029|10.868755|79.487062|-0.086008|47.222676|42.091989|50.857957|-98.709928|47.062676|76.865021|20.804276|27.176906|-0.001090|nan|-104.017731
1334|62.324019|1.586021|-40.881407|62.975521|59.792346|12.432963|76.390163|0.113232|55.093765|52.537453|62.758902|-96.519639|58.934120|90.939126|20.804276|29.688353|0.001021|nan|-104.089919
1335|48.555922|2.002161|-19.616697|47.997903|60.900437|13.461165|48.518077|0.113232|45.078077|38.484743|48.917264|-94.349154|44.998077|78.805744|20.804276|42.774461|-0.001456|nan|-104.194488
1336|9.999816|1.946598|13.460441|9.281996|61.499549|13.553734|20.645990|0.110754|8.366845|25.564198|10.245114|-93.256391|6.286845|41.897173|20.804276|44.126347|-0.008337|nan|-103.874216
1337|-38.894058|0.643906|72.949671|-39.486966|62.114099|12.909048|-29.936685|0.051164|-36.666315|-16.674603|-38.893498|-93.867255|-42.587381|-5.334392|20.804276|43.657889|-0.017054|nan|-103.711251
1338|-49.086893|-0.727748|144.345848|nan|61.479705|11.746596|-29.420536|-0.051533|-48.830021|-38.605932|-49.396078|-96.195486|-52.910376|-13.303744|20.804276|30.378906|-0.018889|nan|-103.777689
1339|-47.417506|-2.303444|187.798712|nan|59.881228|10.600242|-29.420536|-0.081408|-46.961927|-41.302907|-48.038992|-98.063479|-51.361927|-9.201652|20.804276|30.212797|-0.018614|nan|-103.735511
1340|-46.278961|-3.577708|230.692932|nan|58.704006|9.279084|-40.259680|-0.075081|-43.689627|-31.150580|-47.176947|-99.462745|-50.329627|-6.276381|20.804276|30.085857|-0.018430|nan|-103.637977
1341|-46.179659|-4.270557|259.595721|nan|57.932568|8.185826|-51.614975|0.018850|-45.769983|-38.036293|-47.340156|-101.176692|-50.329627|-4.583409|20.804276|29.991014|-0.018430|nan|-103.475442
1342|-83.262122|-5.731713|342.073625|-84.634133|56.726291|6.177692|-74.325565|-0.187432|-76.691699|-75.266724|-84.750265|-103.895849|-87.252410|-40.219888|15.867590|15.032636|-0.029941|nan|-102.719074
1343|-106.422538|-7.364762|394.693828|nan|54.140308|3.814334|-106.842998|-0.468595|-101.758437|-91.300814|-108.241138|-107.554965|-110.479148|-61.667907|-21.644862|-22.763884|-0.038235|nan|-101.933876
1344|-178.126396|-10.760123|390.339008|-179.281780|49.973356|-0.069242|-200.782254|-0.776149|-165.422186|-140.363175|-180.318351|-113.190363|-180.223964|-132.276973|-79.103964|-80.893157|-0.063800|nan|-101.610011
1345|-220.971038|-14.728488|359.325646|-222.598128|44.930202|-5.455006|-254.977977|-1.023988|-202.181905|-184.486060|-223.525981|-119.655660|-223.064393|-175.161846|-121.944393|-124.389706|-0.079107|nan|-103.868704
1346|-200.357431|-18.205246|303.479425|nan|39.785130|-10.320118|-258.074876|-1.233977|-185.456625|-168.539090|-203.208192|-125.192989|-202.338403|-156.377225|-121.944393|-124.719393|-0.075443|nan|-105.877503
1347|-154.994123|-20.940961|249.309223|-155.530734|35.647163|-14.439621|-210.072949|-1.349891|-141.796158|-144.794289|-158.069313|-129.837721|-156.757225|-112.655478|-121.944393|-124.636368|-0.067370|nan|-107.236539
1348|-123.596268|-24.054220|211.537777|nan|31.939088|-18.578618|-176.007065|-1.472957|-108.311023|-114.042487|-126.845794|-133.337784|-125.112090|-82.264580|-121.944393|-124.539662|-0.061774|nan|-108.526755
1349|-118.539135|-26.809040|160.772930|nan|28.279375|-22.103842|-167.748670|-1.591751|-105.069526|-104.085565|-121.880878|-136.057982|-119.710593|-78.197321|-121.944393|-124.433415|-0.060860|nan|-109.484342
1350|-150.137742|-29.941434|56.388860|-151.040451|24.619675|-25.127105|-171.877868|-1.703893|-136.713950|-121.643265|-153.557572|-139.314092|-151.195728|-111.017985|-121.944393|-124.628666|-0.066465|nan|-110.607609
1351|-141.481734|-33.021869|-45.093333|nan|21.591557|-27.663297|-174.974766|-1.759575|-130.019050|-117.916182|-144.915561|-141.647721|-142.341182|-106.251991|-121.944393|-124.595556|-0.064910|nan|-111.725962
1352|-95.151378|-35.087139|-266.040740|nan|20.240581|-29.521460|-115.101395|-1.783667|-85.405927|-73.030927|-98.537999|-142.771510|-95.887704|-64.915489|-121.944393|-124.384475|-0.056652|nan|-112.677620
1353|-88.058901|-37.268279|-492.448368|nan|19.021414|-31.217341|-107.875299|-1.761927|-76.260186|-73.139145|-91.330641|-143.737869|-86.581608|-62.417325|-121.944393|-124.190730|-0.055371|nan|-113.418837
1354|-79.424295|-39.218238|-696.679612|nan|17.965795|-32.924375|-110.972197|-1.752031|-67.404931|-83.379366|-82.575650|-144.541585|-77.327062|-58.952028|-121.944393|-124.012819|-0.053815|nan|-113.728114
1355|-69.756761|-40.695346|-837.692378|nan|17.132123|-34.230718|-88.261608|-1.705753|-59.838086|-66.921883|-72.872328|-145.784872|-67.520217|-55.357895|-121.944393|-123.849380|-0.052076|nan|-113.696944
1356|-61.120957|-41.774902|-971.395460|nan|16.077719|-34.956532|-42.324280|-1.758351|-51.143894|-59.722337|-64.271517|-146.415819|-58.745671|-52.178413|-121.944393|-123.699180|-0.050518|nan|-113.596955
1357|-52.484638|-42.952186|-1072.047789|nan|14.891305|-35.515328|-22.194439|-1.853766|-42.849348|-39.326050|-55.704283|-147.171149|-49.971125|-48.536837|-121.944393|-123.561097|-0.048961|nan|-113.428145
1358|-43.844678|-43.783129|-1193.796534|nan|13.957238|-35.692447|-25.291338|-1.872942|-36.954802|-30.409837|-47.095009|-147.643444|-43.516579|-44.766502|-121.944393|-123.434112|-0.047404|nan|-113.333891
1359|-34.688450|-43.967736|-1320.494295|nan|13.629851|-35.901061|21.678289|-1.983889|-26.223753|-21.027476|-38.003577|-147.501447|-34.225884|-39.886167|-121.944393|-123.317299|-0.045754|nan|-113.015971
1400|-26.041913|-43.712123|-1424.827312|-24.603935|13.186620|-35.736972|53.679574|-2.133349|-19.849561|-13.355468|-29.471326|-147.473796|-25.771338|-35.476555|-121.944393|-112.563823|-0.044196|nan|-113.024947
1401|-18.937984|-42.823421|-1507.400201|nan|13.212816|-35.449674|34.065884|-2.055589|-13.183819|-5.220143|-22.535522|-148.325056|-18.865241|-32.006905|-121.944393|-87.043717|-0.042913|nan|-113.020866
1402|-13.899717|-41.843596|-1554.912003|-12.206055|13.069052|-35.271361|38.195081|-1.988628|-6.503033|-9.684540|-17.687868|-149.399189|-13.703744|-30.562061|-121.944393|-63.016599|-0.041995|nan|-112.853972
1403|15.383927|-40.276221|-1580.790287|nan|13.029239|-35.425567|67.099468|-1.899625|26.357859|9.088376|11.409375|-149.301243|15.716792|-3.473023|-121.944393|-62.932737|-0.036759|nan|-112.763224
1404|18.857248|-38.716940|-1599.322556|nan|13.454865|-35.275520|82.583960|-2.060830|25.330907|24.974945|14.640302|-150.135450|19.329840|-2.213618|-121.944393|-62.855501|-0.036118|nan|-112.659342
1405|22.331179|-37.653280|-1611.621126|nan|12.751763|-34.838195|72.260966|-1.967177|28.383956|16.528145|17.843927|-151.553067|22.942889|-0.149018|-121.944393|-62.784354|-0.035476|nan|-112.555459
1406|25.799310|-36.298852|-1631.070057|nan|12.339908|-34.526258|37.162782|-1.877671|33.517004|20.241193|21.094454|-152.098774|26.555937|2.060103|-121.944393|-26.265328|-0.034834|nan|-112.438397
1407|40.101341|-34.940990|-1628.155287|42.534464|11.882357|-33.897856|2.580749|-1.909324|45.248130|29.428055|35.324417|-152.190858|41.008130|15.986456|-121.944393|-18.824985|-0.032261|nan|-112.360230
1408|28.074988|-33.880805|-1657.098505|29.255203|11.291069|-33.717843|-19.613690|-1.782231|34.897042|10.971538|23.306958|-152.571740|29.136686|3.239173|-121.944393|-10.030278|-0.034375|nan|-112.321083
1409|38.241954|-32.309544|-1680.008817|41.294428|10.083718|-33.288426|-7.742246|-1.716071|42.738612|13.210559|33.469136|-153.035648|39.459681|13.543770|-121.944393|-0.047411|-0.032535|nan|-112.360359
1410|21.045621|-31.439191|-1671.500003|22.585919|8.930094|-33.013173|-23.742888|-1.668299|27.145670|-27.464928|16.270754|-153.619173|22.426739|-1.709121|-121.944393|5.381787|-0.035566|nan|-112.459766
1411|29.662813|-31.087600|-1620.182015|32.562652|7.833601|-32.349181|-14.968342|-1.729386|31.520216|-31.852146|24.966117|-152.850728|31.841285|10.556846|-121.944393|14.305281|-0.034002|nan|-112.559172
1412|14.533055|-31.349503|-1567.223251|16.518511|7.269477|-32.242051|-67.099468|-1.633839|19.912942|-25.517059|10.050921|-151.113446|16.872942|-0.943720|-121.944393|23.045045|-0.036666|nan|-112.645355
1413|25.729608|-31.121841|-1525.342066|28.901108|7.178231|-31.736047|-78.970912|-1.425350|26.867880|3.911613|21.530293|-148.766239|28.068236|13.629350|-121.944393|28.253008|-0.034644|nan|-112.731538
1414|11.646767|-31.980815|-1494.890510|13.937814|7.604753|-31.157483|-164.651771|-1.238977|12.612193|-9.508063|7.814670|-146.892115|12.132193|2.911085|-121.944393|28.202156|-0.037124|nan|-112.817722
1415|21.314447|-33.114817|-1439.147306|nan|7.329230|-30.170107|-197.685355|-1.000955|20.177969|-7.551860|17.946686|-144.867259|21.859038|16.602373|-111.298403|24.189288|-0.035376|nan|-112.993761
1416|18.091637|-33.803020|-1424.339423|nan|6.967604|-28.848017|-180.136263|-0.763500|14.601428|-30.329177|15.169538|-143.002774|16.522140|19.209763|-85.877225|21.184077|-0.035926|nan|-113.226770
1417|4.032150|-34.769121|-1399.677922|6.592178|8.123776|-27.863931|-148.651128|-0.630796|4.346097|-16.892192|1.551777|-140.446611|2.586097|9.703616|-61.941182|21.101584|-0.038406|nan|-113.402810
1418|2.881813|-35.716430|-1406.234857|5.655468|10.323670|-26.936220|-118.198293|-0.521519|3.073797|-2.073511|0.810154|-137.262615|1.553797|13.812167|-61.941182|21.037869|-0.038589|nan|-114.668498
1419|-10.654400|-37.184879|-1390.088887|nan|13.765637|-26.280121|-126.456690|-0.408948|-10.746097|-7.192764|-12.274972|-132.447545|-11.866097|4.851807|-61.941182|20.989574|-0.040978|nan|-116.042772
1420|-23.682432|-38.673055|-1402.975895|nan|18.053065|-26.291569|-170.845568|-0.255131|-21.729840|-3.546506|-24.739901|-126.829307|-24.769840|-3.984676|-61.941182|20.953894|-0.043274|nan|-116.841416
1421|-36.195176|-39.611856|-1404.083820|-33.105097|23.125257|-26.362883|-174.458616|-0.263890|-34.357078|10.606808|-36.752199|-122.183575|-37.157434|-13.300513|-25.487704|20.774644|-0.045479|nan|-117.605651
1422|-23.411013|-39.231066|-1432.735222|-19.011088|26.429663|-26.374374|-115.101395|-0.224513|-23.293691|-2.330357|-23.535268|-118.505775|-24.253691|3.324004|-18.261608|20.793071|-0.043182|-21575.609672|-118.335475
1423|-35.919497|-38.871348|-1502.184333|-32.593038|29.927894|-26.645301|-120.262893|-0.258952|-33.360929|-14.009735|-35.672883|-116.107187|-36.641285|-6.858965|-9.487062|20.657984|-0.045387|-21575.609672|-119.174265
1424|-35.525422|-38.497196|-1571.334011|nan|33.303879|-26.697490|-110.972197|-0.315566|-32.524779|-22.601161|-34.941295|-113.835443|-36.125135|-4.009818|0.319783|20.558439|-0.045296|-21575.525276|-120.110549
1425|-22.744825|-37.871637|-1666.084043|-18.023940|35.933623|-26.684322|-88.261608|-0.297848|-21.541391|-9.422416|-21.731502|-110.291223|-23.221391|11.752065|5.760996|20.641679|-0.042999|-21575.398683|-120.742879
1426|-35.272410|-37.540997|-1797.979531|-31.529722|39.680621|-27.552926|-91.874656|-0.346467|-27.608629|4.737076|-33.858538|-107.334301|-34.168985|-0.623876|14.535542|20.559007|-0.045204|-14383.458463|-121.183558
1427|-22.520720|-36.163459|-1910.677458|-17.507251|41.330738|-28.331778|-70.196366|-0.332946|-16.465241|-7.474332|-20.720083|-105.294782|-21.265241|14.043770|21.162140|20.655419|-0.042907|-14383.289669|-121.388975
1428|-21.641868|-34.282433|-1965.676884|nan|42.806416|-28.898319|-60.389521|-0.323468|-17.112942|-15.657942|-19.472381|-103.475475|-20.232942|13.626353|21.162140|20.736720|-0.042724|-14383.092746|-121.545837
1429|-20.780146|-30.912134|-2018.103463|nan|44.062104|-30.078337|-50.066526|-0.322765|-11.760642|-15.142309|-18.240884|-101.902735|-19.200642|13.213434|21.162140|20.805256|-0.042540|-5843.028571|-121.702700
1430|-19.927577|-26.613111|-2066.769856|nan|45.067466|-31.630866|-40.259681|-0.324149|-10.648343|-14.193343|-17.024697|-100.549192|-18.168343|12.697284|21.162140|20.863010|-0.038747|-5842.914286|-121.859563
1431|-19.080112|-22.703723|-2126.213576|nan|45.946702|-32.721321|-32.001284|-0.327714|-11.456043|-22.668619|-15.764911|-99.413954|-17.136043|12.077905|21.162140|29.619680|-0.030528|-5842.800000|-122.016426
1432|-17.724291|-19.683953|-2195.720283|nan|46.618999|-33.771058|-25.291338|-0.313280|-9.747238|-12.195927|-13.972764|-98.498030|-15.507594|11.458525|21.162140|29.660643|-0.029424|-5842.685714|-122.147573
1433|-4.500902|-17.063854|-2234.897125|nan|47.423352|-34.590643|17.549092|-0.355861|3.672300|-0.176674|-0.336285|-97.410331|-2.007700|22.747385|21.162140|29.695118|-0.027035|-5842.571429|-122.173628
1434|8.709454|-14.263792|-2258.409382|13.875772|48.344916|-35.386343|34.582033|-0.370588|19.092549|6.426552|13.337241|-96.176005|11.492193|35.573041|21.162140|29.724116|-0.024646|23369.920001|-122.147401
1435|8.497652|-10.845836|-2265.921768|nan|49.014973|-35.951509|38.195082|-0.430473|17.172193|21.752834|13.603918|-95.176805|14.052193|33.978803|21.162140|30.264643|-0.023106|26964.923078|-122.094771
1436|21.197066|-7.302298|-2256.558932|27.930829|48.530320|-35.603505|54.711874|-0.505047|25.995937|12.121962|26.774895|-94.014272|26.955937|47.304460|21.162140|27.408597|-0.012549|26964.712090|-122.042141
1437|32.883641|-4.521966|-2258.028584|nan|48.234022|-34.252795|81.035511|-0.342798|33.867025|38.219047|38.880206|-92.667908|35.627381|58.572674|21.162140|27.544134|-0.009150|26964.659342|-122.002734
1438|7.415516|-2.453619|-2242.249407|13.379429|48.165809|-33.217064|43.872729|-0.433866|12.576399|12.844377|13.799737|-92.845512|10.336043|33.178106|21.162140|27.493924|-0.012084|26964.712090|-121.885672
1439|7.246043|-0.548217|-2224.334743|nan|47.997161|-32.205841|54.195724|-0.472644|12.336043|22.326952|13.993163|-93.104570|10.336043|32.574876|21.162140|27.453074|-0.010328|26964.817584|-121.768611
1440|7.602510|1.154281|-2215.836280|nan|47.741137|-31.201839|37.678932|-0.430556|12.772549|14.002193|14.690969|-93.391891|10.852193|32.987796|21.162140|27.420018|-0.008660|26965.028573|-121.611748
1441|7.964662|2.675035|-2246.306144|nan|47.396738|-30.187825|46.969628|-0.418706|13.448699|25.579454|15.321628|-93.766593|11.368343|33.400716|21.162140|27.393441|-0.006990|26965.239562|-121.454885
1442|20.222447|4.276123|-2245.741887|27.894750|46.040522|-28.292105|44.388879|-0.298243|19.675581|26.705937|27.757098|-94.198017|21.515937|46.247018|21.162140|27.526084|-0.003205|26965.556045|-121.298022
1443|19.595201|5.645815|-2229.942698|nan|44.810938|-26.027533|55.228023|-0.224826|18.999431|8.170342|27.277544|-94.304304|20.839787|45.689576|21.162140|27.111524|-0.001624|23819.947253|-121.141160
1444|18.490958|6.794995|-2211.886482|26.316126|44.402952|-22.592957|40.259681|-0.130112|11.967132|13.463044|26.272028|-94.735305|13.807488|45.446321|21.162140|26.155357|-0.001244|12584.344615|-120.984297
1445|54.084643|8.535323|-2181.048354|61.961401|44.773121|-17.803791|85.680859|0.073454|43.501109|32.046180|61.934237|-93.747791|47.421821|82.404142|21.162140|26.364551|0.005095|449.450549|-121.023704
1446|75.263021|10.553296|-2188.699402|nan|46.927634|-13.023485|103.746100|0.254032|66.662892|68.434601|83.125475|-92.363455|68.583960|105.567443|25.807488|26.521352|0.008862|-12135.473406|-121.076334
1447|95.952275|12.910073|-2194.151917|nan|49.231172|-8.616960|110.456047|0.558595|89.148882|60.921617|103.817058|-89.942149|89.229950|129.507102|25.807488|26.789223|0.012536|-13034.805274|-121.135591
1448|127.511475|15.275390|-2185.793606|135.419404|52.725390|-4.180301|140.908882|0.823535|118.633304|91.640085|135.354562|-86.941180|120.715085|165.277146|25.807488|27.140675|0.018139|-24272.608353|-121.198831
1449|145.162498|17.914833|-2164.436460|153.115097|55.678258|0.485004|145.038080|1.088697|134.182040|78.806602|152.930590|-83.049646|138.264177|188.279776|25.807488|27.553250|0.021260|-36410.550330|-121.262071
1450|112.775382|19.737096|-2145.308437|118.814438|58.861499|5.039417|99.616903|1.266159|99.985319|69.075531|120.345374|-80.373438|105.746743|160.839757|25.807488|27.700993|0.015473|-36412.259340|-121.309407
1451|93.308170|21.094774|-2115.737028|99.264829|62.064083|9.043075|67.615618|1.508913|84.371627|56.440881|100.650082|-78.129469|86.133052|146.694256|25.807488|27.640135|0.011982|-36414.039558|-121.356742
1452|74.881530|21.809068|-2063.031267|nan|63.707772|11.954268|61.937970|1.552465|67.790593|36.526661|82.040764|-76.016267|67.551661|134.122347|25.807488|27.570913|0.008676|-36416.033408|-121.404077
1453|44.590929|22.085533|-1957.646465|50.225441|64.996193|14.176557|19.097540|1.696216|39.258113|37.726603|51.592451|-74.674702|37.098825|109.715788|25.807488|27.342130|0.003257|-36418.098461|-121.356364
1454|52.505356|22.381136|-1803.445181|59.705634|66.411386|16.442488|27.355937|1.870579|44.840004|38.462789|59.389283|-72.726221|44.841072|124.355295|25.807488|27.299121|0.004634|-36420.377140|-121.308650
1455|59.909457|23.146474|-1629.856044|nan|68.401457|18.661134|47.485777|1.859422|52.306100|55.052774|66.616168|-70.202158|54.067168|138.270692|25.807488|27.247876|0.005920|-36422.798243|-121.260936
1456|42.027490|23.372263|-1425.015510|47.164456|68.794582|20.429525|17.032942|1.998974|34.480859|37.262534|48.616641|-67.833515|36.161927|126.853459|25.807488|27.190804|0.002706|-36425.290548|-121.197444
1457|49.444802|24.048611|-1204.902833|56.049924|69.976019|22.224803|37.162782|1.980316|40.186599|58.803023|55.945954|-65.629721|43.388023|140.832293|25.807488|27.283703|0.003991|-36427.925277|-121.133952
1458|56.866127|24.652734|-1051.763103|nan|70.283162|23.982454|45.421178|1.972313|48.132696|66.404120|63.327492|-62.998589|50.614120|154.240998|25.807488|27.338793|0.005276|-36430.631209|-121.133952
1459|39.519066|25.144569|-906.961635|45.592469|70.168435|25.282961|28.904386|1.943944|31.223604|69.505028|45.966253|-60.883993|33.065028|140.703688|25.807488|62.978032|0.002154|-36433.337140|-121.114395
