859|nan|nan|nan|nan|nan|nan|nan|nan|nan|nan|nan|nan|nan|nan|nan|nan|nan|nan|nan
900|nan|nan|nan|nan|nan|nan|nan|nan|nan|nan|nan|nan|nan|nan|nan|nan|nan|nan|nan
901|nan|nan|nan|nan|nan|nan|nan|nan|nan|nan|nan|nan|nan|nan|nan|nan|nan|nan|nan
902|nan|nan|nan|nan|nan|nan|nan|nan|nan|nan|nan|nan|nan|nan|nan|nan|nan|nan|nan
903|nan|nan|nan|nan|nan|nan|nan|nan|nan|nan|nan|nan|nan|nan|nan|nan|nan|nan|nan
904|nan|nan|nan|nan|nan|nan|nan|nan|nan|nan|nan|nan|nan|nan|nan|nan|nan|nan|nan
905|nan|nan|nan|nan|nan|nan|nan|nan|nan|nan|nan|nan|nan|nan|nan|nan|nan|nan|nan
906|nan|nan|nan|nan|nan|nan|nan|nan|nan|nan|nan|nan|nan|nan|nan|nan|nan|nan|nan
907|nan|nan|nan|nan|nan|nan|nan|nan|nan|nan|nan|nan|nan|nan|nan|nan|nan|nan|nan
908|nan|nan|nan|nan|nan|nan|nan|nan|nan|nan|nan|nan|nan|nan|nan|nan|nan|nan|nan
909|nan|nan|nan|nan|nan|nan|nan|nan|nan|nan|nan|nan|nan|nan|nan|nan|nan|nan|nan
910|nan|nan|nan|nan|nan|nan|nan|nan|nan|nan|nan|nan|nan|nan|nan|nan|nan|nan|nan
911|nan|nan|nan|nan|nan|nan|nan|nan|nan|nan|nan|nan|nan|nan|nan|nan|nan|nan|nan
912|nan|nan|nan|nan|nan|nan|nan|nan|nan|nan|nan|nan|nan|nan|nan|nan|nan|nan|nan
913|nan|nan|nan|nan|nan|nan|nan|nan|nan|nan|nan|nan|nan|nan|nan|nan|nan|nan|nan
914|nan|nan|nan|nan|nan|nan|nan|nan|nan|nan|nan|nan|nan|nan|nan|nan|nan|nan|nan
915|nan|nan|nan|nan|nan|nan|nan|nan|nan|nan|nan|nan|nan|nan|nan|nan|nan|nan|nan
916|nan|nan|nan|nan|nan|nan|nan|nan|nan|nan|nan|nan|nan|nan|nan|nan|nan|nan|nan
917|nan|nan|nan|nan|nan|nan|nan|nan|nan|nan|nan|nan|nan|nan|nan|nan|nan|nan|nan
918|nan|nan|nan|nan|nan|nan|nan|nan|nan|nan|nan|nan|nan|nan|nan|nan|nan|nan|nan
919|nan|nan|nan|nan|nan|nan|nan|nan|nan|nan|nan|nan|nan|nan|nan|nan|nan|nan|nan
920|nan|nan|nan|nan|nan|nan|nan|nan|nan|nan|nan|nan|nan|nan|nan|nan|nan|nan|nan
921|nan|nan|nan|nan|nan|nan|nan|nan|nan|nan|nan|nan|nan|nan|nan|nan|nan|nan|nan
922|nan|nan|nan|nan|nan|nan|nan|nan|nan|nan|nan|nan|nan|nan|nan|nan|nan|nan|nan
923|nan|nan|nan|nan|nan|nan|nan|nan|nan|nan|nan|nan|nan|nan|nan|nan|nan|nan|nan
924|nan|nan|nan|nan|nan|nan|nan|nan|nan|nan|nan|nan|nan|32.972541|nan|47.666190|nan|nan|nan
925|nan|nan|nan|nan|nan|nan|nan|nan|nan|nan|nan|nan|nan|40.249309|nan|42.484761|nan|nan|nan
926|nan|nan|nan|nan|nan|nan|nan|nan|nan|nan|nan|nan|nan|40.234274|nan|42.288374|nan|nan|nan
927|nan|nan|nan|nan|nan|nan|nan|nan|nan|nan|nan|nan|nan|38.158908|nan|39.411855|nan|nan|nan
928|nan|nan|nan|nan|nan|nan|nan|nan|nan|nan|nan|nan|nan|33.221384|29.513396|34.083312|nan|nan|nan
929|nan|nan|nan|nan|nan|nan|nan|nan|nan|nan|nan|nan|nan|34.575603|29.513396|33.855214|nan|nan|nan
930|nan|nan|nan|nan|nan|nan|nan|nan|nan|nan|nan|nan|nan|44.562959|28.613787|33.187602|nan|nan|nan
931|nan|nan|nan|nan|nan|nan|nan|nan|nan|nan|nan|nan|nan|37.969782|28.613787|33.006987|nan|nan|nan
932|nan|nan|nan|nan|nan|nan|nan|nan|nan|nan|nan|nan|nan|42.545992|28.280015|32.787844|nan|nan|nan
933|nan|nan|nan|nan|34.440604|nan|nan|nan|nan|nan|nan|nan|nan|40.479191|28.280015|32.670184|nan|nan|nan
934|nan|nan|nan|nan|33.740374|nan|nan|nan|nan|nan|nan|nan|nan|30.637464|26.911006|31.157319|nan|nan|nan
935|nan|nan|nan|nan|34.036276|nan|nan|nan|nan|2.802759|nan|nan|nan|29.225059|26.911006|30.840861|nan|nan|nan
936|nan|nan|nan|nan|33.756950|nan|nan|nan|nan|1.547693|nan|nan|nan|32.912629|26.911006|30.701025|nan|nan|nan
937|nan|nan|nan|nan|33.660601|nan|nan|nan|nan|19.836639|nan|nan|nan|25.567417|26.911006|30.546952|nan|nan|nan
938|nan|nan|nan|nan|35.212948|nan|nan|nan|nan|16.147056|nan|nan|nan|20.982763|26.911006|30.075890|nan|nan|nan
939|nan|nan|nan|nan|36.589898|nan|nan|nan|nan|26.434074|nan|nan|nan|21.142318|26.911006|29.670505|nan|nan|nan
940|nan|nan|nan|nan|37.186486|nan|nan|nan|nan|40.490869|nan|nan|nan|24.740817|26.911006|29.475063|nan|nan|nan
941|nan|nan|nan|nan|35.935193|nan|nan|nan|nan|18.513270|nan|nan|nan|37.290882|14.740798|17.583396|nan|nan|nan
942|nan|nan|nan|nan|36.342983|nan|nan|nan|nan|36.093782|nan|nan|nan|43.942213|14.740798|17.767315|nan|nan|nan
943|nan|0.426167|nan|nan|37.169116|nan|nan|nan|nan|25.299431|nan|nan|nan|62.092238|14.740798|18.490535|0.006270|nan|nan
944|nan|2.032085|nan|nan|38.488157|nan|nan|nan|nan|29.468682|nan|nan|nan|51.084463|14.740798|18.549503|0.004565|nan|nan
945|nan|3.580346|nan|nan|38.914323|nan|nan|nan|nan|28.660640|nan|nan|nan|58.420351|14.740798|19.012026|0.005521|nan|nan
946|nan|5.148718|nan|nan|39.734991|nan|nan|nan|nan|25.942705|nan|nan|nan|61.098635|14.740798|19.168894|0.005815|nan|nan
947|nan|6.735490|nan|nan|40.351333|nan|nan|nan|nan|9.230024|nan|nan|nan|67.560098|14.740798|19.546706|0.006660|nan|nan
948|nan|7.502773|nan|30.673173|41.088475|nan|nan|nan|nan|1.699441|nan|nan|nan|57.842621|14.740798|19.477235|0.005078|nan|nan
949|nan|8.277615|nan|36.752881|41.171609|nan|nan|nan|nan|-0.585043|nan|nan|nan|64.677927|14.740798|19.828460|0.005910|nan|nan
950|nan|8.868300|nan|nan|41.238509|nan|nan|nan|nan|-9.390636|nan|nan|nan|65.306114|14.740798|20.042580|0.005861|nan|nan
951|nan|9.316713|nan|31.752313|41.789789|nan|nan|nan|nan|16.490084|nan|nan|nan|61.494282|14.740798|19.839387|0.005223|nan|nan
952|nan|9.112348|nan|17.567122|42.423542|nan|nan|nan|nan|3.788988|nan|nan|nan|48.049367|14.740798|19.312649|0.003127|nan|nan
953|nan|8.724118|nan|16.655244|42.399462|nan|32.528576|nan|nan|16.646507|nan|nan|nan|47.208060|14.740798|19.154820|0.002857|nan|nan
954|nan|8.560598|nan|nan|42.515859|nan|36.316714|nan|nan|3.143815|nan|nan|nan|52.294047|14.740798|18.979308|0.003494|nan|nan
955|nan|8.132339|nan|12.371891|42.664349|nan|34.504997|nan|nan|12.735572|nan|nan|nan|45.539314|14.740798|18.638216|0.002404|nan|nan
956|nan|7.920759|nan|nan|42.886984|nan|36.399065|nan|nan|26.928674|nan|nan|nan|48.749031|14.740798|44.643290|0.002795|nan|nan
957|nan|7.686134|nan|nan|43.060760|nan|32.363875|nan|nan|25.944728|nan|nan|nan|48.220657|14.740798|44.356753|0.002612|nan|nan
958|nan|7.699405|nan|23.269906|42.736649|nan|35.904960|nan|nan|23.877058|nan|nan|nan|57.491048|14.740798|34.888606|0.003897|nan|nan
959|nan|7.408764|nan|12.858446|42.847214|18.862658|26.928720|0.158473|nan|31.138952|nan|nan|nan|47.969328|14.740798|34.540881|0.002427|nan|nan
1000|nan|7.378429|nan|21.621312|42.374743|19.030919|44.469446|0.199239|nan|31.105982|nan|nan|nan|56.893499|14.740798|24.867050|0.003652|nan|nan
1001|nan|7.165546|nan|13.433405|42.797855|18.745356|30.140402|0.173013|nan|21.283297|nan|-83.880494|nan|48.781708|14.740798|24.450179|0.002488|nan|nan
1002|nan|6.476461|nan|-6.297817|43.203048|17.882350|14.493746|0.122437|nan|2.045867|nan|-84.524138|nan|28.888323|14.740798|23.780919|-0.001276|nan|nan
1003|nan|5.906532|nan|-4.820127|43.665893|17.158486|13.258483|0.092862|nan|5.914845|nan|-84.987063|nan|29.713796|14.740798|23.383985|-0.001178|nan|nan
1004|nan|5.222207|nan|nan|44.192710|16.304312|-2.058770|0.072750|nan|-0.551256|nan|-85.629359|nan|24.360993|14.740798|22.896762|-0.002763|nan|nan
1005|nan|4.502679|nan|-16.122660|44.890407|15.343537|-8.729188|0.064010|nan|-5.488188|nan|-86.652421|nan|19.292473|14.740798|22.344782|-0.004312|nan|nan
1006|nan|3.918595|nan|-11.957635|45.054373|14.647884|-2.058771|0.035216|nan|-10.048039|nan|-87.374983|nan|23.215209|14.740798|22.210294|-0.003786|nan|nan
1007|nan|3.275623|nan|-16.788671|46.367858|13.793446|-12.846729|0.035216|nan|2.596502|nan|-88.315232|nan|18.505878|14.740798|21.788102|-0.004610|nan|nan
1008|nan|3.071904|nan|0.198415|46.397641|13.635276|-0.905859|0.031303|nan|11.793290|nan|-88.733385|nan|34.774414|14.740798|22.223112|-0.002162|nan|nan
1009|nan|2.835293|nan|0.826838|47.098172|13.445443|0.741158|0.030671|nan|16.210179|nan|-88.833853|nan|35.137451|14.740798|22.399430|-0.001929|nan|nan
1010|nan|2.701305|nan|nan|47.544600|13.293685|6.505715|0.030671|nan|20.298638|nan|-88.844462|nan|36.184607|14.740798|22.525450|-0.001660|nan|nan
1011|nan|2.504958|nan|-1.369127|48.435589|13.004158|14.081991|0.030671|nan|16.540226|nan|-89.057587|nan|30.351393|21.411215|22.456848|-0.002260|nan|nan
1012|nan|2.528427|nan|8.020086|48.783418|13.003723|29.563947|0.030671|nan|10.535447|nan|-88.861059|nan|37.561686|21.411215|22.698583|-0.001023|nan|nan
1013|nan|2.484010|nan|4.716990|48.727771|12.889583|44.387096|0.048899|nan|15.407377|nan|-88.608400|nan|33.731072|21.411215|22.718312|-0.001354|nan|nan
1014|nan|2.590495|nan|11.909201|48.113854|13.000533|39.034292|0.048899|nan|13.284080|nan|-88.205565|nan|39.122711|21.411215|23.025946|-0.000448|nan|nan
1030|nan|2.864830|nan|22.099776|47.716891|13.325498|55.339755|0.191432|nan|23.627301|nan|-87.654949|nan|47.947772|21.411215|35.900965|0.001021|nan|nan
1031|nan|3.924228|nan|62.488456|49.308354|14.858419|98.326886|0.246384|nan|45.128573|nan|-86.310548|nan|90.166873|21.411215|37.554947|0.007116|nan|nan
1032|nan|4.735831|nan|63.048707|50.251885|16.195358|105.244356|0.283690|nan|29.730229|nan|-85.176182|nan|92.396048|21.411215|38.649848|0.007298|nan|nan
1033|102.871408|5.691737|nan|71.337351|50.973398|17.574436|101.620920|0.329868|nan|37.782638|nan|-84.336898|nan|100.669773|21.411215|39.602804|0.008337|nan|nan
1034|88.050936|6.270048|nan|55.396143|51.268967|18.445024|92.315276|0.355081|nan|20.576509|nan|-83.590942|nan|86.760401|21.411215|39.972077|0.006122|nan|nan
1035|85.521115|6.806207|nan|53.669833|51.828265|19.230089|89.185945|0.370831|nan|22.007600|nan|-83.108179|nan|85.178821|21.411215|40.342622|0.005705|nan|nan
1036|91.185912|7.586320|nan|58.567663|51.941463|20.123810|90.174155|0.387166|nan|11.318402|nan|-82.534966|nan|91.778735|21.411215|40.863624|0.006487|nan|nan
1037|98.565762|8.575498|nan|65.851441|52.191631|21.084274|83.009633|0.405399|nan|21.993776|nan|-81.931361|nan|100.115490|21.411215|41.342129|0.007513|nan|nan
1038|88.110439|9.339444|nan|54.025565|52.517195|21.655781|70.327605|0.420316|nan|10.976734|nan|-81.326207|nan|90.442243|21.411215|41.166394|0.005899|nan|nan
1039|89.532264|10.157246|nan|55.622103|53.005665|22.326977|75.598058|0.425950|nan|22.140738|nan|-80.834570|nan|92.807359|21.411215|41.250966|0.006044|nan|nan
1040|89.153501|10.852837|nan|53.786812|53.789298|22.791030|67.527678|0.439535|nan|12.688526|nan|-80.341490|nan|93.579310|21.411215|41.076315|0.005934|nan|nan
1041|92.411039|11.448505|nan|57.769059|53.804833|23.450542|73.045183|0.443653|nan|35.910705|nan|-79.649968|nan|98.365540|21.411215|41.316646|0.006361|nan|nan
1042|104.601561|12.000804|nan|69.536388|54.174355|24.407386|83.586089|0.449207|nan|38.418321|nan|-78.253120|nan|112.186807|21.411215|41.724414|0.008107|nan|nan
1043|88.529668|11.948993|nan|52.335067|54.873663|24.998811|75.762760|0.447671|nan|30.571195|nan|-77.280875|nan|97.606755|21.411215|41.642751|0.005662|nan|-76.340652
1044|88.597174|12.057762|nan|52.734519|55.315164|25.590047|65.551257|0.457003|nan|22.408459|nan|-76.454484|nan|99.167464|21.411215|41.641316|0.005612|nan|-76.344015
1045|76.382084|11.907115|nan|39.674409|55.778935|25.616727|61.269015|0.456101|nan|18.357196|nan|-75.780526|nan|88.312979|33.911215|64.574487|0.003755|nan|-76.349961
1046|60.636844|11.443783|nan|23.514089|55.995301|25.380188|37.469626|0.455871|nan|12.502930|35.294815|-75.630297|nan|74.181578|33.911215|62.050448|0.001385|nan|-76.356780
1047|57.012205|10.906586|nan|20.830642|56.013894|25.096822|13.999641|0.460756|nan|13.914079|33.521638|-75.543138|nan|72.192644|33.911215|53.150829|0.000823|nan|-76.368569
1048|57.971587|10.496350|nan|21.662163|56.407881|24.931645|15.481955|0.467732|nan|2.287348|35.486522|-75.671400|nan|75.090328|33.911215|49.072171|0.000945|nan|-76.380829
1049|50.898424|9.963108|nan|13.378080|56.513586|24.712542|2.964630|0.471551|nan|7.410922|29.350368|-75.711424|nan|69.536345|33.911215|48.421629|-0.000117|nan|-76.393088
1050|61.878472|9.695516|nan|24.807034|57.071538|24.951926|8.811538|0.477601|nan|14.081100|41.372612|-75.672316|nan|82.880126|33.911215|44.450876|0.001494|nan|-76.409023
1051|64.214562|9.390945|2259.279724|nan|56.786589|25.162944|14.576096|0.490910|16.361613|16.161527|44.705170|-75.355839|39.726369|87.775004|33.911215|44.433366|0.001823|nan|-76.437448
1052|50.803739|9.068127|2303.342992|12.965749|56.546847|25.139703|-3.129331|0.474911|7.177269|19.584423|32.479523|-74.867582|25.420834|76.059610|33.911215|44.055069|-0.000178|nan|-76.466350
1053|39.693063|8.715029|2327.796168|1.766850|56.286306|24.965755|2.141121|0.475267|-6.022445|15.422494|21.887796|-74.713761|9.501121|66.481889|33.911215|39.404853|-0.001837|nan|-76.489150
1054|43.005893|8.355248|2328.550701|6.099665|55.699978|24.979083|6.917470|0.475614|-6.490760|14.579727|25.700140|-74.321859|11.752804|71.090609|27.575026|31.374687|-0.001361|nan|-76.606741
1055|36.585170|7.972694|2324.019996|-1.530386|55.271589|24.712095|2.223472|0.457784|-6.195584|10.418883|19.803916|-73.980287|5.247088|64.641585|27.575026|30.919913|-0.002324|nan|-76.921933
1056|43.903572|7.725362|2320.176749|6.375487|54.833093|24.561682|5.435154|0.447317|1.293073|11.290293|27.810494|-73.512682|12.493961|70.973372|27.522532|30.934165|-0.001251|nan|-77.095767
1057|55.006468|7.673723|2306.528066|18.110859|53.852935|24.521501|24.787599|0.442791|10.887491|33.281397|39.599675|-72.622714|23.528972|79.758172|27.522532|31.099770|0.000383|nan|-77.123542
1058|62.056105|7.666338|2307.938242|24.537270|53.451207|24.404861|29.563947|0.450633|22.367015|38.601842|47.376115|-72.001496|30.528792|85.338900|24.128792|28.100736|0.001420|nan|-77.079203
1059|68.295571|7.818797|2312.568022|30.648657|53.081915|24.599277|41.834220|0.449585|20.862437|30.353153|54.264453|-71.266367|36.705104|89.759722|24.128792|28.515868|0.002334|nan|-77.058998
1100|60.340224|7.817117|2299.235017|22.103531|53.386055|24.346991|43.728289|0.402081|25.515593|33.828839|46.836369|-70.805897|28.717074|80.021252|24.128792|28.326657|0.001151|nan|-77.035480
1101|50.973116|7.685106|2271.504300|13.603067|52.941639|23.955681|75.351006|0.381203|12.607896|24.549178|37.461626|-70.491547|19.329080|69.119182|24.128792|28.283038|-0.000239|nan|-76.999578
1102|58.142437|8.016051|2248.658992|20.736079|53.091386|23.630494|83.750791|0.371979|21.932418|31.445048|44.505946|-70.207517|26.493602|74.569627|24.128792|28.353652|0.000822|nan|-76.975577
1103|50.804837|8.222936|2218.229335|12.556887|53.320921|23.230115|83.421387|0.344952|15.242897|24.541338|36.977185|-70.065492|19.164378|65.326327|24.128792|28.051115|-0.000263|nan|-77.056096
1104|47.809171|8.496994|2197.800643|10.106111|53.731997|22.746114|65.551257|0.326812|17.398564|17.837680|33.913467|-70.176884|17.399748|61.147621|24.128792|27.922243|-0.000702|nan|-77.168196
1105|39.013175|8.669902|2191.462271|0.761650|54.856045|21.953416|54.022142|0.306584|15.389969|13.123670|25.010393|-70.791213|12.590561|50.304358|24.128792|27.315154|-0.001994|nan|-77.367438
1106|30.770100|8.781091|2193.730841|-7.393308|54.976693|21.071472|51.139863|0.286203|6.038421|9.212391|16.305911|-72.744950|4.437829|40.437550|24.128792|26.649423|-0.003200|nan|-77.648883
1107|33.394684|8.978956|2203.059988|-3.719277|54.706144|20.562884|60.774910|0.263155|3.796293|3.961613|18.340910|-74.596558|6.675406|41.441050|24.128792|26.253460|-0.001112|nan|-77.863592
1108|31.472395|8.989896|2202.802546|-6.800087|54.631566|20.024493|48.092882|0.241086|8.544280|17.766547|15.897684|-76.668660|4.863688|37.774549|24.128792|25.765197|-0.001380|nan|-78.073645
1109|27.806693|8.864226|2190.936861|-10.351674|54.536165|19.389306|45.540007|0.224591|5.003490|11.913125|11.747780|-78.367883|1.322603|32.659159|24.128792|25.364466|-0.002447|nan|-78.311000
1110|25.941628|8.683894|2187.827363|-12.075071|54.900690|18.823297|43.069482|0.199434|3.353531|14.018712|9.433751|-80.020253|-0.406765|28.566547|24.128792|24.883000|-0.003017|nan|-78.645047
1111|21.679799|8.483317|2176.274854|nan|55.306585|18.182872|41.834220|0.182981|-0.764602|4.191464|4.593455|-81.913041|-4.524306|22.885763|24.128792|24.498018|-0.004294|nan|-79.019664
1112|23.510191|8.218539|2161.870065|-12.985645|55.427028|17.684300|55.586808|0.157282|-0.388182|-3.162746|5.735070|-83.940635|-2.547886|22.905770|24.128792|24.346798|-0.004002|nan|-79.341211
1113|27.384633|8.008441|2137.967837|-8.959029|55.456627|17.127609|43.151833|0.148539|9.327304|-2.913732|9.069732|-85.540544|1.487304|24.465962|24.128792|39.493327|-0.003404|nan|-79.563734
1114|26.978803|7.747501|2105.412412|nan|55.753108|16.747566|42.575377|0.132617|2.759660|8.593730|8.120345|-87.165553|0.360252|21.394745|24.128792|46.264307|-0.003441|nan|-79.799069
1115|35.048608|7.460553|2076.436321|-1.267008|55.407754|16.490063|38.293134|0.129587|14.515334|-6.706450|15.861687|-88.536398|8.595334|27.200253|24.128792|46.497448|-0.002222|nan|-80.030819
1116|23.267101|6.413048|2050.647512|-13.320932|56.267719|15.940903|10.705608|0.122737|2.585051|3.929305|3.738637|-90.301118|-4.536132|11.959212|24.128792|49.598715|-0.003940|nan|-80.300673
1117|19.478785|5.331175|2021.659666|-17.372371|56.577245|15.693192|3.294033|0.112413|-5.678977|-3.994013|-0.485833|-92.491503|-13.119569|6.165007|24.128792|49.260496|-0.004892|nan|-80.667530
1118|9.589137|3.956091|1984.717166|-26.704890|56.821092|15.193235|-5.599856|0.089403|-10.036078|-19.521764|-10.868568|-94.473638|-22.836966|-5.726648|24.128792|48.695015|-0.007816|nan|-81.127416
1119|12.219372|2.922800|1944.075941|-23.143535|57.037880|14.931324|-9.964450|0.079219|-12.035854|-17.465054|-8.694872|-96.356689|-21.477038|-4.416952|24.128792|57.055843|-0.007401|nan|-81.446939
1120|8.676138|1.898103|1908.450091|-27.381738|57.338891|14.672999|-2.470525|0.056284|-16.132534|-16.939851|-12.727442|-97.969407|-27.333422|-9.096444|24.128792|56.703718|-0.008082|nan|-81.788982
1121|7.602605|0.834473|1883.078201|-27.416403|57.333126|14.432086|-1.152912|0.043691|-15.837802|-19.439364|-14.586073|-99.180118|-28.239281|-10.799001|24.128792|54.783795|-0.008392|nan|-82.168530
1122|15.022574|-0.225177|1856.366815|-19.855638|57.541576|14.462561|-7.082171|0.038998|-15.141526|2.506820|-7.965263|-100.079376|-21.943005|-4.589935|24.128792|54.764645|-0.007272|nan|-82.386759
1123|22.520218|-1.057059|1828.696102|-12.193548|57.845782|14.406464|-10.623257|0.039058|0.117396|7.063325|-1.205589|-100.810310|-14.284378|1.932250|24.128792|54.981019|-0.006139|nan|-82.473504
1124|18.234634|-1.907241|1794.895826|-17.184815|58.323038|14.139290|-11.529115|0.035746|-2.399259|12.893081|-6.278231|-101.439341|-18.401919|-3.690851|24.128792|54.886214|-0.006749|nan|-82.541851
1125|17.896467|-2.732496|1752.772193|nan|59.083876|13.853087|-18.199533|0.032777|-2.804846|28.796748|-7.510361|-102.383215|-18.566621|-5.858053|24.128792|54.830866|-0.006774|nan|-82.655949
1126|21.267121|-3.429343|1702.395496|-13.171425|59.549664|13.758761|-7.411574|0.026020|-3.903761|-2.308600|-5.092383|-103.305910|-15.025535|-3.676109|24.128792|54.960837|-0.006250|nan|-82.884011
1127|24.881086|-4.239393|1665.383059|-9.058886|60.176003|13.586572|7.411575|0.014192|3.644672|4.991730|-2.481854|-103.710042|-11.237397|-1.579781|24.128792|55.080170|-0.005690|nan|-83.075887
1128|28.166436|-4.698724|1626.898678|-6.930291|61.009754|13.505670|17.870129|-0.002673|4.302816|11.106152|-0.112852|-103.732828|-7.778663|0.072968|39.396013|55.189781|-0.005178|nan|-83.475989
1129|33.261421|-5.033921|1584.129795|-0.346321|61.732506|13.461294|29.316894|-0.017566|10.853268|10.399183|4.027377|-103.711485|-2.508210|4.647245|46.262413|53.545304|-0.004398|nan|-83.716059
1330|91.260547|-4.185811|1557.763463|57.199040|62.640957|14.858935|79.468547|0.007807|46.588514|20.238506|61.502061|-101.961347|55.631473|64.615169|46.262413|55.602387|0.004212|nan|-83.743712
1331|93.173684|-3.375253|1544.800135|58.935268|64.161917|15.350986|72.139324|0.031429|69.927580|23.264002|62.927972|-100.406264|57.690244|67.777513|49.799748|56.889162|0.004516|nan|-83.780577
1332|96.986512|-2.345052|1527.406008|63.354184|65.163171|15.886813|83.256686|0.050738|67.160125|9.058354|66.320716|-99.094220|65.883084|73.255198|49.799748|58.174432|0.005101|nan|-83.834443
1333|108.408634|-1.151044|1505.429798|74.878916|66.643424|16.486912|87.456577|0.082273|76.208351|16.646586|77.354751|-97.671806|77.412199|86.612429|49.799748|59.443316|0.006807|nan|-83.872829
1334|93.390458|-0.245585|1474.654886|59.640919|67.915270|16.741170|69.586448|0.101450|64.744036|-2.947853|61.872782|-96.853358|62.506700|73.591409|54.567346|59.761309|0.004600|nan|-83.917766
1335|76.783427|0.348564|1440.025508|43.025105|68.340752|16.590672|44.387096|0.115716|53.874166|-18.628127|44.928562|-96.266254|46.036535|59.252556|54.567346|59.640522|0.002162|nan|-83.942688
1336|76.368099|0.898069|1390.656646|nan|69.132418|16.367019|35.987311|0.128895|55.066817|-11.493797|44.543882|-95.422905|46.589482|61.294710|54.567346|59.639989|0.002125|nan|-83.971059
1337|75.918004|1.582841|1359.053013|nan|69.825590|15.984260|38.457836|0.144270|55.860062|-16.378041|44.241695|-94.755695|46.342430|63.524771|54.567346|59.579541|0.002088|nan|-83.999430
1338|67.625822|2.279432|1383.725972|34.162481|70.079969|15.561311|28.575737|0.155373|43.309977|-24.494614|36.243530|-94.107456|41.872049|57.997457|54.567346|59.319165|0.000894|nan|-84.022784
1339|55.595009|2.740157|1408.589095|22.388840|70.534352|14.856276|13.258484|0.161180|37.054105|-22.545098|24.488725|-93.713076|31.855881|49.060890|54.567346|58.905714|-0.000848|nan|-84.038938
1340|56.146854|3.254966|1431.085727|23.211083|70.391617|14.177993|12.352624|0.173710|35.318206|16.840278|25.451944|-93.017732|45.399389|52.934673|54.567346|58.531440|-0.000726|nan|-84.064841
1341|62.023408|3.808975|1478.250941|30.269611|70.046040|13.666871|14.411395|0.180997|43.012739|29.003226|31.969136|-91.970546|51.575701|62.161260|54.567346|58.499888|0.000187|nan|-84.117251
1342|59.458883|4.028836|1503.247135|27.161387|69.998886|12.851295|14.164342|0.194882|46.389562|29.814071|30.129384|-91.080206|49.352228|63.093325|54.567346|58.274859|-0.000141|nan|-84.161827
1343|40.637061|3.839805|1511.474979|9.103409|69.659576|11.837666|-0.247053|0.188638|30.663272|24.856559|11.943652|-90.712059|30.905643|46.942900|54.567346|57.593681|-0.002869|nan|-84.202956
1344|38.333651|3.578131|1524.168295|8.014950|69.220143|10.886058|-2.388174|0.191913|28.529204|8.357561|10.333123|-90.300214|30.691574|47.054605|54.567346|57.392318|-0.003149|nan|-84.244086
1345|35.863255|3.274661|1552.058410|nan|68.481282|10.129686|3.788138|0.186051|20.230137|3.517589|8.510690|-89.908995|28.632804|46.675938|52.721225|54.979263|-0.003454|nan|-84.285215
1346|35.294383|3.207483|1573.300151|5.489093|67.697406|9.711432|-7.988030|0.189438|14.145435|2.458811|8.785508|-89.419297|25.348102|48.473855|47.293365|49.401807|-0.003478|nan|-84.359091
1347|32.917364|2.964887|1577.112176|2.606455|67.323259|9.277019|-13.587887|0.196352|16.089609|5.860963|7.348803|-89.042917|23.371682|47.838991|47.293365|49.106164|-0.003770|nan|-84.431400
1348|36.713541|2.890334|1589.664810|8.016813|66.794912|8.972520|-19.105392|0.214299|19.969501|5.526359|12.165810|-88.652307|27.571574|53.300498|47.293365|49.007641|-0.003148|nan|-84.505276
1349|34.096231|2.836183|1606.542827|4.584444|66.210810|8.757276|-18.528936|0.222330|13.345435|2.017961|10.595499|-88.345739|22.468102|52.283086|47.293365|48.910401|-0.003477|nan|-84.630956
1350|37.312543|2.901048|1622.377309|9.111776|65.749979|8.536950|-18.281884|0.240260|20.408279|-4.831366|14.830146|-88.171154|26.091538|57.838347|42.144871|43.974512|-0.002941|nan|-84.757931
1351|30.466861|2.921738|1608.489179|1.787124|64.599894|8.048102|-25.611107|0.246800|17.825804|-4.464029|8.966253|-87.845310|19.668174|53.012771|42.144871|43.811225|-0.003890|nan|-84.872069
1352|21.887588|2.813056|1603.797719|-6.369048|63.565603|7.602711|-26.187563|0.248279|7.033369|0.932592|1.315447|-87.680796|11.515442|45.503314|42.144871|43.510121|-0.005094|nan|-85.052986
1353|5.721867|2.407008|1587.348429|-21.793478|62.698490|6.992324|-34.257944|0.250885|-7.095047|-17.234980|-13.942189|-87.658758|-5.973566|30.141820|42.144871|42.951090|-0.007419|nan|-85.164886
1354|2.133924|2.075743|1579.251046|nan|61.909381|6.316176|-41.504816|0.257102|-6.704081|-12.720442|-16.647136|-87.801715|-9.102897|27.526327|40.082985|40.443024|-0.007881|nan|-85.249038
1355|8.921417|1.887296|1589.170814|nan|61.369561|5.959693|-34.422645|0.259933|-6.333958|-7.497850|-8.828667|-87.558468|-4.736024|32.815793|40.082985|40.244113|-0.006810|nan|-85.170967
1356|17.599110|1.936229|1603.069582|-7.827908|61.410843|5.764810|-21.740618|0.263909|4.085803|31.885155|0.956211|-87.040941|4.404917|39.190786|40.082985|40.394536|-0.005460|nan|-85.109398
1357|16.296155|1.939236|1620.390824|-9.429008|61.925407|5.259854|-18.775988|0.264277|8.383475|26.283075|0.667371|-86.758360|3.581409|36.276550|40.082985|40.200648|-0.005582|nan|-85.047829
1358|23.549379|2.056605|1646.849442|-0.433408|62.188305|4.894701|-7.576276|0.264930|15.484451|33.832386|8.887872|-86.450494|11.322387|41.351999|40.082985|40.355508|-0.004438|nan|-84.947638
1359|26.085217|2.195474|1662.749579|nan|62.117908|4.471594|0.741157|0.264249|20.210253|41.797993|12.469890|-85.963141|14.369367|41.252388|40.082985|40.473238|-0.003988|nan|-84.857141
1400|27.969659|2.298634|1674.625297|nan|61.726328|4.215851|61.269014|0.225086|15.877836|43.208303|15.019938|-85.424749|16.757541|41.317576|40.082985|40.560575|-0.003635|nan|-84.803861
1401|29.854457|2.525265|1651.248750|7.191873|61.283921|4.205590|65.715959|0.182926|17.866010|28.927615|17.526182|-84.920956|19.145715|41.228290|40.082985|40.776985|-0.003282|nan|-84.747131
1402|23.830723|2.704027|1623.085778|0.301094|60.941085|3.913603|64.151294|0.148041|16.188801|25.568470|12.045584|-84.702618|13.628210|32.822612|40.082985|40.783956|-0.004097|nan|-84.681716
1403|21.763595|3.016193|1600.908331|nan|60.255829|3.714421|74.115743|0.113633|10.303839|17.160846|10.476231|-84.627746|10.463544|28.530487|40.082985|40.781106|-0.004328|nan|-85.001962
1404|13.438040|3.188720|1593.174146|-8.747399|60.526305|3.322470|51.386916|0.087478|7.840807|12.206155|2.683025|-84.915803|2.640216|17.836842|40.082985|40.462925|-0.005485|nan|-85.670242
1405|7.516743|3.364306|1575.897238|-14.507433|60.619883|2.950539|29.481596|0.068474|-1.994052|7.162667|-3.105551|-86.990890|-9.034939|9.531370|40.082985|40.056063|-0.006288|nan|-86.361171
1406|6.139295|3.627814|1568.675784|nan|60.349865|2.728010|28.328684|0.051093|-5.459321|-17.990017|-4.498600|-89.049075|-12.900798|6.040910|40.082985|39.738595|-0.005579|nan|-87.082732
1407|12.753521|3.919391|1558.013172|-6.946981|60.064322|2.658169|35.163803|0.034424|0.982259|-6.833627|2.028817|-90.972184|-5.818627|10.157525|40.082985|39.648555|-0.004532|nan|-87.817725
1408|8.592609|3.980485|1538.046690|-11.699279|59.989389|2.513690|23.387635|0.010636|-4.004118|-9.697747|-2.378589|-93.220731|-11.204414|4.320499|40.082985|39.429522|-0.005080|nan|-88.496067
1409|-7.260046|3.773503|1475.719907|-26.968992|59.436055|2.028871|-3.788138|-0.011929|-13.882541|-30.415426|-18.466902|-95.449107|-26.844019|-12.329316|40.082985|41.002340|-0.007945|nan|-89.327268
1410|-6.634308|3.655028|1406.023783|-25.039921|58.497012|1.696204|-1.894069|-0.036381|-17.772276|-16.760905|-18.079079|-97.162589|-28.173458|-12.676862|40.082985|40.683239|-0.007787|nan|-90.128644
1411|-3.942355|3.526889|1326.786697|nan|57.776525|1.518199|7.411575|-0.054197|-15.682648|-2.020079|-15.741723|-98.752665|-25.524126|-11.120898|40.082985|40.452906|-0.007325|nan|-90.923829
1412|-1.329195|3.355562|1255.507624|nan|56.834360|1.441725|8.235082|-0.069378|-13.596259|-6.232622|-13.454983|-100.254478|-22.477146|-9.587059|40.082985|38.650644|-0.006875|nan|-91.817572
1413|5.414253|3.232285|1181.590117|nan|56.148935|1.431262|-3.046981|-0.073966|-6.911442|-1.792704|-6.947406|-101.336833|-15.312624|-3.827910|40.082985|38.668868|-0.005816|nan|-92.429198
1414|4.006975|3.019704|1100.961295|nan|55.596911|1.419485|-5.929260|-0.079256|-8.299652|-2.334380|-8.538315|-102.113862|-16.300834|-6.521493|40.082985|38.704569|-0.005962|nan|-93.033695
1415|12.819365|2.222200|1020.607750|-3.774044|54.686784|1.541658|1.235263|-0.079484|0.443640|-2.736179|0.139194|-102.663991|-7.077541|1.638070|35.882459|34.460796|-0.004599|nan|-93.395335
1416|19.184491|1.371137|948.321627|3.330834|53.803113|2.008678|7.823328|-0.083053|-3.284478|6.309842|6.320252|-103.223844|-4.484774|7.386157|32.635226|31.662779|-0.003600|nan|-93.523704
1417|17.161354|0.471903|858.469701|0.298802|53.071096|2.427917|4.199892|-0.083656|-3.411494|-3.596863|4.147447|-103.794377|-6.451790|5.472325|32.635226|31.871307|-0.003844|nan|-93.641260
1418|22.579263|-0.450369|770.890974|7.426598|52.270207|3.146269|14.164342|-0.081757|-4.047824|-6.449613|9.497386|-103.720271|-4.847232|11.354532|32.635226|32.197068|-0.002992|nan|-93.755692
1419|11.867203|-1.446634|683.478030|-3.953292|51.962321|3.512463|1.564666|-0.085385|-8.663436|-17.775817|-1.319481|-103.875846|-15.223436|0.895977|32.635226|32.149002|-0.004526|nan|-93.890491
1420|9.732566|-2.143347|586.932030|nan|51.672728|3.905199|3.376383|-0.090600|-12.474859|-20.562536|-3.582276|-104.068184|-17.035155|-1.098093|32.635226|32.117213|-0.004794|nan|-94.220153
1421|15.930245|-2.651535|516.070322|1.726874|51.447700|4.476084|3.458735|-0.091074|-5.888848|-14.815153|2.413284|-104.070537|-10.529439|5.425273|32.635226|32.252361|-0.003832|-234255.474301|-94.465160
1422|17.849620|-3.145111|444.494335|3.927881|50.825930|5.001053|-2.470525|-0.087244|-3.826263|-9.058348|4.187019|-103.951901|-8.305967|7.466394|32.635226|32.516297|-0.003503|-213689.270320|-94.535402
1423|23.899626|-3.388899|396.649588|9.016511|50.431939|5.482773|-11.858519|-0.100299|4.275343|-8.682223|10.081933|-103.802464|-1.964953|13.940348|32.635226|32.723855|-0.002565|-167701.960435|-94.545096
1424|21.903790|-3.471398|373.424549|8.547499|49.767100|6.039548|-16.717218|-0.108443|-3.934321|-11.078936|7.969391|-103.637946|-3.694321|12.243920|27.905679|28.309222|-0.002821|-167700.597799|-94.535402
1425|45.804190|-3.141711|352.566310|32.156104|49.418380|7.245329|14.658447|-0.075091|9.872993|1.114762|31.776210|-102.913675|20.434471|37.874005|27.905679|29.319646|0.000747|-167703.050544|-94.537576
1426|49.053111|-2.896905|337.061888|nan|49.794196|8.260581|27.258123|-0.019086|19.012615|8.020601|34.917013|-101.921986|23.893206|42.307624|27.905679|29.784427|0.001258|-167708.501088|-94.551886
1427|42.031335|-2.736623|318.098416|27.958854|49.963298|9.049482|19.599497|0.013003|11.697201|7.181257|27.883420|-100.909841|17.058088|36.565339|27.905679|30.125217|0.000248|-167716.949456|-94.580494
1428|35.185688|-2.441629|285.448820|21.623588|50.441887|9.517559|20.670058|0.048453|8.707375|12.689395|21.046585|-99.655802|10.787671|30.987756|27.905679|30.057438|-0.000739|-167727.578017|-94.614724
1429|40.132898|-1.942444|257.484292|27.447093|50.770902|10.076645|28.822789|0.064823|12.051944|10.432670|26.004910|-98.193717|15.893422|37.386339|27.905679|30.286725|0.000016|-167739.841766|-94.649656
1430|46.507681|-1.344678|246.571626|34.391983|50.703750|9.796833|37.799029|0.086284|40.719418|5.606488|32.455069|-96.779936|24.641488|45.333905|27.905679|30.591482|0.000990|-71430.741096|-94.701505
1431|48.512785|-0.714882|254.719734|nan|50.400654|9.534058|42.410675|0.116111|37.342594|-0.161707|34.516629|-95.611711|27.024960|48.866680|27.905679|30.951578|0.001319|-71437.471649|-94.783144
1432|42.674089|-0.254123|257.479480|nan|49.485268|9.066654|31.293314|0.134220|36.063034|-10.344896|28.831286|-94.571278|21.425104|44.442793|27.905679|31.196790|0.000491|-71444.898466|-94.841963
1433|32.844981|-0.021396|293.399591|20.508240|49.162359|8.045590|20.175952|0.139810|36.670929|3.275234|19.088518|-94.035040|11.872408|35.732734|27.905679|30.887831|-0.000921|-13532.747252|-94.881272
1434|38.492409|0.412454|325.248789|26.934867|48.438374|7.535370|18.281884|0.149877|28.838412|-6.347744|24.948122|-93.418979|17.801668|43.171297|27.905679|31.072760|-0.000045|-13534.439560|-94.964651
1435|39.868561|0.793152|337.815172|nan|48.085366|7.296194|14.493745|0.164715|26.965725|3.513332|26.957652|-92.832857|21.288684|46.307104|27.905679|31.179721|0.000199|-13536.241758|-95.064437
1436|37.219446|1.161888|335.688220|nan|48.021070|6.995483|11.199712|0.176778|26.977551|-4.231329|25.060654|-92.404877|18.900510|45.238677|27.905679|31.224519|-0.000154|-13538.065934|-95.164222
1437|40.597270|1.719341|332.366473|30.276701|47.633059|6.792496|21.905320|0.189242|29.320988|-5.202067|29.325306|-91.707918|22.523947|50.385472|27.905679|31.374079|0.000381|-19497.505055|-95.264007
1438|30.144498|2.317021|344.861177|19.003071|47.707182|6.416766|7.988030|0.207352|21.990077|-8.857613|19.856393|-91.263315|14.632444|41.749847|27.905679|31.142156|-0.001127|-19500.005275|-95.370069
1439|27.861088|2.980383|370.007508|nan|47.121927|6.201799|-9.470345|0.228818|18.571307|-4.137241|18.617719|-90.668469|30.333674|41.494226|27.905679|35.051500|-0.001431|-19502.252309|-95.492084
1440|25.922125|3.461656|381.355840|16.255506|46.023493|5.999624|-10.129152|0.249822|15.642236|2.916579|17.718108|-89.979015|28.604306|41.456667|27.905679|36.709892|-0.001687|-36841.533185|-95.606506
1441|30.173087|3.870614|390.279424|20.708000|44.806278|5.814599|-2.552875|0.270063|22.569182|16.811252|23.053738|-89.140051|33.051251|46.919499|27.905679|32.143099|-0.001030|-53100.664615|-95.701658
1442|42.034863|4.393573|408.871043|32.252654|43.863409|6.013384|12.517325|0.294398|27.391218|23.856040|36.022594|-88.173975|45.074471|60.160646|27.905679|32.628926|0.000746|-82369.167475|-95.794181
1443|37.793475|4.682602|438.708042|27.556989|43.012831|6.295279|15.564306|0.310668|21.034565|8.469311|32.819160|-87.215825|37.676930|56.977451|27.905679|32.658959|0.000138|-82377.986819|-95.844623
1444|37.209540|4.935265|474.981017|27.762616|42.190800|6.636783|14.081991|0.325300|20.459572|18.821284|33.305417|-85.877658|37.182825|57.494614|27.905679|32.794171|0.000065|-82386.405272|-95.921750
1445|26.593709|4.911312|512.260318|16.549848|42.034184|6.702545|12.764378|0.329298|13.679257|20.968171|23.633031|-84.870074|26.641919|47.964976|27.905679|32.548395|-0.001491|-82394.155606|-96.007170
1446|38.308438|5.127280|540.441554|28.816995|41.453595|7.186331|31.293314|0.342839|18.814540|22.616422|36.360690|-83.628990|38.418088|60.988676|27.905679|32.486957|0.000247|-118181.680871|-96.111011
1447|37.689091|5.310544|570.407263|27.412694|41.273952|7.597781|29.069842|0.353366|18.398676|29.077041|36.716504|-82.519066|36.561632|61.341071|27.905679|32.586661|0.000162|-118192.604833|-96.214852
1448|31.315621|5.428866|600.408742|21.039292|40.963739|7.755003|28.493386|0.356800|16.217958|16.747028|31.151443|-81.788875|30.220618|55.665265|27.905679|32.464198|-0.000774|-118202.762203|-96.295608
1449|44.804490|5.902589|639.881968|35.408230|40.794133|8.383671|31.622718|0.358209|21.802608|22.088596|45.549721|-80.663647|43.726154|70.508431|27.905679|32.938889|0.001219|-144241.686148|-96.395627
1450|60.622990|6.643538|690.255221|51.410278|41.198291|9.329051|45.622357|0.391211|35.774561|34.955240|62.337722|-79.339653|59.537512|87.223569|27.905679|33.720531|0.003552|-177878.364838|-96.448559
1451|50.196295|7.139831|731.728491|40.273834|42.037764|9.968049|41.669518|0.408400|27.396300|38.344887|52.779894|-78.494063|48.518957|76.959014|27.905679|33.809595|0.002009|-177895.377594|-96.479721
1452|43.827152|7.476035|773.028986|33.523152|42.466306|10.603430|37.469626|0.419346|19.132936|31.652804|47.186860|-77.783009|39.615593|71.086794|27.905679|33.818196|0.001061|-177914.985487|-96.505269
1453|31.469807|7.627152|793.723094|21.421835|43.096395|11.158411|31.375665|0.435327|6.937959|22.275834|35.487960|-77.563859|22.860618|59.202963|27.905679|33.456155|-0.000773|-177935.746811|-96.514656
1454|31.660489|8.053715|839.942093|22.468007|43.243026|11.822518|29.728648|0.428591|4.780607|15.502731|36.312151|-77.022315|22.142969|60.122172|28.658088|33.270441|-0.000645|-177957.373189|-96.510898
1455|30.136883|8.466852|889.476213|20.814065|43.390883|12.330986|52.210423|0.405812|5.293886|17.456904|35.321981|-76.463673|20.495952|58.954870|28.658088|33.070803|-0.000467|-177978.134513|-96.494578
1456|30.768042|8.831651|942.514221|21.007509|43.446931|12.745535|56.163263|0.360172|7.787991|26.445056|36.428243|-76.047083|20.990057|59.983648|28.658088|33.016497|0.000023|-177998.607460|-96.387326
1457|29.200772|9.148090|1007.515883|18.302965|43.892246|13.077879|47.598778|0.338671|4.298920|25.070818|35.198597|-75.751706|19.260690|58.788954|28.658088|32.768656|0.000633|-178019.080433|-96.349096
1458|31.273245|9.391712|1093.721772|nan|44.215234|13.314554|42.822430|0.311475|10.192101|22.253349|37.533949|-75.579991|21.154759|61.322092|28.658088|32.526430|0.000912|-178040.130108|-95.981108
1459|19.690237|9.435167|1169.463731|8.472635|44.832872|13.253299|36.152013|0.300299|0.657116|12.946851|26.052823|-75.673474|9.378591|50.357155|28.658088|32.137610|0.000408|-178060.891432|-95.628228
