859|nan|nan|nan|nan|nan|nan|nan|nan|nan|nan|nan|nan|nan|nan|nan|nan|nan|nan|nan
900|nan|nan|nan|nan|nan|nan|nan|nan|nan|nan|nan|nan|nan|nan|nan|nan|nan|nan|nan
901|nan|nan|nan|nan|nan|nan|nan|nan|nan|nan|nan|nan|nan|nan|nan|nan|nan|nan|nan
902|nan|nan|nan|nan|nan|nan|nan|nan|nan|nan|nan|nan|nan|nan|nan|nan|nan|nan|nan
903|nan|nan|nan|nan|nan|nan|nan|nan|nan|nan|nan|nan|nan|nan|nan|nan|nan|nan|nan
904|nan|nan|nan|nan|nan|nan|nan|nan|nan|nan|nan|nan|nan|nan|nan|nan|nan|nan|nan
905|nan|nan|nan|nan|nan|nan|nan|nan|nan|nan|nan|nan|nan|nan|nan|nan|nan|nan|nan
906|nan|nan|nan|nan|nan|nan|nan|nan|nan|nan|nan|nan|nan|nan|nan|nan|nan|nan|nan
907|nan|nan|nan|nan|nan|nan|nan|nan|nan|nan|nan|nan|nan|nan|nan|nan|nan|nan|nan
908|nan|nan|nan|nan|nan|nan|nan|nan|nan|nan|nan|nan|nan|nan|nan|nan|nan|nan|nan
909|nan|nan|nan|nan|nan|nan|nan|nan|nan|nan|nan|nan|nan|nan|nan|nan|nan|nan|nan
910|nan|nan|nan|nan|nan|nan|nan|nan|nan|nan|nan|nan|nan|nan|nan|nan|nan|nan|nan
911|nan|nan|nan|nan|nan|nan|nan|nan|nan|nan|nan|nan|nan|nan|nan|nan|nan|nan|nan
912|nan|nan|nan|nan|nan|nan|nan|nan|nan|nan|nan|nan|nan|nan|nan|nan|nan|nan|nan
913|nan|nan|nan|nan|nan|nan|nan|nan|nan|nan|nan|nan|nan|nan|nan|nan|nan|nan|nan
914|nan|nan|nan|nan|nan|nan|nan|nan|nan|nan|nan|nan|nan|nan|nan|nan|nan|nan|nan
915|nan|nan|nan|nan|nan|nan|nan|nan|nan|nan|nan|nan|nan|nan|nan|nan|nan|nan|nan
916|nan|nan|nan|nan|nan|nan|nan|nan|nan|nan|nan|nan|nan|nan|nan|nan|nan|nan|nan
917|nan|nan|nan|nan|nan|nan|nan|nan|nan|nan|nan|nan|nan|nan|nan|nan|nan|nan|nan
918|nan|nan|nan|nan|nan|nan|nan|nan|nan|nan|nan|nan|nan|nan|nan|nan|nan|nan|nan
919|nan|nan|nan|nan|nan|nan|nan|nan|nan|nan|nan|nan|nan|nan|nan|nan|nan|nan|nan
920|nan|nan|nan|nan|nan|nan|nan|nan|nan|nan|nan|nan|nan|nan|nan|nan|nan|nan|nan
921|nan|nan|nan|nan|nan|nan|nan|nan|nan|nan|nan|nan|nan|nan|nan|nan|nan|nan|nan
922|nan|nan|nan|nan|nan|nan|nan|nan|nan|nan|nan|nan|nan|nan|nan|nan|nan|nan|nan
923|nan|nan|nan|nan|nan|nan|nan|nan|nan|nan|nan|nan|nan|nan|nan|nan|nan|nan|nan
924|nan|nan|nan|nan|nan|nan|nan|nan|nan|nan|nan|nan|nan|-310.287610|nan|-85.210749|nan|nan|nan
925|nan|nan|nan|nan|nan|nan|nan|nan|nan|nan|nan|nan|nan|-332.180142|nan|-105.584464|nan|nan|nan
926|nan|nan|nan|nan|nan|nan|nan|nan|nan|nan|nan|nan|nan|-310.873933|nan|-106.392250|nan|nan|nan
927|nan|nan|nan|nan|nan|nan|nan|nan|nan|nan|nan|nan|nan|-284.018189|nan|-106.648091|nan|nan|nan
928|nan|nan|nan|nan|nan|nan|nan|nan|nan|nan|nan|nan|nan|-277.322698|-87.696851|-106.777490|nan|nan|nan
929|nan|nan|nan|nan|nan|nan|nan|nan|nan|nan|nan|nan|nan|-270.231090|-87.696851|-106.498906|nan|nan|nan
930|nan|nan|nan|nan|nan|nan|nan|nan|nan|nan|nan|nan|nan|-231.616071|-87.696851|-105.289574|nan|nan|nan
931|nan|nan|nan|nan|nan|nan|nan|nan|nan|nan|nan|nan|nan|-224.755028|-87.696851|-104.752194|nan|nan|nan
932|nan|nan|nan|nan|nan|nan|nan|nan|nan|nan|nan|nan|nan|-213.392276|-87.696851|-103.976780|nan|nan|nan
933|nan|nan|nan|nan|-39.538004|nan|nan|nan|nan|nan|nan|nan|nan|-196.065971|-87.696851|-103.024624|nan|nan|nan
934|nan|nan|nan|nan|-35.284053|nan|nan|nan|nan|nan|nan|nan|nan|-181.810191|-87.696851|-102.099534|nan|nan|nan
935|nan|nan|nan|nan|-30.904816|nan|nan|nan|nan|-53.365137|nan|nan|nan|-158.906107|-87.696851|-100.898840|nan|nan|nan
936|nan|nan|nan|nan|-26.810394|nan|nan|nan|nan|-54.941814|nan|nan|nan|-151.773806|-87.696851|-99.958630|nan|nan|nan
937|nan|nan|nan|nan|-23.617905|nan|nan|nan|nan|-58.146528|nan|nan|nan|-152.007017|-87.696851|-99.079154|nan|nan|nan
938|nan|nan|nan|nan|-19.813842|nan|nan|nan|nan|-35.944021|nan|nan|nan|-126.147950|-87.696851|-97.949833|nan|nan|nan
939|nan|nan|nan|nan|-16.023389|nan|nan|nan|nan|-17.156539|nan|nan|nan|-114.365428|-87.696851|-96.946422|nan|nan|nan
940|nan|nan|nan|nan|-12.362945|nan|nan|nan|nan|-12.659447|nan|nan|nan|-101.701422|-87.696851|-82.907607|nan|nan|nan
941|nan|nan|nan|nan|-8.399865|nan|nan|nan|nan|1.983871|nan|nan|nan|-84.680425|-87.696851|-62.390497|nan|nan|nan
942|nan|nan|nan|nan|-4.867874|nan|nan|nan|nan|2.173672|nan|nan|nan|-81.901049|-87.696851|-54.849988|nan|nan|nan
943|nan|10.677844|nan|nan|-1.610540|nan|nan|nan|nan|2.560779|nan|nan|nan|-72.451062|-87.696851|-51.406705|-0.017607|nan|nan
944|nan|12.330702|nan|nan|1.650988|nan|nan|nan|nan|2.566047|nan|nan|nan|-65.573269|-87.696851|-29.467539|-0.017069|nan|nan
945|nan|14.549695|nan|nan|4.924477|nan|nan|nan|nan|16.761789|nan|nan|nan|-45.526515|-87.696851|-16.832781|-0.014336|nan|nan
946|nan|19.061840|nan|nan|8.716505|nan|nan|nan|nan|44.245975|nan|nan|nan|-3.859024|-87.696851|-11.192130|-0.008127|nan|nan
947|nan|22.746483|nan|nan|11.756772|nan|nan|nan|nan|38.801575|nan|nan|nan|8.297062|-87.696851|0.492439|-0.006975|nan|nan
948|nan|26.013164|nan|nan|14.739404|nan|nan|nan|nan|34.045237|nan|nan|nan|21.813660|-87.696851|8.867510|-0.006173|nan|nan
949|nan|28.515394|nan|70.028879|17.294759|nan|nan|nan|nan|8.653133|nan|nan|nan|29.312768|-87.696851|20.500849|-0.006412|nan|nan
950|nan|29.777909|nan|52.366314|19.521273|nan|nan|nan|nan|-6.083625|nan|nan|nan|21.519437|-87.696851|21.288977|-0.009224|nan|nan
951|nan|30.223611|nan|44.859245|21.188350|nan|nan|nan|nan|-50.159635|nan|nan|nan|21.800594|-87.696851|21.690303|-0.010740|nan|nan
952|nan|30.692267|nan|46.115467|23.024134|nan|nan|nan|nan|-37.663793|nan|nan|nan|33.166740|-87.696851|37.832424|-0.010194|nan|nan
953|nan|30.669079|nan|nan|24.546208|nan|-104.255559|nan|nan|-38.766883|nan|nan|nan|35.113755|-87.696851|45.419075|-0.011246|nan|nan
954|nan|30.848527|nan|50.705303|25.804277|nan|-113.851915|nan|nan|-42.683451|nan|nan|nan|52.788027|-87.696851|51.445710|-0.009613|nan|nan
955|nan|30.737841|nan|46.470909|27.061728|nan|-139.100580|nan|nan|-33.917741|nan|nan|nan|55.997404|-74.705074|63.539002|-0.010202|nan|nan
956|nan|29.862717|nan|27.445838|28.198111|nan|-136.864536|nan|nan|-20.995621|nan|nan|nan|42.825625|-55.102839|63.294867|-0.013505|nan|nan
957|nan|28.458000|nan|10.868806|29.201772|nan|-127.920359|nan|nan|-26.053724|nan|nan|nan|32.833543|-48.209306|62.680610|-0.016313|nan|nan
958|nan|26.907098|nan|nan|29.969337|nan|-129.690561|nan|nan|-19.757699|nan|nan|nan|31.857138|-45.503788|55.548734|-0.017460|nan|nan
959|nan|25.390013|nan|nan|33.309792|-28.078528|-126.616000|-0.023463|nan|-1.305260|nan|nan|nan|34.533283|-24.056875|53.249585|-0.017793|nan|nan
1000|nan|23.945431|nan|nan|37.084921|-27.324869|-95.031876|-0.018777|nan|0.958298|nan|nan|nan|36.940757|-12.332168|51.483703|-0.018047|nan|nan
1001|nan|22.705950|nan|nan|40.444616|-26.484028|-89.721271|-0.021454|nan|30.356043|nan|-101.514763|nan|43.578427|-7.763281|48.750952|-0.017551|nan|nan
1002|nan|21.527744|nan|4.909480|43.126769|-25.638154|-82.733634|-0.020037|nan|16.204969|nan|-98.125729|nan|47.676597|2.582055|43.387761|-0.017533|nan|nan
1003|nan|20.274915|nan|-4.458375|46.220659|-25.215741|-78.354714|0.003697|nan|18.632092|nan|-95.145001|nan|42.322515|9.886368|42.998974|-0.018952|nan|nan
1004|nan|18.849925|nan|-17.383650|49.127538|-25.152270|-81.056600|0.117777|nan|26.178619|nan|-92.624323|nan|32.370052|20.517472|42.541334|-0.021074|nan|nan
1005|nan|17.569706|nan|-18.055774|51.472393|-25.087765|-64.286270|0.305351|nan|22.104367|nan|-91.023489|nan|33.461156|20.984130|42.189176|-0.021186|nan|nan
1006|nan|15.990793|nan|-33.460602|53.626166|-25.535543|-77.982040|0.018603|nan|-0.353804|nan|-89.886142|nan|17.553776|20.984130|41.462037|-0.023931|nan|nan
1007|nan|14.772290|nan|-26.151560|55.270637|-25.608058|-75.839164|0.115744|nan|4.675333|nan|-88.733581|nan|24.644519|36.821145|41.373695|-0.022782|nan|nan
1008|nan|13.858283|nan|-14.850323|56.739627|-25.372331|-43.696029|0.144024|nan|7.206249|nan|-87.600043|nan|35.686021|42.988303|41.477648|-0.020915|nan|nan
1009|nan|13.035024|nan|-15.065023|58.037647|-25.113496|-34.938189|0.152928|nan|7.611974|nan|-86.667293|nan|36.907150|42.988303|41.576719|-0.020674|nan|nan
1010|nan|12.259238|nan|nan|59.164733|-24.872569|-27.298372|0.152928|nan|3.405259|nan|-86.197810|nan|35.756208|42.988303|41.670806|-0.020754|nan|nan
1011|nan|11.569985|nan|nan|60.169479|-24.620603|-13.788939|0.110884|nan|10.152727|nan|-85.702114|nan|34.354436|42.988303|41.759885|-0.020594|nan|nan
1012|nan|11.203832|nan|-1.033417|60.782449|-23.966259|-2.888224|0.102456|nan|25.522170|nan|-84.705608|nan|43.971808|40.269139|39.586374|-0.018472|nan|nan
1013|nan|11.071329|nan|11.431421|61.045988|-23.069781|14.720624|0.081148|nan|30.934868|nan|-83.924206|nan|53.704709|40.269139|40.174490|-0.016382|nan|nan
1014|nan|10.910773|nan|8.617810|61.293989|-22.325947|16.304488|0.075548|nan|21.998682|nan|-83.361155|nan|49.648670|40.269139|40.481122|-0.016653|nan|nan
1030|nan|10.606255|nan|-0.069371|61.390831|-21.849824|23.571632|0.071384|nan|18.534011|nan|-83.258726|nan|38.428492|40.269139|40.564266|-0.018136|nan|nan
1031|nan|10.214208|nan|-6.298330|61.197805|-21.572105|53.478722|0.063554|nan|-6.982298|nan|-83.660500|nan|29.964028|40.269139|40.471868|-0.019205|nan|nan
1032|nan|9.898397|nan|nan|61.050496|-21.286267|61.211709|0.057213|nan|5.780773|nan|-83.966272|nan|28.433375|40.269139|40.397300|-0.016768|nan|nan
1033|-48.719580|9.492746|nan|-10.738069|61.187557|-21.222706|60.093686|0.046997|nan|11.618934|nan|-84.577918|nan|20.184753|40.269139|40.029849|-0.015990|nan|nan
1034|-49.076626|9.156852|nan|nan|61.130257|-21.150982|58.230317|0.040172|nan|9.875540|nan|-85.217783|nan|17.330070|40.269139|39.745677|-0.013058|nan|nan
1035|-48.966460|8.819409|nan|-10.675672|60.625271|-21.016417|41.459986|0.034291|nan|21.102638|nan|-86.293069|nan|14.257950|40.269139|39.683761|-0.013123|nan|nan
1036|-37.840138|8.869952|nan|-0.410265|59.528069|-20.651569|42.857512|0.032184|nan|15.558192|nan|-88.121252|nan|22.178250|40.269139|39.796175|-0.011368|nan|nan
1037|-36.365899|9.102036|nan|-1.400405|58.769620|-20.350377|46.397916|0.029595|nan|13.964234|nan|-90.109958|nan|20.495418|40.269139|39.735729|-0.007510|nan|nan
1038|-30.285676|9.162896|nan|4.343077|57.362954|-17.782696|44.907220|0.028161|nan|-1.831597|nan|-92.065078|nan|23.201994|37.339579|37.072961|-0.005290|nan|nan
1039|-26.392118|9.101881|nan|nan|56.160857|-14.875141|56.646452|0.026733|nan|-2.419747|nan|-93.815768|nan|23.578394|37.339579|37.284498|-0.004706|nan|nan
1040|-29.063176|8.865421|nan|0.916122|55.258170|-11.748997|48.633960|0.026733|nan|-9.806301|nan|-95.219452|nan|17.135552|37.339579|37.296528|-0.005488|nan|nan
1041|-29.149827|8.387889|nan|-1.039567|54.947114|-9.070302|27.391540|0.025487|nan|-2.506230|nan|-96.406765|nan|13.190316|37.339579|37.152588|-0.005823|nan|nan
1042|-24.629065|8.029225|nan|3.180186|54.158820|-6.704825|13.695770|0.025371|nan|-3.490838|nan|-97.585098|nan|14.236839|37.339579|37.196220|-0.005361|nan|nan
1043|-25.000813|7.559211|nan|nan|53.472397|-4.459650|4.844763|0.024281|nan|-8.590002|nan|-98.644615|nan|10.216378|37.339579|37.231996|-0.005728|nan|-116.049343
1044|-21.349533|7.058727|nan|nan|52.988438|-2.267743|4.844762|0.024384|nan|-18.684655|nan|-99.914409|nan|10.877663|37.339579|37.261213|-0.005392|nan|-116.009936
1045|-8.969194|6.594767|nan|13.418803|52.093876|-0.339805|14.161613|0.027977|nan|-28.370622|nan|-100.771340|nan|21.322334|35.265813|35.518887|-0.003541|nan|-115.986245
1046|-4.455074|5.444889|nan|16.778955|50.997817|1.628324|20.031229|0.032308|nan|-22.418248|12.983644|-101.022645|nan|24.604901|27.136094|27.798895|-0.003030|nan|-116.002519
1047|0.091055|4.350495|nan|nan|50.050767|3.500740|23.198958|0.039306|nan|-29.044900|15.612004|-100.702507|nan|28.816390|27.136094|28.111075|-0.002504|nan|-116.017752
1048|-1.865826|3.102871|nan|nan|49.279238|5.077707|11.552895|0.042419|nan|-8.052009|13.063712|-100.296164|nan|25.776615|27.136094|28.343369|-0.003078|nan|-116.026543
1049|-3.718654|1.893668|nan|11.887497|48.888401|6.361101|-4.006246|0.020938|nan|-1.370929|10.939434|-99.977519|nan|22.780318|27.136094|28.356673|-0.003620|nan|-116.035333
1050|-1.092757|0.995636|nan|14.668477|48.174484|7.421432|-3.260898|-0.024679|nan|-7.698208|13.282757|-99.605108|nan|25.063566|27.136094|28.506466|-0.003380|nan|-116.046964
1051|-9.828521|0.142711|-1798.735513|3.763630|48.097728|8.149896|-29.161743|0.045871|-43.581271|-11.140529|4.583089|-99.632714|-40.780586|15.501994|27.136094|28.299554|-0.005071|nan|-116.115123
1052|-11.096378|-0.731887|-1768.411679|nan|48.133615|8.921074|-24.782822|0.014392|-41.909456|-13.361407|2.891700|-99.702990|-43.109798|13.849808|27.136094|28.124173|-0.005470|nan|-116.142327
1053|-5.176855|-1.336340|-1723.083378|7.427928|47.331812|9.480749|-8.944177|-0.004225|-30.331526|-3.651392|8.207779|-99.383025|-38.171868|18.976561|27.136094|28.129342|-0.004625|nan|-116.137113
1054|-6.315793|-2.068205|-1674.744693|5.419231|46.624171|9.878476|-9.596356|-0.013344|-29.581575|10.045330|6.468179|-98.773226|-40.221575|17.115677|27.136094|28.121626|-0.004976|nan|-116.118892
1055|-5.578018|-2.726123|-1623.456134|nan|46.345786|10.081148|-10.155367|-0.013344|-23.434743|21.986777|6.635546|-98.150779|-40.314743|17.354189|27.136094|27.950089|-0.004991|nan|-116.105843
1056|-0.709516|-2.938122|-1578.537148|9.275375|45.642480|10.205097|-5.124268|0.002522|-19.336014|20.704618|11.087270|-96.988650|-36.215329|22.070997|27.136094|27.960321|-0.004290|nan|-116.124897
1057|-0.546927|-2.883874|-1539.553657|nan|45.318571|10.341392|6.708132|0.005134|-19.575025|30.588993|10.593168|-96.063728|-36.774340|21.852360|27.136094|27.958558|-0.004385|nan|-116.165416
1058|-11.909336|-2.891921|-1499.876621|-4.224794|45.378617|10.076012|6.894470|0.014930|-23.193762|19.988114|-1.619358|-95.792631|-48.793077|9.674618|27.136094|27.639756|-0.006443|nan|-116.204435
1059|-9.525823|-2.739281|-1475.134632|-1.502086|45.051728|9.862210|7.080806|0.015243|-22.703904|-1.592876|-0.029126|-95.558225|-47.022876|12.000099|27.136094|27.538637|-0.006139|nan|-116.312727
1100|-7.387974|-2.550703|-1454.272887|nan|44.652874|9.416929|0.000000|0.014993|-12.639696|4.578759|1.468041|-95.272880|-45.439011|13.669678|27.136094|27.454892|-0.005868|nan|-116.447467
1101|-9.507610|-2.450436|-1426.943655|nan|44.645079|8.332757|-8.851008|0.018198|-8.608071|-4.159396|-1.112780|-95.039546|-44.127729|10.775245|27.136094|28.510605|-0.006315|nan|-116.499407
1102|-11.615427|-2.369614|-1402.601145|nan|45.660081|7.046888|-10.341704|0.027519|-0.803622|3.516721|-3.660141|-95.192484|-38.003279|7.773980|27.136094|28.299768|-0.006745|nan|-116.506097
1103|-13.512723|-2.278208|-1378.830436|nan|46.516945|5.663052|-18.354196|0.022180|-1.198981|-11.965814|-5.875400|-95.725478|-37.279323|5.715576|27.136094|28.134632|-0.007128|nan|-116.486039
1104|-19.766254|-2.110219|-1350.865715|-15.022193|47.092479|4.154547|-25.341833|0.008745|-2.360433|-6.083578|-12.368058|-96.403827|-39.401118|-1.242657|27.136094|27.853300|-0.008244|nan|-116.450450
1105|3.128611|-1.471497|-1324.513723|8.346911|45.899014|3.593526|-3.074560|0.017134|5.557459|-8.639887|10.414904|-96.209905|-14.841171|22.327518|8.198829|8.345455|-0.004369|nan|-116.490259
1106|18.283653|-0.498694|-1313.199507|23.411722|45.028212|3.503991|22.080936|0.030855|19.903392|2.226028|25.558967|-95.421673|0.225790|38.159019|8.198829|9.084369|-0.000714|nan|-116.541224
1107|12.731955|0.268901|-1299.961980|17.091187|45.035437|3.049730|16.677162|0.038880|21.488315|10.544727|20.030505|-94.830733|-1.470658|32.807111|8.198829|9.189491|0.000130|nan|-116.592188
1108|2.780799|0.697929|-1285.114274|nan|44.431281|2.515095|11.180221|0.041962|13.092948|-6.751025|10.096398|-94.370947|-11.546025|23.201284|8.198829|9.259874|-0.001485|nan|-116.628816
1109|2.200942|1.073556|-1273.685245|5.652243|44.181762|1.743512|12.670917|0.043351|22.027942|11.263700|9.532742|-93.927084|-4.211373|23.005476|8.198829|9.148445|-0.001613|nan|-116.636666
1110|-2.413244|1.379216|-1265.286954|nan|44.058020|0.951329|3.354066|0.043351|16.957033|6.062106|4.958127|-93.597682|-2.642967|18.656370|8.198829|9.050174|-0.002275|nan|-116.601393
1111|2.284831|1.741380|-1259.470568|7.096153|43.769730|0.612729|5.962784|0.045235|15.202290|10.158957|9.736571|-93.416647|10.002290|23.379859|8.198829|9.117189|-0.001368|nan|-116.542429
1112|-1.960983|1.834795|-1261.392766|1.039509|43.679776|0.410881|4.285751|0.043851|10.663712|3.588370|5.547567|-93.390592|5.703370|18.911189|8.198829|9.004817|-0.002117|nan|-116.454858
1113|-8.359339|1.610965|-1238.178919|-5.066154|44.649839|0.106549|-4.378919|0.041773|9.262601|9.740844|-0.910396|-93.679191|-0.818425|12.299644|8.198829|8.599817|-0.003233|nan|-116.359828
1114|-5.626794|1.469788|-1198.555445|-1.650214|44.915861|0.012749|0.186337|0.044268|8.270293|-12.045876|1.755454|-93.906667|1.790293|15.318612|8.198829|8.586433|-0.002787|nan|-116.264797
1115|3.818091|1.589216|-1165.941605|8.067757|44.888270|0.154673|20.310734|0.042507|15.427143|15.154011|11.116388|-93.724456|14.627143|25.045712|8.198829|8.725237|-0.001192|nan|-116.186372
1116|-5.380719|1.580110|-999.709852|-2.462604|45.045308|-0.025634|13.975276|0.040249|11.310293|29.425294|1.781786|-93.746738|6.670293|15.283054|8.198829|8.519731|-0.002787|nan|-116.123756
1117|-7.605062|1.557810|-813.649327|nan|45.381074|-0.232961|14.720624|0.033889|9.701080|12.214028|-0.619559|-93.907208|6.101080|12.730545|8.198829|8.355420|-0.003186|nan|-115.767183
1118|-11.789237|1.493588|-609.489957|-9.067137|46.020608|-0.415840|7.080807|0.018306|0.296013|9.033605|-5.029911|-94.165278|-2.264671|7.846498|8.198829|8.071383|-0.003919|nan|-115.273897
1119|-0.214924|1.710528|-423.865429|3.070446|45.842201|-0.015851|15.372803|0.018123|3.194713|8.378223|6.398290|-94.177535|6.075055|19.207928|8.198829|8.312578|-0.001958|nan|-114.786331
1120|1.959950|1.924841|-270.466806|5.672397|46.052413|0.415673|18.820038|0.014398|4.444077|10.102931|8.378998|-94.431958|7.084762|20.784339|8.198829|23.406582|-0.001607|nan|-114.255768
1121|-2.467751|1.880044|-129.446068|-0.114468|47.099676|0.917001|4.378920|0.015183|-3.000152|5.162839|3.766769|-94.863486|-4.600494|15.495787|8.198829|40.430687|-0.002388|nan|-113.749791
1122|0.005218|1.875377|8.917952|3.022856|47.405470|1.465336|4.378920|0.017859|0.208376|-4.088252|6.114519|-95.290850|-2.271282|17.610865|8.198829|40.421437|-0.001990|nan|-113.290776
1123|-11.507283|1.564630|121.359686|-9.464497|48.469381|1.462398|-2.329213|0.024554|-4.237345|-14.226234|-5.685007|-95.931438|-13.917345|5.321477|8.198829|40.094515|-0.003983|nan|-112.844463
1124|-22.477280|1.086189|220.919152|-20.530721|49.622610|1.164714|-15.465972|0.003098|-12.203370|-16.958783|-17.070672|-96.765579|-25.004397|-6.033901|8.198829|39.531643|-0.006875|nan|-112.532923
1125|-39.621692|0.396273|310.241913|-37.597635|50.677272|0.466175|-32.795314|-0.027279|-24.158517|-14.206154|-34.765300|-98.071794|-42.240571|-23.718326|8.198829|38.637294|-0.012830|nan|-112.219286
1126|-29.292747|-0.000088|381.050213|-26.728830|50.682721|0.156852|-18.447364|-0.050846|-20.711008|-21.286629|-25.026800|-98.806782|-31.992035|-13.349858|8.198829|38.417701|-0.011077|nan|-111.874935
1127|-19.446563|-0.309051|453.732564|-16.940029|50.747978|-0.112011|-9.223682|-0.078902|-7.489000|-7.609104|-15.667384|-99.214447|-22.209342|-3.538144|8.198829|38.420042|-0.009402|nan|-111.593983
1128|-19.028500|-0.594568|509.769326|nan|51.081207|-0.563803|-20.869745|-0.106284|-5.516326|-14.074254|-15.619696|-99.774414|-21.836668|-3.318266|8.198829|38.441856|-0.009339|nan|-111.343981
1129|-18.905612|-0.905954|558.428701|-17.681194|51.734827|-1.030498|-19.006376|-0.142922|-5.983157|-3.959122|-15.860342|-100.295496|-21.743500|-3.468803|8.198829|38.324773|-0.009323|nan|-111.081440
1330|-53.654421|-2.041760|613.927571|-51.799282|51.257306|-2.184024|-52.174363|-0.167735|-33.371590|-28.029402|-51.062526|-101.693443|-56.495352|-38.656075|8.198829|27.011136|-0.017924|nan|-110.625614
1331|-72.876695|-3.400035|633.351111|-70.987675|50.939303|-3.699063|-73.975794|-0.198884|-46.962255|-27.099732|-70.904126|-103.664874|-72.248065|-59.127004|8.198829|19.772772|-0.024590|nan|-110.191129
1332|-66.778715|-4.562483|632.925267|-64.282610|50.492811|-4.912296|-70.342222|-0.237401|-44.894838|-15.111974|-65.330610|-105.442737|-66.258943|-54.367775|8.198829|14.195604|-0.023541|nan|-109.737950
1333|-67.271528|-5.707093|605.306769|-66.052690|49.831101|-6.082947|-73.603120|-0.255531|-45.839007|-24.671171|-66.864326|-106.908093|-71.363797|-56.928900|8.198829|13.460421|-0.023722|nan|-109.312581
1334|-76.550627|-6.945669|575.040526|-75.708462|49.273276|-7.433547|-89.907608|-0.272855|-51.541357|-29.972771|-77.203070|-108.648405|-81.146490|-68.376541|8.198829|12.640206|-0.026505|nan|-108.884562
1335|-94.458715|-8.469317|556.862781|-94.043113|47.928111|-9.152648|-85.621857|-0.323691|-61.974526|-54.801827|-96.389553|-110.912940|-99.500686|-88.206515|-7.457050|-14.522003|-0.032929|nan|-108.458720
1336|-82.251265|-9.525510|533.427722|-81.751078|46.228064|-10.622008|-58.882496|-0.372507|-52.302470|-39.155359|-85.553950|-112.763296|-87.668286|-77.881977|-7.457050|-14.935800|-0.030910|nan|-108.079135
1337|-57.154507|-10.090439|507.355384|-57.020660|44.301841|-11.444627|-39.876121|-0.400942|-36.001014|-16.944291|-61.650922|-113.947868|-62.885463|-54.607017|-7.457050|-14.708958|-0.026667|nan|-107.961525
1338|-51.151166|-10.707545|427.114525|-52.167435|42.576795|-12.217589|-44.255040|-0.425802|-26.705248|-10.144509|-56.752381|-114.905379|-57.109015|-50.383885|-7.457050|-14.445958|-0.025681|nan|-107.623915
1339|-54.189802|-11.322452|287.989816|-54.966381|41.102290|-13.166266|-48.168118|-0.447326|-25.951612|-15.126787|-60.794495|-115.788416|-60.276745|-56.533008|-7.457050|-14.465521|-0.026230|nan|-107.124190
1340|-56.683790|-11.953393|148.471599|-57.845956|41.453034|-14.096608|-55.435261|-0.448080|-28.386478|-19.797438|-64.323043|-117.363040|-62.792294|-62.166313|-7.457050|-14.551707|-0.026669|nan|-106.634123
1341|-45.923403|-12.387111|3.177619|-45.934107|41.438376|-14.663717|-40.062458|-0.444708|-23.580297|-34.392982|-54.598119|-119.064109|-51.984748|-53.858675|-7.457050|-14.227371|-0.024820|nan|-104.798603
1342|-31.122602|-12.571322|-150.866564|-31.029530|40.650038|-14.907318|-29.534417|-0.451937|-10.514021|-30.237493|-40.665799|-120.213965|-37.077787|-40.316494|-7.457050|-13.586229|-0.022265|nan|-104.878439
1343|-34.925238|-12.734943|-306.533954|-35.399719|40.301673|-15.300687|-39.689783|-0.460355|-10.947248|-31.579571|-45.159263|-121.085554|-40.551358|-45.633026|-7.457050|-13.320613|-0.022894|nan|-105.213313
1344|-31.328135|-12.787751|-439.340642|-31.946996|39.714920|-15.658867|-33.261157|-0.450047|-8.246318|-34.092136|-42.164680|-121.744145|-35.291450|-43.261352|-7.457050|-13.043758|-0.022243|nan|-105.433171
1345|-25.447266|-12.774477|-548.689463|nan|39.433103|-16.094154|-17.795185|-0.439100|1.182804|-26.133416|-36.877992|-122.116249|-29.142328|-38.496318|-7.457050|-12.761402|-0.021192|nan|-105.596316
1346|-33.325508|-12.885984|-645.064056|-33.343283|39.302330|-16.761835|-34.658684|-0.432180|-3.084184|-28.392311|-45.331804|-122.858145|-36.688977|-47.427055|-7.457050|-12.631936|-0.022493|nan|-105.871648
1347|-22.807345|-12.751500|-754.398147|-20.975212|39.112162|-17.238500|-26.087182|-0.421561|5.256870|-17.992393|-35.271162|-123.175281|-25.388262|-37.577131|-7.457050|-12.315727|-0.020625|nan|-106.068423
1348|-22.024813|-12.602100|-862.138792|-20.861079|38.510766|-17.701601|-29.161742|-0.421551|7.507381|-7.853934|-34.804090|-123.269372|-24.177071|-37.646935|-7.457050|-12.165094|-0.020421|nan|-106.157489
1349|-28.361628|-12.471990|-937.811135|-27.095267|38.462074|-18.262737|-23.571632|-0.432947|0.437425|-16.763767|-41.537807|-123.611109|-30.046687|-44.574487|-7.457050|-12.145570|-0.021434|nan|-106.176208
1350|-28.397855|-12.607954|-981.779036|nan|38.532495|-18.829210|-21.056083|-0.446596|1.942242|-26.719785|-41.968036|-124.341959|-29.580845|-45.017056|-7.457050|-9.333344|-0.021357|nan|-106.234223
1351|-23.515001|-12.902631|-1022.350089|-19.752950|38.145282|-19.079472|-20.217565|-0.452573|0.386699|-27.394551|-37.304283|-124.652457|-21.937071|-40.469060|-7.457050|2.076859|-0.020431|nan|-106.157745
1352|-20.608917|-13.171523|-1056.574586|-17.787287|38.073783|-19.294607|-14.441119|-0.459781|4.554617|-4.560130|-34.602553|-124.786436|-18.409837|-38.002873|-7.457050|7.956989|-0.019842|nan|-106.041305
1353|-26.668486|-13.324395|-1082.215743|-23.280599|37.761592|-19.734987|-31.584124|-0.450914|1.698017|-7.466748|-40.757861|-124.917105|-23.666779|-44.533494|-7.457050|13.857604|-0.020791|nan|-105.898346
1354|-30.145118|-13.541514|-1118.380363|-25.670618|38.445588|-20.286180|-45.559399|-0.444343|1.930139|-4.875020|-44.372592|-125.425526|-22.715002|-48.560659|-7.457050|15.612760|-0.021293|nan|-105.691193
1355|-21.420955|-13.440754|-1144.721722|-15.551164|38.739342|-20.485949|-53.478723|-0.427412|2.524251|-14.349337|-35.618923|-125.854245|-13.398152|-39.826217|-7.457050|17.630157|-0.019691|nan|-105.712738
1356|-25.107947|-13.554689|-1162.242497|-19.460616|38.779650|-20.975562|-46.304747|-0.424900|6.409351|-21.766521|-39.350363|-126.329110|-16.472712|-43.725610|-7.457050|23.269843|-0.020222|nan|-105.932097
1357|-46.434349|-13.963769|-1172.420093|-40.067139|39.164585|-21.938882|-57.205463|-0.424763|-9.632342|-37.305513|-60.909160|-127.400699|-37.156121|-64.533160|-7.457050|28.180236|-0.023785|nan|-106.511936
1358|-46.896435|-14.263181|-1181.365300|-39.377208|38.133745|-22.535987|-56.646452|-0.428164|-18.967378|-43.213564|-61.536146|-128.130885|-39.209784|-64.259317|-7.457050|24.510073|-0.023755|nan|-107.186611
1359|-34.422534|-14.338664|-1168.633970|nan|37.052751|-22.919337|-43.416524|-0.420951|-5.591304|-31.147422|-49.097673|-128.236803|-26.073024|-51.015820|-7.457050|24.522208|-0.021494|nan|-107.808219
1400|-30.054656|-14.506850|-1160.142860|-20.830415|36.347445|-23.171146|-73.137277|-0.471403|-4.161581|-31.435003|-44.485547|-127.803599|-21.041925|-45.647214|-7.457050|24.744927|-0.020628|nan|-108.373900
1401|-16.637063|-14.320052|-1168.928075|-7.132303|36.081223|-23.031705|-78.261546|-0.462845|4.546863|-22.803803|-30.588385|-127.296590|-6.973481|-30.740831|-7.457050|25.283336|-0.018206|nan|-108.740878
1402|-20.804426|-14.231592|-1180.747308|-11.604435|35.927401|-22.984089|-75.652827|-0.445358|-0.192165|-29.429995|-34.292022|-127.063631|-12.113884|-34.142013|-7.457050|25.600408|-0.018816|nan|-108.921503
1403|-24.673843|-14.145194|-1182.554454|-14.555174|35.815376|-23.017080|-79.938578|-0.428988|-2.492718|-26.199388|-37.743701|-126.956070|-15.694781|-37.526509|-7.457050|25.740850|-0.019379|nan|-109.057218
1404|-24.134958|-14.164594|-1188.313896|nan|35.232836|-22.866966|-88.603249|-0.410434|-6.415727|-32.746283|-36.691914|-126.810189|-16.736759|-34.482799|-7.457050|26.049362|-0.019187|nan|-109.175335
1405|-19.415002|-14.186135|-1228.919733|-7.219815|35.275850|-22.962493|-101.646841|-0.388654|5.934189|-25.391529|-31.136191|-125.569019|-11.426155|-27.163174|-4.715559|26.485498|-0.018272|nan|-109.344736
1406|-19.097076|-14.229042|-1281.823099|-7.494968|35.723854|-23.367853|-88.882755|-0.366820|11.826907|-22.079973|-29.780595|-123.770433|-10.494469|-24.655077|6.430901|26.708461|-0.018112|nan|-109.522383
1407|-13.836737|-14.121929|-1318.591476|-0.722379|36.000654|-23.480360|-58.230317|-0.351542|6.496521|-16.360388|-23.511982|-121.959912|-4.624854|-17.570545|12.207349|27.223824|-0.017102|nan|-109.636995
1408|-9.038180|-13.852289|-1342.692610|nan|36.160056|-23.365581|-47.050095|-0.333286|11.339608|-6.155633|-17.670295|-120.116439|0.778920|-10.902368|18.130528|27.653777|-0.016172|nan|-109.756095
1409|-8.878505|-13.420985|-1346.954982|nan|36.598482|-23.255327|-49.472477|-0.315667|9.444956|-8.866117|-16.390241|-118.103182|1.524268|-8.620259|20.160433|28.011933|-0.016043|nan|-109.911652
1410|-6.375109|-12.689443|-1355.545408|nan|37.873129|-23.041321|-48.913465|-0.296768|11.479517|1.555847|-12.482385|-115.480938|4.598829|-4.147069|21.877070|28.309771|-0.015514|nan|-110.030751
1411|-11.144777|-12.139136|-1361.475523|3.405434|39.067854|-23.051775|-42.298502|-0.281706|10.566934|13.994702|-15.783473|-113.331989|0.406246|-7.100115|27.693122|28.403126|-0.016236|nan|-110.183885
1412|4.683136|-11.420505|-1366.440753|20.552947|39.395329|-22.508522|-10.993884|-0.251368|16.323559|5.515994|1.417206|-111.482700|16.803903|11.436574|20.403903|19.967811|-0.013412|nan|-110.322576
1413|-0.348879|-10.915555|-1366.051768|15.732886|40.250656|-22.147766|-19.099543|-0.231770|13.612159|0.281978|-2.333577|-109.968814|12.331815|8.145980|20.403903|20.059560|-0.014182|nan|-110.453689
1414|-3.331830|-10.424617|-1375.862476|14.110131|40.615529|-21.830702|-17.702017|-0.226196|13.029089|-5.159614|-4.028127|-108.462874|11.189433|7.632363|20.403903|20.289142|-0.014598|nan|-110.606665
1415|-1.849620|-9.376240|-1378.031717|nan|40.984625|-21.657956|-9.503187|-0.222012|16.598797|2.836312|-1.223161|-106.706274|13.239141|11.409019|20.403903|20.469819|-0.014245|nan|-110.742233
1416|4.117453|-7.958229|-1379.473252|nan|41.245862|-21.186870|-10.528041|-0.201475|16.720592|6.084693|6.091245|-105.076602|19.760936|19.724844|20.403903|20.764006|-0.013121|nan|-110.903446
1417|0.872406|-6.682976|-1382.688031|18.780524|41.555241|-20.804717|-2.329213|-0.199055|15.938705|8.880029|4.052132|-103.949918|17.059049|18.406370|20.403903|20.835677|-0.013586|nan|-111.090866
1418|1.830401|-5.419923|-1378.539664|21.470650|41.488944|-20.285240|0.372674|-0.190011|13.028712|-1.769145|6.187094|-102.726136|18.309745|21.644115|20.403903|21.040393|-0.013328|nan|-111.309205
1419|-17.734131|-4.443478|-1376.862938|1.709967|41.836149|-20.513455|-24.503317|-0.185163|7.143026|-5.122527|-12.222677|-102.145315|-0.696630|3.839334|20.403903|20.577373|-0.016600|nan|-111.561893
1420|-34.067148|-3.388400|-1359.495657|-14.077038|42.102352|-21.121833|-39.782952|-0.184207|-5.160731|-19.093004|-27.426186|-102.092581|-16.442107|-10.378179|20.403903|19.905978|-0.017390|nan|-111.710945
1421|-38.774337|-2.541506|-1344.266218|-17.384457|42.072416|-21.622240|-38.478593|-0.184721|-15.661522|-19.409167|-31.044066|-101.903552|-20.541522|-13.040539|20.403903|19.541314|-0.014048|464.863297|-111.807776
1422|-46.490748|-2.280228|-1334.285761|-25.593933|42.191259|-22.357877|-42.112165|-0.098510|-15.062673|-10.874419|-37.737492|-102.248354|-27.622328|-18.502473|20.403903|18.959004|-0.015266|85539.052307|-112.160059
1423|-29.414596|-1.726687|-1333.660471|-7.196370|41.617160|-22.336966|-29.907091|-0.090115|-11.521346|-23.996048|-19.561248|-102.116949|-11.120312|1.464881|20.403903|19.136666|-0.012219|125989.389004|-112.497507
1424|-21.540616|-1.137413|-1328.974221|nan|41.593825|-21.989852|-24.316980|-0.081742|-7.203012|-4.320074|-10.402045|-101.560830|-6.641978|11.248955|20.403903|19.290428|-0.010759|150169.018009|-112.648253
1425|-22.758639|-0.545899|-1330.125364|-0.151110|41.525231|-21.366688|-15.652309|-0.075434|-13.694846|-2.881776|-10.355047|-101.011900|-13.214157|12.124740|20.403903|19.423704|-0.009033|150171.573637|-112.766574
1426|-23.401858|-0.109454|-1325.734830|nan|41.450538|-20.916553|-18.820038|-0.064204|-7.627326|3.012544|-9.739759|-100.593614|-13.307326|13.053389|20.403903|19.539401|-0.007658|150171.857593|-112.892200
1427|-28.689210|-0.002234|-1338.789405|-5.007075|41.309377|-20.763993|-44.255041|-0.045495|-8.298920|2.301383|-13.639186|-100.432559|-18.058920|9.101391|20.403903|28.085573|-0.008476|173881.559574|-113.097142
1428|-20.534671|0.309900|-1370.402629|4.500034|40.444299|-20.299801|-35.404033|-0.020214|-5.555627|4.503212|-4.082980|-99.877372|-9.394249|18.568964|20.403903|26.021031|-0.006984|185967.120864|-113.183900
1429|-21.673794|0.463151|-1396.024143|nan|39.643352|-19.926772|-22.919452|0.002766|-6.127117|-5.343627|-3.854861|-99.283841|-10.046428|18.386354|20.403903|26.209437|-0.007096|208743.356471|-113.270658
1430|-20.337812|0.564870|-1426.792757|6.051195|38.911128|-18.901441|-16.118152|0.081658|-16.276915|-5.665093|-1.377518|-98.904838|-12.036227|20.781956|20.403903|26.513974|-0.006792|208736.646148|-113.323350
1431|-25.739553|0.695629|-1444.027638|0.050908|38.343225|-17.769695|-7.080807|0.097510|-24.907670|-8.718767|-5.728219|-98.600002|-24.907326|15.909454|20.403903|26.444073|-0.007657|208727.567476|-113.376042
1432|-37.438280|0.503654|-1450.114976|-11.207489|38.418080|-17.035066|-21.987768|0.096428|-28.272852|-15.421737|-16.345937|-98.050226|-36.273884|4.688930|20.403903|26.082540|-0.009614|208716.909904|-113.426508
1433|-28.309747|0.502764|-1456.030813|-1.371192|38.459843|-15.937396|-15.838646|0.108096|-29.343865|10.612982|-6.095565|-97.189954|-27.103865|14.251054|20.403903|26.266733|-0.007994|208707.831196|-113.474302
1434|-30.678729|0.480674|-1466.125526|-4.382945|38.391778|-14.776688|-16.863499|0.117353|-33.406396|6.083792|-7.437518|-96.740535|-33.166740|12.008248|20.403903|26.259608|-0.008363|208701.120873|-113.522097
1435|-37.264309|0.376424|-1481.134124|-10.814098|38.554908|-13.469416|-17.981522|0.125681|-43.834679|2.916062|-13.308882|-96.632108|-45.675367|5.356708|20.403903|26.103136|-0.009470|208696.778900|-113.556799
1436|-25.805801|0.479074|-1473.790844|1.560894|38.138751|-11.990230|-5.496941|0.130437|-34.043160|4.420967|-1.374249|-96.599939|-34.122472|17.131134|20.403903|23.559028|-0.007481|208695.200000|-113.640102
1437|-23.070746|0.449795|-1468.270457|nan|37.680739|-10.898723|3.167729|0.129033|-24.766729|-4.974625|1.742410|-96.331058|-31.327417|19.437295|20.403903|23.828522|-0.007001|208694.805275|-113.778231
1438|-25.056174|0.513729|-1462.252385|1.587995|37.772858|-10.063995|6.614964|0.128164|-22.083612|19.990806|-0.003335|-95.999895|-33.283956|16.214085|20.403903|23.728852|-0.007337|208694.410550|-113.825263
1439|-31.476019|0.506912|-1458.417114|-4.832723|38.221509|-9.332772|0.931685|0.124077|-30.271551|9.700338|-6.383677|-95.840261|-39.712583|9.407674|20.403903|23.495866|-0.008444|208695.200000|-113.913338
1440|-33.013841|0.441731|-1464.362712|nan|38.724601|-8.569899|2.422382|0.117905|-33.775415|12.269757|-8.109820|-95.869588|-41.296447|7.064247|20.403903|23.315354|-0.008717|208696.384175|-113.950444
1441|-25.210627|0.490065|-1457.722424|2.271920|38.532748|-7.734661|5.962785|0.114276|-25.642773|5.187309|-0.439182|-95.708064|-33.563461|14.192809|20.403903|23.485658|-0.007386|208698.357799|-113.947805
1442|-24.479036|0.848866|-1446.300913|1.988188|38.995617|-7.200307|23.012621|0.087325|-18.750594|7.473323|0.077579|-95.683564|-32.911282|14.018343|23.619750|23.466417|-0.007256|208699.936699|-113.897546
1443|-30.344573|1.243182|-1466.128977|-3.973633|39.459927|-6.756123|12.577749|0.074143|-25.672690|4.654909|-5.991326|-95.936018|-38.874066|7.298358|23.619750|23.299357|-0.006032|208701.120873|-113.817854
1444|-45.613519|1.100263|-1489.768419|-18.918230|40.396508|-6.781318|-5.217437|0.056616|-33.605837|-2.601135|-21.618463|-96.635085|-54.246870|-9.414980|23.619750|22.711125|-0.007814|208700.726148|-113.921474
1445|-56.401220|0.784084|-1504.242629|-30.170463|40.943918|-7.099581|-14.068444|0.005532|-41.786896|-21.059603|-32.902043|-97.720848|-61.147585|-20.656229|23.619750|22.108585|-0.010308|208700.331423|-114.299323
1446|-66.897957|0.089136|-1509.665210|-40.607826|41.296248|-7.526334|-18.167859|-0.045681|-49.287073|-22.163565|-43.965789|-98.959422|-70.728795|-31.767973|23.619750|21.348153|-0.014026|208697.173624|-114.680428
1447|-86.161213|-0.868629|-1520.938094|-59.755948|41.792899|-8.607809|-40.248795|-0.098363|-57.545431|-24.264719|-63.953781|-101.150870|-90.107844|-52.168768|23.619750|20.165704|-0.020792|208688.094952|-115.205548
1448|-99.370020|-1.939120|-1527.758499|nan|40.914725|-9.827651|-52.081195|-0.145414|-71.587153|-53.310555|-77.956053|-103.500490|-103.430940|-66.065396|8.299060|3.962321|-0.025489|208674.279545|-115.716723
1449|-86.952500|-2.707025|-1531.364325|-60.336208|40.519279|-10.598731|-58.789328|-0.175288|-61.769256|-25.088078|-66.245468|-105.424856|-91.132698|-54.733542|8.299060|3.478049|-0.023375|208654.543301|-116.255748
1450|-108.456501|-3.983485|-1528.859503|-82.410239|39.872554|-11.941467|-96.149898|-0.205763|-72.502627|-38.765533|-88.482318|-107.951881|-108.667791|-77.344629|7.205893|1.294456|-0.028931|208627.307249|-117.014624
1451|-102.116873|-5.017813|-1525.844863|-75.714784|39.161799|-13.047370|-94.007023|-0.232143|-67.461026|-31.098713|-82.900323|-110.469801|-101.465501|-71.674886|2.921867|-3.463613|-0.027861|208594.150323|-117.665724
1452|-98.298892|-6.061888|-1542.324733|nan|38.347860|-14.071741|-97.361089|-0.354633|-64.774629|-30.708511|-79.729554|-112.790358|-97.738761|-68.917099|2.921867|-3.758304|-0.027224|208556.256699|-118.319186
1453|-85.160050|-6.923913|-1580.470346|-59.886856|38.106114|-14.721932|-66.615482|-0.379469|-52.610010|-18.876049|-67.350330|-114.757904|-83.335170|-56.741380|2.921867|-3.909421|-0.024982|208514.021100|-118.686374
1454|-81.318560|-7.725956|-1619.804937|-54.880711|37.273454|-15.152947|-54.410408|-0.400563|-54.003956|-18.734935|-64.218279|-116.079521|-79.528430|-54.423806|2.921867|-3.792764|-0.024345|208466.654079|-118.878238
1455|-68.437953|-8.356212|-1677.782928|-42.449992|36.379118|-15.383844|-42.298501|-0.412696|-38.520216|-9.036392|-51.897355|-116.633173|-66.764344|-43.380559|2.921867|-3.314492|-0.022149|208415.734498|-118.772468
1456|-67.279106|-8.950116|-1745.348090|-42.059533|36.185249|-15.651195|-41.366817|-0.412821|-38.855360|-3.207474|-51.291971|-117.054879|-64.219491|-44.399331|2.921867|-3.174819|-0.021976|208360.867703|-118.793408
1457|-73.169381|-9.780998|-1812.256239|nan|35.644188|-15.707245|-52.174364|-0.418391|-47.951655|-24.272680|-57.719474|-117.485536|-73.235444|-52.341015|2.921867|-3.147422|-0.023025|208303.632524|-119.013103
1458|-76.071820|-10.673218|-1904.449985|-51.182294|35.731720|-15.844870|-46.584253|-0.435987|-43.984842|-26.443722|-61.390767|-118.502030|-76.310004|-57.196042|2.921867|-3.208043|-0.023561|208244.423720|-119.232461
1459|-63.120261|-11.181107|-1985.146681|-37.803906|35.413610|-15.847689|-34.472347|-0.447153|-34.501788|-21.967031|-49.300130|-119.415004|-63.545919|-46.224977|2.921867|-2.875156|-0.021363|208184.425502|-119.354741
