859|nan|nan|nan|nan|nan|nan|nan|nan|nan|nan|nan|nan|nan|nan|nan|nan|nan|nan|nan
900|nan|nan|nan|nan|nan|nan|nan|nan|nan|nan|nan|nan|nan|nan|nan|nan|nan|nan|nan
901|nan|nan|nan|nan|nan|nan|nan|nan|nan|nan|nan|nan|nan|nan|nan|nan|nan|nan|nan
902|nan|nan|nan|nan|nan|nan|nan|nan|nan|nan|nan|nan|nan|nan|nan|nan|nan|nan|nan
903|nan|nan|nan|nan|nan|nan|nan|nan|nan|nan|nan|nan|nan|nan|nan|nan|nan|nan|nan
904|nan|nan|nan|nan|nan|nan|nan|nan|nan|nan|nan|nan|nan|nan|nan|nan|nan|nan|nan
905|nan|nan|nan|nan|nan|nan|nan|nan|nan|nan|nan|nan|nan|nan|nan|nan|nan|nan|nan
906|nan|nan|nan|nan|nan|nan|nan|nan|nan|nan|nan|nan|nan|nan|nan|nan|nan|nan|nan
907|nan|nan|nan|nan|nan|nan|nan|nan|nan|nan|nan|nan|nan|nan|nan|nan|nan|nan|nan
908|nan|nan|nan|nan|nan|nan|nan|nan|nan|nan|nan|nan|nan|nan|nan|nan|nan|nan|nan
909|nan|nan|nan|nan|nan|nan|nan|nan|nan|nan|nan|nan|nan|nan|nan|nan|nan|nan|nan
910|nan|nan|nan|nan|nan|nan|nan|nan|nan|nan|nan|nan|nan|nan|nan|nan|nan|nan|nan
911|nan|nan|nan|nan|nan|nan|nan|nan|nan|nan|nan|nan|nan|nan|nan|nan|nan|nan|nan
912|nan|nan|nan|nan|nan|nan|nan|nan|nan|nan|nan|nan|nan|nan|nan|nan|nan|nan|nan
913|nan|nan|nan|nan|nan|nan|nan|nan|nan|nan|nan|nan|nan|nan|nan|nan|nan|nan|nan
914|nan|nan|nan|nan|nan|nan|nan|nan|nan|nan|nan|nan|nan|nan|nan|nan|nan|nan|nan
915|nan|nan|nan|nan|nan|nan|nan|nan|nan|nan|nan|nan|nan|nan|nan|nan|nan|nan|nan
916|nan|nan|nan|nan|nan|nan|nan|nan|nan|nan|nan|nan|nan|nan|nan|nan|nan|nan|nan
917|nan|nan|nan|nan|nan|nan|nan|nan|nan|nan|nan|nan|nan|nan|nan|nan|nan|nan|nan
918|nan|nan|nan|nan|nan|nan|nan|nan|nan|nan|nan|nan|nan|nan|nan|nan|nan|nan|nan
919|nan|nan|nan|nan|nan|nan|nan|nan|nan|nan|nan|nan|nan|nan|nan|nan|nan|nan|nan
920|nan|nan|nan|nan|nan|nan|nan|nan|nan|nan|nan|nan|nan|nan|nan|nan|nan|nan|nan
921|nan|nan|nan|nan|nan|nan|nan|nan|nan|nan|nan|nan|nan|nan|nan|nan|nan|nan|nan
922|nan|nan|nan|nan|nan|nan|nan|nan|nan|nan|nan|nan|nan|nan|nan|nan|nan|nan|nan
923|nan|nan|nan|nan|nan|nan|nan|nan|nan|nan|nan|nan|nan|nan|nan|nan|nan|nan|nan
924|nan|nan|nan|nan|nan|nan|nan|nan|nan|nan|nan|nan|nan|-61.003145|nan|30.114010|nan|nan|nan
925|nan|nan|nan|nan|nan|nan|nan|nan|nan|nan|nan|nan|nan|-62.188457|nan|29.626794|nan|nan|nan
926|nan|nan|nan|nan|nan|nan|nan|nan|nan|nan|nan|nan|nan|-42.546899|nan|29.554160|nan|nan|nan
927|nan|nan|nan|nan|nan|nan|nan|nan|nan|nan|nan|nan|nan|-35.312797|nan|29.498510|nan|nan|nan
928|nan|nan|nan|nan|nan|nan|nan|nan|nan|nan|nan|nan|nan|-35.215801|29.645562|29.456784|nan|nan|nan
929|nan|nan|nan|nan|nan|nan|nan|nan|nan|nan|nan|nan|nan|-41.144394|29.215283|28.996148|nan|nan|nan
930|nan|nan|nan|nan|nan|nan|nan|nan|nan|nan|nan|nan|nan|-78.618193|15.763556|14.907919|nan|nan|nan
931|nan|nan|nan|nan|nan|nan|nan|nan|nan|nan|nan|nan|nan|-129.116666|-10.574695|-12.378894|nan|nan|nan
932|nan|nan|nan|nan|nan|nan|nan|nan|nan|nan|nan|nan|nan|-137.528942|-37.367029|-39.736919|nan|nan|nan
933|nan|nan|nan|nan|15.745276|nan|nan|nan|nan|nan|nan|nan|nan|-129.096264|-37.367029|-40.304560|nan|nan|nan
934|nan|nan|nan|nan|11.343295|nan|nan|nan|nan|nan|nan|nan|nan|-145.731579|-37.367029|-40.867008|nan|nan|nan
935|nan|nan|nan|nan|5.048054|nan|nan|nan|nan|-128.198512|nan|nan|nan|-178.241308|-66.497252|-70.856657|nan|nan|nan
936|nan|nan|nan|nan|0.092279|nan|nan|nan|nan|-101.267686|nan|nan|nan|-162.702023|-66.497252|-71.168643|nan|nan|nan
937|nan|nan|nan|nan|-2.014287|nan|nan|nan|nan|-52.807670|nan|nan|nan|-126.780094|-66.497252|-71.203195|nan|nan|nan
938|nan|nan|nan|nan|-2.314973|nan|nan|nan|nan|-22.443397|nan|nan|nan|-98.503625|-66.497252|-71.020644|nan|nan|nan
939|nan|nan|nan|nan|-3.599753|nan|nan|nan|nan|-54.169674|nan|nan|nan|-143.135560|-66.497252|-71.593760|nan|nan|nan
940|nan|nan|nan|nan|-5.103097|nan|nan|nan|nan|-60.406685|nan|nan|nan|-142.174417|-66.497252|-71.673395|nan|nan|nan
941|nan|nan|nan|nan|-5.475111|nan|nan|nan|nan|-49.677361|nan|nan|nan|-126.279833|-66.497252|-71.674338|nan|nan|nan
942|nan|nan|nan|nan|-6.844379|nan|nan|nan|nan|-76.510083|nan|nan|nan|-155.667462|-66.497252|-72.075347|nan|nan|nan
943|nan|-94.728434|nan|nan|-8.064588|nan|nan|nan|nan|-72.669886|nan|nan|nan|-158.172051|-66.497252|-72.322547|-0.041423|nan|nan
944|nan|-95.929909|nan|nan|-9.646347|nan|nan|nan|nan|-92.959902|nan|nan|nan|-171.041935|-66.497252|-72.754381|-0.042944|nan|nan
945|nan|-97.328914|nan|nan|-11.531597|nan|nan|nan|nan|-109.174698|nan|nan|nan|-177.795421|-66.497252|-73.017622|-0.043636|nan|nan
946|nan|-98.655071|nan|nan|-13.232340|nan|nan|nan|nan|-123.320474|nan|nan|nan|-184.980058|-66.497252|-73.453759|-0.044358|nan|nan
947|nan|-100.447103|nan|nan|-15.212626|nan|nan|nan|nan|-129.675052|nan|nan|nan|-196.542268|-66.497252|-73.865931|-0.045793|nan|nan
948|nan|-99.750018|nan|-121.882939|-16.281872|nan|nan|nan|nan|-111.012572|nan|nan|nan|-164.001365|-66.497252|-73.639122|-0.040845|nan|nan
949|nan|-98.168503|nan|-108.520990|-16.539521|nan|nan|nan|nan|-99.025888|nan|nan|nan|-152.653027|-66.497252|-73.531297|-0.038805|nan|nan
950|nan|-96.371444|nan|nan|-16.652531|nan|nan|nan|nan|-94.658331|nan|nan|nan|-146.558830|-66.497252|-68.637351|-0.037535|nan|nan
951|nan|-93.977003|nan|nan|-16.250082|nan|nan|nan|nan|-77.833174|nan|nan|nan|-134.744680|-66.497252|-68.306948|-0.035463|nan|nan
952|nan|-90.305255|nan|-54.232596|-15.044995|nan|nan|nan|nan|-49.418144|nan|nan|nan|-107.076298|-66.497252|-67.819505|-0.031251|nan|nan
953|nan|-86.644284|nan|-46.777760|-13.635788|nan|-88.335048|nan|nan|-46.154247|nan|nan|nan|-99.730292|-66.497252|-67.369018|-0.030009|nan|nan
954|nan|-82.528296|nan|-27.006725|-11.942069|nan|-54.248112|nan|nan|-36.536624|nan|nan|nan|-81.836061|-66.497252|-66.798881|-0.027369|nan|nan
955|nan|-77.913241|nan|-5.389734|-9.852074|nan|-36.165408|nan|nan|-15.905345|nan|nan|nan|-60.127896|-66.497252|-66.142038|-0.024281|nan|nan
956|nan|-73.637296|nan|nan|-8.067240|nan|-16.835621|nan|nan|-29.324267|nan|nan|nan|-55.584418|-66.497252|-65.579090|-0.023718|nan|nan
957|nan|-70.425298|nan|-18.809369|-6.530731|nan|-29.722145|nan|nan|-48.331732|nan|nan|nan|-71.638533|-66.497252|-65.403835|-0.026068|nan|nan
958|nan|-67.575218|nan|-18.298905|-5.293606|nan|-32.216312|nan|nan|-36.314531|nan|nan|nan|-71.655450|-66.497252|-65.071929|-0.026129|nan|nan
959|nan|-64.982920|nan|-20.267457|-4.801850|-79.266581|-40.738045|-0.254765|nan|-37.034311|nan|nan|nan|-72.405797|-66.497252|-65.083135|-0.026280|nan|nan
1000|nan|-62.549655|nan|-16.717232|-4.533016|-77.561764|-76.695606|-0.324744|nan|-36.600828|nan|nan|nan|-69.391973|-66.497252|-64.900663|-0.025923|nan|nan
1001|nan|-60.268674|nan|nan|-4.249056|-75.878959|-125.331844|-0.283238|nan|-39.782906|nan|-171.816960|nan|-66.093380|-66.497252|-64.722920|-0.025538|nan|nan
1002|nan|-57.743800|nan|-0.714016|-3.886770|-73.887162|-120.759206|-0.214809|nan|-26.281341|nan|-171.490294|nan|-51.961871|-66.497252|-44.686652|-0.023577|nan|nan
1003|nan|-55.582301|nan|-7.175418|-3.171855|-72.256355|-118.680735|-0.185597|nan|-22.930607|nan|-171.158655|nan|-57.267414|-66.497252|-25.369166|-0.024411|nan|nan
1004|nan|-53.516449|nan|-3.709406|-2.478589|-70.585059|-133.022190|-0.175708|nan|-16.494336|nan|-170.554269|nan|-52.562026|-66.497252|-21.267067|-0.024054|nan|nan
1005|nan|-52.621686|nan|-37.315965|-1.717553|-69.918650|-198.494048|-0.230359|nan|-49.184431|nan|-169.818235|nan|-81.768243|-61.924614|-7.023090|-0.028724|nan|nan
1006|nan|-52.252750|nan|nan|-0.883068|-69.620825|-198.909742|-0.301159|nan|-47.810806|nan|-168.028775|nan|-94.538840|-61.924614|17.089682|-0.030985|nan|nan
1007|nan|-50.930401|nan|-18.577949|1.303146|-68.519309|-129.696635|-0.326639|nan|-15.838120|nan|-165.122105|nan|-57.899658|-61.924614|17.115299|-0.026198|nan|nan
1008|nan|-48.480388|nan|27.579358|2.679334|-66.168520|-54.248111|-0.273041|nan|3.302494|nan|-161.206259|nan|-5.797032|-61.924614|17.937896|-0.019506|nan|nan
1009|nan|-44.419686|nan|96.597251|6.501012|-62.268405|-27.227980|-0.165852|nan|56.285532|nan|-154.929963|nan|70.468150|-61.924614|19.219406|-0.009633|nan|nan
1010|nan|-40.016015|nan|nan|11.918574|-58.013368|2.909860|-0.052063|nan|75.367003|nan|-147.059203|nan|104.490485|-61.924614|20.382653|-0.005976|nan|nan
1011|nan|-35.932685|nan|121.486428|17.161080|-54.030804|20.576870|0.026591|nan|78.995678|nan|-139.706837|nan|111.257678|-61.924614|21.285916|-0.006153|nan|nan
1012|nan|-30.824678|nan|173.447571|22.828397|-48.896258|46.557766|0.134293|nan|107.113129|nan|-131.947626|nan|174.410818|-61.924614|22.898503|0.001366|nan|nan
1013|nan|-25.254629|nan|210.078370|28.984805|-43.259273|82.931021|0.272210|nan|123.956160|nan|-124.100505|nan|222.890004|-61.924614|24.430648|0.006535|nan|nan
1014|nan|-20.252621|nan|198.785372|35.684902|-38.269439|61.938457|0.364200|nan|122.260598|nan|-115.529762|nan|224.684250|-61.924614|25.266447|0.005049|nan|nan
1030|nan|-16.418238|nan|158.098180|41.688750|-34.429169|16.835620|0.417563|nan|88.599540|nan|-108.197458|nan|196.616373|-61.924614|25.548464|-0.000714|nan|nan
1031|nan|-12.750808|nan|160.188142|47.004926|-30.665980|12.886524|0.469045|nan|78.244511|nan|-101.305892|nan|209.494778|-61.924614|26.009987|-0.000565|nan|nan
1032|nan|-9.502314|nan|150.594808|52.783865|-27.321570|-5.611874|0.510694|nan|75.254407|nan|-93.898300|nan|211.506641|-42.214136|26.144717|-0.001782|nan|nan
1033|128.775753|-6.607705|nan|143.504489|58.206442|-24.248283|20.576870|0.546193|nan|92.924339|nan|-86.724728|nan|213.169322|-22.872682|26.330297|-0.002999|nan|nan
1034|146.374005|-3.542409|nan|160.344218|64.158304|-20.933498|51.753945|0.591969|nan|118.487991|nan|-78.712930|nan|239.616088|-18.935253|26.707245|-0.000594|nan|nan
1035|128.462833|-1.066620|nan|140.408402|69.994908|-18.171461|42.192976|0.625605|nan|115.140999|nan|-71.153304|nan|229.655857|-4.385951|26.767663|-0.003167|nan|nan
1036|110.947336|3.781770|nan|122.322648|75.438851|-15.910756|38.659574|0.644707|nan|103.145417|nan|-64.014375|nan|219.953357|19.934092|34.081873|-0.005748|nan|nan
1037|92.987292|7.530631|nan|103.820485|80.781465|-14.118013|49.675474|0.646406|nan|108.942427|nan|-57.145378|nan|209.876828|19.934092|33.702905|-0.008388|nan|nan
1038|75.173206|10.349783|nan|85.531818|85.200606|-12.309932|40.114504|0.641527|nan|98.225516|nan|-51.788680|nan|199.675787|19.934092|109.327011|-0.010998|nan|nan
1039|57.522005|13.522060|nan|nan|88.569573|-11.052661|40.530198|0.630336|nan|73.362348|nan|-47.326019|nan|188.027934|19.934092|98.439687|-0.013577|nan|nan
1040|70.252220|16.943569|nan|80.797817|91.943314|-9.410079|74.409287|0.627208|nan|73.394800|nan|-42.755091|nan|206.934101|19.934092|98.312298|-0.011825|nan|nan
1041|72.143717|19.943189|nan|nan|94.946740|-8.006522|79.813313|0.624655|nan|78.360484|nan|-38.506016|nan|214.815568|19.934092|98.151988|-0.011616|nan|nan
1042|79.033906|23.531889|nan|88.697537|97.191654|-6.448707|69.836650|0.627927|nan|78.313078|nan|-34.928012|nan|227.810466|19.934092|98.275556|-0.010695|nan|nan
1043|74.889954|27.001429|nan|83.034193|99.180804|-5.008944|64.848317|0.624596|nan|78.977561|nan|-31.756484|nan|229.539462|19.934092|98.157849|-0.011346|nan|-106.666869
1044|60.542310|30.355904|nan|nan|100.416753|-3.696363|49.051933|0.648561|nan|61.781992|nan|-29.522978|nan|220.552346|19.934092|86.338319|-0.013449|nan|-106.805875
1045|34.980873|33.300344|nan|42.653225|100.703985|-2.287449|25.565202|0.666970|nan|40.743322|nan|-28.592739|nan|199.451506|19.934092|68.207989|-0.017151|nan|-107.004815
1046|9.253775|35.777304|nan|16.117004|100.417775|-0.437034|2.078472|0.675699|nan|1.466681|33.684646|-28.522313|nan|177.664789|19.934092|41.590692|-0.020882|nan|-107.261327
1047|-4.614060|38.160479|nan|nan|99.947741|1.349183|1.454930|0.676342|nan|-15.253057|19.006294|-28.299133|nan|166.898305|19.934092|29.844289|-0.018010|nan|-107.402581
1048|-6.411691|39.911016|nan|nan|99.622836|2.987766|-6.651110|0.678674|nan|-12.897631|17.159521|-28.062865|nan|167.223550|19.934092|27.218374|-0.016314|nan|-107.478332
1049|-10.478684|41.241949|nan|nan|99.043810|4.852267|-8.729582|0.681457|nan|-10.203494|12.776787|-27.876347|nan|162.222504|19.934092|26.915246|-0.015701|nan|-107.500368
1050|-8.271081|42.504374|nan|nan|98.952144|7.312558|-39.698809|0.699007|nan|10.615042|15.154547|-27.699592|nan|162.159644|19.934092|26.644189|-0.013388|nan|-107.510988
1051|-26.022493|43.098146|-820.629388|-21.734749|98.629629|9.177003|-73.785745|0.719750|-49.953705|-1.584230|-1.940710|-28.107274|-40.672564|142.567698|24.017371|26.247543|-0.011773|nan|-107.511320
1052|-25.710232|43.159820|-707.488739|-22.078473|98.289001|10.471938|-40.530198|0.749191|-47.119841|3.046559|-1.220357|-28.862289|-40.880411|138.847995|24.017371|25.911344|-0.011008|nan|-107.468311
1053|-23.555893|43.115654|-634.962746|nan|98.442456|11.344027|7.898193|0.747637|-41.856495|22.888881|0.664763|-29.359478|-39.217634|133.890585|24.017371|25.626337|-0.010772|nan|-107.383279
1054|-71.302779|41.753655|-601.581120|-67.969582|97.629870|11.919518|28.682909|0.694596|-91.196469|5.697958|-48.106155|-31.233266|-93.198178|78.639188|23.150913|23.902845|-0.018939|nan|-107.197253
1055|-153.229143|38.417706|-589.091997|-150.149063|95.071345|10.732789|-28.059368|0.578028|-154.462522|-69.872615|-131.362316|-34.449284|-175.505657|-11.325264|-50.065657|-51.068947|-0.042504|nan|-107.637530
1056|-206.341038|34.063640|-580.070411|-202.955765|90.972654|8.477886|-82.723174|0.457709|-206.918677|-114.201346|-185.783094|-38.698079|-228.922380|-72.796428|-127.291904|-129.654263|-0.057859|nan|-109.761026
1057|-187.162323|30.459582|-577.395424|nan|86.821777|7.104041|-11.223748|0.320092|-193.124869|-82.711806|-168.326430|-43.309490|-212.808288|-62.349658|-127.291904|-130.687827|-0.055169|nan|-111.589052
1058|-118.513467|28.399259|-573.277066|-116.051386|84.311579|7.246727|93.323380|0.219964|-133.624289|-41.694385|-101.607593|-47.403926|-144.586568|-2.170701|-127.291904|-130.685689|-0.045423|nan|-112.709442
1059|-101.202727|26.602742|-593.670071|-99.480145|80.408606|7.780318|99.974490|0.138438|-115.059684|-24.481335|-86.198119|-52.962935|-131.303100|6.193811|-127.291904|-130.951549|-0.042998|nan|-113.571632
1100|-149.593809|23.883247|-613.337133|-147.998422|74.832107|7.473758|11.015900|0.052209|-156.415352|-67.016460|-136.344643|-60.516971|-179.939338|-51.794806|-127.291904|-131.577431|-0.049939|nan|-114.956471
1101|-126.270894|21.709909|-630.110594|-124.375795|69.660663|7.822512|35.126172|-0.024868|-140.065169|-60.047518|-114.739669|-67.311684|-160.308302|-37.742816|-127.291904|-131.707877|-0.046653|nan|-116.028843
1102|-113.960006|19.544561|-707.719385|-113.317166|63.679547|8.529417|38.659573|-0.100559|-126.970033|-47.292383|-104.203493|-75.198778|-149.693167|-34.849585|-127.291904|-131.911350|-0.044939|nan|-116.945958
1103|-112.266160|17.511088|-886.594027|nan|56.587764|8.730485|31.592770|-0.177811|-117.755386|-69.356569|-104.358844|-84.030041|-148.238236|-44.022065|-127.291904|-132.015608|-0.044735|nan|-117.828062
1104|-120.772056|15.323759|-1126.788979|-120.593316|49.303509|8.532638|39.698809|-0.268913|-124.964683|-100.580383|-114.771927|-92.779947|-156.967818|-63.110750|-127.291904|-132.194985|-0.045986|nan|-118.789560
1105|-127.854152|13.648270|-1336.885853|-127.529846|42.967137|7.999244|13.925761|-0.352504|-125.118196|-117.170095|-123.658904|-100.527939|-164.242468|-80.839741|-127.291904|-132.584757|-0.047032|nan|-119.775383
1106|-123.941507|12.464489|-1458.162546|-122.806515|36.785551|7.397946|-0.415694|-0.422344|-122.737232|-108.057448|-121.432700|-108.142147|-160.501219|-87.496900|-127.291904|-132.672711|-0.046506|nan|-120.652541
1107|-99.262582|11.093135|-1554.640959|-98.286864|31.253710|6.805288|5.611874|-0.466174|-97.170983|-100.198878|-98.235880|-114.740598|-135.975253|-73.265791|-127.291904|-132.523885|-0.043015|nan|-121.193795
1108|-104.956024|8.776189|-1703.911258|-105.078733|26.180126|5.880083|-18.498398|-0.510515|-98.750418|-68.447523|-105.306523|-121.184035|-141.794974|-89.658939|-127.291904|-132.653417|-0.043855|nan|-121.538628
1109|-130.220229|4.600272|-1820.822821|-130.721481|20.144310|4.204992|-61.938457|-0.556947|-120.107488|-102.049234|-131.941853|-128.757944|-167.152329|-124.578357|-127.291904|-132.844986|-0.047486|nan|-122.290344
1110|-84.839458|0.894442|-1921.290218|-84.179508|15.512912|3.073253|-4.364791|-0.595333|-76.397942|-79.557317|-87.897467|-134.562558|-121.841646|-87.561511|-127.291904|-132.621205|-0.041023|nan|-122.602274
1111|-61.505206|-2.345770|-2019.060759|-60.897894|11.687827|2.328138|20.369022|-0.626223|-54.399344|-54.450215|-65.798818|-139.299332|-98.562763|-70.820161|-127.291904|-113.315411|-0.037704|nan|-122.835680
1112|-24.026118|-5.745828|-2124.480425|-23.903831|8.842571|2.638223|64.224776|-0.651636|-26.667708|-29.610800|-29.460759|-142.505819|-54.590272|-37.694955|-127.291904|-75.700544|-0.032364|nan|-122.786167
1113|7.429862|-9.268507|-2234.757921|nan|7.268579|3.437320|91.037061|-0.668805|6.957215|2.484908|0.995904|-144.319006|-23.205349|-9.552448|-127.291904|-75.006790|-0.027884|nan|-122.616578
1114|17.910308|-12.451870|-2338.133634|18.283412|6.341371|4.442004|86.672271|-0.684434|11.829289|7.025344|10.583006|-145.357543|-9.532990|-1.934180|-127.291904|-74.270629|-0.026402|nan|-122.457556
1115|3.449748|-15.166061|-2412.870978|2.808932|5.212040|5.005284|46.142072|-0.689348|3.760557|-9.673959|-4.738855|-147.184544|-23.122292|-19.444706|-127.291904|-60.424367|-0.028484|nan|-122.295218
1116|19.131522|-17.431730|-2474.948828|19.322795|4.271663|5.814910|35.541866|-0.690327|17.668525|-2.606660|10.134286|-148.632899|-4.013755|-6.585765|-127.291904|-46.365165|-0.026259|nan|-122.144856
1117|29.408441|-19.370731|-2580.505150|nan|3.699118|6.532977|31.384923|-0.688989|30.173037|8.895519|19.585068|-149.998109|7.290757|1.403880|-127.291904|-46.017267|-0.024806|nan|-122.022602
1118|9.546434|-21.491808|-2634.078254|8.631019|2.905907|6.876403|9.145275|-0.687578|10.060278|-19.140062|-1.128766|-151.803359|-9.622572|-20.242264|-127.291904|-46.034066|-0.027661|nan|-121.926716
1119|18.573895|-23.674948|-2680.437084|18.499667|2.560469|7.376115|13.510066|-0.682731|19.076284|-13.904905|7.071854|-152.985155|1.314857|-11.974252|-127.291904|-45.873980|-0.026385|nan|-121.962205
1120|3.913264|-25.856303|-2691.979833|2.445126|2.099748|8.102833|0.415695|-0.686453|0.237422|-26.737119|-8.374108|-153.892579|-13.442292|-26.102343|-127.291904|-45.885322|-0.028494|nan|-122.104626
1121|12.332689|-27.513365|-2668.864143|nan|2.078027|9.281737|-9.560970|-0.685521|6.391022|-31.332295|-1.158661|-153.850856|-5.128406|-15.914411|-127.291904|-45.722733|-0.027304|nan|-122.352812
1122|-24.154651|-29.621997|-2626.025745|-25.327251|2.399815|9.060325|-46.349919|-0.735023|-20.508936|-44.643098|-38.878962|-154.411901|-40.989508|-51.802742|-127.291904|-46.195449|-0.032534|nan|-122.581632
1123|-26.788222|-31.370738|-2555.716237|-27.267098|2.455656|8.099232|-47.389155|-0.751250|-15.609808|-48.389420|-42.761393|-154.898294|-43.691521|-53.150135|-127.291904|-46.389553|-0.032922|nan|-122.528485
1124|-13.866080|-32.519463|-2416.232189|-14.393507|2.533699|6.273091|-82.723174|-0.736690|2.715861|-19.593149|-30.902101|-154.922661|-27.764996|-39.363535|-127.291904|-10.576874|-0.031080|nan|-122.523207
1125|-18.646282|-34.020192|-2259.243085|-20.043630|2.394298|3.889249|-169.811138|-0.703389|1.854805|-30.018894|-36.547998|-155.233095|-32.545481|-42.115975|-127.291904|4.822159|-0.031763|nan|-122.617347
1126|-22.625288|-35.657223|-2131.847974|-23.113771|2.292058|1.472963|-227.176957|-0.632752|-2.333720|-38.261174|-41.250149|-155.153432|-36.494577|-43.855209|-108.377812|24.556122|-0.032328|nan|-122.711487
1127|-6.274850|-37.059480|-1977.432978|-6.989067|1.974424|-1.426584|-191.842939|-0.565120|22.005349|-19.658633|-25.442858|-154.607613|-20.074651|-25.938783|-71.588862|24.840937|-0.029980|nan|-122.782146
1128|9.203744|-38.159069|-1804.288338|8.886583|1.314549|-4.682455|-107.872681|-0.556703|41.033887|-11.705052|-10.395732|-153.681641|-4.486113|-6.834015|-71.588862|25.085324|-0.027751|nan|-122.861320
1129|33.390976|-38.467225|-1639.058670|33.202237|2.019891|-7.263639|-66.511094|-0.525864|57.111148|8.116320|13.757439|-150.736089|19.832006|22.936927|-71.588862|25.602936|-0.024272|nan|-122.971103
1330|115.780867|-36.631373|-1550.404938|115.412345|7.068029|-7.559286|-32.632005|-0.439944|125.384473|78.392321|96.747229|-143.205816|103.467333|114.312641|-58.041635|26.789367|-0.012475|nan|-123.155119
1331|129.586276|-34.122821|-1495.100994|129.630672|14.343263|-7.617302|4.364791|-0.354721|139.149947|99.008036|111.461483|-133.858650|120.433093|137.602343|-44.398043|28.022610|-0.010482|nan|-123.381994
1332|88.310590|-32.246584|-1383.355912|87.735198|20.428455|-8.481694|-24.733814|-0.290249|101.757352|55.994353|71.358730|-126.352733|89.919353|105.333643|-44.398043|28.508590|-0.016362|nan|-123.634122
1333|73.038671|-30.579646|-1282.268320|71.982597|25.040654|-9.569743|-38.659573|-0.236342|91.016375|47.091305|57.037870|-121.340300|82.938663|98.955639|-44.398043|28.712851|-0.018558|nan|-123.953332
1334|51.693903|-29.257307|-1205.831238|50.832400|28.494180|-11.386300|-68.797414|-0.186185|76.328115|11.301506|36.680541|-117.516364|64.170404|86.814773|-44.398043|28.694653|-0.021614|nan|-124.333763
1335|27.404657|-28.495970|-1082.480531|26.238227|32.674286|-13.374395|-100.390183|-0.142138|52.090855|-10.680877|13.456192|-112.935085|40.332285|71.013182|-44.398043|28.502916|-0.025086|nan|-124.586213
1336|24.495524|-27.454817|-940.744159|24.469424|36.300316|-15.060335|-99.558794|-0.100729|44.540996|-3.567352|11.655814|-108.955052|47.022425|75.727156|-44.398043|28.485595|-0.025500|nan|-124.829429
1337|27.796338|-26.374847|-761.518087|26.651315|39.780800|-16.451010|-71.707274|-0.069321|46.987693|5.521360|16.032239|-105.200286|50.347979|85.026199|-44.398043|28.297017|-0.025025|nan|-124.975102
1338|16.946854|-25.572966|-489.646412|nan|42.926262|-17.716960|-88.335048|-0.035157|33.379640|5.954449|6.320542|-101.829107|39.539926|78.859314|-44.398043|30.525805|-0.026568|nan|-125.091328
1339|31.650646|-23.595460|-197.095824|31.746716|46.385214|-18.379657|-98.935253|0.032029|45.016790|24.887206|22.330099|-97.793417|54.057076|98.149631|-8.611170|30.532785|-0.024460|nan|-125.213583
1340|34.896177|-20.082770|62.970340|33.937851|49.864938|-19.199762|-50.299016|0.064726|50.901773|47.998119|26.947018|-93.458409|57.382630|105.854505|6.898290|30.521151|-0.023985|nan|-125.347773
1341|23.363611|-15.646779|270.283358|22.501397|53.280355|-20.295520|-38.451727|0.083440|40.110750|46.975963|16.702497|-89.554978|45.951036|97.268358|26.693934|30.341268|-0.023044|nan|-125.470027
1342|17.414438|-11.776227|440.006476|17.818908|55.755394|-21.534799|-6.858957|0.092942|35.250744|31.210629|11.891632|-86.526899|40.131315|93.194553|26.693934|45.928333|-0.018906|nan|-125.586684
1343|60.507305|-8.332084|574.999163|60.672627|58.675275|-21.818197|67.758178|0.116468|70.241526|61.161680|56.142779|-82.166387|83.363527|137.921245|26.693934|52.510219|-0.012730|nan|-125.743432
1344|52.041947|-5.616133|691.840789|51.601407|62.294673|-22.084658|69.836650|0.137639|63.608211|51.535024|48.810038|-77.335423|74.729640|130.947992|26.693934|65.275665|-0.013917|nan|-125.868479
1345|48.138256|-2.022945|781.042681|nan|64.800356|-22.000707|51.546099|0.153524|55.386676|49.274728|46.076309|-73.904102|65.948391|128.393531|26.693934|65.389520|-0.012377|nan|-125.965949
1346|14.691292|0.455858|849.711586|14.984584|66.610721|-22.214888|33.879088|0.151138|27.652272|20.545876|13.689720|-72.083243|31.572843|96.170925|26.693934|64.993425|-0.017126|nan|-125.793801
1347|10.946610|2.618532|915.061301|12.210658|67.515323|-22.175321|40.530199|0.150195|21.557440|11.424316|10.944705|-71.452695|26.839442|93.978157|26.693934|59.207227|-0.017629|nan|-125.455559
1348|-3.006907|4.432814|960.830190|-2.649816|67.370729|-22.373409|6.858956|0.148715|9.200098|-18.918388|-2.037191|-72.067035|12.081528|81.754723|26.693934|52.874883|-0.019587|nan|-124.947153
1349|-16.157389|6.160778|989.943581|-15.537812|66.948553|-22.745969|2.909861|0.149309|-2.245854|-22.440813|-14.309267|-73.293394|-1.764996|69.978064|26.693934|47.274135|-0.021426|nan|-123.659252
1350|-14.167033|8.036000|1029.823674|-12.110960|66.467801|-23.025227|-9.560969|0.154776|-2.920107|-21.902907|-11.418591|-73.944693|-0.518677|73.451171|26.693934|41.696172|-0.021099|nan|-122.099186
1351|-37.556638|9.377686|1116.878964|-36.315385|65.551527|-23.478087|-24.318119|0.177420|-24.790571|-37.588789|-34.012542|-75.662010|-26.469713|51.720769|26.693934|33.561479|-0.024392|nan|-120.843944
1352|-19.592412|10.638543|1196.263866|-17.174394|64.182278|-23.423441|-42.608670|0.215330|-13.460305|-26.832950|-15.115221|-77.140686|-9.219162|71.953429|26.693934|28.885565|-0.021780|nan|-119.302335
1353|-6.828208|12.168640|1269.022021|nan|63.648628|-23.179152|-32.216312|0.226272|-1.245934|-0.637388|-1.329322|-77.673954|2.755209|86.374137|28.694684|28.969580|-0.019909|nan|-117.543716
1354|-13.595589|14.098069|1302.529619|nan|63.053701|-22.239441|-25.773049|0.232008|-16.728624|-3.585830|-7.099857|-78.619732|-12.808053|80.396063|28.694684|29.031948|-0.014378|nan|-115.824982
1355|23.350725|15.907739|1316.842416|26.644754|63.342072|-19.145256|6.651110|0.288690|-0.563409|28.560458|30.909773|-78.054910|9.196591|113.939567|28.694684|29.538209|-0.005747|nan|-114.842045
1356|14.831683|17.036894|1322.822681|17.753515|64.334932|-15.442039|-5.611873|0.303149|-5.596156|32.481498|23.349522|-77.984091|-0.397296|100.921397|28.694684|29.615957|-0.002381|nan|-114.203446
1357|5.311990|17.346036|1312.096256|nan|64.885590|-12.217962|1.454930|0.283384|-15.750134|29.129356|14.777846|-77.147978|-10.950419|87.264785|28.694684|29.665781|-0.003717|nan|-112.989667
1358|-4.207711|16.802769|1339.097617|-1.364295|65.715887|-10.350697|7.690345|0.273795|-13.903257|23.365184|6.158466|-76.486603|-20.303542|74.090317|28.694684|29.539358|-0.005052|nan|-111.868301
1359|6.027584|16.339705|1357.874664|10.493494|66.332676|-8.534389|42.400823|0.277473|-10.631468|20.433523|17.088807|-75.873599|-9.911183|80.518473|28.694684|29.584463|-0.003568|nan|-110.994957
1400|0.075282|16.002524|1360.575143|nan|67.074017|-6.064644|119.096429|0.240810|-21.091190|14.222135|11.368528|-75.321368|-19.490904|70.734549|28.694684|29.455317|-0.004399|nan|-109.673759
1401|-5.666069|15.292452|1327.188390|nan|67.772982|-4.066628|127.410316|0.198761|-23.102777|1.035376|5.579984|-74.859396|-25.102777|61.158473|28.694684|29.345444|-0.005200|nan|-108.174503
1402|-1.005905|14.471279|1211.213639|3.883937|68.261621|-2.129336|91.037061|0.171893|-22.562863|13.292240|10.106240|-74.708176|-20.322292|61.831898|28.694684|29.405771|-0.004517|nan|-106.289956
1403|13.028363|14.312672|1107.584743|17.605668|68.299993|0.068435|89.789978|0.166815|-10.429542|15.434265|24.148037|-74.579834|-6.188685|72.144159|28.694684|29.598322|-0.002500|nan|-103.460687
1404|32.076299|14.407752|996.081725|37.043756|68.308249|2.769354|87.503659|0.189077|4.612399|31.251033|43.206239|-74.591765|10.933255|87.700963|28.694684|29.891868|0.000230|nan|-102.417656
1405|30.582984|14.776555|816.741614|34.195427|66.383779|5.488206|61.730610|0.213256|1.637754|39.548505|41.477409|-76.973837|5.638325|82.109468|28.694684|29.953133|0.000022|nan|-103.618388
1406|28.703026|15.005967|587.426394|33.768798|63.959157|8.157449|56.950125|0.226836|0.406558|14.946262|39.229182|-79.775766|3.767700|78.462713|28.694684|30.139938|-0.000245|nan|-104.651176
1407|11.666987|15.533092|380.542595|15.630976|62.533042|10.005090|43.232211|0.226640|-9.996053|-4.470768|21.789828|-81.852673|-13.275768|59.829772|28.694684|47.089109|-0.002677|nan|-105.673396
1408|7.129642|16.141863|211.133623|nan|61.232305|11.878466|27.851520|0.218136|-17.687836|-0.502545|16.849696|-83.550347|-17.848406|54.149866|28.694684|46.934399|-0.003330|nan|-106.492756
1409|22.586710|16.828634|34.537140|27.195886|59.964538|14.544905|57.989361|0.241803|-7.588000|24.628952|31.914531|-84.200698|-2.467715|68.423289|28.694684|42.383351|-0.001135|nan|-106.947950
1410|17.491379|17.437625|-127.459758|20.846941|59.211227|16.298273|56.118736|0.239285|-5.903894|19.066106|26.377164|-84.324648|-7.663894|62.262699|28.694684|42.349963|-0.001876|nan|-107.592752
1411|1.392765|17.831349|-264.677452|nan|58.597970|17.335505|28.475062|0.234589|-17.556545|9.369775|9.814904|-84.828828|-23.875974|44.943351|28.694684|42.155222|-0.004190|nan|-108.451378
1412|0.868709|17.984037|-399.345114|nan|57.644949|17.747339|22.031800|0.228046|-11.139800|-1.080763|8.872408|-85.435921|-24.499515|43.783970|28.694684|41.990606|-0.004279|nan|-109.375374
1413|9.899322|17.991141|-515.429340|14.483791|56.836907|17.847731|74.201440|0.208557|-3.002944|15.136550|17.402633|-85.497862|-15.562087|51.756987|28.694684|42.005312|-0.003003|nan|-110.149258
1414|-6.867861|17.192966|-613.798512|-3.506020|56.176922|17.382173|49.051932|0.187599|-12.958279|6.175682|0.040258|-86.457296|-32.397708|33.755901|28.694684|41.698369|-0.005406|nan|-110.953718
1415|-17.821842|14.617668|-710.558236|nan|55.113163|16.995041|34.294783|0.178212|-26.933894|-14.293131|-11.497347|-87.816730|-42.693608|21.785425|28.694684|41.451522|-0.006978|nan|-111.583140
1416|-44.178283|11.307463|-792.407336|-40.778092|54.640811|15.762583|-25.357355|0.186393|-44.290198|-21.627779|-38.350311|-89.602958|-69.090198|-6.386586|28.694684|40.792996|-0.011472|nan|-112.210766
1417|-63.695464|8.461446|-837.607585|-60.734152|54.013104|14.029469|-48.428390|0.131509|-60.706690|-46.661223|-58.303653|-91.754425|-88.627832|-27.378212|28.694684|38.962576|-0.017096|nan|-112.877612
1418|-76.777681|5.633355|-901.704611|-72.563571|51.594426|12.520114|-75.240676|0.067463|-78.441348|-54.075287|-71.812468|-95.473721|-101.722204|-41.536878|-3.162204|-4.485562|-0.020882|nan|-113.629778
1419|-54.533385|3.689887|-985.253460|-50.310808|49.530741|11.324616|-65.887553|0.020049|-54.761986|-38.371367|-49.864967|-98.327153|-74.522557|-20.269723|-3.162204|-4.592369|-0.017708|nan|-114.107316
1420|-36.660672|2.597634|-1076.489697|-32.418878|47.779896|10.749268|-45.726377|0.013257|-39.606559|-24.257757|-32.272662|-100.558271|-54.007700|-2.802013|-3.162204|-4.505022|-0.015158|nan|-114.393906
1421|-14.848182|2.060707|-1152.866087|-10.929408|46.617321|10.460992|-46.973460|-0.004419|-16.663462|1.644891|-10.519876|-101.221563|-25.223747|18.314793|-3.162204|-4.267060|-0.012043|-282000.593408|-114.378839
1422|0.752207|1.714513|-1231.405909|4.935354|45.914675|11.091212|-13.094371|-0.001763|-9.635209|15.265981|5.025323|-101.346535|-8.915209|33.696184|-3.162204|-3.914275|-0.009819|-281990.865066|-114.342403
1423|-4.612526|1.480398|-1293.652564|-1.607986|45.507045|11.605027|-5.404027|-0.001098|-9.999236|13.373992|-0.458623|-101.252932|-14.319236|27.310885|-3.162204|-3.783673|-0.010590|-281979.367894|-114.322845
1424|10.637139|1.304170|-1356.254740|14.415780|45.088658|12.260976|3.325555|0.028261|4.293323|12.947360|14.734275|-100.388286|0.853608|42.293210|-3.162204|-3.366617|-0.008424|-246091.243072|-114.307005
1425|55.038409|1.929126|-1424.522428|58.579990|45.737783|13.870836|84.801646|0.072721|41.363628|52.697912|59.019854|-98.349298|45.125055|88.061662|-3.162204|-2.576912|-0.002106|-246082.366597|-114.303698
1426|47.522665|2.531235|-1504.688485|50.168219|46.616614|15.306174|68.797414|0.115288|36.633568|28.323043|51.457552|-95.902550|37.434710|81.568322|-3.162204|-2.120873|-0.003203|-246074.261990|-114.313618
1427|40.466304|3.186697|-1555.687187|42.890558|47.693532|16.251417|52.169640|0.169271|36.159488|25.872698|44.143189|-94.200058|30.160059|75.490676|-3.162204|-1.930847|-0.004241|-197862.163504|-114.329972
1428|19.319037|2.568911|-1588.717062|21.483051|47.811005|16.500552|21.408258|0.176103|17.631800|2.278216|22.645742|-93.464928|8.751800|55.279423|-3.162204|-1.950843|-0.007296|-191130.574938|-114.321618
1429|14.819133|1.997043|-1577.696559|nan|47.837466|16.253994|27.020132|0.144588|17.491600|4.266792|17.754172|-92.664747|3.971315|51.213543|-3.162204|-1.980796|-0.007978|-132275.562196|-114.287555
1430|0.526864|1.181342|-1549.229458|2.159454|47.422057|14.326391|6.651109|0.142846|15.262298|0.662071|2.969748|-93.314492|-10.577987|37.378846|-3.162204|-2.172019|-0.010055|-58290.742856|-114.245674
1431|31.734996|1.615093|-1528.292772|33.850176|46.763131|12.850089|32.008465|0.224409|44.790957|10.851798|33.788966|-92.829661|20.391242|69.562681|-3.162204|-1.871556|-0.005635|29145.919999|-114.212862
1432|36.130312|2.160780|-1438.469461|38.368454|46.640431|12.100010|40.945893|0.255349|43.187329|29.319046|37.869718|-91.978587|27.588185|74.517562|-3.162204|-1.652149|-0.005042|95288.175818|-114.186591
1433|30.139139|2.831061|-1210.783735|31.053337|46.637197|11.422577|48.844085|0.270291|36.552199|15.864066|31.568215|-91.048344|23.032770|69.246753|-3.162204|10.587152|-0.005931|104822.254068|-114.183316
1434|-9.933660|2.931561|-933.381963|-8.863949|46.577669|10.201218|27.643674|0.234617|1.991560|0.895629|-8.928425|-91.553466|-17.289581|29.472340|-3.162204|17.828488|-0.011686|130053.591205|-114.144520
1435|-8.630544|3.126510|-684.595075|-7.420746|45.823484|9.546727|27.227980|0.204879|-2.810060|10.092008|-7.859060|-91.846522|-15.530345|31.085234|-3.162204|29.454944|-0.011538|130060.525722|-114.105723
1436|-22.918874|3.393469|-533.815002|-22.508677|45.298378|8.599679|10.808053|0.167999|-10.879076|0.415115|-22.302950|-92.390757|-25.439647|16.818604|-3.162204|34.185030|-0.013614|160342.034287|-114.058165
1437|-26.606458|3.355200|-406.907974|nan|44.939855|7.563155|-10.184512|0.138782|-16.508173|-8.695639|-26.167778|-93.175154|-28.588744|12.927704|-3.162204|31.983740|-0.014178|160350.582850|-114.010606
1438|-4.725172|3.476616|-243.005678|-4.303791|44.720552|7.204663|6.858956|0.142755|1.587647|0.678168|-4.482930|-93.750127|-2.332638|34.768675|-3.162204|32.004687|-0.011093|160357.874294|-113.971329
1439|0.733154|3.806372|-70.585598|nan|44.511562|6.690414|27.435827|0.082760|9.343257|5.405685|0.654748|-94.726072|6.623542|39.997916|-3.162204|32.022705|-0.010352|160363.405717|-113.938572
1440|25.531220|3.954464|93.216143|25.419340|44.137235|6.641416|46.765614|0.092573|30.028652|10.419745|25.142383|-94.982382|31.149508|65.048434|-3.162204|32.345912|-0.006851|160368.434283|-113.936822
1441|23.321336|4.092246|248.663404|22.380774|44.391778|6.667309|28.059368|0.094970|27.533913|24.133119|22.621357|-95.253497|28.655342|62.911571|-3.162204|32.442129|-0.007207|160372.708565|-113.954326
1442|0.331405|3.974539|369.717977|-0.899733|44.126885|6.286608|4.156943|0.093295|9.935315|-4.419165|-0.707902|-95.697100|5.376458|39.907240|-3.162204|32.206068|-0.010528|160375.977133|-113.990345
1443|-22.471848|3.568076|499.907860|-23.981808|43.576314|4.762501|-9.976664|0.104747|-6.015148|-22.666006|-23.901647|-96.681113|-17.694577|16.819694|-3.162204|31.867115|-0.013820|160377.485726|-114.066400
1444|-18.680294|3.065905|610.194989|-19.589806|43.558331|3.515821|-23.278884|0.110417|-7.281747|-32.239958|-20.471953|-97.991942|-14.161176|20.527764|-3.162204|31.759500|-0.013315|160376.731418|-114.123808
1445|-19.473264|2.576823|689.611074|-20.633966|43.111687|2.380334|-35.334019|0.101371|-10.640982|-33.779193|-21.550221|-99.200636|-14.480411|19.987460|-3.162204|31.833849|-0.013463|160373.462850|-114.206766
1446|-14.441396|2.300722|798.870443|-16.991865|43.404722|1.823459|-56.950124|0.101371|-10.339926|-26.740164|-16.720516|-99.800543|-12.499926|25.100208|-3.162204|31.741752|-0.012781|160367.931427|-114.243202
1447|-28.952057|1.666894|941.253860|-31.751753|43.653285|1.034981|-91.244908|0.133959|-22.056505|-33.085619|-31.357663|-100.782421|-27.257076|10.425322|-3.162204|31.520740|-0.014887|160361.394290|-114.272502
1448|-23.088597|0.887252|1060.929232|-24.992027|43.858028|0.642744|-98.727406|0.205839|-20.925202|-21.691392|-25.536655|-101.853736|-22.685202|16.868585|9.077443|31.509343|-0.014087|160354.857154|-114.292059
1449|-16.798484|-0.176358|1152.394453|nan|43.885640|0.571902|-70.460191|0.244815|-17.457063|-21.294777|-19.257337|-102.268104|-19.057634|23.461789|16.952300|31.507960|-0.013227|160348.571423|-114.300764
1450|1.140987|-0.906238|1177.402185|-1.519273|43.998881|0.871370|-34.918325|0.252185|-2.029770|8.209137|-1.290293|-101.848523|-1.390625|39.698809|28.776253|31.822106|-0.010706|160343.291428|-114.253324
1451|28.247404|-1.033293|1143.274742|25.520434|43.762221|2.038669|13.717913|0.204021|18.621945|37.830549|25.843618|-99.946253|23.261660|64.886844|32.144589|32.225137|-0.006880|160339.268575|-114.221285
1452|49.122140|-0.460879|1101.791819|46.105375|44.240139|3.270951|49.883321|0.311651|43.198245|53.981626|46.805788|-96.935281|43.838530|85.233967|32.144589|34.903379|-0.003944|160337.005720|-114.197081
1453|53.375655|0.258938|1075.295632|50.058318|45.651565|4.369354|48.428391|0.351426|45.146771|49.605723|51.168134|-93.487143|47.787627|89.111281|32.144589|35.416030|-0.003381|160336.000007|-114.191125
1454|47.230040|0.564413|1037.258025|nan|46.544477|5.424654|57.157972|0.373204|39.023508|37.993374|45.035117|-90.894137|41.344364|82.453378|32.144589|35.803890|-0.004300|160335.748579|-114.097552
1455|40.614988|0.834913|972.233808|nan|47.868911|5.598448|94.570463|0.354060|42.324837|37.464867|38.290570|-89.025608|34.485408|74.951211|32.144589|35.781996|-0.005278|160336.251435|-113.843433
1456|45.398776|1.565066|935.046478|41.310938|48.601364|6.030076|91.452755|0.331733|40.498045|29.829279|42.849140|-87.651806|39.058045|79.452065|32.144589|35.901856|-0.004626|160338.514290|-113.637896
1457|35.184761|2.068716|894.505983|29.791933|49.313430|6.369592|73.785746|0.253823|31.865972|25.589350|32.433875|-86.993658|28.665687|68.273639|32.144589|35.823324|-0.006109|160342.034287|-112.712742
1458|60.098980|2.948986|889.420359|55.347332|49.772505|7.434355|77.111300|0.303344|48.278644|39.998337|57.280544|-85.494227|53.399500|93.124430|32.144589|36.206149|-0.002580|160347.817138|-110.389860
1459|37.399015|3.555509|904.477170|31.691840|50.452699|7.798179|49.467626|0.331241|31.254883|22.892501|34.482138|-85.072304|30.536311|70.003218|32.144589|36.175562|-0.005841|160355.360011|-107.602495
