859|nan|nan|nan|nan|nan|nan|nan|nan|nan|nan|nan|nan|nan|nan|nan|nan|nan|nan|nan|nan|nan|nan|nan|nan|nan|nan|nan|nan|nan|nan|nan|nan|nan|nan|nan|nan|nan|nan|nan|nan|nan|nan|nan|nan|nan|nan|nan|nan|nan|nan
900|nan|nan|nan|nan|nan|nan|nan|nan|nan|nan|nan|nan|nan|nan|nan|nan|nan|nan|nan|nan|nan|nan|nan|nan|nan|nan|nan|nan|nan|nan|nan|nan|nan|nan|nan|nan|nan|nan|nan|nan|nan|nan|nan|nan|nan|nan|nan|nan|nan|nan
901|nan|nan|nan|nan|nan|nan|nan|nan|nan|nan|nan|nan|nan|nan|nan|nan|nan|nan|nan|nan|nan|nan|nan|nan|nan|nan|nan|nan|nan|nan|nan|nan|nan|nan|nan|nan|nan|nan|nan|nan|nan|nan|nan|nan|nan|nan|nan|nan|nan|nan
902|nan|nan|nan|nan|nan|nan|nan|nan|nan|nan|nan|nan|nan|nan|nan|nan|nan|nan|nan|nan|nan|nan|nan|nan|nan|nan|nan|nan|nan|nan|nan|nan|nan|nan|nan|nan|nan|nan|nan|nan|nan|nan|nan|nan|nan|nan|nan|nan|nan|nan
903|nan|nan|nan|nan|nan|nan|nan|nan|nan|nan|nan|nan|nan|nan|nan|nan|nan|nan|nan|nan|nan|nan|nan|nan|nan|nan|nan|nan|nan|nan|nan|nan|nan|nan|nan|nan|nan|nan|nan|nan|nan|nan|nan|nan|nan|nan|nan|nan|nan|nan
904|nan|nan|nan|nan|nan|nan|nan|nan|nan|nan|nan|nan|nan|nan|nan|nan|nan|nan|nan|nan|nan|nan|nan|nan|nan|nan|nan|nan|nan|nan|nan|nan|nan|nan|nan|nan|nan|nan|nan|nan|nan|nan|nan|nan|nan|nan|nan|nan|nan|nan
905|nan|nan|nan|nan|nan|nan|nan|nan|nan|nan|nan|nan|nan|nan|nan|nan|nan|nan|nan|nan|nan|nan|nan|nan|nan|nan|nan|nan|nan|nan|nan|nan|nan|nan|nan|nan|nan|nan|nan|nan|nan|nan|nan|nan|nan|nan|nan|nan|nan|nan
906|nan|nan|nan|nan|nan|nan|nan|nan|nan|nan|nan|nan|nan|nan|nan|nan|nan|nan|nan|nan|nan|nan|nan|nan|nan|nan|nan|nan|nan|nan|nan|nan|nan|nan|nan|nan|nan|nan|nan|nan|nan|nan|nan|nan|nan|nan|nan|nan|nan|nan
907|nan|nan|nan|nan|nan|nan|nan|nan|nan|nan|nan|nan|nan|nan|nan|nan|nan|nan|nan|nan|nan|nan|nan|nan|nan|nan|nan|nan|nan|nan|nan|nan|nan|nan|nan|nan|nan|nan|nan|nan|nan|nan|nan|nan|nan|nan|nan|nan|nan|nan
908|nan|nan|nan|nan|nan|nan|nan|nan|nan|nan|nan|nan|nan|nan|nan|nan|nan|nan|nan|nan|nan|nan|nan|nan|nan|nan|nan|nan|nan|nan|nan|nan|nan|nan|nan|nan|nan|nan|nan|nan|nan|nan|nan|nan|nan|nan|nan|nan|nan|nan
909|nan|nan|nan|nan|nan|nan|nan|nan|nan|nan|nan|nan|nan|nan|nan|nan|nan|nan|nan|nan|nan|nan|nan|nan|nan|nan|nan|nan|nan|nan|nan|nan|nan|nan|nan|nan|nan|nan|nan|nan|nan|nan|nan|nan|nan|nan|nan|nan|nan|nan
910|nan|nan|nan|nan|nan|nan|nan|nan|nan|nan|nan|nan|nan|nan|nan|nan|nan|nan|nan|nan|nan|nan|nan|nan|nan|nan|nan|nan|nan|nan|nan|nan|nan|nan|nan|nan|nan|nan|nan|nan|nan|nan|nan|nan|nan|nan|nan|nan|nan|nan
911|nan|nan|nan|nan|nan|nan|nan|nan|nan|nan|nan|nan|nan|nan|nan|nan|nan|nan|nan|nan|nan|nan|nan|nan|nan|nan|nan|nan|nan|nan|nan|nan|nan|nan|nan|nan|nan|nan|nan|nan|nan|nan|nan|nan|nan|nan|nan|nan|nan|nan
912|nan|nan|nan|nan|nan|nan|nan|nan|nan|nan|nan|nan|nan|nan|nan|nan|nan|nan|nan|nan|nan|nan|nan|nan|nan|nan|nan|nan|nan|nan|nan|nan|nan|nan|nan|nan|nan|nan|nan|nan|nan|nan|nan|nan|nan|nan|nan|nan|nan|nan
913|nan|nan|nan|nan|nan|nan|nan|nan|nan|nan|nan|nan|nan|nan|nan|nan|nan|nan|nan|nan|nan|nan|nan|nan|nan|nan|nan|nan|nan|nan|nan|nan|nan|nan|nan|nan|nan|nan|nan|nan|nan|nan|nan|nan|nan|nan|nan|nan|nan|nan
914|nan|nan|nan|nan|nan|nan|nan|nan|nan|nan|nan|nan|nan|nan|nan|nan|nan|nan|nan|nan|nan|nan|nan|nan|nan|nan|nan|nan|nan|nan|nan|nan|nan|nan|nan|nan|nan|nan|nan|nan|nan|nan|nan|nan|nan|nan|nan|nan|nan|nan
915|nan|nan|nan|nan|nan|nan|nan|nan|nan|nan|nan|nan|nan|nan|nan|nan|nan|nan|nan|nan|nan|nan|nan|nan|nan|nan|nan|nan|nan|nan|nan|nan|nan|nan|nan|nan|nan|nan|nan|nan|nan|nan|nan|nan|nan|nan|nan|nan|nan|nan
916|nan|nan|nan|nan|nan|nan|nan|nan|nan|nan|nan|nan|nan|nan|nan|nan|nan|nan|nan|nan|nan|nan|nan|nan|nan|nan|nan|nan|nan|nan|nan|nan|nan|nan|nan|nan|nan|nan|nan|nan|nan|nan|nan|nan|nan|nan|nan|nan|nan|nan
917|nan|nan|nan|nan|nan|nan|nan|nan|nan|nan|nan|nan|nan|nan|nan|nan|nan|nan|nan|nan|nan|nan|nan|nan|nan|nan|nan|nan|nan|nan|nan|nan|nan|nan|nan|nan|nan|nan|nan|nan|nan|nan|nan|nan|nan|nan|nan|nan|nan|nan
918|nan|nan|nan|nan|nan|nan|nan|nan|nan|nan|nan|nan|nan|nan|nan|nan|nan|nan|nan|nan|nan|nan|nan|nan|nan|nan|nan|nan|nan|nan|nan|nan|nan|nan|nan|nan|nan|nan|nan|nan|nan|nan|nan|nan|nan|nan|nan|nan|nan|nan
919|nan|nan|nan|nan|nan|nan|nan|nan|nan|nan|nan|nan|nan|nan|nan|nan|nan|nan|nan|nan|nan|nan|nan|nan|nan|nan|nan|nan|nan|nan|nan|nan|nan|nan|nan|nan|nan|nan|nan|nan|nan|nan|nan|nan|nan|nan|nan|nan|nan|nan
920|nan|nan|nan|nan|nan|nan|nan|nan|nan|nan|nan|nan|nan|nan|nan|nan|nan|nan|nan|nan|nan|nan|nan|nan|nan|nan|nan|nan|nan|nan|nan|nan|nan|nan|nan|nan|nan|nan|nan|nan|nan|nan|nan|nan|nan|nan|nan|nan|nan|nan
921|nan|nan|nan|nan|nan|nan|nan|nan|nan|nan|nan|nan|nan|nan|nan|nan|nan|nan|nan|nan|nan|nan|nan|nan|nan|nan|nan|nan|nan|nan|nan|nan|nan|nan|nan|nan|nan|nan|nan|nan|nan|nan|nan|nan|nan|nan|nan|nan|nan|nan
922|nan|nan|nan|nan|nan|nan|nan|nan|nan|nan|nan|nan|nan|nan|nan|nan|nan|nan|nan|nan|nan|nan|nan|nan|nan|nan|nan|nan|nan|nan|nan|nan|nan|nan|nan|nan|nan|nan|nan|nan|nan|nan|nan|nan|nan|nan|nan|nan|nan|nan
923|nan|nan|nan|nan|nan|nan|nan|nan|nan|nan|nan|nan|nan|nan|nan|nan|nan|nan|nan|nan|nan|nan|nan|nan|nan|nan|nan|nan|nan|nan|nan|nan|nan|nan|nan|nan|nan|nan|nan|nan|nan|nan|nan|nan|nan|nan|nan|nan|nan|nan
924|nan|nan|nan|nan|nan|nan|nan|nan|nan|nan|nan|nan|nan|nan|nan|nan|nan|nan|nan|nan|nan|nan|nan|nan|nan|nan|nan|nan|nan|nan|nan|nan|nan|nan|nan|nan|nan|nan|nan|nan|nan|nan|nan|nan|nan|nan|nan|nan|nan|nan
925|nan|nan|nan|nan|nan|nan|nan|nan|nan|nan|nan|nan|nan|nan|nan|nan|nan|nan|nan|nan|nan|nan|nan|nan|nan|nan|nan|nan|nan|nan|nan|nan|nan|nan|nan|nan|nan|nan|nan|nan|nan|nan|nan|nan|nan|nan|nan|nan|nan|nan
926|nan|nan|nan|nan|nan|nan|nan|nan|nan|nan|nan|nan|nan|nan|nan|nan|nan|nan|nan|nan|nan|nan|nan|nan|nan|nan|nan|nan|nan|nan|nan|nan|nan|nan|nan|nan|nan|nan|nan|nan|nan|nan|nan|nan|nan|nan|nan|nan|nan|nan
927|nan|nan|nan|nan|nan|nan|nan|nan|nan|nan|nan|nan|nan|nan|nan|nan|nan|nan|nan|nan|nan|nan|nan|nan|nan|nan|nan|nan|nan|nan|nan|nan|nan|nan|nan|nan|nan|nan|nan|nan|nan|nan|nan|nan|nan|nan|nan|nan|nan|nan
928|nan|nan|nan|nan|nan|nan|nan|nan|nan|nan|nan|nan|nan|nan|nan|nan|nan|nan|nan|nan|nan|nan|nan|nan|nan|nan|nan|nan|nan|nan|nan|nan|nan|nan|nan|nan|nan|nan|nan|nan|nan|nan|nan|nan|nan|nan|nan|nan|nan|nan
929|nan|nan|nan|nan|nan|nan|nan|nan|nan|nan|nan|nan|nan|nan|nan|nan|nan|nan|nan|nan|nan|nan|nan|nan|nan|nan|nan|nan|nan|nan|nan|nan|nan|nan|nan|nan|nan|nan|nan|nan|nan|nan|nan|nan|nan|nan|nan|nan|nan|nan
930|nan|nan|nan|nan|nan|nan|nan|nan|nan|nan|nan|nan|nan|nan|nan|nan|nan|nan|nan|nan|nan|nan|nan|nan|nan|nan|nan|nan|nan|nan|nan|nan|nan|nan|nan|nan|nan|nan|nan|nan|nan|nan|nan|nan|nan|nan|nan|nan|nan|nan
931|nan|nan|nan|nan|nan|nan|nan|nan|nan|nan|nan|nan|nan|nan|nan|nan|nan|nan|nan|nan|nan|nan|nan|nan|nan|nan|nan|nan|nan|nan|nan|nan|nan|nan|nan|nan|nan|nan|nan|nan|nan|nan|nan|nan|nan|nan|nan|nan|nan|nan
932|nan|nan|nan|nan|nan|nan|nan|nan|nan|nan|nan|nan|nan|nan|nan|nan|nan|nan|nan|nan|nan|nan|nan|nan|nan|nan|nan|nan|nan|nan|nan|nan|nan|nan|nan|nan|nan|nan|nan|nan|nan|nan|nan|nan|nan|nan|nan|nan|nan|nan
933|nan|nan|nan|nan|nan|nan|nan|nan|nan|nan|nan|nan|nan|nan|nan|nan|nan|nan|nan|nan|nan|nan|nan|nan|nan|nan|nan|nan|nan|nan|nan|nan|nan|nan|nan|nan|nan|nan|nan|nan|nan|nan|nan|nan|nan|nan|nan|nan|nan|nan
934|nan|nan|nan|nan|nan|nan|nan|nan|nan|nan|nan|nan|nan|nan|nan|nan|nan|nan|nan|nan|nan|nan|nan|nan|nan|nan|nan|nan|nan|nan|nan|nan|nan|nan|nan|nan|nan|nan|nan|nan|nan|nan|nan|nan|nan|nan|nan|nan|nan|nan
935|nan|nan|nan|nan|nan|nan|nan|nan|nan|nan|nan|nan|nan|nan|nan|nan|nan|nan|nan|nan|nan|nan|nan|nan|nan|nan|nan|nan|nan|nan|nan|nan|nan|nan|nan|nan|nan|nan|nan|nan|nan|nan|nan|nan|nan|nan|nan|nan|nan|nan
936|nan|nan|nan|nan|nan|nan|nan|nan|nan|nan|nan|nan|nan|nan|nan|nan|nan|nan|nan|nan|nan|nan|nan|nan|nan|nan|nan|nan|nan|nan|nan|nan|nan|nan|nan|nan|nan|nan|nan|nan|nan|nan|nan|nan|nan|nan|nan|nan|nan|nan
937|nan|nan|nan|nan|nan|nan|nan|nan|nan|nan|nan|nan|nan|nan|nan|nan|nan|nan|nan|nan|nan|nan|nan|nan|nan|nan|nan|nan|nan|nan|nan|nan|nan|nan|nan|nan|nan|nan|nan|nan|nan|nan|nan|nan|nan|nan|nan|nan|nan|nan
938|nan|nan|nan|nan|nan|nan|nan|nan|nan|nan|nan|nan|nan|nan|nan|nan|nan|nan|nan|nan|nan|nan|nan|nan|nan|nan|nan|nan|nan|nan|nan|nan|nan|nan|nan|nan|nan|nan|nan|nan|nan|nan|nan|nan|nan|nan|nan|nan|nan|nan
939|nan|nan|nan|nan|nan|nan|nan|nan|nan|nan|nan|nan|nan|nan|nan|nan|nan|nan|nan|nan|nan|nan|nan|nan|nan|nan|nan|nan|nan|nan|nan|nan|nan|nan|nan|nan|nan|nan|nan|nan|nan|nan|nan|nan|nan|nan|nan|nan|nan|nan
940|nan|nan|nan|nan|nan|nan|nan|nan|nan|nan|nan|nan|nan|nan|nan|nan|nan|nan|nan|nan|nan|nan|nan|nan|nan|nan|nan|nan|nan|nan|nan|nan|nan|nan|nan|nan|nan|nan|nan|nan|nan|nan|nan|nan|nan|nan|nan|nan|nan|nan
941|nan|nan|nan|nan|nan|nan|nan|nan|nan|nan|nan|nan|nan|nan|nan|nan|nan|nan|nan|nan|nan|nan|nan|nan|nan|nan|nan|nan|nan|nan|nan|nan|nan|nan|nan|nan|nan|nan|nan|nan|nan|nan|nan|nan|nan|nan|nan|nan|nan|nan
942|nan|nan|nan|nan|nan|nan|nan|nan|nan|nan|nan|nan|nan|nan|nan|nan|nan|nan|nan|nan|nan|nan|nan|nan|nan|nan|nan|nan|nan|nan|nan|nan|nan|nan|nan|nan|nan|nan|nan|nan|nan|nan|nan|nan|nan|nan|nan|nan|nan|nan
943|nan|nan|nan|nan|nan|nan|nan|nan|nan|nan|nan|nan|nan|nan|nan|nan|nan|nan|nan|nan|nan|nan|nan|nan|nan|nan|nan|nan|nan|nan|nan|nan|nan|nan|nan|nan|nan|nan|nan|nan|nan|nan|nan|nan|nan|nan|nan|nan|nan|nan
944|nan|nan|nan|nan|nan|nan|nan|nan|nan|nan|nan|nan|nan|nan|nan|nan|nan|nan|nan|nan|nan|nan|nan|nan|nan|nan|nan|nan|nan|nan|nan|nan|nan|nan|nan|nan|nan|nan|nan|nan|nan|nan|nan|nan|nan|nan|nan|nan|nan|nan
945|nan|nan|nan|nan|nan|nan|nan|nan|nan|nan|nan|nan|nan|nan|nan|nan|nan|nan|nan|nan|nan|nan|nan|nan|nan|nan|nan|nan|nan|nan|nan|nan|nan|nan|nan|nan|nan|nan|nan|nan|nan|nan|nan|nan|nan|nan|nan|nan|nan|nan
946|nan|nan|nan|nan|nan|nan|nan|nan|nan|nan|nan|nan|nan|nan|nan|nan|nan|nan|nan|nan|nan|nan|nan|nan|nan|nan|nan|nan|nan|nan|nan|nan|nan|nan|nan|nan|nan|nan|nan|nan|nan|nan|nan|nan|nan|nan|nan|nan|nan|nan
947|nan|nan|nan|nan|nan|nan|nan|nan|nan|nan|nan|nan|nan|nan|nan|nan|nan|nan|nan|nan|nan|nan|nan|nan|nan|nan|nan|nan|nan|nan|nan|nan|nan|nan|nan|nan|nan|nan|nan|nan|nan|nan|nan|nan|nan|nan|nan|nan|nan|nan
948|nan|nan|nan|nan|nan|nan|nan|nan|nan|nan|nan|nan|nan|nan|nan|nan|nan|nan|nan|nan|nan|nan|nan|nan|nan|nan|nan|nan|nan|nan|nan|nan|nan|nan|nan|nan|nan|nan|nan|nan|nan|nan|nan|nan|nan|nan|nan|nan|nan|nan
949|nan|nan|nan|nan|nan|nan|nan|nan|nan|nan|nan|nan|nan|nan|nan|nan|nan|nan|nan|nan|nan|nan|nan|nan|nan|nan|nan|nan|nan|nan|nan|nan|nan|nan|nan|nan|nan|nan|nan|nan|nan|nan|nan|nan|nan|nan|nan|nan|nan|nan
950|nan|nan|nan|nan|nan|nan|nan|nan|nan|nan|nan|nan|nan|nan|nan|nan|nan|nan|nan|nan|nan|nan|nan|nan|nan|nan|nan|nan|nan|nan|nan|nan|nan|nan|nan|nan|nan|nan|nan|nan|nan|nan|nan|nan|nan|nan|nan|nan|nan|nan
951|nan|nan|nan|nan|nan|nan|nan|nan|nan|nan|nan|nan|nan|nan|nan|nan|nan|nan|nan|nan|nan|nan|nan|nan|nan|nan|nan|nan|nan|nan|nan|nan|nan|nan|nan|nan|nan|nan|nan|nan|nan|nan|nan|nan|nan|nan|nan|nan|nan|nan
952|nan|nan|nan|nan|nan|nan|nan|nan|nan|nan|nan|nan|nan|nan|nan|nan|nan|nan|nan|nan|nan|nan|nan|nan|nan|nan|nan|nan|nan|nan|nan|nan|nan|nan|nan|nan|nan|nan|nan|nan|nan|nan|nan|nan|nan|nan|nan|nan|nan|nan
953|nan|nan|nan|nan|nan|nan|nan|nan|nan|nan|nan|nan|nan|nan|nan|nan|nan|nan|nan|nan|nan|nan|nan|nan|nan|nan|nan|nan|nan|nan|nan|nan|nan|nan|nan|nan|nan|nan|nan|nan|nan|nan|nan|nan|nan|nan|nan|nan|nan|nan
954|nan|nan|nan|nan|nan|nan|nan|nan|nan|nan|nan|nan|nan|nan|nan|nan|nan|nan|nan|nan|nan|nan|nan|nan|nan|nan|nan|nan|nan|nan|nan|nan|nan|nan|nan|nan|nan|nan|nan|nan|nan|nan|nan|nan|nan|nan|nan|nan|nan|nan
955|nan|nan|nan|nan|nan|nan|nan|nan|nan|nan|nan|nan|nan|nan|nan|nan|nan|nan|nan|nan|nan|nan|nan|nan|nan|nan|nan|nan|nan|nan|nan|nan|nan|nan|nan|nan|nan|nan|nan|nan|nan|nan|nan|nan|nan|nan|nan|nan|nan|nan
956|nan|nan|nan|nan|nan|nan|nan|nan|nan|nan|nan|nan|nan|nan|nan|nan|nan|nan|nan|nan|nan|nan|nan|nan|nan|nan|nan|nan|nan|nan|nan|nan|nan|nan|nan|nan|nan|nan|nan|nan|nan|nan|nan|nan|nan|nan|nan|nan|nan|nan
957|nan|nan|nan|nan|nan|nan|nan|nan|nan|nan|nan|nan|nan|nan|nan|nan|nan|nan|nan|nan|nan|nan|nan|nan|nan|nan|nan|nan|nan|nan|nan|nan|nan|nan|nan|nan|nan|nan|nan|nan|nan|nan|nan|nan|nan|nan|nan|nan|nan|nan
958|nan|nan|nan|nan|nan|nan|nan|nan|nan|nan|nan|nan|nan|nan|nan|nan|nan|nan|nan|nan|nan|nan|nan|nan|nan|nan|nan|nan|nan|nan|nan|nan|nan|nan|nan|nan|nan|nan|nan|nan|nan|nan|nan|nan|nan|nan|nan|nan|nan|nan
959|nan|nan|nan|nan|nan|nan|nan|nan|nan|nan|nan|nan|nan|nan|nan|nan|nan|nan|nan|nan|nan|nan|nan|nan|nan|nan|nan|nan|nan|nan|nan|nan|nan|nan|nan|nan|nan|nan|nan|nan|nan|nan|nan|nan|nan|nan|nan|nan|nan|nan
1000|nan|nan|nan|nan|nan|nan|nan|nan|nan|nan|nan|nan|nan|nan|nan|nan|nan|nan|nan|nan|nan|nan|nan|nan|nan|nan|nan|nan|nan|nan|nan|nan|nan|nan|nan|nan|nan|nan|nan|nan|nan|nan|nan|nan|nan|nan|nan|nan|nan|nan
1001|nan|nan|nan|nan|nan|nan|nan|nan|nan|nan|nan|nan|nan|nan|nan|nan|nan|nan|nan|nan|nan|nan|nan|nan|nan|nan|nan|nan|nan|nan|nan|nan|nan|nan|nan|nan|nan|nan|nan|nan|nan|nan|nan|nan|nan|nan|nan|nan|nan|nan
1002|nan|nan|nan|nan|nan|nan|nan|nan|nan|nan|nan|nan|nan|nan|nan|nan|nan|nan|nan|nan|nan|nan|nan|nan|nan|nan|nan|nan|nan|nan|nan|nan|nan|nan|nan|nan|nan|nan|nan|nan|nan|nan|nan|nan|nan|nan|nan|nan|nan|nan
1003|nan|nan|nan|nan|nan|nan|nan|nan|nan|nan|nan|nan|nan|nan|nan|nan|nan|nan|nan|nan|nan|nan|nan|nan|nan|nan|nan|nan|nan|nan|nan|nan|nan|nan|nan|nan|nan|nan|nan|nan|nan|nan|nan|nan|nan|nan|nan|nan|nan|nan
1004|nan|nan|nan|nan|nan|nan|nan|nan|nan|nan|nan|nan|nan|nan|nan|nan|nan|nan|nan|nan|nan|nan|nan|nan|nan|nan|nan|nan|nan|nan|nan|nan|nan|nan|nan|nan|nan|nan|nan|nan|nan|nan|nan|nan|nan|nan|nan|nan|nan|nan
1005|nan|nan|nan|nan|nan|nan|nan|nan|nan|nan|nan|nan|nan|nan|nan|nan|nan|nan|nan|nan|nan|nan|nan|nan|nan|nan|nan|nan|nan|nan|nan|nan|nan|nan|nan|nan|nan|nan|nan|nan|nan|nan|nan|nan|nan|nan|nan|nan|nan|nan
1006|nan|nan|nan|nan|nan|nan|nan|nan|nan|nan|nan|nan|nan|nan|nan|nan|nan|nan|nan|nan|nan|nan|nan|nan|nan|nan|nan|nan|nan|nan|nan|nan|nan|nan|nan|nan|nan|nan|nan|nan|nan|nan|nan|nan|nan|nan|nan|nan|nan|nan
1007|nan|nan|nan|nan|nan|nan|nan|nan|nan|nan|nan|nan|nan|nan|nan|nan|nan|nan|nan|nan|nan|nan|nan|nan|nan|nan|nan|nan|nan|nan|nan|nan|nan|nan|nan|nan|nan|nan|nan|nan|nan|nan|nan|nan|nan|nan|nan|nan|nan|nan
1008|nan|nan|nan|nan|nan|nan|nan|nan|nan|nan|nan|nan|nan|nan|nan|nan|nan|nan|nan|nan|nan|nan|nan|nan|nan|nan|nan|nan|nan|nan|nan|nan|nan|nan|nan|nan|nan|nan|nan|nan|nan|nan|nan|nan|nan|nan|nan|nan|nan|nan
1009|nan|nan|nan|nan|nan|nan|nan|nan|nan|nan|nan|nan|nan|nan|nan|nan|nan|nan|nan|nan|nan|nan|nan|nan|nan|nan|nan|nan|nan|nan|nan|nan|nan|nan|nan|nan|nan|nan|nan|nan|nan|nan|nan|nan|nan|nan|nan|nan|nan|nan
1010|nan|nan|nan|nan|nan|nan|nan|nan|nan|nan|nan|nan|nan|nan|nan|nan|nan|nan|nan|nan|nan|nan|nan|nan|nan|nan|nan|nan|nan|nan|nan|nan|nan|nan|nan|nan|nan|nan|nan|nan|nan|nan|nan|nan|nan|nan|nan|nan|nan|nan
1011|nan|nan|nan|nan|nan|nan|nan|nan|nan|nan|nan|nan|nan|nan|nan|nan|nan|nan|nan|nan|nan|nan|nan|nan|nan|nan|nan|nan|nan|nan|nan|nan|nan|nan|nan|nan|nan|nan|nan|nan|nan|nan|nan|nan|nan|nan|nan|nan|nan|nan
1012|nan|nan|nan|nan|nan|nan|nan|nan|nan|nan|nan|nan|nan|nan|nan|nan|nan|nan|nan|nan|nan|nan|nan|nan|nan|nan|nan|nan|nan|nan|nan|nan|nan|nan|nan|nan|nan|nan|nan|nan|nan|nan|nan|nan|nan|nan|nan|nan|nan|nan
1013|nan|nan|nan|nan|nan|nan|nan|nan|nan|nan|nan|nan|nan|nan|nan|nan|nan|nan|nan|nan|nan|nan|nan|nan|nan|nan|nan|nan|nan|0.000000|nan|nan|nan|nan|nan|nan|nan|nan|nan|nan|nan|nan|nan|nan|nan|nan|nan|nan|nan|nan
1014|nan|nan|nan|nan|nan|nan|nan|nan|nan|nan|nan|nan|nan|nan|nan|nan|nan|nan|nan|nan|nan|nan|nan|nan|nan|nan|nan|nan|nan|-16.808926|nan|nan|nan|nan|nan|nan|nan|nan|nan|nan|nan|nan|nan|nan|nan|nan|nan|nan|nan|nan
1030|nan|nan|nan|nan|nan|nan|nan|nan|nan|nan|nan|nan|nan|nan|nan|nan|nan|nan|nan|nan|nan|nan|nan|nan|nan|nan|nan|nan|nan|-21.024055|nan|nan|nan|nan|nan|nan|nan|nan|nan|nan|nan|nan|nan|nan|nan|nan|nan|nan|nan|nan
1031|nan|nan|nan|nan|nan|nan|nan|nan|nan|nan|nan|nan|nan|nan|nan|nan|nan|nan|nan|nan|nan|nan|nan|nan|nan|nan|nan|nan|nan|-15.768041|nan|nan|nan|nan|nan|nan|nan|nan|nan|nan|nan|nan|nan|nan|nan|nan|nan|nan|nan|nan
1032|nan|nan|nan|nan|nan|nan|nan|nan|nan|nan|nan|nan|nan|nan|nan|nan|nan|nan|nan|nan|nan|nan|nan|nan|nan|nan|nan|nan|nan|-67.225832|nan|nan|nan|nan|nan|nan|nan|nan|nan|nan|nan|nan|nan|nan|nan|nan|nan|nan|nan|nan
1033|nan|nan|nan|nan|nan|nan|nan|nan|nan|nan|nan|nan|nan|nan|nan|nan|nan|nan|nan|nan|nan|nan|nan|nan|nan|nan|nan|nan|nan|-56.021527|nan|nan|nan|nan|nan|nan|nan|nan|nan|nan|nan|nan|nan|nan|nan|nan|nan|nan|nan|nan
1034|nan|nan|nan|nan|nan|nan|nan|nan|nan|nan|nan|nan|nan|nan|nan|nan|nan|nan|nan|nan|nan|nan|nan|nan|nan|nan|nan|nan|nan|-63.877323|nan|nan|nan|nan|nan|nan|nan|nan|nan|nan|nan|nan|nan|nan|nan|nan|nan|nan|nan|nan
1035|nan|nan|nan|nan|nan|nan|nan|nan|nan|nan|nan|nan|nan|nan|nan|nan|nan|nan|nan|nan|nan|nan|nan|nan|nan|nan|nan|nan|nan|-47.494100|nan|nan|nan|nan|nan|nan|nan|nan|nan|nan|nan|nan|nan|nan|nan|nan|nan|nan|nan|nan
1036|nan|nan|nan|nan|nan|nan|nan|nan|nan|nan|nan|nan|nan|nan|nan|nan|nan|nan|nan|nan|nan|nan|nan|nan|nan|nan|nan|nan|nan|-49.030650|nan|nan|nan|nan|nan|nan|nan|nan|nan|nan|nan|nan|nan|nan|nan|nan|nan|nan|nan|nan
1037|nan|nan|nan|nan|nan|nan|nan|nan|nan|nan|nan|nan|nan|nan|nan|nan|nan|nan|nan|nan|nan|nan|nan|nan|nan|nan|nan|nan|nan|-38.634747|nan|nan|nan|nan|nan|nan|nan|nan|nan|nan|nan|nan|nan|nan|nan|nan|nan|nan|nan|nan
1038|nan|nan|nan|nan|nan|nan|nan|nan|nan|nan|nan|nan|nan|nan|nan|nan|nan|nan|nan|nan|nan|nan|nan|nan|nan|nan|nan|nan|nan|-35.122497|nan|nan|nan|nan|nan|nan|nan|nan|nan|nan|nan|nan|nan|nan|nan|nan|nan|nan|nan|nan
1039|nan|nan|nan|nan|nan|nan|nan|nan|nan|nan|nan|nan|nan|nan|nan|nan|nan|nan|nan|nan|nan|nan|nan|nan|nan|nan|nan|nan|nan|-40.640864|nan|nan|nan|nan|nan|nan|nan|nan|nan|nan|nan|nan|nan|nan|nan|nan|nan|nan|nan|nan
1040|nan|nan|nan|nan|nan|nan|nan|nan|nan|nan|nan|nan|nan|nan|nan|nan|nan|nan|nan|nan|nan|nan|nan|nan|nan|nan|nan|nan|nan|-34.282003|nan|nan|nan|nan|nan|nan|nan|nan|nan|nan|nan|nan|nan|nan|nan|nan|nan|nan|nan|nan
1041|nan|nan|nan|nan|nan|nan|nan|nan|nan|nan|nan|nan|nan|nan|nan|nan|nan|nan|nan|nan|nan|nan|nan|nan|nan|nan|nan|nan|nan|-33.976030|nan|nan|nan|nan|nan|nan|nan|nan|nan|nan|nan|nan|nan|nan|nan|nan|nan|nan|nan|nan
1042|nan|nan|nan|nan|nan|nan|nan|nan|nan|nan|nan|nan|nan|nan|nan|nan|nan|nan|nan|nan|nan|nan|nan|nan|nan|nan|nan|nan|nan|-29.804948|nan|nan|nan|nan|nan|nan|nan|nan|nan|nan|nan|nan|nan|nan|nan|nan|nan|nan|nan|nan
1043|nan|nan|nan|nan|nan|nan|nan|nan|nan|nan|nan|nan|nan|nan|nan|nan|nan|nan|nan|nan|nan|nan|nan|nan|nan|nan|nan|nan|nan|-28.526213|nan|0.305005|nan|nan|nan|-653.045577|nan|nan|nan|nan|-68099.273608|nan|nan|6.469627|nan|-36.795567|nan|-0.122334|nan|nan
1044|nan|nan|nan|nan|nan|nan|nan|nan|nan|nan|nan|nan|nan|nan|nan|nan|nan|nan|nan|nan|nan|nan|nan|nan|nan|nan|nan|nan|nan|-26.294410|nan|0.305005|nan|nan|nan|-652.347681|nan|nan|nan|nan|-68099.273608|nan|nan|6.477569|nan|-36.795567|nan|-0.122334|nan|nan
1045|nan|nan|nan|nan|nan|nan|nan|nan|nan|nan|nan|nan|nan|nan|nan|nan|nan|nan|nan|nan|nan|nan|nan|nan|nan|nan|nan|nan|nan|-29.675202|nan|0.305005|nan|nan|nan|-653.226790|nan|nan|nan|nan|-68099.273608|nan|nan|6.484804|nan|-36.795567|nan|-0.122334|nan|nan
1046|nan|nan|nan|nan|nan|nan|nan|nan|nan|nan|nan|nan|nan|nan|nan|nan|nan|nan|nan|nan|nan|nan|nan|nan|nan|nan|nan|nan|nan|-32.404857|nan|0.305005|nan|nan|nan|-653.353387|nan|nan|nan|nan|-68099.273608|nan|nan|6.490257|nan|-36.795567|nan|-0.122334|nan|nan
1047|nan|nan|nan|nan|nan|nan|nan|nan|nan|nan|nan|nan|nan|nan|nan|nan|nan|nan|nan|nan|nan|nan|nan|nan|nan|nan|nan|nan|nan|-30.784614|nan|0.305005|nan|nan|nan|-652.145311|nan|nan|nan|nan|-68099.273608|nan|nan|6.493974|nan|-36.795567|nan|-0.122334|nan|nan
1048|nan|nan|nan|nan|nan|nan|nan|nan|nan|nan|nan|nan|nan|nan|nan|nan|nan|nan|nan|nan|nan|nan|nan|nan|nan|nan|nan|nan|nan|-29.318680|nan|0.305005|nan|nan|nan|-652.221940|nan|nan|nan|nan|-68099.273608|nan|nan|6.496463|nan|-36.795567|nan|-0.122334|nan|nan
1049|nan|nan|nan|nan|nan|nan|nan|nan|nan|nan|nan|nan|nan|nan|nan|nan|nan|nan|nan|nan|nan|nan|nan|nan|nan|nan|nan|nan|nan|-26.269476|nan|0.305005|nan|nan|nan|-652.844790|nan|nan|nan|nan|-68099.273608|nan|nan|6.498073|nan|-36.795567|nan|-0.122334|nan|nan
1050|nan|nan|nan|nan|nan|nan|nan|nan|nan|nan|nan|nan|nan|nan|nan|nan|nan|nan|nan|nan|nan|nan|nan|nan|nan|nan|nan|nan|nan|-25.127325|nan|0.305005|nan|nan|nan|-652.592014|nan|nan|nan|nan|-68099.273608|nan|nan|6.498251|nan|-36.795567|nan|-0.122334|nan|nan
1051|nan|nan|nan|nan|nan|nan|nan|nan|nan|nan|nan|nan|nan|nan|nan|nan|nan|nan|nan|nan|nan|nan|nan|nan|nan|nan|nan|nan|nan|-33.729063|nan|0.305005|nan|nan|nan|-653.951400|nan|nan|nan|nan|-68099.273608|nan|nan|6.496534|nan|-36.795567|nan|-0.122334|nan|nan
1052|nan|nan|nan|nan|nan|nan|nan|nan|nan|nan|nan|nan|nan|nan|nan|nan|nan|nan|nan|nan|nan|nan|nan|nan|nan|nan|nan|nan|nan|-31.138306|nan|0.305005|nan|nan|nan|-652.400370|nan|nan|nan|nan|-68099.273608|nan|nan|6.492932|nan|-36.795567|nan|-0.122334|nan|nan
1053|nan|nan|nan|nan|nan|nan|nan|nan|nan|nan|nan|nan|nan|nan|nan|nan|nan|nan|nan|nan|nan|nan|nan|nan|nan|nan|nan|nan|nan|-29.940679|nan|0.305005|nan|nan|nan|-652.799617|nan|nan|nan|nan|-68099.273608|nan|nan|6.487409|nan|-36.795567|nan|-0.122334|nan|nan
1054|nan|nan|nan|nan|nan|nan|nan|nan|nan|nan|nan|nan|nan|nan|nan|nan|nan|nan|nan|nan|nan|nan|nan|nan|nan|nan|nan|nan|nan|-29.487648|nan|0.305005|nan|nan|nan|-652.934761|nan|nan|nan|nan|-68099.273608|nan|nan|6.480515|nan|-36.795567|nan|-0.122334|nan|nan
1055|nan|nan|nan|nan|nan|nan|nan|nan|nan|nan|nan|nan|nan|nan|nan|nan|nan|nan|nan|nan|nan|nan|nan|nan|nan|nan|nan|nan|nan|-27.092317|nan|0.305005|nan|nan|nan|-651.538577|nan|nan|nan|nan|-72276.173561|nan|nan|6.472510|nan|-36.795567|nan|-0.122334|nan|nan
1056|nan|nan|nan|nan|nan|nan|nan|nan|nan|nan|nan|nan|nan|nan|nan|nan|nan|nan|nan|nan|nan|nan|nan|nan|nan|nan|nan|nan|nan|-26.158099|nan|0.305005|nan|nan|nan|-651.683110|nan|nan|nan|nan|-72276.173561|nan|nan|6.464552|nan|-36.795567|nan|-0.122334|nan|nan
1057|nan|nan|nan|nan|nan|nan|nan|nan|nan|nan|nan|nan|nan|nan|nan|nan|nan|nan|nan|nan|nan|nan|nan|nan|nan|nan|nan|nan|nan|-24.590135|nan|0.305005|nan|nan|nan|-652.528689|nan|nan|nan|nan|-72276.173561|nan|nan|6.456603|nan|-36.795567|nan|-0.122334|nan|nan
1058|nan|nan|nan|nan|nan|nan|nan|nan|nan|nan|nan|nan|nan|nan|nan|nan|nan|nan|nan|nan|nan|nan|nan|nan|-0.075602|nan|nan|nan|nan|-23.796905|nan|0.305005|nan|nan|nan|-652.459974|nan|nan|nan|nan|-72276.173561|nan|nan|6.449096|nan|-36.795567|nan|-0.122334|nan|-289.663492
1059|nan|nan|nan|nan|nan|nan|nan|nan|nan|nan|nan|nan|nan|nan|nan|nan|nan|nan|nan|nan|nan|nan|nan|nan|-0.074495|nan|nan|nan|nan|-21.632203|nan|0.305005|nan|nan|nan|-652.705005|nan|nan|nan|nan|-72276.173561|nan|nan|6.441425|nan|-36.795567|nan|-0.122334|nan|-289.663492
1100|nan|nan|nan|nan|nan|nan|nan|nan|nan|nan|nan|nan|nan|nan|nan|nan|nan|nan|nan|nan|nan|nan|nan|nan|-0.074495|nan|nan|nan|nan|-20.976682|nan|0.305005|nan|nan|nan|-651.616140|nan|nan|nan|nan|-72276.173561|nan|nan|6.434848|nan|-36.795567|nan|-0.122334|nan|-289.663492
1101|nan|nan|nan|nan|nan|nan|nan|nan|nan|nan|nan|nan|nan|nan|nan|nan|nan|nan|nan|nan|nan|nan|nan|nan|-0.074495|nan|nan|nan|nan|-18.925284|nan|0.272614|nan|nan|nan|-652.792307|nan|nan|nan|nan|-72276.173561|nan|nan|6.433920|nan|-36.795567|nan|-0.122334|nan|-289.663492
1102|nan|nan|nan|nan|nan|nan|nan|nan|nan|nan|nan|nan|nan|nan|nan|nan|nan|nan|nan|nan|nan|nan|nan|nan|-0.074495|nan|nan|nan|nan|-16.950555|nan|0.272614|nan|nan|nan|-652.036692|nan|nan|nan|nan|-72276.173561|nan|nan|6.436517|nan|-36.795567|nan|-0.122334|nan|-289.663492
1103|nan|nan|nan|nan|nan|nan|nan|nan|nan|nan|nan|nan|nan|nan|nan|nan|nan|nan|nan|nan|nan|nan|nan|nan|-0.074495|nan|nan|nan|nan|-15.049554|nan|0.272614|nan|nan|nan|-652.167654|nan|nan|nan|nan|-72276.173561|nan|nan|6.441265|nan|-36.795567|nan|-0.122334|nan|-289.663492
1104|nan|nan|nan|nan|nan|nan|nan|nan|nan|nan|nan|nan|nan|nan|nan|nan|nan|nan|nan|nan|nan|nan|nan|nan|-0.074495|nan|nan|nan|nan|-8.954057|nan|0.249342|nan|nan|nan|-651.937421|nan|nan|nan|nan|-72276.173561|nan|nan|6.448907|nan|-36.795567|nan|-0.122334|nan|-289.663492
1105|nan|nan|nan|nan|nan|nan|nan|nan|nan|nan|nan|nan|nan|nan|nan|nan|nan|nan|nan|nan|nan|nan|nan|nan|-0.074495|nan|nan|nan|nan|-8.718424|nan|0.249342|nan|nan|nan|-652.876957|nan|nan|nan|nan|-72276.173561|nan|nan|6.459599|nan|-36.795567|nan|-0.122334|nan|-289.663492
1106|nan|nan|nan|nan|nan|nan|nan|nan|nan|nan|nan|nan|nan|nan|nan|nan|nan|nan|nan|nan|nan|nan|nan|nan|-0.074495|nan|nan|nan|nan|-7.795790|nan|0.249342|nan|nan|nan|-652.699267|nan|nan|nan|nan|-72276.173561|nan|nan|6.473029|nan|-36.795567|nan|-0.122334|nan|-289.663492
1107|nan|nan|nan|nan|nan|nan|nan|nan|nan|nan|nan|nan|nan|nan|nan|nan|nan|nan|nan|nan|nan|nan|nan|nan|-0.074495|nan|nan|nan|nan|-7.600896|nan|0.249342|nan|nan|nan|-652.697352|nan|nan|nan|nan|-72276.173561|nan|nan|6.488660|nan|-36.795567|nan|-0.122334|nan|-289.663492
1108|nan|nan|nan|nan|nan|nan|nan|nan|nan|nan|nan|nan|nan|nan|nan|nan|nan|nan|nan|nan|nan|nan|nan|nan|-0.074495|nan|nan|nan|nan|-10.146216|nan|0.249342|nan|nan|nan|-652.974093|nan|nan|nan|nan|-72276.173561|nan|nan|6.506634|nan|-36.795567|nan|-0.122334|nan|-289.663492
1109|nan|nan|nan|nan|nan|nan|nan|nan|nan|nan|nan|nan|nan|nan|nan|nan|nan|nan|nan|nan|nan|nan|nan|nan|-0.074495|nan|nan|nan|nan|-9.231196|nan|0.249342|nan|nan|nan|-651.953518|nan|nan|nan|nan|-72276.173561|nan|nan|6.526814|nan|-36.795567|nan|-0.122334|nan|-289.663492
1110|nan|nan|nan|nan|nan|nan|nan|nan|nan|nan|nan|nan|nan|nan|nan|nan|nan|nan|nan|nan|nan|nan|nan|nan|-0.074495|nan|nan|nan|nan|-14.999074|nan|0.249342|nan|nan|nan|-653.251649|nan|nan|nan|nan|-72276.173561|nan|nan|6.546706|nan|-36.795567|nan|-0.122334|nan|-289.663492
1111|nan|nan|nan|nan|nan|nan|nan|nan|nan|nan|nan|nan|nan|nan|nan|nan|nan|nan|nan|nan|nan|nan|nan|nan|-0.074495|nan|nan|nan|nan|-17.285891|nan|0.249342|nan|nan|nan|-652.772812|nan|nan|nan|nan|-72276.173561|nan|nan|6.562493|nan|-36.795567|nan|-0.122334|nan|-289.663492
1112|nan|nan|nan|nan|nan|nan|nan|nan|nan|nan|nan|nan|nan|nan|nan|nan|nan|nan|nan|nan|nan|nan|nan|nan|-0.074495|nan|nan|nan|nan|-14.954276|nan|0.249342|nan|nan|nan|-652.060082|nan|nan|nan|nan|-72276.173561|nan|nan|6.575273|nan|-36.795567|nan|-0.122334|nan|-289.663492
1113|nan|nan|nan|nan|nan|nan|nan|nan|4052.600000|nan|nan|-9851464.312374|nan|nan|nan|nan|nan|nan|nan|nan|nan|nan|nan|nan|-0.074495|nan|nan|nan|nan|-37.798483|nan|0.249342|nan|nan|nan|-1477.095959|nan|nan|nan|nan|-72276.173561|nan|nan|6.585361|nan|-36.795567|nan|-0.122334|nan|-289.663492
1114|nan|nan|nan|nan|nan|nan|nan|nan|4052.600000|nan|nan|-15556492.377406|nan|nan|nan|nan|nan|nan|nan|nan|nan|nan|nan|nan|-0.074495|nan|nan|nan|nan|-36.994260|nan|0.249342|nan|nan|nan|-1475.209794|nan|nan|nan|nan|-72276.173561|nan|nan|6.593956|nan|-36.795567|nan|-0.122334|nan|-289.663492
1115|nan|nan|nan|nan|nan|nan|nan|nan|4052.600000|nan|nan|-22696387.122528|nan|nan|nan|nan|nan|nan|nan|nan|nan|nan|nan|nan|-0.074495|nan|nan|nan|nan|-39.405700|nan|0.249342|nan|nan|nan|-1476.752650|nan|nan|nan|nan|-72276.173561|nan|nan|6.600402|nan|-36.795567|nan|-0.122334|nan|-289.663492
1116|nan|nan|nan|nan|nan|nan|nan|nan|4052.600000|nan|nan|-23049128.913965|nan|nan|nan|nan|nan|nan|nan|nan|nan|nan|nan|nan|-0.074495|nan|nan|nan|nan|-37.332773|nan|0.249342|nan|nan|nan|-1476.408867|nan|nan|nan|nan|-72276.173561|nan|nan|6.603943|nan|-36.795567|nan|-0.122334|nan|-289.663492
1117|nan|nan|nan|nan|nan|nan|nan|nan|4052.600000|nan|nan|-23099846.759002|nan|nan|nan|nan|nan|nan|nan|nan|nan|nan|nan|nan|-0.074495|nan|nan|nan|nan|-36.586118|nan|0.249342|nan|nan|nan|-1476.568251|nan|nan|nan|nan|-72276.173561|nan|nan|6.605388|nan|-36.795567|nan|-0.122334|nan|-289.663492
1118|nan|nan|nan|nan|nan|nan|nan|nan|4052.600000|nan|nan|-22796425.845575|nan|nan|nan|nan|nan|nan|nan|nan|nan|nan|nan|0.053933|-0.074495|nan|nan|nan|nan|-37.766682|nan|0.249342|nan|nan|nan|-1477.449532|nan|nan|nan|nan|-72276.173561|nan|nan|6.604435|nan|-36.795567|nan|-0.122334|nan|-289.663492
1119|nan|nan|nan|nan|nan|nan|nan|nan|4052.600000|nan|nan|-25899370.331991|nan|nan|nan|nan|nan|nan|nan|nan|nan|nan|nan|0.053933|-0.074495|nan|nan|nan|nan|-37.040399|nan|0.249342|nan|nan|nan|-1476.334828|nan|nan|nan|nan|-72276.173561|nan|nan|6.601430|nan|-36.795567|nan|-0.122334|nan|-289.663492
1120|nan|nan|nan|nan|nan|nan|nan|nan|4052.600000|nan|nan|-20938171.658502|nan|nan|nan|nan|nan|nan|nan|nan|nan|nan|nan|0.046620|-0.074495|nan|nan|nan|nan|-35.073576|nan|0.249342|nan|nan|nan|-1475.967521|nan|nan|nan|nan|-72276.173561|nan|nan|6.596980|nan|-36.795567|nan|-0.122334|nan|-289.663492
1121|nan|nan|nan|nan|nan|nan|nan|nan|4052.600000|nan|nan|-26785250.854952|nan|nan|nan|nan|nan|nan|nan|nan|nan|nan|nan|0.042964|-0.072437|nan|nan|nan|nan|-33.155558|nan|0.249342|nan|nan|nan|-1476.521401|nan|nan|nan|nan|-72276.173561|nan|nan|6.591605|nan|-36.795567|nan|-0.122334|nan|-289.663492
1122|nan|nan|nan|nan|nan|nan|nan|nan|4052.600000|nan|nan|-26160767.309340|nan|nan|nan|nan|nan|nan|nan|nan|nan|nan|nan|0.040770|-0.068651|nan|nan|nan|nan|-31.919054|nan|0.249342|nan|nan|nan|-1476.086711|nan|nan|nan|nan|-72276.173561|nan|nan|6.585255|nan|-36.795567|nan|-0.122334|nan|-289.663492
1123|nan|nan|nan|-0.800000|nan|nan|nan|nan|4052.600000|nan|nan|-27659237.376439|nan|nan|nan|nan|nan|nan|nan|nan|nan|nan|nan|0.039308|-0.065759|nan|nan|nan|nan|-30.716585|nan|0.249342|nan|nan|nan|-1476.513316|nan|nan|nan|nan|-72276.173561|nan|nan|6.577840|nan|-36.795567|nan|-0.122334|nan|-289.663492
1124|nan|nan|nan|-0.800000|nan|nan|nan|nan|4052.600000|nan|nan|-31868736.049810|nan|nan|nan|nan|nan|nan|nan|nan|nan|nan|nan|0.038263|-0.061280|nan|nan|nan|nan|-31.439093|nan|0.249342|nan|nan|nan|-1476.955636|nan|nan|nan|nan|-72276.173561|nan|nan|6.569914|nan|-36.795567|nan|-0.122334|nan|-289.663492
1125|nan|nan|nan|-0.800000|nan|nan|nan|nan|4052.600000|nan|nan|-31768253.940292|nan|nan|nan|nan|nan|nan|nan|nan|nan|nan|nan|0.037480|-0.059917|nan|nan|nan|nan|-32.153100|nan|0.249342|nan|nan|nan|-1476.725214|nan|nan|nan|nan|-72276.173561|nan|nan|6.562321|nan|-36.795567|nan|-0.122334|nan|-289.663492
1126|nan|nan|nan|-0.800000|nan|nan|nan|nan|4052.600000|nan|nan|-29080762.218087|nan|nan|nan|nan|nan|nan|nan|nan|nan|nan|nan|0.036870|-0.059802|nan|nan|nan|nan|-34.109367|nan|0.249342|nan|nan|nan|-1476.597905|nan|nan|nan|nan|-72276.173561|nan|nan|6.554903|nan|-36.795567|nan|-0.122334|nan|-289.663492
1127|nan|nan|nan|-0.800000|nan|nan|nan|nan|4052.600000|nan|nan|-29744893.467729|nan|nan|nan|nan|nan|nan|nan|nan|nan|nan|nan|0.036383|-0.059146|nan|nan|nan|nan|-33.540878|nan|0.249342|nan|nan|nan|-1476.269953|nan|nan|nan|nan|-72276.173561|nan|nan|6.547759|nan|-36.795567|nan|-0.122334|nan|-289.663492
1128|-33699464.164443|nan|nan|-0.800000|nan|nan|nan|-2.259203|4052.600000|-1.605390|0.236388|-33591600.899354|nan|nan|nan|nan|-2.800000|nan|-2157927.218204|nan|nan|nan|nan|0.035984|-0.059146|nan|nan|-0.383435|nan|-31.654470|nan|0.249342|-0.941289|-0.156073|-1.605390|-1474.958443|-145208578.355043|nan|340830.004320|nan|-72276.173561|nan|nan|6.542530|nan|-35.870101|-9.500000|-0.122334|nan|-289.663492
1129|-34013778.267982|nan|nan|-1.200000|nan|nan|nan|-2.259203|4052.600000|-1.605390|0.236388|-34251271.061831|nan|nan|nan|nan|3.200000|nan|-2373464.029583|nan|nan|nan|nan|0.035651|-0.059146|nan|nan|-0.379861|nan|-34.905834|nan|0.249342|-0.941289|-0.156073|-1.605390|-1476.473522|-145402076.475160|nan|340830.004320|nan|-72276.173561|nan|nan|6.536925|nan|-34.944634|-9.975000|-0.122334|nan|-289.663492
1330|-28523102.599999|nan|nan|-1.200000|nan|nan|nan|-2.259203|4052.600000|-1.605390|0.236388|-28700121.023951|nan|nan|nan|nan|-6.800000|nan|-2701128.702696|0.955381|nan|nan|nan|0.035370|-0.059146|nan|nan|-0.376015|nan|-26.738157|nan|0.249342|-0.941289|-0.146042|-1.605390|-1476.748213|-145402076.475160|nan|277606.796346|nan|-72276.173561|nan|nan|6.530982|nan|-34.019168|-12.591667|-0.122334|nan|-289.663492
1331|-30943020.305300|nan|nan|-1.600000|nan|nan|nan|-2.259203|4052.600000|-1.605390|0.236388|-31204563.470881|nan|nan|nan|nan|-2.800000|nan|-3241903.235652|1.156776|nan|nan|nan|0.035129|-0.059146|nan|nan|-0.376015|nan|-24.810616|nan|0.249342|-0.941289|-0.118118|-1.605390|-1476.246112|-145402076.475160|nan|277606.796346|nan|-72276.173561|nan|nan|6.524780|nan|-33.093701|-12.058334|-0.122334|nan|-357.257911
1332|-29001742.615614|nan|nan|-2.000000|nan|nan|nan|-2.259203|4052.600000|-1.605390|0.236388|-29269796.937857|nan|nan|nan|nan|3.200000|nan|-3677790.229886|1.156776|nan|nan|nan|0.034920|-0.059146|nan|nan|-0.371846|nan|-24.123889|nan|0.249342|-0.941289|-0.099260|-1.605390|-1477.131483|-145402076.475160|nan|239820.088384|nan|-72276.173561|nan|nan|6.518327|nan|-32.168234|-13.375000|-0.122334|nan|-357.257911
1333|-24404462.486250|1.548611|nan|-2.800000|nan|nan|nan|-2.259203|4052.600000|-1.605390|0.236388|-24842542.880566|nan|nan|nan|nan|-6.800000|nan|-4005249.027914|1.341679|nan|nan|nan|0.034737|-0.059146|nan|nan|-0.371846|nan|-18.333618|nan|0.249342|-1.071343|-0.086832|-1.605390|-1475.592706|-145402076.475160|nan|239820.088384|nan|-72276.173561|nan|nan|6.511398|nan|-31.242768|-14.966667|-0.122334|nan|-357.257911
1334|-17840914.680738|3.118750|nan|-3.400000|nan|nan|nan|-2.259203|4052.600000|-1.605390|0.235540|-18176149.114709|nan|nan|nan|nan|0.800000|nan|-4337711.140712|1.341679|nan|nan|nan|0.034576|-0.059146|nan|nan|-0.373649|nan|-17.765301|nan|0.249342|-1.605390|-0.081613|-1.605390|-1476.962336|-145402076.475160|nan|233641.841850|nan|-72276.173561|nan|nan|6.504349|nan|-30.317301|-13.325000|-0.122334|nan|-357.257911
1335|-20271702.847301|3.033333|nan|-3.400000|nan|nan|nan|-2.259203|4052.600000|-1.605390|0.235540|-20229107.638295|nan|nan|nan|nan|-3.200000|nan|-4985533.846797|1.341679|nan|nan|nan|0.034433|-0.059146|nan|nan|-0.372342|nan|-17.611203|nan|0.249342|-1.605390|-0.070033|-1.605390|-1476.522953|-145402076.475160|nan|233641.841850|nan|-72276.173561|nan|nan|6.497699|nan|-29.391835|-14.100000|-0.122334|nan|-357.257911
1336|-19956600.732792|3.338802|nan|-3.400000|nan|nan|nan|-2.259203|4052.600000|-1.605390|0.235540|-19543550.809162|nan|nan|nan|nan|-3.600000|nan|-5419358.066122|1.341679|nan|nan|nan|0.034304|-0.059146|nan|nan|-0.370584|nan|-15.327043|nan|0.249342|-1.605390|-0.061819|-1.605390|-1475.660360|-145402076.475160|nan|233641.841850|nan|-72276.173561|nan|nan|6.491106|nan|-28.466368|-14.158334|-0.122334|nan|-357.257911
1337|-20881356.652110|2.973542|nan|-3.600000|nan|nan|nan|-2.259203|4052.600000|-1.605390|0.235540|-20470192.231481|nan|nan|nan|nan|0.000000|nan|-5853978.985032|1.341679|nan|nan|nan|0.034189|-0.059146|nan|nan|-0.366713|nan|-17.490268|nan|0.249342|-1.605390|-0.061749|-1.605390|-1477.038172|-145402076.475160|nan|233641.841850|nan|-72276.173561|nan|nan|6.485085|nan|-27.540902|-14.366667|-0.122334|nan|-357.257911
1338|-24233644.347914|2.146354|nan|-4.000000|nan|nan|nan|-2.259203|4052.600000|-1.605390|0.235540|-22042330.240989|nan|nan|nan|nan|-8.800000|nan|-6393938.575296|1.341679|nan|nan|nan|0.034084|-0.059146|nan|nan|-0.366713|nan|-10.106694|nan|0.249342|-1.605390|-0.054863|-1.605390|-1476.224453|-145402076.475160|nan|233641.841850|nan|-72276.173561|nan|nan|6.479871|nan|-26.615435|-18.875000|-0.122334|nan|-357.257911
1339|-23905919.495040|0.884375|nan|-4.400000|nan|nan|nan|-2.259203|4052.600000|-1.605390|0.235540|-21810532.362422|nan|nan|nan|nan|-1.400000|nan|-6609177.187606|1.341679|nan|nan|nan|0.033989|-0.059146|nan|nan|-0.363277|nan|-10.236393|nan|0.249342|-1.605390|-0.054863|-1.605390|-1477.256158|-145402076.475160|nan|233641.841850|nan|-72276.173561|nan|nan|6.475617|nan|-25.660302|-16.975000|-0.122334|nan|-357.257911
1340|-29826319.365864|1.341797|nan|-5.000000|nan|nan|nan|-2.259203|4052.600000|-1.605390|0.235540|-26640342.347571|nan|nan|nan|nan|-1.400000|nan|-6610300.477858|1.341679|nan|nan|nan|0.033903|-0.058858|nan|nan|-0.362576|nan|-11.533133|nan|0.249342|-1.605390|-0.051165|-1.605390|-1476.219929|-145402076.475160|nan|233641.841850|nan|-72276.173561|nan|nan|6.472128|nan|-24.705169|-13.225000|-0.122334|nan|-357.257911
1341|-35582135.471047|1.675347|nan|-6.000000|nan|nan|nan|-2.259203|4052.600000|-1.605390|0.235540|-31874449.578197|nan|nan|nan|nan|-5.400000|nan|-6610103.891402|1.341679|nan|nan|nan|0.033823|-0.058651|nan|nan|-0.367557|nan|-10.447881|nan|0.249342|-1.605390|-0.046890|-1.605390|-1476.387009|-145402076.475160|nan|233641.841850|nan|-72276.173561|nan|nan|6.469360|nan|-23.750035|-13.225000|-0.122334|nan|-357.257911
1342|-35802387.695504|1.426146|nan|-6.800000|nan|nan|nan|-2.259203|4052.600000|-1.605390|0.235540|-31667904.428288|nan|nan|nan|nan|-3.600000|nan|-6608201.821579|1.341679|nan|nan|nan|0.033750|-0.058651|nan|nan|-0.376518|nan|-10.924385|nan|0.249342|-1.605390|-0.044538|-1.605390|-1476.860459|-145402076.475160|nan|233641.841850|nan|-200839.755034|nan|nan|6.467386|nan|-22.794902|-13.516667|-0.122334|nan|-357.257911
1343|-38368960.401186|1.230208|-1.605390|-7.400000|nan|-0.976120|-2.431802|-2.259203|4052.600000|-1.605390|0.235540|-33813257.989270|-0.000728|-1.376849|-2.005499|nan|-4.000000|nan|-6609153.490402|1.341679|nan|-3.357975|-1.964914|0.033683|-0.057849|nan|nan|-0.376738|-0.919716|-10.768632|2.248879|0.249342|-1.605390|-0.041430|-1.605390|-1476.577530|-145402076.475160|nan|233641.841850|-0.000003|-200839.755034|-0.894816|-0.111816|6.465792|-0.090689|-21.839769|-15.516667|-0.122334|-0.919716|-357.257911
1344|-43473326.015194|0.840712|-1.605390|-8.000000|nan|-1.338073|-2.431802|-2.259203|4052.600000|-1.605390|0.235540|-37792590.951258|-0.000728|-1.376849|-2.004169|nan|-12.400000|8.000000|-6923211.402469|1.341679|nan|-5.706626|-2.007685|0.033620|-0.057849|nan|nan|-0.376187|-0.926025|-2.195197|2.165745|0.249342|-1.605390|-0.037272|-1.605390|-1475.877917|-145402076.475160|nan|233641.841850|-0.000003|-200839.755034|-0.888903|-0.113743|6.464716|-0.087689|-20.884636|-20.333334|-0.116380|-0.926025|-357.257911
1345|-45535273.571242|0.647676|-1.605390|-9.200000|4.520373|-1.665555|-2.431802|-2.259203|4052.600000|-1.605390|0.235540|-38323997.270098|0.005313|-1.376849|-1.470435|nan|-7.000000|8.000000|-7246102.140261|1.341679|nan|-4.331780|-1.765120|0.033000|-0.054904|nan|nan|-0.372787|-0.935208|0.318567|2.066747|0.249342|-1.605390|-0.033855|-1.605390|-1476.270102|-145402076.475160|nan|233641.841850|-0.000003|-200839.755034|-0.883236|-0.114468|6.463666|-0.079978|-19.929502|-17.766667|0.013213|-0.935208|-357.257911
1346|-44064926.629092|0.661830|-1.605390|-10.000000|-1.573634|-2.677934|-2.431802|-2.259203|4052.600000|-1.605390|0.235540|-35618434.266296|0.005313|-1.376849|-1.469844|nan|-6.000000|8.000000|-7903855.177157|1.341679|nan|-1.805753|-1.928660|0.031931|-0.050704|nan|nan|-0.369888|-0.929548|1.677545|1.953291|0.468129|-1.605390|-0.032545|-1.605390|-1477.308871|-145402076.475160|nan|229004.165568|-0.000003|-200839.755034|-0.877801|-0.114531|6.460635|-0.071116|-18.974369|-17.683334|0.075981|-0.929548|-357.257911
1347|-41997489.331916|0.381042|-1.605390|-10.600000|-1.573634|-3.565750|-2.431802|-5.044285|4052.600000|-1.605390|0.235540|-33688132.542098|0.005313|-1.376849|-1.470012|nan|-2.800000|4.000000|-8554308.554343|1.341679|nan|-2.354467|-1.958900|0.030934|-0.046765|nan|nan|-0.369888|-0.920255|-1.324730|1.828132|0.468129|-1.605390|-0.031519|-1.605390|-1477.277930|-145402076.475160|nan|194576.600712|-0.000003|-200839.755034|-0.872583|-0.115225|6.455962|-0.063882|-18.019236|-22.383334|0.075981|-0.920255|-357.257911
1348|-43076133.848538|0.182487|-1.605390|-11.400000|-1.573634|-4.559488|-2.431802|-5.945073|4052.600000|-1.605390|0.235540|-34537174.968051|0.005313|-1.376849|-1.470328|nan|-3.400000|4.000000|-8876365.537643|1.341679|nan|-1.822214|-1.835950|0.029203|-0.040572|nan|nan|-0.366194|-0.915273|-3.270149|1.692470|0.468129|-1.605390|-0.031519|-1.605390|-1477.026118|-145402076.475160|nan|194576.600712|-0.000003|-200839.755034|-0.867569|-0.113130|6.450330|-0.056848|-17.064103|-20.383334|0.075981|-0.915273|-357.257911
1349|-44625947.613632|0.149265|-1.605390|-11.800000|-1.573634|-4.993534|-2.431802|-8.379119|4052.600000|-1.605390|0.235540|-35879484.790622|0.005313|-1.376849|-1.470718|nan|-6.000000|4.000000|-8870692.567891|1.341679|nan|-3.003114|-1.721607|0.027472|-0.035981|nan|nan|-0.374962|-0.912835|-4.846216|1.546949|0.468129|-1.605390|-0.027588|-1.605390|-1476.622949|-145402076.475160|nan|194576.600712|-0.000003|-200839.755034|-0.862749|-0.113412|6.442150|-0.049658|-16.108969|-20.383334|0.075981|-0.912835|-357.257911
1350|-50236641.581792|-0.008411|-1.605390|-11.800000|-1.573634|-5.767195|-2.431802|-8.402556|4936.200000|-1.605390|0.235540|-41291919.016825|0.005313|-1.376849|-1.471378|nan|-7.200000|4.000000|-8854750.319934|1.341679|nan|-2.514498|-1.767271|0.026472|-0.030865|nan|nan|-0.375464|-0.905747|-6.227537|1.392485|0.468129|-1.605390|-0.016727|-1.605390|-1477.533389|-145402076.475160|nan|194576.600712|-0.000003|-200839.755034|-0.858110|-0.113457|6.431744|-0.043429|-15.153836|-22.383334|0.075981|-0.905747|-357.257911
1351|-52363826.711818|-0.294700|-1.605390|-11.800000|-1.573634|-6.086222|-2.431802|-8.402556|4936.200000|-1.605390|0.235540|-43158481.371117|0.005313|-1.376849|-1.471475|nan|-12.000000|4.000000|-8745631.938759|1.341679|nan|-6.163389|-1.726495|0.025473|-0.024758|nan|nan|-0.372646|-0.897390|-1.471343|1.232485|0.468129|-1.605390|-0.014409|-1.605390|-1475.762264|-145402076.475160|nan|194576.600712|-0.000003|-200839.755034|-0.853643|-0.113362|6.421983|-0.037686|-14.198703|-20.383334|0.075981|-0.897390|-357.257911
1352|-51654987.853358|-0.537257|-1.605390|-11.800000|-4.586560|-6.374865|-2.431802|-8.402556|4936.200000|-1.605390|0.235540|-41825494.076510|0.005313|-1.376849|-1.471524|nan|-10.600000|4.000000|-8422844.536774|1.341679|nan|-4.556471|-1.847296|0.024473|-0.020084|nan|nan|-0.349843|-0.895128|-1.988674|1.068783|0.468129|-1.605390|-0.001003|-1.605390|-1475.930380|-145402076.475160|nan|194576.600712|-0.000003|-200839.755034|-0.849339|-0.114023|6.408335|-0.033000|-13.243570|-20.383334|0.075981|-0.895128|-357.257911
1353|-54953266.561768|-0.601058|-1.605390|-11.800000|-4.586560|-7.016971|-2.431802|-8.402556|4936.200000|-1.605390|0.235540|-44820108.027728|0.005313|-1.376849|-1.471316|nan|-13.400000|4.000000|-8094718.152181|1.341679|nan|-4.631092|-2.184217|0.023473|-0.014650|nan|nan|-0.323601|-0.896879|-1.140147|0.933388|0.468129|-1.605390|0.003090|-1.605390|-1476.577098|-145402076.475160|nan|194576.600712|-0.000003|-200839.755034|-0.845188|-0.113900|6.389548|-0.028985|-12.288436|-20.383334|0.075981|-0.896879|-357.257911
1354|-54064309.781724|-0.863194|-1.605390|-12.000000|-4.586560|-7.216971|-2.431802|-8.973985|4936.200000|-1.605390|-0.066236|-43267310.345852|0.005313|-1.376849|-0.972427|nan|-7.800000|4.000000|-8091118.780593|1.341679|nan|-5.398167|-2.716179|0.022474|-0.008440|nan|nan|-0.317297|-0.911801|-3.321550|0.801160|0.468129|-1.605390|0.003090|-1.605390|-1477.410604|-127846649.506160|nan|194576.600712|-0.000003|-200839.755034|-0.849307|-0.110176|6.365792|-0.025585|-11.333303|-22.383334|0.075981|-0.911801|-357.257911
1355|-53158004.071992|-0.858062|-1.605390|-12.600000|-4.586560|-7.588400|-2.431802|-8.973985|4936.200000|-1.605390|-0.066236|-42400876.160358|0.005313|-2.784667|-0.900893|nan|-11.800000|4.000000|-8087964.278564|1.341679|nan|-7.228151|-2.925290|0.021474|-0.005596|nan|nan|-0.323942|-0.918182|-3.947910|0.671702|0.468129|-1.605390|0.012454|-1.605390|-1476.403892|-119802681.872107|nan|194576.600712|-0.000003|-200839.755034|-0.853283|-0.094290|6.340190|-0.022631|-10.378170|-20.383334|0.075981|-0.918182|-357.257911
1356|-55213949.351994|-0.819358|-1.605390|-13.800000|-4.586560|-7.733979|-2.431802|-9.119564|4936.200000|-1.605390|-0.066236|-44644794.737473|0.005313|-2.784667|-0.901126|nan|-9.800000|4.000000|-8082358.303235|1.341679|nan|-8.374100|-2.886050|0.020474|-0.002668|nan|nan|-0.323881|-0.909547|-4.337092|0.544340|0.468129|-1.605390|0.013725|-1.605390|-1475.661966|-117296312.286376|nan|194576.600712|-0.000003|-200839.755034|-0.857125|-0.076494|6.311710|-0.019921|-9.423037|-18.383334|0.075981|-0.909547|-357.257911
1357|-54890827.864662|-0.713083|-1.605390|-15.000000|-4.586560|-8.056169|-2.431802|-9.186280|4936.200000|-1.605390|-0.066236|-44847089.474028|0.005313|-2.784667|-0.901243|nan|-11.800000|4.000000|-8081188.510461|1.341679|nan|-12.996918|-2.884891|0.019475|0.000236|nan|nan|-0.333385|-0.903718|-4.685105|0.415747|0.468129|-1.605390|0.042588|-1.605390|-1476.243141|-112549544.859715|nan|194576.600712|-0.000003|-200839.755034|-0.860839|-0.070182|6.280801|-0.017559|-8.467903|-18.383334|0.075981|-0.903718|-357.257911
1358|-54291199.351756|-0.569765|-1.605390|-15.600000|-4.586560|-8.157198|-2.431802|-9.186280|4936.200000|-1.605390|-0.066236|-45189074.423634|0.005313|-2.784667|-0.891219|nan|-13.800000|4.000000|-8079958.799026|1.341679|0.000000|-12.781796|-2.969040|0.018475|0.003182|nan|-71939.218010|-0.333385|-0.897955|-4.320420|0.283421|0.468129|-1.605390|0.054070|-1.605390|-1475.621868|-104907638.928248|-16886.947243|194576.600712|-0.000003|-200839.755034|-0.878838|-0.061656|6.247975|-0.015343|-8.438237|-18.383334|0.075981|-0.897955|-357.257911
1359|-53048553.412838|-0.596939|-1.605390|-16.400000|-4.586560|-8.855553|-2.431802|-9.186280|4936.200000|-1.605390|-0.066236|-44742598.256046|0.005313|-3.055057|-0.670226|0.040723|-12.000000|4.000000|-7862302.716182|1.341679|-0.000000|-14.770417|-3.158568|0.017475|0.007520|nan|-72650.904114|-0.345930|-0.890404|-5.078312|0.144926|0.468129|-1.605390|0.074134|-1.605390|-1475.541524|-102280237.352565|-19550.208865|194576.600712|-0.000003|-200839.755034|-0.896837|-0.054132|6.210118|-0.013249|-8.408570|-20.383334|0.075981|-0.890404|-357.257911
1400|-56926583.422432|-0.515084|-1.605390|-17.200000|-4.586560|-10.107405|-2.431802|-9.186280|4322.800000|-1.605390|-0.066236|-49601355.417707|0.005313|-3.055057|-0.667656|0.186385|-12.600000|4.000000|-7854360.352024|1.341679|-0.000000|-6.297304|-3.520521|0.016476|0.011375|nan|-65356.089506|-0.349065|-0.882578|-5.078312|-0.002191|0.468129|-1.605390|0.089846|-1.605390|-1475.881765|-98345908.944229|-20692.731553|194576.600712|-0.000003|-200839.755034|-0.914836|-0.049391|6.168038|-0.011418|-8.378903|-18.383334|0.075981|-0.882578|-357.257911
1401|-54603205.100000|-0.694306|-1.605390|-17.200000|-4.586560|-11.185146|-2.431802|-13.522111|4322.800000|-1.605390|-0.066236|-47640614.898649|0.005313|-3.766789|-0.667530|0.267271|-15.800000|4.000000|-7855675.087626|1.341679|-0.000000|-10.764348|-3.891690|0.015476|0.015165|nan|-57261.603744|-0.357218|-0.875807|-4.903383|-0.160273|0.468129|-1.605390|0.098143|-1.605390|-1475.550924|-96395280.981589|-22936.451913|194576.600712|-0.000003|-399203.299127|-0.932835|-0.045149|6.126825|-0.009701|-8.349237|-22.383334|0.075981|-0.875807|-357.257911
1402|-54443063.020700|-0.753245|-1.605390|-17.200000|-5.040331|-12.160245|-2.431802|-13.522111|4322.800000|-1.605390|-0.335171|-47854687.818291|0.005313|-4.811150|-0.565525|0.478149|-13.000000|4.000000|-7853335.390221|1.341679|-0.000000|-10.170114|-4.711971|0.014476|0.017964|nan|-52519.173263|-0.365850|-0.897448|-6.060117|-0.328627|0.468129|-1.605390|0.105447|-1.605390|-1476.648344|-96085590.268291|-22311.426920|194576.600712|-0.000003|-399203.299127|-0.951348|-0.043216|6.085547|-0.008352|-8.319570|-18.383334|0.075981|-0.897448|-357.257911
1403|-50173920.893814|-0.838177|-1.605390|-17.200000|-5.040331|-12.852001|-2.431802|-13.522111|4322.800000|-1.605390|-0.443029|-44664081.241445|0.005313|-4.811150|-0.711194|0.645549|-15.600000|4.000000|-7850369.511183|1.341679|-0.000000|-8.372086|-5.497053|0.013477|0.019562|-0.106710|-43370.348426|-0.373907|-0.902075|-6.918208|-0.506572|0.468129|-1.605390|0.099569|-1.605390|-1476.513136|-81981819.272605|-20931.892740|194576.600712|-0.000003|-399203.299127|-0.973268|-0.039321|6.041798|-0.007350|-8.289903|-18.383334|0.075981|-0.902075|-357.257911
1404|-50666517.620759|-1.024288|-1.605390|-17.200000|-5.040331|-13.287400|-2.431802|-13.522111|3679.000000|-1.605390|-0.652769|-45858344.812950|0.005313|-4.811150|-0.711205|0.785819|-15.600000|4.000000|-7850706.387060|1.341679|-0.000000|-8.859288|-6.397841|0.012477|0.019562|-0.086865|-34096.269653|-0.373833|-0.906222|-10.426272|-0.695197|0.468129|-1.605390|0.098113|-1.605390|-1476.672910|-81342445.900639|-16188.149937|194576.600712|-0.000003|-399203.299127|-0.998054|-0.036139|5.999413|-0.006704|-8.260237|-20.383334|0.075981|-0.906222|-357.257911
1405|-52833331.735526|-1.204423|-1.605390|-17.200000|-5.040331|-14.443236|-2.431802|-13.522111|3679.000000|-1.605390|-0.652769|-48040910.235800|0.015598|-4.811150|-0.711098|0.805719|-17.600000|4.000000|-7847934.550479|1.341679|-0.000000|-10.553203|-6.880772|0.011477|0.019562|-0.089023|-28495.164652|-0.373519|-0.906011|-9.826922|-0.893218|0.468129|-1.605390|0.098113|-1.605390|-1476.894245|-81342445.900639|-11429.131334|194576.600712|-0.000003|-399203.299127|-1.022840|-0.033802|5.963609|-0.006101|-8.230570|-20.383334|0.075981|-0.906011|-357.257911
1406|-59467200.639890|-1.383337|-1.605390|-17.200000|-6.418799|-15.298517|-2.431802|-14.869865|3661.000000|-1.605390|-0.652769|-54581614.153455|0.039210|-4.811150|-0.710933|0.826771|-17.400000|4.000000|-7830854.078525|1.341679|-0.000000|-11.933878|-7.700916|0.010478|0.019562|-0.086134|-20822.530223|-0.360573|-0.915490|-9.690696|-1.097970|0.468129|-1.605390|0.098113|-1.605390|-1476.998470|-81342445.900639|-11570.714047|194576.600712|-0.000003|-399203.299127|-1.047626|-0.031620|5.949781|-0.005610|-8.200903|-20.383334|0.075981|-0.915490|-357.257911
1407|-63041337.018638|-1.769528|-1.605390|-17.200000|-6.418799|-16.072343|-2.431802|-14.869865|3661.000000|-1.605390|-0.652769|-57676616.970576|0.039210|-4.811150|-0.710626|0.826771|-19.000000|4.000000|-7825423.708542|1.341679|-0.000000|-20.414968|-8.104158|0.009478|0.019562|-0.078090|-18419.833588|-0.360573|-0.916506|-7.935553|-1.304435|0.468129|-1.605390|0.098113|-1.605390|-1475.630683|-81342445.900639|-16318.357837|194576.600712|-0.000003|-399203.299127|-1.071769|-0.030757|5.948195|-0.005037|-8.171237|-22.008334|0.075981|-0.916506|-357.257911
1408|-63557199.080594|-2.144738|-1.605390|-17.200000|-6.418799|-16.962947|-2.431802|-14.869865|3661.000000|-1.605390|-0.652769|-58439075.305282|0.039210|-5.644836|-0.710472|0.826771|-12.600000|2.000000|-7825831.634159|1.341679|-0.000000|-20.824704|-8.392801|0.008478|0.019562|-0.072865|-13696.271951|-0.360664|-0.911511|-6.651922|-1.506325|0.468129|-1.605390|0.102291|-1.605390|-1476.646056|-81342445.900639|-159.100713|194576.600712|-0.000003|-399203.299127|-1.088541|-0.028678|5.957577|-0.004395|-8.141570|-20.008334|0.075981|-0.911511|-357.257911
1409|-63768904.950000|-2.311659|-1.605390|-17.200000|-6.418799|-17.048979|-2.431802|-14.869865|3661.000000|-1.605390|-0.652769|-59304805.870210|0.039210|-7.061678|-0.710508|0.826771|-12.600000|2.000000|-7828307.081237|1.341679|-0.000000|-13.812394|-8.975531|0.007479|0.019562|-0.072203|-9710.397588|-0.358038|-0.895383|-7.705594|-1.698478|0.468129|-1.605390|0.116905|-1.605390|-1476.944327|-81342445.900639|-163.079563|194576.600712|-0.000003|-399203.299127|-1.105313|-0.024934|5.977839|-0.003794|-8.141570|-20.008334|0.075981|-0.895383|-357.257911
1410|-63390641.026942|-2.479554|-1.605390|-17.200000|-6.418799|-17.048979|-2.431802|-14.869865|3661.000000|-1.605390|-0.652769|-59736866.983994|0.039210|-7.770100|-0.710525|0.826771|-14.600000|2.000000|-7828539.481068|1.341679|-0.000000|-12.922142|-9.175531|0.006479|0.019562|-0.069356|-7383.501727|-0.348847|-0.888738|-3.418095|-1.876172|0.468129|-1.605390|0.121943|-1.605390|-1476.289043|-81342445.900639|-210.215176|194576.600712|-0.000003|-399203.299127|-1.114411|-0.024815|6.007331|-0.003199|-8.141570|-20.008334|0.075981|-0.888738|-357.257911
1411|-61985995.621262|-2.653262|-1.605390|-17.000000|-6.418799|-17.048979|-2.431802|-14.869865|3661.000000|-1.605390|-0.652769|-59648091.398428|0.039210|-11.124310|-0.710534|0.826771|-14.600000|2.000000|-7828699.851454|1.341679|-0.000000|-14.308598|-9.546960|0.005479|0.019562|-0.068817|-3958.442933|-0.343043|-0.878880|-1.491111|-2.037438|0.468129|-1.605390|0.124510|-1.605390|-1476.129061|-81342445.900639|-189.127425|194576.600712|-0.000003|-399203.299127|-1.123509|-0.025753|6.045033|-0.002639|-8.141570|-20.008334|0.075981|-0.878880|-357.257911
1412|-60799476.945376|-2.797729|-1.605390|-16.000000|-6.418799|-17.048979|-2.431802|-14.869865|3661.000000|-1.605390|-0.652769|-59062788.098536|0.044124|-12.801416|-0.710651|0.826771|-12.600000|2.000000|-7827467.133259|1.341679|-0.000000|-13.178421|-9.630342|0.004480|0.019562|-0.069325|-2823.226812|-0.375088|-0.942132|-3.246870|-2.181875|0.468129|-1.605390|0.131647|-1.605390|-1476.957877|-81342445.900639|-173.934032|194576.600712|-0.000003|-399203.299127|-1.132607|-0.028683|6.091024|-0.002031|-8.141570|-18.008334|0.075981|-0.942132|-357.257911
1413|-60758421.359887|-2.896514|-1.605390|-15.800000|-6.418799|-17.048979|-2.431802|-14.869865|3661.000000|-1.605390|-0.652769|-59323964.975538|0.048487|-13.113611|-0.710821|0.826771|-12.600000|2.000000|-7820488.614232|1.341679|-0.000000|-13.109598|-9.894030|0.002051|0.019867|-0.069868|-36.097182|-0.369078|-1.014899|13.922221|-2.300576|0.468129|-1.605390|0.139688|-1.605390|-1476.898763|-81342445.900639|-123.726823|194576.600712|-0.000003|-399203.299127|-1.141705|-0.032368|6.152145|-0.001539|-8.141570|-20.008334|0.075981|-1.014899|-357.257911
1414|-63115912.178406|-2.988958|-1.605390|-15.600000|-6.418799|-17.048979|-2.431802|-14.869865|3661.000000|-1.497651|-0.652769|-61516412.578404|0.048487|-13.113611|-0.711019|0.826771|-14.600000|2.000000|-7814180.060611|1.341679|-0.000000|-13.397531|-9.406669|-0.000378|0.022394|-0.070293|4708.709980|-0.371041|-1.085572|13.922221|-2.393092|0.468129|-1.605390|0.142744|-1.605390|-1476.767935|-81342445.900639|-114.177000|194576.600712|-0.000003|-399203.299127|-1.150803|-0.033605|6.225041|-0.001102|-8.141570|-20.008334|0.075981|-1.085572|-357.257911
1415|-68660736.451978|-3.028072|-1.605390|-15.600000|-6.418799|-17.048979|-2.431802|-14.869865|3661.000000|-1.487169|-0.652769|-65836383.113863|0.048487|-13.113611|-0.711455|0.826771|-10.600000|0.000000|-7804571.300034|1.341679|-0.000000|-14.059739|-9.854174|-0.001340|0.027508|-0.070736|8258.061304|-0.428191|-1.103982|14.669172|-2.460149|0.468129|-1.605390|0.161914|-1.605390|-1476.843323|-81342445.900639|-88.531098|194576.600712|-0.000003|-399203.299127|-1.159901|-0.032052|6.307944|-0.000839|-8.141570|-22.008334|0.075981|-1.103982|-357.257911
1416|-66092776.763648|-3.089255|-1.605390|-15.400000|-6.418799|-17.048979|-2.431802|-14.869865|3661.000000|-1.487169|-0.652769|-63366413.545870|0.048487|-13.113611|-0.711673|0.826771|-14.600000|0.000000|-7804515.969921|1.341679|-0.000000|-14.622843|-10.634835|-0.000770|0.032685|-0.070679|12457.335596|-0.456293|-1.101736|13.633044|-2.504030|0.468129|-1.605390|0.168489|-1.605390|-1476.352249|-81709916.902404|-102.734249|194576.600712|-0.000003|-399203.299127|-1.168999|-0.034444|6.392221|-0.000725|-8.141570|-20.008334|0.075981|-1.101736|-357.257911
1417|-62115040.140833|-3.134648|-1.605390|-15.000000|-6.418799|-17.048979|-2.431802|-14.869865|3661.000000|-1.487169|-0.774287|-60043384.048169|0.047728|-13.113611|-0.711670|0.852590|-16.600000|0.000000|-7804282.594216|1.341679|-0.000000|-16.045657|-11.773248|-0.000201|0.037127|-0.070333|11550.779728|-0.459661|-1.139733|14.233901|-2.528105|0.468129|-1.605390|0.169074|-1.605390|-1474.297905|-81919286.093230|-115.109849|194576.600712|-0.000003|-399203.299127|-1.178097|-0.033586|6.478479|-0.000819|-8.141570|-20.008334|0.075981|-1.139733|-357.257911
1418|-63507250.005230|-3.165809|-1.605390|-14.600000|-6.418799|-17.048979|-2.431802|-14.869865|3661.000000|-1.487169|-0.774287|-62209111.866749|0.047728|-13.175944|-0.711893|0.903090|-12.600000|0.000000|-7800921.673422|1.341679|-0.000000|-18.862357|-12.662691|0.003163|0.041675|-0.069872|9510.759783|-0.457616|-1.209113|14.946950|-2.536874|0.468129|-1.605390|0.169573|-1.605390|-1476.844470|-81954474.184238|-90.088016|194576.600712|-0.000003|-399203.299127|-1.185028|-0.033186|6.566914|-0.001087|-8.141570|-21.475000|0.075981|-1.209113|-357.257911
1419|-63344780.847684|-3.216093|-1.497651|-14.600000|-6.418799|-17.048979|-2.431802|-14.869865|3661.000000|-1.487169|-0.774287|-62240276.457546|0.039709|-13.175944|-0.711892|0.907732|-16.600000|0.000000|-7801154.920712|1.341679|-0.000000|-17.432109|-13.413376|0.006527|0.044793|-0.069120|6867.631069|-0.461995|-1.203282|15.246137|-2.533384|0.468129|-1.605390|0.169573|-1.605390|-1476.262246|-81954474.184238|-95.723432|194576.600712|-0.000003|-399203.299127|-1.179424|-0.034692|6.657337|-0.001525|-8.141570|-17.400000|0.075981|-1.203282|-357.257911
1420|-63148763.600000|-3.273006|-1.487169|-14.600000|-6.418799|-17.048979|-2.135284|-14.869865|3661.000000|-1.487169|-0.774287|-61949763.584357|0.039709|-13.175944|-0.711779|0.907732|-16.600000|0.000000|-7802934.552710|1.341679|-0.000000|-18.880066|-13.904894|0.009891|0.047743|-0.067909|6880.210764|-0.464873|-1.207592|15.020164|-2.521665|0.468129|-1.605390|0.169573|-1.605390|-1475.875501|-81954474.184238|-102.347832|194576.600712|-0.000003|-399203.299127|-1.173821|-0.033614|6.748238|-0.002050|-8.141570|-21.200000|0.075981|-1.207592|-357.257911
1421|-63481087.405154|-3.289884|-1.487169|-14.600000|-8.791042|-17.048979|-2.015647|-14.869865|3661.000000|-1.487169|-0.774287|-61221458.859389|0.039709|-13.175944|-0.711610|0.907732|-16.600000|0.000000|-7804253.279642|1.341679|-0.000000|-18.261241|-15.114167|0.013255|0.052145|-0.065246|4832.399316|-0.474011|-1.242254|14.174964|-2.504230|0.468129|-1.605390|0.169573|-1.605390|-1476.442559|-81954474.184238|-89.673414|194576.600712|-0.000003|-399203.299127|-1.168218|-0.033137|6.839810|-0.002706|-8.141570|-17.200000|0.075981|-1.242254|-357.257911
1422|-66338177.780338|-3.296003|-1.487169|-14.600000|-8.791042|-17.048979|-2.015647|-14.869865|3661.000000|-1.487169|-0.774287|-62938697.722377|0.039709|-13.175944|-0.711638|0.907732|-12.600000|0.000000|-7803376.903361|1.341679|-0.000000|-16.063226|-15.922364|0.016619|0.056293|-0.062285|4789.159398|-0.503204|-1.268664|13.299641|-2.483061|0.468129|-1.605390|0.169573|-1.605390|-1476.624912|-81954474.184238|-89.915572|194576.600712|-0.000003|-399203.299127|-1.162615|-0.030783|6.931573|-0.003396|-8.141570|-17.200000|0.075981|-1.268664|-357.257911
1423|-63770521.605074|-3.258745|-1.487169|-14.600000|-8.791042|-17.048979|-2.015647|-14.869865|3661.000000|-1.487169|-0.774287|-60149034.993020|0.039709|-12.936684|-0.711765|0.907732|-12.600000|0.000000|-7807745.808108|1.341679|-0.000000|-16.447819|-16.651366|0.019983|0.059748|-0.058536|4794.640914|-0.526742|-1.284963|12.124620|-2.477369|0.468129|-1.605390|0.169573|-1.605390|-1476.134451|-81954474.184238|-77.250228|194576.600712|-0.000003|-399203.299127|-1.157011|-0.028473|7.023243|-0.004066|-8.141570|-19.200000|0.075981|-1.284963|-357.257911
1424|-63440569.336170|-3.244153|-1.487169|-14.600000|-8.791042|-17.465617|-2.015647|-14.869865|3661.000000|-1.487169|-0.774287|-59919503.628365|0.039709|-15.136983|-0.711490|0.907732|-20.600000|0.000000|-7806413.917746|1.341679|-0.000000|-15.819407|-17.693557|0.023347|0.062846|-0.054998|3052.208246|-0.556496|-1.303887|15.933366|-2.489828|0.468129|-1.605390|0.169573|-1.605390|-1476.055457|-81954474.184238|-81.671261|194576.600712|-0.000003|-399203.299127|-1.151408|-0.026674|7.114675|-0.004761|-8.141570|-21.200000|0.075981|-1.303887|-357.257911
1425|-62496221.076042|-3.342495|-1.487169|-14.600000|-8.791042|-17.723287|-2.015647|-12.610662|3661.000000|-1.487169|-0.774287|-59388109.530800|0.039709|-14.889165|-0.711578|0.907732|-10.600000|0.000000|-7808806.832283|1.341679|-0.000000|-20.321436|-18.030591|0.026711|0.066340|-0.051236|2897.297832|-0.576738|-1.301135|15.995367|-2.520992|0.468129|-1.605390|0.169573|-1.605390|-1477.379823|-81954474.184238|-73.058883|194576.600712|-0.000003|-399203.299127|-1.145805|-0.024792|7.205806|-0.005451|-8.168438|-19.200000|0.075981|-1.301135|-357.257911
1426|-63832272.850000|-3.425890|-1.487169|-14.600000|-8.791042|-17.723287|-2.015647|-12.610662|3661.000000|-1.487169|-0.774287|-61228933.140421|0.039709|-12.338718|-0.711510|0.907732|-16.600000|0.000000|-7808806.411380|1.341679|-0.000000|-16.296765|-18.651634|0.030075|0.070259|-0.047343|2377.689172|-0.578718|-1.325360|18.741406|-2.570521|0.468129|-1.605390|0.169573|-1.605390|-1476.872554|-81954474.184238|-62.454877|194576.600712|-0.000003|-399203.299127|-1.140201|-0.021225|7.296432|-0.006226|-8.195306|-17.200000|0.075981|-1.325360|-357.257911
1427|-64340437.273818|-3.528715|-1.487169|-14.600000|-8.791042|-17.723287|-2.015647|-12.610662|3661.000000|-1.487169|-0.774287|-62637607.736439|0.039709|-12.338718|-0.711475|0.907732|-14.600000|0.000000|-7808134.133244|1.341679|-0.000000|-16.089539|-18.981259|0.033439|0.073313|-0.041967|3614.756108|-0.581144|-1.405526|18.741406|-2.637499|0.468129|-1.605390|0.169573|-1.605390|-1476.553779|-81954474.184238|-51.536696|194576.600712|-0.000003|-399203.299127|-1.134598|-0.018281|7.386263|-0.007040|-8.222174|-19.200000|0.075981|-1.405526|-357.257911
1428|-60248857.719472|-3.553946|-1.487169|-14.600000|-8.791042|-17.723287|-2.015647|-16.833439|3661.000000|-1.487169|-0.774287|-58873270.500350|0.039709|-12.338718|-0.711234|0.907732|-18.600000|0.000000|-7811028.669532|1.341679|-0.000000|-15.800974|-19.368853|0.036803|0.074830|-0.037195|4576.200145|-0.576908|-1.500207|17.993997|-2.720490|0.468129|-1.605390|0.169573|-2.153407|-1476.009300|-81954474.184238|-54.989182|194576.600712|-0.000003|-399203.299127|-1.128995|-0.014737|7.476716|-0.007865|-8.249042|-19.200000|0.075981|-1.500207|-357.257911
1429|-60854815.544986|-3.539878|-1.487169|-14.200000|-8.791042|-17.723287|-2.015647|-16.833439|3661.000000|-1.487169|-0.774287|-59410102.415291|0.039709|-12.338718|-0.711337|0.907732|-10.600000|-2.000000|-7810385.495190|1.341679|-0.000000|-16.283818|-19.548496|0.040167|0.076433|-0.032083|5889.763803|-0.571844|-1.536435|20.666751|-2.817119|0.468129|-1.605390|0.174938|-2.332460|-1477.117008|-81954474.184238|-53.963533|194576.600712|-0.000003|-399203.299127|-1.123392|-0.013149|7.574263|-0.008750|-8.275909|-19.200000|0.075981|-1.536435|-357.257911
1430|-59689306.802826|-3.587898|-1.487169|-14.200000|-8.791042|-17.723287|-2.015647|-16.322687|3661.000000|-1.487169|-0.774287|-58111687.249205|0.030137|-12.338718|-0.711277|0.907732|-16.600000|-2.000000|-7810940.606496|1.341679|-0.000000|-16.247976|-19.836065|0.043531|0.076433|-0.026326|5093.915059|-0.572349|-1.551702|13.274848|-2.922971|0.468129|-1.605390|0.180532|-2.622632|-1476.661928|-82842335.348552|-54.327713|194576.600712|-0.000003|-399203.299127|-1.117788|-0.011416|7.678329|-0.009520|-8.302777|-17.200000|0.075981|-1.551702|-357.257911
1431|-60795873.869588|-3.656994|-1.487169|-13.800000|-8.791042|-17.723287|-2.015647|-16.322687|3661.000000|-1.487169|-0.774287|-58100046.185967|0.027932|-12.338718|-0.711471|0.907732|-10.600000|-2.000000|-7803690.254009|1.341679|-0.000000|-15.512374|-19.782493|0.046895|0.076433|-0.021497|3884.255141|-0.572124|-1.595907|10.208206|-3.035811|0.468129|-1.605390|0.180532|-2.622632|-1476.305738|-82842335.348552|-48.358966|194576.600712|-0.000003|-399203.299127|-1.112185|-0.009764|7.788599|-0.010169|-8.329645|-19.200000|0.075981|-1.595907|-357.257911
1432|-60859377.324118|-3.678613|-1.487169|-13.400000|-8.791042|-17.723287|-2.015647|-16.322687|3661.000000|-1.487169|-0.774287|-57885952.160622|0.019304|-12.338718|-0.711456|0.907732|-16.600000|-2.000000|-7802034.907755|1.341679|-0.000000|-19.209779|-19.546884|0.050259|0.076433|-0.016419|1898.951958|-0.568609|-1.636781|14.356719|-3.155929|0.468129|-1.605390|0.180532|-2.622632|-1476.490412|-82842335.348552|-52.447923|194576.600712|-0.000003|-399203.299127|-1.106582|-0.007921|7.905586|-0.010732|-8.356513|-17.200000|0.075981|-1.636781|-357.257911
1433|-59583283.500000|-3.799979|-1.487169|-12.600000|-8.791042|-17.723287|-2.015647|-16.322687|3661.000000|-1.487169|-0.774287|-57145811.676709|0.019304|-12.338718|-0.711561|0.907732|-12.600000|-2.000000|-7802063.186145|1.341679|-0.000000|-35.888817|-19.358377|0.053623|0.076433|-0.011191|-135.256978|-0.564084|-1.674281|8.283350|-3.275912|0.468129|-1.605390|0.180532|-2.622632|-1476.842388|-82842335.348552|-60.541706|194576.600712|-0.000003|-399203.299127|-1.094467|-0.004576|8.029996|-0.011202|-8.383381|-17.200000|0.075981|-1.674281|-357.257911
1434|-59809387.981102|-3.972329|-1.487169|-12.000000|-8.791042|-17.723287|-2.015647|-16.322687|3661.000000|-1.487169|-0.774287|-57995286.565290|0.019304|-12.338718|-0.711614|0.903037|-14.200000|-2.000000|-7588307.073431|1.341679|-0.000000|-20.212940|-18.844020|0.056987|0.076433|-0.005019|-1611.612366|-0.573543|-1.707744|9.565235|-3.396908|0.468129|-1.605390|0.180532|-2.622632|-1476.200183|-82842335.348552|-69.390525|194576.600712|-0.000003|-399203.299127|-1.083534|-0.001335|8.161893|-0.011622|-8.410249|-17.200000|0.075981|-1.707744|-357.257911
1435|-59552572.425854|-4.111889|-1.487169|-12.000000|-8.791042|-17.723287|-2.015647|-16.322687|3661.000000|-1.487169|-0.774287|-57944401.990819|0.019304|-12.338718|-0.711527|0.903037|-16.200000|-2.000000|-7587427.235600|1.341679|-0.000000|-18.049521|-18.616018|0.060351|0.076433|0.000248|-1840.521765|-0.590165|-1.716450|8.569514|-3.520311|0.468129|-1.605390|0.180532|-2.622632|-1476.260460|-82842335.348552|-86.406201|194576.600712|-0.000003|-399203.299127|-1.079643|0.000087|8.300809|-0.011989|-8.437117|-17.200000|0.075981|-1.716450|-357.257911
1436|-62205454.544684|-4.249754|-1.487169|-12.000000|-8.791042|-17.723287|-2.015647|-16.322687|3661.000000|-1.487169|-0.774287|-60999227.129895|0.012475|-12.338718|-0.711484|0.893844|-13.800000|-2.000000|-7369915.478624|1.341679|-0.000000|-16.521475|-18.176828|0.063715|0.076433|0.005888|-3339.289897|-0.595672|-1.719396|7.307406|-3.647497|0.468129|-1.605390|0.180532|-2.622632|-1476.521252|-82842335.348552|-83.087771|194576.600712|-0.000003|-399203.299127|-1.078937|-0.000006|8.443098|-0.012321|-8.463985|-19.083334|0.075981|-1.719396|-357.257911
1437|-68401358.214504|-4.344580|-1.487169|-11.800000|-8.791042|-17.723287|-2.015647|-16.322687|3661.000000|-1.487169|-0.774287|-66993866.448613|0.012475|-12.338718|-0.711350|0.859367|-15.400000|-2.000000|-7144527.537495|1.341679|-0.000000|-15.691458|-17.826800|0.067079|0.076433|0.010643|-3181.243940|-0.599710|-1.714793|9.096906|-3.780605|0.468129|-1.605390|0.180532|-2.622632|-1476.742561|-82842335.348552|-89.667635|194576.600712|-0.000003|-399203.299127|-1.079614|0.002158|8.592732|-0.012612|-8.490852|-19.083334|0.075981|-1.714793|-357.257911
1438|-69798250.103516|-4.365309|-1.487169|-11.400000|-8.791042|-17.386140|-2.015647|-16.322687|3661.000000|-2.153407|-0.774287|-68459239.661616|0.012475|-12.338718|-0.711508|0.859077|-8.600000|-2.000000|-6716776.466000|1.341679|-0.000000|-16.565841|-17.755448|0.070443|0.076433|0.015002|-2060.660929|-0.599676|-1.708994|0.113654|-3.919233|0.468129|-1.605390|0.182331|-2.622632|-1476.924708|-82842335.348552|-84.449004|194576.600712|-0.000003|-399203.299127|-1.078341|-0.002586|8.751304|-0.012891|-8.517720|-21.083334|0.075981|-1.708994|-357.257911
1439|-67247132.144322|-4.309765|-1.487169|-11.000000|-8.791042|-17.008763|-2.015647|-16.322687|3661.000000|-2.332460|-0.774287|-65462114.094223|0.012475|-12.338718|-0.711475|0.804643|-14.000000|-2.000000|-6395590.934382|1.341679|-0.000000|-23.118763|-17.632009|0.073807|0.076433|0.017912|-1770.185302|-0.599620|-1.703057|2.456276|-4.063603|0.468129|-1.605390|0.183339|-2.622632|-1476.135251|-82842335.348552|-80.156752|194576.600712|-0.000003|-399203.299127|-1.066601|-0.004750|8.918801|-0.013152|-8.544588|-19.083334|0.075981|-1.703057|-357.257911
1440|-70839061.485542|-4.454105|-1.487169|-10.400000|-8.791042|-16.667327|-2.015647|-16.322687|3661.000000|-2.622632|-0.774287|-68736684.946456|0.012475|-12.338718|-0.711458|0.742656|-12.000000|-2.000000|-6393623.584651|1.341679|-0.000000|-24.318932|-18.048647|0.077171|0.076433|0.020862|-951.064943|-0.598823|-1.706152|3.052610|-4.214548|0.468129|-1.605390|0.185029|-2.622632|-1476.556289|-82842335.348552|-67.642997|194576.600712|-0.000003|-399203.299127|-1.060106|-0.008046|9.091765|-0.013344|-8.571456|-19.083334|0.075981|-1.706152|-357.257911
1441|-70673169.294274|-4.680321|-1.487169|-9.400000|-8.791042|-16.358409|-2.015647|-16.322687|3661.000000|-2.622632|-0.774287|-69201842.723458|0.012475|-11.652119|-0.711337|0.669502|-14.000000|-2.000000|-6393861.514787|1.341679|-0.000000|-39.148546|-18.664098|0.080535|0.076433|0.024093|-1126.384005|-0.599828|-1.718270|2.717003|-4.371408|0.468129|-1.605390|0.185085|-2.622632|-1476.189464|-82842335.348552|-66.297502|194576.600712|-0.000003|-399203.299127|-1.064183|-0.009802|9.273135|-0.013497|-8.598324|-17.083334|0.075981|-1.718270|-357.257911
1442|-67387672.663290|-4.776247|-1.487169|-8.600000|-8.791042|-16.269387|-2.015647|-16.322687|3661.000000|-2.622632|-0.774287|-67299568.070748|0.012475|-11.652119|-0.711502|0.594151|-7.800000|-2.000000|-6289747.260212|1.341679|-0.000000|-16.266741|-18.892569|0.083899|0.076433|0.026772|-139.521293|-0.604651|-1.740084|1.269725|-4.531243|0.468129|-1.605390|0.187028|-2.622632|-1476.449315|-82842335.348552|-56.283392|194576.600712|-0.000003|-399203.299127|-1.068260|-0.012472|9.461586|-0.013569|-8.625192|-21.083334|0.075981|-1.740084|-357.257911
1443|-79847863.537378|-4.885622|-2.153407|-8.000000|-11.435046|-16.269387|-2.015647|-16.322687|3661.000000|-2.622632|-1.659305|-80934530.357526|0.012475|-11.652119|-1.094261|0.503209|-11.400000|-2.000000|-6065864.329820|1.341679|-0.000000|-15.985768|-20.284467|0.088692|0.076433|0.030814|-2054.004083|-0.604651|-1.856063|1.269725|-4.690334|0.468129|-1.605390|0.187101|-2.622632|-1438.570219|-82842335.348552|-50.298241|194576.600712|-0.000004|-399203.299127|-1.093868|-0.016289|9.656214|-0.013641|-8.652060|-19.083334|0.075981|-1.856063|-357.257911
1444|-77106137.755969|-4.913260|-2.332460|-7.400000|-11.435046|-16.269387|-3.495280|-16.322687|3661.000000|-2.622632|-1.787095|-77797033.279955|0.012475|-11.652119|-1.094238|0.410592|-13.000000|-2.000000|-5853051.644605|1.341679|-0.000000|-17.339389|-21.442806|0.093486|0.076433|0.033167|-2706.126296|-0.603996|-1.913145|-7.021996|-4.843398|0.468129|-1.605390|0.187613|-2.622632|-1438.395630|-82842335.348552|-47.950698|194576.600712|-0.000004|-399203.299127|-1.122461|-0.021623|9.856406|-0.013746|-8.678927|-19.083334|0.075981|-1.913145|-357.257911
1445|-71621350.552400|-4.974875|-2.622632|-6.200000|-11.435046|-16.162520|-3.495280|-16.322687|3661.000000|-2.622632|-2.122654|-71581794.440570|0.012475|-11.652119|-1.094745|0.305397|-2.400000|-4.000000|-5532498.287999|1.341679|-0.000000|-19.299966|-22.439076|0.097336|0.076433|0.036324|-2626.692179|-0.604445|-2.035327|-11.400417|-4.986899|0.468129|-1.605390|0.160699|-2.622632|-877.266104|-82842335.348552|-48.248322|194576.600712|-0.000005|-399203.299127|-1.155890|-0.024073|10.062053|-0.013867|-8.705795|-23.083334|0.075981|-2.035327|-357.257911
1446|-76144403.285792|-5.035292|-2.622632|-5.400000|-11.435046|-16.162520|-3.495280|-16.322687|3661.000000|-2.622632|-2.122654|-77024477.399325|0.012475|-11.652119|-1.095172|0.202553|-7.400000|-4.000000|-4990795.363994|1.341679|-0.000000|-16.230079|-23.214850|0.100130|0.076433|0.040412|-1934.833553|-0.604445|-2.087958|-11.793019|-5.118474|0.468129|-1.605390|0.091269|-2.622632|-876.958446|-82842335.348552|-40.157703|194576.600712|-0.000005|-399203.299127|-1.189319|-0.024542|10.268716|-0.014032|-8.732663|-19.083334|0.075981|-2.087958|-279.109751
1447|-75384738.737216|-5.029736|-2.622632|-4.600000|-11.435046|-16.162520|-3.495280|-13.537605|3661.000000|-2.622632|-2.122654|-76771249.914330|0.012475|-11.652119|-1.095559|0.100557|-4.600000|-4.000000|-4566340.258624|1.341679|-0.000000|-16.005784|-24.140813|0.102925|0.076433|0.042613|-2100.173276|-0.604871|-2.125105|-9.535332|-5.236428|0.468129|-1.605390|0.050189|-2.622632|-876.031195|-82842335.348552|-35.755723|194576.600712|-0.000005|-399203.299127|-1.222748|-0.023531|10.476962|-0.014167|-8.759531|-19.083334|0.075981|-2.125105|-279.109751
1448|-73828056.125342|-5.010274|-2.622632|-3.600000|-11.435046|-16.162520|-3.495280|-12.636817|3661.000000|-2.622632|-2.122654|-75442475.149472|0.012475|-11.652119|-1.095927|-0.061080|-4.000000|-4.000000|-4250141.215440|1.341679|-0.000000|-18.926578|-25.167046|0.102925|0.076433|0.044223|-1757.688606|-0.600393|-2.143722|-9.022589|-5.341663|0.468129|-1.605390|0.031642|-2.622632|-876.151587|-82842335.348552|-28.200607|194576.600712|-0.000005|-399203.299127|-1.256176|-0.023078|10.689484|-0.014228|-8.786399|-23.083334|0.075981|-2.143722|-279.109751
1449|-66165177.579894|-5.010326|-2.622632|-3.200000|-11.435046|-16.114117|-3.495280|-10.202771|3661.000000|-2.622632|-2.122654|-68345647.530419|0.012475|-11.652119|-1.095937|-0.198964|-9.400000|-4.000000|-3929899.320914|1.341679|-0.000000|-18.879288|-26.063856|0.102925|0.076433|0.045338|-3517.733863|-0.599571|-2.151497|-7.726973|-5.434507|0.468129|-1.605390|0.011418|-2.622632|-875.556223|-82842335.348552|-43.374700|194576.600712|-0.000005|-399203.299127|-1.289605|-0.022787|10.902363|-0.014237|-8.813267|-18.816667|0.075981|-2.151497|-279.109751
1450|-60459145.875798|-4.961866|-2.622632|-3.200000|-11.435046|-16.114117|-3.495280|-10.179334|3661.000000|-2.622632|-2.122654|-62722680.295902|0.012475|-11.652119|-1.095768|-0.218253|-8.200000|-4.000000|-3295840.313026|1.341679|-0.000000|-20.447290|-26.768544|0.102925|0.076433|0.047919|-4018.098074|-0.597968|-2.151036|-6.000802|-5.514817|0.468129|-1.605390|-0.000696|-2.622632|-875.554262|-82842335.348552|-57.992622|194576.600712|-0.000005|-399203.299127|-1.323034|-0.021182|11.109979|-0.014202|-8.840135|-18.566667|0.075981|-2.151036|-279.109751
1451|-49713060.235938|-4.856102|-2.622632|-3.200000|-11.435046|-15.993316|-3.495280|-10.179334|3661.000000|-2.622632|-2.122654|-52486203.502594|0.012475|-11.652119|-1.095684|-0.195824|-5.400000|-4.000000|-2872128.236683|1.341679|-0.000000|-15.320358|-26.915123|0.102925|0.076433|0.049122|-4332.947145|-0.607920|-2.155826|-6.897512|-5.581864|0.468129|-1.605390|-0.008910|-2.622632|-876.070518|-82842335.348552|-70.295676|194576.600712|-0.000005|-399203.299127|-1.356463|-0.023569|11.296591|-0.014101|-8.867003|-18.566667|0.075981|-2.155826|-279.109751
1452|-47958417.123884|-4.722282|-2.622632|-3.200000|-11.435046|-15.693543|-3.495280|-10.179334|3661.000000|-2.622632|-2.122654|-50497992.355700|0.012475|-11.652119|-1.095815|-0.195824|-2.600000|-4.000000|-2447547.880700|1.341679|-0.000000|-15.296639|-26.684062|0.102925|0.076433|0.051806|-3826.395941|-0.612965|-2.167194|-7.073834|-5.634593|0.468129|-1.605390|-0.010562|-2.622632|-876.932065|-82842335.348552|-68.983458|194576.600712|-0.000005|-399203.299127|-1.389892|-0.024779|11.472089|-0.013938|-8.893870|-16.566667|0.075981|-2.167194|-279.109751
1453|-50325112.686822|-4.656588|-2.622632|-3.200000|-11.435046|-15.041368|-3.495280|-10.179334|3661.000000|-2.622632|-2.122654|-53371507.699420|0.012475|-11.652119|-1.095534|-0.195824|-5.600000|-4.000000|-2445265.793614|1.341679|-0.000000|-25.591892|-25.913419|0.102925|0.076433|0.054163|-3160.940543|-0.630339|-2.209756|-7.377615|-5.672335|0.468129|-1.605390|-0.019678|-2.622632|-875.817872|-82842335.348552|-81.621352|194576.600712|-0.000005|-399203.299127|-1.423321|-0.024026|11.637772|-0.013772|-8.920738|-20.450000|0.075981|-2.209756|-279.109751
1454|-48715751.930768|-4.498127|-2.622632|-2.600000|-11.435046|-14.835744|-3.495280|-9.607905|3661.000000|-2.622632|-2.122654|-51735593.362422|0.012475|-11.652119|-1.095394|-0.195824|-1.200000|-4.000000|-2231603.446851|1.341679|-0.000000|-13.682254|-26.069732|0.102925|0.076433|0.056474|-3265.929609|-0.632445|-2.263415|-5.277079|-5.693998|0.468129|-1.605390|-0.024264|-2.622632|-877.234252|-82842335.348552|-85.385121|194576.600712|-0.000005|-399203.299127|-1.449032|-0.027140|11.793262|-0.013602|-8.947606|-18.425000|0.075981|-2.263415|-279.109751
1455|-53561673.189794|-4.447132|-2.622632|-2.000000|-11.435046|-14.835744|-3.495280|-9.607905|3661.000000|-2.622632|-2.122654|-56711234.621580|0.012475|-10.244301|-1.094977|-0.195824|-7.200000|-4.000000|-2228592.969633|1.341679|-0.000000|-15.167717|-26.499635|0.102925|0.076433|0.058334|-2377.245864|-0.637295|-2.319918|-3.723935|-5.699205|0.468129|-1.605390|-0.030075|-2.622632|-874.974145|-82620456.908061|-98.086884|194576.600712|-0.000005|-399203.299127|-1.474744|-0.020643|11.939778|-0.013413|-8.947606|-22.150000|0.075981|-2.319918|-279.109751
1456|-55762035.476894|-4.399921|-2.622632|-0.800000|-11.435046|-14.835744|-3.495280|-9.462326|3661.000000|-2.622632|-2.122654|-58523532.705591|0.012475|-10.244301|-1.095115|-0.195824|0.800000|-4.000000|-2228860.780217|1.341679|-0.000000|-15.588620|-27.094570|0.102925|0.076433|0.058879|-3739.238638|-0.633453|-2.357026|-4.539289|-5.687005|0.468129|-1.605390|-0.032760|-2.622632|-876.793505|-82527868.374491|-85.872331|194576.600712|-0.000005|-399203.299127|-1.500455|-0.016071|12.078588|-0.013199|-8.947606|-19.766667|0.075981|-2.357026|-279.109751
1457|-59457735.486783|-4.348949|-2.622632|0.400000|-11.435046|-14.835744|-3.495280|-9.395610|3661.000000|-2.622632|-2.122654|-61942793.754932|0.012475|-10.244301|-1.095011|-0.113701|-5.200000|-4.000000|-2227451.429678|1.341679|-0.000000|-16.066756|-27.757898|0.102925|0.076433|0.059721|-4294.138763|-0.634438|-2.374689|-4.125016|-5.655475|0.468129|-1.605390|-0.033591|-2.622632|-875.949025|-81951504.082969|-91.564214|194576.600712|-0.000005|-399203.299127|-1.526166|-0.010254|12.209659|-0.012959|-9.477028|-16.716667|0.075981|-2.374689|-279.109751
1458|-70044099.657134|-4.344204|-2.622632|1.000000|-11.435046|-14.646216|-3.495280|-9.395610|3661.000000|-2.622632|-2.122654|-72134237.701891|-0.003531|-10.244301|-1.094959|-0.008434|-3.200000|-4.000000|-2220101.565829|1.341679|-0.000000|-11.930468|-27.916752|0.102925|0.076433|0.059513|-6784.841845|-0.631250|-2.386563|-4.489702|-5.602453|0.468129|-2.153407|-0.034746|-2.622632|-876.481836|-81951504.082969|-106.901812|194576.600712|-0.000005|-399203.299127|-1.551878|-0.004803|12.325946|-0.012683|-10.006451|-16.716667|0.075981|-2.386563|-279.109751
1459|-75318263.703870|-4.269597|-2.622632|1.800000|-11.435046|-14.284263|-3.495280|-9.395610|3661.000000|-2.622632|-2.122654|-76716420.413959|-0.003531|-9.973911|-1.094586|0.143099|-4.600000|-4.000000|-1900128.810855|1.341679|-0.000000|-12.304810|-28.245759|0.102925|0.076433|0.059204|-9719.286737|-0.636201|-2.391287|-4.051535|-5.528274|0.468129|-2.332460|-0.037631|-2.622632|-875.808367|-81951504.082969|-130.271883|194576.600712|-0.000005|-399203.299127|-1.577589|-0.000144|12.431034|-0.012393|-10.535873|-16.716667|0.075981|-2.391287|-279.109751
