859|nan|nan|nan|nan|nan|nan|nan|nan|nan|nan|nan|nan|nan|nan|nan|nan|nan|nan|nan
900|nan|nan|nan|nan|nan|nan|nan|nan|nan|nan|nan|nan|nan|nan|nan|nan|nan|nan|nan
901|nan|nan|nan|nan|nan|nan|nan|nan|nan|nan|nan|nan|nan|nan|nan|nan|nan|nan|nan
902|nan|nan|nan|nan|nan|nan|nan|nan|nan|nan|nan|nan|nan|nan|nan|nan|nan|nan|nan
903|nan|nan|nan|nan|nan|nan|nan|nan|nan|nan|nan|nan|nan|nan|nan|nan|nan|nan|nan
904|nan|nan|nan|nan|nan|nan|nan|nan|nan|nan|nan|nan|nan|nan|nan|nan|nan|nan|nan
905|nan|nan|nan|nan|nan|nan|nan|nan|nan|nan|nan|nan|nan|nan|nan|nan|nan|nan|nan
906|nan|nan|nan|nan|nan|nan|nan|nan|nan|nan|nan|nan|nan|nan|nan|nan|nan|nan|nan
907|nan|nan|nan|nan|nan|nan|nan|nan|nan|nan|nan|nan|nan|nan|nan|nan|nan|nan|nan
908|nan|nan|nan|nan|nan|nan|nan|nan|nan|nan|nan|nan|nan|nan|nan|nan|nan|nan|nan
909|nan|nan|nan|nan|nan|nan|nan|nan|nan|nan|nan|nan|nan|nan|nan|nan|nan|nan|nan
910|nan|nan|nan|nan|nan|nan|nan|nan|nan|nan|nan|nan|nan|nan|nan|nan|nan|nan|nan
911|nan|nan|nan|nan|nan|nan|nan|nan|nan|nan|nan|nan|nan|nan|nan|nan|nan|nan|nan
912|nan|nan|nan|nan|nan|nan|nan|nan|nan|nan|nan|nan|nan|nan|nan|nan|nan|nan|nan
913|nan|nan|nan|nan|nan|nan|nan|nan|nan|nan|nan|nan|nan|nan|nan|nan|nan|nan|nan
914|nan|nan|nan|nan|nan|nan|nan|nan|nan|nan|nan|nan|nan|nan|nan|nan|nan|nan|nan
915|nan|nan|nan|nan|nan|nan|nan|nan|nan|nan|nan|nan|nan|nan|nan|nan|nan|nan|nan
916|nan|nan|nan|nan|nan|nan|nan|nan|nan|nan|nan|nan|nan|nan|nan|nan|nan|nan|nan
917|nan|nan|nan|nan|nan|nan|nan|nan|nan|nan|nan|nan|nan|nan|nan|nan|nan|nan|nan
918|nan|nan|nan|nan|nan|nan|nan|nan|nan|nan|nan|nan|nan|nan|nan|nan|nan|nan|nan
919|nan|nan|nan|nan|nan|nan|nan|nan|nan|nan|nan|nan|nan|nan|nan|nan|nan|nan|nan
920|nan|nan|nan|nan|nan|nan|nan|nan|nan|nan|nan|nan|nan|nan|nan|nan|nan|nan|nan
921|nan|nan|nan|nan|nan|nan|nan|nan|nan|nan|nan|nan|nan|nan|nan|nan|nan|nan|nan
922|nan|nan|nan|nan|nan|nan|nan|nan|nan|nan|nan|nan|nan|nan|nan|nan|nan|nan|nan
923|nan|nan|nan|nan|nan|nan|nan|nan|nan|nan|nan|nan|nan|nan|nan|nan|nan|nan|nan
924|nan|nan|nan|nan|nan|nan|nan|nan|nan|nan|nan|nan|nan|106.616151|nan|65.521614|nan|nan|nan
925|nan|nan|nan|nan|nan|nan|nan|nan|nan|nan|nan|nan|nan|94.821214|nan|51.246163|nan|nan|nan
926|nan|nan|nan|nan|nan|nan|nan|nan|nan|nan|nan|nan|nan|103.244337|nan|51.504092|nan|nan|nan
927|nan|nan|nan|nan|nan|nan|nan|nan|nan|nan|nan|nan|nan|106.934423|nan|51.662910|nan|nan|nan
928|nan|nan|nan|nan|nan|nan|nan|nan|nan|nan|nan|nan|nan|130.867049|47.900923|52.203975|nan|nan|nan
929|nan|nan|nan|nan|nan|nan|nan|nan|nan|nan|nan|nan|nan|131.016275|47.900923|52.575658|nan|nan|nan
930|nan|nan|nan|nan|nan|nan|nan|nan|nan|nan|nan|nan|nan|119.437963|47.900923|52.502952|nan|nan|nan
931|nan|nan|nan|nan|nan|nan|nan|nan|nan|nan|nan|nan|nan|123.700711|47.900923|52.699395|nan|nan|nan
932|nan|nan|nan|nan|nan|nan|nan|nan|nan|nan|nan|nan|nan|103.265782|47.900923|52.334504|nan|nan|nan
933|nan|nan|nan|nan|60.191324|nan|nan|nan|nan|nan|nan|nan|nan|83.667341|47.900923|51.843186|nan|nan|nan
934|nan|nan|nan|nan|59.739899|nan|nan|nan|nan|nan|nan|nan|nan|86.695097|47.900923|51.566627|nan|nan|nan
935|nan|nan|nan|nan|59.868893|nan|nan|nan|nan|38.679407|nan|nan|nan|81.642379|47.900923|51.153389|nan|nan|nan
936|nan|nan|nan|nan|58.546444|nan|nan|nan|nan|47.262041|nan|nan|nan|97.824486|42.267661|45.620409|nan|nan|nan
937|nan|nan|nan|nan|57.872063|nan|nan|nan|nan|49.085431|nan|nan|nan|104.995985|42.267661|45.659058|nan|nan|nan
938|nan|nan|nan|nan|57.461635|nan|nan|nan|nan|72.907098|nan|nan|nan|119.699517|42.267661|45.956803|nan|nan|nan
939|nan|nan|nan|nan|58.564546|nan|nan|nan|nan|78.411319|nan|nan|nan|124.260570|42.267661|45.991857|nan|nan|nan
940|nan|nan|nan|nan|58.845841|nan|nan|nan|nan|54.143808|nan|nan|nan|112.247198|42.267661|45.975162|nan|nan|nan
941|nan|nan|nan|nan|58.599756|nan|nan|nan|nan|31.086789|nan|nan|nan|83.885971|42.267661|45.610555|nan|nan|nan
942|nan|nan|nan|nan|58.055579|nan|nan|nan|nan|55.850582|nan|nan|nan|114.551962|42.267661|45.901597|nan|nan|nan
943|nan|31.724844|nan|nan|59.402366|nan|nan|nan|nan|68.558143|nan|nan|nan|153.500704|42.267661|46.701299|0.015111|nan|nan
944|nan|36.007277|nan|nan|61.641585|nan|nan|nan|nan|72.752170|nan|nan|nan|156.939807|42.267661|46.965757|0.015476|nan|nan
945|nan|40.234460|nan|nan|63.680697|nan|nan|nan|nan|60.651396|nan|nan|nan|172.639667|42.267661|47.732101|0.017452|nan|nan
946|nan|44.456994|nan|nan|65.936810|nan|nan|nan|nan|74.467583|nan|nan|nan|183.729150|42.267661|48.265999|0.018744|nan|nan
947|nan|50.217123|nan|nan|69.335978|nan|nan|nan|nan|98.033401|nan|nan|nan|220.019657|42.267661|49.227405|0.023478|nan|nan
948|nan|52.247668|nan|99.565760|71.832020|nan|nan|nan|nan|76.183201|nan|nan|nan|178.169824|42.267661|48.972886|0.016980|nan|nan
949|nan|53.301985|nan|nan|73.699015|nan|nan|nan|nan|65.656577|nan|nan|nan|171.335047|42.267661|48.848584|0.015513|nan|nan
950|nan|51.455149|nan|41.508457|74.495245|nan|nan|nan|nan|34.864668|nan|nan|nan|126.956780|42.267661|48.058231|0.008748|nan|nan
951|nan|50.450769|nan|54.345358|75.188213|nan|nan|nan|nan|38.366919|nan|nan|nan|143.095886|42.267661|54.108512|0.010505|nan|nan
952|nan|49.492226|nan|nan|75.901788|nan|nan|nan|nan|45.266854|nan|nan|nan|146.238786|42.267661|53.867442|0.010455|nan|nan
953|nan|48.322313|nan|45.362630|76.514217|nan|87.444903|nan|nan|53.107680|nan|nan|nan|141.332622|42.267661|53.462283|0.009356|nan|nan
954|nan|47.141484|nan|42.093412|76.984859|nan|99.494398|nan|nan|49.935716|nan|nan|nan|140.901986|42.267661|53.087603|0.008892|nan|nan
955|nan|45.720885|nan|nan|77.184179|nan|77.288901|nan|nan|57.901517|nan|nan|nan|135.936999|42.267661|52.741163|0.007793|nan|nan
956|nan|44.140063|nan|nan|77.150820|nan|77.116765|nan|nan|50.933205|nan|nan|nan|131.723714|42.267661|52.420879|0.006768|nan|nan
957|nan|42.957074|nan|nan|77.253768|nan|84.862869|nan|nan|66.819414|nan|nan|nan|137.379794|42.267661|78.355227|0.007426|nan|nan
958|nan|41.077670|nan|10.602884|76.917878|nan|84.174326|nan|nan|24.141593|nan|nan|nan|116.920049|42.267661|67.285070|0.003831|nan|nan
959|nan|38.814640|nan|-5.284777|76.738625|51.808113|65.927949|-0.034337|nan|6.185844|nan|nan|nan|99.981903|42.267661|56.461593|-0.000806|nan|nan
1000|nan|36.242005|nan|-21.119980|76.701049|49.664790|37.009162|-0.057301|nan|-16.989033|nan|nan|nan|83.270380|42.267661|45.912374|-0.005352|nan|nan
1001|nan|33.679252|nan|nan|76.444500|47.496439|33.566449|-0.108169|nan|-20.165276|nan|-53.927681|nan|76.130194|37.508451|39.054468|-0.007217|nan|nan
1002|nan|31.692277|nan|-15.939863|76.045898|45.784757|22.377633|-0.122699|nan|-6.634366|nan|-55.830873|nan|85.662768|37.508451|38.808165|-0.005704|nan|nan
1003|nan|30.189275|nan|-5.094063|75.382355|44.492492|13.082308|-0.119743|nan|0.089765|nan|-57.976952|nan|95.495750|37.508451|38.754251|-0.004167|nan|nan
1004|nan|29.212108|nan|9.413898|74.843651|43.730449|30.295872|-0.077357|nan|9.074204|nan|-59.632110|nan|109.207778|37.508451|39.005090|-0.002069|nan|nan
1005|nan|28.086927|nan|1.650931|74.218912|42.778894|18.074242|-0.062005|nan|1.613778|nan|-61.117798|nan|101.127433|37.508451|39.029454|-0.003045|nan|nan
1006|nan|26.728478|nan|-10.221849|73.751952|41.544995|21.516954|-0.063586|nan|-2.911458|nan|-63.031918|nan|88.283060|37.508451|38.876637|-0.004727|nan|nan
1007|nan|25.440838|nan|nan|73.422812|40.331406|26.336752|-0.086327|nan|-13.297171|nan|-64.365005|nan|84.739145|37.508451|38.741086|-0.004995|nan|nan
1008|nan|24.235179|nan|nan|73.481239|39.173919|40.451875|-0.050420|nan|0.220508|nan|-65.125380|nan|81.263916|37.508451|38.620624|-0.005020|nan|nan
1009|nan|22.907742|nan|-20.365042|73.732084|37.845670|37.525569|-0.002330|nan|5.598054|nan|-66.175887|nan|69.395371|37.508451|38.359528|-0.006166|nan|nan
1010|nan|21.205431|nan|-39.380380|73.750650|36.077023|6.369019|-0.010285|nan|-17.900583|nan|-67.604083|nan|46.446956|37.508451|37.837830|-0.010865|nan|nan
1011|nan|19.726049|nan|nan|74.144825|34.526014|-18.418513|-0.007974|nan|-2.237120|nan|-69.381389|nan|44.922444|37.508451|37.580299|-0.010451|nan|nan
1012|nan|18.438721|nan|nan|74.484597|33.149816|17.041428|-0.006666|nan|-1.410344|nan|-71.159031|nan|44.154728|37.508451|37.378300|-0.009793|nan|nan
1013|nan|17.695652|nan|-11.544046|74.751876|32.339128|74.534731|0.011165|nan|27.792215|nan|-72.819523|nan|57.870388|37.508451|37.529758|-0.007013|nan|nan
1014|nan|17.024881|nan|-10.245517|74.476810|31.546220|79.354528|0.013698|nan|16.213311|nan|-74.557361|nan|54.808048|37.508451|37.493958|-0.006696|nan|nan
1030|nan|16.596032|nan|-0.511083|73.855070|31.064374|102.076433|0.011383|nan|20.401204|nan|-75.755952|nan|58.020069|37.508451|37.773860|-0.005451|nan|nan
1031|nan|16.362558|nan|nan|73.742629|30.756869|120.322810|-0.016664|nan|9.770844|nan|-75.906103|nan|62.084145|37.508451|42.477355|-0.004159|nan|nan
1032|nan|15.914327|nan|-3.793410|74.299665|30.126906|142.011900|-0.014932|nan|26.278715|nan|-77.244476|nan|44.248380|37.508451|42.332276|-0.005817|nan|nan
1033|14.340184|15.380871|nan|nan|73.471017|29.397340|88.994125|-0.010410|nan|10.168130|nan|-79.848375|nan|31.531000|37.508451|42.214986|-0.006842|nan|nan
1034|7.216064|14.743264|nan|-18.203908|72.319150|28.524414|71.780560|-0.012144|nan|-10.210217|nan|-82.723374|nan|18.991223|37.508451|41.966942|-0.007818|nan|nan
1035|21.062495|14.455602|nan|nan|71.084474|27.991209|38.041976|-0.010439|nan|-2.537034|nan|-85.587711|nan|27.779860|37.508451|41.927400|-0.005842|nan|nan
1036|9.374362|13.876495|nan|-15.787160|69.741772|27.230264|38.902654|-0.011832|nan|-20.562791|nan|-89.009713|nan|10.592421|37.508451|41.743486|-0.007477|nan|nan
1037|27.526623|13.525286|nan|3.402000|67.042987|26.920378|56.804760|-0.015788|nan|-12.193226|nan|-92.827456|nan|25.482637|37.508451|41.910523|-0.004891|nan|nan
1038|15.254834|12.623699|nan|-9.255867|65.314979|26.070581|37.009162|-0.016787|nan|-24.189942|nan|-95.662904|nan|9.790107|37.508451|41.734315|-0.006599|nan|nan
1039|7.026868|11.419800|nan|-17.524379|63.688078|24.845306|25.820346|-0.022062|nan|-20.643651|nan|-98.439505|nan|0.040345|37.508451|41.599787|-0.007721|nan|nan
1040|10.978467|10.536723|nan|nan|62.903678|23.942912|22.377633|-0.022062|nan|-14.524876|nan|-99.701635|nan|2.712213|37.508451|41.499406|-0.007111|nan|nan
1041|14.567865|10.224780|nan|-7.915192|61.690404|23.051941|19.107055|-0.025690|nan|-1.465873|nan|-101.252616|nan|5.247017|37.508451|41.580731|-0.006550|nan|nan
1042|14.365969|9.352933|nan|nan|60.421151|22.108308|23.926854|-0.025690|nan|-24.862026|nan|-102.790096|nan|3.704682|37.508451|41.649171|-0.006526|nan|nan
1043|27.043252|8.079847|nan|5.313546|58.991485|21.091715|15.836478|-0.025690|nan|-12.388052|nan|-103.789460|nan|15.265311|37.508451|41.860583|-0.004672|nan|-72.605240
1044|23.337175|6.550678|nan|0.678925|58.133616|19.985416|-3.614848|-0.024613|nan|-8.516962|nan|-104.793493|nan|10.382899|37.508451|41.873472|-0.005135|nan|-72.911878
1045|3.091249|4.492307|nan|-18.761919|58.089620|18.655346|-39.246925|-0.027686|nan|-6.634422|nan|-106.117868|nan|-11.571252|37.508451|44.228499|-0.007941|nan|-73.479533
1046|16.407358|2.549625|nan|-4.317405|57.212016|17.634089|-31.845093|-0.017894|nan|-9.565499|-2.578915|-106.849948|nan|1.841045|41.996465|44.309824|-0.005989|nan|-73.837008
1047|29.247733|0.269812|nan|nan|56.579134|17.192884|-7.918239|-0.015471|nan|9.415115|10.399016|-107.357228|nan|15.242208|41.996465|44.377342|-0.004111|nan|-74.014867
1048|25.093416|-1.347587|nan|nan|56.269380|17.019150|-0.860678|-0.013565|nan|-2.132980|6.097520|-107.412433|nan|11.434567|41.996465|44.433277|-0.004648|nan|-74.259840
1049|45.615841|-2.294589|nan|25.872358|55.393711|17.310891|34.771399|0.005788|nan|9.963045|26.100160|-106.458596|nan|33.573980|25.648210|25.941589|-0.001695|nan|-74.291539
1050|35.537033|-2.633867|nan|15.075940|55.663861|17.381356|18.074242|0.010037|nan|6.738203|15.748027|-105.377785|nan|24.223250|25.648210|26.027022|-0.003086|nan|-74.433518
1051|17.532207|-3.449245|2392.432686|-2.599975|56.192877|16.834606|-11.533088|0.012472|14.026224|-6.703015|-2.147161|-104.635394|13.546508|7.154280|25.648210|25.935421|-0.005599|nan|-74.843976
1052|8.465547|-4.421478|2360.570506|-11.384717|56.929917|15.975666|-22.205497|0.023269|6.207591|-7.422409|-11.018854|-104.512145|3.807591|-1.163636|25.648210|25.706630|-0.006843|nan|-75.464486
1053|4.528361|-5.312934|2300.647380|-14.957585|58.021472|14.775507|-25.992481|0.005761|7.633592|-6.497315|-14.758866|-104.768906|0.192742|-4.317484|25.648210|25.373392|-0.007355|nan|-76.051044
1054|17.298723|-5.870167|2261.922254|-0.993709|57.693234|13.892222|-21.000547|-0.013898|12.074768|-5.121616|-1.682836|-105.073436|13.275051|9.901242|25.648210|25.577902|-0.005501|nan|-76.455326
1055|21.636914|-6.232308|2241.897160|2.738106|58.101101|13.215984|-35.632076|-0.010499|17.843280|-16.848954|3.188343|-105.010685|17.362713|15.609260|25.648210|25.584624|-0.004842|nan|-76.734659
1056|22.036276|-6.412894|2217.283109|3.516332|58.694090|13.011483|-32.017229|-0.011694|13.571822|2.998471|4.091336|-104.594097|13.091255|16.593230|25.648210|25.590626|-0.004745|nan|-76.999527
1057|21.914732|-6.734285|2221.857566|4.948105|58.563262|12.349209|-27.197430|-0.007637|18.543108|2.985001|4.476777|-104.139079|13.263391|17.660794|25.648210|25.749842|-0.004720|nan|-77.301901
1058|25.549418|-6.610149|2213.268872|nan|58.282709|11.109234|-3.614848|-0.009115|29.542228|-0.282859|8.480532|-103.575140|17.222511|22.715342|25.648210|25.872997|-0.004159|nan|-77.574542
1059|28.659362|-6.124603|2181.677574|nan|57.921423|9.872332|2.065627|-0.005056|27.864656|14.619376|11.997270|-102.696093|20.665223|26.461013|25.648210|25.966529|-0.003671|nan|-77.805037
1100|11.412015|-5.708749|2138.950874|-5.477257|58.294158|8.002914|-6.024747|-0.008331|22.356214|-1.390793|-4.917906|-101.731453|3.795931|9.329429|25.648210|25.728125|-0.006062|nan|-78.164367
1101|-9.841838|-5.542411|2092.915089|-26.322735|58.819165|5.538566|-17.729970|-0.021114|5.128086|-6.779796|-25.920626|-101.452159|-17.032481|-11.661274|25.648210|25.233277|-0.009014|nan|-78.764364
1102|-21.338895|-5.788658|2064.778157|-36.404102|57.829499|2.422513|-40.451875|-0.040064|0.111688|-31.769220|-37.020635|-101.624278|-28.049162|-22.165247|25.490838|24.848153|-0.010576|nan|-79.450258
1103|-36.990713|-6.549572|2043.524785|-52.400259|57.176456|-0.326887|-62.829507|-0.090723|-20.955964|-33.088708|-52.357525|-102.789524|-43.197098|-37.717142|25.490838|24.216332|-0.014838|nan|-80.274578
1104|-72.994620|-8.216638|2023.228205|-87.941017|55.487477|-3.608431|-105.174874|-0.157069|-48.655054|-60.103061|-88.068353|-104.986300|-78.657039|-73.039374|4.049628|1.835172|-0.024947|nan|-81.454160
1105|-65.965589|-9.558119|2004.581342|-79.372379|54.457386|-5.837158|-83.657919|-0.218008|-51.401370|-54.651404|-80.864938|-107.239781|-71.083071|-65.161031|3.290262|0.521697|-0.023876|nan|-82.508920
1106|-63.082367|-10.643339|1990.471364|nan|53.262977|-8.157748|-91.748294|-0.265585|-42.678374|-56.734882|-77.807031|-109.603012|-62.200358|-61.374046|3.290262|0.121666|-0.023390|nan|-83.500294
1107|-51.940187|-11.450977|1981.105411|nan|51.653548|-10.173248|-61.796694|-0.299581|-33.373434|-40.810078|-66.508095|-111.308171|-50.495135|-49.324552|3.290262|0.000560|-0.021732|nan|-84.366899
1108|-53.019604|-12.293119|1951.357233|nan|50.596086|-12.090998|-74.362595|-0.332159|-34.609275|-30.404051|-67.379834|-112.783310|-51.011542|-49.641990|3.290262|-0.208946|-0.021807|nan|-85.523122
1109|-29.293120|-12.492887|1898.494067|-40.919296|49.200195|-13.348929|-58.009709|-0.341323|-16.739283|-12.750999|-43.331371|-113.402447|-26.740417|-25.596668|3.290262|0.130365|-0.018367|nan|-86.625258
1110|-27.931243|-12.393907|1834.813524|-39.909296|48.167628|-14.502360|-51.812826|-0.355875|-13.406074|-15.119544|-41.659697|-114.408111|-24.846925|-24.928782|3.290262|0.278938|-0.018099|nan|-87.569911
1111|-34.301995|-12.431064|1755.139897|nan|46.810952|-15.625440|-53.706319|-0.370197|-20.138120|-37.878456|-47.748313|-115.251228|-30.699537|-32.280999|3.290262|0.430620|-0.018930|nan|-88.616694
1112|-27.404557|-12.415547|1637.038559|nan|46.105788|-16.697871|-46.132350|-0.372102|-13.536287|-17.116948|-40.648385|-116.392913|-23.617704|-26.898013|3.290262|0.582936|-0.017882|nan|-89.585532
1113|-12.565721|-12.438124|1529.530944|-21.715845|45.072047|-17.105117|-17.729971|-0.365433|-3.656499|-23.744299|-25.613216|-116.734185|-11.657633|-12.733985|3.290262|0.887790|-0.015710|nan|-90.627010
1114|-1.483158|-12.349077|1427.881877|-10.178037|44.343522|-17.006398|-9.467460|-0.365791|2.437154|-20.800947|-14.290997|-116.512272|-3.404545|-2.577274|3.290262|1.308179|-0.014075|nan|-91.473476
1115|0.680625|-12.351084|1340.920712|nan|43.562866|-16.622499|-26.681024|-0.360779|1.178622|-5.737511|-11.819121|-116.328268|-4.422511|-1.556214|3.290262|1.659986|-0.013709|nan|-92.128351
1116|-1.950700|-12.600512|1224.117256|nan|43.321940|-16.244943|-15.147936|-0.365498|-0.259140|-12.225561|-14.244544|-116.324415|-7.540274|-5.150405|3.290262|1.800218|-0.014027|nan|-92.860479
1117|-0.604623|-12.633778|1116.937908|nan|43.135326|-16.025027|-0.172135|-0.365185|2.021934|-13.693203|-12.749473|-116.261289|-5.818917|-4.694568|3.290262|1.927381|-0.013784|nan|-93.330578
1118|0.582193|-12.491511|1027.624743|nan|43.203723|-15.968310|-2.409899|-0.367149|4.530870|-18.580707|-11.472681|-116.523959|-4.269697|-4.369556|3.290262|2.042833|-0.013564|nan|-93.566261
1119|-5.976877|-12.384017|924.363436|-14.102680|42.883588|-16.324081|12.221630|-0.394085|3.055120|-17.292849|-18.052405|-116.868371|-10.466580|-11.881555|3.290262|1.993925|-0.014445|nan|-93.897575
1120|-7.882696|-12.565029|825.840684|nan|41.931711|-16.587576|0.860679|-0.404802|-1.694383|-4.586514|-19.918546|-116.691782|-12.015800|-15.018619|3.290262|5.413778|-0.014665|nan|-94.148888
1121|-13.741502|-12.652627|721.760580|-21.181344|42.132775|-16.796844|-22.377633|-0.413828|-8.242440|-4.033384|-25.833692|-117.055668|-17.524141|-21.932985|3.290262|8.629579|-0.015448|nan|-94.631626
1122|-27.519614|-13.295757|632.604523|-34.249093|42.110997|-17.294435|-44.583129|-0.415375|-18.388170|-17.887187|-39.691052|-118.176082|-30.950720|-36.765590|3.290262|15.305482|-0.017356|nan|-95.303730
1123|-28.042879|-13.704209|560.585879|-34.414609|42.199436|-17.758991|-48.370114|-0.424715|-19.360306|-7.924523|-40.247367|-119.190766|-31.362856|-38.343751|3.290262|15.005903|-0.017382|nan|-96.127693
1124|-19.950406|-13.769216|482.845677|-24.972590|43.115423|-17.864732|-26.853159|-0.433138|-15.725943|-0.311555|-32.256110|-120.506373|-25.328210|-30.740843|3.290262|19.325854|-0.016186|nan|-96.878718
1125|-16.833803|-13.871429|430.842784|nan|43.255084|-17.577796|-18.762784|-0.443797|-17.323796|-7.227933|-29.227999|-121.451600|-26.525497|-28.217143|3.290262|19.309996|-0.015699|nan|-97.517718
1126|-6.300494|-13.797220|402.453236|-10.691608|43.183338|-17.092965|-7.229697|-0.450496|-7.440101|-4.393998|-18.754070|-121.599966|-15.680952|-17.955392|3.290262|26.880000|-0.014160|nan|-97.743642
1127|-17.277262|-13.959574|364.790870|-22.781174|43.023250|-16.974240|-17.729970|-0.466931|-15.071659|-11.602408|-29.828417|-121.807216|-26.353361|-29.385197|3.290262|33.715119|-0.015676|nan|-98.476756
1128|-11.897623|-14.214753|331.281744|-15.765595|42.131134|-17.014082|-8.090374|-0.493710|-8.192317|-2.788996|-24.506312|-121.761710|-20.672885|-24.746415|3.290262|36.976812|-0.014870|nan|-99.594157
1129|-8.231975|-14.383183|275.426321|nan|42.567997|-17.019914|-0.688543|-0.469595|-6.794050|-9.813968|-20.996426|-122.021305|-16.713766|-21.076610|3.290262|39.633007|-0.014307|nan|-100.765251
1330|36.766646|-13.300833|197.847771|32.991501|41.648234|-16.087027|27.713838|-0.451954|29.916203|-17.763760|23.980761|-121.158814|28.557907|26.241970|3.290262|31.779331|-0.007879|nan|-101.627654
1331|96.431354|-11.362173|104.624295|92.866248|42.370767|-14.099332|66.788627|-0.381003|79.417984|28.116741|83.896444|-118.654529|88.461108|89.304873|3.290262|33.347241|0.000626|nan|-101.939059
1332|112.579383|-9.484441|14.895473|108.391718|44.737164|-11.811593|72.124832|-0.312590|92.811439|39.239763|100.332863|-115.709643|104.813994|109.281100|3.290262|34.412480|0.002947|nan|-102.426208
1333|90.180501|-7.983884|-58.279363|88.063261|46.374709|-9.858048|35.115670|-0.233424|70.149928|11.279952|78.735497|-113.508401|82.952768|91.388454|3.290262|35.226341|-0.000156|nan|-102.657797
1334|90.019273|-6.809107|-89.734366|nan|47.937667|-7.864007|0.000000|-0.120146|67.535053|10.425189|79.493081|-111.395805|81.537039|96.304648|3.290262|35.834227|-0.000107|nan|-102.741648
1335|106.236853|-5.183339|-166.008400|nan|48.897768|-5.785241|24.271125|-0.012721|81.351358|27.303299|96.823099|-108.328197|98.234196|118.335435|6.732975|36.581732|0.002262|nan|-102.801424
1336|92.357321|-3.542007|-277.044850|90.547873|49.910910|-3.929794|14.287258|0.070877|69.365345|28.632854|84.140512|-105.078653|84.807616|110.683153|10.104865|36.814057|0.000357|nan|-102.886471
1337|91.402530|-1.734704|-386.494595|91.044169|52.103979|-2.382333|25.476074|0.145231|70.288654|24.236726|84.341094|-101.533732|84.291209|116.111442|17.192916|37.102783|0.000283|nan|-102.986780
1338|128.024582|0.804357|-462.136699|127.501181|54.587904|0.202268|61.968829|0.236196|93.376682|48.945567|122.312053|-96.559953|121.300371|159.291596|17.192916|38.047529|0.005533|nan|-103.075338
1339|150.928523|3.534571|-482.983912|151.289056|58.788799|3.260999|109.478265|0.326008|114.854994|79.934635|146.635484|-89.972178|144.538682|188.901749|21.567130|38.878104|0.008827|nan|-103.180105
1340|156.153386|6.182930|-522.371736|156.747915|63.163352|6.297110|116.880097|0.428251|118.683050|121.442218|153.350392|-83.504519|150.047022|200.948828|21.567130|39.609675|0.009607|nan|-103.285734
1341|135.938697|8.373986|-535.958956|135.532088|67.187015|8.731070|91.059751|0.501015|104.715599|121.223656|134.565149|-77.732997|130.079288|187.506676|28.968963|39.793721|0.006775|nan|-103.380269
1342|120.404714|10.326192|-538.194350|nan|70.714609|10.848372|83.141513|0.564711|89.795528|99.271360|120.445049|-72.772989|114.759217|178.762186|32.877907|39.855630|0.004602|nan|-103.471187
1343|113.510583|12.059024|-470.830393|nan|73.851315|12.587778|91.748294|0.617486|85.402238|91.675886|114.882592|-68.013781|108.045927|178.583165|32.877907|39.821408|0.003650|nan|-103.562104
1344|106.308452|13.581279|-431.358053|nan|76.848929|14.225498|96.223821|0.658777|77.304392|89.923128|108.836795|-64.147499|100.988366|178.059872|32.877907|39.712506|0.002649|nan|-103.653021
1345|94.842095|15.154841|-392.038358|nan|79.249611|15.973582|87.444903|0.695813|62.903440|73.655942|98.447945|-60.660583|89.627414|173.283189|32.877907|99.449765|0.001039|nan|-103.778907
1346|95.629628|17.124925|-304.037268|96.882357|81.706242|17.538106|86.067818|0.733636|66.723549|68.224044|100.345720|-56.980671|91.048092|180.728136|32.877907|111.270896|0.001161|nan|-103.905579
1347|70.606958|18.858254|-187.008452|71.397232|83.693020|18.274877|62.829508|0.751673|48.564164|54.316106|76.369179|-54.208954|66.088425|162.202738|32.877907|102.639876|-0.002375|nan|-104.061348
1348|70.900575|20.866195|-55.283520|72.272128|85.210688|19.201790|64.722999|0.773127|45.867866|55.458221|77.724306|-51.847275|66.432696|169.181278|32.877907|92.765473|-0.002326|nan|-104.217116
1349|58.620417|23.230623|62.867345|59.090514|86.446036|19.516085|46.304486|0.790664|42.526806|49.827274|66.467587|-50.172949|54.211066|163.543916|32.877907|85.150408|-0.003044|nan|-104.405956
1350|58.911734|25.514060|159.536940|60.715881|87.472742|20.061853|45.099537|0.810796|37.670793|52.571545|67.723357|-48.538052|54.555337|169.623747|32.877907|80.277093|-0.002567|nan|-104.564857
1351|50.961457|27.552262|272.229257|nan|88.196655|20.770088|31.672957|0.833342|28.952839|38.101834|60.802405|-47.039985|46.637098|166.828264|32.877907|72.127346|-0.002204|nan|-104.708408
1352|46.654476|29.281504|395.178165|48.496457|88.591298|21.609173|13.942987|0.860431|21.768593|38.316301|57.622348|-45.709114|42.333707|167.429098|32.877907|62.738159|-0.002812|nan|-104.839875
1353|38.251503|30.808081|523.285665|38.774350|88.841772|22.306591|5.336205|0.884556|14.454517|26.440972|50.342720|-44.646462|33.899061|163.776362|32.877907|59.024850|-0.001189|nan|-104.955871
1354|34.164776|31.874197|659.415674|35.932679|88.748213|22.778833|9.639595|0.902552|15.282977|22.493049|47.493156|-43.491546|29.767805|163.962268|32.877907|50.301596|-0.001773|nan|-105.025092
1355|40.083074|32.962148|756.499290|41.793286|88.701430|23.323342|18.934920|0.929408|18.177015|30.873467|54.659475|-42.102606|36.740417|172.682036|32.877907|50.309925|-0.000945|nan|-105.052911
1356|23.285910|33.830687|842.076940|23.928403|88.532919|23.455289|12.910173|0.950441|6.349709|34.266503|39.031828|-41.023005|19.871125|154.765322|32.877907|49.841108|-0.002288|nan|-105.058212
1357|16.140519|34.453377|898.038225|nan|88.177166|23.478057|-4.991933|0.971183|2.479729|31.485184|33.089378|-39.763919|12.641428|145.502918|32.877907|48.129753|-0.002679|nan|-105.058594
1358|0.236753|34.475641|962.157929|0.452064|87.631615|23.128185|-15.320071|0.990967|-10.088602|27.712381|18.302400|-38.971288|-3.367186|127.622867|32.877907|40.758565|-0.004944|nan|-105.057831
1359|-6.703722|34.190907|1030.712213|nan|86.913027|22.629093|-18.418513|0.959177|-15.786163|17.197470|12.487891|-38.613591|-10.424747|118.557505|30.338889|33.307016|-0.005942|nan|-105.056508
1400|-12.578092|33.765910|1096.805102|-12.656914|86.325744|22.280795|20.828412|0.938273|-22.530061|16.430768|7.487121|-38.523518|-16.449495|109.975903|30.338889|32.810314|-0.006794|nan|-105.044843
1401|-26.847460|33.105238|1153.822049|-27.109974|85.943147|22.018297|66.272220|0.891974|-37.549738|12.848099|-6.259073|-39.132296|-32.188888|92.954188|30.338889|32.239264|-0.008839|nan|-105.020590
1402|-44.520495|32.093456|1215.381624|-44.710313|85.127037|21.629011|64.723000|0.860216|-50.491277|-7.181922|-23.520114|-39.941533|-50.090994|72.471228|30.338889|31.616900|-0.012106|nan|-104.980558
1403|-30.823170|31.377840|1304.249860|-30.651244|84.494181|21.874450|56.288353|0.838984|-46.023850|7.500036|-9.461279|-40.483714|-41.144415|82.573209|30.338889|31.423362|-0.010207|nan|-104.895245
1404|-20.508628|30.959912|1371.100106|nan|84.162413|22.899759|66.616491|0.792239|-40.919700|36.720398|1.149974|-40.828446|-37.240548|87.552945|30.338889|31.259362|-0.008794|nan|-104.788264
1405|-18.249287|30.661156|1424.563617|nan|84.530303|23.850350|85.207140|0.741883|-35.585926|45.279843|3.382974|-42.366355|-35.347056|83.993630|30.338889|31.120374|-0.008527|nan|-104.649541
1406|4.197621|30.938914|1439.005327|3.227148|82.877960|25.237322|93.813922|0.725105|-16.033694|44.363071|25.525507|-44.966892|-13.313694|100.749282|30.338889|31.310259|-0.005410|nan|-104.562419
1407|-11.711264|31.074448|1442.887110|-14.090993|80.508039|26.041105|76.944629|0.687930|-25.106015|15.881465|9.137457|-48.446565|-29.666580|78.125511|30.338889|31.139384|-0.007723|nan|-104.478915
1408|-10.375853|31.318985|1430.150076|nan|78.782551|26.883625|114.814470|0.629668|-25.125336|15.933811|9.662051|-51.229002|-28.805901|72.858161|30.338889|30.996446|-0.007601|nan|-103.699217
1409|-9.031687|31.456021|1391.276920|nan|77.058240|27.349873|138.913459|0.555151|-17.704658|16.977823|9.922481|-53.964647|-27.945223|67.590810|30.338889|30.877021|-0.007479|nan|-103.206413
1410|-7.845387|31.552822|1345.551293|nan|75.280766|27.808182|145.110341|0.479281|-18.616116|13.083318|9.820593|-57.130905|-27.256681|62.151324|30.338889|30.777373|-0.007382|nan|-102.711903
1411|-14.567587|31.325994|1322.348835|-18.885292|73.661248|28.199590|117.912911|0.420928|-23.525246|-0.864767|1.792662|-60.086280|-34.486377|48.793599|30.338889|30.540507|-0.008404|nan|-101.683134
1412|-13.359565|31.294418|1317.804970|-16.875393|71.853563|28.553621|103.281382|0.382842|-24.597835|2.660022|1.708273|-63.003114|-33.797835|43.211255|30.338889|30.506959|-0.008307|nan|-100.371828
1413|-7.674696|31.276782|1300.087431|nan|69.560458|28.744861|101.732161|0.337762|-17.193201|-1.265604|5.943361|-66.810890|-28.633766|42.675867|30.338889|30.478767|-0.007576|nan|-98.933969
1414|-2.339254|31.274558|1319.186508|-6.964519|66.181046|28.883939|99.494398|0.304973|-11.973968|-10.945396|9.843702|-71.117727|-21.813968|41.224779|30.338889|31.767784|-0.006894|nan|-97.637646
1415|-5.105200|30.458096|1300.025394|-11.469145|62.969141|28.864175|84.862869|0.268327|-12.923980|-18.709451|5.574986|-75.636692|-24.844545|32.624883|30.338889|31.712414|-0.007357|nan|-96.541887
1416|-3.571372|28.581084|1294.758252|nan|60.049203|28.903351|86.756361|0.232833|-13.731166|-7.245064|5.602173|-79.523619|-23.731731|28.378313|30.338889|31.666625|-0.007211|nan|-95.285468
1417|-1.865505|26.328341|1298.953342|nan|57.581861|28.937509|63.001643|0.218224|-12.205934|-5.990115|5.887782|-82.923058|-22.526782|24.715266|30.338889|31.628863|-0.007040|nan|-93.924357
1418|-16.687919|24.256458|1298.868511|-24.227294|55.681720|28.584415|48.025843|0.189798|-23.365722|-6.725662|-10.388745|-86.539458|-34.006853|4.380929|30.338889|31.290124|-0.009207|nan|-92.498048
1419|-18.246144|22.198266|1286.892345|-26.603989|53.916033|28.324392|33.738585|0.167262|-26.871068|-12.384148|-13.366861|-90.034653|-36.072481|-1.707524|30.338889|31.028004|-0.009500|nan|-90.991410
1420|-10.844497|20.004386|1275.315250|nan|52.247004|28.280683|40.968281|0.149935|-21.665643|-5.190389|-7.365816|-92.995664|-29.187056|1.012219|30.338889|30.982676|-0.008527|nan|-89.848093
1421|-33.048550|17.550496|1254.947659|-42.023003|50.559902|27.794111|10.328138|0.112902|-39.907264|-14.715324|-31.095161|-96.608861|-51.908960|-25.319323|30.338889|34.277269|-0.011858|-359151.534070|-88.792666
1422|-29.587045|15.294116|1243.458530|-38.254920|48.818966|27.673586|8.951053|0.084113|-42.821240|-24.018130|-29.145989|-99.431022|-51.142654|-25.199084|30.338889|34.059636|-0.011444|-359142.043970|-88.040784
1423|-14.229311|12.730584|1250.216497|-23.432936|47.410740|27.880280|15.320072|0.066801|-29.938141|-2.425505|-15.299222|-101.866678|-36.338989|-12.976391|30.338889|34.057976|-0.009350|-359132.553870|-87.252756
1424|-11.946337|9.703273|1242.904719|-21.713067|46.244841|27.983781|12.910172|0.050274|-26.136785|-9.070491|-14.547236|-103.896967|-34.617633|-13.877320|30.338889|34.071179|-0.009107|-359123.621960|-86.692962
1425|-9.835017|6.643091|1222.661474|nan|45.255653|28.062416|20.312005|0.022730|-24.187846|-7.654603|-14.026015|-105.909955|-33.068412|-14.758654|30.338889|34.095835|-0.008888|-352893.805705|-86.826403
1426|-12.377274|3.889285|1190.268830|nan|44.767222|27.859144|0.344272|-0.016195|-23.126287|-15.416139|-18.177706|-107.813864|-36.166853|-20.115514|30.338889|33.975298|-0.009327|-301421.691429|-87.029010
1427|-7.162905|1.585335|1133.485050|-18.567126|44.322347|27.980120|-2.237763|-0.026242|-23.999191|-20.458952|-14.649353|-109.492955|-31.519191|-17.752751|30.338889|34.050474|-0.008669|-301411.851439|-87.236305
1428|-5.726000|-0.592823|1094.958369|nan|43.993764|28.021696|-17.385699|-0.034299|-20.977947|-38.861370|-14.879928|-110.925228|-30.658513|-19.024430|30.338889|34.123780|-0.008548|-301400.137122|-87.519797
1429|-3.939386|-2.610482|1050.987781|nan|43.948838|28.017207|-23.238311|-0.038571|-19.612998|-23.427453|-14.747599|-112.202447|-29.453564|-20.403641|31.497735|35.008929|-0.008378|-301386.548564|-87.810239
1430|6.086089|-4.204178|1020.070051|-7.040102|43.801887|27.469383|-19.795599|-0.027247|-0.145821|-20.474612|-6.312258|-113.414660|-19.986104|-12.091870|31.497735|35.231093|-0.007038|-301372.491436|-87.877564
1431|12.443572|-5.697102|1008.123976|nan|43.829606|26.007902|-28.402380|-0.023661|15.547356|-32.185637|-1.352096|-113.899097|-14.133492|-7.014512|31.497735|35.414870|-0.006210|-265738.619798|-87.749817
1432|9.626608|-6.843739|984.156769|-5.866343|44.009192|24.152680|-49.575063|-0.049806|12.356497|-6.501371|-5.498527|-114.300488|-17.164069|-10.835024|31.497735|35.412642|-0.006673|-265727.463728|-87.659958
1433|-13.727222|-8.400272|956.189314|-29.246556|44.464787|22.156486|-59.903202|-0.090889|-7.397655|-24.286716|-30.172488|-114.856758|-39.318787|-34.949200|31.497735|35.111313|-0.010035|-242537.177145|-87.457529
1434|-3.045900|-9.484572|924.117156|-17.931731|44.939332|20.402319|-39.591197|-0.110188|0.930200|-15.778555|-20.753320|-114.909207|-28.990649|-24.647187|31.497735|35.041470|-0.008574|-242528.125726|-87.255100
1435|11.372897|-10.290568|897.442701|-3.820460|45.110541|18.667019|-23.582583|-0.117179|17.365039|-7.369574|-7.311767|-114.451885|-14.875527|-10.558190|31.497735|35.153260|-0.006576|-158854.055374|-87.152571
1436|20.767664|-10.792169|868.004939|nan|44.986119|17.357010|7.573968|-0.117179|20.967662|-4.626147|1.399844|-113.394053|-5.752338|-1.199481|35.283175|35.405594|-0.005285|-158850.349883|-87.111614
1437|17.392181|-11.273218|836.172329|0.384614|45.424808|15.924745|-12.393766|-0.123151|21.753380|1.282814|-2.464843|-111.941144|-7.047186|-4.745475|35.283175|37.340672|-0.005797|-158847.138458|-87.055188
1438|18.424983|-11.595120|832.105258|nan|45.957623|13.886046|-10.672409|-0.128512|32.934058|12.051825|-1.827922|-110.805668|-5.866508|-3.982609|35.283175|37.388420|-0.005675|-106838.252307|-86.889920
1439|19.562734|-11.784486|856.619772|nan|46.246900|11.473335|-8.778917|-0.133459|36.047154|2.006862|-1.004384|-109.945432|7.406306|-2.880940|35.283175|37.432727|-0.005529|-89313.267693|-86.724652
1440|28.726898|-11.895979|890.067802|12.675407|46.268983|9.171495|1.032814|-0.147610|45.649778|16.869670|8.001816|-108.967955|25.169495|6.607176|35.283175|37.627668|-0.004238|-67267.064617|-86.668226
1441|37.507967|-11.603176|914.506915|21.437170|46.416333|7.388467|2.582035|-0.152874|48.428412|15.256921|16.652477|-108.394323|33.948412|16.855521|35.283175|37.452041|-0.002995|-67267.064617|-86.611799
1442|54.175325|-10.851556|987.977240|nan|46.611193|6.169041|19.967734|-0.035722|62.885286|9.374776|33.300700|-106.915077|51.045569|35.499517|35.283175|37.848752|-0.000632|-67267.587693|-86.627330
1443|57.049274|-9.794718|1068.964801|41.095377|46.447662|5.131702|28.058109|-0.001222|63.250743|6.147077|36.386319|-105.442846|54.451875|40.489714|35.283175|38.308270|-0.000218|-61050.524835|-86.673922
1444|51.289680|-8.751797|1155.079420|34.154179|46.512089|4.022372|27.197431|0.027384|58.450550|0.571211|30.940562|-104.085381|50.211399|36.730271|36.097346|38.503714|-0.001022|-44092.937142|-86.720514
1445|41.712543|-7.831746|1225.168126|25.915813|46.293864|2.919786|14.459394|0.054712|48.103373|-3.690109|21.799672|-103.053395|40.743939|29.183845|36.097346|38.644432|-0.002362|-23742.904614|-86.786100
1446|35.547293|-6.789889|1296.519699|18.603248|46.117444|1.626424|9.467460|0.056790|44.958058|5.613714|16.087330|-101.978785|37.359191|24.937274|36.097346|38.586894|-0.003214|-9045.183297|-86.936720
1447|25.410908|-5.601239|1343.089463|8.727825|46.472337|0.520692|0.688542|0.054481|30.174758|-15.014389|6.348079|-101.207392|31.215324|17.160155|36.097346|38.375186|-0.004627|-9045.520879|-87.087340
1448|24.374143|-4.644897|1397.780516|7.875609|46.666072|-0.599988|-15.492207|0.062771|32.354363|-15.918132|5.750293|-100.634833|30.354646|18.077653|36.097346|38.199413|-0.004748|-9045.858461|-87.199887
1449|15.066240|-4.122260|1468.409081|-1.244147|47.296408|-1.718145|-26.681024|0.073123|22.591457|-13.263543|-3.162282|-100.474618|21.231457|10.773954|36.097346|37.899941|-0.006039|-9046.167912|-87.296718
1450|-18.714950|-4.340784|1548.354389|-34.431058|47.540782|-3.548462|-53.362048|0.025124|-3.854143|-30.777611|-36.634240|-101.125482|-12.334992|-21.348006|36.097346|37.199704|-0.010789|-9046.421100|-87.331303
1451|-34.799686|-5.241523|1614.004918|-50.649277|47.672795|-5.516976|-91.920430|-0.037800|-18.890621|-30.326319|-52.352160|-102.176937|-28.171470|-35.222138|36.097346|36.502423|-0.014162|-9046.618022|-87.346712
1452|-41.801083|-6.025607|1660.778020|nan|47.261494|-7.471247|-95.707414|-0.094435|-24.883628|-33.848808|-59.052575|-103.413460|-34.884760|-39.511404|32.084129|30.558599|-0.016110|-9046.758682|-87.308076
1453|-52.628691|-7.052985|1695.481322|-67.500267|46.483071|-9.520435|-91.404023|-0.161551|-34.583336|-24.458064|-69.569265|-104.547474|-46.745034|-48.150748|32.084129|29.852750|-0.019142|-9046.786813|-87.254091
1454|-54.709699|-8.088614|1726.471359|nan|45.705669|-11.464742|-91.404023|-0.231176|-35.344692|-18.951283|-71.355737|-105.683463|-48.466390|-48.171404|30.973610|28.217325|-0.019694|-9046.688352|-87.238743
1455|-43.912949|-8.933479|1744.932784|-57.533375|44.871750|-13.154319|-78.665986|-0.265747|-27.116159|-17.068526|-60.203971|-106.689153|-37.277574|-35.701576|22.162426|19.336466|-0.018111|45232.316486|-87.142857
1456|-37.439392|-9.548543|1762.551643|-51.551767|44.645581|-14.475099|-74.879001|-0.281414|-22.950450|-10.940243|-53.262690|-106.948635|-33.512148|-28.568598|22.162426|19.161642|-0.017138|49753.381976|-87.203656
1457|-64.384415|-10.647575|1776.302844|-77.605628|44.273593|-16.246838|-96.740227|-0.334691|-44.338772|-17.113229|-79.787429|-108.002374|-61.141036|-54.814360|22.162426|18.599067|-0.022241|89889.444398|-87.180879
1458|-58.116519|-11.662333|1757.668799|-70.424812|43.548327|-17.469436|-89.166260|-0.402452|-44.586614|-26.474731|-73.132147|-109.371440|-57.547747|-47.802873|12.585586|8.932682|-0.021292|89882.036041|-87.316360
1459|-43.419176|-12.475521|1729.018022|-54.990510|42.957979|-18.236395|-72.813375|-0.439874|-32.398678|-33.130367|-58.013270|-110.415120|-43.679811|-33.699397|12.585586|9.059817|-0.019148|89873.229896|-87.480026
