859|nan|nan|nan|nan|nan|nan|nan|nan|nan|nan|nan|nan|nan|nan|nan|nan|nan|nan|nan|nan|nan|nan|nan|nan|nan|nan|nan|nan|nan|nan|nan|nan|nan|nan|nan|nan|nan|nan|nan|nan|nan|nan|nan|nan|nan|nan|nan|nan|nan|nan
900|nan|nan|nan|nan|nan|nan|nan|nan|nan|nan|nan|nan|nan|nan|nan|nan|nan|nan|nan|nan|nan|nan|nan|nan|nan|nan|nan|nan|nan|nan|nan|nan|nan|nan|nan|nan|nan|nan|nan|nan|nan|nan|nan|nan|nan|nan|nan|nan|nan|nan
901|nan|nan|nan|nan|nan|nan|nan|nan|nan|nan|nan|nan|nan|nan|nan|nan|nan|nan|nan|nan|nan|nan|nan|nan|nan|nan|nan|nan|nan|nan|nan|nan|nan|nan|nan|nan|nan|nan|nan|nan|nan|nan|nan|nan|nan|nan|nan|nan|nan|nan
902|nan|nan|nan|nan|nan|nan|nan|nan|nan|nan|nan|nan|nan|nan|nan|nan|nan|nan|nan|nan|nan|nan|nan|nan|nan|nan|nan|nan|nan|nan|nan|nan|nan|nan|nan|nan|nan|nan|nan|nan|nan|nan|nan|nan|nan|nan|nan|nan|nan|nan
903|nan|nan|nan|nan|nan|nan|nan|nan|nan|nan|nan|nan|nan|nan|nan|nan|nan|nan|nan|nan|nan|nan|nan|nan|nan|nan|nan|nan|nan|nan|nan|nan|nan|nan|nan|nan|nan|nan|nan|nan|nan|nan|nan|nan|nan|nan|nan|nan|nan|nan
904|nan|nan|nan|nan|nan|nan|nan|nan|nan|nan|nan|nan|nan|nan|nan|nan|nan|nan|nan|nan|nan|nan|nan|nan|nan|nan|nan|nan|nan|nan|nan|nan|nan|nan|nan|nan|nan|nan|nan|nan|nan|nan|nan|nan|nan|nan|nan|nan|nan|nan
905|nan|nan|nan|nan|nan|nan|nan|nan|nan|nan|nan|nan|nan|nan|nan|nan|nan|nan|nan|nan|nan|nan|nan|nan|nan|nan|nan|nan|nan|nan|nan|nan|nan|nan|nan|nan|nan|nan|nan|nan|nan|nan|nan|nan|nan|nan|nan|nan|nan|nan
906|nan|nan|nan|nan|nan|nan|nan|nan|nan|nan|nan|nan|nan|nan|nan|nan|nan|nan|nan|nan|nan|nan|nan|nan|nan|nan|nan|nan|nan|nan|nan|nan|nan|nan|nan|nan|nan|nan|nan|nan|nan|nan|nan|nan|nan|nan|nan|nan|nan|nan
907|nan|nan|nan|nan|nan|nan|nan|nan|nan|nan|nan|nan|nan|nan|nan|nan|nan|nan|nan|nan|nan|nan|nan|nan|nan|nan|nan|nan|nan|nan|nan|nan|nan|nan|nan|nan|nan|nan|nan|nan|nan|nan|nan|nan|nan|nan|nan|nan|nan|nan
908|nan|nan|nan|nan|nan|nan|nan|nan|nan|nan|nan|nan|nan|nan|nan|nan|nan|nan|nan|nan|nan|nan|nan|nan|nan|nan|nan|nan|nan|nan|nan|nan|nan|nan|nan|nan|nan|nan|nan|nan|nan|nan|nan|nan|nan|nan|nan|nan|nan|nan
909|nan|nan|nan|nan|nan|nan|nan|nan|nan|nan|nan|nan|nan|nan|nan|nan|nan|nan|nan|nan|nan|nan|nan|nan|nan|nan|nan|nan|nan|nan|nan|nan|nan|nan|nan|nan|nan|nan|nan|nan|nan|nan|nan|nan|nan|nan|nan|nan|nan|nan
910|nan|nan|nan|nan|nan|nan|nan|nan|nan|nan|nan|nan|nan|nan|nan|nan|nan|nan|nan|nan|nan|nan|nan|nan|nan|nan|nan|nan|nan|nan|nan|nan|nan|nan|nan|nan|nan|nan|nan|nan|nan|nan|nan|nan|nan|nan|nan|nan|nan|nan
911|nan|nan|nan|nan|nan|nan|nan|nan|nan|nan|nan|nan|nan|nan|nan|nan|nan|nan|nan|nan|nan|nan|nan|nan|nan|nan|nan|nan|nan|nan|nan|nan|nan|nan|nan|nan|nan|nan|nan|nan|nan|nan|nan|nan|nan|nan|nan|nan|nan|nan
912|nan|nan|nan|nan|nan|nan|nan|nan|nan|nan|nan|nan|nan|nan|nan|nan|nan|nan|nan|nan|nan|nan|nan|nan|nan|nan|nan|nan|nan|nan|nan|nan|nan|nan|nan|nan|nan|nan|nan|nan|nan|nan|nan|nan|nan|nan|nan|nan|nan|nan
913|nan|nan|nan|nan|nan|nan|nan|nan|nan|nan|nan|nan|nan|nan|nan|nan|nan|nan|nan|nan|nan|nan|nan|nan|nan|nan|nan|nan|nan|nan|nan|nan|nan|nan|nan|nan|nan|nan|nan|nan|nan|nan|nan|nan|nan|nan|nan|nan|nan|nan
914|nan|nan|nan|nan|nan|nan|nan|nan|nan|nan|nan|nan|nan|nan|nan|nan|nan|nan|nan|nan|nan|nan|nan|nan|nan|nan|nan|nan|nan|nan|nan|nan|nan|nan|nan|nan|nan|nan|nan|nan|nan|nan|nan|nan|nan|nan|nan|nan|nan|nan
915|nan|nan|nan|nan|nan|nan|nan|nan|nan|nan|nan|nan|nan|nan|nan|nan|nan|nan|nan|nan|nan|nan|nan|nan|nan|nan|nan|nan|nan|nan|nan|nan|nan|nan|nan|nan|nan|nan|nan|nan|nan|nan|nan|nan|nan|nan|nan|nan|nan|nan
916|nan|nan|nan|nan|nan|nan|nan|nan|nan|nan|nan|nan|nan|nan|nan|nan|nan|nan|nan|nan|nan|nan|nan|nan|nan|nan|nan|nan|nan|nan|nan|nan|nan|nan|nan|nan|nan|nan|nan|nan|nan|nan|nan|nan|nan|nan|nan|nan|nan|nan
917|nan|nan|nan|nan|nan|nan|nan|nan|nan|nan|nan|nan|nan|nan|nan|nan|nan|nan|nan|nan|nan|nan|nan|nan|nan|nan|nan|nan|nan|nan|nan|nan|nan|nan|nan|nan|nan|nan|nan|nan|nan|nan|nan|nan|nan|nan|nan|nan|nan|nan
918|nan|nan|nan|nan|nan|nan|nan|nan|nan|nan|nan|nan|nan|nan|nan|nan|nan|nan|nan|nan|nan|nan|nan|nan|nan|nan|nan|nan|nan|nan|nan|nan|nan|nan|nan|nan|nan|nan|nan|nan|nan|nan|nan|nan|nan|nan|nan|nan|nan|nan
919|nan|nan|nan|nan|nan|nan|nan|nan|nan|nan|nan|nan|nan|nan|nan|nan|nan|nan|nan|nan|nan|nan|nan|nan|nan|nan|nan|nan|nan|nan|nan|nan|nan|nan|nan|nan|nan|nan|nan|nan|nan|nan|nan|nan|nan|nan|nan|nan|nan|nan
920|nan|nan|nan|nan|nan|nan|nan|nan|nan|nan|nan|nan|nan|nan|nan|nan|nan|nan|nan|nan|nan|nan|nan|nan|nan|nan|nan|nan|nan|nan|nan|nan|nan|nan|nan|nan|nan|nan|nan|nan|nan|nan|nan|nan|nan|nan|nan|nan|nan|nan
921|nan|nan|nan|nan|nan|nan|nan|nan|nan|nan|nan|nan|nan|nan|nan|nan|nan|nan|nan|nan|nan|nan|nan|nan|nan|nan|nan|nan|nan|nan|nan|nan|nan|nan|nan|nan|nan|nan|nan|nan|nan|nan|nan|nan|nan|nan|nan|nan|nan|nan
922|nan|nan|nan|nan|nan|nan|nan|nan|nan|nan|nan|nan|nan|nan|nan|nan|nan|nan|nan|nan|nan|nan|nan|nan|nan|nan|nan|nan|nan|nan|nan|nan|nan|nan|nan|nan|nan|nan|nan|nan|nan|nan|nan|nan|nan|nan|nan|nan|nan|nan
923|nan|nan|nan|nan|nan|nan|nan|nan|nan|nan|nan|nan|nan|nan|nan|nan|nan|nan|nan|nan|nan|nan|nan|nan|nan|nan|nan|nan|nan|nan|nan|nan|nan|nan|nan|nan|nan|nan|nan|nan|nan|nan|nan|nan|nan|nan|nan|nan|nan|nan
924|nan|nan|nan|nan|nan|nan|nan|nan|nan|nan|nan|nan|nan|nan|nan|nan|nan|nan|nan|nan|nan|nan|nan|nan|nan|nan|nan|nan|nan|nan|nan|nan|nan|nan|nan|nan|nan|nan|nan|nan|nan|nan|nan|nan|nan|nan|nan|nan|nan|nan
925|nan|nan|nan|nan|nan|nan|nan|nan|nan|nan|nan|nan|nan|nan|nan|nan|nan|nan|nan|nan|nan|nan|nan|nan|nan|nan|nan|nan|nan|nan|nan|nan|nan|nan|nan|nan|nan|nan|nan|nan|nan|nan|nan|nan|nan|nan|nan|nan|nan|nan
926|nan|nan|nan|nan|nan|nan|nan|nan|nan|nan|nan|nan|nan|nan|nan|nan|nan|nan|nan|nan|nan|nan|nan|nan|nan|nan|nan|nan|nan|nan|nan|nan|nan|nan|nan|nan|nan|nan|nan|nan|nan|nan|nan|nan|nan|nan|nan|nan|nan|nan
927|nan|nan|nan|nan|nan|nan|nan|nan|nan|nan|nan|nan|nan|nan|nan|nan|nan|nan|nan|nan|nan|nan|nan|nan|nan|nan|nan|nan|nan|nan|nan|nan|nan|nan|nan|nan|nan|nan|nan|nan|nan|nan|nan|nan|nan|nan|nan|nan|nan|nan
928|nan|nan|nan|nan|nan|nan|nan|nan|nan|nan|nan|nan|nan|nan|nan|nan|nan|nan|nan|nan|nan|nan|nan|nan|nan|nan|nan|nan|nan|nan|nan|nan|nan|nan|nan|nan|nan|nan|nan|nan|nan|nan|nan|nan|nan|nan|nan|nan|nan|nan
929|nan|nan|nan|nan|nan|nan|nan|nan|nan|nan|nan|nan|nan|nan|nan|nan|nan|nan|nan|nan|nan|nan|nan|nan|nan|nan|nan|nan|nan|nan|nan|nan|nan|nan|nan|nan|nan|nan|nan|nan|nan|nan|nan|nan|nan|nan|nan|nan|nan|nan
930|nan|nan|nan|nan|nan|nan|nan|nan|nan|nan|nan|nan|nan|nan|nan|nan|nan|nan|nan|nan|nan|nan|nan|nan|nan|nan|nan|nan|nan|nan|nan|nan|nan|nan|nan|nan|nan|nan|nan|nan|nan|nan|nan|nan|nan|nan|nan|nan|nan|nan
931|nan|nan|nan|nan|nan|nan|nan|nan|nan|nan|nan|nan|nan|nan|nan|nan|nan|nan|nan|nan|nan|nan|nan|nan|nan|nan|nan|nan|nan|nan|nan|nan|nan|nan|nan|nan|nan|nan|nan|nan|nan|nan|nan|nan|nan|nan|nan|nan|nan|nan
932|nan|nan|nan|nan|nan|nan|nan|nan|nan|nan|nan|nan|nan|nan|nan|nan|nan|nan|nan|nan|nan|nan|nan|nan|nan|nan|nan|nan|nan|nan|nan|nan|nan|nan|nan|nan|nan|nan|nan|nan|nan|nan|nan|nan|nan|nan|nan|nan|nan|nan
933|nan|nan|nan|nan|nan|nan|nan|nan|nan|nan|nan|nan|nan|nan|nan|nan|nan|nan|nan|nan|nan|nan|nan|nan|nan|nan|nan|nan|nan|nan|nan|nan|nan|nan|nan|nan|nan|nan|nan|nan|nan|nan|nan|nan|nan|nan|nan|nan|nan|nan
934|nan|nan|nan|nan|nan|nan|nan|nan|nan|nan|nan|nan|nan|nan|nan|nan|nan|nan|nan|nan|nan|nan|nan|nan|nan|nan|nan|nan|nan|nan|nan|nan|nan|nan|nan|nan|nan|nan|nan|nan|nan|nan|nan|nan|nan|nan|nan|nan|nan|nan
935|nan|nan|nan|nan|nan|nan|nan|nan|nan|nan|nan|nan|nan|nan|nan|nan|nan|nan|nan|nan|nan|nan|nan|nan|nan|nan|nan|nan|nan|nan|nan|nan|nan|nan|nan|nan|nan|nan|nan|nan|nan|nan|nan|nan|nan|nan|nan|nan|nan|nan
936|nan|nan|nan|nan|nan|nan|nan|nan|nan|nan|nan|nan|nan|nan|nan|nan|nan|nan|nan|nan|nan|nan|nan|nan|nan|nan|nan|nan|nan|nan|nan|nan|nan|nan|nan|nan|nan|nan|nan|nan|nan|nan|nan|nan|nan|nan|nan|nan|nan|nan
937|nan|nan|nan|nan|nan|nan|nan|nan|nan|nan|nan|nan|nan|nan|nan|nan|nan|nan|nan|nan|nan|nan|nan|nan|nan|nan|nan|nan|nan|nan|nan|nan|nan|nan|nan|nan|nan|nan|nan|nan|nan|nan|nan|nan|nan|nan|nan|nan|nan|nan
938|nan|nan|nan|nan|nan|nan|nan|nan|nan|nan|nan|nan|nan|nan|nan|nan|nan|nan|nan|nan|nan|nan|nan|nan|nan|nan|nan|nan|nan|nan|nan|nan|nan|nan|nan|nan|nan|nan|nan|nan|nan|nan|nan|nan|nan|nan|nan|nan|nan|nan
939|nan|nan|nan|nan|nan|nan|nan|nan|nan|nan|nan|nan|nan|nan|nan|nan|nan|nan|nan|nan|nan|nan|nan|nan|nan|nan|nan|nan|nan|nan|nan|nan|nan|nan|nan|nan|nan|nan|nan|nan|nan|nan|nan|nan|nan|nan|nan|nan|nan|nan
940|nan|nan|nan|nan|nan|nan|nan|nan|nan|nan|nan|nan|nan|nan|nan|nan|nan|nan|nan|nan|nan|nan|nan|nan|nan|nan|nan|nan|nan|nan|nan|nan|nan|nan|nan|nan|nan|nan|nan|nan|nan|nan|nan|nan|nan|nan|nan|nan|nan|nan
941|nan|nan|nan|nan|nan|nan|nan|nan|nan|nan|nan|nan|nan|nan|nan|nan|nan|nan|nan|nan|nan|nan|nan|nan|nan|nan|nan|nan|nan|nan|nan|nan|nan|nan|nan|nan|nan|nan|nan|nan|nan|nan|nan|nan|nan|nan|nan|nan|nan|nan
942|nan|nan|nan|nan|nan|nan|nan|nan|nan|nan|nan|nan|nan|nan|nan|nan|nan|nan|nan|nan|nan|nan|nan|nan|nan|nan|nan|nan|nan|nan|nan|nan|nan|nan|nan|nan|nan|nan|nan|nan|nan|nan|nan|nan|nan|nan|nan|nan|nan|nan
943|nan|nan|nan|nan|nan|nan|nan|nan|nan|nan|nan|nan|nan|nan|nan|nan|nan|nan|nan|nan|nan|nan|nan|nan|nan|nan|nan|nan|nan|nan|nan|nan|nan|nan|nan|nan|nan|nan|nan|nan|nan|nan|nan|nan|nan|nan|nan|nan|nan|nan
944|nan|nan|nan|nan|nan|nan|nan|nan|nan|nan|nan|nan|nan|nan|nan|nan|nan|nan|nan|nan|nan|nan|nan|nan|nan|nan|nan|nan|nan|nan|nan|nan|nan|nan|nan|nan|nan|nan|nan|nan|nan|nan|nan|nan|nan|nan|nan|nan|nan|nan
945|nan|nan|nan|nan|nan|nan|nan|nan|nan|nan|nan|nan|nan|nan|nan|nan|nan|nan|nan|nan|nan|nan|nan|nan|nan|nan|nan|nan|nan|nan|nan|nan|nan|nan|nan|nan|nan|nan|nan|nan|nan|nan|nan|nan|nan|nan|nan|nan|nan|nan
946|nan|nan|nan|nan|nan|nan|nan|nan|nan|nan|nan|nan|nan|nan|nan|nan|nan|nan|nan|nan|nan|nan|nan|nan|nan|nan|nan|nan|nan|nan|nan|nan|nan|nan|nan|nan|nan|nan|nan|nan|nan|nan|nan|nan|nan|nan|nan|nan|nan|nan
947|nan|nan|nan|nan|nan|nan|nan|nan|nan|nan|nan|nan|nan|nan|nan|nan|nan|nan|nan|nan|nan|nan|nan|nan|nan|nan|nan|nan|nan|nan|nan|nan|nan|nan|nan|nan|nan|nan|nan|nan|nan|nan|nan|nan|nan|nan|nan|nan|nan|nan
948|nan|nan|nan|nan|nan|nan|nan|nan|nan|nan|nan|nan|nan|nan|nan|nan|nan|nan|nan|nan|nan|nan|nan|nan|nan|nan|nan|nan|nan|nan|nan|nan|nan|nan|nan|nan|nan|nan|nan|nan|nan|nan|nan|nan|nan|nan|nan|nan|nan|nan
949|nan|nan|nan|nan|nan|nan|nan|nan|nan|nan|nan|nan|nan|nan|nan|nan|nan|nan|nan|nan|nan|nan|nan|nan|nan|nan|nan|nan|nan|nan|nan|nan|nan|nan|nan|nan|nan|nan|nan|nan|nan|nan|nan|nan|nan|nan|nan|nan|nan|nan
950|nan|nan|nan|nan|nan|nan|nan|nan|nan|nan|nan|nan|nan|nan|nan|nan|nan|nan|nan|nan|nan|nan|nan|nan|nan|nan|nan|nan|nan|nan|nan|nan|nan|nan|nan|nan|nan|nan|nan|nan|nan|nan|nan|nan|nan|nan|nan|nan|nan|nan
951|nan|nan|nan|nan|nan|nan|nan|nan|nan|nan|nan|nan|nan|nan|nan|nan|nan|nan|nan|nan|nan|nan|nan|nan|nan|nan|nan|nan|nan|nan|nan|nan|nan|nan|nan|nan|nan|nan|nan|nan|nan|nan|nan|nan|nan|nan|nan|nan|nan|nan
952|nan|nan|nan|nan|nan|nan|nan|nan|nan|nan|nan|nan|nan|nan|nan|nan|nan|nan|nan|nan|nan|nan|nan|nan|nan|nan|nan|nan|nan|nan|nan|nan|nan|nan|nan|nan|nan|nan|nan|nan|nan|nan|nan|nan|nan|nan|nan|nan|nan|nan
953|nan|nan|nan|nan|nan|nan|nan|nan|nan|nan|nan|nan|nan|nan|nan|nan|nan|nan|nan|nan|nan|nan|nan|nan|nan|nan|nan|nan|nan|nan|nan|nan|nan|nan|nan|nan|nan|nan|nan|nan|nan|nan|nan|nan|nan|nan|nan|nan|nan|nan
954|nan|nan|nan|nan|nan|nan|nan|nan|nan|nan|nan|nan|nan|nan|nan|nan|nan|nan|nan|nan|nan|nan|nan|nan|nan|nan|nan|nan|nan|nan|nan|nan|nan|nan|nan|nan|nan|nan|nan|nan|nan|nan|nan|nan|nan|nan|nan|nan|nan|nan
955|nan|nan|nan|nan|nan|nan|nan|nan|nan|nan|nan|nan|nan|nan|nan|nan|nan|nan|nan|nan|nan|nan|nan|nan|nan|nan|nan|nan|nan|nan|nan|nan|nan|nan|nan|nan|nan|nan|nan|nan|nan|nan|nan|nan|nan|nan|nan|nan|nan|nan
956|nan|nan|nan|nan|nan|nan|nan|nan|nan|nan|nan|nan|nan|nan|nan|nan|nan|nan|nan|nan|nan|nan|nan|nan|nan|nan|nan|nan|nan|nan|nan|nan|nan|nan|nan|nan|nan|nan|nan|nan|nan|nan|nan|nan|nan|nan|nan|nan|nan|nan
957|nan|nan|nan|nan|nan|nan|nan|nan|nan|nan|nan|nan|nan|nan|nan|nan|nan|nan|nan|nan|nan|nan|nan|nan|nan|nan|nan|nan|nan|nan|nan|nan|nan|nan|nan|nan|nan|nan|nan|nan|nan|nan|nan|nan|nan|nan|nan|nan|nan|nan
958|nan|nan|nan|nan|nan|nan|nan|nan|nan|nan|nan|nan|nan|nan|nan|nan|nan|nan|nan|nan|nan|nan|nan|nan|nan|nan|nan|nan|nan|nan|nan|nan|nan|nan|nan|nan|nan|nan|nan|nan|nan|nan|nan|nan|nan|nan|nan|nan|nan|nan
959|nan|nan|nan|nan|nan|nan|nan|nan|nan|nan|nan|nan|nan|nan|nan|nan|nan|nan|nan|nan|nan|nan|nan|nan|nan|nan|nan|nan|nan|nan|nan|nan|nan|nan|nan|nan|nan|nan|nan|nan|nan|nan|nan|nan|nan|nan|nan|nan|nan|nan
1000|nan|nan|nan|nan|nan|nan|nan|nan|nan|nan|nan|nan|nan|nan|nan|nan|nan|nan|nan|nan|nan|nan|nan|nan|nan|nan|nan|nan|nan|nan|nan|nan|nan|nan|nan|nan|nan|nan|nan|nan|nan|nan|nan|nan|nan|nan|nan|nan|nan|nan
1001|nan|nan|nan|nan|nan|nan|nan|nan|nan|nan|nan|nan|nan|nan|nan|nan|nan|nan|nan|nan|nan|nan|nan|nan|nan|nan|nan|nan|nan|nan|nan|nan|nan|nan|nan|nan|nan|nan|nan|nan|nan|nan|nan|nan|nan|nan|nan|nan|nan|nan
1002|nan|nan|nan|nan|nan|nan|nan|nan|nan|nan|nan|nan|nan|nan|nan|nan|nan|nan|nan|nan|nan|nan|nan|nan|nan|nan|nan|nan|nan|nan|nan|nan|nan|nan|nan|nan|nan|nan|nan|nan|nan|nan|nan|nan|nan|nan|nan|nan|nan|nan
1003|nan|nan|nan|nan|nan|nan|nan|nan|nan|nan|nan|nan|nan|nan|nan|nan|nan|nan|nan|nan|nan|nan|nan|nan|nan|nan|nan|nan|nan|nan|nan|nan|nan|nan|nan|nan|nan|nan|nan|nan|nan|nan|nan|nan|nan|nan|nan|nan|nan|nan
1004|nan|nan|nan|nan|nan|nan|nan|nan|nan|nan|nan|nan|nan|nan|nan|nan|nan|nan|nan|nan|nan|nan|nan|nan|nan|nan|nan|nan|nan|nan|nan|nan|nan|nan|nan|nan|nan|nan|nan|nan|nan|nan|nan|nan|nan|nan|nan|nan|nan|nan
1005|nan|nan|nan|nan|nan|nan|nan|nan|nan|nan|nan|nan|nan|nan|nan|nan|nan|nan|nan|nan|nan|nan|nan|nan|nan|nan|nan|nan|nan|nan|nan|nan|nan|nan|nan|nan|nan|nan|nan|nan|nan|nan|nan|nan|nan|nan|nan|nan|nan|nan
1006|nan|nan|nan|nan|nan|nan|nan|nan|nan|nan|nan|nan|nan|nan|nan|nan|nan|nan|nan|nan|nan|nan|nan|nan|nan|nan|nan|nan|nan|nan|nan|nan|nan|nan|nan|nan|nan|nan|nan|nan|nan|nan|nan|nan|nan|nan|nan|nan|nan|nan
1007|nan|nan|nan|nan|nan|nan|nan|nan|nan|nan|nan|nan|nan|nan|nan|nan|nan|nan|nan|nan|nan|nan|nan|nan|nan|nan|nan|nan|nan|nan|nan|nan|nan|nan|nan|nan|nan|nan|nan|nan|nan|nan|nan|nan|nan|nan|nan|nan|nan|nan
1008|nan|nan|nan|nan|nan|nan|nan|nan|nan|nan|nan|nan|nan|nan|nan|nan|nan|nan|nan|nan|nan|nan|nan|nan|nan|nan|nan|nan|nan|nan|nan|nan|nan|nan|nan|nan|nan|nan|nan|nan|nan|nan|nan|nan|nan|nan|nan|nan|nan|nan
1009|nan|nan|nan|nan|nan|nan|nan|nan|nan|nan|nan|nan|nan|nan|nan|nan|nan|nan|nan|nan|nan|nan|nan|nan|nan|nan|nan|nan|nan|nan|nan|nan|nan|nan|nan|nan|nan|nan|nan|nan|nan|nan|nan|nan|nan|nan|nan|nan|nan|nan
1010|nan|nan|nan|nan|nan|nan|nan|nan|nan|nan|nan|nan|nan|nan|nan|nan|nan|nan|nan|nan|nan|nan|nan|nan|nan|nan|nan|nan|nan|nan|nan|nan|nan|nan|nan|nan|nan|nan|nan|nan|nan|nan|nan|nan|nan|nan|nan|nan|nan|nan
1011|nan|nan|nan|nan|nan|nan|nan|nan|nan|nan|nan|nan|nan|nan|nan|nan|nan|nan|nan|nan|nan|nan|nan|nan|nan|nan|nan|nan|nan|nan|nan|nan|nan|nan|nan|nan|nan|nan|nan|nan|nan|nan|nan|nan|nan|nan|nan|nan|nan|nan
1012|nan|nan|nan|nan|nan|nan|nan|nan|nan|nan|nan|nan|nan|nan|nan|nan|nan|nan|nan|nan|nan|nan|nan|nan|nan|nan|nan|nan|nan|nan|nan|nan|nan|nan|nan|nan|nan|nan|nan|nan|nan|nan|nan|nan|nan|nan|nan|nan|nan|nan
1013|nan|nan|nan|nan|nan|nan|nan|nan|nan|nan|nan|nan|nan|nan|nan|nan|nan|nan|nan|nan|nan|nan|nan|nan|nan|nan|nan|nan|nan|-29.883715|nan|nan|nan|nan|nan|nan|nan|nan|nan|nan|nan|nan|nan|nan|nan|nan|nan|nan|nan|nan
1014|nan|nan|nan|nan|nan|nan|nan|nan|nan|nan|nan|nan|nan|nan|nan|nan|nan|nan|nan|nan|nan|nan|nan|nan|nan|nan|nan|nan|nan|-14.941857|nan|nan|nan|nan|nan|nan|nan|nan|nan|nan|nan|nan|nan|nan|nan|nan|nan|nan|nan|nan
1030|nan|nan|nan|nan|nan|nan|nan|nan|nan|nan|nan|nan|nan|nan|nan|nan|nan|nan|nan|nan|nan|nan|nan|nan|nan|nan|nan|nan|nan|-9.961238|nan|nan|nan|nan|nan|nan|nan|nan|nan|nan|nan|nan|nan|nan|nan|nan|nan|nan|nan|nan
1031|nan|nan|nan|nan|nan|nan|nan|nan|nan|nan|nan|nan|nan|nan|nan|nan|nan|nan|nan|nan|nan|nan|nan|nan|nan|nan|nan|nan|nan|-54.729951|nan|nan|nan|nan|nan|nan|nan|nan|nan|nan|nan|nan|nan|nan|nan|nan|nan|nan|nan|nan
1032|nan|nan|nan|nan|nan|nan|nan|nan|nan|nan|nan|nan|nan|nan|nan|nan|nan|nan|nan|nan|nan|nan|nan|nan|nan|nan|nan|nan|nan|-15.686092|nan|nan|nan|nan|nan|nan|nan|nan|nan|nan|nan|nan|nan|nan|nan|nan|nan|nan|nan|nan
1033|nan|nan|nan|nan|nan|nan|nan|nan|nan|nan|nan|nan|nan|nan|nan|nan|nan|nan|nan|nan|nan|nan|nan|nan|nan|nan|nan|nan|nan|-8.391403|nan|nan|nan|nan|nan|nan|nan|nan|nan|nan|nan|nan|nan|nan|nan|nan|nan|nan|nan|nan
1034|nan|nan|nan|nan|nan|nan|nan|nan|nan|nan|nan|nan|nan|nan|nan|nan|nan|nan|nan|nan|nan|nan|nan|nan|nan|nan|nan|nan|nan|-7.192631|nan|nan|nan|nan|nan|nan|nan|nan|nan|nan|nan|nan|nan|nan|nan|nan|nan|nan|nan|nan
1035|nan|nan|nan|nan|nan|nan|nan|nan|nan|nan|nan|nan|nan|nan|nan|nan|nan|nan|nan|nan|nan|nan|nan|nan|nan|nan|nan|nan|nan|-10.936688|nan|nan|nan|nan|nan|nan|nan|nan|nan|nan|nan|nan|nan|nan|nan|nan|nan|nan|nan|nan
1036|nan|nan|nan|nan|nan|nan|nan|nan|nan|nan|nan|nan|nan|nan|nan|nan|nan|nan|nan|nan|nan|nan|nan|nan|nan|nan|nan|nan|nan|-7.678045|nan|nan|nan|nan|nan|nan|nan|nan|nan|nan|nan|nan|nan|nan|nan|nan|nan|nan|nan|nan
1037|nan|nan|nan|nan|nan|nan|nan|nan|nan|nan|nan|nan|nan|nan|nan|nan|nan|nan|nan|nan|nan|nan|nan|nan|nan|nan|nan|nan|nan|-10.557807|nan|nan|nan|nan|nan|nan|nan|nan|nan|nan|nan|nan|nan|nan|nan|nan|nan|nan|nan|nan
1038|nan|nan|nan|nan|nan|nan|nan|nan|nan|nan|nan|nan|nan|nan|nan|nan|nan|nan|nan|nan|nan|nan|nan|nan|nan|nan|nan|nan|nan|-3.046352|nan|nan|nan|nan|nan|nan|nan|nan|nan|nan|nan|nan|nan|nan|nan|nan|nan|nan|nan|nan
1039|nan|nan|nan|nan|nan|nan|nan|nan|nan|nan|nan|nan|nan|nan|nan|nan|nan|nan|nan|nan|nan|nan|nan|nan|nan|nan|nan|nan|nan|-4.278574|nan|nan|nan|nan|nan|nan|nan|nan|nan|nan|nan|nan|nan|nan|nan|nan|nan|nan|nan|nan
1040|nan|nan|nan|nan|nan|nan|nan|nan|nan|nan|nan|nan|nan|nan|nan|nan|nan|nan|nan|nan|nan|nan|nan|nan|nan|nan|nan|nan|nan|-1.220781|nan|nan|nan|nan|nan|nan|nan|nan|nan|nan|nan|nan|nan|nan|nan|nan|nan|nan|nan|nan
1041|nan|nan|nan|nan|nan|nan|nan|nan|nan|nan|nan|nan|nan|nan|nan|nan|nan|nan|nan|nan|nan|nan|nan|nan|nan|nan|nan|nan|nan|4.538764|nan|nan|nan|nan|nan|nan|nan|nan|nan|nan|nan|nan|nan|nan|nan|nan|nan|nan|nan|nan
1042|nan|nan|nan|nan|nan|nan|nan|nan|nan|nan|nan|nan|nan|nan|nan|nan|nan|nan|nan|nan|nan|nan|nan|nan|nan|nan|nan|nan|nan|1.887115|nan|nan|nan|nan|nan|nan|nan|nan|nan|nan|nan|nan|nan|nan|nan|nan|nan|nan|nan|nan
1043|nan|nan|nan|nan|nan|nan|nan|nan|nan|nan|nan|nan|nan|nan|nan|nan|nan|nan|nan|nan|nan|nan|nan|nan|nan|nan|nan|nan|nan|-0.429188|nan|0.373991|nan|nan|nan|-974.480930|nan|nan|nan|nan|-174115.132460|nan|nan|9.194201|nan|-9.769155|nan|0.077656|nan|nan
1044|nan|nan|nan|nan|nan|nan|nan|nan|nan|nan|nan|nan|nan|nan|nan|nan|nan|nan|nan|nan|nan|nan|nan|nan|nan|nan|nan|nan|nan|-3.493729|nan|0.373991|nan|nan|nan|-975.179720|nan|nan|nan|nan|-174115.132460|nan|nan|9.205097|nan|-9.769155|nan|0.077656|nan|nan
1045|nan|nan|nan|nan|nan|nan|nan|nan|nan|nan|nan|nan|nan|nan|nan|nan|nan|nan|nan|nan|nan|nan|nan|nan|nan|nan|nan|nan|nan|-2.814492|nan|0.373991|nan|nan|nan|-973.608277|nan|nan|nan|nan|-174115.132460|nan|nan|9.204927|nan|-9.769155|nan|0.077656|nan|nan
1046|nan|nan|nan|nan|nan|nan|nan|nan|nan|nan|nan|nan|nan|nan|nan|nan|nan|nan|nan|nan|nan|nan|nan|nan|nan|nan|nan|nan|nan|-3.583643|nan|0.373991|nan|nan|nan|-974.210947|nan|nan|nan|nan|-174115.132460|nan|nan|9.200894|nan|-9.769155|nan|0.077656|nan|nan
1047|nan|nan|nan|nan|nan|nan|nan|nan|nan|nan|nan|nan|nan|nan|nan|nan|nan|nan|nan|nan|nan|nan|nan|nan|nan|nan|nan|nan|nan|-4.274480|nan|0.373991|nan|nan|nan|-974.668515|nan|nan|nan|nan|-174115.132460|nan|nan|9.186751|nan|-9.577320|nan|0.077656|nan|nan
1048|nan|nan|nan|nan|nan|nan|nan|nan|nan|nan|nan|nan|nan|nan|nan|nan|nan|nan|nan|nan|nan|nan|nan|nan|nan|nan|nan|nan|nan|-3.245472|nan|0.373991|nan|nan|nan|-974.044167|nan|nan|nan|nan|-174115.132460|nan|nan|9.167643|nan|-9.449430|nan|0.077656|nan|nan
1049|nan|nan|nan|nan|nan|nan|nan|nan|nan|nan|nan|nan|nan|nan|nan|nan|nan|nan|nan|nan|nan|nan|nan|nan|nan|nan|nan|nan|nan|-2.705847|nan|0.373991|nan|nan|nan|-973.731942|nan|nan|nan|nan|-174115.132460|nan|nan|9.149956|nan|-9.358079|nan|0.077656|nan|nan
1050|nan|nan|nan|nan|nan|nan|nan|nan|nan|nan|nan|nan|nan|nan|nan|nan|nan|nan|nan|nan|nan|nan|nan|nan|nan|nan|nan|nan|nan|-4.077156|nan|0.373991|nan|nan|nan|-974.922572|nan|nan|nan|nan|-174115.132460|nan|nan|9.132548|nan|-9.289567|nan|0.077656|nan|nan
1051|nan|nan|nan|nan|nan|nan|nan|nan|nan|nan|nan|nan|nan|nan|nan|nan|nan|nan|nan|nan|nan|nan|nan|nan|nan|nan|nan|nan|nan|-4.615418|nan|0.373991|nan|nan|nan|-974.267737|nan|nan|nan|nan|-174115.132460|nan|nan|9.123614|nan|-9.236279|nan|0.077656|nan|nan
1052|nan|nan|nan|nan|nan|nan|nan|nan|nan|nan|nan|nan|nan|nan|nan|nan|nan|nan|nan|nan|nan|nan|nan|nan|nan|nan|nan|nan|nan|-4.430802|nan|0.373991|nan|nan|nan|-974.233519|nan|nan|nan|nan|-174115.132460|nan|nan|9.120994|nan|-9.193649|nan|0.077656|nan|nan
1053|nan|nan|nan|nan|nan|nan|nan|nan|nan|nan|nan|nan|nan|nan|nan|nan|nan|nan|nan|nan|nan|nan|nan|nan|nan|nan|nan|nan|nan|-4.260386|nan|0.373991|nan|nan|nan|-973.980252|nan|nan|nan|nan|-174115.132460|nan|nan|9.123210|nan|-9.158770|nan|0.077656|nan|nan
1054|nan|nan|nan|nan|nan|nan|nan|nan|nan|nan|nan|nan|nan|nan|nan|nan|nan|nan|nan|nan|nan|nan|nan|nan|nan|nan|nan|nan|nan|-4.408456|nan|0.373991|nan|nan|nan|-973.731203|nan|nan|nan|nan|-174115.132460|nan|nan|9.122859|nan|-9.129704|nan|0.077656|nan|nan
1055|nan|nan|nan|nan|nan|nan|nan|nan|nan|nan|nan|nan|nan|nan|nan|nan|nan|nan|nan|nan|nan|nan|nan|nan|nan|nan|nan|nan|nan|-0.739912|nan|0.373991|nan|nan|nan|-973.412899|nan|nan|nan|nan|-174115.132460|nan|nan|9.119093|nan|-9.105110|nan|0.077656|nan|nan
1056|nan|nan|nan|nan|nan|nan|nan|nan|nan|nan|nan|nan|nan|nan|nan|nan|nan|nan|nan|nan|nan|nan|nan|nan|nan|nan|nan|nan|nan|-2.396113|nan|0.373991|nan|nan|nan|-975.734529|nan|nan|nan|nan|-342979.687547|nan|nan|9.112280|nan|-9.084029|nan|0.077656|nan|nan
1057|nan|nan|nan|nan|nan|nan|nan|nan|nan|nan|nan|nan|nan|nan|nan|nan|nan|nan|nan|nan|nan|nan|nan|nan|nan|nan|nan|nan|nan|-2.853352|nan|0.373991|nan|nan|nan|-974.281721|nan|nan|nan|nan|-342979.687547|nan|nan|9.102946|nan|-9.065759|nan|0.077656|nan|nan
1058|nan|nan|nan|nan|nan|nan|nan|nan|nan|nan|nan|nan|nan|nan|nan|nan|nan|nan|nan|nan|nan|nan|nan|nan|0.069200|nan|nan|nan|nan|-2.246017|nan|0.373991|nan|nan|nan|-974.055822|nan|nan|nan|nan|-342979.687547|nan|nan|9.091550|nan|-9.049773|nan|0.077656|nan|-53.043106
1059|nan|nan|nan|nan|nan|nan|nan|nan|nan|nan|nan|nan|nan|nan|nan|nan|nan|nan|nan|nan|nan|nan|nan|nan|0.070327|nan|nan|nan|nan|-2.423043|nan|0.373991|nan|nan|nan|-974.686157|nan|nan|nan|nan|-342979.687547|nan|nan|9.078625|nan|-8.849724|nan|0.077656|nan|-53.043106
1100|nan|nan|nan|nan|nan|nan|nan|nan|nan|nan|nan|nan|nan|nan|nan|nan|nan|nan|nan|nan|nan|nan|nan|nan|0.073571|nan|nan|nan|nan|-3.299363|nan|0.373991|nan|nan|nan|-973.847163|nan|nan|nan|nan|-342979.687547|nan|nan|9.064811|nan|-8.671902|nan|0.077656|nan|-53.043106
1101|nan|nan|nan|nan|nan|nan|nan|nan|nan|nan|nan|nan|nan|nan|nan|nan|nan|nan|nan|nan|nan|nan|nan|nan|0.073571|nan|nan|nan|nan|-3.202323|nan|0.373991|nan|nan|nan|-974.883246|nan|nan|nan|nan|-342979.687547|nan|nan|9.050209|nan|-8.512799|nan|0.077656|nan|-53.043106
1102|nan|nan|nan|nan|nan|nan|nan|nan|nan|nan|nan|nan|nan|nan|nan|nan|nan|nan|nan|nan|nan|nan|nan|nan|0.073571|nan|nan|nan|nan|-2.669059|nan|0.373991|nan|nan|nan|-972.726923|nan|nan|nan|nan|-342979.687547|nan|nan|9.044007|nan|-8.369606|nan|0.077656|nan|-53.043106
1103|nan|nan|nan|nan|nan|nan|nan|nan|nan|nan|nan|nan|nan|nan|nan|nan|nan|nan|nan|nan|nan|nan|nan|nan|0.073571|nan|nan|nan|nan|-3.022889|nan|0.373991|nan|nan|nan|-974.865500|nan|nan|nan|nan|-342979.687547|nan|nan|9.034306|nan|-8.240050|nan|0.077656|nan|-53.043106
1104|nan|nan|nan|nan|nan|nan|nan|nan|nan|nan|nan|nan|nan|nan|nan|nan|nan|nan|nan|nan|nan|nan|nan|nan|0.073571|nan|nan|nan|nan|-2.526619|nan|0.373991|nan|nan|nan|-974.148381|nan|nan|nan|nan|-342979.687547|nan|nan|9.024819|nan|-8.122272|nan|0.077656|nan|-53.043106
1105|nan|nan|nan|nan|nan|nan|nan|nan|nan|nan|nan|nan|nan|nan|nan|nan|nan|nan|nan|nan|nan|nan|nan|nan|0.073571|nan|nan|nan|nan|-3.668054|nan|0.373991|nan|nan|nan|-974.502066|nan|nan|nan|nan|-342979.687547|nan|nan|9.012613|nan|-8.014736|nan|0.077656|nan|-53.043106
1106|nan|nan|nan|nan|nan|nan|nan|nan|nan|nan|nan|nan|nan|nan|nan|nan|nan|nan|nan|nan|nan|nan|nan|nan|0.073571|nan|nan|nan|nan|-3.574001|nan|0.373991|nan|nan|nan|-972.962819|nan|nan|nan|nan|-342979.687547|nan|nan|8.997865|nan|-7.916161|nan|0.077656|nan|-53.043106
1107|nan|nan|nan|nan|nan|nan|nan|nan|nan|nan|nan|nan|nan|nan|nan|nan|nan|nan|nan|nan|nan|nan|nan|nan|0.073571|nan|nan|nan|nan|-3.873605|nan|0.373991|nan|nan|nan|-973.953286|nan|nan|nan|nan|-342979.687547|nan|nan|8.986121|nan|-7.825472|nan|0.077656|nan|-53.043106
1108|nan|nan|nan|nan|nan|nan|nan|nan|nan|nan|nan|nan|nan|nan|nan|nan|nan|nan|nan|nan|nan|nan|nan|nan|0.073571|nan|nan|nan|nan|-3.393343|nan|0.373991|nan|nan|nan|-974.092316|nan|nan|nan|nan|-342979.687547|nan|nan|8.975733|nan|-7.741759|nan|0.077656|nan|-53.043106
1109|nan|nan|nan|nan|nan|nan|nan|nan|nan|nan|nan|nan|nan|nan|nan|nan|nan|nan|nan|nan|nan|nan|nan|nan|0.073571|nan|nan|nan|nan|-5.630911|nan|0.373991|nan|nan|nan|-1082.068401|nan|nan|nan|nan|-342979.687547|nan|nan|8.965035|nan|-7.664247|nan|0.077656|nan|-53.043106
1110|nan|nan|nan|nan|nan|nan|nan|nan|nan|nan|nan|nan|nan|nan|nan|nan|nan|nan|nan|nan|nan|nan|nan|nan|0.073571|nan|nan|nan|nan|-4.721342|nan|0.373991|nan|nan|nan|-1080.421400|nan|nan|nan|nan|-342979.687547|nan|nan|8.957336|nan|-7.592272|nan|0.077656|nan|-53.043106
1111|nan|nan|nan|nan|nan|nan|nan|nan|nan|nan|nan|nan|nan|nan|nan|nan|nan|nan|nan|nan|nan|nan|nan|nan|0.073571|nan|nan|nan|nan|-4.221352|nan|0.373991|nan|nan|nan|-1081.571003|nan|nan|nan|nan|-342979.687547|nan|nan|8.952461|nan|-7.525260|nan|0.077656|nan|-53.043106
1112|nan|nan|nan|nan|nan|nan|nan|nan|nan|nan|nan|nan|nan|nan|nan|nan|nan|nan|nan|nan|nan|nan|nan|nan|0.073571|nan|nan|nan|nan|-4.524275|nan|0.373991|nan|nan|nan|-1081.620816|nan|nan|nan|nan|-342979.687547|nan|nan|8.949156|nan|-7.525260|nan|0.077656|nan|-53.043106
1113|nan|nan|nan|nan|nan|nan|nan|nan|2974.400000|nan|nan|28256365.784142|nan|nan|nan|nan|nan|nan|nan|nan|nan|nan|nan|nan|0.073571|nan|nan|nan|nan|-5.634821|nan|0.373991|nan|nan|nan|-1082.244061|nan|nan|nan|nan|-342979.687547|nan|nan|8.947090|nan|-7.525260|nan|0.077656|nan|-53.043106
1114|nan|nan|nan|nan|nan|nan|nan|nan|2974.400000|nan|nan|37558437.165380|nan|nan|nan|nan|nan|nan|nan|nan|nan|nan|nan|nan|0.073571|nan|nan|nan|nan|-5.514931|nan|0.373991|nan|nan|nan|-1082.329319|nan|nan|nan|nan|-342979.687547|nan|nan|8.946309|nan|-7.525260|nan|0.077656|nan|-53.043106
1115|nan|nan|nan|nan|nan|nan|nan|nan|2974.400000|nan|nan|40242638.355718|nan|nan|nan|nan|nan|nan|nan|nan|nan|nan|nan|nan|0.073571|nan|nan|nan|nan|-5.400036|nan|0.373991|nan|nan|nan|-1081.874064|nan|nan|nan|nan|-342979.687547|nan|nan|8.947188|nan|-7.525260|nan|0.077656|nan|-53.043106
1116|nan|nan|nan|nan|nan|nan|nan|nan|2974.400000|nan|nan|43986886.403104|nan|nan|nan|nan|nan|nan|nan|nan|nan|nan|nan|nan|0.073571|nan|nan|nan|nan|-4.653542|nan|0.373991|nan|nan|nan|-1081.263907|nan|nan|nan|nan|-342979.687547|nan|nan|8.949222|nan|-7.525260|nan|0.077656|nan|-53.043106
1117|nan|nan|nan|nan|nan|nan|nan|nan|2974.400000|nan|nan|42725850.368755|nan|nan|nan|nan|nan|nan|nan|nan|nan|nan|nan|nan|0.073571|nan|nan|nan|nan|-4.560471|nan|0.373991|nan|nan|nan|-1081.400885|nan|nan|nan|nan|-402719.219332|nan|nan|8.948595|nan|-7.525260|nan|0.077656|nan|-53.043106
1118|nan|nan|nan|nan|nan|nan|nan|nan|2974.400000|nan|nan|37672060.159744|nan|nan|nan|nan|nan|nan|nan|nan|nan|nan|nan|0.304223|0.073571|nan|nan|nan|nan|-4.029084|nan|0.373991|nan|nan|nan|-1081.337911|nan|nan|nan|nan|-402719.219332|nan|nan|8.945847|nan|-7.525260|nan|0.077656|nan|-53.043106
1119|nan|nan|nan|nan|nan|nan|nan|nan|2974.400000|nan|nan|36495771.587365|nan|nan|nan|nan|nan|nan|nan|nan|nan|nan|nan|0.292446|0.073571|nan|nan|nan|nan|-3.500729|nan|0.373991|nan|nan|nan|-1081.350364|nan|nan|nan|nan|-402719.219332|nan|nan|8.943179|nan|-7.525260|nan|0.077656|nan|-104.949530
1120|nan|nan|nan|nan|nan|nan|nan|nan|2974.400000|nan|nan|37102188.193053|nan|nan|nan|nan|nan|nan|nan|nan|nan|nan|nan|0.287311|0.073571|nan|nan|nan|nan|-3.665040|nan|0.373991|nan|nan|nan|-1081.787826|nan|nan|nan|nan|-402719.219332|nan|nan|8.940222|nan|-7.525260|nan|0.077656|nan|-104.949530
1121|nan|nan|nan|nan|nan|nan|nan|nan|2974.400000|nan|nan|29475236.552319|nan|nan|nan|nan|nan|nan|nan|nan|nan|nan|nan|0.284744|0.073571|nan|nan|nan|nan|-2.659112|nan|0.373991|nan|nan|nan|-1080.759005|nan|nan|nan|nan|-402719.219332|nan|nan|8.937556|nan|-7.626188|nan|0.077656|nan|-104.949530
1122|nan|nan|nan|nan|nan|nan|nan|nan|2974.400000|nan|nan|29152338.771285|nan|nan|nan|nan|nan|nan|nan|nan|nan|nan|nan|0.281030|0.073571|nan|nan|nan|nan|-2.610764|nan|0.373991|nan|nan|nan|-1081.438048|nan|nan|nan|nan|-402719.219332|nan|nan|8.935075|nan|-7.652318|nan|0.077656|nan|-104.949530
1123|nan|nan|nan|-0.200000|nan|nan|nan|nan|2974.400000|nan|nan|31321088.098297|nan|nan|nan|nan|nan|nan|nan|nan|nan|nan|nan|0.278249|0.073571|nan|nan|nan|nan|-2.564143|nan|0.373991|nan|nan|nan|-1081.652858|nan|nan|nan|nan|-402719.219332|nan|nan|8.933107|nan|-7.678449|nan|0.077656|nan|-104.949530
1124|nan|nan|nan|-0.200000|nan|nan|nan|nan|2974.400000|nan|nan|29618531.237739|nan|nan|nan|nan|nan|nan|nan|nan|nan|nan|nan|0.276263|0.073571|nan|nan|nan|nan|-2.519159|nan|0.373991|nan|nan|nan|-1081.544818|nan|nan|nan|nan|-402719.219332|nan|nan|8.931673|nan|-7.704580|nan|0.077656|nan|-104.949530
1125|nan|nan|nan|-0.200000|nan|nan|nan|nan|2974.400000|nan|nan|26574037.024318|nan|nan|nan|nan|nan|nan|nan|nan|nan|nan|nan|0.274773|0.073571|nan|nan|nan|nan|-2.475725|nan|0.373991|nan|nan|nan|-1080.487960|nan|nan|nan|nan|-402719.219332|nan|nan|8.931373|nan|-7.730711|nan|0.077656|nan|-104.949530
1126|nan|nan|nan|-0.200000|nan|nan|nan|nan|2974.400000|nan|nan|24203458.493884|nan|nan|nan|nan|nan|nan|nan|nan|nan|nan|nan|0.273615|0.073571|nan|nan|nan|nan|-2.186496|nan|0.373991|nan|nan|nan|-1081.678506|nan|nan|nan|nan|-402719.219332|nan|nan|8.932204|nan|-7.788814|nan|0.077656|nan|-104.949530
1127|nan|nan|nan|-0.200000|nan|nan|nan|nan|2974.400000|nan|nan|24057300.532450|nan|nan|nan|nan|nan|nan|nan|nan|nan|nan|nan|0.272688|0.073571|nan|nan|nan|nan|-2.398279|nan|0.373991|nan|nan|nan|-1081.687229|nan|nan|nan|nan|-402719.219332|nan|nan|8.934008|nan|-7.846917|nan|0.077656|nan|-104.949530
1128|20544081.600000|nan|nan|-0.200000|nan|nan|nan|-0.896772|2974.400000|-1.325808|-0.488980|19859690.432154|nan|nan|nan|nan|-0.200000|nan|-138981.920388|nan|nan|nan|nan|0.271929|0.073571|nan|nan|-0.424853|nan|-1.900217|nan|0.373991|-0.409025|-0.052828|-1.325808|-1080.381888|-114710363.730431|nan|381785.272264|nan|-402719.219332|nan|nan|8.931195|nan|-7.905021|-2.675000|0.077656|nan|-104.949530
1129|13294266.446984|nan|nan|-0.200000|nan|nan|nan|-0.896772|2974.400000|-1.325808|-0.488980|12789132.144277|nan|nan|nan|nan|1.800000|nan|-138816.890720|nan|nan|nan|nan|0.269640|0.073571|nan|nan|-0.424853|nan|-2.157289|nan|0.373991|-0.409025|-0.042046|-1.325808|-1081.949237|-114710363.730431|nan|381785.272264|nan|-402719.219332|nan|nan|8.928732|nan|-7.963124|-0.675000|0.077656|nan|-104.949530
1330|7222658.248106|nan|nan|-0.200000|nan|nan|nan|-0.896772|2974.400000|-1.325808|-0.488980|7392647.381774|nan|nan|nan|nan|3.800000|nan|-138860.104787|1.681127|nan|nan|nan|0.267703|0.073571|nan|nan|-0.424853|nan|-3.721288|nan|0.373991|-0.409025|-0.033223|-1.325808|-1380.302124|-114710363.730431|nan|381785.272264|nan|-402719.219332|nan|nan|8.927109|nan|-8.021227|-4.675000|0.077656|nan|-104.949530
1331|6924492.335964|nan|nan|-0.200000|nan|nan|nan|-0.896772|2974.400000|-1.325808|-0.488980|6962317.719934|nan|nan|nan|nan|-2.200000|nan|-138836.253300|1.740855|nan|nan|nan|0.258284|0.073571|nan|nan|-0.420187|nan|-0.307247|nan|0.373991|-0.409025|-0.024735|-1.325808|-1378.621171|-114710363.730431|nan|381785.272264|nan|-402719.219332|nan|nan|8.926209|nan|-8.079331|-0.675000|0.077656|nan|-104.949530
1332|4818339.428514|nan|nan|-0.200000|nan|nan|nan|-0.896772|2974.400000|-1.325808|-0.488980|7207488.047781|nan|nan|nan|nan|-6.200000|nan|-138740.674956|1.942282|nan|nan|nan|0.250122|0.073571|nan|nan|-0.415405|nan|-0.262026|nan|0.373991|-0.409025|-0.018773|-1.325808|-1377.836056|-114710363.730431|nan|381785.272264|nan|-402719.219332|nan|nan|8.926738|nan|-8.137434|-4.675000|0.077656|nan|-104.949530
1333|8688126.567532|0.866667|nan|-0.200000|nan|nan|nan|-0.896772|2974.400000|-1.325808|-0.488980|12187919.315452|nan|nan|nan|nan|-0.200000|nan|-138871.134938|2.795596|nan|nan|nan|0.242979|0.073571|nan|nan|-0.413701|nan|-0.730060|nan|0.373991|-0.409025|-0.012687|-1.325808|-1378.975279|-114710363.730431|nan|381785.272264|nan|-402719.219332|nan|nan|8.928799|nan|-8.195537|-2.675000|0.077656|nan|-104.949530
1334|5490154.064790|1.083333|nan|-0.200000|nan|nan|nan|-0.896772|2974.400000|-1.325808|-0.488980|9811097.089977|nan|nan|nan|nan|1.800000|nan|-138872.133688|2.795596|nan|nan|nan|0.236677|0.073571|nan|nan|-0.413701|nan|-0.996524|nan|0.373991|-0.409025|-0.007479|-1.325808|-1379.030360|-114710363.730431|nan|381785.272264|nan|-402719.219332|nan|nan|8.931670|nan|-8.253641|-0.675000|0.077656|nan|-225.337935
1335|7820468.067528|0.863889|nan|-0.200000|nan|nan|nan|-0.896772|2974.400000|-1.325808|-0.488980|12159067.938688|nan|nan|nan|nan|-0.200000|nan|-138901.225019|2.795596|nan|nan|nan|0.231075|0.073571|nan|nan|-0.409085|nan|-0.377439|nan|0.373991|-0.409025|-0.003053|-1.325808|-1379.684593|-114710363.730431|nan|381785.272264|nan|-402719.219332|nan|nan|8.935443|nan|-8.311744|-2.675000|0.077656|nan|-225.337935
1336|7344186.021192|0.718750|nan|-0.200000|nan|nan|nan|-0.631693|2974.400000|-1.325808|-0.488980|11827546.407008|nan|nan|nan|nan|1.800000|nan|-138870.218408|2.795596|nan|nan|nan|0.226063|0.073571|nan|nan|-0.404718|nan|-1.216462|nan|0.373991|-0.455867|0.003106|-1.325808|-1378.032844|-114710363.730431|nan|381785.272264|nan|-402719.219332|nan|nan|8.938157|nan|-8.369847|-2.675000|0.077656|nan|-225.337935
1337|7442316.335998|0.618333|nan|-0.200000|nan|nan|nan|-0.631693|2974.400000|-1.325808|-0.488980|12313534.169004|nan|nan|nan|nan|1.800000|nan|-138920.424971|2.795596|nan|nan|nan|0.221552|0.073571|nan|nan|-0.400399|nan|-0.874432|nan|0.373991|-1.286439|0.007273|-1.325808|-1379.090364|-114710363.730431|nan|381785.272264|nan|-402719.219332|nan|nan|8.939813|nan|-8.427950|-0.675000|0.077656|nan|-225.337935
1338|9226376.168208|0.561806|nan|0.200000|nan|nan|nan|-0.631693|2974.400000|-1.325808|-0.488980|14677027.155083|nan|nan|nan|nan|1.800000|nan|-139066.169644|2.795596|nan|nan|nan|0.217471|0.073571|nan|nan|-0.397361|nan|-2.341127|nan|0.373991|-1.286439|0.009721|-1.325808|-1378.446777|-114710363.730431|nan|381785.272264|nan|-402719.219332|nan|nan|8.940431|nan|-8.591422|-0.675000|0.077656|nan|-225.337935
1339|8435190.296272|0.516071|nan|0.400000|nan|nan|nan|-0.631693|2974.400000|-1.325808|-0.488980|14741651.674797|nan|nan|nan|nan|-0.200000|nan|-139185.860218|2.795596|nan|nan|nan|0.213761|0.073571|nan|nan|-0.394352|nan|-2.043910|nan|0.373991|-1.286439|0.009769|-1.325808|-1378.680780|-114710363.730431|nan|381785.272264|nan|-402719.219332|nan|nan|8.941585|nan|-8.754893|-0.675000|0.077656|nan|-225.337935
1340|7459505.637084|0.741016|nan|0.600000|nan|nan|nan|-0.631693|2974.400000|-1.325808|-0.488980|14211253.307926|nan|nan|nan|nan|-0.200000|nan|-139169.227541|2.795596|nan|nan|nan|0.210373|0.073571|nan|nan|-0.392077|nan|-2.635122|nan|0.373991|-1.325808|0.011832|-1.325808|-1379.324724|-114710363.730431|nan|381785.272264|nan|-402719.219332|nan|nan|8.943687|nan|-8.918365|-0.675000|0.077656|nan|-225.337935
1341|12226920.582050|0.911613|nan|0.600000|nan|nan|nan|-0.631693|2974.400000|-1.325808|-0.488980|19151652.935718|nan|nan|nan|nan|-2.200000|nan|-139252.546709|2.795596|nan|nan|nan|0.207268|0.073571|nan|nan|-0.388572|nan|-3.694909|nan|0.373991|-1.325808|0.014252|-1.325808|-1378.717237|-114710363.730431|nan|381785.272264|nan|-402719.219332|nan|nan|8.946975|nan|-9.081836|-0.675000|0.077656|nan|-225.337935
1342|15118936.863046|0.884826|nan|0.600000|nan|nan|nan|0.290542|2974.400000|-1.325808|-0.488980|21958204.040580|nan|nan|nan|nan|1.800000|nan|-139345.549510|2.795596|nan|nan|nan|0.204411|0.073571|nan|nan|-0.384941|nan|-3.633024|nan|0.373991|-1.325808|0.014252|-1.325808|-1378.280505|-114710363.730431|nan|381785.272264|nan|-402719.219332|nan|nan|8.951564|nan|-9.245307|-2.675000|0.077656|nan|-225.337935
1343|16428335.830718|0.849842|-1.325808|0.600000|nan|-0.639571|-4.468789|0.290542|2974.400000|-1.325808|-0.488980|22898097.699550|0.012096|-0.280542|-2.860143|nan|-1.800000|nan|139337.128609|2.795596|nan|-12.220165|-4.907932|0.201774|0.073571|nan|nan|-0.381728|-1.449854|-2.523995|0.750799|0.373991|-1.325808|0.015779|-1.325808|-1378.836520|-114710363.730431|nan|381785.272264|-0.000002|-402719.219332|-0.795143|-0.179742|8.958313|-0.198604|-9.408779|-3.700000|0.077656|-1.449854|-225.337935
1344|17933553.469276|0.716696|-1.325808|0.600000|nan|-0.639571|-4.468789|0.290542|3463.400000|-1.325808|-0.488980|23958753.899938|0.012096|-0.280542|-2.860481|nan|2.400000|-2.000000|278757.732147|2.795596|nan|-4.298948|-4.691095|0.199332|0.073571|nan|nan|-0.378192|-1.479499|-2.168495|0.797120|0.373991|-1.325808|0.018684|-1.325808|-1378.363092|-114710363.730431|nan|381785.272264|-0.000002|-402719.219332|-0.791319|-0.178064|8.967070|-0.198087|-9.572250|-3.758333|0.077656|-1.479499|-225.337935
1345|15890565.750000|0.848985|-1.325808|1.000000|1.905874|-0.639571|-2.713001|0.290542|3463.400000|-1.325808|-0.488980|22665553.044104|0.012096|-0.280542|-1.429522|nan|-1.400000|-2.000000|418151.517671|2.795596|nan|-3.896123|-4.602914|0.197065|0.073571|nan|nan|-0.375140|-1.492534|-2.055724|0.842623|0.373991|-1.325808|0.021772|-1.325808|-1378.081947|-114710363.730431|nan|381785.272264|-0.000002|-402719.219332|-0.776326|-0.176398|8.986897|-0.193432|-9.735721|-2.133333|0.077656|-1.492534|-225.337935
1346|17382225.999034|0.763343|-1.325808|1.000000|0.956007|-0.639571|-2.713001|-0.046868|3463.400000|-1.325808|-0.488980|24263325.122818|0.012096|-0.280542|-1.050789|nan|0.600000|-2.000000|418263.935545|2.795596|nan|-2.260209|-4.471928|0.194954|0.073571|nan|nan|-0.375879|-1.496831|-1.765251|0.888046|0.373991|-1.325808|0.023217|-1.325808|-1378.789528|-114710363.730431|nan|381785.272264|-0.000002|-402719.219332|-0.761945|-0.175473|9.015549|-0.187184|-9.899193|-4.600000|0.077656|-1.496831|-225.337935
1347|20227321.930736|0.778148|-1.325808|1.200000|0.956007|-0.639571|-2.713001|-1.224769|3463.400000|-1.325808|-0.488980|25965297.657014|0.012096|-0.280542|-1.050947|nan|2.600000|-2.000000|139435.233535|2.795596|nan|-7.186052|-4.294396|0.192983|0.073571|nan|nan|-0.382045|-1.498503|-1.731203|0.933476|0.373991|-1.325808|0.025567|-1.325808|-1378.389165|-114710363.730431|nan|381785.272264|-0.000002|-402719.219332|-0.748139|-0.175091|9.048986|-0.179934|-10.062664|-3.250000|0.077656|-1.498503|-225.337935
1348|21050147.664036|0.808811|-1.325808|1.200000|0.956007|-0.639571|-2.713001|-1.224769|3463.400000|-1.325808|-0.488980|25899634.553418|0.012096|-0.280542|-1.050836|nan|-1.400000|-2.000000|139441.777571|2.795596|nan|-10.820758|-3.865026|0.187371|0.073571|nan|nan|-0.392676|-1.487663|-1.765756|0.979219|0.373991|-1.325808|0.025567|-1.325808|-1378.922161|-114710363.730431|nan|381785.272264|-0.000002|-402719.219332|-0.734874|-0.174649|9.090345|-0.171585|-10.226135|-3.291667|0.077656|-1.487663|-225.337935
1349|23289940.063912|0.870180|-1.325808|1.200000|-1.527408|-0.639571|-2.713001|-1.224769|3463.400000|-1.325808|-0.488980|27675827.272316|0.010729|-0.280542|-1.050780|nan|0.600000|-2.000000|-418144.669887|2.795596|nan|-0.639596|-3.613819|0.182543|0.073571|nan|nan|-0.399849|-1.474296|-1.909527|1.025141|0.373991|-1.325808|0.127726|-1.325808|-1378.815893|-114710363.730431|nan|381785.272264|-0.000002|-402719.219332|-0.722120|-0.174309|9.137175|-0.162247|-10.389607|-3.716667|0.077656|-1.474296|-225.337935
1350|23043495.502684|0.930093|-1.325808|1.200000|-2.579185|-0.639571|-2.713001|-1.224769|3463.400000|-1.325808|-0.488980|26596615.341434|0.010729|-0.280542|-1.050752|nan|-1.000000|-2.000000|-1115109.662523|2.795596|nan|-5.909109|-3.386535|0.176870|0.073571|nan|nan|-0.398803|-1.458798|-1.088493|1.070499|0.373991|-1.325808|0.166759|-1.325808|-1378.213563|-114710363.730431|nan|381785.272264|-0.000002|-402719.219332|-0.709847|-0.174017|9.191746|-0.153595|-10.553078|-4.216666|0.077656|-1.458798|-225.337935
1351|27895228.651896|0.928673|-1.325808|1.200000|-2.579185|-0.639571|-2.713001|-1.224769|3463.400000|-1.325808|-0.488980|30419639.643826|0.010729|-0.280542|-0.956881|nan|5.000000|-2.000000|-1813774.851829|2.795596|nan|-14.485650|-3.250780|0.171017|0.073571|nan|nan|-0.400572|-1.443801|-1.797585|1.113073|0.373991|-1.325808|0.168272|-1.325808|-1378.189767|-114710363.730431|nan|381785.272264|-0.000002|-402719.219332|-0.698028|-0.173657|9.246196|-0.145245|-10.553078|-7.225000|0.077656|-1.443801|-225.337935
1352|28760222.502717|0.902031|-1.325808|1.200000|-2.579185|-0.639571|-2.713001|-1.224769|3463.400000|-1.325808|-0.488980|30309244.598207|0.002277|-0.280542|-0.956875|nan|-0.800000|-2.000000|-2232062.619255|2.795596|nan|-4.225135|-3.110199|0.160635|0.073571|nan|nan|-0.403735|-1.429202|-1.305742|1.149567|0.373991|-1.325808|0.168272|-1.325808|-1378.366391|-114710363.730431|nan|381785.272264|-0.000002|-402719.219332|-0.686639|-0.174076|9.296782|-0.137812|-10.553078|-7.883334|0.077656|-1.429202|-225.337935
1353|29797482.647282|0.894792|-1.325808|1.200000|-2.579185|-0.366843|-2.713001|-1.780732|3463.400000|-1.325808|-0.488980|30751216.582626|0.002277|-0.280542|-0.957045|nan|3.200000|-2.000000|-2650846.265748|2.795596|nan|-1.549421|-3.059926|0.150073|0.073571|nan|nan|-0.407250|-1.415122|-1.792523|1.188422|0.373991|-1.325808|0.169421|-1.325808|-1379.227663|-114708505.099978|nan|381785.272264|-0.000002|-402719.219332|-0.677895|-0.173700|9.347317|-0.130840|-10.553078|-8.116667|0.077656|-1.415122|-225.337935
1354|28607983.529688|0.909375|-1.325808|1.200000|-2.579185|-0.326736|-2.713001|-1.780732|3463.400000|-1.325808|-0.488980|28872899.780957|0.002277|-0.280542|-0.956957|nan|1.200000|-2.000000|-2788940.629433|2.795596|nan|-4.022366|-2.936811|0.138549|0.073571|nan|nan|-0.406312|-1.401518|-1.654885|1.215138|0.373991|-1.325808|0.181359|-1.325808|-1378.927497|-81852868.998640|nan|381785.272264|-0.000002|-402719.219332|-0.669458|-0.173491|9.397553|-0.124663|-10.553078|-8.116667|0.077656|-1.401518|-225.337935
1355|29069330.315710|1.000815|-1.325808|1.200000|-2.579185|-0.326736|-2.713001|-1.780732|3463.400000|-1.325808|-0.488980|28442026.257912|0.002277|-0.280542|-0.956913|nan|1.200000|-2.000000|-3067368.070485|2.795596|nan|-31.644500|-2.769166|0.127025|0.073571|nan|nan|-0.406227|-1.388176|-3.293399|1.227664|0.373991|-1.325808|0.192947|-1.325808|-1378.577516|-73721730.079316|nan|381785.272264|-0.000002|-402719.219332|-0.661311|-0.160564|9.445783|-0.119180|-10.553078|-6.116667|0.077656|-1.388176|-225.337935
1356|29917452.513900|1.015799|-1.325808|1.600000|-2.579185|-0.326736|-2.713001|-1.780732|3463.400000|-1.325808|-0.488980|28906232.716010|0.002277|-0.280542|-0.956891|nan|2.600000|-2.000000|-3624978.390242|2.795596|nan|-2.139734|-2.617487|0.115501|0.073571|nan|nan|-0.406259|-1.375169|-2.944929|1.225510|0.336522|-1.325808|0.211812|-1.325808|-1378.682475|-70400235.579766|nan|381785.272264|-0.000002|-402719.219332|-0.653441|-0.149319|9.491461|-0.114017|-10.553078|-8.933333|0.077656|-1.375169|-225.337935
1357|31727222.100935|1.148583|-1.325808|1.200000|-2.579185|-0.326736|-2.713001|-1.780732|3463.400000|-1.325808|-0.488980|28979785.332966|0.002277|-0.280542|-0.956879|nan|0.000000|-2.000000|-4043745.203912|2.795596|nan|-1.754174|-2.289777|0.103978|0.073571|nan|nan|-0.409576|-1.362734|-2.676374|1.208293|0.336522|-1.325808|0.268851|-1.325808|-1378.745238|-69288353.631066|nan|381785.272264|-0.000002|-402719.219332|-0.645833|-0.133431|9.534320|-0.109315|-10.553078|-7.975000|0.077656|-1.362734|-225.337935
1358|31377563.387028|1.284375|-1.325808|1.200000|-2.579185|-0.489419|-2.713001|-1.780732|3463.400000|-1.325808|-0.488980|28581856.644221|0.002277|-0.280542|-0.956874|nan|0.000000|-2.000000|-4043714.638134|2.795596|0.000000|-0.679612|-2.183754|0.092454|0.073571|nan|-136112.607062|-0.412708|-1.353342|-2.942608|1.175660|0.336522|-1.325808|0.302623|-1.325808|-1378.198670|-68245318.466077|-32021.642218|396603.395102|-0.000002|-843520.845165|-0.646758|-0.115667|9.575722|-0.104940|-10.553078|-8.558333|0.077656|-1.353342|-225.337935
1359|31827256.935210|1.304141|-1.325808|0.400000|-2.579185|-0.342361|-2.713001|-2.559787|3463.400000|-1.325808|-0.488980|29454933.809038|0.002277|1.445648|-0.956871|0.065268|0.000000|-2.000000|-4044146.894305|2.795596|-0.000000|-0.709280|-2.087829|0.081593|0.073571|nan|-136163.033331|-0.415705|-1.343479|-2.810761|1.127318|0.336522|-1.325808|0.333542|-1.325808|-1378.940007|-68337940.925798|-31772.318597|396603.395102|-0.000002|-843520.845165|-0.647683|-0.095250|9.614221|-0.100820|-10.553078|-10.950000|0.077656|-1.343479|-225.337935
1400|31127405.500000|1.370064|-1.325808|-0.800000|-2.579185|-0.317589|-2.713001|-2.559787|3463.400000|-1.325808|-0.488980|29046227.369593|0.002277|1.445648|-0.956870|0.096732|0.000000|-2.000000|-4043456.771153|2.795596|-0.000000|-2.895213|-2.001039|0.070732|0.073571|nan|-126886.479739|-0.415540|-1.332895|-2.288401|1.063612|0.336522|-1.325808|0.351837|-1.325808|-1378.810996|-68397010.265507|-31233.936894|356986.906032|-0.000002|-843520.845165|-0.648607|-0.084054|9.647777|-0.097004|-10.553078|-8.950000|0.077656|-1.332895|-225.337935
1401|29946887.247312|1.463482|-1.325808|-1.800000|-5.064234|-0.579939|-2.713001|-2.559787|3463.400000|-1.325808|-0.488980|27973647.036218|0.002277|2.251204|-0.957043|0.427252|2.000000|-2.000000|-4044326.787016|2.795596|-0.000000|-1.546700|-2.610402|0.063492|0.073571|nan|-115101.282079|-0.419007|-1.337199|-2.487726|0.986466|0.336522|-1.325808|0.359034|-1.325808|-1378.097482|-68616918.554973|-22011.012307|184988.828416|-0.000002|-843520.845165|-0.664095|-0.070466|9.676445|-0.093670|-10.553078|-8.950000|0.077656|-1.337199|-225.337935
1402|36046284.896364|1.540810|-1.325808|-2.600000|-5.064234|-0.817303|-2.713001|-2.559787|3463.400000|-1.325808|-0.488980|34880978.601876|0.009911|2.251204|-0.957302|0.514062|1.600000|-2.000000|-4047538.628985|2.795596|-0.000000|-0.725044|-2.590583|0.056252|0.073571|nan|-99686.857956|-0.419035|-1.328866|-2.937647|0.898115|0.336522|-1.325808|0.359034|-1.325808|-1379.074698|-68616918.554973|-21181.072876|184988.828416|-0.000002|-843520.845165|-0.675416|-0.063870|9.704703|-0.090486|-10.553078|-8.950000|0.077656|-1.328866|-225.337935
1403|35651640.450798|1.520542|-1.325808|-3.200000|-5.064234|-0.841584|-2.713001|-2.559787|3463.400000|-1.325808|-0.488980|35323724.349160|0.009911|3.202593|-0.957085|0.514062|-4.400000|-2.000000|-4046113.517925|2.795596|-0.000000|-6.665062|-2.408753|0.049011|0.073571|-0.048818|-83544.276983|-0.415510|-1.317835|-1.940665|0.800978|0.336522|-1.325808|0.359034|-1.325808|-1379.054230|-68616918.554973|-20824.294196|184988.828416|-0.000002|-843520.845165|-0.686737|-0.054844|9.732334|-0.087403|-10.553078|-10.950000|0.077656|-1.317835|-225.337935
1404|34505419.767484|1.496332|-1.325808|-3.400000|-5.064234|-1.244506|-2.713001|-2.559787|3463.400000|-1.325808|-0.488980|34743561.939302|0.009911|3.202593|-0.957150|0.514062|0.800000|-2.000000|-4045768.334998|2.795596|-0.000000|-1.266312|-2.036777|0.041771|0.073571|-0.033192|-66855.226297|-0.415546|-1.318262|-2.551128|0.696211|0.336522|-1.325808|0.359034|-1.325808|-1378.764966|-68616918.554973|-20308.794952|184988.828416|-0.000002|-843520.845165|-0.698058|-0.050296|9.757724|-0.084384|-10.553078|-10.950000|0.077656|-1.318262|-225.337935
1405|33156495.465794|1.407934|-1.325808|-3.800000|-5.064234|-1.623156|-2.713001|-2.559787|3463.400000|-1.325808|-0.488980|32507411.355943|0.009911|3.202593|-0.957183|0.514062|-0.600000|-2.000000|-4044800.694526|2.795596|-0.000000|-1.374981|-1.873930|0.034530|0.073571|-0.027545|-56488.533562|-0.412070|-1.317948|-2.126376|0.584337|0.336522|-1.325808|0.358343|-1.325808|-1379.185212|-68616918.554973|-19241.768961|184988.828416|-0.000002|-843520.845165|-0.709379|-0.048125|9.781582|-0.081460|-10.553078|-10.950000|0.077656|-1.317948|-225.337935
1406|32726599.500000|1.375531|-1.325808|-5.200000|-5.064234|-2.125321|-2.713001|-2.559787|3463.400000|-1.325808|-0.488980|30741830.884057|0.009911|3.321516|-0.957199|0.514062|-5.600000|-2.000000|-4044420.126976|2.795596|-0.000000|-23.581592|-1.777385|0.027290|0.073571|-0.026086|-46122.251552|-0.414769|-1.317786|-1.799158|0.463781|0.336522|-1.325808|0.354954|-1.325808|-1378.480694|-68616918.554973|-18952.698674|184988.828416|-0.000002|-843520.845165|-0.720700|-0.046067|9.805550|-0.078697|-10.553078|-10.950000|0.077656|-1.317786|-225.337935
1407|30207431.235286|1.324444|-1.325808|-5.800000|-6.547045|-2.494338|-2.713001|-2.559787|3463.400000|-1.325808|-0.488980|27448283.599949|0.009911|3.321516|-0.957034|0.514062|-6.400000|-2.000000|-4044349.975611|2.795596|-0.000000|-1.975029|-1.890724|0.020050|0.073571|-0.020827|-40612.644473|-0.414746|-1.318190|-1.382226|0.337192|0.336522|-1.325808|0.351027|-1.325808|-1378.765961|-68616918.554973|-20395.862200|184988.828416|-0.000002|-843520.845165|-0.732021|-0.044239|9.829688|-0.076097|-10.553078|-8.950000|0.077656|-1.318190|-225.337935
1408|31913875.132410|1.262886|-1.325808|-5.800000|-6.547045|-2.858352|-2.713001|-2.559787|3463.400000|-1.325808|-0.488980|28918953.499140|0.009911|3.321516|-0.957125|0.514062|-3.000000|-2.000000|-4043925.175939|2.795596|-0.000000|-7.830356|-1.532690|0.012809|0.073571|-0.016947|-34645.874376|-0.414519|-1.318282|-1.798077|0.207818|0.336522|-1.325808|0.348665|-1.325808|-1378.423984|-68616918.554973|-116.862960|184988.828416|-0.000002|-843520.845165|-0.743342|-0.041093|9.853610|-0.073587|-10.553078|-8.950000|0.077656|-1.318282|-225.337935
1409|28372322.731482|1.243393|-1.325808|-5.800000|-6.547045|-2.858352|-2.713001|-2.559787|3463.400000|-1.325808|-0.488980|25768438.505948|0.009911|3.400740|-0.956996|0.514062|-7.200000|-2.000000|-4044070.624122|2.795596|-0.000000|0.260218|-1.536234|0.005569|0.073571|-0.014160|-31165.887669|-0.410261|-1.318156|-0.027597|0.077853|0.336522|-1.325808|0.342610|-1.325808|-1379.208113|-68616918.554973|-115.794659|184988.828416|-0.000002|-843520.845165|-0.754664|-0.037966|9.877046|-0.071237|-10.553078|-8.950000|0.077656|-1.318156|-225.337935
1410|25315625.015002|1.199982|-1.325808|-5.800000|-6.547045|-3.042384|-2.713001|-4.014950|3463.400000|-1.325808|-0.488980|21855260.046558|0.009911|3.400740|-0.957106|0.514062|-3.600000|-2.000000|-4043089.040191|2.795596|-0.000000|0.027541|-1.024223|-0.001672|0.073571|-0.010405|-29995.658105|-0.409779|-1.319059|-0.870085|-0.052573|0.336522|-1.325808|0.340070|-1.325808|-1378.109671|-68616918.554973|-104.879451|184988.828416|-0.000002|-843520.845165|-0.765985|-0.035518|9.899384|-0.069022|-10.553078|-10.950000|0.077656|-1.319059|-225.337935
1411|24386218.670306|1.117236|-1.325808|-5.800000|-6.547045|-3.399364|-2.713001|-4.014950|3463.400000|-1.325808|-0.488980|19064594.948377|0.009911|3.400740|-0.956814|0.514062|-9.800000|-2.000000|-4042425.303770|2.795596|-0.000000|-0.453291|-1.140149|-0.008912|0.073571|-0.005657|-28654.453074|-0.413062|-1.325670|-0.611373|-0.182365|0.336522|-1.325808|0.336909|-1.325808|-1378.955712|-68616918.554973|-127.285584|184988.828416|-0.000002|-843520.845165|-0.777306|-0.032482|9.920590|-0.066874|-10.553078|-10.950000|-0.012716|-1.325670|-225.337935
1412|23055491.900000|1.032274|-1.325808|-5.800000|-6.547045|-3.531871|-2.713001|-4.014950|3463.400000|-1.325808|-0.488980|18007582.908247|0.009911|3.400740|-0.956668|0.514062|-5.800000|-2.000000|-4039860.276808|2.795596|-0.000000|-4.050490|-1.446240|-0.016152|0.073571|-0.001248|-27445.486387|-0.412105|-1.327028|-0.313825|-0.309302|0.336522|-1.325808|0.335253|-1.325808|-1377.032611|-68616918.554973|-96.773411|184988.828416|-0.000002|-843520.845165|-0.788627|-0.029719|9.940669|-0.064745|-10.553078|-10.950000|-0.012716|-1.327028|-225.337935
1413|25399130.798826|0.987991|-1.325808|-5.800000|-6.547045|-3.842234|-2.713001|-4.014950|3463.400000|-1.325808|-0.200063|22063527.571421|0.009911|3.400740|-0.956248|0.514062|-7.800000|-2.000000|-4039570.175224|2.795596|-0.000000|-0.728609|-1.711529|-0.024842|0.073571|0.003039|-24916.953448|-0.408879|-1.327217|0.864721|-0.430366|0.336522|-1.325808|0.329536|-1.325808|-1378.260951|-68616918.554973|-115.427322|184988.828416|-0.000002|-843520.845165|-0.799948|-0.026854|9.959703|-0.062641|-10.553078|-10.950000|-0.012716|-1.327217|-225.337935
1414|28268931.735250|0.908515|-1.325808|-5.800000|-6.547045|-4.313515|-2.713001|-4.014950|3463.400000|-1.325808|-0.200063|26052136.706324|0.009911|3.400740|-0.956039|0.514062|-5.800000|-2.000000|-4036879.882995|2.795596|-0.000000|-0.932147|-1.996937|-0.034075|0.073571|0.006536|-21820.143449|-0.408879|-1.328564|0.864721|-0.541473|0.336522|-1.325808|0.326845|-1.325808|-1379.185576|-68616918.554973|-104.139860|184988.828416|-0.000002|-843520.845165|-0.811269|-0.023282|9.977928|-0.060529|-10.553078|-8.950000|-0.012716|-1.328564|-225.337935
1415|28252239.804728|0.872012|-1.325808|-5.800000|-6.547045|-4.664608|-2.713001|-5.328032|3463.400000|-1.325808|-0.200063|26109314.547558|0.009911|3.455475|-0.956280|0.514062|-3.800000|-2.000000|-4035563.229637|2.795596|-0.000000|-0.717671|-1.734187|-0.044156|0.073571|0.007893|-19780.855893|-0.412167|-1.328630|0.631871|-0.639970|0.336522|-1.325808|0.324996|-1.325808|-1379.335911|-77000928.123090|-82.532256|184988.828416|-0.000002|-843520.845165|-0.822590|-0.020481|9.995531|-0.058473|-10.553078|-10.950000|-0.012716|-1.328630|-225.337935
1416|29946629.078428|0.793198|-1.325808|-5.800000|-6.547045|-4.410837|-2.713001|-5.328032|3463.400000|-1.325808|-0.200063|28056988.939996|0.009911|3.455475|-0.956401|0.514062|-5.800000|-2.000000|-4035046.842925|2.795596|-0.000000|-2.735545|-1.813626|-0.053991|0.073571|0.009661|-20582.561892|-0.412928|-1.328270|0.112235|-0.723625|0.336522|-1.325808|0.323034|-1.325808|-1378.665194|-77003501.977404|-83.450656|184988.828416|-0.000002|-843520.845165|-0.828681|-0.020994|10.012690|-0.056532|-10.553078|-8.950000|-0.012716|-1.328270|-225.337935
1417|30493257.548478|0.764120|-1.325808|-5.800000|-6.547045|-4.357526|-2.713001|-5.328032|3463.400000|-1.325808|-0.200063|29032635.877983|0.009911|3.455475|-0.956461|0.429094|-5.800000|-2.000000|-4033514.306589|2.795596|-0.000000|-24.833535|-2.075976|-0.061711|0.073571|0.012033|-19234.672179|-0.412928|-1.328969|0.112235|-0.795108|0.336522|-1.325808|0.314758|-1.325808|-1377.987894|-77003501.977404|-83.826036|184988.828416|-0.000002|-843520.845165|-0.835760|-0.019964|10.028854|-0.054758|-10.553078|-10.950000|-0.012716|-1.328969|-225.337935
1418|28841306.981790|0.735326|-1.325808|-5.800000|-6.547045|-4.336308|-2.713001|-5.328032|3463.400000|-1.325808|-0.200063|27727836.247767|0.009911|3.455475|-0.955767|0.315763|-5.800000|-2.000000|-4033145.357445|2.795596|-0.000000|-47.377571|-2.313340|-0.069431|0.073571|0.013481|-15992.167096|-0.413150|-1.332234|-0.263437|-0.857788|0.336522|-1.325808|0.307586|-1.325808|-1378.506874|-77003501.977404|-83.299736|184988.828416|-0.000002|-843520.845165|-0.843130|-0.019900|10.043861|-0.053097|-10.553078|-8.950000|-0.012716|-1.332234|-225.337935
1419|28959621.550000|0.690647|-1.325808|-5.800000|-6.547045|-4.685231|-2.713001|-5.328032|3463.400000|-1.325808|-0.200063|27926689.645308|0.009911|3.455475|-0.955955|0.281500|-3.800000|-2.000000|-4033329.546623|2.795596|-0.000000|-12.130113|-2.266968|-0.077151|0.073571|0.014906|-12779.706833|-0.377045|-1.333873|-0.857795|-0.913990|0.336522|-1.325808|0.297673|-1.325808|-1378.250407|-77104731.008125|-74.748828|184988.828416|-0.000002|-843520.845165|-0.850501|-0.021134|10.058562|-0.051468|-10.553078|-10.950000|-0.012716|-1.333873|-225.337935
1420|28557449.346476|0.669054|-1.325808|-5.800000|-6.547045|-4.619971|-2.713001|-5.328032|3463.400000|-1.157348|-0.200063|27737972.801248|0.009911|2.947210|-0.955876|0.247152|-7.800000|-2.000000|-4033794.325378|2.795596|-0.000000|-3.337477|-2.738252|-0.083905|0.073571|0.015087|-9727.975982|-0.346874|-1.340849|-0.555610|-0.963402|0.336522|-1.325808|0.253412|-1.325808|-1377.569399|-77104731.008125|-74.483149|184988.828416|-0.000002|-843520.845165|-0.858099|-0.019729|10.072850|-0.049953|-10.553078|-8.950000|-0.012716|-1.340849|-225.337935
1421|28270718.771762|0.642645|-1.325808|-5.800000|-6.547045|-4.693707|-2.713001|-7.031966|3463.400000|-1.157348|-0.200063|27606136.460900|0.009911|-0.526396|-0.955837|0.243089|-5.800000|-2.000000|-4033152.299674|2.795596|-0.000000|-4.348171|-3.293276|-0.090479|0.073571|0.017011|-8414.884372|-0.320529|-1.358217|-1.399862|-1.005842|0.336522|-1.325808|0.236928|-1.325808|-1378.623986|-77104731.008125|-81.063829|184988.828416|-0.000002|-843520.845165|-0.869410|-0.016972|10.087248|-0.048590|-10.553078|-10.950000|-0.012716|-1.358217|-225.337935
1422|27022683.146500|0.584458|-1.325808|-5.800000|-6.547045|-4.930068|-2.031500|-7.031966|3463.400000|-1.157348|-0.200063|26632820.297487|0.009911|-1.789593|-0.955817|0.217681|-5.800000|-2.000000|-4033051.482322|2.795596|-0.000000|-5.780746|-3.795441|-0.092161|0.073571|0.020034|-6502.200814|-0.319957|-1.364278|-1.399862|-1.040441|0.336522|-1.325808|0.231022|-1.325808|-1378.621681|-77104731.008125|-89.535722|184988.828416|-0.000002|-843520.845165|-0.867259|-0.014117|10.101655|-0.047361|-10.553078|-8.950000|-0.012716|-1.364278|-225.337935
1423|25972623.468314|0.515564|-1.325808|-5.800000|-6.547045|-5.468989|-2.031500|-7.031966|3463.400000|-1.157348|-0.200063|25639676.894817|0.009911|-3.736992|-0.955634|0.248658|-7.800000|-2.000000|-4031335.383402|2.795596|-0.000000|-15.934252|-4.318848|-0.093602|0.073571|0.023030|-4619.327356|-0.312765|-1.374763|-1.305799|-1.068725|0.369891|-1.325808|0.228506|-1.325808|-1379.391461|-77104731.008125|-88.378157|184988.828416|-0.000002|-843520.845165|-0.865107|-0.008539|10.115962|-0.046233|-10.553078|-8.950000|-0.012716|-1.374763|-225.337935
1424|27232704.664958|0.427524|-1.325808|-5.800000|-6.547045|-5.538765|-2.031500|-10.714983|3463.400000|-1.157348|-0.200063|26946525.952363|0.009911|-3.736992|-0.955542|0.286116|-5.800000|-2.000000|-4030267.448684|2.795596|-0.000000|-8.570567|-4.920394|-0.094082|0.073571|0.025709|-3698.761658|-0.313252|-1.369835|-1.305799|-1.092139|0.369891|-1.325808|0.225534|-1.325808|-1378.965273|-77104731.008125|-96.431315|184988.828416|-0.000002|-843520.845165|-0.862956|-0.003045|10.130264|-0.045239|-10.553078|-8.950000|-0.012716|-1.369835|-225.337935
1425|31345960.237224|0.329442|-1.157348|-5.800000|-6.547045|-5.982849|-2.031500|-10.714983|3463.400000|-1.157348|-0.200063|30983417.523694|0.009911|-4.394891|-0.955497|0.286116|-5.800000|-2.000000|-4030813.342547|2.795596|-0.000000|-9.529515|-4.702744|-0.094562|0.073571|0.028524|-2735.595577|-0.314752|-1.338073|-1.305799|-1.113089|0.448811|-1.325808|0.225534|-1.325808|-1379.549303|-77128028.507244|-92.869369|184988.828416|-0.000002|-843520.845165|-0.860148|-0.001632|10.144287|-0.044250|-10.553078|-8.950000|-0.018994|-1.338073|-225.337935
1426|35705800.298376|0.229205|-1.157348|-5.800000|-6.547045|-6.765591|-2.031500|-10.714983|3463.400000|-1.157348|-0.200063|34776397.740608|0.008135|-5.720554|-0.955474|0.286116|-5.800000|-2.000000|-4031740.727083|2.795596|-0.000000|-20.209758|-4.886776|-0.095042|0.073571|0.031148|-1294.048054|-0.312921|-1.331864|-1.548945|-1.132496|0.448811|-1.325808|0.225534|-1.325808|-1379.542450|-77128028.507244|-92.110642|184988.828416|-0.000002|-843520.845165|-0.857340|-0.001418|10.157593|-0.043303|-10.553078|-8.950000|-0.018994|-1.331864|-225.337935
1427|38157243.343954|0.173144|-1.157348|-5.800000|-6.683136|-7.092834|-2.031500|-10.714983|3463.400000|-1.157348|-0.200063|37600464.181349|0.008135|-5.720554|-0.955289|0.286116|-9.800000|-2.000000|-4030071.157305|2.795596|-0.000000|-8.996088|-5.316054|-0.095521|0.073571|0.033420|1344.454598|-0.296588|-1.325054|-0.905934|-1.150107|0.448811|-1.325808|0.225534|-1.325808|-1377.615579|-77128028.507244|-95.576654|184988.828416|-0.000002|-843520.845165|-0.854533|0.000002|10.169893|-0.042362|-10.553078|-10.950000|-0.018994|-1.325054|-225.337935
1428|38322182.864038|0.087612|-1.157348|-5.800000|-6.683136|-7.198434|-2.031500|-10.714983|3463.400000|-1.157348|-0.200063|37977615.131959|0.008135|-5.720554|-0.955370|0.286116|-3.800000|-2.000000|-4029328.954540|2.795596|-0.000000|-16.361866|-5.355415|-0.096001|0.073571|0.035684|3034.091585|-0.279440|-1.330419|-1.006535|-1.166071|0.448811|-1.325808|0.225534|-1.325808|-1379.432859|-77128028.507244|-100.138515|184988.828416|-0.000002|-843520.845165|-0.851725|0.000866|10.180200|-0.041447|-10.553078|-8.950000|-0.018994|-1.330419|-225.337935
1429|39435312.572784|-0.008114|-1.157348|-5.800000|-6.683136|-7.198434|-2.031500|-10.714983|3463.400000|-1.157348|-0.200063|40097677.572171|0.008135|-6.514064|-0.955238|0.286116|-7.800000|-2.000000|-4030650.990210|2.795596|-0.000000|-13.305695|-5.735521|-0.096481|0.073571|0.038101|4703.969759|-0.271344|-1.327017|-0.646884|-1.181144|0.448811|-1.325808|0.225534|-1.325808|-1378.687993|-77128028.507244|-103.369685|184988.828416|-0.000002|-843520.845165|-0.848917|0.003028|10.188785|-0.040553|-10.553078|-8.950000|-0.018994|-1.327017|-225.337935
1430|38094044.760330|-0.132543|-1.157348|-5.800000|-6.683136|-7.198434|-2.031500|-10.714983|3463.400000|-1.157348|-0.200063|38940413.233199|0.008135|-6.514064|-0.955171|0.286116|-5.800000|-2.000000|-3889094.549339|2.795596|-0.000000|-7.428847|-6.206802|-0.096961|0.072596|0.040136|7102.833180|-0.269064|-1.328293|0.917115|-1.196221|0.448811|-1.325808|0.225534|-1.325808|-1377.720643|-77128028.507244|-112.742319|184988.828416|-0.000002|-843520.845165|-0.846110|0.004024|10.186727|-0.039699|-10.553078|-8.950000|-0.009428|-1.328293|-225.337935
1431|36697739.687888|-0.189124|-1.157348|-5.800000|-6.683136|-7.198434|-2.031500|-10.714983|3463.400000|-1.157348|-0.200063|37815314.026604|0.008135|-6.514064|-0.955138|0.286116|-5.800000|-2.000000|-3609221.102742|2.795596|-0.000000|-7.412984|-6.633198|-0.097441|0.070298|0.041497|8396.782714|-0.266746|-1.369411|0.653676|-1.213834|0.448811|-1.325808|0.225534|-1.325808|-1378.984666|-77128028.507244|-102.401524|184988.828416|-0.000002|-843520.845165|-0.843302|0.003041|10.176214|-0.038912|-10.553078|-10.950000|-0.009428|-1.369411|-225.337935
1432|38030524.271348|-0.303194|-1.157348|-5.800000|-6.683136|-7.198434|-2.031500|-10.714983|3463.400000|-1.157348|-0.200063|38889685.513542|0.008135|-6.514064|-0.955295|0.286116|-3.800000|-2.000000|-3469476.182181|2.795596|-0.000000|-8.771015|-6.543009|-0.097920|0.064643|0.042812|9717.572348|-0.264999|-1.391826|-1.840014|-1.236465|0.515821|-1.325808|0.224333|-1.325808|-1379.683321|-77128028.507244|-93.417905|184988.828416|-0.000002|-843520.845165|-0.840494|-0.001615|10.159354|-0.038218|-10.553078|-8.950000|-0.009428|-1.391826|-225.337935
1433|39189992.326478|-0.435208|-1.157348|-5.800000|-6.683136|-7.198434|-2.031500|-10.714983|3463.400000|-1.157348|-0.200063|40427825.208356|0.008135|-6.514064|-0.955373|0.286116|-5.800000|-2.000000|-3469128.106081|2.795596|-0.000000|-7.082075|-6.737860|-0.098400|0.059283|0.044595|9986.196738|-0.266892|-1.402778|-1.840014|-1.265849|0.515821|-1.325808|0.180325|-1.325808|-1378.328993|-77198899.590615|-82.879564|184988.828416|-0.000002|-843520.845165|-0.837687|-0.001246|10.137443|-0.037610|-10.553078|-8.950000|-0.009428|-1.402778|-225.337935
1434|34052596.047582|-0.540625|-1.157348|-5.800000|-6.683136|-7.198434|-2.031500|-10.714983|3463.400000|-1.157348|-0.200063|35100381.554268|0.008135|-6.514064|-0.955585|0.286116|-3.800000|-2.000000|-3466029.164082|2.795596|-0.000000|-15.865002|-6.635069|-0.098880|0.053152|0.046472|11658.067147|-0.270251|-1.397664|-1.788393|-1.302265|0.515821|-1.325808|0.150924|-1.157348|-1378.807811|-77402059.038650|-60.794156|184988.828416|-0.000002|-843520.845165|-0.834879|-0.005493|10.110874|-0.037022|-10.553078|-10.950000|-0.009428|-1.397664|-225.337935
1435|35147124.100000|-0.624965|-1.157348|-5.800000|-6.683136|-7.198434|-2.031500|-10.714983|3463.400000|-1.157348|-0.200063|36867884.445431|0.008135|-6.514064|-0.956037|0.286116|-1.800000|-2.000000|-3467707.397559|2.795596|-0.000000|-20.705474|-6.857693|-0.099360|0.047224|0.048454|12088.613333|-0.270251|-1.318959|-2.211541|-1.344313|0.515821|-1.325808|0.117305|-1.157348|-1378.837222|-77566399.964081|-66.368019|184988.828416|-0.000002|-843520.845165|-0.832071|-0.007213|10.079319|-0.036428|-10.553078|-10.950000|-0.009428|-1.318959|-225.337935
1436|25898624.593496|-0.681979|-1.157348|-5.800000|-6.683136|-7.198434|-2.031500|-10.714983|3463.400000|-1.157348|-0.200063|28031507.850033|0.008135|-6.514064|-0.955917|0.286116|-9.800000|-2.000000|-3466159.124322|2.795596|-0.000000|-6.873024|-7.349564|-0.099840|0.038735|0.050855|9984.831472|-0.270315|-1.275971|-1.263400|-1.391456|0.515821|-1.325808|0.090354|-1.157348|-1377.894911|-77566399.964081|-72.648048|184988.828416|-0.000002|-843520.845165|-0.829264|-0.007781|10.051278|-0.035889|-10.553078|-10.950000|-0.009428|-1.275971|-225.337935
1437|25659554.268654|-0.736076|-1.157348|-5.800000|-6.683136|-7.198434|-2.031500|-10.714983|3463.400000|-1.157348|-0.200063|27951522.999624|0.008135|-6.514064|-0.956030|0.286116|-3.800000|-2.000000|-3467917.104656|2.795596|-0.000000|-7.424389|-7.965947|-0.100319|0.031976|0.053511|7017.995155|-0.271930|-1.227148|-1.200664|-1.443703|0.515821|-1.325808|0.071409|-1.157348|-1377.433484|-77566399.964081|-63.577327|184988.828416|-0.000002|-843520.845165|-0.825398|-0.007701|10.027986|-0.035383|-10.553078|-10.950000|-0.009428|-1.227148|-225.337935
1438|25141323.800000|-0.815243|-1.157348|-5.800000|-6.683136|-7.198434|-2.031500|-10.714983|3463.400000|-1.157348|-0.200063|26789741.072170|0.008135|-6.514064|-0.956087|0.286116|-5.800000|-2.000000|-3468097.877644|2.795596|-0.000000|-14.624061|-8.202308|-0.100799|0.025778|0.055601|5149.911001|-0.284748|-1.173419|-0.935106|-1.500635|0.515821|-1.325808|0.063993|-1.157348|-1378.658004|-77566399.964081|-61.316806|184988.828416|-0.000002|-843520.845165|-0.821533|-0.013012|10.006050|-0.034879|-10.553078|-8.950000|-0.009428|-1.173419|-225.337935
1439|9146141.000000|-0.886354|-1.157348|-5.800000|-6.683136|-7.198434|-2.031500|-10.714983|3463.400000|-1.157348|-0.200063|9419540.534859|0.008135|-6.514064|-1.061778|0.270241|-3.800000|-2.000000|-3469958.757249|2.795596|-0.000000|-8.375878|-8.924114|-0.101279|0.024527|0.057873|801.410093|-0.287064|-1.143296|-1.030780|-1.561197|0.515821|-1.325808|0.053663|-1.157348|-1378.405462|-77566399.964081|-82.806101|184988.828416|-0.000002|-843520.845165|-0.812163|-0.014698|9.986518|-0.034410|-10.553078|-8.950000|-0.009428|-1.143296|-225.337935
1440|3642533.352578|-1.010052|-1.157348|-5.800000|-6.683136|-7.198434|-2.031500|-10.714983|3463.400000|-1.157348|-0.200063|3767789.688429|0.008135|-6.514064|-1.061889|0.264039|-5.800000|-2.000000|-3469275.507480|2.795596|-0.000000|-15.559809|-9.444129|-0.101759|0.021577|0.060286|728.732058|-0.289125|-1.125690|-1.030780|-1.624489|0.515821|-1.325808|0.030029|-1.157348|-1378.650562|-77566399.964081|-101.709191|184988.828416|-0.000002|-843520.845165|-0.806150|-0.016538|9.968391|-0.033956|-10.553078|-10.950000|-0.009428|-1.125690|-225.337935
1441|7108293.400726|-1.099346|-1.157348|-5.800000|-6.683136|-7.198434|-2.031500|-10.714983|3463.400000|-1.157348|-0.200063|7381041.466333|0.008135|-6.514064|-1.061945|0.264039|-5.800000|-2.000000|-3471581.099424|2.795596|-0.000000|-6.496230|-9.724142|-0.102239|0.017989|0.062958|513.237719|-0.310903|-1.126184|-1.294541|-1.688346|0.515821|-1.325808|0.008695|-1.157348|-1378.757117|-77566399.964081|-117.110798|184988.828416|-0.000002|-843520.845165|-0.800137|-0.018759|9.951479|-0.033496|-10.553078|-10.950000|-0.009428|-1.126184|-225.337935
1442|6578444.814786|-1.213825|-1.157348|-5.800000|-6.683136|-7.198434|-2.031500|-9.915404|3463.400000|-1.157348|-0.200063|7558445.316325|0.008135|-6.514064|-1.061973|0.264039|-5.800000|-2.000000|-3471789.557093|2.795596|-0.000000|-7.923192|-10.167963|-0.102718|0.021128|0.065322|-270.299988|-0.322264|-1.127032|-0.769159|-1.751510|0.515821|-1.325808|-0.012710|-1.157348|-1378.144199|-77566399.964081|-130.400570|184988.828416|-0.000002|-843520.845165|-0.795463|-0.022498|9.936976|-0.033038|-10.553078|-8.950000|-0.009428|-1.127032|-225.337935
1443|-453735.600000|-1.317193|-1.157348|-5.800000|-6.683136|-7.198434|-2.031500|-9.915404|3463.400000|-1.157348|-0.200063|1346479.991799|0.008135|-6.514064|-1.061795|0.264039|-7.800000|-2.000000|-3470069.511121|2.795596|-0.000000|-8.024776|-11.039305|-0.101749|0.023641|0.067381|466.506525|-0.323483|-1.119471|-1.128346|-1.813366|0.515821|-1.325808|-0.035370|-1.157348|-1378.442071|-77566399.964081|-137.849905|184988.828416|-0.000002|-843520.845165|-0.794013|-0.023169|9.923353|-0.032646|-10.553078|-10.950000|-0.009428|-1.119471|-225.337935
1444|-4635445.866658|-1.349277|-1.157348|-5.800000|-6.683136|-7.198434|-2.031500|-9.915404|3868.000000|-1.157348|-0.200063|-2576848.218734|0.008135|-6.514064|-1.062091|0.264039|-1.800000|0.000000|-3468540.132231|2.795596|-0.000000|-7.117005|-11.423261|-0.100236|0.026491|0.069001|1371.938683|-0.320926|-1.100736|-0.922121|-1.874862|0.515821|-1.325808|-0.055138|-1.157348|-1378.894713|-77566399.964081|-116.077349|184988.828416|-0.000002|-843520.845165|-0.796484|-0.021844|9.911908|-0.032236|-10.553078|-10.950000|-0.009428|-1.100736|-225.337935
1445|-4658594.518670|-1.467037|-1.157348|-5.800000|-6.683136|-7.198434|-2.031500|-9.915404|3868.000000|-1.157348|-0.200063|-2397354.208334|0.008135|-6.514064|-1.062431|0.264039|-3.600000|0.000000|-3469561.546877|2.795596|-0.000000|-12.970363|-11.835260|-0.097876|0.028593|0.070878|-1095.751018|-0.319473|-1.082377|-1.409140|-1.936481|0.515821|-1.325808|-0.076183|-1.157348|-1377.906294|-77566399.964081|-99.076799|184988.828416|-0.000002|-843520.845165|-0.808017|-0.020874|9.904692|-0.031779|-10.553078|-12.950000|-0.009428|-1.082377|-225.337935
1446|-11727621.700488|-1.532245|-1.157348|-5.800000|-6.683136|-7.198434|-2.031500|-8.880254|3868.000000|-1.157348|-0.015696|-9145469.887765|0.008135|-6.514064|-1.062409|0.259614|-7.200000|0.000000|-3466127.540037|2.795596|-0.000000|-7.357075|-12.342985|-0.095761|0.028667|0.071185|-4271.173894|-0.322037|-1.066965|-1.258210|-1.998613|0.515821|-1.325808|-0.098454|-1.157348|-1378.063715|-77566399.964081|-159.184025|184988.828416|-0.000002|-843520.845165|-0.819551|-0.020709|9.901781|-0.031321|-10.553078|-10.950000|-0.009428|-1.066965|-225.337935
1447|-15416319.037652|-1.620266|-1.157348|-5.800000|-6.683136|-7.198434|-2.031500|-7.702353|3868.000000|-1.157348|-0.015696|-13763346.192598|0.005318|-6.514064|-1.062013|0.259614|-9.000000|0.000000|-3461854.757324|2.795596|-0.000000|-8.693411|-12.870727|-0.095761|0.030093|0.071687|-6089.945553|-0.324329|-1.059595|-0.547243|-2.061321|0.515821|-1.325808|-0.126498|-1.157348|-1379.049560|-77566399.964081|-198.111075|184988.828416|-0.000002|-843520.845165|-0.831084|-0.018036|9.901377|-0.030891|-10.553078|-12.850000|-0.009428|-1.059595|-225.337935
1448|-17810679.799044|-1.663113|-1.157348|-5.800000|-6.683136|-7.198434|-2.031500|-7.702353|3868.000000|-1.157348|-0.015696|-16900399.989768|-0.006797|-6.514064|-1.061815|0.259614|-5.000000|0.000000|-3457478.714781|2.795596|-0.000000|-6.442555|-13.027028|-0.095761|0.031397|0.072015|-6993.500327|-0.322676|-1.062695|-0.801602|-2.124670|0.515821|-1.325808|-0.157710|-1.157348|-1378.555982|-77566399.964081|-215.114836|184988.828416|-0.000002|-843520.845165|-0.842618|-0.016211|9.903183|-0.030443|-10.553078|-10.441667|-0.009428|-1.062695|-225.337935
1449|-8262809.181426|-1.722905|-1.157348|-6.000000|-6.683136|-7.198434|-2.031500|-7.702353|3868.000000|-1.157348|-0.015696|-6993807.732837|-0.006797|-6.514064|-1.062293|0.259614|1.000000|-2.000000|-3464966.705455|2.795596|-0.000000|-7.853377|-12.808433|-0.095761|0.031735|0.072732|-6075.138422|-0.322676|-1.093020|-1.978089|-2.188728|0.515821|-1.325808|-0.206222|-1.157348|-1376.544662|-77566399.964081|-145.157910|184988.828416|-0.000002|-843520.845165|-0.854151|-0.013722|9.906820|-0.029951|-14.397344|-16.175000|-0.009428|-1.093020|-168.594923
1450|-11060979.019086|-1.765417|-1.157348|-6.200000|-6.683136|-7.198434|-2.031500|-7.702353|3868.000000|-1.157348|-0.015696|-8981164.867539|-0.006797|-6.514064|-1.062340|0.259614|-5.000000|-2.000000|-3463706.694565|2.795596|-0.000000|-7.074622|-13.212229|-0.095761|0.031735|0.072435|-8128.064894|-0.324160|-1.106176|-2.228357|-2.253930|0.515821|-1.325808|-0.207691|-1.157348|-1378.516353|-77566399.964081|-161.117951|184988.828416|-0.000002|-843520.845165|-0.865684|-0.011734|9.911898|-0.029454|-18.241609|-9.750000|-0.009428|-1.106176|-168.594923
1451|-8105466.530966|-1.784358|-1.157348|-7.000000|-6.683136|-7.198434|-2.031500|-7.702353|3868.000000|-1.157348|-0.015696|-6053993.056553|-0.006797|-6.514064|-1.062749|0.259614|-1.000000|-2.000000|-3464481.189376|2.795596|-0.000000|-11.100326|-13.041234|-0.095761|0.031760|0.072738|-9172.007569|-0.324237|-1.116150|-1.569680|-2.320767|0.515821|-1.325808|-0.209881|-1.157348|-1378.937952|-77566399.964081|-132.313618|184988.828416|-0.000002|-843520.845165|-0.877218|-0.009570|9.915207|-0.028924|-22.085874|-9.750000|-0.009428|-1.116150|-168.594923
1452|-15571019.750000|-1.816510|-1.157348|-6.800000|-6.683136|-7.369706|-2.031500|-7.702353|3868.000000|-1.157348|-0.015696|-13897371.027009|-0.006797|-6.514064|-1.062953|0.247750|-5.000000|-2.000000|-3459186.594046|2.795596|-0.000000|-7.517678|-12.972072|-0.094252|0.031760|0.072643|-10464.242503|-0.324178|-1.130617|-2.061523|-2.389148|0.515821|-1.325808|-0.210294|-1.157348|-1378.738760|-77566399.964081|-143.365954|184988.828416|-0.000002|-843520.845165|-0.888751|-0.007243|9.916667|-0.028346|-25.930139|-9.750000|-0.009428|-1.130617|-168.594923
1453|-20461016.964890|-1.850573|-1.157348|-6.600000|-6.683136|-7.405049|-2.031500|-7.146390|3868.000000|-1.157348|-0.015696|-19211076.415874|-0.006797|-6.514064|-1.062670|0.226724|-7.000000|-2.000000|-3455190.474743|2.795596|-0.000000|-6.816598|-13.037627|-0.092501|0.031760|0.073199|-9831.474648|-0.324254|-1.153441|-1.391812|-2.457555|0.515821|-1.325808|-0.210294|-1.157348|-1377.925997|-77566399.964081|-175.788048|184988.828416|-0.000002|-843520.845165|-0.898196|-0.006722|9.916103|-0.027777|-29.774405|-9.750000|-0.009428|-1.153441|-168.594923
1454|-23951062.761660|-1.887326|-1.157348|-6.000000|-6.683136|-7.175691|-2.031500|-7.146390|3868.000000|-1.157348|-0.015696|-23210318.332263|-0.006797|-6.514064|-1.062528|0.190826|-5.000000|-2.000000|-3451562.366516|2.795596|-0.000000|-7.551316|-12.981012|-0.089788|0.031760|0.073346|-11667.500003|-0.325412|-1.170870|-1.391812|-2.525042|0.515821|-1.325808|-0.210294|-1.157348|-1378.894894|-77566399.964081|-195.138145|184988.828416|-0.000002|-843520.845165|-0.905900|-0.003352|9.913790|-0.027199|-33.618670|-9.750000|-0.009428|-1.170870|-168.594923
1455|-25470187.649999|-1.946227|-1.157348|-5.600000|-6.683136|-6.968177|-2.031500|-7.146390|3868.000000|-1.157348|-0.015696|-25007315.360748|-0.006797|-6.514064|-1.062457|0.150298|-5.000000|-2.000000|-3450436.884678|2.795596|-0.000000|-6.857453|-12.929789|-0.087076|0.031760|0.073795|-12593.554391|-0.327145|-1.179249|-1.391812|-2.591125|0.515821|-1.325808|-0.210294|-1.157348|-1377.726772|-77566399.964081|-213.724212|184988.828416|-0.000002|-843520.845165|-0.912978|0.001174|9.908194|-0.026612|-37.462935|-11.750000|-0.009428|-1.179249|-168.594923
1456|-17865014.081562|-1.977685|-1.157348|-5.200000|-6.683136|-6.780426|-2.031500|-7.146390|3868.000000|-1.157348|-0.015696|-17904626.788012|-0.006797|-6.514064|-1.062808|0.101097|-1.000000|-2.000000|-3455807.046420|2.795596|-0.000000|-7.472917|-12.592030|-0.084364|0.031760|0.074193|-12517.251365|-0.327051|-1.185814|-1.763114|-2.654993|0.515821|-1.325808|-0.210294|-1.157348|-1378.433124|-77566399.964081|-164.788511|184988.828416|-0.000002|-843520.845165|-0.920057|0.001902|9.899135|-0.025994|-41.307201|-13.750000|-0.009428|-1.185814|-168.594923
1457|-21282163.868306|-2.041887|-1.157348|-4.600000|-5.380944|-6.420080|-2.031500|-7.146390|3868.000000|-1.157348|-0.015696|-21206980.478675|-0.006797|-6.514064|-1.062983|0.052496|-5.000000|-2.000000|-3454803.023926|2.795596|-0.000000|-6.642695|-12.568240|-0.081652|0.031760|0.074205|-11634.694332|-0.329710|-1.187837|-1.763114|-2.714560|0.515821|-1.325808|-0.210294|-1.157348|-1378.412319|-77566399.964081|-172.253328|184988.828416|-0.000002|-843520.845165|-0.927136|-0.002782|9.886626|-0.025326|-45.151466|-9.750000|-0.009428|-1.187837|-168.594923
1458|-13305773.785908|-2.113715|-1.157348|-4.600000|-5.380944|-6.284529|-2.031500|-7.146390|3868.000000|-1.157348|-0.015696|-12680783.421512|-0.007298|-6.514064|-1.062877|0.047159|-7.000000|-2.000000|-3461375.641887|2.795596|-0.000000|-6.445460|-12.424140|-0.078939|0.031760|0.074023|-13528.564625|-0.331888|-1.182864|-1.416653|-2.767860|0.515821|-1.325808|-0.218152|-1.157348|-1378.418245|-77566399.964081|-272.506609|184988.828416|-0.000002|-843520.845165|-0.931686|-0.006009|9.869789|-0.024652|-48.995731|-11.750000|-0.009428|-1.182864|-168.594923
1459|-36601329.150000|-2.143623|-1.157348|-3.800000|-7.820556|-5.971411|-2.031500|-6.367335|3868.000000|-1.157348|-0.015696|-35419020.924569|-0.007298|-6.514064|-1.062439|0.047159|-11.000000|-2.000000|-3436673.625173|2.795596|-0.000000|-6.809790|-12.543020|-0.076227|0.031760|0.073880|-13833.611013|-0.335046|-1.180269|-0.334919|-2.814803|0.515821|-1.325808|-0.218152|-1.157348|-1377.782973|-77566399.964081|-369.947587|184988.828416|-0.000002|-843520.845165|-0.933386|-0.005403|9.849311|-0.023974|-52.839997|-11.750000|-0.009428|-1.180269|-168.594923
