859|nan|nan|nan|nan|nan|nan|nan|nan|nan|nan|nan|nan|nan|nan|nan|nan|nan|nan|nan
900|nan|nan|nan|nan|nan|nan|nan|nan|nan|nan|nan|nan|nan|nan|nan|nan|nan|nan|nan
901|nan|nan|nan|nan|nan|nan|nan|nan|nan|nan|nan|nan|nan|nan|nan|nan|nan|nan|nan
902|nan|nan|nan|nan|nan|nan|nan|nan|nan|nan|nan|nan|nan|nan|nan|nan|nan|nan|nan
903|nan|nan|nan|nan|nan|nan|nan|nan|nan|nan|nan|nan|nan|nan|nan|nan|nan|nan|nan
904|nan|nan|nan|nan|nan|nan|nan|nan|nan|nan|nan|nan|nan|nan|nan|nan|nan|nan|nan
905|nan|nan|nan|nan|nan|nan|nan|nan|nan|nan|nan|nan|nan|nan|nan|nan|nan|nan|nan
906|nan|nan|nan|nan|nan|nan|nan|nan|nan|nan|nan|nan|nan|nan|nan|nan|nan|nan|nan
907|nan|nan|nan|nan|nan|nan|nan|nan|nan|nan|nan|nan|nan|nan|nan|nan|nan|nan|nan
908|nan|nan|nan|nan|nan|nan|nan|nan|nan|nan|nan|nan|nan|nan|nan|nan|nan|nan|nan
909|nan|nan|nan|nan|nan|nan|nan|nan|nan|nan|nan|nan|nan|nan|nan|nan|nan|nan|nan
910|nan|nan|nan|nan|nan|nan|nan|nan|nan|nan|nan|nan|nan|nan|nan|nan|nan|nan|nan
911|nan|nan|nan|nan|nan|nan|nan|nan|nan|nan|nan|nan|nan|nan|nan|nan|nan|nan|nan
912|nan|nan|nan|nan|nan|nan|nan|nan|nan|nan|nan|nan|nan|nan|nan|nan|nan|nan|nan
913|nan|nan|nan|nan|nan|nan|nan|nan|nan|nan|nan|nan|nan|nan|nan|nan|nan|nan|nan
914|nan|nan|nan|nan|nan|nan|nan|nan|nan|nan|nan|nan|nan|nan|nan|nan|nan|nan|nan
915|nan|nan|nan|nan|nan|nan|nan|nan|nan|nan|nan|nan|nan|nan|nan|nan|nan|nan|nan
916|nan|nan|nan|nan|nan|nan|nan|nan|nan|nan|nan|nan|nan|nan|nan|nan|nan|nan|nan
917|nan|nan|nan|nan|nan|nan|nan|nan|nan|nan|nan|nan|nan|nan|nan|nan|nan|nan|nan
918|nan|nan|nan|nan|nan|nan|nan|nan|nan|nan|nan|nan|nan|nan|nan|nan|nan|nan|nan
919|nan|nan|nan|nan|nan|nan|nan|nan|nan|nan|nan|nan|nan|nan|nan|nan|nan|nan|nan
920|nan|nan|nan|nan|nan|nan|nan|nan|nan|nan|nan|nan|nan|nan|nan|nan|nan|nan|nan
921|nan|nan|nan|nan|nan|nan|nan|nan|nan|nan|nan|nan|nan|nan|nan|nan|nan|nan|nan
922|nan|nan|nan|nan|nan|nan|nan|nan|nan|nan|nan|nan|nan|nan|nan|nan|nan|nan|nan
923|nan|nan|nan|nan|nan|nan|nan|nan|nan|nan|nan|nan|nan|nan|nan|nan|nan|nan|nan
924|nan|nan|nan|nan|nan|nan|nan|nan|nan|nan|nan|nan|nan|109.861270|nan|70.424361|nan|nan|nan
925|nan|nan|nan|nan|nan|nan|nan|nan|nan|nan|nan|nan|nan|141.292607|nan|70.762568|nan|nan|nan
926|nan|nan|nan|nan|nan|nan|nan|nan|nan|nan|nan|nan|nan|143.076943|nan|70.609781|nan|nan|nan
927|nan|nan|nan|nan|nan|nan|nan|nan|nan|nan|nan|nan|nan|140.750263|nan|70.536842|nan|nan|nan
928|nan|nan|nan|nan|nan|nan|nan|nan|nan|nan|nan|nan|nan|138.169302|61.530398|70.527133|nan|nan|nan
929|nan|nan|nan|nan|nan|nan|nan|nan|nan|nan|nan|nan|nan|135.495971|61.530398|70.413079|nan|nan|nan
930|nan|nan|nan|nan|nan|nan|nan|nan|nan|nan|nan|nan|nan|129.556765|61.530398|70.065029|nan|nan|nan
931|nan|nan|nan|nan|nan|nan|nan|nan|nan|nan|nan|nan|nan|111.972993|58.072987|66.080921|nan|nan|nan
932|nan|nan|nan|nan|nan|nan|nan|nan|nan|nan|nan|nan|nan|83.813062|40.455394|47.649482|nan|nan|nan
933|nan|nan|nan|nan|65.426144|nan|nan|nan|nan|nan|nan|nan|nan|74.218562|39.618335|45.937774|nan|nan|nan
934|nan|nan|nan|nan|62.776970|nan|nan|nan|nan|nan|nan|nan|nan|69.454615|34.269064|39.830558|nan|nan|nan
935|nan|nan|nan|nan|61.740872|nan|nan|nan|nan|39.291862|nan|nan|nan|76.408323|34.269064|39.326584|nan|nan|nan
936|nan|nan|nan|nan|61.066836|nan|nan|nan|nan|32.646712|nan|nan|nan|75.198757|34.269064|38.873094|nan|nan|nan
937|nan|nan|nan|nan|60.195846|nan|nan|nan|nan|35.620461|nan|nan|nan|70.491094|34.269064|38.464404|nan|nan|nan
938|nan|nan|nan|nan|59.429248|nan|nan|nan|nan|46.412661|nan|nan|nan|87.387921|34.269064|38.403234|nan|nan|nan
939|nan|nan|nan|nan|58.266667|nan|nan|nan|nan|52.384251|nan|nan|nan|96.102835|34.269064|38.614223|nan|nan|nan
940|nan|nan|nan|nan|58.000035|nan|nan|nan|nan|53.055272|nan|nan|nan|118.696463|34.269064|39.189136|nan|nan|nan
941|nan|nan|nan|nan|59.033439|nan|nan|nan|nan|66.971710|nan|nan|nan|144.094501|34.269064|40.041493|nan|nan|nan
942|nan|nan|nan|nan|59.775184|nan|nan|nan|nan|50.051164|nan|nan|nan|134.202941|34.269064|40.485081|nan|nan|nan
943|nan|17.005517|nan|nan|60.374579|nan|nan|nan|nan|55.358682|nan|nan|nan|145.547992|34.269064|41.065681|0.014361|nan|nan
944|nan|20.165970|nan|nan|61.566879|nan|nan|nan|nan|54.909393|nan|nan|nan|138.404530|34.269064|41.131042|0.013056|nan|nan
945|nan|22.723773|nan|nan|62.145419|nan|nan|nan|nan|37.275807|nan|nan|nan|140.888607|34.269064|41.408579|0.013436|nan|nan
946|nan|24.221071|nan|nan|62.859712|nan|nan|nan|nan|35.163542|nan|nan|nan|130.845844|34.269064|41.233170|0.011615|nan|nan
947|nan|24.165168|nan|nan|63.061001|nan|nan|nan|nan|6.575777|nan|nan|nan|112.681828|34.269064|40.859902|0.008224|nan|nan
948|nan|24.229838|nan|43.791067|63.077980|nan|nan|nan|nan|20.576020|nan|nan|nan|115.555847|34.269064|40.644204|0.008626|nan|nan
949|nan|23.061762|nan|21.565241|63.079374|nan|nan|nan|nan|6.650051|nan|nan|nan|94.937443|34.269064|46.651220|0.004697|nan|nan
950|nan|22.432565|nan|29.260232|62.917265|nan|nan|nan|nan|30.258475|nan|nan|nan|101.967786|34.269064|46.340806|0.005998|nan|nan
951|nan|23.643829|nan|68.056077|63.080956|nan|nan|nan|nan|71.356874|nan|nan|nan|140.904960|34.269064|47.111853|0.013200|nan|nan
952|nan|25.528121|nan|88.221752|63.881700|nan|nan|nan|nan|77.247870|nan|nan|nan|161.442688|34.269064|47.949235|0.016877|nan|nan
953|nan|27.187271|nan|nan|64.757702|nan|143.579312|nan|nan|76.748996|nan|nan|nan|160.457227|34.269064|48.366981|0.016627|nan|nan
954|nan|30.422638|nan|126.157832|67.003668|nan|178.228003|nan|nan|98.166194|nan|nan|nan|201.935441|34.269064|63.468982|0.023911|nan|nan
955|nan|32.772339|nan|113.942646|69.100974|nan|190.628587|nan|nan|103.963219|nan|nan|nan|191.857100|34.269064|66.398406|0.021708|nan|nan
956|nan|34.971864|nan|116.802307|70.806347|nan|191.965906|nan|nan|86.867672|nan|nan|nan|196.457866|34.269064|67.024082|0.022151|nan|nan
957|nan|37.089661|nan|121.242698|72.539917|nan|191.844330|nan|nan|86.800477|nan|nan|nan|202.527987|34.269064|67.400136|0.022883|nan|nan
958|nan|39.302160|nan|129.926479|74.215147|nan|196.950454|nan|nan|84.468615|nan|nan|nan|213.891125|34.269064|68.038309|0.024555|nan|nan
959|nan|41.193917|nan|129.868257|76.086873|60.227893|192.816925|1.113440|nan|73.715142|nan|nan|nan|215.570524|34.269064|68.565968|0.024457|nan|nan
1000|nan|43.214002|nan|138.127899|77.986701|62.479291|194.640540|1.165491|nan|80.816629|nan|nan|nan|226.264957|34.269064|69.001065|0.025971|nan|nan
1001|nan|44.038371|nan|106.945044|79.026012|63.587069|146.132374|1.053230|nan|63.814591|nan|-44.534696|nan|198.457174|34.269064|68.743331|0.020368|nan|nan
1002|nan|43.438473|nan|62.640344|79.419885|63.265319|73.309335|0.886310|nan|42.120996|nan|-44.826492|nan|156.898111|34.269064|67.793654|0.012220|nan|nan
1003|nan|42.503685|nan|46.732326|79.787427|62.511284|47.778721|0.768886|nan|27.742625|nan|-45.412365|nan|144.039049|34.269064|66.776303|0.009310|nan|nan
1004|nan|40.748178|nan|17.191730|79.673184|60.986579|12.886882|0.658560|nan|17.024877|nan|-46.700653|nan|117.609259|40.981538|65.564287|0.003875|nan|nan
1005|nan|39.015047|nan|9.810836|79.476662|59.340865|12.886881|0.575334|nan|10.075493|nan|-47.977483|nan|114.135115|40.981538|67.226139|0.002577|nan|nan
1006|nan|37.240858|nan|5.411684|79.538644|57.731276|6.200292|0.509885|nan|17.990745|nan|-48.882800|nan|110.829447|40.981538|62.916184|0.001526|nan|nan
1007|nan|35.740116|nan|11.230710|80.107312|56.405638|8.145482|0.464620|nan|31.111127|nan|-48.816413|nan|119.203778|40.981538|62.326189|0.002599|nan|nan
1008|nan|33.889379|nan|-7.011100|80.568097|54.618624|8.023908|0.410929|nan|30.130061|nan|-48.961348|nan|104.386873|40.981538|58.607456|-0.001045|nan|nan
1009|nan|31.970293|nan|nan|80.859320|52.720877|6.686590|0.362025|nan|29.697258|nan|-49.266477|nan|95.891834|43.241284|46.842964|-0.005203|nan|nan
1010|nan|30.746560|nan|4.349146|80.838282|51.617317|51.912249|0.335680|nan|44.410668|nan|-49.172565|nan|119.232379|43.241284|46.773064|-0.001202|nan|nan
1011|nan|29.545698|nan|3.600469|80.854807|50.512942|77.199714|0.312538|nan|41.439876|nan|-49.058771|nan|118.771261|43.241284|46.522826|-0.001179|nan|nan
1012|nan|28.055005|nan|-14.518217|80.722636|48.996457|48.994465|0.284722|nan|13.809821|nan|-49.359202|nan|99.572240|42.662263|45.401825|-0.004508|nan|nan
1013|nan|26.832834|nan|-10.046524|80.553217|47.687875|63.461813|0.260719|nan|10.742858|nan|-50.050973|nan|100.553983|41.475370|43.913036|-0.003927|nan|nan
1014|nan|25.738355|nan|-8.183936|80.533499|46.547030|58.598838|0.241403|nan|4.673818|nan|-50.955283|nan|100.242464|39.315882|41.642746|-0.003524|nan|nan
1030|nan|25.163752|nan|11.958555|80.441441|45.942372|80.482222|0.232259|nan|8.164748|nan|-51.957619|nan|117.776811|39.315882|41.836357|0.000117|nan|nan
1031|nan|24.717324|nan|17.959427|79.820090|45.516326|76.591843|0.235759|nan|10.576906|nan|-53.484736|nan|121.497297|39.315882|42.111599|0.001211|nan|nan
1032|nan|23.838617|nan|-2.752932|79.334828|44.621825|38.539070|0.218885|nan|3.137560|nan|-55.250690|nan|98.537649|39.315882|41.985802|-0.002406|nan|nan
1033|47.748711|22.994325|nan|-7.294597|78.996232|43.686073|36.472307|0.200167|nan|-1.966762|nan|-57.435972|nan|91.390492|39.315882|41.855950|-0.003187|nan|nan
1034|62.639062|22.517125|nan|8.752205|78.114278|43.216065|30.393589|0.200167|nan|0.811395|nan|-58.969902|nan|102.501591|39.315882|42.186006|-0.000397|nan|nan
1035|85.451203|22.468242|nan|31.823095|77.810642|43.244997|60.544028|0.228954|nan|40.386218|nan|-59.917670|nan|121.488853|39.315882|42.717527|0.003845|nan|nan
1036|99.015424|23.446414|nan|45.955832|77.575908|43.519792|113.307298|0.313316|nan|38.424906|nan|-60.205327|nan|132.264407|39.315882|43.246270|0.006366|nan|nan
1037|86.131346|24.176692|nan|32.491687|77.685804|43.420043|120.601759|0.444800|nan|36.116956|nan|-60.329850|nan|116.124992|39.315882|43.305047|0.004045|nan|nan
1038|71.522700|24.358421|nan|18.021984|77.911965|42.738413|104.918667|0.413135|nan|29.302756|nan|-60.922469|nan|98.204314|39.315882|42.996054|0.001411|nan|nan
1039|90.059418|24.848890|nan|37.237525|77.910279|42.668120|163.152783|0.227426|nan|44.794652|nan|-60.400312|nan|113.618528|39.315882|43.326543|0.004848|nan|nan
1040|93.912398|24.884480|nan|40.533333|78.347942|42.164569|155.372024|0.167153|nan|62.811532|nan|-59.973678|nan|113.923065|39.315882|43.383366|0.005607|nan|nan
1041|61.664624|23.853236|nan|9.231998|78.547236|40.850335|125.951031|0.159344|nan|42.880922|nan|-61.533875|nan|77.777306|39.315882|42.610383|-0.000240|nan|nan
1042|49.635579|22.919796|nan|nan|77.727865|39.446071|118.413421|0.155474|nan|12.149960|nan|-63.969940|nan|62.958276|39.315882|41.967644|-0.002360|nan|nan
1043|69.811274|22.240124|nan|18.710159|76.661240|38.647983|148.199138|0.162767|nan|14.214810|nan|-65.771657|nan|80.356448|39.315882|41.895780|0.001434|nan|-56.439571
1044|56.035330|21.226871|nan|4.841362|74.433944|37.576900|134.461235|0.126246|nan|11.416704|nan|-69.040839|nan|63.418708|39.315882|52.622393|-0.000999|nan|-56.965053
1045|60.145258|20.414373|nan|10.562375|72.101928|36.763760|147.348117|0.087204|nan|3.316364|nan|-71.814850|nan|64.602400|39.315882|53.519699|-0.000151|nan|-57.411341
1046|52.236527|19.525644|nan|nan|70.047621|36.081079|109.538493|0.059436|nan|7.747199|-7.288377|-74.851141|nan|53.334888|39.315882|53.201500|-0.001512|nan|-57.963238
1047|68.360145|19.363190|nan|19.200597|67.605620|36.330825|81.819540|0.054698|nan|8.774513|11.812296|-77.511101|nan|66.184192|39.315882|45.845946|0.001522|nan|-58.265984
1048|92.024637|19.582139|nan|43.076319|65.056093|37.342339|89.965022|0.057683|nan|20.871466|37.996662|-79.761015|nan|86.620177|39.315882|45.539999|0.005916|nan|-58.274012
1049|88.055188|19.925072|nan|nan|62.724338|38.266204|56.653649|0.065354|nan|13.939629|36.440958|-82.104933|nan|79.215414|39.315882|45.936136|0.005224|nan|-58.290479
1050|88.031756|20.239697|nan|nan|59.988796|39.032680|49.723910|0.080658|nan|9.180043|38.587887|-84.662018|nan|76.761762|39.315882|46.209800|0.005246|nan|-58.295571
1051|73.443197|19.683553|4161.638250|24.160124|57.957655|39.428650|29.542568|0.087621|31.678965|-5.570463|25.340413|-86.755625|40.001168|61.042340|39.315882|46.076875|0.002592|nan|-58.495539
1052|55.815684|18.455308|4105.889171|6.970436|56.816095|39.479099|17.871430|0.085420|16.332256|-16.418837|8.654483|-88.099687|20.734461|43.370292|39.315882|45.627949|-0.000619|nan|-58.927754
1053|39.013392|16.898489|4057.916641|-9.995064|55.739623|38.926462|-16.047814|0.086502|3.517305|-19.726697|-7.013178|-89.468132|4.078775|27.730967|39.315882|45.091366|-0.003673|nan|-59.552863
1054|37.623493|14.700270|4000.481480|-10.251390|54.946071|38.273261|-28.205250|0.088073|2.541562|-22.287607|-7.192963|-90.045159|2.863031|28.020896|34.877576|36.762187|-0.003896|nan|-60.166936
1055|28.382915|12.409846|3968.084695|-19.915051|55.136164|36.928140|-15.439943|0.078565|3.946896|-14.651969|-15.661224|-90.696327|-6.133471|19.622101|34.877576|36.051050|-0.006725|nan|-60.866155
1056|22.712340|10.177443|3969.978580|nan|55.285099|35.119243|-20.667641|0.072316|3.317991|-15.424431|-20.635062|-91.350452|-11.482743|15.187805|34.877576|35.481718|-0.008751|nan|-61.610377
1057|19.421834|7.773163|3967.310044|-27.191047|55.322019|33.470331|-41.700003|0.077645|-2.800527|-10.251034|-23.117137|-92.276538|-14.400527|13.184998|34.877576|35.029883|-0.009889|nan|-62.390109
1058|27.756714|5.470176|3965.037102|-18.437557|55.393525|31.869435|-29.785717|0.077789|6.992459|-0.895670|-13.896588|-92.482972|-5.647174|23.040771|34.877576|34.829015|-0.008284|nan|-63.046183
1059|36.329121|3.361371|3944.023461|-9.765758|55.380473|30.665788|-18.600876|0.082460|7.029329|9.933663|-4.442287|-92.157498|3.349329|33.250805|34.877576|34.980390|-0.006634|nan|-63.587528
1100|42.569548|1.190983|3900.261422|-4.071310|55.779930|29.480627|7.902333|0.079999|19.237017|26.658787|2.424392|-92.259027|10.035918|39.331735|34.877576|34.943562|-0.005408|nan|-64.015481
1101|28.735239|-0.686019|3835.964658|-17.135492|56.328228|28.134475|0.486297|0.067600|6.024937|10.605481|-10.977670|-92.741564|-3.337261|23.880889|34.877576|34.606323|-0.007861|nan|-64.571730
1102|29.614864|-1.656818|3772.409145|-14.760678|56.858971|27.198500|-17.871430|0.071075|3.841157|9.604501|-9.548397|-92.694344|0.080057|23.157043|34.877576|34.499973|-0.007616|nan|-65.121798
1103|35.721664|-2.200801|3699.350403|nan|57.615714|26.348409|-15.561517|0.077408|12.565439|13.773447|-2.859994|-92.562621|8.165072|28.105340|34.877576|34.421376|-0.006412|nan|-65.604850
1104|42.346823|-2.055791|3620.978445|-1.484815|57.997630|26.090171|6.686590|0.075375|10.017484|10.180769|4.201648|-92.287584|10.736385|33.714263|34.877576|34.673078|-0.005119|nan|-65.975320
1105|28.425884|-2.155346|3540.930904|-15.642870|58.661855|25.312929|16.290963|0.044956|6.763463|3.916495|-9.560706|-92.953842|-2.758369|17.554897|34.877576|34.410555|-0.007595|nan|-66.489977
1106|22.492001|-2.111084|3473.922417|nan|59.050630|23.814610|24.558019|-0.030599|15.290785|-8.438420|-15.487099|-93.945681|-8.229215|10.308328|34.877576|34.211035|-0.008598|nan|-67.092705
1107|22.111689|-2.168745|3419.044252|nan|59.407005|22.003761|12.035861|-0.160139|19.012360|-23.232133|-15.740957|-94.360269|-8.107640|9.098625|34.877576|34.063084|-0.008576|nan|-67.673967
1108|37.157627|-1.672372|3372.883071|-4.776375|59.450985|20.598619|13.251604|-0.144290|27.534244|-6.738726|-0.359038|-94.200709|7.453877|22.995530|34.877576|34.264856|-0.005721|nan|-68.353020
1109|33.557924|-1.105102|3312.091528|-8.778500|59.878229|18.420470|28.934696|0.019122|37.134518|5.609720|-3.759663|-94.553682|4.414518|17.624893|34.877576|44.863168|-0.006279|nan|-69.010854
1110|12.781741|-1.265794|3254.383342|-28.534091|60.122436|15.942941|12.886881|0.059375|16.154642|-19.599272|-24.476571|-96.122200|-15.766825|-4.521062|34.877576|44.417343|-0.010480|nan|-70.150019
1111|15.924918|-1.347084|3205.536287|-23.918488|59.705947|13.630607|-15.196795|0.049037|21.122347|-27.439306|-21.097843|-97.958558|-11.998020|-2.273750|34.877576|44.389215|-0.009789|nan|-71.231398
1112|16.730633|-1.197772|3165.431481|-23.747527|59.585329|11.228890|-25.287465|0.041802|23.702706|-25.813746|-19.934521|-99.373751|-10.539127|-2.636350|34.877576|44.226129|-0.009522|nan|-72.217565
1113|18.596511|-1.035993|3109.850943|nan|59.540718|8.734674|-2.066764|0.024552|31.137228|-10.370429|-17.682666|-100.267700|-7.986066|-2.228419|34.877576|44.113407|-0.009055|nan|-73.066051
1114|20.436938|-0.882738|3048.963624|-17.294085|59.449436|6.359785|-12.765307|0.021368|32.409559|13.199243|-15.442800|-101.600190|-1.673004|-1.818454|34.877576|52.462261|-0.008587|nan|-73.829845
1115|42.809595|-0.669897|2990.963474|5.441706|59.051338|4.341705|14.953646|0.016939|52.627954|8.613590|7.388324|-102.441757|35.106123|19.990510|34.877576|52.848868|-0.004349|nan|-74.330423
1116|55.100377|-0.370905|2922.613096|18.842484|58.679592|3.078978|20.546066|0.001058|56.675312|18.684163|20.357013|-102.060477|48.434579|32.133904|34.877576|53.315130|-0.001962|nan|-74.519740
1117|60.488818|0.346803|2856.212445|23.499650|58.504698|2.623057|43.158895|-0.009237|53.953296|29.893296|26.415949|-101.202116|54.513296|37.606580|34.877576|52.717028|-0.000847|nan|-74.492368
1118|44.623638|0.817475|2741.726347|8.743693|58.862989|2.039034|51.912249|-0.026345|40.036869|20.267993|10.952599|-101.384269|37.476502|21.660888|34.877576|52.698202|-0.003635|nan|-74.485220
1119|32.309414|0.898617|2633.034135|-3.385379|59.208707|1.693938|36.472306|-0.040641|25.326464|-1.671859|-1.036224|-101.544488|20.765364|9.383709|34.877576|52.530438|-0.005778|nan|-74.474000
1120|31.819854|0.567321|2530.478319|-1.864756|59.263580|1.529806|36.715455|-0.062669|20.326572|-4.886169|-1.248705|-101.840828|17.766939|8.756386|34.877576|52.556023|-0.005755|nan|-74.474000
1121|28.191098|-0.132039|2435.047392|-6.354767|59.619484|1.350885|19.208748|-0.076422|20.247580|-11.538911|-4.324850|-102.017244|14.727580|5.110986|34.877576|52.424630|-0.006313|nan|-74.490352
1122|21.661480|-0.743828|2346.064589|nan|60.071444|0.981886|-4.255103|-0.081653|14.850436|-17.946056|-10.468102|-102.817807|8.770436|-1.452199|34.877576|52.326029|-0.007406|nan|-74.483229
1123|33.277931|-0.886456|2289.030165|1.291457|60.523703|1.163329|-8.753353|-0.083594|17.407872|-17.945315|1.342716|-103.928957|15.247872|10.102228|34.877576|52.408052|-0.005175|nan|-74.597373
1124|27.291265|-1.430168|2265.679412|-5.548941|61.127145|1.375258|-15.439943|-0.080873|12.258126|-27.845501|-4.640821|-105.067385|8.177026|3.742659|45.464885|52.322493|-0.006179|nan|-74.898114
1125|27.639016|-2.092759|2279.611394|-3.296410|61.318718|1.298322|-23.585425|-0.068831|16.948413|-13.388468|-4.299841|-106.161666|9.028046|4.426508|45.464885|52.414745|-0.006023|nan|-75.449307
1126|39.069588|-2.081480|2287.348032|8.608097|61.287040|1.465777|-17.020410|-0.057001|22.061599|-3.979040|7.220141|-106.499415|20.942333|17.302462|45.464885|50.639539|-0.003836|nan|-76.192074
1127|29.607775|-2.064792|2287.804307|-1.779498|61.779503|1.659065|-28.934696|-0.055187|10.346198|-6.427502|-2.083414|-106.586523|7.945831|8.801983|45.464885|50.512944|-0.005488|nan|-76.903723
1128|20.767772|-2.513614|2281.042314|nan|62.233447|1.666345|-28.569974|-0.058678|1.397567|-10.984524|-10.821349|-106.462104|-0.602800|0.722752|45.464885|50.416983|-0.007027|nan|-77.794987
1129|12.539074|-2.926659|2272.597523|-17.606787|63.589339|1.404297|-27.354229|-0.064319|-2.461724|-11.827806|-19.115856|-106.549430|-8.383558|-6.954682|50.759476|50.038392|-0.008456|nan|-78.707186
1330|-19.290340|-3.992317|2262.038601|-48.824314|63.078153|0.098424|-52.033824|-0.107105|-23.427539|-24.023682|-50.964500|-107.276890|-39.749742|-38.230530|50.759476|49.135837|-0.017978|nan|-79.985654
1331|-32.536968|-5.068355|2245.772856|-61.720522|62.146844|-1.505816|-78.172310|-0.156131|-33.632479|-33.306071|-64.196807|-108.195839|-52.515049|-50.417988|30.912643|28.449418|-0.022736|nan|-81.249371
1332|-36.433218|-6.415025|2213.076064|-65.481340|61.431019|-2.821509|-80.239074|-0.208224|-40.316194|-32.099131|-68.173957|-109.115019|-57.839131|-53.509955|30.912643|27.668951|-0.024074|nan|-82.340898
1333|-25.333794|-7.838184|2155.907534|-52.426173|60.681254|-3.682831|-61.638198|-0.237549|-32.920335|-23.440405|-56.706597|-109.935867|-46.523270|-40.931209|30.912643|27.405435|-0.021867|nan|-83.309867
1334|-17.654028|-9.107154|2084.560470|-44.818560|60.563090|-4.611080|-45.955106|-0.265822|-18.848922|-13.290630|-48.726942|-110.764720|-37.891491|-32.064240|30.912643|27.241117|-0.020284|nan|-83.939995
1335|-14.003484|-10.283819|2014.550562|-38.777857|59.834798|-5.756873|-54.830034|-0.307641|-12.950563|-17.828332|-44.601541|-111.657776|-33.271665|-26.901529|30.912643|27.310071|-0.019437|nan|-84.629385
1336|-7.457130|-11.097693|1923.426866|-31.275342|58.819785|-6.932539|-52.763270|-0.312834|-5.732587|-15.482388|-37.365135|-111.973476|-25.734055|-19.103972|30.912643|27.560408|-0.018053|nan|-85.685763
1337|-6.996675|-11.609741|1831.728016|-31.212230|58.344286|-7.923867|-51.182803|-0.322201|-6.993694|-3.415451|-36.224638|-112.301079|-24.275163|-18.105293|30.912643|27.641763|-0.017787|nan|-86.975641
1338|-3.615410|-11.671761|1704.422748|-25.436172|57.579679|-8.536414|-31.244609|-0.343092|-9.337384|-9.850267|-32.204211|-112.726937|-19.898486|-14.192368|30.912643|27.897861|-0.016984|nan|-88.257776
1339|-0.375204|-11.593892|1574.591293|-21.191496|57.381148|-9.392059|-30.028866|-0.340178|2.358084|-12.924308|-28.268436|-113.273349|-15.643384|-10.608356|30.912643|28.133568|-0.016203|nan|-89.965915
1340|-5.157486|-11.521817|1459.863743|-26.360676|56.720378|-10.437466|-53.979014|-0.336949|-2.129621|-29.008537|-32.137219|-113.485259|-19.412189|-15.610588|30.912643|28.196713|-0.016897|nan|-91.474071
1341|-6.269032|-11.296242|1355.177697|-26.121661|56.436202|-11.002302|-50.331783|-0.334868|-10.970463|-14.674646|-32.304389|-113.501926|-24.253763|-17.562850|30.912643|28.124328|-0.016922|nan|-92.955629
1342|-9.909198|-11.042734|1282.663593|nan|56.074915|-11.404120|-51.547526|-0.340405|-15.005099|-16.740066|-35.024643|-113.581685|-27.888399|-22.298501|30.912643|28.100789|-0.017416|nan|-94.457940
1343|-13.911020|-11.015040|1207.675567|-32.200342|56.040363|-12.243410|-52.033824|-0.353873|-11.484822|-10.220531|-38.252897|-114.187574|-30.927758|-27.447595|30.912643|27.961834|-0.017977|nan|-96.103308
1344|-26.900222|-11.329673|1098.578256|-43.742212|55.685234|-13.150928|-61.516623|-0.378885|-24.560315|-29.159333|-50.491693|-115.012680|-42.963619|-41.135614|30.912643|27.580529|-0.020192|nan|-97.869030
1345|-30.526292|-11.854026|969.748628|-45.518570|54.697413|-14.086638|-41.092132|-0.399967|-28.034952|-31.926826|-53.345629|-115.332436|-45.638255|-45.410893|30.912643|27.475985|-0.020687|nan|-99.741274
1346|-19.433792|-11.982604|847.478445|-33.823651|54.273920|-14.621416|-16.047814|-0.401500|-20.879823|-7.215964|-41.675395|-115.430463|-33.602393|-35.218098|30.912643|28.528317|-0.018477|nan|-101.175214
1347|-17.723785|-12.099970|687.776491|-32.171091|53.834465|-15.434470|-7.294462|-0.401670|-10.764821|-14.907708|-39.459350|-115.514362|-30.927758|-34.386530|30.912643|28.501958|-0.017987|nan|-102.127376
1348|-18.493078|-12.338814|537.086352|nan|53.327339|-16.626937|-22.248107|-0.414022|-3.161306|-7.109675|-39.578521|-115.658846|-30.684609|-35.986449|30.912643|33.803979|-0.017945|nan|-102.850629
1349|-10.664328|-12.479183|384.167500|-21.692234|53.111195|-17.541821|-25.044317|-0.422381|1.152889|1.873587|-31.047189|-115.667778|-21.809681|-28.974040|30.912643|34.012132|-0.016315|nan|-103.213955
1350|8.571413|-12.082729|224.398333|-1.735801|52.973733|-18.013020|-4.619825|-0.422349|17.055438|2.858236|-11.078488|-115.801201|-1.506764|-9.471525|30.912643|34.519363|-0.012581|nan|-103.329409
1351|12.968782|-11.531004|51.693381|nan|52.945189|-18.177013|-2.188338|-0.406861|18.606650|-0.305442|-5.965342|-116.154608|3.964082|-4.915581|30.912643|34.946499|-0.011576|nan|-103.274448
1352|16.886850|-10.887274|-133.344208|nan|53.341921|-17.990029|-3.160934|-0.391486|19.350466|3.189557|-1.265229|-116.565543|9.108630|-0.000802|30.912643|35.306021|-0.010660|nan|-103.247762
1353|26.179571|-10.296803|-330.051511|19.070168|52.998548|-17.266742|19.330323|-0.383922|23.363552|-5.322390|9.020841|-116.237757|19.442451|11.011278|30.912643|35.916168|-0.008759|nan|-103.261792
1354|17.252750|-9.925876|-481.101804|10.479184|52.740342|-16.806777|5.957144|-0.380539|21.141220|-8.594456|1.161529|-115.781667|11.540118|3.127464|30.912643|36.099466|-0.010213|nan|-103.266104
1355|-4.280551|-9.617979|-581.714728|-10.620506|52.524319|-16.665144|-13.737902|-0.401735|-2.045580|-22.589332|-19.409577|-115.901144|-10.605948|-16.842940|30.912643|35.947196|-0.013994|nan|-103.297334
1356|-13.859510|-9.427855|-665.197639|nan|52.159269|-16.625942|-10.455394|-0.455414|-9.557359|-40.061848|-28.186136|-116.199100|-19.477727|-24.899057|30.912643|35.688476|-0.015583|nan|-103.365198
1357|-5.773950|-9.105208|-707.556802|-8.662142|51.811625|-16.316746|-10.455394|-0.437212|-3.521593|-38.574321|-19.366325|-116.071178|-10.721225|-15.041179|30.912643|35.657364|-0.013927|nan|-103.442853
1358|11.107276|-8.518942|-720.700791|8.627498|50.793206|-15.690295|-1.094170|-0.430668|9.107894|-36.351846|-1.780353|-115.797384|7.028630|3.712910|22.674344|21.651356|-0.010660|nan|-103.547534
1359|10.011559|-8.053041|-722.013186|7.447270|49.918406|-15.302270|-9.118076|-0.426976|14.065114|-26.654651|-2.095091|-115.399388|6.785482|3.331138|22.674344|21.864786|-0.010705|nan|-103.652215
1400|6.143684|-8.043551|-724.311222|4.430233|49.761106|-15.146960|-43.523619|-0.389740|9.986491|-13.985256|-5.189082|-115.123129|3.746123|0.724583|22.674344|21.887224|-0.011264|nan|-103.737720
1401|-0.249138|-8.382237|-696.823512|nan|49.525273|-14.865497|-61.881346|-0.351079|-1.285562|-19.094498|-10.827511|-115.300266|-3.846297|-4.218029|22.674344|21.914064|-0.012293|nan|-103.789546
1402|-6.386076|-8.972503|-666.351008|-6.522249|48.985016|-14.753096|-70.634700|-0.316355|-4.074833|-20.600384|-16.163488|-115.405552|-9.195569|-8.724805|22.674344|21.790180|-0.013278|nan|-103.841372
1403|-0.469280|-9.141667|-681.277881|1.538445|48.459985|-14.575995|-51.912250|-0.294017|-0.428245|-5.623054|-9.435773|-115.115782|-2.508980|-0.629155|22.674344|21.857727|-0.012048|nan|-103.901902
1404|-12.193165|-9.373010|-705.246914|-10.437011|47.841260|-14.811402|-54.222162|-0.278622|-4.409200|-11.029669|-20.265041|-114.877697|-13.450671|-10.645679|22.674344|21.612458|-0.014062|nan|-103.923532
1405|-9.067628|-9.419104|-700.518658|-5.506882|47.787664|-14.683934|-45.711957|-0.249358|-9.399556|-11.155176|-16.141957|-113.686492|-11.960292|-5.544420|22.674344|21.587300|-0.013346|nan|-104.201443
1406|-11.986061|-9.519753|-680.538761|-8.735680|48.651601|-14.550649|-40.362685|-0.243620|-10.147894|-4.286110|-18.125446|-112.258979|-14.468630|-6.664735|22.674344|21.426668|-0.013749|nan|-104.897032
1407|-29.583554|-9.814955|-663.171398|-25.611653|49.732635|-14.794195|-55.802629|-0.246157|-23.605994|-10.170799|-34.806884|-111.234109|-31.687466|-22.352691|22.674344|21.008277|-0.016859|nan|-105.660476
1408|-35.011040|-10.362319|-670.269924|nan|50.438362|-15.340244|-56.167351|-0.264874|-24.347761|0.965182|-39.411727|-110.695931|-36.428865|-25.821506|22.674344|20.701203|-0.017732|nan|-106.302094
1409|-23.253423|-10.574114|-690.022448|-17.282570|50.538408|-15.488359|-39.511665|-0.227788|-17.868649|-6.657105|-26.801810|-110.093786|-24.028281|-12.091342|22.674344|20.792401|-0.015449|nan|-107.055933
1410|-23.851029|-10.810144|-694.554941|-18.250494|51.100533|-15.349002|-43.280470|-0.258980|-21.787913|-13.219948|-26.673859|-109.638707|-27.788281|-10.931965|22.674344|20.732059|-0.015449|nan|-107.878587
1411|-21.125086|-11.146672|-687.271357|nan|51.414049|-15.148135|-40.119537|-0.271209|-16.425406|-13.899478|-23.279131|-109.290677|-24.505774|-6.615082|22.674344|20.861759|-0.014845|nan|-108.261878
1412|-24.315978|-11.444703|-707.968563|-17.643050|51.752764|-15.068924|-45.468809|-0.297625|-19.020042|-17.198188|-25.852168|-109.044967|-27.180410|-8.755342|22.674344|20.830668|-0.015338|nan|-108.521176
1413|-18.704348|-11.383118|-749.555878|-10.301743|52.005885|-14.864786|-42.429450|-0.293596|-14.781692|-10.437063|-19.593753|-108.771529|-21.101692|-1.799300|22.674344|35.024615|-0.014219|nan|-109.009728
1414|-13.048235|-11.152391|-808.021279|nan|51.948755|-14.548761|-48.386593|-0.279953|-8.382974|-19.299494|-13.240020|-108.400188|-15.022974|5.104686|22.674344|40.970662|-0.013100|nan|-109.225050
1415|-12.710669|-10.430253|-870.863399|-3.490128|51.791513|-14.618576|-50.331783|-0.260544|-3.572792|-12.086689|-12.276609|-107.870840|-14.293528|5.626461|22.674344|41.215390|-0.012966|nan|-109.416435
1416|-3.483075|-9.268550|-923.649798|6.045733|51.318868|-14.702975|-28.691547|-0.247592|5.951214|-0.400706|-2.377232|-107.098667|-4.689154|15.188506|22.674344|42.174059|-0.011199|nan|-109.494090
1417|5.505508|-7.913842|-983.078299|nan|50.821204|-14.700738|-16.655687|-0.241722|13.232071|0.965404|7.335740|-105.969700|4.672071|24.932468|22.674344|39.478703|-0.007340|nan|-109.572902
1418|-3.005698|-6.936383|-1046.981503|6.398305|50.695512|-14.721423|-24.558020|-0.227500|5.328059|-1.946744|-0.459912|-104.989804|-3.473411|16.381371|22.674344|39.521532|-0.007864|nan|-109.985191
1419|-5.675075|-6.133854|-1073.267912|nan|50.602808|-14.592309|-17.993004|-0.217392|0.857413|12.709204|-2.365815|-103.765408|-5.783323|13.594415|22.674344|39.558659|-0.008289|nan|-110.400755
1420|-14.916503|-5.586242|-1090.169641|-5.093109|51.027818|-14.673014|-6.565015|-0.223449|-4.337883|4.396577|-10.869721|-102.735805|-12.738251|4.849587|22.674344|39.437048|-0.009923|nan|-110.926167
1421|-15.401418|-5.132912|-1122.675865|nan|51.360799|-14.698729|-1.215743|-0.232478|-6.619825|-2.016121|-10.639202|-102.031979|-12.859825|4.858112|22.674344|39.346736|-0.009945|-104741.248359|-111.272673
1422|-15.515579|-4.745771|-1134.437248|nan|51.389866|-14.615250|4.011953|-0.240398|-6.296309|-12.301677|-10.026360|-101.406662|-12.376677|4.945644|22.674344|39.281940|-0.009901|-95178.843963|-111.402353
1423|-14.910707|-4.387992|-1150.332387|-3.975363|51.442947|-14.712870|15.318369|-0.235318|-3.082611|-0.237415|-8.792504|-100.750594|-8.924082|5.619767|22.674344|39.237841|-0.009722|-93874.264623|-111.363257
1424|-11.387951|-4.056802|-1147.516613|1.042757|51.186137|-14.595245|11.306415|-0.238204|-3.192967|16.013914|-4.668499|-100.210052|-4.073703|9.068817|22.674344|39.364275|-0.009006|-93874.074733|-111.324162
1425|-11.019687|-3.705070|-1152.321775|nan|50.861470|-14.486468|-8.510204|-0.214225|-0.143888|9.731653|-3.691778|-100.207490|-3.344256|9.737887|22.674344|39.468564|-0.008872|-99090.303304|-111.285066
1426|-5.059526|-3.264131|-1192.620759|8.092206|49.812813|-14.422610|-10.820117|-0.162461|6.897610|3.639334|2.910235|-100.231074|2.977610|16.237471|22.674344|24.080375|-0.007709|-111261.763523|-111.293770
1427|3.337999|-2.600845|-1231.107019|nan|48.870793|-14.079485|6.929738|-0.170404|12.210595|16.082630|11.931313|-100.118480|11.730963|24.893564|22.674344|24.268988|-0.006097|-112568.800003|-111.313693
1428|-2.969656|-2.030255|-1278.754929|10.050898|48.585417|-13.765055|18.722450|-0.167928|8.494188|3.892153|6.092852|-100.408228|5.773820|19.155255|24.204277|24.261695|-0.007194|-112572.215384|-111.300644
1429|-6.578816|-1.312351|-1311.237615|7.627504|47.552335|-13.323160|15.196795|-0.162083|-0.709423|-6.657020|2.938565|-100.590018|1.211313|16.188841|23.717980|23.922868|-0.007798|-112575.630765|-111.304984
1430|-9.894670|-0.573058|-1324.391297|3.438054|47.276213|-12.476118|9.118077|-0.175191|-9.748046|-11.903112|0.117346|-100.268645|-9.828046|13.632243|23.717980|23.881782|-0.006153|-112578.590762|-111.309325
1431|-27.754068|-0.374333|-1317.840426|-13.800823|47.768633|-11.873388|-14.102625|-0.199583|-23.615592|-4.459887|-17.276340|-100.159364|-29.376328|-4.513280|23.717980|23.386213|-0.008917|-112580.184607|-111.287695
1432|-48.499713|-0.590180|-1305.904129|-34.342101|48.329221|-11.686188|-39.997962|-0.262312|-40.081288|-12.604060|-37.721689|-100.887638|-51.682393|-24.701585|23.717980|22.541530|-0.012662|-112580.412299|-111.270458
1433|-51.108599|-0.768584|-1283.550915|-36.289303|48.839718|-11.567798|-35.742861|-0.395812|-42.673513|-34.052214|-40.175959|-102.181843|-54.113881|-26.307254|23.717980|22.203392|-0.013592|-112579.729223|-111.266141
1434|-73.520383|-1.611515|-1247.769531|-58.974931|49.056062|-12.201840|-68.932658|-0.439786|-54.919041|-46.760465|-62.622266|-104.015140|-76.361987|-48.528421|23.717980|21.187977|-0.021860|-112576.769226|-111.165684
1435|-89.114764|-2.960986|-1198.993096|-74.961040|48.294888|-13.139220|-80.482222|-0.503702|-66.438983|-44.796690|-78.488530|-106.146553|-91.801930|-63.497619|18.025762|14.578749|-0.027643|-112571.304616|-111.026993
1436|-92.178628|-4.469435|-1165.965178|-76.439620|47.203091|-14.109796|-85.588345|-0.554300|-69.676769|-42.720117|-81.915503|-108.161608|-94.719715|-65.676928|1.371714|-2.596904|-0.028817|-112564.018469|-111.407366
1437|-98.040662|-6.218734|-1146.297432|-83.175941|46.301612|-15.298402|-108.201175|-0.594396|-71.310026|-34.513171|-88.205385|-110.168143|-100.433709|-71.225895|1.371714|-3.418884|-0.031034|-112553.772305|-111.953892
1438|-85.793067|-7.744012|-1136.764962|-70.102202|45.335010|-16.100803|-100.541990|-0.597113|-62.910179|-35.542670|-76.294918|-111.966896|-88.033125|-58.009532|1.371714|-3.542672|-0.028754|-112541.249241|-112.462837
1439|-56.142595|-8.643480|-1133.000405|-40.533409|44.051133|-16.270111|-58.355690|-0.648801|-39.285201|-12.400028|-46.870018|-112.714096|-58.247409|-27.797390|1.371714|-3.119662|-0.023270|-112526.676927|-112.756828
1440|-65.507783|-9.446903|-1153.093996|-50.227302|43.410841|-16.690415|-67.595341|-0.622534|-44.363748|-6.880831|-56.459909|-113.855474|-67.487060|-37.559211|1.371714|-3.197650|-0.024976|-112509.372308|-112.951587
1441|-59.430596|-9.851587|-1182.281040|-42.972332|42.381903|-16.917453|-58.112541|-0.613272|-42.163456|-22.465946|-50.542480|-114.712143|-61.286767|-32.944248|1.371714|-3.050641|-0.023837|-112490.018460|-113.049103
1442|-53.108061|-10.285859|-1243.177449|nan|41.182060|-16.976220|-54.343737|-0.581403|-35.159649|-21.007336|-44.287964|-114.925228|-50.923327|-28.700703|1.371714|-2.883483|-0.022654|-112468.615384|-113.091236
1443|-53.089528|-10.962535|-1306.234081|nan|40.469656|-16.970290|-48.143444|-0.573161|-36.558808|-2.832308|-44.305099|-115.023092|-51.601752|-30.660481|1.371714|-2.702564|-0.022634|-112445.390771|-113.179942
1444|-58.887226|-11.785086|-1366.135346|-43.700156|40.176675|-16.905144|-47.778721|-0.568694|-43.872435|-28.401461|-50.244260|-115.616479|-60.755747|-38.384400|1.371714|-2.666884|-0.023691|-112421.255390|-113.338069
1445|-44.239763|-12.230681|-1432.421086|-27.812588|39.529522|-16.425131|-32.338778|-0.577269|-30.763041|-33.512480|-35.740990|-115.811125|-46.045250|-25.252539|1.371714|-2.283530|-0.020981|-112397.575393|-113.609755
1446|-44.661517|-12.608393|-1502.132269|-29.354369|39.350617|-16.215982|-23.099127|-0.586270|-26.567396|-29.088985|-36.413158|-116.120428|-46.409973|-27.338754|1.371714|-2.094694|-0.021051|-112374.350759|-114.030033
1447|-44.940392|-12.881970|-1535.650674|nan|38.884603|-16.055188|-13.981051|-0.575195|-28.890545|-42.803074|-37.008653|-116.316773|-46.653122|-29.303396|1.371714|-1.906178|-0.021099|-112352.036915|-114.519430
1448|-24.631703|-12.842082|-1557.590218|-8.253037|38.558696|-15.398222|-1.823616|-0.576873|-14.988732|-18.497326|-16.989974|-116.134862|-26.350205|-9.791313|1.371714|-1.258605|-0.017355|-112332.683067|-114.684665
1449|-13.656217|-12.515401|-1576.824687|nan|38.732983|-14.742930|6.808164|-0.577949|-2.366673|-1.629227|-6.379145|-115.819148|-15.408513|0.725784|1.371714|-0.721680|-0.015339|-112316.289238|-114.655380
1450|-5.947411|-12.080643|-1590.784646|10.850638|38.899443|-14.277682|5.592420|-0.572529|6.812143|-5.275320|1.016077|-115.321315|-7.749329|8.195312|1.371714|-0.123687|-0.013927|-112303.538460|-114.639850
1451|7.608113|-11.402537|-1606.461880|24.361428|39.332471|-13.666524|18.965600|-0.558131|17.906897|7.799866|14.315023|-114.668648|5.745425|22.111629|1.371714|7.201518|-0.011438|-113595.599128|-114.593073
1452|15.213403|-10.327460|-1632.113118|31.516690|39.870788|-13.007880|26.746358|-0.569561|23.284139|9.915784|21.664906|-114.143887|13.283035|30.242521|1.371714|7.864304|-0.010048|-127029.860211|-114.535078
1453|25.243735|-8.982305|-1667.272497|41.865672|39.993562|-12.356469|37.688050|-0.663261|35.092500|12.542926|31.539027|-113.148363|23.252132|41.187182|1.371714|16.895268|-0.008209|-123558.962632|-114.519711
1454|31.880026|-7.738308|-1716.238577|nan|40.194562|-11.524589|48.143444|-0.718326|37.657883|17.173552|38.058490|-111.885653|32.457147|49.160691|1.371714|28.662244|-0.006997|-137867.746805|-114.519711
1455|29.410499|-6.616890|-1771.907037|45.876213|40.369341|-10.446538|46.319829|-0.822765|31.024453|22.743499|35.572445|-110.455771|31.104085|47.772532|1.371714|29.057042|-0.007469|-137873.897154|-114.519711
1456|26.347368|-5.600732|-1790.100751|41.156069|40.504844|-9.378866|49.480762|-0.736563|27.862784|19.015899|32.480551|-109.149943|27.943152|45.866246|1.371714|35.638487|-0.008052|-137884.240880|-114.558730
1457|13.804821|-4.827565|-1784.141903|28.508284|40.527087|-8.756179|45.590382|-0.742483|19.218312|1.338833|19.879926|-108.215469|15.539419|34.643828|1.371714|35.695862|-0.010384|-135730.283088|-114.623762
1458|7.446581|-4.245274|-1770.138136|nan|40.593767|-8.605398|33.189799|-0.772931|21.015979|-0.741244|13.524944|-107.489559|11.415979|29.621702|1.371714|36.903349|-0.011572|-98448.952084|-114.669321
1459|-2.563831|-3.934919|-1739.160554|11.975972|40.930988|-8.673419|19.816620|-0.778604|10.923830|-0.844217|3.404224|-107.190581|2.845307|20.619010|1.371714|36.986611|-0.013433|-98461.723958|-114.790706
