859|nan|nan|nan|nan|nan|nan|nan|nan|nan|nan|nan|nan|nan|nan|nan|nan|nan|nan|nan|nan|nan|nan|nan|nan|nan|nan|nan|nan|nan|nan|nan|nan|nan|nan|nan|nan|nan|nan|nan|nan|nan|nan|nan|nan|nan|nan|nan|nan|nan|nan
900|nan|nan|nan|nan|nan|nan|nan|nan|nan|nan|nan|nan|nan|nan|nan|nan|nan|nan|nan|nan|nan|nan|nan|nan|nan|nan|nan|nan|nan|nan|nan|nan|nan|nan|nan|nan|nan|nan|nan|nan|nan|nan|nan|nan|nan|nan|nan|nan|nan|nan
901|nan|nan|nan|nan|nan|nan|nan|nan|nan|nan|nan|nan|nan|nan|nan|nan|nan|nan|nan|nan|nan|nan|nan|nan|nan|nan|nan|nan|nan|nan|nan|nan|nan|nan|nan|nan|nan|nan|nan|nan|nan|nan|nan|nan|nan|nan|nan|nan|nan|nan
902|nan|nan|nan|nan|nan|nan|nan|nan|nan|nan|nan|nan|nan|nan|nan|nan|nan|nan|nan|nan|nan|nan|nan|nan|nan|nan|nan|nan|nan|nan|nan|nan|nan|nan|nan|nan|nan|nan|nan|nan|nan|nan|nan|nan|nan|nan|nan|nan|nan|nan
903|nan|nan|nan|nan|nan|nan|nan|nan|nan|nan|nan|nan|nan|nan|nan|nan|nan|nan|nan|nan|nan|nan|nan|nan|nan|nan|nan|nan|nan|nan|nan|nan|nan|nan|nan|nan|nan|nan|nan|nan|nan|nan|nan|nan|nan|nan|nan|nan|nan|nan
904|nan|nan|nan|nan|nan|nan|nan|nan|nan|nan|nan|nan|nan|nan|nan|nan|nan|nan|nan|nan|nan|nan|nan|nan|nan|nan|nan|nan|nan|nan|nan|nan|nan|nan|nan|nan|nan|nan|nan|nan|nan|nan|nan|nan|nan|nan|nan|nan|nan|nan
905|nan|nan|nan|nan|nan|nan|nan|nan|nan|nan|nan|nan|nan|nan|nan|nan|nan|nan|nan|nan|nan|nan|nan|nan|nan|nan|nan|nan|nan|nan|nan|nan|nan|nan|nan|nan|nan|nan|nan|nan|nan|nan|nan|nan|nan|nan|nan|nan|nan|nan
906|nan|nan|nan|nan|nan|nan|nan|nan|nan|nan|nan|nan|nan|nan|nan|nan|nan|nan|nan|nan|nan|nan|nan|nan|nan|nan|nan|nan|nan|nan|nan|nan|nan|nan|nan|nan|nan|nan|nan|nan|nan|nan|nan|nan|nan|nan|nan|nan|nan|nan
907|nan|nan|nan|nan|nan|nan|nan|nan|nan|nan|nan|nan|nan|nan|nan|nan|nan|nan|nan|nan|nan|nan|nan|nan|nan|nan|nan|nan|nan|nan|nan|nan|nan|nan|nan|nan|nan|nan|nan|nan|nan|nan|nan|nan|nan|nan|nan|nan|nan|nan
908|nan|nan|nan|nan|nan|nan|nan|nan|nan|nan|nan|nan|nan|nan|nan|nan|nan|nan|nan|nan|nan|nan|nan|nan|nan|nan|nan|nan|nan|nan|nan|nan|nan|nan|nan|nan|nan|nan|nan|nan|nan|nan|nan|nan|nan|nan|nan|nan|nan|nan
909|nan|nan|nan|nan|nan|nan|nan|nan|nan|nan|nan|nan|nan|nan|nan|nan|nan|nan|nan|nan|nan|nan|nan|nan|nan|nan|nan|nan|nan|nan|nan|nan|nan|nan|nan|nan|nan|nan|nan|nan|nan|nan|nan|nan|nan|nan|nan|nan|nan|nan
910|nan|nan|nan|nan|nan|nan|nan|nan|nan|nan|nan|nan|nan|nan|nan|nan|nan|nan|nan|nan|nan|nan|nan|nan|nan|nan|nan|nan|nan|nan|nan|nan|nan|nan|nan|nan|nan|nan|nan|nan|nan|nan|nan|nan|nan|nan|nan|nan|nan|nan
911|nan|nan|nan|nan|nan|nan|nan|nan|nan|nan|nan|nan|nan|nan|nan|nan|nan|nan|nan|nan|nan|nan|nan|nan|nan|nan|nan|nan|nan|nan|nan|nan|nan|nan|nan|nan|nan|nan|nan|nan|nan|nan|nan|nan|nan|nan|nan|nan|nan|nan
912|nan|nan|nan|nan|nan|nan|nan|nan|nan|nan|nan|nan|nan|nan|nan|nan|nan|nan|nan|nan|nan|nan|nan|nan|nan|nan|nan|nan|nan|nan|nan|nan|nan|nan|nan|nan|nan|nan|nan|nan|nan|nan|nan|nan|nan|nan|nan|nan|nan|nan
913|nan|nan|nan|nan|nan|nan|nan|nan|nan|nan|nan|nan|nan|nan|nan|nan|nan|nan|nan|nan|nan|nan|nan|nan|nan|nan|nan|nan|nan|nan|nan|nan|nan|nan|nan|nan|nan|nan|nan|nan|nan|nan|nan|nan|nan|nan|nan|nan|nan|nan
914|nan|nan|nan|nan|nan|nan|nan|nan|nan|nan|nan|nan|nan|nan|nan|nan|nan|nan|nan|nan|nan|nan|nan|nan|nan|nan|nan|nan|nan|nan|nan|nan|nan|nan|nan|nan|nan|nan|nan|nan|nan|nan|nan|nan|nan|nan|nan|nan|nan|nan
915|nan|nan|nan|nan|nan|nan|nan|nan|nan|nan|nan|nan|nan|nan|nan|nan|nan|nan|nan|nan|nan|nan|nan|nan|nan|nan|nan|nan|nan|nan|nan|nan|nan|nan|nan|nan|nan|nan|nan|nan|nan|nan|nan|nan|nan|nan|nan|nan|nan|nan
916|nan|nan|nan|nan|nan|nan|nan|nan|nan|nan|nan|nan|nan|nan|nan|nan|nan|nan|nan|nan|nan|nan|nan|nan|nan|nan|nan|nan|nan|nan|nan|nan|nan|nan|nan|nan|nan|nan|nan|nan|nan|nan|nan|nan|nan|nan|nan|nan|nan|nan
917|nan|nan|nan|nan|nan|nan|nan|nan|nan|nan|nan|nan|nan|nan|nan|nan|nan|nan|nan|nan|nan|nan|nan|nan|nan|nan|nan|nan|nan|nan|nan|nan|nan|nan|nan|nan|nan|nan|nan|nan|nan|nan|nan|nan|nan|nan|nan|nan|nan|nan
918|nan|nan|nan|nan|nan|nan|nan|nan|nan|nan|nan|nan|nan|nan|nan|nan|nan|nan|nan|nan|nan|nan|nan|nan|nan|nan|nan|nan|nan|nan|nan|nan|nan|nan|nan|nan|nan|nan|nan|nan|nan|nan|nan|nan|nan|nan|nan|nan|nan|nan
919|nan|nan|nan|nan|nan|nan|nan|nan|nan|nan|nan|nan|nan|nan|nan|nan|nan|nan|nan|nan|nan|nan|nan|nan|nan|nan|nan|nan|nan|nan|nan|nan|nan|nan|nan|nan|nan|nan|nan|nan|nan|nan|nan|nan|nan|nan|nan|nan|nan|nan
920|nan|nan|nan|nan|nan|nan|nan|nan|nan|nan|nan|nan|nan|nan|nan|nan|nan|nan|nan|nan|nan|nan|nan|nan|nan|nan|nan|nan|nan|nan|nan|nan|nan|nan|nan|nan|nan|nan|nan|nan|nan|nan|nan|nan|nan|nan|nan|nan|nan|nan
921|nan|nan|nan|nan|nan|nan|nan|nan|nan|nan|nan|nan|nan|nan|nan|nan|nan|nan|nan|nan|nan|nan|nan|nan|nan|nan|nan|nan|nan|nan|nan|nan|nan|nan|nan|nan|nan|nan|nan|nan|nan|nan|nan|nan|nan|nan|nan|nan|nan|nan
922|nan|nan|nan|nan|nan|nan|nan|nan|nan|nan|nan|nan|nan|nan|nan|nan|nan|nan|nan|nan|nan|nan|nan|nan|nan|nan|nan|nan|nan|nan|nan|nan|nan|nan|nan|nan|nan|nan|nan|nan|nan|nan|nan|nan|nan|nan|nan|nan|nan|nan
923|nan|nan|nan|nan|nan|nan|nan|nan|nan|nan|nan|nan|nan|nan|nan|nan|nan|nan|nan|nan|nan|nan|nan|nan|nan|nan|nan|nan|nan|nan|nan|nan|nan|nan|nan|nan|nan|nan|nan|nan|nan|nan|nan|nan|nan|nan|nan|nan|nan|nan
924|nan|nan|nan|nan|nan|nan|nan|nan|nan|nan|nan|nan|nan|nan|nan|nan|nan|nan|nan|nan|nan|nan|nan|nan|nan|nan|nan|nan|nan|nan|nan|nan|nan|nan|nan|nan|nan|nan|nan|nan|nan|nan|nan|nan|nan|nan|nan|nan|nan|nan
925|nan|nan|nan|nan|nan|nan|nan|nan|nan|nan|nan|nan|nan|nan|nan|nan|nan|nan|nan|nan|nan|nan|nan|nan|nan|nan|nan|nan|nan|nan|nan|nan|nan|nan|nan|nan|nan|nan|nan|nan|nan|nan|nan|nan|nan|nan|nan|nan|nan|nan
926|nan|nan|nan|nan|nan|nan|nan|nan|nan|nan|nan|nan|nan|nan|nan|nan|nan|nan|nan|nan|nan|nan|nan|nan|nan|nan|nan|nan|nan|nan|nan|nan|nan|nan|nan|nan|nan|nan|nan|nan|nan|nan|nan|nan|nan|nan|nan|nan|nan|nan
927|nan|nan|nan|nan|nan|nan|nan|nan|nan|nan|nan|nan|nan|nan|nan|nan|nan|nan|nan|nan|nan|nan|nan|nan|nan|nan|nan|nan|nan|nan|nan|nan|nan|nan|nan|nan|nan|nan|nan|nan|nan|nan|nan|nan|nan|nan|nan|nan|nan|nan
928|nan|nan|nan|nan|nan|nan|nan|nan|nan|nan|nan|nan|nan|nan|nan|nan|nan|nan|nan|nan|nan|nan|nan|nan|nan|nan|nan|nan|nan|nan|nan|nan|nan|nan|nan|nan|nan|nan|nan|nan|nan|nan|nan|nan|nan|nan|nan|nan|nan|nan
929|nan|nan|nan|nan|nan|nan|nan|nan|nan|nan|nan|nan|nan|nan|nan|nan|nan|nan|nan|nan|nan|nan|nan|nan|nan|nan|nan|nan|nan|nan|nan|nan|nan|nan|nan|nan|nan|nan|nan|nan|nan|nan|nan|nan|nan|nan|nan|nan|nan|nan
930|nan|nan|nan|nan|nan|nan|nan|nan|nan|nan|nan|nan|nan|nan|nan|nan|nan|nan|nan|nan|nan|nan|nan|nan|nan|nan|nan|nan|nan|nan|nan|nan|nan|nan|nan|nan|nan|nan|nan|nan|nan|nan|nan|nan|nan|nan|nan|nan|nan|nan
931|nan|nan|nan|nan|nan|nan|nan|nan|nan|nan|nan|nan|nan|nan|nan|nan|nan|nan|nan|nan|nan|nan|nan|nan|nan|nan|nan|nan|nan|nan|nan|nan|nan|nan|nan|nan|nan|nan|nan|nan|nan|nan|nan|nan|nan|nan|nan|nan|nan|nan
932|nan|nan|nan|nan|nan|nan|nan|nan|nan|nan|nan|nan|nan|nan|nan|nan|nan|nan|nan|nan|nan|nan|nan|nan|nan|nan|nan|nan|nan|nan|nan|nan|nan|nan|nan|nan|nan|nan|nan|nan|nan|nan|nan|nan|nan|nan|nan|nan|nan|nan
933|nan|nan|nan|nan|nan|nan|nan|nan|nan|nan|nan|nan|nan|nan|nan|nan|nan|nan|nan|nan|nan|nan|nan|nan|nan|nan|nan|nan|nan|nan|nan|nan|nan|nan|nan|nan|nan|nan|nan|nan|nan|nan|nan|nan|nan|nan|nan|nan|nan|nan
934|nan|nan|nan|nan|nan|nan|nan|nan|nan|nan|nan|nan|nan|nan|nan|nan|nan|nan|nan|nan|nan|nan|nan|nan|nan|nan|nan|nan|nan|nan|nan|nan|nan|nan|nan|nan|nan|nan|nan|nan|nan|nan|nan|nan|nan|nan|nan|nan|nan|nan
935|nan|nan|nan|nan|nan|nan|nan|nan|nan|nan|nan|nan|nan|nan|nan|nan|nan|nan|nan|nan|nan|nan|nan|nan|nan|nan|nan|nan|nan|nan|nan|nan|nan|nan|nan|nan|nan|nan|nan|nan|nan|nan|nan|nan|nan|nan|nan|nan|nan|nan
936|nan|nan|nan|nan|nan|nan|nan|nan|nan|nan|nan|nan|nan|nan|nan|nan|nan|nan|nan|nan|nan|nan|nan|nan|nan|nan|nan|nan|nan|nan|nan|nan|nan|nan|nan|nan|nan|nan|nan|nan|nan|nan|nan|nan|nan|nan|nan|nan|nan|nan
937|nan|nan|nan|nan|nan|nan|nan|nan|nan|nan|nan|nan|nan|nan|nan|nan|nan|nan|nan|nan|nan|nan|nan|nan|nan|nan|nan|nan|nan|nan|nan|nan|nan|nan|nan|nan|nan|nan|nan|nan|nan|nan|nan|nan|nan|nan|nan|nan|nan|nan
938|nan|nan|nan|nan|nan|nan|nan|nan|nan|nan|nan|nan|nan|nan|nan|nan|nan|nan|nan|nan|nan|nan|nan|nan|nan|nan|nan|nan|nan|nan|nan|nan|nan|nan|nan|nan|nan|nan|nan|nan|nan|nan|nan|nan|nan|nan|nan|nan|nan|nan
939|nan|nan|nan|nan|nan|nan|nan|nan|nan|nan|nan|nan|nan|nan|nan|nan|nan|nan|nan|nan|nan|nan|nan|nan|nan|nan|nan|nan|nan|nan|nan|nan|nan|nan|nan|nan|nan|nan|nan|nan|nan|nan|nan|nan|nan|nan|nan|nan|nan|nan
940|nan|nan|nan|nan|nan|nan|nan|nan|nan|nan|nan|nan|nan|nan|nan|nan|nan|nan|nan|nan|nan|nan|nan|nan|nan|nan|nan|nan|nan|nan|nan|nan|nan|nan|nan|nan|nan|nan|nan|nan|nan|nan|nan|nan|nan|nan|nan|nan|nan|nan
941|nan|nan|nan|nan|nan|nan|nan|nan|nan|nan|nan|nan|nan|nan|nan|nan|nan|nan|nan|nan|nan|nan|nan|nan|nan|nan|nan|nan|nan|nan|nan|nan|nan|nan|nan|nan|nan|nan|nan|nan|nan|nan|nan|nan|nan|nan|nan|nan|nan|nan
942|nan|nan|nan|nan|nan|nan|nan|nan|nan|nan|nan|nan|nan|nan|nan|nan|nan|nan|nan|nan|nan|nan|nan|nan|nan|nan|nan|nan|nan|nan|nan|nan|nan|nan|nan|nan|nan|nan|nan|nan|nan|nan|nan|nan|nan|nan|nan|nan|nan|nan
943|nan|nan|nan|nan|nan|nan|nan|nan|nan|nan|nan|nan|nan|nan|nan|nan|nan|nan|nan|nan|nan|nan|nan|nan|nan|nan|nan|nan|nan|nan|nan|nan|nan|nan|nan|nan|nan|nan|nan|nan|nan|nan|nan|nan|nan|nan|nan|nan|nan|nan
944|nan|nan|nan|nan|nan|nan|nan|nan|nan|nan|nan|nan|nan|nan|nan|nan|nan|nan|nan|nan|nan|nan|nan|nan|nan|nan|nan|nan|nan|nan|nan|nan|nan|nan|nan|nan|nan|nan|nan|nan|nan|nan|nan|nan|nan|nan|nan|nan|nan|nan
945|nan|nan|nan|nan|nan|nan|nan|nan|nan|nan|nan|nan|nan|nan|nan|nan|nan|nan|nan|nan|nan|nan|nan|nan|nan|nan|nan|nan|nan|nan|nan|nan|nan|nan|nan|nan|nan|nan|nan|nan|nan|nan|nan|nan|nan|nan|nan|nan|nan|nan
946|nan|nan|nan|nan|nan|nan|nan|nan|nan|nan|nan|nan|nan|nan|nan|nan|nan|nan|nan|nan|nan|nan|nan|nan|nan|nan|nan|nan|nan|nan|nan|nan|nan|nan|nan|nan|nan|nan|nan|nan|nan|nan|nan|nan|nan|nan|nan|nan|nan|nan
947|nan|nan|nan|nan|nan|nan|nan|nan|nan|nan|nan|nan|nan|nan|nan|nan|nan|nan|nan|nan|nan|nan|nan|nan|nan|nan|nan|nan|nan|nan|nan|nan|nan|nan|nan|nan|nan|nan|nan|nan|nan|nan|nan|nan|nan|nan|nan|nan|nan|nan
948|nan|nan|nan|nan|nan|nan|nan|nan|nan|nan|nan|nan|nan|nan|nan|nan|nan|nan|nan|nan|nan|nan|nan|nan|nan|nan|nan|nan|nan|nan|nan|nan|nan|nan|nan|nan|nan|nan|nan|nan|nan|nan|nan|nan|nan|nan|nan|nan|nan|nan
949|nan|nan|nan|nan|nan|nan|nan|nan|nan|nan|nan|nan|nan|nan|nan|nan|nan|nan|nan|nan|nan|nan|nan|nan|nan|nan|nan|nan|nan|nan|nan|nan|nan|nan|nan|nan|nan|nan|nan|nan|nan|nan|nan|nan|nan|nan|nan|nan|nan|nan
950|nan|nan|nan|nan|nan|nan|nan|nan|nan|nan|nan|nan|nan|nan|nan|nan|nan|nan|nan|nan|nan|nan|nan|nan|nan|nan|nan|nan|nan|nan|nan|nan|nan|nan|nan|nan|nan|nan|nan|nan|nan|nan|nan|nan|nan|nan|nan|nan|nan|nan
951|nan|nan|nan|nan|nan|nan|nan|nan|nan|nan|nan|nan|nan|nan|nan|nan|nan|nan|nan|nan|nan|nan|nan|nan|nan|nan|nan|nan|nan|nan|nan|nan|nan|nan|nan|nan|nan|nan|nan|nan|nan|nan|nan|nan|nan|nan|nan|nan|nan|nan
952|nan|nan|nan|nan|nan|nan|nan|nan|nan|nan|nan|nan|nan|nan|nan|nan|nan|nan|nan|nan|nan|nan|nan|nan|nan|nan|nan|nan|nan|nan|nan|nan|nan|nan|nan|nan|nan|nan|nan|nan|nan|nan|nan|nan|nan|nan|nan|nan|nan|nan
953|nan|nan|nan|nan|nan|nan|nan|nan|nan|nan|nan|nan|nan|nan|nan|nan|nan|nan|nan|nan|nan|nan|nan|nan|nan|nan|nan|nan|nan|nan|nan|nan|nan|nan|nan|nan|nan|nan|nan|nan|nan|nan|nan|nan|nan|nan|nan|nan|nan|nan
954|nan|nan|nan|nan|nan|nan|nan|nan|nan|nan|nan|nan|nan|nan|nan|nan|nan|nan|nan|nan|nan|nan|nan|nan|nan|nan|nan|nan|nan|nan|nan|nan|nan|nan|nan|nan|nan|nan|nan|nan|nan|nan|nan|nan|nan|nan|nan|nan|nan|nan
955|nan|nan|nan|nan|nan|nan|nan|nan|nan|nan|nan|nan|nan|nan|nan|nan|nan|nan|nan|nan|nan|nan|nan|nan|nan|nan|nan|nan|nan|nan|nan|nan|nan|nan|nan|nan|nan|nan|nan|nan|nan|nan|nan|nan|nan|nan|nan|nan|nan|nan
956|nan|nan|nan|nan|nan|nan|nan|nan|nan|nan|nan|nan|nan|nan|nan|nan|nan|nan|nan|nan|nan|nan|nan|nan|nan|nan|nan|nan|nan|nan|nan|nan|nan|nan|nan|nan|nan|nan|nan|nan|nan|nan|nan|nan|nan|nan|nan|nan|nan|nan
957|nan|nan|nan|nan|nan|nan|nan|nan|nan|nan|nan|nan|nan|nan|nan|nan|nan|nan|nan|nan|nan|nan|nan|nan|nan|nan|nan|nan|nan|nan|nan|nan|nan|nan|nan|nan|nan|nan|nan|nan|nan|nan|nan|nan|nan|nan|nan|nan|nan|nan
958|nan|nan|nan|nan|nan|nan|nan|nan|nan|nan|nan|nan|nan|nan|nan|nan|nan|nan|nan|nan|nan|nan|nan|nan|nan|nan|nan|nan|nan|nan|nan|nan|nan|nan|nan|nan|nan|nan|nan|nan|nan|nan|nan|nan|nan|nan|nan|nan|nan|nan
959|nan|nan|nan|nan|nan|nan|nan|nan|nan|nan|nan|nan|nan|nan|nan|nan|nan|nan|nan|nan|nan|nan|nan|nan|nan|nan|nan|nan|nan|nan|nan|nan|nan|nan|nan|nan|nan|nan|nan|nan|nan|nan|nan|nan|nan|nan|nan|nan|nan|nan
1000|nan|nan|nan|nan|nan|nan|nan|nan|nan|nan|nan|nan|nan|nan|nan|nan|nan|nan|nan|nan|nan|nan|nan|nan|nan|nan|nan|nan|nan|nan|nan|nan|nan|nan|nan|nan|nan|nan|nan|nan|nan|nan|nan|nan|nan|nan|nan|nan|nan|nan
1001|nan|nan|nan|nan|nan|nan|nan|nan|nan|nan|nan|nan|nan|nan|nan|nan|nan|nan|nan|nan|nan|nan|nan|nan|nan|nan|nan|nan|nan|nan|nan|nan|nan|nan|nan|nan|nan|nan|nan|nan|nan|nan|nan|nan|nan|nan|nan|nan|nan|nan
1002|nan|nan|nan|nan|nan|nan|nan|nan|nan|nan|nan|nan|nan|nan|nan|nan|nan|nan|nan|nan|nan|nan|nan|nan|nan|nan|nan|nan|nan|nan|nan|nan|nan|nan|nan|nan|nan|nan|nan|nan|nan|nan|nan|nan|nan|nan|nan|nan|nan|nan
1003|nan|nan|nan|nan|nan|nan|nan|nan|nan|nan|nan|nan|nan|nan|nan|nan|nan|nan|nan|nan|nan|nan|nan|nan|nan|nan|nan|nan|nan|nan|nan|nan|nan|nan|nan|nan|nan|nan|nan|nan|nan|nan|nan|nan|nan|nan|nan|nan|nan|nan
1004|nan|nan|nan|nan|nan|nan|nan|nan|nan|nan|nan|nan|nan|nan|nan|nan|nan|nan|nan|nan|nan|nan|nan|nan|nan|nan|nan|nan|nan|nan|nan|nan|nan|nan|nan|nan|nan|nan|nan|nan|nan|nan|nan|nan|nan|nan|nan|nan|nan|nan
1005|nan|nan|nan|nan|nan|nan|nan|nan|nan|nan|nan|nan|nan|nan|nan|nan|nan|nan|nan|nan|nan|nan|nan|nan|nan|nan|nan|nan|nan|nan|nan|nan|nan|nan|nan|nan|nan|nan|nan|nan|nan|nan|nan|nan|nan|nan|nan|nan|nan|nan
1006|nan|nan|nan|nan|nan|nan|nan|nan|nan|nan|nan|nan|nan|nan|nan|nan|nan|nan|nan|nan|nan|nan|nan|nan|nan|nan|nan|nan|nan|nan|nan|nan|nan|nan|nan|nan|nan|nan|nan|nan|nan|nan|nan|nan|nan|nan|nan|nan|nan|nan
1007|nan|nan|nan|nan|nan|nan|nan|nan|nan|nan|nan|nan|nan|nan|nan|nan|nan|nan|nan|nan|nan|nan|nan|nan|nan|nan|nan|nan|nan|nan|nan|nan|nan|nan|nan|nan|nan|nan|nan|nan|nan|nan|nan|nan|nan|nan|nan|nan|nan|nan
1008|nan|nan|nan|nan|nan|nan|nan|nan|nan|nan|nan|nan|nan|nan|nan|nan|nan|nan|nan|nan|nan|nan|nan|nan|nan|nan|nan|nan|nan|nan|nan|nan|nan|nan|nan|nan|nan|nan|nan|nan|nan|nan|nan|nan|nan|nan|nan|nan|nan|nan
1009|nan|nan|nan|nan|nan|nan|nan|nan|nan|nan|nan|nan|nan|nan|nan|nan|nan|nan|nan|nan|nan|nan|nan|nan|nan|nan|nan|nan|nan|nan|nan|nan|nan|nan|nan|nan|nan|nan|nan|nan|nan|nan|nan|nan|nan|nan|nan|nan|nan|nan
1010|nan|nan|nan|nan|nan|nan|nan|nan|nan|nan|nan|nan|nan|nan|nan|nan|nan|nan|nan|nan|nan|nan|nan|nan|nan|nan|nan|nan|nan|nan|nan|nan|nan|nan|nan|nan|nan|nan|nan|nan|nan|nan|nan|nan|nan|nan|nan|nan|nan|nan
1011|nan|nan|nan|nan|nan|nan|nan|nan|nan|nan|nan|nan|nan|nan|nan|nan|nan|nan|nan|nan|nan|nan|nan|nan|nan|nan|nan|nan|nan|nan|nan|nan|nan|nan|nan|nan|nan|nan|nan|nan|nan|nan|nan|nan|nan|nan|nan|nan|nan|nan
1012|nan|nan|nan|nan|nan|nan|nan|nan|nan|nan|nan|nan|nan|nan|nan|nan|nan|nan|nan|nan|nan|nan|nan|nan|nan|nan|nan|nan|nan|nan|nan|nan|nan|nan|nan|nan|nan|nan|nan|nan|nan|nan|nan|nan|nan|nan|nan|nan|nan|nan
1013|nan|nan|nan|nan|nan|nan|nan|nan|nan|nan|nan|nan|nan|nan|nan|nan|nan|nan|nan|nan|nan|nan|nan|nan|nan|nan|nan|nan|nan|71.186731|nan|nan|nan|nan|nan|nan|nan|nan|nan|nan|nan|nan|nan|nan|nan|nan|nan|nan|nan|nan
1014|nan|nan|nan|nan|nan|nan|nan|nan|nan|nan|nan|nan|nan|nan|nan|nan|nan|nan|nan|nan|nan|nan|nan|nan|nan|nan|nan|nan|nan|58.331768|nan|nan|nan|nan|nan|nan|nan|nan|nan|nan|nan|nan|nan|nan|nan|nan|nan|nan|nan|nan
1030|nan|nan|nan|nan|nan|nan|nan|nan|nan|nan|nan|nan|nan|nan|nan|nan|nan|nan|nan|nan|nan|nan|nan|nan|nan|nan|nan|nan|nan|85.423170|nan|nan|nan|nan|nan|nan|nan|nan|nan|nan|nan|nan|nan|nan|nan|nan|nan|nan|nan|nan
1031|nan|nan|nan|nan|nan|nan|nan|nan|nan|nan|nan|nan|nan|nan|nan|nan|nan|nan|nan|nan|nan|nan|nan|nan|nan|nan|nan|nan|nan|28.084217|nan|nan|nan|nan|nan|nan|nan|nan|nan|nan|nan|nan|nan|nan|nan|nan|nan|nan|nan|nan
1032|nan|nan|nan|nan|nan|nan|nan|nan|nan|nan|nan|nan|nan|nan|nan|nan|nan|nan|nan|nan|nan|nan|nan|nan|nan|nan|nan|nan|nan|66.525266|nan|nan|nan|nan|nan|nan|nan|nan|nan|nan|nan|nan|nan|nan|nan|nan|nan|nan|nan|nan
1033|nan|nan|nan|nan|nan|nan|nan|nan|nan|nan|nan|nan|nan|nan|nan|nan|nan|nan|nan|nan|nan|nan|nan|nan|nan|nan|nan|nan|nan|67.842396|nan|nan|nan|nan|nan|nan|nan|nan|nan|nan|nan|nan|nan|nan|nan|nan|nan|nan|nan|nan
1034|nan|nan|nan|nan|nan|nan|nan|nan|nan|nan|nan|nan|nan|nan|nan|nan|nan|nan|nan|nan|nan|nan|nan|nan|nan|nan|nan|nan|nan|58.150625|nan|nan|nan|nan|nan|nan|nan|nan|nan|nan|nan|nan|nan|nan|nan|nan|nan|nan|nan|nan
1035|nan|nan|nan|nan|nan|nan|nan|nan|nan|nan|nan|nan|nan|nan|nan|nan|nan|nan|nan|nan|nan|nan|nan|nan|nan|nan|nan|nan|nan|44.506404|nan|nan|nan|nan|nan|nan|nan|nan|nan|nan|nan|nan|nan|nan|nan|nan|nan|nan|nan|nan
1036|nan|nan|nan|nan|nan|nan|nan|nan|nan|nan|nan|nan|nan|nan|nan|nan|nan|nan|nan|nan|nan|nan|nan|nan|nan|nan|nan|nan|nan|33.843695|nan|nan|nan|nan|nan|nan|nan|nan|nan|nan|nan|nan|nan|nan|nan|nan|nan|nan|nan|nan
1037|nan|nan|nan|nan|nan|nan|nan|nan|nan|nan|nan|nan|nan|nan|nan|nan|nan|nan|nan|nan|nan|nan|nan|nan|nan|nan|nan|nan|nan|25.265234|nan|nan|nan|nan|nan|nan|nan|nan|nan|nan|nan|nan|nan|nan|nan|nan|nan|nan|nan|nan
1038|nan|nan|nan|nan|nan|nan|nan|nan|nan|nan|nan|nan|nan|nan|nan|nan|nan|nan|nan|nan|nan|nan|nan|nan|nan|nan|nan|nan|nan|32.476499|nan|nan|nan|nan|nan|nan|nan|nan|nan|nan|nan|nan|nan|nan|nan|nan|nan|nan|nan|nan
1039|nan|nan|nan|nan|nan|nan|nan|nan|nan|nan|nan|nan|nan|nan|nan|nan|nan|nan|nan|nan|nan|nan|nan|nan|nan|nan|nan|nan|nan|55.954636|nan|nan|nan|nan|nan|nan|nan|nan|nan|nan|nan|nan|nan|nan|nan|nan|nan|nan|nan|nan
1040|nan|nan|nan|nan|nan|nan|nan|nan|nan|nan|nan|nan|nan|nan|nan|nan|nan|nan|nan|nan|nan|nan|nan|nan|nan|nan|nan|nan|nan|47.628479|nan|nan|nan|nan|nan|nan|nan|nan|nan|nan|nan|nan|nan|nan|nan|nan|nan|nan|nan|nan
1041|nan|nan|nan|nan|nan|nan|nan|nan|nan|nan|nan|nan|nan|nan|nan|nan|nan|nan|nan|nan|nan|nan|nan|nan|nan|nan|nan|nan|nan|47.955247|nan|nan|nan|nan|nan|nan|nan|nan|nan|nan|nan|nan|nan|nan|nan|nan|nan|nan|nan|nan
1042|nan|nan|nan|nan|nan|nan|nan|nan|nan|nan|nan|nan|nan|nan|nan|nan|nan|nan|nan|nan|nan|nan|nan|nan|nan|nan|nan|nan|nan|16.825412|nan|nan|nan|nan|nan|nan|nan|nan|nan|nan|nan|nan|nan|nan|nan|nan|nan|nan|nan|nan
1043|nan|nan|nan|nan|nan|nan|nan|nan|nan|nan|nan|nan|nan|nan|nan|nan|nan|nan|nan|nan|nan|nan|nan|nan|nan|nan|nan|nan|nan|25.630336|nan|0.306824|nan|nan|nan|-1893.554811|nan|nan|nan|nan|-17445.606665|nan|nan|4.019182|nan|-7.898612|nan|-0.094018|nan|nan
1044|nan|nan|nan|nan|nan|nan|nan|nan|nan|nan|nan|nan|nan|nan|nan|nan|nan|nan|nan|nan|nan|nan|nan|nan|nan|nan|nan|nan|nan|24.122669|nan|0.306824|nan|nan|nan|-1893.917285|nan|nan|nan|nan|-17445.606665|nan|nan|4.019181|nan|-7.898612|nan|-0.094018|nan|nan
1045|nan|nan|nan|nan|nan|nan|nan|nan|nan|nan|nan|nan|nan|nan|nan|nan|nan|nan|nan|nan|nan|nan|nan|nan|nan|nan|nan|nan|nan|19.842849|nan|0.306824|nan|nan|nan|-1894.206286|nan|nan|nan|nan|-56810.039147|nan|nan|4.018069|nan|-7.898612|nan|-0.094018|nan|nan
1046|nan|nan|nan|nan|nan|nan|nan|nan|nan|nan|nan|nan|nan|nan|nan|nan|nan|nan|nan|nan|nan|nan|nan|nan|nan|nan|nan|nan|nan|16.000658|nan|0.306824|nan|nan|nan|-1894.599741|nan|nan|nan|nan|-56810.039147|nan|nan|4.036400|nan|-7.898612|nan|-0.094018|nan|nan
1047|nan|nan|nan|nan|nan|nan|nan|nan|nan|nan|nan|nan|nan|nan|nan|nan|nan|nan|nan|nan|nan|nan|nan|nan|nan|nan|nan|nan|nan|15.200625|nan|0.306824|nan|nan|nan|-1894.362088|nan|nan|nan|nan|-56810.039147|nan|nan|4.077697|nan|-7.898612|nan|-0.094018|nan|nan
1048|nan|nan|nan|nan|nan|nan|nan|nan|nan|nan|nan|nan|nan|nan|nan|nan|nan|nan|nan|nan|nan|nan|nan|nan|nan|nan|nan|nan|nan|11.906848|nan|0.306824|nan|nan|nan|-1894.458299|nan|nan|nan|nan|-56810.039147|nan|nan|4.137390|nan|-7.898612|nan|-0.094018|nan|nan
1049|nan|nan|nan|nan|nan|nan|nan|nan|nan|nan|nan|nan|nan|nan|nan|nan|nan|nan|nan|nan|nan|nan|nan|nan|nan|nan|nan|nan|nan|16.320275|nan|0.306824|nan|nan|nan|-1894.943143|nan|nan|nan|nan|-56810.039147|nan|nan|4.209907|nan|-7.898612|nan|-0.094018|nan|nan
1050|nan|nan|nan|nan|nan|nan|nan|nan|nan|nan|nan|nan|nan|nan|nan|nan|nan|nan|nan|nan|nan|nan|nan|nan|nan|nan|nan|nan|nan|13.215659|nan|0.306824|nan|nan|nan|-1893.758709|nan|nan|nan|nan|-56810.039147|nan|nan|4.274679|nan|-7.898612|nan|-0.094018|nan|nan
1051|nan|nan|nan|nan|nan|nan|nan|nan|nan|nan|nan|nan|nan|nan|nan|nan|nan|nan|nan|nan|nan|nan|nan|nan|nan|nan|nan|nan|nan|17.301926|nan|0.306824|nan|nan|nan|-1891.987103|nan|nan|nan|nan|-56810.039147|nan|nan|4.340135|nan|-7.898612|nan|-0.094018|nan|nan
1052|nan|nan|nan|nan|nan|nan|nan|nan|nan|nan|nan|nan|nan|nan|nan|nan|nan|nan|nan|nan|nan|nan|nan|nan|nan|nan|nan|nan|nan|18.855045|nan|0.306824|nan|nan|nan|-1893.645593|nan|nan|nan|nan|-56810.039147|nan|nan|4.407356|nan|-7.898612|nan|-0.094018|nan|nan
1053|nan|nan|nan|nan|nan|nan|nan|nan|nan|nan|nan|nan|nan|nan|nan|nan|nan|nan|nan|nan|nan|nan|nan|nan|nan|nan|nan|nan|nan|17.041751|nan|0.364003|nan|nan|nan|-1894.564006|nan|nan|nan|nan|-56810.039147|nan|nan|4.470083|nan|-7.898612|nan|-0.094018|nan|nan
1054|nan|nan|nan|nan|nan|nan|nan|nan|nan|nan|nan|nan|nan|nan|nan|nan|nan|nan|nan|nan|nan|nan|nan|nan|nan|nan|nan|nan|nan|14.299618|nan|0.364003|nan|nan|nan|-1894.012834|nan|nan|nan|nan|-56810.039147|nan|nan|4.528269|nan|-7.898612|nan|-0.094018|nan|nan
1055|nan|nan|nan|nan|nan|nan|nan|nan|nan|nan|nan|nan|nan|nan|nan|nan|nan|nan|nan|nan|nan|nan|nan|nan|nan|nan|nan|nan|nan|23.000192|nan|0.364003|nan|nan|nan|-1893.289393|nan|nan|nan|nan|-56810.039147|nan|nan|4.583887|nan|-7.898612|nan|-0.094018|nan|nan
1056|nan|nan|nan|nan|nan|nan|nan|nan|nan|nan|nan|nan|nan|nan|nan|nan|nan|nan|nan|nan|nan|nan|nan|nan|nan|nan|nan|nan|nan|20.221706|nan|0.364003|nan|nan|nan|-1894.606879|nan|nan|nan|nan|-56810.039147|nan|nan|4.636361|nan|-7.898612|nan|-0.094018|nan|nan
1057|nan|nan|nan|nan|nan|nan|nan|nan|nan|nan|nan|nan|nan|nan|nan|nan|nan|nan|nan|nan|nan|nan|nan|nan|nan|nan|nan|nan|nan|19.547649|nan|0.364003|nan|nan|nan|-1894.233270|nan|nan|nan|nan|-56810.039147|nan|nan|4.682659|nan|-7.898612|nan|-0.094018|nan|nan
1058|nan|nan|nan|nan|nan|nan|nan|nan|nan|nan|nan|nan|nan|nan|nan|nan|nan|nan|nan|nan|nan|nan|nan|nan|0.029829|nan|nan|nan|nan|13.302452|nan|0.364003|nan|nan|nan|-1893.568772|nan|nan|nan|nan|-56810.039147|nan|nan|4.724460|nan|-7.898612|nan|-0.094018|nan|-50.163142
1059|nan|nan|nan|nan|nan|nan|nan|nan|nan|nan|nan|nan|nan|nan|nan|nan|nan|nan|nan|nan|nan|nan|nan|nan|0.029829|nan|nan|nan|nan|12.886750|nan|0.364003|nan|nan|nan|-1894.620395|nan|nan|nan|nan|-1250295.049267|nan|nan|4.760687|nan|-7.898612|nan|-0.094018|nan|-50.163142
1100|nan|nan|nan|nan|nan|nan|nan|nan|nan|nan|nan|nan|nan|nan|nan|nan|nan|nan|nan|nan|nan|nan|nan|nan|0.029829|nan|nan|nan|nan|12.496242|nan|0.364003|nan|nan|nan|-1894.187782|nan|nan|nan|nan|-1250295.049267|nan|nan|4.792286|nan|-7.898612|nan|-0.094018|nan|-50.163142
1101|nan|nan|nan|nan|nan|nan|nan|nan|nan|nan|nan|nan|nan|nan|nan|nan|nan|nan|nan|nan|nan|nan|nan|nan|0.029829|nan|nan|nan|nan|12.128706|nan|0.364003|nan|nan|nan|-1893.141721|nan|nan|nan|nan|-1250295.049267|nan|nan|4.819102|nan|-7.898612|nan|-0.094018|nan|-50.163142
1102|nan|nan|nan|nan|nan|nan|nan|nan|nan|nan|nan|nan|nan|nan|nan|nan|nan|nan|nan|nan|nan|nan|nan|nan|0.029829|nan|nan|nan|nan|8.422837|nan|0.364003|nan|nan|nan|-1893.929535|nan|nan|nan|nan|-1250295.049267|nan|nan|4.841761|nan|-7.898612|nan|-0.094018|nan|-50.163142
1103|nan|nan|nan|nan|nan|nan|nan|nan|nan|nan|nan|nan|nan|nan|nan|nan|nan|nan|nan|nan|nan|nan|nan|nan|0.029829|nan|nan|nan|nan|9.827678|nan|0.364003|nan|nan|nan|-1893.694034|nan|nan|nan|nan|-1250295.049267|nan|nan|4.862377|nan|-7.898612|nan|-0.094018|nan|-50.163142
1104|nan|nan|nan|nan|nan|nan|nan|nan|nan|nan|nan|nan|nan|nan|nan|nan|nan|nan|nan|nan|nan|nan|nan|nan|0.029829|nan|nan|nan|nan|7.961417|nan|0.364003|nan|nan|nan|-1894.198781|nan|nan|nan|nan|-1250295.049267|nan|nan|4.881005|nan|-7.898612|nan|-0.094018|nan|-124.248428
1105|nan|nan|nan|nan|nan|nan|nan|nan|nan|nan|nan|nan|nan|nan|nan|nan|nan|nan|nan|nan|nan|nan|nan|nan|0.029829|nan|nan|nan|nan|6.186668|nan|0.364003|nan|nan|nan|-1892.681743|nan|nan|nan|nan|-1250295.049267|nan|nan|4.898058|nan|-7.898612|nan|-0.094018|nan|-124.248428
1106|nan|nan|nan|nan|nan|nan|nan|nan|nan|nan|nan|nan|nan|nan|nan|nan|nan|nan|nan|nan|nan|nan|nan|nan|0.029829|nan|nan|nan|nan|7.560026|nan|0.364003|nan|nan|nan|-1893.636299|nan|nan|nan|nan|-1250295.049267|nan|nan|4.914673|nan|-7.898612|nan|-0.094018|nan|-124.248428
1107|nan|nan|nan|nan|nan|nan|nan|nan|nan|nan|nan|nan|nan|nan|nan|nan|nan|nan|nan|nan|nan|nan|nan|nan|0.029829|nan|nan|nan|nan|6.620468|nan|0.364003|nan|nan|nan|-1894.454255|nan|nan|nan|nan|-1250295.049267|nan|nan|4.930548|nan|-7.898612|nan|-0.094018|nan|-124.248428
1108|nan|nan|nan|nan|nan|nan|nan|nan|nan|nan|nan|nan|nan|nan|nan|nan|nan|nan|nan|nan|nan|nan|nan|nan|0.029829|nan|nan|nan|nan|7.194968|nan|0.364003|nan|nan|nan|-1892.994765|nan|nan|nan|nan|-1250295.049267|nan|nan|4.945787|nan|-7.898612|nan|-0.094018|nan|-124.248428
1109|nan|nan|nan|nan|nan|nan|nan|nan|nan|nan|nan|nan|nan|nan|nan|nan|nan|nan|nan|nan|nan|nan|nan|nan|0.029829|nan|nan|nan|nan|0.520199|nan|0.364003|nan|nan|nan|-1893.940167|nan|nan|nan|nan|-1250295.049267|nan|nan|4.960399|nan|-7.898612|nan|-0.094018|nan|-124.248428
1110|nan|nan|nan|nan|nan|nan|nan|nan|nan|nan|nan|nan|nan|nan|nan|nan|nan|nan|nan|nan|nan|nan|nan|nan|0.029829|nan|nan|nan|nan|-20.832522|nan|0.364003|nan|nan|nan|-2856.779214|nan|nan|nan|nan|-1250295.049267|nan|nan|4.972504|nan|-7.898612|nan|-0.094018|nan|-124.248428
1111|nan|nan|nan|nan|nan|nan|nan|nan|nan|nan|nan|nan|nan|nan|nan|nan|nan|nan|nan|nan|nan|nan|nan|nan|0.029829|nan|nan|nan|nan|-22.465359|nan|0.364003|nan|nan|nan|-2857.693325|nan|nan|nan|nan|-1250295.049267|nan|nan|4.982914|nan|-7.898612|nan|-0.094018|nan|-124.248428
1112|nan|nan|nan|nan|nan|nan|nan|nan|nan|nan|nan|nan|nan|nan|nan|nan|nan|nan|nan|nan|nan|nan|nan|nan|0.029829|nan|nan|nan|nan|-19.196275|nan|0.364003|nan|nan|nan|-2856.232764|nan|nan|nan|nan|-1250295.049267|nan|nan|4.991852|nan|-7.898612|nan|-0.094018|nan|-124.248428
1113|nan|nan|nan|nan|nan|nan|nan|nan|3782.000000|nan|nan|110269933.966696|nan|nan|nan|nan|nan|nan|nan|nan|nan|nan|nan|nan|0.029829|nan|nan|nan|nan|-17.417674|nan|0.364003|nan|nan|nan|-2855.866471|nan|nan|nan|nan|-1250295.049267|nan|nan|4.996094|nan|-7.898612|nan|-0.094018|nan|-124.248428
1114|nan|nan|nan|nan|nan|nan|nan|nan|3782.000000|nan|nan|107733370.031976|nan|nan|nan|nan|nan|nan|nan|nan|nan|nan|nan|nan|0.029829|nan|nan|nan|nan|-23.054306|nan|0.364003|nan|nan|nan|-2857.322636|nan|nan|nan|nan|-1250295.049267|nan|nan|4.996198|nan|-7.898612|nan|-0.094018|nan|-124.248428
1115|nan|nan|nan|nan|nan|nan|nan|nan|3782.000000|nan|nan|104750133.926394|nan|nan|nan|nan|nan|nan|nan|nan|nan|nan|nan|nan|0.029829|nan|nan|nan|nan|-14.753401|nan|0.364003|nan|nan|nan|-2853.457659|nan|nan|nan|nan|-1250295.049267|nan|nan|4.993236|nan|-7.898612|nan|-0.094018|nan|-124.248428
1116|nan|nan|nan|nan|nan|nan|nan|nan|3782.000000|nan|nan|93080971.658554|nan|nan|nan|nan|nan|nan|nan|nan|nan|nan|nan|nan|0.029829|nan|nan|nan|nan|-10.652717|nan|0.364003|nan|nan|nan|-2855.777657|nan|nan|nan|nan|-1250295.049267|nan|nan|4.991605|nan|-7.898612|nan|-0.094018|nan|-124.248428
1117|nan|nan|nan|nan|nan|nan|nan|nan|3782.000000|nan|nan|87039268.314924|nan|nan|nan|nan|nan|nan|nan|nan|nan|nan|nan|nan|0.029829|nan|nan|nan|nan|-10.439663|nan|0.364003|nan|nan|nan|-2857.122350|nan|nan|nan|nan|-1250295.049267|nan|nan|4.991039|nan|-7.898612|nan|-0.094018|nan|-124.248428
1118|nan|nan|nan|nan|nan|nan|nan|nan|3782.000000|nan|nan|88631155.671078|nan|nan|nan|nan|nan|nan|nan|nan|nan|nan|nan|0.603758|0.029829|nan|nan|nan|nan|-7.878587|nan|0.364003|nan|nan|nan|-2856.469217|nan|nan|nan|nan|-1250295.049267|nan|nan|4.991974|nan|-7.898612|nan|-0.094018|nan|-124.248428
1119|nan|nan|nan|nan|nan|nan|nan|nan|3782.000000|nan|nan|87750896.573451|nan|nan|nan|nan|nan|nan|nan|nan|nan|nan|nan|0.571300|0.029829|nan|nan|nan|nan|-9.988968|nan|0.364003|nan|nan|nan|-2857.144611|nan|nan|nan|nan|-1250295.049267|nan|nan|4.994345|nan|-7.917261|nan|-0.094018|nan|-124.248428
1120|nan|nan|nan|nan|nan|nan|nan|nan|3782.000000|nan|nan|85632982.644375|nan|nan|nan|nan|nan|nan|nan|nan|nan|nan|nan|0.560481|0.029829|nan|nan|nan|nan|-9.800496|nan|0.364003|nan|nan|nan|-2857.165274|nan|nan|nan|nan|-1250295.049267|nan|nan|4.997422|nan|-7.934623|nan|-0.094018|nan|-124.248428
1121|nan|nan|nan|nan|nan|nan|nan|nan|3782.000000|nan|nan|86523517.520768|nan|nan|nan|nan|nan|nan|nan|nan|nan|nan|nan|0.555072|0.029829|nan|nan|nan|nan|-6.508144|nan|0.364003|nan|nan|nan|-2856.542947|nan|nan|nan|nan|-1250295.049267|nan|nan|5.000806|nan|-7.950829|nan|-0.094018|nan|-124.248428
1122|nan|nan|nan|nan|nan|nan|nan|nan|3782.000000|nan|nan|86721267.559621|nan|nan|nan|nan|nan|nan|nan|nan|nan|nan|nan|0.551826|0.029829|nan|nan|nan|nan|-9.381208|nan|0.364003|nan|nan|nan|-2858.450689|nan|nan|nan|nan|-1250295.049267|nan|nan|5.004025|nan|-7.968235|nan|-0.094018|nan|-124.248428
1123|nan|nan|nan|-11.000000|nan|nan|nan|nan|3782.000000|nan|nan|80818388.645740|nan|nan|nan|nan|nan|nan|nan|nan|nan|nan|nan|0.549662|0.029829|nan|nan|nan|nan|-7.296029|nan|0.364003|nan|nan|nan|-2856.337305|nan|nan|nan|nan|-1250295.049267|nan|nan|5.006967|nan|-7.985640|nan|-0.094018|nan|-124.248428
1124|nan|nan|nan|-12.600000|nan|nan|nan|nan|3782.000000|nan|nan|72411302.172818|nan|nan|nan|nan|nan|nan|nan|nan|nan|nan|nan|0.548117|0.029829|nan|nan|nan|nan|-5.328399|nan|0.364003|nan|nan|nan|-2856.661362|nan|nan|nan|nan|-1250295.049267|nan|nan|5.009676|nan|-8.003046|nan|-0.094018|nan|-124.248428
1125|nan|nan|nan|-15.400000|nan|nan|nan|nan|3782.000000|nan|nan|66094882.410864|nan|nan|nan|nan|nan|nan|nan|nan|nan|nan|nan|0.527894|0.029829|nan|nan|nan|nan|-6.118052|nan|0.364003|nan|nan|nan|-2857.756573|nan|nan|nan|nan|-1250295.049267|nan|nan|5.011555|nan|-8.020452|nan|-0.094018|nan|-124.248428
1126|nan|nan|nan|-18.000000|nan|nan|nan|nan|3782.000000|nan|nan|62070745.757205|nan|nan|nan|nan|nan|nan|nan|nan|nan|nan|nan|0.511981|0.029829|nan|nan|nan|nan|-5.172774|nan|0.364003|nan|nan|nan|-2856.689933|nan|nan|nan|nan|-1250295.049267|nan|nan|5.012748|nan|-8.037857|nan|-0.094018|nan|-124.248428
1127|nan|nan|nan|-20.800000|nan|nan|nan|nan|3782.000000|nan|nan|32854757.465828|nan|nan|nan|nan|nan|nan|nan|nan|nan|nan|nan|0.486416|0.029829|nan|nan|nan|nan|-5.086561|nan|0.364003|nan|nan|nan|-2855.875328|nan|nan|nan|nan|-1250295.049267|nan|nan|5.013242|nan|-8.055263|nan|0.010677|nan|-124.248428
1128|17977401.934602|nan|nan|-22.600000|nan|nan|nan|-14.572413|3782.000000|-2.176469|1.326060|5871696.246023|nan|nan|nan|nan|-19.000000|nan|-14797897.996118|nan|nan|nan|nan|0.463138|0.029829|nan|nan|-0.678497|nan|-6.273007|nan|0.364003|-2.176469|-0.356815|-4.721629|-2856.192185|-214641906.554380|nan|225239.577444|nan|-1250295.049267|nan|nan|5.033280|nan|-8.072669|-25.541667|0.010677|nan|-124.248428
1129|12330346.657804|nan|nan|-23.000000|nan|nan|nan|-17.490686|3782.000000|-2.176469|1.326060|-1084719.031416|nan|nan|nan|nan|-20.600000|nan|-14794024.507188|nan|nan|nan|nan|0.443740|0.029829|nan|nan|-0.705574|nan|-7.030953|nan|0.364003|-2.176469|-0.356238|-4.721629|-2857.131644|-214641906.554380|nan|225239.577444|nan|-1250295.049267|nan|nan|5.050742|nan|-8.090075|-27.541667|0.010677|nan|-124.248428
1330|9457173.750000|nan|nan|-23.800000|nan|nan|nan|-17.608346|3782.000000|-2.333617|1.326060|-4634371.309974|nan|nan|nan|nan|-23.800000|nan|-14813119.496909|2.121782|nan|nan|nan|0.427325|0.029829|nan|nan|-0.699906|nan|-7.905673|nan|0.364003|-2.176469|-0.351882|-4.721629|-2855.690417|-214641906.554380|nan|225239.577444|nan|-1250295.049267|nan|nan|5.065939|nan|-8.107480|-31.541667|0.010677|nan|-124.248428
1331|12726309.165764|nan|nan|-24.200000|nan|nan|nan|-17.608346|3782.000000|-3.480742|1.326060|-3162679.922880|nan|nan|nan|nan|-18.000000|nan|-14824985.639713|2.516869|nan|nan|nan|0.413256|0.029829|nan|nan|-0.693700|nan|-6.915488|nan|0.364003|-2.176469|-0.349398|-4.721629|-2857.451782|-214641906.554380|nan|225239.577444|nan|-1250295.049267|nan|nan|5.079837|nan|-8.124886|-27.541667|0.010677|nan|-124.248428
1332|10605089.641622|nan|nan|-24.200000|nan|nan|nan|-20.101263|3782.000000|-4.721629|1.326060|-5534659.489996|nan|nan|nan|nan|-22.400000|nan|-14831541.548381|2.516869|nan|nan|nan|0.401063|0.029829|nan|nan|-0.687401|nan|-10.586979|nan|0.364003|-2.176469|-0.349398|-4.721629|-2856.606093|-214641906.554380|nan|225239.577444|nan|-1250295.049267|nan|nan|5.090708|nan|-8.142292|-27.541667|0.010677|nan|-124.248428
1333|22889148.015784|-2.373750|nan|-24.200000|nan|nan|nan|-20.101263|3782.000000|-4.721629|0.723995|7319983.687160|nan|nan|nan|nan|-29.200000|nan|-14855276.169516|2.516869|nan|nan|nan|0.390394|0.029829|nan|nan|-0.695445|nan|-6.860742|nan|0.364003|-2.176469|-0.349398|-4.721629|-2855.717775|-214641906.554380|nan|225239.577444|nan|-1250295.049267|nan|nan|5.098311|nan|-8.159698|-33.541667|0.010677|nan|-124.248428
1334|26066491.231719|-1.687917|nan|-24.800000|nan|nan|nan|-20.101263|3782.000000|-4.721629|-0.416607|11692829.761178|nan|nan|nan|nan|-19.200000|nan|-14859661.540758|2.516869|nan|nan|nan|0.380980|0.029829|nan|nan|-0.695445|nan|-8.141889|nan|0.364003|-2.176469|-0.349398|-4.721629|-2857.887992|-214641906.554380|nan|225239.577444|nan|-1250295.049267|nan|nan|5.102015|nan|-8.177103|-27.541667|0.010677|nan|-124.248428
1335|23340701.048454|-1.421111|nan|-25.400000|nan|nan|nan|-14.724255|3782.000000|-4.721629|-1.219842|11290851.711244|nan|nan|nan|nan|-23.800000|nan|-14859250.538798|2.516869|nan|nan|nan|0.372612|0.029829|nan|nan|-0.732160|nan|-7.291837|nan|0.364003|-2.176469|-0.349398|-4.721629|-2856.080419|-214641906.554380|nan|225239.577444|nan|-1250295.049267|nan|nan|5.104194|nan|-8.194509|-27.541667|0.010677|nan|-124.248428
1336|32804697.290956|-1.159063|nan|-25.800000|nan|nan|nan|-14.724255|3782.000000|-4.721629|-2.237774|22267240.544365|nan|nan|nan|nan|-22.200000|nan|-14890003.452351|2.516869|nan|nan|nan|0.365125|0.029829|nan|nan|-0.754582|nan|-7.025817|nan|0.364003|-2.176469|-0.349398|-4.721629|-2857.590189|-214641906.554380|nan|225239.577444|nan|-1250295.049267|nan|nan|5.103357|nan|-8.211915|-27.541667|0.010677|nan|-124.248428
1337|37071477.967906|-0.949333|nan|-25.800000|nan|nan|nan|-14.724255|3782.000000|-4.721629|-3.395535|27748942.196395|nan|nan|nan|nan|-26.200000|nan|-14880510.504667|2.516869|nan|nan|nan|0.358386|0.029829|nan|nan|-0.755758|nan|-5.593694|nan|0.364003|-2.176469|-0.349398|-4.721629|-2857.209819|-214641906.554380|nan|225239.577444|nan|-1250295.049267|nan|nan|5.098896|nan|-8.229320|-27.541667|0.010677|nan|-124.248428
1338|27475511.392200|-0.780000|nan|-25.800000|nan|nan|nan|-14.724255|3782.000000|-4.721629|-3.395535|18661988.300470|nan|nan|nan|nan|-24.200000|nan|-14876277.591044|2.516869|nan|nan|nan|0.352289|0.029829|nan|nan|-0.750975|nan|-7.336846|nan|0.364003|-2.176469|-0.349398|-4.721629|-2856.987282|-214641906.554380|nan|225239.577444|nan|-1250295.049267|nan|nan|5.092136|nan|-8.246726|-25.541667|0.010677|nan|-124.248428
1339|23775360.658844|-0.723036|nan|-25.800000|nan|nan|nan|-14.724255|3782.000000|-4.721629|-3.395535|15224141.580799|nan|nan|nan|nan|-22.800000|nan|-14874519.718781|2.516869|nan|nan|nan|0.346747|0.029829|nan|nan|-0.745607|nan|-13.349489|nan|0.364003|-2.176469|-0.349398|-4.721629|-2856.960848|-214641906.554380|nan|225239.577444|nan|-1250295.049267|nan|nan|5.083427|nan|-8.264132|-29.541667|0.010677|nan|-124.248428
1340|23395239.682762|-0.628663|nan|-25.800000|nan|nan|nan|-14.724255|3782.000000|-4.721629|-3.395535|15823147.670106|nan|nan|nan|nan|-25.400000|nan|-14880966.740661|2.516869|nan|nan|nan|0.341687|0.029829|nan|nan|-0.741913|nan|-12.478065|nan|0.364003|-2.176469|-0.349398|-4.721629|-2857.161596|-214641906.554380|nan|225239.577444|nan|-1250295.049267|nan|nan|5.072455|nan|-8.281538|-27.541667|0.010677|nan|-124.248428
1341|23696345.192280|-0.586590|nan|-25.800000|nan|nan|nan|-16.830258|3782.000000|-4.721629|-3.395535|15759587.616886|nan|nan|nan|nan|-23.800000|nan|-14651735.137915|2.516869|nan|nan|nan|0.337048|0.029829|nan|nan|-0.737975|nan|-13.588394|nan|0.386891|-2.176469|-0.349398|-4.721629|-2857.588581|-214641906.554380|nan|225239.577444|nan|-1250295.049267|nan|nan|5.059492|nan|-8.298943|-25.541667|0.010677|nan|-124.248428
1342|23157085.949518|-0.707931|nan|-25.800000|nan|nan|nan|-21.618478|3782.000000|-4.721629|-3.395535|15374842.305536|nan|nan|nan|nan|-25.800000|nan|-14421999.609894|2.516869|nan|nan|nan|0.322061|0.029829|nan|nan|-0.732176|nan|-6.605189|nan|0.386891|-2.176469|-0.349398|-4.721629|-2857.192728|-214641906.554380|nan|225239.577444|nan|-1250295.049267|nan|nan|5.046015|nan|-8.316349|-25.541667|0.010677|nan|-124.248428
1343|24660537.040517|-0.767753|-4.721629|-25.800000|nan|-19.434039|-4.361902|-21.618478|3782.000000|-4.721629|-3.395535|16646802.472113|-0.081758|-9.972803|-3.417098|nan|-23.800000|nan|-14424149.058298|2.516869|nan|-20.349281|-11.444867|0.304477|0.029829|nan|nan|-0.726247|-2.542337|-9.701648|3.286786|0.386891|-2.176469|-0.349398|-4.721629|-2856.904939|-214641906.554380|nan|225239.577444|-0.000008|-1250295.049267|-1.805105|-0.150018|5.031810|-0.131216|-8.333755|-27.541667|0.010677|-2.542337|-124.248428
1344|13250361.557720|-0.961065|-4.721629|-25.800000|nan|-19.434039|-4.361902|-21.618478|3782.000000|-4.721629|-3.395535|5516320.329580|-0.081758|-12.359461|-3.417424|nan|-25.800000|0.000000|-14419288.385097|2.516869|nan|-21.820981|-12.880854|0.287355|0.029829|nan|nan|-0.726247|-2.511563|-9.701648|3.112016|0.386891|-2.176469|-0.349398|-4.721629|-2857.413413|-214641906.554380|nan|225239.577444|-0.000008|-1250295.049267|-1.867159|-0.147375|5.017364|-0.132066|-8.351161|-25.541667|0.010677|-2.511563|-124.248428
1345|9366247.016543|-1.020150|-4.721629|-25.800000|4.699034|-19.434039|-4.361902|-21.618478|3782.000000|-4.721629|-3.395535|1485713.454993|-0.081758|-17.552790|-3.416477|nan|-29.800000|0.000000|-14416595.019034|2.516869|nan|-23.943766|-13.883909|0.269546|0.029829|nan|nan|-0.724463|-2.484531|-7.419757|2.919618|0.386891|-2.176469|-0.349398|-4.721629|-2856.509442|-214641906.554380|nan|225239.577444|-0.000008|-1250295.049267|-1.926627|-0.143216|5.002553|-0.125144|-8.368566|-29.541667|0.010677|-2.484531|-124.248428
1346|12423367.248852|-1.261865|-4.721629|-25.800000|-2.613058|-19.434039|-4.361902|-21.618478|3782.000000|-4.721629|-3.395535|4481207.460196|-0.081758|-22.458827|-3.416003|nan|-25.800000|0.000000|-14415643.925467|2.516869|nan|-23.127953|-15.095681|0.252461|0.029829|nan|nan|-0.728602|-2.475422|-6.533777|2.711475|0.386891|-2.176469|-0.349398|-4.721629|-2857.046862|-214641906.554380|nan|225239.577444|-0.000008|-1250295.049267|-1.983668|-0.140395|4.987706|-0.115673|-8.385972|-25.541667|0.010677|-2.475422|-124.248428
1347|9435374.475434|-1.483991|-4.721629|-25.800000|-2.613058|-19.434039|-4.361902|-21.618478|3782.000000|-4.721629|-3.395535|1559779.523277|-0.081758|-22.458827|-3.416321|nan|-23.800000|0.000000|-14416744.776993|2.516869|nan|-24.072717|-15.949978|0.234032|0.029829|nan|nan|-0.728602|-2.552185|-6.769422|2.502200|0.404616|-2.176469|-0.349398|-4.721629|-2857.624031|-214641906.554380|nan|225239.577444|-0.000008|-1250295.049267|-2.038427|-0.137146|4.997803|-0.104203|-8.403378|-25.541667|0.010677|-2.552185|-124.248428
1348|5140965.667460|-1.664549|-4.721629|-25.800000|-2.613058|-19.337984|-4.361902|-21.618478|3782.000000|-4.721629|-3.395535|-2103299.083084|-0.081758|-22.458827|-3.416480|nan|-25.800000|0.000000|-14417196.867627|2.516869|nan|-24.784561|-16.388639|0.203257|0.029829|nan|nan|-0.741243|-2.880557|-5.869944|2.300878|0.404616|-2.176469|-0.349398|-4.721629|-2856.374531|-214641906.554380|nan|225239.577444|-0.000008|-1250295.049267|-2.091039|-0.134010|5.022258|-0.093308|-8.420783|-25.541667|0.010677|-2.880557|-124.248428
1349|1285280.333960|-1.797394|-4.721629|-25.800000|-2.613058|-19.448720|-4.361902|-21.618478|3782.000000|-4.721629|-3.395535|-5199940.326561|-0.081758|-22.458827|-3.416560|nan|-23.800000|0.000000|-14419998.232580|2.516869|nan|-24.907530|-16.975999|0.174647|0.029829|nan|nan|-0.741533|-3.042021|-7.925072|2.115629|0.404616|-2.176469|-0.349398|-4.721629|-2856.601957|-214641906.554380|nan|225239.577444|-0.000008|-1250295.049267|-2.141627|-0.132316|5.058793|-0.085133|-8.420783|-25.541667|0.010677|-3.042021|-124.248428
1350|-1424717.700538|-1.835154|-4.721629|-25.800000|-2.613058|-19.448720|-4.361902|-21.618478|3782.000000|-4.721629|-3.395535|-7309271.656413|-0.081758|-22.458827|-3.416600|nan|-25.800000|0.000000|-14414397.010380|2.516869|nan|-25.733665|-16.935991|0.146037|0.029829|nan|nan|-0.742486|-3.180483|-7.006974|1.951985|0.404616|-2.333617|-0.349398|-4.721629|-2856.232155|-214641906.554380|nan|225239.577444|-0.000008|-1250295.049267|-2.190307|-0.133046|5.103319|-0.077963|-8.420783|-27.541667|0.010677|-3.180483|-124.248428
1351|-2558177.692198|-1.876944|-4.721629|-25.800000|-4.585706|-19.448720|-4.361902|-21.618478|3782.000000|-4.721629|-3.395535|-7866603.911232|-0.081758|-22.602473|-3.416620|nan|-25.800000|0.000000|-14414848.683120|2.516869|nan|-24.804455|-17.090270|0.117426|0.029829|nan|nan|-0.743010|-3.239179|-8.861742|1.811569|0.404616|-3.480742|-0.349398|-4.721629|-2855.968090|-214641906.554380|nan|225239.577444|-0.000008|-1250295.049267|-2.237183|-0.135243|5.152551|-0.071617|-8.420783|-27.541667|0.010677|-3.239179|-124.248428
1352|-5922670.900406|-2.068305|-4.721629|-25.800000|-4.585706|-19.448720|-4.361902|-21.618478|3782.000000|-4.721629|-3.395535|-9290197.448144|-0.081758|-24.674296|-3.416630|nan|-25.800000|0.000000|-14415398.898916|2.516869|nan|-24.658960|-17.420332|0.088816|0.029829|nan|nan|-0.745200|-3.264457|-9.797240|1.689927|0.404616|-4.721629|-0.349398|-4.721629|-2856.287711|-214641906.554380|nan|225239.577444|-0.000008|-1250295.049267|-2.273663|-0.141913|5.205326|-0.066198|-8.420783|-25.541667|0.010677|-3.264457|-124.248428
1353|-6922271.667140|-2.262870|-4.721629|-25.800000|-4.585706|-19.448720|-4.361902|-21.618478|3782.000000|-4.721629|-3.395535|-8043801.794513|-0.081758|-27.238026|-3.417190|nan|-23.800000|0.000000|-14418248.144027|2.516869|nan|-29.387427|-17.655982|0.060205|0.029829|nan|nan|-0.743212|-3.269664|-9.570443|1.495474|0.404616|-4.721629|-0.349398|-4.721629|-2857.514248|-214638044.531234|nan|225239.577444|-0.000008|-1250295.049267|-2.293803|-0.145986|5.261850|-0.061355|-8.420783|-25.541667|0.010677|-3.269664|-124.248428
1354|-9399216.775086|-2.269861|-4.721629|-25.800000|-8.642358|-19.448720|-4.361902|-21.618478|3782.000000|-4.721629|-3.395535|-8830452.605452|-0.081758|-27.238026|-3.415805|nan|-31.800000|0.000000|-14413738.257788|2.516869|nan|-26.458768|-18.273891|0.031595|0.029829|nan|nan|-0.743072|-3.291724|-6.403159|1.300234|0.404616|-4.721629|-0.319222|-4.721629|-2856.798114|-205703215.671198|nan|225239.577444|-0.000008|-1250295.049267|-2.304515|-0.148792|5.322119|-0.056723|-8.420783|-29.541667|0.010677|-3.291724|-124.248428
1355|-8871587.258842|-2.250640|-4.721629|-25.800000|-8.642358|-19.448720|-4.361902|-21.618478|356.000000|-4.721629|-3.395535|-8173957.266195|-0.081758|-27.238026|-3.415112|nan|-25.800000|0.000000|-14413148.579919|2.516869|nan|-25.954689|-19.262109|0.008068|0.029829|nan|nan|-0.743030|-3.274110|-10.701754|1.109819|0.404616|-4.721629|-0.272890|-4.721629|-2856.202266|-191256235.258435|nan|225239.577444|-0.000008|-1250295.049267|-2.305028|-0.129736|5.387722|-0.052546|-8.420783|-29.541667|0.010677|-3.274110|-124.248428
1356|-6020267.391692|-2.340660|-4.721629|-25.800000|-9.323700|-19.448720|-4.361902|-21.618478|356.000000|-4.721629|-3.395535|-3841981.324791|-0.081758|-27.238026|-3.413103|nan|-29.400000|0.000000|-14422846.033204|2.516869|nan|-26.417862|-20.662158|-0.015403|0.029829|nan|nan|-0.746616|-3.245680|-8.738589|0.931825|0.404616|-4.721629|-0.252834|-4.721629|-2856.811214|-188078044.493726|nan|225239.577444|-0.000008|-1250295.049267|-2.305523|-0.109567|5.458831|-0.048753|-8.420783|-27.541667|0.010677|-3.245680|-124.248428
1357|2952569.566302|-2.566450|-4.721629|-25.800000|-12.363952|-19.448720|-4.361902|-21.618478|356.000000|-4.721629|-3.395535|6327867.422779|-0.081758|-27.238026|-3.412100|nan|-27.000000|0.000000|-14199216.464018|2.516869|nan|-44.322096|-22.768161|-0.034597|0.029829|nan|nan|-0.746616|-3.229685|-8.228909|0.768913|0.404616|-4.721629|-0.228140|-4.721629|-2856.693326|-188078044.493726|nan|225239.577444|-0.000008|-1250295.049267|-2.309042|-0.084059|5.535620|-0.045645|-8.420783|-27.541667|0.010677|-3.229685|-124.248428
1358|10299059.640936|-2.909888|-4.721629|-25.800000|-12.363952|-19.448720|-4.361902|-21.618478|356.000000|-4.721629|-3.395535|13039482.536469|-0.081758|-27.238026|-3.411598|nan|-27.000000|0.000000|-13620075.184911|2.516869|0.000000|-27.403882|-24.292639|-0.052924|0.029829|nan|-89306.264541|-0.744031|-3.236784|-5.068223|0.622810|0.404616|-4.721629|-0.196156|-4.721629|-2857.063989|-188078044.493726|-24700.870338|225239.577444|-0.000008|-1250295.049267|-2.333813|-0.066496|5.619658|-0.042859|-8.420783|-25.541667|0.010677|-3.236784|-124.248428
1359|10244859.459075|-3.098333|-4.721629|-25.800000|-12.363952|-19.448720|-4.361902|-21.618478|356.000000|-4.721629|-3.395535|11902077.380150|-0.081758|-27.238026|-3.411901|1.784096|-25.000000|0.000000|-13160796.305738|2.516869|-0.000000|-30.892812|-25.411376|-0.071252|0.029829|nan|-90944.034795|-0.749652|-3.234157|-5.068223|0.495173|0.404616|-4.721629|-0.173444|-4.721629|-2857.174811|-188078044.493726|-24458.302574|225239.577444|-0.000008|-1250295.049267|-2.358584|-0.062189|5.709121|-0.040368|-8.420783|-27.541667|0.010677|-3.234157|-124.248428
1400|13803272.259198|-3.236934|-4.721629|-25.800000|-12.363952|-19.448720|-4.361902|-21.618478|356.000000|-4.721629|-3.395535|15180658.571618|-0.081758|-27.238026|-3.411499|1.784096|-27.000000|0.000000|-12591545.435879|2.516869|-0.000000|-27.903091|-26.148764|-0.089579|0.029829|nan|-77412.390529|-0.754794|-3.222509|-4.524514|0.385562|0.404616|-4.721629|-0.165631|-4.721629|-2856.396159|-188078044.493726|-31917.628735|225239.577444|-0.000008|-1250295.049267|-2.383355|-0.054661|5.803117|-0.037968|-8.420783|-27.541667|0.010677|-3.222509|-124.248428
1401|13944226.941084|-3.407117|-4.721629|-25.800000|-12.363952|-19.448720|-4.361902|-21.618478|356.000000|-4.721629|-3.395535|16626480.574898|-0.081758|-27.992072|-3.409638|1.784096|-31.000000|0.000000|-11665053.710993|2.516869|-0.000000|-29.760287|-27.267158|-0.107907|0.029829|nan|-64296.461975|-0.760723|-3.215278|-2.002579|0.294324|0.404616|-4.721629|-0.155393|-4.721629|-2856.583617|-188078044.493726|-40350.436836|225239.577444|-0.000008|-1250295.049267|-2.408126|-0.048815|5.898642|-0.035558|-8.420783|-29.541667|0.020100|-3.215278|-124.248428
1402|15256473.991130|-3.831116|-4.721629|-25.800000|-12.363952|-19.448720|-4.361902|-21.618478|356.000000|-4.721629|-3.395535|18716234.590501|-0.081758|-28.369096|-3.408709|1.784096|-25.000000|0.000000|-10740903.457129|2.516869|-0.000000|-27.051619|-27.609030|-0.126234|0.029829|nan|-47071.968509|-0.761711|-3.190063|-0.042968|0.223580|0.404616|-4.721629|-0.155393|-4.721629|-2857.306921|-188078044.493726|-39026.503951|225239.577444|-0.000008|-1250295.049267|-2.432897|-0.045401|5.996888|-0.033114|-8.420783|-25.541667|0.085578|-3.190063|-124.248428
1403|13127861.950412|-4.119023|-4.721629|-25.800000|-12.363952|-19.448720|-4.361902|-21.618478|356.000000|-4.721629|-3.395535|16712406.213652|-0.081758|-29.272012|-3.408797|1.784096|-23.000000|0.000000|-9815220.922157|2.516869|-0.000000|-28.430484|-27.657799|-0.144562|0.029829|-0.078045|-32829.353147|-0.765191|-3.163506|-1.628624|0.174201|0.404616|-4.721629|-0.155393|-4.721629|-2857.006293|-188078044.493726|-34782.622357|225239.577444|-0.000008|-1250295.049267|-2.438567|-0.040407|6.095352|-0.030768|-8.420783|-27.541667|0.085578|-3.163506|-124.248428
1404|9942361.474684|-4.385746|-4.721629|-25.800000|-12.363952|-19.448720|-4.361902|-21.618478|356.000000|-4.721629|-3.395535|14194892.028314|-0.081758|-29.272012|-3.409393|1.784096|-23.000000|0.000000|-9346062.954269|2.516869|-0.000000|-29.059242|-27.508458|-0.162889|0.029829|-0.066266|-29669.915286|-0.769178|-3.154826|-1.266532|0.148050|0.404616|-4.721629|-0.155393|-4.721629|-2857.992445|-188272178.522047|-29511.609383|225239.577444|-0.000008|-1250295.049267|-2.444237|-0.032770|6.193705|-0.028587|-8.420783|-27.541667|0.085578|-3.154826|-124.248428
1405|2586752.016122|-4.539735|-4.721629|-25.800000|-12.363952|-19.448720|-4.361902|-21.618478|356.000000|-4.721629|-3.395535|9576279.802048|-0.081758|-29.272012|-3.410798|1.784096|-21.000000|0.000000|-9104590.717319|2.516869|-0.000000|-27.261202|-27.504201|-0.181217|0.029829|-0.064194|-22794.497314|-0.773574|-3.152001|-1.568080|0.145799|0.404616|-4.721629|-0.155393|-4.721629|-2857.517771|-188276492.741882|-21871.153047|225239.577444|-0.000008|-1250295.049267|-2.449907|-0.025955|6.292808|-0.026654|-8.420783|-27.541667|0.085578|-3.152001|-124.248428
1406|982090.682876|-4.633542|-4.721629|-25.400000|-12.363952|-19.448720|-4.361902|-21.618478|356.000000|-4.721629|-3.395535|10781137.507812|-0.081758|-29.272012|-3.410947|1.784096|-27.000000|0.000000|-9107970.206563|2.516869|-0.000000|-27.947649|-27.842552|-0.199544|0.029829|-0.065712|-17744.410890|-0.774368|-3.143847|-1.562454|0.168706|0.404616|-4.721629|-0.155393|-4.721629|-2856.688228|-188276492.741882|-24246.689477|225239.577444|-0.000008|-1250295.049267|-2.455577|-0.018684|6.391931|-0.024917|-8.420783|-29.541667|0.085578|-3.143847|-124.248428
1407|85343.241158|-4.700202|-4.721629|-25.000000|-12.363952|-19.448720|-4.361902|-21.618478|356.000000|-4.721629|-3.395535|9708841.901744|-0.081758|-29.272012|-3.412129|1.784096|-21.000000|0.000000|-9109100.655315|2.516869|-0.000000|-26.495333|-28.002071|-0.217872|0.029829|-0.053879|-14287.875743|-0.769874|-3.180900|-3.123215|0.216093|0.404616|-4.721629|-0.155393|-4.721629|-2857.874493|-188332125.639401|-23010.426696|225239.577444|-0.000008|-1250295.049267|-2.461247|-0.014792|6.490771|-0.023389|-8.420783|-29.541667|0.085578|-3.180900|-124.248428
1408|-4957291.634168|-4.838333|-4.721629|-25.000000|-12.363952|-19.448720|-4.361902|-21.618478|356.000000|-4.721629|-3.395535|4518125.088190|-0.081758|-29.272012|-3.411613|1.784096|-29.000000|0.000000|-9107590.986597|2.516869|-0.000000|-28.208956|-27.947749|-0.236199|0.029829|-0.048892|-10105.392758|-0.769733|-3.221209|-2.213545|0.285493|0.404616|-4.721629|-0.155393|-4.721629|-2856.547613|-188487553.574903|-436.709037|225239.577444|-0.000008|-1250295.049267|-2.466917|-0.009403|6.589584|-0.021996|-8.420783|-27.541667|0.085578|-3.221209|-124.248428
1409|-7736555.933236|-4.952162|-4.721629|-25.000000|-12.363952|-19.448720|-4.361902|-21.618478|356.000000|-4.721629|-3.395535|523448.966275|-0.081758|-29.272012|-3.411908|1.784096|-21.000000|0.000000|-9106739.513345|2.516869|-0.000000|-31.681219|-27.199345|-0.254527|0.029829|-0.045053|-6482.791734|-0.769699|-3.244755|0.889599|0.373362|0.404616|-4.721629|-0.155393|-4.721629|-2856.557376|-188487553.574903|-409.445980|225239.577444|-0.000008|-1250295.049267|-2.472587|-0.005610|6.688383|-0.020807|-8.420783|-27.541667|0.085578|-3.244755|-124.248428
1410|-6551960.251056|-5.110384|-4.721629|-25.000000|-12.363952|-19.448720|-4.361902|-21.618478|356.000000|-4.721629|-3.395535|647025.098503|-0.081758|-29.272012|-3.411502|1.784096|-27.000000|0.000000|-9107875.532895|2.516869|-0.000000|-34.659339|-26.800089|-0.274044|0.033101|-0.033063|-4645.337824|-0.764078|-3.258943|16.555040|0.477397|0.404616|-4.721629|-0.155393|-4.721629|-2857.200768|-188487553.574903|-416.675486|225239.577444|-0.000008|-1250295.049267|-2.478257|-0.001213|6.787622|-0.019953|-8.420783|-25.541667|0.209400|-3.258943|-124.248428
1411|-4531466.200000|-5.238803|-4.721629|-25.000000|-12.363952|-19.448720|-4.361902|-21.618478|356.000000|-4.721629|-3.395535|1420670.109694|-0.081758|-29.272012|-3.411853|1.784096|-25.000000|0.000000|-9109456.202819|2.516869|-0.000000|-26.262085|-26.350490|-0.293509|0.040553|-0.028092|-5562.841107|-0.761628|-3.266294|18.099663|0.594446|0.404616|-4.721629|-0.165907|-4.721629|-2856.241681|-188756122.861884|-408.748117|194298.138036|-0.000008|-1250295.049267|-2.483927|0.004842|6.887252|-0.019484|-8.420783|-25.541667|0.241544|-3.266294|-124.248428
1412|-2914877.301442|-5.279049|-4.721629|-25.000000|-12.363952|-19.448720|-4.361902|-21.618478|356.000000|-4.721629|-3.395535|3494306.442913|-0.081758|-29.272012|-3.413136|1.784096|-20.600000|0.000000|-9119029.715356|2.516869|-0.000000|-25.390106|-26.658355|-0.301770|0.051577|-0.023547|-9714.527545|-0.762630|-3.266335|13.698134|0.720198|0.404616|-4.721629|-0.145752|-4.721629|-2857.963711|-188756122.861884|-344.534884|194298.138036|-0.000008|-1250295.049267|-2.487653|0.010163|6.987471|-0.019253|-8.420783|-29.541667|0.241544|-3.266335|-124.248428
1413|-4608717.890890|-5.451308|-4.721629|-25.000000|-12.363952|-19.448720|-4.361902|-21.618478|356.000000|-4.721629|-3.395535|2989213.072685|-0.081758|-29.272012|-3.414332|1.784096|-21.600000|0.000000|-9116439.259649|2.516869|-0.000000|-25.941702|-26.597470|-0.305537|0.061427|-0.013901|-11654.469533|-0.724007|-3.256039|11.866865|0.849960|0.404616|-4.721629|-0.019818|-4.721629|-2856.489861|-188756122.861884|-338.666982|194298.138036|-0.000008|-1250295.049267|-2.481113|0.011622|7.090209|-0.019142|-8.420783|-27.541667|0.241544|-3.256039|-124.248428
1414|-8515993.258864|-5.458998|-4.721629|-25.000000|-12.363952|-19.448720|-4.361902|-21.611538|356.000000|-4.721629|-3.395535|-1005654.727858|-0.081758|-29.272012|-3.413268|1.262550|-26.800000|0.000000|-9110141.377500|2.516869|-0.000000|-36.614903|-26.710719|-0.308547|0.070542|-0.010860|-12652.259830|-0.716124|-3.256200|18.973380|0.979908|0.404616|-4.721629|0.029708|-4.721629|-2856.110393|-188756122.861884|-342.920327|194298.138036|-0.000008|-1250295.049267|-2.457189|0.013070|7.195670|-0.019317|-8.420783|-29.350000|0.241544|-3.256200|-124.248428
1415|-8759341.699682|-5.417825|-4.721629|-24.200000|-12.363952|-19.448720|-4.361902|-20.966370|356.000000|-4.721629|-3.395535|-795650.097771|-0.081758|-29.272012|-3.413290|1.011270|-19.800000|0.000000|-9111192.532024|2.516869|-0.000000|-29.980966|-26.842884|-0.309171|0.078140|-0.000125|-12007.717304|-0.704411|-3.255529|11.904682|1.107552|0.404616|-4.721629|0.042598|-4.721629|-2856.629622|-188756122.861884|-332.030055|194298.138036|-0.000008|-1250295.049267|-2.429393|0.012508|7.303652|-0.019595|-8.420783|-25.583334|0.241544|-3.255529|-124.248428
1416|-9934801.399620|-5.449901|-4.721629|-21.000000|-12.363952|-19.781986|-4.361902|-17.811218|356.000000|-4.721629|-3.395535|-1939557.133782|-0.081758|-29.272012|-3.413301|0.643952|-20.200000|0.000000|-9114355.757043|2.516869|-0.000000|-31.074533|-27.192325|-0.309308|0.085109|0.004792|-12589.132453|-0.705194|-3.250869|8.801680|1.229879|0.404616|-4.721629|0.063320|-4.721629|-2856.312350|-188756122.861884|-270.474690|194298.138036|-0.000008|-1250295.049267|-2.398016|0.013066|7.411529|-0.019924|-8.420783|-22.425000|0.241544|-3.250869|-124.248428
1417|-10280990.075998|-5.436199|-4.721629|-18.000000|-12.363952|-19.827314|-4.361902|-17.811218|356.000000|-4.721629|-3.395535|-2248009.149318|-0.081758|-29.272012|-3.412198|0.269585|-22.600000|0.000000|-9113502.275965|2.516869|-0.000000|-30.223007|-27.589934|-0.306963|0.091559|0.010388|-12752.397699|-0.706038|-3.251550|10.472119|1.346050|0.404616|-4.721629|0.088772|-4.721629|-2855.884250|-188756122.861884|-284.388784|194298.138036|-0.000008|-1250295.049267|-2.369324|0.013118|7.518754|-0.020301|-8.420783|-23.266667|0.241544|-3.251550|-308.858462
1418|-5700477.616512|-5.385439|-4.721629|-15.600000|-12.363952|-19.743571|-4.361902|-17.462918|356.000000|-4.721629|-3.395535|2227406.590047|-0.081758|-29.180000|-3.412201|-0.078347|-17.000000|0.000000|-9119978.311386|2.516869|-0.000000|-28.132373|-28.020270|-0.303982|0.095866|0.013717|-13295.192163|-0.712481|-3.256666|8.469199|1.456585|0.404616|-4.721629|0.097482|-4.721629|-2856.672667|-188756122.861884|-260.648490|194298.138036|-0.000008|-4615594.126782|-2.346808|0.013505|7.624398|-0.020712|-8.420783|-22.775000|0.241544|-3.256666|-308.858462
1419|-8475188.857926|-5.348678|-4.721629|-13.200000|-12.363952|-19.667804|-4.361902|-17.169926|356.000000|-4.721629|-3.395535|-1378485.669419|-0.081758|-29.180000|-3.411095|-0.322761|-18.200000|0.000000|-9104306.409195|2.516869|-0.000000|-26.767420|-28.147052|-0.301001|0.098832|0.016567|-13468.558190|-0.713187|-3.264578|11.718151|1.561944|0.404616|-4.721629|0.100801|-4.721629|-2856.220218|-188756122.861884|-335.202954|194298.138036|-0.000008|-4615594.126782|-2.328266|0.013599|7.728525|-0.021187|-8.420783|-24.191667|0.241544|-3.264578|-308.858462
1420|-4142844.491152|-5.335424|-4.721629|-11.600000|-12.363952|-19.599252|-4.361902|-17.105074|356.000000|-4.721629|-3.395535|1790338.809087|-0.081758|-29.180000|-3.409437|-0.463361|-19.000000|0.000000|-8648157.894591|2.516869|-0.000000|-27.989620|-28.451196|-0.298020|0.100609|0.018097|-13605.659831|-0.694873|-3.279838|13.464175|1.662755|0.404616|-4.721629|0.100721|-4.721629|-2856.245599|-188756122.861884|-334.335274|194298.138036|-0.000008|-4615594.126782|-2.309723|0.013504|7.832205|-0.021722|-8.420783|-20.658334|0.241544|-3.279838|-308.858462
1421|3444487.666552|-5.328026|-4.721629|-9.800000|-12.363952|-19.537229|-4.361902|-14.855922|356.000000|-4.721629|-3.395535|7638070.609015|-0.081758|-29.180000|-3.409161|-0.546044|-9.800000|0.000000|-6809632.171510|2.516869|-0.000000|-26.316880|-28.045469|-0.295039|0.100609|0.021583|-13821.153892|-0.687676|-3.284639|9.776680|1.760242|0.404616|-4.721629|0.106071|-4.721629|-2856.908631|-188756122.861884|-222.145480|194298.138036|-0.000008|-4615594.126782|-2.302472|0.013341|7.935434|-0.022264|-8.420783|-19.208334|0.241544|-3.284639|-308.858462
1422|2759499.658860|-5.324049|-4.721629|-7.800000|-12.363952|-19.481114|-4.361902|-8.592252|356.000000|-4.721629|-2.397928|4823253.592479|-0.081758|-29.180000|-3.408470|-0.641034|-10.800000|0.000000|-5073903.280753|2.516869|-0.000000|-26.101084|-27.565111|-0.292058|0.100609|0.025603|-14166.753753|-0.678068|-3.284709|13.422298|1.854883|0.404616|-4.721629|0.106264|-4.721629|-2856.905568|-188756122.861884|-254.314181|194298.138036|-0.000008|-4615594.126782|-2.300146|0.013535|8.038402|-0.022862|-8.420783|-18.216667|0.241544|-3.284709|-308.858462
1423|-3264913.775594|-5.291355|-4.721629|-4.600000|-12.363952|-19.481114|-4.361902|-8.592252|356.000000|-4.721629|-1.565490|-2411764.601407|-0.081758|-29.180000|-3.409230|-0.782777|-0.400000|0.000000|-3681974.800915|2.516869|-0.000000|-26.855973|-27.197666|-0.289077|0.100609|0.030832|-14406.121398|-0.674021|-3.284706|4.739403|1.949196|0.404616|-4.721629|0.108867|-4.721629|-2857.654528|-188756122.861884|-217.850479|194298.138036|-0.000008|-4615594.126782|-2.303052|0.014461|8.141663|-0.023439|-8.420783|-24.041667|0.241544|-3.284706|-308.858462
1424|-13831771.251126|-5.239237|-4.721629|-2.200000|-12.363952|-19.175789|-4.361902|-8.592252|356.000000|-4.721629|-1.241898|-13200758.821922|-0.081758|-29.180000|-3.409057|-0.900314|-6.000000|0.000000|-2297293.268799|2.516869|-0.000000|-36.742212|-26.984628|-0.286096|0.100609|0.036042|-13717.529853|-0.639862|-3.283404|4.860925|2.043567|0.404616|-4.721629|0.110135|-4.721629|-2857.282177|-188756122.861884|-281.620452|194298.138036|-0.000008|-4615594.126782|-2.320751|0.014421|8.245848|-0.023945|-8.420783|-22.041667|0.241544|-3.283404|-308.858462
1425|-10548108.274176|-5.328356|-4.721629|0.000000|-12.363952|-18.773144|-4.361902|-8.592252|356.000000|-4.721629|-1.241898|-11086334.559711|-0.081758|-29.180000|-3.408971|-0.994484|-2.400000|0.000000|-919309.644250|2.516869|-0.000000|-26.420081|-26.188150|-0.283115|0.100609|0.040322|-12566.294142|-0.627537|-3.283910|5.713062|2.140863|0.404616|-4.721629|0.110135|-4.721629|-2856.723618|-188756122.861884|-328.204278|194298.138036|-0.000008|-4615594.126782|-2.338450|0.014881|8.350642|-0.024421|-8.420783|-16.041667|0.241544|-3.283910|-308.858462
1426|-14824796.358146|-5.332730|-4.721629|1.800000|-12.363952|-17.837418|-4.361902|-6.008817|356.000000|-4.721629|-1.241898|-16994813.106596|-0.110283|-29.180000|-3.409481|-0.994484|1.400000|0.000000|459550.966035|2.516869|-0.000000|-28.966796|-25.610719|-0.280135|0.100609|0.043616|-9588.649224|-0.629701|-3.285098|3.925103|2.242642|0.404616|-4.721629|0.110135|-4.721629|-2857.588475|-188756122.861884|-268.900732|194298.138036|-0.000008|-4615594.126782|-2.356149|0.015006|8.455773|-0.024829|-8.420783|-18.041667|0.241544|-3.285098|-308.858462
1427|-16370339.967610|-5.318499|-4.721629|3.800000|-10.635983|-16.990808|-4.361902|-6.008817|356.000000|-4.721629|-1.241898|-19323668.646692|-0.110283|-29.180000|-3.408630|-0.994484|-3.000000|0.000000|1722962.137631|2.516869|-0.000000|-26.535982|-25.395811|-0.277154|0.100609|0.053369|-6962.310750|-0.634408|-3.285387|5.865815|2.349409|0.404616|-4.721629|0.110135|-4.721629|-2856.075418|-188756122.861884|-310.077879|194298.138036|-0.000008|-4615594.126782|-2.374373|0.014719|8.561352|-0.025050|-8.420783|-18.041667|0.241544|-3.285387|-308.858462
1428|-12558869.200000|-5.311956|-4.721629|6.200000|-10.635983|-16.224827|-4.361902|-6.008817|356.000000|-4.721629|-1.241898|-15738981.079731|-0.052484|-29.180000|-1.320204|-0.994484|5.200000|0.000000|3216709.112420|2.516869|-0.000000|-27.615089|-25.233791|-0.274173|0.100609|0.062756|-4100.518784|-0.638785|-3.286019|4.888140|2.460207|0.404616|-4.721629|0.110135|-4.721629|-2857.802646|-188756122.861884|-276.394746|194298.138036|-0.000008|-4615594.126782|-2.392596|0.014693|8.667693|-0.025035|-8.420783|-18.041667|0.241544|-3.286019|-308.858462
1429|-11902037.507386|-5.281812|-4.721629|7.000000|-10.635983|-15.722274|-4.361902|-3.090544|356.000000|-4.721629|-1.241898|-14482562.806433|-0.055733|-29.180000|-1.320121|-0.994484|2.800000|0.000000|4250842.847447|2.516869|-0.000000|-24.894262|-25.206475|-0.271192|0.100609|0.071008|-2716.327045|-0.643747|-3.285021|5.869563|2.572515|0.404616|-4.721629|0.110135|-4.721629|-2857.279969|-188756122.861884|-313.776338|194298.138036|-0.000008|-4615594.126782|-2.414141|0.014456|8.774861|-0.024848|-8.420783|-18.041667|0.241544|-3.285021|-308.858462
1430|-12568204.034484|-5.286723|-4.721629|8.000000|-10.635983|-15.077106|-4.361902|-2.972884|356.000000|-4.721629|-1.241898|-14779271.901261|-0.055733|-29.180000|-1.320508|-0.994484|10.000000|0.000000|4939291.396755|2.516869|-0.000000|-25.564121|-25.063148|-0.268211|0.100609|0.076882|-589.203141|-0.641739|-3.283541|2.454012|2.686165|0.404616|-4.721629|0.110135|-4.721629|-2857.678529|-188756122.861884|-284.023174|194298.138036|-0.000008|-4615594.126782|-2.435686|0.013856|8.882612|-0.024477|-8.420783|-18.041667|0.241544|-3.283541|-308.858462
1431|-17456725.917344|-5.203897|-4.721629|8.400000|-5.881516|-13.921954|-4.361902|-2.972884|356.000000|-4.721629|-1.241898|-19784237.760743|-0.021680|-29.180000|-1.321130|-0.994484|10.200000|0.000000|5050181.666192|2.516869|-0.000000|-22.089007|-24.934003|-0.265230|0.100609|0.082813|3100.006226|-0.641368|-3.287537|0.926242|2.797036|0.404616|-4.721629|0.094974|-4.721629|-2857.255469|-188756122.861884|-269.550289|194298.138036|-0.000008|-4615594.126782|-2.457231|0.013799|8.991005|-0.023944|-8.420783|-20.041667|0.241544|-3.287537|-308.858462
1432|-23687166.883920|-5.116703|-4.721629|8.400000|-5.881516|-12.876817|-4.361902|-0.479967|356.000000|-4.243612|-1.241898|-25677706.527401|-0.021680|-29.180000|-1.321656|-0.900802|10.600000|0.000000|5274086.085116|2.516869|-0.000000|-19.942871|-24.498139|-0.262249|0.100609|0.086761|6319.886899|-0.645861|-3.305735|-1.991154|2.902428|0.404616|-4.721629|0.087688|-4.721629|-2856.921721|-188756122.861884|-275.386018|194298.138036|-0.000008|-4615594.126782|-2.480050|0.013276|9.075110|-0.023220|-8.420783|-20.041667|0.241544|-3.305735|-308.858462
1433|-26645059.650000|-5.107001|-4.721629|8.400000|-5.881516|-12.121693|-4.361902|-0.479967|356.000000|-3.401476|-1.241898|-28440449.773492|-0.021680|-29.180000|-1.321919|-0.755785|7.400000|0.000000|5728980.930860|2.516869|-0.000000|-18.077843|-23.825856|-0.259268|0.100609|0.088331|7923.731625|-0.645710|-3.311559|-6.957858|2.999474|0.404616|-4.721629|0.071338|-4.721629|-2856.510033|-188756122.861884|-296.630042|194298.138036|-0.000008|-4615594.126782|-2.482365|0.013950|9.144586|-0.022390|-8.420783|-18.041667|0.241544|-3.311559|-308.858462
1434|-32158543.542340|-5.130751|-4.721629|9.000000|-5.881516|-11.538675|-4.361902|-0.363851|356.000000|-2.904407|-1.241898|-32799016.715080|-0.021680|-29.180000|-1.321836|-0.583433|5.400000|0.000000|5729800.902460|2.516869|-0.000000|-24.845731|-22.936032|-0.256287|0.100609|0.089123|8733.202660|-0.645269|-3.309951|-4.725191|3.086217|0.404616|-4.721629|0.047218|-4.721629|-2855.902513|-188756122.861884|-284.282726|194298.138036|-0.000008|-4615594.126782|-2.469850|0.012689|9.202058|-0.021497|-8.420783|-18.041667|0.241544|-3.309951|-308.858462
1435|-29955272.768651|-5.180716|-4.721629|9.600000|-5.881516|-10.630230|-4.361902|-0.363851|356.000000|-2.516664|-1.241898|-30175662.026092|-0.021680|-29.180000|-1.321795|-0.427608|8.000000|0.000000|6073845.338324|2.516869|-0.000000|-16.282681|-21.448082|-0.253306|0.100609|0.088124|7965.025697|-0.647936|-3.315563|-4.725191|3.159842|0.404616|-4.721629|0.027659|-4.721629|-2856.946758|-188756122.861884|-297.977274|194298.138036|-0.000008|-4615594.126782|-2.449613|0.004091|9.251452|-0.020572|-8.420783|-18.041667|0.241544|-3.315563|-308.858462
1436|-29719248.809650|-5.239744|-4.721629|10.000000|-5.881516|-8.855922|-4.361902|-0.363851|356.000000|-2.918649|-1.241898|-29423119.658439|-0.021680|-26.369999|-1.321345|-0.270899|4.400000|0.000000|6304342.858963|2.516869|-0.000000|-14.793437|-18.829425|-0.250325|0.100609|0.087064|8091.757002|-0.638110|-3.289344|-2.293265|3.218796|0.404616|-4.721629|0.022481|-4.721629|-2857.779234|-169677029.698386|-311.876952|194298.138036|-0.000008|-4615594.126782|-2.410256|-0.006145|9.294827|-0.019671|-8.420783|-17.308333|0.241544|-3.289344|-308.858462
1437|-29430274.758952|-5.280439|-4.243612|10.000000|-5.881516|-8.047448|-4.361902|-0.363851|356.000000|-2.918649|-1.241898|-29287407.185532|-0.021680|-24.558059|-1.320471|-0.132454|8.400000|0.000000|6304584.415702|2.516869|-0.000000|-18.944685|-17.393975|-0.247344|0.100609|0.086144|7461.900466|-0.619123|-3.133160|-2.859707|3.262541|0.404616|-4.721629|0.010527|-4.721629|-2857.440559|-118495934.305768|-297.425360|194298.138036|-0.000007|-4615594.126782|-2.350218|-0.006255|9.333764|-0.018802|-8.420783|-16.525000|0.241544|-3.133160|-308.858462
1438|-30838150.518646|-5.421064|-3.401476|10.000000|-5.881516|-7.421741|-4.145409|5.821252|356.000000|-2.918649|-1.241898|-30099111.260137|-0.021680|-23.652089|-1.320359|0.016001|8.400000|0.000000|6305640.744647|2.516869|-0.000000|-9.413403|-16.630950|-0.244363|0.100609|0.084677|8217.214703|-0.619123|-2.989753|-2.859707|3.291963|0.404616|-4.721629|0.000271|-4.721629|-2856.337093|-114945094.812040|-324.928981|194298.138036|-0.000006|-4615594.126782|-2.290180|-0.002797|9.367903|-0.017963|-8.420783|-13.300000|0.241544|-2.989753|-308.858462
1439|-37754496.469024|-5.491747|-2.904407|10.000000|-5.881516|-6.714909|-4.145409|5.821252|356.000000|-2.918649|-1.241898|-37081686.756533|-0.021680|-23.279029|-1.320303|0.195494|9.000000|0.000000|6649584.930253|2.516869|-0.000000|-5.286655|-16.823927|-0.241382|0.100609|0.083101|8152.100559|-0.618746|-2.895859|-2.083967|3.309479|0.404616|-4.721629|-0.006549|-4.721629|-2857.044156|-114860514.642773|-270.966634|194298.138036|-0.000005|-4615594.126782|-2.230142|-0.006233|9.397452|-0.017165|-8.420783|-13.358333|0.241544|-2.895859|-308.858462
1440|-19816237.007750|-5.649084|-2.516664|10.000000|-7.630171|-6.265870|-4.145409|5.821252|356.000000|-2.918649|-1.241898|-19187954.208684|-0.021680|-20.913023|-1.385394|0.409182|12.400000|0.000000|6993651.885209|2.516869|-0.000000|-5.267105|-18.101118|-0.237212|0.100609|0.081813|4762.174945|-0.623967|-2.910937|-2.503879|3.314915|0.404616|-4.721629|-0.009424|-4.721629|-1405.085953|-114860514.642773|-207.742511|194298.138036|-0.000004|-4615594.126782|-2.190218|-0.003517|9.421886|-0.016484|-8.208677|-8.116666|0.241544|-2.910937|-308.858462
1441|-15318544.700000|-5.785057|-2.918649|10.000000|-7.630171|-5.859597|-4.145409|7.927255|356.000000|-2.918649|-1.440280|-15099346.108900|-0.021680|-16.456511|-1.385267|0.642544|9.400000|0.000000|7223001.123575|2.516869|-0.000000|-2.797181|-19.406451|-0.233094|0.100609|0.080564|718.312780|-0.631292|-3.076882|-1.854447|3.311389|0.404616|-4.721629|-0.010166|-4.721629|-1405.447285|-114721941.550445|-243.908380|194298.138036|-0.000005|-4615594.126782|-2.160169|0.001113|9.441356|-0.015924|-7.996570|-5.416666|0.241544|-3.076882|-308.858462
1442|-7522073.217438|-5.880161|-2.918649|10.000000|-7.630171|-5.114559|-4.145409|12.715475|356.000000|-2.918649|-1.440280|-7782959.060365|-0.021680|-11.228255|-1.385428|0.924472|14.000000|0.000000|7224463.094968|2.516869|-0.000000|-2.484644|-19.925942|-0.229993|0.100609|0.081382|2157.735476|-0.635230|-3.111696|-2.252506|3.301930|0.404616|-4.721629|-0.011818|-4.721629|-1405.465332|-111325671.009899|-194.426242|194298.138036|-0.000005|-4615594.126782|-2.130119|0.007008|9.455615|-0.015405|-7.784464|-4.491666|0.241544|-3.111696|-308.858462
1443|-9413904.849106|-5.866249|-2.918649|10.000000|-7.630171|-3.678572|-4.145409|12.715475|356.000000|-2.918649|-1.440280|-10051142.047639|-0.021680|-8.454939|-1.385508|1.245131|12.400000|0.000000|7221969.521257|2.516869|-0.000000|0.459649|-18.299862|-0.224886|0.100609|0.081563|6306.753746|-0.614852|-3.119837|-1.784450|3.288946|0.404616|-4.721629|-0.012430|-4.721629|-1404.815268|-111325671.009899|-285.568303|194298.138036|-0.000005|-4615594.126782|-2.100069|0.011061|9.465303|-0.014915|-7.572357|-5.675000|0.241544|-3.119837|-308.858462
1444|-6113152.541524|-5.848818|-2.918649|10.000000|-7.630171|-2.760299|-4.145409|12.715475|356.000000|-2.918649|-1.440280|-7242995.753840|-0.021680|-6.068281|-1.385774|1.555487|12.600000|0.000000|7222348.878171|2.516869|-0.000000|-7.422500|-17.960010|-0.219023|0.100609|0.081654|6276.267329|-0.584238|-3.128692|-1.784450|3.275095|0.404616|-4.721629|-0.010028|-4.721629|-1404.931295|-111325671.009899|-191.476172|194298.138036|-0.000005|-4615594.126782|-2.070020|0.012053|9.472626|-0.014465|-7.360251|-5.158333|0.241544|-3.128692|-308.858462
1445|-5063591.949276|-5.842916|-2.918649|10.000000|-7.630171|-1.548527|-4.160676|12.715475|356.000000|-2.918649|-1.440280|-6913829.977688|-0.021680|-0.874952|-1.386131|1.775151|14.600000|0.000000|7218625.533783|2.516869|-0.000000|2.132024|-16.727318|-0.211979|0.100609|0.081147|8551.547159|-0.582898|-3.128930|-3.910069|3.261546|0.404616|-4.721629|-0.010028|-4.721629|-1405.086814|-109711260.119061|-160.609169|194298.138036|-0.000005|-4615594.126782|-2.039970|0.012470|9.477097|-0.013989|-7.148144|-4.775000|0.241544|-3.128930|-308.858462
1446|-7482476.651130|-5.764003|-2.918649|10.000000|-7.630171|-0.642639|-4.160676|12.715475|356.000000|-2.918649|-1.440280|-9349843.125857|-0.021680|4.031085|-1.386761|1.927493|14.600000|0.000000|7207489.501058|2.516869|-0.000000|5.557043|-15.676047|-0.201271|0.100609|0.080813|10757.692110|-0.587822|-3.133149|-5.312513|3.250002|0.404616|-4.721629|-0.010028|-4.243612|-1406.453455|-102462809.280599|-120.195655|194298.138036|-0.000005|-4615594.126782|-2.009920|0.011726|9.477887|-0.013433|-6.936037|-7.716667|0.241544|-3.133149|-308.858462
1447|-5067753.634056|-5.598535|-2.918649|10.000000|-7.630171|-0.203978|-4.160676|12.715475|356.000000|-2.918649|-1.440280|-6897364.197905|-0.021680|4.031085|-1.386625|2.011302|10.600000|0.000000|7209496.175536|2.516869|-0.000000|5.675965|-15.863116|-0.188080|0.100609|0.079778|13269.331508|-0.587714|-3.107917|-3.724594|3.241739|0.404616|-4.721629|-0.010028|-3.401476|-1404.326538|-100308924.949215|-146.077639|194298.138036|-0.000005|-4615594.126782|-1.979871|0.009357|9.473884|-0.012861|-6.723931|-5.283333|0.241544|-3.107917|-308.858462
1448|-10076675.400000|-5.505688|-2.918649|10.000000|-7.630171|0.343374|-4.160676|12.715475|356.000000|-2.918649|-1.440280|-11363471.669744|-0.021680|4.031085|-1.386332|2.011302|10.600000|0.000000|7200459.002990|2.516869|-0.000000|4.511386|-15.860195|-0.174253|0.100609|0.078536|14293.936583|-0.578535|-2.914548|-3.070879|3.236954|0.404616|-4.721629|-0.010028|-2.918649|-1403.435792|-100308924.949215|-190.680684|194298.138036|-0.000005|-4615594.126782|-1.949821|0.008521|9.467067|-0.012292|-6.511824|0.533333|0.241544|-2.914548|-308.858462
1449|-12899127.665550|-5.412771|-2.918649|10.000000|-7.630171|0.343374|-4.160676|12.715475|356.000000|-2.918649|-1.440280|-14186301.163130|-0.021680|4.031085|-1.386636|2.011302|16.600000|-2.000000|7197423.992699|2.516869|-0.000000|6.209195|-16.107551|-0.160427|0.100609|0.077230|13901.447745|-0.573836|-2.803993|-4.097794|3.234921|0.404616|-4.721629|-0.010028|-2.918649|-1405.170384|-100308924.949215|-153.645163|194298.138036|-0.000005|-4615594.126782|-1.919771|0.007977|9.457529|-0.011701|-6.299718|2.325000|0.241544|-2.803993|-308.858462
1450|-19594761.750000|-5.337979|-2.918649|10.800000|-7.630171|1.069317|-4.160676|12.715475|356.000000|-2.918649|-1.440280|-20424633.542414|-0.021680|4.031085|-1.386337|2.011302|8.600000|-2.000000|7189637.057015|2.516869|-0.000000|5.894591|-16.504549|-0.146601|0.100609|0.075978|13163.780714|-0.519475|-2.730988|-2.870158|3.237036|0.404616|-4.721629|-0.010028|-2.918649|-1404.879505|-100308924.949215|-179.365677|194298.138036|-0.000005|-4615594.126782|-1.889722|0.007951|9.446245|-0.011110|-6.087611|3.458333|0.241544|-2.730988|-308.858462
1451|-20277427.409814|-5.309507|-2.918649|11.400000|-7.630171|1.919858|-4.160676|12.715475|356.000000|-2.918649|-1.440280|-20499064.449896|-0.021680|4.174731|-1.386188|2.011302|12.600000|-2.000000|7189041.186971|2.516869|-0.000000|2.171510|-16.396034|-0.132774|0.100609|0.074821|12259.816325|-0.471831|-2.755132|-2.870158|3.245389|0.404616|-4.721629|-0.010028|-2.918649|-1404.906436|-100308924.949215|-183.249737|194298.138036|-0.000005|-4615594.126782|-1.859672|0.007722|9.437988|-0.010524|-5.875505|5.533333|0.241544|-2.755132|-308.858462
1452|-24830550.900000|-5.204982|-2.918649|12.000000|-7.630171|2.879872|-4.160676|12.715475|356.000000|-2.918649|-1.440280|-25278324.848645|-0.021680|6.246554|-1.386339|2.011302|14.600000|-2.000000|7179431.142048|2.516869|-0.000000|7.680753|-16.076482|-0.118948|0.100609|0.073547|10282.322050|-0.455849|-2.754424|-3.450406|3.259157|0.404616|-4.721629|-0.010028|-2.918649|-1405.221148|-98912766.127041|-186.729475|194298.138036|-0.000005|-4615594.126782|-1.837589|0.007819|9.435640|-0.009935|-5.663398|3.533333|0.241544|-2.754424|-308.858462
1453|-23362290.768302|-5.094704|-2.918649|12.400000|-7.630171|3.557979|-4.160676|12.715475|356.000000|-2.918649|-1.440280|-23953606.066693|-0.021680|8.810284|-1.386414|2.011302|12.600000|-2.000000|7173357.913425|2.516869|-0.000000|-0.799085|-15.143038|-0.105122|0.100609|0.072279|9255.294319|-0.455003|-2.758072|-3.205694|3.278221|0.404616|-4.721629|-0.010028|-2.918649|-1404.824432|-90328259.235257|-183.271106|194298.138036|-0.000005|-4615594.126782|-1.829542|0.007618|9.438431|-0.009350|-5.451291|5.533333|0.241544|-2.758072|-308.858462
1454|-26235036.408850|-5.023211|-2.918649|12.600000|-7.630171|4.933409|-4.160676|12.715475|356.000000|-2.918649|-1.440280|-27206676.426394|-0.021680|8.810284|-1.386226|2.011302|10.600000|-2.000000|7157027.726418|2.516869|-0.000000|6.268799|-13.299936|-0.091295|0.100609|0.071456|8256.838224|-0.454793|-2.735078|-4.594705|3.302595|0.404616|-4.721629|-0.010028|-2.918649|-1405.423280|-89058109.225526|-220.183716|194298.138036|-0.000005|-4615594.126782|-1.829779|0.008703|9.446201|-0.008797|-5.239185|1.533333|0.241544|-2.735078|-308.858462
1455|-27417996.475618|-4.932817|-2.918649|12.600000|-7.630171|6.558799|-4.160676|12.715475|356.000000|-2.918649|-1.440280|-28048927.031843|-0.021680|8.810284|-1.385908|2.011302|8.600000|-2.000000|7151498.340728|2.516869|-0.000000|8.044250|-11.417050|-0.077469|0.100609|0.070630|3948.652077|-0.449517|-2.732841|-3.517572|3.331511|0.404616|-4.721629|-0.010028|-2.918649|-1404.718513|-88601129.308703|-243.383088|194298.138036|-0.000005|-4615594.126782|-1.839519|0.008354|9.457880|-0.008268|-5.027078|3.533333|0.241544|-2.732841|-308.858462
1456|-32930409.052130|-4.808465|-2.918649|12.600000|-7.630171|8.791295|-4.160676|12.715475|356.000000|-2.918649|-1.440280|-32693070.174542|-0.023687|8.810284|-1.386198|2.011302|16.200000|-2.000000|6918485.614310|2.516869|-0.000000|10.833965|-10.900308|-0.063643|0.100609|0.069592|108.046440|-0.449584|-2.732261|-5.570765|3.362150|0.404616|-4.721629|-0.010028|-2.918649|-1405.338057|-88601129.308703|-208.553447|194298.138036|-0.000005|-4615594.126782|-1.840846|0.012867|9.474486|-0.007780|-4.814972|4.091667|0.241544|-2.732261|-308.858462
1457|-38256438.024580|-4.676162|-2.918649|12.600000|-7.630171|10.811171|-4.160676|12.715475|356.000000|-2.918649|-1.440280|-37257049.884288|-0.023687|8.810284|-1.386119|2.011302|11.800000|-2.000000|6685416.045969|2.516869|-0.000000|9.862369|-10.566797|-0.049816|0.100609|0.067480|-1581.105864|-0.458594|-2.723282|-6.080446|3.387396|0.404616|-4.721629|-0.010028|-2.918649|-1405.470305|-88601129.308703|-240.148521|194298.138036|-0.000005|-4615594.126782|-1.827387|0.013830|9.496517|-0.007302|-4.602865|4.900000|0.241544|-2.723282|-308.858462
1458|-46638686.002822|-4.478662|-2.918649|12.600000|-7.630171|11.861685|-4.160676|12.715475|356.000000|-2.918649|-1.440280|-44798315.152761|-0.023687|8.810284|-1.386079|2.011302|13.800000|-2.000000|6668137.012986|2.516869|-0.000000|10.487580|-10.220820|-0.035990|0.100609|0.066287|-2730.514753|-0.468244|-2.690926|-6.836355|3.401286|0.404616|-4.721629|-0.010028|-2.918649|-1405.719858|-88601129.308703|-239.769965|194298.138036|-0.000005|-4615594.126782|-1.813927|0.010018|9.527980|-0.006863|-4.390759|6.300000|0.241544|-2.690926|-308.858462
1459|-56128908.378934|-4.344600|-2.918649|12.600000|-7.630171|12.113020|-4.160676|12.715475|356.000000|-2.918649|-1.440280|-55219276.394713|-0.023687|8.810284|-1.385609|2.011302|7.800000|-2.000000|6648003.645884|2.516869|-0.000000|10.952553|-10.001607|-0.022164|0.100609|0.065448|-5081.135453|-0.468244|-2.665939|-5.395579|3.400157|0.404616|-4.721629|-0.010028|-2.918649|-1404.270576|-88601129.308703|-313.861716|194298.138036|-0.000005|-4615594.126782|-1.785375|0.009663|9.567200|-0.006448|-4.178652|5.975000|0.241544|-2.665939|-308.858462
