859|nan|nan|nan|nan|nan|nan|nan|nan|nan|nan|nan|nan|nan|nan|nan|nan|nan|nan|nan|nan|nan|nan|nan|nan|nan|nan|nan|nan|nan|nan|nan|nan|nan|nan|nan|nan|nan|nan|nan|nan|nan|nan|nan|nan|nan|nan|nan|nan|nan|nan
900|nan|nan|nan|nan|nan|nan|nan|nan|nan|nan|nan|nan|nan|nan|nan|nan|nan|nan|nan|nan|nan|nan|nan|nan|nan|nan|nan|nan|nan|nan|nan|nan|nan|nan|nan|nan|nan|nan|nan|nan|nan|nan|nan|nan|nan|nan|nan|nan|nan|nan
901|nan|nan|nan|nan|nan|nan|nan|nan|nan|nan|nan|nan|nan|nan|nan|nan|nan|nan|nan|nan|nan|nan|nan|nan|nan|nan|nan|nan|nan|nan|nan|nan|nan|nan|nan|nan|nan|nan|nan|nan|nan|nan|nan|nan|nan|nan|nan|nan|nan|nan
902|nan|nan|nan|nan|nan|nan|nan|nan|nan|nan|nan|nan|nan|nan|nan|nan|nan|nan|nan|nan|nan|nan|nan|nan|nan|nan|nan|nan|nan|nan|nan|nan|nan|nan|nan|nan|nan|nan|nan|nan|nan|nan|nan|nan|nan|nan|nan|nan|nan|nan
903|nan|nan|nan|nan|nan|nan|nan|nan|nan|nan|nan|nan|nan|nan|nan|nan|nan|nan|nan|nan|nan|nan|nan|nan|nan|nan|nan|nan|nan|nan|nan|nan|nan|nan|nan|nan|nan|nan|nan|nan|nan|nan|nan|nan|nan|nan|nan|nan|nan|nan
904|nan|nan|nan|nan|nan|nan|nan|nan|nan|nan|nan|nan|nan|nan|nan|nan|nan|nan|nan|nan|nan|nan|nan|nan|nan|nan|nan|nan|nan|nan|nan|nan|nan|nan|nan|nan|nan|nan|nan|nan|nan|nan|nan|nan|nan|nan|nan|nan|nan|nan
905|nan|nan|nan|nan|nan|nan|nan|nan|nan|nan|nan|nan|nan|nan|nan|nan|nan|nan|nan|nan|nan|nan|nan|nan|nan|nan|nan|nan|nan|nan|nan|nan|nan|nan|nan|nan|nan|nan|nan|nan|nan|nan|nan|nan|nan|nan|nan|nan|nan|nan
906|nan|nan|nan|nan|nan|nan|nan|nan|nan|nan|nan|nan|nan|nan|nan|nan|nan|nan|nan|nan|nan|nan|nan|nan|nan|nan|nan|nan|nan|nan|nan|nan|nan|nan|nan|nan|nan|nan|nan|nan|nan|nan|nan|nan|nan|nan|nan|nan|nan|nan
907|nan|nan|nan|nan|nan|nan|nan|nan|nan|nan|nan|nan|nan|nan|nan|nan|nan|nan|nan|nan|nan|nan|nan|nan|nan|nan|nan|nan|nan|nan|nan|nan|nan|nan|nan|nan|nan|nan|nan|nan|nan|nan|nan|nan|nan|nan|nan|nan|nan|nan
908|nan|nan|nan|nan|nan|nan|nan|nan|nan|nan|nan|nan|nan|nan|nan|nan|nan|nan|nan|nan|nan|nan|nan|nan|nan|nan|nan|nan|nan|nan|nan|nan|nan|nan|nan|nan|nan|nan|nan|nan|nan|nan|nan|nan|nan|nan|nan|nan|nan|nan
909|nan|nan|nan|nan|nan|nan|nan|nan|nan|nan|nan|nan|nan|nan|nan|nan|nan|nan|nan|nan|nan|nan|nan|nan|nan|nan|nan|nan|nan|nan|nan|nan|nan|nan|nan|nan|nan|nan|nan|nan|nan|nan|nan|nan|nan|nan|nan|nan|nan|nan
910|nan|nan|nan|nan|nan|nan|nan|nan|nan|nan|nan|nan|nan|nan|nan|nan|nan|nan|nan|nan|nan|nan|nan|nan|nan|nan|nan|nan|nan|nan|nan|nan|nan|nan|nan|nan|nan|nan|nan|nan|nan|nan|nan|nan|nan|nan|nan|nan|nan|nan
911|nan|nan|nan|nan|nan|nan|nan|nan|nan|nan|nan|nan|nan|nan|nan|nan|nan|nan|nan|nan|nan|nan|nan|nan|nan|nan|nan|nan|nan|nan|nan|nan|nan|nan|nan|nan|nan|nan|nan|nan|nan|nan|nan|nan|nan|nan|nan|nan|nan|nan
912|nan|nan|nan|nan|nan|nan|nan|nan|nan|nan|nan|nan|nan|nan|nan|nan|nan|nan|nan|nan|nan|nan|nan|nan|nan|nan|nan|nan|nan|nan|nan|nan|nan|nan|nan|nan|nan|nan|nan|nan|nan|nan|nan|nan|nan|nan|nan|nan|nan|nan
913|nan|nan|nan|nan|nan|nan|nan|nan|nan|nan|nan|nan|nan|nan|nan|nan|nan|nan|nan|nan|nan|nan|nan|nan|nan|nan|nan|nan|nan|nan|nan|nan|nan|nan|nan|nan|nan|nan|nan|nan|nan|nan|nan|nan|nan|nan|nan|nan|nan|nan
914|nan|nan|nan|nan|nan|nan|nan|nan|nan|nan|nan|nan|nan|nan|nan|nan|nan|nan|nan|nan|nan|nan|nan|nan|nan|nan|nan|nan|nan|nan|nan|nan|nan|nan|nan|nan|nan|nan|nan|nan|nan|nan|nan|nan|nan|nan|nan|nan|nan|nan
915|nan|nan|nan|nan|nan|nan|nan|nan|nan|nan|nan|nan|nan|nan|nan|nan|nan|nan|nan|nan|nan|nan|nan|nan|nan|nan|nan|nan|nan|nan|nan|nan|nan|nan|nan|nan|nan|nan|nan|nan|nan|nan|nan|nan|nan|nan|nan|nan|nan|nan
916|nan|nan|nan|nan|nan|nan|nan|nan|nan|nan|nan|nan|nan|nan|nan|nan|nan|nan|nan|nan|nan|nan|nan|nan|nan|nan|nan|nan|nan|nan|nan|nan|nan|nan|nan|nan|nan|nan|nan|nan|nan|nan|nan|nan|nan|nan|nan|nan|nan|nan
917|nan|nan|nan|nan|nan|nan|nan|nan|nan|nan|nan|nan|nan|nan|nan|nan|nan|nan|nan|nan|nan|nan|nan|nan|nan|nan|nan|nan|nan|nan|nan|nan|nan|nan|nan|nan|nan|nan|nan|nan|nan|nan|nan|nan|nan|nan|nan|nan|nan|nan
918|nan|nan|nan|nan|nan|nan|nan|nan|nan|nan|nan|nan|nan|nan|nan|nan|nan|nan|nan|nan|nan|nan|nan|nan|nan|nan|nan|nan|nan|nan|nan|nan|nan|nan|nan|nan|nan|nan|nan|nan|nan|nan|nan|nan|nan|nan|nan|nan|nan|nan
919|nan|nan|nan|nan|nan|nan|nan|nan|nan|nan|nan|nan|nan|nan|nan|nan|nan|nan|nan|nan|nan|nan|nan|nan|nan|nan|nan|nan|nan|nan|nan|nan|nan|nan|nan|nan|nan|nan|nan|nan|nan|nan|nan|nan|nan|nan|nan|nan|nan|nan
920|nan|nan|nan|nan|nan|nan|nan|nan|nan|nan|nan|nan|nan|nan|nan|nan|nan|nan|nan|nan|nan|nan|nan|nan|nan|nan|nan|nan|nan|nan|nan|nan|nan|nan|nan|nan|nan|nan|nan|nan|nan|nan|nan|nan|nan|nan|nan|nan|nan|nan
921|nan|nan|nan|nan|nan|nan|nan|nan|nan|nan|nan|nan|nan|nan|nan|nan|nan|nan|nan|nan|nan|nan|nan|nan|nan|nan|nan|nan|nan|nan|nan|nan|nan|nan|nan|nan|nan|nan|nan|nan|nan|nan|nan|nan|nan|nan|nan|nan|nan|nan
922|nan|nan|nan|nan|nan|nan|nan|nan|nan|nan|nan|nan|nan|nan|nan|nan|nan|nan|nan|nan|nan|nan|nan|nan|nan|nan|nan|nan|nan|nan|nan|nan|nan|nan|nan|nan|nan|nan|nan|nan|nan|nan|nan|nan|nan|nan|nan|nan|nan|nan
923|nan|nan|nan|nan|nan|nan|nan|nan|nan|nan|nan|nan|nan|nan|nan|nan|nan|nan|nan|nan|nan|nan|nan|nan|nan|nan|nan|nan|nan|nan|nan|nan|nan|nan|nan|nan|nan|nan|nan|nan|nan|nan|nan|nan|nan|nan|nan|nan|nan|nan
924|nan|nan|nan|nan|nan|nan|nan|nan|nan|nan|nan|nan|nan|nan|nan|nan|nan|nan|nan|nan|nan|nan|nan|nan|nan|nan|nan|nan|nan|nan|nan|nan|nan|nan|nan|nan|nan|nan|nan|nan|nan|nan|nan|nan|nan|nan|nan|nan|nan|nan
925|nan|nan|nan|nan|nan|nan|nan|nan|nan|nan|nan|nan|nan|nan|nan|nan|nan|nan|nan|nan|nan|nan|nan|nan|nan|nan|nan|nan|nan|nan|nan|nan|nan|nan|nan|nan|nan|nan|nan|nan|nan|nan|nan|nan|nan|nan|nan|nan|nan|nan
926|nan|nan|nan|nan|nan|nan|nan|nan|nan|nan|nan|nan|nan|nan|nan|nan|nan|nan|nan|nan|nan|nan|nan|nan|nan|nan|nan|nan|nan|nan|nan|nan|nan|nan|nan|nan|nan|nan|nan|nan|nan|nan|nan|nan|nan|nan|nan|nan|nan|nan
927|nan|nan|nan|nan|nan|nan|nan|nan|nan|nan|nan|nan|nan|nan|nan|nan|nan|nan|nan|nan|nan|nan|nan|nan|nan|nan|nan|nan|nan|nan|nan|nan|nan|nan|nan|nan|nan|nan|nan|nan|nan|nan|nan|nan|nan|nan|nan|nan|nan|nan
928|nan|nan|nan|nan|nan|nan|nan|nan|nan|nan|nan|nan|nan|nan|nan|nan|nan|nan|nan|nan|nan|nan|nan|nan|nan|nan|nan|nan|nan|nan|nan|nan|nan|nan|nan|nan|nan|nan|nan|nan|nan|nan|nan|nan|nan|nan|nan|nan|nan|nan
929|nan|nan|nan|nan|nan|nan|nan|nan|nan|nan|nan|nan|nan|nan|nan|nan|nan|nan|nan|nan|nan|nan|nan|nan|nan|nan|nan|nan|nan|nan|nan|nan|nan|nan|nan|nan|nan|nan|nan|nan|nan|nan|nan|nan|nan|nan|nan|nan|nan|nan
930|nan|nan|nan|nan|nan|nan|nan|nan|nan|nan|nan|nan|nan|nan|nan|nan|nan|nan|nan|nan|nan|nan|nan|nan|nan|nan|nan|nan|nan|nan|nan|nan|nan|nan|nan|nan|nan|nan|nan|nan|nan|nan|nan|nan|nan|nan|nan|nan|nan|nan
931|nan|nan|nan|nan|nan|nan|nan|nan|nan|nan|nan|nan|nan|nan|nan|nan|nan|nan|nan|nan|nan|nan|nan|nan|nan|nan|nan|nan|nan|nan|nan|nan|nan|nan|nan|nan|nan|nan|nan|nan|nan|nan|nan|nan|nan|nan|nan|nan|nan|nan
932|nan|nan|nan|nan|nan|nan|nan|nan|nan|nan|nan|nan|nan|nan|nan|nan|nan|nan|nan|nan|nan|nan|nan|nan|nan|nan|nan|nan|nan|nan|nan|nan|nan|nan|nan|nan|nan|nan|nan|nan|nan|nan|nan|nan|nan|nan|nan|nan|nan|nan
933|nan|nan|nan|nan|nan|nan|nan|nan|nan|nan|nan|nan|nan|nan|nan|nan|nan|nan|nan|nan|nan|nan|nan|nan|nan|nan|nan|nan|nan|nan|nan|nan|nan|nan|nan|nan|nan|nan|nan|nan|nan|nan|nan|nan|nan|nan|nan|nan|nan|nan
934|nan|nan|nan|nan|nan|nan|nan|nan|nan|nan|nan|nan|nan|nan|nan|nan|nan|nan|nan|nan|nan|nan|nan|nan|nan|nan|nan|nan|nan|nan|nan|nan|nan|nan|nan|nan|nan|nan|nan|nan|nan|nan|nan|nan|nan|nan|nan|nan|nan|nan
935|nan|nan|nan|nan|nan|nan|nan|nan|nan|nan|nan|nan|nan|nan|nan|nan|nan|nan|nan|nan|nan|nan|nan|nan|nan|nan|nan|nan|nan|nan|nan|nan|nan|nan|nan|nan|nan|nan|nan|nan|nan|nan|nan|nan|nan|nan|nan|nan|nan|nan
936|nan|nan|nan|nan|nan|nan|nan|nan|nan|nan|nan|nan|nan|nan|nan|nan|nan|nan|nan|nan|nan|nan|nan|nan|nan|nan|nan|nan|nan|nan|nan|nan|nan|nan|nan|nan|nan|nan|nan|nan|nan|nan|nan|nan|nan|nan|nan|nan|nan|nan
937|nan|nan|nan|nan|nan|nan|nan|nan|nan|nan|nan|nan|nan|nan|nan|nan|nan|nan|nan|nan|nan|nan|nan|nan|nan|nan|nan|nan|nan|nan|nan|nan|nan|nan|nan|nan|nan|nan|nan|nan|nan|nan|nan|nan|nan|nan|nan|nan|nan|nan
938|nan|nan|nan|nan|nan|nan|nan|nan|nan|nan|nan|nan|nan|nan|nan|nan|nan|nan|nan|nan|nan|nan|nan|nan|nan|nan|nan|nan|nan|nan|nan|nan|nan|nan|nan|nan|nan|nan|nan|nan|nan|nan|nan|nan|nan|nan|nan|nan|nan|nan
939|nan|nan|nan|nan|nan|nan|nan|nan|nan|nan|nan|nan|nan|nan|nan|nan|nan|nan|nan|nan|nan|nan|nan|nan|nan|nan|nan|nan|nan|nan|nan|nan|nan|nan|nan|nan|nan|nan|nan|nan|nan|nan|nan|nan|nan|nan|nan|nan|nan|nan
940|nan|nan|nan|nan|nan|nan|nan|nan|nan|nan|nan|nan|nan|nan|nan|nan|nan|nan|nan|nan|nan|nan|nan|nan|nan|nan|nan|nan|nan|nan|nan|nan|nan|nan|nan|nan|nan|nan|nan|nan|nan|nan|nan|nan|nan|nan|nan|nan|nan|nan
941|nan|nan|nan|nan|nan|nan|nan|nan|nan|nan|nan|nan|nan|nan|nan|nan|nan|nan|nan|nan|nan|nan|nan|nan|nan|nan|nan|nan|nan|nan|nan|nan|nan|nan|nan|nan|nan|nan|nan|nan|nan|nan|nan|nan|nan|nan|nan|nan|nan|nan
942|nan|nan|nan|nan|nan|nan|nan|nan|nan|nan|nan|nan|nan|nan|nan|nan|nan|nan|nan|nan|nan|nan|nan|nan|nan|nan|nan|nan|nan|nan|nan|nan|nan|nan|nan|nan|nan|nan|nan|nan|nan|nan|nan|nan|nan|nan|nan|nan|nan|nan
943|nan|nan|nan|nan|nan|nan|nan|nan|nan|nan|nan|nan|nan|nan|nan|nan|nan|nan|nan|nan|nan|nan|nan|nan|nan|nan|nan|nan|nan|nan|nan|nan|nan|nan|nan|nan|nan|nan|nan|nan|nan|nan|nan|nan|nan|nan|nan|nan|nan|nan
944|nan|nan|nan|nan|nan|nan|nan|nan|nan|nan|nan|nan|nan|nan|nan|nan|nan|nan|nan|nan|nan|nan|nan|nan|nan|nan|nan|nan|nan|nan|nan|nan|nan|nan|nan|nan|nan|nan|nan|nan|nan|nan|nan|nan|nan|nan|nan|nan|nan|nan
945|nan|nan|nan|nan|nan|nan|nan|nan|nan|nan|nan|nan|nan|nan|nan|nan|nan|nan|nan|nan|nan|nan|nan|nan|nan|nan|nan|nan|nan|nan|nan|nan|nan|nan|nan|nan|nan|nan|nan|nan|nan|nan|nan|nan|nan|nan|nan|nan|nan|nan
946|nan|nan|nan|nan|nan|nan|nan|nan|nan|nan|nan|nan|nan|nan|nan|nan|nan|nan|nan|nan|nan|nan|nan|nan|nan|nan|nan|nan|nan|nan|nan|nan|nan|nan|nan|nan|nan|nan|nan|nan|nan|nan|nan|nan|nan|nan|nan|nan|nan|nan
947|nan|nan|nan|nan|nan|nan|nan|nan|nan|nan|nan|nan|nan|nan|nan|nan|nan|nan|nan|nan|nan|nan|nan|nan|nan|nan|nan|nan|nan|nan|nan|nan|nan|nan|nan|nan|nan|nan|nan|nan|nan|nan|nan|nan|nan|nan|nan|nan|nan|nan
948|nan|nan|nan|nan|nan|nan|nan|nan|nan|nan|nan|nan|nan|nan|nan|nan|nan|nan|nan|nan|nan|nan|nan|nan|nan|nan|nan|nan|nan|nan|nan|nan|nan|nan|nan|nan|nan|nan|nan|nan|nan|nan|nan|nan|nan|nan|nan|nan|nan|nan
949|nan|nan|nan|nan|nan|nan|nan|nan|nan|nan|nan|nan|nan|nan|nan|nan|nan|nan|nan|nan|nan|nan|nan|nan|nan|nan|nan|nan|nan|nan|nan|nan|nan|nan|nan|nan|nan|nan|nan|nan|nan|nan|nan|nan|nan|nan|nan|nan|nan|nan
950|nan|nan|nan|nan|nan|nan|nan|nan|nan|nan|nan|nan|nan|nan|nan|nan|nan|nan|nan|nan|nan|nan|nan|nan|nan|nan|nan|nan|nan|nan|nan|nan|nan|nan|nan|nan|nan|nan|nan|nan|nan|nan|nan|nan|nan|nan|nan|nan|nan|nan
951|nan|nan|nan|nan|nan|nan|nan|nan|nan|nan|nan|nan|nan|nan|nan|nan|nan|nan|nan|nan|nan|nan|nan|nan|nan|nan|nan|nan|nan|nan|nan|nan|nan|nan|nan|nan|nan|nan|nan|nan|nan|nan|nan|nan|nan|nan|nan|nan|nan|nan
952|nan|nan|nan|nan|nan|nan|nan|nan|nan|nan|nan|nan|nan|nan|nan|nan|nan|nan|nan|nan|nan|nan|nan|nan|nan|nan|nan|nan|nan|nan|nan|nan|nan|nan|nan|nan|nan|nan|nan|nan|nan|nan|nan|nan|nan|nan|nan|nan|nan|nan
953|nan|nan|nan|nan|nan|nan|nan|nan|nan|nan|nan|nan|nan|nan|nan|nan|nan|nan|nan|nan|nan|nan|nan|nan|nan|nan|nan|nan|nan|nan|nan|nan|nan|nan|nan|nan|nan|nan|nan|nan|nan|nan|nan|nan|nan|nan|nan|nan|nan|nan
954|nan|nan|nan|nan|nan|nan|nan|nan|nan|nan|nan|nan|nan|nan|nan|nan|nan|nan|nan|nan|nan|nan|nan|nan|nan|nan|nan|nan|nan|nan|nan|nan|nan|nan|nan|nan|nan|nan|nan|nan|nan|nan|nan|nan|nan|nan|nan|nan|nan|nan
955|nan|nan|nan|nan|nan|nan|nan|nan|nan|nan|nan|nan|nan|nan|nan|nan|nan|nan|nan|nan|nan|nan|nan|nan|nan|nan|nan|nan|nan|nan|nan|nan|nan|nan|nan|nan|nan|nan|nan|nan|nan|nan|nan|nan|nan|nan|nan|nan|nan|nan
956|nan|nan|nan|nan|nan|nan|nan|nan|nan|nan|nan|nan|nan|nan|nan|nan|nan|nan|nan|nan|nan|nan|nan|nan|nan|nan|nan|nan|nan|nan|nan|nan|nan|nan|nan|nan|nan|nan|nan|nan|nan|nan|nan|nan|nan|nan|nan|nan|nan|nan
957|nan|nan|nan|nan|nan|nan|nan|nan|nan|nan|nan|nan|nan|nan|nan|nan|nan|nan|nan|nan|nan|nan|nan|nan|nan|nan|nan|nan|nan|nan|nan|nan|nan|nan|nan|nan|nan|nan|nan|nan|nan|nan|nan|nan|nan|nan|nan|nan|nan|nan
958|nan|nan|nan|nan|nan|nan|nan|nan|nan|nan|nan|nan|nan|nan|nan|nan|nan|nan|nan|nan|nan|nan|nan|nan|nan|nan|nan|nan|nan|nan|nan|nan|nan|nan|nan|nan|nan|nan|nan|nan|nan|nan|nan|nan|nan|nan|nan|nan|nan|nan
959|nan|nan|nan|nan|nan|nan|nan|nan|nan|nan|nan|nan|nan|nan|nan|nan|nan|nan|nan|nan|nan|nan|nan|nan|nan|nan|nan|nan|nan|nan|nan|nan|nan|nan|nan|nan|nan|nan|nan|nan|nan|nan|nan|nan|nan|nan|nan|nan|nan|nan
1000|nan|nan|nan|nan|nan|nan|nan|nan|nan|nan|nan|nan|nan|nan|nan|nan|nan|nan|nan|nan|nan|nan|nan|nan|nan|nan|nan|nan|nan|nan|nan|nan|nan|nan|nan|nan|nan|nan|nan|nan|nan|nan|nan|nan|nan|nan|nan|nan|nan|nan
1001|nan|nan|nan|nan|nan|nan|nan|nan|nan|nan|nan|nan|nan|nan|nan|nan|nan|nan|nan|nan|nan|nan|nan|nan|nan|nan|nan|nan|nan|nan|nan|nan|nan|nan|nan|nan|nan|nan|nan|nan|nan|nan|nan|nan|nan|nan|nan|nan|nan|nan
1002|nan|nan|nan|nan|nan|nan|nan|nan|nan|nan|nan|nan|nan|nan|nan|nan|nan|nan|nan|nan|nan|nan|nan|nan|nan|nan|nan|nan|nan|nan|nan|nan|nan|nan|nan|nan|nan|nan|nan|nan|nan|nan|nan|nan|nan|nan|nan|nan|nan|nan
1003|nan|nan|nan|nan|nan|nan|nan|nan|nan|nan|nan|nan|nan|nan|nan|nan|nan|nan|nan|nan|nan|nan|nan|nan|nan|nan|nan|nan|nan|nan|nan|nan|nan|nan|nan|nan|nan|nan|nan|nan|nan|nan|nan|nan|nan|nan|nan|nan|nan|nan
1004|nan|nan|nan|nan|nan|nan|nan|nan|nan|nan|nan|nan|nan|nan|nan|nan|nan|nan|nan|nan|nan|nan|nan|nan|nan|nan|nan|nan|nan|nan|nan|nan|nan|nan|nan|nan|nan|nan|nan|nan|nan|nan|nan|nan|nan|nan|nan|nan|nan|nan
1005|nan|nan|nan|nan|nan|nan|nan|nan|nan|nan|nan|nan|nan|nan|nan|nan|nan|nan|nan|nan|nan|nan|nan|nan|nan|nan|nan|nan|nan|nan|nan|nan|nan|nan|nan|nan|nan|nan|nan|nan|nan|nan|nan|nan|nan|nan|nan|nan|nan|nan
1006|nan|nan|nan|nan|nan|nan|nan|nan|nan|nan|nan|nan|nan|nan|nan|nan|nan|nan|nan|nan|nan|nan|nan|nan|nan|nan|nan|nan|nan|nan|nan|nan|nan|nan|nan|nan|nan|nan|nan|nan|nan|nan|nan|nan|nan|nan|nan|nan|nan|nan
1007|nan|nan|nan|nan|nan|nan|nan|nan|nan|nan|nan|nan|nan|nan|nan|nan|nan|nan|nan|nan|nan|nan|nan|nan|nan|nan|nan|nan|nan|nan|nan|nan|nan|nan|nan|nan|nan|nan|nan|nan|nan|nan|nan|nan|nan|nan|nan|nan|nan|nan
1008|nan|nan|nan|nan|nan|nan|nan|nan|nan|nan|nan|nan|nan|nan|nan|nan|nan|nan|nan|nan|nan|nan|nan|nan|nan|nan|nan|nan|nan|nan|nan|nan|nan|nan|nan|nan|nan|nan|nan|nan|nan|nan|nan|nan|nan|nan|nan|nan|nan|nan
1009|nan|nan|nan|nan|nan|nan|nan|nan|nan|nan|nan|nan|nan|nan|nan|nan|nan|nan|nan|nan|nan|nan|nan|nan|nan|nan|nan|nan|nan|nan|nan|nan|nan|nan|nan|nan|nan|nan|nan|nan|nan|nan|nan|nan|nan|nan|nan|nan|nan|nan
1010|nan|nan|nan|nan|nan|nan|nan|nan|nan|nan|nan|nan|nan|nan|nan|nan|nan|nan|nan|nan|nan|nan|nan|nan|nan|nan|nan|nan|nan|nan|nan|nan|nan|nan|nan|nan|nan|nan|nan|nan|nan|nan|nan|nan|nan|nan|nan|nan|nan|nan
1011|nan|nan|nan|nan|nan|nan|nan|nan|nan|nan|nan|nan|nan|nan|nan|nan|nan|nan|nan|nan|nan|nan|nan|nan|nan|nan|nan|nan|nan|nan|nan|nan|nan|nan|nan|nan|nan|nan|nan|nan|nan|nan|nan|nan|nan|nan|nan|nan|nan|nan
1012|nan|nan|nan|nan|nan|nan|nan|nan|nan|nan|nan|nan|nan|nan|nan|nan|nan|nan|nan|nan|nan|nan|nan|nan|nan|nan|nan|nan|nan|nan|nan|nan|nan|nan|nan|nan|nan|nan|nan|nan|nan|nan|nan|nan|nan|nan|nan|nan|nan|nan
1013|nan|nan|nan|nan|nan|nan|nan|nan|nan|nan|nan|nan|nan|nan|nan|nan|nan|nan|nan|nan|nan|nan|nan|nan|nan|nan|nan|nan|nan|-40.305385|nan|nan|nan|nan|nan|nan|nan|nan|nan|nan|nan|nan|nan|nan|nan|nan|nan|nan|nan|nan
1014|nan|nan|nan|nan|nan|nan|nan|nan|nan|nan|nan|nan|nan|nan|nan|nan|nan|nan|nan|nan|nan|nan|nan|nan|nan|nan|nan|nan|nan|-20.152692|nan|nan|nan|nan|nan|nan|nan|nan|nan|nan|nan|nan|nan|nan|nan|nan|nan|nan|nan|nan
1030|nan|nan|nan|nan|nan|nan|nan|nan|nan|nan|nan|nan|nan|nan|nan|nan|nan|nan|nan|nan|nan|nan|nan|nan|nan|nan|nan|nan|nan|-26.842200|nan|nan|nan|nan|nan|nan|nan|nan|nan|nan|nan|nan|nan|nan|nan|nan|nan|nan|nan|nan
1031|nan|nan|nan|nan|nan|nan|nan|nan|nan|nan|nan|nan|nan|nan|nan|nan|nan|nan|nan|nan|nan|nan|nan|nan|nan|nan|nan|nan|nan|-99.954769|nan|nan|nan|nan|nan|nan|nan|nan|nan|nan|nan|nan|nan|nan|nan|nan|nan|nan|nan|nan
1032|nan|nan|nan|nan|nan|nan|nan|nan|nan|nan|nan|nan|nan|nan|nan|nan|nan|nan|nan|nan|nan|nan|nan|nan|nan|nan|nan|nan|nan|-95.784477|nan|nan|nan|nan|nan|nan|nan|nan|nan|nan|nan|nan|nan|nan|nan|nan|nan|nan|nan|nan
1033|nan|nan|nan|nan|nan|nan|nan|nan|nan|nan|nan|nan|nan|nan|nan|nan|nan|nan|nan|nan|nan|nan|nan|nan|nan|nan|nan|nan|nan|-79.820397|nan|nan|nan|nan|nan|nan|nan|nan|nan|nan|nan|nan|nan|nan|nan|nan|nan|nan|nan|nan
1034|nan|nan|nan|nan|nan|nan|nan|nan|nan|nan|nan|nan|nan|nan|nan|nan|nan|nan|nan|nan|nan|nan|nan|nan|nan|nan|nan|nan|nan|-79.487198|nan|nan|nan|nan|nan|nan|nan|nan|nan|nan|nan|nan|nan|nan|nan|nan|nan|nan|nan|nan
1035|nan|nan|nan|nan|nan|nan|nan|nan|nan|nan|nan|nan|nan|nan|nan|nan|nan|nan|nan|nan|nan|nan|nan|nan|nan|nan|nan|nan|nan|-64.791493|nan|nan|nan|nan|nan|nan|nan|nan|nan|nan|nan|nan|nan|nan|nan|nan|nan|nan|nan|nan
1036|nan|nan|nan|nan|nan|nan|nan|nan|nan|nan|nan|nan|nan|nan|nan|nan|nan|nan|nan|nan|nan|nan|nan|nan|nan|nan|nan|nan|nan|-57.592438|nan|nan|nan|nan|nan|nan|nan|nan|nan|nan|nan|nan|nan|nan|nan|nan|nan|nan|nan|nan
1037|nan|nan|nan|nan|nan|nan|nan|nan|nan|nan|nan|nan|nan|nan|nan|nan|nan|nan|nan|nan|nan|nan|nan|nan|nan|nan|nan|nan|nan|-51.833194|nan|nan|nan|nan|nan|nan|nan|nan|nan|nan|nan|nan|nan|nan|nan|nan|nan|nan|nan|nan
1038|nan|nan|nan|nan|nan|nan|nan|nan|nan|nan|nan|nan|nan|nan|nan|nan|nan|nan|nan|nan|nan|nan|nan|nan|nan|nan|nan|nan|nan|-47.121086|nan|nan|nan|nan|nan|nan|nan|nan|nan|nan|nan|nan|nan|nan|nan|nan|nan|nan|nan|nan
1039|nan|nan|nan|nan|nan|nan|nan|nan|nan|nan|nan|nan|nan|nan|nan|nan|nan|nan|nan|nan|nan|nan|nan|nan|nan|nan|nan|nan|nan|-43.194328|nan|nan|nan|nan|nan|nan|nan|nan|nan|nan|nan|nan|nan|nan|nan|nan|nan|nan|nan|nan
1040|nan|nan|nan|nan|nan|nan|nan|nan|nan|nan|nan|nan|nan|nan|nan|nan|nan|nan|nan|nan|nan|nan|nan|nan|nan|nan|nan|nan|nan|-39.871688|nan|nan|nan|nan|nan|nan|nan|nan|nan|nan|nan|nan|nan|nan|nan|nan|nan|nan|nan|nan
1041|nan|nan|nan|nan|nan|nan|nan|nan|nan|nan|nan|nan|nan|nan|nan|nan|nan|nan|nan|nan|nan|nan|nan|nan|nan|nan|nan|nan|nan|-37.023710|nan|nan|nan|nan|nan|nan|nan|nan|nan|nan|nan|nan|nan|nan|nan|nan|nan|nan|nan|nan
1042|nan|nan|nan|nan|nan|nan|nan|nan|nan|nan|nan|nan|nan|nan|nan|nan|nan|nan|nan|nan|nan|nan|nan|nan|nan|nan|nan|nan|nan|-36.655289|nan|nan|nan|nan|nan|nan|nan|nan|nan|nan|nan|nan|nan|nan|nan|nan|nan|nan|nan|nan
1043|nan|nan|nan|nan|nan|nan|nan|nan|nan|nan|nan|nan|nan|nan|nan|nan|nan|nan|nan|nan|nan|nan|nan|nan|nan|nan|nan|nan|nan|-31.552250|nan|0.366891|nan|nan|nan|-1825.948118|nan|nan|nan|nan|-415926.228303|nan|nan|4.257270|nan|-54.432139|nan|-0.044198|nan|nan
1044|nan|nan|nan|nan|nan|nan|nan|nan|nan|nan|nan|nan|nan|nan|nan|nan|nan|nan|nan|nan|nan|nan|nan|nan|nan|nan|nan|nan|nan|-26.372728|nan|0.366891|nan|nan|nan|-1826.286509|nan|nan|nan|nan|-415926.228303|nan|nan|4.255106|nan|-54.432139|nan|-0.044198|nan|nan
1045|nan|nan|nan|nan|nan|nan|nan|nan|nan|nan|nan|nan|nan|nan|nan|nan|nan|nan|nan|nan|nan|nan|nan|nan|nan|nan|nan|nan|nan|-26.370451|nan|0.366891|nan|nan|nan|-1826.645764|nan|nan|nan|nan|-415926.228303|nan|nan|4.250756|nan|-54.432139|nan|-0.044198|nan|nan
1046|nan|nan|nan|nan|nan|nan|nan|nan|nan|nan|nan|nan|nan|nan|nan|nan|nan|nan|nan|nan|nan|nan|nan|nan|nan|nan|nan|nan|nan|-24.982532|nan|0.366891|nan|nan|nan|-1826.833157|nan|nan|nan|nan|-415926.228303|nan|nan|4.242638|nan|-54.432139|nan|-0.034322|nan|nan
1047|nan|nan|nan|nan|nan|nan|nan|nan|nan|nan|nan|nan|nan|nan|nan|nan|nan|nan|nan|nan|nan|nan|nan|nan|nan|nan|nan|nan|nan|-23.733406|nan|0.366891|nan|nan|nan|-1827.334023|nan|nan|nan|nan|-415926.228303|nan|nan|4.261331|nan|-54.432139|nan|-0.034322|nan|nan
1048|nan|nan|nan|nan|nan|nan|nan|nan|nan|nan|nan|nan|nan|nan|nan|nan|nan|nan|nan|nan|nan|nan|nan|nan|nan|nan|nan|nan|nan|-22.603243|nan|0.366891|nan|nan|nan|-1826.880786|nan|nan|nan|nan|-415926.228303|nan|nan|4.293929|nan|-54.432139|nan|-0.034322|nan|nan
1049|nan|nan|nan|nan|nan|nan|nan|nan|nan|nan|nan|nan|nan|nan|nan|nan|nan|nan|nan|nan|nan|nan|nan|nan|nan|nan|nan|nan|nan|-21.575823|nan|0.366891|nan|nan|nan|-1826.595388|nan|nan|nan|nan|-415926.228303|nan|nan|4.330359|nan|-54.432139|nan|-0.034322|nan|nan
1050|nan|nan|nan|nan|nan|nan|nan|nan|nan|nan|nan|nan|nan|nan|nan|nan|nan|nan|nan|nan|nan|nan|nan|nan|nan|nan|nan|nan|nan|-20.637744|nan|0.366891|nan|nan|nan|-1826.911948|nan|nan|nan|nan|-415926.228303|nan|nan|4.363768|nan|-54.432139|nan|-0.034322|nan|nan
1051|nan|nan|nan|nan|nan|nan|nan|nan|nan|nan|nan|nan|nan|nan|nan|nan|nan|nan|nan|nan|nan|nan|nan|nan|nan|nan|nan|nan|nan|-18.577937|nan|0.366891|nan|nan|nan|-1827.137815|nan|nan|nan|nan|-415926.228303|nan|nan|4.395067|nan|-54.432139|nan|-0.034322|nan|nan
1052|nan|nan|nan|nan|nan|nan|nan|nan|nan|nan|nan|nan|nan|nan|nan|nan|nan|nan|nan|nan|nan|nan|nan|nan|nan|nan|nan|nan|nan|-17.568853|nan|0.366891|nan|nan|nan|-1826.913916|nan|nan|nan|nan|-415926.228303|nan|nan|4.424607|nan|-54.432139|nan|-0.034322|nan|nan
1053|nan|nan|nan|nan|nan|nan|nan|nan|nan|nan|nan|nan|nan|nan|nan|nan|nan|nan|nan|nan|nan|nan|nan|nan|nan|nan|nan|nan|nan|-16.407456|nan|0.366891|nan|nan|nan|-1827.048910|nan|nan|nan|nan|-415926.228303|nan|nan|4.452623|nan|-54.432139|nan|-0.034322|nan|nan
1054|nan|nan|nan|nan|nan|nan|nan|nan|nan|nan|nan|nan|nan|nan|nan|nan|nan|nan|nan|nan|nan|nan|nan|nan|nan|nan|nan|nan|nan|-13.102374|nan|0.366891|nan|nan|nan|-1826.350094|nan|nan|nan|nan|-415926.228303|nan|nan|4.479512|nan|-54.432139|nan|0.061683|nan|nan
1055|nan|nan|nan|nan|nan|nan|nan|nan|nan|nan|nan|nan|nan|nan|nan|nan|nan|nan|nan|nan|nan|nan|nan|nan|nan|nan|nan|nan|nan|-13.270360|nan|0.366891|nan|nan|nan|-1827.301452|nan|nan|nan|nan|-415926.228303|nan|nan|4.506124|nan|-54.432139|nan|0.061683|nan|nan
1056|nan|nan|nan|nan|nan|nan|nan|nan|nan|nan|nan|nan|nan|nan|nan|nan|nan|nan|nan|nan|nan|nan|nan|nan|nan|nan|nan|nan|nan|-13.217334|nan|0.366891|nan|nan|nan|-1826.924289|nan|nan|nan|nan|-415926.228303|nan|nan|4.534630|nan|-54.432139|nan|0.061683|nan|nan
1057|nan|nan|nan|nan|nan|nan|nan|nan|nan|nan|nan|nan|nan|nan|nan|nan|nan|nan|nan|nan|nan|nan|nan|nan|nan|nan|nan|nan|nan|-13.165609|nan|0.366891|nan|nan|nan|-1826.666592|nan|nan|nan|nan|-415926.228303|nan|nan|4.576268|nan|-54.432139|nan|0.061683|nan|nan
1058|nan|nan|nan|nan|nan|nan|nan|nan|nan|nan|nan|nan|nan|nan|nan|nan|nan|nan|nan|nan|nan|nan|nan|nan|0.241174|nan|nan|nan|nan|-12.740912|nan|0.366891|nan|nan|nan|-1827.052517|nan|nan|nan|nan|-415926.228303|nan|nan|4.617623|nan|-54.432139|nan|0.061683|nan|-217.883344
1059|nan|nan|nan|nan|nan|nan|nan|nan|nan|nan|nan|nan|nan|nan|nan|nan|nan|nan|nan|nan|nan|nan|nan|nan|0.241174|nan|nan|nan|nan|-11.251339|nan|0.366891|nan|nan|nan|-1826.300100|nan|nan|nan|nan|-415926.228303|nan|nan|4.661400|nan|-54.432139|nan|0.061683|nan|-217.883344
1100|nan|nan|nan|nan|nan|nan|nan|nan|nan|nan|nan|nan|nan|nan|nan|nan|nan|nan|nan|nan|nan|nan|nan|nan|0.241174|nan|nan|nan|nan|-10.910389|nan|0.366891|nan|nan|nan|-1826.291513|nan|nan|nan|nan|-415926.228303|nan|nan|4.704517|nan|-54.432139|nan|0.061683|nan|-217.883344
1101|nan|nan|nan|nan|nan|nan|nan|nan|nan|nan|nan|nan|nan|nan|nan|nan|nan|nan|nan|nan|nan|nan|nan|nan|0.241174|nan|nan|nan|nan|-10.589495|nan|0.366891|nan|nan|nan|-1826.573292|nan|nan|nan|nan|-415926.228303|nan|nan|4.746625|nan|-54.432139|nan|0.061683|nan|-217.883344
1102|nan|nan|nan|nan|nan|nan|nan|nan|nan|nan|nan|nan|nan|nan|nan|nan|nan|nan|nan|nan|nan|nan|nan|nan|0.241174|nan|nan|nan|nan|-10.120770|nan|0.366891|nan|nan|nan|-1826.687431|nan|nan|nan|nan|-415926.228303|nan|nan|4.783064|nan|-54.432139|nan|0.061683|nan|-217.883344
1103|nan|nan|nan|nan|nan|nan|nan|nan|nan|nan|nan|nan|nan|nan|nan|nan|nan|nan|nan|nan|nan|nan|nan|nan|0.241174|nan|nan|nan|nan|-10.485219|nan|0.366891|nan|nan|nan|-1827.031107|nan|nan|nan|nan|-415926.228303|nan|nan|4.813446|nan|-54.432139|nan|0.061683|nan|-217.883344
1104|nan|nan|nan|nan|nan|nan|nan|nan|nan|nan|nan|nan|nan|nan|nan|nan|nan|nan|nan|nan|nan|nan|nan|nan|0.241174|nan|nan|nan|nan|-9.887841|nan|0.366891|nan|nan|nan|-1826.442388|nan|nan|nan|nan|-415926.228303|nan|nan|4.840086|nan|-54.432139|nan|0.061683|nan|-217.883344
1105|nan|nan|nan|nan|nan|nan|nan|nan|nan|nan|nan|nan|nan|nan|nan|nan|nan|nan|nan|nan|nan|nan|nan|nan|0.241174|nan|nan|nan|nan|-9.321702|nan|0.366891|nan|nan|nan|-1826.651029|nan|nan|nan|nan|-415926.228303|nan|nan|4.863758|nan|-54.432139|nan|0.061683|nan|-217.883344
1106|nan|nan|nan|nan|nan|nan|nan|nan|nan|nan|nan|nan|nan|nan|nan|nan|nan|nan|nan|nan|nan|nan|nan|nan|0.241174|nan|nan|nan|nan|-6.069430|nan|0.366891|nan|nan|nan|-1827.005444|nan|nan|nan|nan|-415926.228303|nan|nan|4.885059|nan|-54.432139|nan|0.061683|nan|-217.883344
1107|nan|nan|nan|nan|nan|nan|nan|nan|nan|nan|nan|nan|nan|nan|nan|nan|nan|nan|nan|nan|nan|nan|nan|nan|0.241174|nan|nan|nan|nan|-5.917694|nan|0.366891|nan|nan|nan|-1827.033104|nan|nan|nan|nan|-415926.228303|nan|nan|4.904390|nan|-54.432139|nan|0.061683|nan|-217.883344
1108|nan|nan|nan|nan|nan|nan|nan|nan|nan|nan|nan|nan|nan|nan|nan|nan|nan|nan|nan|nan|nan|nan|nan|nan|0.241174|nan|nan|nan|nan|-2.077403|nan|0.366891|nan|nan|nan|-1827.224219|nan|nan|nan|nan|-415926.228303|nan|nan|4.921991|nan|-54.432139|nan|0.215677|nan|-217.883344
1109|nan|nan|nan|nan|nan|nan|nan|nan|nan|nan|nan|nan|nan|nan|nan|nan|nan|nan|nan|nan|nan|nan|nan|nan|0.241174|nan|nan|nan|nan|-2.671154|nan|0.366891|nan|nan|nan|-1827.333977|nan|nan|nan|nan|-415926.228303|nan|nan|4.938208|nan|-54.432139|nan|0.215677|nan|-217.883344
1110|nan|nan|nan|nan|nan|nan|nan|nan|nan|nan|nan|nan|nan|nan|nan|nan|nan|nan|nan|nan|nan|nan|nan|nan|0.241174|nan|nan|nan|nan|4.753158|nan|0.366891|nan|nan|nan|-1824.898090|nan|nan|nan|nan|-415926.228303|nan|nan|4.953325|nan|-54.432139|nan|0.376081|nan|-217.883344
1111|nan|nan|nan|nan|nan|nan|nan|nan|nan|nan|nan|nan|nan|nan|nan|nan|nan|nan|nan|nan|nan|nan|nan|nan|0.241174|nan|nan|nan|nan|4.062651|nan|0.366891|nan|nan|nan|-1827.532455|nan|nan|nan|nan|-415926.228303|nan|nan|4.967493|nan|-54.432139|nan|0.438626|nan|-217.883344
1112|nan|nan|nan|nan|nan|nan|nan|nan|nan|nan|nan|nan|nan|nan|nan|nan|nan|nan|nan|nan|nan|nan|nan|nan|0.241174|nan|nan|nan|nan|4.619656|nan|0.366891|nan|nan|nan|-1826.328037|nan|nan|nan|nan|-415926.228303|nan|nan|4.983574|nan|-54.432139|nan|0.438626|nan|-217.883344
1113|nan|nan|nan|nan|nan|nan|nan|nan|391.200000|nan|nan|76002439.907593|nan|nan|nan|nan|nan|nan|nan|nan|nan|nan|nan|nan|0.241174|nan|nan|nan|nan|5.961884|nan|0.366891|nan|nan|nan|-1826.868137|nan|nan|nan|nan|-415926.228303|nan|nan|4.999072|nan|-54.432139|nan|0.563716|nan|-217.883344
1114|nan|nan|nan|nan|nan|nan|nan|nan|391.200000|nan|nan|75927692.792167|nan|nan|nan|nan|nan|nan|nan|nan|nan|nan|nan|nan|0.241174|nan|nan|nan|nan|2.664710|nan|0.366891|nan|nan|nan|-1828.648460|nan|nan|nan|nan|-415926.228303|nan|nan|5.013708|nan|-54.432139|nan|0.563716|nan|-217.883344
1115|nan|nan|nan|nan|nan|nan|nan|nan|391.200000|nan|nan|83001635.057136|nan|nan|nan|nan|nan|nan|nan|nan|nan|nan|nan|nan|0.241174|nan|nan|nan|nan|2.035399|nan|0.366891|nan|nan|nan|-1827.158773|nan|nan|nan|nan|-415926.228303|nan|nan|5.027416|nan|-54.432139|nan|0.563716|nan|-217.883344
1116|nan|nan|nan|nan|nan|nan|nan|nan|391.200000|nan|nan|77312069.512077|nan|nan|nan|nan|nan|nan|nan|nan|nan|nan|nan|nan|0.241174|nan|nan|nan|nan|0.147880|nan|0.366891|nan|nan|nan|-1826.444912|nan|nan|nan|nan|-415926.228303|nan|nan|5.040191|nan|-54.432139|nan|0.563716|nan|-217.883344
1117|nan|nan|nan|nan|nan|nan|nan|nan|391.200000|nan|nan|76232570.426490|nan|nan|nan|nan|nan|nan|nan|nan|nan|nan|nan|nan|0.241174|nan|nan|nan|nan|0.799881|nan|0.366891|nan|nan|nan|-1826.155628|nan|nan|nan|nan|-415926.228303|nan|nan|5.052317|nan|-54.432139|nan|0.563716|nan|-217.883344
1118|nan|nan|nan|nan|nan|nan|nan|nan|391.200000|nan|nan|80635719.039958|nan|nan|nan|nan|nan|nan|nan|nan|nan|nan|nan|0.220517|0.241174|nan|nan|nan|nan|0.091877|nan|0.366891|nan|nan|nan|-1827.158538|nan|nan|nan|nan|-415926.228303|nan|nan|5.063826|nan|-54.432139|nan|0.563716|nan|-217.883344
1119|nan|nan|nan|nan|nan|nan|nan|nan|391.200000|nan|nan|85050142.048113|nan|nan|nan|nan|nan|nan|nan|nan|nan|nan|nan|0.220517|0.241174|nan|nan|nan|nan|-0.636093|nan|0.366891|nan|nan|nan|-1826.953023|nan|nan|nan|nan|-415926.228303|nan|nan|5.074711|nan|-54.432139|nan|0.563716|nan|-217.883344
1120|nan|nan|nan|nan|nan|nan|nan|nan|391.200000|nan|nan|77881270.140585|nan|nan|nan|nan|nan|nan|nan|nan|nan|nan|nan|0.220517|0.241174|nan|nan|nan|nan|-1.379913|nan|0.366891|nan|nan|nan|-1826.743731|nan|nan|nan|nan|-415926.228303|nan|nan|5.084507|nan|-54.432139|nan|0.563716|nan|-217.883344
1121|nan|nan|nan|nan|nan|nan|nan|nan|391.200000|nan|nan|72951646.934466|nan|nan|nan|nan|nan|nan|nan|nan|nan|nan|nan|0.220517|0.241174|nan|nan|nan|nan|-2.135143|nan|0.366891|nan|nan|nan|-1826.715097|nan|nan|nan|nan|-415926.228303|nan|nan|5.093397|nan|-54.432139|nan|0.563716|nan|-217.883344
1122|nan|nan|nan|nan|nan|nan|nan|nan|391.200000|nan|nan|75467892.216789|nan|nan|nan|nan|nan|nan|nan|nan|nan|nan|nan|0.220517|0.241174|nan|nan|nan|nan|-0.890647|nan|0.366891|nan|nan|nan|-1825.934053|nan|nan|nan|nan|-415926.228303|nan|nan|5.100241|nan|-54.432139|nan|0.563716|nan|-217.883344
1123|nan|nan|nan|-8.200000|nan|nan|nan|nan|391.200000|nan|nan|75430604.919370|nan|nan|nan|nan|nan|nan|nan|nan|nan|nan|nan|0.220517|0.241174|nan|nan|nan|nan|-2.110695|nan|0.366891|nan|nan|nan|-1827.484241|nan|nan|nan|nan|-415926.228303|nan|nan|5.107012|nan|-54.432139|nan|0.563716|nan|-217.883344
1124|nan|nan|nan|-8.200000|nan|nan|nan|nan|391.200000|nan|nan|70918154.165497|nan|nan|nan|nan|nan|nan|nan|nan|nan|nan|nan|0.220517|0.241174|nan|nan|nan|nan|-2.073666|nan|0.366891|nan|nan|nan|-1826.771768|nan|nan|nan|nan|-415926.228303|nan|nan|5.113698|nan|-54.432139|nan|0.563716|nan|-217.883344
1125|nan|nan|nan|-8.200000|nan|nan|nan|nan|391.200000|nan|nan|66351096.745050|nan|nan|nan|nan|nan|nan|nan|nan|nan|nan|nan|0.220517|0.241174|nan|nan|nan|nan|-3.321913|nan|0.366891|nan|nan|nan|-1827.476004|nan|nan|nan|nan|-415926.228303|nan|nan|5.119952|nan|-54.432139|nan|0.563716|nan|-217.883344
1126|nan|nan|nan|-8.200000|nan|nan|nan|nan|391.200000|nan|nan|60138067.670307|nan|nan|nan|nan|nan|nan|nan|nan|nan|nan|nan|0.220517|0.241174|nan|nan|nan|nan|-4.131590|nan|0.366891|nan|nan|nan|-1827.090971|nan|nan|nan|nan|-415926.228303|nan|nan|5.125950|nan|-54.432139|nan|0.563716|nan|-217.883344
1127|nan|nan|nan|-8.200000|nan|nan|nan|nan|391.200000|nan|nan|60303052.194669|nan|nan|nan|nan|nan|nan|nan|nan|nan|nan|nan|0.220517|0.241174|nan|nan|nan|nan|-2.314191|nan|0.366891|nan|nan|nan|-1825.832699|nan|nan|nan|nan|-415926.228303|nan|nan|5.130665|nan|-54.432139|nan|0.563716|nan|-217.883344
1128|52885972.795148|nan|nan|-8.200000|nan|nan|nan|1.044528|391.200000|-2.965313|0.960480|63280086.054965|nan|nan|nan|nan|3.400000|nan|4846697.123553|nan|nan|nan|nan|0.220517|0.241174|nan|nan|-0.597633|nan|-1.642435|nan|0.366891|-2.965313|-0.200435|-2.965313|-1827.049129|-172005323.096925|nan|175164.096910|nan|-415926.228303|nan|nan|5.154745|nan|-54.432139|5.500000|0.563716|nan|-217.883344
1129|47716370.480606|nan|nan|-8.200000|nan|nan|nan|1.044528|391.200000|-2.965313|0.960480|57895610.382180|nan|nan|nan|nan|3.400000|nan|4845396.372736|nan|nan|nan|nan|0.220517|0.241174|nan|nan|-0.597633|nan|-1.184599|nan|0.366891|-2.965313|-0.197837|-2.965313|-1826.603428|-172184735.774039|nan|175164.096910|nan|-415926.228303|nan|nan|5.178574|nan|-54.432139|7.500000|0.563716|nan|-217.883344
1330|63677874.938078|nan|nan|-8.200000|nan|nan|nan|1.044528|391.200000|-2.965313|0.960480|74021354.894682|nan|nan|nan|nan|5.200000|nan|4863787.591391|0.658010|nan|nan|nan|0.220517|0.241174|nan|nan|-0.592013|nan|0.422283|nan|0.366891|-2.965313|-0.191013|-2.965313|-1825.832736|-172184735.774039|nan|175164.096910|nan|-415926.228303|nan|nan|5.202511|nan|-54.432139|5.500000|0.563716|nan|-217.883344
1331|70308381.360846|nan|nan|-8.200000|nan|nan|nan|1.044528|391.200000|-2.965313|0.960480|78955105.419040|nan|nan|nan|nan|10.000000|nan|4869797.938894|0.781768|nan|nan|nan|0.220517|0.241174|nan|nan|-0.585705|nan|4.785904|nan|0.366891|-2.965313|-0.181455|-2.965313|-1827.375690|-172184735.774039|nan|175164.096910|nan|-415926.228303|nan|nan|5.226559|nan|-54.432139|5.500000|0.563716|nan|-217.883344
1332|67010230.104428|nan|nan|-8.200000|nan|nan|nan|1.044528|391.200000|-2.965313|0.960480|74645622.902844|nan|nan|nan|nan|11.000000|nan|4872233.428468|0.781768|nan|nan|nan|0.213650|0.241174|nan|nan|-0.584614|nan|5.126230|nan|0.366891|-2.965313|-0.112979|-2.965313|-1827.430300|-172184735.774039|nan|175164.096910|nan|-415926.228303|nan|nan|5.258482|nan|-54.432139|5.500000|0.563716|nan|-217.883344
1333|81499358.300000|-8.511805|nan|-7.600000|nan|nan|nan|1.044528|391.200000|-2.965313|0.960480|88880764.402526|nan|nan|nan|nan|-0.600000|nan|4900728.323440|0.781768|nan|nan|nan|0.207641|0.241174|nan|nan|-0.584614|nan|20.138200|nan|0.366891|-2.965313|-0.090490|-2.965313|-1828.875410|-172184735.774039|nan|175164.096910|nan|-415926.228303|nan|nan|5.297632|nan|-54.432139|-2.500000|0.563716|nan|-217.883344
1334|95761631.153942|-8.247916|nan|-6.200000|nan|nan|nan|1.044528|1689.400000|-2.965313|0.960480|104153474.901687|nan|nan|nan|nan|5.800000|nan|4925363.639303|0.836695|nan|nan|nan|0.197111|0.241174|nan|nan|-0.584909|nan|27.595057|nan|0.366891|-2.965313|-0.014589|-2.965313|-1893.831332|-172184735.774039|nan|175164.096910|nan|-415926.228303|nan|nan|5.343850|nan|-54.432139|-2.500000|0.563716|nan|-217.883344
1335|98014692.530508|-7.839120|nan|-3.600000|nan|nan|nan|1.044528|3120.600000|-2.965313|0.960480|104105619.130972|nan|nan|nan|nan|13.800000|nan|5130318.240814|0.836695|nan|nan|nan|0.187750|0.241174|nan|nan|-0.596413|nan|23.792354|nan|0.366891|-2.965313|0.005487|-2.965313|-1893.730409|-172184735.774039|nan|175164.096910|nan|-415926.228303|nan|nan|5.398024|nan|-54.432139|3.500000|0.563716|nan|-216.136965
1336|96777084.128660|-7.532812|nan|-1.400000|nan|nan|nan|1.044528|3120.600000|-2.965313|0.960480|102557263.734201|nan|nan|nan|nan|5.800000|nan|6344584.459601|0.836695|nan|nan|nan|0.178788|0.241174|nan|nan|-0.596413|nan|27.053799|nan|0.366891|-2.965313|0.021641|-2.965313|-1892.417979|-172184735.774039|nan|175164.096910|nan|-415926.228303|nan|nan|5.458954|nan|-54.432139|3.500000|0.563716|nan|-216.136965
1337|99987467.202108|-7.469028|nan|0.600000|nan|nan|nan|2.273566|3120.600000|-2.965313|0.960480|104589564.303632|nan|nan|nan|nan|9.800000|nan|7156945.834934|0.836695|nan|nan|nan|0.170722|0.241174|nan|nan|-0.596413|nan|27.053799|nan|0.366891|-2.965313|0.047908|-2.965313|-1893.491326|-172184735.774039|nan|175164.096910|nan|-415926.228303|nan|nan|5.527090|nan|-54.432139|3.500000|0.563716|nan|-216.136965
1338|97656308.134814|-7.503704|nan|3.400000|nan|nan|nan|2.393432|3120.600000|-2.965313|0.167977|101549644.123473|nan|nan|nan|nan|13.800000|nan|7768409.676365|0.836695|nan|nan|nan|0.163425|0.241174|nan|nan|-0.596413|nan|24.748957|nan|0.366891|-2.965313|0.056873|-2.965313|-1892.871461|-172184735.774039|nan|175164.096910|nan|-415926.228303|nan|nan|5.607144|nan|-54.432139|5.500000|0.563716|nan|-216.136965
1339|102501782.401634|-7.400347|nan|5.600000|nan|nan|nan|2.393432|3120.600000|-2.965313|-0.407153|106077547.401639|nan|nan|nan|nan|9.800000|nan|8280395.447238|0.836695|nan|nan|nan|0.156791|0.241174|nan|nan|-0.596413|nan|24.748957|nan|0.366891|-2.965313|0.068739|-2.965313|-1892.531303|-172184735.774039|nan|175164.096910|nan|-415926.228303|nan|nan|5.697467|nan|-54.432139|5.500000|0.563716|nan|-216.136965
1340|109147055.181264|-7.258377|nan|7.600000|nan|nan|nan|2.409529|3120.600000|-2.965313|-0.407153|112155201.139142|nan|nan|nan|nan|7.800000|nan|8706778.933585|0.836695|nan|nan|nan|0.150733|0.241174|nan|nan|-0.596413|nan|25.966864|nan|0.366891|-2.965313|0.075000|-2.965313|-1892.458119|-172184735.774039|nan|175164.096910|nan|-415926.228303|nan|nan|5.797689|nan|-54.432139|5.500000|0.563716|nan|-216.136965
1341|106758468.897942|-6.729205|nan|8.800000|nan|nan|nan|2.409529|3120.600000|-2.965313|-0.732873|109694960.399067|nan|nan|nan|nan|15.800000|nan|8807432.168641|0.836695|nan|nan|nan|0.145181|0.241174|nan|nan|-0.596413|nan|18.473211|nan|0.366891|-2.965313|0.080010|-2.965313|-1893.504048|-172184735.774039|nan|175164.096910|nan|-415926.228303|nan|nan|5.908114|nan|-54.432139|1.500000|0.563716|nan|-216.136965
1342|104029021.663774|-6.598785|nan|10.200000|nan|nan|nan|2.409529|3120.600000|-2.965313|-0.732873|106726210.420912|nan|nan|nan|nan|11.800000|nan|9107929.548406|0.836695|nan|nan|nan|0.136643|0.241174|nan|nan|-0.593496|nan|17.719840|nan|0.366891|-2.965313|0.082151|-2.965313|-1892.490528|-172184735.774039|nan|175164.096910|nan|-415926.228303|nan|nan|6.021379|nan|-52.899928|5.500000|0.563716|nan|-216.136965
1343|100046709.300000|-6.270234|-2.965313|11.600000|nan|-0.947978|-3.189015|2.409529|3120.600000|-2.965313|-0.732873|102565955.477179|0.107624|-7.896129|-2.314274|nan|7.800000|nan|9100882.648973|0.836695|nan|1.772739|-10.831604|0.128762|0.241174|nan|nan|-0.589985|-4.449780|18.929868|1.668538|0.366891|-2.965313|0.083234|-2.965313|-1891.569466|-172184735.774039|nan|175164.096910|-0.000006|-415926.228303|-1.354312|-0.105620|6.140092|-0.132771|-51.367718|3.500000|0.563716|-4.449780|-216.136965
1344|106560404.814584|-6.046788|-2.965313|13.800000|nan|-0.011756|-3.189015|2.409529|3060.200000|-2.965313|-0.732873|109406966.411948|0.107624|-7.896129|-2.313851|nan|8.000000|2.000000|9213717.616547|0.836695|nan|1.401119|-11.224208|0.121465|0.241174|nan|nan|-0.584393|-4.413484|19.989811|2.013593|0.366891|-2.965313|0.083234|-2.965313|-1892.570101|-172184735.774039|nan|175164.096910|-0.000006|-415926.228303|-1.359211|-0.100987|6.261220|-0.132856|-49.835507|3.500000|0.563716|-4.413484|-216.136965
1345|111331846.247762|-5.930849|-2.965313|15.800000|1.421918|0.835302|-3.189015|2.409529|3060.200000|-2.965313|-0.732873|114376448.254313|0.107624|-7.896129|-2.313640|nan|10.200000|2.000000|9323566.081256|0.836695|nan|2.145190|-11.360624|0.114689|0.241174|nan|nan|-0.582737|-4.369475|20.428674|2.389929|0.366891|-2.965313|0.083234|-2.965313|-1893.067161|-172184735.774039|nan|175164.096910|-0.000006|-415926.228303|-1.363906|-0.098542|6.386306|-0.124811|-48.303297|5.500000|0.563716|-4.369475|-216.136965
1346|111869621.681070|-6.336979|-2.965313|18.200000|1.421918|1.411211|-3.189015|2.656312|3060.200000|-2.965313|-0.732873|115538859.394662|0.107624|-7.502576|-2.313899|nan|12.600000|2.000000|9527652.462006|0.836695|nan|-2.428575|-11.250176|0.108381|0.241174|nan|nan|-0.582737|-4.321904|19.735296|2.788810|0.366891|-2.965313|0.083234|-2.965313|-1893.134211|-172184735.774039|nan|175164.096910|-0.000006|-415926.228303|-1.368409|-0.095445|6.517244|-0.113403|-46.771086|7.500000|0.563716|-4.321904|-216.136965
1347|106373445.202332|-6.198681|-2.965313|19.400000|-0.525253|2.122749|-3.189015|3.376426|3060.200000|-2.965313|-0.732873|110008088.619269|0.107624|-5.215078|-2.314395|nan|13.000000|2.000000|9734330.471481|0.836695|nan|7.135131|-11.337715|0.102222|0.241174|nan|nan|-0.582737|-4.274929|18.326218|3.199297|0.366891|-2.965313|0.083234|-2.965313|-1893.380799|-172184735.774039|nan|175164.096910|-0.000006|-135593.961480|-1.372732|-0.092658|6.648763|-0.104011|-45.238876|5.500000|0.563716|-4.274929|-216.136965
1348|106440902.164008|-6.170898|-2.965313|19.400000|-4.369268|2.766521|-3.189015|12.235661|3060.200000|-2.965313|-0.732873|110102878.737430|0.107624|-1.071328|-2.313911|nan|8.000000|2.000000|10246006.502016|0.836695|nan|8.672693|-11.525040|0.092327|0.241174|nan|nan|-0.585579|-4.227167|21.186229|3.614448|0.366891|-2.965313|0.084377|-2.965313|-1892.740378|-172184735.774039|nan|175164.096910|-0.000006|-135593.961480|-1.376885|-0.090637|6.781499|-0.097225|-43.706665|5.500000|0.563716|-4.227167|-216.136965
1349|108198991.186032|-6.177267|-2.965313|19.400000|-4.369268|3.158505|-3.189015|13.784556|3060.200000|-2.965313|-0.732873|111657655.976412|0.107624|0.000546|-2.313304|nan|9.800000|2.000000|11161788.971480|0.836695|nan|7.054556|-11.283100|0.082431|0.241174|nan|nan|-0.587363|-4.183944|24.085101|4.021763|0.366891|-2.965313|0.084699|-2.965313|-1892.274384|-172184735.774039|nan|175164.096910|-0.000006|-135593.961480|-1.380879|-0.088844|6.914705|-0.090724|-42.174455|5.500000|0.563716|-4.183944|-216.136965
1350|107559184.100000|-6.194734|-2.965313|19.400000|-4.369268|3.322681|-3.189015|18.805134|3060.200000|-2.965313|-0.732873|111300207.520924|0.107624|6.536484|-2.313366|nan|18.200000|2.000000|12172801.363942|0.836695|nan|-0.945476|-11.180513|0.072535|0.241174|nan|nan|-0.570844|-4.144064|22.618171|4.412484|0.366891|-2.965313|0.088072|-2.965313|-1893.209694|-172184735.774039|nan|175164.096910|-0.000006|-135593.961480|-1.384722|-0.087311|7.047926|-0.084426|-40.642244|5.641667|0.563716|-4.144064|-216.136965
1351|105277097.499488|-6.245932|-2.965313|19.400000|-4.369268|3.322681|-3.189015|18.805134|3060.200000|-2.965313|-0.732873|109687353.334094|0.107624|7.804452|-2.313763|nan|22.800000|2.000000|13278214.383456|0.836695|nan|-2.195666|-11.084645|0.065971|0.241174|nan|nan|-0.545591|-4.111090|20.656305|4.780221|0.366891|-2.965313|0.092393|-2.965313|-1892.583094|-172184735.774039|nan|175164.096910|-0.000006|-135593.961480|-1.388422|-0.085707|7.180903|-0.079076|-39.110034|5.966667|0.563716|-4.111090|-216.136965
1352|112275859.752478|-6.234365|-2.965313|19.400000|-4.369268|3.623755|-3.189015|21.413816|3060.200000|-2.965313|-0.732873|116805485.944967|0.107624|8.438437|-2.313595|nan|20.400000|2.000000|13294771.313898|0.836695|nan|1.349187|-10.882740|0.059408|0.241174|nan|nan|-0.541552|-4.085353|22.040396|5.115020|0.366891|-2.965313|0.099153|-2.965313|-1892.008902|-172184735.774039|nan|175164.096910|-0.000006|-135593.961480|-1.391988|-0.084486|7.314817|-0.074001|-37.577823|7.600000|0.563716|-4.085353|-216.136965
1353|117861300.010946|-6.147444|-2.965313|19.000000|-4.369268|3.743621|-3.189015|21.413816|3060.200000|-2.965313|-0.732873|122471417.321199|0.107624|10.755429|-2.313877|nan|25.600000|2.000000|13309603.405378|0.836695|nan|1.856383|-10.432898|0.055275|0.241174|nan|nan|-0.535994|-4.057143|19.571841|5.407946|0.366891|-2.965313|0.103916|-2.965313|-1893.060466|-172184735.774039|nan|175164.096910|-0.000006|-135593.961480|-1.395427|-0.082890|7.449717|-0.069663|-36.045613|7.858334|0.563716|-4.057143|-242.993524
1354|118928456.316206|-6.093204|-2.965313|18.600000|-4.369268|3.852072|-3.189015|22.444425|3060.200000|-2.965313|-0.732873|123251997.549861|0.107624|10.755429|-2.314384|nan|26.600000|2.000000|13308345.007874|0.836695|nan|8.189544|-9.832522|0.051143|0.241174|nan|nan|-0.534279|-4.027348|16.845076|5.677716|0.366891|-2.965313|0.109201|-2.965313|-1893.008668|-157246990.051840|nan|175164.096910|-0.000006|-135593.961480|-1.398745|-0.081232|7.585534|-0.065656|-34.513402|11.775000|0.563716|-4.027348|-242.993524
1355|114846986.563968|-6.446165|-2.965313|18.000000|-4.369268|3.852072|-3.189015|22.444425|3060.200000|-2.965313|-0.732873|118928045.009617|0.107624|10.755429|-2.314637|nan|25.400000|2.000000|13312116.899318|0.836695|nan|7.003813|-9.137518|0.051604|0.241174|nan|nan|-0.532937|-3.992385|17.141842|5.928391|0.366891|-2.965313|0.115476|-2.965313|-1892.788664|-155661121.460647|nan|175164.096910|-0.000006|-135593.961480|-1.401949|-0.057012|7.721550|-0.061769|-32.981192|15.183334|0.563716|-3.992385|-242.993524
1356|118120259.969704|-6.693547|-2.965313|18.000000|-4.369268|3.852072|-3.189015|23.331548|3060.200000|-2.965313|-0.732873|122053326.627612|0.107624|10.755429|-2.314764|nan|27.600000|2.000000|13309706.691719|0.836695|nan|8.908029|-8.699181|0.052065|0.241174|nan|nan|-0.532247|-3.955483|16.577570|6.162186|0.366891|-2.965313|0.119973|-2.965313|-1892.068823|-155661121.460647|nan|175164.096910|-0.000006|-135593.961480|-1.404791|-0.031698|7.857578|-0.057936|-31.448981|15.958334|0.563716|-3.955483|-242.993524
1357|120337787.780256|-6.617500|-2.965313|18.000000|-4.369268|3.852072|-3.189015|23.331548|3060.200000|-2.965313|-0.732873|124177098.316506|0.107624|10.755429|-2.314462|nan|24.200000|2.000000|13317198.912391|0.836695|nan|4.893700|-8.155466|0.052526|0.241174|nan|nan|-0.527259|-3.919081|18.290495|6.380615|0.366891|-2.965313|0.125243|-2.965313|-1892.668282|-155661121.460647|nan|175164.096910|-0.000006|-135593.961480|-1.407538|-0.022853|7.992290|-0.054518|-29.916771|14.683334|0.563716|-3.919081|-242.993524
1358|119018630.677594|-6.848504|-2.965313|18.000000|-4.369268|3.852072|-3.189015|23.331548|3060.200000|-2.965313|-0.732873|122258954.294011|0.107624|10.755429|-2.314310|nan|26.200000|2.000000|13316412.914878|0.836695|0.000000|0.676447|-7.814786|0.052987|0.241174|nan|-45464.982691|-0.527259|-3.883296|18.290495|6.584580|0.366891|-2.965313|0.130217|-2.965313|-1893.122500|-155661121.460647|-20840.221828|175164.096910|-0.000006|-135593.961480|-1.427545|-0.020231|8.126895|-0.051361|-28.384560|16.683334|0.563716|-3.883296|-242.993524
1359|130083401.539622|-6.793891|-2.965313|18.000000|-4.369268|4.021520|-3.189015|23.331548|3060.200000|-2.965313|-0.732873|132654447.409883|0.107624|10.755429|-2.314235|-0.443972|26.200000|2.000000|13317886.162644|0.836695|-0.000000|8.027264|-7.506553|0.053448|0.241174|nan|-45015.221544|-0.482795|-3.849644|17.708405|6.776336|0.366891|-2.965313|0.136020|-2.965313|-1892.894795|-155661121.460647|-20865.711189|175164.096910|-0.000006|-135593.961480|-1.438440|-0.013730|8.261264|-0.048256|-26.852350|14.683334|0.563716|-3.849644|-242.993524
1400|135119529.226816|-6.648350|-2.965313|18.400000|-4.369268|5.212387|-3.189015|23.331548|3060.200000|-2.965313|-0.732873|136984727.325152|0.107624|10.755429|-2.314197|-0.332330|26.200000|2.000000|13321488.919487|0.836695|-0.000000|1.808609|-7.227674|0.053909|0.241174|nan|-31887.619719|-0.442205|-3.817456|17.708405|6.958310|0.366891|-2.965313|0.142925|-2.965313|-1893.130675|-155550907.827549|-17974.824849|175164.096910|-0.000006|-135593.961480|-1.437961|-0.004004|8.394460|-0.045320|-25.320139|14.683334|0.563716|-3.817456|-242.993524
1401|147016895.082230|-6.567636|-2.965313|20.800000|-5.081673|6.061054|-3.189015|23.331548|3060.200000|-2.965313|-0.732873|148491732.046872|0.107624|10.755429|-2.314910|0.068511|30.200000|2.000000|13336643.992592|0.836695|-0.000000|9.061106|-7.631778|0.054370|0.241174|nan|-16984.642701|-0.405173|-3.791245|14.721599|7.130892|0.366891|-2.965313|0.152261|-2.965313|-1893.742002|-155550907.827549|-20153.579649|189976.000998|-0.000006|-135593.961480|-1.442195|-0.003638|8.526776|-0.042550|-23.787929|14.683334|0.563716|-3.791245|-242.993524
1402|150826888.807315|-6.445104|-2.965313|22.400000|-6.612855|6.817145|-3.189015|23.331548|3060.200000|-2.881738|-0.732873|152121109.350387|0.107624|10.755429|-2.314535|0.447516|22.200000|2.000000|13345548.100370|0.836695|-0.000000|4.371532|-8.380659|0.058265|0.241174|nan|-11337.546060|-0.399452|-3.780128|17.589156|7.297476|0.366891|-2.965313|0.159752|-2.965313|-1891.975431|-155550907.827549|-21818.637394|189976.000998|-0.000006|-135593.961480|-1.458255|0.000058|8.665485|-0.040007|-22.255718|14.683334|0.563716|-3.780128|-242.993524
1403|152449562.507364|-6.324227|-2.965313|23.600000|-6.612855|9.025035|-3.189015|23.331548|3060.200000|-2.018551|-0.732873|153021363.423321|0.107624|10.755429|-2.315079|0.672423|30.200000|0.000000|13337793.502569|0.836695|-0.000000|8.876560|-7.434041|0.062160|0.241174|-0.039663|-8487.027389|-0.395417|-3.765880|15.039402|7.462299|0.366891|-2.965313|0.168697|-2.965313|-1892.861714|-155550907.827549|-15702.685251|192988.514598|-0.000006|-135593.961480|-1.467416|-0.001146|8.809753|-0.037664|-20.723508|14.683334|0.563716|-3.765880|-242.993524
1404|152967112.592628|-6.216699|-2.965313|24.600000|-6.612855|11.784556|-3.189015|23.331548|3060.200000|-1.885662|-0.837104|153166172.310473|0.107624|10.755429|-2.314985|0.874629|24.200000|0.000000|13331416.569971|0.836695|-0.000000|12.560697|-6.181109|0.069017|0.241174|-0.033184|-2039.084122|-0.393310|-3.791183|16.298498|7.629000|0.366891|-2.965313|0.176954|-2.965313|-1892.130383|-154285630.847546|-12758.129602|192988.514598|-0.000006|-135593.961480|-1.472322|-0.000820|8.961023|-0.035599|-19.191297|14.683334|0.563716|-3.791183|-242.993524
1405|155487635.569644|-6.349652|-2.965313|25.400000|-6.612855|14.090788|-3.189015|23.331548|3060.200000|-1.885662|-0.837104|155288023.379971|0.107624|10.755429|-1.916271|0.981955|24.200000|0.000000|13334019.420824|0.836695|-0.000000|12.359186|-4.673467|0.075875|0.241174|-0.029582|4920.171885|-0.390194|-3.777033|16.821983|7.802392|0.366891|-2.965313|0.184417|-2.965313|-1892.010209|-154285630.847546|-12927.068848|192988.514598|-0.000006|-135593.961480|-1.467845|0.002149|9.114196|-0.033715|-17.659086|16.683334|0.563716|-3.777033|-242.993524
1406|155967615.047132|-6.484038|-2.965313|25.600000|-6.612855|17.129761|-3.189015|23.331548|3060.200000|-1.885662|-0.837104|155342275.600243|0.107624|11.219218|-1.916100|1.025483|26.200000|0.000000|13325425.700843|0.836695|-0.000000|15.140399|-4.566826|0.083104|0.241174|-0.025341|6682.553052|-0.389794|-3.686648|14.863367|7.983150|0.366891|-2.965313|0.192209|-2.965313|-1892.564630|-154285630.847546|-14465.192510|192988.514598|-0.000006|-135593.961480|-1.458908|0.005622|9.268313|-0.032003|-16.126876|16.683334|0.563716|-3.686648|-242.993524
1407|157862878.537948|-6.433720|-2.881738|26.200000|-6.612855|19.688831|-3.189015|23.331548|3060.200000|-1.885662|-0.837104|156208300.907680|0.110375|11.451113|-1.556819|1.026878|28.200000|0.000000|13333495.131696|0.836695|-0.000000|18.565066|-4.863586|0.090333|0.241174|-0.021754|10125.821845|-0.393552|-3.512840|13.470065|8.170431|0.366891|-2.965313|0.203055|-2.965313|-1892.896594|-154285630.847546|-16159.916479|202569.026040|-0.000006|-135593.961480|-1.440913|0.001415|9.422917|-0.030279|-14.594665|15.933334|0.563716|-3.512840|-242.993524
1408|160706376.200000|-6.377421|-2.018551|26.200000|-6.612855|21.242276|-3.189015|23.331548|3060.200000|-1.885662|-0.837104|158416166.633261|0.134261|11.567061|-1.043020|1.026878|26.200000|0.000000|13332656.872974|0.836695|-0.000000|20.723635|-5.267446|0.097563|0.241174|-0.017569|9805.381738|-0.394142|-3.377621|10.944494|8.363201|0.366891|-2.965313|0.215987|-2.965313|-1892.454779|-154285630.847546|-264.211612|248171.258100|-0.000004|-135593.961480|-1.422919|0.001171|9.576460|-0.028692|-13.062455|18.025000|0.563716|-3.377621|-242.993524
1409|162671749.457794|-6.447569|-1.885662|26.200000|-6.612855|22.838249|-2.728444|23.331548|3060.200000|-1.885662|-0.837104|159918120.550594|0.134261|12.625034|-0.964121|1.026878|28.200000|0.000000|13333612.470034|0.836695|-0.000000|21.952762|-5.543085|0.104792|0.241174|-0.017362|9740.273015|-0.395001|-3.313167|10.721616|8.558437|0.366891|-2.965313|0.215987|-2.965313|-1893.083532|-154285630.847546|-223.756078|327736.545530|-0.000004|-135593.961480|-1.404925|0.006217|9.728803|-0.027209|-11.530244|22.466667|0.563716|-3.313167|-242.993524
1410|163526100.458838|-6.312838|-1.885662|26.200000|-6.612855|23.811421|-2.728444|23.331548|3060.200000|-1.885662|-0.837104|159974836.067622|0.141562|15.154021|-0.964497|1.026878|30.200000|0.000000|13318310.538824|0.836695|-0.000000|24.066415|-5.749385|0.112021|0.241174|-0.014357|10721.541697|-0.392143|-3.274845|1.483982|8.752013|0.366891|-2.965313|0.186901|-2.965313|-1893.053321|-153495055.253980|-183.492871|327736.545530|-0.000004|-135593.961480|-1.386931|0.008760|9.880220|-0.025916|-9.998034|19.008333|0.563716|-3.274845|-242.993524
1411|151743100.128396|-6.189859|-1.885662|26.200000|-6.612855|23.811421|-2.728444|23.331548|3060.200000|-1.885662|-0.837104|148436269.009050|0.141562|15.418515|-0.964838|1.026878|28.200000|0.000000|13279471.382498|0.836695|-0.000000|21.031359|-5.974075|0.119250|0.241174|-0.012613|12222.993194|-0.428370|-3.271116|0.619425|8.942371|0.366891|-2.965313|0.188225|-2.965313|-1893.099323|-153271945.700033|-146.572407|327736.545530|-0.000004|-135593.961480|-1.368937|0.010276|10.030069|-0.024640|-8.465823|21.008333|0.563716|-3.271116|-242.993524
1412|150807677.102088|-6.068498|-1.885662|26.200000|-6.612855|23.767923|-2.728444|23.331548|3060.200000|-1.885662|-0.837104|147754065.652018|0.141562|17.550761|-0.964703|1.026878|22.200000|0.000000|13264118.577761|0.836695|-0.000000|24.651594|-6.693253|0.129337|0.241174|-0.011315|10134.004212|-0.458665|-3.271299|2.653580|9.124992|0.366891|-2.965313|0.189447|-2.965313|-1892.444090|-153271945.700033|-152.926451|327736.545530|-0.000004|-135593.961480|-1.350942|0.011204|10.179464|-0.023630|-8.465823|21.008333|0.563716|-3.271299|-242.993524
1413|146969750.869626|-6.088524|-1.885662|26.200000|-6.612855|23.568235|-2.728444|23.331548|3060.200000|-1.885662|-0.837104|143775042.008037|0.141562|19.629129|-0.964788|1.026878|26.200000|0.000000|13257830.645099|0.836695|-0.000000|15.551027|-7.022879|0.139424|0.236415|-0.009302|9874.638857|-0.459111|-3.261355|1.547544|9.294079|0.366891|-2.965313|0.189821|-2.965313|-1892.121433|-148926556.807132|-156.449208|327736.545530|-0.000004|-135593.961480|-1.332948|0.011982|10.327673|-0.022830|-8.465823|23.008333|0.563716|-3.261355|-242.993524
1414|146514918.263588|-5.789459|-1.885662|26.200000|-6.612855|23.609357|-2.728444|23.331548|3060.200000|-1.885662|-0.837104|143227463.028389|0.141562|24.298840|-0.965136|1.026878|32.200000|-2.000000|13252015.690086|0.836695|-0.000000|22.183453|-6.711566|0.149511|0.230803|-0.006730|12183.691556|-0.458559|-3.229612|-1.309442|9.444682|0.366891|-2.965313|0.189829|-2.965313|-1892.452803|-148926556.807132|-140.004007|327736.545530|-0.000004|-135593.961480|-1.314954|0.011416|10.474475|-0.021943|-8.465823|19.008333|0.563716|-3.229612|-242.993524
1415|128849387.371674|-5.590819|-1.885662|26.200000|-6.612855|23.646560|-2.728444|23.331548|3060.200000|-1.885662|-0.837104|125502887.209544|0.141562|24.633695|-0.965616|1.026878|30.200000|-2.000000|13179086.599621|0.836695|-0.000000|-2.281256|-6.621694|0.159599|0.217719|-0.003336|12351.464241|-0.466863|-3.117972|-5.436558|9.568901|0.366891|-2.965313|0.196817|-2.965313|-1893.966018|-148926556.807132|-95.882126|327736.545530|-0.000004|-135593.961480|-1.296960|0.008791|10.622444|-0.020905|-8.465823|17.008333|0.563716|-3.117972|-242.993524
1416|114321139.711406|-5.410835|-1.885662|26.200000|-6.612855|23.742063|-2.728444|23.331548|3060.200000|-1.885662|-0.837104|111220309.551376|0.141562|26.801122|-0.965703|1.026878|22.200000|-2.000000|13132646.551444|0.836695|-0.000000|25.737994|-6.650999|0.169686|0.199184|0.001937|11252.827443|-0.469373|-2.946625|-0.616955|9.664713|0.366891|-2.965313|0.198381|-2.881738|-1891.649387|-148926556.807132|-137.850490|327736.545530|-0.000004|-135593.961480|-1.278966|0.008920|10.772603|-0.019773|-8.465823|19.008333|0.563716|-2.946625|-242.993524
1417|103787933.778626|-5.231288|-1.885662|26.200000|-6.612855|23.742063|-2.728444|23.331548|3060.200000|-1.885662|-0.837104|100719824.940534|0.141562|26.884836|-0.965900|1.026878|28.200000|-2.000000|13098015.418650|0.836695|-0.000000|18.928519|-6.598557|0.180043|0.183959|0.003911|10434.972052|-0.510659|-2.676451|-2.752771|9.732034|0.366891|-2.965313|0.202847|-2.018551|-1893.178389|-148926556.807132|-110.871321|327736.545530|-0.000004|-135593.961480|-1.260972|0.012240|10.915543|-0.018576|-8.465823|19.008333|0.563716|-2.676451|-242.993524
1418|90156170.699298|-5.106330|-1.885662|26.200000|-6.612855|23.924790|-2.728444|23.331548|3060.200000|-1.885662|-0.837104|87516043.179002|0.141562|26.884836|-0.966610|1.026878|32.200000|-4.000000|13044825.852748|0.836695|-0.000000|25.297984|-6.467013|0.192060|0.164363|0.006569|9022.366514|-0.545747|-2.327289|-9.761428|9.770572|0.366891|-2.965313|0.204115|-1.885662|-2495.284236|-153583347.862735|-84.947438|327736.545530|-0.000004|-135593.961480|-1.242977|0.014810|11.051675|-0.017195|-8.465823|15.008333|0.563716|-2.327289|-242.993524
1419|84511054.372333|-5.017971|-1.885662|26.200000|-6.612855|24.374747|-2.728444|23.331548|3060.200000|-1.885662|-0.837104|82519800.604068|0.141562|26.884836|-0.966813|1.026878|24.200000|-4.000000|13024863.641856|0.836695|-0.000000|25.228520|-6.501298|0.204184|0.149941|0.008649|6661.392706|-0.585850|-2.067392|-8.168039|9.781289|0.366891|-2.965313|0.207153|-1.885662|-2495.530149|-172453303.713654|-121.928094|327736.545530|-0.000004|-135593.961480|-1.220654|0.014139|11.182264|-0.015712|-8.465823|21.008333|0.563716|-2.067392|-242.993524
1420|78315418.513194|-4.847183|-1.885662|26.200000|-6.612855|24.591375|-2.728444|23.331548|3060.200000|-1.885662|-0.837104|76877645.555613|0.141562|26.884836|-0.966914|1.026878|26.200000|-4.000000|13001700.081925|0.836695|-0.000000|24.836058|-6.677483|0.216307|0.133611|0.012095|4061.359530|-0.602700|-1.865534|-7.500397|9.766467|0.229625|-2.965313|0.208241|-1.885662|-3292.148708|-174170772.189266|-135.003316|327736.545530|-0.000004|-135593.961480|-1.193402|0.018657|11.304685|-0.014153|-8.465823|17.008333|0.563716|-1.865534|-242.993524
1421|63717372.326868|-4.664417|-1.885662|26.200000|-6.612855|24.596896|-2.728444|22.356057|3060.200000|-1.885662|-0.837104|62847094.269207|0.141562|26.884836|-0.967579|1.026878|34.200000|-4.000000|12953337.843002|0.836695|-0.000000|24.216544|-6.355133|0.227369|0.121693|0.012225|3468.631966|-0.613861|-1.760403|-17.231028|9.727919|0.249347|-2.965313|0.208241|-1.885662|-4451.391765|-174170772.189266|-103.150067|327736.545530|-0.000004|-135593.961480|-1.161280|0.023437|11.419796|-0.012400|-8.465823|13.008333|0.563716|-1.760403|-242.993524
1422|66515431.802898|-4.485101|-1.885662|26.200000|-6.612855|24.792367|-2.728444|22.356057|3060.200000|-1.885662|-0.837104|65595930.822862|0.141562|26.884836|-0.967450|1.001224|20.200000|-4.000000|12970731.687271|0.836695|-0.000000|25.686102|-6.294984|0.238430|0.110683|0.014219|4051.977063|-0.623859|-1.715398|-13.362951|9.667842|0.249347|-2.965313|0.208241|-1.885662|-4447.546459|-174170772.189266|-112.065714|327736.545530|-0.000004|-135593.961480|-1.126091|0.024182|11.527154|-0.010650|-8.465823|16.700000|0.563716|-1.715398|-242.993524
1423|58360148.554364|-4.255859|-1.885662|26.200000|-6.612855|24.792367|-2.728444|17.937293|3060.200000|-1.885662|-0.837104|57074457.968186|0.141562|26.884836|-0.967693|0.960248|27.600000|-4.000000|12654644.425775|0.836695|-0.000000|22.794622|-6.064120|0.247061|0.100745|0.013912|4705.113626|-0.625759|-1.713296|-13.006279|9.589354|0.274817|-2.965313|0.208241|-1.885662|-4449.498869|-174170772.189266|-104.391704|327736.545530|-0.000004|-135593.961480|-1.101390|0.025852|11.622325|-0.008861|-8.465823|18.325000|0.563716|-1.713296|-242.993524
1424|53281159.389136|-4.038439|-1.885662|26.200000|-6.612855|24.792367|-2.728444|17.937293|3060.200000|-1.885662|-0.837104|52072600.171138|0.141562|26.884836|-0.967354|0.923286|18.200000|-4.000000|11969466.660280|0.836695|-0.000000|23.592126|-5.451489|0.255692|0.091810|0.014154|5301.478208|-0.626821|-1.714543|-8.380698|9.495199|0.274817|-2.965313|0.208241|-1.885662|-4447.514937|-174170772.189266|-108.274327|327736.545530|-0.000004|-135593.961480|-1.084281|0.030552|11.706822|-0.007193|-8.465823|12.725000|0.563716|-1.714543|-242.993524
1425|42842531.370416|-3.810198|-1.885662|26.200000|-6.612855|24.792367|-2.728444|12.660254|3060.200000|-1.885662|-0.837104|41672865.503853|0.096703|26.884836|-0.967338|0.887940|23.600000|-4.000000|10664483.221350|0.836695|-0.000000|24.500682|-5.140584|0.259729|0.082560|0.014354|5832.774438|-0.621121|-1.713979|-7.896241|9.388963|0.274817|-2.965313|0.208241|-1.885662|-4448.332453|-174170772.189266|-92.386235|327736.545530|-0.000004|-135593.961480|-1.079132|0.037223|11.780825|-0.005557|-8.465823|13.283333|0.563716|-1.713979|-242.993524
1426|37600096.081012|-3.664314|-1.885662|26.200000|-6.612855|24.792367|-2.728444|12.660254|3060.200000|-1.885662|-0.837104|36183965.275486|0.096703|26.884836|-0.967637|0.876105|23.400000|-4.000000|9564925.855070|0.836695|-0.000000|24.308281|-5.023265|0.263766|0.077024|0.014299|5534.833632|-0.620533|-1.714124|-10.808069|9.274137|0.274817|-2.965313|0.208241|-1.885662|-4449.086143|-174170772.189266|-69.911851|327736.545530|-0.000004|-135593.961480|-1.086782|0.042355|11.843376|-0.003914|-8.465823|5.191667|0.563716|-1.714124|-242.993524
1427|39901403.389346|-3.433410|-1.885662|26.200000|-6.612855|24.792367|-2.728444|12.660254|3060.200000|-1.885662|-0.837104|38053280.811604|0.093404|26.884836|-0.967941|0.852256|19.400000|-4.000000|8581034.270775|0.836695|-0.000000|25.287609|-5.129141|0.267803|0.077024|0.013064|2629.604406|-0.602971|-1.716540|-13.314947|9.154254|0.274817|-2.965313|0.208241|-1.885662|-4448.757782|-174170772.189266|-57.629805|327736.545530|-0.000004|-135593.961480|-1.100014|0.046886|11.897552|-0.002265|-8.465823|9.266667|0.563716|-1.716540|-242.993524
1428|42991678.070502|-3.235021|-1.885662|26.200000|-6.612855|24.792367|-2.728444|12.660254|3060.200000|-1.885662|-0.837104|41058223.169515|0.053561|26.884836|-0.968092|0.776451|14.600000|-4.000000|7202361.595853|0.836695|-0.000000|25.285122|-5.246680|0.271840|0.077024|0.012418|618.605295|-0.605619|-1.719567|-13.314947|9.034016|0.274817|-2.965313|0.208241|-1.885662|-4448.145443|-174170772.189266|-46.739339|327736.545530|-0.000004|-135593.961480|-1.112126|0.055500|11.945151|-0.000618|-8.465823|7.708333|0.563716|-1.719567|-242.993524
1429|56951084.971042|-3.036271|-1.885662|26.200000|-6.612855|24.792367|-2.728444|12.660254|3060.200000|-1.885662|-0.837104|54614984.814054|0.053561|26.884836|-0.968168|0.686603|12.600000|-4.000000|6222262.483008|0.836695|-0.000000|19.237356|-4.972072|0.275877|0.077024|0.011547|802.300197|-0.602999|-1.715977|-13.772783|8.916676|0.274817|-2.965313|0.208241|-1.885662|-4447.860654|-174170772.189266|-45.731019|327736.545530|-0.000004|-235106.139530|-1.124238|0.061952|11.988050|0.001009|-8.465823|7.133333|0.563716|-1.715977|-242.993524
1430|51518346.295658|-2.800408|-1.885662|26.200000|-6.612855|24.792367|-2.728444|12.660254|3060.200000|-1.885662|-0.837104|50285064.837220|0.053561|26.884836|-0.968360|0.575127|12.800000|-4.000000|5324697.469434|0.836695|-0.000000|-20.319487|-4.697470|0.279914|0.077024|0.009853|746.625766|-0.604524|-1.715030|-15.531304|8.805291|0.274817|-2.965313|0.208241|-1.885662|-4448.774820|-174170772.189266|-46.895769|326572.995040|-0.000004|-235106.139530|-1.136350|0.067582|12.025816|0.002608|-8.465823|6.341667|0.563716|-1.715030|-242.993524
1431|45502639.087586|-2.483593|-1.885662|26.200000|-6.612855|24.792367|-2.728444|12.660254|3060.200000|-1.885662|-0.837104|43673166.219040|0.053561|26.884836|-0.968763|0.476047|16.000000|-4.000000|4922482.534578|0.836695|-0.000000|20.607408|-4.423384|0.283951|0.077024|0.008145|2344.818613|-0.608438|-1.712894|-18.421323|8.702162|0.274817|-2.965313|0.208241|-1.885662|-4449.027054|-174170772.189266|-47.047025|326572.995040|-0.000004|-235106.139530|-1.148463|0.071327|12.056846|0.004202|-8.465823|4.341667|0.563716|-1.712894|-242.993524
1432|41595826.114018|-2.287790|-1.885662|26.200000|-6.540131|24.792367|-2.728444|12.660254|3060.200000|-1.885662|-0.837104|39785857.046022|0.053561|26.884836|-0.968965|0.368844|11.000000|-4.000000|4428503.830321|0.836695|-0.000000|24.499630|-4.029525|0.287988|0.077024|0.006335|2580.713607|-0.612681|-1.713023|-19.229883|8.610148|0.274817|-2.965313|0.208241|-1.885662|-4514.149410|-174170772.189266|-51.520100|326572.995040|-0.000004|-235106.139530|-1.160575|0.070201|12.087890|0.005830|-8.465823|2.125000|0.563716|-1.713023|-242.993524
1433|38282556.784624|-1.935024|-1.885662|25.600000|-6.540131|24.792367|-2.728444|12.660254|3060.200000|-1.885662|-0.837104|36506226.377229|0.053561|26.884836|-0.969066|0.248662|8.600000|-4.000000|4226508.703422|0.836695|-0.000000|23.897431|-4.054128|0.292025|0.077024|0.003940|2944.243582|-0.607199|-1.714896|-34.241853|8.530913|0.274817|-2.965313|0.208241|-1.885662|-4513.713953|-174170772.189266|-56.883033|326572.995040|-0.000004|-235106.139530|-1.172687|0.065176|12.118826|0.007410|-8.465823|5.700000|0.563716|-1.714896|-242.993524
1434|40439910.945838|-1.613068|-1.885662|24.200000|-6.452198|24.792367|-2.728444|12.660254|3060.200000|-1.885662|-0.837104|38719154.425366|0.053561|26.884836|-0.969271|0.127669|8.200000|-4.000000|4032240.065339|0.836695|-0.000000|8.030029|-3.860263|0.296062|0.077024|0.001934|3358.873926|-0.609620|-1.721241|-40.407244|8.467797|0.274817|-2.965313|0.208241|-1.885662|-4512.494493|-174170772.189266|-57.292076|326572.995040|-0.000004|-235106.139530|-1.184799|0.060883|12.149648|0.008933|-8.465823|3.641667|0.563716|-1.721241|-242.993524
1435|33344568.696050|-1.299260|-1.885662|21.600000|-6.452198|24.792367|-2.728444|12.660254|3060.200000|-1.885662|-0.837104|31945673.933525|0.053561|26.884836|-0.969681|-0.007490|12.200000|-4.000000|4028680.565036|0.836695|-0.000000|25.179176|-3.469735|0.300099|0.077024|0.000183|3406.254880|-0.603208|-1.722216|-40.331018|8.425132|0.274817|-2.965313|0.208241|-1.885662|-4513.928267|-174170772.189266|-57.306397|326572.995040|-0.000004|-235106.139530|-1.196911|0.047863|12.180877|0.010452|-8.465823|3.641667|0.563716|-1.722216|-242.993524
1436|29902428.219574|-1.007189|-1.885662|19.400000|-6.452198|24.792367|-2.728444|12.660254|3060.200000|-1.885662|-0.837104|26061019.431848|0.053561|26.884836|-1.127762|-0.158373|4.200000|-4.000000|4028482.780665|0.836695|-0.000000|25.299157|-2.552728|0.304136|0.077024|-0.001225|3473.491324|-0.599206|-1.723147|-39.270289|8.403968|0.274817|-2.965313|0.208241|-1.960364|-4512.643356|-174170772.189266|-57.276775|326572.995040|-0.000004|-235106.139530|-1.209023|0.042853|12.212404|0.011767|-8.465823|1.641667|0.563716|-1.723147|-242.993524
1437|30342764.993409|-0.537686|-1.885662|17.400000|-6.452198|24.792367|-2.728444|11.431216|3060.200000|-1.885662|-0.837104|25249581.566511|0.053561|26.884836|-1.127792|-0.293583|10.200000|-4.000000|4030170.075439|0.836695|-0.000000|25.468304|-1.864514|0.308173|0.077024|-0.002978|4244.921087|-0.602634|-1.727909|-39.836059|8.404595|0.274817|-2.965313|0.208241|-1.960364|-4513.320839|-174170772.189266|-59.447689|326572.995040|-0.000004|-235106.139530|-1.221136|0.038351|12.242993|0.012916|-8.465823|7.641667|0.563716|-1.727909|-242.993524
1438|27465192.697216|-0.215568|-1.885662|14.600000|-6.452198|24.792367|-2.728444|11.311350|3060.200000|-1.885662|-0.837104|19827096.476499|0.053561|26.884836|-2.049878|-0.407977|4.200000|-4.000000|4031515.842523|0.836695|-0.000000|24.727026|-2.883749|0.312210|0.077024|-0.004713|3122.787722|-0.603190|-1.731577|-35.168804|8.425356|0.274817|-2.965313|0.215382|-1.960364|-4512.390352|-174170772.189266|-72.238498|326572.995040|-0.000004|-235106.139530|-1.221649|0.031243|12.272300|0.013812|-8.465823|5.641667|0.563716|-1.731577|-242.993524
1439|19204603.266306|0.082800|-1.885662|12.600000|-6.452198|24.792367|-2.728444|11.311350|3060.200000|-1.885662|-0.837104|10535114.378224|0.053360|26.884836|-2.050543|-0.500739|14.200000|-4.000000|4028252.105804|0.836695|-0.000000|10.929966|-3.282545|0.316247|0.077024|-0.006186|1727.683753|-0.608621|-1.724629|-42.560605|8.466894|0.274817|-2.965313|0.222959|-1.960364|-4514.691976|-174170772.189266|-59.297966|326572.995040|-0.000004|-235106.139530|-1.211016|0.030880|12.300497|0.014553|-8.465823|1.641667|0.563716|-1.724629|-242.993524
1440|10544354.552918|0.552592|-1.885662|10.800000|-6.452198|24.792367|-2.728444|11.295253|3060.200000|-1.885662|-0.837104|-929429.494584|0.053360|26.884836|-2.202854|-0.589305|8.200000|-4.000000|4027233.986544|0.836695|-0.000000|9.461176|-4.611951|0.320284|0.077024|-0.007867|142.287905|-0.619001|-1.717897|-43.778512|8.528769|0.274817|-2.965313|0.228344|-1.960364|-4512.546729|-174170772.189266|-56.847559|326572.995040|-0.000004|-235106.139530|-1.199840|0.030924|12.327961|0.015002|-8.465823|5.641667|0.563716|-1.717897|-242.993524
1441|1580691.252730|0.953703|-1.885662|10.000000|-6.452198|24.792367|-2.728444|11.295253|3060.200000|-1.885662|-0.837104|-9770675.153006|0.053360|26.884836|-2.202508|-0.654472|8.200000|-4.000000|4021202.799042|0.836695|-0.000000|18.017502|-5.176848|0.324321|0.077024|-0.007898|1290.274731|-0.615562|-1.680531|-36.284859|8.609876|0.274817|-2.965313|0.232428|-1.960364|-4513.249300|-174603072.402257|-73.328546|326572.995040|-0.000004|-235106.139530|-1.178107|0.033421|12.354763|0.015339|-8.465823|5.641667|0.563716|-1.680531|-242.993524
1442|-8263254.179794|1.280230|-1.885662|9.000000|-6.126704|24.792367|-2.728444|11.295253|3060.200000|-1.885662|-0.837104|-19749849.972508|0.053360|26.884836|-2.201985|-0.688684|6.200000|-4.000000|3817181.760034|0.836695|-0.000000|15.622239|-5.723744|0.330634|0.077024|-0.009150|231.016786|-0.648458|-1.647498|-33.628230|8.707933|0.274817|-2.965313|0.238035|-1.960364|-4513.900344|-174998221.562120|-66.984034|326572.995040|-0.000004|-235106.139530|-1.156373|0.035240|12.378832|0.015556|-8.465823|5.641667|0.563716|-1.647498|-242.993524
1443|-31629390.868808|1.697337|-1.885662|8.600000|-6.126704|24.792367|-2.728444|11.295253|3060.200000|-1.885662|-0.837104|-44246153.789913|0.053360|26.884836|-2.201373|-0.737030|6.200000|-4.000000|3510519.569744|0.836695|-0.000000|12.754901|-5.657415|0.336946|0.077024|-0.010091|-1573.817831|-0.689393|-1.609286|-34.165522|8.820354|0.274817|-2.965313|0.243392|-1.960364|-4512.703780|-175576714.123106|-77.663445|326572.995040|-0.000004|-235106.139530|-1.129190|0.036247|12.402401|0.015639|-8.304858|5.641667|0.485743|-1.609286|-242.993524
1444|-39931515.271164|1.959467|-1.885662|8.200000|-6.126704|24.792367|-2.728444|11.295253|3060.200000|-1.885662|-0.837104|-53103470.887600|0.053360|26.884836|-2.201767|-0.737030|14.200000|-4.000000|3405558.567089|0.836695|-0.000000|9.309914|-5.233728|0.343259|0.077024|-0.011719|219.408259|-0.697709|-1.579601|-42.764062|8.942346|0.397359|-2.965313|0.248177|-1.960364|-4515.970951|-175832075.524901|-63.984179|326572.995040|-0.000004|-235106.139530|-1.102008|0.039328|12.427701|0.015645|-8.143893|3.641667|0.485743|-1.579601|-242.993524
1445|-52738774.693744|2.239733|-1.885662|8.200000|-6.126704|24.792367|-2.728444|11.295253|3060.200000|-1.885662|-0.837104|-65670501.802040|0.053360|26.884836|-2.202664|-0.737030|12.200000|-4.000000|3012285.102129|0.836695|-0.000000|-4.199621|-5.121447|0.349571|0.077024|-0.013604|3141.568755|-0.703593|-1.564502|-47.293060|9.069195|0.397359|-2.965313|0.249644|-1.960364|-4514.193207|-176612883.345752|-63.255390|326572.995040|-0.000004|-235106.139530|-1.074825|0.044374|12.456037|0.015575|-7.982927|3.641667|0.485743|-1.564502|-242.993524
1446|-47384183.828770|2.638031|-1.885662|8.200000|-6.126704|24.792367|-2.728444|11.295253|3060.200000|-1.960364|-0.837104|-59797639.696569|0.053360|26.491283|-2.202763|-0.655102|6.200000|-4.000000|2917865.719441|0.836695|-0.000000|8.648556|-4.588857|0.355883|0.077024|-0.014846|5331.810258|-0.704103|-1.568249|-44.270873|9.197709|0.397359|-2.881738|0.217991|-1.960364|-4513.044093|-176612883.345752|-83.112501|326572.995040|-0.000004|-235106.139530|-1.056514|0.046377|12.486839|0.015450|-7.821962|3.500000|0.485743|-1.568249|-242.993524
1447|-49496166.139284|2.885302|-1.885662|8.200000|-6.126704|24.792367|-2.728444|11.295253|3060.200000|-1.960364|-0.837104|-63403302.715454|0.053360|24.203785|-2.203863|-0.433963|14.200000|-4.000000|2920313.478595|0.836695|-0.000000|2.381350|-4.013212|0.362466|0.077024|-0.014868|8120.154793|-0.701056|-1.577508|-54.835257|9.325560|0.397359|-2.018551|0.130324|-1.960364|-4513.275172|-176612883.345752|-76.879354|326572.995040|-0.000004|-235106.139530|-1.041890|0.047455|12.512520|0.015295|-7.660997|-0.825000|0.485743|-1.577508|-242.993524
1448|-80095020.157018|3.143546|-1.885662|8.200000|-6.126704|24.792367|-2.728444|2.436018|3060.200000|-1.960364|-0.837104|-93590830.091399|0.065698|20.060035|-2.205116|-0.215993|12.200000|-4.000000|2896662.076801|0.836695|-0.000000|5.547252|-3.746753|0.367388|0.077024|-0.015177|12165.002595|-0.694698|-1.599953|-69.189032|9.455006|0.397359|-1.885662|0.082701|-1.960364|-5314.063121|-176612883.345752|-57.870062|326572.995040|-0.000004|-235106.139530|-1.029933|0.047738|12.534157|0.015095|-7.500031|-6.458333|0.485743|-1.599953|-242.993524
1449|-81664215.362148|3.475896|-1.885662|8.200000|-6.126704|24.792367|-2.728444|0.887123|3060.200000|-1.960364|-0.770233|-94943115.328012|0.065698|18.988161|-2.206094|0.007978|10.200000|-4.000000|2899372.572912|0.836695|-0.000000|2.958144|-3.390427|0.372204|0.077024|-0.015016|15976.562557|-0.690524|-1.623298|-74.620806|9.585740|0.397359|-1.885662|-0.021959|-1.960364|-5312.372894|-176612883.345752|-50.293699|326572.995040|-0.000004|-235106.139530|-1.023640|0.049537|12.550635|0.014841|-7.339066|-0.716667|0.485743|-1.623298|-242.993524
1450|-74568929.856734|3.945965|-1.885662|8.200000|-6.126704|24.792367|-2.728444|0.887123|3060.200000|-1.960364|-0.477164|-88534961.121487|0.065698|12.452223|-2.206232|0.212887|5.800000|-4.000000|2708914.102060|0.836695|-0.000000|5.718075|-3.271690|0.377019|0.077024|-0.015033|19662.591345|-0.681313|-1.675369|-70.551327|9.715571|0.397359|-1.885662|-0.059493|-1.960364|-5312.844549|-177319221.160135|-65.324567|326572.995040|-0.000004|-235106.139530|-1.023820|0.050654|12.567530|0.014546|-7.178100|-2.875000|0.485743|-1.675369|-242.993524
1451|-69593482.761414|4.493583|-1.960364|8.200000|-6.126704|24.792367|-2.728444|0.887123|3060.200000|-1.960364|-0.360419|-82992079.270538|0.075398|11.184255|-2.206300|0.377818|5.400000|-4.000000|1549587.832537|0.836695|-0.000000|2.756998|-3.313626|0.376232|0.077024|-0.014903|22732.753487|-0.676962|-1.716865|-69.069422|9.842623|0.397359|-1.885662|-0.094366|-1.960364|-5312.271355|-177656168.802177|-75.503370|326572.995040|-0.000004|-235106.139530|-1.030084|0.053237|12.585968|0.014231|-7.017135|-2.283334|0.485743|-1.716865|-242.993524
1452|-71480801.350000|4.903062|-1.960364|7.800000|-5.696266|24.792367|-2.728444|0.887123|3060.200000|-1.960364|-0.360419|-84624367.045285|0.075398|10.550270|-2.206686|0.467715|5.800000|-4.000000|774807.658230|0.836695|-0.000000|5.712729|-2.945166|0.375445|0.077024|-0.014683|22518.043977|-0.671026|-1.712155|-72.389000|9.962972|0.397359|-1.885662|-0.154150|-1.960364|-5312.561520|-178021789.449674|-66.417537|326572.995040|-0.000004|-235106.139530|-1.036347|0.054035|12.607326|0.013871|-6.856170|-3.150000|0.485743|-1.712155|-242.993524
1453|-81359216.790386|5.191512|-1.960364|7.200000|-5.696266|23.907699|-2.728444|0.887123|3060.200000|-1.960364|-0.360419|-94005783.842248|0.033576|8.233278|-2.206879|0.490591|4.600000|-4.000000|3.155470|0.836695|-0.000000|6.974225|-2.825300|0.372227|0.077024|-0.014245|19994.009616|-0.665390|-1.706346|-73.867334|10.076806|0.397359|-1.885662|-0.174792|-1.960364|-5312.714565|-178562756.436426|-66.430074|326572.995040|-0.000004|-235106.139530|-1.042611|0.055352|12.630523|0.013488|-6.695204|-8.333334|0.485743|-1.706346|-242.993524
1454|-87350376.798563|5.575025|-1.960364|7.000000|-5.696266|22.787254|-2.728444|0.887123|3060.200000|-1.960364|-0.360419|-99369425.932314|0.033576|8.233278|-2.208383|0.490591|9.600000|-4.000000|-674285.024155|0.836695|-0.000000|6.739720|-2.623150|0.369009|0.077024|-0.013537|17780.985855|-0.659819|-1.683835|-91.486647|10.179475|0.397359|-1.885662|-0.183810|-1.960364|-5312.586254|-179214857.911703|-61.709565|326572.995040|-0.000004|-235106.139530|-1.048874|0.055558|12.655557|0.013124|-6.534239|-11.033334|0.485743|-1.683835|-242.993524
1455|-86341857.698324|6.020515|-1.960364|6.200000|-5.696266|20.630660|-2.728444|0.887123|3060.200000|-1.960364|-0.360419|-98614301.766021|-0.042942|8.233278|-2.208783|0.490591|-1.200000|-4.000000|-1058593.993713|0.836695|-0.000000|6.578650|-2.765159|0.361197|0.077024|-0.012545|12517.483361|-0.659819|-1.670879|-88.549617|10.266104|0.397359|-1.885662|-0.194985|-1.960364|-5311.745957|-179222752.109806|-86.702231|326572.995040|-0.000004|-235106.139530|-1.055138|0.053951|12.682615|0.012765|-6.373274|-7.283334|0.485743|-1.670879|-242.993524
1456|-86417271.362122|6.429647|-1.960364|6.000000|-7.290817|19.060409|-2.728444|-0.043215|3060.200000|-1.960364|-0.360419|-98596246.679764|-0.042942|8.233278|-2.208279|0.490591|-3.400000|-4.000000|-1153073.347677|0.836695|-0.000000|-19.255070|-3.323602|0.353386|0.077024|-0.011645|11878.259509|-0.654999|-1.667300|-79.783288|10.333783|0.397359|-1.885662|-0.199665|-1.960364|-5311.403958|-179282541.887470|-86.373408|326572.995040|-0.000004|-235106.139530|-1.061650|0.051396|12.712132|0.012378|-6.212308|-9.283334|0.485743|-1.667300|-242.993524
1457|-93921285.961780|6.817297|-1.960364|6.000000|-7.290817|17.639706|-2.728444|-0.043215|3060.200000|-1.960364|-0.360419|-105537619.479012|-0.042942|8.233278|-2.208379|0.490591|1.600000|-4.000000|-1534675.633562|0.836695|-0.000000|-7.270775|-3.147010|0.345574|0.077024|-0.008878|11063.174525|-0.654271|-1.658343|-83.346242|10.372952|0.397359|-1.885662|-0.206862|-1.960364|-5312.096472|-179282541.887470|-81.167528|326572.995040|-0.000004|-235106.139530|-1.068163|0.052201|12.743894|0.011954|-6.212308|-5.283334|0.485743|-1.658343|-242.993524
1458|-106881234.300000|7.361996|-1.960364|6.000000|-7.290817|15.973355|-2.728444|-0.043215|3060.200000|-1.960364|-0.360419|-118241188.528949|-0.042942|8.233278|-2.207726|0.490591|-5.000000|-4.000000|-1720515.497732|0.836695|-0.000000|1.804147|-3.099120|0.337762|0.077024|-0.007204|9794.092209|-0.658280|-1.654461|-77.092555|10.383057|0.397359|-1.885662|-0.221014|-1.960364|-5311.456753|-179282541.887470|-88.751451|326572.995040|-0.000004|-235106.139530|-1.080829|0.048268|12.776626|0.011480|-6.212308|-7.283334|0.485743|-1.654461|-242.993524
1459|-129552043.893288|7.653160|-1.960364|6.000000|-7.290817|15.037133|-2.728444|-0.043215|3360.600000|-1.960364|-0.360419|-140861047.951804|-0.042942|8.233278|-2.207047|0.490591|-3.200000|-4.000000|-1802303.645800|0.836695|-0.000000|3.716992|-2.826962|0.329951|0.077024|-0.007353|9680.786534|-0.663732|-1.662890|-73.911134|10.365947|0.397359|-1.885662|-0.234672|-1.960364|-5312.079720|-179282541.887470|-114.114171|326572.995040|-0.000004|-235106.139530|-1.102606|0.041521|12.810360|0.010951|-6.212308|-7.291667|0.485743|-1.662890|-242.993524
