859|nan|nan|nan|nan|nan|nan|nan|nan|nan|nan|nan|nan|nan|nan|nan|nan|nan|nan|nan
900|nan|nan|nan|nan|nan|nan|nan|nan|nan|nan|nan|nan|nan|nan|nan|nan|nan|nan|nan
901|nan|nan|nan|nan|nan|nan|nan|nan|nan|nan|nan|nan|nan|nan|nan|nan|nan|nan|nan
902|nan|nan|nan|nan|nan|nan|nan|nan|nan|nan|nan|nan|nan|nan|nan|nan|nan|nan|nan
903|nan|nan|nan|nan|nan|nan|nan|nan|nan|nan|nan|nan|nan|nan|nan|nan|nan|nan|nan
904|nan|nan|nan|nan|nan|nan|nan|nan|nan|nan|nan|nan|nan|nan|nan|nan|nan|nan|nan
905|nan|nan|nan|nan|nan|nan|nan|nan|nan|nan|nan|nan|nan|nan|nan|nan|nan|nan|nan
906|nan|nan|nan|nan|nan|nan|nan|nan|nan|nan|nan|nan|nan|nan|nan|nan|nan|nan|nan
907|nan|nan|nan|nan|nan|nan|nan|nan|nan|nan|nan|nan|nan|nan|nan|nan|nan|nan|nan
908|nan|nan|nan|nan|nan|nan|nan|nan|nan|nan|nan|nan|nan|nan|nan|nan|nan|nan|nan
909|nan|nan|nan|nan|nan|nan|nan|nan|nan|nan|nan|nan|nan|nan|nan|nan|nan|nan|nan
910|nan|nan|nan|nan|nan|nan|nan|nan|nan|nan|nan|nan|nan|nan|nan|nan|nan|nan|nan
911|nan|nan|nan|nan|nan|nan|nan|nan|nan|nan|nan|nan|nan|nan|nan|nan|nan|nan|nan
912|nan|nan|nan|nan|nan|nan|nan|nan|nan|nan|nan|nan|nan|nan|nan|nan|nan|nan|nan
913|nan|nan|nan|nan|nan|nan|nan|nan|nan|nan|nan|nan|nan|nan|nan|nan|nan|nan|nan
914|nan|nan|nan|nan|nan|nan|nan|nan|nan|nan|nan|nan|nan|nan|nan|nan|nan|nan|nan
915|nan|nan|nan|nan|nan|nan|nan|nan|nan|nan|nan|nan|nan|nan|nan|nan|nan|nan|nan
916|nan|nan|nan|nan|nan|nan|nan|nan|nan|nan|nan|nan|nan|nan|nan|nan|nan|nan|nan
917|nan|nan|nan|nan|nan|nan|nan|nan|nan|nan|nan|nan|nan|nan|nan|nan|nan|nan|nan
918|nan|nan|nan|nan|nan|nan|nan|nan|nan|nan|nan|nan|nan|nan|nan|nan|nan|nan|nan
919|nan|nan|nan|nan|nan|nan|nan|nan|nan|nan|nan|nan|nan|nan|nan|nan|nan|nan|nan
920|nan|nan|nan|nan|nan|nan|nan|nan|nan|nan|nan|nan|nan|nan|nan|nan|nan|nan|nan
921|nan|nan|nan|nan|nan|nan|nan|nan|nan|nan|nan|nan|nan|nan|nan|nan|nan|nan|nan
922|nan|nan|nan|nan|nan|nan|nan|nan|nan|nan|nan|nan|nan|nan|nan|nan|nan|nan|nan
923|nan|nan|nan|nan|nan|nan|nan|nan|nan|nan|nan|nan|nan|nan|nan|nan|nan|nan|nan
924|nan|nan|nan|nan|nan|nan|nan|nan|nan|nan|nan|nan|nan|-90.986368|nan|25.313503|nan|nan|nan
925|nan|nan|nan|nan|nan|nan|nan|nan|nan|nan|nan|nan|nan|-83.007454|nan|25.529337|nan|nan|nan
926|nan|nan|nan|nan|nan|nan|nan|nan|nan|nan|nan|nan|nan|-80.942263|nan|25.624813|nan|nan|nan
927|nan|nan|nan|nan|nan|nan|nan|nan|nan|nan|nan|nan|nan|-71.063780|nan|25.962541|nan|nan|nan
928|nan|nan|nan|nan|nan|nan|nan|nan|nan|nan|nan|nan|nan|-63.539410|34.861411|26.485487|nan|nan|nan
929|nan|nan|nan|nan|nan|nan|nan|nan|nan|nan|nan|nan|nan|-55.553107|34.861411|26.993065|nan|nan|nan
930|nan|nan|nan|nan|nan|nan|nan|nan|nan|nan|nan|nan|nan|-63.168255|34.861411|27.174941|nan|nan|nan
931|nan|nan|nan|nan|nan|nan|nan|nan|nan|nan|nan|nan|nan|-56.305913|34.861411|27.561808|nan|nan|nan
932|nan|nan|nan|nan|nan|nan|nan|nan|nan|nan|nan|nan|nan|-57.782299|34.861411|27.950362|nan|nan|nan
933|nan|nan|nan|nan|47.524716|nan|nan|nan|nan|nan|nan|nan|nan|-53.135144|34.861411|28.181790|nan|nan|nan
934|nan|nan|nan|nan|48.168471|nan|nan|nan|nan|nan|nan|nan|nan|-51.147397|34.861411|28.595445|nan|nan|nan
935|nan|nan|nan|nan|48.877218|nan|nan|nan|nan|2.617421|nan|nan|nan|-44.577085|34.861411|28.992689|nan|nan|nan
936|nan|nan|nan|nan|49.100012|nan|nan|nan|nan|-2.522286|nan|nan|nan|-31.141719|34.861411|29.833954|nan|nan|nan
937|nan|nan|nan|nan|49.053103|nan|nan|nan|nan|11.775023|nan|nan|nan|-20.981035|34.861411|30.704380|nan|nan|nan
938|nan|nan|nan|nan|49.310892|nan|nan|nan|nan|-3.389780|nan|nan|nan|-20.850904|34.861411|31.279588|nan|nan|nan
939|nan|nan|nan|nan|49.840705|nan|nan|nan|nan|5.637055|nan|nan|nan|-14.520880|34.861411|31.771251|nan|nan|nan
940|nan|nan|nan|nan|49.753606|nan|nan|nan|nan|-10.409105|nan|nan|nan|-13.192053|34.861411|41.888150|nan|nan|nan
941|nan|nan|nan|nan|49.747960|nan|nan|nan|nan|4.059467|nan|nan|nan|-3.725066|34.861411|45.006296|nan|nan|nan
942|nan|nan|nan|nan|49.856338|nan|nan|nan|nan|-5.237218|nan|nan|nan|-2.954037|34.861411|46.048247|nan|nan|nan
943|nan|13.690573|nan|nan|50.043719|nan|nan|nan|nan|-14.847936|nan|nan|nan|-3.257839|34.861411|48.826753|-0.003859|nan|nan
944|nan|13.605252|nan|nan|49.708204|nan|nan|nan|nan|-30.690893|nan|nan|nan|-6.034365|34.861411|41.998294|-0.004617|nan|nan
945|nan|13.190315|nan|nan|49.292160|nan|nan|nan|nan|-34.567790|nan|nan|nan|-7.815650|34.861411|39.223302|-0.005063|nan|nan
946|nan|12.995823|nan|nan|48.383210|nan|nan|nan|nan|-19.797854|nan|nan|nan|-2.373336|28.514981|27.286631|-0.004378|nan|nan
947|nan|12.737579|nan|nan|46.844452|nan|nan|nan|nan|-41.950998|nan|nan|nan|2.950389|12.062890|11.289138|-0.003807|nan|nan
948|nan|12.418978|nan|nan|45.829024|nan|nan|nan|nan|-37.672389|nan|nan|nan|4.577932|12.062890|11.499520|-0.003993|nan|nan
949|nan|12.495162|nan|24.125251|44.926975|nan|nan|nan|nan|-36.308791|nan|nan|nan|20.283944|12.062890|12.439740|-0.001886|nan|nan
950|nan|13.011297|nan|31.355386|45.439311|nan|nan|nan|nan|-17.127156|nan|nan|nan|30.763487|12.062890|13.015807|-0.000610|nan|nan
951|nan|13.241208|nan|27.931253|45.800113|nan|nan|nan|nan|-15.282986|nan|nan|nan|30.182920|12.062890|13.454475|-0.001149|nan|nan
952|nan|12.859242|nan|17.070854|46.025536|nan|nan|nan|nan|-32.521360|nan|nan|nan|21.838238|12.062890|13.626789|-0.002892|nan|nan
953|nan|12.455999|nan|14.491077|46.408784|nan|-38.510936|nan|nan|-25.674506|nan|nan|nan|21.398646|12.062890|13.589024|-0.003306|nan|nan
954|nan|11.807998|nan|7.444056|46.791241|nan|-34.124431|nan|nan|-9.023639|nan|nan|nan|16.296458|12.062890|13.387620|-0.004436|nan|nan
955|nan|11.262726|nan|8.312647|47.176562|nan|-29.221866|nan|nan|-18.684575|nan|nan|nan|18.884497|12.062890|13.214633|-0.004353|nan|nan
956|nan|10.743997|nan|9.545980|47.337565|nan|-28.189747|nan|nan|-25.982972|nan|nan|nan|21.751328|12.062890|13.219735|-0.004259|nan|nan
957|nan|10.091041|nan|3.027368|47.749116|nan|-27.028614|nan|nan|12.485338|nan|nan|nan|17.738844|12.062890|12.902337|-0.005203|nan|nan
958|nan|9.368290|nan|nan|48.025636|nan|-25.867480|nan|nan|4.298293|nan|nan|nan|15.746855|12.062890|12.644495|-0.005855|nan|nan
959|nan|8.608462|nan|-5.362983|48.713337|-4.178156|-24.577331|0.081663|nan|13.296911|nan|nan|nan|13.841351|12.062890|12.282374|-0.006498|nan|nan
1000|nan|7.924728|nan|-7.218381|49.738327|-4.384939|-36.124161|0.161811|nan|13.729848|nan|nan|nan|13.290059|12.062890|11.843090|-0.006851|nan|nan
1001|nan|6.876764|nan|-22.811827|50.523400|-5.126762|-46.703380|-0.115852|nan|9.369469|nan|-95.412982|nan|-1.738301|12.062890|11.041044|-0.009370|nan|nan
1002|nan|5.818390|nan|-27.307806|50.767288|-5.925012|-54.766808|-0.253836|nan|21.429744|nan|-95.704201|nan|-6.938130|12.062890|20.376663|-0.010253|nan|nan
1003|nan|4.911018|nan|-29.030912|51.354252|-6.769980|-51.670452|-0.345430|nan|25.421188|nan|-96.106438|nan|-7.485726|12.062890|21.592378|-0.010367|nan|nan
1004|nan|3.615286|nan|-51.057272|51.250852|-8.375683|-72.699874|-0.441841|nan|10.352296|nan|-97.184451|nan|-29.808606|12.062890|40.594666|-0.016612|nan|nan
1005|nan|2.427766|nan|nan|50.894947|-9.850766|-71.216204|-0.506184|nan|4.687590|nan|-98.064792|nan|-33.920010|12.062890|30.824311|-0.018103|nan|nan
1006|nan|1.201586|nan|-63.720277|50.567488|-11.638288|-67.990832|-0.548895|nan|24.244676|nan|-99.258983|nan|-42.874305|12.062890|29.357062|-0.020950|nan|nan
1007|nan|-0.274279|nan|nan|49.308331|-13.577847|-75.731724|-0.612401|nan|3.093329|nan|-100.756141|nan|-59.145651|1.301021|-6.103710|-0.026170|nan|nan
1008|nan|-1.431514|nan|-74.571329|48.130583|-15.324298|-72.183815|-0.656908|nan|12.872277|nan|-102.167015|nan|-54.832689|1.301021|-7.160343|-0.025356|nan|nan
1009|nan|-2.556166|nan|-80.583549|47.062356|-17.120058|-73.538471|-0.701453|nan|10.680136|nan|-103.735253|nan|-61.702735|1.301021|-8.193199|-0.026792|nan|nan
1010|nan|-3.851508|nan|-93.879672|45.418251|-19.167291|-87.278554|-0.746719|nan|-4.497154|nan|-105.807184|nan|-76.588568|-4.840408|-15.490537|-0.031310|nan|nan
1011|nan|-4.767234|nan|-84.304412|43.986216|-20.705512|-70.571129|-0.765562|nan|-11.738343|nan|-107.875213|nan|-69.150177|-4.840408|-15.959648|-0.029855|nan|nan
1012|nan|-5.501670|nan|-79.303240|42.878093|-22.018583|-65.281520|-0.770320|nan|-11.645272|nan|-109.990775|nan|-64.919859|-4.840408|-16.348311|-0.028899|nan|nan
1013|nan|-6.005914|nan|nan|41.788305|-23.069956|-60.959523|-0.772489|nan|-8.736615|nan|-111.856409|nan|-61.613893|-4.840408|-16.515694|-0.027952|nan|nan
1014|nan|-6.680789|nan|-83.500496|40.579110|-24.421400|-76.247783|-0.770355|nan|-27.856545|nan|-113.907972|nan|-75.472827|-4.840408|-17.123647|-0.029672|nan|nan
1030|nan|-7.542658|nan|-100.691622|39.179125|-26.215831|-96.309595|-0.776523|nan|-17.690100|nan|-115.519753|nan|-96.757240|-4.840408|-18.222365|-0.034219|nan|nan
1031|nan|-8.315626|nan|-106.429431|37.596627|-28.020012|-97.599743|-0.783608|nan|-34.637439|nan|-117.423683|nan|-106.565121|-8.495676|-22.885129|-0.036165|nan|nan
1032|nan|-9.035031|nan|-108.731916|35.887884|-29.773153|-96.374101|-0.791173|nan|-38.313746|nan|-119.297448|nan|-113.048240|-10.876015|-26.189791|-0.037078|nan|nan
1033|-147.493623|-9.356530|nan|-91.657253|34.281785|-30.812680|-80.956826|-0.785321|nan|-39.299080|nan|-121.153952|nan|-100.554463|-10.876015|-26.115134|-0.034418|nan|nan
1034|-141.438165|-9.638338|nan|-85.504527|33.283260|-31.725692|-61.217552|-0.778343|nan|-34.241880|nan|-122.679276|nan|-98.120439|-10.876015|-26.184171|-0.033362|nan|nan
1035|-141.410037|-9.877455|nan|nan|32.208292|-32.457285|-52.767079|-0.770448|nan|-42.377928|nan|-123.508164|nan|-101.767671|-10.876015|-25.903085|-0.033296|nan|nan
1036|-123.697643|-10.160351|nan|-66.254822|31.970313|-32.798196|-38.252906|-0.757109|nan|-18.991295|nan|-124.807274|nan|-87.796498|-10.876015|-25.505703|-0.030422|nan|nan
1037|-111.072650|-10.327860|nan|-53.680820|32.394557|-32.758477|-36.511206|-0.740318|nan|-16.244931|nan|-125.932797|nan|-78.664826|-10.876015|-24.714497|-0.028399|nan|nan
1038|-108.065506|-10.521317|nan|-50.782489|32.598805|-32.249127|-36.188669|-0.724112|nan|-23.448125|nan|-126.947321|nan|-79.043156|-10.876015|-23.932745|-0.027942|nan|nan
1039|-95.742006|-10.591715|nan|-38.595790|33.038301|-31.674680|-31.028075|-0.705700|nan|-20.272036|nan|-128.012880|nan|-69.669740|-10.876015|-23.013782|-0.025978|nan|nan
1040|-91.517256|-10.555110|nan|-35.306098|32.628177|-31.178981|-26.383539|-0.688118|nan|-42.090783|nan|-129.165397|nan|-68.196548|-10.876015|-22.306216|-0.025320|nan|nan
1041|-90.971610|-10.618329|nan|-35.123976|32.355611|-30.750894|-25.351420|-0.672714|nan|-45.800704|nan|-130.234846|nan|-69.858859|-10.876015|-21.772139|-0.025257|nan|nan
1042|-85.868156|-10.601521|nan|nan|32.296351|-30.362507|-26.190017|-0.657083|nan|-48.025695|nan|-130.698107|nan|-66.497778|-10.876015|-21.226041|-0.024450|nan|nan
1043|-87.089737|-10.644566|nan|-31.032921|32.239579|-30.201375|-31.479627|-0.643518|nan|-33.834751|nan|-130.252783|nan|-69.446972|-10.876015|-20.984710|-0.024658|nan|-108.937200
1044|-85.954750|-10.601550|nan|-29.057378|32.086612|-30.046913|-34.317953|-0.655911|nan|-40.081347|nan|-129.611721|nan|-69.863383|-10.876015|-20.522740|-0.024477|nan|-108.561335
1045|-74.073562|-10.345647|nan|-17.561376|31.968426|-29.438307|-24.641838|-0.668704|nan|-38.543723|nan|-128.707662|nan|-58.786864|-10.876015|-19.740055|-0.022555|nan|-108.247491
1046|-70.707737|-10.152554|nan|-14.919566|32.239957|-28.946984|-36.962758|-0.651539|nan|-32.374844|-52.862520|-128.281971|nan|-56.418034|-10.876015|-19.177675|-0.022014|nan|-108.000112
1047|-69.664601|-9.932964|nan|nan|32.124389|-28.418423|-41.413770|-0.634113|nan|-35.290156|-50.917670|-127.751938|nan|-55.618926|-10.876015|-11.817863|-0.021851|nan|-107.860706
1048|-63.824545|-9.653920|nan|-6.986960|32.153084|-27.825885|-36.317683|-0.613320|nan|-31.448350|-43.784055|-126.404702|nan|-49.944972|-10.876015|-3.991985|-0.020910|nan|-107.763335
1049|-61.602289|-9.466521|nan|-5.894166|32.207264|-27.305842|-56.314987|-0.584997|nan|-27.839108|-39.061929|-125.786098|nan|-47.712015|-10.876015|-3.541984|-0.020556|nan|-107.692077
1050|-56.987040|-9.430003|nan|-0.120366|31.832093|-26.773720|-55.992450|-0.555732|nan|-30.883063|-32.391708|-125.136372|nan|-42.184684|-10.876015|14.910582|-0.019813|nan|-107.739852
1051|-60.083893|-9.450782|-2383.291092|-4.445926|31.453064|-26.574969|-67.474773|-0.529309|5.492791|-38.310122|-34.147549|-124.171558|-15.790446|-44.013104|-10.876015|22.558726|-0.020318|nan|-107.806594
1052|-56.766988|-9.210514|-2376.135941|nan|31.660921|-26.474678|-79.860199|-0.492233|9.886856|-26.323655|-29.646321|-123.050789|-12.436059|-39.646194|-10.876015|25.821078|-0.019774|nan|-107.907304
1053|-50.354860|-8.875576|-2355.484012|6.468943|31.363434|-26.152511|-68.313369|-0.454300|9.216951|-32.084142|-22.008906|-121.773184|-5.985316|-30.798061|-10.876015|36.164571|-0.018726|nan|-108.029109
1054|-54.088266|-8.590669|-2337.777390|1.983133|31.724011|-26.119575|-77.989484|-0.414201|8.099381|-27.215317|-24.363884|-120.228461|-9.662240|-32.289469|-10.876015|43.049665|-0.019324|nan|-108.534243
1055|-58.617631|-8.390453|-2345.801758|-1.511624|31.802072|-26.172805|-95.922550|-0.385565|4.606747|-27.746307|-27.379115|-119.628613|-14.113253|-33.787204|-10.876015|39.091269|-0.020046|nan|-110.806111
1056|-51.092862|-8.068287|-2348.589877|5.618889|31.068223|-26.132454|-79.215125|-0.354999|8.857324|-45.217970|-18.479437|-118.668727|-6.501376|-22.252167|-10.876015|12.914188|-0.018806|nan|-113.190104
1057|-44.268745|-7.658475|-2351.080555|13.223205|31.499685|-25.947230|-66.313639|-0.329706|11.118643|-42.201813|-10.372405|-117.182174|0.400919|-11.671262|-10.876015|13.543904|-0.017681|nan|-115.599260
1058|-43.565113|-7.190247|-2335.009032|12.705830|32.127653|-25.820875|-59.604867|-0.318477|11.094358|-42.688325|-8.509416|-115.384328|1.175008|-7.510833|-10.876015|13.917242|-0.017554|nan|-116.995046
1059|-49.111996|-6.787296|-2323.344030|6.883980|32.863188|-25.790620|-75.667216|-0.300827|5.290902|-30.015811|-12.750780|-113.623193|-4.308123|-9.925805|-10.876015|14.085915|-0.018442|nan|-118.358461
1100|-57.813892|-6.580403|-2325.788001|-0.064242|33.876666|-25.872790|-101.599204|-0.269059|-3.592769|-39.640453|-19.859163|-112.395872|-12.952119|-15.006692|-10.876015|14.246580|-0.019845|nan|-120.885067
1101|-59.556995|-6.214026|-2297.704759|-3.512019|35.330367|-26.121148|-108.824036|-0.227981|-1.269637|-29.320277|-19.970911|-110.636415|-12.069312|-13.486897|-10.876015|14.245243|-0.020116|nan|-121.655879
1102|-61.002713|-5.745391|-2272.513451|-4.831087|36.846689|-26.505836|-112.500959|-0.204581|3.616681|-32.650080|-19.776053|-109.025597|-13.423968|-12.481056|-4.053704|14.117389|-0.020335|nan|-122.261747
1103|-60.972465|-5.356268|-2254.395211|-3.192414|37.901539|-26.803378|-95.793535|-0.194416|0.225372|-18.828872|-18.408807|-107.645834|-12.574953|-9.663213|3.106621|14.199920|-0.020313|nan|-122.867615
1104|-57.623324|-4.727906|-2227.331358|nan|39.034558|-27.261939|-85.665868|-0.173140|13.629097|-19.395141|-13.702269|-105.838047|-6.611552|-4.200882|3.106621|14.291955|-0.019746|nan|-123.365346
1105|-60.683063|-4.050195|-2193.918527|nan|40.543169|-27.901793|-88.052643|-0.163441|8.565939|-9.040100|-15.434353|-103.668779|-9.514386|-5.401036|16.529735|14.390322|-0.020217|nan|-123.863077
1106|-57.632399|-3.359632|-2160.587585|nan|42.288096|-28.432535|-66.958713|-0.152719|11.870985|11.102144|-11.056571|-101.286889|-6.289015|-0.046604|16.529735|14.492472|-0.019692|nan|-124.353529
1107|-56.261819|-2.314489|-2138.201299|2.138472|43.816681|-28.702837|-52.831586|-0.143491|9.578838|14.400369|-8.439323|-99.006118|-4.740837|3.429373|16.529735|14.750214|-0.019439|nan|-124.820905
1108|-47.458470|-1.340935|-2147.485793|10.767157|44.795864|-28.683153|-40.962219|-0.132626|13.024071|19.269029|1.432862|-97.866535|4.225696|14.215332|16.529735|15.280278|-0.017981|nan|-125.339464
1109|-45.340772|-0.356505|-2159.161114|12.971580|45.204856|-28.486378|-26.512555|-0.123045|12.001832|-9.144506|4.501852|-96.901540|7.443456|18.684416|16.529735|15.862926|-0.017613|nan|-125.811363
1110|-44.557761|0.788751|-2171.544290|14.194146|45.873939|-28.322795|-21.480975|-0.113337|13.785586|2.074097|6.112451|-95.908326|11.306560|20.838964|16.529735|16.325903|-0.017465|nan|-126.211162
1111|-45.379939|1.811650|-2171.369870|12.231430|46.706115|-28.270169|-21.739004|-0.106595|17.076005|5.271070|6.046953|-94.922792|14.756979|20.639509|16.529735|22.327268|-0.017579|nan|-126.585927
1112|-50.894826|2.568842|-2166.459098|nan|47.213088|-28.229509|-22.126048|-0.100163|8.057381|-10.275692|1.138405|-94.388547|9.338355|16.421869|16.529735|23.925006|-0.018458|nan|-126.898493
1113|-52.981322|3.166568|-2177.690001|nan|47.967489|-28.225352|-25.351421|-0.099121|8.378299|-11.280618|-0.463437|-94.531932|11.018624|15.140895|16.529735|23.897308|-0.018782|nan|-127.166385
1114|-54.990401|3.816709|-2164.958153|nan|48.413216|-28.189411|-26.125510|-0.091297|4.122751|-8.953504|-2.157799|-94.163191|6.843401|13.836699|16.529735|23.873984|-0.019095|nan|-127.410087
1115|-52.141372|4.685041|-2148.051078|7.006833|48.392926|-28.015331|-11.353307|-0.087559|2.305587|-20.049478|0.857981|-93.685985|7.186236|17.562360|16.529735|24.008200|-0.018624|nan|-127.568949
1116|-57.334307|5.479972|-2088.859508|0.920694|48.907082|-27.786090|-13.159516|-0.084666|-5.334684|-6.622185|-4.265732|-93.354512|-4.374359|12.599591|16.529735|23.802338|-0.019461|nan|-127.736236
1117|-63.803358|6.192198|-2037.655672|-5.824793|49.485048|-27.614423|-18.578140|-0.082431|-10.665102|-3.402276|-10.774510|-93.270666|-11.545102|6.711353|16.529735|23.487134|-0.017929|nan|-127.893669
1118|-68.256596|6.678878|-1989.368133|-10.271879|50.153454|-27.535970|-17.223484|-0.091719|-17.755141|6.188378|-15.400933|-93.241494|-20.556115|2.314815|16.529735|23.090259|-0.017666|nan|-127.837908
1119|-74.224117|6.872145|-1941.665761|nan|50.774184|-27.209238|-21.029423|-0.125267|-34.474656|29.198178|-21.677451|-93.378038|-39.275306|-3.574345|16.529735|22.634288|-0.018621|nan|-127.715786
1120|-73.905792|7.154989|-1906.399300|-14.820317|50.797063|-26.711864|-16.191365|-0.178010|-34.696951|14.400426|-21.831187|-93.788475|-39.017276|-2.595779|16.529735|22.445250|-0.015718|nan|-127.546770
1121|-67.024815|7.184471|-1878.783689|-8.054432|50.514080|-25.881634|-12.514442|-0.186094|-39.923347|4.421913|-14.356349|-94.088258|-41.203996|4.336847|16.529735|22.466939|-0.012582|nan|-127.260961
1122|-72.436281|6.949404|-1857.850114|-14.384783|51.074865|-25.033088|-14.707694|-0.196631|-39.389688|26.891542|-19.358477|-94.502921|-47.071635|-2.048179|16.529735|22.037580|-0.012990|nan|-126.901956
1123|-66.645547|6.877217|-1822.748539|-8.383447|50.887792|-23.969162|-2.644804|-0.206673|-44.018839|17.361421|-13.369321|-94.862524|-45.939488|3.395617|16.529735|22.184080|-0.010052|nan|-126.476215
1124|-67.399066|6.529501|-1798.526313|-9.857071|51.124461|-22.924925|-7.289340|-0.218383|-45.226126|16.049420|-14.180403|-95.291145|-51.387100|2.159654|16.529735|26.087107|-0.009477|nan|-126.117941
1125|-74.566603|6.007276|-1777.737708|-17.563237|51.564045|-21.807817|-19.158707|-0.225582|-56.724155|18.638208|-21.559746|-96.003786|-65.125454|-5.633474|16.529735|41.871439|-0.010541|nan|-125.712495
1126|-72.163599|5.553013|-1765.721908|-15.420721|52.041089|-20.772838|-9.418085|-0.239318|-50.915735|7.031239|-19.614018|-96.543141|-62.996709|-4.337534|22.320919|41.684684|-0.009440|nan|-125.262028
1127|-72.963400|5.024636|-1761.313931|nan|52.381457|-19.826406|-3.612416|-0.263953|-54.092685|2.658332|-21.021157|-97.188143|-64.093335|-6.201140|23.754567|41.564870|-0.009618|nan|-124.879278
1128|-72.132202|4.516874|-1762.174208|nan|52.892493|-18.944568|-2.322268|-0.265094|-53.576302|-5.640102|-20.967369|-97.946832|-63.577276|-6.452060|23.754567|41.498759|-0.009278|nan|-124.572046
1129|-71.143979|4.113048|-1768.281224|nan|53.308995|-17.853644|-7.160325|-0.274431|-60.531228|-14.602208|-20.821405|-98.571152|-69.412202|-6.773966|23.754567|41.475377|-0.007164|nan|-124.165563
1330|-84.185618|3.332677|-1788.665871|-28.017823|53.410006|-16.788514|-29.221866|-0.303822|-79.548123|-7.301652|-34.847494|-99.410875|-92.429747|-21.091824|23.754567|42.435302|-0.009524|nan|-123.634391
1331|-71.710220|2.806262|-1800.912663|-15.597154|54.431962|-15.337795|-18.836170|-0.329484|-73.245559|5.166090|-23.382835|-100.087974|-83.886858|-9.829249|23.754567|42.388891|-0.007565|nan|-123.105922
1332|-75.070324|2.212092|-1818.996424|-20.466650|55.380054|-13.944791|-23.996764|-0.335560|-78.250848|-17.220073|-27.820491|-101.035104|-90.732796|-14.568833|23.754567|42.231395|-0.008184|nan|-122.647354
1333|-80.918636|1.495976|-1843.394193|nan|55.821116|-12.958992|-30.189477|-0.337055|-73.691604|-5.486932|-34.809875|-102.087522|-97.054524|-21.821207|23.754567|41.988997|-0.009212|nan|-122.181142
1334|-83.175239|0.743327|-1873.107442|-29.297151|56.460428|-12.203525|-29.479896|-0.351616|-75.184452|4.036115|-38.391785|-103.012849|-99.828344|-25.891653|23.754567|41.529309|-0.009909|nan|-121.717818
1335|-80.492822|0.078160|-1902.713604|nan|57.203630|-11.314288|-30.253985|-0.352819|-72.176031|7.006527|-37.193936|-103.595269|-97.699599|-24.895658|23.754567|41.366882|-0.009565|nan|-121.279537
1336|-73.148757|-0.409872|-1929.747343|-19.857685|57.424049|-10.521248|-20.255333|-0.349580|-66.123398|8.228353|-31.396430|-103.926330|-90.926318|-19.421794|23.754567|41.438556|-0.008465|nan|-120.839549
1337|-64.637603|-0.797588|-1951.392086|-11.647619|57.182516|-9.733407|-10.772741|-0.350843|-54.909308|11.429525|-24.457244|-104.025055|-82.991904|-12.350252|23.754567|41.692231|-0.007177|nan|-120.550157
1338|-57.985426|-1.108260|-1984.697918|-5.587114|57.175313|-8.835517|4.257490|-0.351863|-49.406259|15.943058|-19.298741|-103.971606|-76.928206|-6.906878|23.754567|42.085059|-0.006192|nan|-120.640894
1339|-37.631179|-1.060268|-2010.721511|13.715701|56.158463|-7.495352|26.254524|-0.365246|-38.228932|3.975923|-0.299639|-103.539914|-57.188932|13.334976|21.944401|20.151970|-0.002983|nan|-120.584797
1340|-20.981693|-0.720444|-2044.949485|nan|55.828758|-5.979961|43.155471|-0.380286|-24.471089|6.585101|15.149806|-102.609978|-41.191089|30.046742|21.944401|21.315932|-0.000382|nan|-120.544728
1341|-15.968526|-0.380184|-2084.949121|34.559987|55.297090|-4.372433|46.767888|-0.341135|-24.550390|9.357405|19.109461|-101.688228|-36.869091|35.246018|21.944401|22.540191|0.000321|nan|-120.514449
1342|-17.563864|-0.226592|-2142.122967|30.958921|55.179327|-3.037225|39.026996|-0.312431|-22.552658|-1.697974|16.543605|-100.895336|-32.791359|33.805791|21.944401|23.335521|-0.000057|nan|-120.494861
1343|-16.140456|-0.071594|-2205.325642|32.907337|55.292985|-1.690336|37.672339|-0.282608|-25.428234|-16.707925|17.071914|-100.338060|-32.146285|35.399572|21.944401|24.094109|0.000048|nan|-120.502184
1344|-19.650310|0.075701|-2257.594629|27.601849|55.956980|-0.619951|31.415119|-0.266933|-21.029907|-34.920134|12.660394|-99.966052|-33.108282|31.892949|21.944401|24.353482|-0.000654|nan|-120.514139
1345|-23.019608|0.401287|-2289.424724|nan|56.408532|0.138117|30.124971|-0.251701|-18.582565|-43.937720|8.364537|-99.727096|-35.861265|28.543723|21.944401|24.527560|-0.001336|nan|-120.526094
1346|-15.138297|0.854131|-2310.562697|31.093665|56.030858|1.028395|31.995686|-0.226917|-15.551579|-35.594241|15.418695|-99.213685|-23.309955|36.702202|21.944401|24.940648|-0.000193|nan|-120.547939
1347|-12.458278|1.266001|-2302.849140|nan|56.025722|1.877541|27.351151|-0.204794|-11.906348|-25.089223|17.365697|-98.502047|-19.743747|39.522697|21.944401|25.227839|0.000100|nan|-120.602993
1348|-12.798092|1.685106|-2278.617225|nan|55.681296|2.563266|21.674496|-0.171091|-9.291013|-33.203986|16.405854|-97.780963|-17.529389|39.586342|21.944401|25.413296|-0.000099|nan|-120.671010
1349|-17.829724|1.910290|-2250.201105|24.766700|55.408768|3.020010|9.740622|-0.125360|-13.146022|-1.325738|10.847675|-97.167141|-23.464072|34.503446|21.944401|25.363252|-0.001063|nan|-120.729309
1350|-21.436134|2.144244|-2218.439125|20.250746|55.479338|3.249228|5.483132|-0.068225|-11.821543|-4.450495|6.762161|-96.777003|-27.979592|31.358637|21.944401|25.129858|-0.001796|nan|-120.791768
1351|-24.827668|2.246366|-2181.745472|nan|54.856355|3.452313|7.934414|-0.053885|-16.143541|-7.186272|2.911358|-96.364457|-30.861590|28.548693|21.944401|24.909865|-0.002498|nan|-120.835385
1352|-26.584020|2.305589|-2146.429149|14.519923|53.975621|3.551600|-0.322537|-0.039606|-16.532853|-5.029711|0.823881|-95.891677|-33.570902|27.548111|21.944401|24.702942|-0.002938|nan|-120.879002
1353|-26.723207|2.228453|-2113.352275|nan|52.824688|3.524807|4.192983|-0.029275|-11.309480|1.279614|0.428898|-95.331306|-29.627529|28.097713|21.944401|24.508676|-0.003116|nan|-120.913934
1354|-15.998870|2.317973|-2056.106748|22.730516|51.519609|3.886728|12.965993|-0.010308|-9.089833|-0.066387|11.053724|-94.351623|-12.766907|39.672065|21.944401|31.606825|-0.001534|nan|-120.967244
1355|-15.571948|2.287048|-1991.791232|nan|50.913284|4.228897|4.967072|0.010990|-5.190727|6.284907|11.454623|-93.444612|-12.627474|40.987728|21.944401|31.637600|-0.001628|nan|-121.087906
1356|-25.589594|2.050762|-1927.919857|10.509098|50.468171|4.137436|-3.934953|0.030126|-5.580520|-1.681577|1.348735|-93.038995|-20.858244|31.290687|21.944401|31.319927|-0.003419|nan|-121.177168
1357|-27.677251|1.936163|-1846.602588|nan|49.231925|3.890635|-8.127936|0.059312|-4.677203|-3.406199|-0.759897|-92.572899|-19.234601|29.729034|21.944401|31.041545|-0.003921|nan|-121.279190
1358|-26.924235|1.807378|-1766.390061|8.344737|48.520595|3.692911|-7.869907|0.078878|-7.095885|1.598444|0.004473|-92.321837|-18.692631|31.057025|21.944401|28.485269|-0.003962|nan|-121.482834
1359|-37.273897|1.508215|-1681.756090|-4.000818|47.676961|3.180499|-18.578140|0.096962|-10.848543|-8.727998|-10.424639|-92.364319|-25.565938|20.970130|21.944401|27.773265|-0.005805|nan|-121.694849
1400|-42.598677|1.197655|-1583.067422|nan|46.665489|2.753071|-38.317414|0.126711|-15.329946|-17.052954|-15.811646|-92.382401|-31.407667|16.206480|21.944401|27.199678|-0.006831|nan|-121.906863
1401|-47.536121|0.808534|-1490.854435|-16.870686|45.620956|2.242745|-32.189208|0.148855|-19.903977|-10.975446|-20.820466|-92.622033|-35.022350|11.835004|21.944401|26.587144|-0.007793|nan|-122.110291
1402|-48.912696|0.510323|-1380.914481|nan|44.775146|1.764937|-38.381921|0.173499|-22.930426|-10.082919|-22.243763|-92.862467|-32.929125|10.714634|21.944401|26.105286|-0.008180|nan|-122.272006
1403|-50.029037|0.233339|-1256.533671|nan|43.998293|1.294233|-46.832394|0.202944|-22.018846|-8.624298|-23.393735|-93.157197|-35.057870|9.648207|21.944401|25.731197|-0.008526|nan|-122.404618
1404|-45.641207|0.113581|-1153.046823|-15.276115|43.050587|0.915718|-46.251828|0.208444|-19.382835|3.717107|-19.004197|-93.305330|-29.543484|13.335451|21.944401|25.599555|-0.007982|nan|-122.426962
1405|-31.422860|0.260562|-1059.356877|-3.703327|42.901846|0.992494|-30.963567|0.229388|-11.023968|22.273995|-4.695209|-92.704167|-10.223968|25.413348|21.944401|25.966531|-0.005846|nan|-122.443888
1406|-22.148617|0.391196|-972.311437|nan|42.822209|1.139942|-15.997842|0.236048|-1.790875|33.653476|4.623546|-92.221241|-0.671524|32.449660|21.944401|26.257078|-0.004516|nan|-122.462027
1407|-17.888347|0.561898|-886.123573|7.631586|42.094535|1.411661|-4.902564|0.262405|0.489016|32.761652|8.923264|-91.562500|2.489340|34.666294|21.944401|26.792184|-0.004003|nan|-122.475551
1408|-18.340238|0.667974|-788.167582|5.066223|41.625340|1.420838|-0.387045|0.253265|5.741485|37.140086|8.510171|-90.811170|0.941161|32.052452|21.944401|27.050434|-0.004255|nan|-122.479826
1409|-17.320803|0.743168|-690.381145|nan|40.843575|1.372739|19.287722|0.255070|7.916330|28.057047|9.459393|-89.981175|0.876654|30.811171|26.297369|27.243232|-0.004265|nan|-122.479470
1410|-21.089261|0.852139|-592.614613|0.164320|40.387240|1.157984|30.447508|0.255070|5.158597|25.413597|5.481197|-89.364130|-3.961403|25.018562|26.297369|27.228781|-0.005050|nan|-122.479113
1411|-24.348288|0.879827|-515.365814|-4.178775|40.149622|0.825096|30.447508|0.219845|1.477572|17.508266|1.819521|-89.100225|-8.283401|19.519791|26.297369|27.052624|-0.005752|nan|-122.457269
1412|-25.752121|0.934144|-441.552149|nan|40.344376|0.495527|25.673957|0.192432|1.426613|24.986015|-0.083201|-89.116921|-8.174684|15.669512|26.297369|26.752250|-0.006150|nan|-122.359512
1413|-23.938276|1.035537|-353.782124|nan|40.648521|0.231036|27.093121|0.170576|0.600703|22.781072|1.147716|-89.268244|-6.600594|15.322383|26.297369|29.726448|-0.006024|nan|-122.089734
1414|-17.677205|1.223466|-276.443116|0.422220|41.168930|0.211921|27.996225|0.157933|2.144831|18.490148|6.733233|-89.805539|-0.655493|19.731821|26.297369|29.844146|-0.005176|nan|-121.786221
1415|-14.847977|1.601389|-209.241205|nan|41.132346|0.167836|25.609450|0.149926|6.430715|7.524419|8.802127|-90.699150|1.710715|20.597367|26.297369|29.932140|-0.004883|nan|-121.446262
1416|-15.320343|1.743752|-146.812974|-0.340560|41.525634|0.124521|31.157090|0.127904|3.267369|2.937045|7.352891|-91.716864|1.347045|18.102220|26.297369|29.842045|-0.005124|nan|-121.068059
1417|-20.444670|1.836131|-97.688432|-6.491594|41.976437|0.037759|26.835092|0.110877|-2.860512|2.384480|1.133333|-92.755464|-6.621161|10.900610|26.297369|29.613918|-0.006118|nan|-120.686293
1418|-20.676327|2.046776|-58.386220|-7.714396|42.923051|-0.033560|24.383808|0.084404|-4.005830|5.985974|-0.361486|-93.815868|-9.766803|8.348985|26.297369|29.280679|-0.006317|nan|-120.326745
1419|-20.413573|2.240375|-24.311473|nan|43.567372|0.008767|17.739544|0.071032|-6.874439|2.526393|-1.338921|-94.739179|-12.476384|6.411182|26.297369|29.023130|-0.006122|nan|-119.680683
1420|-18.496388|2.465060|1.554344|nan|44.336736|0.085579|14.191635|0.062700|-3.907152|21.841227|-0.585383|-95.492744|-11.508773|5.900571|26.297369|28.827747|-0.004892|nan|-118.934750
1421|-21.656774|2.507123|29.596706|-11.530449|45.527447|-0.052765|5.805669|0.050745|-4.451443|14.127259|-4.987381|-96.554243|-15.572741|0.483382|26.297369|28.529387|-0.004926|-368734.737582|-118.219626
1422|-20.066173|2.472651|62.073237|nan|46.511390|-0.058455|3.805939|0.040038|-10.061861|-4.739675|-4.710297|-97.628142|-17.743159|0.263768|26.297369|36.360917|-0.004811|-368729.476928|-117.319713
1423|-16.905524|2.392986|83.515679|-7.010066|47.220257|-0.039750|5.031579|0.033563|-3.979595|-8.047414|-2.872259|-98.589176|-15.420892|1.769227|26.297369|36.356067|-0.004435|-368721.585947|-116.414315
1424|-9.580943|2.241675|99.660061|-0.408043|47.719690|0.168473|21.287452|0.023910|-3.945966|7.175529|3.071139|-99.205442|-8.905641|7.458782|26.297369|36.520426|-0.003377|-368713.037384|-115.501329
1425|-15.129150|1.634879|107.951975|-7.915996|48.691414|0.283374|14.385157|0.000261|-8.827044|-3.102131|-3.839622|-99.865387|-15.947369|0.502013|26.297369|36.353464|-0.004403|-368704.488821|-114.435677
1426|-15.994365|1.048234|108.559236|nan|49.731993|0.354728|1.741701|-0.001494|-10.840055|-4.056483|-5.967892|-100.459126|-17.640055|-2.060223|26.297369|36.237389|-0.004665|-368693.967453|-113.455301
1427|-15.334970|0.460519|106.001030|-8.541826|50.478352|0.513817|-1.419164|0.007943|-13.144888|-17.553776|-6.569219|-100.991360|-17.864563|-2.824280|26.297369|36.316278|-0.004675|-368680.815818|-112.307598
1428|-10.116871|-0.021940|99.500661|nan|51.378362|0.742068|2.838327|0.011837|-8.789367|-17.332058|-2.543550|-101.376626|-13.509042|0.741691|29.511562|36.392667|-0.003942|-368663.061110|-111.024859
1429|-8.088453|-0.475402|91.960699|nan|52.227601|1.037966|-7.160324|0.010960|-9.594711|-21.273072|-1.655829|-102.019422|-12.234386|1.295021|29.511562|38.426254|-0.003722|-368642.018434|-109.986952
1430|-11.836794|-0.932955|81.507941|-8.100953|53.514944|1.364826|-17.868559|0.004799|-14.139594|-26.218066|-6.552333|-102.743698|-20.620892|-3.951581|29.511562|49.323667|-0.004435|-368617.687909|-109.008184
1431|-7.366738|-1.325064|66.521251|-3.452804|54.134136|1.675901|-19.932796|-0.002189|-12.269797|-18.662870|-3.068293|-103.012861|-16.750446|-0.603091|29.511562|55.922856|-0.003806|-368593.357384|-108.020754
1432|-1.380213|-1.706394|62.678302|2.150865|54.418506|2.183111|-16.900947|-0.013201|-11.170849|-12.277480|2.055686|-103.053309|-11.331822|4.718423|29.511562|43.910687|-0.002927|-368572.314708|-107.072804
1433|1.242284|-2.036423|56.793372|nan|54.948793|2.807632|-16.965454|-0.030748|-11.426935|3.904652|3.846543|-103.029592|-10.787584|6.349870|29.511562|44.183157|-0.002592|-368554.560000|-106.003005
1434|2.249722|-2.256842|40.865088|nan|55.079080|3.465370|-13.159516|-0.022443|-15.135383|0.078824|4.121881|-102.702465|-14.176032|6.767645|29.511562|44.398602|-0.002519|-368542.065947|-104.937508
1435|4.606493|-2.374111|17.365639|nan|55.080356|4.099130|1.806208|-0.027996|-11.169500|9.758271|5.660131|-102.179089|-12.369824|8.517086|29.511562|39.365147|-0.002225|-368534.832547|-103.906454
1436|3.594539|-2.414215|-2.038257|3.722162|55.496371|4.523052|8.450474|-0.024700|-8.877677|7.718426|3.829023|-101.559274|-13.918002|6.912142|29.511562|39.340886|-0.002477|-368531.544638|-103.114446
1437|-0.594429|-2.452535|-13.984735|-0.963057|56.102816|4.677985|6.902295|-0.046609|-9.266720|12.599860|-1.283032|-101.032451|-18.627045|2.312998|37.564507|39.166464|-0.003241|-368529.571893|-102.353779
1438|0.036877|-2.448140|-21.289524|nan|56.157327|4.796292|5.483131|-0.036583|-8.898030|2.937209|-1.583663|-100.446602|-18.498030|2.551914|37.564507|39.184514|-0.003220|-368529.571893|-101.452627
1439|-6.939722|-2.690527|-22.545537|-7.868567|57.605319|4.294710|-1.999730|-0.052911|1.925238|14.199669|-9.613855|-100.145244|-25.916384|-5.423207|37.564507|38.737298|-0.004425|-368530.229475|-100.601957
1440|-19.798984|-3.111879|-16.423611|-21.033578|58.761393|3.117929|-20.061811|-0.064243|-1.057488|12.085099|-23.679030|-100.537728|-39.140408|-19.103998|37.564507|37.778126|-0.006875|-368528.256730|-99.787521
1441|-32.230892|-3.526416|-8.204857|-34.118684|59.116072|1.673572|-37.091772|-0.087885|-7.445450|0.012258|-37.308701|-101.480082|-51.848371|-31.877818|37.564507|36.891973|-0.011065|-368523.653597|-98.985112
1442|-19.633797|-3.612291|-3.295261|-21.033196|59.569816|0.711731|-27.157629|-0.100293|-2.741322|1.582800|-25.797252|-102.197233|-39.462945|-19.123595|37.564507|36.688723|-0.009054|-368517.735362|-98.893789
1443|-20.015490|-3.742336|6.727867|-22.035090|60.253089|-0.346193|-26.899598|-0.115339|2.822945|-4.403454|-27.158757|-102.844505|-39.979004|-19.722823|37.564507|36.252041|-0.009138|-368509.186799|-99.130021
1444|-23.550780|-3.810420|11.554990|-25.935109|61.090773|-1.397312|-25.286913|-0.133426|-2.629147|-2.055156|-31.513942|-103.545165|-41.111420|-23.175260|39.203509|35.792046|-0.009726|-368496.692745|-99.401933
1445|-39.336114|-4.025253|9.586226|-41.287680|61.375127|-2.806096|-39.285026|-0.153895|-10.192168|-5.814075|-48.063930|-104.525920|-54.755741|-38.978499|39.203509|34.857747|-0.013783|-368474.992547|-99.833822
1446|-36.086200|-4.002715|-1.957701|-37.721509|60.954773|-4.023487|-37.478817|-0.176566|-8.343588|-12.568640|-45.317487|-105.287194|-49.225862|-35.573770|35.467471|30.904929|-0.013250|-327069.179771|-100.181131
1447|-36.060010|-3.993670|-23.965542|-37.924771|60.850869|-5.386598|-43.478008|-0.195082|-1.413598|-6.929391|-45.686568|-105.977220|-46.776847|-35.663238|35.467471|30.328066|-0.013231|-316691.207937|-100.474508
1448|-31.304445|-3.783984|-61.245199|-32.542862|60.261013|-6.412910|-39.801085|-0.204898|-1.711684|-1.002778|-41.114431|-106.571555|-29.634282|-30.942557|35.467471|30.399858|-0.012436|-283162.857156|-100.663957
1449|-29.556191|-3.656170|-111.443367|-31.474377|60.600713|-7.334617|-38.575443|-0.214515|0.864188|-7.157983|-39.566293|-107.236072|-25.539059|-30.051512|35.467471|30.362058|-0.012123|-212708.824623|-100.688164
1450|-24.996247|-3.564553|-142.347866|nan|61.021018|-8.068556|-32.834282|-0.224691|4.197090|-23.908842|-35.207134|-107.832556|-19.565509|-26.209029|35.467471|30.392952|-0.011349|-212672.365724|-100.704173
1451|-26.849815|-3.698244|-171.599308|nan|61.068163|-8.730811|-38.510936|-0.230950|3.064404|-33.955435|-37.130053|-108.427466|-21.178195|-28.488273|35.467471|30.477136|-0.011612|-162919.800451|-100.795903
1452|-30.150400|-3.890383|-202.564386|nan|61.028597|-9.432099|-40.833204|-0.237737|1.633203|-18.080027|-40.418583|-108.910450|-24.210045|-32.407325|35.467471|30.448101|-0.012107|-160917.921750|-100.859679
1453|-34.634143|-4.173454|-253.489428|nan|60.565209|-10.212660|-42.703920|-0.250312|-1.279455|-19.970831|-44.866721|-109.424007|-28.403028|-37.652839|35.467471|30.330977|-0.012791|-133331.761758|-100.981194
1454|-21.801187|-4.199144|-295.185390|-21.606074|59.938935|-10.740597|-23.029153|-0.256676|10.839410|-16.960491|-31.930599|-109.565195|-14.763512|-25.191438|35.467471|30.761821|-0.010652|-70833.441761|-100.999075
1455|-11.181176|-4.065836|-329.985316|-10.644718|59.218164|-10.974134|-18.384617|-0.242555|15.084376|-21.383177|-21.087297|-109.531811|0.122752|-14.484638|35.467471|31.461718|-0.008869|-46229.489234|-100.953635
1456|-7.010679|-3.875737|-354.832662|nan|58.371791|-10.979589|-15.481783|-0.235150|14.640545|-11.882161|-16.616041|-109.316175|3.998272|-10.047961|35.467471|32.055789|-0.008135|-46220.894942|-100.985805
1457|1.879497|-3.525953|-371.131867|3.205516|57.397835|-10.700899|-6.321729|-0.244706|18.904781|-9.842833|-7.368644|-108.882488|12.822834|-0.769213|35.467471|32.867865|-0.006635|-46212.961756|-100.996551
1458|-6.527740|-3.427476|-382.440565|-5.346776|57.047679|-10.766598|-9.869636|-0.250401|17.642327|-0.261865|-15.489356|-108.723341|4.759406|-9.111024|35.467471|33.071374|-0.007948|-46206.020217|-100.989403
1459|-3.693814|-3.228055|-402.763183|-1.394991|56.799650|-10.549848|-5.354116|-0.250471|9.842867|-6.294132|-12.368317|-108.670464|1.200270|-5.934106|35.467471|33.412531|-0.007434|-46200.318244|-100.982256
