900|nan|nan|nan|nan|nan|nan|nan|nan|nan|nan|nan|nan|nan|nan|nan|nan|nan|nan|nan
901|nan|nan|nan|nan|nan|nan|nan|nan|nan|nan|nan|nan|nan|nan|nan|nan|nan|nan|nan
902|nan|nan|nan|nan|nan|nan|nan|nan|nan|nan|nan|nan|nan|nan|nan|nan|nan|nan|nan
903|nan|nan|nan|nan|nan|nan|nan|nan|nan|nan|nan|nan|nan|nan|nan|nan|nan|nan|nan
904|nan|nan|nan|nan|nan|nan|nan|nan|nan|nan|nan|nan|nan|nan|nan|nan|nan|nan|nan
905|nan|nan|nan|nan|nan|nan|nan|nan|nan|nan|nan|nan|nan|nan|nan|nan|nan|nan|nan
906|nan|nan|nan|nan|nan|nan|nan|nan|nan|nan|nan|nan|nan|nan|nan|nan|nan|nan|nan
907|nan|nan|nan|nan|nan|nan|nan|nan|nan|nan|nan|nan|nan|nan|nan|nan|nan|nan|nan
908|nan|nan|nan|nan|nan|nan|nan|nan|nan|nan|nan|nan|nan|nan|nan|nan|nan|nan|nan
909|nan|nan|nan|nan|nan|nan|nan|nan|nan|nan|nan|nan|nan|nan|nan|nan|nan|nan|nan
910|nan|nan|nan|nan|nan|nan|nan|nan|nan|nan|nan|nan|nan|nan|nan|nan|nan|nan|nan
911|nan|nan|nan|nan|nan|nan|nan|nan|nan|nan|nan|nan|nan|nan|nan|nan|nan|nan|nan
912|nan|nan|nan|nan|nan|nan|nan|nan|nan|nan|nan|nan|nan|nan|nan|nan|nan|nan|nan
913|nan|nan|nan|nan|nan|nan|nan|nan|nan|nan|nan|nan|nan|nan|nan|nan|nan|nan|nan
914|nan|nan|nan|nan|nan|nan|nan|nan|nan|nan|nan|nan|nan|nan|nan|nan|nan|nan|nan
915|nan|nan|nan|nan|nan|nan|nan|nan|nan|nan|nan|nan|nan|nan|nan|nan|nan|nan|nan
916|nan|nan|nan|nan|nan|nan|nan|nan|nan|nan|nan|nan|nan|nan|nan|nan|nan|nan|nan
917|nan|nan|nan|nan|nan|nan|nan|nan|nan|nan|nan|nan|nan|nan|nan|nan|nan|nan|nan
918|nan|nan|nan|nan|nan|nan|nan|nan|nan|nan|nan|nan|nan|nan|nan|nan|nan|nan|nan
919|nan|nan|nan|nan|nan|nan|nan|nan|nan|nan|nan|nan|nan|nan|nan|nan|nan|nan|nan
920|nan|nan|nan|nan|nan|nan|nan|nan|nan|nan|nan|nan|nan|nan|nan|nan|nan|nan|nan
921|nan|nan|nan|nan|nan|nan|nan|nan|nan|nan|nan|nan|nan|nan|nan|nan|nan|nan|nan
922|nan|nan|nan|nan|nan|nan|nan|nan|nan|nan|nan|nan|nan|nan|nan|nan|nan|nan|nan
923|nan|nan|nan|nan|nan|nan|nan|nan|nan|nan|nan|nan|nan|nan|nan|nan|nan|nan|nan
924|nan|nan|nan|nan|nan|nan|nan|nan|nan|nan|nan|nan|nan|nan|nan|nan|nan|nan|nan
925|nan|nan|nan|nan|nan|nan|nan|nan|nan|nan|nan|nan|nan|-44.073490|nan|47.907468|nan|nan|nan
926|nan|nan|nan|nan|nan|nan|nan|nan|nan|nan|nan|nan|nan|-14.374651|nan|48.100660|nan|nan|nan
927|nan|nan|nan|nan|nan|nan|nan|nan|nan|nan|nan|nan|nan|11.645704|nan|48.410512|nan|nan|nan
928|nan|nan|nan|nan|nan|nan|nan|nan|nan|nan|nan|nan|nan|15.530302|nan|48.500123|nan|nan|nan
929|nan|nan|nan|nan|nan|nan|nan|nan|nan|nan|nan|nan|nan|9.112166|48.532446|48.570497|nan|nan|nan
930|nan|nan|nan|nan|nan|nan|nan|nan|nan|nan|nan|nan|nan|22.519780|48.532446|48.778860|nan|nan|nan
931|nan|nan|nan|nan|nan|nan|nan|nan|nan|nan|nan|nan|nan|26.504324|48.532446|48.784843|nan|nan|nan
932|nan|nan|nan|nan|nan|nan|nan|nan|nan|nan|nan|nan|nan|39.684662|48.532446|48.940375|nan|nan|nan
933|nan|nan|nan|nan|nan|nan|nan|nan|nan|nan|nan|nan|nan|41.583404|48.532446|49.057028|nan|nan|nan
934|nan|nan|nan|nan|61.475296|nan|nan|nan|nan|nan|nan|nan|nan|34.283995|48.532446|48.988088|nan|nan|nan
935|nan|nan|nan|nan|62.067290|nan|nan|nan|nan|nan|nan|nan|nan|86.533481|48.532446|49.390387|nan|nan|nan
936|nan|nan|nan|nan|69.585192|nan|nan|nan|nan|117.027383|nan|nan|nan|170.038776|48.532446|50.002148|nan|nan|nan
937|nan|nan|nan|nan|78.895794|nan|nan|nan|nan|151.125470|nan|nan|nan|202.219830|48.532446|50.462580|nan|nan|nan
938|nan|nan|nan|nan|84.345856|nan|nan|nan|nan|110.249642|nan|nan|nan|175.232996|48.532446|50.799366|nan|nan|nan
939|nan|nan|nan|nan|88.623996|nan|nan|nan|nan|85.750638|nan|nan|nan|156.883925|48.532446|50.727898|nan|nan|nan
940|nan|nan|nan|nan|90.291188|nan|nan|nan|nan|57.705014|nan|nan|nan|139.308463|48.532446|52.996114|nan|nan|nan
941|nan|nan|nan|nan|92.008676|nan|nan|nan|nan|56.275091|nan|nan|nan|149.062658|48.532446|53.025550|nan|nan|nan
942|nan|nan|nan|nan|92.710377|nan|nan|nan|nan|27.184176|nan|nan|nan|130.048240|48.532446|52.867513|nan|nan|nan
943|nan|nan|nan|nan|92.580881|nan|nan|nan|nan|20.769179|nan|nan|nan|110.545447|48.532446|52.564917|nan|nan|nan
944|nan|77.962613|nan|nan|92.295467|nan|nan|nan|nan|12.491050|nan|nan|nan|111.310029|48.532446|52.306838|0.010244|nan|nan
945|nan|73.852193|nan|nan|92.356591|nan|nan|nan|nan|33.532864|nan|nan|nan|131.241430|48.532446|52.240431|0.013318|nan|nan
946|nan|71.854583|nan|nan|92.654631|nan|nan|nan|nan|65.831898|nan|nan|nan|149.547522|48.532446|52.324518|0.016161|nan|nan
947|nan|66.481684|nan|nan|91.821600|nan|nan|nan|nan|28.880546|nan|nan|nan|107.324051|48.532446|52.063617|0.007397|nan|nan
948|nan|61.727041|nan|nan|90.880003|nan|nan|nan|nan|25.840743|nan|nan|nan|103.536848|48.532446|62.665358|0.005687|nan|nan
949|nan|57.341139|nan|nan|89.806770|nan|nan|nan|nan|8.077794|nan|nan|nan|103.632195|48.532446|64.255771|0.003666|nan|nan
950|nan|53.910243|nan|15.025828|88.845615|nan|nan|nan|nan|13.185830|nan|nan|nan|113.269725|48.532446|64.254336|0.004742|nan|nan
951|nan|51.326736|nan|nan|88.377165|nan|nan|nan|nan|19.362570|nan|nan|nan|121.475293|48.532446|64.242217|0.005894|nan|nan
952|nan|47.779049|nan|-2.657667|87.545851|nan|nan|nan|nan|11.419523|nan|nan|nan|100.597055|48.532446|64.068051|-0.000536|nan|nan
953|nan|43.433654|nan|nan|86.030191|nan|nan|nan|nan|-18.649634|nan|nan|nan|80.628073|43.121362|43.719525|-0.008855|nan|nan
954|nan|39.027204|nan|-35.781323|84.607399|nan|-80.612739|nan|nan|-24.994612|nan|nan|nan|70.635916|42.659357|42.983476|-0.013339|nan|nan
955|nan|33.630633|nan|-65.715482|82.678293|nan|-79.016448|nan|nan|-45.425409|nan|nan|nan|42.397512|23.839995|23.792385|-0.024901|nan|nan
956|nan|29.240246|nan|-54.804756|81.119837|nan|-51.480413|nan|nan|-34.772658|nan|nan|nan|51.943337|23.839995|23.656450|-0.023057|nan|nan
957|nan|23.994399|nan|-84.868806|79.172734|nan|-64.250748|nan|nan|-63.496426|nan|nan|nan|22.652011|15.795604|15.200365|-0.032358|nan|nan
958|nan|18.926467|nan|nan|77.094563|nan|-74.227572|nan|nan|-66.683876|nan|nan|nan|13.713406|7.415071|6.505317|-0.035634|nan|nan
959|nan|15.514355|nan|-62.325090|75.339101|nan|-54.273924|nan|nan|-46.077645|nan|nan|nan|43.530250|7.415071|6.578118|-0.029871|nan|nan
1000|nan|12.458126|nan|nan|74.766676|18.732210|-41.902661|-0.694100|nan|-35.069961|nan|nan|nan|43.482991|7.415071|6.491040|-0.029487|nan|nan
1001|nan|9.899557|nan|nan|74.192587|16.734699|-34.320276|-0.537682|nan|-18.895278|nan|nan|nan|42.559029|7.415071|6.433961|-0.028490|nan|nan
1002|nan|7.097942|nan|-68.815925|73.486588|14.471066|-36.714714|-0.590781|nan|-24.500569|nan|-81.245657|nan|21.873244|7.415071|6.247143|-0.030952|nan|nan
1003|nan|4.734240|nan|nan|72.018446|12.544799|-31.526764|-0.533671|nan|-29.167288|nan|-83.472795|nan|19.861916|7.415071|6.268894|-0.029801|nan|nan
1004|nan|2.390511|nan|-67.193647|71.117544|10.560581|-45.095246|-0.613119|nan|-30.202221|nan|-85.529302|nan|5.974868|7.415071|6.145601|-0.030648|nan|nan
1005|nan|-0.246039|nan|nan|69.445445|8.345389|-12.371262|-0.661901|nan|-56.870146|nan|-88.281155|nan|-16.469957|2.321520|0.970774|-0.033417|nan|nan
1006|nan|-2.180252|nan|nan|67.733653|6.609859|77.021083|-0.671893|nan|-35.007178|nan|-90.674005|nan|-9.717642|2.321520|0.923276|-0.030422|nan|nan
1007|nan|-3.245839|nan|-40.941417|66.607387|5.564705|123.313547|-0.624707|nan|-22.826415|nan|-92.707048|nan|5.973907|2.321520|1.056572|-0.025811|nan|nan
1008|nan|-4.183436|nan|nan|65.971213|4.639426|90.988637|-0.600587|nan|-29.520773|nan|-94.629175|nan|1.208032|2.321520|1.175654|-0.025197|nan|nan
1009|nan|-4.384336|nan|nan|65.654019|4.241693|87.796053|-0.557512|nan|-3.093474|nan|-95.691269|nan|16.491583|2.321520|1.282225|-0.020893|nan|nan
1010|nan|-4.482071|nan|nan|65.239841|3.929481|66.645186|-0.515063|nan|-0.050890|nan|-97.965453|nan|12.580668|2.321520|1.377763|-0.020279|nan|nan
1011|nan|-4.738091|nan|nan|62.257739|3.513882|65.048893|-0.480284|nan|-13.371012|nan|-102.486208|nan|-0.276520|2.321520|1.463554|-0.021357|nan|nan
1012|nan|-5.167721|nan|nan|57.986967|2.976249|33.921202|-0.463914|nan|-29.316597|nan|-107.860000|nan|-12.743559|2.321520|1.540715|-0.022665|nan|nan
1013|nan|-4.976404|nan|nan|55.367758|2.906112|32.324910|-0.432900|nan|-11.533987|nan|-111.539787|nan|5.509095|2.321520|1.610224|-0.018359|nan|nan
1014|nan|-4.020300|nan|28.616837|52.864115|3.556694|59.860945|-0.432900|nan|0.828121|nan|-113.576433|nan|34.767237|2.321520|1.980624|-0.012362|nan|nan
1030|nan|-3.145080|nan|29.345523|51.833800|4.139053|77.420156|-0.420460|nan|14.871159|nan|-114.830520|nan|34.057831|2.321520|2.120119|-0.012055|nan|nan
1031|nan|-2.700792|nan|12.486740|50.679215|4.311992|75.025718|-0.388663|nan|2.684938|nan|-116.673798|nan|15.171364|2.321520|2.077611|-0.015362|nan|nan
1032|nan|-2.905229|nan|nan|49.000038|3.983837|4.389803|-0.374322|nan|-17.353828|nan|-118.576963|nan|-13.009522|2.321520|2.047296|-0.020515|nan|nan
1033|nan|-3.052536|nan|-11.004539|47.517772|3.711553|2.394438|-0.360196|nan|-15.637590|nan|-119.750544|nan|-11.658080|2.321520|2.026864|-0.020054|nan|nan
1034|-17.801058|-3.364963|nan|-19.720618|46.637816|3.259459|-10.375897|-0.370427|nan|-12.894554|nan|-121.056497|nan|-20.783463|2.321520|1.860545|-0.021516|nan|nan
1035|-16.763576|-3.606401|nan|-18.523761|45.603694|2.853593|-3.591657|-0.403902|nan|-16.311062|nan|-122.810447|nan|-20.629241|2.321520|17.299941|-0.021286|nan|nan
1036|-15.253385|-3.805104|nan|nan|44.463202|2.497756|3.990729|-0.407230|nan|-26.717384|nan|-124.937090|nan|-18.399839|2.321520|24.487377|-0.020979|nan|nan
1037|-5.294287|-7.288544|nan|nan|43.612072|2.385175|-8.380532|-0.385349|nan|-24.251834|nan|-125.552358|nan|-7.789904|2.321520|27.771293|-0.019056|nan|nan
1038|-5.685667|-10.033519|nan|nan|42.867281|2.267233|-30.329545|-0.365170|nan|-28.512262|nan|-126.048233|nan|-7.555867|2.321520|37.920766|-0.019132|nan|nan
1039|14.318676|-11.870769|nan|nan|42.838201|3.278276|-21.949013|-0.343566|nan|6.185433|nan|-125.820655|nan|12.780891|2.321520|37.987875|-0.015287|nan|nan
1040|14.363013|-13.133277|nan|nan|42.786235|3.760252|-51.879486|-0.343566|nan|17.294631|nan|-125.771571|nan|12.243559|2.321520|38.045487|-0.015287|nan|nan
1041|14.378889|-14.488022|nan|nan|42.408898|3.939470|-42.301735|-0.343566|nan|-3.569317|nan|-125.924616|nan|12.850150|2.321520|38.095000|-0.015286|nan|nan
1042|13.557952|-15.362057|nan|nan|42.326028|3.836079|-71.833134|-0.335569|nan|-4.675797|nan|-125.521787|nan|13.520592|2.321520|38.137599|-0.015440|nan|nan
1043|12.732008|-15.769730|nan|nan|42.835314|3.742943|-81.011813|-0.335569|nan|-11.537995|nan|-124.533000|nan|14.653959|2.321520|38.174296|-0.015593|nan|nan
1044|11.504177|-16.125972|nan|nan|43.317917|3.793311|-52.278559|-0.327296|nan|-7.112829|nan|-123.237300|nan|16.202362|2.321520|38.205948|-0.015824|nan|-94.222633
1045|-19.288221|-17.471079|nan|-20.994791|44.173726|3.101539|-81.011812|-0.312624|nan|-32.861054|nan|-121.966829|nan|-11.780634|2.321520|38.079439|-0.021745|nan|-94.694057
1046|-10.166170|-18.870530|nan|-10.560734|44.345333|2.585955|-66.645186|-0.294410|nan|-29.401821|nan|-120.693745|nan|0.477000|2.321520|38.138584|-0.019976|nan|-94.959598
1047|-48.568763|-20.259361|nan|-50.069461|45.317769|1.146663|-117.726526|-0.361234|nan|-46.727472|-48.336141|-119.676805|nan|-36.230419|2.321520|37.880501|-0.027359|nan|-95.735444
1048|-47.088200|-21.446983|nan|nan|46.578735|-0.233758|-110.144139|-0.438402|nan|-19.271448|-47.069814|-118.390422|nan|-32.824910|2.321520|38.084460|-0.027052|nan|-96.466874
1049|-35.224300|-22.271468|nan|-35.234263|47.257280|-1.190336|-102.561753|-0.460926|nan|-17.650017|-34.995518|-117.587997|nan|-19.437428|2.321520|38.094684|-0.024745|nan|-96.953879
1050|-33.364080|-23.180678|nan|nan|47.617496|-2.894710|-114.933015|-0.481135|nan|-32.321202|-32.880799|-116.810879|nan|-16.404473|17.885366|38.111324|-0.024361|nan|-97.422001
1051|-31.942916|-24.196476|nan|-31.669507|47.875564|-5.799939|-97.772877|-0.505647|nan|-21.709001|-31.191043|-116.161250|nan|-13.802517|25.163078|38.132778|-0.024053|nan|-97.900325
1052|7.381522|-23.906679|318.150382|7.468884|47.862607|-8.307907|-34.320276|-0.478563|16.062928|0.574338|8.304085|-114.034409|18.383313|27.179444|28.355662|31.822787|-0.016439|nan|-97.955060
1053|26.747405|-22.787648|283.796979|nan|48.645735|-9.918334|-11.573116|-0.405287|35.617504|30.590025|27.814741|-111.515037|37.937889|47.915276|32.183313|32.086877|-0.012671|nan|-97.970714
1054|56.115229|-20.820054|263.633508|56.857309|49.265508|-10.574925|40.306370|-0.415097|58.909289|41.425242|57.370064|-108.046373|63.229289|78.814080|32.183313|32.448136|-0.006980|nan|-97.970714
1055|55.564963|-18.282749|190.044071|nan|50.759745|-10.860116|43.099881|-0.195399|60.269831|54.420216|57.035456|-104.240562|62.830216|78.968560|32.183313|32.727169|-0.007057|nan|-97.970714
1056|73.391331|-15.527935|120.736778|74.395909|52.319865|-10.882731|55.471142|-0.059095|76.227343|65.972943|75.111991|-100.407430|80.788499|98.882764|32.183313|33.092521|-0.003596|nan|-98.033454
1057|70.083139|-12.326763|69.742416|70.059867|54.169137|-10.640096|45.494318|0.062360|73.115144|41.561672|72.014252|-97.370025|77.275915|97.646101|32.183313|33.213279|-0.004211|nan|-98.127565
1058|76.381802|-8.772105|22.767070|77.600004|55.543326|-9.855336|74.227572|0.181443|75.499927|29.669160|78.511861|-94.234968|81.661083|106.314893|32.183313|33.449257|-0.000949|nan|-98.206147
1059|43.580587|-6.550837|-20.864163|44.006401|56.505598|-9.691331|72.631280|0.191540|47.016328|24.081190|45.699658|-92.633390|48.937099|74.874533|32.183313|33.310896|-0.007254|nan|-98.268887
1100|59.880408|-4.002268|-11.086503|61.238942|56.698462|-9.412436|90.589564|0.252620|61.217549|21.568182|62.026917|-90.627168|65.299091|93.520150|32.183313|33.497176|-0.004101|nan|-98.316034
1101|65.810116|-1.521912|23.969075|nan|57.222010|-9.301673|79.415521|0.305363|68.963644|27.329277|68.076921|-88.291547|71.285186|101.589869|32.183313|33.627124|-0.002947|nan|-98.363182
1102|62.180271|1.109082|96.155051|nan|57.838205|-8.537854|49.085975|0.382173|61.372373|40.429171|64.594232|-85.829216|67.693529|99.681837|32.183313|33.711535|-0.003639|nan|-98.394677
1103|48.981388|3.357805|165.974858|49.297830|58.019614|-7.990678|38.311005|0.428654|49.803350|40.401429|51.524894|-84.390781|54.364121|88.196053|32.183313|33.605534|-0.006176|nan|-98.426171
1104|46.564776|5.637837|256.611360|nan|58.213424|-7.399144|28.334181|0.490518|46.848912|45.750397|49.222143|-83.917896|51.489683|87.685239|32.183313|33.505910|-0.006637|nan|-98.445825
1105|24.992828|7.756313|341.046790|nan|57.270378|-7.260888|7.981459|0.553790|26.898972|10.456409|27.779245|-84.098706|29.939743|68.689366|32.183313|33.412444|-0.007810|nan|-98.445825
1106|32.952543|9.706442|431.156684|nan|56.561440|-7.089387|17.559210|0.601085|34.560431|36.029536|35.897073|-83.538233|37.921202|79.224892|32.183313|33.324896|-0.003078|nan|-98.445825
1107|50.102480|11.536767|479.425086|nan|56.714133|-6.204159|44.696173|0.652251|47.400184|48.134281|53.184462|-81.716470|53.881340|99.139097|32.183313|47.153281|0.000228|nan|-98.445825
1108|37.725180|12.994130|546.069800|38.130647|57.302948|-5.230021|31.925838|0.674873|36.789307|49.267556|40.907891|-80.316609|41.190078|88.706867|32.183313|47.041275|-0.002155|nan|-98.445825
1109|44.916520|14.150630|618.374071|46.470330|57.015026|-3.885710|59.062799|0.711212|39.732235|34.787251|48.225568|-78.528330|45.893391|98.229211|32.183313|47.048250|-0.000771|nan|-98.445825
1110|40.950621|15.116104|684.978494|nan|56.573668|-2.116648|55.072070|0.711810|33.661120|49.479854|44.388745|-76.916208|39.662662|96.377513|32.183313|43.085505|-0.001540|nan|-98.461604
1111|27.809893|15.929838|734.893285|28.155033|56.287606|-0.787344|41.902662|0.698448|24.492483|36.518780|31.354682|-75.727036|26.493254|85.203470|32.183313|42.939519|-0.004076|nan|-98.493098
1112|23.062543|16.832046|781.055026|nan|56.304557|0.947165|36.315640|0.709182|15.622835|37.166600|26.665219|-74.965944|19.224378|81.931071|32.183313|42.813223|-0.004998|nan|-98.559991
1113|-10.412271|16.513006|801.757536|-10.111015|55.958482|2.214285|1.995365|0.685876|-15.818908|-14.799810|-6.803641|-75.128164|-14.537751|49.925419|30.422249|31.069543|-0.011453|nan|-98.611043
1114|-13.562195|15.576607|831.070938|nan|54.955775|2.946357|-2.394438|0.694224|-15.091106|-17.792394|-9.967324|-75.959883|-17.730335|48.249313|27.229665|27.663670|-0.012068|nan|-98.694476
1115|-35.871727|14.087532|878.603891|-35.650509|53.893099|3.233864|-55.471142|0.739474|-37.438807|-27.625774|-32.292770|-77.405713|-40.078421|27.017704|24.881579|24.990009|-0.016371|nan|-98.762132
1116|-19.066875|13.344961|911.489005|-18.093570|52.154101|3.848426|-29.531400|0.731715|-24.758514|-20.863498|-15.491085|-78.355104|-23.317357|45.927171|1.642643|1.803187|-0.013143|nan|-98.803903
1117|-11.033076|13.305664|1011.294438|nan|50.658286|4.809460|-59.860945|0.804515|-18.936282|-7.568312|-7.393060|-79.005850|-16.535897|55.481442|1.642643|1.841991|-0.011606|nan|-98.762132
1118|-21.757172|12.995947|1072.231487|-21.682870|50.212684|5.437127|-69.039623|0.915088|-25.870867|-9.106422|-18.045449|-79.937291|-27.310867|44.472692|1.642643|1.716095|-0.013681|nan|-98.736077
1119|-11.722643|13.071227|1098.843342|-10.644056|49.127170|6.370072|-47.090610|1.004314|-19.974043|0.610606|-7.948131|-80.522170|-17.894043|54.208184|1.642643|1.770738|-0.011760|nan|-98.658422
1120|-2.081634|13.308752|1103.057678|nan|48.468516|7.701188|-35.517494|1.097212|-10.236292|15.576516|1.777215|-79.982930|-8.396292|62.351161|1.642643|1.811903|-0.009915|nan|-98.632367
1121|-11.192596|13.313944|1071.942992|nan|48.001616|8.619014|-43.099880|1.158463|-19.414585|6.247837|-7.268014|-79.929194|-17.734970|51.177118|1.642643|1.842051|-0.011683|nan|-98.523218
1122|-19.908736|12.963523|1048.181277|-20.096397|47.897006|8.936089|-12.371262|1.129985|-24.034190|4.100980|-15.976560|-79.024637|-26.514575|38.713854|1.642643|1.709394|-0.013374|nan|-98.398227
1123|-8.675085|12.919308|989.102345|nan|48.064354|9.396388|18.357357|1.072256|-12.459762|16.315547|-4.734032|-77.882711|-15.340532|47.076536|1.642643|1.604989|-0.011222|nan|-98.324837
1124|-18.196736|12.229506|946.003255|nan|48.337168|9.333692|38.311005|1.072256|-21.958284|13.230441|-14.330604|-77.385789|-24.918284|34.020755|1.642643|1.523888|-0.013066|nan|-98.293342
1125|-36.102113|11.151299|900.334941|nan|48.043746|8.926519|19.953649|0.860304|-39.435797|-29.600880|-32.348933|-77.461398|-42.876567|13.251111|1.642643|1.461949|-0.016525|nan|-98.488175
1126|-33.657687|10.135190|843.709563|nan|47.775116|8.659401|40.306370|0.726447|-36.641359|-0.465988|-30.061196|-77.504348|-40.482129|12.167520|1.642643|1.415708|-0.016064|nan|-99.729830
1127|-31.215932|9.195507|808.117320|nan|47.888697|8.551342|39.508223|0.613668|-34.166922|2.186783|-27.795448|-78.618838|-38.087692|11.417262|1.642643|1.382277|-0.015603|nan|-100.674397
1128|-29.179159|8.329168|731.620196|-29.709429|48.464873|8.054810|47.888756|0.468446|-29.851557|-4.822071|-25.996115|-80.230229|-36.092327|9.934599|1.642643|1.205400|-0.015219|nan|-101.356800
1129|-27.154391|7.584878|564.456269|nan|48.978106|7.088169|17.160137|0.417810|-23.216192|-3.498804|-24.202345|-82.609476|-34.096962|9.118602|1.642643|1.072422|-0.014835|nan|-101.988964
1330|31.541717|8.764416|363.219061|nan|48.302494|7.249565|92.185855|0.456795|28.006379|26.043430|34.288184|-83.279587|24.566764|66.962555|1.642643|1.436844|-0.003538|nan|-102.197825
1331|30.781688|9.652770|212.972467|nan|47.085753|7.662284|97.373805|0.488677|25.608234|24.778619|33.304911|-84.493292|25.688619|64.344638|1.642643|9.705377|-0.003692|nan|-102.579616
1332|30.821375|11.315002|80.111636|30.210715|46.812873|8.446626|93.782148|0.390336|27.929004|19.534175|33.115271|-85.580275|25.688619|61.941532|1.642643|22.309979|-0.003399|nan|-102.595394
1333|11.304538|12.553438|-45.709816|10.660141|47.094009|8.804058|61.058164|0.357399|10.774428|17.766690|13.342482|-87.421078|6.134043|40.732219|1.642643|22.208567|-0.004870|nan|-102.595394
1334|21.706102|13.825427|-173.165653|21.807160|46.010839|9.574821|69.039623|0.332015|15.469940|2.525921|23.660680|-87.989940|16.669940|50.453379|1.642643|22.835540|-0.002748|nan|-102.595394
1335|22.141096|14.987288|-271.301152|21.434866|46.336360|10.260355|47.888756|0.294078|18.029398|26.823032|23.971755|-89.000309|17.149013|48.947715|1.642643|22.856418|-0.002671|nan|-102.579616
1336|3.024443|15.732887|-341.117784|2.282498|46.667271|10.540973|36.714713|0.267669|0.873896|-3.687045|4.658530|-90.741255|-2.006489|28.281143|1.642643|30.885608|-0.006360|nan|-102.548122
1337|-5.720014|15.534604|-404.833003|nan|46.852685|10.516044|45.095245|0.209391|-5.745710|-17.262076|-4.340666|-92.637842|-10.546095|18.969353|1.642643|30.773568|-0.008051|nan|-102.500786
1338|-24.843714|14.470615|-422.015921|nan|46.288108|10.184965|13.568481|0.191269|-24.821597|-42.961167|-23.687317|-94.698426|-29.301597|-0.968332|1.642643|30.685526|-0.011740|nan|-102.469292
1339|-24.019969|12.810924|-456.108088|nan|45.809446|9.540455|21.549940|0.153420|-23.863451|-42.018451|-23.120028|-96.668690|-28.503451|-0.702369|1.642643|30.617269|-0.011587|nan|-102.437798
1340|-43.155487|10.736944|-442.489167|nan|45.544954|8.527416|-1.596292|0.127360|-41.018954|-30.908267|-42.552355|-98.577376|-47.658954|-20.871980|1.642643|30.411427|-0.016763|nan|-102.422082
1341|-60.699789|7.960941|-445.418364|-61.613128|45.128792|7.182868|-32.324910|0.029105|-56.577009|-47.034144|-60.409711|-101.224376|-65.218164|-39.245299|1.642643|30.100559|-0.023551|nan|-102.406366
1342|-105.787896|4.256277|-431.484890|-106.423703|43.526284|5.015975|-82.209032|-0.118235|-97.831485|-73.499978|-105.869727|-105.649109|-110.313410|-85.812606|-6.153410|-7.324537|-0.040964|nan|-102.401176
1343|-149.293088|-0.425819|-423.235319|-150.181105|40.151507|2.126990|-159.230114|-0.351812|-139.090437|-124.452363|-149.736879|-110.959091|-153.812363|-130.221716|-60.763474|-62.498759|-0.057780|nan|-102.870478
1344|-123.368514|-3.862482|-442.474192|-123.163834|37.564379|-0.205288|-136.482955|-0.497867|-114.830695|-89.883045|-124.164925|-115.760977|-127.632620|-104.857895|-60.763474|-62.765021|-0.052788|nan|-103.587538
1345|-97.841569|-7.043031|-446.765562|nan|35.814750|-1.566898|-133.290371|-0.700906|-91.210025|-68.059204|-98.960391|-119.667772|-101.931950|-80.465927|-60.763474|-62.949302|-0.047872|nan|-103.968156
1346|-83.094635|-10.034535|-448.535901|-82.837554|33.953375|-2.752689|-101.763607|-0.772059|-76.364710|-65.786806|-84.514379|-122.794501|-85.566250|-66.786334|-60.763474|-62.913524|-0.045031|nan|-104.293956
1347|-78.712289|-12.885425|-436.858048|nan|32.341168|-3.213866|-89.392345|-0.858866|-75.815292|-56.534912|-80.437228|-125.664115|-82.856448|-63.306418|-60.763474|-62.860134|-0.044187|nan|-104.429086
1348|-83.501560|-15.588619|-413.248821|-84.372812|31.288077|-3.825727|-104.956190|-0.923416|-78.603782|-61.332121|-85.505617|-127.666099|-87.645323|-69.005180|-60.763474|-62.947467|-0.045113|nan|-104.597754
1349|-78.716218|-18.093647|-419.044513|-79.581052|30.458575|-4.538481|-90.190491|-0.977015|-71.734907|-50.360893|-81.006844|-129.424039|-82.856448|-65.892411|-60.763474|-62.989833|-0.044194|nan|-104.638382
1350|-65.141409|-19.823872|-442.654313|-64.881844|29.750941|-4.988318|-67.044259|-0.996698|-60.326811|-49.407513|-67.704139|-130.179196|-69.287967|-54.591294|-60.763474|-62.842731|-0.041581|nan|-104.586782
1351|-71.109080|-21.896979|-504.376644|-71.998133|29.867535|-5.617397|-82.209031|-1.076726|-64.392520|-51.566414|-74.001230|-131.596734|-75.274061|-63.242566|-60.763474|-62.857073|-0.042738|nan|-104.535183
1352|-57.520756|-23.976655|-570.373857|-57.300116|29.826928|-6.613180|-77.420155|-1.105979|-48.744424|-68.574965|-60.766870|-132.855939|-61.705580|-51.813746|-60.763474|-62.689654|-0.040125|nan|-104.558963
1353|-73.066649|-26.206157|-610.522348|-73.987962|28.634370|-8.250964|-81.809958|-1.187875|-62.308270|-85.230941|-76.674667|-134.211817|-77.269426|-69.739474|-60.763474|-62.689939|-0.043127|nan|-104.795366
1354|-49.514624|-28.003688|-640.232050|-49.323787|28.465232|-9.926176|-67.842405|-1.187644|-39.003350|-60.807101|-53.447937|-135.183419|-53.724121|-47.903460|-60.763474|-62.513517|-0.038590|nan|-105.018467
1355|-53.109725|-29.837466|-650.885924|-54.039445|28.244757|-11.714086|-89.392345|-1.201530|-41.073469|-67.985732|-57.370696|-136.465723|-57.315778|-55.195998|-60.763474|-62.508856|-0.039287|nan|-105.173966
1356|-37.162621|-31.053700|-673.024215|nan|28.422024|-13.475262|-71.034988|-1.201224|-25.510934|-34.317223|-41.715871|-137.016285|-41.352859|-41.883553|-60.763474|-62.330714|-0.036212|nan|-105.090021
1357|-12.044856|-31.655819|-685.460445|nan|28.608098|-14.771181|-43.498954|-1.195007|-2.849722|-9.383960|-16.784718|-136.641019|-16.131262|-18.497877|-60.763474|-62.173026|-0.031367|nan|-104.793237
1358|1.885262|-31.270860|-667.722798|2.196496|28.547034|-15.893362|-27.536035|-1.158456|10.717062|-5.590216|-2.918854|-136.184123|-0.163708|-5.546986|-60.763474|-47.050702|-0.028675|nan|-104.549037
1359|-3.342906|-30.975227|-673.367473|-4.184977|28.813860|-16.629186|-30.728619|-1.125511|3.130268|-11.111498|-8.152634|-135.634327|-5.351657|-11.932154|-60.763474|-21.421281|-0.029678|nan|-104.468900
1400|10.974634|-29.889986|-690.135051|11.368347|29.644403|-17.349583|42.301734|-1.213550|19.416125|14.927163|6.138826|-134.167466|9.014970|1.479402|-60.763474|-17.531369|-0.026909|nan|-104.437538
1401|14.512354|-29.059675|-726.846023|nan|30.510127|-18.126514|45.095246|-1.299136|22.847397|9.531101|9.669574|-132.656586|16.446627|4.456082|-60.763474|-12.948395|-0.026217|nan|-104.246215
1402|17.640266|-28.350309|-762.069992|nan|31.197422|-18.805599|48.287830|-1.268580|25.799981|13.401275|12.808370|-131.115342|19.639211|7.185202|-60.763474|-6.468195|-0.025603|nan|-104.054891
1403|19.966666|-27.403552|-804.782391|nan|30.668660|-19.239105|31.127691|-1.275155|26.034418|11.224607|15.238273|-129.610131|22.033648|9.116714|-60.763474|-1.550725|-0.025142|nan|-103.901090
1404|22.290023|-26.589585|-824.383940|nan|30.152503|-19.605237|43.898026|-1.227317|28.188856|22.784955|17.598349|-128.100294|24.428086|11.144005|-60.763474|1.010779|-0.024680|nan|-103.747288
1405|23.815654|-25.963651|-810.037283|nan|30.886069|-19.596710|45.893391|-1.210953|29.464763|19.962011|19.124668|-128.239750|26.024378|12.602261|-60.763474|4.224227|-0.024373|nan|-103.631374
1406|24.543520|-25.122968|-804.221744|nan|31.296123|-19.717751|27.536035|-1.259388|29.942524|4.832019|19.865447|-128.276207|26.822524|13.110963|-60.763474|4.291146|-0.024219|nan|-103.515460
1407|13.685915|-24.372150|-837.538821|13.358251|30.117671|-20.367497|7.981459|-1.278936|23.007168|-5.684617|9.039039|-128.669444|16.047554|2.447733|-60.763474|4.190246|-0.026296|nan|-103.507687
1408|20.385867|-23.707838|-857.062042|21.782358|28.251137|-20.640039|-4.389803|-1.231359|25.230636|-7.442253|15.804071|-128.293504|22.831794|10.093714|-60.763474|16.701347|-0.024986|nan|-103.609340
1409|17.896121|-22.934903|-854.212514|nan|27.455365|-21.079915|-5.986094|-1.187114|24.196585|-17.420024|13.349068|-128.250603|22.757357|8.311017|-60.763474|18.337188|-0.025447|nan|-103.648358
1410|6.610449|-22.015688|-819.715600|6.630387|26.569574|-21.700717|-36.315641|-1.156314|14.542927|-20.541688|2.121808|-128.546491|11.583313|-2.651733|-60.763474|18.231249|-0.027601|nan|-103.710604
1411|15.276360|-20.934650|-785.517330|16.478130|24.802067|-21.896051|-45.095245|-1.092392|18.922533|-13.226555|10.938033|-128.072086|19.722919|7.690352|-60.763474|15.909405|-0.025908|nan|-103.772850
1412|13.957226|-19.982503|-740.817807|nan|23.244729|-22.037713|-91.387710|-0.984281|17.165314|-3.595411|9.909083|-127.385882|18.365700|8.123238|-60.763474|14.769519|-0.026138|nan|-103.835096
1413|2.657006|-19.368677|-695.906362|3.070275|22.871936|-21.866773|-146.060706|-0.813807|5.431271|-7.844454|-1.059231|-126.490686|4.871657|-1.420699|-45.934842|14.660409|-0.028292|nan|-103.931927
1414|1.336103|-18.794202|-652.088544|nan|22.444502|-21.656208|-121.318182|-0.710094|3.754052|-15.325007|-2.032191|-125.678489|3.354438|0.111741|-20.394172|14.576433|-0.028522|nan|-104.028758
1415|0.419703|-19.415029|-630.186781|nan|22.393384|-21.080601|-96.575658|-0.647584|0.556292|-15.639819|-2.569617|-124.334121|0.316292|3.078955|-16.739583|14.513082|-0.028675|nan|-104.106413
1416|-29.639984|-20.677055|-600.595859|-28.877520|22.367793|-21.332291|-111.740431|-0.608002|-23.694181|-26.583200|-32.277470|-123.326681|-29.614181|-24.070193|-12.349781|14.312744|-0.034446|nan|-104.106413
1417|-19.802290|-21.734629|-594.635261|-17.805599|22.943455|-21.480397|-97.373805|-0.548074|-16.037357|-30.023044|-22.011236|-120.755318|-19.637357|-10.282008|-6.027545|14.315474|-0.032522|nan|-104.106413
1418|-30.319939|-22.663273|-601.072077|-29.306406|25.728548|-21.673178|-112.538577|-0.476256|-26.653254|-8.124920|-32.067682|-117.346180|-30.013254|-18.442321|-1.238670|14.169088|-0.034522|nan|-104.260215
1419|-39.652266|-23.899166|-597.998387|nan|27.834846|-22.171526|-116.928380|-0.491517|-33.991546|-16.228598|-40.940964|-114.908686|-39.191932|-24.487117|1.218700|14.061811|-0.036292|nan|-104.336362
1420|-48.995357|-25.386859|-596.035489|-46.532631|28.956023|-22.970391|-112.538577|-0.450786|-43.330610|-30.789968|-49.883043|-113.576098|-48.370610|-31.365247|4.348352|13.986352|-0.038062|nan|-104.523997
1421|-76.711892|-27.080726|-605.143609|-74.883096|30.164384|-24.173583|-146.060706|-0.520143|-66.785488|-44.957598|-77.219090|-113.463925|-75.906645|-57.226806|4.348352|13.628943|-0.043373|nan|-104.635485
1422|-83.279418|-28.648509|-614.819858|-80.252067|29.928458|-25.251221|-138.877393|-0.623282|-77.251042|-56.742766|-83.426177|-113.737253|-82.291813|-62.623458|-21.011813|-22.260430|-0.044605|-81328.886157|-104.979982
1423|-89.053651|-29.940197|-592.710692|-87.590715|29.926381|-26.646208|-160.028260|-0.642253|-81.077292|-62.448834|-88.851576|-114.022709|-87.878834|-68.378553|-21.011813|-22.486870|-0.045685|-81325.440007|-105.287675
1424|-142.730557|-32.370681|-612.111089|-140.304310|28.851312|-28.911072|-189.958733|-0.780297|-128.632298|-86.989807|-142.263821|-115.960528|-141.354612|-122.254331|-40.074612|-42.170615|-0.056002|-61820.394722|-107.537522
1425|-164.893290|-34.786644|-580.119789|nan|26.735359|-31.187542|-215.499403|-0.937362|-150.820926|-111.373625|-164.204769|-118.898322|-163.383625|-145.118637|-74.523625|-77.079823|-0.062789|-61815.941100|-110.266257
1426|-128.400513|-36.043413|-559.249855|-124.081711|25.153704|-32.789285|-162.821771|-1.052565|-116.266599|-87.325579|-127.477991|-120.344140|-126.908912|-109.712883|-74.523625|-77.255168|-0.055714|-61810.701533|-112.226062
1427|-112.267893|-36.058525|-560.917773|nan|23.966678|-34.127333|-121.318182|-1.158433|-99.984607|-57.421920|-111.158859|-121.704748|-110.706920|-95.202590|-74.523625|-77.359798|-0.052563|-61804.938022|-113.968593
1428|-96.531549|-34.804335|-574.291595|-91.760928|22.987621|-35.151980|-91.387710|-1.237835|-88.102074|-63.263904|-95.239828|-122.135011|-96.824002|-81.429295|-74.523625|-77.254110|-0.049488|-61798.781533|-115.567184
1429|-71.604471|-33.571579|-619.129452|-66.649861|22.003510|-35.725623|-71.434062|-1.280392|-65.200863|-38.903517|-70.117931|-122.609825|-71.922405|-58.940246|-74.523625|-76.985402|-0.044641|-61792.494067|-116.775657
1430|-57.067781|-32.609232|-712.894368|nan|21.577205|-37.088378|-42.301735|-1.320765|-42.514777|-28.228224|-55.393729|-122.587511|-57.156705|-47.380389|-74.523625|-76.900236|-0.041796|-46028.455381|-118.052099
1431|-33.362348|-31.371716|-834.061190|-28.557721|20.972054|-37.923007|-14.765700|-1.328684|-22.571170|-24.307327|-31.480014|-122.418477|-33.212327|-25.341005|-74.523625|-76.497898|-0.037178|-46023.576265|-119.129006
1432|-10.856773|-29.805230|-1043.204143|-5.259429|20.294255|-38.395801|11.174044|-1.331682|-1.904396|-2.268500|-8.761693|-122.268132|-10.465167|-3.838953|-74.523625|-76.160281|-0.032789|-46018.794723|-119.881181
1433|1.675936|-27.893135|-1275.625455|nan|19.905452|-38.346540|26.338815|-1.330656|8.866324|-0.923166|3.919324|-122.170289|2.305167|8.322087|-74.523625|-75.877212|-0.030327|-46014.110771|-120.266712
1434|-24.516895|-26.659686|-1487.855200|-20.693785|19.086033|-38.972892|2.793511|-1.341641|-11.233033|-39.222713|-22.142605|-122.637151|-23.634575|-18.601949|-74.523625|-75.793944|-0.035336|-31087.516482|-120.933993
1435|-11.605044|-25.361600|-1681.379670|-5.257145|18.234581|-39.335848|17.559211|-1.345037|-2.144396|-29.674453|-9.031931|-123.254616|-10.465167|-6.041836|-74.523625|-75.560027|-0.032795|-31084.681320|-121.215504
1436|-8.268638|-23.942768|-1864.854335|-1.665870|17.384426|-39.334757|21.949013|-1.291775|-0.712354|-31.701844|-5.473580|-123.853729|-6.873511|-3.059474|-74.523625|-75.365057|-0.032104|-31082.109888|-121.545790
1437|-4.930143|-22.702169|-1987.244278|-0.309479|17.114248|-39.195900|14.765700|-1.266921|4.399688|-18.410187|-1.934873|-124.454481|-3.281854|-0.452111|-74.523625|-75.356661|-0.031412|-31079.934066|-122.057716
1438|-1.985659|-21.072735|-2111.667790|5.098126|16.778236|-38.631889|24.742524|-1.266274|5.191501|-13.026988|1.161924|-125.031542|-0.089270|2.131178|-74.523625|-75.186399|-0.030797|-31078.483518|-122.396711
1439|-27.776196|-20.518073|-2210.554626|-22.091731|16.369492|-38.628617|-3.192583|-1.281873|-16.668397|-26.840344|-24.491968|-126.114437|-23.709940|-24.268786|-74.523625|-75.353262|-0.035730|-28176.988134|-123.083835
1440|-14.050586|-19.549968|-2281.008648|-6.486692|15.954515|-38.008439|-0.399073|-1.273791|-7.021229|-21.988030|-10.616737|-126.840448|-10.942386|-10.964097|-74.523625|-51.105216|-0.033035|-26104.763079|-123.571423
1441|7.673176|-18.454630|-2324.267083|15.438215|15.903445|-36.677177|30.329546|-1.273153|10.687013|7.764246|11.220200|-126.991606|9.166627|10.872366|-74.523625|-34.553918|-0.028798|-26104.763079|-123.761931
1442|29.025667|-17.474012|-2395.867302|nan|16.621632|-34.248057|50.682267|-1.271792|28.077338|25.212012|32.673400|-126.360863|26.876567|33.171754|-74.523625|-30.935957|-0.024638|-26105.040002|-123.813530
1443|30.056940|-16.734665|-2430.137460|nan|17.896244|-31.085716|40.705443|-1.260150|26.794172|35.738028|33.780109|-125.880007|25.993786|34.976373|-74.523625|-18.167912|-0.024407|-26105.538463|-123.787475
1444|21.133542|-16.123595|-2470.079069|nan|18.989999|-28.512582|30.728619|-1.251798|19.694567|12.329419|24.910144|-125.621601|17.214181|27.161850|-74.523625|8.144781|-0.026103|-26106.258462|-123.839074
1445|-45.249018|-17.234396|-2523.579612|-38.206265|18.660885|-27.642034|-36.315640|-1.237906|-40.630389|-35.539312|-41.513462|-126.896210|-49.031932|-38.571561|-74.523625|7.766030|-0.038896|-26106.867693|-123.851911
1446|-42.984381|-18.260030|-2560.632834|-34.484920|18.631842|-26.898447|-63.851675|-1.268925|-38.397108|-32.784161|-39.342348|-128.353092|-46.637494|-35.283200|-74.523625|13.746000|-0.038434|-26107.421538|-123.953773
1447|-69.858757|-19.973865|-2629.817549|-63.239057|18.840182|-26.771347|-80.612740|-1.283528|-61.453839|-68.363716|-66.468886|-130.429361|-73.375383|-60.680204|-74.523625|13.341687|-0.043600|-24864.632966|-123.835547
1448|-67.198258|-21.605672|-2679.575935|nan|18.009925|-26.431424|-88.195126|-1.315183|-62.741100|-59.355919|-64.087236|-132.094686|-70.581872|-56.497919|-74.523625|5.915529|-0.043061|-24864.896702|-123.819687
1449|-38.189451|-22.685968|-2692.278653|-29.229268|17.556553|-25.613972|-68.241478|-1.203720|-35.770319|-42.419697|-35.322284|-132.908501|-41.449546|-25.611560|-74.523625|5.968685|-0.037434|-24865.054944|-123.927263
1450|-49.883846|-24.101236|-2677.428858|nan|16.787568|-25.211555|-88.993272|-1.134071|-45.583435|-62.037049|-47.236968|-134.049026|-53.022662|-34.465830|-74.523625|6.024832|-0.039667|-20306.504614|-124.269848
1451|-40.818070|-25.324632|-2632.684213|nan|16.172852|-24.553395|-107.350628|-0.973983|-38.564369|-48.281558|-38.278754|-134.328540|-43.843983|-23.068306|-74.523625|6.082650|-0.037893|-20306.332307|-124.911106
1452|-31.744717|-26.152613|-2593.781484|nan|16.489805|-23.966260|-104.557118|-0.821947|-27.705691|-30.280036|-29.316964|-134.637862|-34.665305|-11.422412|-74.523625|6.141090|-0.036120|-20305.987692|-125.373549
1453|-51.394587|-27.508365|-2601.576124|nan|16.070012|-23.498690|-129.698715|-0.838571|-47.499495|-49.257456|-49.083649|-135.210357|-52.299881|-28.493811|-74.523625|6.045478|-0.039896|-20305.513846|-126.177421
1454|-50.286761|-28.740505|-2622.286014|nan|15.948057|-23.391764|-181.977274|-0.738621|-44.141890|-38.527662|-48.007382|-135.397506|-51.022662|-26.521446|-74.523625|5.984518|-0.039666|-20304.824616|-126.588017
1455|-58.345925|-29.940659|-2678.523579|nan|15.861448|-23.347864|-211.907746|-0.708751|-53.883735|-53.409122|-56.029224|-135.492929|-58.844121|-33.321649|-50.308912|5.951345|-0.041207|-20303.920002|-126.749583
1456|-65.200469|-31.440452|-2719.190908|nan|15.403123|-23.674515|-181.977273|-0.651607|-58.347203|-60.413536|-62.815499|-134.962573|-65.628361|-39.882408|-33.946920|5.940269|-0.042519|-20302.843076|-127.013134
1457|-51.698773|-32.606939|-2739.848922|nan|16.660009|-24.186927|-152.046801|-0.597016|-44.458723|-35.519489|-49.226772|-133.884731|-52.059881|-27.167000|-30.484002|5.946583|-0.039900|-20301.550769|-127.107711
1458|-28.616137|-33.062793|-2783.055476|-19.270109|17.679716|-24.486078|-112.937650|-0.542921|-21.232876|-19.425871|-26.046736|-131.991030|-28.833648|-5.074320|-17.842405|6.120250|-0.035432|-12014.464177|-127.103850
1459|-7.525986|-33.062731|-2808.752936|1.807836|20.237970|-24.352635|-66.645186|-0.506886|-1.842395|9.158330|-4.766866|-128.055177|-7.602781|15.869030|7.204795|6.268731|-0.031347|-12013.801318|-127.155449
