859|nan|nan|nan|nan|nan|nan|nan|nan|nan|nan|nan|nan|nan|nan|nan|nan|nan|nan|nan|nan|nan|nan|nan|nan|nan|nan|nan|nan|nan|nan|nan|nan|nan|nan|nan|nan|nan|nan|nan|nan|nan|nan|nan|nan|nan|nan|nan|nan|nan|nan
900|nan|nan|nan|nan|nan|nan|nan|nan|nan|nan|nan|nan|nan|nan|nan|nan|nan|nan|nan|nan|nan|nan|nan|nan|nan|nan|nan|nan|nan|nan|nan|nan|nan|nan|nan|nan|nan|nan|nan|nan|nan|nan|nan|nan|nan|nan|nan|nan|nan|nan
901|nan|nan|nan|nan|nan|nan|nan|nan|nan|nan|nan|nan|nan|nan|nan|nan|nan|nan|nan|nan|nan|nan|nan|nan|nan|nan|nan|nan|nan|nan|nan|nan|nan|nan|nan|nan|nan|nan|nan|nan|nan|nan|nan|nan|nan|nan|nan|nan|nan|nan
902|nan|nan|nan|nan|nan|nan|nan|nan|nan|nan|nan|nan|nan|nan|nan|nan|nan|nan|nan|nan|nan|nan|nan|nan|nan|nan|nan|nan|nan|nan|nan|nan|nan|nan|nan|nan|nan|nan|nan|nan|nan|nan|nan|nan|nan|nan|nan|nan|nan|nan
903|nan|nan|nan|nan|nan|nan|nan|nan|nan|nan|nan|nan|nan|nan|nan|nan|nan|nan|nan|nan|nan|nan|nan|nan|nan|nan|nan|nan|nan|nan|nan|nan|nan|nan|nan|nan|nan|nan|nan|nan|nan|nan|nan|nan|nan|nan|nan|nan|nan|nan
904|nan|nan|nan|nan|nan|nan|nan|nan|nan|nan|nan|nan|nan|nan|nan|nan|nan|nan|nan|nan|nan|nan|nan|nan|nan|nan|nan|nan|nan|nan|nan|nan|nan|nan|nan|nan|nan|nan|nan|nan|nan|nan|nan|nan|nan|nan|nan|nan|nan|nan
905|nan|nan|nan|nan|nan|nan|nan|nan|nan|nan|nan|nan|nan|nan|nan|nan|nan|nan|nan|nan|nan|nan|nan|nan|nan|nan|nan|nan|nan|nan|nan|nan|nan|nan|nan|nan|nan|nan|nan|nan|nan|nan|nan|nan|nan|nan|nan|nan|nan|nan
906|nan|nan|nan|nan|nan|nan|nan|nan|nan|nan|nan|nan|nan|nan|nan|nan|nan|nan|nan|nan|nan|nan|nan|nan|nan|nan|nan|nan|nan|nan|nan|nan|nan|nan|nan|nan|nan|nan|nan|nan|nan|nan|nan|nan|nan|nan|nan|nan|nan|nan
907|nan|nan|nan|nan|nan|nan|nan|nan|nan|nan|nan|nan|nan|nan|nan|nan|nan|nan|nan|nan|nan|nan|nan|nan|nan|nan|nan|nan|nan|nan|nan|nan|nan|nan|nan|nan|nan|nan|nan|nan|nan|nan|nan|nan|nan|nan|nan|nan|nan|nan
908|nan|nan|nan|nan|nan|nan|nan|nan|nan|nan|nan|nan|nan|nan|nan|nan|nan|nan|nan|nan|nan|nan|nan|nan|nan|nan|nan|nan|nan|nan|nan|nan|nan|nan|nan|nan|nan|nan|nan|nan|nan|nan|nan|nan|nan|nan|nan|nan|nan|nan
909|nan|nan|nan|nan|nan|nan|nan|nan|nan|nan|nan|nan|nan|nan|nan|nan|nan|nan|nan|nan|nan|nan|nan|nan|nan|nan|nan|nan|nan|nan|nan|nan|nan|nan|nan|nan|nan|nan|nan|nan|nan|nan|nan|nan|nan|nan|nan|nan|nan|nan
910|nan|nan|nan|nan|nan|nan|nan|nan|nan|nan|nan|nan|nan|nan|nan|nan|nan|nan|nan|nan|nan|nan|nan|nan|nan|nan|nan|nan|nan|nan|nan|nan|nan|nan|nan|nan|nan|nan|nan|nan|nan|nan|nan|nan|nan|nan|nan|nan|nan|nan
911|nan|nan|nan|nan|nan|nan|nan|nan|nan|nan|nan|nan|nan|nan|nan|nan|nan|nan|nan|nan|nan|nan|nan|nan|nan|nan|nan|nan|nan|nan|nan|nan|nan|nan|nan|nan|nan|nan|nan|nan|nan|nan|nan|nan|nan|nan|nan|nan|nan|nan
912|nan|nan|nan|nan|nan|nan|nan|nan|nan|nan|nan|nan|nan|nan|nan|nan|nan|nan|nan|nan|nan|nan|nan|nan|nan|nan|nan|nan|nan|nan|nan|nan|nan|nan|nan|nan|nan|nan|nan|nan|nan|nan|nan|nan|nan|nan|nan|nan|nan|nan
913|nan|nan|nan|nan|nan|nan|nan|nan|nan|nan|nan|nan|nan|nan|nan|nan|nan|nan|nan|nan|nan|nan|nan|nan|nan|nan|nan|nan|nan|nan|nan|nan|nan|nan|nan|nan|nan|nan|nan|nan|nan|nan|nan|nan|nan|nan|nan|nan|nan|nan
914|nan|nan|nan|nan|nan|nan|nan|nan|nan|nan|nan|nan|nan|nan|nan|nan|nan|nan|nan|nan|nan|nan|nan|nan|nan|nan|nan|nan|nan|nan|nan|nan|nan|nan|nan|nan|nan|nan|nan|nan|nan|nan|nan|nan|nan|nan|nan|nan|nan|nan
915|nan|nan|nan|nan|nan|nan|nan|nan|nan|nan|nan|nan|nan|nan|nan|nan|nan|nan|nan|nan|nan|nan|nan|nan|nan|nan|nan|nan|nan|nan|nan|nan|nan|nan|nan|nan|nan|nan|nan|nan|nan|nan|nan|nan|nan|nan|nan|nan|nan|nan
916|nan|nan|nan|nan|nan|nan|nan|nan|nan|nan|nan|nan|nan|nan|nan|nan|nan|nan|nan|nan|nan|nan|nan|nan|nan|nan|nan|nan|nan|nan|nan|nan|nan|nan|nan|nan|nan|nan|nan|nan|nan|nan|nan|nan|nan|nan|nan|nan|nan|nan
917|nan|nan|nan|nan|nan|nan|nan|nan|nan|nan|nan|nan|nan|nan|nan|nan|nan|nan|nan|nan|nan|nan|nan|nan|nan|nan|nan|nan|nan|nan|nan|nan|nan|nan|nan|nan|nan|nan|nan|nan|nan|nan|nan|nan|nan|nan|nan|nan|nan|nan
918|nan|nan|nan|nan|nan|nan|nan|nan|nan|nan|nan|nan|nan|nan|nan|nan|nan|nan|nan|nan|nan|nan|nan|nan|nan|nan|nan|nan|nan|nan|nan|nan|nan|nan|nan|nan|nan|nan|nan|nan|nan|nan|nan|nan|nan|nan|nan|nan|nan|nan
919|nan|nan|nan|nan|nan|nan|nan|nan|nan|nan|nan|nan|nan|nan|nan|nan|nan|nan|nan|nan|nan|nan|nan|nan|nan|nan|nan|nan|nan|nan|nan|nan|nan|nan|nan|nan|nan|nan|nan|nan|nan|nan|nan|nan|nan|nan|nan|nan|nan|nan
920|nan|nan|nan|nan|nan|nan|nan|nan|nan|nan|nan|nan|nan|nan|nan|nan|nan|nan|nan|nan|nan|nan|nan|nan|nan|nan|nan|nan|nan|nan|nan|nan|nan|nan|nan|nan|nan|nan|nan|nan|nan|nan|nan|nan|nan|nan|nan|nan|nan|nan
921|nan|nan|nan|nan|nan|nan|nan|nan|nan|nan|nan|nan|nan|nan|nan|nan|nan|nan|nan|nan|nan|nan|nan|nan|nan|nan|nan|nan|nan|nan|nan|nan|nan|nan|nan|nan|nan|nan|nan|nan|nan|nan|nan|nan|nan|nan|nan|nan|nan|nan
922|nan|nan|nan|nan|nan|nan|nan|nan|nan|nan|nan|nan|nan|nan|nan|nan|nan|nan|nan|nan|nan|nan|nan|nan|nan|nan|nan|nan|nan|nan|nan|nan|nan|nan|nan|nan|nan|nan|nan|nan|nan|nan|nan|nan|nan|nan|nan|nan|nan|nan
923|nan|nan|nan|nan|nan|nan|nan|nan|nan|nan|nan|nan|nan|nan|nan|nan|nan|nan|nan|nan|nan|nan|nan|nan|nan|nan|nan|nan|nan|nan|nan|nan|nan|nan|nan|nan|nan|nan|nan|nan|nan|nan|nan|nan|nan|nan|nan|nan|nan|nan
924|nan|nan|nan|nan|nan|nan|nan|nan|nan|nan|nan|nan|nan|nan|nan|nan|nan|nan|nan|nan|nan|nan|nan|nan|nan|nan|nan|nan|nan|nan|nan|nan|nan|nan|nan|nan|nan|nan|nan|nan|nan|nan|nan|nan|nan|nan|nan|nan|nan|nan
925|nan|nan|nan|nan|nan|nan|nan|nan|nan|nan|nan|nan|nan|nan|nan|nan|nan|nan|nan|nan|nan|nan|nan|nan|nan|nan|nan|nan|nan|nan|nan|nan|nan|nan|nan|nan|nan|nan|nan|nan|nan|nan|nan|nan|nan|nan|nan|nan|nan|nan
926|nan|nan|nan|nan|nan|nan|nan|nan|nan|nan|nan|nan|nan|nan|nan|nan|nan|nan|nan|nan|nan|nan|nan|nan|nan|nan|nan|nan|nan|nan|nan|nan|nan|nan|nan|nan|nan|nan|nan|nan|nan|nan|nan|nan|nan|nan|nan|nan|nan|nan
927|nan|nan|nan|nan|nan|nan|nan|nan|nan|nan|nan|nan|nan|nan|nan|nan|nan|nan|nan|nan|nan|nan|nan|nan|nan|nan|nan|nan|nan|nan|nan|nan|nan|nan|nan|nan|nan|nan|nan|nan|nan|nan|nan|nan|nan|nan|nan|nan|nan|nan
928|nan|nan|nan|nan|nan|nan|nan|nan|nan|nan|nan|nan|nan|nan|nan|nan|nan|nan|nan|nan|nan|nan|nan|nan|nan|nan|nan|nan|nan|nan|nan|nan|nan|nan|nan|nan|nan|nan|nan|nan|nan|nan|nan|nan|nan|nan|nan|nan|nan|nan
929|nan|nan|nan|nan|nan|nan|nan|nan|nan|nan|nan|nan|nan|nan|nan|nan|nan|nan|nan|nan|nan|nan|nan|nan|nan|nan|nan|nan|nan|nan|nan|nan|nan|nan|nan|nan|nan|nan|nan|nan|nan|nan|nan|nan|nan|nan|nan|nan|nan|nan
930|nan|nan|nan|nan|nan|nan|nan|nan|nan|nan|nan|nan|nan|nan|nan|nan|nan|nan|nan|nan|nan|nan|nan|nan|nan|nan|nan|nan|nan|nan|nan|nan|nan|nan|nan|nan|nan|nan|nan|nan|nan|nan|nan|nan|nan|nan|nan|nan|nan|nan
931|nan|nan|nan|nan|nan|nan|nan|nan|nan|nan|nan|nan|nan|nan|nan|nan|nan|nan|nan|nan|nan|nan|nan|nan|nan|nan|nan|nan|nan|nan|nan|nan|nan|nan|nan|nan|nan|nan|nan|nan|nan|nan|nan|nan|nan|nan|nan|nan|nan|nan
932|nan|nan|nan|nan|nan|nan|nan|nan|nan|nan|nan|nan|nan|nan|nan|nan|nan|nan|nan|nan|nan|nan|nan|nan|nan|nan|nan|nan|nan|nan|nan|nan|nan|nan|nan|nan|nan|nan|nan|nan|nan|nan|nan|nan|nan|nan|nan|nan|nan|nan
933|nan|nan|nan|nan|nan|nan|nan|nan|nan|nan|nan|nan|nan|nan|nan|nan|nan|nan|nan|nan|nan|nan|nan|nan|nan|nan|nan|nan|nan|nan|nan|nan|nan|nan|nan|nan|nan|nan|nan|nan|nan|nan|nan|nan|nan|nan|nan|nan|nan|nan
934|nan|nan|nan|nan|nan|nan|nan|nan|nan|nan|nan|nan|nan|nan|nan|nan|nan|nan|nan|nan|nan|nan|nan|nan|nan|nan|nan|nan|nan|nan|nan|nan|nan|nan|nan|nan|nan|nan|nan|nan|nan|nan|nan|nan|nan|nan|nan|nan|nan|nan
935|nan|nan|nan|nan|nan|nan|nan|nan|nan|nan|nan|nan|nan|nan|nan|nan|nan|nan|nan|nan|nan|nan|nan|nan|nan|nan|nan|nan|nan|nan|nan|nan|nan|nan|nan|nan|nan|nan|nan|nan|nan|nan|nan|nan|nan|nan|nan|nan|nan|nan
936|nan|nan|nan|nan|nan|nan|nan|nan|nan|nan|nan|nan|nan|nan|nan|nan|nan|nan|nan|nan|nan|nan|nan|nan|nan|nan|nan|nan|nan|nan|nan|nan|nan|nan|nan|nan|nan|nan|nan|nan|nan|nan|nan|nan|nan|nan|nan|nan|nan|nan
937|nan|nan|nan|nan|nan|nan|nan|nan|nan|nan|nan|nan|nan|nan|nan|nan|nan|nan|nan|nan|nan|nan|nan|nan|nan|nan|nan|nan|nan|nan|nan|nan|nan|nan|nan|nan|nan|nan|nan|nan|nan|nan|nan|nan|nan|nan|nan|nan|nan|nan
938|nan|nan|nan|nan|nan|nan|nan|nan|nan|nan|nan|nan|nan|nan|nan|nan|nan|nan|nan|nan|nan|nan|nan|nan|nan|nan|nan|nan|nan|nan|nan|nan|nan|nan|nan|nan|nan|nan|nan|nan|nan|nan|nan|nan|nan|nan|nan|nan|nan|nan
939|nan|nan|nan|nan|nan|nan|nan|nan|nan|nan|nan|nan|nan|nan|nan|nan|nan|nan|nan|nan|nan|nan|nan|nan|nan|nan|nan|nan|nan|nan|nan|nan|nan|nan|nan|nan|nan|nan|nan|nan|nan|nan|nan|nan|nan|nan|nan|nan|nan|nan
940|nan|nan|nan|nan|nan|nan|nan|nan|nan|nan|nan|nan|nan|nan|nan|nan|nan|nan|nan|nan|nan|nan|nan|nan|nan|nan|nan|nan|nan|nan|nan|nan|nan|nan|nan|nan|nan|nan|nan|nan|nan|nan|nan|nan|nan|nan|nan|nan|nan|nan
941|nan|nan|nan|nan|nan|nan|nan|nan|nan|nan|nan|nan|nan|nan|nan|nan|nan|nan|nan|nan|nan|nan|nan|nan|nan|nan|nan|nan|nan|nan|nan|nan|nan|nan|nan|nan|nan|nan|nan|nan|nan|nan|nan|nan|nan|nan|nan|nan|nan|nan
942|nan|nan|nan|nan|nan|nan|nan|nan|nan|nan|nan|nan|nan|nan|nan|nan|nan|nan|nan|nan|nan|nan|nan|nan|nan|nan|nan|nan|nan|nan|nan|nan|nan|nan|nan|nan|nan|nan|nan|nan|nan|nan|nan|nan|nan|nan|nan|nan|nan|nan
943|nan|nan|nan|nan|nan|nan|nan|nan|nan|nan|nan|nan|nan|nan|nan|nan|nan|nan|nan|nan|nan|nan|nan|nan|nan|nan|nan|nan|nan|nan|nan|nan|nan|nan|nan|nan|nan|nan|nan|nan|nan|nan|nan|nan|nan|nan|nan|nan|nan|nan
944|nan|nan|nan|nan|nan|nan|nan|nan|nan|nan|nan|nan|nan|nan|nan|nan|nan|nan|nan|nan|nan|nan|nan|nan|nan|nan|nan|nan|nan|nan|nan|nan|nan|nan|nan|nan|nan|nan|nan|nan|nan|nan|nan|nan|nan|nan|nan|nan|nan|nan
945|nan|nan|nan|nan|nan|nan|nan|nan|nan|nan|nan|nan|nan|nan|nan|nan|nan|nan|nan|nan|nan|nan|nan|nan|nan|nan|nan|nan|nan|nan|nan|nan|nan|nan|nan|nan|nan|nan|nan|nan|nan|nan|nan|nan|nan|nan|nan|nan|nan|nan
946|nan|nan|nan|nan|nan|nan|nan|nan|nan|nan|nan|nan|nan|nan|nan|nan|nan|nan|nan|nan|nan|nan|nan|nan|nan|nan|nan|nan|nan|nan|nan|nan|nan|nan|nan|nan|nan|nan|nan|nan|nan|nan|nan|nan|nan|nan|nan|nan|nan|nan
947|nan|nan|nan|nan|nan|nan|nan|nan|nan|nan|nan|nan|nan|nan|nan|nan|nan|nan|nan|nan|nan|nan|nan|nan|nan|nan|nan|nan|nan|nan|nan|nan|nan|nan|nan|nan|nan|nan|nan|nan|nan|nan|nan|nan|nan|nan|nan|nan|nan|nan
948|nan|nan|nan|nan|nan|nan|nan|nan|nan|nan|nan|nan|nan|nan|nan|nan|nan|nan|nan|nan|nan|nan|nan|nan|nan|nan|nan|nan|nan|nan|nan|nan|nan|nan|nan|nan|nan|nan|nan|nan|nan|nan|nan|nan|nan|nan|nan|nan|nan|nan
949|nan|nan|nan|nan|nan|nan|nan|nan|nan|nan|nan|nan|nan|nan|nan|nan|nan|nan|nan|nan|nan|nan|nan|nan|nan|nan|nan|nan|nan|nan|nan|nan|nan|nan|nan|nan|nan|nan|nan|nan|nan|nan|nan|nan|nan|nan|nan|nan|nan|nan
950|nan|nan|nan|nan|nan|nan|nan|nan|nan|nan|nan|nan|nan|nan|nan|nan|nan|nan|nan|nan|nan|nan|nan|nan|nan|nan|nan|nan|nan|nan|nan|nan|nan|nan|nan|nan|nan|nan|nan|nan|nan|nan|nan|nan|nan|nan|nan|nan|nan|nan
951|nan|nan|nan|nan|nan|nan|nan|nan|nan|nan|nan|nan|nan|nan|nan|nan|nan|nan|nan|nan|nan|nan|nan|nan|nan|nan|nan|nan|nan|nan|nan|nan|nan|nan|nan|nan|nan|nan|nan|nan|nan|nan|nan|nan|nan|nan|nan|nan|nan|nan
952|nan|nan|nan|nan|nan|nan|nan|nan|nan|nan|nan|nan|nan|nan|nan|nan|nan|nan|nan|nan|nan|nan|nan|nan|nan|nan|nan|nan|nan|nan|nan|nan|nan|nan|nan|nan|nan|nan|nan|nan|nan|nan|nan|nan|nan|nan|nan|nan|nan|nan
953|nan|nan|nan|nan|nan|nan|nan|nan|nan|nan|nan|nan|nan|nan|nan|nan|nan|nan|nan|nan|nan|nan|nan|nan|nan|nan|nan|nan|nan|nan|nan|nan|nan|nan|nan|nan|nan|nan|nan|nan|nan|nan|nan|nan|nan|nan|nan|nan|nan|nan
954|nan|nan|nan|nan|nan|nan|nan|nan|nan|nan|nan|nan|nan|nan|nan|nan|nan|nan|nan|nan|nan|nan|nan|nan|nan|nan|nan|nan|nan|nan|nan|nan|nan|nan|nan|nan|nan|nan|nan|nan|nan|nan|nan|nan|nan|nan|nan|nan|nan|nan
955|nan|nan|nan|nan|nan|nan|nan|nan|nan|nan|nan|nan|nan|nan|nan|nan|nan|nan|nan|nan|nan|nan|nan|nan|nan|nan|nan|nan|nan|nan|nan|nan|nan|nan|nan|nan|nan|nan|nan|nan|nan|nan|nan|nan|nan|nan|nan|nan|nan|nan
956|nan|nan|nan|nan|nan|nan|nan|nan|nan|nan|nan|nan|nan|nan|nan|nan|nan|nan|nan|nan|nan|nan|nan|nan|nan|nan|nan|nan|nan|nan|nan|nan|nan|nan|nan|nan|nan|nan|nan|nan|nan|nan|nan|nan|nan|nan|nan|nan|nan|nan
957|nan|nan|nan|nan|nan|nan|nan|nan|nan|nan|nan|nan|nan|nan|nan|nan|nan|nan|nan|nan|nan|nan|nan|nan|nan|nan|nan|nan|nan|nan|nan|nan|nan|nan|nan|nan|nan|nan|nan|nan|nan|nan|nan|nan|nan|nan|nan|nan|nan|nan
958|nan|nan|nan|nan|nan|nan|nan|nan|nan|nan|nan|nan|nan|nan|nan|nan|nan|nan|nan|nan|nan|nan|nan|nan|nan|nan|nan|nan|nan|nan|nan|nan|nan|nan|nan|nan|nan|nan|nan|nan|nan|nan|nan|nan|nan|nan|nan|nan|nan|nan
959|nan|nan|nan|nan|nan|nan|nan|nan|nan|nan|nan|nan|nan|nan|nan|nan|nan|nan|nan|nan|nan|nan|nan|nan|nan|nan|nan|nan|nan|nan|nan|nan|nan|nan|nan|nan|nan|nan|nan|nan|nan|nan|nan|nan|nan|nan|nan|nan|nan|nan
1000|nan|nan|nan|nan|nan|nan|nan|nan|nan|nan|nan|nan|nan|nan|nan|nan|nan|nan|nan|nan|nan|nan|nan|nan|nan|nan|nan|nan|nan|nan|nan|nan|nan|nan|nan|nan|nan|nan|nan|nan|nan|nan|nan|nan|nan|nan|nan|nan|nan|nan
1001|nan|nan|nan|nan|nan|nan|nan|nan|nan|nan|nan|nan|nan|nan|nan|nan|nan|nan|nan|nan|nan|nan|nan|nan|nan|nan|nan|nan|nan|nan|nan|nan|nan|nan|nan|nan|nan|nan|nan|nan|nan|nan|nan|nan|nan|nan|nan|nan|nan|nan
1002|nan|nan|nan|nan|nan|nan|nan|nan|nan|nan|nan|nan|nan|nan|nan|nan|nan|nan|nan|nan|nan|nan|nan|nan|nan|nan|nan|nan|nan|nan|nan|nan|nan|nan|nan|nan|nan|nan|nan|nan|nan|nan|nan|nan|nan|nan|nan|nan|nan|nan
1003|nan|nan|nan|nan|nan|nan|nan|nan|nan|nan|nan|nan|nan|nan|nan|nan|nan|nan|nan|nan|nan|nan|nan|nan|nan|nan|nan|nan|nan|nan|nan|nan|nan|nan|nan|nan|nan|nan|nan|nan|nan|nan|nan|nan|nan|nan|nan|nan|nan|nan
1004|nan|nan|nan|nan|nan|nan|nan|nan|nan|nan|nan|nan|nan|nan|nan|nan|nan|nan|nan|nan|nan|nan|nan|nan|nan|nan|nan|nan|nan|nan|nan|nan|nan|nan|nan|nan|nan|nan|nan|nan|nan|nan|nan|nan|nan|nan|nan|nan|nan|nan
1005|nan|nan|nan|nan|nan|nan|nan|nan|nan|nan|nan|nan|nan|nan|nan|nan|nan|nan|nan|nan|nan|nan|nan|nan|nan|nan|nan|nan|nan|nan|nan|nan|nan|nan|nan|nan|nan|nan|nan|nan|nan|nan|nan|nan|nan|nan|nan|nan|nan|nan
1006|nan|nan|nan|nan|nan|nan|nan|nan|nan|nan|nan|nan|nan|nan|nan|nan|nan|nan|nan|nan|nan|nan|nan|nan|nan|nan|nan|nan|nan|nan|nan|nan|nan|nan|nan|nan|nan|nan|nan|nan|nan|nan|nan|nan|nan|nan|nan|nan|nan|nan
1007|nan|nan|nan|nan|nan|nan|nan|nan|nan|nan|nan|nan|nan|nan|nan|nan|nan|nan|nan|nan|nan|nan|nan|nan|nan|nan|nan|nan|nan|nan|nan|nan|nan|nan|nan|nan|nan|nan|nan|nan|nan|nan|nan|nan|nan|nan|nan|nan|nan|nan
1008|nan|nan|nan|nan|nan|nan|nan|nan|nan|nan|nan|nan|nan|nan|nan|nan|nan|nan|nan|nan|nan|nan|nan|nan|nan|nan|nan|nan|nan|nan|nan|nan|nan|nan|nan|nan|nan|nan|nan|nan|nan|nan|nan|nan|nan|nan|nan|nan|nan|nan
1009|nan|nan|nan|nan|nan|nan|nan|nan|nan|nan|nan|nan|nan|nan|nan|nan|nan|nan|nan|nan|nan|nan|nan|nan|nan|nan|nan|nan|nan|nan|nan|nan|nan|nan|nan|nan|nan|nan|nan|nan|nan|nan|nan|nan|nan|nan|nan|nan|nan|nan
1010|nan|nan|nan|nan|nan|nan|nan|nan|nan|nan|nan|nan|nan|nan|nan|nan|nan|nan|nan|nan|nan|nan|nan|nan|nan|nan|nan|nan|nan|nan|nan|nan|nan|nan|nan|nan|nan|nan|nan|nan|nan|nan|nan|nan|nan|nan|nan|nan|nan|nan
1011|nan|nan|nan|nan|nan|nan|nan|nan|nan|nan|nan|nan|nan|nan|nan|nan|nan|nan|nan|nan|nan|nan|nan|nan|nan|nan|nan|nan|nan|nan|nan|nan|nan|nan|nan|nan|nan|nan|nan|nan|nan|nan|nan|nan|nan|nan|nan|nan|nan|nan
1012|nan|nan|nan|nan|nan|nan|nan|nan|nan|nan|nan|nan|nan|nan|nan|nan|nan|nan|nan|nan|nan|nan|nan|nan|nan|nan|nan|nan|nan|nan|nan|nan|nan|nan|nan|nan|nan|nan|nan|nan|nan|nan|nan|nan|nan|nan|nan|nan|nan|nan
1013|nan|nan|nan|nan|nan|nan|nan|nan|nan|nan|nan|nan|nan|nan|nan|nan|nan|nan|nan|nan|nan|nan|nan|nan|nan|nan|nan|nan|nan|192.634199|nan|nan|nan|nan|nan|nan|nan|nan|nan|nan|nan|nan|nan|nan|nan|nan|nan|nan|nan|nan
1014|nan|nan|nan|nan|nan|nan|nan|nan|nan|nan|nan|nan|nan|nan|nan|nan|nan|nan|nan|nan|nan|nan|nan|nan|nan|nan|nan|nan|nan|96.317100|nan|nan|nan|nan|nan|nan|nan|nan|nan|nan|nan|nan|nan|nan|nan|nan|nan|nan|nan|nan
1030|nan|nan|nan|nan|nan|nan|nan|nan|nan|nan|nan|nan|nan|nan|nan|nan|nan|nan|nan|nan|nan|nan|nan|nan|nan|nan|nan|nan|nan|-188.641610|nan|nan|nan|nan|nan|nan|nan|nan|nan|nan|nan|nan|nan|nan|nan|nan|nan|nan|nan|nan
1031|nan|nan|nan|nan|nan|nan|nan|nan|nan|nan|nan|nan|nan|nan|nan|nan|nan|nan|nan|nan|nan|nan|nan|nan|nan|nan|nan|nan|nan|53.062485|nan|nan|nan|nan|nan|nan|nan|nan|nan|nan|nan|nan|nan|nan|nan|nan|nan|nan|nan|nan
1032|nan|nan|nan|nan|nan|nan|nan|nan|nan|nan|nan|nan|nan|nan|nan|nan|nan|nan|nan|nan|nan|nan|nan|nan|nan|nan|nan|nan|nan|23.799372|nan|nan|nan|nan|nan|nan|nan|nan|nan|nan|nan|nan|nan|nan|nan|nan|nan|nan|nan|nan
1033|nan|nan|nan|nan|nan|nan|nan|nan|nan|nan|nan|nan|nan|nan|nan|nan|nan|nan|nan|nan|nan|nan|nan|nan|nan|nan|nan|nan|nan|81.831114|nan|nan|nan|nan|nan|nan|nan|nan|nan|nan|nan|nan|nan|nan|nan|nan|nan|nan|nan|nan
1034|nan|nan|nan|nan|nan|nan|nan|nan|nan|nan|nan|nan|nan|nan|nan|nan|nan|nan|nan|nan|nan|nan|nan|nan|nan|nan|nan|nan|nan|193.339137|nan|nan|nan|nan|nan|nan|nan|nan|nan|nan|nan|nan|nan|nan|nan|nan|nan|nan|nan|nan
1035|nan|nan|nan|nan|nan|nan|nan|nan|nan|nan|nan|nan|nan|nan|nan|nan|nan|nan|nan|nan|nan|nan|nan|nan|nan|nan|nan|nan|nan|161.527263|nan|nan|nan|nan|nan|nan|nan|nan|nan|nan|nan|nan|nan|nan|nan|nan|nan|nan|nan|nan
1036|nan|nan|nan|nan|nan|nan|nan|nan|nan|nan|nan|nan|nan|nan|nan|nan|nan|nan|nan|nan|nan|nan|nan|nan|nan|nan|nan|nan|nan|93.090826|nan|nan|nan|nan|nan|nan|nan|nan|nan|nan|nan|nan|nan|nan|nan|nan|nan|nan|nan|nan
1037|nan|nan|nan|nan|nan|nan|nan|nan|nan|nan|nan|nan|nan|nan|nan|nan|nan|nan|nan|nan|nan|nan|nan|nan|nan|nan|nan|nan|nan|23.843611|nan|nan|nan|nan|nan|nan|nan|nan|nan|nan|nan|nan|nan|nan|nan|nan|nan|nan|nan|nan
1038|nan|nan|nan|nan|nan|nan|nan|nan|nan|nan|nan|nan|nan|nan|nan|nan|nan|nan|nan|nan|nan|nan|nan|nan|nan|nan|nan|nan|nan|21.676010|nan|nan|nan|nan|nan|nan|nan|nan|nan|nan|nan|nan|nan|nan|nan|nan|nan|nan|nan|nan
1039|nan|nan|nan|nan|nan|nan|nan|nan|nan|nan|nan|nan|nan|nan|nan|nan|nan|nan|nan|nan|nan|nan|nan|nan|nan|nan|nan|nan|nan|-39.630526|nan|nan|nan|nan|nan|nan|nan|nan|nan|nan|nan|nan|nan|nan|nan|nan|nan|nan|nan|nan
1040|nan|nan|nan|nan|nan|nan|nan|nan|nan|nan|nan|nan|nan|nan|nan|nan|nan|nan|nan|nan|nan|nan|nan|nan|nan|nan|nan|nan|nan|-18.204692|nan|nan|nan|nan|nan|nan|nan|nan|nan|nan|nan|nan|nan|nan|nan|nan|nan|nan|nan|nan
1041|nan|nan|nan|nan|nan|nan|nan|nan|nan|nan|nan|nan|nan|nan|nan|nan|nan|nan|nan|nan|nan|nan|nan|nan|nan|nan|nan|nan|nan|-29.770950|nan|nan|nan|nan|nan|nan|nan|nan|nan|nan|nan|nan|nan|nan|nan|nan|nan|nan|nan|nan
1042|nan|nan|nan|nan|nan|nan|nan|nan|nan|nan|nan|nan|nan|nan|nan|nan|nan|nan|nan|nan|nan|nan|nan|nan|nan|nan|nan|nan|nan|-27.786220|nan|nan|nan|nan|nan|nan|nan|nan|nan|nan|nan|nan|nan|nan|nan|nan|nan|nan|nan|nan
1043|nan|nan|nan|nan|nan|nan|nan|nan|nan|nan|nan|nan|nan|nan|nan|nan|nan|nan|nan|nan|nan|nan|nan|nan|nan|nan|nan|nan|nan|-106.207924|nan|0.339778|nan|nan|nan|-1190.742903|nan|nan|nan|nan|-113326.421325|nan|nan|13.373736|nan|-7.808760|nan|0.324349|nan|nan
1044|nan|nan|nan|nan|nan|nan|nan|nan|nan|nan|nan|nan|nan|nan|nan|nan|nan|nan|nan|nan|nan|nan|nan|nan|nan|nan|nan|nan|nan|-143.771817|nan|0.339778|nan|nan|nan|-3684.748909|nan|nan|nan|nan|-113326.421325|nan|nan|13.500152|nan|-7.808760|nan|0.324349|nan|nan
1045|nan|nan|nan|nan|nan|nan|nan|nan|nan|nan|nan|nan|nan|nan|nan|nan|nan|nan|nan|nan|nan|nan|nan|nan|nan|nan|nan|nan|nan|-51.491572|nan|0.339778|nan|nan|nan|-3681.671869|nan|nan|nan|nan|-113326.421325|nan|nan|13.633735|nan|-7.808760|nan|0.324349|nan|nan
1046|nan|nan|nan|nan|nan|nan|nan|nan|nan|nan|nan|nan|nan|nan|nan|nan|nan|nan|nan|nan|nan|nan|nan|nan|nan|nan|nan|nan|nan|-48.781489|nan|0.339778|nan|nan|nan|-3684.351746|nan|nan|nan|nan|-113326.421325|nan|nan|13.754761|nan|-7.808760|nan|0.324349|nan|nan
1047|nan|nan|nan|nan|nan|nan|nan|nan|nan|nan|nan|nan|nan|nan|nan|nan|nan|nan|nan|nan|nan|nan|nan|nan|nan|nan|nan|nan|nan|-71.063040|nan|0.339778|nan|nan|nan|-3687.177069|nan|nan|nan|nan|-113326.421325|nan|nan|13.868549|nan|-7.808760|nan|0.324349|nan|nan
1048|nan|nan|nan|nan|nan|nan|nan|nan|nan|nan|nan|nan|nan|nan|nan|nan|nan|nan|nan|nan|nan|nan|nan|nan|nan|nan|nan|nan|nan|-19.578153|nan|0.339778|nan|nan|nan|-3685.961668|nan|nan|nan|nan|-113326.421325|nan|nan|13.971985|nan|-7.808760|nan|0.324349|nan|nan
1049|nan|nan|nan|nan|nan|nan|nan|nan|nan|nan|nan|nan|nan|nan|nan|nan|nan|nan|nan|nan|nan|nan|nan|nan|nan|nan|nan|nan|nan|9.393339|nan|0.339778|nan|nan|nan|-3686.715406|nan|nan|nan|nan|-113326.421325|nan|nan|14.093413|nan|-7.808760|nan|0.324349|nan|nan
1050|nan|nan|nan|nan|nan|nan|nan|nan|nan|nan|nan|nan|nan|nan|nan|nan|nan|nan|nan|nan|nan|nan|nan|nan|nan|nan|nan|nan|nan|-21.410958|nan|0.339778|nan|nan|nan|-3687.425977|nan|nan|nan|nan|-113326.421325|nan|nan|14.211517|nan|-7.808760|nan|0.324349|nan|nan
1051|nan|nan|nan|nan|nan|nan|nan|nan|nan|nan|nan|nan|nan|nan|nan|nan|nan|nan|nan|nan|nan|nan|nan|nan|nan|nan|nan|nan|nan|-93.351572|nan|0.339778|nan|nan|nan|-3684.452841|nan|nan|nan|nan|-113326.421325|nan|nan|14.292768|nan|-7.808760|nan|0.324349|nan|nan
1052|nan|nan|nan|nan|nan|nan|nan|nan|nan|nan|nan|nan|nan|nan|nan|nan|nan|nan|nan|nan|nan|nan|nan|nan|nan|nan|nan|nan|nan|-99.823473|nan|0.339778|nan|nan|nan|-3682.175382|nan|nan|nan|nan|-200112.665869|nan|nan|14.348533|nan|-7.808760|nan|0.324349|nan|nan
1053|nan|nan|nan|nan|nan|nan|nan|nan|nan|nan|nan|nan|nan|nan|nan|nan|nan|nan|nan|nan|nan|nan|nan|nan|nan|nan|nan|nan|nan|-101.722599|nan|0.339778|nan|nan|nan|-3684.908115|nan|nan|nan|nan|-200112.665869|nan|nan|14.385997|nan|-7.808760|nan|0.324349|nan|nan
1054|nan|nan|nan|nan|nan|nan|nan|nan|nan|nan|nan|nan|nan|nan|nan|nan|nan|nan|nan|nan|nan|nan|nan|nan|nan|nan|nan|nan|nan|-86.647901|nan|0.339778|nan|nan|nan|-3684.574667|nan|nan|nan|nan|-200112.665869|nan|nan|14.409891|nan|-7.808760|nan|0.324349|nan|nan
1055|nan|nan|nan|nan|nan|nan|nan|nan|nan|nan|nan|nan|nan|nan|nan|nan|nan|nan|nan|nan|nan|nan|nan|nan|nan|nan|nan|nan|nan|-142.243755|nan|0.339778|nan|nan|nan|-3683.600756|nan|nan|nan|nan|-200112.665869|nan|nan|14.423335|nan|-7.808760|nan|0.324349|nan|nan
1056|nan|nan|nan|nan|nan|nan|nan|nan|nan|nan|nan|nan|nan|nan|nan|nan|nan|nan|nan|nan|nan|nan|nan|nan|nan|nan|nan|nan|nan|-137.338798|nan|0.339778|nan|nan|nan|-3685.227934|nan|nan|nan|nan|-200112.665869|nan|nan|14.428694|nan|-7.808760|nan|0.324349|nan|nan
1057|nan|nan|nan|nan|nan|nan|nan|nan|nan|nan|nan|nan|nan|nan|nan|nan|nan|nan|nan|nan|nan|nan|nan|nan|nan|nan|nan|nan|nan|-132.760838|nan|0.339778|nan|nan|nan|-3682.977855|nan|nan|nan|nan|-200112.665869|nan|nan|14.427709|nan|-7.808760|nan|0.324349|nan|nan
1058|nan|nan|nan|nan|nan|nan|nan|nan|nan|nan|nan|nan|nan|nan|nan|nan|nan|nan|nan|nan|nan|nan|nan|nan|0.013022|nan|nan|nan|nan|-133.975770|nan|0.339778|nan|nan|nan|-3685.220669|nan|nan|nan|nan|-200112.665869|nan|nan|14.421631|nan|-7.808760|nan|0.324349|nan|-223.162632
1059|nan|nan|nan|nan|nan|nan|nan|nan|nan|nan|nan|nan|nan|nan|nan|nan|nan|nan|nan|nan|nan|nan|nan|nan|0.013022|nan|nan|nan|nan|-113.284728|nan|0.339778|nan|nan|nan|-3683.502499|nan|nan|nan|nan|-200112.665869|nan|nan|14.411477|nan|-7.808760|nan|0.324349|nan|-223.162632
1100|nan|nan|nan|nan|nan|nan|nan|nan|nan|nan|nan|nan|nan|nan|nan|nan|nan|nan|nan|nan|nan|nan|nan|nan|0.013022|nan|nan|nan|nan|-105.712726|nan|0.339778|nan|nan|nan|-3685.250225|nan|nan|nan|nan|-200112.665869|nan|nan|14.397945|nan|-7.808760|nan|0.324349|nan|-223.162632
1101|nan|nan|nan|nan|nan|nan|nan|nan|nan|nan|nan|nan|nan|nan|nan|nan|nan|nan|nan|nan|nan|nan|nan|nan|0.013022|nan|nan|nan|nan|-102.603528|nan|0.339778|nan|nan|nan|-3684.217757|nan|nan|nan|nan|-200112.665869|nan|nan|14.381642|nan|-7.808760|nan|0.324349|nan|-223.162632
1102|nan|nan|nan|nan|nan|nan|nan|nan|nan|nan|nan|nan|nan|nan|nan|nan|nan|nan|nan|nan|nan|nan|nan|nan|0.013022|nan|nan|nan|nan|-55.215757|nan|0.339778|nan|nan|nan|-3683.869414|nan|nan|nan|nan|-200112.665869|nan|nan|14.364013|nan|-7.808760|nan|0.324349|nan|-223.162632
1103|nan|nan|nan|nan|nan|nan|nan|nan|nan|nan|nan|nan|nan|nan|nan|nan|nan|nan|nan|nan|nan|nan|nan|nan|0.013022|nan|nan|nan|nan|-87.142206|nan|0.339778|nan|nan|nan|-3686.741823|nan|nan|nan|nan|-200112.665869|nan|nan|14.348436|nan|-7.808760|nan|0.324349|nan|-223.162632
1104|nan|nan|nan|nan|nan|nan|nan|nan|nan|nan|nan|nan|nan|nan|nan|nan|nan|nan|nan|nan|nan|nan|nan|nan|0.013022|nan|nan|nan|nan|-84.787011|nan|0.339778|nan|nan|nan|-3684.963107|nan|nan|nan|nan|-200112.665869|nan|nan|14.337995|nan|-7.808760|nan|0.324349|nan|-223.162632
1105|nan|nan|nan|nan|nan|nan|nan|nan|nan|nan|nan|nan|nan|nan|nan|nan|nan|nan|nan|nan|nan|nan|nan|nan|0.013022|nan|nan|nan|nan|-82.555774|nan|0.339778|nan|nan|nan|-3683.927065|nan|nan|nan|nan|-200112.665869|nan|nan|14.330104|nan|-7.808760|nan|0.324349|nan|-223.162632
1106|nan|nan|nan|nan|nan|nan|nan|nan|nan|nan|nan|nan|nan|nan|nan|nan|nan|nan|nan|nan|nan|nan|nan|nan|0.013022|nan|nan|nan|nan|-80.438959|nan|0.339778|nan|nan|nan|-3685.335382|nan|nan|nan|nan|-200112.665869|nan|nan|14.324521|nan|-7.808760|nan|0.324349|nan|-519.366078
1107|nan|nan|nan|nan|nan|nan|nan|nan|nan|nan|nan|nan|nan|nan|nan|nan|nan|nan|nan|nan|nan|nan|nan|nan|0.013022|nan|nan|nan|nan|-61.421989|nan|0.339778|nan|nan|nan|-3684.806657|nan|nan|nan|nan|-200112.665869|nan|nan|14.321160|nan|-7.808760|nan|0.324349|nan|-519.366078
1108|nan|nan|nan|nan|nan|nan|nan|nan|nan|nan|nan|nan|nan|nan|nan|nan|nan|nan|nan|nan|nan|nan|nan|nan|0.013022|nan|nan|nan|nan|-85.529520|nan|0.339778|nan|nan|nan|-3685.449407|nan|nan|nan|nan|-200112.665869|nan|nan|14.319851|nan|-7.808760|nan|0.324349|nan|-519.366078
1109|nan|nan|nan|nan|nan|nan|nan|nan|nan|nan|nan|nan|nan|nan|nan|nan|nan|nan|nan|nan|nan|nan|nan|nan|0.013022|nan|nan|nan|nan|-106.356224|nan|0.339778|nan|nan|nan|-3684.759682|nan|nan|nan|nan|-200112.665869|nan|nan|14.320340|nan|-7.808760|nan|0.324349|nan|-519.366078
1110|nan|nan|nan|nan|nan|nan|nan|nan|nan|nan|nan|nan|nan|nan|nan|nan|nan|nan|nan|nan|nan|nan|nan|nan|0.013022|nan|nan|nan|nan|-103.882823|nan|0.339778|nan|nan|nan|-3684.356320|nan|nan|nan|nan|-200112.665869|nan|nan|14.322410|nan|-7.808760|nan|0.324349|nan|-519.366078
1111|nan|nan|nan|nan|nan|nan|nan|nan|nan|nan|nan|nan|nan|nan|nan|nan|nan|nan|nan|nan|nan|nan|nan|nan|0.013022|nan|nan|nan|nan|-127.462247|nan|0.339778|nan|nan|nan|-3684.433039|nan|nan|nan|nan|-200112.665869|nan|nan|14.325807|nan|-7.808760|nan|0.324349|nan|-519.366078
1112|nan|nan|nan|nan|nan|nan|nan|nan|nan|nan|nan|nan|nan|nan|nan|nan|nan|nan|nan|nan|nan|nan|nan|nan|0.013022|nan|nan|nan|nan|-115.953264|nan|0.339778|nan|nan|nan|-3684.662185|nan|nan|nan|nan|-200112.665869|nan|nan|14.330490|nan|-7.808760|nan|0.324349|nan|-519.366078
1113|nan|nan|nan|nan|nan|nan|nan|nan|3574.000000|nan|nan|60326405.721242|nan|nan|nan|nan|nan|nan|nan|nan|nan|nan|nan|nan|0.013022|nan|nan|nan|nan|-117.781981|nan|0.339778|nan|nan|nan|-3684.762493|nan|nan|nan|nan|-200112.665869|nan|nan|14.336270|nan|-128.863629|nan|0.324349|nan|-519.366078
1114|nan|nan|nan|nan|nan|nan|nan|nan|3574.000000|nan|nan|67257983.522332|nan|nan|nan|nan|nan|nan|nan|nan|nan|nan|nan|nan|0.013022|nan|nan|nan|nan|-145.795790|nan|0.339778|nan|nan|nan|-3686.539971|nan|nan|nan|nan|-200112.665869|nan|nan|14.343218|nan|-239.391987|nan|0.324349|nan|-519.366078
1115|nan|nan|nan|nan|nan|nan|nan|nan|3574.000000|nan|nan|66575916.430200|nan|nan|nan|nan|nan|nan|nan|nan|nan|nan|nan|nan|0.013022|nan|nan|nan|nan|-151.504617|nan|0.339778|nan|nan|nan|-3685.307914|nan|nan|nan|nan|-200112.665869|nan|nan|14.351084|nan|-340.709649|nan|0.324349|nan|-519.366078
1116|nan|nan|nan|nan|nan|nan|nan|nan|3574.000000|nan|nan|72814443.277617|nan|nan|nan|nan|nan|nan|nan|nan|nan|nan|nan|nan|0.013022|nan|nan|nan|nan|-148.412686|nan|0.339778|nan|nan|nan|-3685.079877|nan|nan|nan|nan|-200112.665869|nan|nan|14.360009|nan|-433.921898|nan|0.324349|nan|-519.366078
1117|nan|nan|nan|nan|nan|nan|nan|nan|3574.000000|nan|nan|69138489.213247|nan|nan|nan|nan|nan|nan|nan|nan|nan|nan|nan|nan|0.013022|nan|nan|nan|nan|-53.205771|nan|0.339778|nan|nan|nan|-3682.723299|nan|nan|nan|nan|-200112.665869|nan|nan|14.368425|nan|-519.963974|nan|0.324349|nan|-519.366078
1118|nan|nan|nan|nan|nan|nan|nan|nan|3574.000000|nan|nan|68461127.172996|nan|nan|nan|nan|nan|nan|nan|nan|nan|nan|nan|0.870109|0.013022|nan|nan|nan|nan|-52.162521|nan|0.339778|nan|nan|nan|-3684.672276|nan|nan|nan|nan|-200112.665869|nan|nan|14.376368|nan|-599.632563|nan|0.324349|nan|-519.366078
1119|nan|nan|nan|nan|nan|nan|nan|nan|3574.000000|nan|nan|69367283.813017|nan|nan|nan|nan|nan|nan|nan|nan|nan|nan|nan|0.804846|0.013022|nan|nan|nan|nan|-33.620774|nan|0.339778|nan|nan|nan|-3683.647687|nan|nan|nan|nan|-200112.665869|nan|nan|14.384081|nan|-673.610538|nan|0.324349|nan|-519.366078
1120|nan|nan|nan|nan|nan|nan|nan|nan|3574.000000|nan|nan|72449777.238687|nan|nan|nan|nan|nan|nan|nan|nan|nan|nan|nan|0.783092|0.013022|nan|nan|nan|nan|-32.986420|nan|0.339778|nan|nan|nan|-3686.591556|nan|nan|nan|nan|-200112.665869|nan|nan|14.395251|nan|-742.486584|nan|0.324349|nan|-519.366078
1121|nan|nan|nan|nan|nan|nan|nan|nan|3574.000000|nan|nan|71982680.927682|nan|nan|nan|nan|nan|nan|nan|nan|nan|nan|nan|0.750827|0.013022|nan|nan|nan|nan|-41.068748|nan|0.339778|nan|nan|nan|-3685.672104|nan|nan|nan|nan|-200112.665869|nan|nan|14.409612|nan|-806.770894|nan|0.324349|nan|-519.366078
1122|nan|nan|nan|nan|nan|nan|nan|nan|3574.000000|nan|nan|74914517.526392|nan|nan|nan|nan|nan|nan|nan|nan|nan|nan|nan|0.731467|0.013022|nan|nan|nan|nan|-34.565154|nan|0.339778|nan|nan|nan|-3684.522722|nan|nan|nan|nan|-200112.665869|nan|nan|14.425933|nan|-895.544464|nan|0.324349|nan|-519.366078
1123|nan|nan|nan|0.200000|nan|nan|nan|nan|3574.000000|nan|nan|78684123.810793|nan|nan|nan|nan|nan|nan|nan|nan|nan|nan|nan|0.684506|0.013022|nan|nan|nan|nan|-33.947919|nan|0.339778|nan|nan|nan|-3685.217549|nan|nan|nan|nan|-200112.665869|nan|nan|14.448472|nan|-984.318035|nan|0.324349|nan|-519.366078
1124|nan|nan|nan|-2.600000|nan|nan|nan|nan|3574.000000|nan|nan|79738673.542227|nan|nan|nan|nan|nan|nan|nan|nan|nan|nan|nan|0.650962|0.013022|nan|nan|nan|nan|-36.179646|nan|0.339778|nan|nan|nan|-3684.526567|nan|nan|nan|nan|-200112.665869|nan|nan|14.475869|nan|-1073.091605|nan|0.324349|nan|-519.366078
1125|nan|nan|nan|-4.400000|nan|nan|nan|nan|3574.000000|nan|nan|75984404.899017|nan|nan|nan|nan|nan|nan|nan|nan|nan|nan|nan|0.625804|0.013022|nan|nan|nan|nan|-39.752633|nan|0.339778|nan|nan|nan|-3684.849050|nan|nan|nan|nan|-200112.665869|nan|nan|14.507370|nan|-1161.865176|nan|0.324349|nan|-519.366078
1126|nan|nan|nan|-6.000000|nan|nan|nan|nan|3574.000000|nan|nan|77754322.695336|nan|nan|nan|nan|nan|nan|nan|nan|nan|nan|nan|0.606236|0.013022|nan|nan|nan|nan|-41.843890|nan|0.339778|nan|nan|nan|-3685.092663|nan|nan|nan|nan|-200112.665869|nan|nan|14.542650|nan|-1250.638746|nan|0.324349|nan|-519.366078
1127|nan|nan|nan|-6.200000|nan|nan|nan|nan|3574.000000|nan|nan|76794389.953172|nan|nan|nan|nan|nan|nan|nan|nan|nan|nan|nan|0.590582|0.013022|nan|nan|nan|nan|-37.053253|nan|0.339778|nan|nan|nan|-3685.319076|nan|nan|nan|nan|-200112.665869|nan|nan|14.580455|nan|-1339.412317|nan|0.324349|nan|-519.366078
1128|85476050.654758|nan|nan|-7.000000|nan|nan|nan|-22.414450|3574.000000|-3.566634|2.800987|76356234.071847|nan|nan|nan|nan|-5.600000|nan|-9069929.968002|nan|nan|nan|nan|0.577774|0.013022|nan|nan|-0.710344|nan|-40.263823|nan|0.339778|-3.335608|-0.159717|-3.566634|-3685.048243|-108683374.500607|nan|226445.840582|nan|-200112.665869|nan|nan|14.648096|nan|-1428.185887|-19.241666|0.324349|nan|-519.366078
1129|87227346.012884|nan|nan|-7.000000|nan|nan|nan|-22.414450|3574.000000|-3.566634|2.800987|77734520.080836|nan|nan|nan|nan|-7.600000|nan|-9077135.910682|nan|nan|nan|nan|0.567101|0.013022|nan|nan|-0.710344|nan|-36.164345|nan|0.339778|-3.335608|-0.159717|-3.566634|-3684.838283|-119854259.265780|nan|226445.840582|nan|-200112.665869|nan|nan|14.713799|nan|-1516.959457|-21.241666|0.324349|nan|-519.366078
1330|87856336.429448|nan|nan|-8.400000|nan|nan|nan|-10.147783|3574.000000|-3.566634|0.855555|78373121.898353|nan|nan|nan|nan|-8.000000|nan|-9087245.279143|0.506598|nan|nan|nan|0.552549|0.013022|nan|nan|-0.704055|nan|-18.061288|nan|0.339778|-3.335608|-0.159717|-3.566634|-3684.159491|-119854259.265780|nan|208555.851112|nan|-200112.665869|nan|nan|14.776491|nan|-1605.733028|-23.241666|0.324349|nan|-519.366078
1331|91163847.757698|nan|nan|-10.200000|nan|nan|nan|-10.147783|3574.000000|-3.566634|-0.457825|82044400.250084|nan|nan|nan|nan|-16.000000|nan|-9083784.633004|0.679959|nan|nan|nan|0.540076|0.013022|nan|nan|-0.698847|nan|9.800908|nan|0.339778|-3.335608|-0.159717|-3.566634|-3684.056300|-119854259.265780|nan|208555.851112|nan|-200112.665869|nan|nan|14.837667|nan|-1694.506598|-27.241666|0.324349|nan|-519.366078
1332|91811801.028302|nan|nan|-13.800000|nan|nan|nan|-8.959904|3574.000000|-3.566634|-1.249410|81328533.843960|nan|nan|nan|nan|5.800000|nan|-9085882.414455|0.679959|nan|nan|nan|0.529266|0.013022|nan|nan|-0.721196|nan|-37.444843|nan|0.339778|-3.335608|-0.159717|-3.566634|-3686.189948|-119854259.265780|nan|208555.851112|nan|-200112.665869|nan|nan|14.898665|nan|-1783.280169|-27.241666|0.324349|nan|-519.366078
1333|95289125.321862|2.356713|nan|-16.000000|nan|nan|nan|-8.959904|3574.000000|-3.566634|-2.508187|84354036.478629|nan|nan|nan|nan|5.000000|nan|-9104187.670055|0.679959|nan|nan|nan|0.519808|0.013022|nan|nan|-0.717815|nan|-116.554838|nan|0.339778|-3.335608|-0.159717|-3.566634|-3686.851161|-119854259.265780|nan|208555.851112|nan|-200112.665869|nan|nan|14.960593|nan|-1872.053739|-33.241666|0.324349|nan|-519.366078
1334|100215435.238752|4.978877|nan|-18.400000|nan|nan|nan|-8.959904|3574.000000|-3.566634|-2.508187|88744403.972055|nan|nan|nan|nan|-9.000000|nan|-9123464.105697|0.679959|nan|nan|nan|0.511462|0.013022|nan|nan|-0.713500|nan|-125.546829|nan|0.339778|-3.335608|-0.159717|-3.566634|-3683.171020|-119854259.265780|nan|208555.851112|nan|-200112.665869|nan|nan|15.017038|nan|-1960.827310|-23.241666|0.324349|nan|-519.366078
1335|106155238.000000|6.910918|nan|-20.000000|nan|nan|nan|-8.959904|3574.000000|-3.566634|-2.508187|94472391.019063|nan|nan|nan|nan|-8.400000|nan|-9142612.488152|0.679959|nan|nan|nan|0.504043|0.013022|nan|nan|-0.737658|nan|-124.527565|nan|0.339778|-3.335608|-0.159717|-3.566634|-3685.487219|-119854259.265780|nan|208555.851112|nan|-200112.665869|nan|nan|15.068100|nan|-2049.600880|-21.241666|0.324349|nan|-519.366078
1336|108715085.060864|9.405510|nan|-22.400000|nan|nan|nan|-8.959904|3574.000000|-3.566634|-2.508187|96619792.432933|nan|nan|nan|nan|-10.200000|nan|-9156690.761125|0.679959|nan|nan|nan|0.497406|0.013022|nan|nan|-0.733283|nan|-116.954220|nan|0.339778|-3.335608|-0.159717|-3.566634|-3685.266256|-119854259.265780|nan|208555.851112|nan|-200112.665869|nan|nan|15.120754|nan|-2138.374450|-21.166666|0.324349|nan|-519.366078
1337|114105393.105474|8.760051|nan|-23.400000|nan|nan|nan|-8.959904|3574.000000|-3.566634|-2.508187|100779377.629726|nan|nan|nan|nan|-9.800000|nan|-9336304.363016|0.679959|nan|nan|nan|0.481162|0.013022|nan|nan|-0.726638|nan|-120.299169|nan|0.339778|-3.335608|-0.159717|-3.566634|-3685.307158|-119854259.265780|nan|208555.851112|nan|-200112.665869|nan|nan|15.175071|nan|-2227.148021|-29.025000|0.324349|nan|-519.366078
1338|113975622.000000|8.445008|nan|-23.400000|nan|nan|nan|-12.317258|3574.000000|-3.566634|-2.508187|99107632.027159|nan|nan|nan|nan|-12.000000|nan|-9500722.977134|0.679959|nan|nan|nan|0.466466|0.013022|nan|nan|-0.726638|nan|-130.979739|nan|0.339778|-3.335608|-0.159717|-4.452753|-3685.226823|-119854259.265780|nan|208555.851112|nan|-200112.665869|nan|nan|15.230590|nan|-2315.921591|-29.258333|0.324349|nan|-519.366078
1339|122527510.350000|7.852467|nan|-23.400000|nan|nan|nan|-9.710765|3574.000000|-3.566634|-2.508187|108385032.842760|nan|nan|nan|nan|-6.400000|nan|-9536442.166470|0.679959|nan|nan|nan|0.452254|0.013022|nan|nan|-0.721738|nan|-167.335550|nan|0.339778|-3.335608|-0.159717|-4.452753|-3685.100501|-119854259.265780|nan|208555.851112|nan|-200112.665869|nan|nan|15.286253|nan|-2404.695162|-34.633333|0.324349|nan|-519.366078
1340|121320441.641882|7.391891|nan|-23.400000|nan|nan|nan|-9.710765|3574.000000|-3.566634|-2.508187|108562152.831577|nan|nan|nan|nan|-26.000000|nan|-9932930.641707|0.679959|nan|nan|nan|0.438460|0.013022|nan|nan|-0.722165|nan|-143.003343|nan|0.339778|-3.335608|-0.159717|-4.452753|-3681.965387|-119854259.265780|nan|208555.851112|nan|-200112.665869|nan|nan|15.342172|nan|-2493.468732|-38.441666|0.324349|nan|-519.366078
1341|130138653.473136|7.813702|nan|-23.400000|nan|nan|nan|-9.710765|3574.000000|-3.566634|-2.508187|118883799.116491|nan|nan|nan|nan|-24.400000|nan|-10358479.772254|0.679959|nan|nan|nan|0.425816|0.013022|nan|nan|-0.731408|nan|-135.930324|nan|0.339778|-3.335608|-0.159717|-4.452753|-3685.438356|-119854259.265780|nan|208555.851112|nan|-200112.665869|nan|nan|15.398972|nan|-2582.242303|-31.175000|0.324349|nan|-519.366078
1342|129841857.126228|8.745665|nan|-23.400000|nan|nan|nan|-9.710765|3574.000000|-3.566634|-2.508187|118875027.056189|nan|nan|nan|nan|-25.400000|nan|-11469032.956456|0.679959|nan|nan|nan|0.414183|0.013022|nan|nan|-0.731408|nan|-133.197824|nan|0.339778|-3.335608|-0.164623|-4.452753|-3685.183458|-119854259.265780|nan|208555.851112|nan|-200112.665869|nan|nan|15.457304|nan|-2671.015873|-31.841666|0.324349|nan|-519.366078
1343|128550041.368242|8.620870|-3.566634|-23.400000|nan|-15.613255|-5.964745|-9.710765|3574.000000|-3.566634|-2.508187|117659989.711596|-0.011409|-7.027614|-1.255614|nan|-19.400000|nan|-13202148.192331|0.679959|nan|-8.915229|-2.615375|0.402835|0.013022|nan|nan|-0.727020|-3.152891|-122.827441|13.256262|0.339778|-3.335608|-0.173415|-4.452753|-3686.477262|-119854259.265780|nan|208555.851112|-0.000009|-200112.665869|-2.477997|-0.104692|15.517181|-0.116292|-2671.015873|-39.525000|0.209521|-3.152891|-519.366078
1344|120907974.351872|8.157065|-3.566634|-23.400000|nan|-15.956092|-5.964745|-9.710765|5039.600000|-3.566634|-2.508187|109928510.643427|-0.011409|-7.027614|-1.254529|nan|-35.400000|12.000000|-14355574.791816|0.679959|nan|-14.614980|-2.542605|0.373602|0.013022|nan|nan|-0.723407|-3.157925|-44.018237|13.329506|0.339778|-3.335608|-0.173415|-4.452753|-3681.477602|-119854259.265780|nan|181886.381600|-0.000009|-200112.665869|-2.501160|-0.104528|15.579455|-0.115518|-2671.015873|-47.525000|0.171412|-3.157925|-519.366078
1345|117564465.060160|7.790645|-3.566634|-23.400000|3.617424|-15.956092|-5.964745|-9.710765|5039.600000|-3.566634|-2.508187|106544335.748244|-0.011409|-7.027614|-1.047107|nan|-19.400000|12.000000|-15143186.492324|0.679959|nan|-13.660744|-2.486971|0.346425|0.013022|nan|nan|-0.717518|-3.160255|-83.213147|13.430690|0.339778|-3.335608|-0.173415|-4.452753|-3687.539380|-119854259.265780|nan|181886.381600|-0.000009|-200112.665869|-2.523357|-0.104827|15.643670|-0.102686|-2671.015873|-41.525000|0.171412|-3.160255|-519.366078
1346|123561889.350000|7.836576|-3.566634|-23.400000|-5.088145|-12.311648|-5.964745|-9.710765|5039.600000|-3.566634|-2.508187|112783080.751818|-0.011409|-7.027614|-1.046881|nan|-25.400000|12.000000|-15817437.802429|0.679959|nan|-10.290849|-2.685777|0.321122|0.013022|nan|nan|-0.717518|-3.126049|-79.024506|13.552594|0.339778|-3.335608|-0.173415|-4.452753|-3684.463690|-119854259.265780|nan|181886.381600|-0.000009|-200112.665869|-2.544649|-0.104326|15.709838|-0.083276|-2671.015873|-37.525000|0.171412|-3.126049|-519.366078
1347|119864313.700000|7.961244|-3.566634|-23.800000|-5.088145|-12.311648|-5.964745|-9.710765|5039.600000|-3.566634|-2.508187|110772597.118679|-0.011409|-7.027614|-1.046614|nan|-25.400000|12.000000|-15979166.834748|0.679959|nan|-9.111105|-2.487222|0.297506|0.013022|nan|nan|-0.711723|-3.090860|-66.585876|13.692032|0.257621|-3.335608|-0.173415|-4.452753|-3684.785387|-119854259.265780|nan|181886.381600|-0.000009|-200112.665869|-2.565088|-0.103519|15.776939|-0.071399|-2671.015873|-37.525000|0.116950|-3.090860|-519.366078
1348|116626338.409802|8.047391|-3.566634|-24.200000|-5.088145|-12.311648|-5.964745|-9.710765|5039.600000|-4.452753|-2.508187|108817512.514540|-0.011409|-7.027614|-1.046635|nan|-19.400000|12.000000|-15967128.218095|0.679959|nan|-8.684763|-2.454806|0.255590|0.013022|nan|nan|-0.707392|-3.056331|-91.820888|13.846692|0.257621|-3.566634|-0.173415|-4.452753|-3685.372135|-119854259.265780|nan|181886.381600|-0.000009|-200112.665869|-2.578236|-0.104922|15.842830|-0.062954|-2671.015873|-37.525000|0.082045|-3.056331|-519.366078
1349|117002560.200000|8.007511|-3.566634|-24.200000|-5.088145|-12.311648|-5.964745|-10.114356|5039.600000|-4.452753|-2.508187|110859666.328163|-0.011409|-7.027614|-1.046798|nan|-21.400000|12.000000|-16119343.110314|0.679959|nan|-10.108089|-2.994842|0.218025|0.013022|nan|nan|-0.708416|-3.029089|-106.307609|14.010093|0.257621|-3.566634|-0.173415|-4.452753|-3685.298004|-119854259.265780|nan|181886.381600|-0.000009|-200112.665869|-2.579153|-0.100810|15.903838|-0.056543|-2671.015873|-37.525000|0.082045|-3.029089|-519.366078
1350|115371026.475016|7.921076|-3.566634|-25.200000|-5.088145|-12.442814|-5.964745|-10.114356|5039.600000|-4.452753|-2.508187|110199658.109359|-0.011409|-7.027614|-1.047341|nan|-19.400000|8.000000|-16593608.029553|0.679959|nan|-11.990819|-3.252035|0.180461|0.013022|nan|nan|-0.710595|-2.996986|-105.782096|14.170259|0.257621|-3.566634|-0.173415|-4.452753|-3686.023857|-119854259.265780|nan|181886.381600|-0.000009|-200112.665869|-2.562421|-0.100471|15.961322|-0.051606|-2671.015873|-41.050000|0.082045|-2.996986|-519.366078
1351|111889407.935044|7.982247|-3.566634|-26.200000|-5.088145|-13.323393|-5.964745|-10.114356|5039.600000|-4.452753|-2.508187|108059433.535769|-0.011409|-7.027614|-1.048075|nan|-17.400000|2.000000|-16821370.856734|0.679959|nan|-14.426389|-4.055647|0.145748|0.013022|nan|nan|-0.705495|-2.978768|-89.105271|14.314688|0.257621|-3.566634|-0.173415|-4.452753|-3684.929274|-119854259.265780|nan|181886.381600|-0.000009|-200112.665869|-2.551009|-0.099951|16.015177|-0.047341|-2671.015873|-41.241666|0.082045|-2.978768|-519.366078
1352|107032090.789738|7.828774|-3.566634|-29.000000|-5.088145|-13.085763|-5.964745|-10.114356|5262.000000|-4.452753|-2.508187|103894393.769999|-0.011409|-7.027614|-1.048750|nan|-17.800000|2.000000|-16799985.233981|0.679959|nan|-14.211025|-5.369459|0.111034|0.013022|nan|nan|-0.727922|-2.988761|-105.523043|14.433431|0.257621|-3.566634|-0.173415|-4.452753|-3684.789787|-119854259.265780|nan|181886.381600|-0.000009|-200112.665869|-2.554264|-0.099957|16.065126|-0.043613|-2671.015873|-47.241666|0.082045|-2.988761|-519.366078
1353|109367815.201792|7.671253|-4.452753|-33.400000|-19.489175|-13.543377|-5.964745|-10.114356|5262.000000|-4.452753|-3.073470|106291558.874040|-0.011409|-7.954932|-1.048780|nan|-28.200000|2.000000|-16810979.405447|0.679959|nan|-17.891238|-7.980923|0.083133|0.013022|nan|nan|-0.727682|-3.122054|-89.318354|14.528778|0.257621|-3.566634|-0.179414|-4.452753|-3683.756406|-119854259.265780|nan|181886.381600|-0.000011|-200112.665869|-2.588166|-0.099619|16.110254|-0.041123|-2671.015873|-48.358333|0.082045|-3.122054|-519.366078
1354|117058274.791904|7.503525|-4.452753|-36.400000|-19.489175|-14.729721|-7.645633|-17.025135|5551.400000|-4.452753|-3.073470|114557479.501382|-0.011409|-9.418591|-1.049103|nan|-20.200000|2.000000|-17525297.670228|0.679959|nan|-21.510224|-9.302756|0.055231|0.013022|nan|nan|-0.727190|-3.152733|-105.339603|14.598329|0.257621|-3.566634|-0.198234|-4.452753|-3685.028783|-110777492.694807|nan|181886.381600|-0.000011|-200112.665869|-2.620878|-0.099416|16.149176|-0.039054|-2671.015873|-49.350000|0.082045|-3.152733|-519.366078
1355|120366017.541916|6.959713|-4.452753|-38.400000|-19.489175|-15.823843|-7.645633|-17.025135|5551.400000|-4.452753|-3.073470|118206048.718838|-0.011409|-10.016335|-0.789058|nan|-31.200000|2.000000|-18344629.634093|0.679959|nan|-28.137472|-11.022761|0.027329|0.013022|nan|nan|-0.723676|-3.171197|-57.546021|14.632187|0.257621|-3.566634|-0.210705|-4.452753|-3684.465748|-107045683.745643|nan|181886.381600|-0.000011|-200112.665869|-2.652462|-0.068948|16.181869|-0.037482|-2671.015873|-54.058333|0.082045|-3.171197|-519.366078
1356|119083382.575338|6.856516|-4.452753|-40.000000|-19.489175|-17.173310|-7.645633|-17.025135|5551.400000|-4.452753|-3.073470|116591371.634454|-0.011409|-10.016335|-0.788887|nan|-28.200000|2.000000|-18980125.148212|0.679959|nan|-23.819071|-11.907126|-0.000573|0.013022|nan|nan|-0.723676|-3.146539|-52.132682|14.629224|0.257621|-3.566634|-0.215771|-4.452753|-3684.365398|-105252608.336926|nan|165403.485924|-0.000011|-200112.665869|-2.682975|-0.028248|16.209671|-0.036239|-2671.015873|-54.583333|0.082045|-3.146539|-519.366078
1357|122050883.459496|6.546255|-4.452753|-40.400000|-19.489175|-19.537756|-7.645633|-17.025135|5551.400000|-4.452753|-3.073470|119677391.732088|-0.011409|-10.449293|-0.788570|nan|-33.000000|2.000000|-20038431.090387|0.679959|nan|-30.893127|-13.141678|-0.028475|0.013022|nan|nan|-0.726336|-3.121586|-41.373215|14.589881|0.257621|-3.566634|-0.221545|-4.452753|-3685.058457|-102851322.035440|nan|165403.485924|-0.000011|-200112.665869|-2.712472|-0.028914|16.234009|-0.035257|-2671.015873|-56.466666|0.082045|-3.121586|-519.366078
1358|123870159.434014|6.340149|-4.452753|-40.400000|-19.489175|-22.819874|-7.645633|-18.846584|5551.400000|-4.452753|-3.073470|122096691.732268|-0.011409|-13.665771|-0.788527|nan|-31.400000|2.000000|-21171347.849780|0.679959|0.000000|-27.031998|-13.807745|-0.056377|0.013022|nan|-40433.309664|-0.752983|-3.093565|-42.544478|14.515006|0.257621|-3.566634|-0.231727|-4.452753|-3685.366772|-101286999.748419|-12150.498502|165403.485924|-0.000011|-200112.665869|-2.768168|-0.027421|16.255446|-0.034463|-2671.015873|-55.308333|0.082045|-3.093565|-519.366078
1359|122804423.940618|6.520320|-4.452753|-40.800000|-19.489175|-24.265600|-7.645633|-18.846584|5543.800000|-4.452753|-3.073470|123947414.867424|-0.026039|-14.274011|-0.788390|0.258652|-38.400000|2.000000|-22138473.066841|0.679959|-0.000000|-28.289318|-14.647804|-0.084279|0.013022|nan|-40035.029605|-0.753314|-3.079338|-48.685002|14.418278|0.257621|-3.566634|-0.234277|-4.452753|-3685.449500|-101286999.748419|-16551.974442|165403.485924|-0.000011|-200112.665869|-2.823864|-0.027053|16.274919|-0.033775|-2671.015873|-53.800000|0.082045|-3.079338|-519.366078
1400|120195436.999580|6.634599|-4.452753|-42.000000|-19.489175|-25.192686|-7.645633|-24.403416|5543.800000|-4.452753|-3.073470|122489386.365339|-0.026039|-17.578130|-0.788321|0.555525|-38.400000|2.000000|-22568674.522961|0.679959|-0.000000|-27.720857|-16.144955|-0.109789|0.013022|nan|-25764.121360|-0.723508|-3.056474|-50.961524|14.305360|0.257621|-3.566634|-0.238671|-4.452753|-3685.504146|-101286999.748419|-13978.283353|165403.485924|-0.000011|-200112.665869|-2.879561|-0.028431|16.293070|-0.033283|-2671.015873|-53.800000|0.082045|-3.056474|-519.366078
1401|114271495.375558|6.532664|-4.452753|-42.600000|-19.489175|-26.396049|-7.645633|-24.403416|5543.800000|-4.452753|-3.073470|115586575.191953|-0.026039|-18.816008|-0.788403|0.555525|-38.000000|2.000000|-22649671.546140|0.679959|-0.000000|-25.166996|-16.523072|-0.135298|0.013022|nan|-5831.452930|-0.712633|-3.070381|-53.593020|14.178931|0.257621|-3.566634|-0.245083|-4.452753|-3685.786795|-101286999.748419|-11451.491197|165403.485924|-0.000011|-200112.665869|-2.935257|-0.025962|16.309819|-0.032839|-2671.015873|-53.800000|0.082045|-3.070381|-519.366078
1402|114113144.016290|6.694700|-4.452753|-42.600000|-19.489175|-26.496539|-7.645633|-24.403416|5277.600000|-4.452753|-3.073470|113304036.348145|-0.026039|-18.816008|-0.788559|0.555525|-38.400000|2.000000|-22974896.445105|0.679959|-0.000000|-33.385545|-16.862958|-0.160808|0.013022|nan|-6236.690692|-0.707054|-3.130966|-82.140856|14.040763|0.257621|-3.566634|-0.252023|-4.452753|-3684.810735|-101286999.748419|-10324.513665|165403.485924|-0.000011|-200112.665869|-2.990953|-0.022134|16.326538|-0.032501|-2671.015873|-53.800000|0.082045|-3.130966|-519.366078
1403|110924712.890964|6.620117|-4.452753|-42.600000|-19.489175|-26.508221|-7.645633|-24.403416|5277.600000|-4.452753|-3.073470|110069548.169423|-0.026039|-18.816008|-0.788638|0.555525|-40.400000|2.000000|-22977437.924690|0.679959|-0.000000|-26.929945|-16.620754|-0.186317|0.013022|-0.092843|-5384.901566|-0.698494|-3.359852|-62.064724|13.892033|0.257621|-3.566634|-0.254701|-4.452753|-3684.555687|-98467232.411598|-11010.939614|165403.485924|-0.000011|-200112.665869|-3.046649|-0.022163|16.343584|-0.032183|-2671.015873|-53.800000|0.082045|-3.359852|-519.366078
1404|113905631.607358|6.491179|-4.452753|-44.200000|-19.489175|-26.639725|-7.645633|-24.403416|5277.600000|-4.452753|-3.073470|114203418.224455|-0.026039|-18.816008|-0.788445|0.555525|-44.800000|2.000000|-23002065.895005|0.679959|-0.000000|-32.094303|-15.704207|-0.211827|0.013022|-0.077266|-5428.551592|-0.609917|-3.503202|-54.357126|13.733151|0.257621|-3.566634|-0.260056|-4.452753|-3684.815827|-98467232.411598|-9326.899303|165403.485924|-0.000011|-200112.665869|-3.102346|-0.022478|16.360866|-0.031842|-2671.015873|-57.041666|0.082045|-3.503202|-519.366078
1405|110297320.957534|6.302400|-4.452753|-46.200000|-19.489175|-27.901563|-7.645633|-24.403416|5277.600000|-4.452753|-3.073470|110585299.132217|-0.026039|-18.816008|-0.788580|0.555525|-38.000000|2.000000|-22993685.808679|0.679959|-0.000000|-24.911848|-14.954966|-0.237337|0.013022|-0.071792|-6237.190327|-0.609917|-3.625891|-64.512538|13.563320|0.257621|-3.566634|-0.264614|-4.452753|-3687.003992|-98467232.411598|-9294.792886|165403.485924|-0.000011|-200112.665869|-3.158042|-0.023460|16.374965|-0.031516|-2671.015873|-59.475000|0.082045|-3.625891|-519.366078
1406|110633648.723722|6.112542|-4.452753|-47.800000|-19.489175|-29.043226|-7.645633|-25.545079|5277.600000|-4.452753|-3.073470|111155243.332570|-0.026039|-18.816008|-0.788532|0.555525|-44.600000|2.000000|-22997715.095149|0.679959|-0.000000|-33.438875|-15.118526|-0.262846|0.013022|-0.066630|-5503.552382|-0.611902|-3.671953|-60.751135|13.382337|0.257621|-3.566634|-0.268826|-4.452753|-3684.120031|-98467232.411598|-8536.530400|165403.485924|-0.000011|-200112.665869|-3.213738|-0.025088|16.379406|-0.031188|-2671.015873|-57.475000|0.082045|-3.671953|-519.366078
1407|115242968.642686|5.632977|-4.452753|-50.400000|-19.489175|-30.266635|-7.645633|-29.656902|5277.600000|-4.452753|-3.073470|115821247.077192|-0.026039|-18.816008|-0.789088|0.555525|-32.600000|2.000000|-23034694.197784|0.679959|-0.000000|-31.036984|-15.879939|-0.281510|0.013022|-0.060287|-4153.451607|-0.614408|-3.684729|-109.250191|13.190551|0.257621|-3.566634|-0.268826|-4.452753|-3685.689908|-98467232.411598|-6840.943158|165403.485924|-0.000011|-200112.665869|-3.264354|-0.025981|16.375149|-0.030924|-2671.015873|-64.441666|0.082045|-3.684729|-519.366078
1408|111540509.876052|5.311305|-4.452753|-53.200000|-19.489175|-31.183052|-7.645633|-29.656902|5277.600000|-4.452753|-3.073470|113055182.129900|-0.018236|-18.816008|-0.789134|0.555525|-46.600000|2.000000|-23428394.834440|0.679959|0.000000|-27.622866|-16.740282|-0.300173|0.013022|-0.058241|-5944.566197|-0.614447|-3.682590|-84.410452|12.988106|0.257621|-4.452753|-0.268368|-4.452753|-3683.566807|-98467232.411598|-135.300834|165403.485924|-0.000011|-200112.665869|-3.301982|-0.029524|16.358166|-0.030709|-2671.015873|-60.416666|0.082045|-3.682590|-519.366078
1409|112626922.500000|4.937942|-4.452753|-55.600000|-19.489175|-33.155049|-7.645633|-29.656902|5277.600000|-4.452753|-3.073470|113688760.180031|0.068682|-18.816008|-0.789505|0.555525|-38.200000|2.000000|-23829266.390999|0.679959|0.000000|-27.633530|-17.967470|-0.318212|0.013022|-0.048479|-3906.946787|-0.612110|-3.672991|-82.914841|12.762006|0.257621|-4.452753|-0.267533|-4.452753|-3686.036492|-98467232.411598|-133.167578|165403.485924|-0.000011|-200112.665869|-3.317336|-0.034764|16.329533|-0.030566|-2671.015873|-64.633333|0.082045|-3.672991|-519.366078
1410|115855467.009352|4.716914|-4.452753|-56.600000|-19.489175|-35.129713|-7.645633|-33.418167|5277.600000|-4.452753|-3.073470|116453917.861637|0.068682|-18.816008|-0.789342|0.555525|-52.200000|2.000000|-24565768.316035|0.679959|0.000000|-27.358293|-18.846203|-0.335624|0.013022|-0.037257|-4797.731696|-0.615882|-3.648503|-68.567540|12.508620|0.257621|-4.452753|-0.265530|-4.452753|-3682.902008|-98467232.411598|-170.546943|165403.485924|-0.000011|-200112.665869|-3.299482|-0.035472|16.288427|-0.030422|-2671.015873|-67.150000|0.011869|-3.648503|-519.366078
1411|117574606.590666|4.292709|-4.452753|-55.800000|-19.489175|-36.916314|-7.645633|-33.418167|5277.600000|-4.452753|-3.073470|117475688.578072|0.068682|-18.816008|-0.788797|0.555525|-55.800000|2.000000|-25445972.319372|0.679959|0.000000|-30.827746|-20.046740|-0.353035|0.013022|-0.030863|-5450.357625|-0.619629|-3.609344|-21.164546|12.226890|0.257621|-4.452753|-0.265478|-4.452753|-3683.452884|-98467232.411598|-214.901324|165403.485924|-0.000011|-200112.665869|-3.270672|-0.036108|16.235176|-0.030251|-2671.015873|-72.366666|-0.058306|-3.609344|-519.366078
1412|114779484.023934|4.001334|-4.452753|-55.400000|-19.489175|-38.723238|-7.645633|-36.443815|5277.600000|-4.452753|-3.073470|114541160.189101|0.068682|-18.816008|-0.788062|0.555525|-58.400000|2.000000|-26070999.734130|0.679959|0.000000|-32.043544|-21.128877|-0.370447|0.013022|-0.027331|-6419.313012|-0.614776|-3.594364|5.051067|11.916506|0.257621|-4.452753|-0.265478|-4.452753|-3683.960007|-98467232.411598|-329.241448|165403.485924|-0.000011|-200112.665869|-3.238042|-0.037377|16.170019|-0.029922|-2671.015873|-76.083333|-0.152401|-3.594364|-519.366078
1413|109004379.407198|3.608009|-4.452753|-54.200000|-19.489175|-39.977122|-7.645633|-36.443815|5277.600000|-4.452753|-3.073470|108930061.253751|0.068682|-18.816008|-0.787694|0.555525|-55.200000|2.000000|-26985781.678422|0.679959|0.000000|-36.807669|-23.167375|-0.387330|-0.005727|-0.018457|-6895.419176|-0.623145|-3.648937|14.158121|11.573631|0.257621|-4.452753|-0.265478|-4.452753|-3685.173216|-98467232.411598|-279.639398|165403.485924|-0.000011|-200112.665869|-3.223207|-0.038377|16.093564|-0.029606|-2671.015873|-74.508333|-0.088527|-3.648937|-519.366078
1414|105499168.690428|3.361846|-4.452753|-52.400000|-19.489175|-41.111589|-7.645633|-36.443815|5277.600000|-4.452753|-3.073470|105540713.745680|0.068682|-18.816008|-1.366422|0.555525|-49.600000|2.000000|-27962894.862213|0.679959|0.000000|-39.208184|-25.698353|-0.387361|-0.016782|0.003241|-7446.875165|-0.622677|-4.102264|20.966473|11.198106|0.257621|-4.452753|-0.252413|-4.452753|-2914.773229|-98467232.411598|-310.001043|165403.485924|-0.000011|-200112.665869|-3.227813|-0.039421|16.005462|-0.029522|-2671.015873|-75.375000|-0.088527|-4.102264|-519.366078
1415|105322909.406774|3.208082|-4.452753|-52.000000|-19.489175|-41.941962|-7.645633|-36.305159|5277.600000|-4.452753|-3.073470|105850166.490133|0.068682|-21.849129|-1.366163|0.302806|-62.600000|2.000000|-28077175.294472|0.679959|0.000000|-45.507676|-26.960416|-0.387361|-0.008486|0.013533|-8613.572344|-0.633790|-4.260825|41.457484|10.790114|0.257621|-4.452753|-0.235904|-4.452753|-2913.456301|-98467232.411598|-299.604800|165403.485924|-0.000011|-200112.665869|-3.232419|-0.040563|15.905105|-0.029483|-2671.015873|-73.375000|0.039221|-4.260825|-519.366078
1416|99584349.289814|3.240963|-4.452753|-52.000000|-19.489175|-41.941962|-7.645633|-36.305159|5277.600000|-4.452753|-3.073470|100308492.442619|0.068682|-27.365690|-1.366234|0.024041|-53.800000|2.000000|-27694390.568858|0.679959|0.000000|-42.197571|-27.844215|-0.387361|-0.001764|0.015696|-8650.066205|-0.633790|-4.293826|39.241284|10.351173|0.257621|-4.452753|-0.195155|-4.452753|-2914.007501|-98467232.411598|-274.321410|165403.485924|-0.000011|-200112.665869|-3.237024|-0.041082|15.791756|-0.029508|-2671.015873|-69.375000|0.039221|-4.293826|-519.366078
1417|90812171.666598|3.196488|-4.452753|-52.000000|-19.489175|-42.698824|-7.645633|-41.062021|5277.600000|-4.452753|-3.073470|91974449.142350|0.068682|-30.123970|-1.366269|0.062982|-57.400000|2.000000|-27213992.405721|0.679959|0.000000|-43.165252|-29.047578|-0.387361|0.001646|0.021503|-8544.535842|-0.628605|-4.262243|-34.356074|9.883600|0.257621|-4.452753|-0.162655|-4.452753|-2912.699999|-98467232.411598|-235.775702|165403.485924|-0.000011|-200112.665869|-3.241630|-0.042225|15.663601|-0.029507|-2671.015873|-71.375000|0.039221|-4.262243|-519.366078
1418|91296187.322453|3.192931|-4.452753|-53.000000|-19.489175|-43.383605|-7.645633|-43.571876|5277.600000|-4.452753|-3.073470|92127428.168262|0.068682|-34.503110|-1.366488|0.062982|-52.200000|2.000000|-26745508.469131|0.679959|0.000000|-42.581905|-29.347906|-0.387361|0.001921|0.023918|-8706.589236|-0.628979|-4.227591|-37.565656|9.389412|0.257621|-4.452753|-0.143442|-4.452753|-2913.229021|-98467232.411598|-208.281617|165403.485924|-0.000011|-200112.665869|-3.246236|-0.043528|15.520672|-0.029471|-2671.015873|-71.375000|0.039221|-4.227591|-519.366078
1419|94221118.139504|3.155825|-4.452753|-54.000000|-19.489175|-44.193644|-7.645633|-43.571876|5277.600000|-4.452753|-3.073470|94920029.135868|0.068682|-34.692680|-1.366597|0.062982|-50.400000|2.000000|-26029078.886516|0.679959|0.000000|-43.289686|-29.072201|-0.387361|0.001921|0.026483|-9731.399200|-0.625032|-4.203717|-54.864591|8.870809|0.257621|-4.452753|-0.128946|-4.452753|-2914.619944|-98467232.411598|-201.366809|165403.485924|-0.000011|-200112.665869|-3.250841|-0.044190|15.358128|-0.029396|-2671.015873|-69.375000|0.039221|-4.203717|-519.366078
1420|95435477.900000|3.051103|-4.452753|-55.800000|-19.489175|-44.926537|-7.645633|-43.571876|5277.600000|-4.452753|-3.073470|96438154.855931|0.068682|-36.787465|-1.367053|0.062982|-48.000000|2.000000|-25862337.656651|0.679959|0.000000|-45.970447|-29.149571|-0.387361|0.001959|0.028926|-10532.073218|-0.577818|-4.181319|-58.978853|8.329416|0.257621|-4.452753|-0.121371|-4.452753|-2914.342972|-98467232.411598|-185.934881|165403.485924|-0.000011|-200112.665869|-3.255447|-0.046169|15.179871|-0.029309|-2671.015873|-69.375000|0.039221|-4.181319|-519.366078
1421|93112957.000000|2.728781|-4.452753|-58.000000|-19.489175|-45.208679|-7.645633|-43.571876|5277.600000|-4.452753|-3.073470|94540675.874077|0.068682|-37.834857|-1.367883|0.062982|-46.000000|-2.000000|-25861697.772860|0.679959|0.000000|-48.543266|-30.336981|-0.387361|0.006425|0.029413|-10612.411328|-0.586817|-4.138142|-63.247240|7.766881|0.257621|-4.452753|-0.102649|-4.452753|-2914.618293|-98467232.411598|-173.809039|165403.485924|-0.000011|-200112.665869|-3.260053|-0.046438|15.001338|-0.029260|-2671.015873|-73.375000|0.039221|-4.138142|-281.103428
1422|92621121.850000|2.670494|-4.452753|-59.600000|-19.489175|-46.035378|-7.645633|-44.398575|5277.600000|-4.452753|-3.073470|93012182.074193|0.068682|-39.268784|-1.367897|0.062982|-56.000000|-2.000000|-25860411.442077|0.679959|0.000000|-48.966019|-31.538299|-0.387361|0.007785|0.045137|-10643.187223|-0.591863|-4.090082|-62.611250|7.184665|0.257621|-4.452753|-0.089373|-4.452753|-2913.630527|-98467232.411598|-189.016247|165403.485924|-0.000011|-196093.814841|-3.264658|-0.043997|14.821980|-0.029156|-2671.015873|-71.500000|0.039221|-4.090082|-281.103428
1423|92756830.194444|2.551260|-4.452753|-62.000000|-13.464827|-47.545248|-7.645633|-49.081919|5277.600000|-4.452753|-3.073470|92917308.315433|0.068682|-39.268784|-1.368708|0.062982|-45.000000|-2.000000|-25882112.607884|0.679959|0.000000|-45.594553|-32.669396|-0.387361|0.009853|0.051515|-11015.724711|-0.591863|-4.072958|-78.030034|6.588028|0.257621|-4.452753|-0.051102|-4.452753|-2913.486729|-98467232.411598|-168.249050|165403.485924|-0.000011|-196093.814841|-3.269264|-0.042925|14.641813|-0.029044|-2671.015873|-73.508333|0.039221|-4.072958|-281.103428
1424|97423770.450404|2.520547|-4.452753|-64.400000|-13.464827|-48.911322|-7.645633|-49.081919|5277.600000|-4.452753|-3.073470|97133350.151340|0.068682|-39.268784|-1.368510|0.062982|-60.000000|-2.000000|-25918293.334488|0.679959|0.000000|-46.529772|-33.670945|-0.387361|0.010265|0.059344|-11384.603998|-0.597314|-4.136045|-66.858495|5.978616|0.257621|-4.452753|-0.029816|-4.452753|-2912.743042|-97977473.386411|-176.669477|165403.485924|-0.000011|-196093.814841|-3.273869|-0.042651|14.462078|-0.028876|-2671.015873|-72.033333|0.039221|-4.136045|-281.103428
1425|93056101.628340|2.503706|-4.452753|-64.200000|-13.464827|-50.718722|-7.645633|-49.081919|5277.600000|-4.452753|-3.073470|91920048.079658|0.094247|-39.268784|-1.368613|0.062982|-55.800000|-2.000000|-25932246.360293|0.679959|0.000000|-50.565907|-35.620008|-0.387361|0.012423|0.069033|-11198.286129|-0.595841|-4.137413|-62.801613|5.358023|0.257621|-4.452753|-0.018250|-4.452753|-2913.494269|-97977473.386411|-169.562729|165403.485924|-0.000011|-196093.814841|-3.278475|-0.041052|14.282571|-0.028663|-2671.015873|-72.433333|0.039221|-4.137413|-281.103428
1426|79611254.395188|2.349831|-4.452753|-64.200000|-13.464827|-51.973036|-7.645633|-51.622579|5277.600000|-4.452753|-3.073470|78356152.753411|0.094247|-39.268784|-1.368865|0.062982|-56.000000|-2.000000|-26012790.870863|0.679959|0.000000|-59.851788|-37.571736|-0.387361|0.017676|0.073447|-11161.531451|-0.602965|-4.139776|-62.797809|4.726105|0.257621|-4.452753|-0.000594|-4.452753|-2724.395855|-97977473.386411|-157.755449|165403.485924|-0.000011|-196093.814841|-3.292397|-0.039830|14.102638|-0.028439|-2671.015873|-72.433333|0.039221|-4.139776|-281.103428
1427|80703812.011952|2.094405|-4.452753|-64.000000|-13.464827|-53.298368|-7.645633|-51.622579|5277.600000|-4.452753|-3.073470|79464859.252499|0.094247|-39.268784|-1.368991|0.062982|-59.600000|-2.000000|-26042465.704667|0.679959|0.000000|-54.509613|-39.358337|-0.387361|0.023116|0.074268|-10977.927352|-0.598894|-4.149904|-66.891048|4.082250|0.257621|-4.452753|0.002024|-4.452753|-2723.003458|-97977473.386411|-174.468265|165403.485924|-0.000011|-196093.814841|-3.328933|-0.037464|13.921571|-0.028220|-2671.015873|-72.433333|0.039221|-4.149904|-281.103428
1428|77823652.753802|2.004066|-4.452753|-63.200000|-13.464827|-55.259382|-7.645633|-51.622579|5277.600000|-4.452753|-3.073470|77321247.663859|0.094247|-39.268784|-1.369055|0.062982|-64.000000|-2.000000|-26301258.555774|0.679959|0.000000|-70.950220|-41.165261|-0.387361|0.029095|0.073441|-12565.301566|-0.602646|-4.200336|-64.274490|3.428025|0.257621|-4.452753|0.022578|-4.452753|-2722.454403|-97977473.386411|-167.293629|165403.485924|-0.000011|-196093.814841|-3.407954|-0.036349|13.739539|-0.028005|-2671.015873|-72.433333|0.039221|-4.200336|-336.845927
1429|78412236.703514|2.043340|-4.452753|-63.200000|-13.464827|-57.224110|-7.645633|-51.639898|5029.200000|-4.452753|-3.073470|78494085.800475|0.080091|-39.268784|-1.369086|0.062982|-64.400000|-2.000000|-26415790.728066|0.679959|0.000000|-56.933159|-42.294145|-0.387361|0.032017|0.073198|-14628.885814|-0.603711|-4.251906|-68.373967|2.765492|0.266537|-4.452753|0.023519|-4.452753|-2724.665014|-97977473.386411|-174.591681|165403.485924|-0.000011|-196093.814841|-3.468789|-0.035122|13.555248|-0.027736|-2671.015873|-70.433333|0.039221|-4.251906|-336.845927
1430|75172919.800000|1.934777|-4.452753|-61.800000|-13.464827|-59.001720|-7.645633|-51.639898|5029.200000|-4.452753|-3.073470|76103715.054409|0.080091|-45.075517|-1.368498|0.062982|-70.200000|-2.000000|-26259549.212670|0.679959|0.000000|-66.077039|-43.425773|-0.387361|0.036213|0.071082|-14899.758766|-0.604835|-4.287388|-58.599970|2.094745|0.266537|-4.452753|0.023519|-4.452753|-2724.550977|-97977473.386411|-166.586741|165403.485924|-0.000011|-196093.814841|-3.492811|-0.034895|13.369292|-0.027464|-2671.015873|-78.433333|0.039221|-4.287388|-336.845927
1431|75965522.838561|1.795675|-4.452753|-60.000000|-13.464827|-59.276701|-7.645633|-51.639898|5029.200000|-4.452753|-3.073470|76970998.585037|0.080091|-47.978883|-1.368808|0.146461|-58.200000|-2.000000|-26651436.172892|0.679959|0.000000|-65.853860|-44.181045|-0.387361|0.036842|0.068682|-15279.104676|-0.604546|-4.284285|-106.956749|1.416407|0.266537|-4.452753|0.023519|-4.452753|-2723.366155|-97977473.386411|-128.776427|165403.485924|-0.000011|-445761.362486|-3.499474|-0.035392|13.181548|-0.027211|-2671.015873|-72.608334|0.039221|-4.284285|-336.845927
1432|74187940.153118|1.668479|-4.452753|-56.400000|-13.464827|-59.541974|-7.645633|-57.645832|5029.200000|-4.452753|-3.073470|75185963.749321|0.080091|-50.430567|-1.369365|0.240707|-60.000000|-2.000000|-27487039.993841|0.679959|0.000000|-70.954895|-44.126431|-0.387361|0.039225|0.066264|-16067.534964|-0.604526|-4.285514|-63.111106|0.733577|0.266537|-4.452753|0.023519|-4.452753|-2724.333081|-97977473.386411|-80.427466|165403.485924|-0.000011|-445761.362486|-3.493803|-0.031850|12.994155|-0.026939|-2671.015873|-74.983334|0.039221|-4.285514|-336.845927
1433|70678526.429164|1.496681|-4.452753|-54.200000|-13.464827|-59.541974|-7.645633|-57.645832|5029.200000|-4.452753|-3.073470|71256109.313326|0.080091|-50.656408|-1.369846|0.298380|-61.200000|-2.000000|-27841918.622095|0.679959|0.000000|-62.675310|-44.859594|-0.387361|0.044492|0.065164|-16182.575543|-0.604123|-4.264150|5.721272|0.049313|0.266537|-4.452753|0.023798|-4.452753|-2722.105996|-97977473.386411|-59.915926|165403.485924|-0.000011|-445761.362486|-3.468175|-0.030490|12.807967|-0.026707|-2671.015873|-81.025000|0.039221|-4.264150|-336.845927
1434|77295942.817654|1.249488|-4.452753|-51.800000|-13.464827|-59.575026|-7.645633|-57.645832|5029.200000|-4.452753|-3.073470|77796880.385605|0.080091|-56.769329|-1.369280|0.338539|-71.200000|-2.000000|-28610299.107849|0.679959|0.000000|-85.704995|-45.670024|-0.387361|0.048266|0.063371|-15555.137161|-0.626905|-4.220014|13.198701|-0.632557|0.266537|-4.452753|0.025375|-4.452753|-2723.395921|-97977473.386411|-71.627241|165403.485924|-0.000011|-445761.362486|-3.442546|-0.029488|12.624788|-0.026482|-2582.227567|-80.175000|0.039221|-4.220014|-336.845927
1435|76937872.284312|1.017845|-4.452753|-50.200000|-13.464827|-60.176359|-7.645633|-57.645832|5029.200000|-4.452753|-3.073470|78160200.996773|0.080091|-57.506368|-1.369400|0.408872|-57.800000|-2.000000|-28769627.192324|0.679959|0.000000|-55.791321|-46.430208|-0.387361|0.051877|0.061614|-15429.002070|-0.622578|-4.169969|8.454572|-1.308489|0.266537|-4.452753|0.035441|-4.452753|-2724.341643|-97977473.386411|-53.588020|165403.485924|-0.000011|-445761.362486|-3.416917|-0.027030|12.444732|-0.026267|-2493.439260|-78.175000|0.039221|-4.169969|-336.845927
1436|75395124.204160|0.627861|-4.452753|-48.000000|-13.464827|-60.339470|-7.645633|-57.645832|5029.200000|-4.452753|-3.073470|77674679.479458|0.080091|-56.984399|-1.369662|0.445015|-56.000000|-2.000000|-29003323.362563|0.679959|0.000000|-58.504851|-47.138924|-0.387361|0.053446|0.060435|-15594.032867|-0.626319|-4.175565|3.788014|-1.975722|0.266537|-4.452753|0.081591|-4.452753|-2723.700724|-97977473.386411|-52.550659|165403.485924|-0.000011|-445761.362486|-3.391289|-0.027469|12.267914|-0.026054|-2404.650954|-78.383333|0.039221|-4.175565|-336.845927
1437|77119580.313222|0.556287|-4.452753|-47.000000|-13.464827|-60.487046|-7.645633|-57.645832|5029.200000|-4.452753|-3.073470|79108309.025195|0.080091|-56.984399|-1.369793|0.548023|-56.400000|-2.000000|-28658705.918012|0.679959|0.000000|-58.602216|-47.421066|-0.387361|0.054427|0.059529|-14880.223981|-0.629891|-4.188231|17.122651|-2.632121|0.266537|-4.452753|0.104184|-4.452753|-2723.220598|-97977473.386411|-52.086878|165403.485924|-0.000011|-445761.362486|-3.365660|-0.026353|12.094435|-0.025845|-2315.862647|-76.383333|0.039221|-4.188231|-336.845927
1438|77881365.138388|0.472346|-4.452753|-47.600000|-13.464827|-60.811043|-7.645633|-54.288478|5029.200000|-4.452753|-3.002679|79496345.713484|0.080091|-56.984399|-1.369455|0.616729|-58.200000|-2.000000|-29384239.432983|0.679959|0.000000|-55.365560|-48.311886|-0.387361|0.054427|0.061290|-14641.318728|-0.633454|-4.206380|30.798542|-3.277913|0.266537|-4.452753|0.132242|-4.452753|-2723.623677|-97977473.386411|-60.006127|165403.485924|-0.000011|-445761.362486|-3.340031|-0.025573|11.925085|-0.025666|-2227.074341|-76.383333|0.039221|-4.206380|-336.845927
1439|81465870.887482|0.347693|-4.452753|-47.800000|-13.464827|-61.104184|-7.645633|-48.073723|5029.200000|-4.452753|-3.002679|81356986.644240|0.080091|-51.804259|-1.369488|0.666430|-49.800000|-2.000000|-29498277.335053|0.679959|0.000000|-59.609001|-49.794767|-0.392890|0.057672|0.062027|-13904.406430|-0.633128|-4.200996|76.856248|-3.913749|0.266537|-4.452753|0.154389|-4.452753|-2724.714341|-97977473.386411|-54.931623|163203.656268|-0.000011|-445761.362486|-3.314403|-0.026578|11.760906|-0.025619|-2138.286034|-78.766667|0.039221|-4.200996|-336.845927
1440|76606360.353894|0.208553|-4.452753|-47.800000|-13.464827|-61.559883|-7.645633|-48.073723|5029.200000|-4.452753|-3.002679|76262797.277412|0.080091|-50.478754|-1.370512|0.812464|-40.200000|-4.000000|-29813557.826457|0.679959|0.000000|-59.083965|-51.041148|-0.398419|0.059340|0.063771|-13154.000837|-0.626622|-4.201663|27.044332|-4.536951|0.266537|-4.452753|0.162194|-4.452753|-2723.767506|-97977473.386411|-51.214547|163203.656268|-0.000011|-445761.362486|-3.288774|-0.030227|11.601914|-0.025620|-2049.497728|-84.766667|0.039221|-4.201663|-336.845927
1441|80906599.200000|-0.080211|-4.452753|-48.800000|-13.464827|-61.781705|-7.645633|-48.073723|5029.200000|-4.452753|-3.002679|80543011.624147|0.080091|-50.478754|-1.371631|0.990013|-42.000000|-4.000000|-28867109.168958|0.679959|0.000000|-64.080628|-52.788004|-0.402078|0.062281|0.063772|-12332.327735|-0.625963|-4.229589|8.243954|-5.145003|0.266537|-4.452753|0.162194|-4.452753|-2724.204178|-97977473.386411|-45.150117|163203.656268|-0.000011|-445761.362486|-3.262384|-0.034592|11.446848|-0.025606|-1960.709422|-86.766667|0.039221|-4.229589|-336.845927
1442|77184566.000000|-0.391415|-4.452753|-51.000000|-13.464827|-61.982402|-7.645633|-48.073723|5029.200000|-4.452753|-3.002679|76979073.567481|0.080091|-52.166695|-1.371989|1.113187|-51.000000|-4.000000|-28443605.910214|0.679959|0.000000|-62.265870|-54.075892|-0.405247|0.062965|0.063974|-10063.627632|-0.639476|-4.273737|9.628972|-5.738728|0.266537|-4.452753|0.162194|-4.452753|-2722.471006|-97977473.386411|-48.755460|163203.656268|-0.000011|-445761.362486|-3.233986|-0.032972|11.294195|-0.025562|-1871.921115|-78.766667|0.039221|-4.273737|-336.845927
1443|76379555.796092|-0.641195|-4.452753|-52.800000|-12.163457|-62.163985|-7.645633|-48.073723|5029.200000|-4.452753|-3.002679|76281381.003039|0.080091|-53.010665|-1.371359|1.274453|-55.600000|-4.000000|-28431464.893077|0.679959|0.000000|-65.121578|-55.366796|-0.408417|0.064870|0.062952|-8150.930531|-0.640909|-4.289462|36.708791|-6.320820|0.266537|-4.452753|0.162194|-4.452753|-2721.102373|-97977473.386411|-67.428020|163203.656268|-0.000011|-445761.362486|-3.199638|-0.032401|11.143534|-0.025499|-1783.132809|-84.766667|0.039221|-4.289462|-336.845927
1444|78227668.504125|-0.773643|-4.452753|-54.600000|-12.163457|-62.422494|-7.645633|-48.073723|5029.200000|-4.452753|-3.002679|78717033.588790|0.080091|-53.499140|-1.371045|1.495984|-47.800000|-4.000000|-28410564.762410|0.679959|0.000000|-69.537787|-57.086143|-0.398705|0.065268|0.062048|-7091.621466|-0.636153|-4.334921|-29.687178|-6.893073|0.266537|-4.452753|0.162194|-4.452753|-2723.009423|-97977473.386411|-59.946057|163203.656268|-0.000011|-445761.362486|-3.166374|-0.030776|10.993852|-0.025434|-1694.344502|-76.766667|0.039221|-4.334921|-336.845927
1445|75468591.695166|-0.967935|-4.452753|-56.400000|-12.163457|-62.422494|-7.645633|-48.073723|5029.200000|-4.452753|-3.002679|76639774.068358|0.080091|-53.499140|-1.370686|1.652236|-49.800000|-4.000000|-28373409.295711|0.679959|0.000000|-80.905528|-58.364270|-0.388963|0.066209|0.062514|-6959.276911|-0.648150|-4.369910|-13.880987|-7.458793|0.266537|-4.452753|0.162194|-4.452753|-2722.815878|-97977473.386411|-73.430196|163203.656268|-0.000011|-445761.362486|-3.137171|-0.029035|10.845401|-0.025379|-1605.556196|-78.766667|0.039221|-4.369910|-336.845927
1446|71596226.013264|-1.240383|-4.452753|-58.800000|-12.163457|-63.324068|-7.645633|-48.073723|5029.200000|-4.452753|-3.002679|72653606.773911|0.080091|-53.499140|-1.370708|1.695994|-46.800000|-4.000000|-28371453.432560|0.679959|0.000000|-67.231142|-60.041750|-0.379221|0.067440|0.061850|-6924.007187|-0.729355|-4.391558|-19.902101|-8.020370|0.266537|-4.452753|0.162194|-4.452753|-2720.686166|-97977473.386411|-71.135907|163203.656268|-0.000011|-445761.362486|-3.107968|-0.026688|10.699033|-0.025339|-1516.767890|-78.766667|0.039221|-4.391558|-336.845927
1447|80551637.071721|-1.564868|-4.452753|-61.200000|-12.163457|-65.282635|-7.645633|-48.073723|5029.200000|-4.452753|-3.002679|80628274.074619|0.080091|-55.676888|-1.371325|1.695994|-45.000000|-4.000000|-28403220.616685|0.679959|0.000000|-79.594279|-60.020733|-0.369478|0.067440|0.061413|-5305.145669|-0.765382|-4.391680|-31.170361|-8.579458|0.266537|-4.452753|0.162194|-4.452753|-2724.190163|-97977473.386411|-65.541522|163203.656268|-0.000011|-445761.362486|-3.078765|-0.024048|10.553930|-0.025226|-1427.979583|-80.766667|0.039221|-4.391680|-336.845927
1448|79299996.738324|-1.859613|-4.452753|-64.800000|-12.163457|-66.303337|-7.645633|-59.655284|5029.200000|-3.673431|-3.002679|79126594.176096|0.080091|-60.765762|-1.371633|1.695994|-52.800000|-4.000000|-28392353.280688|0.679959|0.000000|-72.330869|-59.235002|-0.359736|0.067440|0.060311|-4800.015037|-0.778059|-4.393160|-22.770676|-9.134868|0.266537|-4.452753|0.162194|-4.452753|-2723.830369|-97977473.386411|-65.387989|163203.656268|-0.000011|-445761.362486|-3.055079|-0.020933|10.409171|-0.025055|-1339.191277|-78.833334|0.039221|-4.393160|-336.845927
1449|84177614.098998|-2.111766|-4.452753|-67.400000|-12.163457|-67.417305|-7.645633|-61.892404|5029.200000|-3.611946|-3.002679|82874772.324425|0.080091|-63.310199|-1.372799|1.695994|-46.600000|-4.000000|-28452214.094724|0.679959|0.000000|-104.313484|-58.030911|-0.348468|0.067440|0.059160|-4002.416543|-0.793523|-4.426693|-36.389316|-9.678040|0.266537|-4.452753|0.162194|-4.452753|-2724.149685|-97629908.159280|-53.889015|163203.656268|-0.000011|-445761.362486|-3.041555|-0.017855|10.265400|-0.024826|-1250.402970|-90.358334|0.039221|-4.426693|-336.845927
1450|86189729.862672|-2.302213|-4.452753|-68.800000|-12.163457|-68.044228|-7.645633|-61.892404|5029.200000|-3.611946|-3.002679|84764907.063983|0.080091|-64.877542|-1.373788|1.695994|-54.400000|-4.000000|-28513356.362009|0.679959|0.000000|-75.743349|-56.402391|-0.337199|0.067440|0.058008|-3457.453165|-0.763504|-4.486813|-29.090250|-10.201624|0.266537|-4.452753|0.162194|-4.452753|-3301.430849|-97562208.540311|-36.837151|163203.656268|-0.000011|-445761.362486|-3.043589|-0.015900|10.121009|-0.024519|-1161.614664|-89.316667|0.039221|-4.486813|-336.845927
1451|80086911.732356|-2.594241|-4.452753|-67.800000|-20.966432|-68.420968|-7.645633|-61.892404|5029.200000|-3.611946|-3.002679|78917253.028106|0.080091|-64.877542|-1.372662|1.695994|-74.800000|-4.000000|-28446992.850938|0.679959|0.000000|-67.827140|-55.397907|-0.325931|0.069078|0.056991|-2889.948146|-0.759685|-4.560865|30.743284|-10.698527|0.266537|-4.452753|0.162194|-4.452753|-3300.277771|-97562208.540311|-59.775315|163203.656268|-0.000011|-445761.362486|-3.041394|-0.011177|9.982237|-0.024232|-1072.826357|-97.316667|0.039221|-4.560865|-336.845927
1452|83239940.749092|-2.706746|-4.452753|-65.000000|-20.966432|-67.809448|-7.645633|-64.594341|5029.200000|-3.611946|-3.002679|81132101.207026|0.080091|-64.877542|-1.373314|1.695994|-51.200000|-4.000000|-28271222.574664|0.679959|0.000000|-58.557923|-50.990514|-0.314663|0.069324|0.056367|-1843.282084|-0.760779|-4.621184|35.383255|-11.158492|0.314683|-4.452753|0.162194|-4.452753|-3304.104702|-97562208.540311|-58.089159|163203.656268|-0.000011|-445761.362486|-3.026134|-0.007426|9.849286|-0.023983|-984.038051|-87.316667|0.039221|-4.621184|-336.845927
1453|84693295.587390|-2.846676|-3.673431|-60.600000|-20.966432|-69.351405|-7.645633|-64.594341|5029.200000|-3.611946|-3.002679|82236545.183249|0.080091|-63.950224|-1.373438|1.695994|-64.800000|-4.000000|-28141681.573562|0.679959|-0.000000|-60.792116|-48.838509|-0.303395|0.069648|0.056543|-930.841487|-0.765833|-4.576178|21.665245|-11.564618|0.314683|-4.452753|0.162194|-4.452753|-3299.315772|-97562208.540311|-81.396236|163203.656268|-0.000009|-445761.362486|-2.982162|-0.002963|9.716864|-0.023745|-895.249745|-81.316667|0.039221|-4.576178|-336.845927
1454|93368221.968112|-2.894645|-3.611946|-57.600000|-20.966432|-69.603652|-5.634405|-57.683562|5029.200000|-3.611946|-3.002679|93019802.781374|-0.017357|-62.486565|-1.373702|1.695994|-67.400000|-4.000000|-28222652.225855|0.679959|-0.000000|-53.665512|-47.944561|-0.292126|0.069648|0.055105|-362.724320|-0.771891|-4.595305|32.598257|-11.902609|0.314683|-4.452753|0.162194|-4.452753|-3300.400724|-97562208.540311|-68.929898|163203.656268|-0.000009|-445761.362486|-2.938191|0.000263|9.585744|-0.023535|-806.461438|-79.316667|0.039221|-4.595305|-336.845927
1455|88731091.845958|-2.840386|-3.611946|-55.600000|-20.966432|-70.212828|-5.634405|-59.558390|5029.200000|-3.611946|-3.002679|88020368.067913|-0.039809|-61.888821|-1.373835|1.695994|-68.800000|-4.000000|-27773175.243072|0.679959|-0.000000|-52.639707|-48.237702|-0.280858|0.069648|0.054137|-501.280525|-0.764996|-4.600942|12.193538|-12.167817|0.314683|-4.452753|0.162194|-4.452753|-3299.578068|-97235887.731410|-74.734974|163203.656268|-0.000009|-445761.362486|-2.894219|0.002671|9.457065|-0.023324|-717.673132|-81.316667|0.039221|-4.600942|-336.845927
1456|80027108.134116|-2.925328|-3.611946|-54.000000|-20.966432|-70.192559|-5.634405|-59.558390|5029.200000|-3.611946|-3.002679|79410990.638823|-0.054681|-61.888821|-1.373495|1.695994|-73.800000|-4.000000|-27279192.974790|0.679959|-0.000000|-50.729137|-48.748391|-0.269590|0.069648|0.053206|-439.847994|-0.761363|-4.620178|13.518771|-12.358528|0.314683|-4.452753|0.162194|-4.452753|-3300.033298|-97005315.010901|-94.329172|163203.656268|-0.000009|-445761.362486|-2.850247|0.002789|9.329898|-0.023115|-628.884825|-83.316667|0.039221|-4.620178|-336.845927
1457|59273673.653866|-2.881697|-3.611946|-53.600000|-20.966432|-70.725369|-5.634405|-59.558390|5029.200000|-3.611946|-3.002679|59402973.470488|-0.054681|-61.455863|-1.373123|1.695994|-67.000000|-4.000000|-25952808.827572|0.679959|-0.000000|-53.295333|-48.997169|-0.258322|0.069648|0.052503|34.407104|-0.755080|-4.610101|4.478785|-12.478702|0.314683|-4.452753|0.168208|-4.452753|-3300.367183|-96606070.927831|-114.313541|163203.656268|-0.000009|-445761.362486|-2.806275|0.006368|9.205796|-0.022911|-540.096519|-81.316667|0.039221|-4.610101|-336.845927
1458|47901909.054132|-2.912669|-3.611946|-53.600000|-20.966432|-69.912730|-5.634405|-57.736941|5029.200000|-3.611946|-3.002679|48712155.516973|-0.060533|-58.239385|-1.373342|1.695994|-56.600000|-4.000000|-24096376.168351|0.679959|-0.000000|-53.044226|-49.155735|-0.247054|0.069648|0.052840|1250.668177|-0.763574|-4.614956|3.802565|-12.530457|0.314683|-4.452753|0.180202|-4.452753|-3301.328043|-96606070.927831|-99.194083|163203.656268|-0.000009|-445761.362486|-2.762304|0.007055|9.083252|-0.022706|-451.308213|-83.316667|0.039221|-4.614956|-336.845927
1459|34948013.327982|-3.084804|-3.611946|-53.200000|-20.966432|-69.932498|-5.634405|-64.099546|5029.200000|-3.611946|-1.790146|35743602.766860|-0.060533|-57.631145|-1.372844|1.695994|-61.600000|-4.000000|-22811550.726123|0.679959|-0.000000|-65.071934|-49.417779|-0.235785|0.069648|0.054620|1300.460053|-0.782871|-4.636870|4.722735|-12.523994|0.314683|-4.452753|0.186431|-4.452753|-3300.018845|-96606070.927831|-123.493329|163203.656268|-0.000009|-445761.362486|-2.718332|0.008472|8.961874|-0.022503|-362.519906|-81.316667|0.039221|-4.636870|-336.845927
