859|nan|nan|nan|nan|nan|nan|nan|nan|nan|nan|nan|nan|nan|nan|nan|nan|nan|nan|nan
900|nan|nan|nan|nan|nan|nan|nan|nan|nan|nan|nan|nan|nan|nan|nan|nan|nan|nan|nan
901|nan|nan|nan|nan|nan|nan|nan|nan|nan|nan|nan|nan|nan|nan|nan|nan|nan|nan|nan
902|nan|nan|nan|nan|nan|nan|nan|nan|nan|nan|nan|nan|nan|nan|nan|nan|nan|nan|nan
903|nan|nan|nan|nan|nan|nan|nan|nan|nan|nan|nan|nan|nan|nan|nan|nan|nan|nan|nan
904|nan|nan|nan|nan|nan|nan|nan|nan|nan|nan|nan|nan|nan|nan|nan|nan|nan|nan|nan
905|nan|nan|nan|nan|nan|nan|nan|nan|nan|nan|nan|nan|nan|nan|nan|nan|nan|nan|nan
906|nan|nan|nan|nan|nan|nan|nan|nan|nan|nan|nan|nan|nan|nan|nan|nan|nan|nan|nan
907|nan|nan|nan|nan|nan|nan|nan|nan|nan|nan|nan|nan|nan|nan|nan|nan|nan|nan|nan
908|nan|nan|nan|nan|nan|nan|nan|nan|nan|nan|nan|nan|nan|nan|nan|nan|nan|nan|nan
909|nan|nan|nan|nan|nan|nan|nan|nan|nan|nan|nan|nan|nan|nan|nan|nan|nan|nan|nan
910|nan|nan|nan|nan|nan|nan|nan|nan|nan|nan|nan|nan|nan|nan|nan|nan|nan|nan|nan
911|nan|nan|nan|nan|nan|nan|nan|nan|nan|nan|nan|nan|nan|nan|nan|nan|nan|nan|nan
912|nan|nan|nan|nan|nan|nan|nan|nan|nan|nan|nan|nan|nan|nan|nan|nan|nan|nan|nan
913|nan|nan|nan|nan|nan|nan|nan|nan|nan|nan|nan|nan|nan|nan|nan|nan|nan|nan|nan
914|nan|nan|nan|nan|nan|nan|nan|nan|nan|nan|nan|nan|nan|nan|nan|nan|nan|nan|nan
915|nan|nan|nan|nan|nan|nan|nan|nan|nan|nan|nan|nan|nan|nan|nan|nan|nan|nan|nan
916|nan|nan|nan|nan|nan|nan|nan|nan|nan|nan|nan|nan|nan|nan|nan|nan|nan|nan|nan
917|nan|nan|nan|nan|nan|nan|nan|nan|nan|nan|nan|nan|nan|nan|nan|nan|nan|nan|nan
918|nan|nan|nan|nan|nan|nan|nan|nan|nan|nan|nan|nan|nan|nan|nan|nan|nan|nan|nan
919|nan|nan|nan|nan|nan|nan|nan|nan|nan|nan|nan|nan|nan|nan|nan|nan|nan|nan|nan
920|nan|nan|nan|nan|nan|nan|nan|nan|nan|nan|nan|nan|nan|nan|nan|nan|nan|nan|nan
921|nan|nan|nan|nan|nan|nan|nan|nan|nan|nan|nan|nan|nan|nan|nan|nan|nan|nan|nan
922|nan|nan|nan|nan|nan|nan|nan|nan|nan|nan|nan|nan|nan|nan|nan|nan|nan|nan|nan
923|nan|nan|nan|nan|nan|nan|nan|nan|nan|nan|nan|nan|nan|nan|nan|nan|nan|nan|nan
924|nan|nan|nan|nan|nan|nan|nan|nan|nan|nan|nan|nan|nan|-52.649588|nan|27.899353|nan|nan|nan
925|nan|nan|nan|nan|nan|nan|nan|nan|nan|nan|nan|nan|nan|-81.959181|nan|12.798975|nan|nan|nan
926|nan|nan|nan|nan|nan|nan|nan|nan|nan|nan|nan|nan|nan|-70.534655|nan|1.992942|nan|nan|nan
927|nan|nan|nan|nan|nan|nan|nan|nan|nan|nan|nan|nan|nan|-67.038315|nan|1.179330|nan|nan|nan
928|nan|nan|nan|nan|nan|nan|nan|nan|nan|nan|nan|nan|nan|-60.033987|3.143732|0.720939|nan|nan|nan
929|nan|nan|nan|nan|nan|nan|nan|nan|nan|nan|nan|nan|nan|-71.902862|3.143732|-0.069961|nan|nan|nan
930|nan|nan|nan|nan|nan|nan|nan|nan|nan|nan|nan|nan|nan|-72.019774|3.143732|-0.495827|nan|nan|nan
931|nan|nan|nan|nan|nan|nan|nan|nan|nan|nan|nan|nan|nan|-72.850017|3.143732|-0.939230|nan|nan|nan
932|nan|nan|nan|nan|nan|nan|nan|nan|nan|nan|nan|nan|nan|-70.026025|3.143732|-1.083392|nan|nan|nan
933|nan|nan|nan|nan|17.717004|nan|nan|nan|nan|nan|nan|nan|nan|-67.035215|3.143732|-1.145966|nan|nan|nan
934|nan|nan|nan|nan|17.963819|nan|nan|nan|nan|nan|nan|nan|nan|-67.671764|3.143732|-0.990229|nan|nan|nan
935|nan|nan|nan|nan|19.168246|nan|nan|nan|nan|-19.920700|nan|nan|nan|-64.546211|3.143732|-0.973512|nan|nan|nan
936|nan|nan|nan|nan|20.080765|nan|nan|nan|nan|-8.554285|nan|nan|nan|-48.783332|3.143732|-0.450192|nan|nan|nan
937|nan|nan|nan|nan|21.795318|nan|nan|nan|nan|4.299589|nan|nan|nan|-35.748010|3.143732|0.001087|nan|nan|nan
938|nan|nan|nan|nan|22.902454|nan|nan|nan|nan|-7.805329|nan|nan|nan|-35.804918|3.143732|0.544603|nan|nan|nan
939|nan|nan|nan|nan|24.598166|nan|nan|nan|nan|-7.113574|nan|nan|nan|-36.253809|3.143732|0.692190|nan|nan|nan
940|nan|nan|nan|nan|26.006942|nan|nan|nan|nan|-8.186471|nan|nan|nan|-38.275877|3.143732|0.836478|nan|nan|nan
941|nan|nan|nan|nan|27.449375|nan|nan|nan|nan|-0.300526|nan|nan|nan|-29.221944|3.143732|9.837193|nan|nan|nan
942|nan|nan|nan|nan|28.936517|nan|nan|nan|nan|3.806356|nan|nan|nan|-25.272495|3.143732|10.688024|nan|nan|nan
943|nan|-6.765990|nan|nan|30.492130|nan|nan|nan|nan|1.357377|nan|nan|nan|-26.682271|3.143732|10.752884|-0.013930|nan|nan
944|nan|-5.896226|nan|nan|32.116840|nan|nan|nan|nan|7.229895|nan|nan|nan|-27.932386|3.143732|10.669759|-0.014172|nan|nan
945|nan|-4.387937|nan|nan|33.534550|nan|nan|nan|nan|-5.766574|nan|nan|nan|-15.213128|3.143732|12.822057|-0.012181|nan|nan
946|nan|-3.387778|nan|nan|35.149508|nan|nan|nan|nan|6.055263|nan|nan|nan|-19.714490|3.143732|12.738342|-0.012977|nan|nan
947|nan|-3.074712|nan|nan|36.479730|nan|nan|nan|nan|-3.860301|nan|nan|nan|-26.677958|3.143732|18.939038|-0.014234|nan|nan
948|nan|-3.024527|nan|nan|37.564170|nan|nan|nan|nan|-0.285636|nan|nan|nan|-28.914326|3.143732|18.803861|-0.014606|nan|nan
949|nan|-3.108462|nan|-20.341341|38.954066|nan|nan|nan|nan|-12.637522|nan|nan|nan|-33.661433|3.143732|30.016553|-0.015290|nan|nan
950|nan|-4.108924|nan|nan|39.214235|nan|nan|nan|nan|-39.255568|nan|nan|nan|-48.491943|3.143732|29.585291|-0.017912|nan|nan
951|nan|-4.751343|nan|-30.376053|39.599538|nan|nan|nan|nan|-48.068385|nan|nan|nan|-44.223903|3.143732|37.389246|-0.017249|nan|nan
952|nan|-5.892076|nan|-43.421239|39.931530|nan|nan|nan|nan|-33.990188|nan|nan|nan|-56.788807|3.143732|36.880134|-0.019245|nan|nan
953|nan|-7.432242|nan|-57.172682|40.103121|nan|-56.876733|nan|nan|-49.005562|nan|nan|nan|-70.761776|3.143732|38.626499|-0.021556|nan|nan
954|nan|-8.646006|nan|-51.458595|39.911554|nan|-104.755388|nan|nan|-48.848960|nan|nan|nan|-65.905037|3.143732|27.851227|-0.020745|nan|nan
955|nan|-10.798650|nan|-79.523729|39.387965|nan|-161.076683|nan|nan|-58.633421|nan|nan|nan|-93.409455|3.143732|14.822944|-0.027104|nan|nan
956|nan|-12.520489|nan|-73.446293|38.518763|nan|-144.191404|nan|nan|-65.275825|nan|nan|nan|-88.039597|8.702016|2.634235|-0.026146|nan|nan
957|nan|-14.081968|nan|-70.342349|37.771488|nan|-137.748336|nan|nan|-59.616945|nan|nan|nan|-85.594616|8.702016|2.457514|-0.025650|nan|nan
958|nan|-15.054710|nan|nan|37.371839|nan|-119.418921|nan|nan|-43.425789|nan|nan|nan|-73.100568|8.702016|2.393383|-0.023786|nan|nan
959|nan|-16.594448|nan|-78.174108|37.027904|-44.134941|-149.412510|-0.924630|nan|-57.214233|nan|nan|nan|-90.538557|8.702016|1.956413|-0.026866|nan|nan
1000|nan|-17.783890|nan|-71.001203|36.875644|-44.854513|-143.080530|-0.877865|nan|-38.952668|nan|nan|nan|-83.175686|8.702016|2.002632|-0.025779|nan|nan
1001|nan|-18.755842|nan|nan|37.304334|-45.445747|-139.525734|-0.789386|nan|-26.364694|nan|-134.935056|nan|-79.138760|8.702016|1.964169|-0.025063|nan|nan
1002|nan|-19.455218|nan|nan|37.629100|-45.850201|-132.082880|-0.734249|nan|-32.549635|nan|-134.481709|nan|-75.937422|8.702016|2.013864|-0.024272|nan|nan
1003|nan|-19.599765|nan|-46.267411|38.164141|-45.774257|-108.754533|-0.659831|nan|-27.350992|nan|-133.931537|nan|-61.538383|8.702016|2.285676|-0.021724|nan|nan
1004|nan|-20.755529|nan|-82.839125|38.096352|-46.918779|-140.969870|-0.682431|nan|-44.431213|nan|-134.024644|nan|-98.708005|8.702016|1.496988|-0.028692|nan|nan
1005|nan|-21.778757|nan|-84.590107|37.845910|-47.883935|-136.526375|-0.689359|nan|-63.831031|nan|-134.221773|nan|-102.055035|4.795989|-2.632096|-0.029553|nan|nan
1006|nan|-22.542401|nan|-75.800802|37.721449|-48.556833|-110.754106|-0.680638|nan|-47.309216|nan|-134.164603|nan|-94.621069|4.795989|-2.718412|-0.028098|nan|nan
1007|nan|-22.947531|nan|-64.475944|37.855602|-48.851270|-85.981623|-0.659122|nan|-35.492870|nan|-133.898012|nan|-84.728728|4.795989|-2.543057|-0.026216|nan|nan
1008|nan|-23.137988|nan|-57.501964|37.999491|-48.926851|-77.538982|-0.638403|nan|-30.697801|nan|-133.640767|nan|-78.046833|4.795989|-2.319240|-0.024852|nan|nan
1009|nan|-23.262868|nan|-53.689451|38.271724|-48.922714|-74.872886|-0.622212|nan|-36.455432|nan|-133.413028|nan|-76.880395|4.795989|-2.060221|-0.024431|nan|nan
1010|nan|-23.214386|nan|-49.288905|38.506872|-48.837738|-70.984828|-0.601777|nan|-28.082824|nan|-133.188314|nan|-73.113433|4.795989|-1.930618|-0.023493|nan|nan
1011|nan|-23.105766|nan|-45.357937|38.706877|-48.625304|-59.320654|-0.583329|nan|-22.748550|nan|-133.373257|nan|-72.349171|4.795989|-1.595938|-0.023053|nan|nan
1012|nan|-22.857860|nan|nan|38.700518|-48.259263|-47.989743|-0.564739|nan|-29.144160|nan|-133.750537|nan|-66.183951|4.795989|-1.258887|-0.021779|nan|nan
1013|nan|-22.504567|nan|-34.292036|39.133946|-47.865033|-44.879297|-0.546784|nan|-20.974737|nan|-134.006406|nan|-62.838000|4.795989|-1.077820|-0.021005|nan|nan
1014|nan|-22.068135|nan|-28.580663|39.188966|-47.334403|-41.879938|-0.529158|nan|-35.986521|nan|-133.987910|nan|-59.587463|4.795989|-0.713035|-0.020267|nan|nan
1030|nan|-22.106533|nan|-47.384569|38.970674|-47.318795|-47.434306|-0.527289|nan|-43.142300|nan|-134.351780|nan|-78.171442|4.795989|-0.824458|-0.023202|nan|nan
1031|nan|-21.936133|nan|nan|38.973070|-47.245202|-47.434306|-0.523056|nan|-39.373876|nan|-134.963285|nan|-74.588134|4.795989|-0.998818|-0.022409|nan|nan
1032|nan|-21.851560|nan|-46.410738|38.939706|-47.267668|-58.765218|-0.525304|nan|-40.157642|nan|-135.752276|nan|-79.698750|4.795989|-1.220273|-0.023045|nan|nan
1033|-68.156910|-21.304599|nan|-23.038925|38.639764|-46.634319|-38.436229|-0.513301|nan|-33.716538|nan|-135.971855|nan|-57.697662|4.795989|-0.706661|-0.019280|nan|nan
1034|-11.378219|-19.772020|nan|33.415329|38.071601|-44.602382|13.997008|-0.551322|nan|-4.093177|nan|-134.626947|nan|0.919803|4.795989|0.990392|-0.009833|nan|nan
1035|9.821684|-18.108390|nan|54.058435|38.477073|-42.412751|19.329202|-0.511096|nan|20.037572|nan|-133.089051|nan|24.288114|4.795989|10.982994|-0.006306|nan|nan
1036|19.876378|-16.242002|nan|64.363012|38.336551|-39.983175|32.992948|-0.447857|nan|0.992692|nan|-131.214757|nan|37.669833|4.795989|18.910250|-0.004691|nan|nan
1037|37.653751|-14.461113|nan|nan|38.771781|-37.392709|38.214054|-0.381323|nan|22.043051|nan|-128.678660|nan|58.720360|4.795989|28.543157|-0.001815|nan|nan
1038|23.020462|-13.008280|nan|65.702241|39.230263|-35.979209|9.109164|-0.330410|nan|9.173128|nan|-126.473393|nan|47.291903|4.795989|31.888713|-0.004356|nan|nan
1039|21.627236|-11.682289|nan|64.685016|39.184741|-33.751804|11.775261|-0.297465|nan|6.486939|nan|-124.255410|nan|49.684620|4.795989|40.977256|-0.004727|nan|nan
1040|17.820404|-10.445276|nan|58.296197|40.163186|-31.313316|-20.328988|-0.266994|nan|-3.630364|nan|-121.769433|nan|49.404679|4.795989|41.237539|-0.005524|nan|nan
1041|3.419216|-9.642712|nan|42.972499|40.787394|-29.420575|-29.882502|-0.249322|nan|-13.841944|nan|-119.904218|nan|38.933689|4.795989|43.718310|-0.008083|nan|nan
1042|10.915687|-8.777079|nan|50.724889|41.292204|-27.398859|-20.328988|-0.227133|nan|-17.316138|nan|-117.527470|nan|50.942129|4.795989|44.017399|-0.006988|nan|nan
1043|-0.216165|-8.228862|nan|38.049275|42.105186|-25.906948|-21.106600|-0.217287|nan|-6.741246|nan|-115.014887|nan|43.896015|4.795989|43.759292|-0.008990|nan|-126.204641
1044|-15.270137|-7.949155|nan|21.955268|42.966826|-24.549030|-55.432597|-0.187407|nan|9.264648|nan|-113.169250|nan|33.020667|4.795989|43.376727|-0.011640|nan|-126.528230
1045|-30.181780|-8.146925|nan|6.326705|44.055684|-23.550359|-64.541761|-0.161765|nan|-20.251702|nan|-111.013429|nan|22.720435|4.795989|48.892043|-0.014253|nan|-126.832900
1046|-23.124295|-8.143850|nan|13.541337|45.340926|-22.293621|-53.877374|-0.141910|nan|11.521582|12.735304|-108.884683|nan|34.297855|4.795989|48.693222|-0.013195|nan|-127.078851
1047|-18.872150|-7.998278|nan|17.557780|46.479538|-20.960315|-45.545821|-0.122368|nan|11.785580|16.532882|-106.764021|nan|42.371685|4.795989|48.678979|-0.012600|nan|-127.324801
1048|-22.770287|-7.898358|nan|11.223764|47.350405|-19.893709|-34.770346|-0.110939|nan|8.959730|11.838187|-105.100536|nan|42.070796|4.795989|48.501381|-0.013358|nan|-127.513952
1049|-24.051365|-7.778045|nan|nan|48.340333|-18.910047|-72.540051|-0.084967|nan|10.880559|11.540201|-102.970467|nan|44.539052|4.795989|52.136723|-0.013672|nan|-127.703103
1050|-20.022486|-7.269767|nan|14.535479|49.398157|-17.919488|-71.540265|-0.060122|nan|14.797079|16.235877|-100.951869|nan|51.870818|13.571891|49.726597|-0.013096|nan|-127.933104
1051|-27.054165|-7.017345|-2969.682569|5.223175|50.133522|-17.393759|-70.318304|-0.039805|-13.491865|0.924661|9.629884|-99.255371|-6.610195|48.169387|19.902802|47.914340|-0.014355|nan|-128.180084
1052|-31.139839|-6.626513|-2899.451473|nan|50.609486|-17.157103|-63.541975|-0.023658|-17.246447|5.029257|5.668553|-97.831585|-11.164777|46.621994|28.123268|43.242454|-0.015114|nan|-128.414717
1053|-19.154403|-5.794162|-2853.706244|13.548697|50.827646|-16.612089|-43.768423|-0.007269|-6.974364|5.245474|17.663378|-96.529570|0.388309|60.536691|30.678277|43.240859|-0.013186|nan|-128.643310
1054|-15.737689|-4.945103|-2802.387580|nan|51.608553|-16.030811|-38.214055|0.009935|-7.734670|1.123846|21.210420|-94.206449|1.867668|65.430037|39.009830|43.396373|-0.012685|nan|-128.890941
1055|-26.794148|-3.955573|-2749.345121|4.137194|52.765890|-15.729522|-43.990598|0.022298|-14.377006|6.780402|10.333676|-92.208731|-9.574331|55.764378|39.009830|43.199777|-0.014592|nan|-129.146486
1056|-21.533138|-2.792609|-2700.191109|9.887360|53.299814|-15.319494|-36.436656|0.035366|-12.930499|-1.881043|15.755333|-90.199663|-4.686486|62.781503|33.082926|34.062569|-0.013775|nan|-129.359096
1057|-14.277634|-1.618780|-2656.022947|17.435465|53.684398|-14.821240|-21.884212|0.048193|-6.923754|2.036912|23.155096|-88.365554|2.200930|71.554020|33.082926|34.439094|-0.012624|nan|-129.550221
1058|-25.365629|-0.932976|-2606.858829|4.009540|53.864602|-14.624914|-28.660541|0.058408|-15.483741|-11.781623|12.229028|-87.030242|-9.241068|61.856720|33.082926|34.409443|-0.014530|nan|-129.644762
1059|-52.596285|-0.435049|-2566.019333|-22.888308|54.363832|-15.083907|-51.766714|0.059096|-36.069403|-21.406292|-15.017559|-86.423988|-36.790736|33.008564|33.082926|33.755201|-0.019123|nan|-129.581085
1100|-61.881628|-0.034975|-2531.226661|-33.134228|55.185242|-15.913551|-78.872031|0.060409|-38.422916|-6.457315|-24.184547|-86.193779|-46.344249|21.035376|33.082926|33.082393|-0.020716|nan|-129.445517
1101|-86.330995|-0.216021|-2481.187066|-56.949793|55.409825|-17.242071|-98.756670|0.058565|-58.121650|-22.348682|-48.526525|-86.652635|-71.005645|-5.575136|33.082926|31.941508|-0.024831|nan|-129.259513
1102|-79.592825|-0.232195|-2428.032358|-49.678084|55.242462|-18.136884|-95.979486|0.066296|-56.207829|-10.332522|-41.604775|-87.090316|-64.451490|-1.819279|33.082926|31.371603|-0.023742|nan|-129.023379
1103|-86.894119|-0.729163|-2391.369930|-57.945003|55.003221|-19.224030|-80.871604|0.058534|-56.130348|-3.142545|-48.963940|-87.879626|-71.894344|-12.010980|33.082926|30.485184|-0.024986|nan|-128.816331
1104|-83.104473|-0.555016|-2349.671975|-53.138796|54.700086|-20.042820|-20.662251|0.088604|-57.344466|-1.582428|-45.775129|-88.668836|-70.068461|-10.725812|33.082926|29.977421|-0.024378|nan|-128.596855
1105|-71.425660|-0.023562|-2299.672010|-42.018846|54.607855|-20.234006|11.997435|0.067154|-50.832710|0.913529|-34.733448|-88.583151|-59.955375|-1.732013|33.082926|29.925270|-0.021025|nan|-128.307968
1106|-68.632922|0.340741|-2265.098612|-38.892554|54.152042|-20.414607|24.328133|0.024650|-46.806945|13.157596|-32.721798|-88.581283|-57.289278|-1.577584|33.082926|29.921904|-0.018713|nan|-128.063768
1107|-54.826138|0.811583|-2265.415674|-25.262458|53.757266|-20.085679|55.210422|-0.018204|-37.862867|26.723090|-19.726809|-88.150671|-46.185531|9.200149|33.082926|30.110531|-0.015074|nan|-127.919468
1108|-55.215117|1.100680|-2277.329181|-27.527342|53.721477|-19.577547|39.436016|-0.056171|-40.818968|32.165252|-20.972706|-88.388087|-51.780968|4.240045|33.082926|30.139190|-0.014741|nan|-127.799195
1109|-56.040125|1.379701|-2317.193054|nan|53.790464|-19.148157|36.214482|-0.083980|-36.139088|7.120386|-22.916500|-90.212407|-52.780755|-0.889935|33.082926|30.196412|-0.014333|nan|-127.686901
1110|-43.937852|1.782337|-2349.086097|-14.922328|53.014540|-17.995185|43.324074|-0.111389|-36.253739|-8.518212|-11.934694|-92.287341|-47.294406|7.362800|33.082926|30.429113|-0.012350|nan|-127.630416
1111|-34.584339|2.342302|-2387.573629|-6.184001|52.339734|-16.676591|37.103181|-0.119349|-23.544575|-19.222060|-3.707509|-94.299966|-38.185242|13.286049|33.082926|31.955028|-0.010830|nan|-127.573932
1112|-11.979281|3.151901|-2419.524950|16.080782|51.333517|-14.949604|65.985897|-0.147348|-4.576348|-5.537871|17.720976|-96.083043|-15.856681|33.597264|33.082926|33.017490|-0.007105|nan|-127.549343
1113|-9.006366|3.807141|-2437.055406|18.757199|50.229167|-13.354528|56.654558|-0.122979|-3.350917|-14.830433|19.687561|-97.317137|-13.190584|34.441528|33.082926|34.585645|-0.006660|nan|-127.528356
1114|-14.114213|4.282785|-2450.567800|12.591533|49.673400|-11.703055|35.325783|-0.125973|-10.953532|-13.281157|13.605173|-98.607203|-18.633865|27.284151|33.082926|34.869925|-0.007568|nan|-127.507369
1115|-42.776561|4.490518|-2447.950072|-16.318520|49.047258|-10.886304|-9.331339|-0.128452|-28.025668|-30.140367|-15.979010|-100.533064|-47.627668|-3.322712|33.082926|34.480851|-0.012407|nan|-127.458018
1116|-46.440383|4.588112|-2473.508016|-19.701917|48.321185|-10.131766|-6.998505|-0.133622|-36.265480|-29.659860|-20.546230|-102.140933|-51.626814|-8.601585|33.082926|34.339680|-0.013075|nan|-127.404035
1117|-31.320127|5.008799|-2443.244804|-4.913318|47.675878|-9.092832|11.330911|-0.134420|-26.211527|-16.555786|-6.349188|-103.509516|-36.852194|5.623206|33.082926|34.547653|-0.010610|nan|-126.559917
1118|-37.537917|4.944569|-2367.943048|-12.169403|47.385095|-8.596391|0.222175|-0.136334|-25.324015|-24.549270|-13.444612|-104.673346|-43.406348|-1.345357|33.082926|34.256638|-0.011705|nan|-125.942589
1119|-32.512679|4.183366|-2295.337655|-6.381575|47.253549|-7.349739|2.999359|-0.136964|-36.818680|-11.100009|-9.235121|-105.269613|-42.900679|3.303631|33.082926|34.194711|-0.010927|nan|-125.228906
1120|-27.917502|2.970706|-2203.907685|-2.173924|47.084462|-5.930884|10.664387|-0.137892|-30.758359|-3.895711|-5.362148|-105.366958|-38.679359|7.674937|33.082926|34.312448|-0.010223|nan|-124.482881
1121|-20.423372|1.856756|-2117.992992|nan|47.273835|-4.545233|10.220038|-0.137249|-23.327768|9.785233|1.427749|-105.477172|-31.569767|15.017848|33.082926|39.745690|-0.009037|nan|-123.845053
1122|-10.033350|0.635179|-2025.887121|14.935930|47.579994|-3.132574|15.663319|-0.137402|-13.329906|25.461003|11.121574|-105.418953|-21.571904|24.924584|33.082926|42.757782|-0.007368|nan|-123.258204
1123|-10.969217|-0.376661|-1965.434612|nan|47.807521|-1.895160|25.883356|-0.139049|-13.863620|28.027428|9.497750|-105.316110|-22.904953|23.414888|33.082926|42.954979|-0.007591|nan|-122.657948
1124|-4.900087|-1.156739|-1909.709723|19.316930|47.674714|-0.566005|34.548171|-0.128602|-9.719831|23.976806|14.716623|-105.071557|-17.239497|29.360327|33.082926|43.267281|-0.006645|nan|-122.298783
1125|0.513797|-1.828136|-1841.790298|nan|47.470253|0.782373|28.105104|-0.118834|-8.081566|5.748370|19.313757|-104.832955|-12.240565|35.139199|33.082926|43.665790|-0.005810|nan|-122.060103
1126|4.599277|-2.126778|-1790.112686|nan|47.416474|2.114844|36.658832|-0.115106|-1.617022|4.935970|22.545790|-104.326173|-8.574682|39.331658|34.087989|43.973071|-0.005198|nan|-121.756582
1127|-2.091660|-2.606201|-1737.684484|19.179288|47.585580|3.117726|36.436656|-0.114366|-5.765610|-5.230121|14.963232|-103.922781|-15.684274|32.948641|34.410697|44.051614|-0.006384|nan|-122.008882
1128|-9.003600|-3.069348|-1687.604003|nan|47.573159|3.906338|17.662892|-0.113722|-14.778380|-14.241005|7.143647|-104.034705|-23.016040|25.843451|35.230722|43.438958|-0.007607|nan|-122.252735
1129|0.306156|-3.032380|-1648.031400|21.790052|47.156786|4.865791|-0.999787|-0.100789|-7.091725|-25.449787|15.710905|-103.981387|-9.649051|35.757015|31.550949|32.665709|-0.006123|nan|-122.500840
1330|-11.822812|-3.020663|-1612.668582|8.675856|47.364708|5.712932|-23.106172|-0.086098|-18.682925|-21.891736|2.899139|-103.996333|-21.401923|23.186275|31.550949|32.456354|-0.008217|nan|-122.810490
1331|-15.503078|-3.061422|-1578.356765|5.545989|47.520522|6.471399|-51.877801|-0.068707|-26.233492|-18.762156|-1.353360|-104.228997|-23.112156|19.502618|31.550949|32.435965|-0.008903|nan|-123.083334
1332|-13.291866|-3.123402|-1537.013397|5.983112|48.037292|7.262282|-43.546248|-0.058275|-23.415426|-17.203574|0.229901|-104.532370|-21.574758|21.942048|31.550949|32.255720|-0.008606|nan|-123.253967
1333|18.459353|-2.509001|-1488.315697|37.638930|48.105515|8.579944|-20.106814|-0.028317|2.584190|-4.748440|31.208798|-103.644300|9.307530|55.644934|31.550949|33.183520|-0.003452|nan|-123.421186
1334|32.756942|-1.797630|-1445.336206|50.378019|48.603585|9.054227|-2.999359|0.000956|34.986096|14.811773|44.982316|-101.617815|22.749102|72.112599|31.550949|33.735026|-0.001210|nan|-123.564266
1335|25.501420|-1.293200|-1413.577157|42.242683|48.242655|8.990128|0.444349|0.026062|25.757053|18.307626|37.212166|-99.555307|14.639724|66.673761|31.550949|34.139940|-0.002562|nan|-123.648949
1336|16.095189|-0.892246|-1388.128414|nan|48.493242|8.495320|-7.109592|0.050928|26.498018|16.385743|27.390746|-97.121308|4.419686|58.606051|31.550949|34.271720|-0.004267|nan|-123.727375
1337|15.863450|-0.388045|-1352.114792|nan|48.951068|7.669305|5.554369|0.077809|28.778900|29.351778|26.706580|-94.965374|3.419900|58.865449|31.550949|34.342450|-0.004433|nan|-123.765992
1338|18.380193|-0.031745|-1342.883137|nan|49.036435|7.158083|6.776330|0.115390|26.236298|27.634520|29.014185|-92.597437|5.197298|61.949235|31.550949|34.518505|-0.004137|nan|-123.804609
1339|23.172054|0.322899|-1333.463196|nan|49.353685|6.722603|9.886775|0.145404|34.105862|51.016693|33.959085|-90.275363|9.307530|67.135085|31.550949|34.620897|-0.003451|nan|-123.846192
1340|26.473910|0.887505|-1314.567575|40.533197|49.630896|6.440762|24.439221|0.167992|32.210287|29.784750|37.521902|-88.263765|11.973627|71.415262|31.550949|34.818387|-0.003006|nan|-123.937427
1341|26.642868|1.442505|-1259.614590|nan|49.943138|6.375591|33.104036|0.182304|31.526273|10.452611|38.057925|-86.339336|11.529278|72.815762|31.550949|34.933971|-0.003080|nan|-124.033343
1342|19.218521|1.725614|-1185.349543|31.143568|50.205591|5.987188|47.434306|0.209667|31.128985|4.553562|30.992353|-85.024611|12.890987|65.851132|31.550949|34.830369|-0.004413|nan|-123.840937
1343|14.335792|2.084693|-1102.915015|nan|50.103472|5.697561|44.657122|0.189923|21.044700|20.159391|26.397425|-83.883156|24.247706|61.532420|31.550949|34.710638|-0.005320|nan|-123.210057
1344|4.324579|2.654595|-1035.493940|15.146709|50.004207|5.434972|28.660541|0.197348|12.012069|1.998764|16.702742|-82.992271|13.694406|52.215677|31.550949|40.422463|-0.007079|nan|-122.610182
1345|-10.584835|3.115466|-955.192286|0.125760|50.332898|5.019021|-15.774406|0.201821|-0.147739|5.974471|2.064436|-82.799394|4.093262|37.249902|31.550949|39.704489|-0.009653|nan|-121.781973
1346|-14.074320|3.953782|-857.394931|-3.025657|50.499129|4.525853|-23.772697|0.207478|-0.787218|-1.794546|-1.251655|-82.938281|0.094117|34.170569|31.550949|39.272024|-0.010319|nan|-120.973956
1347|-3.805765|4.899120|-760.091425|6.756232|50.312207|4.272005|0.777611|0.209365|7.788137|-1.643348|9.140795|-83.396343|9.869805|45.043849|31.550949|39.221525|-0.008689|nan|-120.089196
1348|-10.104421|5.686660|-629.511203|-0.993344|50.744833|3.875065|-12.552872|0.211920|3.332475|0.508835|2.858014|-84.063080|3.093476|38.978407|31.550949|40.750187|-0.009295|nan|-119.517613
1349|-34.641502|5.990083|-505.409856|-25.875952|51.101308|2.955015|-32.881861|0.167676|-15.660848|-15.573087|-21.796995|-85.226993|-21.901182|14.521341|31.550949|39.986572|-0.011608|nan|-118.922919
1350|-25.984816|6.374161|-393.203506|-16.794192|50.887637|2.279995|-20.440076|0.173921|-9.680717|0.599199|-13.233394|-85.304798|-13.680717|23.395000|31.550949|39.691400|-0.009852|nan|-118.193687
1351|-28.110228|6.581145|-299.185332|nan|51.255762|1.662709|-15.885493|0.151622|-12.315393|20.686417|-15.448624|-85.319752|-16.235726|20.915506|31.550949|39.304068|-0.008356|nan|-117.593181
1352|-25.017353|6.603487|-196.530972|nan|51.431584|1.257044|-3.221533|0.159478|-11.889963|14.220371|-12.478741|-85.672724|-13.569629|23.661610|31.550949|39.157028|-0.007911|nan|-116.981567
1353|-19.600543|6.673914|-118.026479|-12.009472|50.872852|0.818258|0.444349|0.158556|-4.411365|8.967317|-7.115280|-85.732497|-8.570698|28.429526|31.550949|39.199412|-0.007078|nan|-116.411660
1354|-11.306689|6.888727|-48.612225|-3.793783|50.309730|0.523262|13.997008|0.142121|1.876172|23.084295|1.134188|-85.704731|-0.683495|35.699131|31.550949|39.389247|-0.004692|nan|-115.941811
1355|-14.455465|6.770094|26.323591|nan|50.085645|0.300716|15.441145|0.131809|-3.679291|9.729090|-2.119836|-85.898111|-2.878290|30.971182|31.550949|39.384312|-0.005284|nan|-115.521737
1356|-14.954592|6.551608|77.048108|nan|49.636170|-0.011623|18.218329|0.126219|1.992344|-1.133851|-2.769207|-86.324860|-3.766989|29.464885|31.550949|39.381154|-0.005432|nan|-115.118943
1357|-18.033132|5.881637|139.763655|-12.655405|49.372972|-0.545173|7.665028|0.126625|2.468635|7.413999|-6.035506|-87.128900|-7.210698|24.688080|31.550949|39.225575|-0.006006|nan|-114.650791
1358|-30.347654|4.975657|214.117160|-25.663401|49.115863|-1.138005|-12.330698|0.120541|-12.272661|-15.064209|-18.525739|-88.188088|-19.874658|10.344479|31.550949|38.952786|-0.008312|nan|-114.013297
1359|-30.771012|4.159019|275.921956|-26.504974|49.579960|-1.314503|-4.221320|0.107587|-19.210271|3.261991|-19.247122|-89.383605|-26.252269|6.460675|37.547530|38.591677|-0.008604|nan|-113.403089
1400|-31.288402|3.852600|328.160295|-27.350999|50.171487|-1.313991|-17.662891|0.099912|-22.178970|2.481431|-20.139708|-90.728191|-29.620968|3.354672|37.547530|38.319703|-0.008936|nan|-112.919572
1401|-31.996663|3.694250|376.843205|-28.464565|50.949443|-0.946875|-22.883998|0.087702|-29.449843|-1.211392|-21.253739|-92.199008|-39.131842|0.137605|37.547530|37.966724|-0.009347|nan|-112.521786
1402|-51.253588|2.949044|431.114168|-47.661216|51.091981|-1.144323|-40.769064|0.065809|-39.591308|-11.066489|-40.919559|-93.959110|-58.794306|-21.825495|37.547530|37.804768|-0.015961|nan|-111.971435
1403|-48.157084|2.376886|475.196814|nan|51.271687|-1.054698|-7.220679|0.035656|-45.485212|-6.170986|-38.484610|-95.419691|-59.088209|-21.376702|39.443138|37.422420|-0.015518|nan|-111.693866
1404|-63.500804|1.408871|514.934012|-60.759316|51.386156|-1.407329|-9.553514|-0.005680|-53.738620|-6.084508|-54.827076|-97.486925|-74.862616|-39.560605|32.790717|29.482526|-0.020469|nan|-111.297685
1405|-109.875742|-0.447513|541.565360|-107.384443|49.507396|-3.041354|-64.430673|-0.062127|-82.823739|-45.900781|-102.465491|-100.337533|-121.630397|-88.706039|-16.006049|-20.921926|-0.036190|nan|-110.487289
1406|-98.062441|-2.009177|549.228365|-95.709332|47.873627|-4.171597|-63.208713|-0.105099|-79.863073|-33.448918|-92.038861|-102.727729|-110.188399|-79.741497|-21.955356|-27.453380|-0.034290|nan|-109.304389
1407|-78.727386|-3.445892|551.568628|nan|46.352325|-5.134498|-45.212559|-0.152730|-59.347464|-18.821918|-74.040519|-104.686993|-91.192459|-63.784907|-21.955356|-27.843009|-0.031128|nan|-108.072437
1408|-60.084802|-4.465545|572.409081|-58.230887|45.492270|-5.606784|-25.105745|-0.198646|-47.418714|-9.063515|-56.954563|-107.074149|-72.863043|-48.417721|-21.955356|-27.769967|-0.028075|nan|-106.923184
1409|-53.012432|-5.480707|586.879188|nan|43.940344|-5.915205|-14.219183|-0.233987|-41.442716|-31.801748|-51.482771|-109.647168|-66.086713|-44.423019|-21.955356|-27.644104|-0.026950|nan|-105.949237
1410|-51.982848|-6.523844|584.280953|-51.637392|42.769124|-6.436295|-10.775475|-0.267006|-37.625768|-28.516800|-52.034553|-111.971320|-65.309102|-46.395778|-21.955356|-27.632320|-0.026824|nan|-104.887820
1411|-53.662404|-7.671130|559.998119|nan|41.548288|-7.109132|-13.108309|-0.300191|-36.633920|-39.086847|-55.230375|-114.004327|-67.197587|-51.533537|-21.955356|-27.555933|-0.027145|nan|-103.645593
1412|-33.388783|-8.303396|458.186576|-32.446084|40.464885|-7.630828|-0.999787|-0.319186|-18.687443|-32.074305|-36.272260|-115.449278|-47.090774|-34.296100|-21.955356|-26.968453|-0.023791|nan|-102.451196
1413|-30.048074|-8.786962|284.029210|-30.194977|39.776746|-8.212018|-3.221534|-0.334060|-11.626240|-18.161639|-34.199485|-116.863554|-42.269240|-33.994027|-21.955356|-26.604112|-0.023256|nan|-101.773974
1414|-30.413169|-9.357481|112.453739|-30.640433|38.883961|-8.714847|-14.219183|-0.349437|-15.591587|-35.299999|-35.758255|-118.455551|-41.913589|-37.123628|-21.955356|-26.264523|-0.023333|nan|-102.218332
1415|-25.006095|-9.677995|-56.730252|nan|38.288594|-8.652788|-24.328134|-0.356626|-18.098728|-50.787678|-31.432133|-119.956790|-36.581396|-34.263399|-21.955356|-25.948286|-0.022445|nan|-102.429406
1416|-19.834676|-9.752723|-189.618958|nan|37.850895|-8.447850|-23.217260|-0.363125|-10.749042|-30.725537|-27.239512|-121.320363|-31.471377|-31.206275|-21.955356|-25.654030|-0.021594|nan|-102.685906
1417|-22.689617|-9.975222|-312.357759|-23.082270|37.407871|-8.601977|-16.329843|-0.372169|-7.636647|-35.572140|-30.992244|-122.488302|-34.359648|-36.034972|-21.955356|-25.534273|-0.022080|nan|-103.013997
1418|-22.434113|-10.579095|-427.891392|-21.575517|36.967625|-8.588788|-22.883998|-0.377454|-16.374474|-27.270620|-31.480308|-123.325136|-34.137474|-37.120566|-21.955356|-25.244534|-0.022045|nan|-103.240299
1419|-11.095267|-11.339872|-528.314257|-10.243640|36.724972|-8.422920|-36.547744|-0.332130|-5.763563|-16.781375|-20.687104|-123.554581|-22.086562|-26.522141|-21.955356|-24.825458|-0.020154|nan|-103.325262
1420|-5.555943|-11.846441|-614.126929|nan|36.120654|-8.259023|-22.772911|-0.321942|1.230473|-8.483692|-15.663041|-123.280984|-16.532194|-21.425453|-21.955356|-24.464166|-0.019228|nan|-103.380222
1421|-5.483863|-12.172868|-684.012135|-5.861079|36.075038|-8.289287|-25.216832|-0.301837|2.781894|-3.365045|-16.073807|-122.993051|-16.421106|-21.820232|-21.955356|-6.495960|-0.019212|-226823.688805|-103.350014
1422|-2.767369|-12.422729|-737.472854|-1.804185|36.169413|-8.396163|-19.773551|-0.309605|4.998412|1.721204|-13.808379|-122.927725|-13.643922|-19.169872|-21.955356|3.047649|-0.018749|-213411.882188|-103.244299
1423|-8.633742|-12.812867|-769.307486|-8.432458|36.002247|-8.762018|-20.551163|-0.311143|4.582537|-6.730288|-20.228937|-122.910022|-19.420465|-24.925255|-21.955356|7.893353|-0.019717|-213402.864175|-103.437591
1424|-16.976752|-13.413712|-802.378982|nan|35.353315|-9.346255|-20.884425|-0.313755|-2.358261|-12.503567|-29.069479|-122.434649|-27.640930|-33.006914|-21.955356|9.748830|-0.021094|-189474.250553|-103.775337
1425|-9.025868|-13.898414|-842.305391|-7.681599|35.174039|-9.813132|-16.329843|-0.315956|5.030783|-3.739887|-21.537223|-121.999018|-16.971553|-24.758731|-21.955356|9.830097|-0.019740|-178945.930555|-103.906694
1426|-6.769789|-14.374134|-877.086647|nan|34.819819|-10.302265|-14.774620|-0.317429|6.674372|-8.225376|-19.617341|-121.425589|-14.527631|-22.230905|-21.955356|15.027513|-0.019332|-178945.272973|-104.049916
1427|-2.756518|-14.647640|-898.774143|nan|34.658307|-10.605052|-13.997009|-0.321834|8.494691|-6.506998|-15.863947|-120.895327|-10.306311|-17.860401|-21.955356|20.533100|-0.018626|-178946.259346|-104.321768
1428|-6.877254|-14.890121|-918.246261|-6.200757|34.676619|-10.907916|-30.549026|-0.320142|6.447302|-15.150447|-20.220040|-120.618465|-11.634368|-21.593415|-21.955356|20.479788|-0.019278|-178948.232091|-104.509686
1429|-16.923779|-15.120533|-930.461643|-15.663358|34.868481|-11.623123|-41.102326|-0.328096|4.431280|-15.055681|-30.495945|-120.909603|-18.770057|-31.367574|-21.955356|25.488190|-0.020914|-161724.457145|-104.698233
1430|-39.332350|-15.561399|-936.722786|-37.905734|34.552217|-12.578263|-64.097411|-0.126862|-20.236778|-41.475836|-53.125740|-121.885399|-40.396443|-53.148769|-21.955356|27.400890|-0.024611|-161725.051430|-105.224619
1431|-60.677459|-16.264412|-960.753260|-58.712040|34.227745|-13.931639|-86.203798|-0.179285|-33.389948|-71.736826|-74.717121|-123.375124|-58.991956|-73.284373|-21.955356|26.560092|-0.028126|-161723.268574|-105.721777
1432|-40.614002|-16.618859|-995.964206|-37.776185|33.288082|-14.682319|-85.426186|-0.218487|-23.191211|-46.470101|-54.713237|-124.117025|-38.391880|-51.911163|-21.955356|16.491717|-0.024706|-161717.622866|-106.087102
1433|-36.828670|-16.969045|-1009.674891|-34.695113|32.733165|-15.911256|-78.538769|-0.227057|-3.368888|-43.186844|-50.878997|-124.281503|-32.970560|-46.808938|-21.955356|16.386770|-0.024001|-112430.610982|-106.259963
1434|-38.397502|-16.913249|-1025.882534|-35.762136|31.832713|-17.355126|-95.424050|-0.228575|-6.719762|-34.460535|-52.186796|-124.457564|-34.081434|-47.086693|-21.955356|16.351600|-0.024188|-101897.701980|-106.420477
1435|-31.991094|-16.815964|-1044.872883|-28.834384|31.144221|-18.526167|-135.304414|-0.214722|0.087321|-21.600498|-45.296842|-124.418658|-27.194017|-39.155054|-21.955356|16.371348|-0.023037|-90408.295379|-106.572781
1436|-23.358399|-16.550555|-1056.732557|-18.045964|29.929278|-19.247523|-114.753252|-0.206918|2.795816|-24.175329|-36.093362|-124.174840|-18.084853|-28.071815|-4.145186|16.741448|-0.021513|-90399.655387|-106.759143
1437|-25.052721|-16.406157|-1049.692634|nan|29.456566|-20.034338|-96.979273|-0.192212|2.855191|-19.984045|-37.151129|-123.404575|-19.306814|-28.371785|5.093321|16.919277|-0.021719|-85607.949887|-106.879141
1438|-26.644936|-16.348174|-1055.824138|-22.027658|29.114705|-20.866604|-79.760730|-0.188562|2.943985|-3.615764|-37.952054|-122.759605|-20.417687|-29.080558|10.138049|17.098673|-0.021906|-44951.254509|-106.988076
1439|-25.576007|-16.411449|-1057.905495|nan|29.206484|-21.740635|-71.429177|-0.184712|3.459208|-14.316252|-35.962945|-121.624568|-18.862464|-27.098759|12.122413|17.277169|-0.021647|-44946.213627|-107.075712
1440|-45.754641|-16.842554|-1045.763180|-39.578919|31.063802|-23.205394|-90.314030|-0.186766|-6.761919|-20.540445|-55.024922|-119.780741|-37.484928|-46.780162|12.122413|16.837465|-0.024940|44940.594285|-107.130254
1441|-38.296379|-16.994107|-1021.059516|-30.911589|32.856954|-24.378382|-84.204225|-0.183122|-3.724298|-11.097184|-46.436885|-118.028388|-29.486638|-38.588544|17.229226|16.843187|-0.023603|55929.291425|-107.133436
1442|-60.634289|-17.619115|-1001.783050|-53.230295|34.282070|-26.038906|-85.870536|-0.203699|-18.456083|-20.609286|-67.862430|-117.475097|-40.139762|-60.608817|20.341453|16.119825|-0.027252|55921.268567|-107.173898
1443|-82.121775|-18.287156|-989.272435|-74.387568|34.901309|-27.999220|-103.533427|-0.229072|-35.499506|-41.618880|-88.588773|-118.200997|-61.264187|-81.421938|20.341453|15.297100|-0.030754|55912.834290|-108.188818
1444|-86.311087|-19.012150|-969.408613|nan|35.132710|-29.762910|-107.532572|-0.249862|-41.853970|-47.276946|-92.088374|-119.157278|-67.138983|-85.307695|16.578664|10.951406|-0.031356|85528.953851|-109.122893
1445|-63.401317|-19.242640|-965.098583|-53.718156|35.356997|-30.643824|-78.649857|-0.260711|-30.624450|-30.894699|-68.401279|-119.447791|-49.748461|-62.181632|16.578664|11.024252|-0.027417|85516.522200|-109.580420
1446|-52.050275|-19.341001|-960.485254|nan|36.014624|-31.231562|-61.542402|-0.269509|-17.827347|-7.079935|-56.234431|-119.256750|-37.751025|-50.761850|16.578664|11.146883|-0.025411|85504.247913|-109.880403
1447|-65.051521|-19.379079|-952.997516|-54.591742|36.710976|-32.330203|-76.761371|-0.281358|-21.276710|-17.716551|-68.560362|-119.957942|-50.081723|-63.898937|16.578664|10.845408|-0.027483|85491.816262|-110.464543
1448|-59.059632|-19.229854|-978.839773|-47.392172|36.843517|-32.992375|-69.873955|-0.293017|-25.573470|-29.903641|-61.901698|-120.535209|-43.576481|-57.898908|16.578664|11.139324|-0.026370|85479.541975|-110.871657
1449|-61.614483|-18.973305|-1006.186708|-49.807939|37.492935|-33.424737|-60.431528|-0.309509|-28.020951|-27.990203|-63.956418|-121.168014|-51.864966|-60.942701|16.578664|10.971724|-0.026691|89764.008786|-111.370921
1450|-47.725259|-17.605575|-1080.327831|-34.619556|38.011176|-33.605115|-40.324715|-0.318598|-14.188842|-31.833065|-49.686327|-121.510827|-37.312521|-47.412232|16.578664|11.214865|-0.022450|107413.318674|-111.777092
1451|-39.606556|-16.203843|-1179.639084|nan|38.623822|-33.587767|-31.437725|-0.324925|-8.052940|-11.849202|-41.199847|-121.742203|-28.536619|-39.653904|16.578664|11.468250|-0.018154|107395.516476|-112.164748
1452|-52.931792|-15.497050|-1276.403467|nan|38.989465|-33.875125|-41.324501|-0.336071|-17.516566|-35.616185|-54.135371|-122.199921|-41.200579|-53.423686|16.578664|11.572792|-0.020282|107376.923070|-112.720887
1453|-63.156618|-15.285308|-1316.843920|-48.805969|39.430584|-34.500716|-56.654557|-0.349680|-22.589743|-44.759444|-64.017693|-122.902444|-50.754092|-64.035401|16.578664|11.405996|-0.021888|107357.934060|-113.353105
1454|-54.616761|-14.993311|-1339.908374|-38.823869|39.577564|-34.963581|-55.654771|-0.356919|-16.650828|-48.365142|-55.218517|-123.636282|-41.533841|-55.709984|16.578664|11.644624|-0.020345|114495.296698|-113.951438
1455|-20.522328|-14.130842|-1391.816783|-4.293146|39.560906|-34.565906|-12.775048|-0.355499|6.757510|-21.493360|-20.776558|-123.542981|-6.763495|-20.589186|16.578664|12.504784|-0.014512|134987.641311|-114.251482
1456|14.045908|-12.651778|-1430.217501|30.973397|39.242644|-33.337110|24.883570|-0.344109|30.129524|-3.370567|14.294728|-122.520253|28.451201|16.461471|16.578664|13.994067|-0.008602|156432.499351|-114.298764
1457|15.984278|-11.589712|-1475.031810|32.894328|39.506028|-32.212911|31.659899|-0.361154|32.926545|-9.364476|16.740364|-121.485099|30.846210|20.493104|16.578664|14.880189|-0.008174|162616.979340|-114.329179
1458|4.615972|-10.814128|-1509.859487|21.658782|39.511039|-31.176682|16.996368|-0.359876|20.951071|-5.045693|5.982925|-120.678312|17.830736|10.732716|16.578664|15.438561|-0.009982|168326.226826|-114.384802
1459|-38.425616|-10.833927|-1542.825545|-19.974150|40.579226|-31.372579|-35.214696|-0.350803|-6.681289|-32.473925|-36.543053|-120.824640|-26.924639|-30.995266|16.578664|20.407027|-0.017104|168313.192964|-114.567417
