859|nan|nan|nan|nan|nan|nan|nan|nan|nan|nan|nan|nan|nan|nan|nan|nan|nan|nan|nan
900|nan|nan|nan|nan|nan|nan|nan|nan|nan|nan|nan|nan|nan|nan|nan|nan|nan|nan|nan
901|nan|nan|nan|nan|nan|nan|nan|nan|nan|nan|nan|nan|nan|nan|nan|nan|nan|nan|nan
902|nan|nan|nan|nan|nan|nan|nan|nan|nan|nan|nan|nan|nan|nan|nan|nan|nan|nan|nan
903|nan|nan|nan|nan|nan|nan|nan|nan|nan|nan|nan|nan|nan|nan|nan|nan|nan|nan|nan
904|nan|nan|nan|nan|nan|nan|nan|nan|nan|nan|nan|nan|nan|nan|nan|nan|nan|nan|nan
905|nan|nan|nan|nan|nan|nan|nan|nan|nan|nan|nan|nan|nan|nan|nan|nan|nan|nan|nan
906|nan|nan|nan|nan|nan|nan|nan|nan|nan|nan|nan|nan|nan|nan|nan|nan|nan|nan|nan
907|nan|nan|nan|nan|nan|nan|nan|nan|nan|nan|nan|nan|nan|nan|nan|nan|nan|nan|nan
908|nan|nan|nan|nan|nan|nan|nan|nan|nan|nan|nan|nan|nan|nan|nan|nan|nan|nan|nan
909|nan|nan|nan|nan|nan|nan|nan|nan|nan|nan|nan|nan|nan|nan|nan|nan|nan|nan|nan
910|nan|nan|nan|nan|nan|nan|nan|nan|nan|nan|nan|nan|nan|nan|nan|nan|nan|nan|nan
911|nan|nan|nan|nan|nan|nan|nan|nan|nan|nan|nan|nan|nan|nan|nan|nan|nan|nan|nan
912|nan|nan|nan|nan|nan|nan|nan|nan|nan|nan|nan|nan|nan|nan|nan|nan|nan|nan|nan
913|nan|nan|nan|nan|nan|nan|nan|nan|nan|nan|nan|nan|nan|nan|nan|nan|nan|nan|nan
914|nan|nan|nan|nan|nan|nan|nan|nan|nan|nan|nan|nan|nan|nan|nan|nan|nan|nan|nan
915|nan|nan|nan|nan|nan|nan|nan|nan|nan|nan|nan|nan|nan|nan|nan|nan|nan|nan|nan
916|nan|nan|nan|nan|nan|nan|nan|nan|nan|nan|nan|nan|nan|nan|nan|nan|nan|nan|nan
917|nan|nan|nan|nan|nan|nan|nan|nan|nan|nan|nan|nan|nan|nan|nan|nan|nan|nan|nan
918|nan|nan|nan|nan|nan|nan|nan|nan|nan|nan|nan|nan|nan|nan|nan|nan|nan|nan|nan
919|nan|nan|nan|nan|nan|nan|nan|nan|nan|nan|nan|nan|nan|nan|nan|nan|nan|nan|nan
920|nan|nan|nan|nan|nan|nan|nan|nan|nan|nan|nan|nan|nan|nan|nan|nan|nan|nan|nan
921|nan|nan|nan|nan|nan|nan|nan|nan|nan|nan|nan|nan|nan|nan|nan|nan|nan|nan|nan
922|nan|nan|nan|nan|nan|nan|nan|nan|nan|nan|nan|nan|nan|nan|nan|nan|nan|nan|nan
923|nan|nan|nan|nan|nan|nan|nan|nan|nan|nan|nan|nan|nan|nan|nan|nan|nan|nan|nan
924|nan|nan|nan|nan|nan|nan|nan|nan|nan|nan|nan|nan|nan|-147.977943|nan|-14.962464|nan|nan|nan
925|nan|nan|nan|nan|nan|nan|nan|nan|nan|nan|nan|nan|nan|-166.020340|nan|-21.879575|nan|nan|nan
926|nan|nan|nan|nan|nan|nan|nan|nan|nan|nan|nan|nan|nan|-148.288390|nan|-21.352163|nan|nan|nan
927|nan|nan|nan|nan|nan|nan|nan|nan|nan|nan|nan|nan|nan|-142.119632|nan|-21.015140|nan|nan|nan
928|nan|nan|nan|nan|nan|nan|nan|nan|nan|nan|nan|nan|nan|-123.755996|-14.682877|-20.523118|nan|nan|nan
929|nan|nan|nan|nan|nan|nan|nan|nan|nan|nan|nan|nan|nan|-116.174569|-14.682877|-20.069702|nan|nan|nan
930|nan|nan|nan|nan|nan|nan|nan|nan|nan|nan|nan|nan|nan|-117.933955|-14.682877|-19.805652|nan|nan|nan
931|nan|nan|nan|nan|nan|nan|nan|nan|nan|nan|nan|nan|nan|-113.806373|-14.682877|-19.538787|nan|nan|nan
932|nan|nan|nan|nan|nan|nan|nan|nan|nan|nan|nan|nan|nan|-120.903062|-14.682877|-19.426727|nan|nan|nan
933|nan|nan|nan|nan|6.653292|nan|nan|nan|nan|nan|nan|nan|nan|-93.944307|-14.682877|-18.975369|nan|nan|nan
934|nan|nan|nan|nan|10.743222|nan|nan|nan|nan|nan|nan|nan|nan|-66.058140|-14.682877|-18.572030|nan|nan|nan
935|nan|nan|nan|nan|14.680485|nan|nan|nan|nan|2.752485|nan|nan|nan|-61.837254|-14.682877|-18.364817|nan|nan|nan
936|nan|nan|nan|nan|17.172859|nan|nan|nan|nan|-12.841473|nan|nan|nan|-67.967274|-14.682877|-18.159397|nan|nan|nan
937|nan|nan|nan|nan|19.525868|nan|nan|nan|nan|-12.169268|nan|nan|nan|-74.311226|-14.682877|-18.265500|nan|nan|nan
938|nan|nan|nan|nan|21.375417|nan|nan|nan|nan|-9.547477|nan|nan|nan|-65.767506|-14.682877|-18.152130|nan|nan|nan
939|nan|nan|nan|nan|23.518359|nan|nan|nan|nan|-5.081834|nan|nan|nan|-58.228643|-14.682877|-18.176370|nan|nan|nan
940|nan|nan|nan|nan|25.153938|nan|nan|nan|nan|-5.279217|nan|nan|nan|-50.909060|-14.682877|-12.316655|nan|nan|nan
941|nan|nan|nan|nan|25.916506|nan|nan|nan|nan|-21.266830|nan|nan|nan|-31.260956|-14.682877|-2.126221|nan|nan|nan
942|nan|nan|nan|nan|26.252254|nan|nan|nan|nan|-25.126047|nan|nan|nan|-35.718526|-14.682877|8.409146|nan|nan|nan
943|nan|0.468319|nan|nan|26.948714|nan|nan|nan|nan|-15.638686|nan|nan|nan|-25.478867|-14.682877|12.494957|-0.010477|nan|nan
944|nan|1.109219|nan|nan|27.440620|nan|nan|nan|nan|-32.319912|nan|nan|nan|-30.111878|-14.682877|12.727796|-0.011766|nan|nan
945|nan|2.283575|nan|nan|28.111240|nan|nan|nan|nan|-18.569562|nan|nan|nan|-19.480440|-14.682877|13.089524|-0.010074|nan|nan
946|nan|3.185012|nan|nan|29.031028|nan|nan|nan|nan|-17.814106|nan|nan|nan|-17.181950|-14.682877|13.393796|-0.009994|nan|nan
947|nan|3.861053|nan|nan|29.876283|nan|nan|nan|nan|-8.004082|nan|nan|nan|-16.757783|-14.682877|27.421591|-0.009994|nan|nan
948|nan|4.345262|nan|nan|30.039996|nan|nan|nan|nan|-17.894538|nan|nan|nan|-12.082110|-14.682877|31.829575|-0.010074|nan|nan
949|nan|4.079884|nan|-1.015099|30.774954|nan|nan|nan|nan|-20.675802|nan|nan|nan|-19.883040|-14.682877|31.856149|-0.011926|nan|nan
950|nan|3.447737|nan|-5.362657|31.258383|nan|nan|nan|nan|-13.764132|nan|nan|nan|-22.545200|-14.682877|31.889159|-0.012932|nan|nan
951|nan|3.213562|nan|nan|31.916444|nan|nan|nan|nan|-0.369507|nan|nan|nan|-12.941777|-14.682877|31.926805|-0.011885|nan|nan
952|nan|2.663905|nan|nan|32.355983|nan|nan|nan|nan|0.131883|nan|nan|nan|-15.412150|-14.682877|31.967625|-0.012811|nan|nan
953|nan|2.018703|nan|-10.289095|33.460899|nan|-102.494717|nan|nan|2.027896|nan|nan|nan|-17.267658|-14.682877|31.856596|-0.013616|nan|nan
954|nan|1.253514|nan|nan|34.362329|nan|-81.509808|nan|nan|15.545920|nan|nan|nan|-19.337823|-14.682877|31.782124|-0.014381|nan|nan
955|nan|0.880638|nan|nan|35.400970|nan|-97.414160|nan|nan|14.029431|nan|nan|nan|-11.025980|-8.999418|31.737085|-0.013253|nan|nan
956|nan|0.775370|nan|-1.413152|35.784954|nan|-75.987462|nan|nan|9.331784|nan|nan|nan|-2.155923|0.860245|31.869415|-0.012206|nan|nan
957|nan|0.200783|nan|-13.616404|36.559183|nan|-82.172488|nan|nan|-13.266066|nan|nan|nan|-11.091467|11.101916|33.658806|-0.014219|nan|nan
958|nan|-0.249651|nan|nan|37.308514|nan|-66.268136|nan|nan|-5.883147|nan|nan|nan|-8.559244|14.926464|33.641370|-0.014098|nan|nan
959|nan|-0.615814|nan|nan|39.385557|-22.638307|-60.304003|-0.278559|nan|7.463645|nan|nan|nan|-7.318601|14.926464|33.640508|-0.013857|nan|nan
1000|nan|-1.115687|nan|nan|41.533648|-22.421690|-68.256180|-0.524228|nan|-6.775004|nan|nan|nan|-11.385646|14.926464|33.652603|-0.014622|nan|nan
1001|nan|-1.708326|nan|-20.455129|44.115421|-22.388110|-70.244224|-0.613389|nan|4.685246|nan|-110.177732|nan|-15.715164|14.926464|33.520827|-0.015467|nan|nan
1002|nan|-1.514292|nan|1.822802|45.585020|-21.702195|-57.211490|-0.461960|nan|-3.287077|nan|-108.403490|nan|6.662157|28.698464|33.739777|-0.011562|nan|nan
1003|nan|-0.891407|nan|17.351071|46.476133|-20.631774|-17.671503|-0.335265|nan|-12.113996|nan|-106.653473|nan|23.464118|32.891545|41.144831|-0.008784|nan|nan
1004|nan|-0.028382|nan|nan|47.496805|-19.407892|15.462565|-0.249816|nan|-5.203581|nan|-104.756737|nan|34.173049|32.891545|41.415233|-0.007093|nan|nan
1005|nan|0.695223|nan|25.115136|47.709515|-18.237954|14.799883|-0.155671|nan|-24.466503|nan|-102.745312|nan|34.558184|24.519210|24.515973|-0.007374|nan|nan
1006|nan|1.787416|nan|40.109969|48.309408|-16.748362|20.543122|-0.008356|nan|4.123321|nan|-100.369489|nan|50.721996|24.519210|24.958429|-0.004637|nan|nan
1007|nan|2.578940|nan|31.774587|49.365924|-15.566363|4.859664|0.069519|nan|6.263053|nan|-97.953622|nan|44.596429|24.519210|25.144972|-0.005925|nan|nan
1008|nan|3.320724|nan|nan|50.013083|-14.478449|9.940221|0.129457|nan|11.383584|nan|-96.304147|nan|44.773144|24.519210|25.283268|-0.006126|nan|nan
1009|nan|6.279072|nan|114.934042|51.749911|-11.241338|98.960416|0.328631|nan|42.031435|nan|-92.994162|nan|132.998503|24.519210|26.613014|0.009087|nan|nan
1010|nan|9.165723|nan|125.671143|54.107453|-8.093725|116.190132|0.516333|nan|64.912610|nan|-89.394984|nan|148.983591|24.519210|27.319160|0.011178|nan|nan
1011|nan|11.667187|nan|116.666137|56.487237|-5.346628|121.933370|0.658773|nan|55.102571|nan|-85.825474|nan|143.165854|24.519210|27.837572|0.009286|nan|nan
1012|nan|14.020806|nan|117.118815|58.559807|-2.700223|115.969237|0.776716|nan|68.372389|nan|-81.991680|nan|148.421914|24.519210|28.357060|0.009366|nan|nan
1013|nan|16.617556|nan|133.214082|61.159777|0.156023|140.046661|0.895626|nan|103.599427|nan|-77.878902|nan|169.384475|24.519210|28.871242|0.012301|nan|nan
1014|nan|19.285013|nan|nan|63.989327|3.025614|142.476492|0.993913|nan|105.729269|nan|-73.688383|nan|184.108400|24.519210|29.221348|0.014029|nan|nan
1030|nan|21.257683|nan|118.163193|66.502733|5.242346|128.560184|1.045720|nan|99.435421|nan|-70.331500|nan|166.260925|24.519210|29.285312|0.009805|nan|nan
1031|nan|22.514350|nan|90.564044|68.808023|6.774388|101.390248|1.058358|nan|78.345801|nan|-68.189643|nan|143.781289|24.519210|29.125021|0.004777|nan|nan
1032|nan|23.359849|nan|nan|70.848304|7.931336|85.044107|1.057658|nan|45.841327|nan|-66.302264|nan|132.710091|24.519210|28.945317|0.006285|nan|nan
1033|61.527919|23.931081|nan|63.374218|72.573596|8.781401|73.778525|1.037273|nan|40.759199|nan|-64.887701|nan|127.089811|24.519210|28.598731|0.005777|nan|nan
1034|46.189877|24.160293|nan|47.601799|74.139805|9.259442|47.492164|1.004930|nan|60.917286|nan|-63.715788|nan|116.239509|24.519210|28.125900|0.002842|nan|nan
1035|-5.836099|23.288350|nan|-4.796299|74.912153|8.603677|-10.602902|0.962293|nan|16.113371|nan|-64.261072|nan|68.656016|24.519210|42.119298|-0.006727|nan|nan
1036|-34.813470|22.638530|nan|-34.378468|74.871149|7.466579|-34.017643|1.013487|nan|-8.355083|nan|-65.593447|nan|44.701552|24.519210|46.367170|-0.012033|nan|nan
1037|-52.550362|21.758550|nan|nan|74.319139|6.121371|-56.990597|1.039373|nan|-17.340453|nan|-67.436151|nan|32.030342|24.519210|27.685156|-0.018304|nan|nan
1038|-37.768667|21.121804|nan|-36.812834|74.193887|6.850498|-46.829483|1.002854|nan|-7.696387|nan|-68.836351|nan|52.513841|24.519210|27.366604|-0.015650|nan|nan
1039|-28.986639|20.459705|nan|nan|73.864946|7.336535|-42.411607|0.968016|nan|2.810138|nan|-69.710140|nan|65.891169|24.519210|27.112063|-0.014081|nan|nan
1040|-10.169418|20.137232|nan|-9.643596|73.783973|8.638548|-17.671503|0.930196|nan|15.998549|nan|-69.899185|nan|88.247105|24.519210|27.218223|-0.010704|nan|nan
1041|-3.050158|19.608781|nan|nan|73.715959|9.797645|-5.080557|0.896470|nan|16.782487|nan|-70.051921|nan|98.169653|24.519210|27.297165|-0.009457|nan|nan
1042|9.851223|19.520990|nan|10.092296|73.931825|11.143697|-3.534300|0.868506|nan|22.373433|nan|-69.700387|nan|113.499213|24.519210|27.507760|-0.007165|nan|nan
1043|28.091579|19.635254|nan|27.682837|73.771098|12.634906|15.020777|0.851836|nan|33.565829|nan|-68.711872|nan|132.637450|24.519210|27.972539|-0.003910|nan|-94.082266
1044|29.989863|19.930025|nan|28.345057|74.008922|13.990825|17.892397|0.871935|nan|40.487086|nan|-67.556343|nan|134.131905|24.519210|28.168813|-0.003628|nan|-94.071646
1045|21.076676|19.925181|nan|nan|73.807121|15.239596|4.417876|0.906417|nan|11.487709|nan|-66.850643|nan|124.969231|24.519210|28.306890|-0.005315|nan|-94.072309
1046|7.735813|19.648079|nan|5.372381|74.020500|16.148296|-13.916309|0.935474|nan|-1.302534|17.409014|-66.700590|nan|110.683032|24.519210|28.244033|-0.007806|nan|-94.069493
1047|5.219847|19.377341|nan|nan|73.757715|17.148752|4.638770|0.936766|nan|-6.261630|13.913940|-66.320326|nan|107.303964|24.519210|28.178821|-0.008328|nan|-94.066677
1048|7.990004|19.183676|nan|6.100430|73.304827|17.839497|22.310273|0.933379|nan|-1.065021|15.662949|-65.879046|nan|109.476347|24.519210|28.266389|-0.007885|nan|-94.073240
1049|19.359783|19.401773|nan|nan|73.130541|18.306456|42.632501|0.915777|nan|9.521335|26.230368|-65.117522|nan|117.083929|24.519210|28.318406|-0.005877|nan|-94.002918
1050|30.956694|20.006112|nan|28.387779|73.155910|18.992220|52.351827|0.933245|nan|50.515950|37.003244|-63.925712|nan|123.952946|26.882283|28.495884|-0.003828|nan|-93.943165
1051|20.676526|20.240243|470.452809|16.681089|72.535287|19.583163|56.769703|0.864910|0.750078|36.210874|26.159183|-62.915042|6.189715|109.536810|26.882283|28.461565|-0.005756|nan|-93.883412
1052|21.671306|20.661481|505.991432|17.348051|72.766085|20.324002|50.363784|0.823862|-1.946877|43.873556|26.759360|-62.501885|3.172397|106.219593|26.882283|28.709344|-0.005636|nan|-93.823659
1053|39.467334|21.509744|526.995900|35.615771|73.300470|21.357981|66.709924|0.676361|14.783369|57.576339|44.292950|-62.019892|20.623006|119.865804|26.882283|37.578208|-0.002462|nan|-93.751590
1054|46.676535|22.541327|527.710919|nan|73.767373|22.389477|157.055482|0.447826|20.671076|62.371872|50.431529|-61.588221|27.470713|122.628843|26.882283|42.024810|-0.001217|nan|-93.662295
1055|53.003534|23.567833|524.327226|nan|74.976437|23.403323|174.506091|0.371639|29.754845|68.094337|55.700881|-60.931286|33.434845|124.828689|26.882283|48.987697|-0.000133|nan|-93.596529
1056|58.224271|24.610979|524.493082|53.554717|75.379363|24.265603|168.983747|0.405162|35.653782|57.025016|59.971484|-60.574378|38.294509|126.327545|26.882283|49.488413|0.000751|nan|-93.559310
1057|52.167627|25.695209|539.799091|nan|75.516517|25.046963|163.019614|0.471285|32.288226|47.354849|53.015642|-60.198180|31.888589|116.360818|26.882283|49.478557|-0.000414|nan|-93.535619
1058|56.709208|26.891617|569.919496|51.336772|75.512323|25.808560|183.341843|0.447779|35.844480|53.517937|56.704925|-59.674273|36.085571|117.096992|26.882283|49.597611|0.000349|nan|-93.511928
1059|44.663456|27.776060|585.110262|37.900120|73.973985|26.352543|180.470223|0.392050|28.754792|45.947884|43.633039|-61.859557|23.715519|100.966132|26.882283|49.354402|-0.001900|nan|-93.496118
1100|31.046038|28.526184|600.903476|23.973515|71.244212|26.514951|143.360067|0.331980|18.117025|3.969210|29.094925|-64.764075|9.799210|83.689015|26.882283|46.469013|-0.004430|nan|-93.526613
1101|37.955737|29.479397|639.040400|31.785493|68.704881|26.840518|122.375158|0.296560|23.943110|-10.293468|35.261501|-67.183558|16.426024|87.255021|26.882283|43.058211|-0.003224|nan|-93.584247
1102|33.143237|29.896149|684.700748|nan|66.239733|27.076385|100.948460|0.267647|19.502553|-22.099025|29.791100|-69.704153|12.625467|78.713657|26.882283|37.925644|-0.004147|nan|-93.636268
1103|28.979653|29.922324|736.733956|22.227880|63.201844|27.242343|85.706789|0.253754|15.805407|-21.810742|25.060128|-72.798237|8.207591|70.934973|26.882283|33.445131|-0.004950|nan|-93.682021
1104|9.334750|29.318578|793.469364|1.479292|59.925405|27.134951|49.701102|0.241071|-1.274306|-24.755676|4.908941|-76.710259|-9.032850|47.921478|26.882283|33.067242|-0.008563|nan|-93.718935
1105|12.430897|28.916642|840.815597|nan|56.812625|27.242588|0.000000|0.240602|0.397679|-24.793580|7.789500|-79.860289|-3.681230|49.597846|26.882283|30.900311|-0.008040|nan|-93.740871
1106|15.743197|28.247777|892.020529|8.295317|54.105227|27.368682|-26.065466|0.168399|2.049828|-8.670891|11.113255|-82.128672|-0.028717|51.560596|24.397950|25.674913|-0.007478|nan|-93.762806
1107|14.185275|27.627650|926.941691|nan|52.278592|27.492301|-45.725014|0.113165|2.923405|-4.365423|9.640979|-83.967568|-0.835868|49.196633|24.397950|25.518001|-0.007799|nan|-93.771167
1108|24.114548|27.278049|944.576476|16.352012|50.431997|27.914536|-21.426697|0.139985|8.483096|9.922744|19.640947|-85.236903|9.923459|58.686023|24.397950|25.536033|-0.006033|nan|-93.776434
1109|12.611491|25.145487|969.694164|3.410490|49.353360|28.154134|-24.519210|0.140060|-1.064276|8.226088|8.204016|-86.405075|1.176088|46.317009|24.397950|25.382803|-0.008160|nan|-93.784795
1110|6.625061|22.571261|988.395294|nan|48.752512|28.196224|-12.149158|0.139990|-7.329302|0.977904|2.314539|-86.274768|-4.208938|40.470341|24.397950|25.251465|-0.009284|nan|-93.793156
1111|16.316345|20.435963|1001.618537|7.853654|48.313283|28.363427|4.196982|0.145051|2.008404|30.581161|12.181309|-85.068387|5.769495|50.103909|24.397950|25.292627|-0.007558|nan|-93.804995
1112|14.961975|18.271712|992.084875|6.301227|48.336015|28.685348|15.241671|0.145587|-1.457853|29.853764|11.005471|-83.422091|3.743238|48.516072|24.397950|25.314190|-0.007838|nan|-93.816835
1113|13.826800|15.780192|986.211406|nan|48.331205|28.971083|31.808705|0.136573|-2.542851|28.553402|9.927056|-82.265471|2.177876|46.910565|24.397950|25.320188|-0.008079|nan|-93.828675
1114|2.523683|12.850051|984.048171|-7.612182|48.964949|28.986289|21.868485|0.120571|-11.228965|7.326574|-1.358955|-81.703353|-9.308601|34.227276|24.397950|25.160113|-0.010166|nan|-93.844328
1115|-2.600965|10.320069|979.804977|nan|49.354136|28.992069|7.289495|0.115238|-15.970052|5.884648|-6.534821|-81.798502|-14.610052|28.395680|24.397950|25.026065|-0.011129|nan|-93.825396
1116|-18.560030|8.029683|1098.508515|-28.774474|50.068698|28.705733|-22.531166|0.063570|-29.694934|2.179702|-22.591899|-82.523339|-32.735298|10.906956|24.397950|24.606238|-0.014059|nan|-93.780580
1117|-39.176005|5.713744|1176.481812|nan|49.102013|27.745789|-46.166801|-0.021791|-45.978950|-28.202108|-43.342322|-84.156924|-53.499314|-10.220538|17.407353|17.285265|-0.017831|nan|-93.323737
1118|-21.155663|3.993314|1271.761894|nan|48.427337|26.856500|-25.844573|-0.042290|-25.925828|-9.326379|-25.549328|-85.768971|-35.606918|6.716383|17.407353|17.028664|-0.014581|nan|-93.045673
1119|-19.494947|2.609364|1360.112233|-29.294341|47.029562|25.916280|-13.253627|-0.034621|-25.979935|-16.417883|-24.098950|-87.363087|-34.060661|6.699925|17.407353|16.986570|-0.014301|nan|-92.943144
1120|-28.240038|2.003075|1440.424235|-38.923200|46.600812|24.755174|-10.823796|-0.057656|-28.654960|-10.443255|-33.109128|-88.868665|-42.896413|-4.103775|17.407353|16.650979|-0.015907|nan|-92.722494
1121|-20.438660|2.234898|1502.342699|-30.391773|46.053270|23.557078|-13.695415|-0.033205|-20.683678|-3.189416|-25.841125|-89.748080|-35.165130|1.903325|17.407353|16.551657|-0.014503|nan|-92.483271
1122|-2.486308|3.199683|1547.292735|nan|45.603934|22.844722|4.859664|-0.016136|-6.552007|20.759121|-8.320503|-90.084284|-17.272733|18.018523|17.407353|16.638054|-0.011194|nan|-92.182764
1123|4.416232|4.024622|1590.494723|-5.652184|45.031179|22.321226|29.157980|0.115735|-1.544300|17.733019|-1.828977|-90.297947|-10.425026|22.664915|17.407353|16.868486|-0.009950|nan|-91.732213
1124|10.622218|4.748478|1613.160587|nan|44.312773|20.499031|42.190713|0.279545|20.880000|17.829825|4.005302|-90.652094|-4.240000|26.729361|17.407353|17.054845|-0.008826|nan|-91.425340
1125|-5.069268|4.813131|1622.140257|-15.949269|44.030904|18.105299|32.471386|0.259857|5.437268|2.338032|-12.083070|-91.759601|-19.923459|8.591988|17.407353|16.896883|-0.011676|nan|-91.090018
1126|-14.379575|4.581503|1623.799876|nan|43.548100|15.742767|28.053511|0.131459|-3.519908|-22.602665|-21.763058|-92.804545|-25.040998|-2.639464|17.407353|16.779545|-0.013362|nan|-90.488157
1127|-17.974620|4.028077|1601.269739|-29.025586|43.425819|13.270540|18.113291|-0.033206|-2.813845|-11.358456|-25.726530|-93.967427|-26.655298|-8.627679|17.407353|16.541481|-0.014005|nan|-89.807359
1128|-10.769620|3.340173|1567.980915|-20.676717|43.019420|10.725926|29.599768|-0.108486|4.555287|-10.433247|-18.937141|-95.397051|-19.285803|-3.125430|17.407353|16.519630|-0.012681|nan|-89.063760
1129|-20.375964|2.318131|1553.047817|-31.231728|42.628627|7.816910|7.731283|-0.172260|-2.863509|-21.416863|-28.714941|-97.277143|-26.784236|-15.077777|17.407353|16.359222|-0.014408|nan|-88.280860
1330|23.688283|2.474630|1567.381396|13.727485|42.075319|6.210493|37.993731|-0.185777|33.074521|-9.898305|15.322496|-98.102556|17.714521|28.186047|17.407353|16.707876|-0.006378|nan|-87.714791
1331|29.094048|2.886953|1582.471308|nan|42.054866|5.137148|50.142890|-0.218140|36.197229|4.844485|20.715876|-98.916360|23.236866|32.436044|17.407353|16.988475|-0.005375|nan|-87.108809
1332|34.277510|3.464901|1598.373236|nan|42.072412|4.406730|50.363783|-0.235588|41.098316|14.132841|25.950925|-99.407952|28.618316|36.677204|17.407353|19.984584|-0.004411|nan|-86.696659
1333|8.075671|3.456526|1589.813270|-2.158522|42.471253|3.293212|19.659547|-0.246317|16.253046|2.624294|-0.425425|-100.687733|12.091956|9.492023|17.407353|19.854252|-0.009189|nan|-86.418335
1334|-38.709086|2.253771|1553.497857|-49.000680|42.278351|1.511612|-47.050377|-0.282861|-27.135710|-31.675860|-47.327233|-102.916260|-36.977527|-38.135179|17.407353|26.263730|-0.017856|nan|-86.027069
1335|-46.627146|0.760455|1521.117766|-56.199689|41.537858|0.567390|-52.130933|-0.321849|-45.408250|-47.369703|-55.371643|-105.017090|-53.089703|-46.004120|17.407353|17.073037|-0.020771|nan|-85.795599
1336|-32.443203|-0.278184|1488.310488|-42.049227|41.299765|0.368562|-34.901218|-0.348577|-33.590685|-32.757500|-41.421329|-106.912932|-41.112501|-31.937604|17.407353|16.873749|-0.018202|nan|-85.686450
1337|-13.394524|-0.926404|1453.065967|-23.056650|41.383953|0.859722|-17.671503|-0.360658|-17.394182|-24.560635|-22.602170|-108.126757|-22.915635|-12.709709|17.407353|16.887992|-0.014749|nan|-85.596572
1338|-5.619538|-1.752306|1455.287759|nan|41.808931|1.243491|-0.220894|-0.400250|-6.382900|-11.123400|-15.099442|-108.997727|-15.184353|-4.758833|17.407353|16.915002|-0.013344|nan|-85.533832
1339|-3.809671|-2.707069|1462.916973|nan|42.048880|1.518311|-10.161114|-0.410992|-5.416112|-13.819019|-13.527975|-109.257355|-13.417202|-2.647087|17.407353|16.951664|-0.013024|nan|-85.510374
1340|3.060811|-3.673508|1476.383101|-6.715305|42.394002|1.656284|-9.498433|-0.409931|2.471232|7.366664|-6.972704|-109.426431|-6.569495|4.795214|17.407353|17.149278|-0.011779|nan|-85.512972
1341|3.734574|-4.741093|1462.518230|nan|42.911587|1.682766|0.662681|-0.431431|2.173186|3.823186|-6.735476|-109.688500|-5.906814|5.802489|17.407353|17.316420|-0.011658|nan|-84.344160
1342|3.504659|-5.728081|1410.149824|nan|42.993557|1.487463|-1.104469|-0.453595|2.992293|-8.951279|-7.420932|-109.950987|-6.127707|5.124736|17.407353|17.457784|-0.011699|nan|-83.652146
1343|3.909713|-6.761144|1356.050251|nan|43.197866|0.993339|-1.988044|-0.478361|6.714080|-13.113496|-7.435553|-110.539770|-5.685920|5.018706|17.407353|17.577340|-0.011618|nan|-82.774711
1344|4.296044|-7.605499|1311.128912|nan|42.889874|0.473198|-13.032733|-0.474939|4.436232|-29.905799|-7.389556|-110.803979|-5.244132|4.930349|17.407353|17.678449|-0.011538|nan|-82.486051
1345|25.432624|-7.699904|1292.844919|15.535947|42.637367|0.562860|2.871619|-0.442967|21.000580|-6.447822|13.561970|-110.369076|15.961671|26.579239|17.407353|18.071645|-0.007681|nan|-82.728820
1346|40.598966|-7.645382|1287.257736|nan|43.266470|1.106031|1.988044|-0.351619|33.362615|-2.785706|28.647178|-109.760756|31.203342|43.060515|17.407353|18.380634|-0.004910|nan|-82.976959
1347|71.670486|-6.820906|1287.168910|61.814866|44.385713|2.353618|12.370052|-0.170049|57.547912|19.231902|59.799463|-108.168428|65.229366|76.519998|18.230297|19.081734|0.000754|nan|-83.133651
1348|64.521778|-6.149906|1287.788241|54.268633|45.922538|3.277731|23.193847|-0.000718|55.920402|24.719098|52.818343|-106.750572|58.160765|71.963973|18.230297|19.311570|-0.000532|nan|-83.290343
1349|52.508339|-5.327287|1283.110120|nan|46.258572|3.790999|12.811840|0.121815|43.512138|16.126341|40.989287|-105.362630|46.872501|62.400883|18.230297|19.478290|-0.002700|nan|-83.441398
1350|34.955269|-4.900019|1290.131712|24.583886|46.544768|3.746887|-13.474521|0.167507|29.581165|12.006892|23.669053|-104.336027|29.421892|47.315449|18.230297|33.577097|-0.005873|nan|-83.592453
1351|33.518156|-4.495458|1297.311881|nan|46.296791|3.847509|-7.068601|0.195393|25.615802|2.007287|22.486158|-102.922654|28.096529|48.655261|18.230297|40.029659|-0.006114|nan|-83.774362
1352|37.146846|-4.016178|1303.819686|27.014071|47.702918|3.991737|14.578990|0.208917|28.810632|14.404147|26.358399|-100.836429|31.851723|54.875629|18.230297|41.358570|-0.005431|nan|-83.956272
1353|40.755838|-3.642092|1337.741792|nan|48.416905|3.955937|25.181892|0.232581|33.925827|8.818433|30.243599|-99.175750|35.606918|61.295999|18.230297|41.461399|-0.004748|nan|-84.138182
1354|33.075076|-3.254639|1393.339650|23.256769|49.649931|3.610579|23.856529|0.232044|27.855438|10.223953|22.810126|-97.796268|28.096529|56.050785|18.230297|41.373434|-0.006113|nan|-84.325737
1355|22.059037|-2.923961|1458.996569|12.389606|50.163199|2.928643|-2.650726|0.245353|18.553096|4.681317|12.146864|-96.441147|17.272733|47.053182|18.230297|41.137488|-0.008080|nan|-84.509122
1356|22.288796|-2.728994|1500.710298|14.109464|50.662668|2.237314|-11.486477|0.267596|18.434521|24.893568|12.758088|-95.291856|17.714521|49.100270|18.230297|41.096444|-0.008000|nan|-85.701255
1357|22.727896|-2.524804|1519.762806|nan|51.156430|1.662232|-14.358096|0.298759|16.537202|34.626332|13.591831|-94.638507|19.257202|50.973449|18.230297|41.054270|-0.007880|nan|-86.867825
1358|22.045725|-2.306311|1523.076354|nan|51.930609|1.009014|-7.510388|0.315393|17.934688|21.237082|13.315716|-94.273552|18.815415|51.165030|18.230297|41.011712|-0.007960|nan|-88.276694
1359|29.979083|-1.715971|1509.295488|22.499481|52.474903|0.752436|-8.835751|0.362591|20.026301|10.135170|21.703293|-93.883061|25.788485|60.020844|18.230297|41.123206|-0.006473|nan|-89.765299
1400|26.426572|-1.113165|1506.504066|17.948631|52.698356|0.607383|32.029599|0.351526|18.713622|-11.365020|18.568501|-93.097878|22.155078|57.245737|18.230297|52.672825|-0.007075|nan|-91.040238
1401|28.614674|-0.169385|1508.745379|21.575015|53.055653|0.448739|39.981776|0.385210|20.823090|-0.294279|21.211441|-91.968343|24.584910|60.069424|18.230297|52.756858|-0.006633|nan|-91.953663
1402|36.543639|1.375769|1412.086831|nan|53.260829|0.502159|53.456296|0.384820|29.316525|7.595458|29.610906|-90.498617|32.757980|68.414127|18.230297|52.811980|-0.005148|nan|-92.575383
1403|1.828431|1.785553|1290.515692|-5.503851|53.725283|-0.115944|-7.289495|0.395081|1.018185|7.158876|-4.650287|-90.186143|-1.701451|33.736384|18.230297|52.382329|-0.011410|nan|-93.396958
1404|5.557229|2.369445|1180.533820|-1.117984|53.403413|-0.146110|-50.142890|0.432443|-4.766818|-10.949605|-0.353666|-89.496851|0.194637|38.335430|18.230297|42.165497|-0.010687|nan|-93.977555
1405|3.979557|2.947612|1070.547249|-2.964715|54.053388|-0.363659|-59.420428|0.472254|0.308911|-2.034816|-1.472956|-90.099467|-1.130725|36.918740|32.367499|41.943934|-0.010927|nan|-94.010828
1406|12.997069|3.670877|942.232125|nan|54.407876|-0.408965|-36.005687|0.496909|9.906087|-2.164852|8.005630|-90.580740|8.146814|46.390665|38.864365|41.919847|-0.009241|nan|-94.036297
1407|10.969259|3.974380|812.156550|nan|54.561000|-0.451867|-18.775972|0.507105|6.458936|-3.573670|6.405169|-91.251895|6.379663|45.869355|40.241671|41.896441|-0.009562|nan|-94.046112
1408|8.931353|4.123697|703.066447|nan|54.447108|-0.683906|-12.811840|0.513923|6.611786|-5.157487|4.840033|-91.159477|4.612513|45.524761|40.241671|41.873843|-0.009883|nan|-94.064631
1409|12.195289|4.198851|626.648533|7.257949|54.376888|-0.605254|-7.510388|0.524524|5.985723|10.224622|8.646225|-89.637997|8.146814|50.606804|40.241671|42.005992|-0.009240|nan|-94.074446
1410|10.817632|4.475533|576.804392|4.884974|55.623475|-0.505334|-1.767150|0.547525|6.802345|27.141802|7.789361|-87.906794|7.042345|49.916130|40.241671|41.949750|-0.009441|nan|-94.060161
1411|10.096927|4.984901|501.260539|nan|56.455808|-0.567941|-1.546257|0.547525|8.280557|34.758988|7.608717|-86.616332|6.600557|49.135614|40.241671|41.900875|-0.009521|nan|-94.027458
1412|5.391778|5.439078|447.544144|nan|56.986836|-0.675410|-6.185026|0.525542|4.183770|30.707779|3.400649|-85.978119|2.182681|42.517636|40.241671|41.858333|-0.010324|nan|-93.896147
1413|27.192672|6.255662|449.884079|23.421316|56.765488|-0.280872|16.346140|0.561671|22.111697|31.846377|25.758472|-84.959514|24.272060|62.851922|39.418727|40.015879|-0.006311|nan|-93.809655
1414|26.467651|7.165238|494.207759|nan|56.004344|0.278333|16.346140|0.618639|19.429909|34.821852|25.584194|-84.007453|24.390272|61.255042|22.310272|23.111713|-0.006391|nan|-93.748166
1415|35.690778|7.434614|556.241574|32.445950|55.678520|1.121417|47.050376|0.644004|26.607615|28.559463|35.292783|-82.992863|33.248705|69.693982|22.310272|23.415637|-0.004665|nan|-93.725696
1416|44.491987|7.745192|600.290269|41.461555|55.589662|2.412488|71.348692|0.654875|29.263897|27.966865|44.588043|-81.715461|37.825350|78.158162|22.310272|23.793787|-0.003019|nan|-93.710680
1417|79.610234|8.677820|638.796315|76.481934|56.505218|4.713580|137.837722|0.650671|60.606176|54.600023|80.154088|-79.431634|72.848356|114.068455|22.310272|24.379283|0.003401|nan|-93.712091
1418|60.413190|9.639666|655.784773|56.917815|57.511950|6.239049|111.772256|0.577627|45.450401|44.510209|61.372778|-77.702275|53.611491|95.432526|22.310272|24.504415|-0.000050|nan|-93.703638
1419|94.701030|12.319954|664.800188|91.804386|58.838234|8.507460|134.303422|0.541087|73.748014|72.666323|96.129839|-75.012738|88.070921|131.396649|22.310272|25.191570|0.006209|nan|-93.701379
1420|164.168594|16.577890|655.303188|161.335117|62.405723|12.291239|186.434356|0.624732|129.327375|119.650833|166.166797|-70.979495|155.172464|205.091458|22.310272|26.463415|0.021385|nan|-93.741380
1421|166.975185|20.412837|650.422193|164.671424|65.615994|15.883023|187.980612|0.718762|134.279359|107.382417|169.517408|-67.322184|158.044083|212.121689|22.310272|27.407660|0.025332|-73562.949448|-93.781381
1422|190.583731|24.390681|643.371032|188.295194|69.320527|19.527481|215.371441|0.828692|158.074631|128.109718|193.587719|-63.888329|181.679718|240.961753|22.310272|28.238698|0.031006|-54188.447473|-93.832789
1423|128.058979|26.809270|656.713560|125.060512|71.470633|21.702375|156.613695|0.865896|105.483143|77.237840|131.404002|-62.009218|119.166777|184.053901|22.310272|28.202250|0.019966|-54196.773628|-93.860497
1424|105.331154|28.848934|694.800388|101.929333|73.479502|23.302165|126.351246|0.909812|84.491811|67.315631|108.960584|-60.405464|96.414717|167.507553|22.310272|27.950207|0.017076|-52002.574068|-93.860117
1425|99.209324|30.677861|774.274516|nan|75.531713|25.040532|109.342424|0.951177|73.826421|68.745044|103.079326|-58.418633|90.229691|167.528239|22.310272|27.686601|0.016047|-52012.429013|-93.852510
1426|93.346814|32.358464|830.417039|90.910341|77.306020|26.874395|103.820079|0.961151|65.782289|66.874598|97.449460|-56.584912|84.265558|167.919818|22.310272|27.570928|0.014963|-52023.217583|-93.847073
1427|72.062854|33.546894|912.158238|68.352753|78.509748|28.335096|83.056063|0.956680|44.355955|59.288305|76.375645|-55.471991|61.878861|152.648833|22.310272|27.264478|0.011167|-52034.524834|-93.831200
1428|92.568195|35.198705|1058.019838|89.525112|80.183166|30.117659|102.936505|0.981683|62.916363|66.018249|97.122537|-53.928227|82.201090|179.415131|22.310272|27.274183|0.014945|-52046.558238|-93.866826
1429|106.931387|37.093050|1218.764458|nan|82.181176|32.271140|125.246777|1.021483|75.454660|79.048366|111.726167|-51.776132|96.338292|200.118625|22.310272|36.721452|0.017942|-52059.110332|-93.917216
1430|104.526398|38.544978|1404.797851|101.295724|84.047196|33.680668|119.282644|1.057554|77.362840|97.029839|109.594478|-49.404356|93.687566|203.736805|22.310272|45.833841|0.017458|-52071.662417|-93.967606
1431|91.750919|39.353042|1503.408124|87.123361|86.036413|34.702028|108.679743|1.083008|66.810836|86.753166|97.025768|-47.412237|80.654833|197.048142|22.310272|81.007743|0.015093|-52084.421974|-94.017997
1432|31.480998|38.356789|1569.614377|27.026591|86.981667|34.400130|56.327916|1.073144|15.087392|47.461603|36.798694|-47.147309|20.129936|140.131503|22.310272|83.428836|0.004118|-52096.559124|-94.053250
1433|21.143709|37.363623|1622.901289|17.140350|87.476175|34.453311|11.265583|1.067826|-0.075873|20.022590|26.559032|-47.179126|9.527034|132.556236|22.310272|72.981717|0.002195|-52107.347694|-94.088504
1434|21.876608|36.641122|1664.394517|17.586460|88.043323|35.320738|15.683459|1.072055|-4.273721|18.185924|27.260270|-47.418393|7.168822|135.966837|22.310272|72.533194|0.002275|-52116.269013|-94.125303
1435|27.697258|36.408461|1689.641001|23.109528|88.396200|36.492610|19.880441|1.076286|2.527896|21.122833|33.193321|-47.407512|12.691166|144.457993|22.310272|72.300916|0.003276|-52123.323081|-94.170371
1436|38.384082|36.416401|1732.498442|33.492632|88.989753|37.669495|39.539988|1.084165|11.869540|31.479841|44.036996|-47.161481|23.073174|157.926461|22.310272|72.240289|0.005157|-52129.028570|-94.230034
1437|21.676445|35.959930|1805.014058|15.323493|89.032236|38.193694|20.764016|1.086637|-0.498917|12.435585|27.489298|-47.659065|6.064353|144.761964|22.310272|65.461723|0.002074|-52133.696707|-94.379851
1438|6.294056|35.178129|1889.449385|-0.360545|88.906334|38.286890|3.313407|1.086022|-13.301285|4.834051|12.270464|-47.589114|-9.619106|132.178554|22.310272|58.603621|-0.000768|-52137.327472|-94.457439
1439|-3.342021|34.347284|1952.180762|-9.138063|88.889638|38.263669|-3.092513|1.080404|-24.281869|8.621278|2.629888|-47.902120|-19.559327|125.357353|22.310272|42.256279|-0.002950|-52139.920876|-94.084828
1440|-12.315812|33.503466|1953.586300|-19.579868|88.002653|37.928667|-13.474521|1.039330|-28.598681|0.463659|-6.341903|-48.412607|-28.836866|118.252760|22.310272|38.928791|-0.006358|-52141.580655|-93.491957
1441|-4.719750|32.905540|1948.560055|-11.124272|87.285017|37.780402|-6.626814|1.000864|-22.029185|12.503155|1.259471|-48.996089|-21.547371|125.277738|22.310272|38.828528|-0.005037|-52142.306817|-93.065327
1442|-54.342154|31.208818|1965.544609|-61.775527|86.236090|36.594886|-60.966685|0.931838|-62.989003|-40.960057|-48.430357|-50.925366|-71.469366|73.266794|22.310272|24.947974|-0.021906|-52141.580655|-92.650179
1443|-70.830451|29.304245|1985.589498|nan|84.766815|35.174636|-55.665234|0.970953|-78.737657|-50.122636|-65.081307|-53.275510|-88.257294|54.604201|7.296992|7.593448|-0.028057|-52139.402196|-92.600491
1444|-79.817848|27.090574|2013.433713|-88.305408|83.767738|33.530564|-65.384561|0.882348|-83.053021|-58.516841|-74.352551|-55.959425|-95.374833|42.976352|7.296992|6.839697|-0.031504|-52135.771430|-92.568997
1445|-127.713358|23.943825|2023.185143|-136.109621|80.731937|30.631046|-104.040973|0.809977|-120.644976|-85.766491|-122.619910|-59.894075|-143.369678|-10.609057|-46.375994|-47.878144|-0.049067|-52130.688349|-92.420006
1446|-172.998715|19.929289|2004.800839|-181.675541|76.468965|26.645420|-140.488448|0.712278|-159.268011|-98.931576|-168.407491|-65.071150|-186.873798|-62.355363|-90.444707|-93.206718|-0.065703|-52124.567915|-92.245578
1447|-151.184942|16.321748|1986.806015|nan|72.812703|22.668224|-83.497851|0.602031|-132.660422|-82.083009|-147.153831|-69.402680|-165.066207|-48.360840|-90.444707|-94.004219|-0.061792|-52117.928792|-91.913712
1448|-137.355045|13.630807|1965.929589|-146.746053|69.984862|19.124777|-88.799302|0.491891|-121.926448|-66.080383|-133.906005|-73.975647|-151.130793|-42.564588|-90.444707|-94.584995|-0.059318|-52110.667251|-91.484166
1449|-140.344931|10.940342|1942.700061|-149.823501|67.710837|15.750109|-57.432385|0.369406|-121.818960|-74.898782|-137.613944|-78.604008|-151.903306|-53.524673|-90.444707|-95.143467|-0.059888|-52102.575821|-90.788576
1450|-132.306250|8.405919|1867.462775|-140.418049|65.220136|12.929393|20.101335|0.230515|-116.827145|-75.369988|-130.447175|-83.299206|-143.711129|-53.440069|-90.444707|-95.370217|-0.058454|-52093.343293|-89.653727
1451|-140.196034|5.520272|1775.039886|-149.454549|62.563753|9.943160|15.020777|0.082384|-119.978237|-77.945975|-139.353995|-88.435250|-151.503306|-71.478920|-90.444707|-95.796727|-0.059907|-52082.865932|-89.350911
1452|-121.594030|3.138736|1685.370663|-129.812056|59.100780|7.379302|57.211490|-0.064133|-104.624244|-77.759204|-121.778215|-94.043378|-132.948228|-63.515367|-90.444707|-95.758828|-0.056551|-52071.351208|-90.373984
1453|-112.949413|0.937786|1548.209665|-122.271186|55.928946|4.876121|3.313407|-0.152483|-91.448303|-74.330806|-114.066184|-98.787466|-124.253370|-65.918692|-90.444707|-95.820184|-0.055000|-52058.799124|-91.284954
1454|-129.940833|-1.620095|1378.282604|-139.593843|51.952124|2.198056|-36.447474|-0.238791|-108.056762|-82.707485|-132.049584|-104.888024|-137.262191|-95.438043|-90.444707|-95.958338|-0.058100|-52045.002196|-92.278099
1455|-108.498392|-3.695332|1254.824358|-117.176297|46.304140|0.153300|-21.205803|-0.305127|-90.710067|-85.079237|-111.773543|-112.311110|-115.595494|-86.169723|-90.444707|-95.847149|-0.054225|-52030.582860|-92.858909
1456|-87.723307|-5.335589|1128.415793|nan|41.165943|-1.530349|-6.405920|-0.370900|-67.866411|-86.113779|-92.275921|-119.274893|-94.671478|-76.931665|-90.444707|-95.696369|-0.050467|-52015.956042|-93.240595
1457|-90.815328|-6.957823|997.805505|-100.510340|35.117917|-3.314540|-30.925130|-0.436400|-69.280004|-87.294056|-96.720312|-127.004906|-97.763991|-88.904109|-90.444707|-95.670297|-0.051039|-52001.329234|-93.686546
1458|-99.000652|-9.139530|885.113078|-108.361188|30.360120|-5.314090|-18.775971|-0.505144|-74.731989|-103.267566|-106.255801|-133.104700|-105.937061|-104.964722|-90.444707|-95.895783|-0.052536|-51986.909889|-94.286204
1459|-85.111303|-10.994752|755.436478|-93.951594|25.704362|-7.015610|9.277539|-0.572708|-66.256767|-93.441121|-93.617012|-138.069856|-92.020753|-98.709186|-90.444707|-95.545855|-0.050018|-51973.216707|-94.453545
