859|nan|nan|nan|nan|nan|nan|nan|nan|nan|nan|nan|nan|nan|nan|nan|nan|nan|nan|nan
900|nan|nan|nan|nan|nan|nan|nan|nan|nan|nan|nan|nan|nan|nan|nan|nan|nan|nan|nan
901|nan|nan|nan|nan|nan|nan|nan|nan|nan|nan|nan|nan|nan|nan|nan|nan|nan|nan|nan
902|nan|nan|nan|nan|nan|nan|nan|nan|nan|nan|nan|nan|nan|nan|nan|nan|nan|nan|nan
903|nan|nan|nan|nan|nan|nan|nan|nan|nan|nan|nan|nan|nan|nan|nan|nan|nan|nan|nan
904|nan|nan|nan|nan|nan|nan|nan|nan|nan|nan|nan|nan|nan|nan|nan|nan|nan|nan|nan
905|nan|nan|nan|nan|nan|nan|nan|nan|nan|nan|nan|nan|nan|nan|nan|nan|nan|nan|nan
906|nan|nan|nan|nan|nan|nan|nan|nan|nan|nan|nan|nan|nan|nan|nan|nan|nan|nan|nan
907|nan|nan|nan|nan|nan|nan|nan|nan|nan|nan|nan|nan|nan|nan|nan|nan|nan|nan|nan
908|nan|nan|nan|nan|nan|nan|nan|nan|nan|nan|nan|nan|nan|nan|nan|nan|nan|nan|nan
909|nan|nan|nan|nan|nan|nan|nan|nan|nan|nan|nan|nan|nan|nan|nan|nan|nan|nan|nan
910|nan|nan|nan|nan|nan|nan|nan|nan|nan|nan|nan|nan|nan|nan|nan|nan|nan|nan|nan
911|nan|nan|nan|nan|nan|nan|nan|nan|nan|nan|nan|nan|nan|nan|nan|nan|nan|nan|nan
912|nan|nan|nan|nan|nan|nan|nan|nan|nan|nan|nan|nan|nan|nan|nan|nan|nan|nan|nan
913|nan|nan|nan|nan|nan|nan|nan|nan|nan|nan|nan|nan|nan|nan|nan|nan|nan|nan|nan
914|nan|nan|nan|nan|nan|nan|nan|nan|nan|nan|nan|nan|nan|nan|nan|nan|nan|nan|nan
915|nan|nan|nan|nan|nan|nan|nan|nan|nan|nan|nan|nan|nan|nan|nan|nan|nan|nan|nan
916|nan|nan|nan|nan|nan|nan|nan|nan|nan|nan|nan|nan|nan|nan|nan|nan|nan|nan|nan
917|nan|nan|nan|nan|nan|nan|nan|nan|nan|nan|nan|nan|nan|nan|nan|nan|nan|nan|nan
918|nan|nan|nan|nan|nan|nan|nan|nan|nan|nan|nan|nan|nan|nan|nan|nan|nan|nan|nan
919|nan|nan|nan|nan|nan|nan|nan|nan|nan|nan|nan|nan|nan|nan|nan|nan|nan|nan|nan
920|nan|nan|nan|nan|nan|nan|nan|nan|nan|nan|nan|nan|nan|nan|nan|nan|nan|nan|nan
921|nan|nan|nan|nan|nan|nan|nan|nan|nan|nan|nan|nan|nan|nan|nan|nan|nan|nan|nan
922|nan|nan|nan|nan|nan|nan|nan|nan|nan|nan|nan|nan|nan|nan|nan|nan|nan|nan|nan
923|nan|nan|nan|nan|nan|nan|nan|nan|nan|nan|nan|nan|nan|nan|nan|nan|nan|nan|nan
924|nan|nan|nan|nan|nan|nan|nan|nan|nan|nan|nan|nan|nan|0.042858|nan|28.857293|nan|nan|nan
925|nan|nan|nan|nan|nan|nan|nan|nan|nan|nan|nan|nan|nan|0.082801|nan|28.652396|nan|nan|nan
926|nan|nan|nan|nan|nan|nan|nan|nan|nan|nan|nan|nan|nan|-1.060742|nan|28.633341|nan|nan|nan
927|nan|nan|nan|nan|nan|nan|nan|nan|nan|nan|nan|nan|nan|-4.634023|nan|28.451975|nan|nan|nan
928|nan|nan|nan|nan|nan|nan|nan|nan|nan|nan|nan|nan|nan|-10.214214|27.565463|27.992132|nan|nan|nan
929|nan|nan|nan|nan|nan|nan|nan|nan|nan|nan|nan|nan|nan|-7.560161|27.565463|27.935607|nan|nan|nan
930|nan|nan|nan|nan|nan|nan|nan|nan|nan|nan|nan|nan|nan|-9.213677|27.565463|27.579386|nan|nan|nan
931|nan|nan|nan|nan|nan|nan|nan|nan|nan|nan|nan|nan|nan|-17.785986|27.565463|26.993296|nan|nan|nan
932|nan|nan|nan|nan|nan|nan|nan|nan|nan|nan|nan|nan|nan|-14.327019|27.565463|26.849986|nan|nan|nan
933|nan|nan|nan|nan|57.569180|nan|nan|nan|nan|nan|nan|nan|nan|-14.850568|27.565463|26.592672|nan|nan|nan
934|nan|nan|nan|nan|59.458070|nan|nan|nan|nan|nan|nan|nan|nan|-12.886780|27.565463|26.403205|nan|nan|nan
935|nan|nan|nan|nan|59.773631|nan|nan|nan|nan|33.247154|nan|nan|nan|-7.247227|27.565463|26.576666|nan|nan|nan
936|nan|nan|nan|nan|59.557989|nan|nan|nan|nan|21.402896|nan|nan|nan|-2.800375|27.565463|26.877699|nan|nan|nan
937|nan|nan|nan|nan|58.836164|nan|nan|nan|nan|23.515522|nan|nan|nan|-0.061995|27.565463|27.274810|nan|nan|nan
938|nan|nan|nan|nan|57.889157|nan|nan|nan|nan|15.625091|nan|nan|nan|6.017328|27.565463|27.742266|nan|nan|nan
939|nan|nan|nan|nan|57.079412|nan|nan|nan|nan|18.038519|nan|nan|nan|6.757907|27.565463|32.599266|nan|nan|nan
940|nan|nan|nan|nan|56.521346|nan|nan|nan|nan|3.654256|nan|nan|nan|4.750434|27.565463|32.722575|nan|nan|nan
941|nan|nan|nan|nan|54.516254|nan|nan|nan|nan|-5.712622|nan|nan|nan|12.077529|22.045337|23.258471|nan|nan|nan
942|nan|nan|nan|nan|53.397286|nan|nan|nan|nan|-11.247636|nan|nan|nan|11.199621|22.045337|23.366010|nan|nan|nan
943|nan|3.652646|nan|nan|52.327541|nan|nan|nan|nan|-14.131666|nan|nan|nan|10.169525|22.045337|23.434376|-0.000967|nan|nan
944|nan|3.929052|nan|nan|50.882514|nan|nan|nan|nan|-15.410259|nan|nan|nan|13.258665|22.045337|23.625182|-0.000579|nan|nan
945|nan|4.026620|nan|nan|50.548355|nan|nan|nan|nan|-2.151054|nan|nan|nan|9.212628|22.045337|23.447825|-0.001221|nan|nan
946|nan|3.724581|nan|nan|51.025584|nan|nan|nan|nan|1.943975|nan|nan|nan|1.367753|22.045337|22.985008|-0.002463|nan|nan
947|nan|3.481194|nan|nan|51.007230|nan|nan|nan|nan|-8.846845|nan|nan|nan|3.356967|22.045337|22.766243|-0.002235|nan|nan
948|nan|3.411419|nan|4.307995|50.632321|nan|nan|nan|nan|-1.161375|nan|nan|nan|7.724022|22.045337|22.740689|-0.001635|nan|nan
949|nan|3.371466|nan|6.767534|49.885102|nan|nan|nan|nan|-10.074724|nan|nan|nan|10.986507|22.045337|22.866346|-0.001246|nan|nan
950|nan|3.436042|nan|10.406167|48.850705|nan|nan|nan|nan|-3.931546|nan|nan|nan|14.967681|22.045337|23.108623|-0.000663|nan|nan
951|nan|3.366155|nan|6.267303|48.236889|nan|nan|nan|nan|-0.298779|nan|nan|nan|12.519688|22.045337|23.131427|-0.001119|nan|nan
952|nan|3.511018|nan|13.258874|47.381834|nan|nan|nan|nan|5.253600|nan|nan|nan|19.178418|22.045337|23.444078|-0.000157|nan|nan
953|nan|3.452228|nan|nan|46.511140|nan|9.978808|nan|nan|-0.109749|nan|nan|nan|17.743876|21.992258|23.618646|-0.000486|nan|nan
954|nan|3.637753|nan|17.241972|45.839610|nan|16.401339|nan|nan|0.906295|nan|nan|nan|24.402854|21.992258|23.931053|0.000426|nan|nan
955|nan|3.907038|nan|23.500609|45.085739|nan|23.142343|nan|nan|-7.851642|nan|nan|nan|31.995879|21.992258|24.613657|0.001490|nan|nan
956|nan|4.232113|nan|28.599313|44.726095|nan|26.751700|nan|nan|-18.071633|nan|nan|nan|37.966330|21.992258|25.269639|0.002241|nan|nan
957|nan|4.533626|nan|30.735592|44.427937|nan|25.265494|nan|nan|-23.807417|nan|nan|nan|41.339015|21.992258|25.897064|0.002562|nan|nan
958|nan|4.965354|nan|38.430208|44.334160|nan|27.919432|nan|nan|-19.746165|nan|nan|nan|50.997203|21.992258|26.802451|0.003861|nan|nan
959|nan|5.275450|nan|40.260535|44.589009|6.518304|32.112655|0.529263|nan|-17.760549|nan|nan|nan|54.140340|21.992258|27.606539|0.004088|nan|nan
1000|nan|5.585762|nan|42.763564|44.795518|7.785161|33.705018|0.578467|nan|-21.048887|nan|nan|nan|58.706613|21.992258|28.321988|0.004526|nan|nan
1001|nan|5.862714|nan|45.451791|45.086167|9.087093|28.078668|0.611469|nan|-20.308537|nan|-91.282641|nan|63.257149|21.992258|29.113585|0.004955|nan|nan
1002|nan|6.151609|nan|nan|45.686269|10.215885|32.855757|0.635174|nan|-11.193473|nan|-90.039145|nan|66.220643|21.992258|29.493752|0.005166|nan|nan
1003|nan|6.178709|nan|36.024865|45.926113|10.865519|22.240004|0.615371|nan|-8.460862|nan|-88.939765|nan|57.599272|21.992258|29.394219|0.003563|nan|nan
1004|nan|6.061128|nan|29.727983|45.564109|11.298807|18.152939|0.587552|nan|-2.226196|nan|-88.099531|nan|53.203182|21.992258|29.228881|0.002618|nan|nan
1005|nan|5.888710|nan|nan|44.470698|11.626802|21.603058|0.558712|nan|-0.745644|nan|-87.308143|nan|52.731843|21.992258|29.014100|0.002289|nan|nan
1006|nan|5.632362|nan|nan|43.637082|11.755796|21.549980|0.538980|nan|6.164152|nan|-86.395850|nan|49.849771|21.992258|28.609397|0.001597|nan|nan
1007|nan|5.528990|nan|31.385645|42.903249|12.239752|31.688025|0.525205|nan|22.697714|nan|-85.392056|nan|58.435793|21.992258|28.830373|0.002735|nan|nan
1008|nan|5.480158|nan|38.232496|41.788754|12.911567|44.002298|0.521846|nan|20.206356|nan|-84.188130|nan|66.797184|21.992258|30.539059|0.003805|nan|nan
1009|nan|5.416870|nan|39.629509|40.653398|13.581113|45.753898|0.522787|nan|26.235106|nan|-83.052814|nan|69.604763|21.992258|30.919184|0.004023|nan|nan
1010|nan|5.238355|nan|31.249804|40.401368|13.782418|35.775090|0.502913|nan|38.622140|nan|-82.290677|nan|62.948715|21.992258|42.377421|0.002776|nan|nan
1011|nan|4.965837|nan|nan|40.081254|13.771187|33.121151|0.477846|nan|24.445893|nan|-81.903134|nan|55.178851|21.992258|43.513743|0.001309|nan|nan
1012|nan|4.767745|nan|25.086478|39.785422|13.909062|34.182727|0.459411|nan|11.550512|nan|-81.500729|nan|59.083338|21.992258|44.613973|0.001713|nan|nan
1013|nan|4.506637|nan|nan|39.714177|13.911032|29.989504|0.441468|nan|4.914090|nan|-81.286430|nan|57.561479|21.992258|44.311324|0.001301|nan|nan
1014|nan|4.304563|nan|22.884905|39.517699|13.957129|32.484206|0.426882|nan|2.735097|nan|-81.073896|nan|58.748320|21.992258|43.441571|0.001309|nan|nan
1030|nan|4.186524|nan|27.728276|39.081345|14.246410|33.651939|0.418271|nan|4.373146|nan|-80.646044|nan|65.138564|21.992258|38.668964|0.002133|nan|nan
1031|nan|3.956645|nan|23.832059|39.474885|14.377664|22.983107|0.407254|nan|5.626765|nan|-80.476847|nan|63.376789|21.992258|38.643998|0.001678|nan|nan
1032|nan|3.643330|nan|16.475873|39.597353|14.230236|16.719811|0.393295|nan|4.135492|nan|-80.475887|nan|56.683450|21.992258|38.239959|0.000458|nan|nan
1033|43.878703|3.317290|nan|nan|39.622219|13.996714|15.499000|0.378627|nan|15.849222|nan|-80.562354|nan|52.724906|21.992258|37.538331|-0.000082|nan|nan
1034|47.092662|3.061653|nan|15.208902|39.757366|13.933828|20.966113|0.367392|nan|19.153722|nan|-80.586045|nan|56.506153|21.992258|31.612373|0.001243|nan|nan
1035|41.420088|2.684886|nan|8.362114|39.476236|13.648795|18.842962|0.354870|nan|5.410819|nan|-80.645690|nan|50.809541|21.992258|31.189081|0.000994|nan|nan
1036|32.280403|2.351505|nan|-0.846763|38.907063|13.114946|6.794082|0.339400|nan|16.184383|nan|-80.722420|nan|41.306198|21.992258|30.489044|-0.000100|nan|nan
1037|29.922792|2.013451|nan|-1.753618|38.671872|12.585966|10.509596|0.324208|nan|28.269343|nan|-80.891688|nan|38.876480|21.992258|29.888827|-0.000470|nan|nan
1038|28.045892|1.580139|nan|-4.654499|39.088087|12.239951|6.581767|0.307598|nan|27.392720|nan|-81.200977|nan|36.502267|23.301579|29.219833|-0.000765|nan|nan
1039|27.630061|1.167150|nan|-3.930243|39.831705|11.974046|11.942722|0.290501|nan|32.591906|nan|-81.581369|nan|35.473600|23.301579|28.812729|-0.000823|nan|nan
1040|31.282675|0.817145|nan|-0.346897|40.803062|11.851666|22.293082|0.278349|nan|40.234677|nan|-81.949476|nan|38.531644|25.973166|28.614996|-0.000243|nan|nan
1041|32.440416|0.475372|nan|nan|41.520786|11.782913|28.184826|0.278349|nan|39.876757|nan|-82.185703|nan|38.345516|25.973166|28.429290|-0.000058|nan|nan
1042|28.608835|0.041961|nan|nan|42.681694|11.668863|26.380148|0.278349|nan|41.644708|nan|-82.682756|nan|33.038348|25.973166|28.101328|-0.000664|nan|nan
1043|25.909449|-0.329700|nan|-7.085537|44.149502|11.571644|31.847261|0.261361|nan|36.338129|nan|-83.190425|nan|28.956946|25.973166|27.666138|-0.001475|nan|-87.934723
1044|24.410910|-0.666524|nan|-8.532487|45.447727|11.436844|31.794182|0.233767|nan|33.230706|nan|-83.893191|nan|26.087152|25.973166|27.306190|-0.002005|nan|-88.202146
1045|20.418609|-1.051012|nan|-12.481502|47.066837|11.230522|30.573371|0.219178|nan|24.737418|nan|-84.856897|nan|20.254858|25.973166|26.855426|-0.003328|nan|-88.510396
1046|21.602980|-1.261395|nan|nan|48.389001|11.220159|34.448121|0.190518|nan|13.972835|-9.088332|-85.890086|nan|19.682315|25.973166|26.492909|-0.003143|nan|-88.794106
1047|25.673684|-1.361334|nan|-6.302563|49.134836|11.361791|39.809076|0.176707|nan|6.434110|-5.459427|-86.839885|nan|21.976024|25.973166|26.511301|-0.002505|nan|-89.004288
1048|27.435151|-1.509946|nan|nan|49.731369|11.547791|31.422631|0.159918|nan|13.726661|-3.359828|-87.941487|nan|21.489825|25.973166|26.519298|-0.002236|nan|-89.172084
1049|28.036517|-1.622849|nan|-5.041702|50.783012|11.662958|26.008596|0.144152|nan|19.402570|-2.453574|-89.031991|nan|19.947002|25.973166|32.997950|-0.002152|nan|-89.326575
1050|27.135522|-1.743298|nan|nan|51.575616|11.685723|22.983106|0.134989|nan|22.663531|-3.121359|-90.203835|nan|16.917974|25.973166|40.160938|-0.002303|nan|-89.488666
1051|28.557138|-1.822663|1132.408858|-3.357292|52.156913|11.727584|20.010695|0.124764|-2.300908|4.491315|-1.303484|-91.389862|-3.900908|16.849323|25.973166|40.735689|-0.002084|nan|-89.630468
1052|28.834770|-1.956840|1103.482255|-4.020279|52.582144|11.670070|27.441723|0.109864|1.085435|-0.110619|-1.240167|-92.591648|-3.635514|15.283854|25.973166|54.237941|-0.002042|nan|-89.763221
1053|30.372508|-1.998978|1069.571534|-1.870236|52.374812|11.664799|35.722011|0.094594|0.223771|0.311999|-0.222275|-93.461610|-2.096229|15.276070|25.973166|53.797847|-0.001798|nan|-89.864562
1054|33.226455|-2.125862|1038.280707|nan|52.391242|11.687884|39.968312|0.071498|2.610340|4.561993|1.993437|-94.084019|0.770024|16.598792|25.973166|53.960459|-0.001345|nan|-89.917728
1055|38.856979|-2.176672|1013.498524|6.644721|51.962189|11.936625|37.739004|0.046851|1.917005|1.546003|7.470503|-94.491851|5.996373|20.906665|25.973166|40.658663|-0.000454|nan|-89.887017
1056|45.546222|-2.222041|991.914968|13.709920|51.082006|12.207998|35.191223|0.041427|12.684298|13.995965|14.296230|-94.618925|12.684298|26.400773|25.504298|26.989320|0.000605|nan|-89.827072
1057|46.675147|-2.274684|971.770443|nan|50.615628|12.481382|38.853658|0.068421|9.878319|18.448714|15.404473|-94.936113|13.798952|26.651911|25.504298|27.343583|0.000782|nan|-89.784665
1058|45.107317|-2.412612|950.890610|nan|50.219316|12.717852|34.660435|0.092560|8.525956|-4.681793|13.782718|-95.488954|12.206589|24.303174|25.026589|27.120810|0.000529|nan|-89.752497
1059|41.244016|-2.590168|932.378129|8.300587|50.417708|12.707499|30.838764|0.072545|11.292472|-9.406494|9.719938|-96.176251|8.331839|19.486277|25.026589|26.987456|-0.000084|nan|-89.708159
1100|36.102981|-2.819754|914.704407|2.802955|50.393200|12.617629|30.891843|0.055622|4.383515|-5.278035|4.209576|-96.785019|3.183199|13.556849|25.026589|26.706246|-0.000899|nan|-89.668941
1101|35.961317|-3.001376|899.566211|nan|50.621555|12.661190|27.866353|0.051439|0.303645|4.172533|3.711289|-97.146204|0.463962|13.116825|25.026589|26.466725|-0.000924|nan|-89.655367
1102|35.768230|-3.273899|888.510761|nan|51.038998|12.683444|19.957616|0.050186|2.011330|-9.535215|3.257289|-97.585197|0.251647|12.623722|25.026589|26.262601|-0.000958|nan|-89.695114
1103|35.523299|-3.440162|884.860607|3.571504|50.999702|12.698957|14.702818|0.048431|1.665303|-14.304118|2.860198|-97.962028|-0.013747|11.702540|25.026589|26.242385|-0.001000|nan|-89.751804
1104|42.928555|-3.372544|889.738350|10.572612|50.557337|12.900444|25.106257|0.053659|7.282935|-17.648655|10.088506|-98.148588|7.364202|19.049702|22.744202|24.237512|0.000168|nan|-89.751087
1105|56.566814|-3.091822|895.874804|24.018408|50.276781|13.458785|32.908836|0.074489|14.790151|-10.897262|23.664453|-98.110502|20.952367|32.712539|22.744202|25.051981|0.002319|nan|-89.753416
1106|59.512882|-2.846794|899.905053|27.019031|50.005984|14.099699|26.592462|0.100689|13.816088|-16.951380|26.741548|-97.928359|23.818620|35.913092|22.744202|25.814670|0.002772|nan|-89.761005
1107|60.874413|-2.579669|899.219779|27.369298|50.120096|14.535745|25.530888|0.124695|21.089978|-6.819155|28.358448|-97.518409|25.092511|37.660119|22.744202|26.220196|0.002974|nan|-89.787854
1108|63.314127|-2.340026|892.339041|30.642221|50.194481|15.102950|26.008597|0.149906|19.504493|-6.479319|31.198888|-96.916014|27.427977|40.712323|22.744202|26.803495|0.003343|nan|-89.805173
1109|79.593332|-1.902414|885.507032|46.539179|50.939604|16.104041|41.772990|0.184364|25.398537|-19.186455|47.984523|-95.984777|43.563922|58.390585|22.744202|28.134127|0.005895|nan|-89.833995
1110|79.695254|-1.662355|878.705965|nan|51.620815|16.814673|45.382346|0.211561|33.425456|-30.844302|48.639256|-94.937663|43.510843|60.188893|22.744202|28.955805|0.005885|nan|-89.871784
1111|83.584586|-1.169413|871.807980|50.327017|51.766375|17.574569|50.265593|0.228453|33.140020|-31.537410|53.235097|-93.573236|49.546357|66.092768|22.744202|29.985618|0.006472|nan|-89.910596
1112|93.761657|-0.595945|873.408509|60.296053|52.279409|18.513464|56.422730|0.250106|38.878515|-18.397173|64.303480|-91.902788|61.525165|78.474565|22.744202|31.165810|0.008048|nan|-89.954187
1113|83.061182|-0.300589|890.271376|49.100055|52.728374|18.728192|42.834566|0.277120|43.918952|-4.054315|54.534850|-90.522198|52.884018|69.698789|22.744202|31.218722|0.006326|nan|-90.004850
1114|75.206829|-0.010516|910.053860|40.553176|52.950802|18.724711|33.333466|0.301776|38.063739|1.406981|47.609790|-89.383427|45.189124|64.080933|22.744202|31.159759|0.005059|nan|-90.054986
1115|72.589619|0.199801|930.799636|39.075138|53.028914|18.634188|26.592463|0.304395|35.463326|4.987361|45.956440|-88.433730|42.429028|63.801207|22.744202|31.167959|0.004622|nan|-90.102171
1116|76.379437|0.435848|965.182096|42.417658|52.951474|18.617994|31.422631|0.323909|39.205447|6.639081|50.784119|-87.418978|50.171463|70.096879|22.744202|31.382367|0.005199|nan|-90.142827
1117|78.624805|0.709388|1016.597453|44.539510|52.607934|18.606968|37.579768|0.327446|37.567962|3.353899|54.089908|-86.254870|52.534614|74.730391|22.744202|31.601453|0.005534|nan|-90.184071
1118|87.100359|1.178868|1067.994227|52.705053|51.999967|19.058408|47.611655|0.344510|34.220699|13.253962|63.756511|-84.811157|62.627980|85.804213|22.744202|32.283138|0.006848|nan|-90.236514
1119|92.681027|1.630171|1124.795324|58.629121|51.575138|19.712892|53.556477|0.365370|36.194101|34.953502|70.664080|-83.206708|73.962015|93.513924|22.744202|34.098549|0.007701|nan|-90.296124
1120|115.992710|2.426612|1196.625091|81.116283|51.546436|21.174466|75.690323|0.388863|41.601156|42.763316|95.608249|-80.904308|98.891279|119.602476|22.744202|38.795951|0.011342|nan|-90.365588
1121|111.742178|2.987063|1262.517408|76.221776|51.610351|22.284301|72.558676|0.399253|41.490729|56.569173|92.981476|-78.792548|96.299584|117.669802|22.744202|50.373709|0.010627|nan|-90.426958
1122|131.792028|4.031050|1316.609192|96.357280|52.885600|23.857687|92.569371|0.426242|56.193816|72.436665|114.832908|-76.276324|120.844885|140.650947|22.744202|51.942502|0.013737|nan|-90.476565
1123|134.248065|4.903717|1369.003777|97.773705|54.189944|25.169663|96.231807|0.439126|62.876967|50.180987|119.056323|-73.778744|122.968036|146.145661|22.744202|65.651856|0.014067|nan|-90.518997
1124|132.434987|5.745564|1434.757236|96.444823|54.911221|26.427953|96.921831|0.465387|57.259149|42.181807|119.088717|-71.399943|120.791807|147.407662|22.744202|66.752534|0.013718|nan|-90.575964
1125|126.467589|6.326245|1499.160629|89.201250|55.499620|27.544820|96.178727|0.499311|43.609375|32.296225|114.921406|-69.201540|114.422354|144.454217|22.744202|67.415240|0.012708|nan|-90.634561
1126|121.802381|6.783982|1573.329302|84.109814|56.327068|28.536188|97.771091|0.502354|40.514131|28.978046|111.908202|-67.189224|109.326793|142.730220|22.744202|70.015761|0.011900|nan|-90.677478
1127|110.723504|7.087165|1651.470152|73.083832|56.670500|29.079145|87.367652|0.488994|36.996671|22.559415|102.495828|-65.505322|97.808700|134.539245|22.744202|69.625484|0.010083|nan|-90.718796
1128|101.140329|7.249165|1749.089281|62.547439|57.363836|29.435785|75.743402|0.477135|25.125104|21.947369|94.578925|-64.135549|87.776813|127.898113|22.744202|69.118552|0.008501|nan|-90.766415
1129|85.662026|7.130873|1836.847846|46.962211|57.700991|29.370706|55.945021|0.496042|15.362746|14.502584|80.799945|-63.261948|71.853182|115.357410|22.744202|68.218810|0.005993|nan|-90.795667
1330|55.865043|6.576278|1943.041135|16.926846|58.361441|28.269281|20.594562|0.502532|7.644730|18.509725|52.383029|-63.341389|41.651363|87.879002|22.744202|66.099830|0.001365|nan|-90.810095
1331|43.813370|6.006114|2045.528883|4.007388|59.222947|27.041420|8.014894|0.499137|-3.895067|8.344774|41.507679|-63.900830|30.110932|78.279131|22.744202|59.843275|-0.000002|nan|-90.817597
1332|50.057562|5.576030|2145.270681|10.895635|60.047306|26.300202|13.694322|0.496932|-6.964590|24.402820|48.965185|-64.277663|33.522675|87.015322|22.744202|58.629602|0.001014|nan|-90.818500
1333|40.904760|4.890504|2240.445073|0.733433|60.959307|25.323865|3.821671|0.495099|-7.049948|25.513403|40.760637|-64.833726|22.875418|79.978201|22.744202|56.943550|-0.000496|nan|-90.815133
1334|36.557893|4.190711|2322.452530|-3.134308|61.058508|24.374397|6.422531|0.485528|-8.305452|29.828329|37.359848|-65.365283|18.098329|76.990717|23.832367|50.817599|-0.001246|nan|-90.791964
1335|36.229434|3.532069|2393.236426|-5.243882|61.206536|23.539163|19.267593|0.465204|-9.448556|48.325111|37.949515|-65.736008|15.435226|77.586980|26.698620|49.587285|-0.001171|nan|-90.766544
1336|28.462205|2.813374|2454.526306|-13.402595|61.197834|22.755981|13.959716|0.442441|-18.181423|43.734315|30.999076|-66.301888|1.901096|70.318114|37.450834|48.399268|-0.002438|nan|-90.733378
1337|35.509644|2.248236|2495.662897|-5.881474|61.117180|22.379094|21.868453|0.422397|-15.706575|47.069698|38.858327|-66.666611|7.175942|77.078226|37.450834|47.873731|-0.001368|nan|-90.680353
1338|30.453924|1.627204|2507.971070|-11.917468|61.428261|21.884915|18.736806|0.403848|-17.094637|50.829587|34.470802|-67.164818|-1.491171|70.899434|43.400551|47.102623|-0.002356|nan|-90.478528
1339|27.891822|1.013338|2514.985988|-13.863172|62.160567|21.416421|31.900340|0.379067|-16.227048|34.094785|32.333852|-67.927315|-4.463582|66.373937|43.400551|46.456526|-0.003434|nan|-90.248853
1340|17.716251|0.268902|2526.886947|-25.274888|62.987343|20.555067|21.284586|0.359792|-15.188147|12.352447|22.226912|-69.328587|-15.026257|53.747029|43.400551|45.300332|-0.006903|nan|-90.007599
1341|18.360454|-0.433136|2524.053853|-24.619738|63.580061|19.941621|25.265494|0.335668|-19.243066|2.346399|22.672141|-70.770034|-14.840863|52.114856|43.016280|44.452055|-0.006958|nan|-89.625766
1342|20.433452|-1.148382|2512.978964|-22.469865|63.795542|19.475647|36.942822|0.306029|-18.184231|7.591997|24.355328|-72.164867|-16.422343|51.434854|43.016280|44.072644|-0.006690|nan|-89.070052
1343|25.428213|-1.717588|2496.751945|-18.181196|64.221437|19.289189|30.679528|0.281811|-19.325747|3.715029|28.974577|-73.466899|-15.244490|53.540069|43.016280|44.071490|-0.005965|nan|-88.507795
1344|25.492022|-2.308003|2474.516021|-19.510307|64.528887|19.087742|22.346161|0.246858|-17.563277|9.028466|28.494878|-75.194875|-17.002963|50.362872|43.016280|43.904255|-0.006014|nan|-87.886908
1345|34.328214|-2.610793|2452.564566|-10.154163|64.526014|19.284190|28.025589|0.239152|-16.401873|4.906138|36.807077|-76.647448|-11.683439|55.407091|43.016280|44.224664|-0.004690|nan|-87.092835
1346|32.655129|-2.986872|2426.828059|-12.831081|65.034261|19.307898|29.617953|0.229034|-14.232256|20.366768|34.427538|-78.234975|-14.873510|49.396262|43.016280|44.152931|-0.005015|nan|-86.358569
1347|28.262613|-3.345296|2390.169297|-17.665628|65.291216|19.087757|26.964014|0.215398|-11.246534|14.489930|29.052466|-80.147078|-19.650600|40.386271|43.016280|43.775759|-0.005765|nan|-85.653109
1348|28.261232|-3.575762|2334.445828|nan|65.193745|18.864805|34.925829|0.197952|-11.458085|22.757703|27.940548|-81.737315|-20.022151|35.233689|43.016280|43.472176|-0.005823|nan|-84.957690
1349|38.719209|-3.689952|2274.149299|-7.300875|65.155294|18.991812|50.424830|0.179400|-9.293122|34.126371|37.244324|-82.826337|-10.497185|41.271323|43.016280|43.691200|-0.004241|nan|-84.156769
1350|45.045962|-3.883390|2213.674907|nan|65.458963|19.224018|79.458916|0.153854|-3.188300|36.974146|42.075781|-83.674731|-5.032363|43.025652|43.016280|43.854286|-0.003308|nan|-83.380333
1351|51.277801|-3.977591|2149.448316|4.593490|65.773069|19.629464|80.785885|0.130147|1.369427|38.497764|46.722521|-84.469361|0.806301|45.214513|43.016280|44.279441|-0.002392|nan|-82.505308
1352|53.332942|-4.130096|2083.487467|5.155712|66.282212|19.971446|102.176628|0.102755|3.734558|36.262934|46.939005|-85.281492|2.131743|43.025093|43.016280|44.442720|-0.002134|nan|-81.598313
1353|50.135535|-4.271864|2023.859824|1.617620|66.816275|20.154776|100.690423|0.075761|6.445515|32.486932|41.641934|-86.416842|-1.477613|35.711796|43.016280|44.399525|-0.002701|nan|-81.226063
1354|46.721501|-4.515815|1959.238297|-1.908149|67.309435|20.111855|94.692523|0.051956|7.183846|24.574544|35.777472|-87.795262|-5.299284|27.676973|43.016280|44.041724|-0.003301|nan|-81.571974
1355|46.260102|-4.753579|1888.453952|nan|66.756650|19.977547|87.473809|0.030788|10.812083|23.586455|32.453256|-89.822755|-6.148545|23.577061|43.016280|43.750123|-0.003434|nan|-81.887791
1356|51.841315|-4.852245|1828.508686|3.221159|65.219099|19.941927|87.579968|0.014995|14.252861|-9.809193|35.166005|-91.553272|-0.946825|25.828129|27.813175|28.618267|-0.002618|nan|-82.064723
1357|51.195218|-5.099853|1786.017235|1.022770|63.337723|19.806964|75.053378|-0.001086|15.245619|-9.592942|31.464060|-93.823414|-1.955322|20.993980|27.813175|28.510542|-0.002776|nan|-82.269279
1358|52.869119|-5.277254|1752.262954|nan|61.427817|19.722664|66.348460|-0.012174|16.171333|-17.781892|30.055203|-96.079163|-0.628353|18.582347|27.813175|28.418150|-0.002568|nan|-82.444794
1359|53.114949|-5.302418|1729.821575|3.784800|59.400966|19.757000|50.318672|-0.017913|9.665176|-23.293437|27.194407|-98.253701|-0.734510|15.617365|27.813175|28.492672|-0.002584|nan|-82.636431
1400|52.141365|-5.299221|1700.525863|0.964607|57.857790|19.790308|18.789884|-0.018881|7.378207|-26.198757|23.364593|-100.214728|-2.061479|10.885394|27.813175|28.388991|-0.002793|nan|-82.894491
1401|45.848470|-5.399056|1659.974592|-5.313133|56.901056|19.608174|-0.265393|-0.020143|3.943675|-23.607516|14.384240|-102.204213|-8.696325|1.431270|27.813175|27.993503|-0.003834|nan|-83.201149
1402|46.504898|-5.476627|1613.968601|-4.214204|55.751797|19.512320|5.944822|-0.021157|1.622775|-27.258916|12.438370|-103.867853|-4.697853|-0.403665|27.813175|27.836313|-0.003784|nan|-83.408398
1403|48.269192|-5.593562|1575.737499|nan|54.894786|19.453902|-2.229308|-0.022012|4.095274|-15.270837|11.764813|-105.218561|-3.264726|-1.111999|27.813175|27.713264|-0.003559|nan|-83.541890
1404|51.185552|-5.717693|1553.348232|nan|54.389068|19.323440|-4.405537|-0.022126|9.896134|-21.827456|12.311320|-106.064393|-0.663866|1.305472|27.813175|27.618337|-0.003151|nan|-83.687237
1405|54.868045|-5.934197|1527.419929|3.604835|53.415540|19.138195|-1.751599|-0.020751|16.811289|-21.925714|13.967398|-106.027597|2.733175|4.530272|27.813175|27.854190|-0.002618|nan|-83.761020
1406|60.958626|-6.171900|1505.870341|9.501510|52.451277|19.039711|-4.087065|-0.014137|21.850583|-12.426949|18.308987|-105.538240|8.571839|11.042503|21.151839|21.530432|-0.001701|nan|-83.773377
1407|55.400965|-6.719113|1484.247795|2.490250|52.203250|18.687525|-3.237805|-0.011269|17.345625|-3.867080|10.921418|-105.424633|2.786253|5.064773|21.151839|21.481930|-0.002609|nan|-83.778276
1408|52.781311|-7.347028|1455.856508|nan|52.037555|18.246870|-11.518092|-0.010069|18.533079|-13.897327|6.655146|-105.181398|-0.026921|2.583873|21.151839|21.440140|-0.003051|nan|-83.776237
1409|52.749544|-7.825859|1423.575701|-0.844270|52.059843|17.532022|-14.649740|-0.008094|30.453528|5.223667|5.146134|-104.854799|-0.186158|2.619967|21.151839|21.404087|-0.003075|nan|-83.778426
1410|55.543320|-8.160284|1399.998108|3.378268|51.400669|16.915074|-22.505397|-0.013254|28.761174|-4.082474|6.841422|-104.465356|2.760860|6.250554|21.151839|21.526789|-0.002650|nan|-83.790196
1411|52.973337|-8.524002|1383.453853|-0.748541|51.299593|16.124838|-24.840863|-0.010189|34.080000|4.220421|3.341272|-103.952685|0.560000|3.573264|21.151839|21.464344|-0.003059|nan|-83.794115
1412|55.276422|-8.682007|1367.231554|3.078176|50.858620|15.260377|-20.806877|-0.005174|40.654524|0.179198|4.746730|-103.637123|4.975466|7.170941|21.151839|21.565717|-0.002692|nan|-83.894968
1413|58.628292|-8.619397|1361.083833|nan|50.008934|14.676037|-12.791983|0.006779|32.211251|-17.190997|7.283667|-103.101891|12.372507|11.830193|21.151839|21.793845|-0.002159|nan|-84.017070
1414|71.060934|-8.141460|1371.196567|18.364951|49.394959|14.628863|-0.636946|0.049992|36.604448|-12.452317|19.245477|-102.157416|33.086017|25.466764|21.151839|22.579815|-0.000201|nan|-84.122065
1415|60.176842|-7.681811|1377.343179|7.203043|49.831281|14.110927|-3.025490|0.046188|37.537949|9.033505|7.936045|-101.235783|22.337949|14.630632|21.151839|22.407578|-0.001900|nan|-84.206139
1416|53.675051|-6.999524|1382.357821|0.224248|50.560908|13.368551|-11.518092|0.040855|36.876359|22.539509|1.075119|-100.505992|15.915418|8.666489|21.151839|22.104343|-0.002908|nan|-84.279101
1417|52.506844|-6.367685|1387.567480|0.584983|50.875404|12.637537|-17.356758|0.040116|35.494156|10.885509|-0.234419|-99.859590|19.013842|7.997484|21.151839|22.010071|-0.003075|nan|-84.339566
1418|44.740739|-5.887884|1391.955197|-7.928315|52.106950|11.421688|-25.318572|0.035759|43.824834|12.539293|-8.294420|-99.562179|21.263579|0.599792|21.151839|21.310897|-0.004266|nan|-84.400030
1419|45.929056|-5.170462|1392.260859|-5.930467|52.429530|10.291470|-13.800480|0.036034|44.936705|-0.774406|-7.444373|-99.211403|22.696705|2.825489|21.151839|21.070607|-0.004041|nan|-84.455126
1420|49.442630|-4.532494|1398.964863|nan|52.741280|8.912174|-3.980908|0.035284|64.331141|2.395979|-4.239958|-98.960235|28.571455|7.492810|21.151839|21.037732|-0.003433|nan|-84.474247
1421|50.372090|-3.823401|1412.146190|-0.342057|52.883638|7.634820|3.237804|0.036853|58.831817|-10.700164|-3.518415|-98.598211|29.951503|9.365429|21.151839|22.260740|-0.003216|-91770.408792|-84.476120
1422|48.534969|-3.224488|1440.598940|-2.924176|52.846994|6.010206|3.609356|0.040276|70.277613|4.709953|-5.334317|-98.149345|28.677613|8.384110|21.151839|22.243377|-0.003416|-17334.649670|-84.482660
1423|41.603355|-2.762936|1461.474552|-8.757961|53.527726|4.084866|-6.263295|0.034984|68.575260|17.202029|-12.027168|-97.858684|22.414318|2.413386|21.151839|21.770121|-0.004399|-17334.799121|-84.463454
1424|25.893075|-2.470615|1473.709972|-23.553771|53.958768|1.709870|-25.000099|0.021757|68.062009|29.264186|-27.431757|-98.224889|9.419185|-12.675632|21.151839|20.638690|-0.007412|-4078.748132|-84.402768
1425|20.833513|-2.130136|1481.107913|-27.236686|53.758559|-0.487392|-29.989504|0.004385|60.481238|0.915707|-31.808986|-98.900749|9.039041|-16.979896|21.151839|19.929650|-0.008783|59140.624177|-84.340082
1426|21.981062|-1.687730|1478.727055|-25.808605|53.922024|-2.552585|-22.611555|-0.021151|61.697154|1.994967|-29.975221|-99.674141|12.895270|-15.043583|21.151839|19.251222|-0.008442|67805.212311|-84.300934
1427|21.728183|-1.314936|1477.248249|-24.311690|53.594680|-4.234602|-22.770792|-0.035781|53.586100|-10.492137|-29.209736|-100.452142|21.184530|-14.047429|21.151839|19.066272|-0.008309|78506.424612|-84.611045
1428|27.831374|-0.909012|1480.941183|-16.516536|53.267976|-5.536655|-14.172031|-0.049545|57.417578|-12.122725|-21.838127|-100.913804|31.816322|-7.003742|21.151839|24.921946|-0.007168|129983.195610|-84.918435
1429|22.256529|-0.663861|1484.336087|-21.909816|53.257126|-6.789233|-18.630647|-0.067908|53.306061|-0.982623|-25.972540|-101.370621|36.343863|-11.709307|21.151839|53.005925|-0.007852|209480.647910|-85.202571
1430|22.166802|-0.424250|1485.679566|-20.157223|53.347273|-7.362149|-18.842962|-0.077257|32.660713|2.843438|-24.497657|-101.754481|19.778517|-10.697759|21.151839|53.056687|-0.007678|209456.078231|-85.380294
1431|32.562581|-0.115909|1478.621896|-8.715468|54.061493|-7.352386|-13.906637|-0.074635|34.071256|11.957483|-12.440500|-101.975751|27.509688|0.561043|21.151839|50.455847|-0.005861|209430.785949|-85.441681
1432|35.952793|0.197152|1452.252586|nan|54.560050|-7.382786|-9.023391|-0.075952|42.635404|12.175270|-7.386635|-102.058021|32.074462|4.541022|21.151839|50.917124|-0.005145|289398.371877|-85.465101
1433|22.527313|0.301003|1414.925211|-16.816817|55.589209|-7.748093|-19.851459|-0.079354|29.895778|0.003505|-19.302077|-102.502503|13.253267|-8.429968|21.151839|50.539099|-0.007071|305154.560000|-85.614512
1434|17.288434|0.356006|1372.495771|nan|56.548242|-8.010524|-21.337664|-0.083267|23.488399|-18.743084|-23.173425|-103.040923|8.926202|-13.009916|21.151839|50.433074|-0.007714|349427.593840|-85.879409
1435|14.923917|0.212879|1329.922199|-22.716191|57.325299|-8.314936|-19.161435|-0.091091|19.468214|-19.224610|-24.531893|-103.581530|2.905390|-14.753023|21.151839|50.233063|-0.007907|368218.338453|-86.320655
1436|18.939365|0.133693|1297.009490|-16.078318|57.536563|-8.315251|-8.174130|-0.101386|17.576228|-16.359303|-19.671126|-103.793714|3.254031|-10.126677|22.399174|50.269700|-0.007099|376307.245706|-86.759701
1437|22.895371|0.006741|1263.332240|nan|58.063208|-8.274884|-8.864155|-0.105104|22.751788|-5.655408|-14.796868|-103.859605|8.349592|-5.435764|22.399174|50.490742|-0.006299|402217.301086|-87.156564
1438|29.406100|0.009997|1236.449238|nan|58.588489|-7.963807|-4.033986|-0.101579|20.555131|1.162935|-7.428195|-103.756773|11.512935|1.639198|22.399174|50.853200|-0.005098|402164.518658|-87.487986
1439|33.650245|0.047864|1222.115428|1.671066|58.840166|-7.419743|1.167732|-0.101546|18.236710|-4.101258|-2.282782|-103.575237|13.673890|6.401300|22.399174|51.475670|-0.004256|402120.764856|-87.878467
1440|30.977595|0.017518|1213.133546|-0.706609|59.910063|-6.872020|2.282387|-0.097850|9.203410|11.777729|-4.232774|-103.550540|1.041527|3.631652|22.399174|51.678475|-0.004507|402084.650543|-88.302596
1441|25.608748|-0.071847|1191.219316|-4.999036|61.073744|-6.467114|-4.617853|-0.095260|9.624030|3.575385|-9.018114|-103.814652|-3.257853|-1.148044|22.399174|51.704941|-0.005183|402056.175846|-88.819896
1442|25.504490|-0.159367|1156.803806|-2.893594|61.209046|-6.020989|-1.326969|-0.096731|5.379448|-1.054101|-8.468451|-103.882520|-2.302435|-0.688092|22.399174|49.254385|-0.005033|402033.951630|-89.451004
1443|27.622524|-0.245318|1106.314143|0.299996|61.308314|-5.611327|5.254798|-0.099770|10.322919|-1.933012|-5.733605|-103.779319|0.882291|1.819349|28.206017|49.426836|-0.004533|402017.978019|-89.950998
1444|25.865812|-0.309441|1058.409065|nan|61.391479|-5.219847|17.038284|-0.115888|5.713523|-10.486781|-7.008477|-103.700378|-0.607733|0.724767|50.883020|49.578763|-0.004642|402005.476933|-90.363053
1445|28.124039|-0.309433|1014.833465|2.557409|61.709718|-4.870155|9.554178|-0.111715|10.977484|-7.756463|-4.287840|-103.620273|2.736229|3.245719|47.630774|46.614464|-0.004116|401992.281342|-90.716738
1446|18.846943|-0.398351|976.900365|-6.248795|62.452431|-4.861701|-5.042483|-0.113426|4.804610|-3.833615|-13.074869|-103.677975|-6.637901|-5.842330|47.630774|46.236012|-0.005402|401980.474697|-91.179589
1447|17.538294|-0.329612|927.346817|-5.432986|63.347988|-4.698323|-6.316374|-0.114986|-2.928019|-2.631146|-13.920596|-103.799363|-11.810216|-6.859473|47.630774|46.110768|-0.005436|401974.224154|-91.674940
1448|17.294045|-0.282036|876.346851|-6.153552|64.870334|-4.558521|-13.057377|-0.114339|-1.759385|1.562528|-13.598300|-103.998216|-11.920956|-6.851404|47.630774|45.877087|-0.005303|401972.835144|-92.273555
1449|15.119295|-0.283784|817.133465|-7.662882|66.083836|-4.584506|-12.685826|-0.114339|1.977469|-1.797997|-15.332692|-104.605845|-12.982531|-7.871048|47.630774|45.715320|-0.005469|401976.307668|-93.011929
1450|20.420382|-0.166425|748.290166|0.259328|65.245225|-4.421818|-2.388545|-0.113945|1.199371|-28.057955|-9.369672|-104.740413|-6.560000|-0.149684|37.500000|35.942403|-0.004459|401983.252716|-93.962092
1451|19.119523|-0.207621|694.509961|-0.867208|64.631973|-4.431867|-1.167733|-0.114047|5.600135|-16.228895|-9.937844|-104.690777|-6.719236|-0.717625|37.500000|36.086499|-0.004484|401988.114313|-94.834328
1452|19.080644|-0.165716|648.496510|1.601682|63.996817|-4.402422|-1.326969|-0.110279|1.115104|-16.748001|-9.260614|-104.565591|-5.604582|1.024418|37.500000|36.369621|-0.004309|401990.197827|-95.926087
1453|24.357916|0.005863|609.150761|7.696230|61.860126|-4.113920|-1.167733|-0.102264|0.577320|-13.817390|-3.030251|-104.076797|0.817949|7.657407|19.877949|19.289777|-0.003299|401990.197827|-96.967195
1454|30.457901|0.238479|557.187887|14.911782|60.086783|-3.570269|-8.864154|-0.088014|-1.245542|-1.845005|4.348188|-103.473017|5.956661|15.569769|14.596661|14.746640|-0.002163|401992.975846|-97.944320
1455|26.075471|0.327038|502.779797|nan|58.724984|-3.177900|-16.295181|-0.071424|-3.495480|-14.567670|1.309050|-103.101248|2.185778|13.125316|14.596661|15.167563|-0.002680|401998.531885|-98.898382
1456|28.611523|0.522259|440.274319|15.691234|57.116333|-2.796681|-10.509596|-0.041508|1.634506|-21.812666|5.332417|-102.675221|5.795134|17.311461|14.596661|15.643422|-0.002113|402004.782428|-99.722626
1457|28.622648|0.694863|370.768179|16.666583|55.870270|-2.426405|-8.598761|-0.014265|0.296081|-11.418047|6.805197|-102.189341|6.856709|18.832770|14.596661|16.002711|-0.001946|402013.116486|-100.405871
1458|25.519630|0.797691|283.358650|13.095536|54.170446|-2.207062|-3.397041|-0.003718|0.304749|-13.973990|5.145599|-101.623649|4.786637|17.477988|14.596661|16.112853|-0.002271|402024.228562|-101.041137
1459|24.811468|0.813956|200.614325|14.925578|52.586095|-1.949726|-7.431027|0.010345|0.303223|-28.192324|6.073908|-100.657054|5.105110|19.111751|14.596661|16.334784|-0.002221|402040.896678|-101.519169
