859|nan|nan|nan|nan|nan|nan|nan|nan|nan|nan|nan|nan|nan|nan|nan|nan|nan|nan|nan
900|nan|nan|nan|nan|nan|nan|nan|nan|nan|nan|nan|nan|nan|nan|nan|nan|nan|nan|nan
901|nan|nan|nan|nan|nan|nan|nan|nan|nan|nan|nan|nan|nan|nan|nan|nan|nan|nan|nan
902|nan|nan|nan|nan|nan|nan|nan|nan|nan|nan|nan|nan|nan|nan|nan|nan|nan|nan|nan
903|nan|nan|nan|nan|nan|nan|nan|nan|nan|nan|nan|nan|nan|nan|nan|nan|nan|nan|nan
904|nan|nan|nan|nan|nan|nan|nan|nan|nan|nan|nan|nan|nan|nan|nan|nan|nan|nan|nan
905|nan|nan|nan|nan|nan|nan|nan|nan|nan|nan|nan|nan|nan|nan|nan|nan|nan|nan|nan
906|nan|nan|nan|nan|nan|nan|nan|nan|nan|nan|nan|nan|nan|nan|nan|nan|nan|nan|nan
907|nan|nan|nan|nan|nan|nan|nan|nan|nan|nan|nan|nan|nan|nan|nan|nan|nan|nan|nan
908|nan|nan|nan|nan|nan|nan|nan|nan|nan|nan|nan|nan|nan|nan|nan|nan|nan|nan|nan
909|nan|nan|nan|nan|nan|nan|nan|nan|nan|nan|nan|nan|nan|nan|nan|nan|nan|nan|nan
910|nan|nan|nan|nan|nan|nan|nan|nan|nan|nan|nan|nan|nan|nan|nan|nan|nan|nan|nan
911|nan|nan|nan|nan|nan|nan|nan|nan|nan|nan|nan|nan|nan|nan|nan|nan|nan|nan|nan
912|nan|nan|nan|nan|nan|nan|nan|nan|nan|nan|nan|nan|nan|nan|nan|nan|nan|nan|nan
913|nan|nan|nan|nan|nan|nan|nan|nan|nan|nan|nan|nan|nan|nan|nan|nan|nan|nan|nan
914|nan|nan|nan|nan|nan|nan|nan|nan|nan|nan|nan|nan|nan|nan|nan|nan|nan|nan|nan
915|nan|nan|nan|nan|nan|nan|nan|nan|nan|nan|nan|nan|nan|nan|nan|nan|nan|nan|nan
916|nan|nan|nan|nan|nan|nan|nan|nan|nan|nan|nan|nan|nan|nan|nan|nan|nan|nan|nan
917|nan|nan|nan|nan|nan|nan|nan|nan|nan|nan|nan|nan|nan|nan|nan|nan|nan|nan|nan
918|nan|nan|nan|nan|nan|nan|nan|nan|nan|nan|nan|nan|nan|nan|nan|nan|nan|nan|nan
919|nan|nan|nan|nan|nan|nan|nan|nan|nan|nan|nan|nan|nan|nan|nan|nan|nan|nan|nan
920|nan|nan|nan|nan|nan|nan|nan|nan|nan|nan|nan|nan|nan|nan|nan|nan|nan|nan|nan
921|nan|nan|nan|nan|nan|nan|nan|nan|nan|nan|nan|nan|nan|nan|nan|nan|nan|nan|nan
922|nan|nan|nan|nan|nan|nan|nan|nan|nan|nan|nan|nan|nan|nan|nan|nan|nan|nan|nan
923|nan|nan|nan|nan|nan|nan|nan|nan|nan|nan|nan|nan|nan|nan|nan|nan|nan|nan|nan
924|nan|nan|nan|nan|nan|nan|nan|nan|nan|nan|nan|nan|nan|0.709641|nan|49.924000|nan|nan|nan
925|nan|nan|nan|nan|nan|nan|nan|nan|nan|nan|nan|nan|nan|-9.064246|nan|48.430812|nan|nan|nan
926|nan|nan|nan|nan|nan|nan|nan|nan|nan|nan|nan|nan|nan|-5.418142|nan|39.816631|nan|nan|nan
927|nan|nan|nan|nan|nan|nan|nan|nan|nan|nan|nan|nan|nan|-2.070455|nan|39.223432|nan|nan|nan
928|nan|nan|nan|nan|nan|nan|nan|nan|nan|nan|nan|nan|nan|-2.402922|38.110025|38.746929|nan|nan|nan
929|nan|nan|nan|nan|nan|nan|nan|nan|nan|nan|nan|nan|nan|-4.769402|38.110025|38.367212|nan|nan|nan
930|nan|nan|nan|nan|nan|nan|nan|nan|nan|nan|nan|nan|nan|-11.668676|38.110025|37.606046|nan|nan|nan
931|nan|nan|nan|nan|nan|nan|nan|nan|nan|nan|nan|nan|nan|-24.029628|38.110025|36.402105|nan|nan|nan
932|nan|nan|nan|nan|nan|nan|nan|nan|nan|nan|nan|nan|nan|-24.396939|38.110025|35.635808|nan|nan|nan
933|nan|nan|nan|nan|53.193829|nan|nan|nan|nan|nan|nan|nan|nan|-23.598426|38.110025|35.066560|nan|nan|nan
934|nan|nan|nan|nan|54.010535|nan|nan|nan|nan|nan|nan|nan|nan|-21.452824|38.110025|34.811804|nan|nan|nan
935|nan|nan|nan|nan|54.323939|nan|nan|nan|nan|-22.412441|nan|nan|nan|-17.040461|38.110025|34.959547|nan|nan|nan
936|nan|nan|nan|nan|54.809245|nan|nan|nan|nan|-11.213953|nan|nan|nan|-9.755709|38.110025|35.266074|nan|nan|nan
937|nan|nan|nan|nan|55.130180|nan|nan|nan|nan|-8.542460|nan|nan|nan|-11.186128|38.110025|35.539148|nan|nan|nan
938|nan|nan|nan|nan|55.580017|nan|nan|nan|nan|19.048737|nan|nan|nan|-13.242930|38.110025|35.629015|nan|nan|nan
939|nan|nan|nan|nan|56.354684|nan|nan|nan|nan|19.458021|nan|nan|nan|-20.865360|38.110025|35.267030|nan|nan|nan
940|nan|nan|nan|nan|56.750071|nan|nan|nan|nan|13.272406|nan|nan|nan|-18.015160|38.110025|35.325633|nan|nan|nan
941|nan|nan|nan|nan|57.162107|nan|nan|nan|nan|1.756498|nan|nan|nan|-13.092311|38.110025|38.703573|nan|nan|nan
942|nan|nan|nan|nan|57.916605|nan|nan|nan|nan|6.300302|nan|nan|nan|-18.869080|38.110025|38.772385|nan|nan|nan
943|nan|-2.244774|nan|nan|58.270163|nan|nan|nan|nan|3.405935|nan|nan|nan|-13.245257|38.110025|50.220728|-0.005462|nan|nan
944|nan|-1.655790|nan|nan|58.828521|nan|nan|nan|nan|-4.039031|nan|nan|nan|-12.799805|38.110025|54.780068|-0.005317|nan|nan
945|nan|-0.850711|nan|nan|59.476461|nan|nan|nan|nan|28.282578|nan|nan|nan|-11.330071|38.110025|54.740309|-0.005045|nan|nan
946|nan|-0.208994|nan|nan|59.747476|nan|nan|nan|nan|26.270314|nan|nan|nan|-7.191817|38.110025|55.045725|-0.004481|nan|nan
947|nan|0.455078|nan|nan|60.025175|nan|nan|nan|nan|29.348536|nan|nan|nan|-4.847338|38.110025|55.309439|-0.004132|nan|nan
948|nan|1.176097|nan|-2.552781|60.448277|nan|nan|nan|nan|20.583507|nan|nan|nan|-6.166863|38.110025|55.229768|-0.004298|nan|nan
949|nan|1.630814|nan|-7.458891|60.816941|nan|nan|nan|nan|-6.459877|nan|nan|nan|-11.021585|38.110025|55.036679|-0.004959|nan|nan
950|nan|1.967198|nan|-10.167820|61.254829|nan|nan|nan|nan|-1.782903|nan|nan|nan|-13.831505|38.110025|57.668243|-0.005347|nan|nan
951|nan|2.356216|nan|-4.321645|61.177186|nan|nan|nan|nan|-12.074700|nan|nan|nan|-8.431898|38.110025|56.732318|-0.004635|nan|nan
952|nan|2.705006|nan|-6.312985|61.691456|nan|nan|nan|nan|-5.197681|nan|nan|nan|-10.593453|38.110025|56.544009|-0.004839|nan|nan
953|nan|2.981592|nan|-9.015267|62.403998|nan|-4.563001|nan|nan|-4.514555|nan|nan|nan|-13.347811|38.110025|56.272490|-0.005183|nan|nan
954|nan|3.229510|nan|-5.092041|62.479406|nan|-8.062779|nan|nan|-11.738054|nan|nan|nan|-10.400479|38.110025|56.400731|-0.004751|nan|nan
955|nan|3.345028|nan|-7.604225|62.741924|nan|-19.270928|nan|nan|-23.445829|nan|nan|nan|-12.402116|38.110025|56.378154|-0.004980|nan|nan
956|nan|3.492529|nan|-6.458607|62.938122|nan|-14.752228|nan|nan|-18.116506|nan|nan|nan|-11.100887|41.255395|56.391891|-0.004809|nan|nan
957|nan|3.588778|nan|-2.257630|62.676392|nan|-8.372886|nan|nan|-30.964407|nan|nan|nan|-7.254314|41.573894|52.285860|-0.004345|nan|nan
958|nan|3.663122|nan|nan|62.480189|nan|-7.442566|nan|nan|-23.298279|nan|nan|nan|-5.274268|52.722566|52.586017|-0.004052|nan|nan
959|nan|3.639213|nan|nan|62.663698|-9.788352|-10.499333|nan|nan|-24.183467|nan|nan|nan|-6.215220|54.573400|52.843977|-0.004217|nan|nan
1000|nan|3.642216|nan|nan|62.809706|-9.438486|-16.125558|-0.012588|nan|-19.420644|nan|nan|nan|-4.949306|54.573400|53.065928|-0.004046|nan|nan
1001|nan|3.701487|nan|4.523725|62.529685|-8.887957|-23.479521|0.033673|nan|-0.732199|nan|-103.579233|nan|0.101007|32.735722|31.727140|-0.003378|nan|nan
1002|nan|3.692201|nan|2.571497|62.559102|-8.467520|-24.852852|0.040837|nan|-10.633293|nan|-103.176641|nan|-0.675337|32.735722|31.974896|-0.003506|nan|nan
1003|nan|3.675865|nan|0.582846|62.751117|-8.186749|-25.295861|0.038326|nan|-12.863140|nan|-102.813225|nan|-2.316340|32.735722|32.023567|-0.003792|nan|nan
1004|nan|3.664230|nan|2.999273|62.189725|-7.848197|-21.220172|0.023709|nan|-11.866840|nan|-102.446549|nan|-0.398804|32.735722|32.223856|-0.003652|nan|nan
1005|nan|3.514581|nan|-5.403708|63.204715|-7.931802|-24.055434|0.001178|nan|-18.086797|nan|-102.043295|nan|-7.442755|32.735722|31.770968|-0.004726|nan|nan
1006|nan|3.407171|nan|-5.138130|63.611615|-7.950309|-16.922976|-0.013182|nan|-8.585951|nan|-101.339091|nan|-7.620054|32.735722|31.582496|-0.004815|nan|nan
1007|nan|3.242663|nan|-9.053370|64.455568|-8.131903|-20.732861|-0.045801|nan|14.281327|nan|-100.742659|nan|-10.335782|32.735722|31.141242|-0.005241|nan|nan
1008|nan|3.080533|nan|-8.638653|64.840375|-8.235291|-22.682104|-0.056418|nan|1.083655|nan|-100.246693|nan|-9.712964|32.735722|30.969311|-0.005317|nan|nan
1009|nan|2.822732|nan|-16.430794|65.504106|-8.682765|-36.193904|-0.075825|nan|16.387968|nan|-100.163217|nan|-16.695959|32.735722|30.240540|-0.006309|nan|nan
1010|nan|2.377109|nan|-31.478129|65.258715|-9.594439|-48.022267|-0.111224|nan|7.197183|nan|-100.569795|nan|-31.103215|32.735722|29.085467|-0.009313|nan|nan
1011|nan|2.083974|nan|-32.494133|65.088073|-10.453677|-43.104858|-0.134694|nan|10.507238|nan|-101.195673|nan|-31.417488|32.735722|28.072632|-0.009546|nan|nan
1012|nan|1.915169|nan|-24.704777|64.490801|-10.837706|-41.244216|-0.144143|nan|6.831461|nan|-101.569859|nan|-24.072290|32.735722|27.952111|-0.008536|nan|nan
1013|nan|1.701313|nan|-24.799813|64.137132|-11.270245|-34.909175|-0.155523|nan|9.026556|nan|-101.850489|nan|-23.733533|32.735722|27.606895|-0.008486|nan|nan
1014|nan|1.229496|nan|-45.657030|63.598634|-12.530804|-54.977522|-0.178494|nan|7.682654|nan|-102.450266|nan|-45.105807|32.735722|26.013340|-0.013712|nan|nan
1030|nan|1.005451|nan|-43.322403|62.876164|-13.416455|-51.034733|-0.197047|nan|-0.233325|nan|-103.063511|nan|-43.083656|32.735722|25.309762|-0.013422|nan|nan
1031|nan|0.574726|nan|-55.245666|62.229593|-14.779596|-58.698804|-0.213730|nan|-3.375715|nan|-104.007223|nan|-55.124453|32.735722|25.748462|-0.016695|nan|nan
1032|nan|0.256542|nan|-63.231757|61.383604|-16.316212|-64.192126|-0.233162|nan|-7.788556|nan|-105.015448|nan|-63.537184|32.735722|24.037434|-0.019133|nan|nan
1033|-96.082629|0.050432|nan|-59.942340|60.300315|-17.365991|-62.331484|-0.247756|nan|-1.911590|nan|-106.066231|nan|-60.899721|23.261199|11.990929|-0.018705|nan|nan
1034|-88.696957|-0.046352|nan|nan|59.311962|-18.106461|-57.458377|-0.254927|nan|-12.764343|nan|-106.929949|nan|-52.321614|23.261199|11.659804|-0.017347|nan|nan
1035|-83.341680|-0.021348|nan|-43.272276|58.201806|-18.499762|-53.161181|-0.258486|nan|-14.037782|nan|-107.686023|nan|-46.257695|23.261199|11.846161|-0.016345|nan|nan
1036|-95.236410|-0.147595|nan|-53.865720|57.592545|-19.318049|-58.344396|-0.264654|nan|-18.962836|nan|-108.783115|nan|-57.538258|23.261199|11.203731|-0.017810|nan|nan
1037|-113.995007|-0.322631|nan|-70.741218|56.464264|-20.667362|-76.685004|-0.273192|nan|-19.890626|nan|-110.405446|nan|-75.326236|23.261199|9.767719|-0.021916|nan|nan
1038|-106.032496|-0.195912|nan|-61.011337|55.002167|-21.690666|-69.552545|-0.275586|nan|-19.931349|nan|-111.623703|nan|-67.416911|17.812010|4.279675|-0.020552|nan|nan
1039|-93.817396|0.040039|nan|-47.026422|53.831345|-22.246922|-53.028278|-0.274474|nan|-20.359133|nan|-112.394289|nan|-55.599445|17.812010|4.563319|-0.018613|nan|nan
1040|-95.526173|0.213562|nan|nan|52.622686|-22.656479|-55.287628|-0.273655|nan|-13.135735|nan|-113.085649|nan|-58.014470|17.812010|4.787806|-0.018716|nan|nan
1041|-88.221553|0.463882|nan|-39.784446|51.855865|-22.825703|-45.895820|-0.270094|nan|-19.484496|nan|-113.695142|nan|-51.536425|17.812010|5.424970|-0.017542|nan|nan
1042|-84.233156|0.714440|nan|-35.918629|50.803637|-23.006326|-37.877341|-0.266340|nan|-22.636735|nan|-114.116466|nan|-48.430378|17.812010|5.915383|-0.016858|nan|nan
1043|-89.922359|0.916192|nan|-40.526051|49.637165|-23.395521|-40.756906|-0.264144|nan|-17.554919|nan|-114.597121|nan|-54.980729|17.812010|5.977677|-0.017574|nan|-111.563436
1044|-89.867983|1.113844|nan|nan|49.020122|-23.696497|-41.111313|-0.261749|nan|-17.352876|nan|-115.002481|nan|-55.735171|17.812010|6.166384|-0.017467|nan|-111.483811
1045|-91.023138|1.226366|nan|-40.074218|48.464910|-24.021836|-40.358197|-0.268910|nan|-11.807470|nan|-115.400537|nan|-57.917686|17.812010|5.990056|-0.017537|nan|-111.458563
1046|-103.722801|1.231088|nan|-51.972748|47.736543|-24.562932|-47.712159|-0.281251|nan|-27.935982|-85.428109|-116.130585|nan|-71.428146|17.812010|5.223007|-0.019280|nan|-111.536928
1047|-103.135690|1.345389|nan|-50.897465|47.568183|-25.028820|-47.313451|-0.293070|nan|-30.699521|-85.441350|-116.946419|nan|-71.851896|17.812010|4.619027|-0.019103|nan|-111.566624
1048|-114.185432|1.211968|nan|-61.201849|46.941028|-25.761074|-59.629124|-0.305756|nan|-31.201196|-96.794594|-118.067216|nan|-83.630647|17.812010|3.841872|-0.020605|nan|-111.677298
1049|-143.204544|0.812890|nan|-89.031767|45.852902|-27.772677|-86.741327|-0.321535|nan|-41.376723|-126.643014|-119.797339|nan|-113.449288|10.999323|-5.874036|-0.027821|nan|-112.115636
1050|-138.657032|0.860285|nan|-83.309957|44.547663|-29.171886|-88.646269|-0.332914|nan|-42.520068|-122.076499|-121.365109|nan|-109.308560|5.042785|-12.975417|-0.027027|nan|-112.621614
1051|-133.212362|0.812815|-1775.105183|-77.501912|44.082408|-30.422634|-82.709937|-0.343866|-6.450693|-30.810833|-117.766551|-122.802229|-86.702207|-104.195460|5.042785|-13.656380|-0.026092|nan|-113.016400
1052|-112.697199|1.049156|-1797.869290|-55.135915|43.430646|-30.830334|-64.059223|-0.342457|2.447599|-23.477188|-98.081919|-123.755671|-65.083327|-84.104069|5.042785|-13.043888|-0.022972|nan|-113.280695
1053|-114.157127|1.133525|-1819.679022|-55.806679|42.751171|-31.332261|-64.945243|-0.346044|4.973485|-17.158615|-100.521806|-124.637043|-65.437735|-86.318306|5.042785|-12.812987|-0.023035|nan|-113.538677
1054|-94.966654|1.620065|-1858.693715|-35.302572|42.566180|-30.936688|-51.654947|-0.343245|3.330148|-8.691140|-81.890387|-125.117915|-50.276486|-67.156021|5.042785|-11.344404|-0.020112|nan|-113.734085
1055|-90.204538|2.014867|-1895.077547|nan|40.791524|-30.579045|-61.046756|-0.331916|11.526122|-15.763612|-77.145472|-125.283061|-44.561659|-62.261435|5.042785|-10.157260|-0.019290|nan|-113.842056
1056|-91.393335|2.397496|-1945.055729|-30.266027|39.584175|-30.444815|-61.844174|-0.324502|14.538888|-14.944233|-78.254976|-125.544339|-44.827465|-63.553600|5.042785|-9.357834|-0.019334|nan|-114.131362
1057|-85.373265|2.920298|-2028.880881|-22.860385|37.828689|-29.949211|-47.933665|-0.320901|6.363524|-24.320685|-72.496633|-125.569899|-40.120813|-56.973123|5.042785|-8.101470|-0.018341|nan|-114.405288
1058|-70.942599|3.544320|-2104.515396|-7.779439|36.518641|-29.070224|-32.384019|-0.311796|15.318468|-25.318706|-58.310499|-125.253703|-24.925575|-41.179811|5.042785|-6.195383|-0.016138|nan|-114.721881
1059|-60.952230|4.244937|-2167.875907|nan|35.270486|-28.129719|-42.794751|-0.294769|21.355005|-29.850704|-47.895286|-124.407616|-14.249038|-29.543277|5.042785|-4.573610|-0.014590|nan|-114.916602
1100|-65.962995|4.805811|-2202.447457|-1.928282|35.100920|-27.497283|-45.142702|-0.279125|16.650360|-27.899652|-52.465017|-123.282258|-18.634835|-32.913521|5.042785|-3.500788|-0.015230|nan|-115.058175
1101|-64.813044|5.379564|-2236.309920|0.798136|34.677600|-26.913682|-55.021822|-0.263079|18.296083|-28.395486|-50.473949|-122.150191|-16.907097|-30.134610|5.042785|-2.407891|-0.014981|nan|-115.249478
1102|-66.589171|5.792305|-2246.888608|nan|34.554344|-26.464847|-64.192126|-0.244833|13.293634|-27.058016|-51.237106|-121.345884|-18.147525|-30.131947|5.042785|-1.466093|-0.015161|nan|-115.601136
1103|-60.562651|6.279486|-2253.685515|nan|34.315826|-25.956398|-54.667414|-0.226766|12.607612|-38.444467|-44.444410|-120.523803|-11.635280|-21.479781|5.042785|-0.653460|-0.014217|nan|-116.035471
1104|-67.079696|6.626081|-2258.794026|-1.013304|34.116138|-25.643888|-51.256239|-0.213854|5.339243|-21.870312|-50.206061|-119.251950|-17.704515|-25.803033|5.042785|-0.259022|-0.015100|nan|-116.321385
1105|-60.648297|7.060912|-2259.272371|6.391187|34.174882|-25.044380|-37.434331|-0.201877|1.200440|-12.315730|-43.230722|-118.017943|-10.882163|-16.899772|5.042785|6.668350|-0.014110|nan|-116.689990
1106|-62.745905|7.416647|-2242.780033|4.198606|34.361981|-24.784997|-49.306996|-0.188021|6.994144|-16.665527|-44.534378|-116.548574|-12.609902|-16.868411|5.042785|16.528715|-0.014362|nan|-117.053262
1107|-58.240303|7.861638|-2216.720776|9.491992|34.413258|-24.283884|-61.401164|-0.171497|0.701797|-4.455484|-38.705422|-114.853695|-7.381094|-10.248134|5.042785|22.874495|-0.013661|nan|-117.352415
1108|-63.766486|8.181774|-2196.309034|3.856698|35.018370|-24.104103|-57.103968|-0.159622|-0.045427|5.549597|-43.238776|-113.425161|-12.608610|-13.786416|5.042785|27.006449|-0.014422|nan|-117.681814
1109|-72.353238|8.398015|-2176.688671|-4.483340|35.371643|-24.282137|-51.876452|-0.152299|0.471157|-4.585279|-51.164915|-112.593031|-20.892894|-20.322511|5.042785|30.819050|-0.015627|nan|-118.013055
1110|-69.009641|8.886567|-2159.253058|-0.271472|35.667480|-24.236187|-48.908287|-0.144023|-2.057608|-4.017471|-47.350358|-111.868949|-17.260214|-14.885938|5.042785|30.830069|-0.015100|nan|-118.330049
1111|-64.270352|9.335262|-2136.854000|4.749023|35.400047|-24.014691|-35.706594|-0.134399|-1.293623|-5.461787|-42.149779|-110.804253|-12.254203|-7.969051|5.042785|31.193513|-0.014372|nan|-118.738277
1112|-66.219577|9.727303|-2119.840142|2.350836|35.661934|-24.003507|-32.605524|-0.126884|5.183230|-4.255482|-43.488568|-109.279168|-13.937640|-7.744816|5.042785|31.553644|-0.014616|nan|-119.137740
1113|-70.834133|9.985102|-2096.246875|-2.019838|36.266333|-24.203098|-41.864430|-0.122397|4.521445|2.313832|-47.573174|-108.157180|-18.279136|-10.261975|5.042785|31.303432|-0.015246|nan|-119.606455
1114|-74.518706|10.269249|-2076.875879|-4.108582|36.376805|-24.359907|-44.478188|-0.115183|-0.814688|-16.775705|-50.822444|-107.597131|-21.690312|-11.765479|5.042785|28.602088|-0.015738|nan|-120.198298
1115|-73.860854|10.628091|-2053.942992|nan|36.473301|-24.509125|-43.990878|-0.106508|0.437387|-37.004078|-49.693430|-107.033248|-20.759992|-8.296534|5.042785|28.650743|-0.015600|nan|-120.724014
1116|-80.705222|10.804673|-2064.311513|-11.035001|36.762051|-24.943732|-62.552989|-0.092303|1.721425|-33.600559|-56.035843|-106.908214|-27.316537|-13.451361|5.042785|28.426011|-0.016550|nan|-121.246440
1117|-85.616327|10.946777|-2072.319146|-15.680314|37.299633|-25.518460|-65.875563|-0.136284|-1.363548|-30.404611|-60.468966|-106.834867|-31.923839|-16.361671|5.042785|27.990406|-0.017218|nan|-121.535762
1118|-84.192227|11.260778|-2067.385625|-13.180217|37.472869|-25.873153|-74.469954|-0.115482|-6.037265|-25.116992|-58.405481|-106.609223|-26.596101|-13.092497|5.042785|28.010635|-0.016966|nan|-121.825083
1119|-88.578291|11.214572|-2058.625166|nan|38.040610|-26.345414|-106.632469|-0.111780|-6.830631|-32.859508|-61.679009|-106.424946|-30.671792|-15.443564|5.042785|27.925122|-0.017558|nan|-121.938663
1120|-84.181367|11.219749|-2054.266391|nan|38.500064|-26.585850|-96.354640|-0.109630|-10.375016|-12.079935|-56.114530|-106.069369|-25.095887|-9.784960|11.137793|27.911876|-0.016876|nan|-122.060363
1121|-85.403718|11.153814|-2053.421968|nan|39.147657|-26.806863|-90.728415|-0.136904|-9.545917|-8.316964|-54.882845|-105.425519|-21.546208|-9.419921|20.756673|27.955232|-0.017010|nan|-122.165252
1122|-87.453144|11.102791|-2053.742693|nan|39.612473|-26.987195|-70.881574|-0.140917|-15.957086|-10.224359|-54.531927|-104.869875|-24.198247|-10.200960|26.402265|28.042285|-0.017268|nan|-122.231193
1123|-85.682916|11.155619|-2044.397636|nan|40.538612|-27.107452|-69.198137|-0.137163|-12.317793|-2.732765|-50.255728|-103.918604|-22.160402|-8.145824|30.560961|28.162437|-0.016973|nan|-122.177014
1124|-85.708729|10.992833|-2028.901141|-14.041648|42.160487|-27.149191|-48.775383|-0.136126|-18.255998|19.004403|-47.489414|-102.221789|-27.618897|-8.715043|32.449688|28.153174|-0.016943|nan|-121.999098
1125|-93.373210|10.714510|-2017.457077|-21.122676|43.788724|-27.149776|-50.503122|-0.140453|-30.018562|41.288061|-52.553601|-100.914456|-43.141463|-16.732023|32.449688|27.889094|-0.018026|nan|-121.804144
1126|-95.348202|10.405218|-2006.388078|-22.927115|45.594504|-27.239190|-52.540967|-0.143040|-30.029732|28.804238|-52.008567|-99.880752|-46.993502|-19.133136|32.449688|27.429109|-0.018286|nan|-121.596354
1127|-99.405733|9.997471|-2003.963463|-27.188184|46.940789|-27.507504|-49.528500|-0.147664|-22.683627|26.574034|-53.923732|-99.598804|-50.847687|-23.644173|32.449688|26.975400|-0.018848|nan|-121.365998
1128|-105.149747|9.557237|-1997.931967|-32.256632|48.175298|-27.976775|-39.870885|-0.157961|-25.340380|20.653960|-57.826783|-99.268154|-56.385310|-30.082087|32.449688|26.224269|-0.019657|nan|-120.862863
1129|-114.068645|9.108801|-2000.828046|-40.906358|49.016560|-28.372455|-37.921642|-0.173492|-43.427090|23.131125|-65.506501|-99.680618|-78.872604|-39.511604|32.449688|26.026196|-0.020930|nan|-120.333460
1330|-124.449297|8.489112|-2000.594670|-51.096599|48.903124|-28.908050|-52.496666|-0.189535|-45.535162|0.976431|-74.997315|-100.289883|-89.061831|-50.235924|25.764836|17.462857|-0.022417|nan|-119.619128
1331|-118.459513|8.125487|-1996.740229|-45.337120|48.877235|-29.033434|-44.611091|-0.205973|-52.898190|21.228066|-68.315786|-100.676439|-90.583994|-44.959557|25.764836|16.820525|-0.021528|nan|-118.723142
1332|-106.044368|7.929399|-1988.530414|-32.058853|48.927699|-28.501229|-33.314340|-0.213714|-56.841306|21.034599|-55.202292|-101.005682|-86.206815|-33.094556|25.764836|17.040057|-0.019710|nan|-118.151726
1333|-103.404076|7.813357|-1991.938010|nan|49.025343|-27.923083|-23.435221|-0.224148|-45.395587|27.094379|-51.429123|-101.641454|-82.839941|-30.803565|25.764836|17.314777|-0.019224|nan|-117.658594
1334|-80.885552|8.017238|-2005.056378|-5.647932|48.340933|-26.595935|-6.379342|-0.224959|-40.033955|-3.278805|-27.930472|-102.015045|-59.714827|-7.795918|20.211099|13.460231|-0.015189|nan|-117.365794
1335|-78.228828|8.293207|-2016.330726|-2.724961|48.117135|-25.625531|3.632681|-0.226480|-24.922543|-4.273206|-24.439502|-102.144542|-56.525156|-5.114647|20.211099|14.251916|-0.013906|nan|-117.090892
1336|-71.110010|8.654164|-2038.213558|5.125152|47.642740|-24.115434|9.436109|-0.227203|-39.712248|-8.343989|-16.638360|-102.041145|-48.993989|2.357516|20.211099|15.710028|-0.009870|nan|-116.732539
1337|-76.979297|8.643054|-2068.988776|-0.691301|47.726888|-22.770994|8.682993|-0.228463|-49.453300|-8.154530|-22.301854|-101.985466|-66.655913|-3.669453|20.211099|16.132944|-0.010684|nan|-116.691692
1338|-72.046410|8.733979|-2112.136001|4.714788|47.243111|-21.302587|8.594391|-0.228964|-40.236127|-23.264307|-17.068082|-101.957242|-61.516999|1.530114|20.211099|17.126916|-0.007692|nan|-116.638698
1339|-74.773701|8.605925|-2152.452596|1.839491|47.127236|-20.384178|-2.259350|-0.227668|-32.724132|-30.581605|-19.419918|-101.808025|-64.086456|-1.286382|20.211099|17.324388|-0.008067|nan|-116.565461
1340|-83.627924|8.287393|-2181.522327|-7.043958|47.080304|-19.723409|-7.353964|-0.228863|-39.770846|-35.712299|-28.000763|-102.057609|-72.813750|-10.331228|20.211099|17.205096|-0.009339|nan|-116.472732
1341|-82.707968|7.973080|-2202.589537|-5.100767|46.591521|-19.119076|-1.329030|-0.233923|-37.312793|-48.748962|-26.970103|-102.087803|-71.794827|-9.457057|20.211099|17.301341|-0.009191|nan|-116.383293
1342|-80.873521|7.690838|-2194.571949|-4.423296|46.342897|-18.620890|-1.107525|-0.237179|-35.488140|-31.063751|-25.366572|-102.186711|-69.889885|-7.483829|20.211099|17.257104|-0.008914|nan|-116.328512
1343|-81.073236|7.313997|-2178.503016|-3.373287|45.834173|-17.982048|-5.626225|-0.235807|-44.385055|-46.889956|-25.613188|-102.061578|-70.067089|-7.505789|20.211099|17.411356|-0.008941|nan|-116.269179
1344|-81.365614|6.707650|-2160.460414|-4.914191|45.460912|-17.421259|-9.347507|-0.237772|-42.455160|-5.004959|-25.802577|-101.747866|-70.377195|-7.878044|20.211099|17.411125|-0.008987|nan|-116.259346
1345|-79.260935|6.193046|-2151.801373|-1.646920|45.108402|-16.758790|-6.379342|-0.239427|-47.937606|-7.472014|-23.593796|-101.702147|-68.339350|-5.783769|20.211099|17.597925|-0.008690|nan|-116.233704
1346|-78.247781|5.731582|-2135.561096|nan|45.103596|-15.942223|-12.049868|-0.244313|-54.651296|5.190705|-22.466245|-101.774836|-67.453331|-4.868780|20.211099|17.620908|-0.008562|nan|-116.208062
1347|-83.644836|5.320186|-2127.803492|-7.257750|45.183229|-15.344177|-22.239093|-0.192284|-56.712638|-9.447400|-27.737137|-102.068372|-69.675254|-10.293526|20.211099|17.361820|-0.009376|nan|-116.202479
1348|-79.085141|4.936804|-2128.361541|-2.352297|44.989276|-14.367609|-16.214160|-0.202045|-61.616024|4.676442|-23.111291|-102.164622|-69.858059|-5.660881|20.211099|17.500867|-0.008750|nan|-116.282035
1349|-76.654097|4.640066|-2130.112108|nan|45.065748|-12.889072|-18.296307|-0.188990|-90.102770|2.996860|-20.766623|-102.155185|-97.864515|-3.544269|20.211099|24.658679|-0.008460|nan|-116.479419
1350|-71.299154|4.447922|-2133.797346|4.432377|44.880844|-11.315015|-8.815895|-0.174495|-75.319426|-4.019774|-15.636989|-102.069879|-93.080008|1.974957|20.211099|25.106659|-0.007763|nan|-116.730303
1351|-71.450160|4.164666|-2139.647432|2.673938|44.560505|-9.941515|-10.587935|-0.129210|-72.161436|-5.507931|-16.236831|-101.827635|-93.921727|1.863092|20.211099|25.739513|-0.007886|nan|-116.981187
1352|-71.710820|3.963191|-2144.497367|1.673830|43.904999|-9.009674|-13.378897|-0.114001|-57.660359|-7.525420|-17.059965|-101.490421|-94.940650|1.574023|20.211099|25.780900|-0.008034|nan|-117.240746
1353|-60.445787|3.890083|-2151.548160|12.765335|42.974360|-7.569756|-0.930321|-0.107932|-63.812251|-4.619157|-6.442723|-101.063537|-84.529919|13.342326|17.431986|16.550364|-0.006517|nan|-117.787632
1354|-44.705033|3.995455|-2163.412553|27.651049|41.985951|-6.066029|14.132014|-0.099403|-41.293758|-9.323288|8.329455|-100.173287|-69.689089|30.042933|17.431986|17.939598|-0.004354|nan|-118.406915
1355|-44.994735|3.991926|-2182.656024|25.979995|41.044195|-4.834842|5.449021|-0.087770|-40.774186|-15.203326|7.084661|-99.585095|-70.929516|30.577146|17.431986|18.864826|-0.004533|nan|-119.201336
1356|-50.456468|3.904746|-2195.303897|19.211074|40.321411|-3.895815|-2.790962|-0.077993|-45.401546|-22.644829|0.650859|-99.164422|-77.397460|25.775746|17.431986|19.262840|-0.005474|nan|-119.995757
1357|-58.516677|3.661234|-2202.219791|10.111821|39.746632|-3.379597|-15.726849|-0.068037|-42.561494|-31.573551|-8.227088|-98.748850|-86.479162|18.346303|17.431986|19.244356|-0.006796|nan|-120.336441
1358|-61.981154|3.428051|-2195.713104|5.643495|39.287959|-3.264805|-25.738871|-0.056851|-33.115602|-25.223415|-12.440464|-98.491188|-90.953561|15.278330|17.431986|19.054625|-0.007446|nan|-120.652973
1359|-60.184284|3.346439|-2186.801112|7.657638|38.642481|-3.264308|-33.668748|-0.043568|-31.995853|-25.781554|-10.979210|-98.102082|-75.436144|17.538705|17.431986|19.041075|-0.007330|nan|-120.742411
1400|-56.210263|3.235610|-2176.088009|10.304969|38.021768|-3.045144|-40.889809|-0.025206|-34.949434|-6.702310|-7.035110|-97.440118|-70.227978|21.279742|17.431986|19.319142|-0.006898|nan|-120.835141
1401|-49.971100|3.246338|-2154.780489|nan|37.226828|-2.799478|-29.504455|-0.009095|-25.160461|-8.070789|-0.678355|-96.639751|-54.600461|27.621741|17.431986|19.513997|-0.006137|nan|-120.930776
1402|-51.656575|3.221497|-2111.737485|nan|36.616046|-2.604993|-19.669637|0.002213|-24.264278|-0.396155|-2.172691|-95.883851|-57.302822|25.462433|17.431986|19.641553|-0.006530|nan|-121.031231
1403|-40.303294|3.406406|-2054.441972|22.975146|35.231341|-2.096918|-5.980633|0.023668|-20.822437|-0.265050|9.761902|-94.744255|-32.100692|37.399045|17.431986|20.484264|-0.005027|nan|-121.135735
1404|-31.623594|3.649304|-2003.089828|30.617322|34.556548|-1.324974|24.764250|0.034231|-18.084416|21.202925|19.112840|-93.186384|-24.480923|45.794039|17.431986|21.414047|-0.003918|nan|-121.226176
1405|-9.842716|4.055469|-1969.150905|51.223319|35.177354|0.082595|48.642481|0.048818|-6.439063|21.067357|41.928561|-90.848049|-3.792363|68.666168|17.431986|23.477758|-0.000907|nan|-121.348644
1406|-5.958561|4.364385|-1943.149449|53.713184|36.132382|1.227833|58.920309|0.062568|0.068765|22.136093|46.790894|-88.803958|7.434298|73.302209|17.431986|24.556565|-0.000507|nan|-121.474129
1407|-6.482680|4.779259|-1893.997027|52.545699|36.897383|2.254345|51.654947|0.075390|3.504452|11.615036|47.296307|-87.223229|18.150860|73.612140|17.431986|25.622561|-0.000752|nan|-121.573499
1408|-10.249449|5.061528|-1845.144192|47.060465|37.696338|3.051939|51.832151|0.085982|-2.016383|0.159890|44.375750|-85.977511|14.869150|70.569724|17.431986|31.477873|-0.001473|nan|-121.614444
1409|-23.496005|5.126516|-1777.320706|32.628034|39.046779|3.443867|34.776272|0.091023|-11.621933|-2.791395|31.537361|-85.747802|0.382728|57.854449|17.431986|31.094782|-0.003579|nan|-121.669308
1410|-26.610811|5.275507|-1699.207450|28.710751|39.577588|3.785012|21.663181|0.097842|-14.168019|-22.741500|28.911456|-85.481706|1.116931|55.536094|17.431986|31.005794|-0.004216|nan|-121.774662
1411|-22.175815|5.384484|-1612.572682|32.177573|40.450055|4.109678|25.827474|0.105108|-7.343234|-11.674887|33.631877|-85.290405|8.342301|60.692553|17.431986|30.993726|-0.003758|nan|-121.881623
1412|-29.897205|5.325531|-1525.830629|22.186249|41.017214|4.106743|18.695015|0.109185|-13.340346|-25.503434|26.238533|-85.056552|1.784900|53.518093|17.431986|30.426497|-0.005070|nan|-121.990922
1413|-35.060043|5.217170|-1423.899844|15.352812|41.892972|4.013956|12.005566|0.112050|-20.011714|-10.654238|21.106520|-85.105685|-4.727345|49.143931|17.431986|29.740055|-0.006016|nan|-122.087009
1414|-33.594994|5.132451|-1307.709155|16.720916|42.309834|4.050496|11.784062|0.115421|-19.043404|-9.538646|22.515675|-85.058788|-0.718743|51.401840|17.431986|29.276317|-0.006002|nan|-122.183096
1415|-35.206548|5.142968|-1174.507054|nan|42.677131|4.029405|10.809440|0.118016|-21.335286|16.317387|20.872729|-84.828413|-3.731210|50.381145|17.431986|28.838166|-0.005631|nan|-122.254140
1416|-36.783268|4.984121|-1056.952084|9.734557|43.404874|3.969483|8.682992|0.119357|-23.067463|21.144873|19.239055|-84.694907|-6.743677|49.133112|17.431986|28.117494|-0.004311|nan|-122.326937
1417|-48.960709|4.555465|-969.665305|-3.748981|43.993318|3.630899|-10.543634|0.121360|-32.711584|18.259262|6.914085|-84.959129|-20.388380|37.134376|17.431986|27.030836|-0.005846|nan|-122.377064
1418|-42.107687|4.235369|-886.342550|1.932307|44.385741|3.638477|-0.886020|0.122295|-28.790578|15.699552|13.525197|-85.052123|-15.027961|43.613587|17.431986|40.250225|-0.001693|nan|-122.397849
1419|-41.209196|3.742356|-808.297640|0.823360|45.126764|3.613709|0.487311|0.122741|-24.769045|17.336542|14.111002|-85.121555|-13.728174|42.773676|17.431986|45.086288|-0.001527|nan|-122.381929
1420|-45.577955|3.010669|-745.163264|-5.078000|46.049537|3.344397|-0.620213|0.121432|-24.100786|27.614892|9.255781|-85.369720|-19.620205|36.709568|17.431986|44.290616|-0.002382|nan|-122.335763
1421|-44.575813|2.412919|-683.760560|nan|46.737849|3.196362|-1.993544|0.117266|-24.233270|24.982841|9.696689|-85.645799|-20.151817|36.168191|17.431986|43.793184|-0.002459|-769692.936276|-122.289597
1422|-50.269509|1.624431|-623.061402|-12.823683|47.523458|2.838059|-10.233528|0.116516|-23.054041|17.058847|3.359944|-85.947395|-27.372878|28.442325|17.431986|42.919201|-0.003507|-769732.180193|-122.253370
1423|-39.865506|1.137273|-565.197223|-3.502599|47.849780|2.993290|9.037400|0.114494|-24.115881|13.951846|13.060604|-86.128231|-18.512681|37.178669|22.859308|43.146064|-0.002221|-760927.956872|-122.126801
1424|-39.385920|0.442305|-497.460192|-5.024338|48.498890|2.963166|22.815007|0.110202|-19.497940|15.448636|12.590445|-86.396387|-19.575904|35.442523|22.859308|42.845460|-0.002375|-734993.501489|-122.022478
1425|-38.771161|-0.028263|-446.053555|-4.967819|49.213018|3.128455|20.644259|0.106434|-24.747969|14.526649|12.134814|-86.811706|-20.506225|33.854120|22.859308|42.751811|-0.002326|-734972.423708|-121.891072
1426|-38.989714|-0.475972|-377.309098|-8.055409|50.086852|3.257185|12.404276|0.104609|-27.159717|10.879883|10.838345|-87.229986|-24.358264|30.894631|22.859308|42.513224|-0.002583|-734934.952097|-121.630380
1427|-40.289140|-0.980322|-278.296363|nan|50.761996|3.428986|0.443010|0.103880|-31.959281|2.543998|8.518086|-87.693999|-30.437828|27.000132|22.859308|42.318101|-0.003001|-734883.428526|-121.128002
1428|-41.023316|-1.408704|-191.780904|-13.285614|52.195587|3.623220|-6.379341|0.101093|-37.905490|9.358744|6.606056|-88.465503|-39.505780|23.555333|22.859308|42.005389|-0.003431|-734815.511231|-120.446312
1429|-48.742487|-1.932968|-113.021943|-22.140250|53.660507|3.621137|-14.929432|0.097505|-46.771257|3.635960|-2.650986|-89.854120|-57.413288|12.441393|22.859308|41.142994|-0.006206|-734728.858024|-119.799718
1430|-49.787463|-2.345843|-65.936093|nan|54.730064|3.815983|-14.663626|0.092582|-50.511018|-4.470852|-5.512696|-91.156517|-62.035648|7.345267|22.859308|40.476852|-0.007062|-734635.178891|-119.191395
1431|-51.496070|-2.836682|-8.802649|-28.771031|55.282068|3.861460|-12.802984|0.085334|-51.478469|17.429441|-9.185027|-92.291067|-65.722523|1.235409|22.859308|39.818033|-0.008116|-734534.473830|-118.569608
1432|-49.792844|-3.221328|24.863067|-28.282123|56.006971|3.657468|-15.416743|0.078341|-38.828711|14.746919|-9.501957|-93.123048|-65.633921|-0.930249|22.859308|39.018884|-0.008177|-734432.597781|-117.705185
1433|-48.113234|-3.551300|51.143521|-27.510436|56.301072|3.533652|-5.006011|0.062702|-40.340975|32.447046|-10.030621|-93.794399|-65.545319|-3.371518|36.361430|40.795453|-0.008235|-734331.892720|-116.817355
1434|-36.269081|-3.754781|75.744523|-17.290782|56.332703|3.418719|12.935887|0.051437|-17.540870|28.575400|-0.544157|-94.270222|-55.223190|4.849691|41.772039|40.952836|-0.006737|-734239.384574|-115.889300
1435|-25.955481|-3.877488|89.668158|-8.371515|56.366755|3.523652|42.440343|0.037818|-20.084976|25.756039|7.051543|-94.600630|-46.407294|11.546419|41.772039|41.419354|-0.005457|-734157.415426|-114.926014
1436|-23.249020|-4.016623|84.414379|-8.129865|56.436895|3.460738|46.471733|0.024186|-5.199668|27.477957|6.993881|-95.036968|-45.122565|10.147706|41.772039|41.660267|-0.005271|-734076.617158|-113.850489
1437|-18.741131|-4.056309|57.348415|-5.007425|56.527884|3.543629|47.933665|0.011610|-10.695165|32.472646|8.801149|-95.328971|-41.977195|10.964617|41.772039|41.875964|-0.004815|-733995.818891|-112.816301
1438|-15.619019|-4.002913|32.156921|-1.789712|57.238850|3.623896|44.788295|0.001019|-1.599405|24.004290|9.236440|-95.859399|-40.160855|10.712650|41.772039|45.065154|-0.004551|-715186.018422|-111.649542
1439|0.302353|-3.888387|1.447919|12.246374|56.890648|4.303056|44.921198|-0.004359|-5.541530|5.216178|22.945681|-96.216048|-25.541530|24.098442|24.638470|24.090564|-0.002428|-715119.834752|-110.389377
1440|11.363120|-3.765502|-27.790768|22.185240|56.283066|5.318395|50.281617|0.025654|-2.275894|4.879789|31.649110|-96.872862|-15.795314|32.612085|24.638470|25.353892|-0.001013|-715063.920857|-108.974603
1441|9.227157|-3.676812|-63.991904|18.120146|55.401843|6.054779|49.971510|0.040399|1.548629|-19.337930|27.239781|-97.676587|-10.930791|27.831650|24.638470|26.024475|-0.001515|-715018.276947|-107.710332
1442|2.482034|-3.550066|-82.322611|10.046345|55.055868|6.397896|32.871330|0.041967|-1.554151|-26.217952|18.076274|-98.636878|-18.753570|18.642381|24.638470|26.070303|-0.002685|-714985.185008|-106.788575
1443|-3.711080|-3.422933|-98.394197|2.565739|54.749055|6.486715|18.872219|0.040044|-2.479276|-38.653769|9.571958|-99.576662|-15.840436|10.830705|24.638470|25.781460|-0.003773|-714964.645248|-105.905024
1444|-0.034004|-3.208349|-111.123240|5.589231|54.136820|6.731295|21.353074|0.039228|-5.608183|-22.467286|11.029431|-100.013976|-13.448183|12.725542|24.638470|25.850021|-0.003425|-714956.657564|-105.087064
1445|8.631481|-2.912776|-125.654164|13.291592|53.726754|7.154494|25.738871|0.042367|-0.131080|-11.509406|17.482533|-100.140832|-5.569919|19.959723|24.638470|26.196926|-0.002351|-714971.491835|-104.450324
1446|9.515671|-2.798141|-132.514239|nan|53.477630|7.463566|22.371997|0.048558|-0.484907|-20.150693|16.218818|-100.365572|-5.924326|19.580508|24.638470|26.295592|-0.002402|-715006.865969|-103.831304
1447|7.991233|-2.659006|-114.701303|nan|53.067018|7.796758|5.980633|0.050789|-7.632440|-23.497654|12.728201|-100.501547|-8.670987|17.121540|24.638470|26.353046|-0.002801|-715055.933173|-103.223914
1448|15.426031|-2.417203|-90.314643|nan|52.731847|8.197131|17.587490|0.052352|0.695451|-18.186360|18.294430|-100.302612|-2.424549|23.711226|24.638470|26.531476|-0.001894|-715115.270360|-102.634861
1449|18.270222|-2.318892|-75.081245|17.756062|52.014369|8.728722|18.695016|0.060769|-3.898552|4.803974|19.467429|-100.067792|-0.696810|25.736045|24.638470|27.109978|-0.001643|-715183.736226|-101.942130
1450|18.834305|-2.355184|-66.761250|16.422475|51.655047|9.006624|12.315674|0.071068|3.775008|5.519457|18.517493|-99.789732|1.695879|25.583649|24.638470|27.224884|-0.001714|-715267.036466|-101.417417
1451|21.431195|-2.533777|-61.852095|nan|51.029781|9.351907|13.378897|0.079983|1.209263|4.426472|19.728408|-99.418054|3.290714|27.853631|24.638470|27.437872|-0.001482|-715361.747684|-100.725981
1452|16.382723|-2.746574|-50.707147|12.328171|50.592191|9.470502|0.132902|0.082033|-2.175091|-0.542403|13.415687|-98.877435|-0.334220|22.448289|24.638470|27.263407|-0.002357|-715458.741098|-99.725779
1453|11.390032|-3.000558|-32.605805|6.425995|50.653032|9.201342|3.101069|0.083103|8.893169|-0.460576|6.998886|-98.672486|-6.226250|17.145104|24.638470|26.788383|-0.003212|-683571.938477|-98.869436
1454|2.947988|-3.224455|-7.828634|-2.728461|50.486285|8.384447|-7.221060|0.084306|14.353972|-7.588827|-2.846505|-98.715653|-15.485156|8.666422|24.638470|29.946207|-0.004555|-569517.646631|-98.338970
1455|0.994217|-3.259656|18.965026|nan|49.976990|7.647695|-10.853741|0.085839|8.291321|-11.393681|-6.055060|-98.751927|-18.187516|7.133176|24.638470|29.414606|-0.004947|-524356.736690|-98.510635
1456|-4.347072|-3.453576|50.691322|-11.456287|49.949106|6.789776|-18.650714|0.097881|4.506968|-6.527580|-12.662609|-98.969085|-24.212450|1.832911|24.638470|28.528854|-0.005822|-524396.866836|-98.749985
1457|-17.050434|-3.703123|88.754630|-24.703544|50.156648|5.653465|-34.864874|-0.000732|-2.266755|-10.843335|-26.705443|-99.342798|-32.827046|-10.832572|24.638470|27.069278|-0.007757|-524425.292302|-98.975024
1458|-27.219060|-3.896271|121.309783|-35.531558|50.845972|4.362218|-47.977965|-0.033223|-8.230731|-6.928112|-38.305250|-100.246371|-43.112185|-20.647179|24.638470|25.486474|-0.010264|-524435.324819|-99.203509
1459|-23.859824|-3.936228|156.554261|-32.329215|50.791130|3.401587|-54.534511|-0.049660|-8.719770|-9.456461|-36.015271|-100.945848|-38.721223|-16.835140|24.638470|24.749228|-0.009859|-455495.975378|-99.277730
