900|nan|nan|nan|nan|nan|nan|nan|nan|nan|nan|nan|nan|nan|nan|nan|nan|nan|nan|nan
901|nan|nan|nan|nan|nan|nan|nan|nan|nan|nan|nan|nan|nan|nan|nan|nan|nan|nan|nan
902|nan|nan|nan|nan|nan|nan|nan|nan|nan|nan|nan|nan|nan|nan|nan|nan|nan|nan|nan
903|nan|nan|nan|nan|nan|nan|nan|nan|nan|nan|nan|nan|nan|nan|nan|nan|nan|nan|nan
904|nan|nan|nan|nan|nan|nan|nan|nan|nan|nan|nan|nan|nan|nan|nan|nan|nan|nan|nan
905|nan|nan|nan|nan|nan|nan|nan|nan|nan|nan|nan|nan|nan|nan|nan|nan|nan|nan|nan
906|nan|nan|nan|nan|nan|nan|nan|nan|nan|nan|nan|nan|nan|nan|nan|nan|nan|nan|nan
907|nan|nan|nan|nan|nan|nan|nan|nan|nan|nan|nan|nan|nan|nan|nan|nan|nan|nan|nan
908|nan|nan|nan|nan|nan|nan|nan|nan|nan|nan|nan|nan|nan|nan|nan|nan|nan|nan|nan
909|nan|nan|nan|nan|nan|nan|nan|nan|nan|nan|nan|nan|nan|nan|nan|nan|nan|nan|nan
910|nan|nan|nan|nan|nan|nan|nan|nan|nan|nan|nan|nan|nan|nan|nan|nan|nan|nan|nan
911|nan|nan|nan|nan|nan|nan|nan|nan|nan|nan|nan|nan|nan|nan|nan|nan|nan|nan|nan
912|nan|nan|nan|nan|nan|nan|nan|nan|nan|nan|nan|nan|nan|nan|nan|nan|nan|nan|nan
913|nan|nan|nan|nan|nan|nan|nan|nan|nan|nan|nan|nan|nan|nan|nan|nan|nan|nan|nan
914|nan|nan|nan|nan|nan|nan|nan|nan|nan|nan|nan|nan|nan|nan|nan|nan|nan|nan|nan
915|nan|nan|nan|nan|nan|nan|nan|nan|nan|nan|nan|nan|nan|nan|nan|nan|nan|nan|nan
916|nan|nan|nan|nan|nan|nan|nan|nan|nan|nan|nan|nan|nan|nan|nan|nan|nan|nan|nan
917|nan|nan|nan|nan|nan|nan|nan|nan|nan|nan|nan|nan|nan|nan|nan|nan|nan|nan|nan
918|nan|nan|nan|nan|nan|nan|nan|nan|nan|nan|nan|nan|nan|nan|nan|nan|nan|nan|nan
919|nan|nan|nan|nan|nan|nan|nan|nan|nan|nan|nan|nan|nan|nan|nan|nan|nan|nan|nan
920|nan|nan|nan|nan|nan|nan|nan|nan|nan|nan|nan|nan|nan|nan|nan|nan|nan|nan|nan
921|nan|nan|nan|nan|nan|nan|nan|nan|nan|nan|nan|nan|nan|nan|nan|nan|nan|nan|nan
922|nan|nan|nan|nan|nan|nan|nan|nan|nan|nan|nan|nan|nan|nan|nan|nan|nan|nan|nan
923|nan|nan|nan|nan|nan|nan|nan|nan|nan|nan|nan|nan|nan|nan|nan|nan|nan|nan|nan
924|nan|nan|nan|nan|nan|nan|nan|nan|nan|nan|nan|nan|nan|nan|nan|nan|nan|nan|nan
925|nan|nan|nan|nan|nan|nan|nan|nan|nan|nan|nan|nan|nan|39.757879|nan|26.212754|nan|nan|nan
926|nan|nan|nan|nan|nan|nan|nan|nan|nan|nan|nan|nan|nan|63.428030|nan|26.748673|nan|nan|nan
927|nan|nan|nan|nan|nan|nan|nan|nan|nan|nan|nan|nan|nan|76.604480|nan|27.155789|nan|nan|nan
928|nan|nan|nan|nan|nan|nan|nan|nan|nan|nan|nan|nan|nan|73.639919|nan|27.303637|nan|nan|nan
929|nan|nan|nan|nan|nan|nan|nan|nan|nan|nan|nan|nan|nan|71.075094|25.779305|27.401077|nan|nan|nan
930|nan|nan|nan|nan|nan|nan|nan|nan|nan|nan|nan|nan|nan|62.927530|25.779305|27.304144|nan|nan|nan
931|nan|nan|nan|nan|nan|nan|nan|nan|nan|nan|nan|nan|nan|63.689471|25.779305|27.364235|nan|nan|nan
932|nan|nan|nan|nan|nan|nan|nan|nan|nan|nan|nan|nan|nan|58.749160|25.779305|27.238567|nan|nan|nan
933|nan|nan|nan|nan|nan|nan|nan|nan|nan|nan|nan|nan|nan|58.227552|25.779305|27.123142|nan|nan|nan
934|nan|nan|nan|nan|56.270094|nan|nan|nan|nan|nan|nan|nan|nan|44.183265|25.779305|26.863239|nan|nan|nan
935|nan|nan|nan|nan|56.267734|nan|nan|nan|nan|nan|nan|nan|nan|39.591747|25.779305|26.647410|nan|nan|nan
936|nan|nan|nan|nan|57.106481|nan|nan|nan|nan|19.122790|nan|nan|nan|35.338846|25.779305|26.314713|nan|nan|nan
937|nan|nan|nan|nan|57.477749|nan|nan|nan|nan|21.064988|nan|nan|nan|30.897069|25.779305|26.048520|nan|nan|nan
938|nan|nan|nan|nan|57.473848|nan|nan|nan|nan|-8.703058|nan|nan|nan|26.099325|25.779305|25.837419|nan|nan|nan
939|nan|nan|nan|nan|57.486276|nan|nan|nan|nan|-2.796066|nan|nan|nan|25.534846|25.779305|25.671848|nan|nan|nan
940|nan|nan|nan|nan|57.136838|nan|nan|nan|nan|1.100267|nan|nan|nan|33.570617|25.779305|39.920711|nan|nan|nan
941|nan|nan|nan|nan|57.285734|nan|nan|nan|nan|17.863059|nan|nan|nan|40.496227|25.779305|51.393085|nan|nan|nan
942|nan|nan|nan|nan|57.133916|nan|nan|nan|nan|-7.313443|nan|nan|nan|34.748575|25.779305|51.410294|nan|nan|nan
943|nan|nan|nan|nan|57.586244|nan|nan|nan|nan|1.744882|nan|nan|nan|14.862477|25.779305|51.116556|nan|nan|nan
944|nan|-10.066495|nan|nan|57.487704|nan|nan|nan|nan|-4.629495|nan|nan|nan|17.694170|25.779305|51.044962|-0.006373|nan|nan
945|nan|-11.044519|nan|nan|57.182560|nan|nan|nan|nan|-8.957535|nan|nan|nan|11.814842|25.779305|50.345375|-0.007223|nan|nan
946|nan|-12.060115|nan|nan|57.367310|nan|nan|nan|nan|-22.457031|nan|nan|nan|6.238051|25.779305|50.157071|-0.008740|nan|nan
947|nan|-12.830093|nan|nan|57.544548|nan|nan|nan|nan|-21.777990|nan|nan|nan|5.072266|25.779305|50.017662|-0.008709|nan|nan
948|nan|-13.257980|nan|nan|57.270479|nan|nan|nan|nan|-18.531778|nan|nan|nan|8.199597|25.779305|50.071940|-0.007993|nan|nan
949|nan|-12.777236|nan|-7.120568|56.949991|nan|nan|nan|nan|-22.167704|nan|nan|nan|21.727925|25.779305|48.969690|-0.005719|nan|nan
950|nan|-11.540887|nan|6.397219|56.882949|nan|nan|nan|nan|0.634661|nan|nan|nan|34.276677|25.779305|49.289842|-0.003352|nan|nan
951|nan|-10.623161|nan|1.950743|57.315899|nan|nan|nan|nan|15.505703|nan|nan|nan|28.866619|25.779305|49.388518|-0.003944|nan|nan
952|nan|-9.973589|nan|nan|57.619453|nan|nan|nan|nan|31.363867|nan|nan|nan|24.205464|25.779305|49.466886|-0.004442|nan|nan
953|nan|-9.065570|nan|nan|58.101248|nan|nan|nan|nan|20.145491|nan|nan|nan|28.144814|25.779305|49.528464|-0.003445|nan|nan
954|nan|-8.032617|nan|11.250684|57.834807|nan|11.734029|nan|nan|16.733966|nan|nan|nan|32.420600|25.779305|49.730046|-0.002511|nan|nan
955|nan|-7.260258|nan|6.334891|58.117124|nan|32.713049|nan|nan|18.425411|nan|nan|nan|26.929181|40.002371|49.730901|-0.003165|nan|nan
956|nan|-6.717135|nan|nan|57.962598|nan|43.380349|nan|nan|8.677979|nan|nan|nan|22.165551|49.497960|49.728813|-0.003788|nan|nan
957|nan|-5.988854|nan|nan|57.971132|nan|55.469954|nan|nan|15.570274|nan|nan|nan|25.435759|49.497960|49.724450|-0.002916|nan|nan
958|nan|-5.162727|nan|13.732832|57.380080|nan|54.581012|nan|nan|10.764669|nan|nan|nan|29.377741|38.156335|38.530583|-0.002075|nan|nan
959|nan|-3.949060|nan|26.358662|57.032584|nan|61.870333|nan|nan|32.260445|nan|nan|nan|41.347327|38.156335|38.795408|0.000137|nan|nan
1000|nan|-2.729923|nan|nan|57.705447|5.964021|55.469953|1.382466|nan|18.270588|nan|nan|nan|44.207040|38.156335|38.994692|0.000729|nan|nan
1001|nan|-1.822656|nan|nan|57.830113|6.486404|49.247363|1.064731|nan|-5.848201|nan|nan|nan|37.977338|38.156335|39.140423|-0.000237|nan|nan
1002|nan|-1.033314|nan|nan|57.364838|6.936258|42.313618|0.945695|nan|-23.500596|nan|-94.011228|nan|36.442123|38.156335|39.242603|-0.000455|nan|nan
1003|nan|-0.479090|nan|16.091348|57.012232|7.154475|34.846509|0.804953|nan|-20.456946|nan|-94.701211|nan|30.275548|38.156335|39.155711|-0.001452|nan|nan
1004|nan|-0.021707|nan|16.092638|56.195933|7.383456|19.023349|0.728515|nan|-13.924084|nan|-95.239486|nan|29.344814|35.467583|36.541110|-0.001670|nan|nan
1005|nan|0.737940|nan|27.993278|55.000160|7.929231|25.779305|0.781182|nan|-13.237267|nan|-95.148243|nan|41.598862|27.379400|28.651985|0.000417|nan|nan
1006|nan|0.902382|nan|9.040864|55.445757|7.846868|3.200189|0.781182|nan|-0.230009|nan|-95.524581|nan|23.034253|27.379400|28.330864|-0.002760|nan|nan
1007|nan|0.965634|nan|5.053824|54.930509|7.723462|-6.044802|0.686310|nan|-17.879164|nan|-95.886766|nan|18.874884|27.379400|28.222633|-0.003600|nan|nan
1008|nan|0.957681|nan|4.053576|54.431189|7.582985|-11.556240|0.604222|nan|-3.910180|nan|-96.256407|nan|19.032215|27.379400|28.128119|-0.003787|nan|nan
1009|nan|0.919964|nan|nan|53.905377|7.430803|-12.089606|0.540724|nan|-10.008023|nan|-96.225437|nan|19.217114|27.379400|28.045437|-0.003943|nan|nan
1010|nan|0.752435|nan|nan|53.948100|7.118921|-8.533839|0.489641|nan|5.033748|nan|-96.202613|nan|14.686192|27.379400|27.819129|-0.004877|nan|nan
1011|nan|0.693422|nan|0.961395|53.217607|6.951884|2.666825|0.445392|nan|3.655180|nan|-95.959725|nan|19.089108|27.379400|27.791009|-0.004316|nan|nan
1012|nan|0.574383|nan|nan|52.573939|6.767607|-3.555767|0.407671|nan|4.857589|nan|-95.696999|nan|19.047315|27.379400|27.764175|-0.004534|nan|nan
1013|nan|0.437177|nan|nan|52.026413|6.570740|-22.401327|0.374469|nan|-5.117016|nan|-95.343064|nan|19.133312|27.379400|27.738663|-0.004721|nan|nan
1014|nan|0.095914|nan|nan|52.218137|6.150723|-27.201612|0.374469|nan|3.894772|nan|-95.241299|nan|10.568834|27.379400|27.560638|-0.006309|nan|nan
1030|nan|0.129208|nan|nan|52.231127|6.064645|-18.489984|0.374469|nan|22.501107|nan|-95.024768|nan|23.860288|27.379400|27.573290|-0.004005|nan|nan
1031|nan|0.425878|nan|15.236518|51.653724|6.271691|-10.311722|0.377197|nan|9.237956|nan|-94.712644|nan|36.653935|27.379400|27.734724|-0.001825|nan|nan
1032|nan|0.654425|nan|nan|51.187699|6.442844|-11.200664|0.377547|nan|6.258403|nan|-94.323849|nan|36.185670|27.379400|27.856609|-0.002012|nan|nan
1033|nan|0.756629|nan|nan|50.253875|6.506254|-12.267393|0.368731|nan|0.419209|nan|-93.587822|nan|31.378274|27.379400|27.946162|-0.002915|nan|nan
1034|12.247199|0.856587|nan|nan|50.315121|6.496373|0.177789|0.368731|nan|19.312392|nan|-92.970561|nan|30.751363|27.379400|27.855555|-0.003008|nan|nan
1035|7.439387|0.862008|nan|nan|49.646747|6.456797|8.711627|0.351245|nan|1.961280|nan|-92.365202|nan|25.929744|27.379400|28.398210|-0.003880|nan|nan
1036|-1.836630|0.655955|nan|-6.710350|49.864858|6.143923|-3.911343|0.351245|nan|4.152398|nan|-91.936273|nan|16.591206|27.379400|28.144453|-0.005499|nan|nan
1037|-10.623335|0.588733|nan|nan|49.834052|5.706724|-15.467584|0.351245|nan|2.426719|nan|-91.752977|nan|8.036031|27.379400|27.942704|-0.007025|nan|nan
1038|-5.974711|0.701196|nan|-9.897030|49.515326|5.427464|-5.155861|0.351245|nan|2.186058|nan|-91.560581|nan|12.965421|27.379400|27.937810|-0.006215|nan|nan
1039|-5.319463|0.792346|nan|-10.380909|49.983358|5.186762|0.888942|0.325574|nan|1.558821|nan|-91.644277|nan|12.728547|27.379400|27.779038|-0.006091|nan|nan
1040|8.273443|1.050830|nan|4.202972|49.231279|4.883966|10.845087|0.325574|nan|9.577030|nan|-91.726785|nan|26.085101|27.379400|27.963496|-0.003693|nan|nan
1041|51.074243|1.963680|nan|46.887391|48.574661|5.265323|50.136304|0.393816|nan|34.574012|nan|-90.517317|nan|70.207555|27.379400|28.721547|0.003811|nan|nan
1042|92.192158|3.724354|nan|87.952646|49.397570|6.322143|96.183478|0.493283|nan|70.643168|nan|-88.059120|nan|113.688397|27.379400|29.764795|0.011002|nan|nan
1043|127.222906|6.423407|nan|122.839442|50.966661|8.136679|135.830271|0.591899|nan|95.082269|nan|-84.802449|nan|152.353494|27.379400|31.018453|0.017101|nan|nan
1044|160.791430|9.672255|nan|156.167429|53.871805|10.652368|181.699656|0.707925|nan|107.544371|nan|-80.815551|nan|190.831146|27.379400|32.421621|0.022918|nan|-87.158522
1045|137.879964|12.427371|nan|132.449750|56.197956|12.653464|161.787365|0.763391|nan|96.584003|nan|-77.437161|nan|172.361399|27.379400|33.001881|0.018839|nan|-87.201177
1046|123.521593|15.009937|nan|nan|58.508231|14.342891|141.519498|0.808171|nan|76.009259|nan|-74.406768|nan|162.612992|27.379400|33.394070|0.016262|nan|-87.277260
1047|105.082364|17.177429|nan|98.479860|60.341464|15.692050|121.429418|0.843288|nan|48.194220|101.413668|-72.056286|nan|148.962954|27.379400|33.480875|0.013661|nan|-87.333007
1048|104.257703|19.296392|nan|98.334433|62.557233|17.059258|114.495673|0.891951|nan|50.937859|101.146124|-69.852740|nan|152.851458|27.379400|33.635820|0.014536|nan|-87.373039
1049|94.726362|20.926417|nan|nan|64.477525|18.400855|103.295010|0.927251|nan|33.947602|91.614264|-68.306562|nan|147.840835|27.379400|33.534461|0.012793|nan|-87.413070
1050|93.727784|22.305750|nan|85.851451|66.277174|19.775973|113.784520|0.928519|nan|37.888453|90.266049|-66.881088|nan|151.622666|27.844613|34.454687|0.012542|nan|-87.453102
1051|84.200655|23.496212|nan|nan|67.958823|21.036956|85.693967|0.933535|nan|41.498438|80.950124|-65.570959|nan|146.808159|27.844613|34.274657|0.010800|nan|-87.488458
1052|91.928746|24.898859|1104.486898|84.287805|69.703353|22.531312|88.183004|0.979053|62.374443|59.997017|88.951852|-63.944566|84.058296|159.239118|27.844613|34.224416|0.012073|nan|-87.525372
1053|120.499485|26.719355|1283.187802|111.962545|71.271583|24.762966|115.206827|1.045209|81.983595|89.463373|117.862631|-61.375883|111.668849|192.666162|27.844613|34.737683|0.016982|nan|-87.566072
1054|130.252427|28.533225|1435.881292|nan|73.862608|27.081202|123.562877|1.112197|90.988235|110.850031|127.937982|-58.554403|120.353841|206.127718|27.844613|35.069627|0.018595|nan|-87.646697
1055|114.226045|30.041889|1557.515782|103.952150|76.384787|28.869082|101.694915|1.168682|78.854624|80.910817|112.282863|-56.550829|103.819528|193.955448|27.844613|52.949155|0.015702|nan|-87.726460
1056|99.076101|31.345950|1673.809823|88.603057|77.418799|30.175951|89.249734|1.216587|65.929955|70.182360|97.461561|-54.457069|88.174157|182.514329|27.844613|102.907474|0.012966|nan|-87.781740
1057|75.734063|32.068023|1773.109517|nan|78.488545|31.154059|64.181581|1.252061|42.986321|56.443609|74.411649|-52.904888|64.350523|162.894948|27.844613|87.497917|0.008801|nan|-87.813359
1058|69.986006|32.616858|1867.635771|58.256177|79.582450|32.260466|56.892261|1.280980|35.324080|55.019898|68.908950|-51.483551|55.487932|160.876609|27.844613|86.430456|0.007713|nan|-87.844979
1059|68.495740|32.931153|1946.397719|57.482129|80.487769|33.322948|45.869385|1.252590|34.167707|47.100594|67.748148|-50.098338|53.532260|163.291856|27.844613|78.696883|0.007370|nan|-87.864416
1100|66.639273|33.107179|2032.849322|55.169236|80.902491|34.417605|56.714472|1.227419|32.416810|41.096488|66.210818|-48.623650|51.221012|165.184860|27.844613|76.151163|0.006965|nan|-87.902629
1101|55.703925|33.187120|2153.821402|42.611418|81.642548|35.338847|57.781202|1.225074|21.678005|40.007860|55.474623|-47.544340|39.202560|158.010660|27.844613|69.933253|0.004977|nan|-87.927707
1102|53.118814|33.274142|2283.933981|nan|82.172214|36.274284|53.692071|1.224165|17.295254|27.820893|53.071195|-46.518124|36.020159|159.414734|27.844613|61.147257|0.004449|nan|-87.969895
1103|50.519842|33.367668|2389.548730|nan|82.645484|37.094079|45.513808|1.229041|17.073204|34.013429|50.664615|-45.542416|32.997757|160.697891|27.844613|57.911470|0.003920|nan|-88.012082
1104|51.996074|33.574032|2473.073513|38.812923|82.254617|37.774342|46.047173|1.195896|19.019231|36.288493|52.462238|-44.291757|34.064487|165.363057|27.844613|54.015050|0.004106|nan|-88.088056
1105|40.829526|33.288104|2524.491907|nan|81.872951|38.031629|29.512860|1.204526|10.343695|21.454178|41.610087|-43.736644|22.508247|156.955908|28.911343|42.363375|0.002088|nan|-88.143335
1106|27.333187|33.005203|2566.445964|12.200193|81.703715|38.056657|6.400380|1.166453|-2.322038|10.085283|28.483782|-43.903669|8.640759|143.820908|28.911343|36.456279|-0.000332|nan|-88.152687
1107|20.214247|32.782152|2605.202683|4.713348|81.745770|37.960158|-9.778358|1.128519|-6.427748|14.848169|21.740968|-44.247575|1.173649|135.083507|28.911343|36.044456|-0.001635|nan|-88.136942
1108|-6.493193|32.068189|2639.740080|-22.014359|82.132986|37.230994|-32.179684|1.104852|-28.329825|2.112207|-4.673285|-45.178254|-25.850174|104.825242|28.911343|35.376717|-0.006850|nan|-88.082656
1109|-17.771670|31.221380|2658.997896|-33.985905|82.447861|36.208473|-43.024772|1.107374|-35.084672|8.795893|-15.634629|-46.372789|-37.406415|88.501143|28.911343|34.670838|-0.010954|nan|-87.987718
1110|-3.644511|30.792179|2674.119785|-18.702207|83.189805|35.638418|-15.467583|1.107374|-26.338926|31.430598|-1.238079|-47.014973|-23.538926|97.859920|32.800759|34.405061|-0.008534|nan|-87.909627
1111|-7.495365|30.206558|2685.278293|-24.125595|83.043114|35.028454|23.290269|1.064895|-27.467708|14.525006|-4.955433|-47.501114|-27.628057|89.426896|32.800759|34.024641|-0.009248|nan|-87.826855
1112|-11.720825|29.605992|2697.281344|-27.230224|83.007654|34.293648|59.914662|1.017814|-30.872765|20.311532|-9.203008|-47.858454|-30.152765|80.274353|32.800759|33.713024|-0.010023|nan|-87.748764
1113|1.459999|29.330982|2696.259866|nan|83.509689|33.778462|107.739718|0.960540|-17.014218|24.994427|3.800451|-47.990686|-15.254218|88.830779|32.800759|33.612681|-0.007758|nan|-87.683226
1114|-7.429390|29.005740|2679.475204|-24.678319|83.421105|32.861913|131.918929|0.876542|-20.961422|25.497875|-5.404338|-48.392910|-24.321422|74.450634|32.800759|33.370852|-0.009340|nan|-87.617687
1115|18.342190|29.020270|2655.310786|1.823352|83.866778|32.502909|134.230177|0.778087|-0.160952|38.504640|20.146061|-48.477668|1.280095|94.613082|32.800759|33.636759|-0.004873|nan|-87.576225
1116|42.866404|29.245815|2602.231750|26.612941|84.105009|32.683970|143.830746|0.736329|23.075698|50.714145|44.431396|-49.093801|25.637094|114.057265|32.800759|33.988403|-0.000623|nan|-87.555431
1117|45.523858|29.525520|2565.129093|29.123985|82.591917|32.959314|127.474221|0.711680|24.764734|34.998876|46.832093|-50.810219|28.126130|111.590189|32.800759|34.402851|-0.000189|nan|-87.529029
1118|40.892296|29.805591|2515.538685|22.816578|80.441933|33.163695|121.429418|0.574211|21.086194|18.952592|41.804234|-53.610839|23.325846|101.405222|32.800759|34.553756|-0.001026|nan|-85.669198
1119|41.412012|30.111818|2445.062039|nan|77.584722|33.377793|111.828849|0.445292|24.321770|18.381940|41.825734|-57.286085|23.681422|97.022012|32.800759|34.650877|-0.000964|nan|-84.066297
1120|28.762741|30.305298|2361.506913|10.560509|74.889979|33.110692|97.605784|0.377892|16.081013|4.783997|28.709529|-60.621926|10.960664|80.373288|32.800759|34.550994|-0.003197|nan|-82.772282
1121|37.630396|30.823633|2298.365277|20.599126|72.436149|33.343660|96.361266|0.400639|16.871942|12.014465|37.157554|-63.268846|19.672291|85.522664|32.800759|40.472335|-0.001678|nan|-81.554457
1122|32.626038|31.386723|2231.014131|14.436324|70.584131|33.504067|98.494726|0.370105|15.396430|6.791937|31.615852|-65.510856|15.156430|76.804551|32.800759|44.405036|-0.002577|nan|-80.535303
1123|23.528123|31.719189|2202.667475|nan|68.672623|33.528784|117.340287|0.319895|6.231089|6.059264|21.811318|-67.978358|5.911438|63.854451|32.800759|44.282009|-0.004189|nan|-79.554864
1124|32.030668|32.160416|2201.820573|14.481321|66.673696|33.763105|134.941329|0.299445|12.667139|-3.030338|29.611342|-69.922318|14.267488|68.791106|32.800759|44.028491|-0.002732|nan|-78.738524
1125|48.895557|32.706174|2209.998770|31.183331|64.762602|34.409679|135.119118|0.306475|25.458893|30.229591|45.858583|-71.358419|30.979590|82.026295|32.800759|44.194307|0.000183|nan|-77.845472
1126|30.730189|32.053071|2214.906947|11.929953|63.429846|34.569521|101.161551|0.281923|13.147045|24.285343|27.016508|-73.038393|12.667394|59.665758|32.800759|43.995353|-0.003010|nan|-76.593073
1127|21.981989|30.491117|2236.034012|4.077926|61.818845|34.607226|68.448501|0.259977|4.097978|16.096497|17.566139|-75.172105|3.777978|47.156572|32.800759|43.821538|-0.004560|nan|-76.035984
1128|22.295706|28.293925|2249.041038|nan|59.973071|34.670935|62.403698|0.243403|4.355766|13.758544|17.083187|-78.099522|3.955766|43.714590|32.800759|43.669415|-0.004529|nan|-75.988555
1129|18.696491|25.410103|2276.467789|nan|57.606251|34.828673|56.714472|0.217642|-1.297439|-5.092281|12.614117|-81.385949|0.062212|37.022639|32.800759|43.536035|-0.005180|nan|-75.923435
1330|40.696981|23.392187|2303.224787|nan|55.754897|35.190999|76.271186|0.199202|20.650174|12.590174|33.740546|-83.577765|21.930174|56.558018|32.800759|43.572719|-0.001367|nan|-75.875291
1331|23.042120|21.276481|2324.588969|3.249042|54.080201|34.988756|47.113903|0.191829|6.631343|7.619677|15.276570|-85.827307|4.151343|37.256693|32.800759|43.434107|-0.004467|nan|-75.838066
1332|5.906418|19.207625|2354.571409|-13.664638|53.413779|34.413465|26.846035|0.160643|-6.933775|-5.541816|-2.710515|-87.881952|-13.094124|18.737635|32.800759|43.006373|-0.007474|nan|-75.805254
1333|-41.478554|16.267406|2393.014985|-60.964816|51.724947|32.942316|-23.645846|0.038326|-46.722556|-41.445558|-51.033974|-91.100219|-60.563603|-29.953182|21.014579|20.625847|-0.021039|nan|-75.776839
1334|-61.612310|13.200457|2403.470662|nan|49.942631|31.153433|-43.024772|-0.142916|-67.088212|-54.205212|-72.502041|-94.861525|-81.009259|-51.267986|9.659832|8.375009|-0.028249|nan|-75.788976
1335|-80.356639|9.805080|2409.653217|-100.649914|47.956243|29.093759|-73.604362|-0.266058|-80.190167|-67.147897|-92.659248|-99.080620|-100.032609|-71.288195|-0.272609|-2.549825|-0.034985|nan|-75.775833
1336|-59.991890|7.116749|2435.447949|-79.914858|45.967055|27.772293|-67.381770|-0.375633|-70.261482|-58.124196|-73.587579|-102.397709|-81.142529|-51.771048|-5.182529|-7.746381|-0.031483|nan|-75.772121
1337|-49.053859|4.450378|2452.601697|nan|44.513496|26.816232|-64.181582|-0.468324|-59.674184|-45.803737|-63.880874|-105.329242|-70.635231|-41.598456|-5.182529|-7.939920|-0.029624|nan|-76.322099
1338|-33.684205|1.663893|2498.320119|-53.586695|43.321087|26.125527|-76.093398|-0.536491|-44.482177|-38.728224|-49.615031|-107.742300|-55.523224|-27.231155|-5.182529|-7.904609|-0.026989|nan|-76.976075
1339|-32.003392|-1.325352|2529.270436|-53.791642|42.517485|25.411431|-86.227332|-0.596829|-43.219870|-30.197584|-49.038598|-110.146258|-54.420917|-26.091303|-5.182529|-7.998661|-0.026742|nan|-77.681022
1340|-29.258247|-3.926886|2540.384467|-49.675358|41.867328|24.591273|-69.870807|-0.592141|-38.970138|-34.133547|-47.394464|-112.122025|-51.931881|-23.791178|-5.182529|-7.884949|-0.026310|nan|-78.265781
1341|-12.666830|-5.925704|2494.909407|-33.252705|41.586955|23.394430|-57.603413|-0.617558|-16.773613|-14.582976|-31.854513|-113.232160|-35.575356|-9.172968|-5.182529|-7.610305|-0.023459|nan|-78.600378
1342|-9.269993|-7.385520|2412.915084|nan|41.213598|21.562672|-58.847932|-0.596255|-7.653076|-11.592289|-29.427793|-114.047564|-32.375167|-8.431365|-5.182529|-7.367059|-0.022903|nan|-78.958780
1343|-14.644780|-8.878691|2295.928749|-37.296296|40.727482|18.998586|-51.380822|-0.583268|-5.164513|-21.053723|-35.663160|-114.280072|-37.886604|-16.484720|-5.182529|-7.305061|-0.023867|nan|-79.440670
1344|-11.203483|-10.193579|2204.833539|nan|39.706051|15.941407|-57.070048|-0.570265|4.053465|-19.269084|-32.955458|-114.116487|-34.508626|-15.398660|-5.182529|-7.231519|-0.023280|nan|-80.034006
1345|-4.079108|-11.316880|2128.910622|nan|39.321175|13.393690|-24.356999|-0.581705|4.924649|-17.413217|-26.573345|-114.176472|-27.397094|-10.463257|-5.182529|-7.149829|-0.022040|nan|-80.617160
1346|-1.086355|-12.192983|2062.996193|nan|38.735132|11.143394|3.022402|-0.614725|7.547399|-14.568025|-24.195643|-114.031626|-24.374692|-9.412755|-5.182529|-7.062742|-0.021515|nan|-81.074059
1347|5.963430|-12.833824|1993.125240|-14.978071|38.240276|9.379891|12.622970|-0.651036|10.418235|-5.609654|-17.600286|-113.582321|-17.263160|-4.155328|-5.182529|-6.818624|-0.020275|nan|-81.420608
1348|16.714556|-13.244685|1930.102821|-4.132139|37.858330|7.859863|18.667773|-0.565504|20.542973|0.505260|-7.092920|-113.209128|-6.418073|5.602791|-5.182529|-6.454744|-0.018383|nan|-81.612898
1349|27.439710|-13.451833|1888.934364|nan|37.636605|6.663229|29.868436|-0.480019|29.148408|3.708681|3.615761|-112.290588|8.187014|15.544713|-5.182529|-6.155474|-0.016491|nan|-81.680775
1350|29.963104|-13.366053|1845.648574|nan|38.008167|5.513016|19.734503|-0.453537|31.575581|17.392172|6.102446|-112.019730|18.693839|17.246375|-5.182529|-5.910211|-0.016027|nan|-81.823242
1351|27.483990|-13.101659|1791.154166|nan|38.046785|4.470137|26.134882|-0.519820|29.023637|12.609341|3.530415|-112.505258|22.382591|13.969963|-5.182529|4.957265|-0.016431|nan|-81.797778
1352|33.332469|-12.618718|1726.877874|nan|38.612418|3.388117|27.023824|-0.501478|36.988440|6.934589|9.244054|-112.895053|31.787394|19.532278|-5.182529|11.898534|-0.015376|nan|-81.755226
1353|26.148082|-11.807720|1666.246208|4.567136|38.954185|1.651172|10.845087|-0.511700|39.655044|-3.643793|1.972072|-113.315583|24.853649|11.699380|-5.182529|15.787347|-0.016588|nan|-81.712673
1354|27.626179|-10.741894|1614.894903|nan|39.337974|-0.214283|20.979021|-0.551005|40.712928|0.716428|3.348683|-113.690473|26.631533|12.744776|-5.182529|15.774334|-0.016278|nan|-81.695322
1355|29.961449|-9.882846|1572.227554|10.237865|39.502551|-1.708919|40.357947|-0.610052|38.339751|-2.205088|5.610150|-113.600687|29.298357|14.612445|-5.182529|23.945946|-0.015814|nan|-81.621532
1356|35.826920|-8.887724|1547.813256|15.106042|40.009102|-2.907904|28.268342|-0.625643|43.202343|15.740078|11.423339|-113.600874|35.520948|20.096334|-5.182529|27.111199|-0.014728|nan|-81.575377
1357|36.516573|-7.780258|1536.710132|18.028807|39.796886|-3.639434|20.445656|-0.610353|40.748027|8.061156|12.163823|-113.439991|36.587678|20.803144|-5.182529|30.063050|-0.014542|nan|-81.546077
1358|30.962405|-7.083453|1516.539034|10.520994|39.820918|-4.420294|15.467583|-0.592868|34.471118|7.602726|6.806323|-113.225488|31.431817|15.196092|-5.182529|33.390543|-0.015442|nan|-81.604011
1359|20.404605|-6.444130|1513.114882|1.236788|39.891054|-5.392175|1.600095|-0.594725|26.897184|-16.068608|-3.526371|-113.511540|21.297883|5.093110|-5.182529|40.311252|-0.017211|nan|-81.644996
1400|13.557237|-6.377965|1521.555364|-5.376064|39.720546|-6.421311|17.067678|-0.572206|19.376105|-32.166940|-10.212055|-114.458529|14.897504|-1.492169|-5.182529|37.691995|-0.018328|nan|-81.719891
1401|-18.029978|-7.492906|1523.407124|-35.915531|39.601976|-7.932956|-31.824108|-0.629578|-8.854752|-60.896073|-41.683494|-115.746547|-18.215451|-32.932881|-5.182529|37.124146|-0.023761|nan|-81.734758
1402|-35.250537|-8.907857|1528.170076|-53.023695|39.675469|-9.685456|-65.781676|-0.707012|-22.686504|-45.561207|-58.764188|-117.249269|-34.927552|-50.401310|-5.182529|36.539916|-0.026681|nan|-82.140189
1403|-51.260694|-10.580601|1541.040185|-68.099182|39.313981|-11.706119|-128.718739|-0.704110|-35.433040|-54.222831|-74.577242|-119.149806|-50.395136|-66.180779|-5.182529|29.646174|-0.029384|nan|-82.955264
1404|-66.593737|-12.538878|1556.837156|nan|38.351502|-13.925920|-163.920825|-0.692884|-49.229819|-60.570051|-89.610363|-121.332969|-65.151566|-81.166552|-5.182529|4.337524|-0.031964|nan|-83.879799
1405|-51.371640|-13.929212|1575.686052|-66.295933|37.332081|-15.578131|-167.121015|-0.682947|-36.526660|-49.527995|-73.973739|-123.715974|-49.328406|-64.617139|-5.182529|4.095446|-0.029202|nan|-84.628367
1406|-48.969249|-15.441788|1589.981069|nan|36.482828|-16.910493|-144.008534|-0.664976|-37.023910|-47.378370|-71.178979|-125.494863|-48.866005|-60.478666|5.484769|3.944627|-0.028676|nan|-85.225366
1407|-46.577649|-16.813546|1603.319915|nan|35.370575|-18.035471|-130.318834|-0.653920|-37.601508|-26.805415|-68.320386|-126.714044|-49.123603|-55.842385|7.328434|3.866873|-0.028150|nan|-85.691986
1408|-18.927652|-17.390785|1595.643874|-32.351053|35.207246|-18.048269|-86.938485|-0.643731|-20.774562|-16.920029|-40.013936|-125.804005|-25.975261|-25.965521|7.328434|4.308646|-0.023212|nan|-85.964001
1409|-22.195202|-18.267430|1541.197890|-35.748610|35.551948|-17.978033|-88.183003|-0.626475|-24.721038|-5.749454|-42.485676|-124.432313|-31.602086|-27.579839|7.328434|4.535590|-0.023679|nan|-86.273549
1410|-25.110280|-19.477965|1469.707741|-38.070993|36.387987|-18.232335|-88.005215|-0.638364|-22.071937|1.522777|-44.524819|-122.601008|-33.913334|-30.254213|7.328434|4.592054|-0.024084|nan|-86.720902
1411|-32.114124|-20.462941|1387.750587|-44.479785|37.496580|-18.570601|-78.049069|-0.665784|-29.191967|-7.424364|-50.788380|-121.582045|-40.313713|-37.138615|7.328434|4.514692|-0.025204|nan|-87.715491
1412|-34.317355|-21.247426|1290.292123|nan|38.275740|-18.843824|-76.448975|-0.690082|-31.671713|-32.676343|-52.349765|-120.909859|-42.793808|-39.407194|7.328434|4.487567|-0.025486|nan|-89.184181
1413|-44.527110|-22.237942|1215.067582|-55.682604|38.900985|-19.533477|-91.560981|-0.711588|-37.911585|-42.855167|-62.047070|-120.926244|-52.394377|-50.310051|7.328434|4.346154|-0.027167|nan|-91.082561
1414|-36.773021|-22.946736|1152.397757|-46.180430|39.203427|-19.855851|-79.826952|-0.725069|-34.755883|-42.641659|-53.825323|-120.688591|-46.038326|-43.490091|7.328434|4.424840|-0.025709|nan|-93.202074
1415|-33.476152|-24.055776|1102.538688|nan|39.794551|-20.532145|-68.804078|-0.737205|-26.204541|-28.277540|-50.038855|-120.418971|-42.126984|-41.221513|7.328434|4.520661|-0.025028|nan|-95.041348
1416|-34.644834|-24.825443|1078.085425|-43.965194|40.446012|-21.672465|-66.315040|-0.753431|-24.257556|-33.253477|-50.778615|-120.614556|-42.660348|-43.497641|7.328434|4.474886|-0.025125|nan|-96.741485
1417|-26.946134|-25.096682|1049.715952|nan|40.960954|-22.646221|-50.847458|-0.765577|-17.501855|-39.181181|-42.668974|-120.629552|-34.304298|-36.833697|7.328434|4.626748|-0.023666|nan|-98.130755
1418|-24.064478|-24.455635|1004.478927|nan|41.489995|-23.480293|-36.446604|-0.781275|-17.386436|-13.323222|-39.351640|-120.414335|-30.748531|-35.027367|7.328434|4.777335|-0.023047|nan|-99.466688
1419|-8.390880|-23.066608|906.450695|-14.534853|42.093591|-23.994208|-9.244993|-0.785889|-4.150261|-5.854018|-23.229258|-119.841788|-14.392007|-19.566019|7.328434|10.902150|-0.020188|nan|-100.543511
1420|-27.390802|-21.773896|762.789500|-33.983780|42.550711|-24.722072|-24.890364|-0.799473|-21.261411|-21.574203|-41.745570|-120.007555|-32.704203|-39.073391|7.328434|13.879092|-0.020585|nan|-101.833310
1421|-32.546628|-20.822476|571.498500|-38.423893|43.090632|-25.714510|-31.646320|-0.818350|-21.786118|-21.945102|-46.380372|-120.378315|-37.148911|-45.162617|7.328434|15.007641|-0.021366|nan|-102.988726
1422|-16.017569|-19.721154|353.726113|-20.346660|43.520359|-26.206383|-8.356050|-0.822629|-10.381001|-18.189379|-29.261742|-120.474372|-19.903444|-28.871005|7.328434|15.217728|-0.018351|-20581.951648|-104.069309
1423|-13.008384|-18.901181|165.185056|-17.442060|44.312973|-26.543093|-11.556241|-0.830189|-4.967446|-16.878992|-25.679972|-120.717787|-16.169890|-26.646860|7.328434|22.587739|-0.017700|-17836.525715|-105.361707
1424|-6.098232|-17.974253|-7.815454|-8.693390|44.692889|-26.833186|-2.133459|-0.834664|2.356754|-17.726402|-18.170153|-121.060904|-7.884992|-20.040580|7.328434|30.485265|-0.016363|-2743.933187|-106.697036
1425|-8.099585|-17.118552|-151.429506|-11.042776|45.241421|-27.485382|-0.711153|-0.837988|4.632586|-18.912587|-19.627151|-121.501174|-9.129510|-22.337605|7.328434|31.273178|-0.016583|-1829.207912|-107.842726
1426|-15.441872|-16.696096|-289.737229|-17.642787|46.030556|-27.993800|-1.066730|-0.854581|-4.586279|-25.630388|-26.427616|-122.072241|-15.707678|-30.493279|7.328434|31.168328|-0.017735|-1829.141099|-108.984491
1427|-14.609314|-16.296077|-399.610456|nan|46.114146|-28.260258|1.600095|-0.864353|-5.546883|-32.052366|-25.081372|-122.738920|-14.107583|-29.145691|7.328434|31.264817|-0.017455|-1829.091868|-109.843770
1428|-14.491002|-15.840459|-527.602001|nan|46.170445|-28.515297|-2.666825|-0.889994|-5.458642|-34.796759|-24.404340|-123.230605|-13.218642|-29.309257|7.328434|31.363576|-0.017300|-457.261538|-110.695907
1429|-19.359908|-15.555550|-649.858393|-19.242875|46.629493|-28.831906|-16.889890|-0.945854|-8.507423|-33.467410|-28.656799|-123.927898|-17.307773|-34.050895|7.328434|35.220434|-0.018016|-457.250110|-111.628466
1430|-23.529112|-15.481161|-761.169363|nan|46.682510|-29.560037|-26.668247|-0.981765|-10.765051|-43.181259|-32.173387|-124.757183|-20.685751|-38.448047|7.328434|43.023436|-0.018607|-457.236923|-112.505674
1431|-31.791456|-15.635762|-898.553139|-30.062091|46.821109|-30.163182|-65.248311|-0.940903|-18.631810|-49.977715|-39.738383|-125.987928|-28.392860|-47.300995|7.328434|42.877319|-0.019915|21489.350329|-113.367607
1432|-26.885221|-15.757274|-1037.759886|nan|47.090095|-30.312514|-76.271186|-0.882627|-19.262934|-36.133890|-34.098015|-127.101309|-26.623634|-42.291375|7.328434|46.497638|-0.018920|43891.284396|-114.132746
1433|-29.590582|-16.146139|-1159.710186|-26.331623|47.805001|-29.754218|-93.694441|-0.824504|-27.777208|-41.815202|-36.018352|-128.047414|-36.499305|-44.854628|7.328434|52.774805|-0.019263|43889.174508|-114.711712
1434|-49.336668|-17.148507|-1270.800958|-45.076228|48.116545|-29.267778|-127.474221|-0.749343|-45.520207|-30.454578|-54.990760|-129.169876|-57.602655|-64.755515|13.151594|52.739489|-0.022595|43886.895821|-115.439220
1435|-42.726647|-17.996445|-1354.851552|-36.969612|48.404261|-28.255106|-104.361740|-0.709117|-44.791585|-31.131923|-47.612115|-129.928050|-54.313334|-56.462216|16.173995|45.656821|-0.021321|43884.701537|-115.975804
1436|-36.636090|-18.686752|-1431.046797|nan|48.524942|-27.446843|-94.583383|-0.683607|-32.675978|-30.294174|-40.689035|-129.610574|-47.557378|-48.964185|17.464739|45.619543|-0.020139|43882.422858|-116.333278
1437|-22.348344|-19.203689|-1510.186078|-15.556124|48.090505|-26.443665|-76.626763|-0.644063|-22.222460|-15.481494|-25.519649|-128.466210|-32.623160|-32.811702|17.464739|31.904556|-0.017524|43880.144179|-116.529970
1438|-17.647216|-19.564258|-1590.740943|nan|48.226509|-25.613338|-43.024771|-0.637118|-15.529160|-6.947843|-20.060007|-126.778926|-27.289510|-26.596222|24.797914|32.172894|-0.016591|43877.781097|-116.560607
1439|-21.467307|-20.020742|-1668.300683|-14.226965|49.456667|-24.924469|-48.891786|-0.621134|-19.128650|-6.412527|-23.220111|-124.852102|-30.489700|-28.914582|32.486666|32.252352|-0.017151|43875.418022|-116.636754
1440|-16.561176|-20.342123|-1736.639674|-7.634741|50.210235|-24.129554|-45.691596|-0.597411|-13.777562|-1.576088|-17.740602|-123.234065|-24.978262|-22.428864|33.241674|32.491035|-0.016187|43873.054948|-116.712901
1441|-16.257989|-20.852574|-1804.373907|nan|50.914073|-23.603133|-51.203034|-0.573201|-10.888971|-10.291133|-16.805884|-121.713678|-24.089321|-20.530085|33.241674|32.697413|-0.016031|43870.691866|-116.770150
1442|-7.212785|-21.127728|-1894.477578|2.845483|51.334852|-22.925845|-43.202560|-0.542957|-3.288402|-5.005419|-7.094177|-120.062983|-14.488752|-9.368990|33.241674|33.029961|-0.014350|43868.497582|-116.866036
1443|-7.016804|-21.337203|-1963.999492|2.496993|52.336576|-22.220073|-52.091976|-0.508984|-2.736899|-0.069266|-6.296867|-119.164516|-13.777599|-7.444866|33.241674|33.149430|-0.014226|43866.387694|-116.961921
1444|-1.971473|-21.212524|-2011.092354|9.065262|52.816787|-21.432226|-38.224487|-0.485178|0.534539|-21.491161|-0.713214|-118.003979|-8.266161|-0.854261|34.176840|33.408747|-0.013261|39752.307696|-116.977270
1445|-6.495019|-21.058519|-2035.066125|3.896237|53.156333|-20.903877|-38.402276|-0.459011|-1.634942|-9.905292|-4.709897|-116.927953|-6.755292|-4.197558|34.176840|33.466535|-0.013977|39750.930987|-117.059506
1446|5.903173|-20.045233|-2023.483821|16.692805|53.178333|-20.163618|-26.134882|-0.438672|8.925116|-6.860331|8.309243|-115.257119|6.045466|10.297499|34.176840|33.673923|-0.011736|39749.936702|-117.213308
1447|-11.550953|-19.111714|-2000.924779|-0.376925|53.334465|-19.896781|-34.846510|-0.423649|-4.461512|-9.922212|-8.532144|-113.932036|-11.022212|-5.475880|34.176840|33.688012|-0.014724|39749.324834|-117.243946
1448|-32.555787|-18.324288|-1987.218425|-20.983492|54.043750|-20.266570|-51.914187|-0.426968|-18.924606|-12.937322|-28.981295|-112.915621|-31.645656|-25.605025|34.176840|33.397109|-0.018336|39748.942417|-117.249035
1449|-26.887797|-17.019280|-1968.599424|-13.852840|54.407656|-20.642580|-29.512860|-0.430013|-14.959803|-14.759186|-22.817789|-111.978847|-23.600853|-18.100604|34.176840|33.332968|-0.014570|39748.942417|-117.238836
1450|-25.838163|-16.023088|-1935.975113|nan|54.703868|-21.032972|-46.402750|-0.426632|-13.457847|-8.043402|-21.248556|-111.153365|-22.098547|-15.818680|34.176840|33.292857|-0.013848|39749.095384|-117.250367
1451|-33.677372|-15.245240|-1916.630987|-21.005692|55.089236|-21.558150|-58.314567|-0.432785|-18.764956|-15.110511|-28.526908|-110.533762|-29.565656|-22.226170|34.176840|33.118143|-0.014675|39749.248351|-117.642362
1452|-32.623474|-14.464400|-1882.248558|-18.468861|55.569189|-22.144461|-39.646794|-0.443273|-17.342300|-8.157441|-26.954049|-110.129206|-28.143350|-19.744246|34.176840|34.461950|-0.013494|39749.401318|-117.961267
1453|-31.547187|-14.145000|-1879.113189|nan|55.990431|-22.577458|-34.490933|-0.451666|-17.679993|-9.415329|-25.344722|-109.763377|-26.721043|-17.262321|34.176840|34.379145|-0.013246|39749.477801|-118.130523
1454|-34.895352|-13.876114|-1887.918145|nan|56.149844|-23.078205|-29.868436|-0.475092|-20.382744|-7.737730|-28.219630|-109.925944|-29.663444|-19.225103|34.176840|34.329444|-0.013775|39749.477801|-118.410553
1455|-33.967795|-13.570905|-1918.528163|nan|56.284083|-23.592091|-29.868436|-0.495665|-16.738226|-18.678926|-26.763791|-109.579082|-28.178926|-16.720967|34.176840|34.306188|-0.013558|39749.324834|-118.927012
1456|-41.921690|-13.333736|-1965.716346|nan|56.129012|-24.382572|-44.091502|-0.529378|-24.063123|-9.071443|-34.137636|-109.311374|-33.583824|-24.088954|34.176840|34.150017|-0.014897|39748.865934|-119.299397
1457|-40.807522|-12.997992|-2006.026737|nan|56.165746|-25.148545|-41.069100|-0.542247|-20.320467|-11.593183|-32.500763|-109.450273|-30.241517|-22.815989|34.176840|35.646609|-0.014649|39748.101099|-119.557208
1458|-18.529422|-12.011643|-2033.898298|nan|55.936949|-25.381706|-17.601043|-0.530419|-1.422051|-6.164068|-9.710619|-109.175425|-7.662401|0.178698|34.176840|35.737917|-0.009236|39747.030331|-119.752855
1459|-15.077739|-11.126184|-2080.980605|1.287296|55.431965|-25.326539|-17.956620|-0.475214|-1.129548|-4.955513|-5.742663|-109.101657|-3.928847|4.693611|34.176840|35.980922|-0.008128|39745.806596|-119.981339
