859|nan|nan|nan|nan|nan|nan|nan|nan|nan|nan|nan|nan|nan|nan|nan|nan|nan|nan|nan
900|nan|nan|nan|nan|nan|nan|nan|nan|nan|nan|nan|nan|nan|nan|nan|nan|nan|nan|nan
901|nan|nan|nan|nan|nan|nan|nan|nan|nan|nan|nan|nan|nan|nan|nan|nan|nan|nan|nan
902|nan|nan|nan|nan|nan|nan|nan|nan|nan|nan|nan|nan|nan|nan|nan|nan|nan|nan|nan
903|nan|nan|nan|nan|nan|nan|nan|nan|nan|nan|nan|nan|nan|nan|nan|nan|nan|nan|nan
904|nan|nan|nan|nan|nan|nan|nan|nan|nan|nan|nan|nan|nan|nan|nan|nan|nan|nan|nan
905|nan|nan|nan|nan|nan|nan|nan|nan|nan|nan|nan|nan|nan|nan|nan|nan|nan|nan|nan
906|nan|nan|nan|nan|nan|nan|nan|nan|nan|nan|nan|nan|nan|nan|nan|nan|nan|nan|nan
907|nan|nan|nan|nan|nan|nan|nan|nan|nan|nan|nan|nan|nan|nan|nan|nan|nan|nan|nan
908|nan|nan|nan|nan|nan|nan|nan|nan|nan|nan|nan|nan|nan|nan|nan|nan|nan|nan|nan
909|nan|nan|nan|nan|nan|nan|nan|nan|nan|nan|nan|nan|nan|nan|nan|nan|nan|nan|nan
910|nan|nan|nan|nan|nan|nan|nan|nan|nan|nan|nan|nan|nan|nan|nan|nan|nan|nan|nan
911|nan|nan|nan|nan|nan|nan|nan|nan|nan|nan|nan|nan|nan|nan|nan|nan|nan|nan|nan
912|nan|nan|nan|nan|nan|nan|nan|nan|nan|nan|nan|nan|nan|nan|nan|nan|nan|nan|nan
913|nan|nan|nan|nan|nan|nan|nan|nan|nan|nan|nan|nan|nan|nan|nan|nan|nan|nan|nan
914|nan|nan|nan|nan|nan|nan|nan|nan|nan|nan|nan|nan|nan|nan|nan|nan|nan|nan|nan
915|nan|nan|nan|nan|nan|nan|nan|nan|nan|nan|nan|nan|nan|nan|nan|nan|nan|nan|nan
916|nan|nan|nan|nan|nan|nan|nan|nan|nan|nan|nan|nan|nan|nan|nan|nan|nan|nan|nan
917|nan|nan|nan|nan|nan|nan|nan|nan|nan|nan|nan|nan|nan|nan|nan|nan|nan|nan|nan
918|nan|nan|nan|nan|nan|nan|nan|nan|nan|nan|nan|nan|nan|nan|nan|nan|nan|nan|nan
919|nan|nan|nan|nan|nan|nan|nan|nan|nan|nan|nan|nan|nan|nan|nan|nan|nan|nan|nan
920|nan|nan|nan|nan|nan|nan|nan|nan|nan|nan|nan|nan|nan|nan|nan|nan|nan|nan|nan
921|nan|nan|nan|nan|nan|nan|nan|nan|nan|nan|nan|nan|nan|nan|nan|nan|nan|nan|nan
922|nan|nan|nan|nan|nan|nan|nan|nan|nan|nan|nan|nan|nan|nan|nan|nan|nan|nan|nan
923|nan|nan|nan|nan|nan|nan|nan|nan|nan|nan|nan|nan|nan|nan|nan|nan|nan|nan|nan
924|nan|nan|nan|nan|nan|nan|nan|nan|nan|nan|nan|nan|nan|-100.069327|nan|30.004865|nan|nan|nan
925|nan|nan|nan|nan|nan|nan|nan|nan|nan|nan|nan|nan|nan|-109.003630|nan|29.986398|nan|nan|nan
926|nan|nan|nan|nan|nan|nan|nan|nan|nan|nan|nan|nan|nan|-152.354353|nan|-14.036557|nan|nan|nan
927|nan|nan|nan|nan|nan|nan|nan|nan|nan|nan|nan|nan|nan|-159.977496|nan|-28.739382|nan|nan|nan
928|nan|nan|nan|nan|nan|nan|nan|nan|nan|nan|nan|nan|nan|-137.835288|-19.087685|-28.873709|nan|nan|nan
929|nan|nan|nan|nan|nan|nan|nan|nan|nan|nan|nan|nan|nan|-148.946233|-19.087685|-29.478201|nan|nan|nan
930|nan|nan|nan|nan|nan|nan|nan|nan|nan|nan|nan|nan|nan|-154.242492|-19.087685|-29.673538|nan|nan|nan
931|nan|nan|nan|nan|nan|nan|nan|nan|nan|nan|nan|nan|nan|-163.142917|-19.087685|-30.162371|nan|nan|nan
932|nan|nan|nan|nan|nan|nan|nan|nan|nan|nan|nan|nan|nan|-180.716220|-39.547673|-51.180800|nan|nan|nan
933|nan|nan|nan|nan|-3.220526|nan|nan|nan|nan|nan|nan|nan|nan|-155.482573|-39.547673|-51.017770|nan|nan|nan
934|nan|nan|nan|nan|-5.743200|nan|nan|nan|nan|nan|nan|nan|nan|-183.131333|-39.547673|-51.831616|nan|nan|nan
935|nan|nan|nan|nan|-8.224931|nan|nan|nan|nan|-116.577163|nan|nan|nan|-186.667442|-39.547673|-52.168064|nan|nan|nan
936|nan|nan|nan|nan|-9.967607|nan|nan|nan|nan|-101.369721|nan|nan|nan|-165.407041|-39.547673|-51.666113|nan|nan|nan
937|nan|nan|nan|nan|-9.438481|nan|nan|nan|nan|-68.880912|nan|nan|nan|-137.798750|-39.547673|-51.130643|nan|nan|nan
938|nan|nan|nan|nan|-9.158140|nan|nan|nan|nan|-87.029406|nan|nan|nan|-152.983100|-39.547673|-51.036869|nan|nan|nan
939|nan|nan|nan|nan|-8.693245|nan|nan|nan|nan|-84.301208|nan|nan|nan|-146.347675|-39.547673|-50.673812|nan|nan|nan
940|nan|nan|nan|nan|-7.566027|nan|nan|nan|nan|-57.575439|nan|nan|nan|-120.959325|-39.547673|-49.797032|nan|nan|nan
941|nan|nan|nan|nan|-5.872241|nan|nan|nan|nan|-50.573406|nan|nan|nan|-107.392018|-39.547673|-48.990915|nan|nan|nan
942|nan|nan|nan|nan|-4.050005|nan|nan|nan|nan|-40.693887|nan|nan|nan|-95.042331|-39.547673|-48.095685|nan|nan|nan
943|nan|-34.242363|nan|nan|-2.326205|nan|nan|nan|nan|-38.101132|nan|nan|nan|-92.378497|-39.547673|-47.449139|-0.029493|nan|nan
944|nan|-31.848467|nan|nan|-0.750577|nan|nan|nan|nan|-54.507234|nan|nan|nan|-96.063762|-39.547673|-47.004482|-0.030251|nan|nan
945|nan|-29.288486|nan|nan|0.764183|nan|nan|nan|nan|-47.831609|nan|nan|nan|-83.673830|-39.547673|-46.261237|-0.028445|nan|nan
946|nan|-26.202199|nan|nan|2.843268|nan|nan|nan|nan|-32.274200|nan|nan|nan|-71.016681|-39.547673|-45.755110|-0.026621|nan|nan
947|nan|-23.566832|nan|nan|4.851830|nan|nan|nan|nan|-22.022586|nan|nan|nan|-67.407382|-39.547673|-43.232325|-0.026260|nan|nan
948|nan|-21.652519|nan|-19.641269|6.749183|nan|nan|nan|nan|-31.613176|nan|nan|nan|-69.525100|-39.547673|-42.952111|-0.026875|nan|nan
949|nan|-19.071899|nan|-1.201522|8.818925|nan|nan|nan|nan|-17.018939|nan|nan|nan|-50.054066|-39.547673|-42.360957|-0.024009|nan|nan
950|nan|-16.609167|nan|2.280195|11.017051|nan|nan|nan|nan|-3.068409|nan|nan|nan|-43.793791|-39.547673|-35.927152|-0.023299|nan|nan
951|nan|-14.871445|nan|-4.600038|12.895073|nan|nan|nan|nan|-10.701026|nan|nan|nan|-48.622900|-39.547673|-9.207369|-0.024399|nan|nan
952|nan|-12.681827|nan|13.275671|14.079861|nan|nan|nan|nan|-12.885774|nan|nan|nan|-28.669767|-39.547673|-8.550326|-0.021651|nan|nan
953|nan|-10.550933|nan|nan|15.584622|nan|-38.118928|nan|nan|2.203919|nan|nan|nan|-21.467879|-39.547673|-4.275610|-0.020878|nan|nan
954|nan|-8.971156|nan|nan|16.831786|nan|-35.004636|nan|nan|-1.523554|nan|nan|nan|-24.042217|-39.547673|9.257225|-0.021713|nan|nan
955|nan|-7.561722|nan|nan|17.537980|nan|-44.472083|nan|nan|-4.596675|nan|nan|nan|-20.544701|-39.547673|22.522802|-0.021611|nan|nan
956|nan|-6.400978|nan|9.618840|18.204759|nan|-91.560170|nan|nan|-6.388935|nan|nan|nan|-21.156732|-39.547673|28.900979|-0.022098|nan|nan
957|nan|-5.535382|nan|5.714609|18.496555|nan|-103.643621|nan|nan|-24.066943|nan|nan|nan|-21.962987|-39.547673|26.222722|-0.022728|nan|nan
958|nan|-5.122389|nan|-3.230614|18.843184|nan|-90.563597|nan|nan|-35.725206|nan|nan|nan|-28.432236|-39.547673|26.192241|-0.024193|nan|nan
959|nan|-4.482768|nan|6.028196|18.546115|-49.989041|-93.428745|-0.082281|nan|-17.285685|nan|nan|nan|-17.556127|-39.547673|25.353907|-0.022888|nan|nan
1000|nan|-4.273593|nan|nan|17.994287|-48.603815|-107.131628|-0.019329|nan|-48.892788|nan|nan|nan|-20.387432|-39.547673|17.780391|-0.024147|nan|nan
1001|nan|-4.114302|nan|-3.944444|18.937261|-47.380429|-116.972789|-0.019329|nan|-40.082452|nan|-133.245121|nan|-17.018089|-39.547673|17.768203|-0.024288|nan|nan
1002|nan|-4.262481|nan|-12.866476|20.708023|-46.501614|-143.755696|-0.508617|nan|-11.929320|nan|-130.796082|nan|-22.765071|-37.493667|17.629538|-0.025753|nan|nan
1003|nan|-4.593409|nan|-19.258174|22.189601|-45.874090|-125.194518|0.254326|nan|-17.934558|nan|-129.205255|nan|-25.842858|-37.493667|17.393726|-0.026809|nan|nan
1004|nan|-5.605733|nan|-43.030347|23.187648|-46.003068|-176.019755|-0.296150|nan|-42.023092|nan|-128.000848|nan|-45.952679|-37.493667|16.777135|-0.030757|nan|nan
1005|nan|-7.039827|nan|-62.625028|24.532451|-46.650262|-196.075793|-0.503459|nan|-40.753365|nan|-127.137242|nan|-62.886096|-31.425347|16.024273|-0.033934|nan|nan
1006|nan|-8.442370|nan|nan|25.769387|-47.293713|-175.646041|-0.663508|nan|-33.265111|nan|-126.043080|nan|-64.258820|-4.890461|15.481578|-0.034486|nan|nan
1007|nan|-9.755044|nan|nan|27.394927|-47.859491|-146.247129|-0.760807|nan|-24.772129|nan|-124.383864|nan|-62.394416|-4.890461|13.062738|-0.034469|nan|nan
1008|nan|-10.202332|nan|-35.330237|28.544801|-47.488492|-129.679098|-0.775305|nan|-6.522441|nan|-122.650679|nan|-30.498231|-1.018404|10.132074|-0.029565|nan|nan
1009|nan|-10.639589|nan|-34.226794|30.375067|-47.205586|-120.087080|-0.784389|nan|-7.077860|nan|-120.142299|nan|-27.563323|12.161381|10.173546|-0.029301|nan|nan
1010|nan|-10.873927|nan|-28.322600|32.222078|-46.760992|-89.940739|-0.759689|nan|13.483136|nan|-117.522791|nan|-21.600207|14.497077|10.410950|-0.028509|nan|nan
1011|nan|-10.910276|nan|-21.738306|34.155601|-46.165746|-69.012700|-0.733556|nan|22.834293|nan|-115.335064|nan|-13.580025|14.497077|10.644735|-0.027208|nan|nan
1012|nan|-10.824858|nan|-15.746417|35.162034|-45.443553|-53.067527|-0.703518|nan|2.255218|nan|-113.893091|nan|-8.932385|14.497077|11.026772|-0.026455|nan|nan
1013|nan|-10.735988|nan|nan|36.271757|-44.734192|-50.576094|-0.683693|nan|-1.221124|nan|-112.127456|nan|-7.727906|14.497077|11.366237|-0.026273|nan|nan
1014|nan|-10.875928|nan|-26.006181|37.473781|-44.367113|-65.524693|-0.666268|nan|-9.638240|nan|-110.772249|nan|-18.703787|14.497077|11.360740|-0.027966|nan|nan
1030|nan|-11.175278|nan|-35.844678|38.297120|-44.243794|-64.278976|-0.665834|nan|-19.564540|nan|-110.318268|nan|-29.522446|14.497077|11.239717|-0.029578|nan|nan
1031|nan|-11.061811|nan|-18.080963|38.526989|-43.625764|-35.876638|-0.648807|nan|-33.281266|nan|-109.760069|nan|-12.725722|14.497077|11.645277|-0.026769|nan|nan
1032|nan|-10.534006|nan|5.200156|38.756308|-42.511953|-10.464019|-0.611280|nan|-22.826796|nan|-108.807404|nan|10.287387|14.497077|12.303487|-0.022982|nan|nan
1033|-46.770835|-10.128800|nan|nan|39.132641|-41.549204|-15.696029|-0.577377|nan|2.571768|nan|-107.853187|nan|8.082323|14.497077|12.689705|-0.023228|nan|nan
1034|-44.346534|-9.692414|nan|nan|39.389761|-40.615477|3.238863|-0.546194|nan|-2.497230|nan|-106.693895|nan|8.939376|14.497077|13.012756|-0.023005|nan|nan
1035|-42.052647|-9.260754|nan|nan|39.638556|-39.708420|8.969159|-0.517344|nan|5.781392|nan|-105.769242|nan|9.846257|14.497077|13.282646|-0.018933|nan|nan
1036|-55.191123|-7.793416|nan|-7.822585|39.842291|-39.244562|-11.460592|-0.499038|nan|-7.405130|nan|-105.592664|nan|-4.592760|14.497077|13.046281|-0.018612|nan|nan
1037|-52.919923|-6.837888|nan|-5.516766|39.505243|-38.645993|7.100585|-0.480373|nan|-8.073915|nan|-105.421626|nan|-3.130344|14.497077|13.186526|-0.018328|nan|nan
1038|-42.055102|-5.537161|nan|5.161204|39.162072|-37.569352|22.173756|-0.457789|nan|-0.893558|nan|-104.880243|nan|6.927515|14.497077|28.276481|-0.015328|nan|nan
1039|-28.161378|-4.101763|nan|18.146439|38.428600|-36.317048|30.395485|-0.446908|nan|-1.535965|nan|-104.457455|nan|20.534392|14.497077|28.814218|-0.008979|nan|nan
1040|-17.924660|-2.907861|nan|nan|37.747264|-34.775222|40.610361|-0.440709|nan|-2.160361|nan|-103.915108|nan|30.415074|14.497077|31.619901|-0.006863|nan|nan
1041|-22.848574|-2.078483|nan|20.970630|37.092490|-32.682688|31.890345|-0.417083|nan|9.699489|nan|-103.358906|nan|24.973441|14.497077|31.799479|-0.007800|nan|nan
1042|-30.837839|-1.583919|nan|12.128373|36.951212|-30.674177|19.184036|-0.389311|nan|11.870761|nan|-103.513128|nan|16.517517|14.497077|31.784576|-0.009247|nan|nan
1043|-26.743574|-1.035253|nan|nan|36.568826|-28.984611|13.453739|-0.389311|nan|-0.666332|nan|-103.671547|nan|20.424426|14.497077|31.771792|-0.008717|nan|-130.185433
1044|-38.700832|-0.665355|nan|2.829740|36.551663|-27.441304|8.595444|-0.393936|nan|-6.539498|nan|-104.062078|nan|8.061592|14.497077|31.453122|-0.010815|nan|-130.292131
1045|-39.073044|-0.400310|nan|nan|36.637993|-25.745558|-0.373715|-0.396255|nan|-19.434234|nan|-104.522843|nan|7.903512|14.497077|31.360846|-0.011018|nan|-130.490264
1046|-45.658598|-0.592930|nan|-6.103003|36.799462|-24.072696|-8.720016|-0.378735|nan|-38.422551|-13.941265|-105.139410|nan|1.371316|14.497077|35.446396|-0.012240|nan|-130.751480
1047|-55.084157|-0.997036|nan|nan|36.992863|-22.257871|-28.028624|-0.316323|nan|-38.498020|-23.557008|-105.939680|nan|-8.011164|14.497077|33.463295|-0.013930|nan|-131.023905
1048|-51.084086|-1.255999|nan|nan|37.559358|-20.792600|-31.392058|-0.430865|nan|-31.657971|-19.617828|-106.304377|nan|-4.014905|14.497077|33.341382|-0.013421|nan|-131.136550
1049|-74.102118|-2.286144|nan|-36.925630|38.051084|-19.430740|-79.476719|-0.417709|nan|-21.090735|-42.236451|-107.532828|nan|-27.516759|14.497077|32.794539|-0.017332|nan|-131.212319
1050|-54.120767|-2.947531|nan|-17.355952|38.436728|-17.531569|-79.850434|-0.377627|nan|-20.620713|-21.595313|-107.997102|nan|-6.960722|14.497077|31.101344|-0.014215|nan|-131.308558
1051|-64.597436|-3.771515|-3323.998031|-29.108930|39.066810|-16.373474|-94.549890|-0.351953|-62.659644|-20.700402|-31.888768|-108.752804|-70.260625|-17.665632|14.497077|30.695277|-0.016069|nan|-131.364567
1052|-77.506766|-4.990098|-3269.474955|nan|38.932143|-15.946533|-108.128201|-0.333574|-72.681873|-30.512822|-44.840379|-109.613861|-83.963508|-30.031623|14.497077|30.244859|-0.018311|nan|-131.403203
1053|-71.885934|-6.190843|-3218.821861|nan|38.702958|-15.168431|-73.248136|-0.331090|-72.063578|-18.157334|-39.932759|-110.162684|-81.505213|-24.521790|29.308136|29.918977|-0.017518|nan|-131.432215
1054|-69.917174|-7.220183|-3181.022923|nan|38.927939|-14.462102|-70.382987|-0.347415|-66.898514|-19.630334|-38.603944|-110.023531|-80.259496|-22.583454|29.308136|29.694222|-0.017315|nan|-131.500533
1055|-77.494330|-8.401563|-3159.684253|-45.021977|39.668241|-14.388170|-73.746423|-0.384846|-62.959917|-15.036377|-46.847837|-109.608232|-88.481226|-30.502448|31.687966|29.243421|-0.018660|nan|-131.598424
1056|-75.165052|-9.455472|-3133.769079|-42.296868|40.283729|-14.394499|-64.029834|-0.398151|-61.295261|-15.783895|-45.146764|-109.026310|-86.737223|-28.381077|31.687966|29.082938|-0.018376|nan|-131.650977
1057|-54.069508|-9.999856|-3142.043742|-22.051834|41.164449|-14.104085|-38.866358|-0.394820|-41.060938|7.921186|-24.670578|-107.918755|-66.182899|-8.620246|31.687966|29.304956|-0.015015|nan|-131.714774
1058|-39.842652|-10.148710|-3126.450326|-8.344800|42.022353|-13.492372|-24.042330|-0.382115|-31.679035|20.340737|-11.098698|-107.330224|-52.480016|4.630414|31.687966|29.823105|-0.012774|nan|-131.778572
1059|-38.083474|-10.432772|-3127.021510|nan|42.389546|-12.800780|-33.136062|-0.369182|-30.833319|-6.130214|-9.807520|-106.788810|-51.234300|5.382826|31.687966|30.258729|-0.012571|nan|-131.832769
1100|-48.322370|-10.726340|-3145.459745|-18.575098|43.092071|-12.598852|-53.690385|-0.353530|-31.785827|5.373192|-20.429066|-106.692226|-61.947462|-6.055287|31.687966|30.317046|-0.014325|nan|-131.879178
1101|-37.773005|-10.758745|-3155.353277|-7.709053|43.336255|-12.301410|-26.409192|-0.352684|-26.497158|-5.058305|-10.375452|-106.474360|-51.857158|3.673703|32.435396|30.695357|-0.012674|nan|-131.960355
1102|-48.559736|-10.892912|-3162.630109|-19.567115|44.175122|-12.409890|-14.450312|-0.363639|-30.026972|-19.218550|-21.909338|-106.670502|-63.068607|-8.080878|32.435396|30.549896|-0.014509|nan|-132.024153
1103|-46.533974|-10.787185|-3179.738861|-16.916358|44.776126|-12.358800|-14.325741|-0.371316|-30.407541|-19.109318|-20.649334|-106.834582|-57.449176|-7.095489|32.435396|30.612442|-0.014245|nan|-132.049981
1104|-38.053931|-10.143607|-3192.925741|-8.787067|45.150815|-12.408581|-4.858295|-0.374769|-18.950058|-11.695494|-12.838368|-106.432552|-41.112018|-0.009853|32.435396|30.836713|-0.012922|nan|-132.030102
1105|-32.454759|-9.075455|-3180.135454|nan|45.703557|-12.453420|1.744003|-0.377769|-14.438048|-0.853190|-7.824001|-105.586608|-33.960008|3.715162|32.435396|37.810081|-0.012066|nan|-131.984778
1106|-27.233126|-7.839578|-3151.068584|1.259013|46.236686|-12.259989|-7.100584|-0.373484|-12.140406|4.975560|-3.055350|-105.088553|-26.781713|7.541602|32.435396|38.132147|-0.011272|nan|-131.939454
1107|-7.577205|-6.227027|-3122.684227|20.525573|46.671332|-11.990456|13.952026|-0.374951|12.607548|14.047803|16.094677|-104.740259|-7.473106|26.768477|32.435396|43.408653|-0.004437|nan|-131.945131
1108|-18.456467|-5.375941|-3107.773071|7.875574|46.913642|-12.070386|13.080025|-0.376261|2.436426|3.244687|4.646968|-104.671220|-18.684555|15.253073|32.435396|44.835036|-0.006273|nan|-131.935907
1109|-26.365445|-4.801936|-3080.619013|-0.345471|47.359794|-12.272023|18.187462|-0.369182|-2.825631|1.286002|-3.957173|-104.838475|-22.106285|6.560722|32.435396|45.334778|-0.007619|nan|-131.913118
1110|-24.949312|-4.243104|-3066.998916|nan|47.642905|-12.468016|28.900625|-0.358068|-1.304159|-8.373321|-3.279691|-105.007196|-20.985140|7.502912|32.435396|45.335109|-0.007436|nan|-131.883179
1111|-26.783434|-3.915191|-3051.871450|nan|47.457378|-12.651729|21.052611|-0.365704|-4.782204|0.099799|-5.736510|-104.848903|-21.262858|5.081239|32.435396|45.341170|-0.007783|nan|-131.853241
1112|-25.887865|-3.649056|-3028.249370|nan|47.762373|-12.762608|12.830881|-0.379056|-3.439346|-3.029762|-5.416327|-104.727984|-20.640000|5.525142|32.435396|45.351635|-0.007681|nan|-131.846105
1113|-24.873472|-3.409002|-2999.373178|nan|48.060776|-12.713162|16.817174|-0.365134|-4.211916|-5.442276|-4.981112|-104.874371|-14.772570|5.968617|32.435396|45.988274|-0.007559|nan|-131.846105
1114|-33.844459|-3.206234|-2967.025699|-8.878095|48.977694|-13.060524|-5.232010|-0.379633|-6.230546|-8.460579|-14.560665|-105.685060|-23.990873|-3.678641|32.435396|45.696790|-0.009068|nan|-131.889531
1115|-41.711930|-2.954064|-2913.293919|nan|49.399166|-13.393201|-14.574884|-0.389661|-13.606723|-31.844755|-23.078600|-106.942716|-32.088031|-11.600542|32.435396|45.478015|-0.010394|nan|-131.870296
1116|-28.778805|-2.703940|-2844.282937|-3.464598|49.560662|-13.371896|-9.342874|-0.391025|-6.102048|-11.320379|-10.702724|-107.669889|-12.341721|1.130254|32.435396|45.316295|-0.008314|nan|-131.891751
1117|-22.945417|-2.822783|-2792.639486|nan|49.828784|-13.113122|-14.076598|-0.403145|-1.936652|-10.488572|-5.354553|-107.973050|-6.735997|6.937006|32.435396|45.441853|-0.007396|nan|-131.366844
1118|-26.205984|-3.010188|-2728.490546|-2.555602|50.256446|-12.864134|-14.450312|-0.372677|-5.024331|-13.368245|-9.095880|-108.456051|-9.184003|3.264206|32.435396|45.394317|-0.007966|nan|-130.876844
1119|-38.308200|-3.435567|-2618.532040|-14.845436|50.837142|-12.520610|-50.700666|-0.340222|-19.276270|-19.629267|-21.592821|-108.910987|-25.676598|-9.328355|32.435396|45.058301|-0.009986|nan|-130.483169
1120|-71.220238|-4.499752|-2499.095840|-47.367779|50.941412|-12.595833|-64.777263|-0.412339|-48.331676|-33.183627|-55.083807|-110.262399|-62.572659|-42.467076|39.214674|42.508975|-0.015647|nan|-130.267292
1121|-99.790202|-5.856236|-2402.462754|-76.224639|50.413270|-13.189477|-104.889338|-0.453963|-70.946419|-60.091132|-84.023072|-112.186710|-91.348713|-70.677022|24.011287|20.952070|-0.025140|nan|-130.224340
1122|-93.492326|-6.941608|-2302.756513|nan|50.149199|-13.535087|-112.488209|-0.472488|-66.922081|-48.668035|-78.096728|-113.566989|-85.244701|-63.994997|22.972442|19.233024|-0.024143|nan|-130.078943
1123|-77.866445|-7.934792|-2205.882081|-54.159102|49.240507|-13.888291|-92.183028|-0.469477|-49.555524|-36.269634|-62.780564|-114.610043|-69.797815|-48.058123|16.990756|13.225849|-0.021615|nan|-129.973816
1124|-56.761757|-8.774826|-2086.287658|-32.734075|48.864597|-13.835704|-70.009273|-0.437791|-34.787814|-18.326443|-41.933218|-114.413617|-48.869777|-26.832781|16.990756|13.404342|-0.018189|nan|-129.919619
1125|-66.813401|-10.057565|-1941.824280|-44.112220|48.928643|-14.130007|-88.445879|-0.409940|-39.322688|-14.735184|-52.346522|-115.069672|-59.084653|-36.821782|16.990756|13.278507|-0.019864|nan|-129.873210
1126|-64.046204|-11.130349|-1828.146972|nan|48.518798|-14.481755|-84.085871|-0.400039|-36.706030|-19.943172|-49.930141|-115.330102|-56.468648|-33.694187|16.990756|13.224154|-0.019438|nan|-129.811209
1127|-55.808678|-11.872101|-1699.619500|-33.782227|48.455580|-14.694406|-55.434389|-0.414211|-29.170180|3.685821|-42.031883|-115.013250|-48.371490|-25.439246|16.990756|13.380121|-0.018112|nan|-129.766635
1128|-53.809481|-12.673367|-1605.754854|nan|48.299767|-14.883950|-39.862931|-0.428991|-28.021278|-2.782201|-40.303465|-114.770123|-46.502915|-23.620477|16.990756|13.544672|-0.017807|nan|-129.733306
1129|-63.525467|-13.478301|-1568.994469|-41.353638|48.038098|-15.112144|-48.458376|-0.446575|-39.781785|-13.692542|-50.339489|-114.873531|-56.344076|-34.551240|16.990756|13.560132|-0.019422|nan|-129.703129
1330|-57.668514|-14.053631|-1557.176904|-34.880036|47.438416|-15.010490|-53.441242|-0.453665|-37.811816|-22.012575|-44.658386|-114.590447|-50.213780|-29.892260|16.990756|13.766653|-0.018484|nan|-129.517911
1331|-51.823610|-14.390553|-1514.187938|nan|47.428123|-15.152923|-37.620641|-0.449677|-24.080865|-18.543885|-39.019485|-114.201826|-44.403483|-25.434263|16.990756|13.812268|-0.017548|nan|-129.166743
1332|-54.345251|-14.504433|-1455.427242|-32.904138|47.508963|-15.769043|-51.448095|-0.452261|-20.536217|-16.071672|-41.716493|-114.349989|-45.659488|-30.273483|16.990756|13.731666|-0.017979|nan|-128.594403
1333|-44.698590|-14.477459|-1434.858040|-22.287636|47.449177|-16.080864|-40.734933|-0.452841|-17.043466|-8.472271|-32.726641|-114.612473|-36.565757|-22.871131|16.990756|14.014971|-0.016490|nan|-128.184547
1334|-26.739241|-13.761970|-1426.245746|-5.230060|47.240263|-16.022627|-15.197743|-0.451936|-3.524416|-5.826693|-15.428442|-114.467544|-19.125725|-6.174876|16.990756|14.579160|-0.013632|nan|-127.774842
1335|-24.381760|-13.354564|-1420.370948|-4.491242|47.121860|-16.040147|-8.097158|-0.452060|0.424487|-9.837530|-13.716005|-113.918275|-17.257150|-5.293518|16.990756|14.894522|-0.013327|nan|-127.503722
1336|-25.137513|-12.829081|-1414.268178|nan|47.079007|-15.866815|-4.484579|-0.453210|-7.061229|-7.003834|-15.125313|-113.712363|-18.502866|-7.480995|16.990756|15.165647|-0.013532|nan|-127.217156
1337|-16.811279|-11.891308|-1414.262007|3.618095|46.494471|-15.553246|22.672042|-0.449304|2.706457|-7.090497|-7.299405|-113.005929|-10.654852|-0.210651|16.990756|15.552859|-0.012246|nan|-126.856310
1338|-17.723494|-11.121986|-1420.107562|0.743357|46.375108|-15.515366|10.090305|-0.449862|5.336497|2.243994|-8.674409|-112.398460|-12.025140|-2.358609|16.990756|29.503648|-0.012472|nan|-126.450402
1339|-18.915781|-10.399262|-1431.639472|0.625304|46.249060|-15.739478|0.249143|-0.450085|7.476411|-7.143295|-10.287915|-112.056408|-13.644572|-4.655711|16.990756|33.718894|-0.012738|nan|-125.990223
1340|-17.404997|-9.569703|-1448.953028|nan|46.012082|-16.116599|2.491433|-0.450212|8.597556|-11.779579|-9.153954|-111.870633|-8.043427|-4.012236|16.990756|35.173048|-0.012555|nan|-125.387424
1341|-9.463119|-8.592690|-1452.256085|9.350114|45.960885|-16.227917|7.972587|-0.449442|12.036754|-11.350820|-1.623725|-111.585641|-0.444555|3.238178|16.990756|35.437272|-0.011309|nan|-124.578418
1342|-1.553908|-7.860067|-1455.829784|nan|46.059672|-16.086035|16.194316|-0.448553|17.635625|-4.515167|5.896859|-111.640003|7.154316|10.941004|16.990756|35.652377|-0.010063|nan|-123.967873
1343|2.965486|-7.261798|-1461.869919|nan|46.278973|-15.946269|21.177182|-0.447419|21.950734|3.763084|10.107874|-111.239426|11.389752|15.923870|16.990756|35.826569|-0.009369|nan|-123.232756
1344|12.823942|-6.522557|-1462.500844|30.403576|46.096289|-15.340531|21.550897|-0.383020|23.141442|13.701877|19.903620|-110.367980|20.981770|27.046999|16.990756|36.274438|-0.007795|nan|-122.089382
1345|14.936754|-5.671293|-1471.786225|30.753946|46.154526|-14.774124|15.322314|-0.368500|28.529033|12.419647|22.062682|-109.423331|22.850345|30.121427|16.990756|40.143257|-0.007488|nan|-120.943046
1346|9.676578|-5.055048|-1488.034259|nan|46.117345|-14.196046|22.547471|-0.368851|20.806893|-8.796121|16.829786|-108.610296|21.769192|26.290572|16.990756|40.291916|-0.008387|nan|-120.070209
1347|1.645256|-4.494312|-1502.105445|17.502707|46.153869|-13.655847|19.931465|-0.369536|14.585821|-22.487538|8.775955|-108.149327|14.347462|19.385808|16.990756|40.248938|-0.009734|nan|-119.261797
1348|-2.667050|-4.000879|-1515.285342|nan|46.046501|-13.247340|11.958880|-0.374356|10.022227|-26.054429|4.448025|-107.812933|9.862883|16.107082|16.990756|40.210635|-0.010469|nan|-118.430073
1349|-0.144322|-3.608838|-1516.631053|16.739124|45.221999|-12.350091|1.993146|-0.329365|4.469088|-16.384152|7.052384|-107.117875|7.989744|19.457574|16.990756|38.773428|-0.010080|nan|-117.286924
1350|7.707445|-3.204101|-1505.997304|24.390041|44.519715|-11.601083|-23.419472|-0.241347|16.191547|-3.903279|15.223145|-105.996542|15.713187|28.386871|16.990756|35.627360|-0.008813|nan|-115.896653
1351|3.230269|-2.986424|-1481.375832|18.594340|44.371881|-10.817156|-56.804677|-0.168638|7.342724|-10.624297|11.135312|-105.375563|11.104036|25.094684|16.990756|35.653662|-0.009568|nan|-114.823348
1352|-6.846153|-3.335928|-1454.811225|8.365844|44.106783|-10.038187|-60.915541|-0.121809|-3.031496|-21.641554|1.418168|-105.185922|-0.550840|15.891849|16.990756|35.511492|-0.011242|nan|-113.568151
1353|-13.565978|-3.581848|-1418.428051|1.531064|43.714810|-9.504748|-52.320097|-0.100113|-8.042610|-18.027520|-5.033706|-105.111625|-7.402282|10.879085|30.775937|35.239416|-0.012365|nan|-112.661163
1354|-20.537956|-3.807688|-1386.988640|-5.652481|42.748657|-9.094956|-38.492643|-0.083359|-15.383522|-13.628910|-11.841381|-104.891652|-14.502866|6.188720|34.846776|35.022941|-0.013529|nan|-112.393220
1355|-27.116722|-4.206012|-1354.940210|nan|42.546033|-8.645791|-55.434389|-0.042856|-26.350064|-21.434736|-18.072656|-103.946646|-24.989736|2.192506|34.904298|34.852455|-0.014631|nan|-112.394149
1356|-12.376093|-4.260007|-1320.889671|3.072603|42.687013|-7.860487|-38.243500|-0.024647|-14.016164|4.455715|-2.845538|-101.803989|-10.414852|19.042915|31.436577|31.559880|-0.012241|nan|-112.321996
1357|-4.480469|-4.213011|-1260.091961|nan|43.071177|-7.298865|-22.422899|-0.001166|-2.293050|15.480258|5.517728|-99.757790|-2.691409|28.899024|31.436577|31.695221|-0.010975|nan|-112.640566
1358|-2.695729|-4.145587|-1170.551334|12.885751|43.283436|-6.892801|-18.934892|0.020393|1.326711|2.980487|7.708606|-98.155829|-1.071977|32.653918|26.493737|27.008877|-0.010709|nan|-112.940865
1359|-6.404713|-4.055033|-1081.424927|7.581832|43.566224|-6.644816|-32.637775|0.044088|-0.214027|5.842541|4.353386|-97.211365|-4.933699|29.634820|26.493737|27.049274|-0.011341|nan|-113.104549
1400|-9.981449|-3.817039|-1003.549989|nan|43.632859|-6.285735|-30.644629|0.059606|-7.791505|12.312512|1.056693|-96.125574|-8.670849|26.481184|26.493737|27.074252|-0.011954|nan|-113.268232
1401|-1.605059|-3.589046|-964.796521|13.510949|43.384808|-5.907486|-16.692602|0.077277|2.669897|14.492155|9.768801|-94.864371|-0.449119|35.698968|26.493737|27.240738|-0.010606|nan|-113.438964
1402|-5.301452|-3.576672|-934.768767|8.284802|43.493703|-5.475470|-23.170328|0.092842|-4.871168|11.360430|6.445295|-93.888459|-4.310840|32.069210|26.493737|27.208088|-0.011239|nan|-113.571906
1403|-6.007999|-3.498285|-917.207140|nan|43.536068|-5.086218|-14.948599|0.101046|-3.343498|5.568377|6.128344|-92.991724|-5.182842|31.429171|26.493737|27.174132|-0.011381|nan|-113.704848
1404|-6.839001|-3.239375|-892.436031|nan|43.627769|-4.849074|1.494860|0.103294|-1.780071|-2.295844|5.662413|-91.834419|-6.179415|31.164560|26.493737|27.139559|-0.011544|nan|-113.826881
1405|-19.635129|-2.691000|-863.949590|-6.518531|43.880782|-4.969479|-9.592018|0.108003|-12.175196|-3.537221|-6.866010|-91.169473|-17.134868|18.274404|26.493737|26.951065|-0.013667|nan|-113.904536
1406|-19.740120|-1.602146|-834.935243|-5.374557|43.759401|-5.163454|-11.086877|0.112880|-9.944011|0.991017|-6.657396|-90.674934|-16.024011|18.194678|26.493737|26.798428|-0.012786|nan|-114.007738
1407|-22.596242|-0.665458|-798.941435|nan|43.416485|-5.718294|-6.228583|0.116631|-10.533731|10.247936|-9.265937|-90.197055|-19.013731|14.903754|26.493737|26.675602|-0.010807|nan|-114.072344
1408|-25.212770|0.020821|-756.325109|-12.506395|43.772418|-6.176473|-10.339448|0.093637|-12.873980|24.614711|-11.697415|-90.052471|-21.754308|11.692555|26.493737|26.423669|-0.009586|nan|-114.136950
1409|-27.333302|0.281724|-723.139436|nan|44.191712|-6.514873|-14.201170|0.084692|-16.315615|8.886896|-13.697242|-90.424681|-23.996598|8.762629|26.493737|26.227722|-0.009954|nan|-114.129192
1410|-20.234428|0.836529|-719.514988|-6.435059|44.013545|-6.683129|-6.104012|0.080865|-10.460257|13.048435|-6.459547|-90.683775|-17.020585|14.742931|26.493737|26.231668|-0.008440|nan|-114.034071
1411|-16.501166|1.389736|-715.186631|nan|43.811157|-6.750787|5.107439|0.078665|-6.287678|22.834054|-2.579554|-90.794022|-13.408006|17.638662|26.493737|26.237853|-0.007848|nan|-113.952286
1412|-16.133309|1.814906|-713.007031|nan|43.677388|-6.820301|12.955453|0.080592|-5.718863|16.405582|-2.062600|-91.055679|-11.158863|16.936078|26.493737|26.245711|-0.007807|nan|-113.894813
1413|-15.894981|2.210348|-726.404685|nan|43.290755|-6.896467|17.315461|0.081969|-5.034291|4.718062|-1.673670|-91.272248|-8.794291|16.269059|26.493737|29.258595|-0.007787|nan|-113.843912
1414|-3.555464|3.028259|-725.414523|9.427504|42.135793|-6.503438|39.115501|0.053726|-0.586597|10.110398|10.765497|-91.123245|2.613731|27.965217|9.093731|9.172385|-0.004848|nan|-113.843912
1415|-0.293630|3.765159|-729.381208|nan|41.027117|-5.942957|44.098368|0.050534|3.008023|11.507042|14.119871|-90.895312|5.728023|30.092216|9.093731|9.419526|-0.003828|nan|-113.721474
1416|-0.272013|4.332563|-747.585476|nan|39.985343|-5.613822|38.492643|0.078825|7.443123|17.249137|14.208529|-90.887342|5.603451|28.980351|9.093731|9.608703|-0.003848|nan|-113.452318
1417|-3.621403|4.854793|-782.819735|7.969682|39.206078|-5.506306|26.782907|0.086582|6.595117|7.628778|10.920131|-91.198952|2.115445|24.705052|9.093731|9.596523|-0.002922|nan|-113.189479
1418|-1.116430|5.344629|-820.867700|nan|37.798781|-5.249444|24.665189|0.097562|5.521322|-10.864094|13.506075|-91.550729|4.482306|26.684620|9.093731|9.734905|-0.000475|nan|-112.844363
1419|-4.965065|5.438567|-848.820008|6.177663|37.164384|-4.921065|23.045757|0.093785|-0.144643|-15.275387|9.573803|-92.286784|0.496013|21.711034|9.093731|9.681556|-0.001128|nan|-112.535602
1420|-2.937022|5.521734|-866.823829|9.550642|35.888638|-3.955201|32.637775|0.091291|-8.116396|-26.272079|11.439858|-93.009573|-5.395412|23.561563|8.844588|9.537634|-0.000822|nan|-112.242942
1421|-6.354526|5.545158|-888.096074|4.547119|35.382405|-2.635401|24.416046|0.092209|-15.567990|-16.259657|7.852477|-93.658111|-14.767990|19.485578|8.844588|9.457771|-0.001413|-65912.400000|-111.894909
1422|-6.258158|5.472320|-881.603150|nan|34.782492|-1.417851|14.076598|0.098811|-13.772562|-3.717563|7.826462|-94.023218|-14.892562|18.147600|8.844588|9.388136|-0.001434|-63471.657142|-111.224860
1423|-9.009885|5.327939|-869.880647|nan|34.220350|-0.505773|4.235436|0.101533|-10.601954|0.026051|4.974170|-94.291462|-17.882282|14.694473|8.844588|9.327314|-0.001924|11229.742417|-110.233418
1424|-5.776266|5.285113|-850.276172|5.440615|33.275982|0.163763|0.124572|0.107932|-7.532890|15.940771|8.063918|-94.553715|-14.892562|17.220786|5.107438|5.690791|-0.001434|66891.409228|-109.268356
1425|9.194654|5.490096|-823.441318|20.097404|32.839747|1.348491|8.097158|0.119940|-0.674089|4.490228|22.759755|-94.643718|-0.193106|32.445157|5.107438|6.070176|0.000974|66893.336259|-108.444403
1426|20.951650|5.768693|-797.463836|nan|33.249019|2.650809|34.132635|0.195319|10.946832|9.000821|34.052015|-94.283816|11.267487|44.518214|5.107438|6.355107|0.002852|66895.865498|-108.030631
1427|20.146299|5.867735|-750.014681|nan|33.590419|3.773159|40.734933|0.242253|11.985359|12.785628|32.742183|-93.701479|10.146342|44.009533|5.107438|6.562892|0.002668|66898.756045|-107.720796
1428|7.396437|5.604342|-721.156706|16.496730|33.791166|4.568931|29.274340|0.260061|1.225662|14.099650|19.525272|-93.287972|-2.933683|31.666972|5.107438|6.554115|0.000525|66901.767031|-107.517151
1429|10.106462|5.318041|-683.894554|nan|34.264308|5.559403|27.779480|0.281543|1.592524|16.241512|21.840122|-92.609467|-0.566821|34.771299|5.107438|6.530139|0.000913|66904.778017|-107.240147
1430|21.171376|5.178380|-632.111702|30.433836|34.353496|6.734866|34.755493|0.313361|10.224703|21.604675|32.546572|-91.481428|10.146342|46.471926|5.107438|6.802268|0.002668|66908.150332|-107.126166
1431|22.792486|5.140470|-588.924409|nan|34.686878|7.808112|44.222939|0.339724|9.630419|6.117058|33.724860|-90.750303|13.552058|48.710089|5.107438|6.994761|0.002872|66911.883955|-107.169976
1432|15.226208|5.087653|-543.771184|23.154522|34.944866|8.713873|32.388632|0.355224|1.898161|-6.413861|25.686769|-90.460381|8.459472|41.229950|5.107438|6.968929|0.001566|66915.738017|-107.218034
1433|13.776039|5.139945|-473.647833|nan|35.527308|9.427707|29.648055|0.368122|4.509258|-8.465769|23.729910|-90.275378|6.590897|40.103822|5.107438|6.926723|0.001260|66919.712530|-107.266092
1434|15.192440|5.205060|-392.873314|23.084503|35.341748|9.914775|29.648055|0.384522|8.065503|-20.102530|24.657036|-89.954282|7.587470|42.199985|5.107438|7.026074|0.001423|66923.927910|-107.356678
1435|-7.189408|4.664105|-335.641894|-0.382379|36.319389|9.756500|-6.104011|0.379848|-8.089471|6.309190|1.746718|-90.158157|-15.209143|19.574390|5.107438|6.465583|-0.002310|66927.902422|-107.451799
1436|-13.640190|4.166972|-307.524180|-7.628183|37.358900|9.535258|-13.204596|0.374363|-14.460913|5.944590|-5.294115|-90.747538|-22.060585|13.500817|5.107438|6.011730|-0.003433|66931.636045|-107.508390
1437|-10.882254|3.897129|-278.171797|-4.198252|37.955000|9.305386|-13.827454|0.359525|-11.534379|-0.564676|-3.120384|-91.148583|-19.693723|16.966141|5.107438|5.800386|-0.003045|66935.249228|-107.549451
1438|-14.227481|3.631605|-225.445364|nan|38.461428|9.050955|-20.305181|0.385141|-16.551529|-4.076825|-6.962104|-91.640622|-23.430873|14.200650|5.107438|5.627112|-0.003657|66938.380665|-107.590512
1439|-10.963291|3.596571|-182.319429|nan|39.071638|8.884933|-19.682323|0.411680|-12.885725|-0.970011|-4.097396|-91.998979|-20.565725|17.957731|5.107438|20.185080|-0.003188|66940.789453|-107.590512
1440|-22.647609|3.483253|-135.651163|-17.957584|40.184139|8.402346|-24.789761|0.391704|-20.408521|19.252491|-16.209437|-92.325398|-32.649176|5.974976|5.107438|35.002977|-0.005657|66942.234727|-107.579324
1441|-15.898412|3.322195|-92.781879|-11.066120|40.517871|8.041212|-14.824027|0.410797|-15.496021|24.580645|-9.837380|-92.451820|-26.296021|13.109922|5.107438|34.981056|-0.004617|66943.318682|-107.568137
1442|-3.546290|3.178206|-57.675981|1.161711|40.787516|7.814914|-2.616005|0.394085|-4.817797|23.908365|2.223477|-92.156891|-10.097142|25.649045|5.107438|35.118566|-0.002658|66944.282197|-107.556917
1443|-12.501626|2.817422|-53.190173|nan|40.861655|7.303451|-11.834307|0.394085|-11.280016|14.390491|-7.001576|-92.073291|-16.240016|16.553082|5.107438|35.071283|-0.004188|66944.763955|-107.524656
1444|-15.252590|2.459631|-61.485413|nan|40.908781|6.587069|-2.740577|0.369828|-9.354636|28.615692|-10.043467|-92.008616|-19.354308|12.975384|5.107438|35.034070|-0.004698|66944.402637|-107.471345
1445|-29.738368|1.910293|-88.267078|-26.789562|41.795163|5.380587|-14.450312|0.327727|-17.057025|-0.833335|-24.957429|-92.543164|-33.618335|-2.687050|5.107438|34.389778|-0.008706|66942.957363|-107.387258
1446|-46.744619|0.987550|-106.882241|-44.553806|42.390675|3.971675|-31.890345|0.242932|-31.412485|-14.193971|-42.440232|-93.660030|-49.973796|-20.646473|5.107438|33.740481|-0.014427|66940.307696|-107.307050
1447|-42.088977|0.216280|-113.416644|-39.313679|42.239737|2.936249|-31.018343|0.187376|-32.253133|-17.254813|-38.199326|-94.672848|-45.613788|-16.394316|5.107438|28.895240|-0.013713|66936.694502|-107.163958
1448|-37.697936|-0.505187|-134.391017|-36.124206|42.488045|2.015978|-24.540617|0.139654|-25.661940|-9.141812|-34.238520|-95.581664|-40.862923|-12.846858|5.107438|28.615335|-0.013040|66932.238242|-107.001746
1449|-27.350964|-0.979499|-146.105291|-25.110410|43.243331|1.366948|-18.436606|0.122896|-17.091964|-6.947676|-24.225313|-96.534120|-30.452619|-2.919960|5.107438|28.725361|-0.011387|66927.661544|-106.771881
1450|-16.772943|-1.042831|-145.400034|nan|44.199568|0.768378|-6.228583|0.112624|-4.271862|-13.630314|-13.979594|-97.248214|-17.713171|6.452126|5.107438|28.830954|-0.009694|71319.235164|-106.425651
1451|-30.014005|-1.371185|-155.651113|-28.886733|45.353770|-0.081646|-23.294900|0.094884|-15.164946|-2.390005|-27.561002|-98.296978|-30.606910|-8.627398|5.107438|28.624141|-0.011899|71313.587697|-106.012998
1452|-33.683306|-1.658584|-159.189816|nan|45.918896|-0.800512|-27.281194|0.076708|-20.786668|-1.120568|-31.567564|-99.323279|-33.988632|-14.088620|5.107438|28.483460|-0.012532|71307.683515|-105.366216
1453|-31.634286|-1.893333|-170.082919|nan|47.040920|-1.352518|-28.402339|0.060906|-20.838420|1.714673|-29.881208|-100.377888|-29.800057|-13.944117|5.107438|28.396097|-0.012227|71301.779345|-104.958359
1454|-35.454144|-2.159004|-213.654464|nan|47.873539|-1.889016|-29.398912|0.031493|-22.504385|-6.002779|-34.066264|-101.427188|-33.786350|-19.784036|19.806894|28.197566|-0.012881|71295.746812|-104.464685
1455|-26.583545|-2.333887|-258.435803|-25.107160|49.182518|-2.087652|-5.979440|-0.004673|-15.304043|-14.628288|-25.579386|-102.244686|-25.066334|-12.817646|30.386212|28.222248|-0.011454|71289.200885|-103.752063
1456|-23.840821|-2.570803|-294.837893|nan|49.943194|-2.474705|8.097158|-0.077362|-8.448038|-12.511070|-23.211979|-102.874990|-22.450329|-12.260251|30.386212|28.267135|-0.011026|71282.141539|-103.126641
1457|-24.355378|-2.812156|-306.823993|-24.470033|50.974344|-3.046944|6.353155|-0.130077|-7.070896|1.110934|-24.146702|-103.521648|-23.073187|-15.041718|30.386212|28.173426|-0.011130|71274.825491|-102.505812
1458|-33.731187|-3.244552|-271.535366|nan|51.324828|-3.786755|-16.194316|-0.166266|-15.178342|-14.712485|-33.957609|-104.315724|-32.540633|-26.004137|30.386212|28.126421|-0.012683|71267.766157|-101.584970
1459|-0.627263|-3.178094|-219.882641|0.032909|52.452549|-3.734500|19.184036|-0.189774|8.952493|13.052580|-1.248549|-104.310828|0.470857|6.014433|30.386212|28.577988|-0.007272|71261.861976|-100.655688
