859|nan|nan|nan|nan|nan|nan|nan|nan|nan|nan|nan|nan|nan|nan|nan|nan|nan|nan|nan|nan|nan|nan|nan|nan|nan|nan|nan|nan|nan|nan|nan|nan|nan|nan|nan|nan|nan|nan|nan|nan|nan|nan|nan|nan|nan|nan|nan|nan|nan|nan
900|nan|nan|nan|nan|nan|nan|nan|nan|nan|nan|nan|nan|nan|nan|nan|nan|nan|nan|nan|nan|nan|nan|nan|nan|nan|nan|nan|nan|nan|nan|nan|nan|nan|nan|nan|nan|nan|nan|nan|nan|nan|nan|nan|nan|nan|nan|nan|nan|nan|nan
901|nan|nan|nan|nan|nan|nan|nan|nan|nan|nan|nan|nan|nan|nan|nan|nan|nan|nan|nan|nan|nan|nan|nan|nan|nan|nan|nan|nan|nan|nan|nan|nan|nan|nan|nan|nan|nan|nan|nan|nan|nan|nan|nan|nan|nan|nan|nan|nan|nan|nan
902|nan|nan|nan|nan|nan|nan|nan|nan|nan|nan|nan|nan|nan|nan|nan|nan|nan|nan|nan|nan|nan|nan|nan|nan|nan|nan|nan|nan|nan|nan|nan|nan|nan|nan|nan|nan|nan|nan|nan|nan|nan|nan|nan|nan|nan|nan|nan|nan|nan|nan
903|nan|nan|nan|nan|nan|nan|nan|nan|nan|nan|nan|nan|nan|nan|nan|nan|nan|nan|nan|nan|nan|nan|nan|nan|nan|nan|nan|nan|nan|nan|nan|nan|nan|nan|nan|nan|nan|nan|nan|nan|nan|nan|nan|nan|nan|nan|nan|nan|nan|nan
904|nan|nan|nan|nan|nan|nan|nan|nan|nan|nan|nan|nan|nan|nan|nan|nan|nan|nan|nan|nan|nan|nan|nan|nan|nan|nan|nan|nan|nan|nan|nan|nan|nan|nan|nan|nan|nan|nan|nan|nan|nan|nan|nan|nan|nan|nan|nan|nan|nan|nan
905|nan|nan|nan|nan|nan|nan|nan|nan|nan|nan|nan|nan|nan|nan|nan|nan|nan|nan|nan|nan|nan|nan|nan|nan|nan|nan|nan|nan|nan|nan|nan|nan|nan|nan|nan|nan|nan|nan|nan|nan|nan|nan|nan|nan|nan|nan|nan|nan|nan|nan
906|nan|nan|nan|nan|nan|nan|nan|nan|nan|nan|nan|nan|nan|nan|nan|nan|nan|nan|nan|nan|nan|nan|nan|nan|nan|nan|nan|nan|nan|nan|nan|nan|nan|nan|nan|nan|nan|nan|nan|nan|nan|nan|nan|nan|nan|nan|nan|nan|nan|nan
907|nan|nan|nan|nan|nan|nan|nan|nan|nan|nan|nan|nan|nan|nan|nan|nan|nan|nan|nan|nan|nan|nan|nan|nan|nan|nan|nan|nan|nan|nan|nan|nan|nan|nan|nan|nan|nan|nan|nan|nan|nan|nan|nan|nan|nan|nan|nan|nan|nan|nan
908|nan|nan|nan|nan|nan|nan|nan|nan|nan|nan|nan|nan|nan|nan|nan|nan|nan|nan|nan|nan|nan|nan|nan|nan|nan|nan|nan|nan|nan|nan|nan|nan|nan|nan|nan|nan|nan|nan|nan|nan|nan|nan|nan|nan|nan|nan|nan|nan|nan|nan
909|nan|nan|nan|nan|nan|nan|nan|nan|nan|nan|nan|nan|nan|nan|nan|nan|nan|nan|nan|nan|nan|nan|nan|nan|nan|nan|nan|nan|nan|nan|nan|nan|nan|nan|nan|nan|nan|nan|nan|nan|nan|nan|nan|nan|nan|nan|nan|nan|nan|nan
910|nan|nan|nan|nan|nan|nan|nan|nan|nan|nan|nan|nan|nan|nan|nan|nan|nan|nan|nan|nan|nan|nan|nan|nan|nan|nan|nan|nan|nan|nan|nan|nan|nan|nan|nan|nan|nan|nan|nan|nan|nan|nan|nan|nan|nan|nan|nan|nan|nan|nan
911|nan|nan|nan|nan|nan|nan|nan|nan|nan|nan|nan|nan|nan|nan|nan|nan|nan|nan|nan|nan|nan|nan|nan|nan|nan|nan|nan|nan|nan|nan|nan|nan|nan|nan|nan|nan|nan|nan|nan|nan|nan|nan|nan|nan|nan|nan|nan|nan|nan|nan
912|nan|nan|nan|nan|nan|nan|nan|nan|nan|nan|nan|nan|nan|nan|nan|nan|nan|nan|nan|nan|nan|nan|nan|nan|nan|nan|nan|nan|nan|nan|nan|nan|nan|nan|nan|nan|nan|nan|nan|nan|nan|nan|nan|nan|nan|nan|nan|nan|nan|nan
913|nan|nan|nan|nan|nan|nan|nan|nan|nan|nan|nan|nan|nan|nan|nan|nan|nan|nan|nan|nan|nan|nan|nan|nan|nan|nan|nan|nan|nan|nan|nan|nan|nan|nan|nan|nan|nan|nan|nan|nan|nan|nan|nan|nan|nan|nan|nan|nan|nan|nan
914|nan|nan|nan|nan|nan|nan|nan|nan|nan|nan|nan|nan|nan|nan|nan|nan|nan|nan|nan|nan|nan|nan|nan|nan|nan|nan|nan|nan|nan|nan|nan|nan|nan|nan|nan|nan|nan|nan|nan|nan|nan|nan|nan|nan|nan|nan|nan|nan|nan|nan
915|nan|nan|nan|nan|nan|nan|nan|nan|nan|nan|nan|nan|nan|nan|nan|nan|nan|nan|nan|nan|nan|nan|nan|nan|nan|nan|nan|nan|nan|nan|nan|nan|nan|nan|nan|nan|nan|nan|nan|nan|nan|nan|nan|nan|nan|nan|nan|nan|nan|nan
916|nan|nan|nan|nan|nan|nan|nan|nan|nan|nan|nan|nan|nan|nan|nan|nan|nan|nan|nan|nan|nan|nan|nan|nan|nan|nan|nan|nan|nan|nan|nan|nan|nan|nan|nan|nan|nan|nan|nan|nan|nan|nan|nan|nan|nan|nan|nan|nan|nan|nan
917|nan|nan|nan|nan|nan|nan|nan|nan|nan|nan|nan|nan|nan|nan|nan|nan|nan|nan|nan|nan|nan|nan|nan|nan|nan|nan|nan|nan|nan|nan|nan|nan|nan|nan|nan|nan|nan|nan|nan|nan|nan|nan|nan|nan|nan|nan|nan|nan|nan|nan
918|nan|nan|nan|nan|nan|nan|nan|nan|nan|nan|nan|nan|nan|nan|nan|nan|nan|nan|nan|nan|nan|nan|nan|nan|nan|nan|nan|nan|nan|nan|nan|nan|nan|nan|nan|nan|nan|nan|nan|nan|nan|nan|nan|nan|nan|nan|nan|nan|nan|nan
919|nan|nan|nan|nan|nan|nan|nan|nan|nan|nan|nan|nan|nan|nan|nan|nan|nan|nan|nan|nan|nan|nan|nan|nan|nan|nan|nan|nan|nan|nan|nan|nan|nan|nan|nan|nan|nan|nan|nan|nan|nan|nan|nan|nan|nan|nan|nan|nan|nan|nan
920|nan|nan|nan|nan|nan|nan|nan|nan|nan|nan|nan|nan|nan|nan|nan|nan|nan|nan|nan|nan|nan|nan|nan|nan|nan|nan|nan|nan|nan|nan|nan|nan|nan|nan|nan|nan|nan|nan|nan|nan|nan|nan|nan|nan|nan|nan|nan|nan|nan|nan
921|nan|nan|nan|nan|nan|nan|nan|nan|nan|nan|nan|nan|nan|nan|nan|nan|nan|nan|nan|nan|nan|nan|nan|nan|nan|nan|nan|nan|nan|nan|nan|nan|nan|nan|nan|nan|nan|nan|nan|nan|nan|nan|nan|nan|nan|nan|nan|nan|nan|nan
922|nan|nan|nan|nan|nan|nan|nan|nan|nan|nan|nan|nan|nan|nan|nan|nan|nan|nan|nan|nan|nan|nan|nan|nan|nan|nan|nan|nan|nan|nan|nan|nan|nan|nan|nan|nan|nan|nan|nan|nan|nan|nan|nan|nan|nan|nan|nan|nan|nan|nan
923|nan|nan|nan|nan|nan|nan|nan|nan|nan|nan|nan|nan|nan|nan|nan|nan|nan|nan|nan|nan|nan|nan|nan|nan|nan|nan|nan|nan|nan|nan|nan|nan|nan|nan|nan|nan|nan|nan|nan|nan|nan|nan|nan|nan|nan|nan|nan|nan|nan|nan
924|nan|nan|nan|nan|nan|nan|nan|nan|nan|nan|nan|nan|nan|nan|nan|nan|nan|nan|nan|nan|nan|nan|nan|nan|nan|nan|nan|nan|nan|nan|nan|nan|nan|nan|nan|nan|nan|nan|nan|nan|nan|nan|nan|nan|nan|nan|nan|nan|nan|nan
925|nan|nan|nan|nan|nan|nan|nan|nan|nan|nan|nan|nan|nan|nan|nan|nan|nan|nan|nan|nan|nan|nan|nan|nan|nan|nan|nan|nan|nan|nan|nan|nan|nan|nan|nan|nan|nan|nan|nan|nan|nan|nan|nan|nan|nan|nan|nan|nan|nan|nan
926|nan|nan|nan|nan|nan|nan|nan|nan|nan|nan|nan|nan|nan|nan|nan|nan|nan|nan|nan|nan|nan|nan|nan|nan|nan|nan|nan|nan|nan|nan|nan|nan|nan|nan|nan|nan|nan|nan|nan|nan|nan|nan|nan|nan|nan|nan|nan|nan|nan|nan
927|nan|nan|nan|nan|nan|nan|nan|nan|nan|nan|nan|nan|nan|nan|nan|nan|nan|nan|nan|nan|nan|nan|nan|nan|nan|nan|nan|nan|nan|nan|nan|nan|nan|nan|nan|nan|nan|nan|nan|nan|nan|nan|nan|nan|nan|nan|nan|nan|nan|nan
928|nan|nan|nan|nan|nan|nan|nan|nan|nan|nan|nan|nan|nan|nan|nan|nan|nan|nan|nan|nan|nan|nan|nan|nan|nan|nan|nan|nan|nan|nan|nan|nan|nan|nan|nan|nan|nan|nan|nan|nan|nan|nan|nan|nan|nan|nan|nan|nan|nan|nan
929|nan|nan|nan|nan|nan|nan|nan|nan|nan|nan|nan|nan|nan|nan|nan|nan|nan|nan|nan|nan|nan|nan|nan|nan|nan|nan|nan|nan|nan|nan|nan|nan|nan|nan|nan|nan|nan|nan|nan|nan|nan|nan|nan|nan|nan|nan|nan|nan|nan|nan
930|nan|nan|nan|nan|nan|nan|nan|nan|nan|nan|nan|nan|nan|nan|nan|nan|nan|nan|nan|nan|nan|nan|nan|nan|nan|nan|nan|nan|nan|nan|nan|nan|nan|nan|nan|nan|nan|nan|nan|nan|nan|nan|nan|nan|nan|nan|nan|nan|nan|nan
931|nan|nan|nan|nan|nan|nan|nan|nan|nan|nan|nan|nan|nan|nan|nan|nan|nan|nan|nan|nan|nan|nan|nan|nan|nan|nan|nan|nan|nan|nan|nan|nan|nan|nan|nan|nan|nan|nan|nan|nan|nan|nan|nan|nan|nan|nan|nan|nan|nan|nan
932|nan|nan|nan|nan|nan|nan|nan|nan|nan|nan|nan|nan|nan|nan|nan|nan|nan|nan|nan|nan|nan|nan|nan|nan|nan|nan|nan|nan|nan|nan|nan|nan|nan|nan|nan|nan|nan|nan|nan|nan|nan|nan|nan|nan|nan|nan|nan|nan|nan|nan
933|nan|nan|nan|nan|nan|nan|nan|nan|nan|nan|nan|nan|nan|nan|nan|nan|nan|nan|nan|nan|nan|nan|nan|nan|nan|nan|nan|nan|nan|nan|nan|nan|nan|nan|nan|nan|nan|nan|nan|nan|nan|nan|nan|nan|nan|nan|nan|nan|nan|nan
934|nan|nan|nan|nan|nan|nan|nan|nan|nan|nan|nan|nan|nan|nan|nan|nan|nan|nan|nan|nan|nan|nan|nan|nan|nan|nan|nan|nan|nan|nan|nan|nan|nan|nan|nan|nan|nan|nan|nan|nan|nan|nan|nan|nan|nan|nan|nan|nan|nan|nan
935|nan|nan|nan|nan|nan|nan|nan|nan|nan|nan|nan|nan|nan|nan|nan|nan|nan|nan|nan|nan|nan|nan|nan|nan|nan|nan|nan|nan|nan|nan|nan|nan|nan|nan|nan|nan|nan|nan|nan|nan|nan|nan|nan|nan|nan|nan|nan|nan|nan|nan
936|nan|nan|nan|nan|nan|nan|nan|nan|nan|nan|nan|nan|nan|nan|nan|nan|nan|nan|nan|nan|nan|nan|nan|nan|nan|nan|nan|nan|nan|nan|nan|nan|nan|nan|nan|nan|nan|nan|nan|nan|nan|nan|nan|nan|nan|nan|nan|nan|nan|nan
937|nan|nan|nan|nan|nan|nan|nan|nan|nan|nan|nan|nan|nan|nan|nan|nan|nan|nan|nan|nan|nan|nan|nan|nan|nan|nan|nan|nan|nan|nan|nan|nan|nan|nan|nan|nan|nan|nan|nan|nan|nan|nan|nan|nan|nan|nan|nan|nan|nan|nan
938|nan|nan|nan|nan|nan|nan|nan|nan|nan|nan|nan|nan|nan|nan|nan|nan|nan|nan|nan|nan|nan|nan|nan|nan|nan|nan|nan|nan|nan|nan|nan|nan|nan|nan|nan|nan|nan|nan|nan|nan|nan|nan|nan|nan|nan|nan|nan|nan|nan|nan
939|nan|nan|nan|nan|nan|nan|nan|nan|nan|nan|nan|nan|nan|nan|nan|nan|nan|nan|nan|nan|nan|nan|nan|nan|nan|nan|nan|nan|nan|nan|nan|nan|nan|nan|nan|nan|nan|nan|nan|nan|nan|nan|nan|nan|nan|nan|nan|nan|nan|nan
940|nan|nan|nan|nan|nan|nan|nan|nan|nan|nan|nan|nan|nan|nan|nan|nan|nan|nan|nan|nan|nan|nan|nan|nan|nan|nan|nan|nan|nan|nan|nan|nan|nan|nan|nan|nan|nan|nan|nan|nan|nan|nan|nan|nan|nan|nan|nan|nan|nan|nan
941|nan|nan|nan|nan|nan|nan|nan|nan|nan|nan|nan|nan|nan|nan|nan|nan|nan|nan|nan|nan|nan|nan|nan|nan|nan|nan|nan|nan|nan|nan|nan|nan|nan|nan|nan|nan|nan|nan|nan|nan|nan|nan|nan|nan|nan|nan|nan|nan|nan|nan
942|nan|nan|nan|nan|nan|nan|nan|nan|nan|nan|nan|nan|nan|nan|nan|nan|nan|nan|nan|nan|nan|nan|nan|nan|nan|nan|nan|nan|nan|nan|nan|nan|nan|nan|nan|nan|nan|nan|nan|nan|nan|nan|nan|nan|nan|nan|nan|nan|nan|nan
943|nan|nan|nan|nan|nan|nan|nan|nan|nan|nan|nan|nan|nan|nan|nan|nan|nan|nan|nan|nan|nan|nan|nan|nan|nan|nan|nan|nan|nan|nan|nan|nan|nan|nan|nan|nan|nan|nan|nan|nan|nan|nan|nan|nan|nan|nan|nan|nan|nan|nan
944|nan|nan|nan|nan|nan|nan|nan|nan|nan|nan|nan|nan|nan|nan|nan|nan|nan|nan|nan|nan|nan|nan|nan|nan|nan|nan|nan|nan|nan|nan|nan|nan|nan|nan|nan|nan|nan|nan|nan|nan|nan|nan|nan|nan|nan|nan|nan|nan|nan|nan
945|nan|nan|nan|nan|nan|nan|nan|nan|nan|nan|nan|nan|nan|nan|nan|nan|nan|nan|nan|nan|nan|nan|nan|nan|nan|nan|nan|nan|nan|nan|nan|nan|nan|nan|nan|nan|nan|nan|nan|nan|nan|nan|nan|nan|nan|nan|nan|nan|nan|nan
946|nan|nan|nan|nan|nan|nan|nan|nan|nan|nan|nan|nan|nan|nan|nan|nan|nan|nan|nan|nan|nan|nan|nan|nan|nan|nan|nan|nan|nan|nan|nan|nan|nan|nan|nan|nan|nan|nan|nan|nan|nan|nan|nan|nan|nan|nan|nan|nan|nan|nan
947|nan|nan|nan|nan|nan|nan|nan|nan|nan|nan|nan|nan|nan|nan|nan|nan|nan|nan|nan|nan|nan|nan|nan|nan|nan|nan|nan|nan|nan|nan|nan|nan|nan|nan|nan|nan|nan|nan|nan|nan|nan|nan|nan|nan|nan|nan|nan|nan|nan|nan
948|nan|nan|nan|nan|nan|nan|nan|nan|nan|nan|nan|nan|nan|nan|nan|nan|nan|nan|nan|nan|nan|nan|nan|nan|nan|nan|nan|nan|nan|nan|nan|nan|nan|nan|nan|nan|nan|nan|nan|nan|nan|nan|nan|nan|nan|nan|nan|nan|nan|nan
949|nan|nan|nan|nan|nan|nan|nan|nan|nan|nan|nan|nan|nan|nan|nan|nan|nan|nan|nan|nan|nan|nan|nan|nan|nan|nan|nan|nan|nan|nan|nan|nan|nan|nan|nan|nan|nan|nan|nan|nan|nan|nan|nan|nan|nan|nan|nan|nan|nan|nan
950|nan|nan|nan|nan|nan|nan|nan|nan|nan|nan|nan|nan|nan|nan|nan|nan|nan|nan|nan|nan|nan|nan|nan|nan|nan|nan|nan|nan|nan|nan|nan|nan|nan|nan|nan|nan|nan|nan|nan|nan|nan|nan|nan|nan|nan|nan|nan|nan|nan|nan
951|nan|nan|nan|nan|nan|nan|nan|nan|nan|nan|nan|nan|nan|nan|nan|nan|nan|nan|nan|nan|nan|nan|nan|nan|nan|nan|nan|nan|nan|nan|nan|nan|nan|nan|nan|nan|nan|nan|nan|nan|nan|nan|nan|nan|nan|nan|nan|nan|nan|nan
952|nan|nan|nan|nan|nan|nan|nan|nan|nan|nan|nan|nan|nan|nan|nan|nan|nan|nan|nan|nan|nan|nan|nan|nan|nan|nan|nan|nan|nan|nan|nan|nan|nan|nan|nan|nan|nan|nan|nan|nan|nan|nan|nan|nan|nan|nan|nan|nan|nan|nan
953|nan|nan|nan|nan|nan|nan|nan|nan|nan|nan|nan|nan|nan|nan|nan|nan|nan|nan|nan|nan|nan|nan|nan|nan|nan|nan|nan|nan|nan|nan|nan|nan|nan|nan|nan|nan|nan|nan|nan|nan|nan|nan|nan|nan|nan|nan|nan|nan|nan|nan
954|nan|nan|nan|nan|nan|nan|nan|nan|nan|nan|nan|nan|nan|nan|nan|nan|nan|nan|nan|nan|nan|nan|nan|nan|nan|nan|nan|nan|nan|nan|nan|nan|nan|nan|nan|nan|nan|nan|nan|nan|nan|nan|nan|nan|nan|nan|nan|nan|nan|nan
955|nan|nan|nan|nan|nan|nan|nan|nan|nan|nan|nan|nan|nan|nan|nan|nan|nan|nan|nan|nan|nan|nan|nan|nan|nan|nan|nan|nan|nan|nan|nan|nan|nan|nan|nan|nan|nan|nan|nan|nan|nan|nan|nan|nan|nan|nan|nan|nan|nan|nan
956|nan|nan|nan|nan|nan|nan|nan|nan|nan|nan|nan|nan|nan|nan|nan|nan|nan|nan|nan|nan|nan|nan|nan|nan|nan|nan|nan|nan|nan|nan|nan|nan|nan|nan|nan|nan|nan|nan|nan|nan|nan|nan|nan|nan|nan|nan|nan|nan|nan|nan
957|nan|nan|nan|nan|nan|nan|nan|nan|nan|nan|nan|nan|nan|nan|nan|nan|nan|nan|nan|nan|nan|nan|nan|nan|nan|nan|nan|nan|nan|nan|nan|nan|nan|nan|nan|nan|nan|nan|nan|nan|nan|nan|nan|nan|nan|nan|nan|nan|nan|nan
958|nan|nan|nan|nan|nan|nan|nan|nan|nan|nan|nan|nan|nan|nan|nan|nan|nan|nan|nan|nan|nan|nan|nan|nan|nan|nan|nan|nan|nan|nan|nan|nan|nan|nan|nan|nan|nan|nan|nan|nan|nan|nan|nan|nan|nan|nan|nan|nan|nan|nan
959|nan|nan|nan|nan|nan|nan|nan|nan|nan|nan|nan|nan|nan|nan|nan|nan|nan|nan|nan|nan|nan|nan|nan|nan|nan|nan|nan|nan|nan|nan|nan|nan|nan|nan|nan|nan|nan|nan|nan|nan|nan|nan|nan|nan|nan|nan|nan|nan|nan|nan
1000|nan|nan|nan|nan|nan|nan|nan|nan|nan|nan|nan|nan|nan|nan|nan|nan|nan|nan|nan|nan|nan|nan|nan|nan|nan|nan|nan|nan|nan|nan|nan|nan|nan|nan|nan|nan|nan|nan|nan|nan|nan|nan|nan|nan|nan|nan|nan|nan|nan|nan
1001|nan|nan|nan|nan|nan|nan|nan|nan|nan|nan|nan|nan|nan|nan|nan|nan|nan|nan|nan|nan|nan|nan|nan|nan|nan|nan|nan|nan|nan|nan|nan|nan|nan|nan|nan|nan|nan|nan|nan|nan|nan|nan|nan|nan|nan|nan|nan|nan|nan|nan
1002|nan|nan|nan|nan|nan|nan|nan|nan|nan|nan|nan|nan|nan|nan|nan|nan|nan|nan|nan|nan|nan|nan|nan|nan|nan|nan|nan|nan|nan|nan|nan|nan|nan|nan|nan|nan|nan|nan|nan|nan|nan|nan|nan|nan|nan|nan|nan|nan|nan|nan
1003|nan|nan|nan|nan|nan|nan|nan|nan|nan|nan|nan|nan|nan|nan|nan|nan|nan|nan|nan|nan|nan|nan|nan|nan|nan|nan|nan|nan|nan|nan|nan|nan|nan|nan|nan|nan|nan|nan|nan|nan|nan|nan|nan|nan|nan|nan|nan|nan|nan|nan
1004|nan|nan|nan|nan|nan|nan|nan|nan|nan|nan|nan|nan|nan|nan|nan|nan|nan|nan|nan|nan|nan|nan|nan|nan|nan|nan|nan|nan|nan|nan|nan|nan|nan|nan|nan|nan|nan|nan|nan|nan|nan|nan|nan|nan|nan|nan|nan|nan|nan|nan
1005|nan|nan|nan|nan|nan|nan|nan|nan|nan|nan|nan|nan|nan|nan|nan|nan|nan|nan|nan|nan|nan|nan|nan|nan|nan|nan|nan|nan|nan|nan|nan|nan|nan|nan|nan|nan|nan|nan|nan|nan|nan|nan|nan|nan|nan|nan|nan|nan|nan|nan
1006|nan|nan|nan|nan|nan|nan|nan|nan|nan|nan|nan|nan|nan|nan|nan|nan|nan|nan|nan|nan|nan|nan|nan|nan|nan|nan|nan|nan|nan|nan|nan|nan|nan|nan|nan|nan|nan|nan|nan|nan|nan|nan|nan|nan|nan|nan|nan|nan|nan|nan
1007|nan|nan|nan|nan|nan|nan|nan|nan|nan|nan|nan|nan|nan|nan|nan|nan|nan|nan|nan|nan|nan|nan|nan|nan|nan|nan|nan|nan|nan|nan|nan|nan|nan|nan|nan|nan|nan|nan|nan|nan|nan|nan|nan|nan|nan|nan|nan|nan|nan|nan
1008|nan|nan|nan|nan|nan|nan|nan|nan|nan|nan|nan|nan|nan|nan|nan|nan|nan|nan|nan|nan|nan|nan|nan|nan|nan|nan|nan|nan|nan|nan|nan|nan|nan|nan|nan|nan|nan|nan|nan|nan|nan|nan|nan|nan|nan|nan|nan|nan|nan|nan
1009|nan|nan|nan|nan|nan|nan|nan|nan|nan|nan|nan|nan|nan|nan|nan|nan|nan|nan|nan|nan|nan|nan|nan|nan|nan|nan|nan|nan|nan|nan|nan|nan|nan|nan|nan|nan|nan|nan|nan|nan|nan|nan|nan|nan|nan|nan|nan|nan|nan|nan
1010|nan|nan|nan|nan|nan|nan|nan|nan|nan|nan|nan|nan|nan|nan|nan|nan|nan|nan|nan|nan|nan|nan|nan|nan|nan|nan|nan|nan|nan|nan|nan|nan|nan|nan|nan|nan|nan|nan|nan|nan|nan|nan|nan|nan|nan|nan|nan|nan|nan|nan
1011|nan|nan|nan|nan|nan|nan|nan|nan|nan|nan|nan|nan|nan|nan|nan|nan|nan|nan|nan|nan|nan|nan|nan|nan|nan|nan|nan|nan|nan|nan|nan|nan|nan|nan|nan|nan|nan|nan|nan|nan|nan|nan|nan|nan|nan|nan|nan|nan|nan|nan
1012|nan|nan|nan|nan|nan|nan|nan|nan|nan|nan|nan|nan|nan|nan|nan|nan|nan|nan|nan|nan|nan|nan|nan|nan|nan|nan|nan|nan|nan|nan|nan|nan|nan|nan|nan|nan|nan|nan|nan|nan|nan|nan|nan|nan|nan|nan|nan|nan|nan|nan
1013|nan|nan|nan|nan|nan|nan|nan|nan|nan|nan|nan|nan|nan|nan|nan|nan|nan|nan|nan|nan|nan|nan|nan|nan|nan|nan|nan|nan|nan|0.000000|nan|nan|nan|nan|nan|nan|nan|nan|nan|nan|nan|nan|nan|nan|nan|nan|nan|nan|nan|nan
1014|nan|nan|nan|nan|nan|nan|nan|nan|nan|nan|nan|nan|nan|nan|nan|nan|nan|nan|nan|nan|nan|nan|nan|nan|nan|nan|nan|nan|nan|-19.900715|nan|nan|nan|nan|nan|nan|nan|nan|nan|nan|nan|nan|nan|nan|nan|nan|nan|nan|nan|nan
1030|nan|nan|nan|nan|nan|nan|nan|nan|nan|nan|nan|nan|nan|nan|nan|nan|nan|nan|nan|nan|nan|nan|nan|nan|nan|nan|nan|nan|nan|-0.329229|nan|nan|nan|nan|nan|nan|nan|nan|nan|nan|nan|nan|nan|nan|nan|nan|nan|nan|nan|nan
1031|nan|nan|nan|nan|nan|nan|nan|nan|nan|nan|nan|nan|nan|nan|nan|nan|nan|nan|nan|nan|nan|nan|nan|nan|nan|nan|nan|nan|nan|-18.951176|nan|nan|nan|nan|nan|nan|nan|nan|nan|nan|nan|nan|nan|nan|nan|nan|nan|nan|nan|nan
1032|nan|nan|nan|nan|nan|nan|nan|nan|nan|nan|nan|nan|nan|nan|nan|nan|nan|nan|nan|nan|nan|nan|nan|nan|nan|nan|nan|nan|nan|-7.971616|nan|nan|nan|nan|nan|nan|nan|nan|nan|nan|nan|nan|nan|nan|nan|nan|nan|nan|nan|nan
1033|nan|nan|nan|nan|nan|nan|nan|nan|nan|nan|nan|nan|nan|nan|nan|nan|nan|nan|nan|nan|nan|nan|nan|nan|nan|nan|nan|nan|nan|-75.456590|nan|nan|nan|nan|nan|nan|nan|nan|nan|nan|nan|nan|nan|nan|nan|nan|nan|nan|nan|nan
1034|nan|nan|nan|nan|nan|nan|nan|nan|nan|nan|nan|nan|nan|nan|nan|nan|nan|nan|nan|nan|nan|nan|nan|nan|nan|nan|nan|nan|nan|-50.606973|nan|nan|nan|nan|nan|nan|nan|nan|nan|nan|nan|nan|nan|nan|nan|nan|nan|nan|nan|nan
1035|nan|nan|nan|nan|nan|nan|nan|nan|nan|nan|nan|nan|nan|nan|nan|nan|nan|nan|nan|nan|nan|nan|nan|nan|nan|nan|nan|nan|nan|-79.282997|nan|nan|nan|nan|nan|nan|nan|nan|nan|nan|nan|nan|nan|nan|nan|nan|nan|nan|nan|nan
1036|nan|nan|nan|nan|nan|nan|nan|nan|nan|nan|nan|nan|nan|nan|nan|nan|nan|nan|nan|nan|nan|nan|nan|nan|nan|nan|nan|nan|nan|-83.535715|nan|nan|nan|nan|nan|nan|nan|nan|nan|nan|nan|nan|nan|nan|nan|nan|nan|nan|nan|nan
1037|nan|nan|nan|nan|nan|nan|nan|nan|nan|nan|nan|nan|nan|nan|nan|nan|nan|nan|nan|nan|nan|nan|nan|nan|nan|nan|nan|nan|nan|-69.648166|nan|nan|nan|nan|nan|nan|nan|nan|nan|nan|nan|nan|nan|nan|nan|nan|nan|nan|nan|nan
1038|nan|nan|nan|nan|nan|nan|nan|nan|nan|nan|nan|nan|nan|nan|nan|nan|nan|nan|nan|nan|nan|nan|nan|nan|nan|nan|nan|nan|nan|-58.633901|nan|nan|nan|nan|nan|nan|nan|nan|nan|nan|nan|nan|nan|nan|nan|nan|nan|nan|nan|nan
1039|nan|nan|nan|nan|nan|nan|nan|nan|nan|nan|nan|nan|nan|nan|nan|nan|nan|nan|nan|nan|nan|nan|nan|nan|nan|nan|nan|nan|nan|-49.719398|nan|nan|nan|nan|nan|nan|nan|nan|nan|nan|nan|nan|nan|nan|nan|nan|nan|nan|nan|nan
1040|nan|nan|nan|nan|nan|nan|nan|nan|nan|nan|nan|nan|nan|nan|nan|nan|nan|nan|nan|nan|nan|nan|nan|nan|nan|nan|nan|nan|nan|-74.398437|nan|nan|nan|nan|nan|nan|nan|nan|nan|nan|nan|nan|nan|nan|nan|nan|nan|nan|nan|nan
1041|nan|nan|nan|nan|nan|nan|nan|nan|nan|nan|nan|nan|nan|nan|nan|nan|nan|nan|nan|nan|nan|nan|nan|nan|nan|nan|nan|nan|nan|-54.681493|nan|nan|nan|nan|nan|nan|nan|nan|nan|nan|nan|nan|nan|nan|nan|nan|nan|nan|nan|nan
1042|nan|nan|nan|nan|nan|nan|nan|nan|nan|nan|nan|nan|nan|nan|nan|nan|nan|nan|nan|nan|nan|nan|nan|nan|nan|nan|nan|nan|nan|-53.939807|nan|nan|nan|nan|nan|nan|nan|nan|nan|nan|nan|nan|nan|nan|nan|nan|nan|nan|nan|nan
1043|nan|nan|nan|nan|nan|nan|nan|nan|nan|nan|nan|nan|nan|nan|nan|nan|nan|nan|nan|nan|nan|nan|nan|nan|nan|nan|nan|nan|nan|-47.899174|nan|0.470702|nan|nan|nan|-794.353597|nan|nan|nan|nan|-71666.227768|nan|nan|12.758623|nan|-258.799172|nan|0.182809|nan|nan
1044|nan|nan|nan|nan|nan|nan|nan|nan|nan|nan|nan|nan|nan|nan|nan|nan|nan|nan|nan|nan|nan|nan|nan|nan|nan|nan|nan|nan|nan|-46.320836|nan|0.470702|nan|nan|nan|-794.975201|nan|nan|nan|nan|-104616.517894|nan|nan|12.790605|nan|-258.799172|nan|0.182809|nan|nan
1045|nan|nan|nan|nan|nan|nan|nan|nan|nan|nan|nan|nan|nan|nan|nan|nan|nan|nan|nan|nan|nan|nan|nan|nan|nan|nan|nan|nan|nan|-43.747456|nan|0.470702|nan|nan|nan|-794.876722|nan|nan|nan|nan|-104616.517894|nan|nan|12.820397|nan|-176.101449|nan|0.182809|nan|nan
1046|nan|nan|nan|nan|nan|nan|nan|nan|nan|nan|nan|nan|nan|nan|nan|nan|nan|nan|nan|nan|nan|nan|nan|nan|nan|nan|nan|nan|nan|-41.444958|nan|0.470702|nan|nan|nan|-795.375861|nan|nan|nan|nan|-104616.517894|nan|nan|12.845829|nan|-134.752587|nan|0.182809|nan|nan
1047|nan|nan|nan|nan|nan|nan|nan|nan|nan|nan|nan|nan|nan|nan|nan|nan|nan|nan|nan|nan|nan|nan|nan|nan|nan|nan|nan|nan|nan|-45.586139|nan|0.470702|nan|nan|nan|-1078.392268|nan|nan|nan|nan|-104616.517894|nan|nan|12.865332|nan|-109.943270|nan|0.182809|nan|nan
1048|nan|nan|nan|nan|nan|nan|nan|nan|nan|nan|nan|nan|nan|nan|nan|nan|nan|nan|nan|nan|nan|nan|nan|nan|nan|nan|nan|nan|nan|-45.387765|nan|0.470702|nan|nan|nan|-1169.387166|nan|nan|nan|nan|-104616.517894|nan|nan|12.880005|nan|-93.403726|nan|0.182809|nan|nan
1049|nan|nan|nan|nan|nan|nan|nan|nan|nan|nan|nan|nan|nan|nan|nan|nan|nan|nan|nan|nan|nan|nan|nan|nan|nan|nan|nan|nan|nan|-37.675738|nan|0.470702|nan|nan|nan|-1168.348860|nan|nan|nan|nan|-104616.517894|nan|nan|12.884902|nan|-81.589765|nan|0.182809|nan|nan
1050|nan|nan|nan|nan|nan|nan|nan|nan|nan|nan|nan|nan|nan|nan|nan|nan|nan|nan|nan|nan|nan|nan|nan|nan|nan|nan|nan|nan|nan|-34.237765|nan|0.470702|nan|nan|nan|-1169.280142|nan|nan|nan|nan|-104616.517894|nan|nan|12.883275|nan|-72.729295|nan|0.182809|nan|nan
1051|nan|nan|nan|nan|nan|nan|nan|nan|nan|nan|nan|nan|nan|nan|nan|nan|nan|nan|nan|nan|nan|nan|nan|nan|nan|nan|nan|nan|nan|-33.670808|nan|0.470702|nan|nan|nan|-1169.559591|nan|nan|nan|nan|-104616.517894|nan|nan|12.876142|nan|-65.837818|nan|0.182809|nan|nan
1052|nan|nan|nan|nan|nan|nan|nan|nan|nan|nan|nan|nan|nan|nan|nan|nan|nan|nan|nan|nan|nan|nan|nan|nan|nan|nan|nan|nan|nan|-30.680187|nan|0.470702|nan|nan|nan|-1168.540335|nan|nan|nan|nan|-104616.517894|nan|nan|12.864641|nan|-60.324637|nan|0.182809|nan|nan
1053|nan|nan|nan|nan|nan|nan|nan|nan|nan|nan|nan|nan|nan|nan|nan|nan|nan|nan|nan|nan|nan|nan|nan|nan|nan|nan|nan|nan|nan|-27.146340|nan|0.470702|nan|nan|nan|-1168.761680|nan|nan|nan|nan|-104616.517894|nan|nan|12.849695|nan|-55.813852|nan|0.182809|nan|nan
1054|nan|nan|nan|nan|nan|nan|nan|nan|nan|nan|nan|nan|nan|nan|nan|nan|nan|nan|nan|nan|nan|nan|nan|nan|nan|nan|nan|nan|nan|-26.140920|nan|0.470702|nan|nan|nan|-1168.615716|nan|nan|nan|nan|-104616.517894|nan|nan|12.832120|nan|-52.054864|nan|0.182809|nan|nan
1055|nan|nan|nan|nan|nan|nan|nan|nan|nan|nan|nan|nan|nan|nan|nan|nan|nan|nan|nan|nan|nan|nan|nan|nan|nan|nan|nan|nan|nan|-26.616331|nan|0.470702|nan|nan|nan|-1170.181732|nan|nan|nan|nan|-104616.517894|nan|nan|12.813495|nan|-48.874183|nan|0.182809|nan|nan
1056|nan|nan|nan|nan|nan|nan|nan|nan|nan|nan|nan|nan|nan|nan|nan|nan|nan|nan|nan|nan|nan|nan|nan|nan|nan|nan|nan|nan|nan|-25.698526|nan|0.470702|nan|nan|nan|-1168.495688|nan|nan|nan|nan|-104616.517894|nan|nan|12.792840|nan|-46.147884|nan|0.182809|nan|nan
1057|nan|nan|nan|nan|nan|nan|nan|nan|nan|nan|nan|nan|nan|nan|nan|nan|nan|nan|nan|nan|nan|nan|nan|nan|nan|nan|nan|nan|nan|-24.227762|nan|0.470702|nan|nan|nan|-1169.341600|nan|nan|nan|nan|-104616.517894|nan|nan|12.770683|nan|-43.785092|nan|0.182809|nan|nan
1058|nan|nan|nan|nan|nan|nan|nan|nan|nan|nan|nan|nan|nan|nan|nan|nan|nan|nan|nan|nan|nan|nan|nan|nan|0.046350|nan|nan|nan|nan|-23.446221|nan|0.470702|nan|nan|nan|-1169.135406|nan|nan|nan|nan|-104616.517894|nan|nan|12.747231|nan|-41.717649|nan|0.182809|nan|-201.302849
1059|nan|nan|nan|nan|nan|nan|nan|nan|nan|nan|nan|nan|nan|nan|nan|nan|nan|nan|nan|nan|nan|nan|nan|nan|0.047149|nan|nan|nan|nan|-30.629537|nan|0.470702|nan|nan|nan|-1165.110103|nan|nan|nan|nan|-104616.517894|nan|nan|12.789381|nan|-39.893435|nan|0.182809|nan|-201.302849
1100|nan|nan|nan|nan|nan|nan|nan|nan|nan|nan|nan|nan|nan|nan|nan|nan|nan|nan|nan|nan|nan|nan|nan|nan|0.049862|nan|nan|nan|nan|-31.663593|nan|0.470702|nan|nan|nan|-1168.247662|nan|nan|nan|nan|-104616.517894|nan|nan|12.882026|nan|-38.271911|nan|0.182809|nan|-201.302849
1101|nan|nan|nan|nan|nan|nan|nan|nan|nan|nan|nan|nan|nan|nan|nan|nan|nan|nan|nan|nan|nan|nan|nan|nan|0.053150|nan|nan|nan|nan|-27.994329|nan|0.470702|nan|nan|nan|-1168.299194|nan|nan|nan|nan|-104616.517894|nan|nan|13.010208|nan|-36.821073|nan|0.182809|nan|-201.302849
1102|nan|nan|nan|nan|nan|nan|nan|nan|nan|nan|nan|nan|nan|nan|nan|nan|nan|nan|nan|nan|nan|nan|nan|nan|0.053150|nan|nan|nan|nan|-29.741024|nan|0.470702|nan|nan|nan|-1169.051102|nan|nan|nan|nan|-104616.517894|nan|nan|13.164222|nan|-35.515320|nan|0.182809|nan|-201.302849
1103|nan|nan|nan|nan|nan|nan|nan|nan|nan|nan|nan|nan|nan|nan|nan|nan|nan|nan|nan|nan|nan|nan|nan|nan|0.053150|nan|nan|nan|nan|-28.126661|nan|0.470702|nan|nan|nan|-1169.220593|nan|nan|nan|nan|-104616.517894|nan|nan|13.335247|nan|-34.333924|nan|0.182809|nan|-201.302849
1104|nan|nan|nan|nan|nan|nan|nan|nan|nan|nan|nan|nan|nan|nan|nan|nan|nan|nan|nan|nan|nan|nan|nan|nan|0.053150|nan|nan|nan|nan|-28.829513|nan|0.470702|nan|nan|nan|-1169.353962|nan|nan|nan|nan|-104616.517894|nan|nan|13.518093|nan|-33.259927|nan|0.182809|nan|-201.302849
1105|nan|nan|nan|nan|nan|nan|nan|nan|nan|nan|nan|nan|nan|nan|nan|nan|nan|nan|nan|nan|nan|nan|nan|nan|0.053150|nan|nan|nan|nan|-28.070841|nan|0.470702|nan|nan|nan|-1168.712361|nan|nan|nan|nan|-104616.517894|nan|nan|13.710746|nan|-32.279322|nan|0.182809|nan|-201.302849
1106|nan|nan|nan|nan|nan|nan|nan|nan|nan|nan|nan|nan|nan|nan|nan|nan|nan|nan|nan|nan|nan|nan|nan|nan|0.053150|nan|nan|nan|nan|-26.716522|nan|0.470702|nan|nan|nan|-1168.264245|nan|nan|nan|nan|-104616.517894|nan|nan|13.905399|nan|-31.380434|nan|0.182809|nan|-201.302849
1107|nan|nan|nan|nan|nan|nan|nan|nan|nan|nan|nan|nan|nan|nan|nan|nan|nan|nan|nan|nan|nan|nan|nan|nan|0.053150|nan|nan|nan|nan|-26.048609|nan|0.470702|nan|nan|nan|-1168.956799|nan|nan|nan|nan|-104616.517894|nan|nan|14.105376|nan|-30.553456|nan|0.182809|nan|-201.302849
1108|nan|nan|nan|nan|nan|nan|nan|nan|nan|nan|nan|nan|nan|nan|nan|nan|nan|nan|nan|nan|nan|nan|nan|nan|0.053150|nan|nan|nan|nan|-25.966512|nan|0.470702|nan|nan|nan|-1169.278366|nan|nan|nan|nan|-104616.517894|nan|nan|14.312504|nan|-29.790093|nan|0.182809|nan|-201.302849
1109|nan|nan|nan|nan|nan|nan|nan|nan|nan|nan|nan|nan|nan|nan|nan|nan|nan|nan|nan|nan|nan|nan|nan|nan|0.053150|nan|nan|nan|nan|-25.348262|nan|0.470702|nan|nan|nan|-1168.861932|nan|nan|nan|nan|-104616.517894|nan|nan|14.525336|nan|-29.083275|nan|0.182809|nan|-201.302849
1110|nan|nan|nan|nan|nan|nan|nan|nan|nan|nan|nan|nan|nan|nan|nan|nan|nan|nan|nan|nan|nan|nan|nan|nan|0.053150|nan|nan|nan|nan|-24.758768|nan|0.470702|nan|nan|nan|-1168.893782|nan|nan|nan|nan|-104616.517894|nan|nan|14.740617|nan|-28.426944|nan|0.182809|nan|-201.302849
1111|nan|nan|nan|nan|nan|nan|nan|nan|nan|nan|nan|nan|nan|nan|nan|nan|nan|nan|nan|nan|nan|nan|nan|nan|0.053150|nan|nan|nan|nan|-24.196068|nan|0.470702|nan|nan|nan|-1168.975716|nan|nan|nan|nan|-104616.517894|nan|nan|14.957760|nan|-27.815877|nan|0.182809|nan|-201.302849
1112|nan|nan|nan|nan|nan|nan|nan|nan|nan|nan|nan|nan|nan|nan|nan|nan|nan|nan|nan|nan|nan|nan|nan|nan|0.053150|nan|nan|nan|nan|-24.352688|nan|0.470702|nan|nan|nan|-1169.569081|nan|nan|nan|nan|-104616.517894|nan|nan|15.175289|nan|-27.245548|nan|0.182809|nan|-201.302849
1113|nan|nan|nan|nan|nan|nan|nan|nan|2017.400000|nan|nan|-18378947.169495|nan|nan|nan|nan|nan|nan|nan|nan|nan|nan|nan|nan|0.053150|nan|nan|nan|nan|-22.913032|nan|0.470702|nan|nan|nan|-1168.465543|nan|nan|nan|nan|-104616.517894|nan|nan|15.392226|nan|-18.975775|nan|0.182809|nan|-201.302849
1114|nan|nan|nan|nan|nan|nan|nan|nan|2017.400000|nan|nan|-17810553.469076|nan|nan|nan|nan|nan|nan|nan|nan|nan|nan|nan|nan|0.053150|nan|nan|nan|nan|-22.425521|nan|0.470702|nan|nan|nan|-1168.497505|nan|nan|nan|nan|-104616.517894|nan|nan|15.594026|nan|-10.706003|nan|0.182809|nan|-201.302849
1115|nan|nan|nan|nan|nan|nan|nan|nan|2017.400000|nan|nan|-12004701.861586|nan|nan|nan|nan|nan|nan|nan|nan|nan|nan|nan|nan|0.053150|nan|nan|nan|nan|-21.735790|nan|0.470702|nan|nan|nan|-1169.265304|nan|nan|nan|nan|-104616.517894|nan|nan|15.782313|nan|-10.706003|nan|0.182809|nan|-201.302849
1116|nan|nan|nan|nan|nan|nan|nan|nan|2017.400000|nan|nan|-13311525.378232|nan|nan|nan|nan|nan|nan|nan|nan|nan|nan|nan|nan|0.053150|nan|nan|nan|nan|-20.849323|nan|0.470702|nan|nan|nan|-1168.702226|nan|nan|nan|nan|-104616.517894|nan|nan|15.958363|nan|-10.706003|nan|0.182809|nan|-201.302849
1117|nan|nan|nan|nan|nan|nan|nan|nan|2017.400000|nan|nan|-14549810.109581|nan|nan|nan|nan|nan|nan|nan|nan|nan|nan|nan|nan|0.053150|nan|nan|nan|nan|-20.212072|nan|0.470702|nan|nan|nan|-1169.446307|nan|nan|nan|nan|-104616.517894|nan|nan|16.123405|nan|-10.706003|nan|0.182809|nan|-201.302849
1118|nan|nan|nan|nan|nan|nan|nan|nan|2017.400000|nan|nan|-9394775.035648|nan|nan|nan|nan|nan|nan|nan|nan|nan|nan|nan|0.385751|0.053150|nan|nan|nan|nan|-20.254129|nan|0.470702|nan|nan|nan|-1169.521051|nan|nan|nan|nan|-104616.517894|nan|nan|16.278730|nan|-10.706003|nan|0.182809|nan|-201.302849
1119|nan|nan|nan|nan|nan|nan|nan|nan|2017.400000|nan|nan|-8745259.104547|nan|nan|nan|nan|nan|nan|nan|nan|nan|nan|nan|0.341688|0.053150|nan|nan|nan|nan|-19.864626|nan|0.470702|nan|nan|nan|-1169.147069|nan|nan|nan|nan|-104616.517894|nan|nan|16.425291|nan|-10.706003|nan|0.182809|nan|-201.302849
1120|nan|nan|nan|nan|nan|nan|nan|nan|2017.400000|nan|nan|-7142283.938588|nan|nan|nan|nan|nan|nan|nan|nan|nan|nan|nan|0.317830|0.053150|nan|nan|nan|nan|-19.489822|nan|0.470702|nan|nan|nan|-1168.163404|nan|nan|nan|nan|-104616.517894|nan|nan|16.563436|nan|-10.706003|nan|0.182809|nan|-201.302849
1121|nan|nan|nan|nan|nan|nan|nan|nan|2017.400000|nan|nan|-6977035.953789|nan|nan|nan|nan|nan|nan|nan|nan|nan|nan|nan|0.271942|0.053150|nan|nan|nan|nan|-19.128900|nan|0.470702|nan|nan|nan|-1168.922151|nan|nan|nan|nan|-104616.517894|nan|nan|16.694497|nan|-10.706003|nan|0.182809|nan|-40.141248
1122|nan|nan|nan|nan|nan|nan|nan|nan|2017.400000|nan|nan|-5239139.160450|nan|nan|nan|nan|nan|nan|nan|nan|nan|nan|nan|0.244409|0.053150|nan|nan|nan|nan|-18.781101|nan|0.470702|nan|nan|nan|-1168.990044|nan|nan|nan|nan|-104616.517894|nan|nan|16.819070|nan|-10.706003|nan|0.182809|nan|-40.141248
1123|nan|nan|nan|-26.600000|nan|nan|nan|nan|2017.400000|nan|nan|1638593.244847|nan|nan|nan|nan|nan|nan|nan|nan|nan|nan|nan|0.224815|0.053150|nan|nan|nan|nan|-18.659961|nan|0.470702|nan|nan|nan|-1169.176529|nan|nan|nan|nan|-104616.517894|nan|nan|16.937436|nan|-10.706003|nan|0.182809|nan|-40.141248
1124|nan|nan|nan|-26.600000|nan|nan|nan|nan|2017.400000|nan|nan|-2947655.578707|nan|nan|nan|nan|nan|nan|nan|nan|nan|nan|nan|0.208228|0.053150|nan|nan|nan|nan|-18.332594|nan|0.470702|nan|nan|nan|-1169.610515|nan|nan|nan|nan|-104616.517894|nan|nan|17.049970|nan|-10.706003|nan|0.182809|nan|-40.141248
1125|nan|nan|nan|-26.600000|nan|nan|nan|nan|2017.400000|nan|nan|-2587623.555754|nan|nan|nan|nan|nan|nan|nan|nan|nan|nan|nan|0.184312|0.053150|nan|nan|nan|nan|-18.016514|nan|0.470702|nan|nan|nan|-1168.570169|nan|nan|nan|nan|-104616.517894|nan|nan|17.157104|nan|-10.706003|nan|0.182809|nan|-40.141248
1126|nan|nan|nan|-26.600000|nan|nan|nan|nan|2017.400000|nan|nan|-6896680.117518|nan|nan|nan|nan|nan|nan|nan|nan|nan|nan|nan|0.165711|0.053150|nan|nan|nan|nan|-17.711150|nan|0.470702|nan|nan|nan|-1168.910823|nan|nan|nan|nan|-104616.517894|nan|nan|17.259194|nan|-10.706003|nan|0.182809|nan|-40.141248
1127|nan|nan|nan|-26.600000|nan|nan|nan|nan|2017.400000|nan|nan|-9305856.358163|nan|nan|nan|nan|nan|nan|nan|nan|nan|nan|nan|0.150831|0.053150|nan|nan|nan|nan|-17.415964|nan|0.470702|nan|nan|nan|-1168.534282|nan|nan|nan|nan|-104616.517894|nan|nan|17.356632|nan|-10.706003|nan|0.182809|nan|-40.141248
1128|-752697.232868|nan|nan|-26.600000|nan|nan|nan|-46.127138|2017.400000|-2.097452|-0.918856|-6206170.244523|nan|nan|nan|nan|-28.600000|nan|-18722586.310224|nan|nan|nan|nan|0.138655|0.053150|nan|nan|-0.631195|nan|-17.203751|nan|0.470702|-1.728429|-0.212676|-2.097452|-1169.517071|-134323609.696269|nan|397042.485654|nan|-104616.517894|nan|nan|17.554441|nan|-10.706003|-14.091667|0.182809|nan|-40.141248
1129|-4341426.432939|nan|nan|-26.600000|nan|nan|nan|-46.127138|2017.400000|-2.097452|-0.918856|-9626623.433306|nan|nan|nan|nan|-28.600000|nan|-18710463.476700|nan|nan|nan|nan|0.128510|0.053150|nan|nan|-0.626030|nan|-16.114277|nan|0.470702|-1.728429|-0.214651|-2.097452|-1169.186240|-134865392.269462|nan|397042.485654|nan|-104616.517894|nan|nan|17.751224|nan|-10.706003|-16.091667|0.182809|nan|-40.141248
1330|-7147264.016428|nan|nan|-26.600000|nan|nan|nan|-34.460471|2017.400000|-2.097452|-0.918856|-12156861.087817|nan|nan|nan|nan|-30.600000|nan|-18708805.665991|1.230528|nan|nan|nan|0.119924|0.053150|nan|nan|-0.620499|nan|-15.910261|nan|0.470702|-1.728429|-0.218669|-2.097452|-1168.249955|-134865392.269462|nan|397042.485654|nan|-104616.517894|nan|nan|17.947157|nan|-10.706003|-16.316667|0.182809|nan|-40.141248
1331|-10113848.949999|nan|nan|-26.800000|nan|nan|nan|-34.460471|2017.400000|-2.097452|-0.918856|-14606177.436183|nan|nan|nan|nan|-22.600000|nan|-18702745.836163|1.230528|nan|nan|nan|0.112566|0.053150|nan|nan|-0.613787|nan|-15.509435|nan|0.470702|-1.728429|-0.219507|-2.097452|-1169.196218|-134865392.269462|nan|397042.485654|nan|-104616.517894|nan|nan|18.142445|nan|-10.706003|-16.358333|0.182809|nan|-40.141248
1332|-12229797.632526|nan|nan|-26.800000|nan|nan|nan|-34.460471|2017.400000|-2.097452|-0.918856|-16830103.909454|nan|nan|nan|nan|-28.600000|nan|-18695089.502459|1.230528|nan|nan|nan|0.106188|0.053150|nan|nan|-0.607605|nan|-15.898465|nan|0.470702|-1.728429|-0.219507|-2.097452|-1168.140404|-134865392.269462|nan|397042.485654|nan|-104616.517894|nan|nan|18.337275|nan|-10.706003|-15.300000|0.182809|nan|-40.141248
1333|-13340313.034002|-2.064583|nan|-25.600000|nan|nan|nan|-34.460471|2017.400000|-2.097452|-0.918856|-18053344.559935|nan|nan|nan|nan|-24.600000|nan|-18835841.545593|1.230528|nan|nan|nan|0.100608|0.053150|nan|nan|-0.602035|nan|-9.433278|nan|0.470702|-1.728429|-0.219507|-2.097452|-1169.174518|-134865392.269462|nan|397042.485654|nan|-104616.517894|nan|nan|18.532752|nan|-10.706003|-17.391667|0.182809|nan|-122.816676
1334|-11782970.900000|-1.659722|nan|-22.200000|nan|nan|nan|-34.460471|2017.400000|-2.097452|-0.918856|-15902147.664172|nan|nan|nan|nan|-28.600000|nan|-19404050.548547|1.230528|nan|nan|nan|0.095684|0.053150|nan|nan|-0.601236|nan|-10.663418|nan|0.470702|-1.728429|-0.219507|-2.097452|-1168.663004|-134865392.269462|nan|397042.485654|nan|-104616.517894|nan|nan|18.730509|nan|-10.706003|-18.450000|0.182809|nan|-122.816676
1335|-12985799.800000|-1.989120|nan|-19.200000|nan|nan|nan|-34.460471|2017.400000|-2.097452|-0.918856|-15622041.350078|nan|nan|nan|nan|-22.600000|nan|-20525491.955031|1.230528|nan|nan|nan|0.091308|0.053150|nan|nan|-0.596208|nan|-6.808723|nan|0.470702|-1.728429|-0.219507|-2.097452|-1169.407901|-134865392.269462|nan|397042.485654|nan|-104616.517894|nan|nan|18.929045|nan|-10.706003|-19.558333|0.182809|nan|-122.816676
1336|-12338773.800604|-2.943924|nan|-17.000000|nan|nan|nan|-34.460471|2017.400000|-2.097452|-0.918856|-13920675.764759|nan|nan|nan|nan|-26.800000|nan|-21085276.900313|1.230528|nan|nan|nan|0.087392|0.053150|nan|nan|-0.591249|nan|-4.849432|nan|0.470702|-1.728429|-0.219507|-2.097452|-1168.479155|-134865392.269462|nan|397042.485654|nan|-104616.517894|nan|nan|19.128438|nan|-10.706003|-18.458333|0.182809|nan|-122.816676
1337|-9114260.000000|-2.602222|nan|-14.000000|nan|nan|nan|-34.460471|2017.400000|-2.097452|-0.918856|-10245364.946500|nan|nan|nan|nan|-26.800000|nan|-21507084.435648|1.230528|nan|nan|nan|0.083867|0.053150|nan|nan|-0.590079|nan|-5.771761|nan|0.470702|-1.728429|-0.219507|-2.097452|-1169.147264|-134865392.269462|nan|397042.485654|nan|-275592.173385|nan|nan|19.328753|nan|-10.706003|-18.458333|0.182809|nan|-122.816676
1338|-8162484.750374|-2.406944|nan|-11.400000|nan|nan|nan|-34.460471|2017.400000|-2.097452|-0.918856|-9303321.891045|nan|nan|nan|nan|-29.600000|nan|-20806180.545379|1.230528|nan|nan|nan|0.080679|0.053150|nan|nan|-0.587352|nan|-5.848438|nan|0.470702|-1.728429|-0.219507|-2.097452|-1168.663594|-134865392.269462|nan|397042.485654|nan|-275592.173385|nan|nan|19.530075|nan|-10.706003|-20.458333|0.182809|nan|-122.816676
1339|-7907930.531576|-2.080159|nan|-11.400000|nan|nan|nan|-28.306625|2017.400000|-2.097452|-0.918856|-9547854.850078|nan|nan|nan|nan|-20.200000|nan|-18843350.214055|1.230528|nan|nan|nan|0.077780|0.053150|nan|nan|-0.581989|nan|-6.846522|nan|0.470702|-1.728429|-0.219507|-2.097452|-1169.524492|-134865392.269462|nan|397042.485654|nan|-275592.173385|nan|nan|19.732409|nan|-10.706003|-18.983333|0.182809|nan|-122.816676
1340|-7051872.714918|-2.213368|nan|-11.400000|nan|nan|nan|-17.900031|2017.400000|-2.097452|-0.918856|-8663119.985816|nan|nan|nan|nan|-23.200000|nan|-16748926.607745|1.230528|nan|nan|nan|0.075133|0.053150|nan|nan|-0.576701|nan|0.084199|nan|0.470702|-1.728429|-0.219507|-2.097452|-1167.963867|-134865392.269462|nan|397042.485654|nan|-275592.173385|nan|nan|19.935477|nan|-10.443891|-20.983333|0.182809|nan|-122.816676
1341|-7236017.865628|-2.163735|nan|-11.400000|nan|nan|nan|-14.508090|2017.400000|-2.097452|-0.918856|-8851510.103954|nan|nan|nan|nan|-15.000000|nan|-15209859.269707|1.230528|nan|nan|nan|0.072707|0.053150|nan|nan|-0.571593|nan|-3.459957|nan|0.470702|-1.728429|-0.219507|-2.097452|-1169.740556|-134865392.269462|nan|397042.485654|nan|-275592.173385|nan|nan|20.139631|nan|-10.181779|-18.983333|0.182809|nan|-122.816676
1342|-6579729.531484|-2.566944|nan|-11.400000|nan|nan|nan|-14.377138|2017.400000|-2.097452|-0.918856|-5923761.491819|nan|nan|nan|nan|-14.000000|nan|-13115101.889594|1.230528|nan|nan|nan|0.070475|0.053150|nan|nan|-0.567618|nan|-2.734021|nan|0.470702|-2.097452|-0.219507|-2.097452|-1169.651232|-134865392.269462|nan|397042.485654|nan|-275592.173385|nan|nan|20.344766|nan|-9.919668|-18.983333|0.182809|nan|-122.816676
1343|1767468.467428|-2.444760|-2.097452|-11.600000|nan|-30.315959|-2.994230|-12.627628|2017.400000|-2.097452|-0.918856|3204368.575848|-0.088396|-29.588376|-2.698803|nan|-9.400000|nan|-11298104.767121|1.230528|nan|-29.903356|-14.103075|0.068414|0.053150|nan|nan|-0.567496|-2.113865|-3.617322|-3.551082|0.470702|-2.097452|-0.219507|-2.097452|-1168.822328|-134865392.269462|nan|397042.485654|-0.000003|-275592.173385|-1.764922|-0.194415|20.551034|-0.187396|-9.657556|-18.983333|0.173111|-2.113865|-122.816676
1344|3642926.200000|-2.255023|-2.097452|-12.400000|nan|-30.315959|-2.994230|-12.627628|2017.400000|-2.097452|-0.918856|8441247.787421|-0.088396|-29.588376|-2.699548|nan|-9.400000|-2.000000|-11298427.274421|1.230528|nan|-28.483749|-13.622602|0.066506|0.053150|nan|nan|-0.567307|-2.088645|-3.596114|-3.532146|0.470702|-2.097452|-0.218987|-2.097452|-1168.893277|-134865392.269462|nan|397042.485654|-0.000003|-275592.173385|-1.737590|-0.190607|20.733336|-0.186486|-9.395444|-20.983333|0.173111|-2.088645|-122.816676
1345|2695882.402774|-2.111848|-2.097452|-14.000000|-3.887992|-30.315959|-2.994230|-12.627628|2017.400000|-2.097452|-0.918856|7530001.598245|-0.088396|-29.588376|-1.975799|nan|-13.400000|-2.000000|-11291980.420327|1.230528|nan|-29.818731|-13.491738|0.064735|0.053150|nan|nan|-0.567307|-2.066127|-3.280532|-3.513489|0.470702|-2.097452|-0.217429|-2.097452|-1168.407605|-134865392.269462|nan|397042.485654|-0.000003|-275592.173385|-1.711396|-0.188225|20.893584|-0.173371|-9.133332|-20.983333|0.173111|-2.066127|-122.816676
1346|1484965.265954|-1.924692|-2.097452|-14.800000|-3.887992|-29.782626|-2.994230|-12.627628|2017.400000|-2.097452|-0.918856|6138301.158250|-0.088396|-29.588376|-1.975754|nan|-11.400000|-2.000000|-11287997.315474|1.230528|nan|-29.507738|-13.129950|0.063086|0.053150|nan|nan|-0.567307|-2.055887|-3.280532|-3.495129|0.470702|-2.097452|-0.214329|-2.097452|-1169.290921|-134865392.269462|nan|397042.485654|-0.000003|-275592.173385|-1.674636|-0.185967|21.034622|-0.154904|-8.871220|-18.983333|0.173111|-2.055887|-122.816676
1347|1292312.619475|-1.841981|-2.097452|-15.400000|-3.887992|-29.993804|-2.994230|-12.627628|2017.400000|-2.097452|-0.918856|5343551.990089|-0.088396|-29.588376|-1.976459|nan|-7.400000|-2.000000|-11287862.588835|1.230528|nan|-27.369200|-13.256013|0.061546|0.053150|nan|nan|-0.562639|-2.057750|-1.777494|-3.477080|0.470702|-2.097452|-0.210928|-2.097452|-1169.705056|-134865392.269462|nan|386022.265874|-0.000003|-275592.173385|-1.639628|-0.183775|21.151392|-0.140786|-8.609109|-20.983333|0.173111|-2.057750|-122.816676
1348|-1038972.617166|-1.845608|-2.097452|-15.600000|-3.887992|-29.368998|-2.994230|-14.679012|2017.400000|-2.097452|-0.918856|2657337.349638|-0.088396|-29.588376|-1.976447|nan|-13.600000|-2.000000|-11281548.681243|1.230528|nan|-28.954233|-13.156345|0.049251|0.053150|nan|nan|-0.492852|-2.064690|-0.818624|-3.459357|0.470702|-2.097452|-0.210928|-2.097452|-1169.343319|-134865392.269462|nan|297133.695670|-0.000003|-275592.173385|-1.605993|-0.179108|21.245466|-0.128717|-8.346997|-20.983333|0.173111|-2.064690|-122.816676
1349|-693537.615462|-1.784837|-2.097452|-16.200000|-3.887992|-29.986916|-2.994230|-15.296930|2017.400000|-2.097452|-0.918856|3549599.324448|-0.088396|-29.588376|-1.976442|nan|-12.400000|-2.000000|-11281439.058064|1.230528|nan|-29.270966|-13.201967|0.039894|0.053150|nan|nan|-0.467255|-2.075932|-2.889905|-3.441971|0.470702|-2.097452|-0.210928|-2.097452|-1169.431738|-134865392.269462|nan|297133.695670|-0.000003|-275592.173385|-1.578234|-0.176436|21.318148|-0.118597|-8.084885|-18.983333|0.173111|-2.075932|-122.816676
1350|-857656.351242|-1.757207|-2.097452|-16.200000|-3.887992|-29.879319|-2.994230|-15.366281|2017.400000|-2.097452|-0.918856|2875460.393755|-0.088396|-29.588376|-1.976439|nan|-16.000000|-2.000000|-11279630.623140|1.230528|nan|-32.994688|-13.243244|0.031454|0.053150|nan|nan|-0.465186|-2.072034|-3.461217|-3.424540|0.470702|-2.097452|-0.210928|-2.097452|-1168.562333|-134865392.269462|nan|297133.695670|-0.000003|-275592.173385|-1.553798|-0.170701|21.369929|-0.108846|-7.822773|-18.983333|0.173111|-2.072034|-122.816676
1351|-194441.336280|-1.794437|-2.097452|-16.200000|-3.887992|-29.367003|-2.994230|-15.366281|2017.400000|-2.097452|-0.918856|2658175.490436|-0.088396|-29.588376|-1.977165|nan|-10.800000|-2.000000|-11278553.537913|1.230528|nan|-32.978260|-13.356829|0.027541|0.053150|nan|nan|-0.451867|-2.067709|-3.568131|-3.409210|0.470702|-2.097452|-0.210928|-2.097452|-1169.773919|-134865392.269462|nan|297133.695670|-0.000003|-275592.173385|-1.535355|-0.169401|21.404381|-0.100473|-7.560662|-20.983333|0.173111|-2.067709|-122.816676
1352|4897486.649026|-1.965757|-2.097452|-16.200000|-3.887992|-29.617764|-2.994230|-15.366281|2017.400000|-2.097452|-0.918856|6255572.815068|-0.088396|-29.588376|-1.978258|nan|-11.400000|-2.000000|-11292660.081318|1.230528|nan|-28.049892|-13.468208|0.023629|0.053150|nan|nan|-0.449926|-2.069924|-4.683541|-3.399299|0.470702|-2.097452|-0.210928|-2.097452|-1170.174098|-134865392.269462|nan|297133.695670|-0.000003|-275592.173385|-1.519214|-0.166010|21.419362|-0.093011|-7.298550|-20.983333|0.173111|-2.069924|-122.816676
1353|8909785.450782|-1.973175|-2.097452|-16.200000|-5.742103|-26.654168|-2.994230|-15.366281|2017.400000|-2.097452|-0.918856|9408488.951844|-0.088396|-29.588376|-1.978075|nan|-19.600000|-2.000000|-11301992.683938|1.230528|nan|-26.355576|-13.970872|0.019964|0.053150|nan|nan|-0.432448|-2.092583|-5.086183|-3.385459|0.470702|-2.097452|-0.210928|-2.097452|-1166.609417|-134865392.269462|nan|297133.695670|-0.000003|-275592.173385|-1.507521|-0.163978|21.412954|-0.086055|-7.036438|-22.983333|0.173111|-2.092583|-122.816676
1354|6853573.800678|-1.931780|-2.097452|-15.400000|-5.742103|-23.295163|-2.994230|-15.366281|2017.400000|-2.097452|-0.918856|6885143.307822|-0.088396|-29.588376|-1.978713|nan|-12.200000|-2.000000|-11297263.523932|1.230528|nan|-29.758590|-13.652487|0.016904|0.053150|nan|nan|-0.434802|-2.091644|-5.479443|-3.381788|0.470702|-2.097452|-0.210928|-2.097452|-1169.321979|-115174185.968618|nan|297133.695670|-0.000003|-275592.173385|-1.496238|-0.162347|21.384324|-0.080078|-6.774326|-20.983333|0.173111|-2.091644|-122.816676
1355|7028358.632424|-1.914094|-2.097452|-14.400000|-5.742103|-21.036282|-2.994230|-15.366281|2017.400000|-2.097452|-0.918856|5949655.934668|-0.088396|-29.588376|-1.281637|nan|-18.200000|-2.000000|-11295800.180833|1.230528|nan|-23.423555|-13.501997|0.016904|0.053150|nan|nan|-0.448644|-2.079963|-4.534918|-3.387834|0.470702|-2.097452|-0.210928|-2.097452|-1168.559316|-111972824.729763|nan|297133.695670|-0.000003|-275592.173385|-1.485345|-0.128559|21.335431|-0.074531|-6.512214|-22.983333|0.173111|-2.079963|-122.816676
1356|4938173.499094|-1.857517|-2.097452|-14.400000|-5.742103|-19.968463|-2.994230|-15.366281|2017.400000|-2.097452|-0.918856|2346438.462162|-0.088396|-25.588376|-1.239601|nan|-18.200000|-2.000000|-11295955.632112|1.230528|nan|-19.248342|-12.741997|0.016904|0.053150|nan|nan|-0.448644|-2.062470|-4.347892|-3.401850|0.470702|-2.097452|-0.207264|-2.097452|-1169.089723|-110394101.288310|nan|297133.695670|-0.000003|-275592.173385|-1.474820|-0.086825|21.265933|-0.069881|-6.250103|-20.983333|0.173111|-2.062470|-122.816676
1357|8105857.752192|-1.764633|-2.097452|-14.000000|-5.742103|-17.940288|-2.994230|-15.366281|2017.400000|-2.097452|-0.918856|4576165.703370|-0.088396|-25.588376|-1.239823|nan|-14.200000|-2.000000|-11300168.852767|1.230528|nan|-17.389971|-12.581032|0.016904|0.053150|nan|nan|-0.458432|-2.043607|-4.840142|-3.419672|0.470702|-2.097452|-0.207264|-2.097452|-1169.037808|-110160350.396383|nan|297133.695670|-0.000003|-275592.173385|-1.464647|-0.072816|21.178816|-0.065811|-5.987991|-20.983333|0.173111|-2.043607|-122.816676
1358|8332046.667456|-1.710144|-2.097452|-13.000000|-6.621796|-16.704145|-2.994230|-15.366281|2017.400000|-2.097452|-0.918856|5174255.793179|-0.088396|-25.112186|-1.239248|nan|-22.200000|-2.000000|-11301627.412063|1.230528|0.000000|-12.289775|-12.639539|0.016904|0.053150|nan|-149314.328001|-0.462164|-2.025994|-4.017275|-3.441574|0.470702|-2.097452|-0.203874|-2.097452|-1168.624109|-109824447.107131|-20158.657226|297133.695670|-0.000003|-275592.173385|-1.450246|-0.056973|21.074841|-0.062206|-5.725879|-22.983333|0.173111|-2.025994|-122.816676
1359|8213756.334736|-1.639475|-2.097452|-11.200000|-6.621796|-16.378694|-2.994230|-15.366281|2017.400000|-2.097452|-0.918856|4707205.340568|-0.088396|-25.112186|-1.239418|0.033964|-11.400000|-2.000000|-10741128.697117|1.230528|-0.000000|-21.523299|-12.646538|0.016904|0.053150|nan|-147840.468740|-0.456464|-2.009480|-0.159702|-3.463545|0.470702|-2.097452|-0.203874|-2.097452|-1169.425207|-108917701.617275|-19345.746571|297133.695670|-0.000003|-275592.173385|-1.435846|-0.047816|20.963125|-0.058918|-5.463767|-20.983333|0.173111|-2.009480|-122.816676
1400|16455349.734708|-1.634494|-2.097452|-9.600000|-6.621796|-16.610736|-2.994230|-12.683695|2017.400000|-2.097452|-0.918856|12501921.058422|-0.088396|-22.909805|-1.240188|0.033964|-8.400000|-2.000000|-10065498.756739|1.230528|-0.000000|-17.734008|-12.430947|0.016904|0.053150|nan|-115539.969838|-0.458011|-1.992932|-0.191980|-3.480634|0.470702|-2.097452|-0.203030|-2.097452|-1169.720280|-108714540.236153|-11379.429435|297133.695670|-0.000003|-275592.173385|-1.421446|-0.034324|20.842427|-0.055786|-5.201655|-24.983333|0.173111|-1.992932|-122.816676
1401|17498931.216466|-1.575690|-2.097452|-8.200000|-7.989294|-16.824698|-2.994230|-9.870167|2017.400000|-2.097452|-0.918856|14044984.179114|-0.088396|-22.326471|-1.240116|0.095626|-20.400000|-2.000000|-10211208.275721|1.230528|-0.000000|-20.763836|-12.623518|0.016904|0.053150|nan|-81758.095000|-0.454600|-1.976543|-0.602308|-3.489821|0.470702|-2.097452|-0.197722|-2.097452|-1167.074055|-108420808.235746|-15331.590797|297133.695670|-0.000003|-275592.173385|-1.407045|-0.030170|20.712247|-0.052864|-4.939544|-24.983333|0.173111|-1.976543|-122.816676
1402|15638658.616934|-1.508722|-2.097452|-7.400000|-7.989294|-16.824698|-2.994230|-9.870167|2017.400000|-2.097452|-0.918856|13077513.281583|-0.088396|-22.326471|-1.240080|0.099280|-14.000000|-2.000000|-9928605.346087|1.230528|-0.000000|-12.297540|-12.520084|0.016904|0.053150|nan|-68224.762748|-0.402299|-1.959961|0.883169|-3.488344|0.470702|-2.097452|-0.195324|-2.097452|-1168.558199|-108420808.235746|-15415.759494|297133.695670|-0.000003|-275592.173385|-1.392645|-0.025321|20.582751|-0.050238|-4.677432|-20.983333|0.173111|-1.959961|-122.816676
1403|16543339.998238|-1.441774|-2.097452|-6.200000|-7.989294|-16.824698|-2.994230|-7.520544|2017.400000|-2.097452|-0.918856|14417024.673225|-0.101173|-13.957424|-1.240062|0.226740|-13.000000|-2.000000|-9228009.632203|1.230528|-0.000000|-18.054407|-12.997929|0.016904|0.053150|-0.038961|-54391.944244|-0.407092|-1.944475|0.410235|-3.471009|0.470702|-2.097452|-0.189194|-2.097452|-1169.399384|-100336512.720073|-16362.361159|297133.695670|-0.000003|-275592.173385|-1.378245|-0.018816|20.453748|-0.047816|-4.415320|-20.983333|0.173111|-1.944475|-122.816676
1404|14226326.234346|-1.414471|-2.097452|-5.800000|-7.989294|-16.824698|-2.994230|-6.823266|2017.400000|-2.097452|-0.918856|12067717.743208|-0.101173|-13.762390|-1.240511|0.275060|-7.200000|-2.000000|-7966404.899349|1.230528|-0.000000|-28.251452|-12.973821|0.016904|0.053150|-0.028254|-44804.284866|-0.389158|-1.949112|0.646961|-3.433625|0.470702|-2.097452|-0.181439|-2.097452|-1169.718575|-87021443.692122|-15370.760111|297133.695670|-0.000003|-275592.173385|-1.363844|-0.015954|20.325386|-0.045551|-4.153208|-22.983333|0.173111|-1.949112|-122.816676
1405|18876090.818138|-1.355173|-2.097452|-5.000000|-7.989294|-16.824698|-2.994230|-6.656357|2017.400000|-2.097452|-0.918856|15754515.308779|-0.101173|-13.762390|-1.241193|0.386065|-5.600000|-2.000000|-6853147.852102|1.230528|-0.000000|-14.444969|-13.525009|0.017346|0.053150|-0.021977|-32297.107936|-0.390879|-1.951834|-0.070866|-3.373139|0.470702|-2.097452|-0.172747|-2.097452|-1169.589176|-83001777.241505|-10874.940442|297133.695670|-0.000003|-275592.173385|-1.352572|-0.010483|20.198030|-0.043315|-3.891097|-22.983333|0.173111|-1.951834|-122.816676
1406|12463762.499516|-1.297627|-2.097452|-5.000000|-7.989294|-16.824698|-2.994230|-6.656357|2017.400000|-2.097452|-0.918856|8999859.318963|-0.101173|-14.968202|-1.241534|0.517799|-6.200000|-2.000000|-5867801.597155|1.230528|-0.000000|-15.499687|-14.274555|0.017788|0.053150|-0.009911|-28480.477298|-0.397667|-1.982491|-0.873609|-3.288220|0.382478|-2.097452|-0.159877|-2.097452|-1168.597678|-83001777.241505|-11656.066392|297133.695670|-0.000003|-275592.173385|-1.347764|-0.007909|20.071066|-0.041119|-3.628985|-22.983333|0.173111|-1.982491|-122.816676
1407|8440729.315423|-1.276623|-2.097452|-5.000000|-7.989294|-16.824698|-2.994230|-6.656357|2017.400000|-2.097452|-0.918856|5008593.167770|-0.101173|-15.571108|-1.241476|0.598800|-9.400000|-2.000000|-5304844.032774|1.230528|-0.000000|-16.564351|-14.816881|0.018230|0.053150|-0.012948|-26357.743413|-0.397667|-1.990108|-0.450104|-3.182479|0.382478|-2.097452|-0.151561|-2.097452|-1168.133379|-83001777.241505|-13945.592018|297133.695670|-0.000003|-275592.173385|-1.342956|-0.005866|19.944352|-0.039001|-3.366873|-22.983333|0.173111|-1.990108|-122.816676
1408|7702399.597826|-1.250421|-2.097452|-5.000000|-7.989294|-16.824698|-2.994230|-6.656357|2017.400000|-2.097452|-0.918856|5565930.597479|-0.101173|-16.523288|-1.241218|0.616793|-8.200000|-2.000000|-4465004.796363|1.230528|-0.000000|-16.254621|-15.120245|0.018671|0.053150|-0.010835|-17405.761619|-0.397306|-1.971633|0.231804|-3.053063|0.382478|-2.097452|-0.144601|-2.097452|-1168.987687|-83001777.241505|-174.353346|297133.695670|-0.000003|-275592.173385|-1.338147|-0.003499|19.818306|-0.037016|-3.104761|-20.983333|0.173111|-1.971633|-122.816676
1409|6116081.900000|-1.179125|-2.097452|-5.000000|-7.989294|-16.824698|-2.994230|-6.656357|2017.400000|-2.097452|-0.918856|4925771.080027|-0.101173|-16.523288|-1.241318|0.616793|-3.800000|-2.000000|-4184034.209927|1.230528|-0.000000|-19.985945|-15.119052|0.019113|0.053150|-0.000840|-16631.103852|-0.399603|-1.942923|-0.093809|-2.902782|0.382478|-2.097452|-0.143180|-2.097452|-1168.887240|-82693484.070137|-151.851182|297133.695670|-0.000003|-275592.173385|-1.333339|-0.001538|19.692995|-0.035124|-2.842649|-20.983333|0.173111|-1.942923|-122.816676
1410|10034927.064960|-1.105387|-2.097452|-5.000000|-7.989294|-16.824698|-2.994230|-6.656357|2017.400000|-2.097452|-0.918856|9054782.963421|-0.101109|-16.761332|-1.241368|0.616793|-5.000000|-2.000000|-3626287.458135|1.230528|-0.000000|-17.592255|-15.913893|0.019555|0.053150|0.010501|-10434.631109|-0.399603|-1.904234|-0.093809|-2.738651|0.382478|-2.097452|-0.141801|-2.097452|-1168.549419|-82693484.070137|-149.350700|297133.695670|-0.000003|-275592.173385|-1.328531|0.002575|19.568354|-0.033297|-2.842649|-20.983333|0.173111|-1.904234|-122.816676
1411|9099637.669470|-1.098305|-2.097452|-5.200000|-7.989294|-16.824698|-2.994230|-6.656357|2017.400000|-2.097452|-0.918856|8411516.870044|-0.101109|-16.761332|-1.242080|0.616793|1.000000|-2.000000|-3624281.280282|1.230528|-0.000000|-16.930293|-15.957416|0.019434|0.053150|0.016651|-10434.601918|-0.401207|-1.867399|-1.768179|-2.558531|0.382478|-2.097452|-0.141801|-2.097452|-1169.424285|-82693484.070137|-139.172935|297133.695670|-0.000003|-275592.173385|-1.323723|0.004896|19.444391|-0.031420|-2.842649|-22.983333|0.173111|-1.867399|-122.816676
1412|15235786.768518|-1.106655|-2.097452|-5.200000|-7.989294|-16.366113|-2.994230|-5.850906|2017.400000|-2.097452|-0.306199|13996865.565348|-0.101109|-18.820844|-1.243126|0.616793|1.000000|-2.000000|-3629429.517970|1.230528|-0.000000|-19.910406|-15.155567|0.021471|0.053150|0.018321|-9422.053478|-0.402130|-1.855500|-3.656874|-2.356644|0.382478|-2.097452|-0.141801|-2.097452|-2266.673269|-82693484.070137|-115.571175|297133.695670|-0.000003|-275592.173385|-1.318915|0.003952|19.321061|-0.029418|-2.842649|-24.983333|0.173111|-1.855500|-122.816676
1413|16670839.431000|-1.125954|-2.097452|-5.200000|-7.989294|-16.331245|-2.994230|-3.312641|3962.200000|-2.097452|-0.255782|14958685.228956|-0.101109|-18.820844|-1.243419|0.616793|-7.000000|-2.000000|-3631791.988223|1.230528|-0.000000|-18.232879|-14.521566|0.023509|0.053150|0.016335|-7919.498848|-0.402684|-1.858083|-3.487721|-2.122288|0.382478|-2.097452|-0.141801|-2.097452|-2265.200477|-82693484.070137|-129.174291|297133.695670|-0.000003|-275592.173385|-1.314816|0.001935|19.198072|-0.027400|-2.842649|-24.983333|0.173111|-1.858083|-122.816676
1414|16395124.599436|-1.127072|-2.097452|-5.200000|-7.989294|-15.674830|-2.994230|-5.100641|3962.200000|-2.097452|-0.255782|14382762.754944|-0.101109|-18.866850|-1.245639|0.616793|13.000000|-14.000000|-3631193.088945|1.230528|-0.000000|-18.925579|-12.792949|0.034962|0.053150|0.014705|-7182.146900|-0.406139|-1.856891|-25.049913|-1.844568|0.382478|-2.097452|-0.141801|-2.097452|-3465.537381|-82693484.070137|-104.429175|297133.695670|-0.000003|-275592.173385|-1.313320|0.003354|19.075385|-0.025116|-2.842649|-36.983333|0.173111|-1.856891|-122.816676
1415|3643771.164828|-1.088370|-2.097452|-5.200000|-7.989294|-14.992244|-2.994230|-7.047202|3962.200000|-2.097452|-0.255782|1646493.166469|-0.101109|-18.866850|-1.246752|0.616793|-5.000000|-14.000000|-3618561.601312|1.230528|-0.000000|-17.179673|-11.924417|0.048811|0.053150|0.014027|-6565.773931|-0.406266|-1.853363|-25.227939|-1.518572|0.382478|-2.097452|-0.139807|-2.097452|-4910.105018|-79206830.503608|-105.067953|297133.695670|-0.000003|-275592.173385|-1.314388|0.006997|18.952925|-0.022611|-2.842649|-26.983333|0.173111|-1.853363|-122.816676
1416|-9212.549747|-1.025898|-2.097452|-5.200000|-7.989294|-14.746513|-2.994230|-7.379805|3962.200000|-2.097452|-0.255782|-3095065.006378|-0.101109|-18.866850|-1.247309|0.616793|-5.200000|-14.000000|-3614339.207922|1.230528|-0.000000|-15.084526|-11.131459|0.062661|0.053150|0.012760|-5212.484050|-0.402850|-1.855237|-25.589624|-1.139974|0.382478|-2.097452|-0.132637|-2.097452|-4909.719627|-76938478.984414|-103.305758|297133.695670|-0.000003|-275592.173385|-1.312051|0.010286|18.831016|-0.019950|-2.842649|-23.941666|0.173111|-1.855237|-122.816676
1417|-13886896.417214|-0.971372|-2.097452|-5.200000|-8.837100|-14.360087|-2.994230|-9.301104|3962.200000|-2.097452|-0.255782|-16161722.022540|-0.101109|-18.866850|-1.247125|0.616793|-11.200000|-14.000000|-3605904.923526|1.230528|-0.000000|-19.811165|-11.971217|0.076510|0.053150|0.011301|-6981.227605|-0.401453|-1.849501|-22.770114|-0.703829|0.382478|-2.097452|-0.131614|-2.097452|-4908.953949|-76938478.984414|-115.142134|297133.695670|-0.000003|-275592.173385|-1.309715|0.011837|18.709923|-0.017319|-2.817728|-21.266667|0.173111|-1.849501|-122.816676
1418|-27585498.165287|-0.907864|-2.097452|-5.200000|-8.837100|-14.010464|-2.994230|-9.301104|3962.200000|-2.097452|-0.448493|-29746120.158917|-0.101109|-18.866850|-1.246340|0.616793|-9.200000|-14.000000|-3595110.413767|1.230528|-0.000000|-14.718757|-13.002128|0.090360|0.053150|0.010275|-9194.798785|-0.389187|-1.845986|-19.469942|-0.209736|0.382478|-2.097452|-0.129826|-2.097452|-4908.080271|-71363150.462714|-110.877462|297133.695670|-0.000003|-275592.173385|-1.307378|0.011061|18.588610|-0.014821|-2.792807|-21.441667|0.173111|-1.845986|-122.816676
1419|-34825239.101762|-0.760001|-2.097452|-5.200000|-8.837100|-13.313186|-2.994230|-9.301104|3962.200000|-2.097452|-0.448493|-35969196.728211|-0.101109|-18.866850|-1.246409|0.616793|-3.200000|-14.000000|-3593593.458348|1.230528|-0.000000|-25.341936|-12.554343|0.104210|0.053150|0.009490|-10153.851755|-0.374849|-1.840435|-20.266747|0.345196|0.382478|-2.097452|-0.128917|-2.097452|-4910.247715|-69836363.012877|-100.249703|297133.695670|-0.000003|-275592.173385|-1.305041|0.011037|18.466171|-0.012394|-2.767886|-16.316667|0.173111|-1.840435|-122.816676
1420|-33524568.637568|-0.671324|-2.097452|-5.200000|-8.837100|-12.872792|-2.994230|-9.301104|3962.200000|-2.097452|-0.448493|-35532081.995650|-0.101109|-18.866850|-1.246675|0.616793|-1.200000|-14.000000|-3594093.619460|1.230528|-0.000000|-17.776860|-12.423775|0.118059|0.053150|0.009873|-10381.404032|-0.359247|-1.822834|-22.854381|0.967872|0.382478|-2.097452|-0.128802|-2.097452|-4910.547931|-69769559.195768|-107.906060|297133.695670|-0.000003|-7826429.111756|-1.302705|0.012427|18.344140|-0.010009|-2.742966|-17.291667|0.173111|-1.822834|-122.816676
1421|-38110774.500000|-0.393593|-2.097452|-5.200000|-8.837100|-12.283863|-2.994230|-9.301104|3962.200000|-2.097452|-0.448493|-40361746.484965|-0.101109|-17.779843|-1.247039|0.616793|-3.200000|-14.000000|-3590849.084657|1.230528|-0.000000|-24.262087|-11.716179|0.131909|0.053150|0.010397|-9915.151291|-0.361039|-1.804434|-23.318991|1.658238|0.382478|-2.097452|-0.126159|-2.097452|-4909.835216|-69021645.472076|-96.376883|297133.695670|-0.000003|-7826429.111756|-1.297149|0.015392|18.222540|-0.007664|-2.718045|-13.250000|0.173111|-1.804434|-122.816676
1422|-37444557.131942|-0.106638|-2.097452|-5.200000|-8.837100|-11.560547|-2.994230|-9.301104|3962.200000|-1.439937|-0.448493|-39250868.321999|-0.086058|-13.236340|-1.247453|0.616793|-3.200000|-14.000000|-3590626.268115|1.230528|-0.000000|-10.918682|-10.544098|0.145759|0.053150|0.011520|-6340.187143|-0.349704|-1.791970|-23.817437|2.412310|0.382478|-2.097452|-0.122765|-2.097452|-4909.828497|-67665107.064440|-92.417226|297133.695670|-0.000003|-7826429.111756|-1.288060|0.019158|18.101381|-0.005356|-2.693124|-13.250000|0.173111|-1.791970|-122.816676
1423|-36593304.465458|-0.010674|-2.097452|-5.200000|-8.837100|-10.715642|-2.994230|-9.301104|3962.200000|-1.439937|-0.448493|-38617888.062480|-0.086058|-11.964588|-1.248123|0.547334|-1.200000|-14.000000|-3594099.442715|1.230528|-0.000000|-8.316062|-8.758213|0.159608|0.053150|0.012996|-6004.201443|-0.347492|-1.787454|-26.818560|3.222052|0.382478|-2.097452|-0.121170|-2.097452|-4909.710612|-65998897.402692|-83.046952|297133.695670|-0.000003|-7826429.111756|-1.278971|0.020496|17.980556|-0.003060|-2.668203|-16.416667|0.173111|-1.787454|-122.816676
1424|-39932099.914720|0.013377|-2.097452|-5.200000|-8.837100|-9.951204|-2.994230|-9.301104|3962.200000|-1.439937|-0.448493|-42091418.132399|-0.086058|-7.328712|-1.247763|0.471102|-11.200000|-14.000000|-3590754.133129|1.230528|-0.000000|-6.676068|-7.515007|0.173458|0.053150|0.014479|-4337.429756|-0.347492|-1.785540|-18.302928|4.065389|0.382478|-2.097452|-0.110007|-2.097452|-4906.291796|-63836037.122703|-99.778615|297133.695670|-0.000003|-7826429.111756|-1.269882|0.031675|17.859872|-0.000829|-2.643282|-20.108333|0.173111|-1.785540|-122.816676
1425|-48993726.764208|0.081698|-2.097452|-5.200000|-8.837100|-8.878617|-2.994230|-9.301104|3962.200000|-1.439937|-0.448493|-50428899.838984|-0.086058|-6.607578|-1.248046|0.348878|-1.200000|-14.000000|-3583066.215010|1.230528|-0.000000|-11.219167|-6.811501|0.187307|0.053150|0.015108|-3339.545295|-0.349149|-1.787360|-23.118255|4.929558|0.382478|-2.097452|-0.104002|-2.097452|-4910.641171|-60578049.076922|-104.642484|297133.695670|-0.000003|-7826429.111756|-1.260793|0.042432|17.739684|0.001375|-2.618361|-17.241667|0.173111|-1.787360|-122.816676
1426|-50325031.597487|0.380957|-2.097452|-5.200000|-8.837100|-7.146277|-2.994230|-9.301104|3962.200000|-1.439937|-0.448493|-50457261.779731|-0.086058|-6.607578|-1.247956|0.249295|-7.200000|-14.000000|-3582132.742148|1.230528|-0.000000|-17.767888|-6.548100|0.201157|0.053150|0.016401|-2300.594515|-0.352238|-1.788338|-22.482891|5.800368|0.382478|-2.097452|-0.097821|-2.097452|-4908.498263|-60578049.076922|-105.673400|297133.695670|-0.000003|-7826429.111756|-1.251704|0.051221|17.619460|0.003562|-2.593440|-10.308333|0.173111|-1.788338|-122.816676
1427|-53226896.902668|0.676530|-1.439937|-5.200000|-8.837100|-6.340826|-2.994230|-9.301104|3962.200000|-1.439937|-0.448493|-52578872.707613|-0.010267|-6.607578|-0.678815|0.130111|-3.200000|-14.000000|-3580261.902171|1.230528|-0.000000|-16.547233|-6.059058|0.215007|0.053150|0.020652|-1424.102136|-0.355671|-1.784186|-23.151383|6.661405|0.382478|-2.097452|-0.095158|-2.097452|-4909.556681|-60578049.076922|-95.570754|297133.695670|-0.000002|-7826429.111756|-1.233992|0.056233|17.499260|0.005826|-2.593440|-8.950000|0.052708|-1.784186|-122.816676
1428|-52327285.787023|0.729727|-1.439937|-5.200000|-8.837100|-5.802561|-2.109913|-9.301104|3962.200000|-1.439937|-0.448493|-52268916.862055|-0.010267|-6.607578|-0.676884|0.130111|-7.200000|-14.000000|-3582448.454586|1.230528|-0.000000|-15.987937|-5.679623|0.228856|0.053150|0.024464|-2109.164795|-0.355503|-1.793052|-21.261930|7.504392|0.382478|-2.097452|-0.093625|-2.097452|-4908.471025|-60578049.076922|-105.788389|297133.695670|-0.000002|-7826429.111756|-1.216281|0.057720|17.378790|0.008005|-2.593440|-11.925000|0.052708|-1.793052|-122.816676
1429|-53563450.280638|0.743423|-1.439937|-5.200000|-8.837100|-5.706418|-3.473121|-9.301104|3962.200000|-1.439937|-0.448493|-54836781.874645|-0.010267|-5.104460|-0.677601|0.130111|6.800000|-14.000000|-3587508.930692|1.230528|-0.000000|-6.702883|-5.745351|0.242706|0.053150|0.026665|-1792.069092|-0.355637|-1.795211|-52.521495|8.323588|0.382478|-2.097452|-0.086982|-2.097452|-4910.525033|-60578049.076922|-95.735700|297133.695670|-0.000002|-7826429.111756|-1.198570|0.060115|17.249671|0.010169|-2.593440|-19.391667|0.052708|-1.795211|-122.816676
1430|-52830204.000000|0.831636|-1.439937|-5.200000|-8.837100|-5.706418|-3.473121|-9.301104|3962.200000|-1.439937|-0.448493|-53601893.825770|-0.009908|-5.104460|-0.678212|0.130111|-1.200000|-14.000000|-3593935.359453|1.230528|-0.000000|-19.843261|-6.073305|0.256556|0.053150|0.028631|679.988190|-0.354536|-1.798262|-57.989790|9.112884|0.382478|-2.097452|-0.081375|-2.097452|-4910.431465|-60578049.076922|-83.975829|297133.695670|-0.000002|-7826429.111756|-1.180859|0.063405|17.110397|0.012265|-2.593440|-11.391667|0.052708|-1.798262|-122.816676
1431|-52016572.699510|0.867010|-1.439937|-5.000000|-8.837100|-5.706418|-3.473121|-9.301104|3962.200000|-1.439937|-0.448493|-52715503.798856|0.011915|-5.104460|-0.678139|0.130111|-11.200000|-14.000000|-3592189.476273|1.230528|-0.000000|-7.724279|-6.136557|0.270405|0.049842|0.030407|1238.601315|-0.353664|-1.803634|-47.484649|9.864671|0.382478|-2.097452|-0.079079|-2.097452|-4907.771247|-60578049.076922|-94.560005|297133.695670|-0.000002|-7826429.111756|-1.163148|0.066698|16.960782|0.014341|-2.593440|-13.391667|0.052708|-1.803634|-122.816676
1432|-45804443.652802|0.907706|-1.439937|-5.000000|-8.837100|-5.706418|-3.473121|-9.301104|3962.200000|-1.439937|-0.448493|-45230245.622214|0.011168|-5.104460|-0.678608|0.130111|2.800000|-14.000000|-3596281.544660|1.230528|-0.000000|-11.453913|-6.398518|0.284255|0.044493|0.030409|1208.811220|-0.365646|-1.829759|-64.525376|10.577136|0.382478|-2.097452|-0.071494|-2.097452|-4909.964956|-60578049.076922|-101.189086|297133.695670|-0.000002|-7826429.111756|-1.145437|0.070236|16.807247|0.016345|-2.593440|-15.391667|0.052708|-1.829759|-122.816676
1433|-46334451.263362|1.126769|-1.439937|-5.000000|-8.837100|-5.706418|-3.473121|-9.301104|3962.200000|-1.439937|-0.448493|-47326899.095756|0.002698|-5.104460|-0.678842|0.130111|-5.200000|-14.000000|-3596674.645200|1.230528|-0.000000|-9.967797|-6.508968|0.298105|0.043355|0.030596|887.291961|-0.369648|-1.859131|-64.109205|11.244292|0.382478|-2.097452|-0.058838|-2.097452|-4909.613934|-58177456.758647|-87.548549|297133.695670|-0.000002|-7826429.111756|-1.121472|0.075377|16.652573|0.018292|-2.593440|-9.391667|0.052708|-1.859131|-122.816676
1434|-39365064.499484|1.190405|-1.439937|-5.000000|-8.837100|-5.706418|-3.473121|-9.301104|3962.200000|-1.439937|-0.448493|-41791947.554965|0.002698|-5.104460|-0.679465|0.130111|4.800000|-14.000000|-3604126.475560|1.230528|-0.000000|-11.500651|-6.926804|0.311954|0.043355|0.030344|2135.889933|-0.366551|-1.891736|-87.483388|11.880421|0.382478|-2.097452|-0.060063|-2.097452|-4910.422656|-57037877.071882|-85.797462|297133.695670|-0.000002|-7826429.111756|-1.100219|0.078192|16.496765|0.020182|-2.593440|-15.391667|0.052708|-1.891736|-122.816676
1435|-38184576.418404|1.352014|-1.439937|-5.000000|-8.837100|-5.706418|-3.473121|-9.301104|3962.200000|-1.439937|-0.448493|-41120004.686868|0.014419|-5.104460|-0.680031|0.130111|-1.200000|-14.000000|-3605166.817251|1.230528|-0.000000|-16.947897|-7.333621|0.325362|0.039698|0.029845|5189.949284|-0.363094|-1.924126|-92.433146|12.493782|0.382478|-2.097452|-0.053237|-2.097452|-4910.097173|-54244487.102281|-71.068422|297133.695670|-0.000002|-7826429.111756|-1.080573|0.081721|16.338504|0.022069|-2.593440|-11.391667|0.052708|-1.924126|-122.816676
1436|-40601712.435164|1.590394|-1.439937|-5.000000|-8.837100|-5.706418|-3.473121|-9.301104|3962.200000|-1.439937|-0.448493|-42635851.052131|0.014419|-5.104460|-0.679933|0.130111|-11.000000|-14.000000|-3464715.804422|1.230528|-0.000000|-6.802845|-7.646836|0.338770|0.037356|0.029268|7973.692446|-0.363094|-1.879727|-83.411652|13.093624|0.382478|-2.097452|-0.043803|-1.439937|-4908.885350|-43488584.300538|-80.224824|297133.695670|-0.000002|-7826429.111756|-1.060928|0.085990|16.175170|0.023867|-2.602473|-11.391667|0.052708|-1.879727|-122.816676
1437|-44628413.280822|1.711348|-1.439937|-5.000000|-8.837100|-5.706418|-3.473121|-9.301104|3962.200000|-1.439937|-0.448493|-45650182.344105|0.014419|-5.104460|-0.679505|0.130111|-11.000000|-14.000000|-3462326.590126|1.230528|-0.000000|-6.767226|-7.739566|0.352177|0.036170|0.028906|9221.810256|-0.363094|-1.691404|-70.895433|13.690472|0.382478|-2.097452|-0.037962|-1.439937|-4907.735666|-40953767.433111|-73.429369|297133.695670|-0.000002|-7826429.111756|-1.041282|0.094450|16.002728|0.025559|-2.611506|-13.391667|0.052708|-1.691404|-122.816676
1438|-45196072.500000|1.881672|-1.439937|-5.000000|-8.837100|-5.706418|-3.473121|-9.301104|3962.200000|-1.439937|-0.448493|-44900467.337978|0.014419|-6.391353|-0.679670|0.130111|1.000000|-14.000000|-3463128.056604|1.230528|-0.000000|-24.403637|-7.871712|0.365585|0.036170|0.027494|9657.852548|-0.357251|-1.526387|-81.428568|14.291777|0.382478|-2.097452|-0.040023|-1.439937|-4910.641317|-40670875.375495|-57.915549|297133.695670|-0.000002|-7826429.111756|-1.021636|0.097013|15.820323|0.027094|-2.620539|-11.391667|0.052708|-1.526387|-122.816676
1439|-48411428.398008|2.099219|-1.439937|-5.000000|-8.837100|-5.706418|-3.473121|-9.301104|3962.200000|-1.439937|-0.448493|-45708911.277103|0.014419|-6.391353|-0.679627|0.130111|-7.000000|-14.000000|-3461557.727037|1.230528|-0.000000|-10.990073|-8.070717|0.378993|0.036170|0.026143|11028.353276|-0.359764|-1.431049|-78.990008|14.896665|0.382478|-2.097452|-0.034904|-1.439937|-4909.149845|-40670875.375495|-63.480704|297133.695670|-0.000002|-7826429.111756|-1.001991|0.100812|15.626706|0.028506|-2.629573|-9.391667|0.052708|-1.431049|-122.816676
1440|-55930297.500000|2.257344|-1.439937|-5.000000|-8.837100|-5.706418|-3.473121|-9.301104|4438.800000|-1.439937|-0.448493|-53070735.471475|0.014419|-6.391353|-0.679351|0.130111|-9.000000|-14.000000|-3456758.255248|1.230528|-0.000000|-10.541865|-8.284454|0.392401|0.036170|0.024691|12868.754590|-0.356474|-1.389636|-70.458174|15.501399|0.382478|-2.097452|-0.031492|-1.439937|-4908.591479|-40670875.375495|-77.862045|297133.695670|-0.000002|-7826429.111756|-0.982345|0.106495|15.420885|0.029736|-2.638606|-13.391667|0.052708|-1.389636|-122.816676
1441|-62222410.030242|2.502726|-1.439937|-5.000000|-8.837100|-5.706418|-3.473121|-9.301104|4438.800000|-1.439937|-0.448493|-60139384.913717|0.019355|-6.391353|-0.679467|0.130111|-1.000000|-14.000000|-3453623.313272|1.230528|-0.000000|-9.519718|-8.383087|0.406372|0.035221|0.023395|17551.270653|-0.355075|-1.352717|-75.064953|16.108944|0.382478|-2.097452|-0.024365|-1.439937|-4909.652536|-40670875.375495|-77.829474|297133.695670|-0.000002|-7826429.111756|-0.962699|0.110888|15.199622|0.030822|-2.647639|-9.391667|0.052708|-1.352717|-122.816676
1442|-65429020.096214|2.740122|-1.439937|-5.000000|-8.837100|-5.706418|-3.473121|-9.301104|4438.800000|-1.439937|-0.448493|-64160520.600461|0.069908|-6.391353|-0.679272|0.061767|-9.000000|-14.000000|-3450994.027540|1.230528|-0.000000|-9.282030|-8.758846|0.418184|0.031715|0.022298|26932.560361|-0.352119|-1.334334|-67.670579|16.714265|0.382478|-2.097452|-0.030336|-1.439937|-4909.578282|-40661614.856037|-87.592521|297133.695670|-0.000002|-7826429.111756|-0.955922|0.113465|14.956975|0.031754|-2.845579|-11.525000|0.052708|-1.334334|-122.816676
1443|-68740938.379351|2.902517|-1.439937|-4.800000|-8.837100|-5.706418|-3.473121|-9.301104|4438.800000|-1.439937|-0.448493|-74963342.775128|0.069908|-6.391353|-0.610434|0.016564|-11.000000|-14.000000|-3447599.223037|1.230528|-0.000000|-7.611777|-8.911261|0.429996|0.027718|0.022773|30294.654442|-0.348784|-1.323564|-56.118289|17.313413|0.382478|-2.097452|-0.033371|-1.439937|-4909.253628|-40606632.027402|-107.753644|297133.695670|-0.000002|-7826429.111756|-0.962901|0.116029|14.682711|0.032625|-3.043520|-11.633333|0.052708|-1.323564|-122.816676
1444|-74434081.750000|3.036844|-1.439937|-4.000000|-8.837100|-5.706418|-3.473121|-9.301104|4438.800000|-1.439937|-0.448493|-82724122.472837|0.230713|-6.391353|-0.610163|-0.068291|-9.000000|-14.000000|-3442444.320146|1.230528|-0.000000|-13.711055|-9.024684|0.432393|0.025728|0.022796|39844.921375|-0.346505|-1.337362|-48.025275|17.898165|0.382478|-2.097452|-0.030688|-1.439937|-4908.990852|-40585495.803435|-103.753858|297133.695670|-0.000002|-7826429.111756|-0.970208|0.120300|14.417101|0.033444|-3.241460|-11.683333|0.052708|-1.337362|-122.816676
1445|-81159994.582902|3.186624|-1.439937|-2.400000|-8.837100|-5.706418|-3.473121|-9.301104|4438.800000|-1.439937|-0.448493|-88936565.165232|0.230713|-6.391353|-0.610027|-0.116452|-3.000000|-14.000000|-3437464.087547|1.230528|-0.000000|-9.198688|-9.101379|0.432393|0.025728|0.019225|49279.876556|-0.345815|-1.357244|-52.301317|18.460715|0.382478|-2.097452|-0.029726|-1.439937|-4910.464554|-46262762.501153|-116.283918|297133.695670|-0.000002|-7826429.111756|-0.977515|0.125814|14.160329|0.034177|-3.439400|-11.683333|0.052708|-1.357244|-122.816676
1446|-83673110.433736|3.632596|-1.439937|-1.600000|-8.837100|-5.706418|-3.473121|-9.301104|4438.800000|-1.439937|-0.448493|-90267629.981596|0.230713|-6.391353|-0.609960|-0.116452|-5.000000|-14.000000|-3574146.814359|1.230528|-0.000000|-9.192078|-9.170769|0.432393|0.025728|0.018880|58791.814713|-0.349064|-1.371511|-52.301317|18.994939|0.382478|-2.097452|-0.033937|-1.439937|-4909.724568|-46870475.874005|-115.187177|297133.695670|-0.000002|-7826429.111756|-0.994325|0.126857|13.913799|0.034833|-3.637341|-7.941667|0.052708|-1.371511|-122.816676
1447|-86536828.553904|4.086497|-1.439937|-1.000000|-5.579732|-5.706418|-3.473121|-9.301104|4438.800000|-1.439937|-0.448493|-91652497.982890|0.230713|-6.391353|-0.609926|-0.116452|-5.000000|-14.000000|-3848106.741818|1.230528|-0.000000|-9.076474|-9.043075|0.432393|0.025728|0.017647|63209.208181|-0.350653|-1.375305|-51.733212|19.497756|0.382478|-2.097452|-0.038831|-1.439937|-4910.171742|-46870475.874005|-120.356016|297133.695670|-0.000002|-7826429.111756|-1.010899|0.126799|13.667438|0.035453|-3.835281|-7.941667|0.052708|-1.375305|-122.816676
1448|-89785397.500000|4.328510|-1.439937|-0.800000|-5.579732|-5.706418|-3.473121|-7.249720|4438.800000|-1.439937|-0.448493|-93035214.256490|0.230713|-6.391353|-0.609796|-0.116452|-6.800000|-14.000000|-3846794.530393|1.230528|-0.000000|-8.386233|-9.151288|0.432393|0.025728|0.017155|64856.460180|-0.355059|-1.372922|-49.233953|19.963701|0.382478|-2.097452|-0.050553|-1.439937|-4908.406057|-46870475.874005|-111.169326|297133.695670|-0.000002|-7826429.111756|-1.027474|0.127030|13.420741|0.036033|-4.033221|-9.941667|0.052708|-1.372922|-32.175398
1449|-94062075.800308|4.484228|-1.439937|-0.200000|-5.579732|-5.706418|-3.473121|-6.631802|4438.800000|-1.439937|-0.448493|-96694215.703986|0.230713|-6.391353|-0.610071|-0.116452|2.000000|-14.000000|-3707724.168879|1.230528|-0.000000|-6.941652|-9.139517|0.432393|0.025728|0.016025|67145.600837|-0.350100|-1.362589|-61.842358|20.392131|0.382478|-2.097452|-0.060675|-1.439937|-4909.994144|-46879016.233649|-132.579821|297133.695670|-0.000002|-7826429.111756|-1.040077|0.126866|13.172133|0.036549|-4.231162|-11.941667|0.052708|-1.362589|-32.175398
1450|-96996861.229064|4.720779|-1.439937|-0.200000|-5.579732|-5.706418|-3.473121|-6.562451|4438.800000|-1.439937|-0.448493|-99648521.799360|0.230713|-6.391353|-0.609981|-0.116452|-4.400000|-14.000000|-3156378.148637|1.230528|-0.000000|-5.980540|-9.267025|0.432393|0.025728|0.015790|70279.532281|-0.349026|-1.358827|-59.129193|20.784787|0.382478|-2.097452|-0.060675|-1.439937|-4910.111531|-53055005.682066|-180.571165|297133.695670|-0.000002|-7826429.111756|-1.045934|0.126756|12.922168|0.037020|-5.852738|-9.941667|0.052708|-1.358827|-32.175398
1451|-103270099.249669|4.896439|-1.439937|-0.200000|-5.579732|-5.706418|-3.473121|-6.562451|3914.400000|-1.439937|-0.448493|-106753386.323638|0.230713|-6.391353|-0.610164|-0.116452|2.400000|-14.000000|-3425526.649010|1.230528|-0.000000|-5.515343|-9.271012|0.432393|0.025728|0.015680|72072.485143|-0.347546|-1.354606|-67.254944|21.140223|0.382478|-2.097452|-0.060675|-1.439937|-4911.187480|-55104044.436655|-151.199716|297133.695670|-0.000002|-7826429.111756|-1.040071|0.126466|12.670859|0.037475|-7.474314|-11.941667|0.052708|-1.354606|-32.175398
1452|-103459847.944758|5.053258|-1.439937|-0.200000|-5.579732|-5.706418|-3.473121|-6.562451|3914.400000|-1.439937|-0.448493|-106744589.833739|0.230713|-6.391353|-0.610709|-0.116452|7.000000|-14.000000|-3426362.988257|1.230528|-0.000000|-9.931885|-9.229838|0.432393|0.025728|0.015564|74331.339049|-0.340678|-1.345776|-95.674002|21.460597|0.382478|-2.097452|-0.060675|-1.439937|-4910.518231|-55374184.037599|-149.425095|297133.695670|-0.000002|-7826429.111756|-1.032712|0.126048|12.418305|0.037916|-9.095890|-15.941667|0.052708|-1.345776|-32.175398
1453|-108535369.032974|5.209473|-1.439937|-0.200000|-8.413344|-5.706418|-3.473121|-6.562451|3914.400000|-1.439937|-0.448493|-111204224.507353|0.230713|-6.391353|-0.610755|-0.116452|-4.800000|-14.000000|-3832455.944357|1.230528|-0.000000|-10.357285|-9.531397|0.432393|0.025728|0.013838|77162.123512|-0.335907|-1.316866|-87.567150|21.747523|0.382478|-2.097452|-0.060675|-1.439937|-4909.632785|-55374184.037599|-168.696678|297133.695670|-0.000002|-7826429.111756|-1.021740|0.127226|12.164176|0.038326|-10.717466|-12.275000|0.052708|-1.316866|-32.175398
1454|-110673291.444264|5.431071|-1.439937|-0.200000|-8.413344|-5.706418|-3.473121|-6.562451|3914.400000|-1.439937|-0.448493|-112727517.850373|0.230713|-6.391353|-0.610892|-0.116452|1.800000|-14.000000|-3967367.979412|1.230528|-0.000000|-6.866871|-9.722225|0.432393|0.025728|0.013256|77950.136013|-0.337058|-1.307273|-90.102803|22.002361|0.382478|-2.097452|-0.060675|-1.439937|-4910.227652|-55962551.687377|-209.841361|297133.695670|-0.000002|-7826429.111756|-1.011135|0.127049|11.908973|0.038723|-12.339042|-10.275000|0.052708|-1.307273|-32.175398
1455|-116569369.400000|5.531887|-1.439937|-0.200000|-8.413344|-5.706418|-3.473121|-6.562451|3914.400000|-1.439937|-0.448493|-117104072.960977|0.230713|-6.391353|-0.610960|-0.079869|-0.200000|-14.000000|-4509260.769276|1.230528|-0.000000|-9.184990|-9.915341|0.432393|0.025728|0.011699|79499.482090|-0.338242|-1.305853|-90.389788|22.226258|0.382478|-2.097452|-0.060675|-1.439937|-4908.602457|-55962551.687377|-272.746755|297133.695670|-0.000002|-7826429.111756|-1.000765|0.116047|11.652471|0.039097|-13.960617|-14.691667|0.052708|-1.305853|-32.175398
1456|-117083126.916232|5.632876|-1.439937|-0.400000|-8.413344|-5.706418|-3.473121|-6.562451|3914.400000|-1.439937|-0.448493|-116607424.639547|0.230713|-6.391353|-0.611108|0.019451|3.800000|-14.000000|-4919513.957244|1.230528|-0.000000|-6.657852|-10.066401|0.432393|0.025728|0.010840|80360.081347|-0.338517|-1.307207|-102.422781|22.420176|0.382478|-2.097452|-0.060675|-1.439937|-4910.370023|-55962551.687377|-182.035484|297133.695670|-0.000002|-7826429.111756|-0.990396|0.114131|11.394618|0.039492|-15.607114|-14.741667|0.052708|-1.307207|-32.175398
1457|-126794475.689484|5.723536|-1.439937|-0.800000|-8.413344|-5.706418|-3.473121|-6.562451|3914.400000|-1.439937|-0.448493|-125181126.333002|0.230713|-6.391353|-0.611068|0.101499|-0.200000|-14.000000|-5043447.782407|1.230528|-0.000000|-5.497829|-10.260822|0.432393|0.025728|0.010064|80790.196185|-0.336252|-1.309109|-102.237604|22.584918|0.382478|-2.097452|-0.060675|-1.439937|-4909.295106|-68584171.994490|-210.663710|297133.695670|-0.000002|-7826429.111756|-0.980026|0.109149|11.134649|0.039876|-17.253611|-14.741667|0.052708|-1.309109|-32.175398
1458|-139434061.273983|5.866429|-1.439937|-1.000000|-8.413344|-5.706418|-3.473121|-6.562451|3914.400000|-1.439937|-0.448493|-138747071.341394|0.230713|-6.391353|-0.610934|0.194092|-4.200000|-14.000000|-5435544.711910|1.230528|-0.000000|-13.345414|-9.866014|0.432393|0.025728|0.009878|82111.287836|-0.327831|-1.308946|-94.116140|22.721144|0.382478|-2.097452|-0.060675|-1.439937|-4909.149201|-70435991.075677|-270.847703|297133.695670|-0.000002|-7826429.111756|-0.969656|0.107362|10.870566|0.040211|-18.900108|-13.008334|0.052708|-1.308946|-32.175398
1459|-147943738.708611|5.976551|-1.439937|-1.600000|-8.413344|-5.706418|-3.473121|-6.562451|3914.400000|-1.439937|-0.448493|-147655667.122212|0.230713|-6.391353|-0.610981|0.244743|1.800000|-14.000000|-6234621.816556|1.230528|-0.000000|-7.269308|-9.796420|0.432393|0.025728|0.010089|83726.683959|-0.319176|-1.308903|-99.725937|22.829389|0.382478|-2.097452|-0.060675|-1.439937|-4910.009379|-76339186.788179|-187.638600|297133.695670|-0.000002|-7826429.111756|-0.959287|0.102538|10.601954|0.040518|-20.546605|-15.983334|0.052708|-1.308903|-32.175398
