859|nan|nan|nan|nan|nan|nan|nan|nan|nan|nan|nan|nan|nan|nan|nan|nan|nan|nan|nan
900|nan|nan|nan|nan|nan|nan|nan|nan|nan|nan|nan|nan|nan|nan|nan|nan|nan|nan|nan
901|nan|nan|nan|nan|nan|nan|nan|nan|nan|nan|nan|nan|nan|nan|nan|nan|nan|nan|nan
902|nan|nan|nan|nan|nan|nan|nan|nan|nan|nan|nan|nan|nan|nan|nan|nan|nan|nan|nan
903|nan|nan|nan|nan|nan|nan|nan|nan|nan|nan|nan|nan|nan|nan|nan|nan|nan|nan|nan
904|nan|nan|nan|nan|nan|nan|nan|nan|nan|nan|nan|nan|nan|nan|nan|nan|nan|nan|nan
905|nan|nan|nan|nan|nan|nan|nan|nan|nan|nan|nan|nan|nan|nan|nan|nan|nan|nan|nan
906|nan|nan|nan|nan|nan|nan|nan|nan|nan|nan|nan|nan|nan|nan|nan|nan|nan|nan|nan
907|nan|nan|nan|nan|nan|nan|nan|nan|nan|nan|nan|nan|nan|nan|nan|nan|nan|nan|nan
908|nan|nan|nan|nan|nan|nan|nan|nan|nan|nan|nan|nan|nan|nan|nan|nan|nan|nan|nan
909|nan|nan|nan|nan|nan|nan|nan|nan|nan|nan|nan|nan|nan|nan|nan|nan|nan|nan|nan
910|nan|nan|nan|nan|nan|nan|nan|nan|nan|nan|nan|nan|nan|nan|nan|nan|nan|nan|nan
911|nan|nan|nan|nan|nan|nan|nan|nan|nan|nan|nan|nan|nan|nan|nan|nan|nan|nan|nan
912|nan|nan|nan|nan|nan|nan|nan|nan|nan|nan|nan|nan|nan|nan|nan|nan|nan|nan|nan
913|nan|nan|nan|nan|nan|nan|nan|nan|nan|nan|nan|nan|nan|nan|nan|nan|nan|nan|nan
914|nan|nan|nan|nan|nan|nan|nan|nan|nan|nan|nan|nan|nan|nan|nan|nan|nan|nan|nan
915|nan|nan|nan|nan|nan|nan|nan|nan|nan|nan|nan|nan|nan|nan|nan|nan|nan|nan|nan
916|nan|nan|nan|nan|nan|nan|nan|nan|nan|nan|nan|nan|nan|nan|nan|nan|nan|nan|nan
917|nan|nan|nan|nan|nan|nan|nan|nan|nan|nan|nan|nan|nan|nan|nan|nan|nan|nan|nan
918|nan|nan|nan|nan|nan|nan|nan|nan|nan|nan|nan|nan|nan|nan|nan|nan|nan|nan|nan
919|nan|nan|nan|nan|nan|nan|nan|nan|nan|nan|nan|nan|nan|nan|nan|nan|nan|nan|nan
920|nan|nan|nan|nan|nan|nan|nan|nan|nan|nan|nan|nan|nan|nan|nan|nan|nan|nan|nan
921|nan|nan|nan|nan|nan|nan|nan|nan|nan|nan|nan|nan|nan|nan|nan|nan|nan|nan|nan
922|nan|nan|nan|nan|nan|nan|nan|nan|nan|nan|nan|nan|nan|nan|nan|nan|nan|nan|nan
923|nan|nan|nan|nan|nan|nan|nan|nan|nan|nan|nan|nan|nan|nan|nan|nan|nan|nan|nan
924|nan|nan|nan|nan|nan|nan|nan|nan|nan|nan|nan|nan|nan|45.090736|nan|30.762191|nan|nan|nan
925|nan|nan|nan|nan|nan|nan|nan|nan|nan|nan|nan|nan|nan|41.627766|nan|26.356812|nan|nan|nan
926|nan|nan|nan|nan|nan|nan|nan|nan|nan|nan|nan|nan|nan|45.832977|nan|26.182868|nan|nan|nan
927|nan|nan|nan|nan|nan|nan|nan|nan|nan|nan|nan|nan|nan|33.750407|nan|25.857904|nan|nan|nan
928|nan|nan|nan|nan|nan|nan|nan|nan|nan|nan|nan|nan|nan|30.767446|23.203692|25.572675|nan|nan|nan
929|nan|nan|nan|nan|nan|nan|nan|nan|nan|nan|nan|nan|nan|15.618078|23.203692|25.014165|nan|nan|nan
930|nan|nan|nan|nan|nan|nan|nan|nan|nan|nan|nan|nan|nan|5.149940|23.203692|24.402661|nan|nan|nan
931|nan|nan|nan|nan|nan|nan|nan|nan|nan|nan|nan|nan|nan|1.989456|23.203692|23.910847|nan|nan|nan
932|nan|nan|nan|nan|nan|nan|nan|nan|nan|nan|nan|nan|nan|-3.421191|23.203692|23.518340|nan|nan|nan
933|nan|nan|nan|nan|37.663362|nan|nan|nan|nan|nan|nan|nan|nan|-15.091347|23.203692|22.900350|nan|nan|nan
934|nan|nan|nan|nan|35.213929|nan|nan|nan|nan|nan|nan|nan|nan|-55.657605|8.073840|6.522167|nan|nan|nan
935|nan|nan|nan|nan|32.321920|nan|nan|nan|nan|-27.334635|nan|nan|nan|-53.648399|-1.921438|-4.122084|nan|nan|nan
936|nan|nan|nan|nan|30.432657|nan|nan|nan|nan|-14.673867|nan|nan|nan|-48.319425|-1.921438|-4.602930|nan|nan|nan
937|nan|nan|nan|nan|28.678143|nan|nan|nan|nan|-23.356779|nan|nan|nan|-42.881279|-1.921438|-4.792923|nan|nan|nan
938|nan|nan|nan|nan|27.491603|nan|nan|nan|nan|-0.867947|nan|nan|nan|-17.868319|-1.921438|-4.445799|nan|nan|nan
939|nan|nan|nan|nan|27.288190|nan|nan|nan|nan|14.228760|nan|nan|nan|-21.622449|-1.921438|-4.452491|nan|nan|nan
940|nan|nan|nan|nan|27.041132|nan|nan|nan|nan|-9.934033|nan|nan|nan|-25.255356|-1.921438|-4.427765|nan|nan|nan
941|nan|nan|nan|nan|27.154426|nan|nan|nan|nan|-23.109043|nan|nan|nan|-21.739728|-1.921438|-4.378791|nan|nan|nan
942|nan|nan|nan|nan|27.412273|nan|nan|nan|nan|-11.009253|nan|nan|nan|-28.673681|-1.921438|-4.465304|nan|nan|nan
943|nan|-34.245742|nan|nan|27.437182|nan|nan|nan|nan|-28.334093|nan|nan|nan|-27.581959|-1.921438|-4.348926|-0.022095|nan|nan
944|nan|-31.750218|nan|nan|27.738970|nan|nan|nan|nan|-16.680947|nan|nan|nan|-15.654012|-1.921438|-4.075453|-0.019642|nan|nan
945|nan|-29.709898|nan|nan|28.310176|nan|nan|nan|nan|-11.923434|nan|nan|nan|-17.649863|-1.921438|-3.990208|-0.019772|nan|nan
946|nan|-28.526408|nan|nan|28.846513|nan|nan|nan|nan|-28.906497|nan|nan|nan|-26.006714|-1.921438|-4.052989|-0.021080|nan|nan
947|nan|-27.550625|nan|nan|29.349645|nan|nan|nan|nan|-19.698250|nan|nan|nan|-27.035747|-1.921438|-4.076800|-0.021057|nan|nan
948|nan|-26.351590|nan|-22.402076|29.803269|nan|nan|nan|nan|-9.805512|nan|nan|nan|-22.096735|-1.921438|-3.916045|-0.019755|nan|nan
949|nan|-25.092422|nan|-20.845058|30.530047|nan|nan|nan|nan|-12.455553|nan|nan|nan|-21.493955|-1.921438|-3.920726|-0.019220|nan|nan
950|nan|-25.085836|nan|-40.836627|31.328363|nan|nan|nan|nan|-22.221339|nan|nan|nan|-44.180639|-1.921438|2.087559|-0.022987|nan|nan
951|nan|-24.727422|nan|-32.764395|31.782168|nan|nan|nan|nan|-20.248079|nan|nan|nan|-38.814956|-1.921438|2.079270|-0.021608|nan|nan
952|nan|-24.207932|nan|-30.151436|32.552980|nan|nan|nan|nan|-20.619487|nan|nan|nan|-37.446235|-1.921438|8.197403|-0.020945|nan|nan
953|nan|-23.722649|nan|-29.871238|33.280272|nan|4.728912|nan|nan|-13.150437|nan|nan|nan|-39.317085|-1.921438|20.742045|-0.020897|nan|nan
954|nan|-22.701191|nan|-15.313923|34.034166|nan|-5.424340|nan|nan|-12.620774|nan|nan|nan|-28.083038|-1.921438|20.871010|-0.018465|nan|nan
955|nan|-21.884395|nan|nan|34.618875|nan|-10.431422|nan|nan|-18.619373|nan|nan|nan|-30.853907|-1.921438|26.008687|-0.018646|nan|nan
956|nan|-20.388994|nan|2.427762|35.121783|nan|13.213136|nan|nan|-13.699392|nan|nan|nan|-12.806532|-1.921438|26.446700|-0.015136|nan|nan
957|nan|-18.502598|nan|17.552227|35.524451|nan|16.412105|nan|nan|-8.537304|nan|nan|nan|1.363355|-1.921438|26.965799|-0.012420|nan|nan
958|nan|-17.053161|nan|9.874118|36.045321|nan|7.093367|nan|nan|-7.751678|nan|nan|nan|-4.873748|-1.921438|33.443757|-0.013574|nan|nan
959|nan|-15.903779|nan|nan|36.224330|-24.366551|-12.934963|0.032550|nan|-20.891490|nan|nan|nan|-8.671588|-1.921438|33.886660|-0.014367|nan|nan
1000|nan|-15.130563|nan|-2.049779|36.715353|-23.722804|-30.181583|0.016875|nan|-46.062881|nan|nan|nan|-15.311255|-1.921438|33.918630|-0.015750|nan|nan
1001|nan|-14.423348|nan|nan|37.094661|-23.126148|-33.241467|0.011784|nan|-31.635695|nan|-121.827134|nan|-15.538647|-1.921438|33.954390|-0.015827|nan|nan
1002|nan|-14.133080|nan|-12.722007|37.772640|-22.874309|-49.097228|-0.060197|nan|-44.511364|nan|-122.146153|nan|-25.018723|-1.921438|33.838840|-0.017723|nan|nan
1003|nan|-14.339418|nan|-27.916363|38.654410|-23.118295|-73.993557|-0.106744|nan|-45.885102|nan|-122.683410|nan|-39.583958|-1.921438|33.452629|-0.020594|nan|nan
1004|nan|-13.954246|nan|-8.936222|38.820381|-22.728370|-94.439145|-0.084101|nan|-23.601874|nan|-122.225359|nan|-19.394288|-1.921438|32.476023|-0.017211|nan|nan
1005|nan|-13.664000|nan|-9.077351|38.504475|-22.397037|-90.266576|-0.082201|nan|-21.011163|nan|-121.499224|nan|-16.480845|4.528381|32.474008|-0.017058|nan|nan
1006|nan|-13.273282|nan|-3.310867|37.970243|-21.925127|-78.305211|-0.069943|nan|-10.065531|nan|-120.568555|nan|-9.962302|4.528381|32.640522|-0.016263|nan|nan
1007|nan|-12.988444|nan|-7.159466|38.622586|-21.650873|-73.715386|-0.075634|nan|-1.345368|nan|-119.628620|nan|-11.216053|10.777851|32.475161|-0.016776|nan|nan
1008|nan|-12.414002|nan|4.127886|38.249984|-20.980789|-35.327751|-0.075634|nan|-6.972317|nan|-118.184934|nan|1.706180|23.394538|31.610106|-0.014803|nan|nan
1009|nan|-11.228050|nan|31.637442|39.162469|-19.662989|-8.623309|0.112294|nan|22.443462|nan|-114.950118|nan|31.366238|23.394538|32.198649|-0.009755|nan|nan
1010|nan|-10.110278|nan|nan|40.438957|-18.374450|-6.815196|0.191334|nan|40.952951|nan|-111.786219|nan|36.287265|28.401621|32.661502|-0.009242|nan|nan
1011|nan|-9.414421|nan|19.246077|41.822735|-17.572564|-15.160334|0.202432|nan|22.277741|nan|-109.286286|nan|23.961673|28.401621|32.713012|-0.011906|nan|nan
1012|nan|-8.807964|nan|16.230497|42.790899|-16.838653|-23.505472|0.207554|nan|7.369257|nan|-107.172474|nan|22.567504|28.401621|32.904165|-0.012648|nan|nan
1013|nan|-8.031699|nan|25.835784|43.530228|-15.908275|-10.709593|0.239632|nan|1.247480|nan|-105.594678|nan|34.428727|32.465827|33.202127|-0.010880|nan|nan
1014|nan|-7.417448|nan|20.345934|44.134053|-15.172892|-1.529942|0.245359|nan|2.635517|nan|-104.212648|nan|32.175894|32.465827|33.272295|-0.011648|nan|nan
1030|nan|-7.382033|nan|-4.347973|45.152912|-15.114053|-27.260784|0.233322|nan|-12.518648|nan|-103.515083|nan|9.060216|32.465827|32.856019|-0.016258|nan|nan
1031|nan|-7.129619|nan|2.401637|45.460448|-14.819416|-28.234383|0.220259|nan|-16.032125|nan|-102.708205|nan|17.974720|32.465827|32.833954|-0.015130|nan|nan
1032|nan|-7.046141|nan|-2.728861|45.926892|-14.668810|-32.267868|0.208452|nan|-18.278083|nan|-101.883148|nan|15.596885|32.465827|32.658518|-0.015898|nan|nan
1033|-1.443858|-6.746400|nan|7.420139|46.048436|-14.243975|-15.994848|0.200095|nan|-4.370533|nan|-100.896754|nan|27.196273|32.093367|32.454442|-0.014207|nan|nan
1034|0.799551|-6.465118|nan|8.967425|46.432242|-13.856244|-10.570508|0.192320|nan|5.508813|nan|-100.172035|nan|31.702648|32.093367|32.427842|-0.013252|nan|nan
1035|9.584400|-5.987661|nan|18.811777|46.156836|-13.220748|-22.114616|0.192709|nan|9.421418|nan|-99.189792|nan|42.375902|30.998389|31.615822|-0.010319|nan|nan
1036|1.852299|-4.527603|nan|10.665745|46.379612|-12.862206|-22.114616|0.192709|nan|4.807940|nan|-98.175693|nan|35.538807|30.998389|31.521831|-0.010444|nan|nan
1037|-1.736739|-3.212400|nan|nan|46.503659|-12.570070|-21.836444|0.181736|nan|13.199710|nan|-97.238830|nan|32.284558|30.998389|31.442224|-0.006486|nan|nan
1038|-18.885956|-2.748332|nan|-9.477292|46.883196|-13.455488|-38.387635|0.168006|nan|8.769365|nan|-96.952837|nan|15.247098|30.998389|31.067100|-0.009585|nan|nan
1039|-22.099092|-2.348778|nan|nan|46.956445|-13.974429|-28.095298|0.153641|nan|-1.581258|nan|-96.819231|nan|12.518061|30.998389|30.773291|-0.010123|nan|nan
1040|-22.066929|-1.936268|nan|-11.228988|46.577801|-14.343650|-28.790726|0.153641|nan|-10.443386|nan|-96.100351|nan|12.987993|30.998389|30.700318|-0.010072|nan|nan
1041|-25.381996|-1.765708|nan|-15.483913|46.700641|-14.884795|-12.795878|0.130823|nan|1.143579|nan|-95.704786|nan|9.994871|30.998389|30.493002|-0.010635|nan|nan
1042|-25.619083|-1.510639|nan|nan|46.533603|-15.213583|1.947199|0.130823|nan|-7.874157|nan|-95.405018|nan|10.061632|30.998389|30.337055|-0.010635|nan|nan
1043|-26.535585|-1.281482|nan|nan|46.337175|-15.485232|-5.007083|0.134172|nan|-1.462885|nan|-95.196635|nan|9.557965|30.998389|30.223077|-0.010763|nan|-111.003811
1044|-30.064465|-1.358524|nan|-19.493396|46.646776|-15.589425|-12.656792|0.115470|nan|-10.434693|nan|-95.468900|nan|6.453338|30.998389|29.989382|-0.011378|nan|-111.122517
1045|-26.724998|-1.351032|nan|-14.870182|47.091912|-15.394298|-16.690276|0.120040|nan|2.436242|nan|-95.599230|nan|9.363481|30.998389|29.972638|-0.010738|nan|-111.187579
1046|-6.614780|-0.838625|nan|4.917607|46.703220|-14.645045|3.059884|0.123543|nan|4.362308|3.931127|-95.722563|nan|29.830379|30.998389|30.433238|-0.007024|nan|-111.240864
1047|2.566646|-0.216177|nan|nan|46.633814|-13.674282|1.947199|0.139833|nan|10.059544|13.776849|-95.947326|nan|38.976885|30.998389|30.799684|-0.005333|nan|-111.269145
1048|15.165175|0.586749|nan|nan|46.294403|-12.307319|-1.112685|0.181774|nan|3.333313|27.424764|-95.636906|nan|52.801289|30.998389|31.242100|-0.003029|nan|-111.304418
1049|11.743784|1.177294|nan|nan|46.422650|-10.385018|13.630392|0.188134|nan|9.412821|23.977340|-95.237234|nan|48.490343|30.998389|31.584772|-0.003694|nan|-111.282074
1050|12.001357|2.097546|nan|nan|46.349095|-8.546210|14.464906|0.199393|nan|17.732341|24.133257|-94.597966|nan|47.851021|30.998389|38.909337|-0.002324|nan|-111.259731
1051|15.085861|3.014174|-1292.176320|nan|46.160871|-6.813184|21.558274|0.230501|7.271021|19.480721|26.864142|-93.859385|11.991757|50.326746|30.998389|39.102943|-0.001161|nan|-111.240693
1052|21.262138|3.931613|-1300.285286|32.036288|45.877578|-5.072757|24.618157|0.289662|11.832617|13.469539|32.974610|-92.661660|17.833353|56.491208|30.998389|39.395693|-0.000049|nan|-111.250508
1053|27.571986|4.951528|-1303.151784|nan|45.956782|-3.723639|41.308433|0.400522|23.173667|24.513393|39.004421|-90.863581|23.814035|62.426841|30.998389|39.608568|0.001548|nan|-111.253187
1054|26.807282|5.696887|-1277.327460|36.881224|46.358020|-2.352804|67.595618|0.376061|15.660246|24.949518|37.628411|-89.628016|22.701350|61.447678|30.998389|39.910385|0.001343|nan|-111.255867
1055|15.058453|6.181993|-1239.593084|nan|46.348622|-1.255061|58.276880|0.349183|5.239058|6.419956|25.205610|-88.778563|10.600900|49.605750|30.998389|39.970405|-0.000885|nan|-111.268385
1056|3.989269|6.148959|-1186.183947|12.503674|47.040984|-0.575922|32.406952|0.343105|-2.724490|3.267307|13.602444|-88.411869|-0.804122|38.334251|30.998389|39.687011|-0.002984|nan|-111.280904
1057|-0.133139|5.814580|-1138.965381|nan|46.870964|0.108430|23.922729|0.334320|-9.495599|5.087998|8.997160|-88.072733|-6.534862|33.767033|30.998389|39.446434|-0.003803|nan|-111.293423
1058|9.651929|5.774827|-1092.956278|18.382501|47.183404|1.013961|42.977461|0.329751|-1.717775|12.371143|18.242608|-87.756808|2.922961|43.733378|30.998389|39.549839|-0.002062|nan|-111.293423
1059|2.444204|5.628874|-1044.633474|10.000432|47.701947|1.448884|31.294268|0.320085|-2.908031|13.742337|10.488234|-88.432112|-4.587663|35.856276|30.998389|39.305308|-0.003445|nan|-111.298793
1100|2.593091|5.700861|-989.751468|nan|48.148390|1.903493|6.119768|0.314041|-4.486381|3.680425|10.306277|-89.152361|-4.726749|36.331772|30.998389|39.099602|-0.003470|nan|-111.290358
1101|-7.557788|5.566249|-928.631522|nan|47.983256|2.312649|1.808114|0.313466|-16.518539|3.375401|-0.158971|-89.752397|-15.158171|26.139931|30.998389|40.341123|-0.005390|nan|-111.282507
1102|-0.748052|5.773622|-870.367837|nan|48.473711|2.838239|4.172569|0.315515|-9.341514|11.565140|6.386919|-90.026756|-8.621146|33.416537|30.998389|40.195811|-0.004187|nan|-111.302113
1103|-1.602247|6.231327|-828.964520|nan|49.016284|3.236374|12.239535|0.314095|-7.734937|7.591985|5.163203|-90.615715|-9.733832|32.915828|30.998389|40.073803|-0.002617|nan|-111.360932
1104|-9.284835|6.265409|-802.721269|-3.364293|49.447819|3.407988|6.815196|0.313386|-14.782450|-4.867182|-2.868197|-91.299812|-17.661713|25.341048|30.998389|39.817595|-0.004076|nan|-111.409887
1105|-10.002325|6.263574|-782.737398|-3.169334|49.105949|3.977785|14.743077|0.304290|-22.876049|-10.194145|-3.921879|-91.321296|-20.875312|24.464632|38.062245|42.549004|-0.004255|nan|-111.468705
1106|-10.868220|6.181628|-751.781610|-5.154564|49.631759|4.355752|6.119768|0.293974|-17.348734|3.743845|-5.081476|-91.547359|-21.987997|23.074129|38.062245|42.896966|-0.004459|nan|-111.533014
1107|-15.075779|6.026499|-730.516324|nan|49.786014|4.616057|-1.669027|0.299475|-23.079474|-14.407022|-9.534345|-91.776052|-26.438737|18.720572|38.062245|42.742315|-0.005278|nan|-111.587581
1108|-5.791021|5.977745|-709.901560|nan|50.296164|5.091907|-9.457823|0.304795|-15.239276|2.507355|-0.414518|-92.002502|-17.398171|27.557896|38.062245|42.776087|-0.003615|nan|-111.626988
1109|-3.739133|5.410002|-702.000989|2.104870|50.059324|5.434460|-10.570508|0.312350|-12.791901|-17.111724|1.561462|-92.257643|-15.590058|29.157204|38.062245|39.183610|-0.003282|nan|-111.677582
1110|4.992310|4.929808|-686.747290|10.587691|50.168278|5.979976|-1.808113|0.305428|-5.667676|-15.296341|10.183578|-92.527228|-7.105834|37.959627|35.014166|35.460877|-0.001720|nan|-111.731779
1111|-9.243245|4.348235|-672.915770|-4.740817|50.283190|5.838556|-19.332903|0.334318|-11.330740|-23.598359|-4.120151|-92.968185|-21.570740|23.332156|35.014166|35.376784|-0.004382|nan|-111.740521
1112|-15.849898|3.819391|-668.342964|nan|50.952358|5.342573|-26.148099|0.334318|-15.585936|-5.936111|-10.767366|-93.507623|-28.385936|15.761184|35.014166|35.306810|-0.005636|nan|-111.741613
1113|-18.302399|3.068930|-664.857183|-14.452055|51.877910|4.856790|-29.486154|0.319043|-17.747827|-2.665580|-13.211429|-93.630680|-31.028563|12.062073|35.014166|35.094846|-0.006122|nan|-111.725897
1114|-17.433180|2.420842|-662.844464|nan|52.904671|4.469517|-32.128781|0.330959|-16.252399|9.650753|-12.270090|-93.678986|-30.333135|12.101017|35.014166|34.928334|-0.005994|nan|-111.759460
1115|-16.574050|2.212932|-665.828070|nan|54.307227|4.232531|-27.956212|0.312553|-16.756971|15.466211|-11.372510|-93.728627|-26.597707|12.139961|35.014166|34.799293|-0.005867|nan|-111.793023
1116|-15.585048|1.988784|-703.463456|nan|55.461185|4.028416|-6.954281|0.303825|-15.042457|5.607742|-10.426436|-93.683083|-25.763193|12.317990|35.014166|34.701047|-0.005713|nan|-111.815430
1117|-10.979789|1.907676|-713.477082|-6.706905|56.163808|4.135041|6.676110|0.300228|-13.871717|9.658483|-5.875666|-93.494154|-20.912453|16.111963|35.014166|34.781862|-0.004894|nan|-111.805614
1118|-9.565831|1.713267|-709.799954|nan|56.920232|4.520311|20.445588|0.272363|-15.659946|21.253236|-4.553533|-93.251835|-17.100682|15.967739|35.014166|34.847732|-0.004664|nan|-111.780146
1119|-8.158195|1.448249|-726.959290|nan|56.996109|4.618506|18.081132|0.262883|-7.527809|26.882199|-3.212512|-92.888185|-15.368912|16.123514|35.014166|34.901151|-0.004434|nan|-111.493165
1120|-0.493715|1.248323|-739.041573|nan|57.261725|4.825983|25.591757|0.252978|-1.137551|51.620438|4.372104|-92.423486|-6.738287|22.082180|35.014166|34.944212|-0.003052|nan|-111.114560
1121|-3.545024|1.060656|-750.567145|nan|58.075271|4.906317|25.174500|0.235260|-1.377257|27.493457|1.173137|-92.603637|-9.937257|17.497917|35.014166|34.978674|-0.003640|nan|-110.557365
1122|-6.594543|0.883190|-744.196409|nan|58.547085|4.977788|27.817127|0.196634|-7.696226|-2.624559|-2.139079|-93.133367|-13.136226|13.580322|35.014166|35.006011|-0.004229|nan|-110.065689
1123|-5.759904|1.011609|-726.380447|nan|59.168089|4.880535|34.493237|0.083744|-0.200062|-7.808956|-1.695435|-93.985215|-12.440798|12.557124|35.014166|35.027459|-0.004101|nan|-109.574213
1124|-15.241494|1.007005|-704.536514|-12.784372|60.586159|4.056027|23.783643|0.020196|-1.556971|5.534278|-11.611789|-94.963847|-22.037707|0.908255|35.014166|34.736362|-0.005868|nan|-109.042243
1125|-34.347987|0.704979|-671.647382|-31.969917|61.471962|2.776794|-7.510624|-0.032579|-16.590052|-12.884539|-31.214838|-96.456545|-41.231524|-19.337522|35.014166|51.882542|-0.011716|nan|-108.422943
1126|-39.705705|0.380102|-627.208763|-37.348954|62.131174|1.634074|-24.339986|-0.084102|-24.094024|-12.305308|-37.033124|-98.160851|-46.655864|-26.194774|35.014166|61.494948|-0.013758|nan|-107.750940
1127|-51.208058|-0.162144|-539.013762|-49.252553|62.370887|0.358523|-40.334834|-0.142447|-32.117764|-12.168130|-49.077849|-100.334389|-58.199972|-39.159889|35.014166|49.376104|-0.018067|nan|-107.049757
1128|-48.823281|-0.614311|-446.240154|-45.657241|61.554952|-0.930809|-28.512555|-0.211351|-29.993676|-22.706528|-47.210025|-102.575405|-51.195516|-37.941774|31.462262|29.246282|-0.017633|nan|-106.480168
1129|-36.714267|-0.819392|-365.505597|-33.475644|61.142131|-1.859667|-23.922729|-0.255538|-22.133961|-17.045622|-35.491225|-104.454400|-39.095066|-26.586980|31.462262|29.213859|-0.015406|nan|-106.129214
1330|-21.678149|-0.784498|-296.323798|nan|60.477961|-1.993187|-9.040566|-0.259545|-17.193081|-25.919384|-20.709244|-105.550291|-24.073817|-11.961206|25.250627|23.311201|-0.012641|nan|-105.853985
1331|-20.554914|-1.118249|-256.562471|-18.754592|59.746932|-2.271295|-18.359303|-0.276609|-9.760396|-9.308325|-19.792251|-106.276065|-22.961132|-12.010805|25.250627|23.421638|-0.012436|nan|-105.438379
1332|-29.588676|-1.819501|-226.531267|-27.806754|59.193710|-2.681335|-20.862845|-0.305280|-18.960594|-5.665559|-29.008606|-107.132366|-29.521699|-21.769211|25.250627|23.375694|-0.014102|nan|-105.290171
1333|-21.006010|-2.541619|-216.408556|nan|59.335425|-3.089841|-13.491307|-0.319542|-6.476003|3.226999|-20.720202|-108.029676|-21.037475|-14.308500|25.250627|23.361998|-0.012540|nan|-105.173109
1334|-15.893987|-3.081557|-218.844918|-12.950551|58.786121|-3.391521|-16.412105|-0.325914|-5.388920|-20.937347|-15.836626|-108.569454|-16.030392|-10.141651|25.250627|23.527498|-0.011619|nan|-105.056048
1335|-23.866008|-3.826368|-229.071771|-22.344020|58.326506|-4.033091|-25.452671|-0.334784|-7.295152|-19.461332|-24.135368|-109.312680|-24.097359|-19.376624|25.250627|23.523309|-0.013106|nan|-104.878135
1336|-15.276834|-4.417068|-240.247387|-12.560088|58.083422|-4.346009|-18.081132|-0.342368|-4.972031|-17.247346|-15.822315|-109.548583|-15.613135|-11.890936|25.250627|23.694325|-0.011544|nan|-104.763838
1337|-13.911060|-5.100314|-252.756084|-11.316969|57.529000|-4.587620|-21.280101|-0.351033|-3.960260|-30.297639|-14.740832|-109.939988|-14.361364|-11.268186|25.250627|23.846318|-0.011314|nan|-104.657191
1338|-22.683998|-6.102501|-248.156339|-21.190044|57.480666|-4.811605|-21.141016|-0.368911|-13.341372|-22.942155|-23.840842|-110.539658|-23.262845|-21.298688|25.250627|23.673961|-0.012954|nan|-104.541277
1339|-47.732674|-7.500071|-234.603668|-46.246205|57.317626|-5.553611|-44.507403|-0.408354|-32.994768|-32.917901|-49.340657|-111.596599|-48.437345|-47.504987|25.250627|23.096459|-0.017594|nan|-104.357450
1340|-85.042392|-9.367031|-230.834324|-83.583171|56.308378|-7.094750|-73.437214|-0.476738|-61.047330|-39.381205|-87.254718|-113.595370|-85.211380|-85.805980|9.405763|6.210637|-0.031145|nan|-104.080941
1341|-70.609492|-10.653799|-225.510896|-68.986895|54.426221|-8.043019|-73.576300|-0.496435|-57.282983|-54.027103|-73.370427|-115.117382|-71.205560|-72.040134|-9.125560|-12.480545|-0.028509|nan|-103.786161
1342|-49.782501|-11.520921|-218.126468|nan|53.447333|-8.669458|-59.667737|-0.501432|-34.958489|-29.774608|-53.086785|-115.990955|-50.641801|-52.262062|-9.125560|-12.719548|-0.024693|nan|-103.572498
1343|-59.696917|-12.698552|-197.449974|nan|52.280945|-9.414368|-72.324529|-0.523009|-45.292654|-35.354291|-63.595864|-117.405318|-60.815966|-63.221915|-9.125560|-12.863692|-0.026543|nan|-103.344903
1344|-49.029810|-13.574057|-175.811342|nan|51.724836|-9.896427|-61.058593|-0.539918|-37.042146|-23.908782|-53.573954|-118.575440|-52.405458|-53.530428|-9.125560|-12.932040|-0.024598|nan|-103.169233
1345|-58.409758|-14.653968|-156.656235|-57.525987|51.411254|-10.677262|-69.820988|-0.562809|-40.899232|-38.635199|-63.660006|-120.174896|-61.863281|-63.711308|-9.125560|-13.248069|-0.026346|nan|-102.870397
1346|-57.391098|-15.428576|-147.415774|-55.652900|50.412562|-11.680541|-68.012875|-0.582649|-36.566001|-41.487138|-63.295597|-121.340977|-60.889682|-63.308385|-9.125560|-13.292275|-0.026171|nan|-102.599348
1347|-39.708675|-16.011152|-179.235347|-37.988134|49.182126|-12.462642|-45.898259|-0.598697|-21.382494|-18.798471|-46.230205|-121.840024|-43.225806|-46.518862|-9.125560|-13.123646|-0.022917|nan|-102.316054
1348|-52.671302|-16.873980|-249.687577|-51.823894|47.699469|-13.823013|-57.581452|-0.622080|-27.116353|-33.749892|-59.814968|-122.596044|-56.160770|-61.326013|-9.125560|-13.406160|-0.025308|nan|-101.905212
1349|-55.396100|-17.569562|-325.001701|-53.599331|45.908653|-15.073499|-58.972309|-0.648193|-32.000082|-47.622000|-63.132704|-123.489867|-58.803397|-65.686064|-9.125560|-13.422318|-0.025799|nan|-102.094185
1350|-32.009419|-17.737581|-393.979527|-30.410093|44.172108|-15.801414|-27.956212|-0.662938|-12.656082|-48.094006|-40.229453|-123.808930|-35.297925|-43.188044|-9.125560|-13.076397|-0.021464|nan|-102.254866
1351|-16.441488|-17.669968|-466.900623|-14.383381|42.606900|-16.264036|-15.438505|-0.648141|0.899858|-22.314735|-24.965287|-123.737897|-19.581248|-28.100152|-9.125560|-12.605608|-0.018564|nan|-102.338392
1352|-18.709973|-17.596960|-523.888552|-17.752143|41.671948|-16.930758|-20.723759|-0.638886|2.413574|-28.529755|-27.485485|-123.856513|-21.667533|-30.731889|-9.125560|-12.350554|-0.018950|nan|-102.471927
1353|-20.860114|-17.715214|-582.616310|-19.689997|40.650850|-17.736197|-21.975530|-0.649715|-0.413257|-37.692786|-29.827595|-124.034629|-23.614732|-33.307873|-9.125560|-12.113174|-0.019311|nan|-102.765177
1354|-2.450698|-17.446158|-639.482402|0.210143|39.783754|-18.111072|-12.934964|-0.635278|15.743849|-23.521184|-11.448235|-123.690964|-3.137257|-14.715024|-9.125560|-11.584716|-0.015872|nan|-103.102118
1355|-20.924874|-17.793211|-666.693417|-18.849748|38.913270|-18.781585|-50.348999|-0.606505|0.805472|-36.731872|-29.884359|-124.091531|-15.837475|-33.435242|-9.125560|-11.604392|-0.019237|nan|-103.606700
1356|-18.543764|-17.765305|-691.064396|-15.362682|38.212468|-19.158739|-53.130712|-0.572399|-3.432637|-26.992595|-27.377534|-124.332385|-13.194848|-30.609139|-9.125560|5.939682|-0.018751|nan|-103.944425
1357|-26.610440|-17.795011|-737.733486|-24.097146|37.871855|-19.708168|-72.463615|-0.533460|-7.781063|-27.920405|-35.260838|-124.734926|-20.983643|-38.381127|-9.125560|5.790412|-0.020191|nan|-104.339285
1358|-30.667962|-17.841502|-759.812864|nan|37.410650|-20.463591|-73.854471|-0.503194|-8.416375|-40.311703|-39.115440|-125.183107|-24.738955|-41.569087|-9.125560|14.455888|-0.020887|nan|-104.848843
1359|-27.638256|-17.854359|-769.947405|nan|36.355116|-21.026327|-58.415966|-0.476646|-10.037952|-33.553377|-35.820066|-125.278268|-21.400900|-37.755537|-9.125560|14.417716|-0.020273|nan|-105.274950
1400|-31.713820|-17.981929|-779.810998|nan|35.922814|-21.694114|-47.150029|-0.482100|-12.833263|-20.850807|-39.647614|-125.001111|-25.476212|-41.164142|-9.125560|14.264658|-0.020969|nan|-105.531297
1401|-28.570876|-18.033124|-802.685013|-25.111535|35.732955|-22.111388|-42.560204|-0.476575|-10.475756|-10.401294|-36.257996|-124.456803|-22.159072|-37.084258|-9.125560|21.501905|-0.020329|nan|-105.778935
1402|-5.405866|-17.656533|-835.038556|-0.658342|36.001692|-22.121218|-28.095298|-0.453862|8.308980|10.200875|-12.734497|-122.975416|1.346401|-12.935203|-9.125560|21.774985|-0.015989|nan|-105.804525
1403|6.493885|-17.131445|-889.970398|11.900947|36.921164|-21.863175|-7.371539|-0.439418|18.147411|21.058981|-0.369643|-121.307355|13.585936|0.112212|-9.125560|22.172339|-0.013728|nan|-105.855620
1404|3.515263|-16.738729|-927.622213|nan|37.457539|-21.537383|-5.007083|-0.426847|13.103678|16.653864|-2.950749|-120.136227|8.783309|-1.506085|-9.125560|25.775584|-0.014216|nan|-105.982744
1405|-1.008921|-16.608872|-970.178967|3.532572|38.064779|-21.338522|-17.246619|-0.422210|12.530001|-3.323048|-7.156393|-119.605149|4.610740|-4.463847|-9.125560|33.288955|-0.014987|nan|-106.343162
1406|-31.692161|-17.027327|-1026.954175|-26.055066|38.711343|-21.796657|-39.083063|-0.435435|-14.188082|-38.700211|-37.647383|-119.969814|-25.949928|-33.569709|-9.125560|37.248822|-0.020590|nan|-107.003710
1407|-30.395618|-17.248507|-1075.249392|-23.643923|38.939594|-22.071835|-36.162264|-0.452460|-14.999792|-29.320199|-36.162248|-119.957519|-24.520900|-31.400160|-9.125560|37.161141|-0.020282|nan|-107.528722
1408|-12.974113|-17.173806|-1101.190735|-6.116955|38.604567|-22.079839|-27.260784|-0.443951|-0.237570|-20.024385|-18.439207|-119.677643|-6.717939|-12.382393|-9.125560|34.606011|-0.016992|nan|-107.752413
1409|-5.992146|-16.902974|-1129.776688|1.535037|38.240537|-21.952478|-45.063746|-0.424314|6.573599|-17.336987|-11.042264|-119.322838|0.653599|-3.938906|-9.125560|28.074022|-0.015630|nan|-107.924179
1410|10.158958|-15.981741|-1130.013317|18.094509|37.839471|-21.658526|-65.926590|-0.365500|22.403681|-10.704837|5.778094|-118.336309|17.204790|13.791732|-9.125560|28.543789|-0.012571|nan|-108.202394
1411|8.791627|-15.040677|-1126.735697|15.990772|37.902589|-21.225729|-52.574370|-0.337057|18.710821|-13.579365|4.989935|-117.600573|16.231190|14.283292|8.250701|28.768711|-0.012751|nan|-108.465956
1412|-5.365828|-14.159734|-1128.448611|2.503323|38.116475|-20.980789|-45.620088|-0.312068|6.222082|-17.920539|-8.638765|-117.255810|2.461713|1.763606|8.250701|28.799731|-0.015295|nan|-108.657659
1413|-2.963715|-13.198799|-1144.575837|nan|37.943990|-20.650083|-52.852541|-0.288623|6.442686|-8.050243|-5.659120|-116.631698|4.443425|6.650085|17.003651|28.832779|-0.014780|nan|-108.886144
1414|-10.985444|-12.641062|-1184.599407|nan|37.536722|-20.462531|-49.931743|-0.264647|-2.006655|-20.481920|-12.973420|-115.501628|-3.286285|1.676570|17.003651|28.867021|-0.016193|nan|-109.114628
1415|-11.211517|-12.348929|-1219.135270|-1.652808|37.958617|-20.233339|-59.250480|-0.245935|-4.507199|-15.239076|-12.210568|-113.307847|-3.227199|3.746164|17.003651|26.134838|-0.016167|nan|-109.228202
1416|-7.540161|-12.065639|-1216.789846|1.460695|39.454821|-20.019417|-54.243397|-0.220056|0.967023|1.651353|-7.643852|-111.397520|0.566285|8.652919|24.328032|26.134104|-0.015422|nan|-109.270208
1417|-7.491815|-11.579814|-1203.982899|1.880985|40.190570|-19.874222|-36.162265|-0.202667|3.143910|-4.845817|-6.743379|-110.107611|0.983541|10.229159|24.328032|26.139331|-0.015345|nan|-109.304532
1418|-20.950434|-11.556603|-1174.630142|-11.196367|41.264135|-20.023414|-62.171278|-0.190451|-7.929769|-7.470673|-19.338613|-108.964717|-12.090508|-1.685905|24.328032|25.995306|-0.017760|nan|-109.330248
1419|-33.168275|-11.816187|-1142.810845|-22.699994|42.539745|-20.489277|-76.636184|-0.177671|-16.310573|-7.832073|-30.775687|-108.440720|-23.912787|-13.076217|26.624230|25.582564|-0.019946|nan|-109.330248
1420|-28.983958|-11.781589|-1125.488684|nan|43.421767|-20.918075|-48.540886|-0.183805|-14.122222|5.504194|-25.825512|-107.512199|-19.322961|-7.807653|26.624230|25.426359|-0.019098|nan|-109.401676
1421|-14.924037|-11.623502|-1104.802715|-2.666026|44.055874|-20.926597|-18.359303|-0.177345|-3.977686|4.886945|-11.019571|-106.237151|-4.858055|7.610766|26.624230|25.626221|-0.016426|6929.469891|-109.709653
1422|-15.198985|-11.547436|-1088.395809|-3.875708|44.868156|-20.941115|-20.306503|-0.170192|-2.238970|6.510005|-10.553922|-105.439568|-4.718970|7.703364|26.624230|25.640291|-0.016400|21221.760001|-110.188544
1423|-12.409538|-11.249468|-1076.335174|0.666266|45.102163|-20.855181|-19.054732|-0.158722|-1.200370|-5.584139|-6.931208|-104.264311|-1.520000|11.447737|26.624230|25.816770|-0.015808|21221.932309|-110.740667
1424|-16.415331|-10.622695|-1081.402958|nan|45.927956|-20.731506|-4.033483|-0.164727|-6.736226|5.184964|-10.196954|-103.112603|-8.816226|7.805486|26.624230|25.810322|-0.016476|21221.889232|-111.320609
1425|-13.850174|-9.242727|-1095.420752|nan|46.348702|-20.180691|-19.332903|-0.157954|-9.896167|4.177059|-6.909898|-102.504401|-9.895428|11.128830|26.624230|25.968764|-0.013342|21221.760001|-111.724210
1426|-11.393406|-7.971563|-1137.238186|nan|46.652477|-19.500627|-13.908563|-0.153094|-8.794454|-8.351394|-3.816941|-102.280544|-8.953715|13.884518|26.624230|26.100274|-0.010947|21221.587694|-111.979735
1427|-18.221254|-7.332330|-1187.240283|-5.189028|47.006265|-18.798465|-28.234383|-0.147868|-15.090371|-14.805085|-10.016554|-102.110541|-17.330740|7.447635|26.624230|26.055347|-0.012155|21221.286155|-112.128335
1428|-31.005261|-6.695193|-1231.483137|-17.629403|47.475411|-18.394008|-44.507402|-0.147414|-23.447339|-15.710113|-22.218121|-102.158376|-29.848447|-5.865829|26.624230|25.873142|-0.014347|21220.769229|-112.489052
1429|-23.327842|-6.087334|-1262.595175|-8.408626|47.715730|-17.989322|-33.241466|-0.142709|-15.519827|-14.875639|-14.074164|-102.453330|-21.920566|1.694866|26.624230|25.893563|-0.012883|21220.166153|-112.658898
1430|-32.772198|-5.575042|-1299.487718|-18.519034|48.311146|-18.094315|-46.176430|-0.146146|-16.619110|-21.569689|-23.089121|-102.455364|-31.100218|-8.137687|26.624230|38.505325|-0.014437|21219.476923|-112.884005
1431|-73.109625|-5.807811|-1339.250108|-58.361336|48.128865|-19.133580|-82.755953|-0.206108|-48.675032|-30.201881|-63.209987|-103.643442|-71.156881|-48.656775|26.624230|31.397674|-0.021743|21218.529231|-113.432393
1432|-68.385138|-6.126027|-1381.562353|-53.050988|47.098918|-19.698722|-54.243397|-0.263974|-51.908689|-50.203773|-58.324869|-104.448274|-66.149798|-43.516878|13.396869|11.125716|-0.020819|21217.538463|-114.007785
1433|-69.782076|-6.399963|-1407.756703|-54.717920|46.617914|-20.497748|-43.116547|-0.301386|-49.019897|-28.822635|-59.646959|-105.171643|-67.262483|-45.246749|13.396869|10.626952|-0.021027|21216.332306|-114.519917
1434|-107.507261|-7.278089|-1417.820059|-91.919132|45.475676|-22.223782|-83.173209|-0.358590|-74.511717|-50.054851|-97.426852|-106.972342|-104.676518|-83.411303|8.203482|4.307547|-0.034336|21214.609231|-115.226785
1435|-116.172011|-8.592415|-1427.164853|-99.555097|43.642667|-23.799245|-95.690916|-0.400284|-86.856857|-51.687953|-106.062971|-108.689013|-113.021656|-92.323981|-12.641656|-17.217132|-0.037526|25108.620658|-115.611165
1436|-90.913872|-9.691373|-1463.518390|-74.238651|42.059964|-24.903155|-100.419828|-0.411600|-63.026207|-24.077862|-80.612038|-110.009135|-87.429900|-67.594579|-12.641656|-17.386058|-0.032801|25105.714287|-116.136553
1437|-90.428821|-10.822082|-1483.691454|-74.338867|40.494344|-26.023482|-97.916286|-0.422308|-60.031692|-26.873619|-79.985445|-111.989913|-84.435386|-67.889346|-12.641656|-17.615699|-0.032652|47175.295824|-116.650456
1438|-96.352871|-11.965605|-1513.226854|nan|38.878936|-27.093995|-85.676750|-0.452478|-67.114747|-43.174723|-85.901316|-114.444066|-88.478811|-74.501100|-12.641656|-17.890046|-0.033687|49764.720877|-117.299757
1439|-85.435437|-13.144026|-1574.568797|nan|37.708968|-27.450883|-67.039276|-0.465072|-63.289181|-34.697727|-75.028026|-116.502244|-82.812875|-64.593536|-12.641656|-17.888372|-0.031609|49756.329668|-117.858792
1440|-88.108856|-14.124359|-1636.441397|nan|36.618571|-27.191124|-52.852541|-0.494919|-73.253269|-43.997256|-77.823932|-118.443832|-92.697331|-69.718346|-12.641656|-17.824972|-0.032053|49747.028569|-118.544876
1441|-80.346823|-14.916065|-1698.092219|-62.923282|35.578032|-27.064037|-45.759174|-0.515477|-55.026300|-42.789751|-70.088169|-119.289646|-84.630364|-64.697449|-12.641656|-17.867958|-0.030566|49736.918680|-119.002607
1442|-79.389992|-15.548144|-1790.677355|nan|34.925120|-27.230005|-58.276880|-0.545565|-55.694529|-25.053863|-69.113946|-120.135105|-83.378593|-66.321969|-12.641656|-17.839684|-0.030340|49726.101099|-119.355940
1443|-72.165267|-15.913791|-1890.787875|nan|34.802176|-27.078564|-47.984544|-0.568165|-48.264274|-27.428087|-61.961780|-121.268676|-75.867969|-61.582826|-12.641656|-17.756084|-0.028955|49714.575826|-119.634655
1444|-72.310248|-16.334224|-1962.633936|-54.019426|35.099846|-27.135595|-55.495168|-0.602554|-46.365555|-46.912486|-62.359480|-122.616626|-75.728883|-64.281087|-12.641656|-17.784108|-0.028933|49702.949446|-119.960145
1445|-72.156353|-16.666067|-2028.346750|-52.386869|35.144493|-26.947539|-54.938825|-0.606063|-51.948299|-56.069403|-62.701919|-124.400438|-75.311626|-66.502686|-12.641656|-17.591293|-0.028861|49691.424174|-120.244905
1446|-71.288297|-17.069358|-2107.718115|-52.479495|35.042541|-26.802024|-49.792656|-0.628005|-47.074508|-46.555893|-62.308752|-126.045886|-74.198941|-67.830552|-12.641656|-17.535962|-0.028661|49679.595605|-120.442667
1447|-80.287896|-18.063496|-2174.715925|nan|34.684125|-27.134409|-58.137795|-0.657770|-52.556901|-45.736542|-71.790731|-127.456660|-82.961336|-78.971595|-12.641656|-17.588670|-0.030290|49668.171431|-120.742312
1448|-88.569476|-19.425008|-2247.337686|-69.011737|34.045402|-27.470824|-79.278811|-0.676908|-63.182762|-51.690810|-80.588118|-128.945267|-91.028303|-89.170723|-12.641656|-17.878987|-0.031793|49657.556048|-121.100894
1449|-89.743599|-20.685884|-2300.877079|nan|33.596685|-27.738509|-92.074689|-0.695876|-62.716728|-44.857215|-82.234939|-130.456305|-92.001902|-92.319622|-12.641656|-18.043763|-0.031981|49647.345051|-121.484203
1450|-63.786449|-21.361167|-2347.961745|-43.323023|33.777139|-27.764592|-61.336764|-0.687218|-39.129370|-32.103196|-56.752214|-131.320485|-63.533803|-67.895369|-12.641656|-4.555239|-0.027139|49637.841754|-121.800072
1451|-51.877811|-21.350845|-2383.785675|-32.064135|33.936555|-27.910515|-34.771408|-0.695203|-23.588551|-20.468831|-45.332779|-131.941725|-51.433353|-57.259013|-12.641656|1.494565|-0.024901|49629.046150|-121.936392
1452|-40.510422|-21.064826|-2420.924415|-19.572426|34.004989|-27.716491|-23.088216|-0.675810|-18.285551|-15.480515|-34.355900|-132.293322|-39.889246|-46.514760|-12.641656|3.130342|-0.022764|49621.261542|-121.965885
1453|-26.625836|-20.856598|-2459.806075|nan|34.364822|-27.276842|-5.841597|-0.677303|-4.238270|-4.205538|-20.893184|-131.947549|-25.841597|-32.717561|-12.641656|4.402914|-0.020161|49614.386814|-121.963367
1454|-29.570953|-20.838518|-2498.584968|-9.252994|34.345293|-27.269546|-12.239535|-0.656937|-1.339244|-8.178917|-24.175430|-131.372161|-28.623309|-35.816388|-12.641656|4.658167|-0.020681|49608.320877|-121.928396
1455|-15.942971|-20.824366|-2551.342180|5.461935|34.606914|-26.629614|4.450740|-0.656133|2.268757|8.684202|-10.802168|-130.567960|-14.853832|-21.900706|-12.641656|20.416898|-0.018128|49603.265937|-121.936894
1456|-17.749540|-20.936733|-2615.241147|2.734431|35.367315|-26.148017|5.563426|-0.653573|4.518253|-1.273005|-12.866231|-130.289356|-16.522859|-23.554480|-12.641656|21.758957|-0.018438|49599.221976|-122.022148
1457|-12.585554|-20.636640|-2681.974223|8.177279|35.703782|-25.467417|4.311655|-0.645664|5.804616|-18.339553|-7.943299|-129.890181|-11.237605|-17.502182|-12.641656|22.032949|-0.017459|49596.087913|-122.107401
1458|-7.675492|-20.299928|-2729.340405|14.446589|36.268585|-24.604171|-3.198969|-0.629826|8.970589|-9.807046|-3.247473|-129.443906|-3.990522|-12.333327|-12.641656|22.429236|-0.016530|49593.459344|-122.232925
1459|-7.899184|-19.827690|-2762.095060|12.971351|36.371666|-23.881106|4.589826|-0.649231|10.670021|-18.160084|-3.639812|-128.945265|0.110392|-11.949529|-12.641656|22.608662|-0.016556|49591.538458|-122.525965
