859|nan|nan|nan|nan|nan|nan|nan|nan|nan|nan|nan|nan|nan|nan|nan|nan|nan|nan|nan
900|nan|nan|nan|nan|nan|nan|nan|nan|nan|nan|nan|nan|nan|nan|nan|nan|nan|nan|nan
901|nan|nan|nan|nan|nan|nan|nan|nan|nan|nan|nan|nan|nan|nan|nan|nan|nan|nan|nan
902|nan|nan|nan|nan|nan|nan|nan|nan|nan|nan|nan|nan|nan|nan|nan|nan|nan|nan|nan
903|nan|nan|nan|nan|nan|nan|nan|nan|nan|nan|nan|nan|nan|nan|nan|nan|nan|nan|nan
904|nan|nan|nan|nan|nan|nan|nan|nan|nan|nan|nan|nan|nan|nan|nan|nan|nan|nan|nan
905|nan|nan|nan|nan|nan|nan|nan|nan|nan|nan|nan|nan|nan|nan|nan|nan|nan|nan|nan
906|nan|nan|nan|nan|nan|nan|nan|nan|nan|nan|nan|nan|nan|nan|nan|nan|nan|nan|nan
907|nan|nan|nan|nan|nan|nan|nan|nan|nan|nan|nan|nan|nan|nan|nan|nan|nan|nan|nan
908|nan|nan|nan|nan|nan|nan|nan|nan|nan|nan|nan|nan|nan|nan|nan|nan|nan|nan|nan
909|nan|nan|nan|nan|nan|nan|nan|nan|nan|nan|nan|nan|nan|nan|nan|nan|nan|nan|nan
910|nan|nan|nan|nan|nan|nan|nan|nan|nan|nan|nan|nan|nan|nan|nan|nan|nan|nan|nan
911|nan|nan|nan|nan|nan|nan|nan|nan|nan|nan|nan|nan|nan|nan|nan|nan|nan|nan|nan
912|nan|nan|nan|nan|nan|nan|nan|nan|nan|nan|nan|nan|nan|nan|nan|nan|nan|nan|nan
913|nan|nan|nan|nan|nan|nan|nan|nan|nan|nan|nan|nan|nan|nan|nan|nan|nan|nan|nan
914|nan|nan|nan|nan|nan|nan|nan|nan|nan|nan|nan|nan|nan|nan|nan|nan|nan|nan|nan
915|nan|nan|nan|nan|nan|nan|nan|nan|nan|nan|nan|nan|nan|nan|nan|nan|nan|nan|nan
916|nan|nan|nan|nan|nan|nan|nan|nan|nan|nan|nan|nan|nan|nan|nan|nan|nan|nan|nan
917|nan|nan|nan|nan|nan|nan|nan|nan|nan|nan|nan|nan|nan|nan|nan|nan|nan|nan|nan
918|nan|nan|nan|nan|nan|nan|nan|nan|nan|nan|nan|nan|nan|nan|nan|nan|nan|nan|nan
919|nan|nan|nan|nan|nan|nan|nan|nan|nan|nan|nan|nan|nan|nan|nan|nan|nan|nan|nan
920|nan|nan|nan|nan|nan|nan|nan|nan|nan|nan|nan|nan|nan|nan|nan|nan|nan|nan|nan
921|nan|nan|nan|nan|nan|nan|nan|nan|nan|nan|nan|nan|nan|nan|nan|nan|nan|nan|nan
922|nan|nan|nan|nan|nan|nan|nan|nan|nan|nan|nan|nan|nan|nan|nan|nan|nan|nan|nan
923|nan|nan|nan|nan|nan|nan|nan|nan|nan|nan|nan|nan|nan|nan|nan|nan|nan|nan|nan
924|nan|nan|nan|nan|nan|nan|nan|nan|nan|nan|nan|nan|nan|151.902830|nan|88.818257|nan|nan|nan
925|nan|nan|nan|nan|nan|nan|nan|nan|nan|nan|nan|nan|nan|138.220656|nan|76.272013|nan|nan|nan
926|nan|nan|nan|nan|nan|nan|nan|nan|nan|nan|nan|nan|nan|127.990347|nan|75.785789|nan|nan|nan
927|nan|nan|nan|nan|nan|nan|nan|nan|nan|nan|nan|nan|nan|109.264715|nan|64.529636|nan|nan|nan
928|nan|nan|nan|nan|nan|nan|nan|nan|nan|nan|nan|nan|nan|121.246404|57.997899|64.430995|nan|nan|nan
929|nan|nan|nan|nan|nan|nan|nan|nan|nan|nan|nan|nan|nan|123.442327|57.997899|64.277819|nan|nan|nan
930|nan|nan|nan|nan|nan|nan|nan|nan|nan|nan|nan|nan|nan|123.513755|57.997899|64.083859|nan|nan|nan
931|nan|nan|nan|nan|nan|nan|nan|nan|nan|nan|nan|nan|nan|120.105801|57.997899|63.860341|nan|nan|nan
932|nan|nan|nan|nan|nan|nan|nan|nan|nan|nan|nan|nan|nan|108.577531|54.269864|59.734500|nan|nan|nan
933|nan|nan|nan|nan|61.910554|nan|nan|nan|nan|nan|nan|nan|nan|107.344856|47.006920|52.250020|nan|nan|nan
934|nan|nan|nan|nan|60.992158|nan|nan|nan|nan|nan|nan|nan|nan|102.045600|47.006920|51.861090|nan|nan|nan
935|nan|nan|nan|nan|60.062723|nan|nan|nan|nan|32.818759|nan|nan|nan|82.410459|47.006920|51.192173|nan|nan|nan
936|nan|nan|nan|nan|58.737618|nan|nan|nan|nan|15.721719|nan|nan|nan|72.420370|41.296023|44.909279|nan|nan|nan
937|nan|nan|nan|nan|57.318673|nan|nan|nan|nan|1.827997|nan|nan|nan|66.301071|37.333180|40.456908|nan|nan|nan
938|nan|nan|nan|nan|56.244906|nan|nan|nan|nan|15.143631|nan|nan|nan|59.213855|37.333180|39.883742|nan|nan|nan
939|nan|nan|nan|nan|55.381984|nan|nan|nan|nan|-14.196856|nan|nan|nan|44.306054|37.333180|39.098185|nan|nan|nan
940|nan|nan|nan|nan|54.364016|nan|nan|nan|nan|-10.663723|nan|nan|nan|44.728455|36.477655|37.915894|nan|nan|nan
941|nan|nan|nan|nan|53.710081|nan|nan|nan|nan|0.143842|nan|nan|nan|56.031487|36.477655|37.797494|nan|nan|nan
942|nan|nan|nan|nan|53.561286|nan|nan|nan|nan|1.909530|nan|nan|nan|52.687581|36.477655|37.689396|nan|nan|nan
943|nan|-14.849797|nan|nan|52.926131|nan|nan|nan|nan|8.893346|nan|nan|nan|61.686750|36.477655|37.898317|-0.003015|nan|nan
944|nan|-13.626089|nan|nan|52.398191|nan|nan|nan|nan|15.236914|nan|nan|nan|60.471142|36.477655|38.044685|-0.002802|nan|nan
945|nan|-13.180762|nan|nan|52.720146|nan|nan|nan|nan|0.576230|nan|nan|nan|48.581857|36.477655|37.832771|-0.004313|nan|nan
946|nan|-12.767991|nan|nan|52.565502|nan|nan|nan|nan|3.810282|nan|nan|nan|46.878629|36.477655|37.805062|-0.004177|nan|nan
947|nan|-12.183099|nan|nan|52.936229|nan|nan|nan|nan|24.355917|nan|nan|nan|45.361216|36.477655|37.613864|-0.004022|nan|nan
948|nan|-12.077877|nan|-13.705381|53.442363|nan|nan|nan|nan|11.546258|nan|nan|nan|34.651506|36.477655|37.297234|-0.005204|nan|nan
949|nan|-11.646019|nan|-4.928492|53.105542|nan|nan|nan|nan|23.040280|nan|nan|nan|38.706347|36.477655|37.347918|-0.004042|nan|nan
950|nan|-11.631571|nan|-13.611099|53.309026|nan|nan|nan|nan|18.292617|nan|nan|nan|27.696850|36.477655|37.069514|-0.005301|nan|nan
951|nan|-12.358705|nan|-29.860265|53.508984|nan|nan|nan|nan|5.394522|nan|nan|nan|7.982664|36.477655|36.537367|-0.009338|nan|nan
952|nan|-13.035671|nan|-30.640054|53.639321|nan|nan|nan|nan|-0.637723|nan|nan|nan|3.227474|36.477655|36.121018|-0.009966|nan|nan
953|nan|-13.121610|nan|-20.150672|53.683759|nan|61.484107|nan|nan|9.497868|nan|nan|nan|10.596071|36.477655|35.953889|-0.008281|nan|nan
954|nan|-12.894039|nan|-12.723980|53.547341|nan|55.119541|nan|nan|19.812347|nan|nan|nan|14.409896|36.477655|35.983395|-0.007080|nan|nan
955|nan|-12.701722|nan|nan|53.767032|nan|40.228859|nan|nan|18.034417|nan|nan|nan|9.457433|36.477655|40.341478|-0.007294|nan|nan
956|nan|-12.750066|nan|-22.437609|54.145611|nan|23.296712|nan|nan|4.209646|nan|nan|nan|-1.264079|36.477655|40.097365|-0.008418|nan|nan
957|nan|-13.204164|nan|-34.790902|54.214653|nan|-8.045772|nan|nan|-19.114724|nan|nan|nan|-17.429530|36.477655|39.609222|-0.011165|nan|nan
958|nan|-13.516088|nan|-31.332146|54.059044|nan|6.004307|nan|nan|-26.404667|nan|nan|nan|-17.686729|36.477655|40.718738|-0.010778|nan|nan
959|nan|-13.571609|nan|-27.578460|53.623131|3.604738|13.569735|-0.158268|nan|-4.815321|nan|nan|nan|-15.631295|36.477655|42.732731|-0.009926|nan|nan
1000|nan|-13.584387|nan|nan|53.136269|2.787929|15.250941|-0.140384|nan|-13.208718|nan|nan|nan|-16.039368|36.477655|42.673925|-0.009656|nan|nan
1001|nan|-13.934851|nan|-35.585904|52.976876|1.665891|2.041464|-0.205255|nan|-28.635241|nan|-104.170382|nan|-28.278548|36.477655|42.343050|-0.011567|nan|nan
1002|nan|-13.967975|nan|-26.811760|53.027773|0.878033|-1.921378|-0.202421|nan|-19.976495|nan|-105.380683|nan|-22.740064|36.477655|42.265124|-0.010347|nan|nan
1003|nan|-14.087803|nan|nan|53.036854|0.115986|-3.482498|-0.212926|nan|-14.391339|nan|-106.968249|nan|-26.333042|36.477655|42.231845|-0.010580|nan|nan
1004|nan|-14.011873|nan|-21.340970|52.809546|-0.372735|0.240172|-0.224160|nan|-22.164799|nan|-108.438265|nan|-21.442913|36.477655|45.728553|-0.009475|nan|nan
1005|nan|-13.637395|nan|-9.313679|52.163340|-0.431007|-4.082929|-0.151873|nan|-26.712969|nan|-109.594587|nan|-10.332102|36.477655|38.520119|-0.007458|nan|nan
1006|nan|-13.137778|nan|nan|51.791258|-0.341761|-4.443187|-0.127662|nan|-17.270695|nan|-110.468069|nan|-4.880411|36.477655|38.896672|-0.006353|nan|nan
1007|nan|-12.654429|nan|-1.236756|51.557454|-0.248915|-7.565427|-0.110187|nan|-19.756941|nan|-111.007085|nan|-5.269600|36.477655|39.207073|-0.006218|nan|nan
1008|nan|-12.173886|nan|nan|51.572263|-0.142590|-11.168012|-0.098646|nan|-12.735994|nan|-111.504015|nan|-4.875718|36.477655|39.462131|-0.006005|nan|nan
1009|nan|-11.548623|nan|7.279010|51.311548|0.155945|-17.412491|-0.099779|nan|-9.687570|nan|-111.727545|nan|2.238075|36.477655|39.824790|-0.004841|nan|nan
1010|nan|-10.902230|nan|nan|51.214991|0.500165|-11.648356|-0.135089|nan|-0.123234|nan|-111.394005|nan|6.277772|40.273022|40.113355|-0.004240|nan|nan
1011|nan|-10.210464|nan|nan|51.425396|0.885600|5.403877|-0.151978|nan|-5.206760|nan|-110.793181|nan|10.591488|40.273022|40.340633|-0.003658|nan|nan
1012|nan|-9.555170|nan|nan|51.771161|1.250683|4.683359|-0.193901|nan|2.881305|nan|-110.066476|nan|11.516352|40.273022|40.517352|-0.003561|nan|nan
1013|nan|-8.881129|nan|18.296673|51.474530|1.701580|18.493266|-0.092213|nan|-3.388121|nan|-109.165182|nan|15.534344|31.818291|32.351604|-0.003057|nan|nan
1014|nan|-8.253313|nan|nan|51.570162|2.064525|20.174473|-0.111328|nan|3.315417|nan|-107.897084|nan|16.519051|31.818291|32.417161|-0.002999|nan|nan
1030|nan|-7.085963|nan|43.970711|51.688785|3.163529|36.746360|-0.029349|nan|29.971138|nan|-106.003118|nan|44.419650|31.818291|33.230509|0.001190|nan|nan
1031|nan|-6.146781|nan|41.141018|52.203563|4.023902|35.785671|0.014591|nan|21.087430|nan|-104.571567|nan|44.280350|31.818291|33.541382|0.000899|nan|nan
1032|nan|-5.310700|nan|38.065869|52.351626|4.733108|31.942915|0.049319|nan|3.225515|nan|-103.254244|nan|41.438896|31.818291|33.763802|0.000124|nan|nan
1033|71.230961|-4.074965|nan|59.081010|52.813788|5.991859|46.233166|0.104240|nan|12.573205|nan|-101.655270|nan|65.466825|31.818291|34.529888|0.003613|nan|nan
1034|75.100748|-2.942791|nan|nan|53.348098|7.207644|57.040919|0.165541|nan|13.512256|nan|-99.987894|nan|71.695221|31.818291|35.096161|0.004195|nan|nan
1035|84.166969|-1.677305|nan|71.740841|54.015641|8.535569|58.241780|0.219540|nan|20.910383|nan|-97.826094|nan|83.704416|31.818291|35.653511|0.005648|nan|nan
1036|83.553762|-0.296281|nan|nan|54.971141|9.751695|41.429720|0.262569|nan|22.170913|nan|-95.715914|nan|86.293473|31.818291|36.043451|0.005570|nan|nan
1037|70.550926|0.876495|nan|58.014086|55.616056|10.554346|26.899296|0.278987|nan|9.545351|nan|-94.032320|nan|76.571880|31.818291|35.990325|0.003515|nan|nan
1038|66.531274|2.057355|nan|55.183070|55.856075|10.084124|33.624121|0.296061|nan|1.886702|nan|-92.268517|nan|76.123415|31.818291|36.053304|0.002914|nan|nan
1039|65.564242|3.368190|nan|54.443596|56.484499|9.855151|40.348945|0.309762|nan|0.724518|nan|-90.755985|nan|78.789327|31.818291|36.206222|0.002797|nan|nan
1040|61.605656|4.606842|nan|49.444062|56.810949|9.699331|35.305327|0.320036|nan|9.271293|nan|-89.114018|nan|78.396027|31.818291|36.119886|0.002196|nan|nan
1041|48.553071|5.335587|nan|nan|56.966879|9.421982|15.491113|0.319488|nan|4.696150|nan|-87.404102|nan|68.876179|31.818291|35.847700|0.000123|nan|nan
1042|44.809703|6.010721|nan|34.256587|56.877564|9.445909|-0.840603|0.319874|nan|-1.779725|nan|-85.739787|nan|68.869631|31.818291|35.741265|-0.000458|nan|nan
1043|38.038536|6.368501|nan|26.384351|56.864590|9.099613|-5.043618|0.316516|nan|11.708994|nan|-84.581929|nan|65.575215|31.818291|47.471013|-0.001523|nan|-86.675924
1044|25.832858|6.470634|nan|14.378329|56.935296|8.463678|-11.768442|0.325238|nan|4.265530|nan|-83.974213|nan|56.944045|31.818291|47.052738|-0.003459|nan|-86.777948
1045|28.874341|6.777152|nan|18.888381|56.574072|7.952123|-6.844910|0.335856|nan|9.882856|nan|-83.207014|nan|63.521430|31.818291|49.834843|-0.002936|nan|-86.853571
1046|17.478320|6.853134|nan|6.447353|56.354240|7.202646|-28.100158|0.348221|nan|19.974897|20.812138|-82.566121|nan|54.465040|31.818291|49.326739|-0.004736|nan|-86.947828
1047|6.425789|6.699659|nan|-4.358484|56.352047|6.438976|-31.342484|0.354608|nan|9.938044|9.982487|-81.863743|nan|45.919708|31.818291|48.746420|-0.006479|nan|-87.193947
1048|-4.299704|6.490691|nan|-14.484944|56.517572|5.486481|-43.231012|0.366186|nan|17.642415|-0.536559|-81.537299|nan|37.486312|31.818291|48.116562|-0.008163|nan|-87.659703
1049|-0.002456|6.325517|nan|-9.289729|55.884745|4.816907|-31.822829|0.373579|nan|17.263151|3.743915|-81.229140|nan|43.997781|31.818291|41.485588|-0.007427|nan|-88.030920
1050|1.325648|6.237432|nan|nan|55.805627|4.473240|-17.772750|0.362550|nan|22.303302|4.644382|-80.937243|nan|46.548767|31.818291|41.316792|-0.007175|nan|-88.361634
1051|-5.974991|6.281885|1174.939340|-15.768082|55.350455|4.095033|-18.012921|0.361005|-9.691822|11.850060|-2.716544|-80.548369|-5.930854|40.165345|31.818291|41.020173|-0.008317|nan|-88.758243
1052|-24.576820|6.047789|1180.729346|-33.713721|55.313941|3.340498|-35.545499|0.372432|-22.784035|17.374811|-21.373141|-80.886543|-25.984035|22.023798|31.818291|40.319535|-0.011279|nan|-89.388660
1053|-45.237261|5.315508|1190.832556|-54.226075|54.798136|2.276369|-54.639196|0.312555|-41.437711|-3.068251|-42.084737|-81.722843|-49.438679|1.484129|31.818291|37.461375|-0.017214|nan|-90.239649
1054|-41.985857|4.602680|1184.720623|-49.812342|54.330443|1.622267|-43.951529|0.190880|-43.795858|-3.388958|-38.985327|-82.638812|-50.676181|5.057960|31.818291|32.749310|-0.016652|nan|-91.023599
1055|-57.976164|3.548456|1162.741599|-66.372552|54.241156|0.562547|-55.960144|0.178282|-49.364566|-12.324483|-55.232617|-84.262378|-66.407466|-12.351970|31.818291|31.565728|-0.021337|nan|-91.882955
1056|-64.619804|2.556689|1126.625365|nan|53.238298|-0.692672|-58.722125|0.150040|-55.730097|-19.750768|-62.115264|-86.219550|-72.772032|-20.770487|8.717968|5.978152|-0.023480|nan|-92.762349
1057|-73.942036|1.570054|1097.563984|-81.838257|52.331743|-2.180034|-67.128156|0.131584|-58.895591|-29.138493|-71.702160|-88.409653|-81.778493|-31.885124|8.717968|5.179585|-0.026486|nan|-93.718109
1058|-55.904358|1.053961|1070.868150|-62.955792|51.382183|-3.291650|-45.632735|0.069248|-42.522091|-25.314344|-53.909161|-90.047480|-63.405312|-16.128639|8.717968|5.059266|-0.023526|nan|-94.345082
1059|-44.004577|0.567289|1035.558782|nan|50.918576|-4.181046|-33.023690|0.069734|-30.593305|6.799271|-42.167442|-91.539987|-51.156526|-6.875946|8.717968|5.008587|-0.021553|nan|-94.802084
1100|-55.049783|-0.109608|974.786198|-61.821626|50.377108|-5.168142|-17.772750|0.008306|-41.600008|-2.070860|-53.696954|-93.200077|-61.844193|-21.085722|8.717968|4.705209|-0.023280|nan|-94.919873
1101|-56.739409|-0.603446|889.398264|nan|49.685802|-6.142089|-20.894989|-0.035536|-41.480955|-2.463197|-55.835016|-94.976022|-63.165140|-26.770321|8.717968|4.515739|-0.023496|nan|-94.996468
1102|-52.785370|-1.112607|810.926911|-59.149685|49.067883|-7.018628|-21.375334|-0.078130|-39.478495|-8.009182|-52.285362|-96.619765|-58.842039|-27.385218|8.717968|4.417482|-0.022802|nan|-94.988806
1103|-43.059096|-1.352968|715.187556|-49.066038|49.306423|-7.570695|10.327408|-0.132388|-31.310938|-8.737026|-43.172093|-98.051360|-50.674803|-21.909124|8.717968|4.391629|-0.021178|nan|-94.847231
1104|-33.450071|-1.482429|615.243300|-37.999703|49.210530|-7.994415|23.897143|-0.189273|-19.423790|0.088457|-34.172654|-99.311082|-40.707653|-16.341930|8.717968|4.576482|-0.019573|nan|-94.805348
1105|-32.711475|-1.801851|506.684601|nan|49.238763|-8.258936|33.984379|-0.245378|-22.503334|-1.434860|-34.204043|-101.154429|-40.106877|-19.787523|8.717968|4.769876|-0.019401|nan|-94.513286
1106|-29.304710|-2.190323|423.306337|nan|48.766615|-8.182023|37.226705|-0.296415|-23.580985|-14.014748|-31.565726|-102.814738|-40.944207|-20.129814|8.717968|4.967653|-0.018803|nan|-94.164732
1107|-28.762000|-2.561317|356.950083|-33.442490|48.656286|-8.111652|25.338176|-0.328477|-21.059739|-17.334019|-31.696125|-104.329089|-40.343604|-23.534834|8.717968|5.012665|-0.018671|nan|-93.836961
1108|-19.551282|-2.754775|280.110514|-23.149621|48.369339|-7.936217|31.102312|-0.357005|-14.533899|-2.989605|-23.199565|-106.126637|-30.856798|-17.826267|8.717968|5.399365|-0.017142|nan|-94.323737
1109|-10.926593|-2.927804|204.177806|nan|48.168260|-7.750152|39.268169|-0.382420|-4.447846|-10.834931|-15.327588|-107.768032|-21.970424|-12.302237|8.717968|5.740676|-0.015709|nan|-94.597168
1110|-16.698926|-3.296119|135.412247|-20.579781|47.397432|-7.702662|30.021537|-0.407357|-11.011164|-20.963794|-21.866408|-109.793516|-27.494386|-21.246252|8.717968|5.888650|-0.016603|nan|-94.749325
1111|-16.694793|-3.700049|79.886486|-20.337990|46.870537|-7.592893|17.412491|-0.424547|-11.891313|-18.448200|-22.608153|-111.770691|-28.454214|-24.057994|8.717968|9.745050|-0.016567|nan|-94.827711
1112|-14.023033|-4.044879|36.908749|-16.409004|46.109166|-7.161981|16.691975|-0.440989|-16.209889|-25.333336|-20.625672|-113.323698|-29.972146|-23.831847|8.717968|10.654820|-0.016103|nan|-94.707201
1113|-11.693624|-4.410156|-3.574021|nan|45.641694|-6.735721|12.609046|-0.453547|-12.648402|-22.130739|-18.928093|-114.496702|-27.450337|-24.038395|8.717968|22.834506|-0.015697|nan|-94.728345
1114|-6.221524|-4.713289|-38.773730|nan|45.544793|-6.310801|6.244479|-0.459395|-9.803710|-19.554384|-14.047193|-115.565098|-21.806289|-20.566218|8.717968|23.000339|-0.014787|nan|-94.902201
1115|-9.386508|-5.439103|-71.917211|-12.282242|45.533702|-6.026215|6.484652|-0.469909|-9.365541|-14.710109|-17.801660|-116.607665|-24.808442|-25.680817|8.717968|23.003355|-0.015274|nan|-95.109415
1116|4.770947|-5.917715|-179.704206|2.649919|45.297227|-5.169019|9.606892|-0.471129|-5.636579|-12.420395|-4.064140|-116.981519|-11.478191|-12.416477|8.717968|27.082355|-0.012965|nan|-95.305414
1117|0.444131|-6.463140|-263.726328|-1.853602|45.972955|-4.702830|-5.403877|-0.471809|-2.639592|-11.848410|-8.797290|-117.514796|-15.681206|-17.999395|8.717968|37.113193|-0.013645|nan|-95.464666
1118|-1.588788|-7.283532|-338.693467|-3.074875|46.084157|-4.186195|-17.772749|-0.477539|-7.121938|-21.135918|-11.140651|-117.843030|-17.602584|-20.121453|8.717968|40.962293|-0.013956|nan|-95.711243
1119|-3.378804|-8.254146|-402.675799|nan|46.483739|-3.874249|-14.890682|-0.478298|-5.282498|-22.671220|-13.242513|-117.884436|-19.283790|-22.360482|8.717968|42.012876|-0.014228|nan|-95.941810
1120|-92.295987|-11.135286|-444.213956|-94.057459|45.237777|-6.063384|-102.073224|-0.525277|-60.742281|-72.731997|-102.851292|-120.453223|-108.027452|-111.786675|0.972548|-3.108024|-0.030854|nan|-96.828721
1121|-94.297880|-13.665838|-494.577763|-95.727098|42.569997|-7.847755|-110.959598|-0.563683|-76.865513|-103.938679|-105.842426|-122.765203|-109.828744|-112.864503|-37.934007|-42.693879|-0.031515|nan|-97.706807
1122|-102.349202|-16.328778|-541.290045|-103.724387|40.668598|-10.031071|-137.138378|-0.589263|-72.990139|-86.806779|-114.846015|-125.001860|-117.634343|-120.510557|-37.934007|-44.091204|-0.034151|nan|-98.653236
1123|-118.007192|-19.014400|-590.355263|-119.576939|38.536815|-12.418675|-172.924049|-0.572332|-86.759877|-100.093301|-131.351582|-127.334259|-133.005370|-135.406249|-37.934007|-45.263586|-0.039257|nan|-99.690435
1124|-118.091757|-21.612707|-621.834775|nan|36.759647|-14.799129|-169.201379|-0.491729|-84.759705|-85.356890|-132.261771|-129.785565|-132.765198|-134.901269|-37.934007|-46.092552|-0.039316|nan|-100.557599
1125|-101.264466|-23.842853|-648.227563|-101.394528|34.705078|-16.685287|-167.760345|-0.498173|-73.588999|-87.084545|-116.021070|-132.121869|-115.592879|-116.878106|-37.934007|-46.181939|-0.036543|nan|-101.879567
1126|-90.941477|-25.690226|-676.670951|nan|33.018675|-18.449618|-163.437244|-0.490931|-60.821009|-63.491267|-106.181911|-133.997397|-102.745212|-104.817526|-37.934007|-46.307993|-0.034819|nan|-103.277939
1127|-95.291470|-27.453710|-704.375082|-95.174513|31.226726|-20.340445|-176.406548|-0.480973|-60.863205|-68.172957|-110.837408|-135.558670|-106.388055|-107.057025|-37.934007|-46.615042|-0.035468|nan|-104.693160
1128|-84.645218|-28.853600|-803.023418|-83.510738|29.966384|-21.920486|-146.985441|-0.491508|-52.215926|-49.075160|-100.375724|-136.246498|-93.020129|-94.179859|-37.934007|-46.444440|-0.033685|nan|-106.104378
1129|-71.121324|-29.817714|-896.221903|nan|29.061774|-23.184194|-120.806663|-0.497987|-42.205935|-34.662743|-86.948552|-136.639255|-74.850137|-81.403566|-37.934007|-46.056628|-0.031435|nan|-107.148221
1330|-60.975439|-30.640032|-994.987445|-58.703943|28.293264|-24.633453|-120.926749|-0.496551|-23.638678|-63.053047|-76.682445|-136.470563|-63.882556|-71.710212|-37.934007|-45.503750|-0.029728|nan|-108.233688
1331|-53.957371|-31.189394|-1104.907223|nan|28.452475|-25.929709|-114.802355|-0.492846|-20.033337|-33.037263|-69.474159|-135.970726|-56.117215|-64.990191|-37.934007|-44.982333|-0.028527|nan|-109.245769
1332|-44.300845|-31.336797|-1201.708873|nan|28.776469|-26.982991|-100.392018|-0.485827|-10.186423|-39.495322|-59.513107|-134.956656|-45.629979|-55.258410|-37.934007|-44.491660|-0.026897|nan|-110.150335
1333|-46.445605|-31.359295|-1282.804059|-43.857823|29.211266|-28.483464|-91.745815|-0.482334|-2.826489|-40.008790|-61.117755|-134.449105|-44.591012|-57.434371|-37.934007|-44.184654|-0.027135|nan|-110.980015
1334|-48.147762|-31.418792|-1366.950669|nan|29.290936|-30.059928|-82.739354|-0.484667|-4.427178|-47.680503|-62.321923|-134.333490|-44.991701|-59.585442|-37.934007|-43.870890|-0.027297|nan|-111.857429
1335|-35.584289|-31.272899|-1454.866940|-30.229233|29.574799|-31.512875|-68.329016|-0.482865|8.021739|-30.083837|-49.064864|-133.605353|-31.102139|-46.859148|-37.934007|-43.401714|-0.025140|nan|-112.583090
1336|-29.278050|-30.932115|-1542.283764|nan|30.103833|-32.856265|-57.521264|-0.479981|14.066499|-23.397413|-42.035875|-132.625361|-23.457057|-40.093932|-37.934007|-31.629423|-0.023995|nan|-113.079096
1337|-28.854871|-30.346098|-1616.914299|nan|30.573529|-33.984849|-55.479799|-0.476225|10.147683|-28.102666|-40.865458|-131.722834|-21.456195|-39.164901|-37.934007|-31.233053|-0.023804|nan|-113.541279
1338|-28.320082|-29.389824|-1677.225750|-21.896043|30.952455|-35.101614|-44.672046|-0.477608|14.588954|-18.568354|-39.555570|-131.372743|-20.135248|-38.217750|-37.934007|-31.022394|-0.023594|nan|-113.969327
1339|-27.562311|-28.443638|-1729.761514|-20.334618|31.289151|-36.187175|-34.224552|-0.479816|17.270074|-14.792821|-38.035314|-131.181085|-11.854128|-37.093744|-37.934007|-30.805436|-0.023345|nan|-114.183501
1340|-26.930656|-27.333352|-1773.192828|-17.931144|31.498943|-37.140012|-38.307480|-0.479569|13.590462|-15.831727|-36.582093|-130.972526|-10.413094|-35.982182|-37.934007|-14.744612|-0.023115|nan|-114.389214
1341|-17.064174|-25.834453|-1809.560332|-8.197738|32.288211|-37.829062|-27.379641|-0.474814|25.159741|-3.509347|-25.899198|-130.493613|0.354573|-25.698004|-37.934007|-8.678250|-0.021385|nan|-114.458377
1342|-19.226511|-24.280251|-1851.836433|nan|32.814494|-38.476934|-25.818521|-0.472404|24.957828|3.233070|-27.301934|-129.947236|5.993625|-27.711331|-37.934007|-7.562423|-0.021603|nan|-114.497259
1343|-29.920546|-23.241625|-1874.822552|-19.392880|33.313133|-39.231685|-33.143776|-0.472697|13.751409|-9.005661|-37.350620|-130.049602|-3.853439|-37.850773|-37.934007|1.311046|-0.023206|nan|-114.483304
1344|-40.139287|-22.653893|-1873.789256|-28.317646|33.692157|-40.040036|-36.866447|-0.479358|5.025015|-16.804357|-47.024416|-130.649621|-15.620158|-47.732093|-37.934007|6.571743|-0.024732|nan|-114.455442
1345|-56.379603|-22.188803|-1872.698599|-43.883450|33.598733|-41.236531|-55.239627|-0.560827|-5.630210|-26.766154|-62.806334|-131.663674|-30.991185|-64.117720|-37.934007|13.518284|-0.027230|nan|-114.735523
1346|-51.964852|-21.557462|-1880.561905|nan|33.083352|-42.055800|-35.665585|-0.582296|-8.104477|-49.183761|-58.060730|-132.506623|-28.747394|-57.987418|-37.934007|23.424261|-0.026374|nan|-114.986357
1347|-45.261889|-20.935373|-1894.012179|-29.767785|32.726952|-42.483436|-32.303173|-0.646325|-6.221317|-18.582260|-50.996499|-133.187373|-23.741967|-51.242148|-37.934007|26.091447|-0.025146|nan|-115.229606
1348|-39.621054|-20.464607|-1906.512977|nan|32.294218|-42.559520|-27.739899|-0.666068|-5.417315|-39.335844|-45.050922|-133.848189|-19.977315|-44.577651|-37.934007|26.354935|-0.024092|nan|-115.574000
1349|-43.108942|-20.271733|-1900.496728|-27.444126|31.858701|-42.809753|-32.063000|-0.772594|-3.738885|-42.011073|-48.299423|-134.740349|-22.619210|-47.623036|-37.934007|34.789155|-0.024521|nan|-115.942873
1350|-31.588031|-19.842446|-1880.262368|-14.061135|31.102276|-42.761363|-108.437789|-0.741879|2.870312|-35.007630|-36.047133|-135.096535|-10.250337|-35.490986|-37.934007|38.621547|-0.022512|nan|-116.134821
1351|-20.299551|-19.322671|-1872.278358|-1.602564|30.826600|-42.353462|-98.110381|-0.728435|9.158363|-17.784939|-24.120703|-135.496123|1.478363|-23.469636|-26.592879|39.166012|-0.020542|nan|-116.314263
1352|-30.006442|-19.090110|-1877.684791|-11.499155|30.160142|-41.922577|-114.802355|-0.706114|-3.728012|-30.909037|-33.091229|-135.933168|-14.368012|-32.469841|-26.592879|39.323385|-0.021985|nan|-116.506212
1353|-24.668864|-18.810801|-1901.040043|-4.707712|29.738552|-40.943129|-124.048988|-0.686223|-7.283618|-38.577593|-26.981218|-136.144716|-13.043618|-25.892026|-26.592879|39.791936|-0.020989|nan|-116.698161
1354|-16.308167|-18.622474|-1906.826707|4.425117|29.116695|-39.840607|-114.682269|-0.664808|-0.317071|-32.810949|-17.733756|-135.993560|-3.917071|-13.973224|-26.592879|40.344147|-0.019507|nan|-116.890110
1355|3.514605|-17.978258|-1912.090977|24.842650|30.106223|-38.004953|-76.975219|-0.605674|6.297011|-24.268451|3.411434|-132.772625|10.857660|10.169116|-10.905212|40.017833|-0.016170|nan|-117.059352
1356|-6.167755|-17.649489|-1908.425608|15.379130|32.686022|-36.441445|-75.294013|-0.554848|3.291523|9.945586|-5.033304|-129.768319|1.851199|3.889117|-4.868055|40.288856|-0.017633|nan|-117.228594
1357|-0.781326|-17.147330|-1914.373084|21.967647|34.255042|-34.543876|-73.252549|-0.504192|-2.624818|-13.260301|1.703174|-126.397379|2.415506|12.716395|-3.820129|40.820016|-0.016657|nan|-117.366978
1358|-7.370061|-16.856242|-1923.700023|14.908325|36.429587|-33.205713|-68.208930|-0.492185|0.571199|9.816502|-3.638634|-122.958516|-3.588801|9.201728|5.109863|40.932688|-0.017632|nan|-117.520506
1359|-2.397090|-16.509362|-1927.305245|21.837146|38.534854|-31.942197|-48.754975|-0.470186|2.974837|8.404859|2.531675|-119.392888|1.935162|17.548662|10.677444|41.178701|-0.016734|nan|-117.692178
1400|5.620987|-15.992785|-1940.656758|30.019464|40.513734|-30.275085|-29.661278|-0.432863|3.020629|18.718553|11.560124|-116.060186|10.461278|28.662382|18.122785|41.679794|-0.015348|nan|-117.807793
1401|-21.159756|-16.223730|-1949.744555|3.188242|42.541006|-29.340777|-48.514803|-0.414079|-13.516615|2.329720|-14.394029|-113.822235|-15.837588|4.001050|28.210021|41.297271|-0.019619|nan|-118.081339
1402|-18.132290|-16.262496|-1957.040172|7.197410|44.030625|-28.295052|-34.945069|-0.395120|-14.434766|-3.008374|-10.615069|-111.390049|-12.355090|9.739713|30.808299|41.306034|-0.019053|nan|-118.516335
1403|-18.205948|-16.256683|-1944.486552|nan|45.528073|-27.417665|-36.025843|-0.398343|-14.554831|13.703168|-9.922870|-109.171860|-12.154831|12.136634|30.808299|41.312621|-0.018994|nan|-119.187501
1404|-3.963904|-15.945060|-1945.770880|22.210521|46.725683|-26.358051|-22.336023|-0.376782|-2.144971|16.727106|5.106212|-106.945690|2.495678|28.928025|39.137861|41.625124|-0.016614|nan|-119.779691
1405|-7.721277|-14.435993|-1941.481589|17.774297|47.930460|-25.452509|-12.368873|-0.383934|-3.506734|24.328796|2.015895|-105.118908|-0.866734|27.565522|41.284327|41.711330|-0.017159|nan|-120.522714
1406|-8.230454|-12.528360|-1946.519795|nan|48.933139|-24.622100|-5.403877|-0.375672|-3.387469|12.258237|2.122878|-103.470009|-0.986820|28.858746|41.284327|41.773609|-0.017178|nan|-121.211427
1407|-3.200834|-10.591613|-1945.979149|24.406352|49.369925|-23.670208|1.200862|-0.362619|-1.903917|17.519124|7.767175|-101.945590|4.417057|35.933509|41.284327|41.970309|-0.016300|nan|-121.698661
1408|6.762564|-8.164964|-1964.273740|34.407076|49.461374|-22.613606|12.849217|-0.343082|9.302516|16.062922|18.469832|-100.085851|14.744465|48.109531|34.104465|35.243656|-0.014622|nan|-122.050855
1409|9.890322|-5.704959|-2009.474835|36.972572|50.154951|-21.739009|17.892835|-0.329116|15.184688|25.372693|22.400048|-98.110297|18.226963|53.276912|34.104465|35.430315|-0.011374|nan|-122.383836
1410|0.540685|-3.643447|-2044.512571|nan|50.361164|-20.943954|10.327409|-0.319073|4.977576|16.678761|13.834558|-96.702305|9.220503|46.379579|34.104465|35.560417|-0.011916|nan|-122.682427
1411|20.398314|-1.457767|-2102.937111|48.908862|50.443595|-19.616821|41.189548|-0.300423|15.951074|5.288443|34.626527|-94.934384|29.394975|69.093580|34.104465|36.260189|-0.008640|nan|-122.746598
1412|19.368908|0.607671|-2149.566791|47.393450|50.689808|-18.463143|39.148083|-0.281888|20.111208|13.147372|34.559262|-93.226471|28.674458|70.619469|34.104465|36.627399|-0.007024|nan|-122.802345
1413|6.935339|2.329476|-2209.021905|35.582029|50.912449|-17.702904|17.172318|-0.267089|13.183483|7.134915|23.179918|-91.862976|16.625757|60.410250|34.104465|36.576665|-0.006768|nan|-122.846876
1414|3.391784|3.770542|-2267.892455|33.315720|50.759638|-17.048580|4.563274|-0.246996|8.740507|12.201852|20.832569|-90.619716|13.383432|59.504075|34.104465|36.661627|-0.005589|nan|-122.884856
1415|-16.960542|4.596010|-2306.890672|12.280318|50.878063|-16.861955|-30.862140|-0.131264|-6.512254|-4.033852|1.678076|-89.964805|-6.670955|41.635837|34.104465|36.236188|-0.007625|nan|-122.908531
1416|-21.720911|5.239646|-2330.598091|nan|50.223876|-16.916157|-30.021536|-0.100751|-5.995441|-8.628586|-1.820779|-89.732911|-11.114142|39.134115|34.104465|36.032510|-0.007013|nan|-122.932207
1417|-23.834574|5.600570|-2350.328429|nan|49.551865|-16.924422|-24.257401|-0.011782|-12.677383|-0.092604|-2.646787|-89.532134|-10.195434|39.274287|34.104465|35.850608|-0.007305|nan|-122.961163
1418|-31.477371|5.825125|-2375.965278|-1.627316|49.139895|-17.070448|-25.098004|-0.011218|-15.121663|-4.227356|-8.986883|-89.256065|-17.520689|34.146053|34.104465|35.534020|-0.008493|nan|-122.984838
1419|-44.285376|5.876152|-2364.791083|-13.780232|49.113277|-17.487140|-40.228858|0.132353|-24.649648|-5.672322|-20.441559|-89.032417|-30.009648|23.110642|34.104465|34.962134|-0.010007|nan|-122.999854
1420|-29.724076|6.059291|-2350.188644|1.555040|48.945379|-15.975552|-13.089389|0.163450|-44.679052|10.910785|-4.536710|-87.946813|-36.919052|38.957841|34.104465|34.966842|-0.007611|nan|-122.993280
1421|-24.714814|6.135221|-2341.871196|5.852277|49.100047|-14.344625|4.203015|0.157419|-24.316322|36.975543|1.853033|-86.881596|-31.755348|44.724884|34.104465|34.960314|-0.006773|-234848.984606|-122.986707
1422|-31.149272|6.102579|-2324.301574|-0.508893|49.425574|-12.740711|-11.047926|0.157419|-39.479914|21.968148|-3.317959|-86.225587|-38.119914|39.034064|34.104465|34.791240|-0.007805|-250650.102875|-122.983891
1423|-28.851506|6.102963|-2331.094706|3.028564|49.560627|-10.773523|-2.641895|0.151067|-39.679251|20.086104|0.129985|-85.633528|-35.838277|41.637532|34.104465|45.947607|-0.007435|-288162.285721|-122.975438
1424|-23.470583|6.201334|-2330.465076|nan|49.683327|-8.719781|11.768442|0.147038|-32.715136|19.925890|6.550359|-84.809106|-30.554487|46.552088|34.104465|45.949988|-0.006578|-288173.067249|-122.958325
1425|-29.446777|6.232493|-2319.854534|1.241646|50.092209|-7.106203|26.178780|0.130836|-29.478556|13.268562|0.958988|-84.495357|-36.678880|39.345656|34.104465|46.307906|-0.007571|-295086.582848|-122.941139
1426|-30.443712|5.964913|-2306.125589|1.030015|50.050432|-5.622619|15.971457|0.117783|-33.641366|12.821369|0.284927|-84.561045|-37.879742|37.265764|34.104465|45.369434|-0.007766|-296569.063725|-122.961867
1427|-25.490132|5.825427|-2311.070698|5.704238|49.585690|-3.938938|26.659124|0.107356|-33.597680|-4.207139|5.355837|-84.234789|-33.196382|41.708982|34.104465|39.106200|-0.007006|-345422.769216|-122.986145
1428|-23.608338|5.894275|-2301.347096|nan|49.590185|-2.422808|22.215937|0.105197|-26.996560|4.524312|7.220740|-84.024201|-31.635262|42.141072|34.104465|39.226068|-0.006752|-345420.923064|-123.010424
1429|-32.744691|5.925674|-2277.727504|-3.544293|50.036188|-1.414088|18.253095|0.111680|-29.762067|-7.806486|-2.108656|-84.307676|-41.122067|31.560950|34.104465|39.001952|-0.008290|-345417.230760|-122.996621
1430|-35.840274|6.227442|-2240.922840|nan|50.792142|-0.624474|23.296712|0.095647|-30.364890|-0.464566|-5.564480|-85.249151|-42.444566|26.913706|34.104465|38.819506|-0.008011|-307415.858459|-122.977877
1431|-35.907058|6.482267|-2179.295487|nan|51.064413|0.046902|-3.482498|0.095941|-30.445234|-10.309853|-5.879287|-85.936832|-42.924910|25.697189|34.104465|38.671767|-0.006869|-307409.833849|-122.973938
1432|-50.126252|6.338391|-2115.416563|-21.808218|52.053521|0.209688|-14.650510|0.069584|-40.774771|-12.169614|-20.521182|-87.179331|-57.575420|9.881934|34.104465|38.245192|-0.008613|-295561.081328|-122.954284
1433|-54.583356|6.068391|-2040.319785|nan|52.226735|0.347912|-19.213783|0.053816|-46.417655|-15.288182|-25.393799|-88.343896|-61.778952|3.794501|34.104465|37.913568|-0.009412|-286178.883533|-122.891230
1434|-49.882144|5.932566|-1959.322623|nan|52.593831|0.602146|-0.360259|0.032546|-41.174964|2.936218|-21.169552|-89.518469|-55.895937|6.508227|34.104465|37.660032|-0.007834|-286169.705474|-122.799334
1435|-62.814375|5.355615|-1863.168614|-35.893061|52.897724|0.327656|-17.172319|0.006943|-47.583964|-11.879837|-34.668914|-91.284673|-69.345585|-8.180710|34.104465|37.162796|-0.011593|-259516.608342|-122.680049
1436|-53.987277|4.805395|-1784.506061|-26.997130|52.381847|0.227426|-9.006461|0.001176|-41.697374|-13.527222|-26.263656|-92.006577|-61.059641|-1.380775|34.104465|37.096483|-0.010250|-222997.527913|-122.450394
1437|-30.848450|4.799995|-1730.671157|-4.516121|52.289668|0.610215|18.973611|-0.003460|-21.602150|35.437933|-3.509255|-92.239003|-33.763446|19.309410|34.104465|37.367534|-0.006589|-213121.265944|-122.327992
1438|-23.291865|4.853443|-1669.163060|1.597239|52.371766|1.080044|36.266016|-0.013935|-15.757801|33.780598|3.580516|-92.296743|-24.398449|24.466226|38.376951|37.591189|-0.005460|-213113.670313|-122.221296
1439|-18.828149|4.868007|-1607.257350|nan|52.468786|1.580698|43.591270|-0.020339|-10.474721|23.163281|7.495837|-92.688613|-18.395693|26.793400|38.376951|37.775176|-0.004837|-213107.214056|-122.131206
1440|-9.417499|4.762213|-1566.516599|15.319297|51.744446|2.305196|43.351099|-0.010217|-2.190053|20.557634|16.422337|-92.765318|-9.629404|34.450313|27.270596|27.127341|-0.003415|-200275.606150|-122.085734
1441|11.081295|5.091551|-1542.317826|34.762532|51.205695|3.316152|83.339785|0.010128|8.983513|19.331234|36.413476|-92.298961|10.184810|54.097721|27.270596|27.948709|-0.000201|-202737.718682|-122.056102
1442|16.368713|5.407265|-1524.132037|39.669994|51.333257|4.365695|87.182541|0.035938|14.586786|17.745995|41.164815|-91.851330|14.748083|58.240354|27.270596|28.582226|0.000539|-173138.194289|-122.027146
1443|15.447447|5.752533|-1521.885784|36.950594|51.920440|5.443585|73.372634|0.057052|13.945580|15.097433|39.612690|-91.749846|13.866877|56.083963|27.270596|28.907675|0.000267|-173136.960004|-122.010033
1444|5.438370|5.843167|-1514.835104|26.396484|51.897192|6.406810|59.322556|0.060963|2.177501|-4.379367|28.875391|-92.065766|6.019124|44.891935|27.270596|28.988653|-0.001486|-173136.960004|-121.873488
1445|10.857588|5.938155|-1483.891624|31.485052|51.737427|7.790704|43.831443|0.088027|-0.538899|-19.394907|33.648218|-91.988621|7.462398|49.434570|27.270596|29.339262|-0.000746|-173139.120002|-121.701568
1446|13.430681|6.375997|-1455.439090|nan|51.817820|9.020716|41.069462|0.114207|5.942631|2.917852|35.380396|-92.408919|9.143604|50.305775|27.270596|29.434782|-0.000473|-173143.131427|-121.597461
1447|9.902375|6.757096|-1432.302405|27.938179|51.580248|10.027480|34.824982|0.131332|4.379119|-9.247630|30.941457|-92.910983|4.700416|46.083189|27.270596|29.483779|-0.001194|-173149.919991|-121.458662
1448|3.743455|6.967409|-1393.350709|nan|50.980871|10.788687|20.414645|0.148986|-0.145639|-17.302047|23.892577|-93.251403|-2.384666|39.348402|27.270596|29.495857|-0.002342|-170200.101108|-121.446144
1449|21.150674|7.263659|-1332.435768|38.084307|50.887480|11.961022|24.377488|0.172410|10.625515|1.976495|40.425403|-92.983980|14.067136|56.914797|27.270596|29.786648|0.000325|-170213.749446|-121.432619
1450|11.666017|7.313360|-1270.607874|27.114717|50.817406|12.609084|28.700589|0.178883|8.818344|4.748159|29.960581|-92.511065|3.619641|47.456591|27.270596|29.676307|-0.001369|-302959.205288|-121.331651
1451|-0.346434|7.152459|-1213.361439|13.874380|50.797704|12.776401|20.894989|0.184958|0.729688|16.026078|16.893996|-92.277127|-9.349663|35.829122|27.270596|29.407807|-0.003471|-302989.432950|-121.212904
1452|-2.994405|6.859701|-1174.087665|10.272998|50.731365|13.037142|10.927839|0.188986|-6.072571|14.875060|13.210439|-92.093865|-12.952247|33.348870|27.270596|29.172799|-0.004055|-303021.280000|-121.183083
1453|-11.190588|6.237177|-1126.856705|1.137683|50.568620|12.995398|4.082929|0.195332|-8.158794|10.600650|4.004819|-91.980256|-22.078794|25.261321|27.270596|28.812885|-0.005535|-296143.648368|-121.042646
1454|-2.116305|5.701931|-1093.639296|nan|49.945830|13.009811|17.532577|0.196503|1.606091|15.279471|12.144212|-91.309799|-13.912936|34.799511|27.270596|28.667363|-0.004211|-291238.004382|-120.798842
1455|-2.216991|5.315163|-1060.697812|nan|49.838597|12.671763|10.447495|0.199050|8.005402|21.787301|11.181181|-91.088194|-11.753625|35.127820|27.270596|35.851385|-0.004366|-251278.197807|-120.421608
1456|0.542803|4.710902|-1033.441027|nan|49.645706|12.521782|11.168011|0.202430|5.446780|10.066086|13.109992|-90.962001|-6.712247|38.254863|27.270596|40.707050|-0.004055|-251299.228995|-119.792194
1457|-0.338566|4.037535|-986.639857|9.679881|49.021374|12.304127|14.170165|0.203718|7.444600|5.158599|11.412504|-90.721082|-6.553453|37.862655|27.270596|35.325550|-0.004327|-251318.917807|-119.164536
1458|-1.472791|3.473263|-854.878545|7.744331|48.597280|12.149367|13.809907|0.203978|2.083222|-2.011497|9.488153|-90.617544|-8.474831|37.313609|27.270596|33.428337|-0.004638|-251336.816690|-118.465501
1459|-11.157305|2.831322|-735.262110|-3.504071|48.215323|11.615359|-6.124393|0.197085|-1.403624|1.589726|-0.928395|-90.965731|-13.962326|27.530443|27.270596|33.125043|-0.006331|-251350.688366|-117.718287
