859|nan|nan|nan|nan|nan|nan|nan|nan|nan|nan|nan|nan|nan|nan|nan|nan|nan|nan|nan|nan|nan|nan|nan|nan|nan|nan|nan|nan|nan|nan|nan|nan|nan|nan|nan|nan|nan|nan|nan|nan|nan|nan|nan|nan|nan|nan|nan|nan|nan|nan
900|nan|nan|nan|nan|nan|nan|nan|nan|nan|nan|nan|nan|nan|nan|nan|nan|nan|nan|nan|nan|nan|nan|nan|nan|nan|nan|nan|nan|nan|nan|nan|nan|nan|nan|nan|nan|nan|nan|nan|nan|nan|nan|nan|nan|nan|nan|nan|nan|nan|nan
901|nan|nan|nan|nan|nan|nan|nan|nan|nan|nan|nan|nan|nan|nan|nan|nan|nan|nan|nan|nan|nan|nan|nan|nan|nan|nan|nan|nan|nan|nan|nan|nan|nan|nan|nan|nan|nan|nan|nan|nan|nan|nan|nan|nan|nan|nan|nan|nan|nan|nan
902|nan|nan|nan|nan|nan|nan|nan|nan|nan|nan|nan|nan|nan|nan|nan|nan|nan|nan|nan|nan|nan|nan|nan|nan|nan|nan|nan|nan|nan|nan|nan|nan|nan|nan|nan|nan|nan|nan|nan|nan|nan|nan|nan|nan|nan|nan|nan|nan|nan|nan
903|nan|nan|nan|nan|nan|nan|nan|nan|nan|nan|nan|nan|nan|nan|nan|nan|nan|nan|nan|nan|nan|nan|nan|nan|nan|nan|nan|nan|nan|nan|nan|nan|nan|nan|nan|nan|nan|nan|nan|nan|nan|nan|nan|nan|nan|nan|nan|nan|nan|nan
904|nan|nan|nan|nan|nan|nan|nan|nan|nan|nan|nan|nan|nan|nan|nan|nan|nan|nan|nan|nan|nan|nan|nan|nan|nan|nan|nan|nan|nan|nan|nan|nan|nan|nan|nan|nan|nan|nan|nan|nan|nan|nan|nan|nan|nan|nan|nan|nan|nan|nan
905|nan|nan|nan|nan|nan|nan|nan|nan|nan|nan|nan|nan|nan|nan|nan|nan|nan|nan|nan|nan|nan|nan|nan|nan|nan|nan|nan|nan|nan|nan|nan|nan|nan|nan|nan|nan|nan|nan|nan|nan|nan|nan|nan|nan|nan|nan|nan|nan|nan|nan
906|nan|nan|nan|nan|nan|nan|nan|nan|nan|nan|nan|nan|nan|nan|nan|nan|nan|nan|nan|nan|nan|nan|nan|nan|nan|nan|nan|nan|nan|nan|nan|nan|nan|nan|nan|nan|nan|nan|nan|nan|nan|nan|nan|nan|nan|nan|nan|nan|nan|nan
907|nan|nan|nan|nan|nan|nan|nan|nan|nan|nan|nan|nan|nan|nan|nan|nan|nan|nan|nan|nan|nan|nan|nan|nan|nan|nan|nan|nan|nan|nan|nan|nan|nan|nan|nan|nan|nan|nan|nan|nan|nan|nan|nan|nan|nan|nan|nan|nan|nan|nan
908|nan|nan|nan|nan|nan|nan|nan|nan|nan|nan|nan|nan|nan|nan|nan|nan|nan|nan|nan|nan|nan|nan|nan|nan|nan|nan|nan|nan|nan|nan|nan|nan|nan|nan|nan|nan|nan|nan|nan|nan|nan|nan|nan|nan|nan|nan|nan|nan|nan|nan
909|nan|nan|nan|nan|nan|nan|nan|nan|nan|nan|nan|nan|nan|nan|nan|nan|nan|nan|nan|nan|nan|nan|nan|nan|nan|nan|nan|nan|nan|nan|nan|nan|nan|nan|nan|nan|nan|nan|nan|nan|nan|nan|nan|nan|nan|nan|nan|nan|nan|nan
910|nan|nan|nan|nan|nan|nan|nan|nan|nan|nan|nan|nan|nan|nan|nan|nan|nan|nan|nan|nan|nan|nan|nan|nan|nan|nan|nan|nan|nan|nan|nan|nan|nan|nan|nan|nan|nan|nan|nan|nan|nan|nan|nan|nan|nan|nan|nan|nan|nan|nan
911|nan|nan|nan|nan|nan|nan|nan|nan|nan|nan|nan|nan|nan|nan|nan|nan|nan|nan|nan|nan|nan|nan|nan|nan|nan|nan|nan|nan|nan|nan|nan|nan|nan|nan|nan|nan|nan|nan|nan|nan|nan|nan|nan|nan|nan|nan|nan|nan|nan|nan
912|nan|nan|nan|nan|nan|nan|nan|nan|nan|nan|nan|nan|nan|nan|nan|nan|nan|nan|nan|nan|nan|nan|nan|nan|nan|nan|nan|nan|nan|nan|nan|nan|nan|nan|nan|nan|nan|nan|nan|nan|nan|nan|nan|nan|nan|nan|nan|nan|nan|nan
913|nan|nan|nan|nan|nan|nan|nan|nan|nan|nan|nan|nan|nan|nan|nan|nan|nan|nan|nan|nan|nan|nan|nan|nan|nan|nan|nan|nan|nan|nan|nan|nan|nan|nan|nan|nan|nan|nan|nan|nan|nan|nan|nan|nan|nan|nan|nan|nan|nan|nan
914|nan|nan|nan|nan|nan|nan|nan|nan|nan|nan|nan|nan|nan|nan|nan|nan|nan|nan|nan|nan|nan|nan|nan|nan|nan|nan|nan|nan|nan|nan|nan|nan|nan|nan|nan|nan|nan|nan|nan|nan|nan|nan|nan|nan|nan|nan|nan|nan|nan|nan
915|nan|nan|nan|nan|nan|nan|nan|nan|nan|nan|nan|nan|nan|nan|nan|nan|nan|nan|nan|nan|nan|nan|nan|nan|nan|nan|nan|nan|nan|nan|nan|nan|nan|nan|nan|nan|nan|nan|nan|nan|nan|nan|nan|nan|nan|nan|nan|nan|nan|nan
916|nan|nan|nan|nan|nan|nan|nan|nan|nan|nan|nan|nan|nan|nan|nan|nan|nan|nan|nan|nan|nan|nan|nan|nan|nan|nan|nan|nan|nan|nan|nan|nan|nan|nan|nan|nan|nan|nan|nan|nan|nan|nan|nan|nan|nan|nan|nan|nan|nan|nan
917|nan|nan|nan|nan|nan|nan|nan|nan|nan|nan|nan|nan|nan|nan|nan|nan|nan|nan|nan|nan|nan|nan|nan|nan|nan|nan|nan|nan|nan|nan|nan|nan|nan|nan|nan|nan|nan|nan|nan|nan|nan|nan|nan|nan|nan|nan|nan|nan|nan|nan
918|nan|nan|nan|nan|nan|nan|nan|nan|nan|nan|nan|nan|nan|nan|nan|nan|nan|nan|nan|nan|nan|nan|nan|nan|nan|nan|nan|nan|nan|nan|nan|nan|nan|nan|nan|nan|nan|nan|nan|nan|nan|nan|nan|nan|nan|nan|nan|nan|nan|nan
919|nan|nan|nan|nan|nan|nan|nan|nan|nan|nan|nan|nan|nan|nan|nan|nan|nan|nan|nan|nan|nan|nan|nan|nan|nan|nan|nan|nan|nan|nan|nan|nan|nan|nan|nan|nan|nan|nan|nan|nan|nan|nan|nan|nan|nan|nan|nan|nan|nan|nan
920|nan|nan|nan|nan|nan|nan|nan|nan|nan|nan|nan|nan|nan|nan|nan|nan|nan|nan|nan|nan|nan|nan|nan|nan|nan|nan|nan|nan|nan|nan|nan|nan|nan|nan|nan|nan|nan|nan|nan|nan|nan|nan|nan|nan|nan|nan|nan|nan|nan|nan
921|nan|nan|nan|nan|nan|nan|nan|nan|nan|nan|nan|nan|nan|nan|nan|nan|nan|nan|nan|nan|nan|nan|nan|nan|nan|nan|nan|nan|nan|nan|nan|nan|nan|nan|nan|nan|nan|nan|nan|nan|nan|nan|nan|nan|nan|nan|nan|nan|nan|nan
922|nan|nan|nan|nan|nan|nan|nan|nan|nan|nan|nan|nan|nan|nan|nan|nan|nan|nan|nan|nan|nan|nan|nan|nan|nan|nan|nan|nan|nan|nan|nan|nan|nan|nan|nan|nan|nan|nan|nan|nan|nan|nan|nan|nan|nan|nan|nan|nan|nan|nan
923|nan|nan|nan|nan|nan|nan|nan|nan|nan|nan|nan|nan|nan|nan|nan|nan|nan|nan|nan|nan|nan|nan|nan|nan|nan|nan|nan|nan|nan|nan|nan|nan|nan|nan|nan|nan|nan|nan|nan|nan|nan|nan|nan|nan|nan|nan|nan|nan|nan|nan
924|nan|nan|nan|nan|nan|nan|nan|nan|nan|nan|nan|nan|nan|nan|nan|nan|nan|nan|nan|nan|nan|nan|nan|nan|nan|nan|nan|nan|nan|nan|nan|nan|nan|nan|nan|nan|nan|nan|nan|nan|nan|nan|nan|nan|nan|nan|nan|nan|nan|nan
925|nan|nan|nan|nan|nan|nan|nan|nan|nan|nan|nan|nan|nan|nan|nan|nan|nan|nan|nan|nan|nan|nan|nan|nan|nan|nan|nan|nan|nan|nan|nan|nan|nan|nan|nan|nan|nan|nan|nan|nan|nan|nan|nan|nan|nan|nan|nan|nan|nan|nan
926|nan|nan|nan|nan|nan|nan|nan|nan|nan|nan|nan|nan|nan|nan|nan|nan|nan|nan|nan|nan|nan|nan|nan|nan|nan|nan|nan|nan|nan|nan|nan|nan|nan|nan|nan|nan|nan|nan|nan|nan|nan|nan|nan|nan|nan|nan|nan|nan|nan|nan
927|nan|nan|nan|nan|nan|nan|nan|nan|nan|nan|nan|nan|nan|nan|nan|nan|nan|nan|nan|nan|nan|nan|nan|nan|nan|nan|nan|nan|nan|nan|nan|nan|nan|nan|nan|nan|nan|nan|nan|nan|nan|nan|nan|nan|nan|nan|nan|nan|nan|nan
928|nan|nan|nan|nan|nan|nan|nan|nan|nan|nan|nan|nan|nan|nan|nan|nan|nan|nan|nan|nan|nan|nan|nan|nan|nan|nan|nan|nan|nan|nan|nan|nan|nan|nan|nan|nan|nan|nan|nan|nan|nan|nan|nan|nan|nan|nan|nan|nan|nan|nan
929|nan|nan|nan|nan|nan|nan|nan|nan|nan|nan|nan|nan|nan|nan|nan|nan|nan|nan|nan|nan|nan|nan|nan|nan|nan|nan|nan|nan|nan|nan|nan|nan|nan|nan|nan|nan|nan|nan|nan|nan|nan|nan|nan|nan|nan|nan|nan|nan|nan|nan
930|nan|nan|nan|nan|nan|nan|nan|nan|nan|nan|nan|nan|nan|nan|nan|nan|nan|nan|nan|nan|nan|nan|nan|nan|nan|nan|nan|nan|nan|nan|nan|nan|nan|nan|nan|nan|nan|nan|nan|nan|nan|nan|nan|nan|nan|nan|nan|nan|nan|nan
931|nan|nan|nan|nan|nan|nan|nan|nan|nan|nan|nan|nan|nan|nan|nan|nan|nan|nan|nan|nan|nan|nan|nan|nan|nan|nan|nan|nan|nan|nan|nan|nan|nan|nan|nan|nan|nan|nan|nan|nan|nan|nan|nan|nan|nan|nan|nan|nan|nan|nan
932|nan|nan|nan|nan|nan|nan|nan|nan|nan|nan|nan|nan|nan|nan|nan|nan|nan|nan|nan|nan|nan|nan|nan|nan|nan|nan|nan|nan|nan|nan|nan|nan|nan|nan|nan|nan|nan|nan|nan|nan|nan|nan|nan|nan|nan|nan|nan|nan|nan|nan
933|nan|nan|nan|nan|nan|nan|nan|nan|nan|nan|nan|nan|nan|nan|nan|nan|nan|nan|nan|nan|nan|nan|nan|nan|nan|nan|nan|nan|nan|nan|nan|nan|nan|nan|nan|nan|nan|nan|nan|nan|nan|nan|nan|nan|nan|nan|nan|nan|nan|nan
934|nan|nan|nan|nan|nan|nan|nan|nan|nan|nan|nan|nan|nan|nan|nan|nan|nan|nan|nan|nan|nan|nan|nan|nan|nan|nan|nan|nan|nan|nan|nan|nan|nan|nan|nan|nan|nan|nan|nan|nan|nan|nan|nan|nan|nan|nan|nan|nan|nan|nan
935|nan|nan|nan|nan|nan|nan|nan|nan|nan|nan|nan|nan|nan|nan|nan|nan|nan|nan|nan|nan|nan|nan|nan|nan|nan|nan|nan|nan|nan|nan|nan|nan|nan|nan|nan|nan|nan|nan|nan|nan|nan|nan|nan|nan|nan|nan|nan|nan|nan|nan
936|nan|nan|nan|nan|nan|nan|nan|nan|nan|nan|nan|nan|nan|nan|nan|nan|nan|nan|nan|nan|nan|nan|nan|nan|nan|nan|nan|nan|nan|nan|nan|nan|nan|nan|nan|nan|nan|nan|nan|nan|nan|nan|nan|nan|nan|nan|nan|nan|nan|nan
937|nan|nan|nan|nan|nan|nan|nan|nan|nan|nan|nan|nan|nan|nan|nan|nan|nan|nan|nan|nan|nan|nan|nan|nan|nan|nan|nan|nan|nan|nan|nan|nan|nan|nan|nan|nan|nan|nan|nan|nan|nan|nan|nan|nan|nan|nan|nan|nan|nan|nan
938|nan|nan|nan|nan|nan|nan|nan|nan|nan|nan|nan|nan|nan|nan|nan|nan|nan|nan|nan|nan|nan|nan|nan|nan|nan|nan|nan|nan|nan|nan|nan|nan|nan|nan|nan|nan|nan|nan|nan|nan|nan|nan|nan|nan|nan|nan|nan|nan|nan|nan
939|nan|nan|nan|nan|nan|nan|nan|nan|nan|nan|nan|nan|nan|nan|nan|nan|nan|nan|nan|nan|nan|nan|nan|nan|nan|nan|nan|nan|nan|nan|nan|nan|nan|nan|nan|nan|nan|nan|nan|nan|nan|nan|nan|nan|nan|nan|nan|nan|nan|nan
940|nan|nan|nan|nan|nan|nan|nan|nan|nan|nan|nan|nan|nan|nan|nan|nan|nan|nan|nan|nan|nan|nan|nan|nan|nan|nan|nan|nan|nan|nan|nan|nan|nan|nan|nan|nan|nan|nan|nan|nan|nan|nan|nan|nan|nan|nan|nan|nan|nan|nan
941|nan|nan|nan|nan|nan|nan|nan|nan|nan|nan|nan|nan|nan|nan|nan|nan|nan|nan|nan|nan|nan|nan|nan|nan|nan|nan|nan|nan|nan|nan|nan|nan|nan|nan|nan|nan|nan|nan|nan|nan|nan|nan|nan|nan|nan|nan|nan|nan|nan|nan
942|nan|nan|nan|nan|nan|nan|nan|nan|nan|nan|nan|nan|nan|nan|nan|nan|nan|nan|nan|nan|nan|nan|nan|nan|nan|nan|nan|nan|nan|nan|nan|nan|nan|nan|nan|nan|nan|nan|nan|nan|nan|nan|nan|nan|nan|nan|nan|nan|nan|nan
943|nan|nan|nan|nan|nan|nan|nan|nan|nan|nan|nan|nan|nan|nan|nan|nan|nan|nan|nan|nan|nan|nan|nan|nan|nan|nan|nan|nan|nan|nan|nan|nan|nan|nan|nan|nan|nan|nan|nan|nan|nan|nan|nan|nan|nan|nan|nan|nan|nan|nan
944|nan|nan|nan|nan|nan|nan|nan|nan|nan|nan|nan|nan|nan|nan|nan|nan|nan|nan|nan|nan|nan|nan|nan|nan|nan|nan|nan|nan|nan|nan|nan|nan|nan|nan|nan|nan|nan|nan|nan|nan|nan|nan|nan|nan|nan|nan|nan|nan|nan|nan
945|nan|nan|nan|nan|nan|nan|nan|nan|nan|nan|nan|nan|nan|nan|nan|nan|nan|nan|nan|nan|nan|nan|nan|nan|nan|nan|nan|nan|nan|nan|nan|nan|nan|nan|nan|nan|nan|nan|nan|nan|nan|nan|nan|nan|nan|nan|nan|nan|nan|nan
946|nan|nan|nan|nan|nan|nan|nan|nan|nan|nan|nan|nan|nan|nan|nan|nan|nan|nan|nan|nan|nan|nan|nan|nan|nan|nan|nan|nan|nan|nan|nan|nan|nan|nan|nan|nan|nan|nan|nan|nan|nan|nan|nan|nan|nan|nan|nan|nan|nan|nan
947|nan|nan|nan|nan|nan|nan|nan|nan|nan|nan|nan|nan|nan|nan|nan|nan|nan|nan|nan|nan|nan|nan|nan|nan|nan|nan|nan|nan|nan|nan|nan|nan|nan|nan|nan|nan|nan|nan|nan|nan|nan|nan|nan|nan|nan|nan|nan|nan|nan|nan
948|nan|nan|nan|nan|nan|nan|nan|nan|nan|nan|nan|nan|nan|nan|nan|nan|nan|nan|nan|nan|nan|nan|nan|nan|nan|nan|nan|nan|nan|nan|nan|nan|nan|nan|nan|nan|nan|nan|nan|nan|nan|nan|nan|nan|nan|nan|nan|nan|nan|nan
949|nan|nan|nan|nan|nan|nan|nan|nan|nan|nan|nan|nan|nan|nan|nan|nan|nan|nan|nan|nan|nan|nan|nan|nan|nan|nan|nan|nan|nan|nan|nan|nan|nan|nan|nan|nan|nan|nan|nan|nan|nan|nan|nan|nan|nan|nan|nan|nan|nan|nan
950|nan|nan|nan|nan|nan|nan|nan|nan|nan|nan|nan|nan|nan|nan|nan|nan|nan|nan|nan|nan|nan|nan|nan|nan|nan|nan|nan|nan|nan|nan|nan|nan|nan|nan|nan|nan|nan|nan|nan|nan|nan|nan|nan|nan|nan|nan|nan|nan|nan|nan
951|nan|nan|nan|nan|nan|nan|nan|nan|nan|nan|nan|nan|nan|nan|nan|nan|nan|nan|nan|nan|nan|nan|nan|nan|nan|nan|nan|nan|nan|nan|nan|nan|nan|nan|nan|nan|nan|nan|nan|nan|nan|nan|nan|nan|nan|nan|nan|nan|nan|nan
952|nan|nan|nan|nan|nan|nan|nan|nan|nan|nan|nan|nan|nan|nan|nan|nan|nan|nan|nan|nan|nan|nan|nan|nan|nan|nan|nan|nan|nan|nan|nan|nan|nan|nan|nan|nan|nan|nan|nan|nan|nan|nan|nan|nan|nan|nan|nan|nan|nan|nan
953|nan|nan|nan|nan|nan|nan|nan|nan|nan|nan|nan|nan|nan|nan|nan|nan|nan|nan|nan|nan|nan|nan|nan|nan|nan|nan|nan|nan|nan|nan|nan|nan|nan|nan|nan|nan|nan|nan|nan|nan|nan|nan|nan|nan|nan|nan|nan|nan|nan|nan
954|nan|nan|nan|nan|nan|nan|nan|nan|nan|nan|nan|nan|nan|nan|nan|nan|nan|nan|nan|nan|nan|nan|nan|nan|nan|nan|nan|nan|nan|nan|nan|nan|nan|nan|nan|nan|nan|nan|nan|nan|nan|nan|nan|nan|nan|nan|nan|nan|nan|nan
955|nan|nan|nan|nan|nan|nan|nan|nan|nan|nan|nan|nan|nan|nan|nan|nan|nan|nan|nan|nan|nan|nan|nan|nan|nan|nan|nan|nan|nan|nan|nan|nan|nan|nan|nan|nan|nan|nan|nan|nan|nan|nan|nan|nan|nan|nan|nan|nan|nan|nan
956|nan|nan|nan|nan|nan|nan|nan|nan|nan|nan|nan|nan|nan|nan|nan|nan|nan|nan|nan|nan|nan|nan|nan|nan|nan|nan|nan|nan|nan|nan|nan|nan|nan|nan|nan|nan|nan|nan|nan|nan|nan|nan|nan|nan|nan|nan|nan|nan|nan|nan
957|nan|nan|nan|nan|nan|nan|nan|nan|nan|nan|nan|nan|nan|nan|nan|nan|nan|nan|nan|nan|nan|nan|nan|nan|nan|nan|nan|nan|nan|nan|nan|nan|nan|nan|nan|nan|nan|nan|nan|nan|nan|nan|nan|nan|nan|nan|nan|nan|nan|nan
958|nan|nan|nan|nan|nan|nan|nan|nan|nan|nan|nan|nan|nan|nan|nan|nan|nan|nan|nan|nan|nan|nan|nan|nan|nan|nan|nan|nan|nan|nan|nan|nan|nan|nan|nan|nan|nan|nan|nan|nan|nan|nan|nan|nan|nan|nan|nan|nan|nan|nan
959|nan|nan|nan|nan|nan|nan|nan|nan|nan|nan|nan|nan|nan|nan|nan|nan|nan|nan|nan|nan|nan|nan|nan|nan|nan|nan|nan|nan|nan|nan|nan|nan|nan|nan|nan|nan|nan|nan|nan|nan|nan|nan|nan|nan|nan|nan|nan|nan|nan|nan
1000|nan|nan|nan|nan|nan|nan|nan|nan|nan|nan|nan|nan|nan|nan|nan|nan|nan|nan|nan|nan|nan|nan|nan|nan|nan|nan|nan|nan|nan|nan|nan|nan|nan|nan|nan|nan|nan|nan|nan|nan|nan|nan|nan|nan|nan|nan|nan|nan|nan|nan
1001|nan|nan|nan|nan|nan|nan|nan|nan|nan|nan|nan|nan|nan|nan|nan|nan|nan|nan|nan|nan|nan|nan|nan|nan|nan|nan|nan|nan|nan|nan|nan|nan|nan|nan|nan|nan|nan|nan|nan|nan|nan|nan|nan|nan|nan|nan|nan|nan|nan|nan
1002|nan|nan|nan|nan|nan|nan|nan|nan|nan|nan|nan|nan|nan|nan|nan|nan|nan|nan|nan|nan|nan|nan|nan|nan|nan|nan|nan|nan|nan|nan|nan|nan|nan|nan|nan|nan|nan|nan|nan|nan|nan|nan|nan|nan|nan|nan|nan|nan|nan|nan
1003|nan|nan|nan|nan|nan|nan|nan|nan|nan|nan|nan|nan|nan|nan|nan|nan|nan|nan|nan|nan|nan|nan|nan|nan|nan|nan|nan|nan|nan|nan|nan|nan|nan|nan|nan|nan|nan|nan|nan|nan|nan|nan|nan|nan|nan|nan|nan|nan|nan|nan
1004|nan|nan|nan|nan|nan|nan|nan|nan|nan|nan|nan|nan|nan|nan|nan|nan|nan|nan|nan|nan|nan|nan|nan|nan|nan|nan|nan|nan|nan|nan|nan|nan|nan|nan|nan|nan|nan|nan|nan|nan|nan|nan|nan|nan|nan|nan|nan|nan|nan|nan
1005|nan|nan|nan|nan|nan|nan|nan|nan|nan|nan|nan|nan|nan|nan|nan|nan|nan|nan|nan|nan|nan|nan|nan|nan|nan|nan|nan|nan|nan|nan|nan|nan|nan|nan|nan|nan|nan|nan|nan|nan|nan|nan|nan|nan|nan|nan|nan|nan|nan|nan
1006|nan|nan|nan|nan|nan|nan|nan|nan|nan|nan|nan|nan|nan|nan|nan|nan|nan|nan|nan|nan|nan|nan|nan|nan|nan|nan|nan|nan|nan|nan|nan|nan|nan|nan|nan|nan|nan|nan|nan|nan|nan|nan|nan|nan|nan|nan|nan|nan|nan|nan
1007|nan|nan|nan|nan|nan|nan|nan|nan|nan|nan|nan|nan|nan|nan|nan|nan|nan|nan|nan|nan|nan|nan|nan|nan|nan|nan|nan|nan|nan|nan|nan|nan|nan|nan|nan|nan|nan|nan|nan|nan|nan|nan|nan|nan|nan|nan|nan|nan|nan|nan
1008|nan|nan|nan|nan|nan|nan|nan|nan|nan|nan|nan|nan|nan|nan|nan|nan|nan|nan|nan|nan|nan|nan|nan|nan|nan|nan|nan|nan|nan|nan|nan|nan|nan|nan|nan|nan|nan|nan|nan|nan|nan|nan|nan|nan|nan|nan|nan|nan|nan|nan
1009|nan|nan|nan|nan|nan|nan|nan|nan|nan|nan|nan|nan|nan|nan|nan|nan|nan|nan|nan|nan|nan|nan|nan|nan|nan|nan|nan|nan|nan|nan|nan|nan|nan|nan|nan|nan|nan|nan|nan|nan|nan|nan|nan|nan|nan|nan|nan|nan|nan|nan
1010|nan|nan|nan|nan|nan|nan|nan|nan|nan|nan|nan|nan|nan|nan|nan|nan|nan|nan|nan|nan|nan|nan|nan|nan|nan|nan|nan|nan|nan|nan|nan|nan|nan|nan|nan|nan|nan|nan|nan|nan|nan|nan|nan|nan|nan|nan|nan|nan|nan|nan
1011|nan|nan|nan|nan|nan|nan|nan|nan|nan|nan|nan|nan|nan|nan|nan|nan|nan|nan|nan|nan|nan|nan|nan|nan|nan|nan|nan|nan|nan|nan|nan|nan|nan|nan|nan|nan|nan|nan|nan|nan|nan|nan|nan|nan|nan|nan|nan|nan|nan|nan
1012|nan|nan|nan|nan|nan|nan|nan|nan|nan|nan|nan|nan|nan|nan|nan|nan|nan|nan|nan|nan|nan|nan|nan|nan|nan|nan|nan|nan|nan|nan|nan|nan|nan|nan|nan|nan|nan|nan|nan|nan|nan|nan|nan|nan|nan|nan|nan|nan|nan|nan
1013|nan|nan|nan|nan|nan|nan|nan|nan|nan|nan|nan|nan|nan|nan|nan|nan|nan|nan|nan|nan|nan|nan|nan|nan|nan|nan|nan|nan|nan|-92.420545|nan|nan|nan|nan|nan|nan|nan|nan|nan|nan|nan|nan|nan|nan|nan|nan|nan|nan|nan|nan
1014|nan|nan|nan|nan|nan|nan|nan|nan|nan|nan|nan|nan|nan|nan|nan|nan|nan|nan|nan|nan|nan|nan|nan|nan|nan|nan|nan|nan|nan|-92.814886|nan|nan|nan|nan|nan|nan|nan|nan|nan|nan|nan|nan|nan|nan|nan|nan|nan|nan|nan|nan
1030|nan|nan|nan|nan|nan|nan|nan|nan|nan|nan|nan|nan|nan|nan|nan|nan|nan|nan|nan|nan|nan|nan|nan|nan|nan|nan|nan|nan|nan|-61.876591|nan|nan|nan|nan|nan|nan|nan|nan|nan|nan|nan|nan|nan|nan|nan|nan|nan|nan|nan|nan
1031|nan|nan|nan|nan|nan|nan|nan|nan|nan|nan|nan|nan|nan|nan|nan|nan|nan|nan|nan|nan|nan|nan|nan|nan|nan|nan|nan|nan|nan|-22.831116|nan|nan|nan|nan|nan|nan|nan|nan|nan|nan|nan|nan|nan|nan|nan|nan|nan|nan|nan|nan
1032|nan|nan|nan|nan|nan|nan|nan|nan|nan|nan|nan|nan|nan|nan|nan|nan|nan|nan|nan|nan|nan|nan|nan|nan|nan|nan|nan|nan|nan|-8.776558|nan|nan|nan|nan|nan|nan|nan|nan|nan|nan|nan|nan|nan|nan|nan|nan|nan|nan|nan|nan
1033|nan|nan|nan|nan|nan|nan|nan|nan|nan|nan|nan|nan|nan|nan|nan|nan|nan|nan|nan|nan|nan|nan|nan|nan|nan|nan|nan|nan|nan|24.523805|nan|nan|nan|nan|nan|nan|nan|nan|nan|nan|nan|nan|nan|nan|nan|nan|nan|nan|nan|nan
1034|nan|nan|nan|nan|nan|nan|nan|nan|nan|nan|nan|nan|nan|nan|nan|nan|nan|nan|nan|nan|nan|nan|nan|nan|nan|nan|nan|nan|nan|34.762029|nan|nan|nan|nan|nan|nan|nan|nan|nan|nan|nan|nan|nan|nan|nan|nan|nan|nan|nan|nan
1035|nan|nan|nan|nan|nan|nan|nan|nan|nan|nan|nan|nan|nan|nan|nan|nan|nan|nan|nan|nan|nan|nan|nan|nan|nan|nan|nan|nan|nan|-5.817065|nan|nan|nan|nan|nan|nan|nan|nan|nan|nan|nan|nan|nan|nan|nan|nan|nan|nan|nan|nan
1036|nan|nan|nan|nan|nan|nan|nan|nan|nan|nan|nan|nan|nan|nan|nan|nan|nan|nan|nan|nan|nan|nan|nan|nan|nan|nan|nan|nan|nan|-5.170724|nan|nan|nan|nan|nan|nan|nan|nan|nan|nan|nan|nan|nan|nan|nan|nan|nan|nan|nan|nan
1037|nan|nan|nan|nan|nan|nan|nan|nan|nan|nan|nan|nan|nan|nan|nan|nan|nan|nan|nan|nan|nan|nan|nan|nan|nan|nan|nan|nan|nan|-23.913165|nan|nan|nan|nan|nan|nan|nan|nan|nan|nan|nan|nan|nan|nan|nan|nan|nan|nan|nan|nan
1038|nan|nan|nan|nan|nan|nan|nan|nan|nan|nan|nan|nan|nan|nan|nan|nan|nan|nan|nan|nan|nan|nan|nan|nan|nan|nan|nan|nan|nan|-21.739241|nan|nan|nan|nan|nan|nan|nan|nan|nan|nan|nan|nan|nan|nan|nan|nan|nan|nan|nan|nan
1039|nan|nan|nan|nan|nan|nan|nan|nan|nan|nan|nan|nan|nan|nan|nan|nan|nan|nan|nan|nan|nan|nan|nan|nan|nan|nan|nan|nan|nan|-19.927637|nan|nan|nan|nan|nan|nan|nan|nan|nan|nan|nan|nan|nan|nan|nan|nan|nan|nan|nan|nan
1040|nan|nan|nan|nan|nan|nan|nan|nan|nan|nan|nan|nan|nan|nan|nan|nan|nan|nan|nan|nan|nan|nan|nan|nan|nan|nan|nan|nan|nan|-18.394742|nan|nan|nan|nan|nan|nan|nan|nan|nan|nan|nan|nan|nan|nan|nan|nan|nan|nan|nan|nan
1041|nan|nan|nan|nan|nan|nan|nan|nan|nan|nan|nan|nan|nan|nan|nan|nan|nan|nan|nan|nan|nan|nan|nan|nan|nan|nan|nan|nan|nan|-7.249278|nan|nan|nan|nan|nan|nan|nan|nan|nan|nan|nan|nan|nan|nan|nan|nan|nan|nan|nan|nan
1042|nan|nan|nan|nan|nan|nan|nan|nan|nan|nan|nan|nan|nan|nan|nan|nan|nan|nan|nan|nan|nan|nan|nan|nan|nan|nan|nan|nan|nan|11.263204|nan|nan|nan|nan|nan|nan|nan|nan|nan|nan|nan|nan|nan|nan|nan|nan|nan|nan|nan|nan
1043|nan|nan|nan|nan|nan|nan|nan|nan|nan|nan|nan|nan|nan|nan|nan|nan|nan|nan|nan|nan|nan|nan|nan|nan|nan|nan|nan|nan|nan|5.024822|nan|0.414355|nan|nan|nan|-737.600412|nan|nan|nan|nan|-884595.037772|nan|nan|4.221010|nan|-126.756221|nan|0.468689|nan|nan
1044|nan|nan|nan|nan|nan|nan|nan|nan|nan|nan|nan|nan|nan|nan|nan|nan|nan|nan|nan|nan|nan|nan|nan|nan|nan|nan|nan|nan|nan|-0.381087|nan|0.414355|nan|nan|nan|-737.285005|nan|nan|nan|nan|-884595.037772|nan|nan|4.216584|nan|-126.756221|nan|0.468689|nan|nan
1045|nan|nan|nan|nan|nan|nan|nan|nan|nan|nan|nan|nan|nan|nan|nan|nan|nan|nan|nan|nan|nan|nan|nan|nan|nan|nan|nan|nan|nan|-2.722527|nan|0.414355|nan|nan|nan|-737.529731|nan|nan|nan|nan|-884595.037772|nan|nan|4.210091|nan|-126.756221|nan|0.468689|nan|nan
1046|nan|nan|nan|nan|nan|nan|nan|nan|nan|nan|nan|nan|nan|nan|nan|nan|nan|nan|nan|nan|nan|nan|nan|nan|nan|nan|nan|nan|nan|-2.579236|nan|0.414355|nan|nan|nan|-737.232725|nan|nan|nan|nan|-884595.037772|nan|nan|4.199818|nan|-126.756221|nan|0.468689|nan|nan
1047|nan|nan|nan|nan|nan|nan|nan|nan|nan|nan|nan|nan|nan|nan|nan|nan|nan|nan|nan|nan|nan|nan|nan|nan|nan|nan|nan|nan|nan|-0.420921|nan|0.414355|nan|nan|nan|-737.191223|nan|nan|nan|nan|-884595.037772|nan|nan|4.188249|nan|-126.756221|nan|0.468689|nan|nan
1048|nan|nan|nan|nan|nan|nan|nan|nan|nan|nan|nan|nan|nan|nan|nan|nan|nan|nan|nan|nan|nan|nan|nan|nan|nan|nan|nan|nan|nan|-4.167777|nan|0.414355|nan|nan|nan|-737.483457|nan|nan|nan|nan|-884595.037772|nan|nan|4.176203|nan|-126.756221|nan|0.468689|nan|nan
1049|nan|nan|nan|nan|nan|nan|nan|nan|nan|nan|nan|nan|nan|nan|nan|nan|nan|nan|nan|nan|nan|nan|nan|nan|nan|nan|nan|nan|nan|-3.978332|nan|0.414355|nan|nan|nan|-737.210007|nan|nan|nan|nan|-884595.037772|nan|nan|4.164232|nan|-126.756221|nan|0.468689|nan|nan
1050|nan|nan|nan|nan|nan|nan|nan|nan|nan|nan|nan|nan|nan|nan|nan|nan|nan|nan|nan|nan|nan|nan|nan|nan|nan|nan|nan|nan|nan|-7.055121|nan|0.414355|nan|nan|nan|-736.892898|nan|nan|nan|nan|-884595.037772|nan|nan|4.152027|nan|-126.756221|nan|0.468689|nan|nan
1051|nan|nan|nan|nan|nan|nan|nan|nan|nan|nan|nan|nan|nan|nan|nan|nan|nan|nan|nan|nan|nan|nan|nan|nan|nan|nan|nan|nan|nan|-6.761158|nan|0.414355|nan|nan|nan|-736.444333|nan|nan|nan|nan|-884595.037772|nan|nan|4.140531|nan|-126.756221|nan|0.468689|nan|nan
1052|nan|nan|nan|nan|nan|nan|nan|nan|nan|nan|nan|nan|nan|nan|nan|nan|nan|nan|nan|nan|nan|nan|nan|nan|nan|nan|nan|nan|nan|-9.295291|nan|0.414355|nan|nan|nan|-738.067057|nan|nan|nan|nan|-884595.037772|nan|nan|4.131722|nan|-126.756221|nan|0.468689|nan|nan
1053|nan|nan|nan|nan|nan|nan|nan|nan|nan|nan|nan|nan|nan|nan|nan|nan|nan|nan|nan|nan|nan|nan|nan|nan|nan|nan|nan|nan|nan|-8.937780|nan|0.414355|nan|nan|nan|-737.521411|nan|nan|nan|nan|-884595.037772|nan|nan|4.125710|nan|-126.756221|nan|0.468689|nan|nan
1054|nan|nan|nan|nan|nan|nan|nan|nan|nan|nan|nan|nan|nan|nan|nan|nan|nan|nan|nan|nan|nan|nan|nan|nan|nan|nan|nan|nan|nan|-8.606751|nan|0.414355|nan|nan|nan|-737.183146|nan|nan|nan|nan|-884595.037772|nan|nan|4.119041|nan|-126.756221|nan|0.468689|nan|nan
1055|nan|nan|nan|nan|nan|nan|nan|nan|nan|nan|nan|nan|nan|nan|nan|nan|nan|nan|nan|nan|nan|nan|nan|nan|nan|nan|nan|nan|nan|-9.405729|nan|0.414355|nan|nan|nan|-738.014152|nan|nan|nan|nan|-884595.037772|nan|nan|4.111519|nan|-126.756221|nan|0.468689|nan|nan
1056|nan|nan|nan|nan|nan|nan|nan|nan|nan|nan|nan|nan|nan|nan|nan|nan|nan|nan|nan|nan|nan|nan|nan|nan|nan|nan|nan|nan|nan|-7.054288|nan|0.414355|nan|nan|nan|-736.963083|nan|nan|nan|nan|-884595.037772|nan|nan|4.104625|nan|-126.756221|nan|0.468689|nan|nan
1057|nan|nan|nan|nan|nan|nan|nan|nan|nan|nan|nan|nan|nan|nan|nan|nan|nan|nan|nan|nan|nan|nan|nan|nan|nan|nan|nan|nan|nan|-5.895227|nan|0.414355|nan|nan|nan|-737.857626|nan|nan|nan|nan|-884595.037772|nan|nan|4.097091|nan|-126.756221|nan|0.468689|nan|nan
1058|nan|nan|nan|nan|nan|nan|nan|nan|nan|nan|nan|nan|nan|nan|nan|nan|nan|nan|nan|nan|nan|nan|nan|nan|-0.065915|nan|nan|nan|nan|-4.866269|nan|0.414355|nan|nan|nan|-737.284936|nan|nan|nan|nan|-884595.037772|nan|nan|4.089045|nan|-126.756221|nan|0.468689|nan|-40.827459
1059|nan|nan|nan|nan|nan|nan|nan|nan|nan|nan|nan|nan|nan|nan|nan|nan|nan|nan|nan|nan|nan|nan|nan|nan|-0.065915|nan|nan|nan|nan|-3.955850|nan|0.414355|nan|nan|nan|-736.793577|nan|nan|nan|nan|-884595.037772|nan|nan|4.080623|nan|-126.756221|nan|0.468689|nan|-40.827459
1100|nan|nan|nan|nan|nan|nan|nan|nan|nan|nan|nan|nan|nan|nan|nan|nan|nan|nan|nan|nan|nan|nan|nan|nan|-0.065915|nan|nan|nan|nan|-2.479394|nan|0.414355|nan|nan|nan|-737.492515|nan|nan|nan|nan|-884595.037772|nan|nan|4.072170|nan|-126.756221|nan|0.468689|nan|-46.538394
1101|nan|nan|nan|nan|nan|nan|nan|nan|nan|nan|nan|nan|nan|nan|nan|nan|nan|nan|nan|nan|nan|nan|nan|nan|-0.065915|nan|nan|nan|nan|-4.211703|nan|0.414355|nan|nan|nan|-738.617123|nan|nan|nan|nan|-884595.037772|nan|nan|4.063454|nan|-126.756221|nan|0.468689|nan|-46.538394
1102|nan|nan|nan|nan|nan|nan|nan|nan|nan|nan|nan|nan|nan|nan|nan|nan|nan|nan|nan|nan|nan|nan|nan|nan|-0.065915|nan|nan|nan|nan|-4.624493|nan|0.414355|nan|nan|nan|-737.327733|nan|nan|nan|nan|-884595.037772|nan|nan|4.054559|nan|-126.756221|nan|0.468689|nan|-46.538394
1103|nan|nan|nan|nan|nan|nan|nan|nan|nan|nan|nan|nan|nan|nan|nan|nan|nan|nan|nan|nan|nan|nan|nan|nan|-0.065915|nan|nan|nan|nan|-4.496035|nan|0.414355|nan|nan|nan|-736.473445|nan|nan|nan|nan|-884595.037772|nan|nan|4.046660|nan|-126.756221|nan|0.468689|nan|-46.538394
1104|nan|nan|nan|nan|nan|nan|nan|nan|nan|nan|nan|nan|nan|nan|nan|nan|nan|nan|nan|nan|nan|nan|nan|nan|-0.065915|nan|nan|nan|nan|-5.217840|nan|0.414355|nan|nan|nan|-737.694921|nan|nan|nan|nan|-884595.037772|nan|nan|4.039488|nan|-126.756221|nan|0.468689|nan|-46.538394
1105|nan|nan|nan|nan|nan|nan|nan|nan|nan|nan|nan|nan|nan|nan|nan|nan|nan|nan|nan|nan|nan|nan|nan|nan|-0.065915|nan|nan|nan|nan|-4.329424|nan|0.414355|nan|nan|nan|-738.365535|nan|nan|nan|nan|-884595.037772|nan|nan|4.033337|nan|-126.756221|nan|0.468689|nan|-46.538394
1106|nan|nan|nan|nan|nan|nan|nan|nan|nan|nan|nan|nan|nan|nan|nan|nan|nan|nan|nan|nan|nan|nan|nan|nan|-0.065915|nan|nan|nan|nan|-3.878807|nan|0.414355|nan|nan|nan|-737.333794|nan|nan|nan|nan|-884595.037772|nan|nan|4.027702|nan|-126.756221|nan|0.468689|nan|-46.538394
1107|nan|nan|nan|nan|nan|nan|nan|nan|nan|nan|nan|nan|nan|nan|nan|nan|nan|nan|nan|nan|nan|nan|nan|nan|-0.065915|nan|nan|nan|nan|2.426139|nan|0.414355|nan|nan|nan|-1939.670706|nan|nan|nan|nan|-884595.037772|nan|nan|4.022627|nan|-126.756221|nan|0.468689|nan|-46.538394
1108|nan|nan|nan|nan|nan|nan|nan|nan|nan|nan|nan|nan|nan|nan|nan|nan|nan|nan|nan|nan|nan|nan|nan|nan|-0.065915|nan|nan|nan|nan|2.366965|nan|0.414355|nan|nan|nan|-1940.202110|nan|nan|nan|nan|-884595.037772|nan|nan|4.017829|nan|-126.756221|nan|0.468689|nan|-46.538394
1109|nan|nan|nan|nan|nan|nan|nan|nan|nan|nan|nan|nan|nan|nan|nan|nan|nan|nan|nan|nan|nan|nan|nan|nan|-0.065915|nan|nan|nan|nan|2.854824|nan|0.414355|nan|nan|nan|-1939.905227|nan|nan|nan|nan|-884595.037772|nan|nan|4.013485|nan|-126.756221|nan|0.468689|nan|-46.538394
1110|nan|nan|nan|nan|nan|nan|nan|nan|nan|nan|nan|nan|nan|nan|nan|nan|nan|nan|nan|nan|nan|nan|nan|nan|-0.065915|nan|nan|nan|nan|10.620481|nan|0.414355|nan|nan|nan|-2122.339854|nan|nan|nan|nan|-884595.037772|nan|nan|4.009694|nan|-126.756221|nan|0.468689|nan|-46.538394
1111|nan|nan|nan|nan|nan|nan|nan|nan|nan|nan|nan|nan|nan|nan|nan|nan|nan|nan|nan|nan|nan|nan|nan|nan|-0.065915|nan|nan|nan|nan|9.360685|nan|0.414355|nan|nan|nan|-2125.041058|nan|nan|nan|nan|-884595.037772|nan|nan|4.006380|nan|-126.756221|nan|0.468689|nan|-46.538394
1112|nan|nan|nan|nan|nan|nan|nan|nan|nan|nan|nan|nan|nan|nan|nan|nan|nan|nan|nan|nan|nan|nan|nan|nan|-0.065915|nan|nan|nan|nan|9.661676|nan|0.414355|nan|nan|nan|-2123.030742|nan|nan|nan|nan|-884595.037772|nan|nan|4.004392|nan|-126.756221|nan|0.468689|nan|-46.538394
1113|nan|nan|nan|nan|nan|nan|nan|nan|791.000000|nan|nan|-62167584.905680|nan|nan|nan|nan|nan|nan|nan|nan|nan|nan|nan|nan|-0.065915|nan|nan|nan|nan|8.667805|nan|0.414355|nan|nan|nan|-2124.274220|nan|nan|nan|nan|-884595.037772|nan|nan|4.003708|nan|-126.756221|nan|0.468689|nan|-46.538394
1114|nan|nan|nan|nan|nan|nan|nan|nan|791.000000|nan|nan|-54712362.922612|nan|nan|nan|nan|nan|nan|nan|nan|nan|nan|nan|nan|-0.065915|nan|nan|nan|nan|7.667304|nan|0.414355|nan|nan|nan|-2123.046181|nan|nan|nan|nan|-884595.037772|nan|nan|4.004428|nan|-126.756221|nan|0.468689|nan|-46.538394
1115|nan|nan|nan|nan|nan|nan|nan|nan|791.000000|nan|nan|-53566161.306122|nan|nan|nan|nan|nan|nan|nan|nan|nan|nan|nan|nan|-0.065915|nan|nan|nan|nan|8.368694|nan|0.414355|nan|nan|nan|-2123.733229|nan|nan|nan|nan|-884595.037772|nan|nan|4.006257|nan|-126.756221|nan|0.468689|nan|-46.538394
1116|nan|nan|nan|nan|nan|nan|nan|nan|791.000000|nan|nan|-47134438.163211|nan|nan|nan|nan|nan|nan|nan|nan|nan|nan|nan|nan|-0.065915|nan|nan|nan|nan|8.808989|nan|0.414355|nan|nan|nan|-2123.887215|nan|nan|nan|nan|-884595.037772|nan|nan|4.008531|nan|-126.756221|nan|0.468689|nan|-46.538394
1117|nan|nan|nan|nan|nan|nan|nan|nan|791.000000|nan|nan|-47928115.689595|nan|nan|nan|nan|nan|nan|nan|nan|nan|nan|nan|nan|-0.065915|nan|nan|nan|nan|8.632809|nan|0.414355|nan|nan|nan|-2123.030182|nan|nan|nan|nan|-884595.037772|nan|nan|4.011158|nan|-126.756221|nan|0.468689|nan|-46.538394
1118|nan|nan|nan|nan|nan|nan|nan|nan|791.000000|nan|nan|-35080186.930350|nan|nan|nan|nan|nan|nan|nan|nan|nan|nan|nan|0.423405|-0.065915|nan|nan|nan|nan|8.463538|nan|0.414355|nan|nan|nan|-2124.045362|nan|nan|nan|nan|-884595.037772|nan|nan|4.015315|nan|-126.756221|nan|0.468689|nan|-46.538394
1119|nan|nan|nan|nan|nan|nan|nan|nan|791.000000|nan|nan|-57397234.876410|nan|nan|nan|nan|nan|nan|nan|nan|nan|nan|nan|0.384080|-0.065915|nan|nan|nan|nan|26.170934|nan|0.414355|nan|nan|nan|-2940.253357|nan|nan|nan|nan|-884595.037772|nan|nan|4.020209|nan|-126.756221|nan|0.468689|nan|-46.538394
1120|nan|nan|nan|nan|nan|nan|nan|nan|791.000000|nan|nan|-57158316.717409|nan|nan|nan|nan|nan|nan|nan|nan|nan|nan|nan|0.370972|-0.065915|nan|nan|nan|nan|27.619800|nan|0.414355|nan|nan|nan|-2941.563611|nan|nan|nan|nan|-884595.037772|nan|nan|4.024930|nan|-126.756221|nan|0.468689|nan|-46.538394
1121|nan|nan|nan|nan|nan|nan|nan|nan|791.000000|nan|nan|-59648969.141543|nan|nan|nan|nan|nan|nan|nan|nan|nan|nan|nan|0.364417|-0.065915|nan|nan|nan|nan|30.846269|nan|0.414355|nan|nan|nan|-2940.680069|nan|nan|nan|nan|-884595.037772|nan|nan|4.029473|nan|-123.727382|nan|0.498819|nan|-46.538394
1122|nan|nan|nan|nan|nan|nan|nan|nan|791.000000|nan|nan|-59096473.951508|nan|nan|nan|nan|nan|nan|nan|nan|nan|nan|nan|0.360485|-0.065915|nan|nan|nan|nan|28.956514|nan|0.414355|nan|nan|nan|-2940.802243|nan|nan|nan|nan|-884595.037772|nan|nan|4.033910|nan|-120.698542|nan|0.498819|nan|-46.538394
1123|nan|nan|nan|3.600000|nan|nan|nan|nan|791.000000|nan|nan|-61204007.273839|nan|nan|nan|nan|nan|nan|nan|nan|nan|nan|nan|0.357863|-0.065915|nan|nan|nan|nan|22.806073|nan|0.414355|nan|nan|nan|-2940.523469|nan|nan|nan|nan|-884595.037772|nan|nan|4.038271|nan|-117.669703|nan|0.498819|nan|-46.538394
1124|nan|nan|nan|3.200000|nan|nan|nan|nan|791.000000|nan|nan|-69315902.009206|nan|nan|nan|nan|nan|nan|nan|nan|nan|nan|nan|0.344016|-0.065915|nan|nan|nan|nan|25.376589|nan|0.414355|nan|nan|nan|-2939.881699|nan|nan|nan|nan|-192449.639882|nan|nan|4.042523|nan|-114.640863|nan|0.517403|nan|-46.538394
1125|nan|nan|nan|2.400000|nan|nan|nan|nan|791.000000|nan|nan|-61139576.355674|nan|nan|nan|nan|nan|nan|nan|nan|nan|nan|nan|0.333630|-0.062081|nan|nan|nan|nan|33.284385|nan|0.414355|nan|nan|nan|-2940.326181|nan|nan|nan|nan|-192449.639882|nan|nan|4.046655|nan|-111.612024|nan|0.612674|nan|-46.538394
1126|nan|nan|nan|2.400000|nan|nan|nan|nan|791.000000|nan|nan|-53670801.282760|nan|nan|nan|nan|nan|nan|nan|nan|nan|nan|nan|0.325552|-0.055096|nan|nan|nan|nan|26.162882|nan|0.414355|nan|nan|nan|-2941.860498|nan|nan|nan|nan|-192449.639882|nan|nan|4.050661|nan|-108.583185|nan|0.612674|nan|-46.538394
1127|nan|nan|nan|2.200000|nan|nan|nan|nan|791.000000|nan|nan|-56668917.964350|nan|nan|nan|nan|nan|nan|nan|nan|nan|nan|nan|0.319090|-0.048755|nan|nan|nan|nan|23.452231|nan|0.414355|nan|nan|nan|-2940.699045|nan|nan|nan|nan|-192449.639882|nan|nan|4.054536|nan|-105.554345|nan|0.612674|nan|-46.538394
1128|-65409243.659422|nan|nan|2.200000|nan|nan|nan|15.500352|791.000000|-1.859336|-0.849045|-60525993.410389|nan|nan|nan|nan|6.800000|nan|24988509.657037|nan|nan|nan|nan|0.312164|-0.043023|nan|nan|-0.612815|nan|30.389773|nan|0.414355|-0.322884|-0.333284|-2.098046|-2940.960490|-150468034.117486|nan|346974.864924|nan|-192449.639882|nan|nan|4.054730|nan|-102.525506|27.900000|0.612674|nan|-46.538394
1129|-90073856.476786|nan|nan|2.200000|nan|nan|nan|15.500352|791.000000|-2.098046|-0.849045|-83374451.965201|nan|nan|nan|nan|8.600000|nan|25486280.852951|nan|nan|nan|nan|0.301931|-0.037865|nan|nan|-0.613184|nan|43.316755|nan|0.414355|-0.322884|-0.333284|-2.098046|-3181.179357|-150719592.300864|nan|346974.864924|nan|-192449.639882|nan|nan|4.055187|nan|-99.496666|21.900000|0.660428|nan|-46.538394
1330|-96919985.055700|nan|nan|2.200000|nan|nan|nan|5.983881|791.000000|-2.098046|-0.849045|-90436764.088079|nan|nan|nan|nan|26.800000|nan|25483226.987035|-1.099625|nan|nan|nan|0.293273|-0.032765|nan|nan|-0.613184|nan|20.176315|nan|0.414355|-0.322884|-0.333284|-2.277910|-3185.132069|-150719592.300864|nan|338469.296640|nan|-192449.639882|nan|nan|4.057197|nan|-96.467827|19.900000|0.660428|nan|-46.538394
1331|-98293529.473640|nan|nan|1.600000|nan|nan|nan|5.983881|791.000000|-2.098046|-0.849045|-92703116.750163|nan|nan|nan|nan|19.000000|nan|25470692.810461|-1.099625|nan|nan|nan|0.285852|-0.028263|nan|nan|-0.607719|nan|18.604560|nan|0.414355|-0.322884|-0.260237|-2.277910|-3181.396871|-150719592.300864|nan|338469.296640|nan|-192449.639882|nan|nan|4.060401|nan|-93.438987|31.900000|0.660428|nan|-46.538394
1332|-96700486.222152|nan|nan|2.800000|nan|nan|nan|6.168884|791.000000|-2.098046|-0.849045|-91950840.452884|nan|nan|nan|nan|20.000000|nan|25458625.994863|-0.164804|nan|nan|nan|0.276179|-0.025423|nan|nan|-0.601127|nan|17.813865|nan|0.414355|-0.322884|-0.206573|-2.277910|-3181.711746|-150719592.300864|nan|338469.296640|nan|-192449.639882|nan|nan|4.065118|nan|-90.410148|29.900000|0.660428|nan|-46.538394
1333|-79977837.416032|-1.929167|nan|4.000000|nan|nan|nan|7.017439|791.000000|-2.098046|-0.849045|-76472376.216911|nan|nan|nan|nan|23.000000|nan|25476956.338673|-0.164804|nan|nan|nan|0.266706|-0.023524|nan|nan|-0.595787|nan|13.158960|nan|0.414355|-0.322884|-0.172756|-2.277910|-3182.162419|-150719592.300864|nan|338469.296640|nan|-192449.639882|nan|nan|4.070904|nan|-87.381308|29.900000|0.660428|nan|-46.538394
1334|-84422735.323010|4.114583|nan|5.000000|nan|nan|nan|19.118513|791.000000|-2.098046|-0.849045|-82151464.625775|nan|nan|nan|nan|27.400000|nan|25402696.923424|-0.164804|nan|nan|nan|0.258348|-0.018593|nan|nan|-0.594690|nan|5.509727|nan|0.414355|-0.322884|-0.072776|-2.277910|-3183.721491|-150719592.300864|nan|338469.296640|nan|-192449.639882|nan|nan|4.077292|nan|-84.352469|25.900000|0.660428|nan|-46.538394
1335|-87674312.600000|2.263195|nan|6.800000|nan|nan|nan|19.118513|791.000000|-2.098046|-0.849045|-87334653.728179|nan|nan|nan|nan|24.600000|nan|25376124.438319|-0.164804|nan|nan|nan|0.250919|-0.013450|nan|nan|-0.590456|nan|10.340906|nan|0.414355|-0.322884|-0.063407|-2.277910|-3181.107928|-150719592.300864|nan|338469.296640|nan|-192449.639882|nan|nan|4.082827|nan|-81.323630|29.900000|0.660428|nan|-46.538394
1336|-89265983.700000|4.282396|nan|8.600000|nan|nan|nan|19.118513|791.000000|-2.098046|-0.849045|-90250715.623528|nan|nan|nan|nan|28.600000|nan|25358460.782134|-0.164804|nan|nan|nan|0.231590|-0.007247|nan|nan|-0.590456|nan|6.391047|nan|0.414355|-0.322884|-0.059823|-2.277910|-3181.816000|-150719592.300864|nan|338469.296640|nan|-192449.639882|nan|nan|4.086932|nan|-78.294790|23.900000|0.660428|nan|-46.538394
1337|-82866286.051163|3.686611|nan|10.800000|nan|nan|nan|19.118513|791.000000|-2.098046|-0.849045|-85027669.374332|nan|nan|nan|nan|26.200000|nan|25345244.003767|-0.164804|nan|nan|nan|0.214195|-0.001700|nan|nan|-0.585022|nan|12.014088|nan|0.414355|-0.322884|-0.061939|-2.277910|-3181.200078|-150719592.300864|nan|338469.296640|nan|-192449.639882|nan|nan|4.088492|nan|-75.265951|27.900000|0.660428|nan|-46.538394
1338|-83239440.337840|3.955162|nan|12.800000|nan|nan|nan|19.856088|791.000000|-2.098046|-0.849045|-85060185.466073|nan|nan|nan|nan|31.600000|nan|25346467.584291|-0.164804|nan|nan|nan|0.194523|0.001605|nan|nan|-0.585022|nan|10.379442|nan|0.414355|-0.322884|-0.066374|-2.277910|-3181.849264|-150719592.300864|nan|338469.296640|nan|-192449.639882|nan|nan|4.087485|nan|-72.237111|29.900000|0.660428|nan|-46.538394
1339|-77794018.006162|4.100853|nan|14.600000|nan|nan|nan|19.595463|791.000000|-2.098046|-0.849045|-79122181.287767|nan|nan|nan|nan|31.400000|nan|25375114.988706|-0.164804|nan|nan|nan|0.176641|0.004890|nan|nan|-0.585022|nan|10.379442|nan|0.414355|-0.322884|-0.066374|-2.277910|-3180.330388|-150719592.300864|nan|338469.296640|nan|-192449.639882|nan|nan|4.085207|nan|-69.208272|29.900000|0.660428|nan|-46.538394
1340|-73469445.717524|3.272622|nan|16.800000|nan|nan|nan|22.565554|791.000000|-2.277910|-0.849045|-75360746.718903|nan|nan|nan|nan|33.400000|nan|25395513.809832|-0.164804|nan|nan|nan|0.160313|0.009068|nan|nan|-0.585022|nan|10.379442|nan|0.414355|-1.063500|-0.068393|-2.277910|-3181.186464|-150719592.300864|nan|338469.296640|nan|-192449.639882|nan|nan|4.081168|nan|-66.179432|31.900000|0.660428|nan|-46.538394
1341|-72258002.021734|3.041790|nan|19.000000|nan|nan|nan|23.541985|791.000000|-2.277910|-0.849045|-74087508.543664|nan|nan|nan|nan|38.600000|nan|25410719.774403|-0.164804|nan|nan|nan|0.145346|0.011145|nan|nan|-0.582618|nan|3.015856|nan|0.414355|-1.859336|-0.068393|-2.277910|-3181.787753|-150719592.300864|nan|338469.296640|nan|-192449.639882|nan|nan|4.077468|nan|-63.150593|27.900000|0.660428|nan|-46.538394
1342|-76228142.927289|3.247403|nan|20.000000|nan|nan|nan|23.541985|791.000000|-2.277910|-0.849045|-77104842.419977|nan|nan|nan|nan|37.600000|nan|25392922.513441|-0.164804|nan|nan|nan|0.131576|0.011145|nan|nan|-0.577388|nan|-3.192246|nan|0.414355|-1.859336|-0.068393|-2.277910|-3182.014724|-150719592.300864|nan|338469.296640|nan|-192449.639882|nan|nan|4.074200|nan|-60.121754|29.900000|0.660428|nan|-46.538394
1343|-75524243.894058|3.406162|-2.098046|21.000000|nan|18.695243|-2.865746|23.541985|791.000000|-2.277910|-0.849045|-74438740.755671|0.048087|-1.844594|-2.384794|nan|35.200000|nan|25384665.330856|-0.144097|nan|11.056858|-3.339990|0.118866|0.012368|nan|nan|-0.571932|-1.157664|-0.007746|-8.995181|0.414355|-1.859336|-0.068393|-2.277910|-3181.596541|-150719592.300864|nan|338469.296640|-0.000003|-192449.639882|-0.985231|-0.090660|4.071593|-0.080250|-57.092914|29.900000|0.660428|-1.157664|-46.538394
1344|-77516137.589328|3.506343|-2.098046|23.400000|nan|18.438554|-2.865746|30.760773|791.000000|-2.277910|-0.849045|-76300184.345046|0.048087|-1.844594|-2.384377|nan|36.200000|2.000000|25376949.263838|-0.142173|nan|12.199012|-3.595162|0.107096|0.015887|nan|nan|-0.567292|-1.168524|3.153933|-8.856526|0.414355|-1.859336|-0.068393|-2.277910|-3181.402070|-150719592.300864|nan|338469.296640|-0.000003|-192449.639882|-1.008907|-0.089155|4.069604|-0.078895|-54.064075|29.900000|0.660428|-1.168524|-46.538394
1345|-80036867.178594|3.168355|-2.277910|24.600000|-10.160786|18.396787|-2.865746|33.147184|791.000000|-2.277910|-0.849045|-79427486.487273|0.048087|-1.844594|-2.384169|nan|38.200000|2.000000|25373134.461881|-0.132468|nan|10.979579|-4.744771|0.096168|0.016299|nan|nan|-0.562136|-1.157605|3.862716|-8.634269|0.414355|-1.859336|-0.068393|-2.277910|-3181.016283|-150719592.300864|nan|338469.296640|-0.000003|-192449.639882|-1.035345|-0.087918|4.067987|-0.068776|-51.035235|29.900000|0.660428|-1.157605|-46.538394
1346|-77168346.439180|2.268036|-2.277910|26.600000|-10.160786|18.358997|-3.324771|33.147184|791.000000|-2.277910|-0.849045|-76678854.123848|0.048087|-1.844594|-1.977375|nan|38.200000|2.000000|25380388.087507|-0.128292|nan|17.972064|-4.832513|0.085638|0.016299|nan|nan|-0.562136|-1.144245|3.862716|-8.350018|0.414355|-1.859336|-0.068393|-2.277910|-3182.046618|-150719592.300864|nan|338469.296640|-0.000003|-192449.639882|-1.060704|-0.086184|4.066844|-0.055212|-48.006396|31.900000|0.660428|-1.144245|-46.538394
1347|-78226216.727250|2.351000|-2.277910|28.200000|-10.160786|18.705759|-3.324771|33.147184|791.000000|-2.277910|-0.849045|-77802153.525090|0.048087|2.583929|-1.976981|nan|36.200000|2.000000|25369156.820033|-0.101697|nan|13.034337|-4.952085|0.075809|0.016299|nan|nan|-0.557381|-1.136888|4.904181|-8.020278|0.414355|-1.859336|-0.068393|-2.277910|-3181.354305|-150719592.300864|nan|338469.296640|-0.000003|-192449.639882|-1.085048|-0.084756|4.066123|-0.046934|-44.977556|29.900000|0.660428|-1.136888|-46.538394
1348|-82532436.000000|1.916823|-2.277910|29.600000|-10.160786|19.400449|-3.324771|33.147184|1068.000000|-2.277910|-0.849045|-81701017.347258|0.048087|5.317921|-1.976784|nan|38.200000|2.000000|25357619.573945|-0.101697|nan|18.594191|-4.452482|0.054722|0.016299|nan|nan|-0.543218|-1.157676|6.222596|-7.650116|0.414355|-1.859336|-0.068393|-2.277910|-3182.030331|-150719592.300864|nan|338469.296640|-0.000003|-192449.639882|-1.108437|-0.083426|4.065159|-0.041482|-41.948717|34.158334|0.660428|-1.157676|-46.538394
1349|-83474279.234290|1.651985|-2.277910|31.400000|-10.160786|21.501523|-3.324771|33.147184|1068.000000|-2.277910|-0.849045|-83674588.874956|0.080789|6.684917|-1.977387|nan|42.200000|2.000000|25361669.031552|-0.040395|nan|20.621193|-4.108593|0.036256|0.016299|nan|nan|-0.540646|-1.190032|2.790098|-7.255383|0.414355|-2.098046|-0.068393|-2.277910|-3181.385380|-150719592.300864|nan|338469.296640|-0.000003|-192449.639882|-1.130927|-0.082015|4.064018|-0.037401|-38.919877|32.641667|0.660428|-1.190032|-46.538394
1350|-79443079.743734|1.413796|-2.277910|33.400000|-10.160786|23.101048|-3.324771|33.147184|1068.000000|-2.277910|-0.849045|-80883469.883521|0.080789|12.368415|-1.978040|nan|40.200000|2.000000|25366406.123913|-0.037838|nan|22.063772|-3.452775|0.017791|0.016299|nan|nan|-0.540492|-1.227857|2.322715|-6.849154|0.414355|-2.098046|-0.068393|-2.277910|-3181.983601|-150719592.300864|nan|338469.296640|-0.000003|-192449.639882|-1.152568|-0.080414|4.060657|-0.033357|-34.957985|32.641667|0.660428|-1.227857|-46.538394
1351|-80701719.537946|1.290044|-2.277910|34.600000|-10.160786|24.900948|-3.324771|33.147184|1068.000000|-2.277910|-0.849045|-83464084.934871|0.086870|14.210164|-1.977664|nan|34.200000|2.000000|25358614.772812|-0.037838|nan|21.779957|-3.171001|-0.000675|0.016299|nan|nan|-0.540492|-1.283477|5.740547|-6.442538|0.414355|-2.098046|-0.068393|-2.277910|-3180.755986|-150719592.300864|nan|338469.296640|-0.000003|-192449.639882|-1.173408|-0.077921|4.055503|-0.029103|-34.024931|32.591667|0.660428|-1.283477|-46.538394
1352|-83032820.200000|0.716417|-2.277910|35.600000|-10.160786|26.529429|-3.324771|33.147184|748.200000|-2.277910|-0.849045|-85592434.897515|0.086870|16.131038|-1.498013|nan|38.200000|2.000000|25353723.741010|-0.037838|nan|15.112611|-2.837781|-0.017916|0.016299|nan|nan|-0.536038|-1.311135|6.909121|-6.043705|0.414355|-2.098046|-0.068393|-2.277910|-3181.923676|-150719592.300864|nan|338469.296640|-0.000003|-192449.639882|-1.193490|-0.074794|4.047415|-0.024671|-33.091878|34.591667|0.660428|-1.311135|-46.538394
1353|-81063547.704560|0.485807|-2.277910|37.200000|-10.160786|27.621864|-3.324771|33.147184|748.200000|-2.277910|-0.849045|-82627275.257475|0.086870|16.131038|-1.497411|nan|34.200000|2.000000|25352580.363405|-0.037838|nan|14.189940|-2.236563|-0.035157|0.016299|nan|nan|-0.540843|-1.333385|10.303442|-5.760039|0.414355|-2.098046|-0.068592|-2.277910|-3180.954132|-150719592.300864|nan|338469.296640|-0.000003|-192449.639882|-1.212854|-0.072487|4.036940|-0.020035|-32.158824|32.591667|0.660428|-1.333385|-46.538394
1354|-89341455.656887|0.415208|-2.277910|38.200000|-14.526623|28.800735|-3.324771|33.147184|748.200000|-2.277910|-0.849045|-91378646.576937|0.086870|16.131038|-1.496313|nan|31.800000|2.000000|25054294.375197|-0.037838|nan|27.480676|-2.676165|-0.049603|0.016299|nan|nan|-0.540843|-1.333731|17.914509|-5.482318|0.414355|-2.098046|-0.069852|-2.277910|-3181.482732|-139618067.595090|nan|338469.296640|-0.000003|-192449.639882|-1.231540|-0.070987|4.026409|-0.015724|-31.225771|30.591667|0.660428|-1.333731|-46.538394
1355|-90089285.461140|0.266178|-2.277910|38.200000|-14.526623|30.057808|-3.324771|33.147184|748.200000|-2.277910|-0.849045|-91233473.483562|0.086870|16.561804|-1.496296|nan|39.400000|2.000000|24788274.067019|-0.037838|nan|30.578618|-2.702734|-0.063091|0.016299|nan|nan|-0.534878|-1.396875|15.903184|-5.219025|0.414355|-2.098046|-0.069852|-2.277910|-3182.465374|-125990715.192495|nan|338469.296640|-0.000003|-192449.639882|-1.249580|-0.044892|4.015731|-0.011618|-30.292717|30.591667|0.660428|-1.396875|-46.538394
1356|-89550584.250000|0.079436|-2.277910|38.200000|-14.526623|30.814206|-3.324771|33.147184|748.200000|-2.277910|-0.849045|-89115226.849550|0.086870|18.306858|-1.496552|nan|39.200000|2.000000|24684064.417950|-0.037838|nan|28.985880|-2.764187|-0.076579|0.016299|nan|nan|-0.524555|-1.400969|13.245439|-4.971340|0.414355|-2.098046|-0.069852|-2.277910|-3181.132706|-122780216.597130|nan|338469.296640|-0.000003|-192449.639882|-1.267010|-0.014130|4.004360|-0.007481|-29.359664|32.591667|0.660428|-1.400969|-46.538394
1357|-90813170.272064|0.110675|-2.277910|38.200000|-14.526623|31.117615|-3.324771|33.147184|748.200000|-2.277910|-0.849045|-89115301.456669|0.086870|18.306858|-1.496415|nan|34.800000|2.000000|24418574.028068|-0.037838|nan|31.691776|-2.701619|-0.090066|0.016299|nan|nan|-0.517657|-1.392934|15.290091|-4.740782|0.414355|-2.098046|-0.069852|-2.277910|-3180.983320|-122780216.597130|nan|338469.296640|-0.000003|-192449.639882|-1.283858|-0.013794|3.990515|-0.003489|-28.426611|30.033333|0.660428|-1.392934|-46.538394
1358|-80784603.910660|-0.254746|-2.277910|38.200000|-14.526623|31.963557|-3.324771|33.147184|748.200000|-2.277910|-0.849045|-79151071.863387|0.086870|18.306858|-1.496346|nan|36.800000|2.000000|24416579.946031|-0.022261|0.000000|32.342963|-2.803128|-0.102953|0.016299|nan|-63467.345491|-0.516738|-1.388000|14.856717|-4.531747|0.414355|-2.098046|-0.070327|-2.277910|-3181.269736|-122780216.597130|-20203.839886|338469.296640|-0.000003|-192449.639882|-1.316442|-0.012982|3.975425|0.000198|-27.493557|33.641667|0.660428|-1.388000|-46.538394
1359|-81353665.056054|-0.609509|-2.277910|38.200000|-14.526623|33.653800|-3.324771|33.147184|748.200000|-2.277910|-0.849045|-82419022.929156|0.086870|25.083781|-1.496047|0.755219|34.800000|2.000000|24405612.936390|0.003913|-0.000000|33.347049|-3.122060|-0.114055|0.016299|nan|-62087.882795|-0.520794|-1.404221|15.280290|-4.339542|0.414355|-2.098046|-0.072627|-2.277910|-3181.334108|-122129372.767547|-20934.111476|338469.296640|-0.000003|-192449.639882|-1.349026|-0.011380|3.959181|0.003689|-26.560504|33.566667|0.660428|-1.404221|-46.538394
1400|-81272958.143920|-0.632334|-2.277910|38.200000|-14.526623|34.040211|-3.324771|33.147184|748.200000|-2.277910|-0.849045|-83325855.427951|0.086870|27.567847|-1.496693|0.755219|42.800000|0.000000|24408926.690054|0.003913|-0.000000|31.212965|-3.061384|-0.125158|0.016299|nan|-43614.448461|-0.528651|-1.445764|7.123890|-4.159990|0.414355|-2.277910|-0.079052|-2.277910|-3181.899641|-119010158.071352|-18771.034513|338469.296640|-0.000003|-192449.639882|-1.369683|-0.002932|3.942252|0.007164|-25.627450|29.566667|0.660428|-1.445764|-46.538394
1401|-83294697.198287|-0.894078|-2.277910|38.200000|-14.526623|34.199345|-3.324771|33.147184|748.200000|-2.277910|-0.849045|-84036160.799336|0.086870|31.809880|-1.497016|0.755219|36.800000|0.000000|24401786.349704|0.032023|-0.000000|35.789539|-2.929675|-0.136260|0.016299|nan|-21430.818825|-0.543736|-1.452997|8.146855|-3.992014|0.414355|-2.277910|-0.083473|-2.277910|-3181.813849|-119010158.071352|-21751.726518|338469.296640|-0.000003|-192449.639882|-1.382087|0.007229|3.923212|0.010568|-24.694397|33.566667|0.660428|-1.452997|-46.538394
1402|-85283496.610664|-0.919206|-2.277910|38.200000|-14.526623|34.343323|-3.324771|33.147184|748.200000|-2.277910|-0.849045|-86767519.849959|0.086870|32.930897|-1.496912|0.755219|34.800000|0.000000|24399505.092991|0.217976|-0.000000|31.405137|-2.659984|-0.145742|0.016299|nan|-21606.940075|-0.552341|-1.444509|10.082125|-3.835048|0.414355|-2.277910|-0.073325|-2.277910|-3181.237868|-119010158.071352|-33073.353145|338469.296640|-0.000003|-192449.639882|-1.389293|0.018215|3.902013|0.013765|-23.761343|31.566667|0.660428|-1.444509|-46.538394
1403|-87463018.639412|-1.149500|-2.277910|38.200000|-14.526623|34.343323|-3.324771|33.147184|748.200000|-2.277910|-0.849045|-90499468.844126|0.086870|32.930897|-1.496595|0.755219|34.800000|0.000000|24379044.175280|0.264329|-0.000000|37.061327|-2.228115|-0.154686|0.016299|-0.058011|-21665.242217|-0.551038|-1.434673|10.887708|-3.688544|0.364262|-2.277910|-0.055981|-2.277910|-3182.165738|-119010158.071352|-31364.189836|338469.296640|-0.000003|-192449.639882|-1.396499|0.030742|3.877644|0.016798|-22.828290|33.566667|0.660428|-1.434673|-59.456276
1404|-90978596.993378|-1.478404|-2.277910|37.800000|-14.526623|34.343323|-3.324771|33.147184|-3935.200000|-2.277910|-0.849045|-93845847.182315|0.086870|32.930897|-1.496436|0.755219|36.800000|0.000000|24366681.048492|0.264329|-0.000000|35.676576|-1.611833|-0.160990|0.016456|-0.044583|-20896.581546|-0.546356|-1.425141|11.407755|-3.552065|0.364262|-2.277910|-0.031786|-2.277910|-3182.259390|-123622402.536420|-28448.028245|338469.296640|-0.000003|-192449.639882|-1.403704|0.037465|3.850780|0.019643|-21.895236|33.566667|0.660428|-1.425141|-59.456276
1405|-94690745.001886|-1.768351|-2.277910|37.400000|-14.526623|34.343323|-3.324771|33.147184|-3935.200000|-2.277910|-0.849045|-96657914.242375|0.086870|34.911786|-1.496357|0.755219|36.800000|0.000000|24361158.532218|0.264329|-0.000000|20.961681|-1.435197|-0.167294|0.018256|-0.039640|-16533.202846|-0.525992|-1.408541|10.932056|-3.425243|0.364262|-2.277910|-0.009051|-2.277910|-3181.565650|-129661320.245530|-28413.699565|338469.296640|-0.000003|-192449.639882|-1.410910|0.045668|3.822846|0.022325|-20.962183|33.566667|0.660428|-1.408541|-59.456276
1406|-100613355.973752|-1.777084|-2.277910|37.200000|-14.526623|34.131014|-3.324771|33.147184|-3935.200000|-2.277910|-0.849045|-101683923.404480|0.086870|34.911786|-1.496052|0.755219|34.800000|0.000000|24323112.743227|0.383992|-0.000000|36.217866|-1.366832|-0.165567|0.022694|-0.034840|-9484.301203|-0.528795|-1.400956|12.273543|-3.307761|0.364262|-2.277910|0.021598|-2.277910|-3181.491484|-132621582.332930|-32924.662472|338469.296640|-0.000003|-192449.639882|-1.418115|0.054954|3.793053|0.024879|-20.029130|31.566667|0.660428|-1.400956|-59.456276
1407|-103026295.592826|-1.992183|-2.277910|36.800000|-14.526623|33.797794|-3.324771|33.147184|-3935.200000|-2.277910|-0.849045|-102821991.941354|0.086870|34.911786|-1.495900|0.755219|36.800000|0.000000|24308761.939032|0.383992|-0.000000|35.796233|-1.412715|-0.163839|0.023323|-0.030952|-2152.971872|-0.527838|-1.389206|8.134893|-3.199526|0.364262|-2.277910|0.032696|-2.277910|-3181.310480|-133229052.120586|-29848.012486|338469.296640|-0.000003|-192449.639882|-1.425321|0.060809|3.758521|0.027285|-19.096076|33.566667|0.660428|-1.389206|-59.456276
1408|-102341405.272686|-2.236729|-2.277910|36.800000|-14.526623|33.115358|-3.324771|33.147184|-3935.200000|-2.277910|-0.849045|-101674667.411302|0.086870|34.911786|-1.496089|0.755219|38.800000|0.000000|24310969.088149|0.383992|-0.000000|34.615709|-1.211062|-0.159360|0.025232|-0.026891|6999.926236|-0.532295|-1.391966|7.375122|-3.100132|0.482447|-2.277910|0.070903|-2.277910|-3182.639542|-133918442.482917|-328.328837|338469.296640|-0.000003|-192449.639882|-1.432527|0.063711|3.718635|0.029612|-18.163023|33.566667|0.660428|-1.391966|-59.456276
1409|-102304872.677322|-2.432321|-2.277910|36.800000|-14.526623|33.115358|-3.324771|33.147184|-3935.200000|-2.277910|-0.849045|-101809453.878901|0.086870|37.230655|-1.496183|0.755219|36.800000|0.000000|24310964.550893|0.383992|-0.000000|36.811294|-1.076286|-0.154880|0.026535|-0.024911|12577.008674|-0.539025|-1.394309|6.994171|-3.009217|0.482447|-2.277910|0.092548|-2.277910|-3181.165287|-134811450.084646|-364.483754|338469.296640|-0.000003|-428007.262934|-1.439732|0.067327|3.678838|0.031875|-17.229969|33.566667|0.660428|-1.394309|-59.456276
1410|-99135831.520170|-2.658663|-2.277910|36.800000|-14.526623|33.115358|-3.324771|33.147184|-3935.200000|-2.277910|-0.849045|-99903092.964263|0.086870|37.230655|-1.496231|0.755219|36.800000|0.000000|24306768.414190|0.383992|-0.000000|36.390168|-0.954345|-0.150400|0.026535|-0.024101|19282.090718|-0.505902|-1.391944|1.381203|-2.926462|0.482447|-2.277910|0.041143|-2.277910|-3181.792735|-135588192.869562|-449.296875|338469.296640|-0.000003|-428007.262934|-1.446938|0.072672|3.639151|0.033999|-16.296916|33.566667|0.660428|-1.391944|-59.456276
1411|-101002016.742876|-2.873185|-2.277910|36.800000|-14.526623|33.115358|-3.324771|33.147184|-3935.200000|-2.277910|-0.632540|-101991105.824385|0.086870|37.230655|-1.496254|0.755219|38.800000|0.000000|24293226.105136|0.383992|-0.000000|33.825597|-0.844018|-0.145920|0.026535|-0.021822|27425.420476|-0.442412|-1.387650|1.411337|-2.851582|0.482447|-2.277910|0.042328|-2.277910|-3182.599676|-136304931.629101|-418.994619|338469.296640|-0.000003|-428007.262934|-1.454519|0.077217|3.602684|0.036013|-15.363862|33.566667|0.660428|-1.387650|-59.456276
1412|-101735526.072750|-2.962501|-2.277910|36.800000|-14.526623|33.115358|-3.324771|33.147184|-3935.200000|-2.277910|-0.199255|-103023048.277233|0.086870|37.230655|-1.496531|0.755219|38.800000|0.000000|24295142.746202|0.383992|-0.000000|29.486559|-0.863325|-0.141440|0.026535|-0.017401|34255.550747|-0.454568|-1.381719|0.330206|-2.784065|0.482447|-2.277910|0.036555|-2.277910|-3181.786967|-136329612.120384|-394.655532|338469.296640|-0.000003|-428007.262934|-1.462101|0.079919|3.569056|0.037864|-14.430809|33.566667|0.660428|-1.381719|-59.456276
1413|-107620186.407485|-2.924645|-2.277910|36.800000|-14.526623|33.115358|-3.324771|33.147184|-3935.200000|-2.277910|-0.199255|-108095713.474533|0.086870|37.230655|-1.496670|0.755219|38.800000|0.000000|24285796.757257|0.383992|-0.000000|35.469144|-1.010483|-0.136960|0.026535|-0.010231|37690.522731|-0.462389|-1.383972|-0.430732|-2.715305|0.482447|-2.277910|0.042058|-2.277910|-3181.541136|-136359543.243405|-315.824637|338469.296640|-0.000003|-428007.262934|-1.469683|0.082342|3.538313|0.039566|-13.497755|31.566667|0.660428|-1.383972|-59.456276
1414|-105647340.810906|-2.947917|-2.277910|36.800000|-14.526623|33.115358|-3.324771|33.147184|-3935.200000|-2.277910|-0.199255|-105490995.593694|0.086870|37.230655|-1.496739|0.667916|34.800000|0.000000|24314501.846255|0.383992|-0.000000|35.136162|-1.054738|-0.132480|0.026535|-0.004217|41170.690989|-0.458872|-1.391328|1.531892|-2.643913|0.482447|-2.277910|0.051081|-2.277910|-3180.771935|-151751079.496562|-217.917914|338469.296640|-0.000003|-428007.262934|-1.474354|0.084066|3.512910|0.041146|-12.564702|31.566667|0.660428|-1.391328|-59.456276
1415|-107492701.381132|-3.125485|-2.277910|36.800000|-14.526623|33.115358|-3.324771|33.147184|-3935.200000|-2.277910|-0.199255|-105930690.702157|0.086870|37.230655|-1.497039|0.515880|38.800000|0.000000|24312288.412639|0.383992|-0.000000|29.938119|-0.966560|-0.128000|0.026535|0.003972|45327.368397|-0.459855|-1.394630|0.201209|-2.568507|0.482447|-2.277910|0.064720|-2.277910|-3182.056451|-154437482.509817|-246.637870|338469.296640|-0.000003|-428007.262934|-1.472879|0.085128|3.487207|0.042672|-11.631649|33.566667|0.660428|-1.394630|-59.456276
1416|-107757922.727562|-2.884849|-2.277910|36.800000|-14.526623|33.115358|-3.324771|33.147184|-3935.200000|-2.277910|-0.199255|-105514443.006970|0.086870|37.230655|-1.497189|0.332442|36.800000|0.000000|24313171.881461|0.383992|-0.000000|34.312493|-0.941392|-0.123177|0.026535|0.008813|48851.421573|-0.470711|-1.397572|-0.297843|-2.487698|0.482447|-2.277910|0.100146|-2.277910|-3181.537827|-154437482.509817|-297.700519|338469.296640|-0.000003|-428007.262934|-1.472689|0.086101|3.462666|0.044030|-10.698595|33.566667|0.660428|-1.397572|-59.456276
1417|-108845013.372472|-2.886343|-2.277910|36.800000|-14.526623|33.115358|-3.324771|33.147184|-3935.200000|-2.277910|-0.199255|-106318596.272089|0.086870|37.230655|-1.496999|0.139118|34.800000|0.000000|24304193.997147|0.383992|-0.000000|34.779967|-0.794080|-0.118353|0.026535|0.008749|50999.097989|-0.473748|-1.395960|0.300321|-2.399894|0.482447|-2.277910|0.130870|-2.277910|-3181.534994|-154437482.509817|-271.492802|338469.296640|-0.000003|-428007.262934|-1.472498|0.085728|3.439811|0.045269|-9.765542|33.566667|0.660428|-1.395960|-59.456276
1418|-109212356.827532|-2.762682|-2.277910|36.800000|-14.526623|33.103171|-3.324771|33.147184|-3935.200000|-2.277910|-0.199255|-106679447.825673|0.086870|37.230655|-1.496373|0.129381|32.800000|0.000000|24302282.168090|0.383992|-0.000000|35.626055|-1.097118|-0.113529|0.026535|0.008296|52947.997962|-0.476808|-1.389698|2.596279|-2.303818|0.482447|-2.277910|0.143917|-2.277910|-3181.040592|-154437482.509817|-298.446037|338469.296640|-0.000003|-428007.262934|-1.475180|0.086244|3.418094|0.046390|-8.832488|31.566667|0.660428|-1.389698|-59.456276
1419|-109407399.709160|-2.899823|-2.277910|36.800000|-14.526623|32.486889|-3.324771|33.147184|-3935.200000|-2.277910|-0.199255|-108440579.330863|0.086870|37.230655|-1.496060|0.196702|36.800000|0.000000|24290282.118413|0.383992|-0.000000|35.368448|-1.267226|-0.108705|0.026535|0.009943|55039.772961|-0.476942|-1.382564|-12.891189|-2.198127|0.482447|-2.277910|0.124288|-2.277910|-3182.002305|-154437482.509817|-268.849817|338469.296640|-0.000003|-428007.262934|-1.480417|0.086789|3.397757|0.047235|-7.899435|33.566667|0.660428|-1.382564|-59.456276
1420|-110013344.186596|-2.955817|-2.277910|36.800000|-14.526623|32.310253|-3.324771|33.147184|-3935.200000|-2.277910|-0.199255|-110054270.654092|0.086870|37.230655|-1.495904|0.266506|36.800000|0.000000|24280198.848617|0.383992|-0.000000|35.076087|-1.421134|-0.103882|0.026535|0.013344|57598.525229|-0.476545|-1.375278|-14.607203|-2.081140|0.482447|-2.277910|0.133513|-2.277910|-3181.544286|-154437482.509817|-339.561841|338469.296640|-0.000003|-428007.262934|-1.486099|0.086008|3.379990|0.047851|-7.899435|33.566667|0.660428|-1.375278|-59.456276
1421|-109806834.550000|-2.972671|-2.277910|36.800000|-14.526623|32.150439|-3.324771|33.147184|-3935.200000|-2.277910|-0.199255|-110754000.635701|0.145817|37.230655|-1.496091|0.326001|38.800000|0.000000|24275710.138774|0.383992|-0.000000|33.627188|-1.489006|-0.099058|0.026535|0.013561|59186.525562|-0.472837|-1.365156|-18.950257|-1.950838|0.482447|-2.277910|0.137030|-2.277910|-3181.766155|-156862494.026716|-328.574182|338469.296640|-0.000003|-428007.262934|-1.491781|0.086612|3.365951|0.048277|-7.899435|31.566667|0.660428|-1.365156|-59.456276
1422|-111317621.991046|-2.941287|-2.277910|36.800000|-14.526623|32.150439|-3.324771|33.147184|-3935.200000|-2.277910|-0.199255|-111922915.031675|0.145817|37.230655|-1.495919|0.380203|31.400000|0.000000|23351186.302331|0.383992|-0.000000|35.058990|-1.864726|-0.095459|0.026535|0.015201|60512.446915|-0.461032|-1.366725|-15.894444|-1.804884|0.482447|-2.277910|0.137030|-2.277910|-3181.007151|-156862494.026716|-307.644704|338469.296640|-0.000003|-428007.262934|-1.499354|0.088380|3.355942|0.048416|-7.899435|30.366667|0.660428|-1.366725|-59.456276
1423|-114862196.841278|-2.855877|-2.277910|36.800000|-14.526623|32.047359|-3.324771|33.147184|-3935.200000|-2.277910|-0.199255|-115836313.271205|0.161528|37.230655|-1.496364|0.412702|38.200000|0.000000|22553874.613641|0.383992|-0.000000|32.436595|-2.021456|-0.091860|0.026535|0.015411|61721.439110|-0.457102|-1.374121|-12.353185|-1.648576|0.482447|-2.277910|0.137030|-2.277910|-3182.445567|-156862494.026716|-265.536476|338469.296640|-0.000003|-428007.262934|-1.506971|0.089534|3.348478|0.048438|-7.899435|28.358333|0.660428|-1.374121|-59.456276
1424|-114319376.585674|-2.867223|-2.277910|36.800000|-6.364861|31.912583|-3.324771|33.147184|-3935.200000|-2.277910|-0.199255|-116171312.071682|0.161528|37.230655|-1.496586|0.415081|33.200000|0.000000|21896795.327610|0.383992|-0.000000|36.024803|-2.280511|-0.088261|0.026535|0.018891|62885.509762|-0.453061|-1.379885|-15.175276|-1.480526|0.482447|-2.277910|0.136485|-2.277910|-3181.503269|-156862494.026716|-273.088802|338469.296640|-0.000003|-428007.262934|-1.514587|0.090291|3.343256|0.048253|-7.899435|28.558333|0.660428|-1.379885|-59.456276
1425|-114139243.194456|-2.713203|-2.277910|36.800000|-6.364861|31.790642|-3.324771|27.592806|-3935.200000|-2.277910|-0.199255|-115699122.300214|0.161528|37.230655|-1.496432|0.415081|29.400000|0.000000|20710121.681872|0.383992|-0.000000|33.932981|-2.766998|-0.085621|0.026535|0.023392|64431.374338|-0.453021|-1.380142|-22.872797|-1.299572|0.482447|-2.277910|0.131535|-2.277910|-3181.228852|-156862494.026716|-292.278346|338469.296640|-0.000003|-428007.262934|-1.510150|0.092864|3.339705|0.047705|-7.899435|26.050000|0.660428|-1.380142|-59.456276
1426|-114960167.214234|-2.727876|-2.277910|36.800000|-6.364861|31.680315|-3.324771|27.592806|-3935.200000|-2.277910|-0.199255|-116107525.862467|0.161528|37.230655|-1.496620|0.415081|29.600000|0.000000|19518536.701333|0.383992|-0.000000|32.382050|-2.898258|-0.082981|0.026535|0.028908|66194.090611|-0.450206|-1.362453|-16.424726|-1.104449|0.482447|-2.277910|0.128631|-2.277910|-3181.714322|-156862494.026716|-205.723638|338469.296640|-0.000003|-428007.262934|-1.492448|0.094280|3.337613|0.047033|-7.899435|23.900000|0.660428|-1.362453|-59.456276
1427|-113015129.807816|-2.683998|-2.277910|36.800000|-6.364861|31.199543|-3.324771|27.592806|-3935.200000|-2.277910|-0.199255|-113672268.214165|0.161528|37.230655|-1.496714|0.422665|29.400000|0.000000|18065698.039847|0.383992|-0.000000|29.171932|-2.883234|-0.080341|0.026535|0.031580|67353.771421|-0.450105|-1.327511|-14.466371|-0.893762|0.482447|-2.277910|0.128581|-2.277910|-3181.362023|-156862494.026716|-206.839506|338469.296640|-0.000003|-428007.262934|-1.474747|0.095320|3.336236|0.046334|-7.899435|21.533333|0.660428|-1.327511|-59.456276
1428|-113514238.650000|-2.638116|-2.277910|36.800000|-6.364861|30.955035|-3.324771|27.592806|-3935.200000|-2.277910|-0.199255|-114021941.919259|0.161528|37.230655|-1.496496|0.452036|23.400000|0.000000|16745662.527579|0.383992|-0.000000|36.053969|-2.742586|-0.077702|0.026535|0.031694|67974.373357|-0.450694|-1.306746|-19.572501|-0.664992|0.482447|-2.277910|0.127920|-2.277910|-3181.834937|-156862494.026716|-229.667282|338469.296640|-0.000003|-428007.262934|-1.457045|0.096693|3.335072|0.045567|-7.899435|20.691667|0.660428|-1.306746|-59.456276
1429|-115980016.280375|-2.591394|-2.277910|36.800000|-6.364861|30.924290|-3.324771|27.592806|-3935.200000|-2.277910|-0.199255|-116129109.798799|0.161528|37.230655|-1.496122|0.494751|21.600000|0.000000|15543436.863578|0.383992|-0.000000|36.663610|-2.426223|-0.075062|0.026535|0.033238|68131.421419|-0.451964|-1.295752|-30.680247|-0.417051|0.482447|-2.277910|0.127590|-2.277910|-3181.110546|-156862494.026716|-338.815300|338469.296640|-0.000003|-428007.262934|-1.439343|0.098169|3.335403|0.044594|-7.899435|19.958333|0.660428|-1.295752|-59.456276
1430|-117696451.108612|-2.486945|-2.277910|36.800000|-6.364861|30.896473|-3.324771|27.423928|-3935.200000|-2.277910|-0.168737|-117155856.921723|0.161528|37.230655|-1.495670|0.494751|19.400000|0.000000|13556330.985870|0.383992|-0.000000|34.909946|-1.950862|-0.072422|0.026535|0.035076|70927.674722|-0.452215|-1.296808|-7.057097|-0.152443|0.482447|-2.277910|0.127590|-2.277910|-3181.528290|-156862494.026716|-435.117624|338469.296640|-0.000003|-428007.262934|-1.421642|0.098926|3.336686|0.043675|-7.899435|15.883333|0.660428|-1.296808|-59.456276
1431|-124586217.858194|-2.275831|-2.277910|36.800000|-6.364861|30.871305|-3.324771|27.423928|-3935.200000|-2.277910|-0.168737|-122350694.113780|0.173577|37.230655|-1.494914|0.494751|15.200000|0.000000|11696740.283424|0.383992|-0.000000|36.050296|-1.757461|-0.069782|0.026535|0.036131|71482.671381|-0.456041|-1.298286|-6.182868|0.124515|0.482447|-2.277910|0.127590|-2.277910|-3181.032907|-156862494.026716|-602.300370|338469.296640|-0.000003|-428007.262934|-1.403940|0.103737|3.339849|0.042958|-7.899435|13.366667|0.660428|-1.298286|-59.456276
1432|-123917899.347694|-2.182276|-2.277910|35.400000|-6.364861|30.658058|-3.324771|27.238925|-3935.200000|-2.277910|-0.168737|-122031917.352609|0.173577|37.230655|-1.494801|0.540935|18.200000|0.000000|10773470.500693|0.383992|-0.000000|35.707009|-1.615789|-0.067142|0.026535|0.039303|72011.304154|-0.456041|-1.299451|-6.182868|0.408988|0.482447|-2.277910|0.127590|-2.277910|-3182.209724|-156862494.026716|-493.184438|338469.296640|-0.000003|-428007.262934|-1.386239|0.096422|3.345029|0.042315|-7.899435|11.691667|0.660428|-1.299451|-59.456276
1433|-120828066.286824|-2.040818|-2.277910|34.200000|-6.364861|30.658058|-3.324771|26.390370|-3935.200000|-2.277910|-0.168737|-118997551.392195|0.173577|37.230655|-1.495010|0.640852|19.200000|0.000000|9465540.185898|0.383992|-0.000000|35.824720|-1.485285|-0.064502|0.026535|0.042731|72590.492967|-0.476985|-1.281742|-4.885628|0.696713|0.482447|-2.277910|0.127590|-2.277910|-3181.528964|-156862494.026716|-408.047175|338469.296640|-0.000003|-428007.262934|-1.368537|0.091314|3.351319|0.041703|-7.899435|11.850000|0.660428|-1.281742|-59.456276
1434|-121016282.477293|-2.148734|-2.277910|33.200000|-6.364861|30.658058|-3.324771|14.289296|-3935.200000|-2.277910|-0.168737|-119150676.460308|0.173577|37.230655|-1.495643|0.752150|18.800000|0.000000|6832637.747764|0.383992|-0.000000|34.151508|-1.309319|-0.064502|0.026535|0.048630|73527.617353|-0.482462|-1.261393|0.535555|0.982360|0.482447|-2.277910|0.127590|-2.277910|-3182.337280|-156862494.026716|-361.337122|338469.296640|-0.000003|-428007.262934|-1.346857|0.084991|3.361399|0.041121|-7.899435|5.808333|0.660428|-1.261393|-59.456276
1435|-121995826.085626|-2.059186|-2.277910|31.400000|-6.364861|30.658058|-3.324771|14.289296|-3935.200000|-2.277910|-0.168737|-120063820.487556|0.173577|37.230655|-1.495431|0.849395|11.600000|0.000000|5255025.996543|0.383992|-0.000000|36.667782|-1.356822|-0.064502|0.026535|0.052438|73699.338028|-0.480681|-1.259400|0.820837|1.260565|0.482447|-2.277910|0.127590|-2.277910|-3180.878848|-156862494.026716|-417.195399|338469.296640|-0.000003|-428007.262934|-1.325177|0.067692|3.377989|0.040574|-7.899435|3.208333|0.660428|-1.259400|-59.456276
1436|-123899177.531026|-2.155338|-2.277910|29.600000|-6.364861|30.658058|-3.324771|14.289296|-3935.200000|-2.277910|-0.168737|-121904515.880491|0.120323|37.230655|-1.495324|0.964243|13.600000|0.000000|3547388.187031|0.383992|-0.000000|31.256773|-1.118816|-0.060624|0.026535|0.056571|77237.320952|-0.487269|-1.259963|4.501250|1.526994|0.482447|-2.277910|0.127590|-2.277910|-3182.113612|-156862494.026716|-411.364992|338469.296640|-0.000003|-428007.262934|-1.303497|0.057451|3.400591|0.040046|-7.899435|-0.100000|0.660428|-1.259963|-59.456276
1437|-107508015.393292|-1.999910|-2.277910|27.400000|-6.364861|30.658058|-3.324771|14.289296|-3935.200000|-2.277910|-0.168737|-107872240.884339|0.102534|37.230655|-1.495536|0.997377|12.000000|0.000000|2498580.775222|0.383992|-0.000000|28.660968|-1.093397|-0.056747|0.026535|0.060150|76078.667813|-0.500933|-1.260743|1.826863|1.779899|0.482447|-2.277910|0.127590|-2.277910|-3181.369401|-156862494.026716|-342.613413|338469.296640|-0.000003|-428007.262934|-1.281817|0.045779|3.432015|0.039351|-7.899435|-1.658333|0.660428|-1.260743|-59.456276
1438|-107686837.625898|-1.999667|-2.277910|25.400000|-6.364861|30.658058|-3.324771|13.551721|-3935.200000|-2.277910|-0.168737|-109451214.294909|0.102534|37.230655|-1.495377|0.997377|6.600000|0.000000|1840900.449495|0.383992|-0.000000|28.311851|-2.095390|-0.050117|0.026535|0.063181|76055.646740|-0.503721|-1.252060|3.590411|2.015764|0.482447|-2.277910|0.127590|-2.277910|-3181.376553|-156862494.026716|-340.862929|338469.296640|-0.000003|-428007.262934|-1.260137|0.038504|3.470630|0.038528|-7.899435|-0.875000|0.660428|-1.252060|-59.456276
1439|-107581237.725920|-2.014690|-2.277910|23.600000|-6.364861|30.658058|-3.324771|13.551721|-3935.200000|-2.277910|-0.168737|-110009506.440530|0.102534|37.230655|-1.495297|0.997377|6.800000|0.000000|788942.732265|0.383992|-0.000000|31.849107|-2.939501|-0.043487|0.026535|0.064849|74403.060280|-0.507882|-1.233665|3.590411|2.232554|0.482447|-2.277910|0.127590|-2.277910|-3180.779076|-156862494.026716|-345.510451|338469.296640|-0.000003|-428007.262934|-1.238457|0.034231|3.515061|0.037604|-7.899435|-1.866667|0.660428|-1.233665|-59.456276
1440|-98331827.104734|-1.899806|-2.277910|20.600000|-6.364861|30.658058|-3.324771|10.581630|-3935.200000|-1.562311|-0.168737|-104330518.511918|0.070042|37.230655|-1.610170|0.997377|0.800000|0.000000|-263043.421040|0.383992|-0.000000|30.985810|-3.725003|-0.036857|0.026535|0.065923|68970.659211|-0.511463|-1.223251|4.117930|2.431667|0.482447|-2.277910|0.127590|-2.277910|-3181.631978|-156862494.026716|-413.028146|338469.296640|-0.000003|-428007.262934|-1.212374|0.027348|3.562473|0.036481|-7.899435|-4.450000|0.660428|-1.223251|-59.456276
1441|-98910277.074018|-1.808105|-2.277910|17.800000|-6.364861|30.658058|-3.324771|9.605199|-3935.200000|-1.067170|-0.168737|-106001307.476277|0.070042|39.075249|-1.610434|0.997377|7.600000|-2.000000|-1051667.594052|0.383992|-0.000000|29.094864|-4.304309|-0.030227|0.026535|0.066664|66032.902278|-0.507211|-1.205204|8.377870|2.617193|0.482447|-2.277910|0.127590|-2.277910|-3182.080256|-156862494.026716|-379.518790|338469.296640|-0.000003|-428007.262934|-1.179130|0.020099|3.612799|0.035213|-7.899435|-7.408333|0.660428|-1.205204|-59.456276
1442|-100999258.950000|-1.816855|-2.277910|16.400000|-6.364861|30.658058|-3.324771|9.605199|-3935.200000|-0.797241|-0.168737|-109070371.727358|0.070042|39.075249|-1.610851|0.997377|4.600000|-2.000000|-1709391.512908|0.383992|-0.000000|23.853798|-5.112491|-0.023597|0.026535|0.067132|63784.323070|-0.499853|-1.203426|9.803173|2.791514|0.482447|-2.277910|0.127590|-2.277910|-3181.451309|-156862494.026716|-336.889803|338469.296640|-0.000003|-428007.262934|-1.143195|0.014791|3.666599|0.033786|-7.899435|-5.408333|0.660428|-1.203426|-59.456276
1443|-102723514.723802|-1.682653|-2.277910|14.400000|-6.364861|30.658058|-3.324771|9.605199|-3935.200000|-0.797241|-0.168737|-111550798.328635|0.070042|39.075249|-1.610489|0.997377|-3.000000|-2.000000|-2760877.409483|0.383992|-0.000000|20.642743|-4.874879|-0.016967|0.026535|0.067615|63647.535536|-0.495889|-1.203766|8.657343|2.956559|0.482447|-2.277910|0.127590|-2.277910|-3181.300062|-156862494.026716|-374.738860|338469.296640|-0.000003|-428007.262934|-1.107259|0.009251|3.722945|0.032291|-7.899435|-5.483333|0.660428|-1.203766|-59.456276
1444|-104235962.642738|-1.528869|-2.277910|10.400000|-6.364861|30.658058|-3.324771|2.386411|-3935.200000|-0.797241|-0.168737|-113696623.095908|-0.005335|39.075249|-1.610308|0.997377|-2.000000|-2.000000|-3416403.886663|0.383992|-0.000000|17.753745|-4.738454|-0.010337|0.026535|0.068483|64112.085834|-0.490113|-1.198320|7.229078|3.121705|0.482447|-2.277910|0.127590|-2.277910|-3181.524965|-156862494.026716|-377.982490|338469.296640|-0.000003|-428007.262934|-1.071324|-0.006318|3.781180|0.030791|-7.899435|-7.625000|0.660428|-1.198320|-59.456276
1445|-105816634.099999|-1.426982|-1.562311|8.000000|-6.364861|30.658058|-3.324771|-5.133401|-3935.200000|-0.797241|-0.168737|-116277060.132625|0.011173|39.075249|-1.610503|0.997377|-0.800000|-2.000000|-3416229.611133|0.383992|-0.000000|20.987361|-4.740614|-0.003707|0.026535|0.069886|63602.475350|-0.490113|-1.188553|7.229078|3.293420|0.482447|-2.277910|0.127590|-2.277910|-3181.670006|-156862494.026716|-351.594625|361727.809056|-0.000002|-428007.262934|-1.032391|-0.018591|3.840826|0.029298|-7.899435|-7.891667|0.660428|-1.188553|-59.456276
1446|-109738972.650001|-1.046380|-1.067170|5.400000|-6.364861|30.658058|-1.552489|-5.133401|-3935.200000|-0.797241|-0.168737|-121519734.946763|0.011173|39.075249|-1.610315|0.997377|-3.400000|-2.000000|-3285109.439574|0.383992|-0.000000|18.518539|-4.807051|0.003266|0.026535|0.070256|64007.993229|-0.493359|-1.186699|7.521550|3.471466|0.482447|-2.277910|0.054543|-2.277910|-3181.916593|-156748527.537026|-422.894526|361727.809056|-0.000002|-428007.262934|-0.993458|-0.035510|3.903564|0.027762|-7.899435|-7.891667|0.660428|-1.186699|-59.456276
1447|-111713744.754243|-0.989123|-0.797241|2.400000|-6.364861|30.597847|-1.552489|-5.133401|-3935.200000|-0.797241|-0.168737|-124045565.345158|0.011173|34.646726|-1.610221|0.997377|-1.800000|-2.000000|-3021987.898701|0.383992|-0.000000|16.202853|-5.044174|0.010240|0.026535|0.070445|63052.393709|-0.500546|-1.194220|5.803634|3.648162|0.482447|-2.277910|0.000879|-2.277910|-3181.990308|-156592397.250859|-421.090176|361727.809056|-0.000001|-428007.262934|-0.954525|-0.048610|3.969333|0.026228|-7.899435|-5.891667|0.660428|-1.194220|-59.456276
1448|-114875555.187414|-0.695755|-0.797241|-0.800000|-6.364861|30.162419|-1.552489|-5.133401|-3935.200000|-0.797241|-0.168737|-126701616.363979|0.011173|31.912734|-1.609889|0.997377|-4.800000|-2.000000|-2758999.855718|0.383992|-0.000000|13.431910|-4.934101|0.017214|0.026535|0.069725|61158.222965|-0.503934|-1.199385|6.105728|3.814515|0.482447|-2.277910|-0.032938|-2.527189|-3181.426374|-156516814.412531|-474.744276|361727.809056|-0.000001|-428007.262934|-0.916074|-0.055617|4.037749|0.024705|-7.899435|-7.891667|0.660428|-1.199385|-59.456276
1449|-86096063.577764|-0.435755|-0.797241|-2.600000|-6.364861|29.768460|-1.552489|-5.133401|-3935.200000|-0.797241|-0.168737|-102117801.861250|0.011173|30.545738|-2.229256|0.997377|-4.400000|-2.000000|-2497455.174623|0.383992|-0.000000|14.281587|-5.424694|0.024188|0.026535|0.068575|55302.303179|-0.500085|-1.181368|9.538226|3.958770|0.482447|-2.277910|-0.132918|-2.987609|-3181.897084|-156332214.141357|-438.368603|187733.437188|-0.000001|-428007.262934|-0.877623|-0.064231|4.107942|0.023080|-7.899435|-7.891667|0.660428|-1.181368|-59.456276
1450|-82215830.291722|-0.177283|-0.797241|-4.600000|-6.364861|29.221545|-1.552489|-5.133401|-3935.200000|-0.797241|-0.168737|-99948597.024088|0.011173|24.862240|-2.229141|0.997377|-3.600000|-2.000000|-2496495.877684|0.383992|-0.000000|13.151383|-6.214199|0.031162|0.026535|0.066892|50475.718223|-0.502636|-1.163350|10.931854|4.058612|0.482447|-2.277910|-0.142287|-3.007413|-3181.884494|-156224728.838043|-404.523897|187733.437188|-0.000001|-428007.262934|-0.839172|-0.077024|4.179279|0.021373|-7.899435|-7.891667|0.660428|-1.163350|-59.456276
1451|-75459025.885628|-0.084158|-0.797241|-5.800000|-6.364861|28.917193|-1.552489|-9.437753|-3935.200000|-0.797241|-0.168737|-95914731.266186|0.011173|23.020491|-2.229084|0.997377|-6.200000|-2.000000|-2233405.439474|0.383992|-0.000000|10.261226|-7.403513|0.038136|0.026535|0.065103|42841.355990|-0.498225|-1.117714|7.514023|4.097052|0.482447|-2.277910|-0.145871|-3.021350|-3181.549475|-156203272.419195|-334.482388|187733.437188|-0.000001|-428007.262934|-0.800722|-0.082425|4.252660|0.019603|-7.899435|-5.891667|0.660428|-1.117714|-59.456276
1452|-83512944.698180|0.303537|-0.797241|-6.800000|-6.353090|27.518839|-1.552489|-10.505927|-3935.200000|-1.212513|-0.168737|-103888054.944221|-0.043872|21.099617|-2.228661|0.972122|-8.200000|-2.000000|-1704195.575012|0.383992|-0.000000|8.897669|-7.286323|0.043885|0.026535|0.063464|29493.006265|-0.502484|-1.089126|7.857481|4.061723|0.482447|-2.277910|-0.143754|-3.021350|-3181.460744|-156203272.419195|-520.736312|187733.437188|-0.000001|-428007.262934|-0.762271|-0.084470|4.330668|0.017824|-7.899435|-7.891667|0.660428|-1.089126|-59.456276
1453|-82928255.906068|0.601777|-0.797241|-8.400000|-6.353090|26.040855|-1.552489|-10.505927|-3935.200000|-1.212513|-0.168737|-102837007.611922|-0.043872|21.099617|-2.228844|0.873989|-1.800000|-2.000000|-1572296.266249|0.383992|-0.000000|7.986359|-7.250327|0.049634|0.026535|0.061682|20261.593279|-0.497943|-1.063941|3.392692|3.946452|0.482447|-2.277910|-0.139320|-3.021350|-3181.862379|-156203272.419195|-497.885804|187733.437188|-0.000001|-428007.262934|-0.723820|-0.089521|4.413915|0.016068|-7.899435|-9.891667|0.660428|-1.063941|-59.456276
1454|-81482071.090864|0.852344|-0.797241|-9.400000|-6.353090|24.703630|-1.552489|-10.505927|-3935.200000|-1.212513|-0.168737|-101243482.008875|-0.043872|21.099617|-2.229724|0.695789|0.400000|-2.000000|-1571207.083626|0.383992|-0.000000|5.872390|-6.857176|0.055383|0.026535|0.060641|10557.166258|-0.493738|-1.053051|-5.878262|3.742068|0.482447|-2.277910|-0.137097|-3.021350|-3182.201512|-153802355.908708|-430.264954|187733.437188|-0.000001|-428007.262934|-0.685369|-0.099589|4.497018|0.014332|-7.899435|-9.891667|0.660428|-1.053051|-59.456276
1455|-87938993.332007|1.130574|-0.797241|-9.400000|-6.353090|22.878077|-1.552489|-9.560376|-3935.200000|-1.212513|-0.168737|-108928285.576871|-0.140130|20.668851|-2.230165|0.483136|-3.200000|-2.000000|-1569535.796008|0.383992|-0.000000|4.318128|-6.713049|0.060173|0.026535|0.059760|-7950.230906|-0.495669|-0.960065|-3.730284|3.444361|0.482447|-2.277910|-0.146526|-3.021350|-3182.023324|-153802355.908708|-407.237447|187733.437188|-0.000001|-428007.262934|-0.646918|-0.097572|4.579937|0.012609|-7.755326|-7.891667|0.660428|-0.960065|-59.456276
1456|-93838711.957628|1.428785|-0.797241|-8.800000|-6.353090|21.424390|-1.552489|-7.443111|-3935.200000|-1.907750|-0.168737|-115247216.485744|-0.140130|18.923797|-2.230780|0.271945|-3.200000|-2.000000|-1568341.950768|0.383992|-0.000000|2.898667|-6.728408|0.064962|0.026535|0.059185|-17822.505055|-0.499250|-0.937559|-2.440740|3.055904|0.482447|-2.277910|-0.149805|-3.021350|-3181.732711|-153802355.908708|-378.158375|187733.437188|-0.000001|-428007.262934|-0.612817|-0.097244|4.659562|0.010958|-7.611218|-7.891667|0.660428|-0.937559|-59.456276
1457|-98664598.716216|1.634376|-1.212513|-8.400000|-6.353090|19.918674|-1.552489|-7.443111|-3935.200000|-2.236106|-0.168737|-120602021.974235|-0.140130|18.923797|-2.230693|0.116182|-5.200000|-2.000000|-1563239.259710|0.383992|-0.000000|1.360153|-6.286768|0.069752|0.026535|0.058665|-26035.140545|-0.502479|-0.944147|-4.947352|2.585815|0.482447|-2.277910|-0.160724|-3.021350|-3182.162668|-153802355.908708|-564.573433|187733.437188|-0.000002|-428007.262934|-0.595061|-0.096902|4.736514|0.009365|-7.467109|-7.891667|0.660428|-0.944147|-59.456276
1458|-108560975.090578|1.889896|-1.212513|-7.800000|-6.353090|18.746835|-1.552489|-7.443111|-3935.200000|-2.527189|-0.168737|-130907902.823816|-0.140130|18.923797|-2.231045|0.002386|-5.200000|-2.000000|-1557110.503546|0.383992|-0.000000|-0.327579|-5.278251|0.074542|0.026535|0.058521|-34269.596122|-0.506891|-0.944456|-4.947352|2.046263|0.482447|-2.277910|-0.164492|-3.021350|-3181.605381|-153802355.908708|-409.901023|187733.437188|-0.000002|-428007.262934|-0.577304|-0.096171|4.810614|0.007842|-7.323000|-9.891667|0.660428|-0.944456|-59.456276
1459|-86735797.694872|2.137535|-1.212513|-7.600000|-6.353090|17.877076|-1.552489|-7.443111|-3935.200000|-2.987609|-0.168737|-110068533.317088|-0.140130|12.146874|-2.414837|-0.098016|-3.200000|-2.000000|-1555623.872983|0.383992|-0.000000|-4.863578|-5.792556|0.079332|0.026535|0.058584|-44386.308584|-0.507881|-0.919783|-6.178711|1.451873|0.482447|-2.277910|-0.164492|-3.021350|-1222.655249|-153802355.908708|-312.566126|187733.437188|-0.000002|-428007.262934|-0.559547|-0.095423|4.879438|0.006395|-7.178892|-7.891667|0.489033|-0.919783|-59.456276
