900|nan|nan|nan|nan|nan|nan|nan|nan|nan|nan|nan|nan|nan|nan|nan|nan|nan|nan|nan|nan|nan|nan|nan|nan|nan|nan|nan|nan|nan|nan|nan|nan|nan|nan|nan|nan|nan|nan|nan|nan|nan|nan|nan|nan|nan|nan|nan|nan|nan|nan
901|nan|nan|nan|nan|nan|nan|nan|nan|nan|nan|nan|nan|nan|nan|nan|nan|nan|nan|nan|nan|nan|nan|nan|nan|nan|nan|nan|nan|nan|nan|nan|nan|nan|nan|nan|nan|nan|nan|nan|nan|nan|nan|nan|nan|nan|nan|nan|nan|nan|nan
902|nan|nan|nan|nan|nan|nan|nan|nan|nan|nan|nan|nan|nan|nan|nan|nan|nan|nan|nan|nan|nan|nan|nan|nan|nan|nan|nan|nan|nan|nan|nan|nan|nan|nan|nan|nan|nan|nan|nan|nan|nan|nan|nan|nan|nan|nan|nan|nan|nan|nan
903|nan|nan|nan|nan|nan|nan|nan|nan|nan|nan|nan|nan|nan|nan|nan|nan|nan|nan|nan|nan|nan|nan|nan|nan|nan|nan|nan|nan|nan|nan|nan|nan|nan|nan|nan|nan|nan|nan|nan|nan|nan|nan|nan|nan|nan|nan|nan|nan|nan|nan
904|nan|nan|nan|nan|nan|nan|nan|nan|nan|nan|nan|nan|nan|nan|nan|nan|nan|nan|nan|nan|nan|nan|nan|nan|nan|nan|nan|nan|nan|nan|nan|nan|nan|nan|nan|nan|nan|nan|nan|nan|nan|nan|nan|nan|nan|nan|nan|nan|nan|nan
905|nan|nan|nan|nan|nan|nan|nan|nan|nan|nan|nan|nan|nan|nan|nan|nan|nan|nan|nan|nan|nan|nan|nan|nan|nan|nan|nan|nan|nan|nan|nan|nan|nan|nan|nan|nan|nan|nan|nan|nan|nan|nan|nan|nan|nan|nan|nan|nan|nan|nan
906|nan|nan|nan|nan|nan|nan|nan|nan|nan|nan|nan|nan|nan|nan|nan|nan|nan|nan|nan|nan|nan|nan|nan|nan|nan|nan|nan|nan|nan|nan|nan|nan|nan|nan|nan|nan|nan|nan|nan|nan|nan|nan|nan|nan|nan|nan|nan|nan|nan|nan
907|nan|nan|nan|nan|nan|nan|nan|nan|nan|nan|nan|nan|nan|nan|nan|nan|nan|nan|nan|nan|nan|nan|nan|nan|nan|nan|nan|nan|nan|nan|nan|nan|nan|nan|nan|nan|nan|nan|nan|nan|nan|nan|nan|nan|nan|nan|nan|nan|nan|nan
908|nan|nan|nan|nan|nan|nan|nan|nan|nan|nan|nan|nan|nan|nan|nan|nan|nan|nan|nan|nan|nan|nan|nan|nan|nan|nan|nan|nan|nan|nan|nan|nan|nan|nan|nan|nan|nan|nan|nan|nan|nan|nan|nan|nan|nan|nan|nan|nan|nan|nan
909|nan|nan|nan|nan|nan|nan|nan|nan|nan|nan|nan|nan|nan|nan|nan|nan|nan|nan|nan|nan|nan|nan|nan|nan|nan|nan|nan|nan|nan|nan|nan|nan|nan|nan|nan|nan|nan|nan|nan|nan|nan|nan|nan|nan|nan|nan|nan|nan|nan|nan
910|nan|nan|nan|nan|nan|nan|nan|nan|nan|nan|nan|nan|nan|nan|nan|nan|nan|nan|nan|nan|nan|nan|nan|nan|nan|nan|nan|nan|nan|nan|nan|nan|nan|nan|nan|nan|nan|nan|nan|nan|nan|nan|nan|nan|nan|nan|nan|nan|nan|nan
911|nan|nan|nan|nan|nan|nan|nan|nan|nan|nan|nan|nan|nan|nan|nan|nan|nan|nan|nan|nan|nan|nan|nan|nan|nan|nan|nan|nan|nan|nan|nan|nan|nan|nan|nan|nan|nan|nan|nan|nan|nan|nan|nan|nan|nan|nan|nan|nan|nan|nan
912|nan|nan|nan|nan|nan|nan|nan|nan|nan|nan|nan|nan|nan|nan|nan|nan|nan|nan|nan|nan|nan|nan|nan|nan|nan|nan|nan|nan|nan|nan|nan|nan|nan|nan|nan|nan|nan|nan|nan|nan|nan|nan|nan|nan|nan|nan|nan|nan|nan|nan
913|nan|nan|nan|nan|nan|nan|nan|nan|nan|nan|nan|nan|nan|nan|nan|nan|nan|nan|nan|nan|nan|nan|nan|nan|nan|nan|nan|nan|nan|nan|nan|nan|nan|nan|nan|nan|nan|nan|nan|nan|nan|nan|nan|nan|nan|nan|nan|nan|nan|nan
914|nan|nan|nan|nan|nan|nan|nan|nan|nan|nan|nan|nan|nan|nan|nan|nan|nan|nan|nan|nan|nan|nan|nan|nan|nan|nan|nan|nan|nan|nan|nan|nan|nan|nan|nan|nan|nan|nan|nan|nan|nan|nan|nan|nan|nan|nan|nan|nan|nan|nan
915|nan|nan|nan|nan|nan|nan|nan|nan|nan|nan|nan|nan|nan|nan|nan|nan|nan|nan|nan|nan|nan|nan|nan|nan|nan|nan|nan|nan|nan|nan|nan|nan|nan|nan|nan|nan|nan|nan|nan|nan|nan|nan|nan|nan|nan|nan|nan|nan|nan|nan
916|nan|nan|nan|nan|nan|nan|nan|nan|nan|nan|nan|nan|nan|nan|nan|nan|nan|nan|nan|nan|nan|nan|nan|nan|nan|nan|nan|nan|nan|nan|nan|nan|nan|nan|nan|nan|nan|nan|nan|nan|nan|nan|nan|nan|nan|nan|nan|nan|nan|nan
917|nan|nan|nan|nan|nan|nan|nan|nan|nan|nan|nan|nan|nan|nan|nan|nan|nan|nan|nan|nan|nan|nan|nan|nan|nan|nan|nan|nan|nan|nan|nan|nan|nan|nan|nan|nan|nan|nan|nan|nan|nan|nan|nan|nan|nan|nan|nan|nan|nan|nan
918|nan|nan|nan|nan|nan|nan|nan|nan|nan|nan|nan|nan|nan|nan|nan|nan|nan|nan|nan|nan|nan|nan|nan|nan|nan|nan|nan|nan|nan|nan|nan|nan|nan|nan|nan|nan|nan|nan|nan|nan|nan|nan|nan|nan|nan|nan|nan|nan|nan|nan
919|nan|nan|nan|nan|nan|nan|nan|nan|nan|nan|nan|nan|nan|nan|nan|nan|nan|nan|nan|nan|nan|nan|nan|nan|nan|nan|nan|nan|nan|nan|nan|nan|nan|nan|nan|nan|nan|nan|nan|nan|nan|nan|nan|nan|nan|nan|nan|nan|nan|nan
920|nan|nan|nan|nan|nan|nan|nan|nan|nan|nan|nan|nan|nan|nan|nan|nan|nan|nan|nan|nan|nan|nan|nan|nan|nan|nan|nan|nan|nan|nan|nan|nan|nan|nan|nan|nan|nan|nan|nan|nan|nan|nan|nan|nan|nan|nan|nan|nan|nan|nan
921|nan|nan|nan|nan|nan|nan|nan|nan|nan|nan|nan|nan|nan|nan|nan|nan|nan|nan|nan|nan|nan|nan|nan|nan|nan|nan|nan|nan|nan|nan|nan|nan|nan|nan|nan|nan|nan|nan|nan|nan|nan|nan|nan|nan|nan|nan|nan|nan|nan|nan
922|nan|nan|nan|nan|nan|nan|nan|nan|nan|nan|nan|nan|nan|nan|nan|nan|nan|nan|nan|nan|nan|nan|nan|nan|nan|nan|nan|nan|nan|nan|nan|nan|nan|nan|nan|nan|nan|nan|nan|nan|nan|nan|nan|nan|nan|nan|nan|nan|nan|nan
923|nan|nan|nan|nan|nan|nan|nan|nan|nan|nan|nan|nan|nan|nan|nan|nan|nan|nan|nan|nan|nan|nan|nan|nan|nan|nan|nan|nan|nan|nan|nan|nan|nan|nan|nan|nan|nan|nan|nan|nan|nan|nan|nan|nan|nan|nan|nan|nan|nan|nan
924|nan|nan|nan|nan|nan|nan|nan|nan|nan|nan|nan|nan|nan|nan|nan|nan|nan|nan|nan|nan|nan|nan|nan|nan|nan|nan|nan|nan|nan|nan|nan|nan|nan|nan|nan|nan|nan|nan|nan|nan|nan|nan|nan|nan|nan|nan|nan|nan|nan|nan
925|nan|nan|nan|nan|nan|nan|nan|nan|nan|nan|nan|nan|nan|nan|nan|nan|nan|nan|nan|nan|nan|nan|nan|nan|nan|nan|nan|nan|nan|nan|nan|nan|nan|nan|nan|nan|nan|nan|nan|nan|nan|nan|nan|nan|nan|nan|nan|nan|nan|nan
926|nan|nan|nan|nan|nan|nan|nan|nan|nan|nan|nan|nan|nan|nan|nan|nan|nan|nan|nan|nan|nan|nan|nan|nan|nan|nan|nan|nan|nan|nan|nan|nan|nan|nan|nan|nan|nan|nan|nan|nan|nan|nan|nan|nan|nan|nan|nan|nan|nan|nan
927|nan|nan|nan|nan|nan|nan|nan|nan|nan|nan|nan|nan|nan|nan|nan|nan|nan|nan|nan|nan|nan|nan|nan|nan|nan|nan|nan|nan|nan|nan|nan|nan|nan|nan|nan|nan|nan|nan|nan|nan|nan|nan|nan|nan|nan|nan|nan|nan|nan|nan
928|nan|nan|nan|nan|nan|nan|nan|nan|nan|nan|nan|nan|nan|nan|nan|nan|nan|nan|nan|nan|nan|nan|nan|nan|nan|nan|nan|nan|nan|nan|nan|nan|nan|nan|nan|nan|nan|nan|nan|nan|nan|nan|nan|nan|nan|nan|nan|nan|nan|nan
929|nan|nan|nan|nan|nan|nan|nan|nan|nan|nan|nan|nan|nan|nan|nan|nan|nan|nan|nan|nan|nan|nan|nan|nan|nan|nan|nan|nan|nan|nan|nan|nan|nan|nan|nan|nan|nan|nan|nan|nan|nan|nan|nan|nan|nan|nan|nan|nan|nan|nan
930|nan|nan|nan|nan|nan|nan|nan|nan|nan|nan|nan|nan|nan|nan|nan|nan|nan|nan|nan|nan|nan|nan|nan|nan|nan|nan|nan|nan|nan|nan|nan|nan|nan|nan|nan|nan|nan|nan|nan|nan|nan|nan|nan|nan|nan|nan|nan|nan|nan|nan
931|nan|nan|nan|nan|nan|nan|nan|nan|nan|nan|nan|nan|nan|nan|nan|nan|nan|nan|nan|nan|nan|nan|nan|nan|nan|nan|nan|nan|nan|nan|nan|nan|nan|nan|nan|nan|nan|nan|nan|nan|nan|nan|nan|nan|nan|nan|nan|nan|nan|nan
932|nan|nan|nan|nan|nan|nan|nan|nan|nan|nan|nan|nan|nan|nan|nan|nan|nan|nan|nan|nan|nan|nan|nan|nan|nan|nan|nan|nan|nan|nan|nan|nan|nan|nan|nan|nan|nan|nan|nan|nan|nan|nan|nan|nan|nan|nan|nan|nan|nan|nan
933|nan|nan|nan|nan|nan|nan|nan|nan|nan|nan|nan|nan|nan|nan|nan|nan|nan|nan|nan|nan|nan|nan|nan|nan|nan|nan|nan|nan|nan|nan|nan|nan|nan|nan|nan|nan|nan|nan|nan|nan|nan|nan|nan|nan|nan|nan|nan|nan|nan|nan
934|nan|nan|nan|nan|nan|nan|nan|nan|nan|nan|nan|nan|nan|nan|nan|nan|nan|nan|nan|nan|nan|nan|nan|nan|nan|nan|nan|nan|nan|nan|nan|nan|nan|nan|nan|nan|nan|nan|nan|nan|nan|nan|nan|nan|nan|nan|nan|nan|nan|nan
935|nan|nan|nan|nan|nan|nan|nan|nan|nan|nan|nan|nan|nan|nan|nan|nan|nan|nan|nan|nan|nan|nan|nan|nan|nan|nan|nan|nan|nan|nan|nan|nan|nan|nan|nan|nan|nan|nan|nan|nan|nan|nan|nan|nan|nan|nan|nan|nan|nan|nan
936|nan|nan|nan|nan|nan|nan|nan|nan|nan|nan|nan|nan|nan|nan|nan|nan|nan|nan|nan|nan|nan|nan|nan|nan|nan|nan|nan|nan|nan|nan|nan|nan|nan|nan|nan|nan|nan|nan|nan|nan|nan|nan|nan|nan|nan|nan|nan|nan|nan|nan
937|nan|nan|nan|nan|nan|nan|nan|nan|nan|nan|nan|nan|nan|nan|nan|nan|nan|nan|nan|nan|nan|nan|nan|nan|nan|nan|nan|nan|nan|nan|nan|nan|nan|nan|nan|nan|nan|nan|nan|nan|nan|nan|nan|nan|nan|nan|nan|nan|nan|nan
938|nan|nan|nan|nan|nan|nan|nan|nan|nan|nan|nan|nan|nan|nan|nan|nan|nan|nan|nan|nan|nan|nan|nan|nan|nan|nan|nan|nan|nan|nan|nan|nan|nan|nan|nan|nan|nan|nan|nan|nan|nan|nan|nan|nan|nan|nan|nan|nan|nan|nan
939|nan|nan|nan|nan|nan|nan|nan|nan|nan|nan|nan|nan|nan|nan|nan|nan|nan|nan|nan|nan|nan|nan|nan|nan|nan|nan|nan|nan|nan|nan|nan|nan|nan|nan|nan|nan|nan|nan|nan|nan|nan|nan|nan|nan|nan|nan|nan|nan|nan|nan
940|nan|nan|nan|nan|nan|nan|nan|nan|nan|nan|nan|nan|nan|nan|nan|nan|nan|nan|nan|nan|nan|nan|nan|nan|nan|nan|nan|nan|nan|nan|nan|nan|nan|nan|nan|nan|nan|nan|nan|nan|nan|nan|nan|nan|nan|nan|nan|nan|nan|nan
941|nan|nan|nan|nan|nan|nan|nan|nan|nan|nan|nan|nan|nan|nan|nan|nan|nan|nan|nan|nan|nan|nan|nan|nan|nan|nan|nan|nan|nan|nan|nan|nan|nan|nan|nan|nan|nan|nan|nan|nan|nan|nan|nan|nan|nan|nan|nan|nan|nan|nan
942|nan|nan|nan|nan|nan|nan|nan|nan|nan|nan|nan|nan|nan|nan|nan|nan|nan|nan|nan|nan|nan|nan|nan|nan|nan|nan|nan|nan|nan|nan|nan|nan|nan|nan|nan|nan|nan|nan|nan|nan|nan|nan|nan|nan|nan|nan|nan|nan|nan|nan
943|nan|nan|nan|nan|nan|nan|nan|nan|nan|nan|nan|nan|nan|nan|nan|nan|nan|nan|nan|nan|nan|nan|nan|nan|nan|nan|nan|nan|nan|nan|nan|nan|nan|nan|nan|nan|nan|nan|nan|nan|nan|nan|nan|nan|nan|nan|nan|nan|nan|nan
944|nan|nan|nan|nan|nan|nan|nan|nan|nan|nan|nan|nan|nan|nan|nan|nan|nan|nan|nan|nan|nan|nan|nan|nan|nan|nan|nan|nan|nan|nan|nan|nan|nan|nan|nan|nan|nan|nan|nan|nan|nan|nan|nan|nan|nan|nan|nan|nan|nan|nan
945|nan|nan|nan|nan|nan|nan|nan|nan|nan|nan|nan|nan|nan|nan|nan|nan|nan|nan|nan|nan|nan|nan|nan|nan|nan|nan|nan|nan|nan|nan|nan|nan|nan|nan|nan|nan|nan|nan|nan|nan|nan|nan|nan|nan|nan|nan|nan|nan|nan|nan
946|nan|nan|nan|nan|nan|nan|nan|nan|nan|nan|nan|nan|nan|nan|nan|nan|nan|nan|nan|nan|nan|nan|nan|nan|nan|nan|nan|nan|nan|nan|nan|nan|nan|nan|nan|nan|nan|nan|nan|nan|nan|nan|nan|nan|nan|nan|nan|nan|nan|nan
947|nan|nan|nan|nan|nan|nan|nan|nan|nan|nan|nan|nan|nan|nan|nan|nan|nan|nan|nan|nan|nan|nan|nan|nan|nan|nan|nan|nan|nan|nan|nan|nan|nan|nan|nan|nan|nan|nan|nan|nan|nan|nan|nan|nan|nan|nan|nan|nan|nan|nan
948|nan|nan|nan|nan|nan|nan|nan|nan|nan|nan|nan|nan|nan|nan|nan|nan|nan|nan|nan|nan|nan|nan|nan|nan|nan|nan|nan|nan|nan|nan|nan|nan|nan|nan|nan|nan|nan|nan|nan|nan|nan|nan|nan|nan|nan|nan|nan|nan|nan|nan
949|nan|nan|nan|nan|nan|nan|nan|nan|nan|nan|nan|nan|nan|nan|nan|nan|nan|nan|nan|nan|nan|nan|nan|nan|nan|nan|nan|nan|nan|nan|nan|nan|nan|nan|nan|nan|nan|nan|nan|nan|nan|nan|nan|nan|nan|nan|nan|nan|nan|nan
950|nan|nan|nan|nan|nan|nan|nan|nan|nan|nan|nan|nan|nan|nan|nan|nan|nan|nan|nan|nan|nan|nan|nan|nan|nan|nan|nan|nan|nan|nan|nan|nan|nan|nan|nan|nan|nan|nan|nan|nan|nan|nan|nan|nan|nan|nan|nan|nan|nan|nan
951|nan|nan|nan|nan|nan|nan|nan|nan|nan|nan|nan|nan|nan|nan|nan|nan|nan|nan|nan|nan|nan|nan|nan|nan|nan|nan|nan|nan|nan|nan|nan|nan|nan|nan|nan|nan|nan|nan|nan|nan|nan|nan|nan|nan|nan|nan|nan|nan|nan|nan
952|nan|nan|nan|nan|nan|nan|nan|nan|nan|nan|nan|nan|nan|nan|nan|nan|nan|nan|nan|nan|nan|nan|nan|nan|nan|nan|nan|nan|nan|nan|nan|nan|nan|nan|nan|nan|nan|nan|nan|nan|nan|nan|nan|nan|nan|nan|nan|nan|nan|nan
953|nan|nan|nan|nan|nan|nan|nan|nan|nan|nan|nan|nan|nan|nan|nan|nan|nan|nan|nan|nan|nan|nan|nan|nan|nan|nan|nan|nan|nan|nan|nan|nan|nan|nan|nan|nan|nan|nan|nan|nan|nan|nan|nan|nan|nan|nan|nan|nan|nan|nan
954|nan|nan|nan|nan|nan|nan|nan|nan|nan|nan|nan|nan|nan|nan|nan|nan|nan|nan|nan|nan|nan|nan|nan|nan|nan|nan|nan|nan|nan|nan|nan|nan|nan|nan|nan|nan|nan|nan|nan|nan|nan|nan|nan|nan|nan|nan|nan|nan|nan|nan
955|nan|nan|nan|nan|nan|nan|nan|nan|nan|nan|nan|nan|nan|nan|nan|nan|nan|nan|nan|nan|nan|nan|nan|nan|nan|nan|nan|nan|nan|nan|nan|nan|nan|nan|nan|nan|nan|nan|nan|nan|nan|nan|nan|nan|nan|nan|nan|nan|nan|nan
956|nan|nan|nan|nan|nan|nan|nan|nan|nan|nan|nan|nan|nan|nan|nan|nan|nan|nan|nan|nan|nan|nan|nan|nan|nan|nan|nan|nan|nan|nan|nan|nan|nan|nan|nan|nan|nan|nan|nan|nan|nan|nan|nan|nan|nan|nan|nan|nan|nan|nan
957|nan|nan|nan|nan|nan|nan|nan|nan|nan|nan|nan|nan|nan|nan|nan|nan|nan|nan|nan|nan|nan|nan|nan|nan|nan|nan|nan|nan|nan|nan|nan|nan|nan|nan|nan|nan|nan|nan|nan|nan|nan|nan|nan|nan|nan|nan|nan|nan|nan|nan
958|nan|nan|nan|nan|nan|nan|nan|nan|nan|nan|nan|nan|nan|nan|nan|nan|nan|nan|nan|nan|nan|nan|nan|nan|nan|nan|nan|nan|nan|nan|nan|nan|nan|nan|nan|nan|nan|nan|nan|nan|nan|nan|nan|nan|nan|nan|nan|nan|nan|nan
959|nan|nan|nan|nan|nan|nan|nan|nan|nan|nan|nan|nan|nan|nan|nan|nan|nan|nan|nan|nan|nan|nan|nan|nan|nan|nan|nan|nan|nan|nan|nan|nan|nan|nan|nan|nan|nan|nan|nan|nan|nan|nan|nan|nan|nan|nan|nan|nan|nan|nan
1000|nan|nan|nan|nan|nan|nan|nan|nan|nan|nan|nan|nan|nan|nan|nan|nan|nan|nan|nan|nan|nan|nan|nan|nan|nan|nan|nan|nan|nan|nan|nan|nan|nan|nan|nan|nan|nan|nan|nan|nan|nan|nan|nan|nan|nan|nan|nan|nan|nan|nan
1001|nan|nan|nan|nan|nan|nan|nan|nan|nan|nan|nan|nan|nan|nan|nan|nan|nan|nan|nan|nan|nan|nan|nan|nan|nan|nan|nan|nan|nan|nan|nan|nan|nan|nan|nan|nan|nan|nan|nan|nan|nan|nan|nan|nan|nan|nan|nan|nan|nan|nan
1002|nan|nan|nan|nan|nan|nan|nan|nan|nan|nan|nan|nan|nan|nan|nan|nan|nan|nan|nan|nan|nan|nan|nan|nan|nan|nan|nan|nan|nan|nan|nan|nan|nan|nan|nan|nan|nan|nan|nan|nan|nan|nan|nan|nan|nan|nan|nan|nan|nan|nan
1003|nan|nan|nan|nan|nan|nan|nan|nan|nan|nan|nan|nan|nan|nan|nan|nan|nan|nan|nan|nan|nan|nan|nan|nan|nan|nan|nan|nan|nan|nan|nan|nan|nan|nan|nan|nan|nan|nan|nan|nan|nan|nan|nan|nan|nan|nan|nan|nan|nan|nan
1004|nan|nan|nan|nan|nan|nan|nan|nan|nan|nan|nan|nan|nan|nan|nan|nan|nan|nan|nan|nan|nan|nan|nan|nan|nan|nan|nan|nan|nan|nan|nan|nan|nan|nan|nan|nan|nan|nan|nan|nan|nan|nan|nan|nan|nan|nan|nan|nan|nan|nan
1005|nan|nan|nan|nan|nan|nan|nan|nan|nan|nan|nan|nan|nan|nan|nan|nan|nan|nan|nan|nan|nan|nan|nan|nan|nan|nan|nan|nan|nan|nan|nan|nan|nan|nan|nan|nan|nan|nan|nan|nan|nan|nan|nan|nan|nan|nan|nan|nan|nan|nan
1006|nan|nan|nan|nan|nan|nan|nan|nan|nan|nan|nan|nan|nan|nan|nan|nan|nan|nan|nan|nan|nan|nan|nan|nan|nan|nan|nan|nan|nan|nan|nan|nan|nan|nan|nan|nan|nan|nan|nan|nan|nan|nan|nan|nan|nan|nan|nan|nan|nan|nan
1007|nan|nan|nan|nan|nan|nan|nan|nan|nan|nan|nan|nan|nan|nan|nan|nan|nan|nan|nan|nan|nan|nan|nan|nan|nan|nan|nan|nan|nan|nan|nan|nan|nan|nan|nan|nan|nan|nan|nan|nan|nan|nan|nan|nan|nan|nan|nan|nan|nan|nan
1008|nan|nan|nan|nan|nan|nan|nan|nan|nan|nan|nan|nan|nan|nan|nan|nan|nan|nan|nan|nan|nan|nan|nan|nan|nan|nan|nan|nan|nan|nan|nan|nan|nan|nan|nan|nan|nan|nan|nan|nan|nan|nan|nan|nan|nan|nan|nan|nan|nan|nan
1009|nan|nan|nan|nan|nan|nan|nan|nan|nan|nan|nan|nan|nan|nan|nan|nan|nan|nan|nan|nan|nan|nan|nan|nan|nan|nan|nan|nan|nan|nan|nan|nan|nan|nan|nan|nan|nan|nan|nan|nan|nan|nan|nan|nan|nan|nan|nan|nan|nan|nan
1010|nan|nan|nan|nan|nan|nan|nan|nan|nan|nan|nan|nan|nan|nan|nan|nan|nan|nan|nan|nan|nan|nan|nan|nan|nan|nan|nan|nan|nan|nan|nan|nan|nan|nan|nan|nan|nan|nan|nan|nan|nan|nan|nan|nan|nan|nan|nan|nan|nan|nan
1011|nan|nan|nan|nan|nan|nan|nan|nan|nan|nan|nan|nan|nan|nan|nan|nan|nan|nan|nan|nan|nan|nan|nan|nan|nan|nan|nan|nan|nan|nan|nan|nan|nan|nan|nan|nan|nan|nan|nan|nan|nan|nan|nan|nan|nan|nan|nan|nan|nan|nan
1012|nan|nan|nan|nan|nan|nan|nan|nan|nan|nan|nan|nan|nan|nan|nan|nan|nan|nan|nan|nan|nan|nan|nan|nan|nan|nan|nan|nan|nan|nan|nan|nan|nan|nan|nan|nan|nan|nan|nan|nan|nan|nan|nan|nan|nan|nan|nan|nan|nan|nan
1013|nan|nan|nan|nan|nan|nan|nan|nan|nan|nan|nan|nan|nan|nan|nan|nan|nan|nan|nan|nan|nan|nan|nan|nan|nan|nan|nan|nan|nan|nan|nan|nan|nan|nan|nan|nan|nan|nan|nan|nan|nan|nan|nan|nan|nan|nan|nan|nan|nan|nan
1014|nan|nan|nan|nan|nan|nan|nan|nan|nan|nan|nan|nan|nan|nan|nan|nan|nan|nan|nan|nan|nan|nan|nan|nan|nan|nan|nan|nan|nan|-107.975818|nan|nan|nan|nan|nan|nan|nan|nan|nan|nan|nan|nan|nan|nan|nan|nan|nan|nan|nan|nan
1030|nan|nan|nan|nan|nan|nan|nan|nan|nan|nan|nan|nan|nan|nan|nan|nan|nan|nan|nan|nan|nan|nan|nan|nan|nan|nan|nan|nan|nan|-81.016955|nan|nan|nan|nan|nan|nan|nan|nan|nan|nan|nan|nan|nan|nan|nan|nan|nan|nan|nan|nan
1031|nan|nan|nan|nan|nan|nan|nan|nan|nan|nan|nan|nan|nan|nan|nan|nan|nan|nan|nan|nan|nan|nan|nan|nan|nan|nan|nan|nan|nan|-162.230795|nan|nan|nan|nan|nan|nan|nan|nan|nan|nan|nan|nan|nan|nan|nan|nan|nan|nan|nan|nan
1032|nan|nan|nan|nan|nan|nan|nan|nan|nan|nan|nan|nan|nan|nan|nan|nan|nan|nan|nan|nan|nan|nan|nan|nan|nan|nan|nan|nan|nan|-94.756902|nan|nan|nan|nan|nan|nan|nan|nan|nan|nan|nan|nan|nan|nan|nan|nan|nan|nan|nan|nan
1033|nan|nan|nan|nan|nan|nan|nan|nan|nan|nan|nan|nan|nan|nan|nan|nan|nan|nan|nan|nan|nan|nan|nan|nan|nan|nan|nan|nan|nan|-97.153949|nan|nan|nan|nan|nan|nan|nan|nan|nan|nan|nan|nan|nan|nan|nan|nan|nan|nan|nan|nan
1034|nan|nan|nan|nan|nan|nan|nan|nan|nan|nan|nan|nan|nan|nan|nan|nan|nan|nan|nan|nan|nan|nan|nan|nan|nan|nan|nan|nan|nan|-80.961624|nan|nan|nan|nan|nan|nan|nan|nan|nan|nan|nan|nan|nan|nan|nan|nan|nan|nan|nan|nan
1035|nan|nan|nan|nan|nan|nan|nan|nan|nan|nan|nan|nan|nan|nan|nan|nan|nan|nan|nan|nan|nan|nan|nan|nan|nan|nan|nan|nan|nan|-24.718527|nan|nan|nan|nan|nan|nan|nan|nan|nan|nan|nan|nan|nan|nan|nan|nan|nan|nan|nan|nan
1036|nan|nan|nan|nan|nan|nan|nan|nan|nan|nan|nan|nan|nan|nan|nan|nan|nan|nan|nan|nan|nan|nan|nan|nan|nan|nan|nan|nan|nan|-8.789988|nan|nan|nan|nan|nan|nan|nan|nan|nan|nan|nan|nan|nan|nan|nan|nan|nan|nan|nan|nan
1037|nan|nan|nan|nan|nan|nan|nan|nan|nan|nan|nan|nan|nan|nan|nan|nan|nan|nan|nan|nan|nan|nan|nan|nan|nan|nan|nan|nan|nan|59.659628|nan|nan|nan|nan|nan|nan|nan|nan|nan|nan|nan|nan|nan|nan|nan|nan|nan|nan|nan|nan
1038|nan|nan|nan|nan|nan|nan|nan|nan|nan|nan|nan|nan|nan|nan|nan|nan|nan|nan|nan|nan|nan|nan|nan|nan|nan|nan|nan|nan|nan|83.624842|nan|nan|nan|nan|nan|nan|nan|nan|nan|nan|nan|nan|nan|nan|nan|nan|nan|nan|nan|nan
1039|nan|nan|nan|nan|nan|nan|nan|nan|nan|nan|nan|nan|nan|nan|nan|nan|nan|nan|nan|nan|nan|nan|nan|nan|nan|nan|nan|nan|nan|62.621782|nan|nan|nan|nan|nan|nan|nan|nan|nan|nan|nan|nan|nan|nan|nan|nan|nan|nan|nan|nan
1040|nan|nan|nan|nan|nan|nan|nan|nan|nan|nan|nan|nan|nan|nan|nan|nan|nan|nan|nan|nan|nan|nan|nan|nan|nan|nan|nan|nan|nan|57.403300|nan|nan|nan|nan|nan|nan|nan|nan|nan|nan|nan|nan|nan|nan|nan|nan|nan|nan|nan|nan
1041|nan|nan|nan|nan|nan|nan|nan|nan|nan|nan|nan|nan|nan|nan|nan|nan|nan|nan|nan|nan|nan|nan|nan|nan|nan|nan|nan|nan|nan|111.608987|nan|nan|nan|nan|nan|nan|nan|nan|nan|nan|nan|nan|nan|nan|nan|nan|nan|nan|nan|nan
1042|nan|nan|nan|nan|nan|nan|nan|nan|nan|nan|nan|nan|nan|nan|nan|nan|nan|nan|nan|nan|nan|nan|nan|nan|nan|nan|nan|nan|nan|63.425258|nan|nan|nan|nan|nan|nan|nan|nan|nan|nan|nan|nan|nan|nan|nan|nan|nan|nan|nan|nan
1043|nan|nan|nan|nan|nan|nan|nan|nan|nan|nan|nan|nan|nan|nan|nan|nan|nan|nan|nan|nan|nan|nan|nan|nan|nan|nan|nan|nan|nan|71.509051|nan|nan|nan|nan|nan|nan|nan|nan|nan|nan|nan|nan|nan|nan|nan|nan|nan|nan|nan|nan
1044|nan|nan|nan|nan|nan|nan|nan|nan|nan|nan|nan|nan|nan|nan|nan|nan|nan|nan|nan|nan|nan|nan|nan|nan|nan|nan|nan|nan|nan|50.007447|nan|0.301233|nan|nan|nan|-1583.655285|nan|nan|nan|nan|-122289.672542|nan|nan|21.968077|nan|-10.530148|nan|-0.001293|nan|nan
1045|nan|nan|nan|nan|nan|nan|nan|nan|nan|nan|nan|nan|nan|nan|nan|nan|nan|nan|nan|nan|nan|nan|nan|nan|nan|nan|nan|nan|nan|47.065832|nan|0.301233|nan|nan|nan|-1583.303903|nan|nan|nan|nan|-122289.672542|nan|nan|21.894920|nan|-10.530148|nan|0.027553|nan|nan
1046|nan|nan|nan|nan|nan|nan|nan|nan|nan|nan|nan|nan|nan|nan|nan|nan|nan|nan|nan|nan|nan|nan|nan|nan|nan|nan|nan|nan|nan|29.835541|nan|0.301233|nan|nan|nan|-1583.010220|nan|nan|nan|nan|-122289.672542|nan|nan|21.822718|nan|-10.530148|nan|0.259426|nan|nan
1047|nan|nan|nan|nan|nan|nan|nan|nan|nan|nan|nan|nan|nan|nan|nan|nan|nan|nan|nan|nan|nan|nan|nan|nan|nan|nan|nan|nan|nan|23.737274|nan|0.301233|nan|nan|nan|-1583.984893|nan|nan|nan|nan|-122289.672542|nan|nan|21.811092|nan|-10.530148|nan|0.259426|nan|nan
1048|nan|nan|nan|nan|nan|nan|nan|nan|nan|nan|nan|nan|nan|nan|nan|nan|nan|nan|nan|nan|nan|nan|nan|nan|nan|nan|nan|nan|nan|28.867982|nan|0.301233|nan|nan|nan|-1581.283409|nan|nan|nan|nan|-122289.672542|nan|nan|21.813943|nan|-10.530148|nan|0.259426|nan|nan
1049|nan|nan|nan|nan|nan|nan|nan|nan|nan|nan|nan|nan|nan|nan|nan|nan|nan|nan|nan|nan|nan|nan|nan|nan|nan|nan|nan|nan|nan|25.535040|nan|0.307584|nan|nan|nan|-1583.437121|nan|nan|nan|nan|-122289.672542|nan|nan|21.818693|nan|-10.530148|nan|0.259426|nan|nan
1050|nan|nan|nan|nan|nan|nan|nan|nan|nan|nan|nan|nan|nan|nan|nan|nan|nan|nan|nan|nan|nan|nan|nan|nan|nan|nan|nan|nan|nan|22.554021|nan|0.307584|nan|nan|nan|-1582.557899|nan|nan|nan|nan|-122289.672542|nan|nan|21.818168|nan|-10.530148|nan|0.259426|nan|nan
1051|nan|nan|nan|nan|nan|nan|nan|nan|nan|nan|nan|nan|nan|nan|nan|nan|nan|nan|nan|nan|nan|nan|nan|nan|nan|nan|nan|nan|nan|24.956986|nan|0.307584|nan|nan|nan|-1582.942336|nan|nan|nan|nan|-122289.672542|nan|nan|21.812569|nan|-10.530148|nan|0.259426|nan|nan
1052|nan|nan|nan|nan|nan|nan|nan|nan|nan|nan|nan|nan|nan|nan|nan|nan|nan|nan|nan|nan|nan|nan|nan|nan|nan|nan|nan|nan|nan|22.345125|nan|0.307584|nan|nan|nan|-1583.071999|nan|nan|nan|nan|-122289.672542|nan|nan|21.804405|nan|-10.530148|nan|0.259426|nan|nan
1053|nan|nan|nan|nan|nan|nan|nan|nan|nan|nan|nan|nan|nan|nan|nan|nan|nan|nan|nan|nan|nan|nan|nan|nan|nan|nan|nan|nan|nan|22.912215|nan|0.307584|nan|nan|nan|-1582.503247|nan|nan|nan|nan|-122289.672542|nan|nan|21.789930|nan|-10.530148|nan|0.315663|nan|nan
1054|nan|nan|nan|nan|nan|nan|nan|nan|nan|nan|nan|nan|nan|nan|nan|nan|nan|nan|nan|nan|nan|nan|nan|nan|nan|nan|nan|nan|nan|22.030976|nan|0.307584|nan|nan|nan|-1582.734765|nan|nan|nan|nan|-122289.672542|nan|nan|21.770789|nan|-10.530148|nan|0.346680|nan|nan
1055|nan|nan|nan|nan|nan|nan|nan|nan|nan|nan|nan|nan|nan|nan|nan|nan|nan|nan|nan|nan|nan|nan|nan|nan|nan|nan|nan|nan|nan|21.215014|nan|0.307584|nan|nan|nan|-1583.309169|nan|nan|nan|nan|-122289.672542|nan|nan|21.749504|nan|-10.530148|nan|0.346680|nan|nan
1056|nan|nan|nan|nan|nan|nan|nan|nan|nan|nan|nan|nan|nan|nan|nan|nan|nan|nan|nan|nan|nan|nan|nan|nan|nan|nan|nan|nan|nan|20.457334|nan|0.307584|nan|nan|nan|-1582.344372|nan|nan|nan|nan|-122289.672542|nan|nan|21.725391|nan|-10.524010|nan|0.346680|nan|nan
1057|nan|nan|nan|nan|nan|nan|nan|nan|nan|nan|nan|nan|nan|nan|nan|nan|nan|nan|nan|nan|nan|nan|nan|nan|nan|nan|nan|nan|nan|37.064161|nan|0.307584|nan|nan|nan|-1582.509779|nan|nan|nan|nan|-122289.672542|nan|nan|21.699727|nan|-10.518748|nan|0.346680|nan|nan
1058|nan|nan|nan|nan|nan|nan|nan|nan|nan|nan|nan|nan|nan|nan|nan|nan|nan|nan|nan|nan|nan|nan|nan|nan|nan|nan|nan|nan|nan|41.874999|nan|0.307584|nan|nan|nan|-2559.362767|nan|nan|nan|nan|-122289.672542|nan|nan|21.672826|nan|-10.514188|nan|0.346680|nan|nan
1059|nan|nan|nan|nan|nan|nan|nan|nan|nan|nan|nan|nan|nan|nan|nan|nan|nan|nan|nan|nan|nan|nan|nan|nan|0.278227|nan|nan|nan|nan|40.524192|nan|0.307584|nan|nan|nan|-2559.688206|nan|nan|nan|nan|-122289.672542|nan|nan|21.645221|nan|-10.510199|nan|0.398658|nan|-131.456592
1100|nan|nan|nan|nan|nan|nan|nan|nan|nan|nan|nan|nan|nan|nan|nan|nan|nan|nan|nan|nan|nan|nan|nan|nan|0.278227|nan|nan|nan|nan|41.915439|nan|0.307584|nan|nan|nan|-2559.217219|nan|nan|nan|nan|-122289.672542|nan|nan|21.617252|nan|-10.510199|nan|0.398658|nan|-131.456592
1101|nan|nan|nan|nan|nan|nan|nan|nan|nan|nan|nan|nan|nan|nan|nan|nan|nan|nan|nan|nan|nan|nan|nan|nan|0.278227|nan|nan|nan|nan|44.036644|nan|0.307584|nan|nan|nan|-2558.781293|nan|nan|nan|nan|-122289.672542|nan|nan|21.589211|nan|-10.510199|nan|0.398658|nan|-131.456592
1102|nan|nan|nan|nan|nan|nan|nan|nan|nan|nan|nan|nan|nan|nan|nan|nan|nan|nan|nan|nan|nan|nan|nan|nan|0.278227|nan|nan|nan|nan|29.604160|nan|0.307584|nan|nan|nan|-2559.910725|nan|nan|nan|nan|-122289.672542|nan|nan|21.559421|nan|-10.510199|nan|0.398658|nan|-131.456592
1103|nan|nan|nan|nan|nan|nan|nan|nan|nan|nan|nan|nan|nan|nan|nan|nan|nan|nan|nan|nan|nan|nan|nan|nan|0.278227|nan|nan|nan|nan|28.758327|nan|0.307584|nan|nan|nan|-2559.023959|nan|nan|nan|nan|-122289.672542|nan|nan|21.534310|nan|-10.510199|nan|0.398658|nan|-203.483504
1104|nan|nan|nan|nan|nan|nan|nan|nan|nan|nan|nan|nan|nan|nan|nan|nan|nan|nan|nan|nan|nan|nan|nan|nan|0.278227|nan|nan|nan|nan|30.328299|nan|0.307584|nan|nan|nan|-2560.023018|nan|nan|nan|nan|-122289.672542|nan|nan|21.512771|nan|-10.510199|nan|0.398658|nan|-203.483504
1105|nan|nan|nan|nan|nan|nan|nan|nan|nan|nan|nan|nan|nan|nan|nan|nan|nan|nan|nan|nan|nan|nan|nan|nan|0.278227|nan|nan|nan|nan|27.945827|nan|0.307584|nan|nan|nan|-2560.067325|nan|nan|nan|nan|-122289.672542|nan|nan|21.494127|nan|-10.510199|nan|0.398658|nan|-203.483504
1106|nan|nan|nan|nan|nan|nan|nan|nan|nan|nan|nan|nan|nan|nan|nan|nan|nan|nan|nan|nan|nan|nan|nan|nan|0.278227|nan|nan|nan|nan|27.210410|nan|0.307584|nan|nan|nan|-2559.542934|nan|nan|nan|nan|-122289.672542|nan|nan|21.473002|nan|-10.510199|nan|0.398658|nan|-203.483504
1107|nan|nan|nan|nan|nan|nan|nan|nan|nan|nan|nan|nan|nan|nan|nan|nan|nan|nan|nan|nan|nan|nan|nan|nan|0.278227|nan|nan|nan|nan|27.286324|nan|0.307584|nan|nan|nan|-2559.483388|nan|nan|nan|nan|-122289.672542|nan|nan|21.452704|nan|-10.510199|nan|0.407228|nan|-203.483504
1108|nan|nan|nan|nan|nan|nan|nan|nan|nan|nan|nan|nan|nan|nan|nan|nan|nan|nan|nan|nan|nan|nan|nan|nan|0.278227|nan|nan|nan|nan|28.152190|nan|0.307584|nan|nan|nan|-2558.535019|nan|nan|nan|nan|-280692.431257|nan|nan|21.432988|nan|-10.510199|nan|0.407228|nan|-203.483504
1109|nan|nan|nan|nan|nan|nan|nan|nan|nan|nan|nan|nan|nan|nan|nan|nan|nan|nan|nan|nan|nan|nan|nan|nan|0.278227|nan|nan|nan|nan|24.365988|nan|0.307584|nan|nan|nan|-2559.908432|nan|nan|nan|nan|-280692.431257|nan|nan|21.405521|nan|-10.546557|nan|0.407228|nan|-203.483504
1110|nan|nan|nan|nan|nan|nan|nan|nan|nan|nan|nan|nan|nan|nan|nan|nan|nan|nan|nan|nan|nan|nan|nan|nan|0.278227|nan|nan|nan|nan|20.688365|nan|0.307584|nan|nan|nan|-2560.326254|nan|nan|nan|nan|-280692.431257|nan|nan|21.347424|nan|-10.578876|nan|0.407228|nan|-203.483504
1111|nan|nan|nan|nan|nan|nan|nan|nan|nan|nan|nan|nan|nan|nan|nan|nan|nan|nan|nan|nan|nan|nan|nan|nan|0.278227|nan|nan|nan|nan|21.752779|nan|0.307584|nan|nan|nan|-2558.664331|nan|nan|nan|nan|-280692.431257|nan|nan|21.266189|nan|-10.607793|nan|0.407228|nan|-203.483504
1112|nan|nan|nan|nan|nan|nan|nan|nan|nan|nan|nan|nan|nan|nan|nan|nan|nan|nan|nan|nan|nan|nan|nan|nan|0.278227|nan|nan|nan|nan|21.258398|nan|0.307584|nan|nan|nan|-2559.112213|nan|nan|nan|nan|-280692.431257|nan|nan|21.166759|nan|-10.633818|nan|0.407228|nan|-203.483504
1113|nan|nan|nan|nan|nan|nan|nan|nan|nan|nan|nan|nan|nan|nan|nan|nan|nan|nan|nan|nan|nan|nan|nan|nan|0.278227|nan|nan|nan|nan|20.020487|nan|0.307584|nan|nan|nan|-2559.461865|nan|nan|nan|nan|-280692.431257|nan|nan|21.053281|nan|-10.657364|nan|0.407228|nan|-203.483504
1114|nan|nan|nan|nan|nan|nan|nan|nan|4228.000000|nan|nan|44750154.798231|nan|nan|nan|nan|nan|nan|nan|nan|nan|nan|nan|nan|0.278227|nan|nan|nan|nan|17.307888|nan|0.307584|nan|nan|nan|-2559.773323|nan|nan|nan|nan|-280692.431257|nan|nan|20.928844|nan|-10.678770|nan|0.407228|nan|-203.483504
1115|nan|nan|nan|nan|nan|nan|nan|nan|4228.000000|nan|nan|44672853.753654|nan|nan|nan|nan|nan|nan|nan|nan|nan|nan|nan|nan|0.278227|nan|nan|nan|nan|15.438091|nan|0.307584|nan|nan|nan|-2559.287244|nan|nan|nan|nan|-280692.431257|nan|nan|20.795934|nan|-10.698314|nan|0.407228|nan|-203.483504
1116|nan|nan|nan|nan|nan|nan|nan|nan|4228.000000|nan|nan|47368113.559679|nan|nan|nan|nan|nan|nan|nan|nan|nan|nan|nan|nan|0.278227|nan|nan|nan|nan|12.894073|nan|0.307584|nan|nan|nan|-2558.332124|nan|nan|nan|nan|-280692.431257|nan|nan|20.656505|nan|-10.716230|nan|0.407228|nan|-203.483504
1117|nan|nan|nan|nan|nan|nan|nan|nan|4228.000000|nan|nan|45036016.435692|nan|nan|nan|nan|nan|nan|nan|nan|nan|nan|nan|nan|0.278227|nan|nan|nan|nan|12.630928|nan|0.307584|nan|nan|nan|-2559.008963|nan|nan|nan|nan|-280692.431257|nan|nan|20.511888|nan|-10.732713|nan|0.407228|nan|-394.004169
1118|nan|nan|nan|nan|nan|nan|nan|nan|4228.000000|nan|nan|36745456.124251|nan|nan|nan|nan|nan|nan|nan|nan|nan|nan|nan|0.226886|0.278227|nan|nan|nan|nan|12.378310|nan|0.307584|nan|nan|nan|-2558.607328|nan|nan|nan|nan|-280692.431257|nan|nan|20.361601|nan|-10.747927|nan|0.407228|nan|-394.004169
1119|nan|nan|nan|nan|nan|nan|nan|nan|4228.000000|nan|nan|32729617.034696|nan|nan|nan|nan|nan|nan|nan|nan|nan|nan|nan|0.226886|0.278227|nan|nan|nan|nan|14.952116|nan|0.307584|nan|nan|nan|-2558.911555|nan|nan|nan|nan|-280692.431257|nan|nan|20.205208|nan|-10.762015|nan|0.407228|nan|-394.004169
1120|nan|nan|nan|nan|nan|nan|nan|nan|4228.000000|nan|nan|27952679.325937|nan|nan|nan|nan|nan|nan|nan|nan|nan|nan|nan|0.226886|0.278227|nan|nan|nan|nan|13.974079|nan|0.307584|nan|nan|nan|-2558.844110|nan|nan|nan|nan|-280692.431257|nan|nan|20.042352|nan|-10.775096|nan|0.407228|nan|-394.004169
1121|nan|nan|nan|nan|nan|nan|nan|nan|4228.000000|nan|nan|21681440.692058|nan|nan|nan|nan|nan|nan|nan|nan|nan|nan|nan|0.226886|0.278227|nan|nan|nan|nan|12.359403|nan|0.307584|nan|nan|nan|-2558.936990|nan|nan|nan|nan|-280692.431257|nan|nan|19.876279|nan|-10.787276|nan|0.407228|nan|-394.004169
1122|nan|nan|nan|nan|nan|nan|nan|nan|4228.000000|nan|nan|11940719.552673|nan|nan|nan|nan|nan|nan|nan|nan|nan|nan|nan|0.226886|0.278227|nan|nan|nan|nan|13.448683|nan|0.307584|nan|nan|nan|-2558.682436|nan|nan|nan|nan|-280692.431257|nan|nan|19.705504|nan|-10.798643|nan|0.407228|nan|-394.004169
1123|nan|nan|nan|nan|nan|nan|nan|nan|4228.000000|nan|nan|11440041.900942|nan|nan|nan|nan|nan|nan|nan|nan|nan|nan|nan|0.226886|0.278227|nan|nan|nan|nan|13.204161|nan|0.307584|nan|nan|nan|-2558.656695|nan|nan|nan|nan|-280692.431257|nan|nan|19.529391|nan|-10.818581|nan|0.407228|nan|-394.004169
1124|nan|nan|nan|-13.400000|nan|nan|nan|nan|4228.000000|nan|nan|-1452901.877777|nan|nan|nan|nan|nan|nan|nan|nan|nan|nan|nan|0.226886|0.278227|nan|nan|nan|nan|13.591043|nan|0.307584|nan|nan|nan|-2558.738867|nan|nan|nan|nan|-280692.431257|nan|nan|19.354078|nan|-10.838519|nan|0.407228|nan|-394.004169
1125|nan|nan|nan|-12.200000|nan|nan|nan|nan|4228.000000|nan|nan|-2714002.821474|nan|nan|nan|nan|nan|nan|nan|nan|nan|nan|nan|0.226886|0.278227|nan|nan|nan|nan|13.352603|nan|0.307584|nan|nan|nan|-2559.229052|nan|nan|nan|nan|-280692.431257|nan|nan|19.185670|nan|-10.858457|nan|0.407228|nan|-394.004169
1126|nan|nan|nan|-10.600000|nan|nan|nan|nan|4228.000000|nan|nan|-4077100.248960|nan|nan|nan|nan|nan|nan|nan|nan|nan|nan|nan|0.226886|0.278227|nan|nan|nan|nan|13.122386|nan|0.307584|nan|nan|nan|-2559.807495|nan|nan|nan|nan|-606360.108338|nan|nan|19.025424|nan|-10.878395|nan|0.407228|nan|-394.004169
1127|nan|nan|nan|-9.600000|nan|nan|nan|nan|4228.000000|nan|nan|-9146880.368811|nan|nan|nan|nan|nan|nan|nan|nan|nan|nan|nan|0.226886|0.278227|nan|nan|nan|nan|14.018780|nan|0.307584|nan|nan|nan|-2558.887915|nan|nan|nan|nan|-606360.108338|nan|nan|18.872739|nan|-10.898334|nan|0.407228|nan|-394.004169
1128|-8999664.076896|nan|nan|-8.800000|nan|nan|nan|nan|4228.000000|nan|nan|-8360109.030525|nan|nan|nan|nan|nan|nan|nan|nan|nan|nan|nan|0.226886|0.278227|nan|nan|nan|nan|12.709144|nan|0.307584|nan|nan|nan|-2558.734799|nan|nan|nan|nan|-606360.108338|nan|nan|18.727315|nan|-10.918272|nan|0.407228|nan|-394.004169
1129|-13942149.500000|nan|nan|-7.600000|nan|nan|nan|-20.559580|4228.000000|-4.695489|-1.351119|-12526616.008956|nan|nan|nan|nan|-7.000000|nan|-2843537.045247|nan|nan|nan|nan|0.226886|0.278227|nan|nan|-0.572603|nan|15.557492|nan|0.307584|-1.530555|0.113578|-4.695489|-2559.415239|-122521838.537779|nan|201051.703104|nan|-606360.108338|nan|nan|18.513569|nan|-10.938210|-9.616666|0.407228|nan|-394.004169
1330|-12168039.083743|nan|nan|-6.600000|nan|nan|nan|-20.559580|4228.000000|-4.695489|-1.351119|-10379382.600758|nan|nan|nan|nan|-5.000000|nan|-2845438.101742|0.620445|nan|nan|nan|0.226886|0.278227|nan|nan|-0.581674|nan|16.458460|nan|0.307584|-1.927272|0.115831|-4.695489|-2558.564191|-122521838.537779|nan|201051.703104|nan|-606360.108338|nan|nan|18.304309|nan|-10.958148|-9.616666|0.407228|nan|-394.004169
1331|-16593031.732684|nan|nan|-5.600000|nan|nan|nan|-20.559580|4228.000000|-4.695489|-1.351119|-15563799.133348|nan|nan|nan|nan|-7.000000|nan|-2841557.392623|0.665431|nan|nan|nan|0.226886|0.278227|nan|nan|-0.581673|nan|23.353856|nan|0.307584|-4.253416|0.118785|-4.695489|-2558.815660|-122521838.537779|nan|201051.703104|nan|-606360.108338|nan|nan|18.098636|nan|-10.978086|-11.616666|0.407228|nan|-394.004169
1332|-16054974.533982|nan|nan|-5.200000|nan|nan|nan|-20.559580|4228.000000|-4.695489|-1.351119|-15552467.267472|nan|nan|nan|nan|-1.000000|nan|-2842995.334058|0.665431|nan|nan|nan|0.226886|0.278227|nan|nan|-0.602333|nan|19.644794|nan|0.307584|-4.695489|0.120918|-4.695489|-2558.919516|-122521838.537779|nan|201051.703104|nan|-606360.108338|nan|nan|17.891400|nan|-10.998025|-9.616666|0.407228|nan|-394.004169
1333|-18202496.400808|-3.831389|nan|-5.000000|nan|nan|nan|-20.559580|4228.000000|-4.695489|-1.351119|-18626420.142858|nan|nan|nan|nan|5.000000|nan|-2841643.264701|0.665431|nan|nan|nan|0.226886|0.278227|nan|nan|-0.610798|nan|9.895207|nan|0.307584|-4.695489|0.123647|-4.695489|-2560.911086|-122521838.537779|nan|201051.703104|nan|-606360.108338|nan|nan|17.683577|nan|-11.017963|-15.616666|0.407228|nan|-394.004169
1334|-17076691.687066|-6.413090|nan|-5.000000|nan|nan|nan|-20.559580|4228.000000|-4.695489|-1.351119|-17789611.049659|nan|nan|nan|nan|-1.000000|nan|-2841264.259896|0.665431|nan|nan|nan|0.226886|0.278227|nan|nan|-0.610798|nan|6.355822|nan|0.307584|-4.695489|0.126331|-4.695489|-2559.813570|-122521838.537779|nan|201051.703104|nan|-606360.108338|nan|nan|17.476469|nan|-11.037901|-13.616666|0.407228|nan|-394.004169
1335|-17164203.170448|-7.339282|nan|-4.600000|nan|nan|nan|-20.559580|4228.000000|-4.695489|-1.351119|-17087030.337321|nan|nan|nan|nan|-9.000000|nan|-2840966.261035|0.665431|nan|nan|nan|0.226886|0.278227|nan|nan|-0.605526|nan|4.545680|nan|0.307584|-4.695489|0.127626|-4.695489|-2557.997997|-122521838.537779|nan|201051.703104|nan|-606360.108338|nan|nan|17.271074|nan|-11.060499|-13.616666|0.407228|nan|-394.004169
1336|-19163566.806840|-6.967483|nan|-4.000000|nan|nan|nan|-20.559580|4228.000000|-4.695489|-1.351119|-18293525.312881|nan|nan|nan|nan|-1.000000|nan|-2839666.301107|0.665431|nan|nan|nan|0.226886|0.278227|nan|nan|-0.599664|nan|1.197651|nan|0.307584|-4.695489|0.130167|-4.695489|-2559.440693|-122521838.537779|nan|201051.703104|nan|-606360.108338|nan|nan|17.067876|nan|-11.083097|-9.616666|0.407228|nan|-394.004169
1337|-24422975.937304|-7.190236|nan|-4.000000|nan|nan|nan|-20.559580|4228.000000|-4.695489|-1.351119|-23293682.580681|nan|nan|nan|nan|3.000000|nan|-2836464.678869|0.665431|nan|nan|nan|0.226886|0.278227|nan|nan|-0.593870|nan|-15.255692|nan|0.307584|-4.695489|0.131198|-4.695489|-2559.187470|-122521838.537779|nan|201051.703104|nan|-606360.108338|nan|nan|16.866677|nan|-11.105695|-13.616666|0.407228|nan|-394.004169
1338|-32005201.822146|-7.198345|nan|-4.000000|nan|nan|nan|-20.559580|4228.000000|-4.695489|-1.351119|-32101560.095078|nan|nan|nan|nan|-9.000000|nan|-2832187.418281|0.665431|nan|nan|nan|0.226886|0.278227|nan|nan|-0.591110|nan|-17.930463|nan|0.307584|-4.695489|0.132107|-4.695489|-2558.935480|-122521838.537779|nan|201051.703104|nan|-606360.108338|nan|nan|16.668291|nan|-11.128293|-11.616666|0.407228|nan|-394.004169
1339|-42563450.507446|-6.555129|nan|-4.000000|nan|nan|nan|-20.559580|4228.000000|-4.695489|-1.351119|-44175542.330299|nan|nan|nan|nan|-1.000000|nan|-2829669.088486|0.665431|nan|nan|nan|0.226886|0.278227|nan|nan|-0.612788|nan|-16.986767|nan|0.307584|-4.695489|0.132442|-4.695489|-2559.972259|-122521838.537779|nan|201051.703104|nan|-606360.108338|nan|nan|16.472618|nan|-11.128293|-9.616666|0.407228|nan|-394.004169
1340|-42184139.220522|-6.040512|nan|-4.000000|nan|nan|nan|-20.559580|4228.000000|-4.695489|-1.351119|-43242904.508413|nan|nan|nan|nan|-2.600000|nan|-2603651.309413|0.665431|nan|nan|nan|0.226886|0.278227|nan|nan|-0.612788|nan|-18.112508|nan|0.307584|-4.695489|0.132442|-4.695489|-2558.519197|-122521838.537779|nan|201051.703104|nan|-606360.108338|nan|nan|16.279320|nan|-11.128293|-11.616666|0.407228|nan|-394.004169
1341|-41559516.335550|-5.640756|nan|-4.000000|nan|nan|nan|-20.559580|4228.000000|-4.695489|-1.351119|-43192760.693865|nan|nan|nan|nan|-10.000000|nan|-2263862.676334|0.665431|nan|nan|nan|0.226886|0.278227|nan|nan|-0.607651|nan|-26.325497|nan|0.307584|-4.695489|0.132442|-4.695489|-2558.875647|-122521838.537779|nan|201051.703104|nan|-606360.108338|nan|nan|16.088169|nan|-11.128293|-13.616666|0.407228|nan|-394.004169
1342|-40234622.211370|-4.840743|nan|-4.000000|nan|nan|nan|-20.559580|4228.000000|-4.695489|-1.351119|-43501919.476999|nan|nan|nan|nan|-6.000000|nan|-2263555.279006|0.665431|nan|nan|nan|0.226886|0.278227|nan|nan|-0.603062|nan|-16.568621|nan|0.307584|-4.695489|0.132442|-4.695489|-2559.611813|-122521838.537779|nan|201051.703104|nan|-606360.108338|nan|nan|15.898856|nan|-11.128293|-7.616666|0.407228|nan|-394.004169
1343|-34665898.755440|-4.407999|nan|-4.000000|nan|nan|nan|-20.559580|4228.000000|-4.695489|-1.351119|-39592042.396249|nan|nan|nan|nan|-2.000000|nan|-2265272.443794|0.665431|nan|nan|nan|0.226886|0.278227|nan|nan|-0.598078|nan|-20.774956|nan|0.307584|-4.695489|0.132442|-4.695489|-2559.421373|-122521838.537779|nan|201051.703104|nan|-606360.108338|nan|nan|15.711250|nan|-11.128293|-11.616666|0.407228|nan|-394.004169
1344|-33524702.940850|-4.043096|-4.695489|-4.000000|nan|-9.206169|-5.208248|-20.559580|4228.000000|-4.695489|-1.351119|-38227152.360673|0.002146|-10.502340|-1.819451|nan|-8.000000|nan|-2266238.871566|0.665431|nan|-8.242515|-34.553603|0.226886|0.278227|nan|nan|-0.593147|-4.759979|-13.960760|-0.514819|0.307584|-4.695489|0.132468|-4.695489|-2559.351745|-122521838.537779|nan|201051.703104|-0.000008|-606360.108338|-2.339507|-0.209289|15.525535|-0.176687|-11.128293|-11.616666|0.407228|-4.759979|-394.004169
1345|-40489758.902372|-3.488713|-4.695489|-4.000000|6.234984|-9.206169|-5.208248|-20.559580|4228.000000|-4.695489|-1.351119|-39823538.892744|0.002146|-10.502340|-1.818873|nan|-4.000000|14.000000|-2264477.800289|0.665431|nan|-6.874467|-34.341239|0.226886|0.278227|nan|nan|-0.593147|-4.705244|-13.960760|-0.556506|0.307584|-4.695489|0.136761|-4.695489|-2559.066685|-122521838.537779|nan|201051.703104|-0.000008|-606360.108338|-2.300548|-0.202855|15.341183|-0.170772|-11.128293|-7.616666|0.407228|-4.705244|-394.004169
1346|-38564108.568942|-3.113254|-4.695489|-4.000000|3.632497|-9.206169|-5.208248|-20.559580|4228.000000|-4.695489|-1.351119|-35818511.247569|0.002146|-10.502340|-1.819152|nan|0.000000|6.000000|-2265260.663029|0.665431|nan|-12.669230|-34.435763|0.226886|0.278227|nan|nan|-0.590813|-4.651061|-12.654044|-0.597695|0.307584|-4.695489|0.142681|-4.695489|-2559.904503|-122521838.537779|nan|201051.703104|-0.000008|-606360.108338|-2.263213|-0.194831|15.152325|-0.164369|-12.426366|-13.616666|0.407228|-4.651061|-394.004169
1347|-38654787.081050|-2.641745|-4.695489|-4.000000|3.632497|-9.206169|-5.208248|-20.559580|4228.000000|-4.695489|-1.351119|-35970741.648060|0.002146|-10.502340|-1.819008|nan|-6.000000|6.000000|-2265679.239311|0.665431|nan|-9.905776|-34.233075|0.226886|0.278227|nan|nan|-0.600438|-4.599720|-10.832044|-0.636707|0.307584|-4.695489|0.149479|-4.695489|-2559.670317|-122521838.537779|nan|201051.703104|-0.000008|-606360.108338|-2.227401|-0.183863|14.960985|-0.157313|-13.724438|-7.616666|0.407228|-4.599720|-394.004169
1348|-40098015.050000|-2.185838|-4.695489|-4.000000|-3.942616|-9.206169|-5.208248|-20.559580|4228.000000|-4.695489|-1.351119|-38506309.964179|0.002146|-10.502340|-1.818935|nan|-4.000000|6.000000|-2265715.798262|0.665431|nan|-10.390539|-34.206818|0.226886|0.278227|nan|nan|-0.609825|-4.550859|-12.937901|-0.672890|0.307584|-4.695489|0.158350|-4.695489|-2559.607135|-122521838.537779|nan|201051.703104|-0.000008|-606360.108338|-2.193022|-0.178443|14.763437|-0.150912|-15.022511|-7.616666|0.407228|-4.550859|-394.004169
1349|-38044848.961154|-1.878501|-4.695489|-4.000000|-3.942616|-9.206169|-5.208248|-20.559580|4228.000000|-4.695489|-1.351119|-38538969.036360|0.002146|-10.502340|-1.819183|nan|-2.000000|6.000000|-2266150.270731|0.665431|nan|-6.605030|-34.150349|0.226886|0.278227|nan|nan|-0.615936|-4.506127|-13.437747|-0.706238|0.307584|-4.695489|0.167186|-4.695489|-2559.592573|-122521838.537779|nan|201051.703104|-0.000008|-606360.108338|-2.159991|-0.171604|14.561422|-0.144915|-16.320584|-11.616666|0.407228|-4.506127|-394.004169
1350|-40713466.141368|-1.510830|-4.695489|-3.400000|-3.942616|-9.206169|-5.208248|-20.559580|4228.000000|-4.695489|-1.351119|-42597949.506608|0.002146|-10.502340|-1.820160|nan|0.000000|2.000000|-2265282.129132|0.665431|nan|-5.880464|-32.896371|0.226886|0.278227|nan|nan|-0.610778|-4.478512|-15.172468|-0.737634|0.307584|-4.695489|0.177749|-4.695489|-2559.174120|-122521838.537779|nan|201051.703104|-0.000008|-606360.108338|-2.128231|-0.165901|14.354602|-0.138617|-17.618656|-11.616666|0.407228|-4.478512|-394.004169
1351|-32088479.161158|-0.952200|-4.695489|-2.800000|-6.067331|-8.183947|-5.208248|-20.559580|4228.000000|-4.695489|-1.351119|-34891426.240304|0.002146|-10.502340|-1.820080|nan|-8.000000|2.000000|-2266085.343657|0.665431|nan|-18.797833|-32.302846|0.226886|0.278227|nan|nan|-0.612787|-4.448487|-13.216062|-0.768455|0.307584|-4.695489|0.188046|-4.695489|-2556.590633|-122521838.537779|nan|201051.703104|-0.000008|-606360.108338|-2.097669|-0.162609|14.145046|-0.132464|-18.916729|-13.616666|0.407228|-4.448487|-394.004169
1352|-29108523.927818|-0.338549|-4.695489|-1.600000|-6.067331|-7.076876|-5.208248|-20.559580|4228.000000|-4.695489|-1.351119|-34364016.491093|0.002146|-10.502340|-1.820609|nan|-2.000000|2.000000|-2266183.559926|0.665431|nan|-24.192377|-31.065819|0.226886|0.278227|nan|nan|-0.613831|-4.406405|-13.417455|-0.799959|0.307584|-4.695489|0.203649|-4.695489|-2559.761839|-122521838.537779|nan|201051.703104|-0.000008|-606360.108338|-2.068239|-0.160030|13.931200|-0.126758|-20.214802|-9.616666|0.407228|-4.406405|-394.004169
1353|-30026306.979584|-0.002884|-4.695489|-0.200000|-6.067331|-6.913240|-5.208248|-20.559580|4228.000000|-4.695489|-1.351119|-36667287.199667|0.002146|-10.502340|-1.819736|nan|-10.000000|2.000000|-2265078.299826|0.665431|nan|-6.132397|-29.949205|0.226886|0.278227|nan|nan|-0.608813|-4.364974|-8.937208|-0.832639|0.307584|-4.695489|0.217508|-4.695489|-2558.339149|-122521838.537779|nan|201051.703104|-0.000008|-606360.108338|-2.039879|-0.157178|13.712956|-0.121595|-21.512874|-13.616666|0.407228|-4.364974|-394.004169
1354|-34743596.838570|0.377172|-4.695489|1.600000|-6.067331|-6.858150|-5.208248|-20.559580|4228.000000|-4.695489|-1.351119|-41812239.433600|0.002146|-10.502340|-1.819868|nan|-2.000000|2.000000|-2262837.207392|0.665431|nan|-9.506672|-29.134571|0.226886|0.278227|nan|nan|-0.612993|-4.323231|-10.238356|-0.834446|0.307584|-4.695489|0.227151|-4.695489|-2559.568458|-114990764.792008|nan|201051.703104|-0.000008|-606360.108338|-2.012532|-0.155315|13.498759|-0.116716|-22.810947|-11.616666|0.407228|-4.323231|-394.004169
1355|-34890960.255132|0.794921|-4.695489|5.200000|-6.067331|-6.858150|-5.208248|-20.559580|4228.000000|-4.695489|-1.351119|-43692342.682289|0.002146|-10.502340|-1.820503|nan|0.600000|2.000000|-1922342.699948|0.665431|nan|-9.431979|-27.634072|0.226886|0.278227|nan|nan|-0.612993|-4.282038|-12.015664|-0.838189|0.307584|-4.695489|0.235769|-4.695489|-2559.623654|-112580826.319722|nan|201051.703104|-0.000008|-606360.108338|-1.975083|-0.142627|13.302766|-0.112093|-24.109020|-9.616666|0.407228|-4.282038|-394.004169
1356|-34738330.657460|1.373258|-4.695489|8.400000|-10.531848|-6.858150|-5.208248|-20.559580|4228.000000|-4.695489|-1.351119|-43679634.862130|0.002146|-10.502340|-1.820536|nan|-4.800000|2.000000|-1582972.386082|0.665431|nan|-6.268601|-27.121241|0.226886|0.278227|nan|nan|-0.614159|-4.241538|-11.560043|-0.843876|0.307584|-4.695489|0.245314|-4.695489|-2559.286723|-112580826.319722|nan|201051.703104|-0.000008|-606360.108338|-1.924500|-0.128501|13.120781|-0.107655|-25.407092|-7.616666|0.407228|-4.241538|-394.004169
1357|-34087186.104018|1.928161|-4.695489|11.000000|-10.531848|-6.858150|-5.208248|-20.559580|4228.000000|-4.695489|-1.351119|-42845334.831640|0.002146|-6.502340|-1.820552|nan|-1.600000|2.000000|-904833.629693|0.665431|nan|-8.731148|-26.626062|0.226886|0.278227|nan|nan|-0.611855|-4.204961|-19.927631|-0.851514|0.307584|-4.695489|0.257317|-4.695489|-2559.340171|-112670547.432199|nan|201051.703104|-0.000008|-606360.108338|-1.880779|-0.113335|12.951327|-0.103670|-26.705165|-7.616666|0.407228|-4.204961|-394.004169
1358|-34336846.800000|2.465326|-4.695489|14.000000|-10.531848|-6.858150|-5.208248|-20.559580|4228.000000|-4.695489|-1.351119|-41715750.062929|0.002146|-6.026150|-1.819707|nan|-6.200000|2.000000|-113155.990488|0.665431|nan|-5.516880|-26.088605|0.226886|0.278227|nan|nan|-0.608330|-4.169461|-18.650992|-0.861111|0.307584|-4.695489|0.268105|-4.695489|-2558.871185|-113128674.869648|nan|201051.703104|-0.000008|-606360.108338|-1.842821|-0.101756|12.792824|-0.100080|-28.003238|-11.616666|0.407228|-4.169461|-394.004169
1359|-36380152.692524|2.687752|-4.695489|16.200000|-10.531848|-6.858150|-5.208248|-20.559580|4228.000000|-4.695489|-1.351119|-42383313.161913|0.002146|-6.026150|-1.819569|nan|3.600000|2.000000|904957.821386|0.665431|-0.000000|-6.954753|-25.670806|0.226886|0.278227|nan|-130301.083735|-0.608330|-4.135063|-19.626651|-0.872674|0.307584|-4.695489|0.268105|-4.695489|-2559.134792|-113128674.869648|-203.721747|201051.703104|-0.000008|-606360.108338|-1.836220|-0.090950|12.644617|-0.096875|-29.301310|-9.616666|0.407228|-4.135063|-394.004169
1400|-35380899.329309|2.964157|-4.695489|16.200000|-10.531848|-6.858150|-5.208248|-20.559580|4228.000000|-4.695489|-1.351119|-40189315.366558|0.002146|-5.073769|-1.819785|0.369324|7.200000|2.000000|2941736.394214|0.665431|-0.000000|-25.898258|-25.290254|0.226886|0.278227|nan|-122415.782644|-0.622425|-4.107045|-22.039307|-0.886212|0.307584|-4.695489|0.266542|-4.695489|-2559.893298|-113128674.869648|-195.578000|201051.703104|-0.000008|-606360.108338|-1.834558|-0.077765|12.507778|-0.093986|-30.599383|-9.616666|0.407228|-4.107045|-394.004169
1401|-33752460.909324|3.287663|-4.695489|16.200000|-10.531848|-6.858150|-5.208248|1.743554|4228.000000|-4.695489|-1.351119|-38682216.736841|0.002146|-4.377941|-1.819892|0.690072|8.400000|2.000000|4753568.300871|0.665431|-0.000000|-6.607377|-25.354238|0.226886|0.278227|nan|-114798.237970|-0.624707|-4.086127|-23.904561|-0.899388|0.307584|-4.695489|0.258801|-4.695489|-2559.711141|-113128674.869648|-172.164509|201051.703104|-0.000008|-606360.108338|-1.843588|-0.066852|12.386664|-0.091455|-31.897455|-7.616666|0.407228|-4.086127|-394.004169
1402|-33480031.274034|3.694393|-4.695489|16.200000|-10.531848|-6.858150|-5.208248|1.743554|4228.000000|-4.695489|-1.351119|-40836483.505523|0.002146|-4.377941|-1.819946|0.813782|8.400000|2.000000|4755595.795999|0.665431|-0.000000|-8.665942|-25.221652|0.226886|0.278227|nan|-104945.967884|-0.620451|-4.071549|-16.460097|-0.911104|0.307584|-4.695489|0.252258|-4.695489|-2558.963759|-113128674.869648|-154.676129|201051.703104|-0.000008|-606360.108338|-1.853458|-0.060220|12.274619|-0.088996|-33.195528|-9.616666|0.407228|-4.071549|-394.004169
1403|-35058830.542708|3.879789|-4.695489|16.200000|-10.531848|-6.858150|-5.208248|5.596097|4228.000000|-4.695489|-1.351119|-44645904.750208|0.002146|-4.377941|-1.819973|0.927974|8.400000|2.000000|4752302.042321|0.665431|-0.000000|-10.735299|-25.292169|0.226886|0.278227|-0.096885|-93825.003616|-0.609940|-4.058535|-16.460097|-0.919348|0.307584|-4.695489|0.247731|-4.695489|-2557.846225|-113128674.869648|-174.245848|201051.703104|-0.000008|-606360.108338|-1.866817|-0.056845|12.173110|-0.086528|-34.493601|-9.616666|0.407228|-4.058535|-394.004169
1404|-23677610.099999|3.971719|-4.695489|15.800000|-10.531848|-6.858150|-5.208248|5.596097|4228.000000|-4.695489|-1.094092|-33242997.620937|0.015983|-4.377941|-1.821410|1.002299|18.400000|-4.000000|4766400.149571|0.665431|-0.000000|-9.740104|-25.205430|0.226886|0.278227|-0.078519|-81976.137572|-0.596019|-4.071475|-33.933690|-0.919874|0.307584|-4.695489|0.240908|-4.695489|-2560.158793|-113128674.869648|-87.902875|201051.703104|-0.000008|-606360.108338|-1.880660|-0.050884|12.082788|-0.084032|-35.791673|-17.616666|0.407228|-4.071475|-394.004169
1405|-2910993.676096|4.205278|-4.695489|15.200000|-10.531848|-6.858150|-5.208248|5.596097|4228.000000|-4.695489|-1.094092|-12999406.663754|0.015983|-4.377941|-1.823555|1.002299|20.400000|-10.000000|4793105.752455|0.665431|-0.000000|-7.738965|-24.768778|0.225402|0.278227|-0.069253|-71483.681018|-0.596581|-4.083760|-55.958855|-0.908992|0.307584|-4.695489|0.240375|-4.695489|-3316.276509|-113128674.869648|-42.997616|201051.703104|-0.000008|-606360.108338|-1.894503|-0.044759|12.004571|-0.081345|-37.089746|-19.616666|0.407228|-4.083760|-394.004169
1406|7846109.781456|4.286516|-4.695489|13.400000|-10.531848|-6.785474|-5.208248|5.596097|4228.000000|-4.695489|-1.094092|-2178568.485311|0.015983|-4.377941|-1.825487|1.002299|12.400000|-10.000000|4808804.259607|0.665431|-0.000000|-7.698893|-23.563154|0.223918|0.278227|-0.062823|-61007.089088|-0.596581|-4.085078|-62.712060|-0.880773|0.307584|-4.695489|0.238789|-4.695489|-3317.123147|-113128674.869648|-34.755431|201051.703104|-0.000008|-606360.108338|-1.908346|-0.040644|11.936845|-0.078453|-38.387819|-17.616666|0.407228|-4.085078|-394.004169
1407|10463185.876014|4.436643|-4.695489|12.400000|-10.531848|-6.529244|-5.208248|5.596097|4228.000000|-4.695489|-1.094092|881843.852237|0.059293|-4.377941|-1.825883|1.002299|4.400000|-10.000000|4813372.892234|0.665431|-0.000000|-9.321131|-22.032500|0.222329|0.278227|-0.057647|-51557.445550|-0.604338|-4.083431|-59.732995|-0.830222|0.307584|-4.695489|0.231637|-4.695489|-3315.708850|-113128674.869648|-53.097332|201051.703104|-0.000008|-606360.108338|-1.922189|-0.036371|11.880925|-0.075629|-39.685891|-11.616666|0.407228|-4.083431|-394.004169
1408|5121392.666566|4.692598|-4.695489|10.800000|-10.531848|-6.487893|-5.208248|8.378752|4228.000000|-4.695489|-1.094092|-6110837.149163|0.059293|-4.377941|-1.825222|1.002299|2.400000|-10.000000|4691845.756239|0.665431|-0.000000|-6.581719|-20.587338|0.220738|0.278227|-0.051466|-46828.057595|-0.609790|-4.083375|-53.582888|-0.753125|0.307584|-4.695489|0.205609|-4.695489|-3315.050480|-113128674.869648|-75.274209|201051.703104|-0.000008|-606360.108338|-1.936033|-0.032127|11.837529|-0.073107|-40.983964|-13.616666|0.407228|-4.083375|-394.004169
1409|3692575.059376|4.948176|-4.695489|9.600000|-10.531848|-6.450480|-5.208248|8.378752|4228.000000|-4.695489|-0.657897|-7672560.139888|0.059293|-4.377941|-1.823749|1.002299|2.400000|-10.000000|4346231.228681|0.665431|-0.000000|-4.911514|-19.596457|0.219146|0.278227|-0.043255|-40024.493435|-0.589191|-4.083913|-44.076427|-0.649374|0.307584|-4.695489|0.169343|-4.695489|-3315.178098|-113128674.869648|-92.191360|239804.483020|-0.000008|-606360.108338|-1.949876|-0.027491|11.802739|-0.070663|-42.282037|-13.616666|0.407228|-4.083913|-394.004169
1410|-784090.407038|5.182544|-4.695489|8.800000|-10.531848|-6.035678|-5.208248|8.378752|4228.000000|-4.695489|-0.657897|-12321388.207326|0.058837|-4.377941|-1.822442|1.002299|4.400000|-10.000000|3883579.994279|0.665431|-0.000000|-16.490587|-18.486555|0.211253|0.278227|-0.037395|-34025.140364|-0.588818|-4.084439|-35.595334|-0.521065|0.307584|-4.695489|0.145968|-4.695489|-3314.751641|-113128674.869648|-115.471566|239804.483020|-0.000008|-606360.108338|-1.963719|-0.022478|11.769758|-0.068140|-43.580109|-14.950000|0.407228|-4.084439|-394.004169
1411|-2094063.142770|5.274845|-4.695489|8.400000|-10.531848|-5.279428|-5.208248|8.378752|4228.000000|-4.695489|-0.657897|-15218655.719215|0.058837|-4.377941|-1.822360|1.002299|12.400000|-10.000000|3881372.942317|0.665431|-0.000000|-4.123666|-15.918155|0.203359|0.278227|-0.032907|-30412.886534|-0.585416|-4.079923|-41.871575|-0.371283|0.307584|-4.695489|0.119387|-4.695489|-3316.739818|-113128674.869648|-103.833991|239804.483020|-0.000008|-606360.108338|-1.972280|-0.016106|11.736958|-0.065759|-44.878182|-12.350000|0.407228|-4.079923|-394.004169
1412|-2492436.319201|5.383304|-4.695489|8.400000|-10.531848|-4.595203|-5.208248|5.163475|4228.000000|-3.906400|-0.657897|-15153821.586903|0.058837|-4.377941|-1.822034|1.002299|6.400000|-10.000000|3766971.082966|0.665431|-0.000000|-6.320994|-14.141515|0.195466|0.278227|-0.029687|-27255.384352|-0.583629|-4.070913|-39.893183|-0.200942|0.307584|-4.695489|0.087133|-4.695489|-3315.874736|-113128674.869648|-113.039196|239804.483020|-0.000008|-606360.108338|-1.970968|-0.011004|11.712351|-0.063511|-46.176255|-10.091666|0.407228|-4.070913|-394.004169
1413|-2956984.826448|5.539199|-4.695489|8.400000|-10.531848|-3.976141|-5.208248|5.163475|4228.000000|-3.257246|-0.657897|-15735572.430539|0.058837|-4.377941|-1.821871|1.002299|8.400000|-10.000000|3309806.607579|0.665431|-0.000000|-7.756206|-12.457810|0.187573|0.278227|-0.027918|-23339.072133|-0.585601|-4.055619|-39.319057|-0.011484|0.307584|-4.695489|0.058884|-4.695489|-3316.537874|-113128674.869648|-105.868182|239804.483020|-0.000008|-606360.108338|-1.967119|-0.005033|11.696732|-0.061365|-47.474327|-7.766666|0.407228|-4.055619|-394.004169
1414|-5147772.047272|5.643094|-4.695489|8.400000|-10.531848|-2.844610|-5.208248|5.163475|4228.000000|-2.029408|-0.657897|-17796449.713312|0.058837|-4.377941|-1.822359|1.002299|12.400000|-10.000000|2851318.530212|0.665431|-0.000000|0.471566|-10.386441|0.179679|0.278227|-0.026438|-20102.491976|-0.584813|-4.020184|-41.664958|0.255430|0.307584|-4.695489|0.042628|-4.695489|-3316.530792|-113128674.869648|-107.831232|239804.483020|-0.000008|-606360.108338|-1.963270|0.003644|11.689513|-0.059256|-48.772400|-9.125000|0.407228|-4.020184|-394.004169
1415|-6316414.643384|5.743981|-4.695489|8.400000|-10.531848|0.083919|-5.208248|4.076478|4228.000000|-1.847232|-0.657897|-17195582.071143|0.058837|-3.440140|-1.822034|1.002299|1.200000|-10.000000|1595576.409533|0.665431|-0.000000|3.000289|-5.257876|0.171786|0.278227|-0.025622|-16669.153325|-0.574294|-3.960771|-34.269977|0.594650|0.307584|-4.695489|0.010480|-4.695489|-3314.551685|-113128674.869648|-122.751921|239804.483020|-0.000008|-606360.108338|-1.952808|0.014400|11.687146|-0.057233|-50.070472|-7.841666|0.407228|-3.960771|-394.004169
1416|-9638626.406582|5.872543|-4.695489|8.400000|-10.531848|2.543064|-5.208248|4.076478|4228.000000|-1.847232|-0.657897|-19376873.308260|0.058837|-1.971240|-1.105370|1.002299|7.600000|-10.000000|2.250033|0.665431|-0.000000|5.063029|-2.726838|0.163892|0.278227|-0.027095|-12270.266941|-0.573410|-3.553116|-33.888405|0.985807|0.307584|-4.695489|-0.021043|-4.695489|-3317.093953|-113128674.869648|-117.487505|239804.483020|-0.000008|-606360.108338|-1.903578|0.025768|11.689288|-0.055310|-50.070472|-7.058333|0.407228|-3.553116|-394.004169
1417|-12576408.642878|6.205051|-3.906400|8.400000|-10.531848|4.387053|-4.894359|0.513660|4228.000000|-1.847232|-0.657897|-20351930.628177|0.058837|-0.435953|-1.105407|1.002299|4.600000|-10.000000|-1367264.665521|0.665431|-0.000000|7.639311|-2.785212|0.155999|0.278227|-0.027627|-8689.638632|-0.573410|-3.353929|-33.888405|1.410704|0.307584|-4.695489|-0.073290|-4.695489|-3316.167050|-113128674.869648|-117.399884|239804.483020|-0.000007|-606360.108338|-1.846980|0.034519|11.691788|-0.053481|-50.070472|-6.200000|0.407228|-3.353929|-394.004169
1418|-13239844.540452|6.227242|-3.257246|8.200000|-10.531848|6.245899|-3.628528|0.513660|4228.000000|-1.847232|-0.657897|-21092307.719763|0.058837|-0.435953|-1.105945|1.002299|9.800000|-10.000000|-2278581.915212|0.665431|-0.000000|4.198262|-2.378120|0.148106|0.278227|-0.024123|-4439.516402|-0.574783|-3.276885|-40.278310|1.854414|0.307584|-4.695489|-0.096049|-4.695489|-3316.853154|-113128674.869648|-111.301027|239804.483020|-0.000006|-606360.108338|-1.790382|0.040479|11.692559|-0.051770|-50.070472|-10.533333|0.407228|-3.276885|-394.004169
1419|-15344419.336296|6.249601|-2.029408|7.600000|-10.531848|7.546760|-2.651354|0.513660|4228.000000|-1.299598|-0.657897|-23187792.307446|0.058837|-0.435953|-1.105695|0.963175|-3.400000|-10.000000|-3303667.075631|0.665431|-0.000000|6.670731|-2.365713|0.140212|0.278227|-0.020274|748.039350|-0.572851|-3.215235|-36.245590|2.304730|0.307584|-4.695489|-0.102532|-4.695489|-3315.515242|-113128674.869648|-118.680202|239804.483020|-0.000004|-606360.108338|-1.732599|0.046451|11.690608|-0.050156|-50.070472|-11.141666|0.407228|-3.215235|-394.004169
1420|-16336023.866048|6.320226|-1.847232|6.800000|-10.531848|8.723730|-2.469680|0.513660|4228.000000|-1.299598|-0.657897|-22803777.682888|0.058837|1.530854|-1.105569|0.859473|1.600000|-10.000000|-4557292.265983|0.665431|-0.000000|2.529132|-2.459913|0.132319|0.278227|-0.012656|6622.773140|-0.568084|-3.204173|-35.647161|2.753471|0.307584|-4.695489|-0.130881|-4.695489|-3315.967938|-113128674.869648|-122.296710|239804.483020|-0.000003|-606360.108338|-1.674816|0.053054|11.686523|-0.048622|-50.070472|-10.600000|0.407228|-3.204173|-394.004169
1421|-18795179.886274|6.571131|-1.847232|6.800000|-10.531848|10.169560|-2.469680|0.513660|4573.600000|-1.299598|-0.657897|-24842479.130560|0.058837|4.514257|-1.105507|0.664131|0.600000|-10.000000|-5695017.934498|0.665431|-0.000000|-10.256343|-2.354666|0.124425|0.278227|-0.005097|11286.269074|-0.567570|-3.216064|-34.453765|3.191310|0.307584|-4.695489|-0.131290|-4.695489|-3316.396567|-113128674.869648|-122.392130|239804.483020|-0.000003|-606360.108338|-1.617032|0.057632|11.680363|-0.047159|-50.070472|-9.725000|0.407228|-3.216064|-394.004169
1422|-17450139.209487|6.617000|-1.847232|6.600000|-10.531848|12.239596|-2.469680|0.513660|4573.600000|-1.299598|-0.657897|-22957758.177421|0.058837|6.005958|-1.105649|0.421560|2.200000|-10.000000|-6380141.114220|0.665431|-0.000000|7.959926|-2.420704|0.116532|0.278227|0.000553|15652.557163|-0.567625|-3.228336|-37.075762|3.608285|0.307584|-4.695489|-0.131305|-4.695489|-3316.047835|-113128674.869648|-119.423215|239804.483020|-0.000003|-606360.108338|-1.559249|0.056869|11.671135|-0.045758|-50.070472|-12.550000|0.407228|-3.228336|-394.004169
1423|-13352289.633778|6.659545|-1.847232|5.800000|-10.531848|14.191049|-2.469680|0.513660|4573.600000|-1.299598|-0.657897|-19461117.157652|0.058837|6.751809|-1.105719|0.403169|-0.200000|-10.000000|-6727503.921652|0.665431|-0.000000|6.699826|-2.316409|0.108279|0.278227|0.004042|18172.694356|-0.568031|-3.236243|-37.075762|3.995210|0.307584|-4.695489|-0.131471|-4.695489|-3316.420711|-112839605.721397|-119.404186|239804.483020|-0.000003|-606360.108338|-1.501466|0.053363|11.660104|-0.044373|-50.070472|-13.575000|0.407228|-3.236243|-394.004169
1424|-14636376.709500|6.627123|-1.299598|5.000000|-10.531848|13.270628|-2.469680|0.513660|4573.600000|-1.299598|-0.657897|-20754949.131600|0.058837|8.871636|-0.874816|0.403169|-4.800000|-10.000000|-6839561.502686|0.665431|-0.000000|5.607392|-2.291365|0.100027|0.278227|0.008128|22056.591279|-0.568868|-3.230597|-33.383241|4.284298|0.307584|-4.695489|-0.132231|-4.695489|-3315.945418|-112122417.692061|-157.349880|239804.483020|-0.000002|-606360.108338|-1.443683|0.049617|11.647202|-0.042952|-50.070472|-15.991667|0.407228|-3.230597|-394.004169
1425|-22100061.232444|6.640933|-1.299598|2.800000|-10.531848|12.747109|-2.469680|0.513660|4573.600000|-1.299598|-0.657897|-28019886.264227|0.058837|8.871636|-0.874556|0.403169|-3.600000|-10.000000|-6837540.633407|0.665431|-0.000000|4.699948|-2.239023|0.091774|0.278227|0.016009|26867.225425|-0.568868|-3.228838|-31.968586|4.469003|0.307584|-4.695489|-0.132231|-4.695489|-3316.284382|-90980135.431040|-283.857578|250119.241416|-0.000002|-606360.108338|-1.385900|0.043229|11.632372|-0.041532|-50.070472|-14.350000|0.407228|-3.228838|-394.004169
1426|-25399694.100000|6.795943|-1.299598|0.000000|-7.912253|11.511544|-2.469680|0.513660|4573.600000|-1.299598|-0.657897|-31593572.849775|0.058837|8.871636|-0.874289|0.403169|-3.600000|-10.000000|-6831886.635314|0.665431|-0.000000|6.386082|-2.194303|0.083521|0.278227|0.025413|28916.056274|-0.570844|-3.078053|-31.267979|4.559697|0.307584|-4.695489|-0.132231|-3.906400|-3316.402895|-88436858.808582|-652.242038|310270.337398|-0.000002|-606360.108338|-1.328117|0.032580|11.616657|-0.040098|-50.070472|-12.375000|0.407228|-3.078053|-394.004169
1427|-29080819.209132|6.694905|-1.299598|-2.400000|-7.912253|10.796159|-2.469680|0.513660|4573.600000|-1.299598|-0.657897|-35371498.656462|0.058837|8.871636|-0.873747|0.403169|-7.800000|-10.000000|-6825454.516210|0.665431|-0.000000|6.829693|-1.452392|0.075269|0.277966|0.034497|29334.030944|-0.570588|-2.829336|-26.143355|4.567565|0.307584|-4.695489|-0.132231|-3.257246|-3315.857125|-86311135.621691|-598.000898|310270.337398|-0.000002|-606360.108338|-1.270334|0.030384|11.600994|-0.038618|-50.070472|-16.391667|0.407228|-2.829336|-394.004169
1428|-21833681.232424|6.677114|-1.299598|-4.000000|-7.912253|9.577477|-2.469680|0.513660|4573.600000|-1.299598|-0.657897|-30023674.997976|0.058837|8.871636|-0.873475|0.403169|-2.600000|-10.000000|-6827445.335258|0.665431|-0.000000|7.190488|-2.218865|0.067016|0.276457|0.044675|28412.059398|-0.568837|-2.611313|-25.067365|4.504302|0.282791|-4.695489|-0.128452|-2.029408|-3316.729942|-85927243.887374|-452.191562|239770.303296|-0.000002|-606360.108338|-1.212551|0.027841|11.586026|-0.037150|-50.070472|-14.391667|0.407228|-2.611313|-394.004169
1429|-20020796.919584|6.614626|-1.299598|-5.800000|-7.912253|8.665336|-2.469680|-1.144933|4573.600000|-1.299598|-0.657897|-28511503.646605|0.058837|8.871636|-0.873613|0.403169|0.600000|-10.000000|-6833613.328165|0.665431|-0.000000|7.378614|-3.035200|0.058764|0.272994|0.053381|28050.474002|-0.567728|-2.406117|-30.131933|4.382954|0.282791|-4.695489|-0.123447|-1.847232|-3316.306728|-85927243.887374|-282.537349|239770.303296|-0.000002|-606360.108338|-1.154768|0.022891|11.571246|-0.035732|-50.070472|-16.391667|0.407228|-2.406117|-394.004169
1430|-20463681.246876|6.491834|-1.299598|-8.000000|-7.912253|7.649590|-2.469680|-1.144933|4573.600000|-1.299598|-0.657897|-27182582.675358|0.058837|8.871636|-0.873408|0.403169|-8.400000|-10.000000|-6831407.064488|0.665431|-0.000000|4.405786|-3.359099|0.050511|0.265679|0.063079|25609.832447|-0.571853|-2.280157|-24.877800|4.214837|0.282791|-4.695489|-0.115923|-1.847232|-3316.485351|-85829505.146780|-259.249946|239770.303296|-0.000002|-606360.108338|-1.096985|0.019247|11.555304|-0.034330|-50.070472|-18.391667|0.407228|-2.280157|-394.004169
1431|-22928377.217334|6.413936|-1.299598|-10.000000|-7.912253|6.921057|-2.469680|-3.715995|4573.600000|-1.299598|-0.657897|-25545300.736198|0.058837|8.871636|-0.872761|0.403169|-13.600000|-10.000000|-6836325.817862|0.665431|-0.000000|-2.700871|-3.676227|0.042258|0.258125|0.073244|21221.744887|-0.556784|-2.186725|-16.069363|4.010717|0.282791|-4.695489|-0.103055|-1.875991|-3315.835311|-85187967.110083|-417.143723|239770.303296|-0.000002|-606360.108338|-1.039202|0.015473|11.543392|-0.032928|-50.070472|-18.725000|0.407228|-2.186725|-394.004169
1432|-24807776.157278|6.297679|-1.299598|-11.200000|-7.912253|6.394011|-2.469680|-3.715995|4573.600000|-1.299598|-0.657897|-24732823.394561|0.058837|8.871636|-0.872710|0.403169|-3.000000|-10.000000|-7409036.121039|0.665431|-0.000000|1.604001|-3.544341|0.034006|0.250400|0.082529|20002.962204|-0.556636|-2.106028|-19.189435|3.780788|0.310423|-4.695489|-0.095309|-1.875991|-3318.836847|-80168764.234876|-282.971316|239770.303296|-0.000002|-606360.108338|-0.993967|0.010405|11.534542|-0.031479|-50.070472|-20.616667|0.407228|-2.106028|-244.687160
1433|-23396161.550000|6.385390|-1.299598|-11.800000|-7.912253|5.837873|-2.469680|-3.715995|4573.600000|-1.299598|-0.657897|-21487901.345764|0.058837|8.871636|-0.872685|0.403169|-7.800000|-10.000000|-8320448.939541|0.665431|-0.000000|1.757679|-3.234606|0.025753|0.242476|0.092012|18234.670814|-0.548832|-1.964040|-7.660813|3.533780|0.310423|-4.695489|-0.088690|-1.875991|-3316.051521|-75546919.338811|-284.010747|239770.303296|-0.000002|-606360.108338|-0.959551|0.004944|11.529183|-0.030040|-50.070472|-19.241667|0.407228|-1.964040|-244.687160
1434|-24191954.950500|6.567039|-1.299598|-12.000000|-7.912253|5.281884|-2.469680|-3.715995|4573.600000|-1.299598|-0.657897|-21998618.376032|0.058837|8.871636|-0.872944|0.403169|-4.400000|-10.000000|-9001668.533429|0.665431|-0.000000|-2.349571|-2.502115|0.017500|0.233613|0.100595|16240.931424|-0.544874|-1.755848|-7.721702|3.274889|0.310423|-4.695489|-0.081555|-1.875991|-3316.732194|-75546919.338811|-273.195992|239770.303296|-0.000002|-606360.108338|-0.945599|0.005169|11.526104|-0.028694|-50.070472|-22.958334|0.407228|-1.755848|-244.687160
1435|-22037550.200000|6.743660|-1.299598|-12.000000|-7.912253|4.494171|-2.469680|-3.715995|4573.600000|-1.299598|-0.657897|-20509273.429967|0.058837|8.871636|-0.872802|0.403169|-13.600000|-10.000000|-9801108.387995|0.665431|-0.000000|-13.752455|-2.483215|0.010732|0.227799|0.109369|16434.899984|-0.552539|-1.647561|-7.615068|3.012002|0.310423|-4.695489|-0.081555|-1.875991|-3315.941993|-75546919.338811|-264.043844|239770.303296|-0.000002|-606360.108338|-0.932607|0.006136|11.525839|-0.027356|-50.070472|-24.491667|0.407228|-1.647561|-244.687160
1436|-22219519.246948|6.932392|-1.299598|-12.000000|-7.912253|3.960908|-2.469680|-3.715995|4573.600000|-1.299598|-0.657897|-20078792.275718|0.085905|8.871636|-0.872594|0.403169|-12.600000|-10.000000|-11167921.945371|0.665431|-0.000000|-5.259607|-2.557557|0.003963|0.222945|0.115697|17438.996110|-0.551856|-1.630504|-5.408906|2.748954|0.310423|-4.695489|-0.081555|-1.875991|-3316.622288|-75546919.338811|-287.355005|239770.303296|-0.000002|-606360.108338|-0.919615|0.006632|11.529020|-0.026020|-50.070472|-23.041667|0.407228|-1.630504|-244.687160
1437|-22223974.266236|7.055274|-1.299598|-12.000000|-7.912253|3.488426|-2.469680|-3.715995|4573.600000|-1.299598|-0.657897|-20286848.777022|0.085905|8.871636|-0.872763|0.402139|-7.400000|-10.000000|-11967940.035734|0.665431|-0.000000|-4.692234|-2.219937|-0.003328|0.217969|0.121703|16129.206951|-0.550800|-1.628874|-2.407799|2.487411|0.310423|-4.695489|-0.081555|-1.875991|-3317.279507|-75546919.338811|-259.171147|239770.303296|-0.000002|-606360.108338|-0.902190|0.010098|11.535863|-0.024764|-50.070472|-27.233334|0.404555|-1.628874|-244.687160
1438|-26908922.416018|7.181686|-1.299598|-12.000000|-7.912253|3.242376|-2.469680|-3.715995|4573.600000|-1.299598|-0.657897|-24493506.008110|0.085905|5.516379|-0.872847|0.394501|-11.800000|-10.000000|-11855708.072446|0.665431|-0.000000|-2.756239|-2.580138|-0.010616|0.214529|0.127368|13396.585111|-0.553054|-1.625212|-4.721558|2.225923|0.310423|-4.695489|-0.081555|-1.875991|-3317.428340|-75546919.338811|-266.611199|239770.303296|-0.000002|-606360.108338|-0.881736|0.013382|11.547689|-0.023536|-50.070472|-27.233334|0.401883|-1.625212|-244.687160
1439|-29344642.189936|7.234568|-1.299598|-12.000000|-7.912253|2.933578|-2.469680|-3.715995|4573.600000|-1.463823|-0.657897|-26997268.314376|0.085905|3.507019|-0.844348|0.384641|-12.000000|-10.000000|-11396159.517928|0.665431|-0.000000|-4.828681|-2.639239|-0.017904|0.211642|0.132047|12962.300596|-0.544350|-1.608814|-3.208440|1.962941|0.310423|-4.695489|-0.081555|-1.875991|-3315.633936|-75546919.338811|-253.080798|239770.303296|-0.000002|-606360.108338|-0.872864|0.015635|11.560718|-0.022294|-50.070472|-25.233334|0.332544|-1.608814|-244.687160
1440|-24648640.643228|7.242821|-1.299598|-12.000000|-7.912253|2.463713|-2.469680|-3.715995|4573.600000|-1.684620|-0.657897|-22108669.893571|0.085905|2.502340|-0.844303|0.328993|-10.000000|-10.000000|-11178192.024174|0.665431|-0.000000|-6.394279|-2.820662|-0.018891|0.206217|0.137864|13025.469764|-0.544524|-1.517339|-3.613597|1.697632|0.310423|-4.695489|-0.081555|-1.875991|-3316.553390|-75546919.338811|-240.853092|239770.303296|-0.000002|-606360.108338|-0.882298|0.018650|11.575316|-0.021025|-50.070472|-27.233334|0.263205|-1.517339|-244.687160
1441|-22512561.159498|7.174042|-1.299598|-12.000000|-7.912253|2.229074|-2.469680|-3.715995|4573.600000|-1.875991|-0.657897|-19883265.183745|0.085905|-0.954710|-0.844544|0.208132|-8.000000|-10.000000|-11177443.205827|0.665431|-0.000000|-2.542317|-2.717822|-0.019877|0.201717|0.141574|11872.568825|-0.543891|-1.430282|-11.071896|1.429378|0.310423|-4.695489|-0.081555|-1.875991|-3317.582180|-75546919.338811|-195.108289|239770.303296|-0.000002|-606360.108338|-0.892698|0.023653|11.594365|-0.019763|-50.070472|-27.233334|0.161158|-1.430282|-244.687160
1442|-22055414.600414|7.035205|-1.299598|-13.000000|-7.912253|1.064401|-2.469680|-3.715995|4573.600000|-1.875991|-0.657897|-19973530.465539|0.085905|-0.954710|-0.844796|0.038042|-10.000000|-10.000000|-11177679.284432|0.665431|-0.000000|-9.682966|-2.657758|-0.020863|0.199721|0.145134|10107.846098|-0.552837|-1.422664|-12.404376|1.156739|0.310423|-4.695489|-0.081555|-1.875991|-3316.523280|-75546919.338811|-186.067039|239770.303296|-0.000002|-606360.108338|-0.903098|0.026110|11.617706|-0.018539|-50.070472|-25.233334|0.157065|-1.422664|-244.687160
1443|-23195826.083772|7.033376|-1.299598|-14.600000|-7.912253|-0.179828|-2.469680|-3.715995|4573.600000|-1.875991|-0.657897|-20445445.230909|0.085905|-0.954710|-0.844790|-0.139874|-14.000000|-10.000000|-11174075.633036|0.665431|-0.000000|-4.407579|-2.861187|-0.022477|0.199234|0.146670|7636.608681|-0.587811|-1.413054|-10.349759|0.879361|0.310423|-4.695489|-0.081555|-1.875991|-3315.459455|-75546919.338811|-186.106338|239770.303296|-0.000002|-606360.108338|-0.915407|0.027921|11.648590|-0.017355|-50.070472|-25.233334|0.157065|-1.413054|-283.391784
1444|-20330060.500000|7.055737|-1.463823|-15.800000|-7.912253|-1.205703|-2.469680|-3.715995|4573.600000|-1.875991|-0.657897|-17745434.346952|0.085905|-0.954710|-0.844787|-0.312621|-12.000000|-10.000000|-11174429.441587|0.665431|-0.000000|-11.930212|-3.204497|-0.024092|0.196546|0.147430|6184.492668|-0.576150|-1.406811|-12.622011|0.595868|0.310423|-4.695489|-0.081555|-1.875991|-3316.706443|-75546919.338811|-167.200853|239770.303296|-0.000003|-606360.108338|-0.931330|0.028906|11.685426|-0.016183|-50.070472|-23.233334|0.120828|-1.406811|-283.391784
1445|-20453482.823674|6.966050|-1.684620|-17.200000|-7.912253|-2.133601|-2.469680|-3.715995|4573.600000|-1.875991|-0.657897|-18117168.099773|0.085905|-0.954710|-0.845182|-0.565649|-6.000000|-10.000000|-11173330.970619|0.665431|-0.000000|-6.409533|-3.596162|-0.025706|0.196546|0.147628|5207.249304|-0.571857|-1.409465|-16.482197|0.303431|0.310423|-4.695489|-0.081555|-1.875991|-3316.970850|-75546919.338811|-134.003640|239770.303296|-0.000003|-606360.108338|-0.950933|0.030424|11.725709|-0.015082|-50.070472|-27.233334|0.120828|-1.409465|-283.391784
1446|-18175850.626646|6.904435|-1.875991|-19.600000|-7.912253|-3.644687|-2.738957|-3.715995|4573.600000|-1.875991|-0.657897|-16111038.608484|0.084215|-0.954710|-0.845247|-0.756323|-12.000000|-10.000000|-11173214.032147|0.665431|-0.000000|-7.850033|-4.277428|-0.028162|0.192451|0.147774|3005.189073|-0.582797|-1.415322|-13.404256|0.000298|0.310423|-4.695489|-0.081555|-1.875991|-3316.334574|-75546919.338811|-117.592327|239770.303296|-0.000003|-606360.108338|-0.973725|0.030852|11.764158|-0.014058|-50.070472|-23.233334|0.120828|-1.415322|-283.391784
1447|-18564755.153159|6.884314|-1.875991|-21.200000|-7.912253|-5.202335|-2.738957|-3.715995|4573.600000|-1.875991|-0.657897|-16339599.600605|0.084215|-0.954710|-0.845412|-0.737114|-11.000000|-10.000000|-11170509.978671|0.665431|-0.000000|-7.934479|-4.824941|-0.030619|0.189180|0.146247|3360.966366|-0.572629|-1.415823|-14.182407|-0.315321|0.310423|-4.695489|-0.081555|-1.875991|-3316.288953|-75546919.338811|-92.826514|239770.303296|-0.000003|-606360.108338|-0.996517|0.032181|11.806264|-0.013119|-50.070472|-23.233334|0.120828|-1.415823|-283.391784
1448|-17870615.373502|6.789754|-1.875991|-23.400000|-7.912253|-6.992589|-2.738957|-7.196514|4573.600000|-1.875991|-0.657897|-15286591.059062|0.084215|-2.226185|-0.845494|-0.592969|-14.600000|-10.000000|-11171840.865797|0.665431|-0.000000|-9.884788|-5.351987|-0.033075|0.187274|0.142356|3292.044144|-0.567240|-1.422191|-14.182407|-0.643390|0.310423|-4.695489|-0.081555|-1.875991|-3316.746533|-70639416.439134|-88.713522|239770.303296|-0.000003|-606360.108338|-1.019310|0.032827|11.851138|-0.012252|-50.070472|-25.233334|0.120828|-1.422191|-283.391784
1449|-19001780.323506|6.758087|-1.875991|-25.400000|-7.479729|-8.612343|-2.738957|-8.155079|4573.600000|-1.875991|-0.100706|-16735158.988122|0.084215|-4.861922|-0.845668|-0.468573|-15.800000|-10.000000|-11167635.253986|0.665431|-0.000000|-9.724369|-5.602385|-0.035532|0.180989|0.138241|2851.827453|-0.567407|-1.403010|-12.997164|-0.977583|0.310423|-4.695489|-0.065826|-1.966488|-3316.178536|-71335133.968831|-98.565168|239770.303296|-0.000003|-606360.108338|-1.042102|0.036150|11.898602|-0.011427|-50.070472|-25.233334|0.120828|-1.403010|-283.391784
1450|-18563479.083086|6.694094|-1.875991|-25.400000|-7.479729|-10.268310|-2.738957|-11.294555|4573.600000|-1.875991|-0.100706|-16747891.950243|0.084215|-5.179791|-0.845754|-0.354188|-17.200000|-10.000000|-11167516.772901|0.665431|-0.000000|-13.334017|-6.051963|-0.037988|0.176173|0.136566|3124.373628|-0.565828|-1.330288|-10.594986|-1.314654|0.310423|-4.695489|0.094030|-1.966488|-3316.579865|-95328315.769527|-83.051230|239770.303296|-0.000003|-606360.108338|-1.064894|0.040102|11.948215|-0.010696|-50.070472|-25.233334|0.120828|-1.330288|-283.391784
1451|-17287346.343428|6.546877|-1.875991|-25.400000|-7.479729|-12.528471|-2.738957|-11.294555|4573.600000|-1.875991|-0.100706|-16206636.989203|0.084215|-5.338726|-0.846062|-0.235454|-17.600000|-10.000000|-11166430.280488|0.665431|-0.000000|-12.665502|-6.768975|-0.040444|0.170298|0.134449|4136.429915|-0.568388|-1.258954|-14.502558|-1.650400|0.310423|-4.695489|0.185640|-1.966488|-3317.305815|-105035065.335435|-47.219226|239770.303296|-0.000003|-606360.108338|-1.087687|0.039690|11.998938|-0.010067|-50.070472|-25.233334|0.120828|-1.258954|-283.391784
1452|-25860666.189426|6.349285|-1.875991|-25.400000|-7.479729|-14.192426|-2.738957|-14.434259|4573.600000|-1.875991|-0.100706|-25177705.427718|0.084215|-6.418193|-0.846216|-0.097159|-21.000000|-10.000000|-11138247.930922|0.665431|-0.000000|-17.485780|-7.291191|-0.042901|0.164653|0.133173|5612.940697|-0.575256|-1.235228|-13.672371|-1.975364|0.310423|-4.695489|0.217425|-2.625907|-3316.576853|-105784163.304356|-62.814394|239770.303296|-0.000003|-606360.108338|-1.110479|0.039091|12.050607|-0.009507|-50.070472|-23.233334|0.120828|-1.235228|-283.391784
1453|-27394301.282572|6.208920|-1.875991|-25.400000|-7.479729|-16.269337|-2.738957|-15.708516|4573.600000|-1.875991|-0.100706|-26620429.516020|0.084215|-7.957926|-0.846293|0.065486|-20.800000|-10.000000|-11128583.050350|0.665431|-0.000000|-18.278348|-7.763673|-0.044998|0.159229|0.132762|6488.581168|-0.575319|-1.221286|-18.761324|-2.284827|0.310423|-4.695489|0.220340|-2.625907|-3316.166554|-107335802.338556|-63.708349|239770.303296|-0.000003|-606360.108338|-1.133271|0.038151|12.103157|-0.008984|-50.070472|-25.233334|0.120828|-1.221286|-283.391784
1454|-28321291.239204|6.031623|-1.875991|-25.400000|-7.479729|-17.767496|-2.738957|-15.708516|4573.600000|-1.875991|-0.100706|-26938246.687324|0.084215|-9.727793|-0.846597|0.196105|-16.000000|-10.000000|-11125191.036310|0.665431|-0.000000|-18.497314|-7.930992|-0.047095|0.150625|0.132014|9499.001715|-0.546823|-1.245738|-19.272071|-2.571389|0.310423|-4.695489|0.221979|-2.625907|-3316.337863|-107958752.392859|-65.588253|239770.303296|-0.000003|-606360.108338|-1.156064|0.038862|12.155174|-0.008465|-50.070472|-27.233334|0.120828|-1.245738|-283.391784
1455|-32141905.523320|5.852630|-1.875991|-25.400000|-7.479729|-18.352015|-2.738957|-15.708516|4573.600000|-1.875991|-0.100706|-30591372.756848|0.084215|-11.612727|-0.846749|0.315439|-19.600000|-10.000000|-11114283.313339|0.665431|-0.000000|-23.366593|-8.145427|-0.049192|0.145319|0.131400|13523.350261|-0.542186|-1.295641|-17.494763|-2.827304|0.310423|-4.695489|0.241959|-2.625907|-3315.863936|-108453337.192933|-60.049427|239770.303296|-0.000003|-606360.108338|-1.189365|0.038049|12.208152|-0.007941|-50.070472|-25.233334|0.120828|-1.295641|-283.391784
1456|-33164175.800000|5.588237|-1.875991|-25.400000|-7.479729|-18.690389|-2.738957|-16.747862|4573.600000|-1.875991|-0.100706|-31932906.350202|0.084215|-12.262043|-0.846692|0.563439|-21.600000|-10.000000|-11106212.912084|0.665431|-0.000000|-13.364686|-8.584420|-0.051290|0.140320|0.130658|16374.509649|-0.545988|-1.378323|-17.362333|-3.047623|0.310423|-3.906400|0.241959|-2.625907|-3316.346614|-108453337.192933|-80.398454|239770.303296|-0.000003|-466712.038535|-1.236610|0.038142|12.261138|-0.007455|-50.070472|-25.233334|0.120828|-1.378323|-283.391784
1457|-38774127.588214|5.282080|-1.875991|-25.400000|-7.479729|-19.126773|-2.738957|-16.747862|4573.600000|-1.875991|-0.100706|-38289568.708414|0.084215|-12.262043|-0.846929|0.819643|-15.600000|-10.000000|-11086262.928199|0.665431|-0.000000|-13.483790|-8.672024|-0.053387|0.134553|0.129600|19437.844009|-0.548484|-1.460004|-19.692385|-3.229144|0.310423|-3.257246|0.241959|-2.625907|-3316.724143|-108453337.192933|-70.997389|239770.303296|-0.000003|-466712.038535|-1.278794|0.036570|12.306243|-0.006966|-50.070472|-29.066667|0.120828|-1.460004|-283.391784
1458|-41815418.623104|4.948110|-1.875991|-24.600000|-7.479729|-19.126773|-2.738957|-16.747862|4694.200000|-1.875991|-0.100706|-41984839.283011|0.084215|-12.262043|-0.847180|1.031554|-19.600000|-10.000000|-11066706.022232|0.665431|-0.000000|-14.664742|-8.972738|-0.055484|0.129211|0.128221|22482.267710|-0.548482|-1.559346|-23.992179|-3.370904|0.310423|-2.029408|0.241959|-2.625907|-3316.348492|-108453337.192933|-59.307045|239770.303296|-0.000003|-466712.038535|-1.316672|0.027474|12.341753|-0.006472|-50.070472|-24.950000|0.120828|-1.559346|-283.391784
1459|-51990209.650000|4.750269|-1.875991|-23.600000|-7.479729|-19.126773|-2.738957|-16.747862|4694.200000|-1.966488|-0.100706|-52007816.788246|0.084215|-12.661421|-0.847173|1.194859|-19.600000|-10.000000|-11024172.746944|0.665431|-0.000000|-14.671835|-9.138755|-0.057581|0.123786|0.126717|24103.960311|-0.555092|-1.599264|-23.016521|-3.478207|0.310423|-1.847232|0.241934|-2.625907|-3314.885174|-108453337.192933|-91.918948|239770.303296|-0.000003|-466712.038535|-1.346723|0.015162|12.368286|-0.005979|-50.070472|-28.333334|0.120828|-1.599264|-283.391784
