900|nan|nan|nan|nan|nan|nan|nan|nan|nan|nan|nan|nan|nan|nan|nan|nan|nan|nan|nan|nan|nan|nan|nan|nan|nan|nan|nan|nan|nan|nan|nan|nan|nan|nan|nan|nan|nan|nan|nan|nan|nan|nan|nan|nan|nan|nan|nan|nan|nan|nan
901|nan|nan|nan|nan|nan|nan|nan|nan|nan|nan|nan|nan|nan|nan|nan|nan|nan|nan|nan|nan|nan|nan|nan|nan|nan|nan|nan|nan|nan|nan|nan|nan|nan|nan|nan|nan|nan|nan|nan|nan|nan|nan|nan|nan|nan|nan|nan|nan|nan|nan
902|nan|nan|nan|nan|nan|nan|nan|nan|nan|nan|nan|nan|nan|nan|nan|nan|nan|nan|nan|nan|nan|nan|nan|nan|nan|nan|nan|nan|nan|nan|nan|nan|nan|nan|nan|nan|nan|nan|nan|nan|nan|nan|nan|nan|nan|nan|nan|nan|nan|nan
903|nan|nan|nan|nan|nan|nan|nan|nan|nan|nan|nan|nan|nan|nan|nan|nan|nan|nan|nan|nan|nan|nan|nan|nan|nan|nan|nan|nan|nan|nan|nan|nan|nan|nan|nan|nan|nan|nan|nan|nan|nan|nan|nan|nan|nan|nan|nan|nan|nan|nan
904|nan|nan|nan|nan|nan|nan|nan|nan|nan|nan|nan|nan|nan|nan|nan|nan|nan|nan|nan|nan|nan|nan|nan|nan|nan|nan|nan|nan|nan|nan|nan|nan|nan|nan|nan|nan|nan|nan|nan|nan|nan|nan|nan|nan|nan|nan|nan|nan|nan|nan
905|nan|nan|nan|nan|nan|nan|nan|nan|nan|nan|nan|nan|nan|nan|nan|nan|nan|nan|nan|nan|nan|nan|nan|nan|nan|nan|nan|nan|nan|nan|nan|nan|nan|nan|nan|nan|nan|nan|nan|nan|nan|nan|nan|nan|nan|nan|nan|nan|nan|nan
906|nan|nan|nan|nan|nan|nan|nan|nan|nan|nan|nan|nan|nan|nan|nan|nan|nan|nan|nan|nan|nan|nan|nan|nan|nan|nan|nan|nan|nan|nan|nan|nan|nan|nan|nan|nan|nan|nan|nan|nan|nan|nan|nan|nan|nan|nan|nan|nan|nan|nan
907|nan|nan|nan|nan|nan|nan|nan|nan|nan|nan|nan|nan|nan|nan|nan|nan|nan|nan|nan|nan|nan|nan|nan|nan|nan|nan|nan|nan|nan|nan|nan|nan|nan|nan|nan|nan|nan|nan|nan|nan|nan|nan|nan|nan|nan|nan|nan|nan|nan|nan
908|nan|nan|nan|nan|nan|nan|nan|nan|nan|nan|nan|nan|nan|nan|nan|nan|nan|nan|nan|nan|nan|nan|nan|nan|nan|nan|nan|nan|nan|nan|nan|nan|nan|nan|nan|nan|nan|nan|nan|nan|nan|nan|nan|nan|nan|nan|nan|nan|nan|nan
909|nan|nan|nan|nan|nan|nan|nan|nan|nan|nan|nan|nan|nan|nan|nan|nan|nan|nan|nan|nan|nan|nan|nan|nan|nan|nan|nan|nan|nan|nan|nan|nan|nan|nan|nan|nan|nan|nan|nan|nan|nan|nan|nan|nan|nan|nan|nan|nan|nan|nan
910|nan|nan|nan|nan|nan|nan|nan|nan|nan|nan|nan|nan|nan|nan|nan|nan|nan|nan|nan|nan|nan|nan|nan|nan|nan|nan|nan|nan|nan|nan|nan|nan|nan|nan|nan|nan|nan|nan|nan|nan|nan|nan|nan|nan|nan|nan|nan|nan|nan|nan
911|nan|nan|nan|nan|nan|nan|nan|nan|nan|nan|nan|nan|nan|nan|nan|nan|nan|nan|nan|nan|nan|nan|nan|nan|nan|nan|nan|nan|nan|nan|nan|nan|nan|nan|nan|nan|nan|nan|nan|nan|nan|nan|nan|nan|nan|nan|nan|nan|nan|nan
912|nan|nan|nan|nan|nan|nan|nan|nan|nan|nan|nan|nan|nan|nan|nan|nan|nan|nan|nan|nan|nan|nan|nan|nan|nan|nan|nan|nan|nan|nan|nan|nan|nan|nan|nan|nan|nan|nan|nan|nan|nan|nan|nan|nan|nan|nan|nan|nan|nan|nan
913|nan|nan|nan|nan|nan|nan|nan|nan|nan|nan|nan|nan|nan|nan|nan|nan|nan|nan|nan|nan|nan|nan|nan|nan|nan|nan|nan|nan|nan|nan|nan|nan|nan|nan|nan|nan|nan|nan|nan|nan|nan|nan|nan|nan|nan|nan|nan|nan|nan|nan
914|nan|nan|nan|nan|nan|nan|nan|nan|nan|nan|nan|nan|nan|nan|nan|nan|nan|nan|nan|nan|nan|nan|nan|nan|nan|nan|nan|nan|nan|nan|nan|nan|nan|nan|nan|nan|nan|nan|nan|nan|nan|nan|nan|nan|nan|nan|nan|nan|nan|nan
915|nan|nan|nan|nan|nan|nan|nan|nan|nan|nan|nan|nan|nan|nan|nan|nan|nan|nan|nan|nan|nan|nan|nan|nan|nan|nan|nan|nan|nan|nan|nan|nan|nan|nan|nan|nan|nan|nan|nan|nan|nan|nan|nan|nan|nan|nan|nan|nan|nan|nan
916|nan|nan|nan|nan|nan|nan|nan|nan|nan|nan|nan|nan|nan|nan|nan|nan|nan|nan|nan|nan|nan|nan|nan|nan|nan|nan|nan|nan|nan|nan|nan|nan|nan|nan|nan|nan|nan|nan|nan|nan|nan|nan|nan|nan|nan|nan|nan|nan|nan|nan
917|nan|nan|nan|nan|nan|nan|nan|nan|nan|nan|nan|nan|nan|nan|nan|nan|nan|nan|nan|nan|nan|nan|nan|nan|nan|nan|nan|nan|nan|nan|nan|nan|nan|nan|nan|nan|nan|nan|nan|nan|nan|nan|nan|nan|nan|nan|nan|nan|nan|nan
918|nan|nan|nan|nan|nan|nan|nan|nan|nan|nan|nan|nan|nan|nan|nan|nan|nan|nan|nan|nan|nan|nan|nan|nan|nan|nan|nan|nan|nan|nan|nan|nan|nan|nan|nan|nan|nan|nan|nan|nan|nan|nan|nan|nan|nan|nan|nan|nan|nan|nan
919|nan|nan|nan|nan|nan|nan|nan|nan|nan|nan|nan|nan|nan|nan|nan|nan|nan|nan|nan|nan|nan|nan|nan|nan|nan|nan|nan|nan|nan|nan|nan|nan|nan|nan|nan|nan|nan|nan|nan|nan|nan|nan|nan|nan|nan|nan|nan|nan|nan|nan
920|nan|nan|nan|nan|nan|nan|nan|nan|nan|nan|nan|nan|nan|nan|nan|nan|nan|nan|nan|nan|nan|nan|nan|nan|nan|nan|nan|nan|nan|nan|nan|nan|nan|nan|nan|nan|nan|nan|nan|nan|nan|nan|nan|nan|nan|nan|nan|nan|nan|nan
921|nan|nan|nan|nan|nan|nan|nan|nan|nan|nan|nan|nan|nan|nan|nan|nan|nan|nan|nan|nan|nan|nan|nan|nan|nan|nan|nan|nan|nan|nan|nan|nan|nan|nan|nan|nan|nan|nan|nan|nan|nan|nan|nan|nan|nan|nan|nan|nan|nan|nan
922|nan|nan|nan|nan|nan|nan|nan|nan|nan|nan|nan|nan|nan|nan|nan|nan|nan|nan|nan|nan|nan|nan|nan|nan|nan|nan|nan|nan|nan|nan|nan|nan|nan|nan|nan|nan|nan|nan|nan|nan|nan|nan|nan|nan|nan|nan|nan|nan|nan|nan
923|nan|nan|nan|nan|nan|nan|nan|nan|nan|nan|nan|nan|nan|nan|nan|nan|nan|nan|nan|nan|nan|nan|nan|nan|nan|nan|nan|nan|nan|nan|nan|nan|nan|nan|nan|nan|nan|nan|nan|nan|nan|nan|nan|nan|nan|nan|nan|nan|nan|nan
924|nan|nan|nan|nan|nan|nan|nan|nan|nan|nan|nan|nan|nan|nan|nan|nan|nan|nan|nan|nan|nan|nan|nan|nan|nan|nan|nan|nan|nan|nan|nan|nan|nan|nan|nan|nan|nan|nan|nan|nan|nan|nan|nan|nan|nan|nan|nan|nan|nan|nan
925|nan|nan|nan|nan|nan|nan|nan|nan|nan|nan|nan|nan|nan|nan|nan|nan|nan|nan|nan|nan|nan|nan|nan|nan|nan|nan|nan|nan|nan|nan|nan|nan|nan|nan|nan|nan|nan|nan|nan|nan|nan|nan|nan|nan|nan|nan|nan|nan|nan|nan
926|nan|nan|nan|nan|nan|nan|nan|nan|nan|nan|nan|nan|nan|nan|nan|nan|nan|nan|nan|nan|nan|nan|nan|nan|nan|nan|nan|nan|nan|nan|nan|nan|nan|nan|nan|nan|nan|nan|nan|nan|nan|nan|nan|nan|nan|nan|nan|nan|nan|nan
927|nan|nan|nan|nan|nan|nan|nan|nan|nan|nan|nan|nan|nan|nan|nan|nan|nan|nan|nan|nan|nan|nan|nan|nan|nan|nan|nan|nan|nan|nan|nan|nan|nan|nan|nan|nan|nan|nan|nan|nan|nan|nan|nan|nan|nan|nan|nan|nan|nan|nan
928|nan|nan|nan|nan|nan|nan|nan|nan|nan|nan|nan|nan|nan|nan|nan|nan|nan|nan|nan|nan|nan|nan|nan|nan|nan|nan|nan|nan|nan|nan|nan|nan|nan|nan|nan|nan|nan|nan|nan|nan|nan|nan|nan|nan|nan|nan|nan|nan|nan|nan
929|nan|nan|nan|nan|nan|nan|nan|nan|nan|nan|nan|nan|nan|nan|nan|nan|nan|nan|nan|nan|nan|nan|nan|nan|nan|nan|nan|nan|nan|nan|nan|nan|nan|nan|nan|nan|nan|nan|nan|nan|nan|nan|nan|nan|nan|nan|nan|nan|nan|nan
930|nan|nan|nan|nan|nan|nan|nan|nan|nan|nan|nan|nan|nan|nan|nan|nan|nan|nan|nan|nan|nan|nan|nan|nan|nan|nan|nan|nan|nan|nan|nan|nan|nan|nan|nan|nan|nan|nan|nan|nan|nan|nan|nan|nan|nan|nan|nan|nan|nan|nan
931|nan|nan|nan|nan|nan|nan|nan|nan|nan|nan|nan|nan|nan|nan|nan|nan|nan|nan|nan|nan|nan|nan|nan|nan|nan|nan|nan|nan|nan|nan|nan|nan|nan|nan|nan|nan|nan|nan|nan|nan|nan|nan|nan|nan|nan|nan|nan|nan|nan|nan
932|nan|nan|nan|nan|nan|nan|nan|nan|nan|nan|nan|nan|nan|nan|nan|nan|nan|nan|nan|nan|nan|nan|nan|nan|nan|nan|nan|nan|nan|nan|nan|nan|nan|nan|nan|nan|nan|nan|nan|nan|nan|nan|nan|nan|nan|nan|nan|nan|nan|nan
933|nan|nan|nan|nan|nan|nan|nan|nan|nan|nan|nan|nan|nan|nan|nan|nan|nan|nan|nan|nan|nan|nan|nan|nan|nan|nan|nan|nan|nan|nan|nan|nan|nan|nan|nan|nan|nan|nan|nan|nan|nan|nan|nan|nan|nan|nan|nan|nan|nan|nan
934|nan|nan|nan|nan|nan|nan|nan|nan|nan|nan|nan|nan|nan|nan|nan|nan|nan|nan|nan|nan|nan|nan|nan|nan|nan|nan|nan|nan|nan|nan|nan|nan|nan|nan|nan|nan|nan|nan|nan|nan|nan|nan|nan|nan|nan|nan|nan|nan|nan|nan
935|nan|nan|nan|nan|nan|nan|nan|nan|nan|nan|nan|nan|nan|nan|nan|nan|nan|nan|nan|nan|nan|nan|nan|nan|nan|nan|nan|nan|nan|nan|nan|nan|nan|nan|nan|nan|nan|nan|nan|nan|nan|nan|nan|nan|nan|nan|nan|nan|nan|nan
936|nan|nan|nan|nan|nan|nan|nan|nan|nan|nan|nan|nan|nan|nan|nan|nan|nan|nan|nan|nan|nan|nan|nan|nan|nan|nan|nan|nan|nan|nan|nan|nan|nan|nan|nan|nan|nan|nan|nan|nan|nan|nan|nan|nan|nan|nan|nan|nan|nan|nan
937|nan|nan|nan|nan|nan|nan|nan|nan|nan|nan|nan|nan|nan|nan|nan|nan|nan|nan|nan|nan|nan|nan|nan|nan|nan|nan|nan|nan|nan|nan|nan|nan|nan|nan|nan|nan|nan|nan|nan|nan|nan|nan|nan|nan|nan|nan|nan|nan|nan|nan
938|nan|nan|nan|nan|nan|nan|nan|nan|nan|nan|nan|nan|nan|nan|nan|nan|nan|nan|nan|nan|nan|nan|nan|nan|nan|nan|nan|nan|nan|nan|nan|nan|nan|nan|nan|nan|nan|nan|nan|nan|nan|nan|nan|nan|nan|nan|nan|nan|nan|nan
939|nan|nan|nan|nan|nan|nan|nan|nan|nan|nan|nan|nan|nan|nan|nan|nan|nan|nan|nan|nan|nan|nan|nan|nan|nan|nan|nan|nan|nan|nan|nan|nan|nan|nan|nan|nan|nan|nan|nan|nan|nan|nan|nan|nan|nan|nan|nan|nan|nan|nan
940|nan|nan|nan|nan|nan|nan|nan|nan|nan|nan|nan|nan|nan|nan|nan|nan|nan|nan|nan|nan|nan|nan|nan|nan|nan|nan|nan|nan|nan|nan|nan|nan|nan|nan|nan|nan|nan|nan|nan|nan|nan|nan|nan|nan|nan|nan|nan|nan|nan|nan
941|nan|nan|nan|nan|nan|nan|nan|nan|nan|nan|nan|nan|nan|nan|nan|nan|nan|nan|nan|nan|nan|nan|nan|nan|nan|nan|nan|nan|nan|nan|nan|nan|nan|nan|nan|nan|nan|nan|nan|nan|nan|nan|nan|nan|nan|nan|nan|nan|nan|nan
942|nan|nan|nan|nan|nan|nan|nan|nan|nan|nan|nan|nan|nan|nan|nan|nan|nan|nan|nan|nan|nan|nan|nan|nan|nan|nan|nan|nan|nan|nan|nan|nan|nan|nan|nan|nan|nan|nan|nan|nan|nan|nan|nan|nan|nan|nan|nan|nan|nan|nan
943|nan|nan|nan|nan|nan|nan|nan|nan|nan|nan|nan|nan|nan|nan|nan|nan|nan|nan|nan|nan|nan|nan|nan|nan|nan|nan|nan|nan|nan|nan|nan|nan|nan|nan|nan|nan|nan|nan|nan|nan|nan|nan|nan|nan|nan|nan|nan|nan|nan|nan
944|nan|nan|nan|nan|nan|nan|nan|nan|nan|nan|nan|nan|nan|nan|nan|nan|nan|nan|nan|nan|nan|nan|nan|nan|nan|nan|nan|nan|nan|nan|nan|nan|nan|nan|nan|nan|nan|nan|nan|nan|nan|nan|nan|nan|nan|nan|nan|nan|nan|nan
945|nan|nan|nan|nan|nan|nan|nan|nan|nan|nan|nan|nan|nan|nan|nan|nan|nan|nan|nan|nan|nan|nan|nan|nan|nan|nan|nan|nan|nan|nan|nan|nan|nan|nan|nan|nan|nan|nan|nan|nan|nan|nan|nan|nan|nan|nan|nan|nan|nan|nan
946|nan|nan|nan|nan|nan|nan|nan|nan|nan|nan|nan|nan|nan|nan|nan|nan|nan|nan|nan|nan|nan|nan|nan|nan|nan|nan|nan|nan|nan|nan|nan|nan|nan|nan|nan|nan|nan|nan|nan|nan|nan|nan|nan|nan|nan|nan|nan|nan|nan|nan
947|nan|nan|nan|nan|nan|nan|nan|nan|nan|nan|nan|nan|nan|nan|nan|nan|nan|nan|nan|nan|nan|nan|nan|nan|nan|nan|nan|nan|nan|nan|nan|nan|nan|nan|nan|nan|nan|nan|nan|nan|nan|nan|nan|nan|nan|nan|nan|nan|nan|nan
948|nan|nan|nan|nan|nan|nan|nan|nan|nan|nan|nan|nan|nan|nan|nan|nan|nan|nan|nan|nan|nan|nan|nan|nan|nan|nan|nan|nan|nan|nan|nan|nan|nan|nan|nan|nan|nan|nan|nan|nan|nan|nan|nan|nan|nan|nan|nan|nan|nan|nan
949|nan|nan|nan|nan|nan|nan|nan|nan|nan|nan|nan|nan|nan|nan|nan|nan|nan|nan|nan|nan|nan|nan|nan|nan|nan|nan|nan|nan|nan|nan|nan|nan|nan|nan|nan|nan|nan|nan|nan|nan|nan|nan|nan|nan|nan|nan|nan|nan|nan|nan
950|nan|nan|nan|nan|nan|nan|nan|nan|nan|nan|nan|nan|nan|nan|nan|nan|nan|nan|nan|nan|nan|nan|nan|nan|nan|nan|nan|nan|nan|nan|nan|nan|nan|nan|nan|nan|nan|nan|nan|nan|nan|nan|nan|nan|nan|nan|nan|nan|nan|nan
951|nan|nan|nan|nan|nan|nan|nan|nan|nan|nan|nan|nan|nan|nan|nan|nan|nan|nan|nan|nan|nan|nan|nan|nan|nan|nan|nan|nan|nan|nan|nan|nan|nan|nan|nan|nan|nan|nan|nan|nan|nan|nan|nan|nan|nan|nan|nan|nan|nan|nan
952|nan|nan|nan|nan|nan|nan|nan|nan|nan|nan|nan|nan|nan|nan|nan|nan|nan|nan|nan|nan|nan|nan|nan|nan|nan|nan|nan|nan|nan|nan|nan|nan|nan|nan|nan|nan|nan|nan|nan|nan|nan|nan|nan|nan|nan|nan|nan|nan|nan|nan
953|nan|nan|nan|nan|nan|nan|nan|nan|nan|nan|nan|nan|nan|nan|nan|nan|nan|nan|nan|nan|nan|nan|nan|nan|nan|nan|nan|nan|nan|nan|nan|nan|nan|nan|nan|nan|nan|nan|nan|nan|nan|nan|nan|nan|nan|nan|nan|nan|nan|nan
954|nan|nan|nan|nan|nan|nan|nan|nan|nan|nan|nan|nan|nan|nan|nan|nan|nan|nan|nan|nan|nan|nan|nan|nan|nan|nan|nan|nan|nan|nan|nan|nan|nan|nan|nan|nan|nan|nan|nan|nan|nan|nan|nan|nan|nan|nan|nan|nan|nan|nan
955|nan|nan|nan|nan|nan|nan|nan|nan|nan|nan|nan|nan|nan|nan|nan|nan|nan|nan|nan|nan|nan|nan|nan|nan|nan|nan|nan|nan|nan|nan|nan|nan|nan|nan|nan|nan|nan|nan|nan|nan|nan|nan|nan|nan|nan|nan|nan|nan|nan|nan
956|nan|nan|nan|nan|nan|nan|nan|nan|nan|nan|nan|nan|nan|nan|nan|nan|nan|nan|nan|nan|nan|nan|nan|nan|nan|nan|nan|nan|nan|nan|nan|nan|nan|nan|nan|nan|nan|nan|nan|nan|nan|nan|nan|nan|nan|nan|nan|nan|nan|nan
957|nan|nan|nan|nan|nan|nan|nan|nan|nan|nan|nan|nan|nan|nan|nan|nan|nan|nan|nan|nan|nan|nan|nan|nan|nan|nan|nan|nan|nan|nan|nan|nan|nan|nan|nan|nan|nan|nan|nan|nan|nan|nan|nan|nan|nan|nan|nan|nan|nan|nan
958|nan|nan|nan|nan|nan|nan|nan|nan|nan|nan|nan|nan|nan|nan|nan|nan|nan|nan|nan|nan|nan|nan|nan|nan|nan|nan|nan|nan|nan|nan|nan|nan|nan|nan|nan|nan|nan|nan|nan|nan|nan|nan|nan|nan|nan|nan|nan|nan|nan|nan
959|nan|nan|nan|nan|nan|nan|nan|nan|nan|nan|nan|nan|nan|nan|nan|nan|nan|nan|nan|nan|nan|nan|nan|nan|nan|nan|nan|nan|nan|nan|nan|nan|nan|nan|nan|nan|nan|nan|nan|nan|nan|nan|nan|nan|nan|nan|nan|nan|nan|nan
1000|nan|nan|nan|nan|nan|nan|nan|nan|nan|nan|nan|nan|nan|nan|nan|nan|nan|nan|nan|nan|nan|nan|nan|nan|nan|nan|nan|nan|nan|nan|nan|nan|nan|nan|nan|nan|nan|nan|nan|nan|nan|nan|nan|nan|nan|nan|nan|nan|nan|nan
1001|nan|nan|nan|nan|nan|nan|nan|nan|nan|nan|nan|nan|nan|nan|nan|nan|nan|nan|nan|nan|nan|nan|nan|nan|nan|nan|nan|nan|nan|nan|nan|nan|nan|nan|nan|nan|nan|nan|nan|nan|nan|nan|nan|nan|nan|nan|nan|nan|nan|nan
1002|nan|nan|nan|nan|nan|nan|nan|nan|nan|nan|nan|nan|nan|nan|nan|nan|nan|nan|nan|nan|nan|nan|nan|nan|nan|nan|nan|nan|nan|nan|nan|nan|nan|nan|nan|nan|nan|nan|nan|nan|nan|nan|nan|nan|nan|nan|nan|nan|nan|nan
1003|nan|nan|nan|nan|nan|nan|nan|nan|nan|nan|nan|nan|nan|nan|nan|nan|nan|nan|nan|nan|nan|nan|nan|nan|nan|nan|nan|nan|nan|nan|nan|nan|nan|nan|nan|nan|nan|nan|nan|nan|nan|nan|nan|nan|nan|nan|nan|nan|nan|nan
1004|nan|nan|nan|nan|nan|nan|nan|nan|nan|nan|nan|nan|nan|nan|nan|nan|nan|nan|nan|nan|nan|nan|nan|nan|nan|nan|nan|nan|nan|nan|nan|nan|nan|nan|nan|nan|nan|nan|nan|nan|nan|nan|nan|nan|nan|nan|nan|nan|nan|nan
1005|nan|nan|nan|nan|nan|nan|nan|nan|nan|nan|nan|nan|nan|nan|nan|nan|nan|nan|nan|nan|nan|nan|nan|nan|nan|nan|nan|nan|nan|nan|nan|nan|nan|nan|nan|nan|nan|nan|nan|nan|nan|nan|nan|nan|nan|nan|nan|nan|nan|nan
1006|nan|nan|nan|nan|nan|nan|nan|nan|nan|nan|nan|nan|nan|nan|nan|nan|nan|nan|nan|nan|nan|nan|nan|nan|nan|nan|nan|nan|nan|nan|nan|nan|nan|nan|nan|nan|nan|nan|nan|nan|nan|nan|nan|nan|nan|nan|nan|nan|nan|nan
1007|nan|nan|nan|nan|nan|nan|nan|nan|nan|nan|nan|nan|nan|nan|nan|nan|nan|nan|nan|nan|nan|nan|nan|nan|nan|nan|nan|nan|nan|nan|nan|nan|nan|nan|nan|nan|nan|nan|nan|nan|nan|nan|nan|nan|nan|nan|nan|nan|nan|nan
1008|nan|nan|nan|nan|nan|nan|nan|nan|nan|nan|nan|nan|nan|nan|nan|nan|nan|nan|nan|nan|nan|nan|nan|nan|nan|nan|nan|nan|nan|nan|nan|nan|nan|nan|nan|nan|nan|nan|nan|nan|nan|nan|nan|nan|nan|nan|nan|nan|nan|nan
1009|nan|nan|nan|nan|nan|nan|nan|nan|nan|nan|nan|nan|nan|nan|nan|nan|nan|nan|nan|nan|nan|nan|nan|nan|nan|nan|nan|nan|nan|nan|nan|nan|nan|nan|nan|nan|nan|nan|nan|nan|nan|nan|nan|nan|nan|nan|nan|nan|nan|nan
1010|nan|nan|nan|nan|nan|nan|nan|nan|nan|nan|nan|nan|nan|nan|nan|nan|nan|nan|nan|nan|nan|nan|nan|nan|nan|nan|nan|nan|nan|nan|nan|nan|nan|nan|nan|nan|nan|nan|nan|nan|nan|nan|nan|nan|nan|nan|nan|nan|nan|nan
1011|nan|nan|nan|nan|nan|nan|nan|nan|nan|nan|nan|nan|nan|nan|nan|nan|nan|nan|nan|nan|nan|nan|nan|nan|nan|nan|nan|nan|nan|nan|nan|nan|nan|nan|nan|nan|nan|nan|nan|nan|nan|nan|nan|nan|nan|nan|nan|nan|nan|nan
1012|nan|nan|nan|nan|nan|nan|nan|nan|nan|nan|nan|nan|nan|nan|nan|nan|nan|nan|nan|nan|nan|nan|nan|nan|nan|nan|nan|nan|nan|nan|nan|nan|nan|nan|nan|nan|nan|nan|nan|nan|nan|nan|nan|nan|nan|nan|nan|nan|nan|nan
1013|nan|nan|nan|nan|nan|nan|nan|nan|nan|nan|nan|nan|nan|nan|nan|nan|nan|nan|nan|nan|nan|nan|nan|nan|nan|nan|nan|nan|nan|nan|nan|nan|nan|nan|nan|nan|nan|nan|nan|nan|nan|nan|nan|nan|nan|nan|nan|nan|nan|nan
1014|nan|nan|nan|nan|nan|nan|nan|nan|nan|nan|nan|nan|nan|nan|nan|nan|nan|nan|nan|nan|nan|nan|nan|nan|nan|nan|nan|nan|nan|24.791197|nan|nan|nan|nan|nan|nan|nan|nan|nan|nan|nan|nan|nan|nan|nan|nan|nan|nan|nan|nan
1030|nan|nan|nan|nan|nan|nan|nan|nan|nan|nan|nan|nan|nan|nan|nan|nan|nan|nan|nan|nan|nan|nan|nan|nan|nan|nan|nan|nan|nan|0.088697|nan|nan|nan|nan|nan|nan|nan|nan|nan|nan|nan|nan|nan|nan|nan|nan|nan|nan|nan|nan
1031|nan|nan|nan|nan|nan|nan|nan|nan|nan|nan|nan|nan|nan|nan|nan|nan|nan|nan|nan|nan|nan|nan|nan|nan|nan|nan|nan|nan|nan|-25.768431|nan|nan|nan|nan|nan|nan|nan|nan|nan|nan|nan|nan|nan|nan|nan|nan|nan|nan|nan|nan
1032|nan|nan|nan|nan|nan|nan|nan|nan|nan|nan|nan|nan|nan|nan|nan|nan|nan|nan|nan|nan|nan|nan|nan|nan|nan|nan|nan|nan|nan|-91.217948|nan|nan|nan|nan|nan|nan|nan|nan|nan|nan|nan|nan|nan|nan|nan|nan|nan|nan|nan|nan
1033|nan|nan|nan|nan|nan|nan|nan|nan|nan|nan|nan|nan|nan|nan|nan|nan|nan|nan|nan|nan|nan|nan|nan|nan|nan|nan|nan|nan|nan|-49.728955|nan|nan|nan|nan|nan|nan|nan|nan|nan|nan|nan|nan|nan|nan|nan|nan|nan|nan|nan|nan
1034|nan|nan|nan|nan|nan|nan|nan|nan|nan|nan|nan|nan|nan|nan|nan|nan|nan|nan|nan|nan|nan|nan|nan|nan|nan|nan|nan|nan|nan|-33.753565|nan|nan|nan|nan|nan|nan|nan|nan|nan|nan|nan|nan|nan|nan|nan|nan|nan|nan|nan|nan
1035|nan|nan|nan|nan|nan|nan|nan|nan|nan|nan|nan|nan|nan|nan|nan|nan|nan|nan|nan|nan|nan|nan|nan|nan|nan|nan|nan|nan|nan|-24.306713|nan|nan|nan|nan|nan|nan|nan|nan|nan|nan|nan|nan|nan|nan|nan|nan|nan|nan|nan|nan
1036|nan|nan|nan|nan|nan|nan|nan|nan|nan|nan|nan|nan|nan|nan|nan|nan|nan|nan|nan|nan|nan|nan|nan|nan|nan|nan|nan|nan|nan|-19.148718|nan|nan|nan|nan|nan|nan|nan|nan|nan|nan|nan|nan|nan|nan|nan|nan|nan|nan|nan|nan
1037|nan|nan|nan|nan|nan|nan|nan|nan|nan|nan|nan|nan|nan|nan|nan|nan|nan|nan|nan|nan|nan|nan|nan|nan|nan|nan|nan|nan|nan|-18.986925|nan|nan|nan|nan|nan|nan|nan|nan|nan|nan|nan|nan|nan|nan|nan|nan|nan|nan|nan|nan
1038|nan|nan|nan|nan|nan|nan|nan|nan|nan|nan|nan|nan|nan|nan|nan|nan|nan|nan|nan|nan|nan|nan|nan|nan|nan|nan|nan|nan|nan|-15.249606|nan|nan|nan|nan|nan|nan|nan|nan|nan|nan|nan|nan|nan|nan|nan|nan|nan|nan|nan|nan
1039|nan|nan|nan|nan|nan|nan|nan|nan|nan|nan|nan|nan|nan|nan|nan|nan|nan|nan|nan|nan|nan|nan|nan|nan|nan|nan|nan|nan|nan|-10.401493|nan|nan|nan|nan|nan|nan|nan|nan|nan|nan|nan|nan|nan|nan|nan|nan|nan|nan|nan|nan
1040|nan|nan|nan|nan|nan|nan|nan|nan|nan|nan|nan|nan|nan|nan|nan|nan|nan|nan|nan|nan|nan|nan|nan|nan|nan|nan|nan|nan|nan|-4.627091|nan|nan|nan|nan|nan|nan|nan|nan|nan|nan|nan|nan|nan|nan|nan|nan|nan|nan|nan|nan
1041|nan|nan|nan|nan|nan|nan|nan|nan|nan|nan|nan|nan|nan|nan|nan|nan|nan|nan|nan|nan|nan|nan|nan|nan|nan|nan|nan|nan|nan|-8.933205|nan|nan|nan|nan|nan|nan|nan|nan|nan|nan|nan|nan|nan|nan|nan|nan|nan|nan|nan|nan
1042|nan|nan|nan|nan|nan|nan|nan|nan|nan|nan|nan|nan|nan|nan|nan|nan|nan|nan|nan|nan|nan|nan|nan|nan|nan|nan|nan|nan|nan|-12.747690|nan|nan|nan|nan|nan|nan|nan|nan|nan|nan|nan|nan|nan|nan|nan|nan|nan|nan|nan|nan
1043|nan|nan|nan|nan|nan|nan|nan|nan|nan|nan|nan|nan|nan|nan|nan|nan|nan|nan|nan|nan|nan|nan|nan|nan|nan|nan|nan|nan|nan|-9.050623|nan|nan|nan|nan|nan|nan|nan|nan|nan|nan|nan|nan|nan|nan|nan|nan|nan|nan|nan|nan
1044|nan|nan|nan|nan|nan|nan|nan|nan|nan|nan|nan|nan|nan|nan|nan|nan|nan|nan|nan|nan|nan|nan|nan|nan|nan|nan|nan|nan|nan|-11.227927|nan|0.415384|nan|nan|nan|-1622.587110|nan|nan|nan|nan|-179878.070409|nan|nan|5.502028|nan|-30.304491|nan|-0.152000|nan|nan
1045|nan|nan|nan|nan|nan|nan|nan|nan|nan|nan|nan|nan|nan|nan|nan|nan|nan|nan|nan|nan|nan|nan|nan|nan|nan|nan|nan|nan|nan|-9.242607|nan|0.415384|nan|nan|nan|-1621.982178|nan|nan|nan|nan|-179878.070409|nan|nan|5.525058|nan|-30.304491|nan|-0.152000|nan|nan
1046|nan|nan|nan|nan|nan|nan|nan|nan|nan|nan|nan|nan|nan|nan|nan|nan|nan|nan|nan|nan|nan|nan|nan|nan|nan|nan|nan|nan|nan|-8.729128|nan|0.415384|nan|nan|nan|-1621.801179|nan|nan|nan|nan|-179878.070409|nan|nan|5.544730|nan|-30.304491|nan|-0.152000|nan|nan
1047|nan|nan|nan|nan|nan|nan|nan|nan|nan|nan|nan|nan|nan|nan|nan|nan|nan|nan|nan|nan|nan|nan|nan|nan|nan|nan|nan|nan|nan|-8.269701|nan|0.415384|nan|nan|nan|-1621.726544|nan|nan|nan|nan|-179878.070409|nan|nan|5.555568|nan|-30.304491|nan|-0.152000|nan|nan
1048|nan|nan|nan|nan|nan|nan|nan|nan|nan|nan|nan|nan|nan|nan|nan|nan|nan|nan|nan|nan|nan|nan|nan|nan|nan|nan|nan|nan|nan|-7.856216|nan|0.415384|nan|nan|nan|-1620.487130|nan|nan|nan|nan|-179878.070409|nan|nan|5.647920|nan|-30.304491|nan|-0.152000|nan|nan
1049|nan|nan|nan|nan|nan|nan|nan|nan|nan|nan|nan|nan|nan|nan|nan|nan|nan|nan|nan|nan|nan|nan|nan|nan|nan|nan|nan|nan|nan|-2.782437|nan|0.415384|nan|nan|nan|-1620.988353|nan|nan|nan|nan|-179878.070409|nan|nan|5.761985|nan|-30.304491|nan|-0.152000|nan|nan
1050|nan|nan|nan|nan|nan|nan|nan|nan|nan|nan|nan|nan|nan|nan|nan|nan|nan|nan|nan|nan|nan|nan|nan|nan|nan|nan|nan|nan|nan|-2.655963|nan|0.415384|nan|nan|nan|-1621.856986|nan|nan|nan|nan|-179878.070409|nan|nan|5.882227|nan|-30.304491|nan|-0.152000|nan|nan
1051|nan|nan|nan|nan|nan|nan|nan|nan|nan|nan|nan|nan|nan|nan|nan|nan|nan|nan|nan|nan|nan|nan|nan|nan|nan|nan|nan|nan|nan|-1.432419|nan|0.415384|nan|nan|nan|-1621.781035|nan|nan|nan|nan|-179878.070409|nan|nan|5.994825|nan|-30.304491|nan|-0.152000|nan|nan
1052|nan|nan|nan|nan|nan|nan|nan|nan|nan|nan|nan|nan|nan|nan|nan|nan|nan|nan|nan|nan|nan|nan|nan|nan|nan|nan|nan|nan|nan|-1.372734|nan|0.415384|nan|nan|nan|-1622.632035|nan|nan|nan|nan|-179878.070409|nan|nan|6.104061|nan|-30.304491|nan|-0.152000|nan|nan
1053|nan|nan|nan|nan|nan|nan|nan|nan|nan|nan|nan|nan|nan|nan|nan|nan|nan|nan|nan|nan|nan|nan|nan|nan|nan|nan|nan|nan|nan|-5.481329|nan|0.415384|nan|nan|nan|-1622.016529|nan|nan|nan|nan|-179878.070409|nan|nan|6.218623|nan|-30.304491|nan|-0.152000|nan|nan
1054|nan|nan|nan|nan|nan|nan|nan|nan|nan|nan|nan|nan|nan|nan|nan|nan|nan|nan|nan|nan|nan|nan|nan|nan|nan|nan|nan|nan|nan|-4.263035|nan|0.415384|nan|nan|nan|-1622.048037|nan|nan|nan|nan|-179878.070409|nan|nan|6.339629|nan|-30.304491|nan|-0.152000|nan|nan
1055|nan|nan|nan|nan|nan|nan|nan|nan|nan|nan|nan|nan|nan|nan|nan|nan|nan|nan|nan|nan|nan|nan|nan|nan|nan|nan|nan|nan|nan|-4.105145|nan|0.415384|nan|nan|nan|-1622.039733|nan|nan|nan|nan|-179878.070409|nan|nan|6.463743|nan|-30.304491|nan|-0.152000|nan|nan
1056|nan|nan|nan|nan|nan|nan|nan|nan|nan|nan|nan|nan|nan|nan|nan|nan|nan|nan|nan|nan|nan|nan|nan|nan|nan|nan|nan|nan|nan|-5.841689|nan|0.415384|nan|nan|nan|-1621.874365|nan|nan|nan|nan|-179878.070409|nan|nan|6.592741|nan|-30.304491|nan|-0.152000|nan|nan
1057|nan|nan|nan|nan|nan|nan|nan|nan|nan|nan|nan|nan|nan|nan|nan|nan|nan|nan|nan|nan|nan|nan|nan|nan|nan|nan|nan|nan|nan|-4.729728|nan|0.415384|nan|nan|nan|-1621.652866|nan|nan|nan|nan|-179878.070409|nan|nan|6.719244|nan|-30.304491|nan|-0.152000|nan|nan
1058|nan|nan|nan|nan|nan|nan|nan|nan|nan|nan|nan|nan|nan|nan|nan|nan|nan|nan|nan|nan|nan|nan|nan|nan|nan|nan|nan|nan|nan|-2.813461|nan|0.415384|nan|nan|nan|-1621.654529|nan|nan|nan|nan|-179878.070409|nan|nan|6.839718|nan|-30.304491|nan|-0.152000|nan|nan
1059|nan|nan|nan|nan|nan|nan|nan|nan|nan|nan|nan|nan|nan|nan|nan|nan|nan|nan|nan|nan|nan|nan|nan|nan|-0.107685|nan|nan|nan|nan|-2.722705|nan|0.415384|nan|nan|nan|-1622.047026|nan|nan|nan|nan|-179878.070409|nan|nan|6.956791|nan|-30.304491|nan|-0.152000|nan|-331.195335
1100|nan|nan|nan|nan|nan|nan|nan|nan|nan|nan|nan|nan|nan|nan|nan|nan|nan|nan|nan|nan|nan|nan|nan|nan|-0.100713|nan|nan|nan|nan|-4.272695|nan|0.415384|nan|nan|nan|-1623.256791|nan|nan|nan|nan|-179878.070409|nan|nan|7.081698|nan|-30.304491|nan|-0.152000|nan|-331.195335
1101|nan|nan|nan|nan|nan|nan|nan|nan|nan|nan|nan|nan|nan|nan|nan|nan|nan|nan|nan|nan|nan|nan|nan|nan|-0.095647|nan|nan|nan|nan|-4.143219|nan|0.415384|nan|nan|nan|-1621.430666|nan|nan|nan|nan|-187279.768415|nan|nan|7.208927|nan|-30.304491|nan|-0.152000|nan|-331.195335
1102|nan|nan|nan|nan|nan|nan|nan|nan|nan|nan|nan|nan|nan|nan|nan|nan|nan|nan|nan|nan|nan|nan|nan|nan|-0.092172|nan|nan|nan|nan|-4.780251|nan|0.415384|nan|nan|nan|-1622.455271|nan|nan|nan|nan|-187279.768415|nan|nan|7.331292|nan|-30.304491|nan|-0.152000|nan|-331.195335
1103|nan|nan|nan|nan|nan|nan|nan|nan|nan|nan|nan|nan|nan|nan|nan|nan|nan|nan|nan|nan|nan|nan|nan|nan|-0.089042|nan|nan|nan|nan|-3.183450|nan|0.415384|nan|nan|nan|-1621.376771|nan|nan|nan|nan|-187279.768415|nan|nan|7.441032|nan|-30.304491|nan|-0.152000|nan|-331.195335
1104|nan|nan|nan|nan|nan|nan|nan|nan|nan|nan|nan|nan|nan|nan|nan|nan|nan|nan|nan|nan|nan|nan|nan|nan|-0.085113|nan|nan|nan|nan|-3.095020|nan|0.415384|nan|nan|nan|-1622.384947|nan|nan|nan|nan|-187279.768415|nan|nan|7.537346|nan|-30.304491|nan|-0.152000|nan|-331.195335
1105|nan|nan|nan|nan|nan|nan|nan|nan|nan|nan|nan|nan|nan|nan|nan|nan|nan|nan|nan|nan|nan|nan|nan|nan|-0.080519|nan|nan|nan|nan|-4.363458|nan|0.415384|nan|nan|nan|-1621.995796|nan|nan|nan|nan|-187279.768415|nan|nan|7.622567|nan|-30.304491|nan|-0.152000|nan|-331.195335
1106|nan|nan|nan|nan|nan|nan|nan|nan|nan|nan|nan|nan|nan|nan|nan|nan|nan|nan|nan|nan|nan|nan|nan|nan|-0.075474|nan|nan|nan|nan|-3.597320|nan|0.415384|nan|nan|nan|-1621.838246|nan|nan|nan|nan|-187279.768415|nan|nan|7.699848|nan|-30.304491|nan|-0.152000|nan|-331.195335
1107|nan|nan|nan|nan|nan|nan|nan|nan|nan|nan|nan|nan|nan|nan|nan|nan|nan|nan|nan|nan|nan|nan|nan|nan|-0.071181|nan|nan|nan|nan|-3.505081|nan|0.415384|nan|nan|nan|-1620.716311|nan|nan|nan|nan|-187279.768415|nan|nan|7.787753|nan|-30.304491|nan|-0.152000|nan|-331.195335
1108|nan|nan|nan|nan|nan|nan|nan|nan|nan|nan|nan|nan|nan|nan|nan|nan|nan|nan|nan|nan|nan|nan|nan|nan|-0.070323|nan|nan|nan|nan|-3.417454|nan|0.415384|nan|nan|nan|-1621.135350|nan|nan|nan|nan|-187279.768415|nan|nan|7.888813|nan|-30.304491|nan|-0.152000|nan|-681.988365
1109|nan|nan|nan|nan|nan|nan|nan|nan|nan|nan|nan|nan|nan|nan|nan|nan|nan|nan|nan|nan|nan|nan|nan|nan|-0.068748|nan|nan|nan|nan|-3.334102|nan|0.415384|nan|nan|nan|-1621.151633|nan|nan|nan|nan|-187279.768415|nan|nan|8.003750|nan|-30.304491|nan|-0.152000|nan|-681.988365
1110|nan|nan|nan|nan|nan|nan|nan|nan|nan|nan|nan|nan|nan|nan|nan|nan|nan|nan|nan|nan|nan|nan|nan|nan|-0.066332|nan|nan|nan|nan|-3.816427|nan|0.415384|nan|nan|nan|-1621.766592|nan|nan|nan|nan|-187279.768415|nan|nan|8.129723|nan|-30.304491|nan|-0.152000|nan|-681.988365
1111|nan|nan|nan|nan|nan|nan|nan|nan|nan|nan|nan|nan|nan|nan|nan|nan|nan|nan|nan|nan|nan|nan|nan|nan|-0.064090|nan|nan|nan|nan|-3.727673|nan|0.415384|nan|nan|nan|-1621.362925|nan|nan|nan|nan|-187279.768415|nan|nan|8.262663|nan|-30.304491|nan|-0.152000|nan|-681.988365
1112|nan|nan|nan|nan|nan|nan|nan|nan|nan|nan|nan|nan|nan|nan|nan|nan|nan|nan|nan|nan|nan|nan|nan|nan|-0.060423|nan|nan|nan|nan|-4.167673|nan|0.415384|nan|nan|nan|-1621.982452|nan|nan|nan|nan|-187279.768415|nan|nan|8.400361|nan|-30.304491|nan|-0.152000|nan|-681.988365
1113|nan|nan|nan|nan|nan|nan|nan|nan|nan|nan|nan|nan|nan|nan|nan|nan|nan|nan|nan|nan|nan|nan|nan|nan|-0.057065|nan|nan|nan|nan|-4.075058|nan|0.415384|nan|nan|nan|-1621.206887|nan|nan|nan|nan|-187279.768415|nan|nan|8.540680|nan|-30.304491|nan|-0.152000|nan|-681.988365
1114|nan|nan|nan|nan|nan|nan|nan|nan|1663.600000|nan|nan|-41002717.587048|nan|nan|nan|nan|nan|nan|nan|nan|nan|nan|nan|nan|-0.053914|nan|nan|nan|nan|-3.986470|nan|0.415384|nan|nan|nan|-1622.160197|nan|nan|nan|nan|-187279.768415|nan|nan|8.683550|nan|-30.304491|nan|-0.152000|nan|-681.988365
1115|nan|nan|nan|nan|nan|nan|nan|nan|1663.600000|nan|nan|-39052251.804180|nan|nan|nan|nan|nan|nan|nan|nan|nan|nan|nan|nan|-0.052384|nan|nan|nan|nan|-2.475151|nan|0.415384|nan|nan|nan|-1621.458814|nan|nan|nan|nan|-187279.768415|nan|nan|8.830484|nan|-30.304491|nan|-0.152000|nan|-681.988365
1116|nan|nan|nan|nan|nan|nan|nan|nan|1663.600000|nan|nan|-39262059.834132|nan|nan|nan|nan|nan|nan|nan|nan|nan|nan|nan|nan|-0.050167|nan|nan|nan|nan|-2.883882|nan|0.519517|nan|nan|nan|-1622.866714|nan|nan|nan|nan|-187279.768415|nan|nan|8.983162|nan|-30.304491|nan|-0.152000|nan|-681.988365
1117|nan|nan|nan|nan|nan|nan|nan|nan|-299.200000|nan|nan|-39308431.804178|nan|nan|nan|nan|nan|nan|nan|nan|nan|nan|nan|nan|-0.048131|nan|nan|nan|nan|-2.825028|nan|0.519517|nan|nan|nan|-1621.851186|nan|nan|nan|nan|-226218.213755|nan|nan|9.137988|nan|-30.304491|nan|-0.152000|nan|-681.988365
1118|nan|nan|nan|nan|nan|nan|nan|nan|-299.200000|nan|nan|-38993361.777152|nan|nan|nan|nan|nan|nan|nan|nan|nan|nan|nan|nan|-0.043364|nan|nan|nan|nan|-2.768527|nan|0.519517|nan|nan|nan|-1622.281680|nan|nan|nan|nan|-226218.213755|nan|nan|9.294931|nan|-30.304491|nan|-0.152000|nan|-681.988365
1119|nan|nan|nan|nan|nan|nan|nan|nan|-299.200000|nan|nan|-41611800.868794|nan|nan|nan|nan|nan|nan|nan|nan|nan|nan|nan|0.144062|-0.039811|nan|nan|nan|nan|-2.714242|nan|0.519517|nan|nan|nan|-1621.513842|nan|nan|nan|nan|-226218.213755|nan|nan|9.453498|nan|-30.304491|nan|-0.152000|nan|-681.988365
1120|nan|nan|nan|nan|nan|nan|nan|nan|-299.200000|nan|nan|-44122112.192139|nan|nan|nan|nan|nan|nan|nan|nan|nan|nan|nan|0.118334|-0.037250|nan|nan|nan|nan|-2.662045|nan|0.519517|nan|nan|nan|-1621.686485|nan|nan|nan|nan|-226218.213755|nan|nan|9.613045|nan|-30.304491|nan|-0.152000|nan|-681.988365
1121|nan|nan|nan|nan|nan|nan|nan|nan|-299.200000|nan|nan|-46539863.517830|nan|nan|nan|nan|nan|nan|nan|nan|nan|nan|nan|0.109758|-0.033579|nan|nan|nan|nan|-1.080242|nan|0.519517|nan|nan|nan|-1621.962458|nan|nan|nan|nan|-226218.213755|nan|nan|9.773061|nan|-30.304491|nan|-0.094944|nan|-681.988365
1122|nan|nan|nan|nan|nan|nan|nan|nan|-299.200000|nan|nan|-47174851.065338|nan|nan|nan|nan|nan|nan|nan|nan|nan|nan|nan|0.102469|-0.031633|nan|nan|nan|nan|3.335437|nan|0.519517|nan|nan|nan|-1621.865370|nan|nan|nan|nan|-226218.213755|nan|nan|9.924934|nan|-30.304491|nan|-0.063875|nan|-681.988365
1123|nan|nan|nan|nan|nan|nan|nan|nan|-299.200000|nan|nan|-51606046.968864|nan|nan|nan|nan|nan|nan|nan|nan|nan|nan|nan|0.077178|-0.028633|nan|nan|nan|nan|3.274793|nan|0.519517|nan|nan|nan|-1621.897094|nan|nan|nan|nan|-226218.213755|nan|nan|10.069139|nan|-30.304491|nan|0.000527|nan|-681.988365
1124|nan|nan|nan|-7.000000|nan|nan|nan|nan|-299.200000|nan|nan|-54290021.238284|nan|nan|nan|nan|nan|nan|nan|nan|nan|nan|nan|0.056309|-0.024673|nan|nan|nan|nan|2.553694|nan|0.519517|nan|nan|nan|-1622.633169|nan|nan|nan|nan|-226218.213755|nan|nan|10.206274|nan|-30.304491|nan|0.031596|nan|-681.988365
1125|nan|nan|nan|-7.200000|nan|nan|nan|nan|-299.200000|nan|nan|-52787480.138525|nan|nan|nan|nan|nan|nan|nan|nan|nan|nan|nan|0.035323|-0.022352|nan|nan|nan|nan|1.568168|nan|0.519517|nan|nan|nan|-1619.679683|nan|nan|nan|nan|-226218.213755|nan|nan|10.336875|nan|-30.304491|nan|0.031596|nan|-681.988365
1126|nan|nan|nan|-7.600000|nan|nan|nan|nan|-299.200000|nan|nan|-49315843.748240|nan|nan|nan|nan|nan|nan|nan|nan|nan|nan|nan|0.019583|-0.018401|nan|nan|nan|nan|-2.012882|nan|0.519517|nan|nan|nan|-1622.256218|nan|nan|nan|nan|-226218.213755|nan|nan|10.462100|nan|-30.304491|nan|0.031596|nan|-681.988365
1127|nan|nan|nan|-8.800000|nan|nan|nan|nan|-299.200000|nan|nan|-51728928.837777|nan|nan|nan|nan|nan|nan|nan|nan|nan|nan|nan|0.007341|-0.016027|nan|nan|nan|nan|-3.096395|nan|0.519517|nan|nan|nan|-1622.310652|nan|nan|nan|nan|-226218.213755|nan|nan|10.582091|nan|-30.304491|nan|0.031596|nan|-681.988365
1128|nan|nan|nan|-9.800000|nan|nan|nan|nan|-299.200000|nan|nan|-52240373.905228|nan|nan|nan|nan|nan|nan|nan|nan|nan|nan|nan|-0.002453|-0.014582|nan|nan|nan|nan|-3.044789|nan|0.519517|nan|nan|nan|-1621.792760|nan|nan|nan|nan|-226218.213755|nan|nan|10.697156|nan|-30.304491|nan|0.031596|nan|-681.988365
1129|-51774948.536032|nan|nan|-10.600000|nan|nan|nan|-7.797262|-299.200000|-1.524707|-0.168509|-53720829.767717|nan|nan|nan|nan|-5.000000|nan|-7331870.767208|nan|nan|nan|nan|-0.010466|-0.013954|nan|nan|-0.332314|nan|-3.708171|nan|0.519517|-0.536047|-0.332007|-1.524707|-1621.833611|-914879213.373649|nan|173263.453380|nan|-226218.213755|nan|nan|10.925269|nan|-30.304491|-14.825000|0.031596|nan|-681.988365
1330|-60417650.849999|nan|nan|-11.400000|nan|nan|nan|-7.797262|-299.200000|-1.524707|-0.168509|-61554721.963231|nan|nan|nan|nan|-1.200000|nan|-7312745.356390|nan|nan|nan|nan|-0.017144|-0.012324|nan|nan|-0.331346|nan|-6.137209|nan|0.519517|-0.596897|-0.324927|-1.524707|-1622.559177|-914879213.373649|nan|173263.453380|nan|-226218.213755|nan|nan|11.152716|nan|-30.304491|-20.825000|0.031596|nan|-681.988365
1331|-63083539.886506|nan|nan|-11.600000|nan|nan|nan|-7.797262|-299.200000|-1.524707|-0.168509|-63826817.248156|nan|nan|nan|nan|-9.600000|nan|-7305905.700582|0.769075|nan|nan|nan|-0.022794|-0.009802|nan|nan|-0.327248|nan|-4.401150|nan|0.519517|-0.697604|-0.320963|-1.524707|-1621.466214|-914879213.373649|nan|173263.453380|nan|-226218.213755|nan|nan|11.379073|nan|-30.304491|-16.825000|0.031596|nan|-681.988365
1332|-72240981.900000|nan|nan|-12.400000|nan|nan|nan|-7.797262|-299.200000|-1.524707|-0.168509|-72141319.679082|nan|nan|nan|nan|-6.800000|nan|-7288628.824537|0.769075|nan|nan|nan|-0.031689|-0.005880|nan|nan|-0.323095|nan|-0.232617|nan|0.519517|-0.723481|-0.318638|-1.524707|-1622.143262|-914879213.373649|nan|173263.453380|nan|-226218.213755|nan|nan|11.604907|nan|-30.304491|-18.825000|0.031596|nan|-681.988365
1333|-76528709.670628|nan|nan|-13.600000|nan|nan|nan|-11.292909|-299.200000|-1.524707|-0.168509|-75804142.434661|nan|nan|nan|nan|-13.800000|nan|-7282370.519178|0.769075|nan|nan|nan|-0.040646|-0.003435|nan|nan|-0.319416|nan|-1.388149|nan|0.519517|-0.723481|-0.318638|-1.524707|-1620.393179|-914879213.373649|nan|173263.453380|nan|-226218.213755|nan|nan|11.819606|nan|-30.304491|-16.825000|0.031596|nan|-681.988365
1334|-79431366.223742|3.812500|nan|-14.800000|nan|nan|nan|-11.292909|-299.200000|-1.524707|-0.168509|-78042789.578289|nan|nan|nan|nan|-12.600000|nan|-7277359.040861|0.769075|nan|nan|nan|-0.048483|-0.001801|nan|nan|-0.315654|nan|-1.973425|nan|0.519517|-0.723481|-0.318638|-1.524707|-1621.517376|-914879213.373649|nan|173263.453380|nan|-226218.213755|nan|nan|12.027106|nan|-29.607561|-14.825000|0.031596|nan|-681.988365
1335|-79661611.362596|0.219792|nan|-16.400000|nan|nan|nan|-11.292909|-299.200000|-1.524707|-0.168509|-77716371.940725|nan|nan|nan|nan|-13.400000|nan|-7278153.172101|0.769075|nan|nan|nan|-0.055398|-0.000441|nan|nan|-0.316419|nan|-2.169208|nan|0.519517|-1.524707|-0.317951|-1.524707|-1620.918912|-914879213.373649|nan|173263.453380|nan|-226218.213755|nan|nan|12.227833|nan|-28.910630|-16.825000|0.031596|nan|-681.988365
1336|-80738029.662520|-1.022917|nan|-17.600000|nan|nan|nan|-11.292909|-299.200000|-1.524707|-0.168509|-79044208.227986|nan|nan|nan|nan|-9.600000|nan|-7273624.261423|0.769075|nan|nan|nan|-0.060968|0.001202|nan|nan|-0.316351|nan|-2.774779|nan|0.519517|-1.524707|-0.316511|-1.524707|-1621.935344|-914879213.373649|nan|173263.453380|nan|-226218.213755|nan|nan|12.422668|nan|-28.213700|-16.825000|0.031596|nan|-681.988365
1337|-82151702.186354|-0.106771|nan|-18.000000|nan|nan|nan|-11.292909|-299.200000|-1.524707|-0.168509|-80267674.848301|nan|nan|nan|nan|-14.400000|nan|-7269976.697191|0.769075|nan|nan|nan|-0.065953|0.004620|nan|nan|-0.316061|nan|-2.329059|nan|0.519517|-1.524707|-0.315441|-1.524707|-1621.344296|-914879213.373649|nan|173263.453380|nan|-226218.213755|nan|nan|12.612293|nan|-27.516769|-14.825000|0.031596|nan|-681.988365
1338|-82882211.542749|0.346667|nan|-18.000000|nan|nan|nan|-11.292909|-299.200000|-1.524707|-0.168509|-80816247.300350|nan|nan|nan|nan|-11.600000|nan|-7269392.488521|0.769075|nan|nan|nan|-0.070439|0.007219|nan|nan|-0.326181|nan|-2.777003|nan|0.519517|-1.524707|-0.314978|-1.524707|-1621.702243|-914879213.373649|nan|173263.453380|nan|-226218.213755|nan|nan|12.795263|nan|-26.819839|-14.825000|0.031596|nan|-681.988365
1339|-84364541.692720|-0.160417|nan|-18.000000|nan|nan|nan|-11.435182|-299.200000|-1.524707|-0.168509|-81924888.205534|nan|nan|nan|nan|-12.800000|nan|-7268027.639415|0.769075|nan|nan|nan|-0.074498|0.008541|nan|nan|-0.347530|nan|-3.546371|nan|0.519517|-1.524707|-0.314978|-1.524707|-1621.502316|-914879213.373649|nan|173263.453380|nan|-226218.213755|nan|nan|12.971027|nan|-26.122908|-14.825000|0.031596|nan|-681.988365
1340|-86659322.663844|-0.638095|nan|-18.000000|nan|nan|nan|-11.435182|-299.200000|-1.524707|-0.168509|-82324634.822512|nan|nan|nan|nan|-17.400000|nan|-7269003.730578|0.769075|nan|nan|nan|-0.078187|0.008670|nan|nan|-0.379454|nan|-4.398612|nan|0.519517|-1.524707|-0.312008|-1.524707|-1621.293607|-914879213.373649|nan|173263.453380|nan|-226218.213755|nan|nan|13.138872|nan|-25.425978|-14.825000|0.031596|nan|-681.988365
1341|-87654346.447234|-0.501823|nan|-18.000000|nan|nan|nan|-11.435182|-299.200000|-1.524707|-0.168509|-83427224.514966|nan|nan|nan|nan|-15.200000|nan|-7268486.303822|0.769075|nan|nan|nan|-0.081556|0.008670|nan|nan|-0.400400|nan|-3.388502|nan|0.519517|-1.524707|-0.309035|-1.524707|-1621.987193|-914879213.373649|nan|173263.453380|nan|-226218.213755|nan|nan|13.298545|nan|-24.729047|-14.825000|0.031596|nan|-681.988365
1342|-86942687.037802|-0.891435|nan|-18.000000|nan|nan|nan|-11.435182|-299.200000|-1.524707|-0.168509|-82808092.778942|nan|nan|nan|nan|-15.200000|nan|-7267908.645084|0.769075|nan|nan|nan|-0.084644|0.008670|nan|nan|-0.398016|nan|-2.349569|nan|0.519517|-1.524707|-0.304848|-1.524707|-1621.654516|-914879213.373649|nan|173263.453380|nan|-226218.213755|nan|nan|13.452259|nan|-24.032117|-14.825000|0.031596|nan|-681.988365
1343|-87131463.812202|-0.806667|nan|-18.000000|nan|nan|nan|-11.435182|-299.200000|-1.524707|-0.168509|-82738481.301064|nan|nan|nan|nan|-17.200000|nan|-7268608.389758|0.769075|nan|nan|nan|-0.087485|0.008670|nan|nan|-0.395542|nan|-2.933780|nan|0.519517|-1.524707|-0.300247|-1.524707|-1621.930272|-914879213.373649|nan|173263.453380|nan|-226218.213755|nan|nan|13.601268|nan|-23.335187|-14.825000|0.031596|nan|-681.988365
1344|-86918246.000000|-1.093939|-1.524707|-18.000000|nan|-12.739480|-2.230277|-11.435182|-299.200000|-1.524707|-0.168509|-82396219.163889|0.000655|-7.743641|-25.876747|nan|-15.200000|nan|-7268182.876297|0.769075|nan|-14.950138|-5.579662|-0.090108|0.008670|nan|nan|-0.396112|-1.643478|-2.202322|-0.430283|0.519517|-1.524707|-0.295635|-1.524707|-1621.404248|-914879213.373649|nan|173263.453380|-0.000003|-226218.213755|-0.949596|-0.078448|13.744764|-0.079335|-22.638256|-14.825000|0.031596|-1.643478|-681.988365
1345|-86806281.245502|-0.994965|-1.524707|-18.000000|-3.192395|-13.561083|-2.230277|-11.435182|-299.200000|-1.524707|-0.168509|-83141664.248792|0.000655|-7.743641|-1.965288|nan|-13.200000|18.000000|-7265355.470081|0.769075|nan|-10.991234|-5.469327|-0.092536|0.008670|nan|nan|-0.398993|-1.629607|-2.709230|-0.649317|0.519517|-1.524707|-0.285562|-1.524707|-1621.249442|-914879213.373649|nan|173263.453380|-0.000003|-226218.213755|-0.940258|-0.080058|13.879277|-0.078474|-21.941326|-14.825000|0.031596|-1.629607|-681.988365
1346|-87221701.440756|-1.243429|-1.524707|-18.000000|-3.192395|-14.875867|-2.230277|-11.435182|-299.200000|-1.524707|-0.168509|-84341797.504982|0.000655|-7.743641|-1.965432|nan|-15.200000|14.000000|-7261510.318958|0.769075|nan|-8.469395|-5.605968|-0.094791|0.008670|nan|nan|-0.398993|-1.618716|-2.709230|-0.846843|0.519517|-1.524707|-0.198314|-1.524707|-1622.435714|-914879213.373649|nan|173263.453380|-0.000003|-226218.213755|-0.931310|-0.082648|14.006148|-0.067181|-21.244395|-14.825000|0.031596|-1.618716|-681.988365
1347|-85842581.026938|-1.506696|-1.524707|-18.000000|-3.192395|-15.684481|-2.230277|-16.075510|-299.200000|-1.524707|-0.168509|-84050272.420573|-0.040815|-7.743641|-1.965843|nan|-13.200000|6.000000|-7262069.916606|0.769075|nan|-9.145309|-5.870082|-0.096891|0.008670|nan|nan|-0.398993|-1.614699|-2.851084|-1.032094|0.519517|-1.524707|-0.186144|-1.524707|-1621.519175|-914879213.373649|nan|173263.453380|-0.000003|-226218.213755|-0.922726|-0.082250|14.128784|-0.050738|-20.547465|-14.825000|0.031596|-1.614699|-681.988365
1348|-80900475.186422|-1.488750|-1.524707|-17.400000|-6.205709|-15.811800|-2.230277|-16.075510|-299.200000|-1.524707|-0.670823|-79568573.602319|-0.056178|-7.743641|-1.966048|nan|-13.200000|2.000000|-7262650.530930|0.769075|nan|-10.033029|-6.725699|-0.098850|0.008670|nan|nan|-0.398993|-1.753646|-3.000196|-1.198154|0.519517|-1.524707|-0.182081|-1.524707|-1621.738106|-914879213.373649|nan|173263.453380|-0.000003|-226218.213755|-0.926308|-0.083232|14.251515|-0.040494|-19.850534|-14.825000|0.031596|-1.753646|-681.988365
1349|-81976458.000000|-1.741016|-1.524707|-16.200000|-6.205709|-15.811800|-2.230277|-16.075510|-299.200000|-1.524707|-0.697198|-79997834.767381|-0.067106|-8.504830|-1.966151|nan|-15.200000|2.000000|-7260978.743162|0.769075|nan|-19.557251|-7.309353|-0.108841|0.008670|nan|nan|-0.399083|-1.802196|-4.645082|-1.341326|0.519517|-1.524707|-0.177671|-1.524707|-1621.547604|-914879213.373649|nan|173263.453380|-0.000003|-226218.213755|-0.930206|-0.086640|14.375564|-0.032876|-19.153604|-14.825000|0.031596|-1.802196|-681.988365
1350|-84994874.856276|-1.682721|-1.524707|-15.400000|-6.205709|-15.811800|-2.230277|-16.075510|-299.200000|-1.524707|-0.697198|-83893264.486609|-0.067106|-9.885425|-1.966202|nan|-15.200000|2.000000|-7257269.620031|0.769075|nan|-12.599161|-7.837421|-0.117117|0.008670|nan|nan|-0.401964|-1.813515|-4.645082|-1.461882|0.519517|-1.524707|-0.158442|-1.524707|-1621.372345|-914879213.373649|nan|173263.453380|-0.000003|-226218.213755|-0.933955|-0.088475|14.500785|-0.027543|-18.456673|-14.825000|0.031596|-1.813515|-681.988365
1351|-87196578.756114|-1.913194|-1.524707|-15.200000|-6.205709|-15.811800|-2.230277|-16.075510|-299.200000|-1.524707|-0.697198|-85886016.337583|-0.056713|-10.304732|-1.965889|nan|-17.200000|2.000000|-7250976.710956|0.769075|nan|-12.669248|-8.587155|-0.125393|0.008670|nan|nan|-0.401448|-1.813787|-4.724538|-1.562375|0.519517|-1.524707|-0.156764|-1.524707|-1621.397266|-914879213.373649|nan|173263.453380|-0.000003|-226218.213755|-0.937562|-0.094130|14.626686|-0.023689|-17.759743|-16.825000|0.031596|-1.813787|-681.988365
1352|-89146010.745162|-2.025439|-1.524707|-15.200000|-6.205709|-15.360260|-2.230277|-16.075510|-299.200000|-1.524707|-0.697198|-87332427.578834|-0.009415|-10.304732|-1.965733|nan|-15.200000|2.000000|-7250155.286552|0.769075|nan|-16.828683|-8.810812|-0.133269|0.008670|nan|nan|-0.404593|-1.794868|-4.724538|-1.645989|0.519517|-1.524707|-0.135883|-1.524707|-1621.896640|-914879213.373649|nan|173263.453380|-0.000003|-226218.213755|-0.941035|-0.096904|14.743802|-0.020925|-17.062812|-14.825000|0.031596|-1.794868|-681.988365
1353|-92515418.974418|-2.197708|-1.524707|-15.200000|-6.205709|-14.408456|-2.230277|-16.075510|-299.200000|-1.524707|-0.697198|-90201191.307000|-0.009415|-10.304732|-1.965655|nan|-15.200000|2.000000|-7246537.931392|0.769075|nan|-16.964628|-9.394120|-0.137658|0.008670|nan|nan|-0.402180|-1.776853|-2.989744|-1.713039|0.519517|-1.524707|-0.070488|-1.524707|-1622.396032|-914879213.373649|nan|173263.453380|-0.000003|-226218.213755|-0.944383|-0.098358|14.849691|-0.018985|-16.365882|-16.825000|0.031596|-1.776853|-681.988365
1354|-88906911.311898|-2.340377|-1.524707|-15.200000|-7.384005|-13.737775|-2.230277|-16.075510|-299.200000|-1.524707|-0.697198|-86579704.311810|-0.009415|-10.304732|-1.964939|nan|-19.200000|2.000000|-7247752.069014|0.769075|nan|-16.875970|-10.455882|-0.141246|0.008670|nan|nan|-0.395976|-1.775461|-2.653796|-1.898182|0.519517|-1.524707|-0.048047|-1.524707|-1621.249179|-128811955.227080|nan|173263.453380|-0.000003|-226218.213755|-0.947610|-0.098514|14.943018|-0.017608|-15.668951|-16.825000|0.031596|-1.775461|-681.988365
1355|-77947523.407768|-2.355208|-1.524707|-15.200000|-7.384005|-13.321446|-2.230277|-16.075510|-299.200000|-1.524707|-0.697198|-76864275.330626|-0.009415|-10.785375|-1.964920|nan|-13.200000|0.000000|-7245777.975488|0.769075|nan|-16.609576|-11.018600|-0.143415|0.008978|nan|nan|-0.387430|-1.764269|-2.852215|-2.067703|0.519517|-1.524707|-0.012443|-1.524707|-1621.788664|-121670530.065946|nan|173263.453380|-0.000003|-226218.213755|-0.950725|-0.099100|15.024566|-0.016501|-14.972021|-14.825000|0.031596|-1.764269|-681.988365
1356|-82177980.488598|-2.448098|-1.524707|-14.600000|-7.384005|-13.321446|-2.230277|-12.814641|-299.200000|-1.524707|-0.746706|-82272544.775446|-0.009415|-12.025697|-1.965248|nan|-13.200000|0.000000|-7241396.166042|0.769075|nan|-16.590796|-12.098276|-0.145585|0.011425|nan|nan|-0.387499|-1.767597|-2.380598|-2.221194|0.519517|-1.524707|-0.004564|-1.524707|-1621.677526|-116170478.501385|nan|173263.453380|-0.000003|-226218.213755|-0.956331|-0.075985|15.096218|-0.015961|-14.275091|-16.825000|0.031596|-1.767597|-681.988365
1357|-80338418.561374|-2.468663|-1.524707|-14.000000|-7.384005|-13.321446|-2.230277|-12.814641|-299.200000|-1.524707|-0.746706|-80054665.937134|-0.009415|-15.645858|-1.965412|nan|-13.200000|0.000000|-7245469.427854|0.769075|nan|-16.212758|-12.941902|-0.147754|0.012475|nan|nan|-0.385529|-1.755867|-3.029409|-2.354958|0.519517|-1.524707|0.006988|-1.524707|-1621.895489|-116170478.501385|nan|173263.453380|-0.000003|-226218.213755|-0.961747|-0.051516|15.158905|-0.015635|-13.578160|-14.825000|0.031596|-1.755867|-681.988365
1358|-80002596.450000|-2.564500|-1.524707|-13.600000|-7.384005|-13.321446|-2.230277|-12.814641|-299.200000|-1.524707|-0.746706|-79941744.788879|-0.009415|-16.455939|-1.965833|nan|-13.200000|0.000000|-7241845.076360|0.769075|nan|-24.482491|-13.453659|-0.149923|0.013914|nan|nan|-0.360931|-1.742753|-4.336929|-2.468337|0.519517|-1.524707|0.020350|-1.524707|-1621.860766|-116170478.501385|nan|173263.453380|-0.000003|-226218.213755|-0.966983|-0.048959|15.213739|-0.015365|-12.881230|-16.825000|0.031596|-1.742753|-681.988365
1359|-79762306.000000|-2.465625|-1.524707|-12.200000|-7.384005|-13.321446|-2.230277|-12.814641|-299.200000|-1.524707|-0.746706|-80930853.440589|-0.009415|-16.664759|-1.966043|nan|-15.200000|0.000000|-7241492.029630|0.769075|-0.000000|-16.432792|-13.781435|-0.152092|0.014849|nan|-40676.397168|-0.360931|-1.739215|-4.336929|-2.563671|0.519517|-1.524707|0.031853|-1.524707|-1621.674434|-116170478.501385|-10429.143688|173263.453380|-0.000003|-226218.213755|-0.988247|-0.044264|15.260531|-0.015164|-12.184299|-14.825000|0.031596|-1.739215|-681.988365
1400|-79943315.925466|-2.321836|-1.524707|-12.000000|-7.384005|-13.321446|-2.230277|-12.814641|-299.200000|-1.524707|-0.746706|-81561376.303299|-0.009415|-16.664759|-1.966148|-0.133588|-15.200000|0.000000|-7241249.197143|0.769075|-0.000000|-20.243610|-14.268471|-0.154261|0.015717|nan|-39119.633618|-0.357686|-1.734734|-3.464889|-2.643327|0.519517|-1.524707|0.042875|-1.524707|-1621.038669|-116170478.501385|-10387.934510|173263.453380|-0.000003|-226218.213755|-1.008854|-0.042540|15.298091|-0.015014|-11.487369|-14.825000|0.031596|-1.734734|-681.988365
1401|-77254349.653854|-2.339807|-1.524707|-12.000000|-7.384005|-13.321446|-2.230277|-12.814641|-299.200000|-1.524707|-0.746706|-78864917.849651|-0.009415|-16.664759|-1.966201|0.036253|-14.600000|0.000000|-6958826.772792|0.769075|-0.000000|-19.899418|-15.090074|-0.156430|0.017364|nan|-23847.595862|-0.357686|-1.725651|-3.464889|-2.710533|0.519517|-1.524707|0.057049|-1.524707|-1621.795246|-116170478.501385|-10347.160633|173263.453380|-0.000003|-226218.213755|-1.022556|-0.039017|15.324943|-0.015070|-10.790438|-14.825000|0.031596|-1.725651|-681.988365
1402|-59172962.625568|-2.353233|-1.524707|-11.400000|-7.384005|-13.321446|-2.230277|-12.814641|-299.200000|-1.524707|-0.746706|-60607502.256708|-0.009415|-15.522619|-1.966227|0.349729|-14.000000|0.000000|-6673855.617976|0.769075|-0.000000|-29.575463|-16.404858|-0.156709|0.020202|nan|-4537.694248|-0.354336|-1.714551|-3.034851|-2.767258|0.519517|-1.524707|0.070663|-1.524707|-1235.835198|-116170478.501385|-11049.151591|173263.453380|-0.000003|-226218.213755|-1.036259|-0.039765|15.343416|-0.015336|-10.093508|-14.825000|0.031596|-1.714551|-681.988365
1403|-55437484.705082|-2.429583|-1.524707|-10.600000|-7.384005|-13.321446|-2.230277|-12.814641|-299.200000|-1.524707|-0.746706|-56467463.033661|-0.009415|-13.394319|-1.966579|0.443364|-11.600000|0.000000|-6484312.138381|0.769075|-0.000000|-25.480822|-17.145878|-0.156363|0.021986|nan|-4454.587704|-0.353510|-1.700083|-4.373118|-2.815225|0.519517|-1.524707|0.087042|-1.524707|-1236.598514|-116170478.501385|-9464.903333|173263.453380|-0.000003|-226218.213755|-1.049961|-0.039094|15.353368|-0.015620|-9.396577|-16.825000|0.031596|-1.700083|-681.988365
1404|-56971639.353796|-2.434543|-1.524707|-9.600000|-7.384005|-13.321446|-2.230277|-12.814641|-299.200000|-1.524707|-0.746706|-57665394.329660|-0.009415|-13.330169|-1.966416|0.443364|-14.200000|0.000000|-5814566.927522|0.769075|-0.000000|-20.959139|-17.783424|-0.156018|0.022741|-0.062676|-3054.766767|-0.356812|-1.690085|-4.123918|-2.854379|0.519517|-1.524707|0.101660|-1.524707|-1235.832787|-116170478.501385|-10319.924939|173263.453380|-0.000003|-226218.213755|-1.063664|-0.035721|15.355054|-0.015827|-9.396577|-14.825000|0.031596|-1.690085|-681.988365
1405|-58680861.125535|-2.313411|-1.524707|-9.200000|-7.384005|-13.321446|-2.230277|-9.162774|-299.200000|-1.524707|-0.746706|-59395596.122117|-0.009415|-13.330169|-1.966673|0.443364|-10.000000|0.000000|-5719210.936887|0.769075|-0.000000|-17.227899|-18.016574|-0.155672|0.022741|-0.061310|-4260.133962|-0.357261|-1.696669|-3.545398|-2.884431|0.519517|-1.524707|0.113187|-1.524707|-1235.774627|-116170478.501385|-10965.841976|173263.453380|-0.000003|-226218.213755|-1.077366|-0.032686|15.348888|-0.015793|-9.396577|-14.825000|0.031596|-1.696669|-681.988365
1406|-88984899.385408|-2.320657|-1.524707|-9.200000|-7.384005|-13.321446|-2.230277|-9.162774|-299.200000|-1.524707|-0.746706|-89926830.163435|-0.009415|-13.330169|-1.967819|0.443364|-6.000000|0.000000|-5655206.515574|0.769075|-0.000000|-16.538577|-17.941607|-0.154290|0.022741|-0.050215|-4965.074566|-0.357998|-1.720795|-11.825928|-2.903852|0.519517|-1.524707|0.130363|-1.524707|-3157.488225|-116170478.501385|-3037.603588|173263.453380|-0.000003|-226218.213755|-1.091068|-0.031297|15.335332|-0.015493|-9.396577|-32.825000|0.031596|-1.720795|-681.988365
1407|-91106315.600000|-2.227933|-1.524707|-9.200000|-7.621924|-13.321446|-2.230277|-9.162774|-299.200000|-1.524707|-0.746706|-92343111.756246|-0.009415|-13.330169|-1.289524|0.443364|-15.400000|0.000000|-5367388.875389|0.769075|-0.000000|-16.102809|-18.366956|-0.152225|0.022741|-0.038769|-5647.317355|-0.352088|-1.740179|-10.210098|-2.912073|0.519517|-1.524707|0.137532|-1.524707|-3156.605027|-116170478.501385|-4587.721942|173263.453380|-0.000003|-226218.213755|-1.104771|-0.029256|15.321818|-0.014989|-9.396577|-18.825000|0.031596|-1.740179|-681.988365
1408|-89255375.600000|-2.033147|-1.524707|-9.200000|-7.621924|-13.321446|-2.230277|-9.162774|-299.200000|-1.524707|-0.746706|-90519759.103002|0.019772|-13.330169|-1.289712|0.443364|-10.600000|0.000000|-4994845.267118|0.769075|-0.000000|-22.711479|-18.366560|-0.149472|0.022741|-0.035364|-6406.837274|-0.355222|-1.748074|-10.210098|-2.908463|0.519517|-1.524707|0.140177|-1.524707|-3156.021211|-116170478.501385|-4212.356392|173263.453380|-0.000003|-226218.213755|-1.118473|-0.026518|15.308321|-0.014202|-9.396577|-14.825000|0.031596|-1.748074|-681.988365
1409|-89450365.921274|-1.938823|-1.524707|-9.200000|-7.621924|-13.321446|-2.230277|-9.162774|-299.200000|-1.524707|-0.746706|-90431065.161376|0.019772|-13.330169|-1.289584|0.443364|-11.600000|0.000000|-4523864.532155|0.769075|-0.000000|-19.560585|-18.291947|-0.146718|0.022741|-0.032037|-6977.963575|-0.358798|-1.752858|-9.641506|-2.892960|0.519517|-1.524707|0.140177|-1.524707|-3155.198722|-116170478.501385|-145.391848|173263.453380|-0.000003|-226218.213755|-1.132176|-0.025795|15.294872|-0.013307|-9.396577|-16.825000|0.031596|-1.752858|-681.988365
1410|-93453959.654822|-1.736273|-1.524707|-9.200000|-7.621924|-13.321446|-2.230277|-8.278248|-299.200000|-1.524707|-0.746706|-93513345.715223|0.025047|-13.330169|-1.289298|0.443364|-11.200000|0.000000|-4333733.029915|0.769075|-0.000000|-16.269422|-17.711027|-0.143965|0.022741|-0.030411|-6981.890221|-0.359079|-1.758552|-8.957057|-2.866058|0.519517|-1.524707|0.140177|-1.524707|-3155.221337|-116170478.501385|-149.657863|173263.453380|-0.000003|-226218.213755|-1.145878|-0.024098|15.281574|-0.012259|-9.396577|-14.825000|0.031596|-1.758552|-681.988365
1411|-94272141.150000|-1.655841|-1.524707|-9.200000|-7.621924|-13.321446|-2.230277|-8.278248|-299.200000|-1.524707|-0.746706|-94012520.472023|0.005259|-13.330169|-1.289599|0.443364|-5.200000|0.000000|-4335203.423508|0.769075|-0.000000|-16.896178|-17.700547|-0.141211|0.022741|-0.027473|-9322.549864|-0.362368|-1.765232|-10.748167|-2.827031|0.519517|-1.524707|0.140177|-1.524707|-3156.907120|-116170478.501385|-126.043974|173263.453380|-0.000003|-226218.213755|-1.156594|-0.023772|15.267636|-0.011217|-9.396577|-18.825000|0.031596|-1.765232|-681.988365
1412|-105025892.162120|-1.627860|-1.524707|-9.200000|-7.621924|-13.321446|-2.230277|-8.278248|-299.200000|-1.524707|-0.746706|-104600829.689471|0.005259|-13.330169|-1.178501|0.443364|-15.200000|0.000000|-4323574.423264|0.769075|-0.000000|-16.954916|-18.146773|-0.138458|0.022741|-0.026029|-9951.712854|-0.359358|-1.776724|-6.704978|-2.776918|0.519517|-1.524707|0.140177|-1.524707|-3155.501827|-116120716.838887|-179.586176|173263.453380|-0.000003|-226218.213755|-1.163938|-0.021840|15.253251|-0.010186|-9.396577|-20.825000|0.031596|-1.776724|-681.988365
1413|-100455957.110100|-1.537372|-1.524707|-9.200000|-7.621924|-13.321446|-2.230277|-8.278248|-299.200000|-1.524707|-0.746706|-100491002.160232|0.005259|-13.330169|-1.178469|0.443364|-7.200000|0.000000|-4321238.498896|0.769075|-0.000000|-16.410242|-18.343018|-0.135704|0.022741|-0.024916|-9962.865825|-0.359358|-1.780760|-7.015531|-2.717060|0.519517|-1.524707|0.140177|-1.524707|-3156.040563|-115088928.312900|-170.641735|173263.453380|-0.000003|-226218.213755|-1.171282|-0.019657|15.238453|-0.009121|-9.396577|-14.825000|0.031596|-1.780760|-681.988365
1414|-101634064.454870|-1.546369|-1.524707|-9.200000|-7.621924|-13.321446|-2.230277|-8.278248|-299.200000|-1.524707|-0.746706|-101920511.687000|0.005259|-13.330169|-1.178250|0.443364|-11.200000|0.000000|-4318864.981908|0.769075|-0.000000|-16.323703|-18.807047|-0.132951|0.022741|-0.024146|-10311.982230|-0.359358|-1.777562|-6.384964|-2.651403|0.519517|-1.524707|0.140177|-1.524707|-3155.894532|-112075182.983992|-177.063086|173263.453380|-0.000003|-226218.213755|-1.178626|-0.016691|15.223498|-0.008019|-9.396577|-16.500000|0.031596|-1.777562|-681.988365
1415|-99458959.388542|-1.382343|-1.524707|-9.200000|-7.621924|-13.321446|-2.230277|-8.278248|-299.200000|-1.473601|-0.746706|-99810056.964042|0.005259|-13.330169|-1.178140|0.443364|-11.200000|0.000000|-4318994.484738|0.769075|-0.000000|-16.529919|-18.988849|-0.130197|0.022741|-0.023700|-10339.362767|-0.360951|-1.766609|-7.183096|-2.581764|0.519517|-1.524707|0.140177|-1.524707|-3155.787539|-111700588.268355|-187.621982|173263.453380|-0.000003|-226218.213755|-1.184956|-0.011360|15.208154|-0.006902|-9.396577|-14.500000|0.031596|-1.766609|-681.988365
1416|-100296491.456370|-1.349905|-1.524707|-9.200000|-7.621924|-13.321446|-2.230277|-8.278248|-299.200000|-1.473601|-0.746706|-100484846.931354|0.005259|-13.330169|-1.178288|0.443364|-7.200000|0.000000|-4315810.529961|0.769075|-0.000000|-30.681042|-19.102607|-0.127444|0.022741|-0.023119|-11808.675310|-0.357336|-1.761593|-7.460684|-2.510959|0.519517|-1.524707|0.140177|-1.524707|-3157.082733|-93202180.684417|-187.153090|173263.453380|-0.000003|-226218.213755|-1.189607|-0.005691|15.196491|-0.005777|-9.396577|-16.500000|0.031596|-1.761593|-681.988365
1417|-108933533.155806|-1.222350|-1.524707|-9.200000|-7.621924|-13.321446|-2.230277|-8.278248|-299.200000|-1.473601|-0.746706|-107537725.130917|-0.010070|-13.330169|-1.178362|0.443364|-9.200000|0.000000|-4300242.888160|0.769075|-0.000000|-17.683394|-19.251429|-0.124690|0.022741|-0.022163|-13499.913582|-0.356600|-1.749289|-7.460684|-2.440649|0.519517|-1.524707|0.140177|-1.524707|-3156.624579|-90179078.626423|-195.613041|173263.453380|-0.000003|-226218.213755|-1.189620|-0.000635|15.189175|-0.004638|-9.396577|-14.500000|0.031596|-1.749289|-681.988365
1418|-105834162.772302|-1.118474|-1.524707|-9.200000|-7.621924|-13.321446|-2.230277|-8.278248|-299.200000|-1.473601|-0.746706|-104487124.834378|-0.010070|-13.330169|-1.178602|0.398384|-7.200000|0.000000|-4298965.618409|0.769075|-0.000000|-14.269070|-19.227321|-0.121937|0.022741|-0.021196|-13758.732662|-0.356600|-1.739834|-7.790264|-2.372397|0.519517|-1.524707|0.140177|-1.524707|-3156.541774|-84021860.362560|-197.625791|173263.453380|-0.000003|-226218.213755|-1.181203|0.007526|15.181925|-0.003449|-9.396577|-14.500000|0.031596|-1.739834|-681.988365
1419|-102786951.511162|-1.092891|-1.524707|-9.200000|-7.621924|-12.619892|-2.230277|-8.278248|-299.200000|-1.473601|-0.746706|-102101912.668543|-0.010070|-13.330169|-1.178519|0.271318|-11.200000|0.000000|-4298348.683715|0.769075|-0.000000|-12.656838|-17.611800|-0.119183|0.022741|-0.020272|-12451.043185|-0.349817|-1.731101|-7.457862|-2.307064|0.519517|-1.524707|0.140177|-1.524707|-3155.081960|-83381364.093813|-200.611604|173263.453380|-0.000003|-226218.213755|-1.168607|0.011738|15.180452|-0.002258|-9.396577|-14.500000|0.031596|-1.731101|-681.988365
1420|-104448353.183142|-1.064984|-1.473601|-9.200000|-7.621924|-12.366106|-2.230277|-8.278248|-299.200000|-1.275881|-0.746706|-104403644.359472|-0.010070|-9.697160|-1.178478|0.100404|-9.200000|0.000000|-4294850.627736|0.769075|-0.000000|-12.779969|-16.644018|-0.116430|0.022741|-0.019409|-9910.302598|-0.350334|-1.709042|-7.457862|-2.244711|0.519517|-1.524707|0.140177|-1.524707|-3156.073899|-73988651.068209|-199.261785|173263.453380|-0.000003|-226218.213755|-1.142656|0.016677|15.185242|-0.001178|-9.396577|-16.500000|0.031596|-1.709042|-681.988365
1421|-103692849.833518|-0.967102|-1.473601|-8.800000|-7.621924|-12.326965|-2.230277|-8.278248|-299.200000|-1.275881|-0.746706|-104450064.073230|-0.010070|-9.518276|-1.178254|-0.031324|-11.200000|0.000000|-4294725.147695|0.769075|-0.000000|-12.889044|-16.109381|-0.113676|0.022741|-0.019141|-9036.912322|-0.348168|-1.700804|-8.473903|-2.186701|0.519517|-1.524707|0.140177|-1.524707|-3155.920620|-69882149.986393|-196.717732|173263.453380|-0.000003|-226218.213755|-1.116706|0.018695|15.197427|-0.000300|-9.396577|-14.500000|0.031596|-1.700804|-681.988365
1422|-108568904.677818|-1.049627|-1.473601|-8.600000|-7.621924|-12.101076|-2.230277|-8.278248|-299.200000|-1.275881|-0.746706|-108990328.562302|-0.010070|-9.518276|-1.177534|-0.158104|-15.200000|0.000000|-4283940.936008|0.769075|-0.000000|-12.913448|-15.895970|-0.110923|0.022741|-0.018998|-6795.344531|-0.349006|-1.699186|-7.368562|-2.132548|0.519517|-1.524707|0.046000|-1.524707|-3154.728712|-69882149.986393|-318.548311|173263.453380|-0.000003|-226218.213755|-1.090756|0.019797|15.215046|0.000285|-9.396577|-22.391667|0.031596|-1.699186|-681.988365
1423|-102885581.522291|-1.130635|-1.473601|-8.200000|-7.621924|-11.706224|-2.230277|-8.278248|-299.200000|-1.275881|-0.746706|-101481796.828665|-0.010070|-9.518276|-1.176769|-0.207382|-11.200000|0.000000|-4293158.153481|0.769075|-0.000000|-11.868608|-15.395279|-0.107370|0.022741|-0.018660|-2951.657355|-0.352490|-1.697245|-5.685691|-2.081804|0.519517|-1.524707|-0.021238|-1.524707|-3156.796073|-69882149.986393|-444.567804|173263.453380|-0.000003|-226218.213755|-1.064805|0.020903|15.235816|0.000683|-9.396577|-20.975000|0.031596|-1.697245|-124.743455
1424|-103096025.605626|-1.134446|-1.473601|-8.200000|-7.621924|-10.968025|-2.230277|-8.278248|-299.200000|-1.275881|-0.746706|-101113671.484690|-0.010070|-9.155033|-1.176590|-0.152746|-7.200000|0.000000|-4292532.534477|0.769075|-0.000000|-12.730986|-13.892065|-0.103015|0.022741|-0.018325|-527.889477|-0.371489|-1.693648|-5.402001|-2.031993|0.519517|-1.524707|-0.040685|-1.524707|-3156.092028|-69882149.986393|-406.558150|173263.453380|-0.000003|-226218.213755|-1.038855|0.022298|15.258774|0.000949|-9.396577|-12.241667|0.031596|-1.693648|-124.743455
1425|-103211353.700000|-1.179016|-1.275881|-8.000000|-7.621924|-10.681083|-2.037461|-8.278248|-299.200000|-1.275881|-0.746706|-101055520.300140|-0.010070|-9.155033|-1.176702|-0.106937|-7.200000|0.000000|-4292626.385964|0.769075|-0.000000|-10.424512|-13.705297|-0.097242|0.022741|-0.017543|2279.417331|-0.382240|-1.685421|-5.173306|-1.983142|0.519517|-1.524707|-0.052248|-1.524707|-3157.031637|-69882149.986393|-383.656232|173263.453380|-0.000003|-226218.213755|-1.012905|0.024018|15.285226|0.001131|-9.396577|-14.050000|0.031596|-1.685421|-124.743455
1426|-100972833.094484|-1.212155|-1.275881|-7.600000|-7.621924|-10.421468|-2.037461|-8.278248|-299.200000|-1.275881|-0.746706|-99116478.181324|-0.010070|-9.155033|-1.176556|-0.106937|-10.800000|0.000000|-4201017.116462|0.769075|-0.000000|-14.633958|-13.820442|-0.091468|0.022741|-0.017246|3098.228795|-0.380312|-1.684029|-1.078206|-1.935617|0.519517|-1.524707|-0.052248|-1.524707|-3155.313140|-69913824.790272|-1152.659400|173263.453380|-0.000003|-226218.213755|-0.986955|0.025549|15.312921|0.001435|-9.396577|-14.050000|0.031596|-1.684029|-114.521233
1427|-101264093.400000|-1.213859|-1.275881|-6.400000|-7.621924|-10.270099|-2.037461|-8.278248|-299.200000|-1.275881|-0.746706|-100244547.002238|-0.010070|-9.155033|-1.176685|-0.106937|-8.600000|0.000000|-4105814.802068|0.769075|-0.000000|-14.972146|-13.639630|-0.085695|0.022741|-0.016864|3638.734526|-0.377955|-1.684148|0.020796|-1.889470|0.519517|-1.524707|-0.052248|-1.524707|-3155.490414|-69971079.779780|-950.798588|173263.453380|-0.000003|-226218.213755|-0.961004|0.027686|15.340743|0.001801|-9.396577|-12.100000|0.031596|-1.684148|-114.521233
1428|-101392392.505530|-1.242357|-1.275881|-5.400000|-7.621924|-10.270099|-2.037461|-8.278248|-299.200000|-1.275881|-0.746706|-100656094.760115|-0.010070|-8.609591|-1.176548|-0.106937|-10.200000|0.000000|-4012670.794011|0.769075|-0.000000|-21.723640|-13.379593|-0.079922|0.022741|-0.015473|4992.130534|-0.375565|-1.683684|0.669106|-1.844772|0.519517|-1.524707|-0.052248|-1.524707|-3156.189305|-70092569.786504|-1099.939457|173263.453380|-0.000003|-226218.213755|-0.935054|0.030253|15.369162|0.002230|-9.396577|-15.108334|0.031596|-1.683684|-114.521233
1429|-101184188.283276|-1.253803|-1.275881|-4.600000|-7.621924|-10.270099|-2.037461|-8.278248|-299.200000|-1.275881|-0.746706|-100603124.310749|-0.010070|-5.586528|-1.176479|-0.106937|-8.200000|0.000000|-4480068.633721|0.769075|-0.000000|-9.970370|-13.105115|-0.074148|0.022741|-0.014137|6216.228542|-0.425326|-1.683514|0.919302|-1.801612|0.519517|-1.524707|-0.052248|-1.473601|-3155.904858|-70092569.786504|-969.740343|173263.453380|-0.000003|-226218.213755|-0.908685|0.031711|15.396753|0.002725|-9.396577|-14.625000|0.031596|-1.683514|-114.521233
1430|-101482709.994390|-1.270403|-1.275881|-3.800000|-7.621924|-10.270099|-2.037461|-8.278248|-299.200000|-1.275881|-0.746706|-100558749.541997|-0.010070|-5.586528|-1.176444|-0.106937|-10.000000|0.000000|-4946913.287016|0.769075|-0.000000|-9.602857|-13.047254|-0.068375|0.022741|-0.010543|7504.563175|-0.427728|-1.659924|4.076801|-1.760224|0.519517|-1.524707|-0.052248|-1.473601|-3155.135532|-70092569.786504|-852.946750|173263.453380|-0.000003|-226218.213755|-0.882316|0.031729|15.418013|0.003244|-9.396577|-15.741667|0.143047|-1.659924|-114.521233
1431|-101305974.061110|-1.284419|-1.275881|-3.600000|-7.621924|-10.270099|-2.037461|-8.278248|-299.200000|-1.275881|-0.746706|-99588353.070977|-0.010070|-5.586528|-1.176427|-0.106937|-7.600000|0.000000|-5788591.596161|0.769075|-0.000000|-9.627208|-12.994904|-0.062601|0.022741|-0.008268|8878.390418|-0.493008|-1.656162|3.632120|-1.719652|0.519517|-1.524707|-0.061358|-1.473601|-3156.611318|-70092569.786504|-998.571703|173263.453380|-0.000003|-226218.213755|-0.856387|0.031993|15.427590|0.003806|-9.396577|-16.900000|0.143047|-1.656162|-114.521233
1432|-101033296.227686|-1.287296|-1.275881|-2.800000|-7.621924|-10.270099|-2.037461|-8.278248|3305.800000|-1.275881|-0.746706|-98971943.187547|-0.010070|-5.586528|-1.176621|-0.106937|-4.400000|0.000000|-6163633.240966|0.769075|-0.000000|-9.582024|-13.073678|-0.054937|0.022741|-0.006902|10487.338598|-0.530286|-1.652166|3.944570|-1.679551|0.519517|-1.524707|-0.061358|-1.473601|-3157.072079|-70092569.786504|-838.343679|173263.453380|-0.000003|-226218.213755|-0.835829|0.035488|15.426594|0.004359|-9.396577|-16.900000|0.143047|-1.652166|-114.521233
1433|-101414243.205504|-1.287925|-1.275881|-1.600000|-7.621924|-10.270099|-2.037461|-4.782601|3305.800000|-1.275881|-0.746706|-98669242.598234|-0.010070|-5.586528|-1.176515|-0.106937|-7.400000|0.000000|-6070271.377786|0.769075|-0.000000|-13.861619|-13.063771|-0.046649|0.022741|-0.005682|13044.171846|-0.533211|-1.607722|3.471442|-1.639146|0.519517|-1.524707|-0.061358|-1.473601|-3156.061880|-70092569.786504|-941.125207|176218.161600|-0.000003|-226218.213755|-0.815272|0.040671|15.424980|0.004939|-9.396577|-16.900000|0.143047|-1.607722|-114.521233
1434|-101404474.111016|-1.371328|-1.275881|-0.400000|-7.621924|-10.270099|-2.037461|-4.782601|3305.800000|-1.275881|-0.746706|-98436432.319090|-0.010070|-5.586528|-1.176665|-0.106937|-2.600000|0.000000|-5696813.774039|0.769075|-0.000000|-59.872478|-12.945735|-0.038361|0.022741|-0.004720|14118.226862|-0.533116|-1.517747|2.982943|-1.596884|0.519517|-1.524707|-0.058410|-1.275881|-3156.142080|-70092569.786504|-872.997495|176218.161600|-0.000003|-226218.213755|-0.794714|0.043555|15.422486|0.005544|-9.396577|-16.900000|0.143047|-1.517747|-114.521233
1435|-101072602.783478|-1.334834|-1.275881|1.200000|-7.621924|-10.270099|-2.037461|-4.782601|3305.800000|-1.275881|-0.746706|-97680166.636612|-0.010070|-5.586528|-1.176740|-0.106937|-3.800000|0.000000|-5324323.870077|0.769075|-0.000000|-22.263113|-13.086281|-0.030073|0.022741|-0.004529|14312.785300|-0.529704|-1.421911|2.639153|-1.552627|0.519517|-1.524707|-0.057004|-1.275881|-3156.517477|-70092569.786504|-885.537434|176218.161600|-0.000003|-226218.213755|-0.775937|0.045565|15.419404|0.006168|-9.396577|-16.900000|0.143047|-1.421911|-114.521233
1436|-102342731.199923|-1.282612|-1.275881|2.200000|-7.621924|-10.270099|-2.037461|-4.782601|3305.800000|-1.275881|-0.746706|-98773525.504396|-0.010070|-5.586528|-1.176777|-0.106937|-5.600000|0.000000|-5228741.838869|0.769075|-0.000000|-18.684426|-13.022966|-0.023512|0.022741|-0.008790|15930.326194|-0.537026|-1.360582|3.555781|-1.506153|0.519517|-1.524707|-0.057004|-1.275881|-3156.460900|-70092569.786504|-1016.476479|176218.161600|-0.000003|-226218.213755|-0.757160|0.048583|15.415611|0.006793|-9.396577|-18.900000|0.143047|-1.360582|-114.521233
1437|-103119630.605538|-1.324973|-1.275881|2.600000|-7.136860|-10.270099|-2.037461|-4.782601|3305.800000|-1.275881|-0.746706|-100134426.857074|-0.013118|-5.586528|-1.176594|-0.106937|-4.800000|0.000000|-4852785.289231|0.769075|-0.000000|-13.924611|-13.022045|-0.017634|0.022741|-0.016611|16076.989950|-0.544130|-1.324219|3.695578|-1.457219|0.519517|-1.524707|-0.057004|-1.275881|-3155.449191|-70092569.786504|-1290.875281|176218.161600|-0.000003|-226218.213755|-0.738382|0.049943|15.412139|0.007440|-9.396577|-16.900000|0.143047|-1.324219|-114.521233
1438|-103795212.661144|-1.323272|-1.275881|2.400000|-7.136860|-10.270099|-2.037461|-4.782601|3305.800000|-1.275881|-0.746706|-101065267.438497|-0.023808|-5.586528|-1.176502|-0.106937|-1.600000|0.000000|-4291872.999523|0.769075|-0.000000|-11.132882|-12.970216|-0.012445|0.022741|-0.023896|16827.113037|-0.555839|-1.288108|3.837085|-1.405570|0.519517|-1.524707|-0.057004|-1.275881|-3156.160224|-70092569.786504|-1405.856420|176218.161600|-0.000003|-226218.213755|-0.719605|0.052058|15.408498|0.008113|-9.396577|-16.900000|0.143047|-1.288108|-35.243308
1439|-106317677.694490|-1.268585|-1.275881|1.400000|-7.136860|-10.240102|-2.037461|-4.640328|3305.800000|-1.275881|-0.746706|-104113014.740178|-0.023808|-5.586528|-1.176658|-0.106937|1.600000|0.000000|-3728174.365437|0.769075|-0.000000|-10.267845|-12.852245|-0.007256|0.022741|-0.027169|16477.523558|-0.569962|-1.275529|3.426335|-1.350932|0.519517|-1.524707|-0.057004|-1.275881|-3156.010403|-70092569.786504|-1122.504916|267236.348940|-0.000003|-226218.213755|-0.700828|0.054525|15.404358|0.008786|-9.396577|-18.900000|0.143047|-1.275529|-35.243308
1440|-109001031.944022|-1.231432|-1.275881|0.200000|-7.136860|-10.217235|-2.037461|-4.640328|3305.800000|-1.275881|-0.746706|-106939407.648881|-0.023808|-5.586528|-1.176736|-0.111404|0.200000|0.000000|-3444771.284904|0.769075|-0.000000|-9.770085|-12.516961|-0.002067|0.022741|-0.027850|16104.633718|-0.572419|-1.267506|3.297053|-1.293009|0.519517|-1.524707|-0.057004|-1.275881|-3155.868607|-70092569.786504|-1074.670680|267236.348940|-0.000003|-226218.213755|-0.688878|0.056620|15.399646|0.009458|-9.396577|-18.900000|0.143047|-1.267506|-35.243308
1441|-108036152.478162|-1.198203|-1.275881|-2.000000|-7.136860|-10.387023|-2.037461|-6.335355|3305.800000|-1.275881|-0.644838|-106019653.020872|-0.023808|-5.586528|-1.176573|-0.166290|-0.200000|0.000000|-3537905.597224|0.769075|-0.000000|-10.976492|-11.970810|0.003122|0.022741|-0.025724|16414.415631|-0.577896|-1.267126|3.297053|-1.232501|0.519517|-1.524707|-0.057004|-1.275881|-3155.830274|-70092569.786504|-1082.695779|267236.348940|-0.000003|-226218.213755|-0.682278|0.058882|15.394459|0.010136|-9.396577|-16.900000|0.143047|-1.267126|-35.243308
1442|-108530086.917042|-1.133133|-1.275881|-4.000000|-5.878070|-10.540639|-2.037461|-6.335355|3305.800000|-1.275881|-0.374898|-106450424.808214|-0.023808|-5.586528|-1.176491|-0.166290|-0.200000|0.000000|-3537889.623616|0.769075|-0.000000|-10.976736|-12.124145|0.008311|0.022741|-0.022911|16576.616213|-0.577896|-1.255614|3.297053|-1.169473|0.519517|-1.524707|-0.057004|-1.275881|-3156.712523|-70092569.786504|-654.792535|187449.928560|-0.000003|-226218.213755|-0.683408|0.060530|15.389567|0.010798|-9.396577|-16.900000|0.143047|-1.255614|-35.243308
1443|-107539826.794374|-1.115772|-1.275881|-5.600000|-5.878070|-10.929604|-2.037461|-6.335355|3305.800000|-1.275881|-0.374898|-105274302.551249|-0.023808|-5.586528|-1.176451|-0.166290|-0.400000|0.000000|-3537600.438029|0.769075|-0.000000|-9.701104|-12.406131|0.013500|0.022741|-0.021366|16112.894653|-0.577539|-1.246248|3.169459|-1.104386|0.519517|-1.524707|-0.057004|-1.278368|-3156.267170|-70092569.786504|-240.683164|171934.178108|-0.000003|-226218.213755|-0.685570|0.062933|15.385192|0.011462|-9.396577|-16.900000|0.143047|-1.246248|-35.243308
1444|-107627619.144846|-1.089383|-1.275881|-6.800000|-5.878070|-11.930092|-2.037461|-6.335355|3305.800000|-1.275881|-0.374898|-104629835.073234|-0.023808|-5.586528|-1.176228|-0.166290|-5.400000|0.000000|-3537509.422807|0.769075|-0.000000|-9.618092|-12.723635|0.018689|0.022741|-0.020086|16109.572782|-0.583143|-1.237381|4.045846|-1.038876|0.519517|-1.524707|-0.057004|-1.513773|-3156.177514|-70092569.786504|-451.877033|171934.178108|-0.000003|-226218.213755|-0.687732|0.065152|15.381116|0.012147|-9.396577|-18.900000|0.143047|-1.237381|-35.243308
1445|-101520855.744468|-1.143677|-1.275881|-7.600000|-5.878070|-12.508179|-2.037461|-6.335355|3305.800000|-1.275881|-0.374898|-98184827.813330|-0.023808|-5.586528|-1.176319|-0.166290|-0.600000|0.000000|-3546123.538262|0.769075|-0.000000|-8.715262|-12.515492|0.023878|0.022741|-0.019991|16323.181998|-0.582271|-1.237430|3.542916|-0.973036|0.519517|-1.524707|-0.057004|-2.188328|-3157.572080|-70092569.786504|-266.189002|171934.178108|-0.000003|-226218.213755|-0.689894|0.065099|15.379559|0.012830|-9.396577|-20.900000|0.143047|-1.237430|-35.243308
1446|-96171439.133538|-1.128677|-1.275881|-8.000000|-5.878070|-13.221685|-2.037461|-6.335355|3305.800000|-1.275881|-0.374898|-92588863.708350|-0.023808|-5.586528|-1.176364|-0.166290|-4.800000|0.000000|-3459740.417719|0.769075|-0.000000|-9.070039|-12.193671|0.029067|0.022741|-0.018985|16416.553197|-0.587791|-1.236377|3.542916|-0.906176|0.519517|-1.524707|-0.057004|-2.188328|-3156.645591|-70092569.786504|-254.377594|171934.178108|-0.000003|-226218.213755|-0.692056|0.058527|15.380275|0.013493|-9.396577|-18.900000|0.143047|-1.236377|-35.243308
1447|-94227243.705646|-1.110830|-1.275881|-8.800000|-5.878070|-13.105335|-2.037461|-1.695027|3305.800000|-1.275881|-0.371198|-90936783.818800|-0.023808|-5.586528|-1.176387|-0.166290|-6.800000|0.000000|-3461718.897424|0.769075|-0.000000|-9.111840|-10.835039|0.034256|0.022741|-0.017524|16949.275356|-0.587676|-1.231399|3.684771|-0.837784|0.519517|-1.524707|-0.057004|-2.270042|-3156.451736|-70092569.786504|-269.850336|171934.178108|-0.000003|-185161.681586|-0.694218|0.040937|15.384384|0.014116|-9.396577|-16.900000|0.143047|-1.231399|-35.243308
1448|-90541963.822764|-1.124233|-1.275881|-9.400000|-5.878070|-13.000065|-2.037461|-1.695027|3305.800000|-1.275881|0.285161|-88179654.063626|-0.023808|-5.586528|-1.176803|-0.166290|-3.600000|0.000000|-3465359.356603|0.769075|-0.000000|-15.781591|-9.695330|0.039445|0.022741|-0.014660|17213.130989|-0.588045|-1.091107|3.042458|-0.764788|0.519517|-1.524707|-0.057004|-2.270042|-3157.753655|-70092569.786504|-224.954471|171934.178108|-0.000003|-185161.681586|-0.686529|0.024881|15.390466|0.014707|-9.396577|-18.900000|0.143047|-1.091107|-35.243308
1449|-89506262.916132|-1.103075|-1.275881|-10.600000|-5.878070|-12.714344|-2.037461|-1.695027|3305.800000|-1.275881|0.285161|-87737918.522369|-0.023808|-4.825339|-1.177214|-0.166290|-5.600000|0.000000|-3466499.519531|0.769075|-0.000000|-6.316285|-8.816146|0.044635|0.022741|-0.012776|17892.961224|-0.594010|-1.017194|2.457723|-0.685114|0.519517|-1.524707|-0.057004|-2.270042|-3155.541779|-70092569.786504|-183.729552|171934.178108|-0.000003|-185161.681586|-0.678451|0.015366|15.398080|0.015261|-9.396577|-20.900000|0.143047|-1.017194|-35.243308
1450|-78550490.543264|-1.168029|-1.275881|-11.400000|-5.878070|-12.455835|-2.037461|-1.695027|3305.800000|-1.275881|0.285161|-77069403.230755|-0.023808|-3.444744|-1.177217|-0.166290|-9.600000|0.000000|-3479538.230624|0.769075|-0.000000|-7.572264|-7.958446|0.049824|0.022741|-0.010927|17961.557264|-0.598509|-0.981412|3.034012|-0.598097|0.519517|-1.524707|0.094744|-2.270042|-3156.134477|-70092569.786504|-411.484409|171934.178108|-0.000003|-185161.681586|-0.670373|0.010358|15.406523|0.015749|-9.396577|-20.900000|0.143047|-0.981412|-35.243308
1451|-82479280.089792|-1.077547|-1.275881|-11.600000|-5.878070|-12.602898|-2.037461|-1.695027|-4861.000000|-1.096702|0.285161|-81348834.953868|-0.023808|-3.025437|-1.177421|-0.177464|-3.600000|-2.000000|-3473381.449686|0.769075|-0.000000|-4.052305|-7.164267|0.055013|0.022741|-0.008629|15699.579352|-0.597197|-0.959778|1.551546|-0.504265|0.519517|-1.524707|0.168933|-2.270042|-3156.503215|-108105990.068651|-325.430115|171934.178108|-0.000003|-185161.681586|-0.662295|0.012047|15.414825|0.016137|-9.396577|-20.125000|0.143047|-0.959778|-35.243308
1452|-79414143.710208|-1.042872|-1.275881|-11.600000|-5.204215|-12.545480|-2.037461|-1.695027|-4861.000000|-1.061657|0.285161|-80468514.098253|-0.023808|-3.025437|-1.177320|-0.202715|-9.600000|-2.000000|-3473380.714577|0.769075|-0.000000|-5.063992|-5.475733|0.060202|0.022741|-0.007705|11269.868721|-0.601651|-0.966115|1.926192|-0.401034|0.519517|-1.524707|0.269021|-2.270042|-3155.970991|-108195794.825630|-356.566955|171934.178108|-0.000003|-185161.681586|-0.654217|0.013221|15.427121|0.016287|-9.364296|-17.433333|0.143047|-0.966115|-35.243308
1453|-75394123.760592|-1.064365|-1.275881|-10.400000|-3.789981|-12.112576|-2.037461|-1.695027|-4861.000000|-1.278368|0.285161|-77601997.754762|-0.023808|-3.025437|-1.177270|-0.244185|-7.600000|-2.000000|-3473144.613982|0.769075|-0.000000|-5.046519|-3.615595|0.064591|0.022741|-0.006307|8624.513572|-0.601439|-0.978662|1.926192|-0.288770|0.519517|-1.524707|0.340485|-2.270042|-3156.508705|-108195794.825630|-344.399319|171934.178108|-0.000003|-185161.681586|-0.646139|0.014899|15.443199|0.016252|-9.332015|-16.591667|0.143047|-0.978662|-35.243308
1454|-81242624.377372|-1.035267|-1.275881|-9.400000|-3.789981|-11.720903|-2.037461|-1.695027|-4861.000000|-1.513773|0.285161|-83302315.212333|-0.023808|-3.025437|-1.177245|-0.256104|-7.600000|-2.000000|-3468450.544276|0.769075|-0.000000|-3.865523|-2.261581|0.068179|0.022741|-0.004534|7181.264616|-0.587827|-0.972797|1.153672|-0.170759|0.519517|-1.524707|0.396057|-2.270042|-3155.790756|-108195794.825630|-343.490873|171934.178108|-0.000003|-185161.681586|-0.638061|0.017372|15.462654|0.016152|-9.299733|-15.825000|0.143047|-0.972797|-35.243308
1455|-84914244.143874|-1.107802|-1.275881|-8.400000|-3.789981|-10.795103|-2.037461|-1.695027|-4861.000000|-2.188328|0.285161|-87203367.826285|-0.023808|-2.544794|-1.177030|-0.256104|-9.600000|-2.000000|-3465990.158292|0.769075|-0.000000|-1.414036|-2.226379|0.070348|0.022741|-0.003182|6405.516137|-0.566470|-0.968897|1.719305|-0.048958|0.463512|-1.524707|0.492444|-2.270042|-3155.991721|-108195794.825630|-358.733240|171934.178108|-0.000003|-185161.681586|-0.629983|0.015149|15.486933|0.016027|-9.267452|-15.625000|0.143047|-0.968897|-35.243308
1456|-89213163.411712|-1.076089|-1.096702|-7.600000|-5.522384|-10.338427|-2.037461|-1.695027|-4861.000000|-2.188328|0.285161|-91795162.924531|-0.023808|-1.304472|-1.177125|-0.256104|-7.600000|-2.000000|-3465582.669642|0.769075|-0.000000|-3.083538|-2.349575|0.072518|0.022741|-0.001447|8985.090189|-0.555363|-0.926990|2.126494|0.072179|0.463512|-1.524707|0.544563|-2.270042|-3156.050608|-108195794.825630|-346.658274|171934.178108|-0.000002|-185161.681586|-0.619392|0.014540|15.516564|0.015951|-9.235171|-12.916667|0.143047|-0.926990|-35.243308
1457|-92825078.089068|-1.055620|-1.061657|-7.600000|-5.522384|-9.925243|-1.463594|-1.695027|-4861.000000|-2.270042|-0.508787|-95571843.160066|-0.023808|2.315689|-1.177577|-0.256104|-1.600000|-2.000000|-3457881.939770|0.769075|-0.000000|-1.397932|-2.784253|0.074687|0.022741|-0.000138|10373.119169|-0.555268|-0.935435|0.149605|0.187874|0.463512|-1.524707|0.608500|-2.270042|-3155.772135|-108519848.191412|-287.127523|171934.178108|-0.000002|-185161.681586|-0.615822|0.011152|15.550264|0.015912|-9.202890|-17.733333|0.143047|-0.935435|-35.243308
1458|-93211089.627534|-1.088363|-1.278368|-7.600000|-5.522384|-9.741886|-1.463594|-1.695027|-4861.000000|-2.270042|-0.561577|-96128124.478384|-0.023808|3.125770|-1.177804|-0.256104|-9.600000|-2.000000|-3455719.911596|0.769075|-0.000000|-3.605989|-3.097868|0.076856|0.022741|0.001286|12543.598566|-0.554580|-0.958684|0.940479|0.293534|0.463512|-1.524707|0.654619|-2.270042|-3156.285708|-108519848.191412|-287.004418|171934.178108|-0.000003|-185161.681586|-0.615863|0.009823|15.587596|0.015889|-9.170608|-13.341666|0.143047|-0.958684|-35.243308
1459|-96221154.644120|-1.141037|-1.513773|-7.600000|-5.522384|-9.575992|-1.507842|-1.695027|-4861.000000|-2.270042|-0.834915|-99080438.264156|-0.023808|3.334590|-1.177917|-0.278236|-9.600000|-2.000000|-3450187.905828|0.769075|-0.000000|-3.166279|-3.572092|0.079025|0.022741|0.002499|14559.973970|-0.556143|-0.981568|1.301447|0.386034|0.463512|-1.473601|0.697648|-2.270042|-3155.935161|-108519848.191412|-299.533621|171934.178108|-0.000003|-185161.681586|-0.619828|0.009524|15.628464|0.015866|-9.138327|-13.341666|0.143047|-0.981568|-35.243308
