900|nan|nan|nan|nan|nan|nan|nan|nan|nan|nan|nan|nan|nan|nan|nan|nan|nan|nan|nan|nan|nan|nan|nan|nan|nan|nan|nan|nan|nan|nan|nan|nan|nan|nan|nan|nan|nan|nan|nan|nan|nan|nan|nan|nan|nan|nan|nan|nan|nan|nan
901|nan|nan|nan|nan|nan|nan|nan|nan|nan|nan|nan|nan|nan|nan|nan|nan|nan|nan|nan|nan|nan|nan|nan|nan|nan|nan|nan|nan|nan|nan|nan|nan|nan|nan|nan|nan|nan|nan|nan|nan|nan|nan|nan|nan|nan|nan|nan|nan|nan|nan
902|nan|nan|nan|nan|nan|nan|nan|nan|nan|nan|nan|nan|nan|nan|nan|nan|nan|nan|nan|nan|nan|nan|nan|nan|nan|nan|nan|nan|nan|nan|nan|nan|nan|nan|nan|nan|nan|nan|nan|nan|nan|nan|nan|nan|nan|nan|nan|nan|nan|nan
903|nan|nan|nan|nan|nan|nan|nan|nan|nan|nan|nan|nan|nan|nan|nan|nan|nan|nan|nan|nan|nan|nan|nan|nan|nan|nan|nan|nan|nan|nan|nan|nan|nan|nan|nan|nan|nan|nan|nan|nan|nan|nan|nan|nan|nan|nan|nan|nan|nan|nan
904|nan|nan|nan|nan|nan|nan|nan|nan|nan|nan|nan|nan|nan|nan|nan|nan|nan|nan|nan|nan|nan|nan|nan|nan|nan|nan|nan|nan|nan|nan|nan|nan|nan|nan|nan|nan|nan|nan|nan|nan|nan|nan|nan|nan|nan|nan|nan|nan|nan|nan
905|nan|nan|nan|nan|nan|nan|nan|nan|nan|nan|nan|nan|nan|nan|nan|nan|nan|nan|nan|nan|nan|nan|nan|nan|nan|nan|nan|nan|nan|nan|nan|nan|nan|nan|nan|nan|nan|nan|nan|nan|nan|nan|nan|nan|nan|nan|nan|nan|nan|nan
906|nan|nan|nan|nan|nan|nan|nan|nan|nan|nan|nan|nan|nan|nan|nan|nan|nan|nan|nan|nan|nan|nan|nan|nan|nan|nan|nan|nan|nan|nan|nan|nan|nan|nan|nan|nan|nan|nan|nan|nan|nan|nan|nan|nan|nan|nan|nan|nan|nan|nan
907|nan|nan|nan|nan|nan|nan|nan|nan|nan|nan|nan|nan|nan|nan|nan|nan|nan|nan|nan|nan|nan|nan|nan|nan|nan|nan|nan|nan|nan|nan|nan|nan|nan|nan|nan|nan|nan|nan|nan|nan|nan|nan|nan|nan|nan|nan|nan|nan|nan|nan
908|nan|nan|nan|nan|nan|nan|nan|nan|nan|nan|nan|nan|nan|nan|nan|nan|nan|nan|nan|nan|nan|nan|nan|nan|nan|nan|nan|nan|nan|nan|nan|nan|nan|nan|nan|nan|nan|nan|nan|nan|nan|nan|nan|nan|nan|nan|nan|nan|nan|nan
909|nan|nan|nan|nan|nan|nan|nan|nan|nan|nan|nan|nan|nan|nan|nan|nan|nan|nan|nan|nan|nan|nan|nan|nan|nan|nan|nan|nan|nan|nan|nan|nan|nan|nan|nan|nan|nan|nan|nan|nan|nan|nan|nan|nan|nan|nan|nan|nan|nan|nan
910|nan|nan|nan|nan|nan|nan|nan|nan|nan|nan|nan|nan|nan|nan|nan|nan|nan|nan|nan|nan|nan|nan|nan|nan|nan|nan|nan|nan|nan|nan|nan|nan|nan|nan|nan|nan|nan|nan|nan|nan|nan|nan|nan|nan|nan|nan|nan|nan|nan|nan
911|nan|nan|nan|nan|nan|nan|nan|nan|nan|nan|nan|nan|nan|nan|nan|nan|nan|nan|nan|nan|nan|nan|nan|nan|nan|nan|nan|nan|nan|nan|nan|nan|nan|nan|nan|nan|nan|nan|nan|nan|nan|nan|nan|nan|nan|nan|nan|nan|nan|nan
912|nan|nan|nan|nan|nan|nan|nan|nan|nan|nan|nan|nan|nan|nan|nan|nan|nan|nan|nan|nan|nan|nan|nan|nan|nan|nan|nan|nan|nan|nan|nan|nan|nan|nan|nan|nan|nan|nan|nan|nan|nan|nan|nan|nan|nan|nan|nan|nan|nan|nan
913|nan|nan|nan|nan|nan|nan|nan|nan|nan|nan|nan|nan|nan|nan|nan|nan|nan|nan|nan|nan|nan|nan|nan|nan|nan|nan|nan|nan|nan|nan|nan|nan|nan|nan|nan|nan|nan|nan|nan|nan|nan|nan|nan|nan|nan|nan|nan|nan|nan|nan
914|nan|nan|nan|nan|nan|nan|nan|nan|nan|nan|nan|nan|nan|nan|nan|nan|nan|nan|nan|nan|nan|nan|nan|nan|nan|nan|nan|nan|nan|nan|nan|nan|nan|nan|nan|nan|nan|nan|nan|nan|nan|nan|nan|nan|nan|nan|nan|nan|nan|nan
915|nan|nan|nan|nan|nan|nan|nan|nan|nan|nan|nan|nan|nan|nan|nan|nan|nan|nan|nan|nan|nan|nan|nan|nan|nan|nan|nan|nan|nan|nan|nan|nan|nan|nan|nan|nan|nan|nan|nan|nan|nan|nan|nan|nan|nan|nan|nan|nan|nan|nan
916|nan|nan|nan|nan|nan|nan|nan|nan|nan|nan|nan|nan|nan|nan|nan|nan|nan|nan|nan|nan|nan|nan|nan|nan|nan|nan|nan|nan|nan|nan|nan|nan|nan|nan|nan|nan|nan|nan|nan|nan|nan|nan|nan|nan|nan|nan|nan|nan|nan|nan
917|nan|nan|nan|nan|nan|nan|nan|nan|nan|nan|nan|nan|nan|nan|nan|nan|nan|nan|nan|nan|nan|nan|nan|nan|nan|nan|nan|nan|nan|nan|nan|nan|nan|nan|nan|nan|nan|nan|nan|nan|nan|nan|nan|nan|nan|nan|nan|nan|nan|nan
918|nan|nan|nan|nan|nan|nan|nan|nan|nan|nan|nan|nan|nan|nan|nan|nan|nan|nan|nan|nan|nan|nan|nan|nan|nan|nan|nan|nan|nan|nan|nan|nan|nan|nan|nan|nan|nan|nan|nan|nan|nan|nan|nan|nan|nan|nan|nan|nan|nan|nan
919|nan|nan|nan|nan|nan|nan|nan|nan|nan|nan|nan|nan|nan|nan|nan|nan|nan|nan|nan|nan|nan|nan|nan|nan|nan|nan|nan|nan|nan|nan|nan|nan|nan|nan|nan|nan|nan|nan|nan|nan|nan|nan|nan|nan|nan|nan|nan|nan|nan|nan
920|nan|nan|nan|nan|nan|nan|nan|nan|nan|nan|nan|nan|nan|nan|nan|nan|nan|nan|nan|nan|nan|nan|nan|nan|nan|nan|nan|nan|nan|nan|nan|nan|nan|nan|nan|nan|nan|nan|nan|nan|nan|nan|nan|nan|nan|nan|nan|nan|nan|nan
921|nan|nan|nan|nan|nan|nan|nan|nan|nan|nan|nan|nan|nan|nan|nan|nan|nan|nan|nan|nan|nan|nan|nan|nan|nan|nan|nan|nan|nan|nan|nan|nan|nan|nan|nan|nan|nan|nan|nan|nan|nan|nan|nan|nan|nan|nan|nan|nan|nan|nan
922|nan|nan|nan|nan|nan|nan|nan|nan|nan|nan|nan|nan|nan|nan|nan|nan|nan|nan|nan|nan|nan|nan|nan|nan|nan|nan|nan|nan|nan|nan|nan|nan|nan|nan|nan|nan|nan|nan|nan|nan|nan|nan|nan|nan|nan|nan|nan|nan|nan|nan
923|nan|nan|nan|nan|nan|nan|nan|nan|nan|nan|nan|nan|nan|nan|nan|nan|nan|nan|nan|nan|nan|nan|nan|nan|nan|nan|nan|nan|nan|nan|nan|nan|nan|nan|nan|nan|nan|nan|nan|nan|nan|nan|nan|nan|nan|nan|nan|nan|nan|nan
924|nan|nan|nan|nan|nan|nan|nan|nan|nan|nan|nan|nan|nan|nan|nan|nan|nan|nan|nan|nan|nan|nan|nan|nan|nan|nan|nan|nan|nan|nan|nan|nan|nan|nan|nan|nan|nan|nan|nan|nan|nan|nan|nan|nan|nan|nan|nan|nan|nan|nan
925|nan|nan|nan|nan|nan|nan|nan|nan|nan|nan|nan|nan|nan|nan|nan|nan|nan|nan|nan|nan|nan|nan|nan|nan|nan|nan|nan|nan|nan|nan|nan|nan|nan|nan|nan|nan|nan|nan|nan|nan|nan|nan|nan|nan|nan|nan|nan|nan|nan|nan
926|nan|nan|nan|nan|nan|nan|nan|nan|nan|nan|nan|nan|nan|nan|nan|nan|nan|nan|nan|nan|nan|nan|nan|nan|nan|nan|nan|nan|nan|nan|nan|nan|nan|nan|nan|nan|nan|nan|nan|nan|nan|nan|nan|nan|nan|nan|nan|nan|nan|nan
927|nan|nan|nan|nan|nan|nan|nan|nan|nan|nan|nan|nan|nan|nan|nan|nan|nan|nan|nan|nan|nan|nan|nan|nan|nan|nan|nan|nan|nan|nan|nan|nan|nan|nan|nan|nan|nan|nan|nan|nan|nan|nan|nan|nan|nan|nan|nan|nan|nan|nan
928|nan|nan|nan|nan|nan|nan|nan|nan|nan|nan|nan|nan|nan|nan|nan|nan|nan|nan|nan|nan|nan|nan|nan|nan|nan|nan|nan|nan|nan|nan|nan|nan|nan|nan|nan|nan|nan|nan|nan|nan|nan|nan|nan|nan|nan|nan|nan|nan|nan|nan
929|nan|nan|nan|nan|nan|nan|nan|nan|nan|nan|nan|nan|nan|nan|nan|nan|nan|nan|nan|nan|nan|nan|nan|nan|nan|nan|nan|nan|nan|nan|nan|nan|nan|nan|nan|nan|nan|nan|nan|nan|nan|nan|nan|nan|nan|nan|nan|nan|nan|nan
930|nan|nan|nan|nan|nan|nan|nan|nan|nan|nan|nan|nan|nan|nan|nan|nan|nan|nan|nan|nan|nan|nan|nan|nan|nan|nan|nan|nan|nan|nan|nan|nan|nan|nan|nan|nan|nan|nan|nan|nan|nan|nan|nan|nan|nan|nan|nan|nan|nan|nan
931|nan|nan|nan|nan|nan|nan|nan|nan|nan|nan|nan|nan|nan|nan|nan|nan|nan|nan|nan|nan|nan|nan|nan|nan|nan|nan|nan|nan|nan|nan|nan|nan|nan|nan|nan|nan|nan|nan|nan|nan|nan|nan|nan|nan|nan|nan|nan|nan|nan|nan
932|nan|nan|nan|nan|nan|nan|nan|nan|nan|nan|nan|nan|nan|nan|nan|nan|nan|nan|nan|nan|nan|nan|nan|nan|nan|nan|nan|nan|nan|nan|nan|nan|nan|nan|nan|nan|nan|nan|nan|nan|nan|nan|nan|nan|nan|nan|nan|nan|nan|nan
933|nan|nan|nan|nan|nan|nan|nan|nan|nan|nan|nan|nan|nan|nan|nan|nan|nan|nan|nan|nan|nan|nan|nan|nan|nan|nan|nan|nan|nan|nan|nan|nan|nan|nan|nan|nan|nan|nan|nan|nan|nan|nan|nan|nan|nan|nan|nan|nan|nan|nan
934|nan|nan|nan|nan|nan|nan|nan|nan|nan|nan|nan|nan|nan|nan|nan|nan|nan|nan|nan|nan|nan|nan|nan|nan|nan|nan|nan|nan|nan|nan|nan|nan|nan|nan|nan|nan|nan|nan|nan|nan|nan|nan|nan|nan|nan|nan|nan|nan|nan|nan
935|nan|nan|nan|nan|nan|nan|nan|nan|nan|nan|nan|nan|nan|nan|nan|nan|nan|nan|nan|nan|nan|nan|nan|nan|nan|nan|nan|nan|nan|nan|nan|nan|nan|nan|nan|nan|nan|nan|nan|nan|nan|nan|nan|nan|nan|nan|nan|nan|nan|nan
936|nan|nan|nan|nan|nan|nan|nan|nan|nan|nan|nan|nan|nan|nan|nan|nan|nan|nan|nan|nan|nan|nan|nan|nan|nan|nan|nan|nan|nan|nan|nan|nan|nan|nan|nan|nan|nan|nan|nan|nan|nan|nan|nan|nan|nan|nan|nan|nan|nan|nan
937|nan|nan|nan|nan|nan|nan|nan|nan|nan|nan|nan|nan|nan|nan|nan|nan|nan|nan|nan|nan|nan|nan|nan|nan|nan|nan|nan|nan|nan|nan|nan|nan|nan|nan|nan|nan|nan|nan|nan|nan|nan|nan|nan|nan|nan|nan|nan|nan|nan|nan
938|nan|nan|nan|nan|nan|nan|nan|nan|nan|nan|nan|nan|nan|nan|nan|nan|nan|nan|nan|nan|nan|nan|nan|nan|nan|nan|nan|nan|nan|nan|nan|nan|nan|nan|nan|nan|nan|nan|nan|nan|nan|nan|nan|nan|nan|nan|nan|nan|nan|nan
939|nan|nan|nan|nan|nan|nan|nan|nan|nan|nan|nan|nan|nan|nan|nan|nan|nan|nan|nan|nan|nan|nan|nan|nan|nan|nan|nan|nan|nan|nan|nan|nan|nan|nan|nan|nan|nan|nan|nan|nan|nan|nan|nan|nan|nan|nan|nan|nan|nan|nan
940|nan|nan|nan|nan|nan|nan|nan|nan|nan|nan|nan|nan|nan|nan|nan|nan|nan|nan|nan|nan|nan|nan|nan|nan|nan|nan|nan|nan|nan|nan|nan|nan|nan|nan|nan|nan|nan|nan|nan|nan|nan|nan|nan|nan|nan|nan|nan|nan|nan|nan
941|nan|nan|nan|nan|nan|nan|nan|nan|nan|nan|nan|nan|nan|nan|nan|nan|nan|nan|nan|nan|nan|nan|nan|nan|nan|nan|nan|nan|nan|nan|nan|nan|nan|nan|nan|nan|nan|nan|nan|nan|nan|nan|nan|nan|nan|nan|nan|nan|nan|nan
942|nan|nan|nan|nan|nan|nan|nan|nan|nan|nan|nan|nan|nan|nan|nan|nan|nan|nan|nan|nan|nan|nan|nan|nan|nan|nan|nan|nan|nan|nan|nan|nan|nan|nan|nan|nan|nan|nan|nan|nan|nan|nan|nan|nan|nan|nan|nan|nan|nan|nan
943|nan|nan|nan|nan|nan|nan|nan|nan|nan|nan|nan|nan|nan|nan|nan|nan|nan|nan|nan|nan|nan|nan|nan|nan|nan|nan|nan|nan|nan|nan|nan|nan|nan|nan|nan|nan|nan|nan|nan|nan|nan|nan|nan|nan|nan|nan|nan|nan|nan|nan
944|nan|nan|nan|nan|nan|nan|nan|nan|nan|nan|nan|nan|nan|nan|nan|nan|nan|nan|nan|nan|nan|nan|nan|nan|nan|nan|nan|nan|nan|nan|nan|nan|nan|nan|nan|nan|nan|nan|nan|nan|nan|nan|nan|nan|nan|nan|nan|nan|nan|nan
945|nan|nan|nan|nan|nan|nan|nan|nan|nan|nan|nan|nan|nan|nan|nan|nan|nan|nan|nan|nan|nan|nan|nan|nan|nan|nan|nan|nan|nan|nan|nan|nan|nan|nan|nan|nan|nan|nan|nan|nan|nan|nan|nan|nan|nan|nan|nan|nan|nan|nan
946|nan|nan|nan|nan|nan|nan|nan|nan|nan|nan|nan|nan|nan|nan|nan|nan|nan|nan|nan|nan|nan|nan|nan|nan|nan|nan|nan|nan|nan|nan|nan|nan|nan|nan|nan|nan|nan|nan|nan|nan|nan|nan|nan|nan|nan|nan|nan|nan|nan|nan
947|nan|nan|nan|nan|nan|nan|nan|nan|nan|nan|nan|nan|nan|nan|nan|nan|nan|nan|nan|nan|nan|nan|nan|nan|nan|nan|nan|nan|nan|nan|nan|nan|nan|nan|nan|nan|nan|nan|nan|nan|nan|nan|nan|nan|nan|nan|nan|nan|nan|nan
948|nan|nan|nan|nan|nan|nan|nan|nan|nan|nan|nan|nan|nan|nan|nan|nan|nan|nan|nan|nan|nan|nan|nan|nan|nan|nan|nan|nan|nan|nan|nan|nan|nan|nan|nan|nan|nan|nan|nan|nan|nan|nan|nan|nan|nan|nan|nan|nan|nan|nan
949|nan|nan|nan|nan|nan|nan|nan|nan|nan|nan|nan|nan|nan|nan|nan|nan|nan|nan|nan|nan|nan|nan|nan|nan|nan|nan|nan|nan|nan|nan|nan|nan|nan|nan|nan|nan|nan|nan|nan|nan|nan|nan|nan|nan|nan|nan|nan|nan|nan|nan
950|nan|nan|nan|nan|nan|nan|nan|nan|nan|nan|nan|nan|nan|nan|nan|nan|nan|nan|nan|nan|nan|nan|nan|nan|nan|nan|nan|nan|nan|nan|nan|nan|nan|nan|nan|nan|nan|nan|nan|nan|nan|nan|nan|nan|nan|nan|nan|nan|nan|nan
951|nan|nan|nan|nan|nan|nan|nan|nan|nan|nan|nan|nan|nan|nan|nan|nan|nan|nan|nan|nan|nan|nan|nan|nan|nan|nan|nan|nan|nan|nan|nan|nan|nan|nan|nan|nan|nan|nan|nan|nan|nan|nan|nan|nan|nan|nan|nan|nan|nan|nan
952|nan|nan|nan|nan|nan|nan|nan|nan|nan|nan|nan|nan|nan|nan|nan|nan|nan|nan|nan|nan|nan|nan|nan|nan|nan|nan|nan|nan|nan|nan|nan|nan|nan|nan|nan|nan|nan|nan|nan|nan|nan|nan|nan|nan|nan|nan|nan|nan|nan|nan
953|nan|nan|nan|nan|nan|nan|nan|nan|nan|nan|nan|nan|nan|nan|nan|nan|nan|nan|nan|nan|nan|nan|nan|nan|nan|nan|nan|nan|nan|nan|nan|nan|nan|nan|nan|nan|nan|nan|nan|nan|nan|nan|nan|nan|nan|nan|nan|nan|nan|nan
954|nan|nan|nan|nan|nan|nan|nan|nan|nan|nan|nan|nan|nan|nan|nan|nan|nan|nan|nan|nan|nan|nan|nan|nan|nan|nan|nan|nan|nan|nan|nan|nan|nan|nan|nan|nan|nan|nan|nan|nan|nan|nan|nan|nan|nan|nan|nan|nan|nan|nan
955|nan|nan|nan|nan|nan|nan|nan|nan|nan|nan|nan|nan|nan|nan|nan|nan|nan|nan|nan|nan|nan|nan|nan|nan|nan|nan|nan|nan|nan|nan|nan|nan|nan|nan|nan|nan|nan|nan|nan|nan|nan|nan|nan|nan|nan|nan|nan|nan|nan|nan
956|nan|nan|nan|nan|nan|nan|nan|nan|nan|nan|nan|nan|nan|nan|nan|nan|nan|nan|nan|nan|nan|nan|nan|nan|nan|nan|nan|nan|nan|nan|nan|nan|nan|nan|nan|nan|nan|nan|nan|nan|nan|nan|nan|nan|nan|nan|nan|nan|nan|nan
957|nan|nan|nan|nan|nan|nan|nan|nan|nan|nan|nan|nan|nan|nan|nan|nan|nan|nan|nan|nan|nan|nan|nan|nan|nan|nan|nan|nan|nan|nan|nan|nan|nan|nan|nan|nan|nan|nan|nan|nan|nan|nan|nan|nan|nan|nan|nan|nan|nan|nan
958|nan|nan|nan|nan|nan|nan|nan|nan|nan|nan|nan|nan|nan|nan|nan|nan|nan|nan|nan|nan|nan|nan|nan|nan|nan|nan|nan|nan|nan|nan|nan|nan|nan|nan|nan|nan|nan|nan|nan|nan|nan|nan|nan|nan|nan|nan|nan|nan|nan|nan
959|nan|nan|nan|nan|nan|nan|nan|nan|nan|nan|nan|nan|nan|nan|nan|nan|nan|nan|nan|nan|nan|nan|nan|nan|nan|nan|nan|nan|nan|nan|nan|nan|nan|nan|nan|nan|nan|nan|nan|nan|nan|nan|nan|nan|nan|nan|nan|nan|nan|nan
1000|nan|nan|nan|nan|nan|nan|nan|nan|nan|nan|nan|nan|nan|nan|nan|nan|nan|nan|nan|nan|nan|nan|nan|nan|nan|nan|nan|nan|nan|nan|nan|nan|nan|nan|nan|nan|nan|nan|nan|nan|nan|nan|nan|nan|nan|nan|nan|nan|nan|nan
1001|nan|nan|nan|nan|nan|nan|nan|nan|nan|nan|nan|nan|nan|nan|nan|nan|nan|nan|nan|nan|nan|nan|nan|nan|nan|nan|nan|nan|nan|nan|nan|nan|nan|nan|nan|nan|nan|nan|nan|nan|nan|nan|nan|nan|nan|nan|nan|nan|nan|nan
1002|nan|nan|nan|nan|nan|nan|nan|nan|nan|nan|nan|nan|nan|nan|nan|nan|nan|nan|nan|nan|nan|nan|nan|nan|nan|nan|nan|nan|nan|nan|nan|nan|nan|nan|nan|nan|nan|nan|nan|nan|nan|nan|nan|nan|nan|nan|nan|nan|nan|nan
1003|nan|nan|nan|nan|nan|nan|nan|nan|nan|nan|nan|nan|nan|nan|nan|nan|nan|nan|nan|nan|nan|nan|nan|nan|nan|nan|nan|nan|nan|nan|nan|nan|nan|nan|nan|nan|nan|nan|nan|nan|nan|nan|nan|nan|nan|nan|nan|nan|nan|nan
1004|nan|nan|nan|nan|nan|nan|nan|nan|nan|nan|nan|nan|nan|nan|nan|nan|nan|nan|nan|nan|nan|nan|nan|nan|nan|nan|nan|nan|nan|nan|nan|nan|nan|nan|nan|nan|nan|nan|nan|nan|nan|nan|nan|nan|nan|nan|nan|nan|nan|nan
1005|nan|nan|nan|nan|nan|nan|nan|nan|nan|nan|nan|nan|nan|nan|nan|nan|nan|nan|nan|nan|nan|nan|nan|nan|nan|nan|nan|nan|nan|nan|nan|nan|nan|nan|nan|nan|nan|nan|nan|nan|nan|nan|nan|nan|nan|nan|nan|nan|nan|nan
1006|nan|nan|nan|nan|nan|nan|nan|nan|nan|nan|nan|nan|nan|nan|nan|nan|nan|nan|nan|nan|nan|nan|nan|nan|nan|nan|nan|nan|nan|nan|nan|nan|nan|nan|nan|nan|nan|nan|nan|nan|nan|nan|nan|nan|nan|nan|nan|nan|nan|nan
1007|nan|nan|nan|nan|nan|nan|nan|nan|nan|nan|nan|nan|nan|nan|nan|nan|nan|nan|nan|nan|nan|nan|nan|nan|nan|nan|nan|nan|nan|nan|nan|nan|nan|nan|nan|nan|nan|nan|nan|nan|nan|nan|nan|nan|nan|nan|nan|nan|nan|nan
1008|nan|nan|nan|nan|nan|nan|nan|nan|nan|nan|nan|nan|nan|nan|nan|nan|nan|nan|nan|nan|nan|nan|nan|nan|nan|nan|nan|nan|nan|nan|nan|nan|nan|nan|nan|nan|nan|nan|nan|nan|nan|nan|nan|nan|nan|nan|nan|nan|nan|nan
1009|nan|nan|nan|nan|nan|nan|nan|nan|nan|nan|nan|nan|nan|nan|nan|nan|nan|nan|nan|nan|nan|nan|nan|nan|nan|nan|nan|nan|nan|nan|nan|nan|nan|nan|nan|nan|nan|nan|nan|nan|nan|nan|nan|nan|nan|nan|nan|nan|nan|nan
1010|nan|nan|nan|nan|nan|nan|nan|nan|nan|nan|nan|nan|nan|nan|nan|nan|nan|nan|nan|nan|nan|nan|nan|nan|nan|nan|nan|nan|nan|nan|nan|nan|nan|nan|nan|nan|nan|nan|nan|nan|nan|nan|nan|nan|nan|nan|nan|nan|nan|nan
1011|nan|nan|nan|nan|nan|nan|nan|nan|nan|nan|nan|nan|nan|nan|nan|nan|nan|nan|nan|nan|nan|nan|nan|nan|nan|nan|nan|nan|nan|nan|nan|nan|nan|nan|nan|nan|nan|nan|nan|nan|nan|nan|nan|nan|nan|nan|nan|nan|nan|nan
1012|nan|nan|nan|nan|nan|nan|nan|nan|nan|nan|nan|nan|nan|nan|nan|nan|nan|nan|nan|nan|nan|nan|nan|nan|nan|nan|nan|nan|nan|nan|nan|nan|nan|nan|nan|nan|nan|nan|nan|nan|nan|nan|nan|nan|nan|nan|nan|nan|nan|nan
1013|nan|nan|nan|nan|nan|nan|nan|nan|nan|nan|nan|nan|nan|nan|nan|nan|nan|nan|nan|nan|nan|nan|nan|nan|nan|nan|nan|nan|nan|nan|nan|nan|nan|nan|nan|nan|nan|nan|nan|nan|nan|nan|nan|nan|nan|nan|nan|nan|nan|nan
1014|nan|nan|nan|nan|nan|nan|nan|nan|nan|nan|nan|nan|nan|nan|nan|nan|nan|nan|nan|nan|nan|nan|nan|nan|nan|nan|nan|nan|nan|0.000000|nan|nan|nan|nan|nan|nan|nan|nan|nan|nan|nan|nan|nan|nan|nan|nan|nan|nan|nan|nan
1030|nan|nan|nan|nan|nan|nan|nan|nan|nan|nan|nan|nan|nan|nan|nan|nan|nan|nan|nan|nan|nan|nan|nan|nan|nan|nan|nan|nan|nan|0.000000|nan|nan|nan|nan|nan|nan|nan|nan|nan|nan|nan|nan|nan|nan|nan|nan|nan|nan|nan|nan
1031|nan|nan|nan|nan|nan|nan|nan|nan|nan|nan|nan|nan|nan|nan|nan|nan|nan|nan|nan|nan|nan|nan|nan|nan|nan|nan|nan|nan|nan|-12.443212|nan|nan|nan|nan|nan|nan|nan|nan|nan|nan|nan|nan|nan|nan|nan|nan|nan|nan|nan|nan
1032|nan|nan|nan|nan|nan|nan|nan|nan|nan|nan|nan|nan|nan|nan|nan|nan|nan|nan|nan|nan|nan|nan|nan|nan|nan|nan|nan|nan|nan|-28.050477|nan|nan|nan|nan|nan|nan|nan|nan|nan|nan|nan|nan|nan|nan|nan|nan|nan|nan|nan|nan
1033|nan|nan|nan|nan|nan|nan|nan|nan|nan|nan|nan|nan|nan|nan|nan|nan|nan|nan|nan|nan|nan|nan|nan|nan|nan|nan|nan|nan|nan|-14.919099|nan|nan|nan|nan|nan|nan|nan|nan|nan|nan|nan|nan|nan|nan|nan|nan|nan|nan|nan|nan
1034|nan|nan|nan|nan|nan|nan|nan|nan|nan|nan|nan|nan|nan|nan|nan|nan|nan|nan|nan|nan|nan|nan|nan|nan|nan|nan|nan|nan|nan|-37.570903|nan|nan|nan|nan|nan|nan|nan|nan|nan|nan|nan|nan|nan|nan|nan|nan|nan|nan|nan|nan
1035|nan|nan|nan|nan|nan|nan|nan|nan|nan|nan|nan|nan|nan|nan|nan|nan|nan|nan|nan|nan|nan|nan|nan|nan|nan|nan|nan|nan|nan|-42.986618|nan|nan|nan|nan|nan|nan|nan|nan|nan|nan|nan|nan|nan|nan|nan|nan|nan|nan|nan|nan
1036|nan|nan|nan|nan|nan|nan|nan|nan|nan|nan|nan|nan|nan|nan|nan|nan|nan|nan|nan|nan|nan|nan|nan|nan|nan|nan|nan|nan|nan|-23.441176|nan|nan|nan|nan|nan|nan|nan|nan|nan|nan|nan|nan|nan|nan|nan|nan|nan|nan|nan|nan
1037|nan|nan|nan|nan|nan|nan|nan|nan|nan|nan|nan|nan|nan|nan|nan|nan|nan|nan|nan|nan|nan|nan|nan|nan|nan|nan|nan|nan|nan|-20.836600|nan|nan|nan|nan|nan|nan|nan|nan|nan|nan|nan|nan|nan|nan|nan|nan|nan|nan|nan|nan
1038|nan|nan|nan|nan|nan|nan|nan|nan|nan|nan|nan|nan|nan|nan|nan|nan|nan|nan|nan|nan|nan|nan|nan|nan|nan|nan|nan|nan|nan|-18.752940|nan|nan|nan|nan|nan|nan|nan|nan|nan|nan|nan|nan|nan|nan|nan|nan|nan|nan|nan|nan
1039|nan|nan|nan|nan|nan|nan|nan|nan|nan|nan|nan|nan|nan|nan|nan|nan|nan|nan|nan|nan|nan|nan|nan|nan|nan|nan|nan|nan|nan|204.430526|nan|nan|nan|nan|nan|nan|nan|nan|nan|nan|nan|nan|nan|nan|nan|nan|nan|nan|nan|nan
1040|nan|nan|nan|nan|nan|nan|nan|nan|nan|nan|nan|nan|nan|nan|nan|nan|nan|nan|nan|nan|nan|nan|nan|nan|nan|nan|nan|nan|nan|139.553539|nan|nan|nan|nan|nan|nan|nan|nan|nan|nan|nan|nan|nan|nan|nan|nan|nan|nan|nan|nan
1041|nan|nan|nan|nan|nan|nan|nan|nan|nan|nan|nan|nan|nan|nan|nan|nan|nan|nan|nan|nan|nan|nan|nan|nan|nan|nan|nan|nan|nan|152.485391|nan|nan|nan|nan|nan|nan|nan|nan|nan|nan|nan|nan|nan|nan|nan|nan|nan|nan|nan|nan
1042|nan|nan|nan|nan|nan|nan|nan|nan|nan|nan|nan|nan|nan|nan|nan|nan|nan|nan|nan|nan|nan|nan|nan|nan|nan|nan|nan|nan|nan|163.629284|nan|nan|nan|nan|nan|nan|nan|nan|nan|nan|nan|nan|nan|nan|nan|nan|nan|nan|nan|nan
1043|nan|nan|nan|nan|nan|nan|nan|nan|nan|nan|nan|nan|nan|nan|nan|nan|nan|nan|nan|nan|nan|nan|nan|nan|nan|nan|nan|nan|nan|204.130898|nan|nan|nan|nan|nan|nan|nan|nan|nan|nan|nan|nan|nan|nan|nan|nan|nan|nan|nan|nan
1044|nan|nan|nan|nan|nan|nan|nan|nan|nan|nan|nan|nan|nan|nan|nan|nan|nan|nan|nan|nan|nan|nan|nan|nan|nan|nan|nan|nan|nan|191.372717|nan|0.297463|nan|nan|nan|-2453.643588|nan|nan|nan|nan|-120305.215749|nan|nan|9.310996|nan|-4.224908|nan|-0.531085|nan|nan
1045|nan|nan|nan|nan|nan|nan|nan|nan|nan|nan|nan|nan|nan|nan|nan|nan|nan|nan|nan|nan|nan|nan|nan|nan|nan|nan|nan|nan|nan|175.607610|nan|0.297463|nan|nan|nan|-2454.289447|nan|nan|nan|nan|-120305.215749|nan|nan|9.279653|nan|-4.224908|nan|-0.531085|nan|nan
1046|nan|nan|nan|nan|nan|nan|nan|nan|nan|nan|nan|nan|nan|nan|nan|nan|nan|nan|nan|nan|nan|nan|nan|nan|nan|nan|nan|nan|nan|134.065466|nan|0.297463|nan|nan|nan|-2455.017860|nan|nan|nan|nan|-120305.215749|nan|nan|9.248445|nan|-4.224908|nan|-0.531085|nan|nan
1047|nan|nan|nan|nan|nan|nan|nan|nan|nan|nan|nan|nan|nan|nan|nan|nan|nan|nan|nan|nan|nan|nan|nan|nan|nan|nan|nan|nan|nan|127.009388|nan|0.297463|nan|nan|nan|-2453.991982|nan|nan|nan|nan|-120305.215749|nan|nan|9.217528|nan|-4.224908|nan|-0.531085|nan|nan
1048|nan|nan|nan|nan|nan|nan|nan|nan|nan|nan|nan|nan|nan|nan|nan|nan|nan|nan|nan|nan|nan|nan|nan|nan|nan|nan|nan|nan|nan|118.772413|nan|0.297463|nan|nan|nan|-2454.519736|nan|nan|nan|nan|-120305.215749|nan|nan|9.187299|nan|-4.224908|nan|-0.531085|nan|nan
1049|nan|nan|nan|nan|nan|nan|nan|nan|nan|nan|nan|nan|nan|nan|nan|nan|nan|nan|nan|nan|nan|nan|nan|nan|nan|nan|nan|nan|nan|120.256819|nan|0.297463|nan|nan|nan|-2453.763464|nan|nan|nan|nan|-120305.215749|nan|nan|9.157488|nan|-4.224908|nan|-0.482711|nan|nan
1050|nan|nan|nan|nan|nan|nan|nan|nan|nan|nan|nan|nan|nan|nan|nan|nan|nan|nan|nan|nan|nan|nan|nan|nan|nan|nan|nan|nan|nan|111.406080|nan|0.297463|nan|nan|nan|-2454.504066|nan|nan|nan|nan|-120305.215749|nan|nan|9.128195|nan|-4.224908|nan|-0.482711|nan|nan
1051|nan|nan|nan|nan|nan|nan|nan|nan|nan|nan|nan|nan|nan|nan|nan|nan|nan|nan|nan|nan|nan|nan|nan|nan|nan|nan|nan|nan|nan|100.138936|nan|0.297463|nan|nan|nan|-2454.910431|nan|nan|nan|nan|-120305.215749|nan|nan|9.100023|nan|-4.224908|nan|-0.482711|nan|nan
1052|nan|nan|nan|nan|nan|nan|nan|nan|nan|nan|nan|nan|nan|nan|nan|nan|nan|nan|nan|nan|nan|nan|nan|nan|nan|nan|nan|nan|nan|95.966480|nan|0.297463|nan|nan|nan|-2453.997023|nan|nan|nan|nan|-120305.215749|nan|nan|9.072054|nan|-4.224908|nan|-0.482711|nan|nan
1053|nan|nan|nan|nan|nan|nan|nan|nan|nan|nan|nan|nan|nan|nan|nan|nan|nan|nan|nan|nan|nan|nan|nan|nan|nan|nan|nan|nan|nan|90.680815|nan|0.297463|nan|nan|nan|-2453.993653|nan|nan|nan|nan|-120305.215749|nan|nan|9.044230|nan|-4.224908|nan|-0.482711|nan|nan
1054|nan|nan|nan|nan|nan|nan|nan|nan|nan|nan|nan|nan|nan|nan|nan|nan|nan|nan|nan|nan|nan|nan|nan|nan|nan|nan|nan|nan|nan|87.193092|nan|0.297463|nan|nan|nan|-2454.792220|nan|nan|nan|nan|-120305.215749|nan|nan|9.016612|nan|-4.224908|nan|-0.395643|nan|nan
1055|nan|nan|nan|nan|nan|nan|nan|nan|nan|nan|nan|nan|nan|nan|nan|nan|nan|nan|nan|nan|nan|nan|nan|nan|nan|nan|nan|nan|nan|81.357227|nan|0.297463|nan|nan|nan|-2454.396139|nan|nan|nan|nan|-120305.215749|nan|nan|8.989369|nan|-4.224908|nan|-0.231563|nan|nan
1056|nan|nan|nan|nan|nan|nan|nan|nan|nan|nan|nan|nan|nan|nan|nan|nan|nan|nan|nan|nan|nan|nan|nan|nan|nan|nan|nan|nan|nan|75.980597|nan|0.297463|nan|nan|nan|-2454.503581|nan|nan|nan|nan|-120305.215749|nan|nan|8.962608|nan|-4.224908|nan|-0.231563|nan|nan
1057|nan|nan|nan|nan|nan|nan|nan|nan|nan|nan|nan|nan|nan|nan|nan|nan|nan|nan|nan|nan|nan|nan|nan|nan|nan|nan|nan|nan|nan|80.386202|nan|0.297463|nan|nan|nan|-2452.055074|nan|nan|nan|nan|-120305.215749|nan|nan|8.936027|nan|-4.224908|nan|-0.136736|nan|nan
1058|nan|nan|nan|nan|nan|nan|nan|nan|nan|nan|nan|nan|nan|nan|nan|nan|nan|nan|nan|nan|nan|nan|nan|nan|nan|nan|nan|nan|nan|77.706662|nan|0.297463|nan|nan|nan|-2454.247571|nan|nan|nan|nan|-120305.215749|nan|nan|8.909653|nan|-4.224908|nan|-0.136736|nan|nan
1059|nan|nan|nan|nan|nan|nan|nan|nan|nan|nan|nan|nan|nan|nan|nan|nan|nan|nan|nan|nan|nan|nan|nan|nan|0.094341|nan|nan|nan|nan|79.361290|nan|0.297463|nan|nan|nan|-2453.495816|nan|nan|nan|nan|-120305.215749|nan|nan|8.883597|nan|-4.224908|nan|-0.108576|nan|-989.968978
1100|nan|nan|nan|nan|nan|nan|nan|nan|nan|nan|nan|nan|nan|nan|nan|nan|nan|nan|nan|nan|nan|nan|nan|nan|0.115818|nan|nan|nan|nan|72.986341|nan|0.297463|nan|nan|nan|-2454.377847|nan|nan|nan|nan|-120305.215749|nan|nan|8.857830|nan|-4.224908|nan|-0.077829|nan|-989.968978
1101|nan|nan|nan|nan|nan|nan|nan|nan|nan|nan|nan|nan|nan|nan|nan|nan|nan|nan|nan|nan|nan|nan|nan|nan|0.132079|nan|nan|nan|nan|70.774634|nan|0.297463|nan|nan|nan|-2454.525438|nan|nan|nan|nan|-120305.215749|nan|nan|8.832303|nan|-4.224908|nan|-0.013749|nan|-989.968978
1102|nan|nan|nan|nan|nan|nan|nan|nan|nan|nan|nan|nan|nan|nan|nan|nan|nan|nan|nan|nan|nan|nan|nan|nan|0.141680|nan|nan|nan|nan|68.693027|nan|0.297463|nan|nan|nan|-2454.727892|nan|nan|nan|nan|-120305.215749|nan|nan|8.807009|nan|-4.224908|nan|-0.013749|nan|-989.968978
1103|nan|nan|nan|nan|nan|nan|nan|nan|nan|nan|nan|nan|nan|nan|nan|nan|nan|nan|nan|nan|nan|nan|nan|nan|0.145210|nan|nan|nan|nan|62.034936|nan|0.297463|nan|nan|nan|-2454.580436|nan|nan|nan|nan|-120305.215749|nan|nan|8.784244|nan|-4.224908|nan|-0.013749|nan|-989.968978
1104|nan|nan|nan|nan|nan|nan|nan|nan|nan|nan|nan|nan|nan|nan|nan|nan|nan|nan|nan|nan|nan|nan|nan|nan|0.149137|nan|nan|nan|nan|61.757199|nan|0.297463|nan|nan|nan|-2453.547329|nan|nan|nan|nan|-120305.215749|nan|nan|8.763658|nan|-4.224908|nan|-0.013749|nan|-989.968978
1105|nan|nan|nan|nan|nan|nan|nan|nan|nan|nan|nan|nan|nan|nan|nan|nan|nan|nan|nan|nan|nan|nan|nan|nan|0.151682|nan|nan|nan|nan|58.758249|nan|0.297463|nan|nan|nan|-2454.808389|nan|nan|nan|nan|-120305.215749|nan|nan|8.744606|nan|-4.224908|nan|-0.013749|nan|-989.968978
1106|nan|nan|nan|nan|nan|nan|nan|nan|nan|nan|nan|nan|nan|nan|nan|nan|nan|nan|nan|nan|nan|nan|nan|nan|0.151682|nan|nan|nan|nan|57.211979|nan|0.297463|nan|nan|nan|-2454.387696|nan|nan|nan|nan|-120305.215749|nan|nan|8.726595|nan|-4.224908|nan|-0.013749|nan|-989.968978
1107|nan|nan|nan|nan|nan|nan|nan|nan|nan|nan|nan|nan|nan|nan|nan|nan|nan|nan|nan|nan|nan|nan|nan|nan|0.151682|nan|nan|nan|nan|56.847865|nan|0.297463|nan|nan|nan|-2454.166807|nan|nan|nan|nan|-120305.215749|nan|nan|8.709253|nan|-4.224908|nan|-0.013749|nan|-989.968978
1108|nan|nan|nan|nan|nan|nan|nan|nan|nan|nan|nan|nan|nan|nan|nan|nan|nan|nan|nan|nan|nan|nan|nan|nan|0.151682|nan|nan|nan|nan|56.419180|nan|0.297463|nan|nan|nan|-2453.738823|nan|nan|nan|nan|-120305.215749|nan|nan|8.692838|nan|-4.224908|nan|-0.013749|nan|-989.968978
1109|nan|nan|nan|nan|nan|nan|nan|nan|nan|nan|nan|nan|nan|nan|nan|nan|nan|nan|nan|nan|nan|nan|nan|nan|0.151682|nan|nan|nan|nan|55.043102|nan|0.297463|nan|nan|nan|-2454.187105|nan|nan|nan|nan|-120305.215749|nan|nan|8.677214|nan|-4.224908|nan|-0.013749|nan|-989.968978
1110|nan|nan|nan|nan|nan|nan|nan|nan|nan|nan|nan|nan|nan|nan|nan|nan|nan|nan|nan|nan|nan|nan|nan|nan|0.151682|nan|nan|nan|nan|53.732552|nan|0.297463|nan|nan|nan|-2454.201883|nan|nan|nan|nan|-120305.215749|nan|nan|8.662532|nan|-4.224908|nan|-0.013749|nan|-989.968978
1111|nan|nan|nan|nan|nan|nan|nan|nan|nan|nan|nan|nan|nan|nan|nan|nan|nan|nan|nan|nan|nan|nan|nan|nan|0.151682|nan|nan|nan|nan|51.734725|nan|0.297463|nan|nan|nan|-2453.847729|nan|nan|nan|nan|-120305.215749|nan|nan|8.648747|nan|-4.224908|nan|-0.013749|nan|-989.968978
1112|nan|nan|nan|nan|nan|nan|nan|nan|nan|nan|nan|nan|nan|nan|nan|nan|nan|nan|nan|nan|nan|nan|nan|nan|0.151682|nan|nan|nan|nan|50.558936|nan|0.297463|nan|nan|nan|-2453.602730|nan|nan|nan|nan|-120305.215749|nan|nan|8.635820|nan|-4.224908|nan|-0.013749|nan|-989.968978
1113|nan|nan|nan|nan|nan|nan|nan|nan|nan|nan|nan|nan|nan|nan|nan|nan|nan|nan|nan|nan|nan|nan|nan|nan|0.151682|nan|nan|nan|nan|50.098147|nan|0.297463|nan|nan|nan|-2455.223261|nan|nan|nan|nan|-120305.215749|nan|nan|8.624442|nan|-4.224908|nan|-0.013749|nan|-989.968978
1114|nan|nan|nan|nan|nan|nan|nan|nan|648.600000|nan|nan|-49845831.543963|nan|nan|nan|nan|nan|nan|nan|nan|nan|nan|nan|nan|0.151682|nan|nan|nan|nan|46.153130|nan|0.297463|nan|nan|nan|-2454.302371|nan|nan|nan|nan|-120305.215749|nan|nan|8.614070|nan|-4.224908|nan|-0.013749|nan|-989.968978
1115|nan|nan|nan|nan|nan|nan|nan|nan|648.600000|nan|nan|-49258936.032815|nan|nan|nan|nan|nan|nan|nan|nan|nan|nan|nan|nan|0.151682|nan|nan|nan|nan|45.785423|nan|0.297463|nan|nan|nan|-2453.726940|nan|nan|nan|nan|-120305.215749|nan|nan|8.604904|nan|-4.224908|nan|-0.013749|nan|-989.968978
1116|nan|nan|nan|nan|nan|nan|nan|nan|648.600000|nan|nan|-47250462.307314|nan|nan|nan|nan|nan|nan|nan|nan|nan|nan|nan|nan|0.151682|nan|nan|nan|nan|42.135540|nan|0.297463|nan|nan|nan|-2453.748792|nan|nan|nan|nan|-48452.725906|nan|nan|8.596983|nan|-4.224908|nan|-0.013749|nan|-989.968978
1117|nan|nan|nan|nan|nan|nan|nan|nan|648.600000|nan|nan|-48319975.917513|nan|nan|nan|nan|nan|nan|nan|nan|nan|nan|nan|nan|0.151682|nan|nan|nan|nan|41.275631|nan|0.297463|nan|nan|nan|-2453.479629|nan|nan|nan|nan|-48452.725906|nan|nan|8.590260|nan|-4.224908|nan|-0.013749|nan|-989.968978
1118|nan|nan|nan|nan|nan|nan|nan|nan|648.600000|nan|nan|-47987129.808269|nan|nan|nan|nan|nan|nan|nan|nan|nan|nan|nan|0.098097|0.151682|nan|nan|nan|nan|40.737356|nan|0.297463|nan|nan|nan|-2454.139475|nan|nan|nan|nan|-48452.725906|nan|nan|8.584631|nan|-4.224908|nan|-0.013749|nan|-989.968978
1119|nan|nan|nan|nan|nan|nan|nan|nan|648.600000|nan|nan|-52600379.644728|nan|nan|nan|nan|nan|nan|nan|nan|nan|nan|nan|0.098097|0.151682|nan|nan|nan|nan|40.502005|nan|0.297463|nan|nan|nan|-2453.155993|nan|nan|nan|nan|-48452.725906|nan|nan|8.581305|nan|-4.224908|nan|-0.013749|nan|-989.968978
1120|nan|nan|nan|nan|nan|nan|nan|nan|648.600000|nan|nan|-46317205.680744|nan|nan|nan|nan|nan|nan|nan|nan|nan|nan|nan|0.098097|0.151682|nan|nan|nan|nan|39.723121|nan|0.297463|nan|nan|nan|-2454.601635|nan|nan|nan|nan|-48452.725906|nan|nan|8.579384|nan|-4.224908|nan|-0.013749|nan|-989.968978
1121|nan|nan|nan|nan|nan|nan|nan|nan|648.600000|nan|nan|-46500242.137064|nan|nan|nan|nan|nan|nan|nan|nan|nan|nan|nan|0.098097|0.151682|nan|nan|nan|nan|38.973628|nan|0.297463|nan|nan|nan|-2453.638548|nan|nan|nan|nan|-48452.725906|nan|nan|8.580302|nan|-4.224908|nan|-0.013749|nan|-989.968978
1122|nan|nan|nan|nan|nan|nan|nan|nan|648.600000|nan|nan|-42680613.013986|nan|nan|nan|nan|nan|nan|nan|nan|nan|nan|nan|0.098097|0.151682|nan|nan|nan|nan|33.982331|nan|0.297463|nan|nan|nan|-2454.318867|nan|nan|nan|nan|-48452.725906|nan|nan|8.583717|nan|-4.224908|nan|-0.013749|nan|-989.968978
1123|nan|nan|nan|nan|nan|nan|nan|nan|648.600000|nan|nan|-35797881.138955|nan|nan|nan|nan|nan|nan|nan|nan|nan|nan|nan|0.098097|0.151682|nan|nan|nan|nan|33.889407|nan|0.297463|nan|nan|nan|-2453.495514|nan|nan|nan|nan|-48452.725906|nan|nan|8.588499|nan|-4.224908|nan|-0.013749|nan|-989.968978
1124|nan|nan|nan|-12.000000|nan|nan|nan|nan|648.600000|nan|nan|-20710687.257998|nan|nan|nan|nan|nan|nan|nan|nan|nan|nan|nan|0.104318|0.151682|nan|nan|nan|nan|33.284239|nan|0.297463|nan|nan|nan|-2454.878353|nan|nan|nan|nan|-48452.725906|nan|nan|8.594732|nan|-4.224908|nan|-0.013749|nan|-989.968978
1125|nan|nan|nan|-12.000000|nan|nan|nan|nan|648.600000|nan|nan|-15768818.999905|nan|nan|nan|nan|nan|nan|nan|nan|nan|nan|nan|0.108983|0.151682|nan|nan|nan|nan|32.700305|nan|0.297463|nan|nan|nan|-2454.408480|nan|nan|nan|nan|-48452.725906|nan|nan|8.601935|nan|-4.224908|nan|-0.013749|nan|-989.968978
1126|nan|nan|nan|-12.000000|nan|nan|nan|nan|648.600000|nan|nan|-8837880.471924|nan|nan|nan|nan|nan|nan|nan|nan|nan|nan|nan|0.112612|0.151682|nan|nan|nan|nan|31.633788|nan|0.297463|nan|nan|nan|-2453.995947|nan|nan|nan|nan|-48452.725906|nan|nan|8.609803|nan|-4.224908|nan|-0.013749|nan|-989.968978
1127|nan|nan|nan|-12.000000|nan|nan|nan|nan|648.600000|nan|nan|-3819394.552465|nan|nan|nan|nan|nan|nan|nan|nan|nan|nan|nan|0.115515|0.151682|nan|nan|nan|nan|32.090961|nan|0.297463|nan|nan|nan|-2453.448217|nan|nan|nan|nan|-48452.725906|nan|nan|8.618009|nan|-4.332012|nan|-0.013749|nan|-989.968978
1128|15262602.300000|nan|nan|-12.000000|nan|nan|nan|nan|648.600000|nan|nan|10273141.770945|nan|nan|nan|nan|nan|nan|nan|nan|nan|nan|nan|0.131343|0.151682|nan|nan|nan|nan|31.064277|nan|0.297463|nan|nan|nan|-2454.925585|nan|nan|nan|nan|-48452.725906|nan|nan|8.625834|nan|-4.439117|nan|-0.013749|nan|-989.968978
1129|9439269.872114|nan|nan|-12.000000|nan|nan|nan|-20.683692|648.600000|-4.816385|-2.970868|4529006.434759|nan|nan|nan|nan|-20.000000|nan|-5017126.958503|nan|nan|nan|nan|0.137987|0.151682|nan|nan|-0.869465|nan|35.017936|nan|0.297463|-0.462380|-0.179685|-4.816385|-2453.029891|-202139162.739610|nan|209236.280156|nan|-48452.725906|nan|nan|8.618166|nan|-4.546222|-23.891667|-0.013749|nan|-989.968978
1330|-8121354.149912|nan|nan|-12.000000|nan|nan|nan|-20.683692|648.600000|-4.816385|-2.970868|-12790594.210917|nan|nan|nan|nan|-14.000000|nan|-5015633.530234|-1.175062|nan|nan|nan|0.143610|0.151682|nan|nan|-0.869465|nan|35.762692|nan|0.297463|-0.462380|-0.173789|-4.816385|-2454.129022|-202139162.739610|nan|209236.280156|nan|-48452.725906|nan|nan|8.611668|nan|-4.653326|-21.891667|-0.013749|nan|-989.968978
1331|-9245299.528886|nan|nan|-12.000000|nan|nan|nan|-20.683692|648.600000|-4.816385|-2.970868|-13829631.778144|nan|nan|nan|nan|-10.000000|nan|-5017727.139398|-0.507230|nan|nan|nan|0.148430|0.151682|nan|nan|-0.863648|nan|36.135432|nan|0.338494|-0.462380|-0.169188|-4.816385|-2454.830498|-202139162.739610|nan|209236.280156|nan|-48452.725906|nan|nan|8.606406|nan|-4.760431|-17.891667|-0.013749|nan|-989.968978
1332|-6635115.900000|nan|nan|-12.000000|nan|nan|nan|-20.683692|648.600000|-4.816385|-2.970868|-10746351.316838|nan|nan|nan|nan|-10.000000|nan|-5017650.170549|-0.507230|nan|nan|nan|0.152606|0.151682|nan|nan|-0.857256|nan|37.132911|nan|0.338494|-1.129844|-0.163787|-4.816385|-2454.263247|-202139162.739610|nan|209236.280156|nan|-48452.725906|nan|nan|8.602423|nan|-4.867536|-17.891667|-0.013749|nan|-989.968978
1333|42953.421556|-3.283334|nan|-12.000000|nan|nan|nan|-20.683692|648.600000|-4.816385|-2.970868|-3960307.602436|nan|nan|nan|nan|-14.000000|nan|-5019452.147419|-0.245010|nan|nan|nan|0.156261|0.151682|nan|nan|-0.849860|nan|36.757253|nan|0.338494|-1.206017|-0.161667|-4.816385|-2454.376927|-202139162.739610|nan|209236.280156|nan|-48452.725906|nan|nan|8.599723|nan|-4.974640|-17.891667|-0.013749|nan|-989.968978
1334|-546655.350000|-2.553125|nan|-12.000000|nan|nan|nan|-20.683692|648.600000|-4.816385|-2.970868|-4479423.723409|nan|nan|nan|nan|-14.000000|nan|-5016427.774979|-0.245010|nan|nan|nan|0.159486|0.151682|nan|nan|-0.841816|nan|40.025338|nan|0.338494|-1.877226|-0.159652|-4.816385|-2454.380256|-202139162.739610|nan|209236.280156|nan|-48452.725906|nan|nan|8.598137|nan|-5.081745|-21.891667|-0.001787|nan|-989.968978
1335|694210.255130|-2.347917|nan|-12.000000|nan|nan|nan|-20.683692|648.600000|-4.816385|-2.970868|-3034802.649406|nan|nan|nan|nan|-14.000000|nan|-5016023.115503|-0.245010|nan|nan|nan|0.162352|0.151682|nan|nan|-0.833998|nan|41.786373|nan|0.338494|-2.072751|-0.155486|-4.816385|-2454.719037|-202139162.739610|nan|209236.280156|nan|-48452.725906|nan|nan|8.597536|nan|-5.188850|-19.891667|0.065263|nan|-989.968978
1336|-7320326.338964|-2.357813|nan|-12.000000|nan|nan|nan|-20.683692|648.600000|-4.816385|-2.970868|-10642515.722623|nan|nan|nan|nan|-16.000000|nan|-5004451.760889|-0.245010|nan|nan|nan|0.164917|0.151682|nan|nan|-0.826866|nan|41.402789|nan|0.338494|-2.072751|-0.154601|-4.816385|-2453.426755|-202139162.739610|nan|209236.280156|nan|-48452.725906|nan|nan|8.597780|nan|-5.295954|-21.891667|0.098021|nan|-989.968978
1337|-11876850.977518|-2.444583|nan|-12.000000|nan|nan|nan|-20.683692|648.600000|-4.816385|-2.970868|-15030194.410615|nan|nan|nan|nan|-8.000000|nan|-5002486.045252|-0.245010|nan|nan|nan|0.167225|0.151682|nan|nan|-0.826866|nan|39.900131|nan|0.338494|-2.072751|-0.150743|-4.816385|-2454.319298|-202139162.739610|nan|209236.280156|nan|-48452.725906|nan|nan|8.598946|nan|-5.403059|-21.891667|0.098021|nan|-989.968978
1338|-11386473.194666|-3.027083|nan|-12.000000|nan|nan|nan|-20.683692|648.600000|-4.816385|-2.970868|-14110221.982876|nan|nan|nan|nan|-12.000000|nan|-5001453.927167|-0.245010|nan|nan|nan|0.169314|0.151682|nan|nan|-0.826866|nan|39.900131|nan|0.338494|-2.072751|-0.146123|-4.816385|-2453.243940|-202139162.739610|nan|209236.280156|nan|-48452.725906|nan|nan|8.601151|nan|-5.510164|-19.891667|0.098021|nan|-989.968978
1339|-12652158.611160|-3.086310|nan|-12.000000|nan|nan|nan|-20.683692|648.600000|-4.816385|-2.970868|-14102809.030565|nan|nan|nan|nan|-10.000000|nan|-4998238.919182|-0.107470|nan|nan|nan|0.171212|0.151682|nan|nan|-0.819455|nan|-0.954141|nan|0.338494|-2.996865|-0.141617|-4.816385|-2454.078999|-202139162.739610|nan|209236.280156|nan|-48452.725906|nan|nan|8.604435|nan|-5.617268|-17.891667|0.098021|nan|-989.968978
1340|-14556867.849999|-3.137240|nan|-12.000000|nan|nan|nan|-20.683692|648.600000|-4.816385|-2.970868|-15564021.821597|nan|nan|nan|nan|-10.000000|nan|-4997826.599162|0.295315|nan|nan|nan|0.172946|0.151682|nan|nan|-0.813482|nan|8.114631|nan|0.338494|-4.459668|-0.137442|-4.816385|-2454.574254|-202139162.739610|nan|209236.280156|nan|-48452.725906|nan|nan|8.606096|nan|-5.724373|-19.891667|0.098021|nan|-989.968978
1341|-14973495.400212|-3.233796|nan|-12.000000|nan|nan|nan|-20.683692|648.600000|-4.816385|-2.970868|-15584951.959411|nan|nan|nan|nan|-12.000000|nan|-4996318.899275|0.295315|nan|nan|nan|0.174535|0.151682|nan|nan|-0.811691|nan|2.986837|nan|0.338494|-4.459668|-0.133221|-4.816385|-2453.036492|-202139162.739610|nan|209236.280156|nan|-48452.725906|nan|nan|8.606584|nan|-5.831478|-17.891667|0.098021|nan|-989.968978
1342|-12406361.055444|-3.177917|nan|-12.000000|nan|nan|nan|-20.683692|648.600000|-4.816385|-2.970868|-13416577.522483|nan|nan|nan|nan|-10.000000|nan|-5000321.440807|0.315526|nan|nan|nan|0.175997|0.151682|nan|nan|-0.808818|nan|-2.404331|nan|0.338494|-4.816385|-0.129534|-4.816385|-2454.580394|-202139162.739610|nan|209236.280156|nan|-48452.725906|nan|nan|8.607305|nan|-5.938582|-17.891667|0.098021|nan|-989.968978
1343|-9510714.488768|-3.662311|nan|-12.000000|nan|nan|nan|-20.683692|648.600000|-4.816385|-2.970868|-10492104.585617|nan|nan|nan|nan|-4.000000|nan|-5003370.616278|0.315526|nan|nan|nan|0.177346|0.151682|nan|nan|-0.803751|nan|-19.253396|nan|0.338494|-4.816385|-0.127684|-4.816385|-2452.745785|-202139162.739610|nan|209236.280156|nan|-48452.725906|nan|nan|8.607785|nan|-6.045687|-23.891667|0.098021|nan|-989.968978
1344|-10693951.377756|-3.738600|-4.816385|-12.000000|nan|-14.881715|-6.642326|-20.683692|648.600000|-4.816385|-2.970868|-12015483.478889|-0.033612|-11.939421|-3.095233|nan|-16.000000|nan|-5000782.699764|0.315526|nan|-14.759221|-28.503408|0.178596|0.151682|nan|nan|-0.803751|-4.751127|-17.752108|-2.511733|0.338494|-4.816385|-0.124522|-4.816385|-2453.230085|-202139162.739610|nan|209236.280156|-0.000012|-48452.725906|-2.446740|-0.091295|8.607305|-0.108880|-6.152792|-21.891667|0.098021|-4.751127|-989.968978
1345|-6642754.650000|-3.769124|-4.816385|-12.000000|10.376528|-14.881715|-6.642326|-20.683692|648.600000|-4.816385|-2.970868|-7527977.597336|-0.033612|-11.939421|-3.095314|nan|-12.000000|18.000000|-5001983.426010|0.315526|nan|-15.575205|-28.185515|0.179756|0.151682|nan|nan|-0.818801|-4.694887|-16.474873|-2.531683|0.338494|-4.816385|-0.121569|-4.816385|-2454.244877|-202139162.739610|nan|209236.280156|-0.000012|-48452.725906|-2.445438|-0.089508|8.605967|-0.093263|-6.259896|-17.891667|0.098021|-4.694887|-989.968978
1346|-6500500.761034|-3.854117|-4.816385|-12.000000|-4.722214|-14.881715|-6.642326|-20.683692|648.600000|-4.816385|-2.970868|-6014144.384202|-0.033612|-11.939421|-3.093828|nan|-18.000000|18.000000|-5001283.608930|0.315526|nan|-16.725546|-28.218905|0.180836|0.151682|nan|nan|-0.812669|-4.642561|-4.673623|-2.552534|0.338494|-4.816385|-0.119791|-4.816385|-2453.037358|-202139162.739610|nan|209236.280156|-0.000012|-48452.725906|-2.417479|-0.086559|8.605459|-0.086829|-6.367001|-21.966667|0.098021|-4.642561|-989.968978
1347|-7732586.072104|-3.916204|-4.816385|-12.000000|-8.260372|-14.881715|-6.642326|-20.683692|648.600000|-4.816385|-2.970868|-6917957.311640|-0.033612|-11.939421|-3.093085|nan|-12.000000|10.000000|-4999246.737948|0.315526|nan|-13.668046|-28.702443|0.181844|0.151682|nan|nan|-0.812669|-4.595686|-4.673623|-2.574347|0.338494|-4.816385|-0.116419|-4.816385|-2454.347472|-202139162.739610|nan|209236.280156|-0.000012|-48452.725906|-2.357991|-0.085009|8.606469|-0.081942|-6.474106|-18.000000|0.098021|-4.595686|-989.968978
1348|-9781120.405576|-3.885504|-4.816385|-12.000000|-8.260372|-14.881715|-6.642326|-20.683692|648.600000|-4.816385|-2.970868|-7596014.822679|-0.033612|-11.939421|-3.093731|nan|-8.000000|6.000000|-5000419.308481|0.315526|nan|-12.550376|-28.867812|0.185610|0.151682|nan|nan|-0.769578|-4.551147|-5.559015|-2.597185|0.338494|-4.816385|-0.113735|-4.816385|-2455.879428|-202139162.739610|nan|209236.280156|-0.000012|-48452.725906|-2.299570|-0.084081|8.608367|-0.079028|-6.581210|-22.000000|0.098021|-4.551147|-989.968978
1349|-12196898.411010|-3.951797|-4.816385|-12.000000|-8.260372|-14.881715|-6.642326|-20.683692|648.600000|-4.816385|-2.970868|-10241932.537623|-0.033612|-11.939421|-3.094563|nan|-10.000000|6.000000|-5003638.327213|0.315526|nan|-13.990674|-29.053361|0.189377|0.151682|nan|nan|-0.701720|-4.508904|-8.563647|-2.620199|0.338494|-4.816385|-0.113735|-4.816385|-2454.302274|-202139162.739610|nan|209236.280156|-0.000012|-48452.725906|-2.246092|-0.082770|8.608697|-0.076358|-6.688315|-20.000000|0.098021|-4.508904|-989.968978
1350|-9000702.250000|-4.008989|-4.816385|-12.000000|-8.260372|-14.881715|-6.642326|-20.683692|648.600000|-4.816385|-2.970868|-8582160.414520|-0.033612|-11.939421|-3.094979|nan|-12.000000|6.000000|-5004356.905634|0.315526|nan|-22.199714|-28.874610|0.193143|0.151682|nan|nan|-0.688920|-4.464033|-7.322656|-2.643640|0.338494|-4.816385|-0.111527|-4.816385|-2453.599526|-202139162.739610|nan|209236.280156|-0.000012|-48452.725906|-2.194672|-0.081723|8.607378|-0.073425|-6.795420|-18.583333|0.098021|-4.464033|-989.968978
1351|-6739254.600000|-4.315095|-4.816385|-12.000000|-8.260372|-14.881715|-6.642326|-20.683692|648.600000|-4.816385|-2.970868|-7078811.358817|-0.033612|-11.939421|-3.095696|nan|-10.000000|6.000000|-5170699.277551|0.315526|nan|-12.389463|-28.864749|0.196909|0.151682|nan|nan|-0.693249|-4.419932|-5.113759|-2.664871|0.338494|-4.816385|-0.110207|-4.816385|-2454.433184|-202139162.739610|nan|209236.280156|-0.000012|-48452.725906|-2.145191|-0.080503|8.604015|-0.070762|-6.902524|-19.100000|0.098021|-4.419932|-989.968978
1352|1559314.545080|-4.335434|-4.816385|-12.000000|-8.260372|-14.881715|-6.642326|-20.683692|648.600000|-4.816385|-2.970868|219419.859243|-0.033612|-11.939421|-3.096564|nan|-10.000000|2.000000|-5853759.996974|0.315526|nan|-13.281781|-28.663060|0.200675|0.151682|nan|nan|-0.697275|-4.377558|-6.130946|-2.683398|0.338494|-4.816385|-0.103617|-4.816385|-2453.758189|-202139162.739610|nan|209236.280156|-0.000012|-48452.725906|-2.097543|-0.079296|8.598718|-0.068173|-7.009629|-25.791667|0.098021|-4.377558|-989.968978
1353|10221783.539820|-4.331167|-4.816385|-12.000000|-8.260372|-14.881715|-6.642326|-20.683692|648.600000|-4.816385|-2.970868|10889350.570970|-0.033612|-11.939421|-3.098018|nan|-10.000000|2.000000|-6543572.748993|0.315526|nan|-14.538801|-28.064564|0.204441|0.151682|nan|nan|-0.722614|-4.334867|-6.553857|-2.698257|0.338494|-4.816385|-0.100448|-4.816385|-2453.482346|-202139162.739610|nan|209236.280156|-0.000011|-48452.725906|-2.051628|-0.076208|8.590707|-0.065522|-7.116734|-26.100000|0.098021|-4.334867|-989.968978
1354|8127419.433908|-4.436064|-4.816385|-12.000000|-8.260372|-14.881715|-6.642326|-20.683692|648.600000|-4.816385|-2.970868|10845218.902387|-0.033612|-11.939421|-3.097725|nan|-16.000000|2.000000|-7208311.136511|0.315526|nan|-16.477680|-27.875907|0.206756|0.151682|nan|nan|-0.728530|-4.292841|-4.990226|-2.693276|0.338494|-4.816385|-0.094315|-4.816385|-2453.192595|-188527459.659759|nan|209236.280156|-0.000011|-48452.725906|-2.007353|-0.074819|8.579684|-0.063337|-7.223838|-25.075000|0.098021|-4.292841|-989.968978
1355|10131587.439702|-4.405873|-4.816385|-12.000000|-8.260372|-14.881715|-6.642326|-20.683692|648.600000|-4.816385|-2.970868|12020350.104528|-0.033612|-11.939421|-1.820751|nan|-16.000000|2.000000|-7711548.602822|0.315526|nan|-24.555525|-27.703952|0.209071|0.151682|nan|nan|-0.731579|-4.254027|-2.756571|-2.680487|0.338494|-4.816385|-0.060625|-4.816385|-2454.211745|-185577200.599335|nan|209236.280156|-0.000011|-48452.725906|-1.964631|-0.039935|8.570851|-0.061304|-7.330943|-24.141667|0.098021|-4.254027|-125.916971
1356|3495133.222650|-4.247381|-4.816385|-11.600000|-8.260372|-14.881715|-6.642326|-20.683692|648.600000|-4.816385|-2.970868|4311577.022792|-0.033612|-11.939421|-1.804977|nan|-14.000000|2.000000|-7941046.270821|0.315526|nan|-15.225275|-27.699640|0.211385|0.151682|nan|nan|-0.732292|-4.218494|-0.793606|-2.659192|0.338494|-4.816385|-0.040934|-4.816385|-2454.086519|-183635295.741080|nan|209236.280156|-0.000012|-48452.725906|-1.923382|-0.033834|8.563651|-0.059397|-7.438048|-26.166667|0.098021|-4.218494|-125.916971
1357|8383946.945036|-4.026820|-4.816385|-11.600000|-8.260372|-14.881715|-6.642326|-20.683692|648.600000|-4.816385|-2.970868|8853509.916650|-0.033612|-11.939421|-1.804956|nan|-10.000000|2.000000|-8197424.316101|0.315526|nan|-20.990307|-27.809072|0.213700|0.151682|nan|nan|-0.732253|-4.181231|-4.739383|-2.628164|0.338494|-4.816385|-0.029934|-4.816385|-2454.758382|-183635295.741080|nan|209236.280156|-0.000012|-37795.101968|-1.888658|-0.026057|8.555733|-0.057560|-7.438048|-24.166667|0.098021|-4.181231|-125.916971
1358|5545849.539216|-3.647583|-4.816385|-11.000000|-8.260372|-14.881715|-6.642326|-20.683692|4159.200000|-4.816385|-2.970868|6259300.841142|-0.038344|-11.939421|-1.804945|nan|-12.000000|2.000000|-8436488.843402|0.315526|nan|-16.713613|-28.134266|0.211082|0.151682|nan|nan|-0.738409|-4.145419|-4.739383|-2.587080|0.340177|-4.816385|-0.014625|-4.816385|-2454.833864|-182648689.415295|nan|209236.280156|-0.000012|-37795.101968|-1.863344|-0.024637|8.547238|-0.055882|-7.438048|-22.166667|0.098021|-4.145419|-125.916971
1359|8106619.032888|-3.370435|-4.816385|-10.200000|-8.260372|-14.881715|-6.642326|-20.683692|4159.200000|-4.816385|-2.970868|8682247.650185|-0.062791|-11.939421|-1.804643|nan|-14.000000|2.000000|-8770140.822984|0.315526|-0.000000|-13.041497|-28.473050|0.211082|0.151682|nan|-37432.556108|-0.738390|-4.111118|-6.322521|-2.536840|0.340177|-4.816385|-0.004767|-4.816385|-2453.674402|-182648689.415295|-243.372540|209236.280156|-0.000012|-37795.101968|-1.873011|-0.018199|8.539001|-0.054343|-7.438048|-24.541667|0.098021|-4.111118|-125.916971
1400|5263073.988652|-2.943514|-4.816385|-9.800000|-8.260372|-14.881715|-6.642326|-20.683692|4159.200000|-4.816385|-2.970868|5370168.514190|-0.105913|-11.939421|-1.804195|0.163762|-12.000000|2.000000|-8932742.506426|0.315526|-0.000000|-18.469766|-28.401299|0.211082|0.151682|nan|-21467.172011|-0.738515|-4.077482|-4.245237|-2.477584|0.340177|-4.816385|0.032634|-4.816385|-2453.975376|-182648689.415295|-256.224767|209236.280156|-0.000012|-37795.101968|-1.882678|-0.010987|8.531065|-0.052900|-7.438048|-22.591667|0.098021|-4.077482|-125.916971
1401|4293181.638900|-2.683226|-4.816385|-9.800000|-8.260372|-14.881715|-6.642326|-24.498743|4159.200000|-4.816385|-2.970868|3835789.113858|-0.105913|-11.939421|-1.804565|0.167342|-9.600000|2.000000|-9012383.669828|0.315526|-0.000000|-12.860602|-28.402476|0.211082|0.151682|nan|-18628.780221|-0.744305|-4.044121|-4.816202|-2.412004|0.340177|-4.816385|0.056769|-4.816385|-2455.065361|-182648689.415295|-244.768504|209236.280156|-0.000012|-37795.101968|-1.892345|-0.007492|8.533111|-0.051576|-7.438048|-24.591667|0.098021|-4.044121|-125.916971
1402|7189628.800000|-2.432766|-4.816385|-10.000000|-8.260372|-14.881715|-6.642326|-24.498743|4159.200000|-4.816385|-2.970868|6490477.435059|-0.105913|-11.939421|-1.805046|0.240010|-9.600000|0.000000|-9352536.778409|0.315526|-0.000000|-17.829451|-28.631793|0.211082|0.151682|nan|-15106.832533|-0.750797|-4.013279|-5.386800|-2.341136|0.340177|-4.816385|0.074297|-4.816385|-2454.244954|-182648689.415295|-251.827601|199945.102832|-0.000012|-37795.101968|-1.901293|-0.003242|8.545558|-0.050361|-7.438048|-24.808333|0.098021|-4.013279|-125.916971
1403|7576914.971970|-2.037086|-4.816385|-8.400000|-8.260372|-14.881715|-6.642326|-24.498743|4735.400000|-4.816385|-2.970868|6307833.259474|-0.105913|-11.939421|-1.805287|0.240010|-11.000000|0.000000|-9352401.378426|0.315526|-0.000000|-15.852581|-28.684588|0.211082|0.151682|-0.087517|-14532.888240|-0.746440|-3.984266|-2.647797|-2.266282|0.340177|-4.816385|0.081980|-4.816385|-2454.340878|-178649527.628548|-293.399898|115769.179680|-0.000012|-37795.101968|-1.909533|0.002006|8.565577|-0.049239|-7.438048|-22.808333|0.098021|-3.984266|-125.916971
1404|7753979.150310|-1.868175|-4.816385|-6.400000|-8.960702|-14.881715|-6.642326|-24.498743|4735.400000|-4.816385|-2.970868|6210463.990131|-0.105913|-11.939421|-1.804814|0.300958|-14.200000|0.000000|-9186010.833652|0.315526|-0.000000|-16.225021|-29.205237|0.211082|0.151682|-0.084432|-11557.175553|-0.745917|-3.989690|-1.820990|-2.190293|0.340177|-4.816385|0.093246|-4.816385|-2452.937735|-145923291.626567|-266.641954|102201.138952|-0.000012|-37795.101968|-1.916607|-0.002254|8.591947|-0.048171|-7.438048|-26.808333|0.098021|-3.989690|-125.916971
1405|6070492.711508|-1.537511|-4.816385|-4.800000|-8.960702|-14.931512|-6.642326|-24.498743|4735.400000|-4.816385|-2.970868|4542443.489138|-0.105913|-11.939421|-1.804577|0.401800|-9.800000|0.000000|-9103461.235836|0.315526|-0.000000|-12.884497|-29.783602|0.211082|0.151682|-0.069246|-7926.824500|-0.739490|-3.998421|-1.000924|-2.114136|0.340177|-4.816385|0.101736|-4.816385|-2454.101154|-136659624.785212|-266.675166|102201.138952|-0.000012|-37795.101968|-1.924000|-0.001019|8.625469|-0.047178|-7.438048|-22.808333|0.098021|-3.998421|-125.916971
1406|1598614.055802|-1.336407|-4.816385|-2.200000|-8.960702|-14.976567|-6.642326|-24.498743|4735.400000|-4.816385|-2.970868|-29069.350372|-0.105913|-11.939421|-1.804459|0.449823|-9.800000|0.000000|-9099447.037223|0.315526|-0.000000|-16.239111|-30.116407|0.211082|0.151682|-0.070441|-5874.600127|-0.739253|-3.997247|-1.000924|-2.038621|0.340177|-4.816385|0.102497|-4.816385|-2454.156933|-136659624.785212|-236.463801|102201.138952|-0.000012|-37795.101968|-1.931394|-0.002170|8.664477|-0.046200|-7.438048|-24.808333|0.098021|-3.997247|-125.916971
1407|1138140.438622|-1.074355|-4.816385|0.400000|-8.960702|-15.207807|-6.642326|-24.498743|4735.400000|-4.816385|-2.970868|-226718.910168|-0.105913|-11.939421|-1.804400|0.463990|-10.000000|0.000000|-8507490.603049|0.315526|-0.000000|-13.954748|-30.417517|0.211082|0.151682|-0.071519|-4367.745591|-0.721637|-3.995092|-1.717783|-1.965065|0.340177|-4.816385|0.103663|-4.816385|-2453.447452|-136659624.785212|-237.447775|102201.138952|-0.000012|-37795.101968|-1.938788|-0.004876|8.710258|-0.045195|-7.438048|-22.808333|0.098021|-3.995092|-125.916971
1408|-758085.138948|-0.828945|-4.816385|2.400000|-8.960702|-15.417025|-6.642326|-24.498743|4735.400000|-4.816385|-2.970868|-1494334.096653|-0.105913|-11.939421|-1.804667|0.463990|-6.400000|0.000000|-7169714.497350|0.315526|-0.000000|-14.072833|-30.450049|0.211082|0.151682|-0.066430|-3293.180077|-0.713548|-3.990935|-2.644002|-1.893858|0.763903|-4.816385|0.103663|-4.816385|-2455.681315|-136659624.785212|-247.494266|102201.138952|-0.000012|-37795.101968|-1.946182|-0.016734|8.754772|-0.044227|-7.438048|-22.808333|0.098021|-3.990935|-125.916971
1409|-1197513.955628|-0.601417|-4.816385|0.200000|-8.960702|-15.796793|-6.642326|-18.073009|4735.400000|-4.816385|-2.970868|-2210891.683846|-0.105913|-11.939421|-1.804801|0.463990|-6.400000|0.000000|-5669621.649779|0.315526|-0.000000|-13.080818|-29.190867|0.211082|0.151682|-0.060779|-4255.223671|-0.719888|-3.991009|-2.644002|-1.824893|0.763903|-4.816385|0.106482|-4.816385|-2454.004895|-136659624.785212|-282.947036|102201.138952|-0.000012|-108110.768308|-1.953575|-0.028678|8.798509|-0.043462|-7.438048|-22.808333|0.098021|-3.991009|-125.916971
1410|-2059417.588964|-0.393924|-4.816385|-3.000000|-8.960702|-16.330869|-6.642326|-9.665849|4735.400000|-4.816385|-2.970868|-2944061.152655|-0.105913|-11.939421|-1.805164|0.463990|-4.400000|0.000000|-5169457.937467|0.315526|-0.000000|-17.400838|-28.573665|0.211082|0.151682|-0.052478|-3259.157951|-0.726345|-3.997985|-2.898633|-1.758072|0.763903|-4.816385|0.111299|-4.816385|-2453.931057|-136659624.785212|-269.857322|102201.138952|-0.000012|-108110.768308|-1.960969|-0.038769|8.841821|-0.042735|-7.438048|-22.808333|0.098021|-3.997985|-125.916971
1411|-3104268.883504|-0.210800|-4.816385|-5.600000|-8.960702|-16.433128|-6.642326|-9.665849|4735.400000|-4.816385|-2.970868|-5769464.193650|-0.105913|-11.939421|-1.805346|0.463990|-7.000000|0.000000|-5172111.051015|0.315526|-0.000000|-13.100725|-27.678960|0.211082|0.151682|-0.041827|-2901.506424|-0.726671|-4.003049|-2.362399|-1.693304|0.763903|-4.816385|0.112869|-4.816385|-2453.412432|-136659624.785212|-277.832666|102201.138952|-0.000012|-108110.768308|-1.968363|-0.042905|8.884364|-0.042102|-7.438048|-22.808333|0.098021|-4.003049|-125.916971
1412|-4444208.850000|-0.124592|-4.816385|-8.200000|-8.960702|-16.591216|-6.642326|-9.530385|4735.400000|-4.816385|-2.121958|-9050711.029700|-0.105913|-11.939421|-1.805140|0.463990|-9.600000|0.000000|-5172185.709616|0.315526|-0.000000|-18.559193|-26.547959|0.211082|0.151682|-0.027094|-2644.795843|-0.732012|-4.007399|-1.870257|-1.630508|0.763903|-4.816385|0.117208|-4.816385|-2234.228212|-136659624.785212|-388.726817|102201.138952|-0.000012|-108110.768308|-1.975757|-0.045709|8.928899|-0.041633|-7.438048|-24.808333|0.098021|-4.007399|-125.916971
1413|-6571004.100000|-0.048484|-4.816385|-10.200000|-8.960702|-16.591216|-6.642326|-7.762248|4735.400000|-4.816385|-1.686596|-14148207.582510|-0.105913|-11.939421|-1.805037|0.463990|-10.200000|0.000000|-5254777.777155|0.315526|-0.000000|-17.383722|-24.518507|0.211082|0.151682|-0.022132|-4111.534987|-0.711501|-4.014937|-1.884170|-1.569608|0.763903|-4.816385|0.117660|-4.816385|-2089.228476|-136659624.785212|-789.800666|102201.138952|-0.000012|-108110.768308|-1.983151|-0.047271|8.973384|-0.041422|-7.438048|-24.808333|0.098021|-4.014937|-125.916971
1414|-19077352.309906|0.108623|-4.816385|-11.000000|-8.960702|-16.859156|-6.642326|-7.762248|4735.400000|-4.816385|-1.686596|-27993459.476064|-0.105913|-11.939421|-1.804986|0.463990|-9.000000|0.000000|-5255132.003865|0.315526|-0.000000|-13.300236|-22.682336|0.211082|0.151682|-0.020615|-6604.002395|-0.705109|-4.024586|0.305374|-1.510799|0.763903|-4.816385|0.117666|-4.816385|-2089.363761|-136659624.785212|-563.002593|102201.138952|-0.000012|-154923.293431|-1.990544|-0.050970|9.017770|-0.041379|-7.438048|-22.808333|0.098021|-4.024586|-125.916971
1415|-24982831.812708|0.176607|-4.816385|-12.000000|-8.960702|-17.101578|-6.642326|-5.645045|4735.400000|-4.816385|-0.947633|-33466917.216279|-0.105913|-11.939421|-1.804663|0.463990|-11.400000|0.000000|-5421411.644059|0.315526|-0.000000|-12.573990|-21.064852|0.211082|0.151682|-0.016812|-9344.060645|-0.706120|-4.037018|0.285418|-1.453895|0.763903|-4.816385|0.121822|-4.816385|-2089.681653|-136659624.785212|-528.733835|102201.138952|-0.000012|-154923.293431|-1.997938|-0.053396|9.062177|-0.041458|-7.438048|-24.808333|0.098021|-4.037018|-125.916971
1416|-21990681.805692|0.241580|-4.816385|-12.400000|-8.960702|-17.274729|-6.642326|-5.645045|4735.400000|-4.816385|-0.036235|-30073257.867140|-0.105913|-11.939421|-1.805096|0.463990|-6.000000|0.000000|-5672232.573401|0.315526|-0.000000|-15.991070|-18.608041|0.211082|0.151682|-0.012077|-10238.785089|-0.705900|-4.043288|1.541906|-1.398710|0.763903|-4.816385|0.124643|-4.816385|-1230.413540|-136659624.785212|-301.626679|102201.138952|-0.000012|-154923.293431|-2.005332|-0.053525|9.111265|-0.041610|-7.438048|-24.808333|0.098021|-4.043288|-125.916971
1417|-25943833.750000|0.295841|-4.816385|-12.400000|-8.960702|-18.026462|-6.642326|-5.645045|4735.400000|-4.816385|0.068535|-33940455.123628|-0.105913|-11.939421|-1.804718|0.463990|-14.800000|0.000000|-5674735.752745|0.315526|-0.000000|-12.862052|-17.850734|0.211082|0.151682|-0.007037|-10836.007734|-0.711940|-4.035930|2.420141|-1.345066|0.763903|-4.816385|0.124643|-4.816385|-1230.108586|-136659624.785212|-405.792152|102201.138952|-0.000012|-154923.293431|-2.001601|-0.053242|9.164745|-0.041810|-7.438048|-24.808333|0.098021|-4.035930|-125.916971
1418|-32490445.929270|0.309229|-4.816385|-12.400000|-12.024337|-18.023942|-6.642326|-7.835710|4735.400000|-4.816385|0.068535|-38496034.308336|-0.105913|-11.939421|-1.803343|0.463990|-21.400000|0.000000|-5663497.504167|0.315526|-0.000000|-15.691519|-16.334938|0.211082|0.151682|-0.006404|-11136.699653|-0.712432|-4.031575|7.533199|-1.292786|0.763903|-4.816385|0.124643|-4.816385|-1228.837378|-136659624.785212|-741.227022|102201.138952|-0.000012|-154923.293431|-1.996601|-0.053154|9.222150|-0.041829|-7.438048|-30.808333|0.154122|-4.031575|-125.916971
1419|-29219546.926300|0.341612|-4.816385|-12.400000|-12.024337|-18.021662|-6.642326|-7.835710|4735.400000|-4.816385|0.068535|-34487720.163458|-0.105913|-11.939421|-1.803249|0.463990|-7.800000|0.000000|-5668397.643844|0.315526|-0.000000|-11.872787|-14.615402|0.211082|0.151682|-0.004237|-12067.534693|-0.707713|-4.031551|6.219254|-1.241698|0.763903|-4.816385|0.124643|-4.816385|-1230.914559|-136659624.785212|-489.029795|102201.138952|-0.000012|-154923.293431|-1.980414|-0.052872|9.284944|-0.041848|-7.438048|-24.808333|0.154122|-4.031551|-125.916971
1420|-29925753.370704|0.387620|-4.816385|-12.400000|-12.024337|-18.210075|-6.642326|-7.835710|4735.400000|-4.816385|0.068535|-34602034.376009|-0.105913|-11.939421|-1.802906|0.463990|-14.000000|0.000000|-5667690.685561|0.315526|-0.000000|-12.894366|-13.455552|0.211082|0.151682|-0.002719|-12929.701506|-0.645660|-4.039004|6.422741|-1.191632|0.763903|-4.816385|0.124643|-4.816385|-1230.807055|-136659624.785212|-469.307373|102201.138952|-0.000012|-154923.293431|-1.958595|-0.051908|9.353214|-0.041817|-7.438048|-22.808333|0.154122|-4.039004|-125.916971
1421|-27962369.226360|0.430305|-4.816385|-12.400000|-12.024337|-17.905118|-6.642326|-7.835710|4156.800000|-4.816385|-0.233344|-33076140.514873|-0.105913|-11.939421|-1.803030|0.463990|-12.400000|0.000000|-5668017.078375|0.315526|-0.000000|-11.322449|-12.955301|0.211082|0.151682|-0.002391|-12407.240129|-0.588291|-4.069552|6.422741|-1.142421|0.763903|-4.816385|0.124643|-4.816385|-1229.433547|-136659624.785212|-535.927964|102201.138952|-0.000012|-154923.293431|-1.947254|-0.051211|9.426296|-0.041753|-7.438048|-22.808333|0.154122|-4.069552|-125.916971
1422|-25937728.901290|0.461615|-4.816385|-12.400000|-12.024337|-17.368418|-6.642326|-7.835710|4156.800000|-4.074736|-0.385781|-31189938.392080|-0.105913|-11.939421|-1.802796|0.431107|-14.400000|0.000000|-5669212.761887|0.315526|-0.000000|-14.003026|-12.490807|0.211082|0.151682|-0.001715|-11177.949537|-0.533378|-4.114388|10.458581|-1.093901|0.763903|-4.816385|0.124643|-4.816385|-1229.917564|-134672686.102016|-679.196755|102201.138952|-0.000012|-154923.293431|-1.940128|-0.051234|9.504725|-0.041710|-7.438048|-22.316667|0.245241|-4.114388|-125.916971
1423|-26883073.529070|0.474173|-4.816385|-12.600000|-12.024337|-15.739976|-6.642326|-7.835710|4156.800000|-3.196354|-0.708763|-31824795.043758|-0.090162|-11.939421|-1.802383|0.243102|-14.400000|0.000000|-5665351.498765|0.315526|-0.000000|-11.651007|-10.019261|0.211082|0.151682|-0.000957|-9248.571448|-0.523203|-4.191753|10.352626|-1.047437|0.763903|-4.816385|0.124643|-4.816385|-1229.794588|-133824322.156636|-842.983630|102201.138952|-0.000012|-154923.293431|-1.937399|-0.049781|9.583276|-0.041620|-7.438048|-23.541667|0.245241|-4.191753|-125.916971
1424|-30219409.418226|0.482963|-4.816385|-12.600000|-12.024337|-13.314242|-6.642326|-7.835710|4156.800000|-2.779995|-0.708763|-34403483.415008|-0.090162|-11.293983|-1.801585|0.165765|-14.400000|0.000000|-5655965.643830|0.315526|-0.000000|-8.863489|-6.249983|0.209631|0.151682|0.004360|-10465.160692|-0.517874|-4.188021|10.716334|-0.996102|0.763903|-4.816385|0.124643|-4.816385|-1231.532919|-133824322.156636|-1223.176459|102201.138952|-0.000012|-154923.293431|-1.919294|-0.048312|9.662095|-0.041405|-7.438048|-22.708334|0.273696|-4.188021|-125.916971
1425|-26741849.393374|0.480140|-4.816385|-13.000000|-12.024337|-11.665267|-6.642326|-7.835710|4156.800000|-2.385575|-1.126256|-31116809.996140|-0.090162|-11.646992|-1.801778|0.143950|-8.400000|0.000000|-5570883.556450|0.315526|-0.000000|-8.197178|-3.910638|0.208179|0.151682|0.014565|-10185.967353|-0.521449|-4.085328|9.660401|-0.934035|0.763903|-4.816385|0.124643|-4.816385|-1230.757921|-133824322.156636|-1006.927053|102201.138952|-0.000012|-154923.293431|-1.878338|-0.046458|9.743821|-0.041127|-7.438048|-24.208334|0.273696|-4.085328|-125.916971
1426|-26545090.900000|0.479389|-4.816385|-13.600000|-12.024337|-9.165371|-6.642326|-7.835710|4156.800000|-2.118075|-1.126256|-30859008.552465|-0.090162|-9.823496|-1.802170|0.225655|-10.400000|0.000000|-5153934.509868|0.315526|-0.000000|-10.729179|-4.397323|0.206728|0.151682|0.019578|-10594.782760|-0.521480|-4.045819|9.805635|-0.852047|0.763903|-4.816385|0.124643|-4.816385|-1230.990061|-133824322.156636|-927.579422|102201.138952|-0.000012|-154923.293431|-1.839311|-0.045831|9.827872|-0.040873|-7.438048|-21.658334|0.273696|-4.045819|-125.916971
1427|-27792410.105142|0.476071|-4.074736|-13.600000|-12.024337|-7.199913|-6.642326|-7.835710|4156.800000|-2.118075|-1.126256|-31967176.795757|-0.067526|-10.996214|-1.803255|0.258531|-8.400000|0.000000|-5151280.902554|0.315526|-0.000000|-8.883899|-4.372880|0.205276|0.151682|0.028593|-12325.108785|-0.517263|-3.937205|7.512407|-0.744451|0.763903|-4.816385|0.124643|-4.816385|-1230.127951|-133824322.156636|-683.352842|102201.138952|-0.000010|-154923.293431|-1.794340|-0.045076|9.914344|-0.040559|-7.438048|-22.916667|0.273696|-3.937205|-125.916971
1428|-27832750.493436|0.475618|-3.196354|-13.600000|-12.024337|-5.942778|-3.943805|-7.835710|4156.800000|-2.118075|-1.126256|-31845154.492385|-0.067526|-7.955874|-1.444722|0.318003|-12.600000|0.000000|-5151355.612868|0.315526|-0.000000|-8.956598|-4.618140|0.193198|0.151682|0.033580|-15020.231946|-0.512383|-3.901800|8.004242|-0.628942|0.763903|-4.816385|0.124643|-4.816385|-1228.810815|-133824322.156636|-532.812662|102201.138952|-0.000008|-154923.293431|-1.749368|-0.039599|10.002309|-0.040246|-7.438048|-16.866667|0.273696|-3.901800|-125.916971
1429|-26832179.406497|0.478799|-2.779995|-13.600000|-12.024337|-4.233941|-3.627863|-8.751955|4156.800000|-2.118075|-1.126256|-31245340.710653|-0.067526|-7.217852|-1.444821|0.373695|-12.600000|0.000000|-5150040.575272|0.315526|-0.000000|-14.177016|-4.535971|0.179421|0.151682|0.036569|-17254.184902|-0.512171|-3.890154|4.050583|-0.520079|0.763903|-4.816385|0.124643|-4.816385|-1230.002433|-133422017.789994|-564.149328|102201.138952|-0.000007|-154923.293431|-1.704396|-0.037851|10.092188|-0.039897|-7.438048|-14.825000|0.273696|-3.890154|-125.916971
1430|-27239269.734776|0.484408|-2.385575|-13.600000|-12.024337|-3.992641|-3.627863|-8.751955|4156.800000|-2.118075|-1.126256|-32257368.007797|-0.067526|-9.488969|-0.823714|0.401428|-13.000000|0.000000|-5148751.578002|0.315526|-0.000000|-12.093574|-4.803911|0.163186|0.151682|0.039721|-18839.433967|-0.517296|-3.883182|3.305827|-0.431897|0.763903|-4.816385|0.124643|-4.816385|-1230.053309|-133422017.789994|-603.304399|102201.138952|-0.000006|-154923.293431|-1.659424|-0.035150|10.183896|-0.039480|-7.438048|-12.825000|0.273696|-3.883182|-125.916971
1431|-28935327.251562|0.484225|-2.118075|-13.600000|-12.024337|-5.326675|-3.627863|-8.790987|4156.800000|-2.118075|-1.126256|-34440863.978069|-0.056549|-10.215896|-0.823728|0.401428|-15.600000|0.000000|-5146791.756211|0.315526|-0.000000|-10.330172|-5.046333|0.146952|0.151682|0.041794|-19603.177515|-0.538170|-3.876827|3.838799|-0.374166|0.763903|-4.816385|0.124643|-4.816385|-1229.830811|-133320212.796570|-608.574473|102201.138952|-0.000005|-154923.293431|-1.614452|-0.033776|10.275817|-0.038983|-7.438048|-14.825000|0.273696|-3.876827|-125.916971
1432|-29494038.405046|0.484454|-2.118075|-13.600000|-12.024337|-6.152706|-3.627863|-8.790987|4156.800000|-2.118075|-1.126256|-35173000.235261|-0.056549|-11.783675|-0.823871|0.401428|-11.600000|0.000000|-5146343.221404|0.315526|-0.000000|-11.621591|-5.413400|0.130718|0.151682|0.041658|-20235.385414|-0.547488|-3.879016|3.813500|-0.345375|0.763903|-4.816385|0.124643|-4.816385|-1230.313382|-133320131.025171|-581.161090|102201.138952|-0.000005|-154923.293431|-1.569480|-0.031404|10.367278|-0.038461|-7.438048|-14.825000|0.273696|-3.879016|-125.916971
1433|-28663807.321790|0.548042|-2.118075|-13.600000|-12.024337|-6.519115|-3.627863|-8.790987|4156.800000|-2.118075|-1.126256|-34171244.687690|-0.056549|-12.567564|-0.823806|0.401428|-15.600000|0.000000|-5145918.540704|0.315526|-0.000000|-13.221574|-6.213052|0.114483|0.151682|0.041349|-20594.874678|-0.546191|-3.865978|3.830982|-0.339717|0.763903|-4.816385|0.124643|-4.816385|-1230.177316|-122448612.054429|-600.595732|102201.138952|-0.000005|-154923.293431|-1.524509|-0.028328|10.457939|-0.037962|-7.438048|-14.825000|0.273696|-3.865978|-125.916971
1434|-25777121.278094|0.587069|-2.118075|-13.600000|-12.024337|-7.231580|-3.627863|-8.790987|4156.800000|-2.118075|-1.126256|-30290264.203244|-0.056549|-13.139457|-0.823774|0.401428|-15.600000|0.000000|-5147706.757562|0.315526|-0.000000|-12.966348|-6.702716|0.098249|0.151682|0.041366|-21286.933559|-0.542740|-3.758711|3.338223|-0.361122|0.763903|-4.816385|0.124643|-4.816385|-1229.427278|-116116872.226172|-591.222011|102201.138952|-0.000005|-154923.293431|-1.479537|-0.022191|10.550273|-0.037476|-7.438048|-14.825000|0.273696|-3.758711|-125.916971
1435|-25933570.855252|0.630507|-2.118075|-13.600000|-12.024337|-7.685715|-3.627863|-8.790987|4156.800000|-2.118075|-1.126256|-29594788.130805|-0.056549|-13.139457|-0.823894|0.401428|-11.600000|0.000000|-5148179.531619|0.315526|-0.000000|-12.764164|-7.100105|0.082015|0.150264|0.041459|-21694.289193|-0.543490|-3.545390|2.580878|-0.413618|0.763903|-4.816385|0.124643|-4.816385|-1230.915102|-113188933.567401|-563.702930|102201.138952|-0.000005|-154923.293431|-1.434565|-0.017914|10.644492|-0.036998|-7.438048|-14.825000|0.273696|-3.545390|-125.916971
1436|-24625997.700000|0.686097|-2.118075|-13.600000|-12.024337|-8.527349|-3.627863|-8.790987|4156.800000|-2.118075|-1.126256|-27252918.344823|-0.056549|-13.139457|-0.824089|0.401428|-11.600000|0.000000|-5150460.679523|0.315526|-0.000000|-16.162777|-7.457314|0.065780|0.149021|0.041791|-21657.582628|-0.543477|-3.340736|0.827701|-0.506017|0.763903|-4.816385|0.124643|-4.074736|-1230.165726|-103373616.127161|-535.381007|102201.138952|-0.000005|-154923.293431|-1.389593|-0.015456|10.741224|-0.036557|-7.438048|-14.825000|0.273696|-3.340736|-125.916971
1437|-24907819.844616|0.756844|-2.118075|-13.600000|-12.024337|-8.743106|-3.627863|-10.091510|4156.800000|-2.118075|-1.126256|-26933136.176978|-0.056549|-13.139457|-0.824051|0.401428|-13.600000|0.000000|-5148429.023935|0.315526|-0.000000|-15.396951|-7.682351|0.049546|0.147849|0.041376|-21755.650500|-0.544353|-3.070319|2.330359|-0.638704|0.763903|-4.816385|0.138493|-3.196354|-1229.627445|-84472013.322218|-551.685434|102201.138952|-0.000005|-154923.293431|-1.344621|-0.012166|10.840553|-0.036117|-7.438048|-12.825000|0.273696|-3.070319|-125.916971
1438|-26834004.155484|0.869135|-2.118075|-13.600000|-12.024337|-8.743106|-3.627863|-10.091510|4156.800000|-2.118075|-1.126256|-27516468.689682|-0.056549|-13.139457|-0.823897|0.401428|-15.600000|0.000000|-5145972.917676|0.315526|-0.000000|-14.702650|-7.698154|0.033312|0.145054|0.041369|-22014.027593|-0.549453|-2.851721|2.450053|-0.789410|0.763903|-4.816385|0.138493|-2.779995|-1230.146137|-84344208.140489|-428.427795|102201.138952|-0.000005|-154923.293431|-1.299649|-0.010059|10.943042|-0.035664|-7.438048|-12.825000|0.273696|-2.851721|-125.916971
1439|-29725313.900000|0.922422|-2.118075|-13.600000|-12.024337|-8.743106|-3.627863|-10.091510|4156.800000|-2.118075|-1.126256|-29245218.328553|-0.056549|-14.245456|-0.823955|0.401428|-13.600000|0.000000|-5141410.957664|0.315526|-0.000000|-13.150221|-7.619944|0.017078|0.139121|0.041775|-21898.056627|-0.547751|-2.716279|2.699905|-0.942139|0.763903|-4.816385|0.139201|-2.385575|-1229.871574|-83581946.452652|-465.723032|102201.138952|-0.000005|-154923.293431|-1.254678|-0.008900|11.049005|-0.035207|-7.438048|-12.825000|0.273696|-2.716279|-125.916971
1440|-31020077.194277|0.956138|-2.118075|-13.600000|-12.024337|-8.743106|-3.627863|-10.091510|4156.800000|-2.118075|-1.126256|-29950741.801311|-0.056549|-14.798455|-0.823849|0.401428|-15.400000|0.000000|-5139028.131348|0.315526|-0.000000|-15.262533|-7.642121|0.000843|0.132820|0.042743|-20899.985407|-0.542764|-2.572631|3.435571|-1.080838|0.763903|-4.816385|0.141535|-2.118075|-1229.372712|-83581946.452652|-467.327834|102201.138952|-0.000005|-154923.293431|-1.209706|-0.005954|11.153275|-0.034756|-7.438048|-14.825000|0.273696|-2.572631|-125.916971
1441|-33655725.831886|1.000356|-2.118075|-13.600000|-12.024337|-8.743106|-3.627863|-10.091510|3767.200000|-2.118075|-1.126256|-32324045.665233|-0.056549|-15.721468|-0.823660|0.401428|-14.400000|0.000000|-5132157.674539|0.315526|-0.000000|-15.748985|-7.855184|-0.015391|0.126995|0.043459|-20283.356312|-0.543455|-2.421613|3.907011|-1.194620|0.763903|-4.816385|0.137790|-2.118075|-1229.352634|-84213929.222403|-544.127929|102201.138952|-0.000005|-154923.293431|-1.154923|-0.004144|11.255832|-0.034303|-7.438048|-18.825000|0.273696|-2.421613|-125.916971
1442|-34636331.922496|1.003690|-2.118075|-13.600000|-12.024337|-8.743106|-3.627863|-9.586469|3767.200000|-2.118075|-1.126256|-33485551.723924|-0.056549|-15.721468|-0.823566|0.401428|-12.400000|0.000000|-5133474.480507|0.315526|-0.000000|-15.490384|-8.004274|-0.031625|0.120134|0.045590|-18718.913281|-0.548370|-2.348370|4.156514|-1.285044|0.763903|-4.816385|0.141167|-2.118075|-1230.814237|-84213929.222403|-507.217362|102201.138952|-0.000005|-154923.293431|-1.109256|-0.004338|11.359090|-0.033853|-7.438048|-14.825000|0.273696|-2.348370|-125.916971
1443|-32161622.795403|1.025738|-2.118075|-13.600000|-12.024337|-8.743106|-3.627863|-9.586469|3767.200000|-2.118075|-1.126256|-31748794.420783|-0.056549|-15.721468|-0.823383|0.401428|-14.400000|0.000000|-5130969.342712|0.315526|-0.000000|-14.422845|-7.997069|-0.047860|0.115827|0.047512|-17787.509613|-0.547802|-2.346733|8.270630|-1.355029|0.763903|-4.816385|0.139699|-2.118075|-1231.011761|-84213929.222403|-437.874298|102201.138952|-0.000005|-154923.293431|-1.076997|-0.004551|11.461821|-0.033444|-7.438048|-12.391666|0.273696|-2.346733|-125.916971
1444|-33659863.506004|1.027417|-2.118075|-13.600000|-12.024337|-8.743106|-3.627863|-9.586469|3767.200000|-2.118075|-1.126256|-33555051.636279|-0.056549|-15.721468|-0.823292|0.401428|-12.400000|0.000000|-5130151.476313|0.315526|-0.000000|-12.996135|-8.518206|-0.064094|0.108052|0.049731|-16898.837933|-0.551327|-2.352658|6.769342|-1.407139|0.763903|-4.816385|0.140196|-2.118075|-1229.783103|-84213929.222403|-234.868928|102201.138952|-0.000005|-154923.293431|-1.051677|-0.004096|11.563629|-0.033051|-7.438048|-11.750000|0.273696|-2.352658|-125.916971
1445|-36350165.678774|0.953007|-2.118075|-13.600000|-12.024337|-8.743106|-3.627863|-9.586469|3767.200000|-2.118075|-1.126256|-35535545.205348|-0.056549|-15.721468|-0.823382|0.401090|-10.400000|0.000000|-5129606.749652|0.315526|-0.000000|-17.355941|-8.741969|-0.080328|0.101491|0.051637|-14954.324398|-0.551327|-2.354075|6.652002|-1.443174|0.763903|-4.816385|0.142586|-2.118075|-1230.846945|-84213929.222403|-243.502960|102201.138952|-0.000005|-154923.293431|-1.032931|-0.003227|11.664176|-0.032688|-7.438048|-11.675000|0.273696|-2.354075|-125.916971
1446|-35494257.989534|0.961387|-2.118075|-13.600000|-12.024337|-8.743106|-3.627863|-9.586469|3767.200000|-2.118075|-1.126256|-33958507.117845|-0.056549|-15.721468|-0.823291|0.388784|-14.400000|0.000000|-5129234.758331|0.315526|-0.000000|-14.626599|-9.428293|-0.096563|0.096976|0.052943|-13368.216435|-0.549388|-2.354037|4.503829|-1.463127|0.763903|-4.816385|0.153311|-2.118075|-1230.069239|-84213929.222403|-247.676365|102201.138952|-0.000005|-154923.293431|-1.035555|-0.002306|11.753533|-0.032352|-7.438048|-11.675000|0.273696|-2.354037|-125.916971
1447|-34298924.128856|0.969529|-2.118075|-13.600000|-12.024337|-8.743106|-3.627863|-9.586469|3767.200000|-2.118075|-1.126256|-32834441.278136|-0.056549|-15.721468|-0.823787|0.388784|-6.400000|0.000000|-5126555.902601|0.315526|-0.000000|-13.847255|-9.807272|-0.112797|0.091015|0.053151|-12579.323653|-0.552305|-2.352250|3.099104|-1.471368|0.763903|-4.816385|0.179200|-2.118075|-1229.606834|-84213929.222403|-248.661995|102201.138952|-0.000005|-154923.293431|-1.064859|-0.006365|11.831113|-0.032025|-7.438048|-17.675000|0.273696|-2.352250|-125.916971
1448|-32942399.822814|0.881797|-2.118075|-13.600000|-9.439279|-8.743106|-3.627863|-9.586469|3767.200000|-2.118075|-1.126256|-32138958.277400|-0.056549|-15.721468|-0.823765|0.388784|-16.400000|0.000000|-5126256.642167|0.315526|-0.000000|-18.495833|-10.234025|-0.129031|0.086459|0.053305|-9968.709410|-0.551042|-2.350171|5.314498|-1.472391|0.763903|-4.816385|0.263425|-2.118075|-1228.792971|-84213929.222403|-424.410347|102201.138952|-0.000005|-154923.293431|-1.092701|-0.007497|11.934528|-0.031713|-7.248649|-15.675000|0.273696|-2.350171|-125.916971
1449|-33172588.229014|0.918476|-2.118075|-13.600000|-9.439279|-8.743106|-3.627863|-9.586469|3767.200000|-2.118075|-1.126256|-32799352.524237|-0.056549|-15.721468|-0.823483|0.366187|-16.400000|0.000000|-5120670.859909|0.315526|-0.000000|-14.356156|-10.427270|-0.145265|0.081270|0.053467|-8926.882448|-0.554222|-2.346639|6.752732|-1.467558|0.763903|-4.816385|0.302602|-2.118075|-1230.285184|-84213929.222403|-465.579227|102201.138952|-0.000005|-154923.293431|-1.114834|-0.009120|12.058284|-0.031407|-7.059251|-17.675000|0.273696|-2.346639|-125.916971
1450|-34399076.070858|0.865073|-2.118075|-13.400000|-9.439279|-8.743106|-3.627863|-9.586469|3767.200000|-2.118075|-1.126256|-33750504.293510|-0.056549|-16.147706|-0.823477|0.339694|-10.400000|0.000000|-5115909.462686|0.315526|-0.000000|-14.114439|-10.479508|-0.161500|0.077400|0.053575|-7308.614220|-0.559515|-2.345833|6.520630|-1.458808|0.763903|-4.816385|0.308016|-2.118075|-1230.059582|-84292080.581890|-370.343971|102201.138952|-0.000005|-154923.293431|-1.135293|-0.011534|12.200127|-0.031120|-6.869853|-13.675000|0.273696|-2.345833|-125.916971
1451|-41995361.881158|0.967828|-2.118075|-12.400000|-9.439279|-8.743106|-3.627863|-9.586469|3767.200000|-2.118075|-1.126256|-41353555.931147|-0.056549|-16.147706|-0.823474|0.294371|-12.400000|0.000000|-5100738.032209|0.315526|-0.000000|-14.121625|-10.567630|-0.177734|0.073979|0.053343|-6530.020750|-0.561112|-2.345153|6.774037|-1.447182|0.763903|-4.816385|0.308016|-2.118075|-1230.178423|-84582611.822622|-314.452236|102201.138952|-0.000005|-154923.293431|-1.155751|-0.015334|12.357399|-0.030863|-6.680454|-15.675000|0.273696|-2.345153|-125.916971
1452|-48179748.373478|0.931213|-2.118075|-12.400000|-9.439279|-8.743106|-3.627863|-9.586469|3767.200000|-2.118075|-1.126256|-46498802.113582|-0.056549|-16.147706|-0.823608|0.281983|-10.400000|0.000000|-5096942.563660|0.315526|-0.000000|-15.238113|-11.363492|-0.193968|0.070240|0.053031|-6233.178758|-0.557185|-2.345463|7.565093|-1.432558|0.763903|-4.816385|0.308016|-2.118075|-1230.389369|-84808797.916121|-261.939806|102201.138952|-0.000005|-154923.293431|-1.176209|-0.015582|12.526111|-0.030703|-6.491056|-13.675000|0.273696|-2.345463|-125.916971
1453|-52703912.323500|0.893470|-2.118075|-12.400000|-9.439279|-8.743106|-3.627863|-9.586469|3767.200000|-2.118075|-1.126256|-50349820.482944|-0.056549|-16.158959|-0.823675|0.219798|-12.400000|0.000000|-5092278.730809|0.315526|-0.000000|-14.101235|-11.934495|-0.212395|0.067499|0.052644|-4511.982636|-0.554156|-2.346736|8.590923|-1.416221|0.763903|-4.816385|0.308016|-2.118075|-1230.544160|-84808797.916121|-233.076549|102201.138952|-0.000005|-154923.293431|-1.196667|-0.017795|12.712683|-0.030654|-6.301658|-13.675000|0.273696|-2.346736|-125.916971
1454|-59028449.563628|0.889292|-2.118075|-12.400000|-9.439279|-8.743106|-3.627863|-9.586469|3767.200000|-2.118075|-1.126256|-56176253.411482|-0.056549|-16.158959|-0.823438|0.109466|-18.400000|0.000000|-5082059.162459|0.315526|-0.000000|-15.956170|-12.543646|-0.229754|0.065078|0.052129|-2054.774197|-0.556633|-2.346829|8.326488|-1.398100|0.763903|-4.816385|0.308016|-2.118075|-1229.804145|-84808797.916121|-263.023216|102201.138952|-0.000005|-154923.293431|-1.217125|-0.016749|12.914772|-0.030653|-6.112259|-17.675000|0.290642|-2.346829|-125.916971
1455|-66425181.124108|0.846201|-2.118075|-12.400000|-9.439279|-8.743106|-3.627863|-9.586469|3767.200000|-2.118075|-1.126256|-64026854.856828|-0.056549|-16.158959|-0.823455|-0.023488|-12.400000|0.000000|-5067628.435262|0.315526|-0.000000|-19.043550|-12.962583|-0.247114|0.062869|0.051499|-1772.436542|-0.555542|-2.345813|7.265753|-1.378118|0.763903|-4.816385|0.306090|-2.118075|-1230.211332|-84808797.916121|-208.842556|102201.138952|-0.000005|-154923.293431|-1.237583|-0.016739|13.130231|-0.030679|-5.922861|-13.675000|0.290642|-2.345813|-94.634097
1456|-73981182.414108|0.754326|-2.118075|-12.400000|-9.439279|-8.912608|-3.627863|-9.586469|3767.200000|-2.118075|-1.126256|-73108096.675278|-0.056549|-16.158959|-0.823463|-0.202293|-12.400000|0.000000|-5055180.107147|0.315526|-0.000000|-13.890132|-13.575962|-0.264473|0.061457|0.050857|-2368.177078|-0.548590|-2.342778|6.455929|-1.356553|0.763903|-4.816385|0.298757|-2.118075|-1229.972154|-84808797.916121|-217.715782|102201.138952|-0.000005|-154923.293431|-1.258041|-0.016079|13.361709|-0.030739|-5.733463|-13.675000|0.290642|-2.342778|-94.634097
1457|-84864609.406382|0.683019|-2.118075|-12.400000|-9.439279|-8.985984|-3.627863|-9.586469|3767.200000|-2.118075|-1.126256|-84208308.871474|-0.056549|-16.158959|-0.823467|-0.394879|-12.400000|0.000000|-5031695.082904|0.315526|-0.000000|-13.897446|-13.749972|-0.281833|0.061357|0.050126|-2635.290586|-0.550763|-2.344151|7.005987|-1.334224|0.763903|-4.816385|0.291248|-2.118075|-1229.341090|-84808797.916121|-197.074928|102201.138952|-0.000005|-154923.293431|-1.273459|-0.015099|13.600566|-0.030805|-5.544064|-15.675000|0.290642|-2.344151|-94.634097
1458|-91926720.865296|0.534859|-2.118075|-12.400000|-9.439279|-8.985984|-3.627863|-9.586469|3767.200000|-2.118075|-1.126256|-91812083.591104|-0.056549|-16.158959|-0.823605|-0.526915|-12.400000|0.000000|-5010987.037899|0.315526|-0.000000|-13.587132|-14.237095|-0.288565|0.059676|0.049314|-3385.852796|-0.553124|-2.343486|7.005987|-1.311101|0.763903|-4.816385|0.285601|-2.118075|-1230.613982|-84808797.916121|-145.706518|102201.138952|-0.000005|-154923.293431|-1.280623|-0.014837|13.848470|-0.030889|-5.354666|-13.675000|0.290642|-2.343486|-94.634097
1459|-108190559.777302|0.359650|-2.118075|-12.400000|-9.439279|-8.985984|-3.627863|-9.586469|3767.200000|-2.118075|-1.126256|-108006960.990978|-0.056549|-16.158959|-0.823538|-0.640776|-14.400000|0.000000|-4969198.086343|0.390175|-0.000000|-14.224728|-14.014151|-0.293599|0.057571|0.048738|-3828.247537|-0.555807|-2.343332|6.635336|-1.287151|0.763903|-4.816385|0.278431|-2.118075|-1229.677864|-84808797.916121|-204.932010|102201.138952|-0.000005|-154923.293431|-1.284284|-0.014251|14.102475|-0.030968|-5.165268|-13.675000|0.290642|-2.343332|-94.634097
