859|nan|nan|nan|nan|nan|nan|nan|nan|nan|nan|nan|nan|nan|nan|nan|nan|nan|nan|nan
900|nan|nan|nan|nan|nan|nan|nan|nan|nan|nan|nan|nan|nan|nan|nan|nan|nan|nan|nan
901|nan|nan|nan|nan|nan|nan|nan|nan|nan|nan|nan|nan|nan|nan|nan|nan|nan|nan|nan
902|nan|nan|nan|nan|nan|nan|nan|nan|nan|nan|nan|nan|nan|nan|nan|nan|nan|nan|nan
903|nan|nan|nan|nan|nan|nan|nan|nan|nan|nan|nan|nan|nan|nan|nan|nan|nan|nan|nan
904|nan|nan|nan|nan|nan|nan|nan|nan|nan|nan|nan|nan|nan|nan|nan|nan|nan|nan|nan
905|nan|nan|nan|nan|nan|nan|nan|nan|nan|nan|nan|nan|nan|nan|nan|nan|nan|nan|nan
906|nan|nan|nan|nan|nan|nan|nan|nan|nan|nan|nan|nan|nan|nan|nan|nan|nan|nan|nan
907|nan|nan|nan|nan|nan|nan|nan|nan|nan|nan|nan|nan|nan|nan|nan|nan|nan|nan|nan
908|nan|nan|nan|nan|nan|nan|nan|nan|nan|nan|nan|nan|nan|nan|nan|nan|nan|nan|nan
909|nan|nan|nan|nan|nan|nan|nan|nan|nan|nan|nan|nan|nan|nan|nan|nan|nan|nan|nan
910|nan|nan|nan|nan|nan|nan|nan|nan|nan|nan|nan|nan|nan|nan|nan|nan|nan|nan|nan
911|nan|nan|nan|nan|nan|nan|nan|nan|nan|nan|nan|nan|nan|nan|nan|nan|nan|nan|nan
912|nan|nan|nan|nan|nan|nan|nan|nan|nan|nan|nan|nan|nan|nan|nan|nan|nan|nan|nan
913|nan|nan|nan|nan|nan|nan|nan|nan|nan|nan|nan|nan|nan|nan|nan|nan|nan|nan|nan
914|nan|nan|nan|nan|nan|nan|nan|nan|nan|nan|nan|nan|nan|nan|nan|nan|nan|nan|nan
915|nan|nan|nan|nan|nan|nan|nan|nan|nan|nan|nan|nan|nan|nan|nan|nan|nan|nan|nan
916|nan|nan|nan|nan|nan|nan|nan|nan|nan|nan|nan|nan|nan|nan|nan|nan|nan|nan|nan
917|nan|nan|nan|nan|nan|nan|nan|nan|nan|nan|nan|nan|nan|nan|nan|nan|nan|nan|nan
918|nan|nan|nan|nan|nan|nan|nan|nan|nan|nan|nan|nan|nan|nan|nan|nan|nan|nan|nan
919|nan|nan|nan|nan|nan|nan|nan|nan|nan|nan|nan|nan|nan|nan|nan|nan|nan|nan|nan
920|nan|nan|nan|nan|nan|nan|nan|nan|nan|nan|nan|nan|nan|nan|nan|nan|nan|nan|nan
921|nan|nan|nan|nan|nan|nan|nan|nan|nan|nan|nan|nan|nan|nan|nan|nan|nan|nan|nan
922|nan|nan|nan|nan|nan|nan|nan|nan|nan|nan|nan|nan|nan|nan|nan|nan|nan|nan|nan
923|nan|nan|nan|nan|nan|nan|nan|nan|nan|nan|nan|nan|nan|nan|nan|nan|nan|nan|nan
924|nan|nan|nan|nan|nan|nan|nan|nan|nan|nan|nan|nan|nan|103.547486|nan|77.209578|nan|nan|nan
925|nan|nan|nan|nan|nan|nan|nan|nan|nan|nan|nan|nan|nan|90.443861|nan|70.030778|nan|nan|nan
926|nan|nan|nan|nan|nan|nan|nan|nan|nan|nan|nan|nan|nan|95.134798|nan|68.542892|nan|nan|nan
927|nan|nan|nan|nan|nan|nan|nan|nan|nan|nan|nan|nan|nan|88.279532|nan|67.293870|nan|nan|nan
928|nan|nan|nan|nan|nan|nan|nan|nan|nan|nan|nan|nan|nan|81.390184|62.034046|65.717023|nan|nan|nan
929|nan|nan|nan|nan|nan|nan|nan|nan|nan|nan|nan|nan|nan|72.757609|53.401471|56.641716|nan|nan|nan
930|nan|nan|nan|nan|nan|nan|nan|nan|nan|nan|nan|nan|nan|83.755728|52.164296|55.328085|nan|nan|nan
931|nan|nan|nan|nan|nan|nan|nan|nan|nan|nan|nan|nan|nan|72.235259|46.676915|49.589699|nan|nan|nan
932|nan|nan|nan|nan|nan|nan|nan|nan|nan|nan|nan|nan|nan|51.553249|33.920640|36.449056|nan|nan|nan
933|nan|nan|nan|nan|54.589322|nan|nan|nan|nan|nan|nan|nan|nan|25.937803|24.909000|26.799585|nan|nan|nan
934|nan|nan|nan|nan|51.562233|nan|nan|nan|nan|nan|nan|nan|nan|11.466874|19.849440|21.219464|nan|nan|nan
935|nan|nan|nan|nan|48.876549|nan|nan|nan|nan|-32.565350|nan|nan|nan|8.672287|17.954485|18.901704|nan|nan|nan
936|nan|nan|nan|nan|47.042875|nan|nan|nan|nan|-37.323784|nan|nan|nan|11.372425|17.954485|18.714102|nan|nan|nan
937|nan|nan|nan|nan|46.066820|nan|nan|nan|nan|-31.325183|nan|nan|nan|18.359354|17.954485|18.558583|nan|nan|nan
938|nan|nan|nan|nan|44.937086|nan|nan|nan|nan|-53.429634|nan|nan|nan|-15.107007|17.954485|17.968424|nan|nan|nan
939|nan|nan|nan|nan|43.726052|nan|nan|nan|nan|-55.672907|nan|nan|nan|-18.763775|17.954485|17.661154|nan|nan|nan
940|nan|nan|nan|nan|43.228855|nan|nan|nan|nan|-5.561039|nan|nan|nan|-11.104137|17.954485|17.424627|nan|nan|nan
941|nan|nan|nan|nan|42.710478|nan|nan|nan|nan|-1.896101|nan|nan|nan|-4.611543|17.954485|17.400001|nan|nan|nan
942|nan|nan|nan|nan|42.998553|nan|nan|nan|nan|2.334495|nan|nan|nan|-14.154184|17.954485|17.079635|nan|nan|nan
943|nan|-47.138494|nan|nan|42.977858|nan|nan|nan|nan|-1.000943|nan|nan|nan|-13.151779|17.954485|16.993609|-0.019942|nan|nan
944|nan|-47.351667|nan|nan|42.937234|nan|nan|nan|nan|-11.730690|nan|nan|nan|-26.805756|17.954485|16.630095|-0.021857|nan|nan
945|nan|-51.439192|nan|nan|40.809733|nan|nan|nan|nan|-47.377213|nan|nan|nan|-76.716776|-5.485858|-7.693887|-0.037692|nan|nan
946|nan|-57.305286|nan|nan|36.510395|nan|nan|nan|nan|-86.129219|nan|nan|nan|-108.206503|-59.962945|-62.835023|-0.048287|nan|nan
947|nan|-58.834232|nan|nan|33.823203|nan|nan|nan|nan|-42.041343|nan|nan|nan|-67.997651|-59.962945|-63.012007|-0.040601|nan|nan
948|nan|-56.972318|nan|-45.349611|32.407147|nan|nan|nan|nan|-18.795599|nan|nan|nan|-25.514478|-59.962945|-62.652621|-0.032349|nan|nan
949|nan|-51.866635|nan|9.435391|32.240215|nan|nan|nan|nan|20.846580|nan|nan|nan|27.684614|-59.962945|-61.878548|-0.022593|nan|nan
950|nan|-46.965952|nan|15.467429|32.568225|nan|nan|nan|nan|11.783220|nan|nan|nan|32.747670|-59.962945|-61.405123|-0.021394|nan|nan
951|nan|-42.954231|nan|13.186747|32.503316|nan|nan|nan|nan|1.482057|nan|nan|nan|27.970963|-59.962945|-60.864434|-0.021995|nan|nan
952|nan|-37.249805|nan|54.924851|33.396719|nan|nan|nan|nan|32.637515|nan|nan|nan|70.222841|-59.962945|-59.969914|-0.014489|nan|nan
953|nan|-30.510415|nan|90.083889|35.360268|nan|144.437722|nan|nan|52.855338|nan|nan|nan|106.966361|-59.962945|-58.963461|-0.008221|nan|nan
954|nan|-24.594743|nan|87.458638|37.323336|nan|136.436799|nan|nan|48.327049|nan|nan|nan|106.486305|-59.962945|-58.343029|-0.008558|nan|nan
955|nan|-21.347994|nan|41.084871|38.439489|nan|77.061526|nan|nan|-2.078661|nan|nan|nan|60.936747|-59.962945|-58.492987|-0.016890|nan|nan
956|nan|-18.646033|nan|36.910853|39.022328|nan|77.061525|nan|nan|-0.467986|nan|nan|nan|57.719533|-59.962945|-58.319818|-0.017716|nan|nan
957|nan|-15.828182|nan|nan|39.877832|nan|80.430336|nan|nan|5.741087|nan|nan|nan|69.296419|-59.962945|-58.204007|-0.015915|nan|nan
958|nan|-13.953268|nan|nan|40.388535|nan|57.059217|nan|nan|1.735955|nan|nan|nan|54.532610|-59.962945|-58.288213|-0.018841|nan|nan
959|nan|-11.909645|nan|39.924604|40.068563|-3.965215|57.480318|0.632003|nan|17.256637|nan|nan|nan|65.676573|-59.962945|-58.219956|-0.017227|nan|nan
1000|nan|-9.388259|nan|58.387485|40.308192|-2.260060|86.746854|0.771935|nan|28.413931|nan|nan|nan|86.561420|-59.962945|-58.033424|-0.013886|nan|nan
1001|nan|-7.491548|nan|45.715199|40.569651|-1.087651|63.165184|0.925600|nan|28.347443|nan|-104.471039|nan|76.431498|-59.962945|-27.555381|-0.016062|nan|nan
1002|nan|-6.143392|nan|35.084835|40.368490|-0.207684|30.950941|0.876376|nan|24.285063|nan|-104.338577|nan|67.512574|-59.962945|0.004587|-0.018087|nan|nan
1003|nan|-4.826769|nan|nan|40.275192|0.690222|9.053677|0.764355|nan|37.640880|nan|-103.962850|nan|72.890850|-59.962945|30.968509|-0.017560|nan|nan
1004|nan|-3.700403|nan|nan|40.355319|1.475924|-6.737620|0.698426|nan|28.363997|nan|-103.477291|nan|71.654436|-59.962945|34.294313|-0.018009|nan|nan
1005|nan|-2.563061|nan|nan|40.564269|2.281046|-5.895417|0.655459|nan|22.331554|nan|-103.246500|nan|75.969911|-59.962945|34.241063|-0.017520|nan|nan
1006|nan|-1.564628|nan|nan|40.865928|2.990695|-4.211013|0.635759|nan|19.982163|nan|-102.753852|nan|76.121507|-59.962945|58.299927|-0.017932|nan|nan
1007|nan|-0.546266|nan|nan|41.593680|3.715338|6.737619|0.600456|nan|27.088786|nan|-101.599595|nan|81.843462|-59.962945|58.234265|-0.017518|nan|nan
1008|nan|0.165132|nan|nan|42.336418|4.230773|-33.266997|0.571735|nan|13.260257|nan|-99.988946|nan|77.460610|-59.962945|53.322779|-0.018942|nan|nan
1009|nan|0.740419|nan|25.755652|43.123682|4.649854|-39.162414|0.536574|nan|20.238096|nan|-98.118122|nan|77.654316|-59.962945|49.883494|-0.019540|nan|nan
1010|nan|-0.223765|nan|-29.829749|43.027977|3.664973|-85.273000|0.511059|nan|-25.643193|nan|-97.808596|nan|24.610780|-59.962945|15.412934|-0.029513|nan|nan
1011|nan|-1.290185|nan|-39.260540|42.331353|2.606964|-86.115202|0.482193|nan|-55.358732|nan|-97.951269|nan|17.849371|-59.962945|-0.428477|-0.031273|nan|nan
1012|nan|-2.132932|nan|nan|41.910746|1.753461|-85.062448|0.458958|nan|-47.143895|nan|-98.093976|nan|28.204813|-59.962945|-0.736224|-0.030034|nan|nan
1013|nan|-2.968836|nan|nan|41.663196|0.917857|-82.325291|0.456074|nan|-43.622428|nan|-97.302498|nan|29.698095|-59.962945|-0.976102|-0.030371|nan|nan
1014|nan|-4.014793|nan|nan|41.690775|-0.056083|-102.959251|0.360615|nan|-35.615191|nan|-96.697874|nan|20.539189|-59.962945|-1.160132|-0.032134|nan|nan
1030|nan|-4.990069|nan|nan|41.459354|-0.959339|-149.069835|0.360615|nan|-25.399328|nan|-96.344376|nan|21.948861|-59.962945|-1.298362|-0.031984|nan|nan
1031|nan|-5.410911|nan|-22.149559|41.565284|-1.372412|-157.702411|0.360615|nan|-12.671483|nan|-95.680949|nan|43.860840|-29.300068|-1.245338|-0.028272|nan|nan
1032|nan|-5.349062|nan|-0.738520|41.290861|-1.261769|-92.852821|0.342536|nan|2.521380|nan|-94.267592|nan|64.645333|-1.728933|-0.889713|-0.024411|nan|nan
1033|25.835774|-4.845992|nan|21.978689|41.512413|-0.715710|-24.213321|0.280703|nan|37.742992|nan|-92.374389|nan|84.320246|-0.694627|-0.455792|-0.020437|nan|nan
1034|36.797404|-4.134307|nan|33.238702|42.066495|-0.011399|41.899572|0.141665|nan|54.832626|nan|-89.863500|nan|93.049188|-0.694627|-0.119697|-0.018413|nan|nan
1035|61.072978|-2.937435|nan|57.071701|43.749968|1.229049|72.850513|0.196847|nan|52.770889|nan|-85.385819|nan|116.490251|-0.694627|0.597549|-0.014099|nan|nan
1036|89.194269|-0.412187|nan|85.447862|48.009592|2.910301|97.484935|0.307533|nan|68.839019|nan|-79.343045|nan|144.574688|-0.694627|1.296319|-0.009112|nan|nan
1037|96.276198|2.034696|nan|nan|51.810817|4.599989|146.543228|0.417496|nan|80.038067|nan|-74.366975|nan|151.399938|-0.694627|1.818542|-0.007874|nan|nan
1038|102.371722|5.186931|nan|nan|54.807364|5.519861|187.600599|0.499790|nan|75.491185|nan|-70.566086|nan|157.760818|-0.694627|2.350537|-0.006824|nan|nan
1039|138.897024|9.173501|nan|134.050732|57.753172|7.305830|221.920349|0.603051|nan|82.018629|nan|-67.359489|nan|195.884765|-0.694627|3.345407|-0.000377|nan|nan
1040|134.161870|12.720956|nan|128.623374|60.996045|8.961067|170.124898|0.696432|nan|83.823644|nan|-64.434973|nan|192.348697|-0.694627|3.613115|-0.001276|nan|nan
1041|129.024551|16.075504|nan|124.094242|64.065201|10.507985|160.018468|0.747689|nan|82.138430|nan|-61.479425|nan|188.579029|-0.694627|22.138208|-0.002250|nan|nan
1042|118.418489|19.154127|nan|112.082054|66.206508|11.866990|159.176266|0.792182|nan|69.826337|nan|-59.995798|nan|179.501712|-0.694627|24.242897|-0.004198|nan|nan
1043|93.071619|21.635449|nan|86.034236|66.825379|12.816261|117.066143|0.814169|nan|44.821854|nan|-60.211995|nan|155.539427|-0.694627|30.408596|-0.008768|nan|-84.471457
1044|78.650570|23.967443|nan|71.286557|67.091426|13.584758|111.381276|0.829859|nan|26.915479|nan|-60.781502|nan|143.777257|-0.694627|30.967669|-0.011390|nan|-84.499812
1045|79.985637|27.192019|nan|73.775601|67.897100|14.241763|131.173034|0.836694|nan|43.926804|nan|-59.954094|nan|147.917495|-0.694627|41.691018|-0.011201|nan|-84.525548
1046|65.921660|30.717919|nan|nan|68.902653|14.779714|104.643656|0.821052|nan|60.615051|62.041738|-59.380145|nan|136.576426|-0.694627|43.076817|-0.006143|nan|-84.546343
1047|32.226977|32.678918|nan|24.482886|69.143293|14.936447|59.375274|0.799571|nan|34.091676|28.122696|-60.043343|nan|105.543040|-0.694627|54.649740|-0.003980|nan|-84.557275
1048|19.794807|33.566269|nan|nan|69.163735|15.386452|49.689946|0.791972|nan|24.378602|15.498886|-60.615204|nan|95.997486|-0.694627|59.572066|-0.005646|nan|-84.572570
1049|2.692349|32.986800|nan|-5.295448|69.082990|15.629054|29.898187|0.783064|nan|38.357395|-1.815609|-61.924367|nan|81.339914|-0.694627|58.111655|-0.008717|nan|-84.583501
1050|-26.031479|31.693031|nan|-34.645847|67.974077|15.423030|3.789911|0.781250|nan|-4.856983|-30.755740|-64.572288|nan|55.593785|-0.694627|33.970405|-0.013847|nan|-84.618549
1051|-53.975701|29.969166|1360.602124|-62.141028|66.542590|14.636209|-26.529378|0.926456|-56.302237|-32.081670|-58.828108|-67.634956|-60.381881|30.756843|-0.694627|20.666549|-0.021565|nan|-84.621288
1052|-60.272389|27.394894|1446.237189|nan|65.235806|13.732504|-30.529839|0.979567|-64.619112|-31.317419|-65.232726|-70.535436|-67.498399|26.343832|-0.694627|7.848141|-0.023914|nan|-85.324162
1053|-51.193165|24.307996|1530.981325|-58.416906|63.914978|13.626256|-29.477086|0.991404|-63.245792|-31.586152|-56.244955|-73.255829|-64.604723|36.871232|-0.694627|7.522871|-0.022303|nan|-86.290880
1054|-42.960554|21.392361|1593.197767|-51.708406|62.883799|13.739987|-24.634422|1.004631|-52.474318|-28.039421|-48.085002|-75.681380|-56.393249|46.497607|-0.694627|7.277445|-0.020841|nan|-87.161732
1055|-40.197623|19.423366|1606.149608|-47.841720|61.663868|13.824711|-77.903728|1.001525|-51.337517|-24.892943|-44.959635|-78.112976|-53.656091|50.150496|-0.694627|7.251132|-0.020354|nan|-87.976468
1056|-36.807511|17.710400|1600.908746|-44.093055|60.707986|13.834697|-84.430797|1.003030|-45.568350|-25.779821|-41.156691|-80.362747|-50.287281|53.022230|8.252189|7.242428|-0.019754|nan|-88.700842
1057|-52.994711|15.449905|1572.273797|nan|59.541488|13.635031|-93.695024|1.034368|-63.859679|-48.829482|-56.978495|-83.144893|-67.699679|35.977470|8.252189|7.093732|-0.022636|nan|-89.623394
1058|-32.332617|14.023562|1505.591048|-39.670961|58.992594|13.781427|-74.956019|1.058163|-43.305718|-23.207861|-35.978493|-85.117754|-47.065718|55.289883|8.252189|7.145147|-0.018967|nan|-90.285306
1059|-17.114459|12.757808|1403.259954|-24.879029|58.572849|14.478521|-69.692254|1.084115|-36.466786|-22.197820|-20.430467|-86.563104|-35.346074|68.266803|8.252189|7.506099|-0.016271|nan|-90.736213
1100|18.802619|11.839057|1295.026265|10.899013|59.711903|16.649510|-33.056446|1.070616|-12.992824|3.351215|15.917437|-85.393970|-8.112469|102.274230|8.252189|8.104548|-0.009906|nan|-90.744089
1101|19.181957|11.066568|1201.248196|9.910469|61.484395|19.225063|-12.001385|1.014838|-10.861564|16.970434|16.635610|-83.949047|-8.301919|99.253560|8.252189|8.419876|-0.009868|nan|-90.728065
1102|14.952310|10.533823|1120.361692|nan|62.619301|20.985806|5.263765|1.002618|-11.523127|13.647681|12.580537|-82.839794|-12.723482|91.522851|8.252189|8.664184|-0.010655|nan|-90.706498
1103|31.572607|10.300540|1045.141989|23.564156|63.979859|22.282897|44.005078|0.977427|9.059821|28.594229|29.285365|-81.234646|3.699466|104.947558|8.252189|9.003974|-0.007734|nan|-90.684828
1104|54.290247|10.583153|975.795117|nan|65.616601|23.068645|77.903727|1.028018|35.429801|49.723144|52.098592|-78.696085|26.228382|123.997468|8.252189|9.414322|-0.003729|nan|-90.649632
1105|35.726012|10.377815|888.114782|26.137621|67.096187|23.284007|83.378044|0.972346|18.610443|51.004215|33.451408|-76.710739|7.489378|101.251254|8.252189|9.413385|-0.007061|nan|-90.592241
1106|7.873853|9.679885|827.736645|-2.221052|67.509687|23.023716|83.378044|0.882418|-5.071725|18.245590|5.369422|-76.117831|-20.513854|69.779273|8.252189|9.245065|-0.012041|nan|-90.519258
1107|6.303771|8.923289|787.186579|-2.380540|67.857176|22.035576|88.641809|0.785335|-0.036484|18.755630|3.492602|-76.196573|-22.198259|64.297446|8.252189|12.273169|-0.012341|nan|-90.441610
1108|9.113586|8.419540|790.136054|nan|67.712372|20.509386|97.274385|0.702875|7.580319|16.060755|5.932285|-76.826366|-19.461101|63.670751|8.252189|17.217530|-0.011855|nan|-90.392107
1109|21.578862|8.266706|793.230575|nan|67.605504|19.224354|145.911577|0.594624|18.642451|28.625988|17.865005|-77.409818|-7.038615|72.638473|8.252189|17.113692|-0.009646|nan|-90.752631
1110|69.226099|10.181277|791.282969|59.729659|67.711889|19.786349|188.442801|0.728092|48.945469|60.395474|65.077234|-77.341494|40.545824|117.795392|8.252189|20.244964|-0.001183|nan|-90.733887
1111|104.462371|12.945938|808.323611|95.449011|67.995597|21.013471|218.130438|0.799712|86.586711|83.839444|99.865718|-77.084386|79.387777|151.439799|8.252189|20.915075|0.005070|nan|-90.732144
1112|111.709459|15.669048|850.532274|102.549593|67.851335|22.188122|214.340527|0.804432|92.624009|80.141022|106.739168|-76.828107|92.386498|157.472218|8.252189|35.536246|0.006342|nan|-90.749568
1113|153.521448|19.278863|870.739604|143.742339|69.081642|24.487119|230.342374|0.854489|125.111965|101.828853|148.326110|-75.553560|137.595520|199.719594|8.252189|38.457553|0.013754|nan|-90.780136
1114|228.225983|24.565692|859.410829|218.237001|71.574543|28.051293|290.138749|0.922101|192.444032|166.098230|222.928916|-73.192029|212.130438|277.922069|8.252189|50.337499|0.026999|nan|-90.816055
1115|222.740387|29.536930|846.392819|nan|73.362244|31.012253|285.506635|0.975323|191.399163|131.360416|217.429162|-70.855316|208.525571|276.114069|8.252189|51.355300|0.025982|nan|-90.835169
1116|236.250128|34.376904|786.302084|225.882802|75.745199|34.447801|284.453882|1.033047|194.982066|137.761836|231.007170|-68.015734|223.950260|294.004010|8.252189|52.536993|0.028331|nan|-90.878381
1117|223.255415|38.427983|746.456039|212.118055|78.255642|37.611550|237.290544|1.104116|187.638448|114.563814|218.191422|-65.249411|210.685571|286.297857|8.252189|53.063480|0.025968|nan|-90.925602
1118|190.484767|41.364071|772.463337|178.711948|80.541680|40.029266|191.601061|1.163488|156.582717|87.763061|185.621640|-62.688277|177.629125|259.340133|8.252189|53.225824|0.020093|nan|-90.970072
1119|153.928344|43.273255|831.784048|142.195475|82.324736|41.699777|137.489552|1.202142|123.497071|62.926790|149.344338|-60.746247|140.782767|228.425830|8.252189|52.947982|0.013547|nan|-91.002655
1120|154.014055|44.819030|906.274063|143.015777|84.119521|43.343181|108.433567|1.236293|120.806522|82.875805|149.769123|-58.837531|144.492216|235.024380|8.252189|52.791153|0.013507|nan|-91.035827
1121|148.840223|45.613835|1034.063143|nan|86.011284|44.898678|74.956019|1.118052|114.692206|80.169304|144.945356|-56.686973|139.017900|237.541196|8.252189|52.576851|0.012533|nan|-91.076047
1122|117.556752|45.547176|1253.021117|104.588114|87.608388|45.807717|37.056909|1.082821|84.629612|60.497103|114.111050|-54.491622|107.435308|214.486680|11.423512|52.166351|0.006927|nan|-91.123908
1123|67.731344|44.341040|1454.340133|54.813791|88.742720|45.842744|-4.000462|1.070289|40.839991|41.456944|64.655007|-53.366936|59.324261|173.469808|16.489791|63.722257|-0.001965|nan|-91.159697
1124|65.695711|42.535928|1682.773042|53.195130|89.549208|46.033603|1.894956|1.064883|34.763938|48.972080|63.089893|-51.828667|57.008205|181.301896|16.489791|65.408831|-0.002376|nan|-91.191412
1125|75.038727|40.840083|1919.696935|nan|91.357866|47.316755|13.685790|1.080051|36.298327|72.873310|72.942043|-49.225284|60.301881|198.862882|18.940321|90.074221|-0.000769|nan|-91.216457
1126|73.646733|39.329805|2147.983122|59.521761|93.455324|48.747048|15.370195|1.091639|37.253566|86.133444|72.135811|-45.896843|58.617476|205.146776|18.940321|89.685946|-0.001068|nan|-91.251709
1127|61.728822|37.780796|2350.710417|nan|95.557849|49.870029|-13.054139|1.067808|26.241630|72.432567|60.841422|-42.750815|46.405540|199.730882|32.907615|87.662427|-0.003234|nan|-91.292504
1128|45.596880|36.436022|2555.134803|30.880900|97.265168|50.709687|-8.843126|1.040346|12.939394|56.084821|45.269762|-40.318525|29.982592|188.050066|34.733926|75.747252|-0.006145|nan|-91.326433
1129|45.887668|35.439840|2749.651230|32.286108|98.602991|51.793875|6.316518|1.063618|12.699395|46.738733|46.058568|-38.132240|29.982592|191.882619|45.033444|70.467351|-0.006145|nan|-91.362901
1330|100.723060|35.644068|2900.717559|86.778715|101.004534|54.004168|96.642733|1.067007|60.669870|96.430962|101.261014|-34.492169|84.515202|250.278810|45.033444|70.818141|0.003524|nan|-91.430166
1331|96.189271|35.910105|3032.368578|80.591802|103.054019|55.755847|92.010619|1.107586|58.866848|82.466263|97.081647|-31.102835|79.672538|247.936423|45.033444|71.042006|0.002665|nan|-91.519139
1332|55.850262|35.957554|3164.138021|40.290773|104.529783|56.279625|46.952787|1.125209|29.191646|44.798823|57.046998|-28.399522|39.036269|208.884027|45.033444|70.702546|-0.004537|nan|-91.601996
1333|27.045886|35.821678|3294.962684|10.675785|104.937763|55.900902|34.109199|1.176192|4.885466|11.838954|28.266504|-27.104407|9.769733|181.182943|45.033444|50.021944|-0.009722|nan|-91.674010
1334|29.837230|36.029755|3413.933926|14.033562|105.124260|55.503509|58.954172|1.210505|4.240811|12.475941|30.981801|-26.158423|12.085790|185.238136|40.001579|43.552924|-0.009309|nan|-91.728468
1335|3.753746|36.224320|3525.622365|-13.078925|104.400453|54.097345|13.685790|1.218830|-9.405718|-8.431176|4.721747|-26.952239|-13.403588|159.766424|29.261675|32.230670|-0.014008|nan|-91.750274
1336|-30.153051|36.331626|3613.545903|-47.518662|103.221695|51.578200|-48.637192|1.220899|-37.084403|-30.388458|-29.366164|-28.683086|-47.723338|124.653752|19.503329|21.674642|-0.020086|nan|-91.747341
1337|-32.085961|36.643089|3713.064662|nan|102.241513|48.958896|-52.637654|1.224054|-38.920104|-25.451409|-31.413045|-30.321572|-50.039395|121.634615|19.503329|21.025905|-0.019580|nan|-91.735106
1338|-92.814855|35.500277|3922.961169|-110.661139|100.086622|45.000670|-110.960174|1.182368|-87.656593|-74.390305|-92.327528|-34.099043|-111.099073|57.861438|-10.539073|-10.310452|-0.038644|nan|-91.662540
1339|-122.451857|33.685858|4158.254298|nan|96.158243|40.040125|-128.435876|1.153195|-109.233018|-92.034069|-122.171027|-39.296809|-140.997261|22.493752|-57.103928|-57.888676|-0.049368|nan|-91.503763
1340|-99.916228|32.347339|4301.231601|-117.363990|92.834283|35.679154|-58.533071|0.906886|-94.435358|-49.189783|-99.815464|-43.301071|-117.078895|39.171135|-57.103928|-58.517050|-0.045419|nan|-91.342040
1341|-102.281185|30.867519|4360.181271|-120.976107|90.521359|31.325955|-25.897726|0.748599|-88.400203|-40.142299|-102.342771|-46.541059|-115.925503|29.186012|-57.103928|-59.298820|-0.045874|nan|-91.148824
1342|-149.763813|28.763613|4359.756352|-168.395599|87.084516|26.225289|-66.323444|0.633777|-129.183931|-75.056162|-150.088828|-51.025207|-162.069942|-27.268295|-72.991847|-76.386762|-0.059643|nan|-90.873342
1343|-145.285056|26.472996|4323.853308|-163.584359|83.598577|21.850046|-20.212859|0.501043|-129.563427|-82.068250|-145.938838|-55.467827|-157.648379|-31.117185|-79.597853|-83.582195|-0.058869|nan|-90.346891
1344|-136.632480|24.087426|4254.911226|-155.827670|80.140503|17.888025|62.954634|0.357573|-119.651202|-68.605589|-137.692899|-60.024037|-143.415804|-32.026764|-79.597853|-84.149270|-0.057347|nan|-89.495226
1345|-142.755273|20.923625|4136.192493|-161.948515|76.621087|13.830161|51.163799|0.226592|-120.636464|-83.902517|-144.470646|-66.054857|-148.321772|-48.995043|-79.597853|-84.692176|-0.058440|nan|-88.433761
1346|-122.796757|18.194136|3912.425194|nan|72.298257|10.476183|84.430797|0.110987|-103.514509|-78.180220|-125.308114|-72.488042|-128.319463|-40.000321|-79.597853|-84.902086|-0.054903|nan|-86.831883
1347|-129.382497|15.426995|3658.580810|-148.135808|68.112423|7.524103|64.639039|-0.002037|-110.841222|-83.801217|-132.813925|-79.282906|-140.046532|-60.082626|-79.597853|-85.310961|-0.056072|nan|-84.320975
1348|-142.103537|12.142071|3480.121317|-160.747478|62.102917|4.584665|18.949556|-0.118855|-119.474962|-110.968977|-146.636234|-87.577973|-152.679569|-86.341010|-79.597853|-85.716553|-0.058323|nan|-81.997520
1349|-133.566457|8.633597|3304.271283|nan|54.272971|2.144030|-9.264227|-0.206481|-117.001682|-117.344397|-139.411560|-97.702501|-148.926994|-91.366363|-79.597853|-85.960937|-0.056805|nan|-80.270669
1350|-119.341765|5.767209|3065.223606|-136.847270|46.734843|0.533286|4.842664|-0.288997|-106.924594|-112.469242|-126.551528|-107.193286|-137.009552|-90.950771|-79.597853|-85.922668|-0.054276|nan|-81.898472
1351|-110.151930|3.631291|2847.450859|nan|39.322259|-0.421426|8.632575|-0.367208|-102.780367|-105.866553|-118.878685|-116.696704|-132.305325|-95.360999|-79.597853|-85.817927|-0.052644|nan|-83.313109
1352|-70.836749|2.354408|2631.523789|-88.533283|32.749371|-0.478724|16.422948|-0.413312|-67.168111|-92.368823|-81.104504|-124.736399|-92.932360|-66.574836|-79.597853|-85.354815|-0.045664|nan|-84.496498
1353|-33.200469|1.735158|2390.268345|-50.848266|27.734038|0.048142|4.000461|-0.430077|-32.760612|-54.006309|-44.817222|-130.794491|-55.243800|-36.539300|-79.597853|-84.617273|-0.038978|nan|-85.228692
1354|-26.928077|0.880731|2184.205960|-44.214245|23.632315|0.515659|8.000924|-0.449043|-28.443740|-52.131427|-39.886866|-135.628775|-48.927281|-37.662342|-79.597853|-83.981802|-0.037863|nan|-85.856275
1355|-43.403648|-1.177381|1981.300345|-61.497336|19.597945|0.472116|0.631652|-0.478102|-38.864218|-59.587671|-57.825377|-140.800348|-65.350229|-61.686831|-79.597853|-83.895116|-0.040792|nan|-85.853837
1356|-43.460782|-3.894241|1762.924005|nan|15.716219|0.377238|-1.052753|-0.504970|-40.544218|-46.988819|-59.457695|-145.821418|-65.350229|-67.829829|-79.597853|-83.776553|-0.040803|nan|-85.720845
1357|-24.148169|-6.332603|1558.250765|-41.270365|12.985546|0.931688|6.105967|-0.525082|-26.694971|-35.594811|-41.687611|-149.428963|-45.979573|-53.513097|-79.597853|-83.480650|-0.037369|nan|-85.484965
1358|4.009925|-8.986845|1367.249497|-13.376918|11.646641|1.709617|17.896802|-0.534257|-2.242249|-21.225900|-14.854582|-150.843727|-17.765790|-29.069132|-79.597853|-69.842965|-0.032359|nan|-85.220271
1359|6.460750|-13.102617|1189.646800|nan|10.868375|2.187710|20.423409|-0.545460|4.685417|-15.945722|-13.708855|-152.145750|-15.239183|-30.433501|-79.597853|-69.501043|-0.031916|nan|-84.956799
1400|13.289562|-16.969648|1052.476265|-3.604472|9.945716|2.162970|81.904190|-0.573400|14.192530|-6.592982|-8.223151|-153.547049|-8.291012|-27.299767|-79.597853|-67.855541|-0.030685|nan|-84.715527
1401|18.821992|-20.896677|964.479907|nan|9.142396|2.208164|82.746392|-0.597360|16.516690|-7.364819|-4.036776|-154.778972|-2.366146|-24.813055|-79.597853|-67.588214|-0.029677|nan|-84.511827
1402|29.384061|-24.405871|887.190124|nan|9.003168|2.485658|52.848205|-0.603317|25.974772|5.428603|5.245980|-155.380525|8.371936|-16.977533|-79.597853|-67.351169|-0.027770|nan|-84.308128
1403|37.193988|-27.073781|852.087698|20.836618|9.082292|2.657950|31.582592|-0.599331|32.533569|16.015456|11.930227|-155.334247|16.372859|-11.841274|-79.597853|-58.354160|-0.026347|nan|-84.214557
1404|53.418733|-28.709045|827.749787|37.305659|9.000590|2.753753|50.321597|-0.608146|47.756162|16.824529|27.109000|-154.867884|32.795807|3.302498|-79.597853|-48.339002|-0.023426|nan|-84.262136
1405|49.430448|-30.418530|817.278706|32.187075|8.149226|3.006384|20.002308|-0.599899|40.846961|7.263338|22.112678|-156.158931|29.005896|-2.372882|-79.597853|-38.853940|-0.024100|nan|-84.309715
1406|40.184593|-32.168439|838.633058|23.101415|7.491034|3.497072|-23.371118|-0.587139|30.832930|-9.005857|11.872963|-157.599822|19.952220|-11.886577|-79.597853|-8.973069|-0.025711|nan|-84.368481
1407|39.168513|-33.270780|873.609488|23.827875|6.813301|4.046253|-26.529378|-0.594203|26.948950|-16.635040|9.968839|-157.983936|20.550017|-11.453636|-79.597853|19.382998|-0.025859|nan|-84.786834
1408|22.798799|-33.801151|913.962886|6.393092|6.876281|4.150635|-103.801453|-0.540200|13.057975|-27.204545|-7.098175|-157.899387|5.857620|-26.319462|-79.597853|23.414458|-0.028743|nan|-85.971788
1409|27.288577|-34.063341|938.240336|12.021632|6.852844|4.183724|-129.067528|-0.521190|14.089377|-18.627061|-3.215566|-157.737756|10.249733|-19.993887|-79.597853|23.465027|-0.027918|nan|-87.496990
1410|15.742447|-34.838044|951.546572|-0.629972|7.210119|3.172445|-118.118895|-0.497370|13.679644|-36.160135|-15.310687|-157.205103|-1.120000|-28.011654|-79.597853|23.362265|-0.029939|nan|-89.158339
1411|10.060913|-35.696971|950.213427|nan|7.673099|1.488305|-126.119819|-0.489895|9.405684|-39.636081|-21.413770|-155.898695|-6.594316|-30.041362|-79.597853|36.233573|-0.030911|nan|-90.808531
1412|19.086865|-36.140880|954.155181|nan|7.910972|-0.102381|-164.440031|-0.444036|17.468843|-25.643422|-12.589076|-154.281851|2.669911|-14.747283|-79.597853|31.326841|-0.029261|nan|-92.232985
1413|6.576806|-36.606755|929.040419|-9.286695|9.108721|-2.653559|-172.230404|-0.398954|14.376907|-37.617479|-25.090812|-151.318480|-9.542025|-20.769031|-66.544930|31.274868|-0.031431|nan|-93.518902
1414|-0.541654|-37.197473|865.374506|-14.479989|11.438556|-6.555293|-170.335448|-0.344396|17.079288|-30.593064|-32.017161|-147.734153|-16.279644|-21.182344|-66.544930|26.583291|-0.032626|nan|-94.703572
1415|2.802099|-38.793137|793.848860|-10.760289|13.410354|-10.295685|-172.651505|-0.288917|18.309555|-29.388211|-28.226879|-144.731136|-12.489733|-11.543495|-65.201474|26.574813|-0.031950|nan|-95.924116
1416|-19.421615|-40.777331|699.852231|-33.374619|15.688076|-14.724639|-174.335910|-0.261489|6.543553|-44.148114|-49.825589|-142.381894|-34.176447|-27.683195|-65.201474|26.273785|-0.035805|nan|-97.299897
1417|-34.556099|-42.261350|572.213704|-48.208982|19.199445|-19.204682|-195.390971|-0.278797|-9.743372|-43.616048|-64.055189|-139.059372|-48.704439|-38.368971|-65.201474|25.901665|-0.038389|nan|-98.217709
1418|-32.689334|-43.088638|437.400131|nan|22.507449|-23.004583|-205.497401|-0.249545|-11.216411|-29.095795|-61.013007|-135.731644|-46.177832|-33.507688|-56.568899|25.786114|-0.037940|nan|-98.820380
1419|-35.914528|-43.993319|302.584593|-48.273801|25.835544|-26.269264|-199.391433|-0.233163|-15.422662|-21.136976|-62.775713|-132.738680|-38.704439|-34.422142|-47.013362|25.564634|-0.038391|nan|-99.259290
1420|-34.970114|-44.391913|189.263057|nan|29.241944|-29.476217|-183.389586|-0.274692|-11.099323|-19.594237|-60.241926|-129.718518|-35.020034|-30.958915|-37.749135|25.416886|-0.038091|nan|-99.591181
1421|-19.318270|-43.796208|89.655603|-29.131960|31.746346|-32.186691|-157.702411|-0.244367|1.562914|-21.018753|-42.822689|-126.839122|-16.757086|-11.757146|-7.899979|25.636166|-0.035170|-92251.081318|-99.868391
1422|-24.114809|-43.317954|-1.996684|-34.164625|34.498759|-34.494714|-122.329908|-0.264245|-2.116837|-20.654722|-45.845540|-123.880433|-12.837548|-14.585173|20.264771|25.677987|-0.035882|-92245.674730|-100.116577
1423|-27.862144|-41.749205|-91.136503|nan|37.663584|-36.009147|-87.589057|-0.278700|-11.063836|-14.851015|-47.888158|-120.635688|-15.625257|-17.606906|24.444057|25.734551|-0.036407|-92239.547247|-100.255059
1424|-16.462568|-39.273105|-188.443840|-23.518294|40.454005|-37.221123|-69.060602|-0.289199|2.907390|7.274204|-34.843220|-117.314079|-3.413321|-5.403392|24.444057|25.955808|-0.034236|-85934.384176|-100.432178
1425|-10.561528|-37.150365|-265.600531|nan|43.176842|-38.478335|-78.745930|-0.289941|9.325010|9.201110|-27.234465|-114.207930|3.324299|0.970306|24.444057|26.149235|-0.033039|-85928.507259|-100.596909
1426|10.276216|-34.612189|-327.005835|4.539583|45.300861|-39.243840|-57.059217|-0.289413|26.451012|6.236012|-4.612488|-110.767047|25.011012|22.933173|27.697499|26.626330|-0.029182|-85922.798238|-100.775766
1427|30.471100|-30.806497|-372.977876|nan|47.191881|-39.483644|-16.633499|-0.292878|46.306074|21.741074|17.286603|-107.849198|46.066074|44.510400|27.697499|27.011648|-0.024793|-85017.766156|-100.965842
1428|19.711250|-27.256753|-386.556055|nan|48.021658|-39.640898|1.684405|-0.302263|33.130550|5.970195|7.980243|-106.276963|33.690195|34.816650|27.697499|27.320723|-0.026531|-85012.781545|-101.081756
1429|20.097628|-23.931228|-352.720001|15.965944|49.204106|-39.855244|5.474316|-0.298328|36.554565|2.093611|9.752826|-104.841758|34.953499|35.291831|27.697499|31.202655|-0.026308|-84108.736700|-101.137379
1430|15.183122|-20.598010|-315.856335|nan|50.322885|-41.055280|8.422025|-0.294741|38.713748|2.812954|6.297419|-102.927237|30.953037|30.669913|27.697499|36.980070|-0.027020|5846.902857|-101.193003
1431|4.974443|-17.899159|-291.574978|nan|51.171750|-42.337892|4.842664|-0.293481|27.689165|10.910477|-2.411506|-101.207937|21.688810|21.050897|27.697499|37.041320|-0.028668|67462.681320|-101.259657
1432|-9.874816|-15.463659|-262.912321|-11.192367|52.108059|-43.291478|1.684405|-0.303057|10.113890|-2.422977|-15.840114|-100.394380|5.632469|6.499767|27.697499|36.783222|-0.031142|118732.694509|-101.259657
1433|0.550214|-12.505361|-230.283922|1.184896|51.808211|-43.443441|21.055061|-0.322902|14.042202|-0.882798|-4.113649|-100.174590|13.722202|17.614710|27.697499|36.894133|-0.027673|135823.006598|-101.282001
1434|-4.403391|-9.893628|-178.007485|nan|51.735433|-43.763147|33.477548|-0.317590|14.762452|-14.190401|-7.822516|-100.169569|9.721741|13.359460|27.697499|36.830411|-0.025909|164158.549454|-101.304345
1435|-24.712607|-7.936319|-85.499116|-22.846199|52.064204|-44.068497|10.316980|-0.350407|-8.047849|-15.105431|-26.854383|-100.874821|-14.208916|-7.065986|27.697499|36.477199|-0.027761|203738.492310|-101.304345
1436|-19.088678|-5.988201|-25.579041|-15.697171|51.075396|-43.558380|7.790373|-0.385272|-10.801491|-11.312354|-19.884093|-101.497043|-12.641847|-0.360374|27.697499|33.326011|-0.019623|219033.976263|-101.315501
1437|-13.225328|-4.720930|19.485046|-9.882288|50.445612|-42.950786|13.685790|-0.386832|-3.183161|0.277439|-12.798040|-102.238577|-6.864227|5.243821|27.697499|33.211550|-0.013459|219038.257577|-101.315501
1438|2.180190|-3.811739|21.770350|7.252909|49.418309|-40.934579|13.685790|-0.419778|-1.931830|12.214837|3.765295|-102.738711|-1.451830|20.989459|27.697499|33.439150|-0.010575|219043.395155|-101.325316
1439|16.820351|-2.758270|13.847251|22.942080|48.652187|-38.121074|33.688098|-0.378679|10.558009|10.077456|19.510234|-103.276285|13.038365|36.438552|27.697499|33.777382|-0.007841|219049.388995|-101.342782
1440|5.820642|-1.686490|-4.317306|11.687983|48.367075|-35.982066|12.001385|-0.367985|5.361741|2.136042|9.492534|-103.991185|2.721385|25.729285|27.697499|33.736483|-0.009652|219054.098480|-101.342782
1441|-5.538320|-0.755522|-27.966951|nan|47.739923|-33.977283|-4.211012|-0.353731|-10.177052|-4.232992|-1.013144|-104.719114|-11.616696|14.799271|27.697499|33.707635|-0.008549|219057.523531|-101.352597
1442|-6.923226|-0.213285|-80.319655|nan|47.828305|-31.190984|4.211012|-0.352512|-19.979611|-17.331279|-1.713727|-105.448264|-21.178899|14.728347|27.697499|33.688542|-0.008699|219060.092320|-101.507020
1443|-8.253270|-0.204737|-133.492202|nan|47.831524|-28.490119|-8.843126|-0.357767|-18.181457|-17.420343|-2.520962|-105.785620|-22.021101|14.324091|27.697499|33.677292|-0.008848|219061.376714|-103.280661
1444|-19.850659|-0.509219|-149.394535|nan|48.273984|-26.171474|-26.739928|-0.346004|-30.700640|-15.875523|-13.757473|-106.576448|-33.660284|3.739379|31.487410|33.518456|-0.010833|219060.520451|-106.006459
1445|-15.809695|-0.825377|-156.107245|-6.587331|48.272253|-23.609966|-18.528454|-0.354819|-31.639433|-33.532205|-9.381887|-106.858665|-32.278721|9.235413|33.998153|33.553918|-0.010046|219059.236057|-108.569363
1446|-11.305034|-1.169151|-148.180807|nan|48.560128|-21.300574|-35.372504|-0.354819|-25.756057|-15.030549|-4.565090|-106.828062|-27.436057|14.819215|33.998153|33.586874|-0.009185|219057.095400|-111.161662
1447|-12.232974|-1.742475|-137.049902|nan|48.978290|-18.892538|-50.532148|-0.279456|-31.668065|-11.864375|-5.325050|-107.079213|-32.147709|15.083846|33.998153|33.617481|-0.009297|219053.670348|-113.613594
1448|-33.543406|-2.876191|-188.756544|-24.273124|49.697353|-16.733536|-69.060602|-0.310246|-51.442414|-22.879944|-26.560035|-107.581502|-55.682770|-4.790358|33.998153|33.338201|-0.013042|219050.245258|-115.960974
1449|-58.619430|-4.779403|-290.260242|-49.373727|49.977684|-15.164735|-96.432182|-0.332513|-74.606676|-34.289410|-51.637675|-108.563034|-80.767743|-28.819534|33.998153|32.974028|-0.017489|219045.963943|-118.104211
1450|-47.043990|-6.339888|-400.481897|-36.781217|50.075321|-13.552752|-82.956942|-0.282052|-63.216197|-29.452279|-40.097588|-109.311713|-68.976908|-16.279138|33.998153|32.855551|-0.015392|219040.826366|-120.126650
1451|-40.092848|-7.604119|-556.751207|nan|49.824373|-11.959594|-59.375273|-0.288910|-55.496765|-21.926892|-33.160911|-109.210899|-61.818187|-9.272014|33.998153|33.150045|-0.014119|219034.832526|-121.940478
1452|-2.183696|-7.974238|-806.086161|8.391000|49.342322|-10.210043|-25.266074|-0.252754|-18.348171|18.361474|4.831382|-107.635499|-23.708526|28.298320|33.998153|33.564324|-0.007340|219027.982423|-122.997955
1453|8.561302|-7.904405|-1044.460944|nan|49.570369|-8.927251|-17.265151|-0.247178|-2.679539|33.085106|15.661218|-105.835737|-12.759894|39.002713|33.998153|33.897457|-0.005393|219021.560451|-123.398001
1454|-6.386879|-8.179721|-1291.894764|3.848142|49.382701|-8.069294|-19.791758|-0.228586|-14.138081|12.847205|0.780024|-104.388578|-27.498437|23.829456|33.998153|34.009422|-0.008014|219015.994742|-123.913731
1455|-15.843953|-8.394006|-1526.061834|nan|48.615366|-7.098714|-22.318365|-0.216354|-27.882308|7.882335|-8.600086|-103.291563|-36.762664|14.487656|28.490669|28.220166|-0.009663|219011.285258|-124.621869
1456|-25.292184|-8.648107|-1748.229846|-14.387818|49.052204|-6.397574|-9.895879|-0.218102|-31.945824|6.270886|-18.128899|-102.973167|-46.026891|4.645857|28.490669|27.987329|-0.011311|219006.147680|-125.425351
1457|-14.733281|-8.752032|-1957.913112|-2.776950|48.479318|-5.714833|21.897264|-0.209963|-22.089166|1.021132|-7.580695|-102.243004|-35.288810|15.639700|28.490669|28.119116|-0.009401|219001.866366|-125.996177
1458|-19.342355|-8.762906|-2154.222869|-8.367492|48.347334|-5.637758|7.579822|-0.203765|-19.149662|-11.454866|-12.119500|-101.522530|-39.710373|10.973898|28.490669|28.072602|-0.010188|218998.013183|-126.422468
1459|-44.165477|-9.098627|-2335.970262|-32.990616|48.614980|-6.117926|-15.791296|-0.234261|-40.663728|-25.972414|-36.882748|-101.799773|-62.504795|-14.404763|28.490669|27.733527|-0.014571|218992.447474|-127.100193
