859|nan|nan|nan|nan|nan|nan|nan|nan|nan|nan|nan|nan|nan|nan|nan|nan|nan|nan|nan
900|nan|nan|nan|nan|nan|nan|nan|nan|nan|nan|nan|nan|nan|nan|nan|nan|nan|nan|nan
901|nan|nan|nan|nan|nan|nan|nan|nan|nan|nan|nan|nan|nan|nan|nan|nan|nan|nan|nan
902|nan|nan|nan|nan|nan|nan|nan|nan|nan|nan|nan|nan|nan|nan|nan|nan|nan|nan|nan
903|nan|nan|nan|nan|nan|nan|nan|nan|nan|nan|nan|nan|nan|nan|nan|nan|nan|nan|nan
904|nan|nan|nan|nan|nan|nan|nan|nan|nan|nan|nan|nan|nan|nan|nan|nan|nan|nan|nan
905|nan|nan|nan|nan|nan|nan|nan|nan|nan|nan|nan|nan|nan|nan|nan|nan|nan|nan|nan
906|nan|nan|nan|nan|nan|nan|nan|nan|nan|nan|nan|nan|nan|nan|nan|nan|nan|nan|nan
907|nan|nan|nan|nan|nan|nan|nan|nan|nan|nan|nan|nan|nan|nan|nan|nan|nan|nan|nan
908|nan|nan|nan|nan|nan|nan|nan|nan|nan|nan|nan|nan|nan|nan|nan|nan|nan|nan|nan
909|nan|nan|nan|nan|nan|nan|nan|nan|nan|nan|nan|nan|nan|nan|nan|nan|nan|nan|nan
910|nan|nan|nan|nan|nan|nan|nan|nan|nan|nan|nan|nan|nan|nan|nan|nan|nan|nan|nan
911|nan|nan|nan|nan|nan|nan|nan|nan|nan|nan|nan|nan|nan|nan|nan|nan|nan|nan|nan
912|nan|nan|nan|nan|nan|nan|nan|nan|nan|nan|nan|nan|nan|nan|nan|nan|nan|nan|nan
913|nan|nan|nan|nan|nan|nan|nan|nan|nan|nan|nan|nan|nan|nan|nan|nan|nan|nan|nan
914|nan|nan|nan|nan|nan|nan|nan|nan|nan|nan|nan|nan|nan|nan|nan|nan|nan|nan|nan
915|nan|nan|nan|nan|nan|nan|nan|nan|nan|nan|nan|nan|nan|nan|nan|nan|nan|nan|nan
916|nan|nan|nan|nan|nan|nan|nan|nan|nan|nan|nan|nan|nan|nan|nan|nan|nan|nan|nan
917|nan|nan|nan|nan|nan|nan|nan|nan|nan|nan|nan|nan|nan|nan|nan|nan|nan|nan|nan
918|nan|nan|nan|nan|nan|nan|nan|nan|nan|nan|nan|nan|nan|nan|nan|nan|nan|nan|nan
919|nan|nan|nan|nan|nan|nan|nan|nan|nan|nan|nan|nan|nan|nan|nan|nan|nan|nan|nan
920|nan|nan|nan|nan|nan|nan|nan|nan|nan|nan|nan|nan|nan|nan|nan|nan|nan|nan|nan
921|nan|nan|nan|nan|nan|nan|nan|nan|nan|nan|nan|nan|nan|nan|nan|nan|nan|nan|nan
922|nan|nan|nan|nan|nan|nan|nan|nan|nan|nan|nan|nan|nan|nan|nan|nan|nan|nan|nan
923|nan|nan|nan|nan|nan|nan|nan|nan|nan|nan|nan|nan|nan|nan|nan|nan|nan|nan|nan
924|nan|nan|nan|nan|nan|nan|nan|nan|nan|nan|nan|nan|nan|142.225543|nan|91.022767|nan|nan|nan
925|nan|nan|nan|nan|nan|nan|nan|nan|nan|nan|nan|nan|nan|103.886643|nan|57.050859|nan|nan|nan
926|nan|nan|nan|nan|nan|nan|nan|nan|nan|nan|nan|nan|nan|133.629614|nan|56.875509|nan|nan|nan
927|nan|nan|nan|nan|nan|nan|nan|nan|nan|nan|nan|nan|nan|131.433321|nan|56.680373|nan|nan|nan
928|nan|nan|nan|nan|nan|nan|nan|nan|nan|nan|nan|nan|nan|138.478486|51.959603|56.625937|nan|nan|nan
929|nan|nan|nan|nan|nan|nan|nan|nan|nan|nan|nan|nan|nan|152.414970|51.959603|56.682043|nan|nan|nan
930|nan|nan|nan|nan|nan|nan|nan|nan|nan|nan|nan|nan|nan|134.920668|51.959603|56.362286|nan|nan|nan
931|nan|nan|nan|nan|nan|nan|nan|nan|nan|nan|nan|nan|nan|134.859750|51.959603|56.368125|nan|nan|nan
932|nan|nan|nan|nan|nan|nan|nan|nan|nan|nan|nan|nan|nan|146.935563|51.959603|56.474360|nan|nan|nan
933|nan|nan|nan|nan|68.018755|nan|nan|nan|nan|nan|nan|nan|nan|132.526758|51.959603|56.196214|nan|nan|nan
934|nan|nan|nan|nan|66.166785|nan|nan|nan|nan|nan|nan|nan|nan|101.219409|47.150157|50.965535|nan|nan|nan
935|nan|nan|nan|nan|63.374731|nan|nan|nan|nan|-12.728908|nan|nan|nan|71.919394|31.696770|34.984139|nan|nan|nan
936|nan|nan|nan|nan|61.194029|nan|nan|nan|nan|21.042340|nan|nan|nan|93.976548|31.696770|34.840519|nan|nan|nan
937|nan|nan|nan|nan|61.592875|nan|nan|nan|nan|59.470813|nan|nan|nan|127.015903|31.696770|34.844983|nan|nan|nan
938|nan|nan|nan|nan|60.803873|nan|nan|nan|nan|27.817970|nan|nan|nan|90.759066|31.696770|34.503521|nan|nan|nan
939|nan|nan|nan|nan|57.670524|nan|nan|nan|nan|-47.448105|nan|nan|nan|13.428280|9.069174|10.960621|nan|nan|nan
940|nan|nan|nan|nan|54.492579|nan|nan|nan|nan|-74.329955|nan|nan|nan|-12.652694|1.432211|2.432515|nan|nan|nan
941|nan|nan|nan|nan|48.975674|nan|nan|nan|nan|-106.956439|nan|nan|nan|-65.864017|-48.046158|-48.369117|nan|nan|nan
942|nan|nan|nan|nan|43.630377|nan|nan|nan|nan|-81.732368|nan|nan|nan|-60.476022|-55.538320|-56.583319|nan|nan|nan
943|nan|-58.734127|nan|nan|39.505401|nan|nan|nan|nan|-71.782864|nan|nan|nan|-55.194499|-55.538320|-57.288759|-0.044024|nan|nan
944|nan|-61.400391|nan|nan|36.461382|nan|nan|nan|nan|-48.595196|nan|nan|nan|-19.036499|-55.538320|-57.357499|-0.037902|nan|nan
945|nan|-58.654635|nan|nan|35.101796|nan|nan|nan|nan|-6.622860|nan|nan|nan|33.862230|-55.538320|-56.928123|-0.028986|nan|nan
946|nan|-50.587292|nan|nan|35.873117|nan|nan|nan|nan|53.762076|nan|nan|nan|102.551323|-55.538320|-56.114766|-0.017526|nan|nan
947|nan|-43.290112|nan|nan|37.101797|nan|nan|nan|nan|54.180129|nan|nan|nan|107.087487|-55.538320|-55.626506|-0.016567|nan|nan
948|nan|-37.564507|nan|nan|37.967824|nan|nan|nan|nan|43.996929|nan|nan|nan|98.692698|-55.538320|-55.244100|-0.017651|nan|nan
949|nan|-31.958421|nan|nan|38.914029|nan|nan|nan|nan|50.262735|nan|nan|nan|108.163413|-55.538320|-54.795051|-0.015816|nan|nan
950|nan|-26.688045|nan|52.653205|39.593163|nan|nan|nan|nan|37.910377|nan|nan|nan|116.530938|-55.538320|-54.145418|-0.014273|nan|nan
951|nan|-22.402144|nan|44.227249|40.473761|nan|nan|nan|nan|22.423947|nan|nan|nan|107.503062|-55.538320|-53.962189|-0.015564|nan|nan
952|nan|-19.613648|nan|24.545378|40.894774|nan|nan|nan|nan|5.033923|nan|nan|nan|86.615272|-55.538320|-53.991574|-0.018772|nan|nan
953|nan|-16.261157|nan|43.585140|41.414978|nan|126.309746|nan|nan|5.629617|nan|nan|nan|103.646397|-55.538320|-53.725138|-0.015772|nan|nan
954|nan|-11.914815|nan|73.778064|42.403825|nan|132.348458|nan|nan|42.952314|nan|nan|nan|133.528938|-55.538320|-53.230800|-0.010772|nan|nan
955|nan|-7.818625|nan|77.156776|43.888493|nan|98.129085|nan|nan|56.354860|nan|nan|nan|137.447386|-55.538320|-53.025843|-0.010063|nan|nan
956|nan|-5.060732|nan|58.473169|44.688982|nan|107.941994|nan|nan|42.545998|nan|nan|nan|117.491934|-55.538320|-52.895492|-0.013354|nan|nan
957|nan|-0.786594|nan|100.083657|46.626333|nan|147.445240|nan|nan|85.323709|nan|nan|nan|160.162105|-55.538320|-38.580855|-0.006397|nan|nan
958|nan|2.998278|nan|97.039473|48.564689|nan|152.225888|nan|nan|87.628637|nan|nan|nan|159.027942|-55.538320|-22.916488|-0.006772|nan|nan
959|nan|5.854731|nan|nan|48.954446|22.753227|150.967823|1.539852|nan|67.509054|nan|nan|nan|144.986370|-55.538320|9.545782|-0.009312|nan|nan
1000|nan|7.894444|nan|65.838144|50.003793|23.850798|118.006515|1.234295|nan|64.226875|nan|nan|nan|130.441573|-55.538320|56.749527|-0.011936|nan|nan
1001|nan|9.477742|nan|nan|50.439569|24.668965|109.200059|1.365041|nan|51.344454|nan|-79.464722|nan|123.445167|-55.538320|56.592186|-0.013310|nan|nan
1002|nan|11.116871|nan|64.253087|50.942616|25.631040|126.561359|1.593204|nan|49.874360|nan|-78.956384|nan|130.169831|-55.538320|56.589299|-0.012393|nan|nan
1003|nan|13.548826|nan|92.035364|51.722127|27.327965|141.909754|1.583848|nan|79.537775|nan|-77.846264|nan|159.657315|-55.538320|56.860931|-0.007728|nan|nan
1004|nan|16.714969|nan|122.073883|52.999757|29.736841|141.658141|1.535983|nan|101.557738|nan|-76.313713|nan|192.163515|-55.538320|57.343765|-0.002772|nan|nan
1005|nan|19.922153|nan|nan|54.728890|32.207423|122.787163|1.500499|nan|93.805773|nan|-74.037758|nan|204.440449|-55.538320|57.678156|-0.001231|nan|nan
1006|nan|22.547426|nan|nan|56.584123|34.258651|133.606523|1.424733|nan|82.421112|nan|-72.128639|nan|195.342122|-55.538320|57.892646|-0.003187|nan|nan
1007|nan|24.641687|nan|nan|57.997910|35.922073|155.748470|1.367931|nan|54.256948|nan|-70.919774|nan|187.017318|-55.538320|61.841371|-0.005143|nan|nan
1008|nan|26.103353|nan|88.918030|58.917707|37.040814|102.406507|1.292399|nan|40.013130|nan|-69.860596|nan|172.343105|-55.538320|75.370470|-0.008096|nan|nan
1009|nan|27.182638|nan|nan|59.985616|37.930207|15.600008|1.240641|nan|28.434851|nan|-68.234948|nan|165.581336|-55.538320|75.387475|-0.009801|nan|nan
1010|nan|28.111605|nan|76.280778|61.443474|38.713085|-11.574199|1.213419|nan|30.959415|nan|-65.873953|nan|166.638302|-55.538320|75.351252|-0.010174|nan|nan
1011|nan|28.855275|nan|70.579798|63.101035|39.272707|-69.696811|1.204474|nan|39.238633|nan|-64.300404|nan|163.903689|-55.538320|85.220863|-0.011130|nan|nan
1012|nan|28.209186|nan|17.147514|63.285335|38.563039|-116.748449|1.125302|nan|6.667262|nan|-65.221823|nan|113.125879|-41.601911|75.133988|-0.020032|nan|nan
1013|nan|26.808508|nan|nan|62.996611|37.237525|-143.922658|1.044154|nan|-27.317266|nan|-66.090799|nan|83.043680|-26.043367|40.590294|-0.025646|nan|nan
1014|nan|25.010547|nan|-37.380785|63.784650|35.489159|-127.064585|1.024664|nan|-26.472409|nan|-65.347060|nan|66.164492|6.373252|37.854159|-0.028973|nan|nan
1030|nan|23.046972|nan|nan|64.409455|33.604212|-86.051660|0.906247|nan|-20.809193|nan|-64.250284|nan|56.018481|23.159504|24.383664|-0.031095|nan|nan
1031|nan|21.048796|nan|-56.773897|66.727605|31.650701|-23.400013|0.906247|nan|-9.882265|nan|-61.868012|nan|51.380672|23.159504|23.716831|-0.032177|nan|nan
1032|nan|19.434704|nan|-44.707235|68.994368|30.122125|-6.541939|0.852428|nan|3.434110|nan|-59.402753|nan|64.341196|23.159504|23.497088|-0.030346|nan|nan
1033|-20.970326|17.978240|nan|-39.090713|71.006375|28.764495|-7.800004|0.798850|nan|-2.779860|nan|-56.993858|nan|70.835306|23.159504|23.321459|-0.029472|nan|nan
1034|-9.440551|16.899168|nan|-28.095027|73.169531|27.690708|15.600009|0.764618|nan|23.901353|nan|-55.316123|nan|83.083027|23.159504|23.182365|-0.027434|nan|nan
1035|26.297178|16.659154|nan|9.042543|74.502950|27.459917|61.141968|0.737548|nan|50.400709|nan|-54.162883|nan|119.164737|23.159504|23.534992|-0.021444|nan|nan
1036|35.755631|16.854140|nan|nan|74.780398|27.391659|63.154873|0.722871|nan|43.375887|nan|-54.693258|nan|126.834706|23.159504|23.805972|-0.019821|nan|nan
1037|22.343405|16.075128|nan|4.774405|74.645003|27.042033|30.696791|0.722871|nan|11.354931|nan|-55.726858|nan|110.388876|23.159504|23.856129|-0.021983|nan|nan
1038|9.393148|15.769001|nan|-7.794671|74.664993|25.509916|36.232278|0.722871|nan|15.245609|nan|-56.906590|nan|94.112940|23.159504|23.733214|-0.024062|nan|nan
1039|2.551963|16.866962|nan|nan|74.393779|24.280454|59.883903|0.722871|nan|-4.919247|nan|-58.550519|nan|84.431271|23.159504|23.630421|-0.025143|nan|nan
1040|1.568600|18.446589|nan|nan|74.255374|23.688098|63.406486|0.680686|nan|-9.954905|nan|-60.453250|nan|80.425592|23.159504|23.544559|-0.025267|nan|nan
1041|18.476091|21.358459|nan|3.139621|73.758739|23.002087|60.638742|0.654745|nan|-19.159709|nan|-61.643252|nan|94.617770|23.159504|23.780631|-0.021427|nan|nan
1042|22.804410|24.246958|nan|6.556692|74.041103|22.363148|107.187154|0.639121|nan|4.905753|nan|-62.153343|nan|95.784854|23.159504|23.803822|-0.019668|nan|nan
1043|16.048888|26.813619|nan|nan|74.029253|21.494396|98.380698|0.613486|nan|6.223680|nan|-63.347440|nan|85.992074|23.159504|23.814310|-0.014730|nan|-74.290338
1044|17.072155|28.701733|nan|nan|73.610234|20.408747|84.290368|0.553323|nan|9.030968|nan|-65.342390|nan|82.790353|23.159504|23.814753|-0.008520|nan|-74.599037
1045|-5.315913|29.048216|nan|-20.475699|72.698392|19.127605|46.296799|0.514936|nan|11.330481|nan|-68.067110|nan|55.705120|23.159504|25.301415|-0.012180|nan|-75.198747
1046|-2.560985|28.096467|nan|-16.440105|72.115445|17.979324|41.012925|0.453789|nan|14.457276|-14.263580|-70.121355|nan|53.883843|23.159504|25.205121|-0.011681|nan|-75.722414
1047|24.351601|27.499004|nan|10.408021|70.509729|17.202389|73.722621|0.355474|nan|27.422855|12.525519|-72.594241|nan|76.439239|23.159504|30.718590|-0.007190|nan|-75.848790
1048|19.829638|26.897009|nan|5.131004|68.987721|16.497286|97.625859|0.292788|nan|13.389274|7.320902|-75.125942|nan|67.209671|23.159504|47.705517|-0.007897|nan|-76.030123
1049|15.585960|26.033726|nan|nan|67.781905|16.224614|123.542002|0.242265|nan|9.452958|2.035005|-77.333732|nan|58.342827|23.159504|47.715206|-0.008563|nan|-76.261061
1050|17.906637|25.112520|nan|3.622279|67.244042|16.405771|135.367815|0.192647|nan|20.485755|3.448113|-79.002467|nan|55.795701|23.159504|47.562974|-0.008147|nan|-76.450527
1051|14.187588|24.218214|2450.759389|nan|66.837647|16.158881|120.019419|0.158225|13.155830|30.464984|-0.879249|-80.529097|11.154839|47.416210|23.159504|47.439920|-0.008730|nan|-76.667859
1052|38.911429|24.240764|2416.779840|26.374904|66.053765|15.877206|133.103297|0.148787|35.583869|37.639530|23.446948|-81.531455|36.064530|68.537438|23.159504|47.648805|-0.004612|nan|-76.642137
1053|37.243960|23.851747|2351.889997|nan|64.765214|16.146032|113.729094|0.149408|29.514191|18.928436|21.581226|-83.391691|31.434852|63.239297|23.159504|47.806790|-0.004862|nan|-76.642137
1054|34.870917|22.862933|2293.448703|21.517557|63.155042|17.583413|101.148441|0.128076|20.609342|12.005603|18.877391|-86.170839|20.290334|56.757744|23.159504|47.769303|-0.005236|nan|-76.644776
1055|19.956881|21.473561|2275.200834|6.313971|61.126679|19.132558|84.038755|0.092343|5.044503|-26.663602|3.556412|-89.633642|2.645165|38.168573|23.159504|47.579585|-0.007689|nan|-76.768382
1056|41.614234|21.014896|2251.375341|28.894636|58.812115|22.087821|99.890376|0.062496|11.961901|-11.031266|24.900572|-92.132784|15.643886|57.085671|23.159504|43.646006|-0.004113|nan|-76.779896
1057|62.830265|20.074295|2222.301436|50.452799|57.012357|25.312394|67.180682|0.092411|34.377729|11.052716|46.110969|-93.679605|36.779382|77.083354|23.159504|44.033203|-0.000620|nan|-76.791411
1058|71.277639|19.272775|2197.227422|58.747353|55.769184|28.583970|41.516151|0.135898|37.800628|17.589279|54.685819|-94.482995|45.082612|84.374497|23.159504|44.476888|0.000752|nan|-76.809316
1059|61.623739|18.578444|2168.022937|48.005808|55.770156|30.926664|11.574199|0.131902|36.788380|21.100088|45.271576|-95.271506|35.269703|73.181749|23.159504|44.497905|-0.000869|nan|-76.831125
1100|53.728453|18.062478|2172.193635|40.877153|55.224265|32.279048|-9.309683|0.226055|31.777425|0.739567|37.666537|-96.220126|27.218086|64.946062|24.961266|44.650080|-0.002199|nan|-76.826184
1101|40.519821|17.416229|2174.107949|26.305381|54.550699|32.179456|-29.187113|0.263878|25.642265|1.889261|24.832765|-97.382036|13.882595|52.619272|24.961266|44.595205|-0.004403|nan|-76.806431
1102|21.247671|16.294655|2173.267227|6.929338|54.311260|31.598171|-37.490343|0.272104|5.548061|-0.184942|5.895349|-97.580067|-5.491609|34.682341|30.245140|44.379260|-0.007604|nan|-76.806431
1103|-3.844764|14.117967|2153.557129|-17.921072|55.148805|30.602494|-57.367773|0.288937|-16.252913|-7.118300|-18.927908|-97.527062|-30.652913|10.958310|42.969600|43.886219|-0.011761|nan|-76.796592
1104|8.028250|11.660444|2161.138378|-5.478487|55.542996|29.755558|-33.212921|0.282347|-6.907761|-10.273798|-6.706562|-96.566332|-18.827100|24.792824|42.969600|43.797966|-0.009807|nan|-76.780179
1105|7.285201|8.926494|2195.064260|-7.158797|56.690535|28.689366|2.264517|0.275443|-1.902270|-2.774306|-7.223119|-95.297005|-19.581939|25.475258|42.969600|43.565385|-0.009931|nan|-76.763766
1106|7.278918|6.491809|2238.296294|nan|57.528841|27.767202|12.077426|0.258853|-6.221609|8.718119|-7.023705|-93.856139|-18.541939|27.055388|42.969600|43.376674|-0.009932|nan|-76.917728
1107|-10.606807|3.941068|2268.349708|-25.022326|58.542934|26.828576|-18.870978|0.226531|-23.846135|11.194725|-24.741095|-93.230149|-36.406465|10.342421|42.969600|43.070615|-0.012883|nan|-77.363879
1108|2.186710|2.044586|2288.396766|nan|59.371572|25.879008|-18.619365|0.226531|-8.854200|15.467467|-11.716081|-92.403040|-18.454200|24.648013|42.969600|42.984213|-0.010763|nan|-78.371062
1109|14.457461|0.658567|2292.460252|1.370522|59.568438|24.695415|-12.832265|0.219028|6.594509|14.657845|0.852566|-91.587464|-0.925161|37.985458|42.969600|43.070401|-0.008726|nan|-78.982084
1110|13.130131|-0.734444|2274.500744|nan|59.667617|23.416646|-14.845169|0.227733|4.455782|16.750350|-0.231501|-91.861438|-0.743226|37.059522|42.969600|43.136527|-0.008934|nan|-79.225347
1111|23.871396|-1.797534|2228.300311|nan|59.805853|22.646685|13.083878|0.229667|16.475474|5.155024|10.649616|-92.107747|10.076135|48.285371|42.969600|50.035981|-0.007146|nan|-79.686722
1112|29.065393|-1.689734|2196.413459|16.217461|59.733962|21.316284|22.896786|0.245896|24.639678|5.980563|16.037994|-91.824239|15.360008|53.790664|42.969600|51.762437|-0.006273|nan|-80.045145
1113|51.872135|-0.367932|2164.275261|39.112031|59.932013|20.446223|39.251634|0.278500|43.935804|26.809116|39.117471|-90.530529|38.256795|77.681885|42.969600|52.059936|-0.002490|nan|-80.242448
1114|49.266226|1.219914|2132.698048|nan|60.237730|19.766910|37.993568|0.308924|41.419673|29.698521|36.822353|-89.123729|35.740664|76.445902|42.969600|52.283968|-0.002906|nan|-80.624267
1115|58.747224|3.288898|2082.398484|46.157488|60.422217|19.545032|25.412917|0.341265|47.060307|30.938955|46.718006|-87.438997|45.301960|87.569153|42.969600|52.601813|-0.001326|nan|-80.703167
1116|73.524765|5.736898|1979.128369|61.045690|60.774853|19.734287|43.277442|0.380718|59.985146|37.125148|61.886951|-85.835700|60.147129|104.855798|42.969600|52.989171|0.002886|nan|-80.746880
1117|58.362875|7.656196|1915.265569|nan|60.731381|19.488564|55.354869|0.434374|48.809356|14.753971|47.044518|-84.769383|49.050347|90.814587|42.969600|53.118546|0.001203|nan|-80.835197
1118|61.818609|9.536632|1892.045474|49.338870|60.498007|18.865255|54.600029|0.482296|53.931608|27.736647|50.848441|-83.412731|55.932929|95.726072|42.969600|50.809753|0.003767|nan|-80.829422
1119|28.768986|10.381494|1847.801606|15.676442|60.737323|17.001171|17.612912|0.487754|30.810960|10.893287|18.096352|-83.010238|22.971621|63.487001|42.969600|50.507380|-0.001282|nan|-80.834746
1120|14.572484|10.313697|1811.948540|nan|60.569832|14.755217|6.038713|0.488202|16.640299|-6.274956|4.264432|-82.366682|9.601291|51.118908|42.969600|50.251155|-0.003609|nan|-80.805155
1121|62.273583|11.009603|1793.752322|49.704582|60.550801|13.729343|50.322608|0.532976|56.366448|33.373235|52.358521|-80.470117|58.127769|100.860183|42.969600|50.649390|0.004286|nan|-80.785743
1122|96.891881|12.568334|1757.574682|nan|62.023332|13.443499|109.954898|0.610643|91.009378|75.624099|87.330659|-78.371472|92.850368|136.406066|42.969600|50.938705|0.010020|nan|-80.775546
1123|82.199064|14.022140|1750.852653|nan|62.882292|13.180913|93.851664|0.714092|74.416152|60.328009|73.053171|-76.587049|78.256812|122.748109|42.969600|51.139521|0.007610|nan|-80.750979
1124|73.797572|15.433002|1760.866425|nan|63.620828|12.924902|83.283915|0.763480|68.192260|60.117940|65.184611|-74.925676|69.953581|115.380477|42.969600|51.268838|0.006238|nan|-80.712816
1125|89.555731|17.192829|1741.448024|nan|64.095508|13.002316|84.290368|0.847642|81.963882|67.038151|81.615542|-72.891525|85.885203|132.612143|42.969600|51.494625|0.008855|nan|-80.691148
1126|67.827978|18.158766|1740.061388|55.043447|64.375200|12.730760|84.290367|0.880758|60.325160|61.391738|60.512196|-71.388540|66.006481|111.797909|48.812929|51.485397|0.005282|nan|-80.671494
1127|34.026897|18.304550|1735.649092|21.702679|65.059276|12.616550|71.709716|0.852885|26.529673|32.713482|27.136439|-71.547808|30.450334|78.906250|48.812929|50.985025|-0.000284|nan|-80.651839
1128|42.759022|18.876575|1746.738965|31.256172|65.408189|13.345526|88.819403|0.825255|31.414808|28.745692|36.184269|-71.407785|38.936791|89.092750|48.812929|50.876188|0.001169|nan|-80.649874
1129|57.545878|19.696840|1785.686855|44.986995|65.832178|14.655837|93.851663|0.823900|42.580639|22.513313|51.334016|-70.794374|49.621960|105.206852|48.812929|50.766762|0.003620|nan|-80.654344
1330|47.436977|20.696604|1824.971099|nan|65.974179|16.011950|75.735524|0.784909|32.595786|21.845294|41.605103|-70.017724|39.397438|95.966817|48.812929|50.658171|0.001958|nan|-80.651664
1331|19.472432|21.084596|1886.962252|7.263628|66.587125|16.903383|34.470986|0.740400|6.507400|15.237369|13.883814|-70.637096|8.988391|68.973370|48.812929|50.243825|-0.002652|nan|-80.651664
1332|9.880211|20.805020|2023.626757|-1.440335|66.424393|17.529002|5.535487|0.734359|-1.854557|-4.720139|4.408011|-72.123724|-0.572904|60.288089|42.431540|43.675717|-0.004230|nan|-80.684855
1333|-11.152222|20.106809|2204.622877|-23.182424|66.083367|17.620444|-40.509699|0.718180|-19.537447|-22.513453|-16.481154|-74.412008|-21.456786|40.367183|42.431540|43.207461|-0.007677|nan|-80.688208
1334|-6.744892|19.653384|2419.248950|-17.791557|64.945278|17.668688|-24.154852|0.720023|-18.048413|-20.736555|-12.032813|-76.284191|-16.927752|46.500702|42.431540|42.986387|-0.006929|nan|-80.691561
1335|-44.867622|18.268563|2589.182907|-56.551847|64.393108|16.334739|-62.903260|0.598938|-45.000991|-29.504712|-50.230506|-78.979529|-54.921321|9.154488|42.431540|42.345608|-0.018408|nan|-80.656885
1336|-80.993718|16.292826|2760.518340|-92.530578|62.689537|14.178206|-98.883924|0.496341|-78.020994|-64.889566|-86.534345|-82.275246|-90.901985|-25.592143|7.658015|6.764918|-0.030355|nan|-80.585290
1337|-73.089555|14.076653|2907.434262|-83.999661|60.764945|12.549205|-108.696833|0.444013|-76.689707|-71.331361|-78.695154|-84.777935|-82.850368|-16.142847|-4.290368|-5.495651|-0.029026|nan|-80.522131
1338|-76.503458|11.775396|2983.924347|nan|58.910319|11.057716|-99.135537|0.379326|-80.440016|-57.226381|-82.123165|-86.639100|-87.721337|-19.332010|-4.290368|-5.879072|-0.029567|nan|-80.407279
1339|-79.674359|9.455843|2954.448343|-91.159922|57.737510|9.613487|-89.825855|0.327067|-81.619043|-44.860589|-85.387410|-88.919063|-91.220694|-22.672141|-4.290368|-6.313594|-0.030068|nan|-80.292427
1340|-70.020784|7.661512|2908.385290|nan|56.157372|8.448230|-81.271011|0.293771|-73.966135|-43.669745|-75.720743|-90.899784|-81.727785|-14.278975|-4.290368|-6.475194|-0.028449|nan|-80.184149
1341|-71.954806|5.479618|2846.401364|-83.121551|54.808952|6.944881|-72.212942|0.258603|-69.566768|-43.965351|-77.607438|-92.917497|-83.489077|-18.736268|-4.290368|-6.729404|-0.028742|nan|-80.033226
1342|-74.146212|2.873221|2777.883353|nan|53.494509|5.369580|-68.941973|0.197103|-73.340001|-38.736911|-79.764493|-94.502162|-85.501981|-23.899367|-4.290368|-6.899094|-0.029077|nan|-81.775101
1343|-63.755839|0.366304|2657.912509|-73.402323|52.231231|4.165415|-35.477438|0.145032|-64.292253|-38.853273|-69.407129|-96.151853|-74.934233|-16.381815|-4.290368|-6.846915|-0.027334|nan|-83.558911
1344|-60.912838|-1.951851|2508.367270|-71.241161|51.405223|2.951522|-34.974213|0.073566|-59.033556|-29.531645|-66.688822|-98.100077|-71.914877|-18.232397|-4.290368|-6.929751|-0.026837|nan|-85.205870
1345|-52.523902|-3.822464|2388.996284|-61.829059|50.570430|2.326668|-16.858073|0.011676|-56.319042|-48.429223|-58.479823|-99.779737|-65.920033|-14.189039|-4.290368|-6.809369|-0.025425|nan|-86.571829
1346|-48.402938|-5.373691|2244.795251|nan|49.545921|1.730529|2.264517|-0.039970|-49.960303|-51.797612|-54.539424|-101.577528|-61.642612|-14.652008|-4.290368|-6.685533|-0.024721|nan|-87.686044
1347|-36.734555|-6.272090|2062.392344|nan|49.120916|0.883758|-1.006452|-0.091597|-33.894490|-18.326176|-43.071100|-103.073419|-49.816799|-8.527459|-4.290368|-6.560463|-0.022770|nan|-88.501331
1348|-31.860603|-6.579774|1886.798493|nan|48.569494|0.195139|7.548391|-0.143199|-31.182229|-20.354521|-38.461260|-105.080648|-44.784538|-8.517395|-4.290368|-6.435911|-0.021941|nan|-89.620957
1349|8.999567|-6.189116|1733.561932|-0.031681|48.291363|0.421718|15.600008|-0.147670|3.349706|0.605205|2.266917|-105.968569|-3.771613|29.447185|-4.290368|-5.851698|-0.015168|nan|-90.891366
1350|24.958244|-5.574521|1533.094891|nan|48.605894|0.841294|17.612912|-0.150881|17.293270|18.386915|18.069272|-106.679588|12.331621|42.701757|-4.290368|-5.376912|-0.012508|nan|-92.086292
1351|33.633911|-4.778200|1346.687721|nan|49.161670|1.435181|74.225847|-0.198242|25.779397|23.502398|26.454364|-107.557791|21.138078|49.122923|-4.290368|-4.993215|-0.011054|nan|-93.090699
1352|34.764119|-3.613946|1180.482912|25.291546|49.704434|1.606137|110.206511|-0.316484|30.636473|17.423069|27.317074|-107.979729|22.396143|48.157131|-4.290368|2.043826|-0.010847|nan|-93.965260
1353|24.313256|-2.922360|1040.728131|14.964892|50.656836|1.549630|85.296820|-0.433843|21.841328|6.049134|16.534153|-108.787458|12.080008|35.617138|-4.290368|8.928780|-0.012552|nan|-94.732570
1354|3.027293|-2.905347|914.278200|-6.189739|50.827542|1.111447|55.858094|-0.486583|-0.093837|-9.130941|-5.044852|-109.210737|-9.055487|11.813340|-4.290368|8.849916|-0.016046|nan|-95.563605
1355|-5.440646|-3.023313|795.068748|-14.593644|51.483486|0.727437|63.406486|-0.568716|-8.956737|-2.122546|-13.864551|-109.489010|-16.238717|1.091808|-4.290368|14.864800|-0.017419|nan|-96.468886
1356|-2.375842|-3.313653|651.383052|-9.915106|51.919550|0.102426|45.038733|-0.613108|-2.086758|-3.551648|-11.201874|-111.044515|-12.967748|1.944475|-4.290368|14.860925|-0.016880|nan|-97.299834
1357|0.399841|-3.653839|520.026059|nan|50.584786|-0.826088|14.341943|-0.617711|2.852929|-23.065983|-8.693632|-113.527726|-9.948391|3.244002|-4.290368|15.432712|-0.016381|nan|-97.491817
1358|50.693278|-3.371165|396.346369|43.318281|50.419262|-0.942752|73.722621|-0.648153|51.585830|22.475546|41.417811|-114.199329|40.625830|52.663734|-4.290368|27.324777|-0.008023|nan|-97.517118
1359|44.865653|-3.237564|294.666579|nan|50.324688|-1.011806|83.032303|-0.709325|41.810673|21.957010|35.417239|-114.739364|35.090343|46.045186|-4.290368|27.576308|-0.008938|nan|-97.542418
1400|19.650377|-3.812006|206.934537|12.285560|50.213878|-1.492106|48.058090|-0.747795|22.500652|9.863985|9.930177|-116.336395|10.180652|20.203698|-4.290368|31.742778|-0.013055|nan|-97.592104
1401|6.013007|-4.916243|127.639585|nan|50.020742|-1.969407|6.793552|-0.747508|6.764500|-18.204551|-3.866195|-117.734422|-3.154839|7.053276|-4.290368|43.483524|-0.015258|nan|-97.679052
1402|17.295032|-5.495955|37.082934|11.371296|49.731090|-1.873588|8.806457|-0.745367|14.259031|-17.585400|7.418118|-117.985916|8.419361|19.098259|-4.290368|47.494677|-0.013345|nan|-97.766001
1403|33.885580|-5.789993|-59.937139|28.218472|49.890531|-1.031374|4.780648|-0.744420|25.036442|9.676793|24.128568|-118.038398|25.277434|35.855687|-4.290368|55.399949|-0.010558|nan|-97.894032
1404|31.366319|-5.575242|-147.351710|nan|49.558718|-0.442490|7.045165|-0.737118|26.691594|-11.359891|21.701970|-118.607223|23.012917|33.893105|-4.290368|59.389415|-0.010932|nan|-98.022063
1405|23.081045|-5.211586|-174.059350|16.839070|49.699789|-0.046121|-39.000021|-0.611878|18.400639|-23.230097|13.565599|-119.130555|16.881300|27.117729|-4.290368|59.369152|-0.012262|nan|-98.150094
1406|20.847212|-5.751320|-110.358073|nan|49.937984|0.313270|-76.993590|-0.504770|15.907403|-16.214569|11.590967|-118.923739|14.868395|26.906373|-4.290368|59.350355|-0.012594|nan|-98.305415
1407|6.299032|-7.392045|-30.957887|1.524449|50.361710|0.728632|-83.283916|-0.428634|-1.074540|-30.748941|-2.765509|-118.821128|0.206452|15.163031|2.438663|58.363961|-0.014963|nan|-98.440112
1408|10.635123|-8.623823|35.540728|nan|50.867611|1.003464|-82.025850|-0.375048|4.814826|-21.303880|1.749833|-118.008398|4.735487|21.926389|9.232215|58.347808|-0.014214|nan|-98.579123
1409|26.812227|-9.324637|94.782060|22.408742|51.420828|1.398227|-68.690360|-0.313016|20.449011|3.134942|18.176965|-116.856924|21.090334|41.499930|9.232215|58.486689|-0.011511|nan|-98.670555
1410|24.380546|-10.425512|154.564714|nan|51.906278|1.763985|-61.141968|-0.269288|17.464825|-18.582516|16.054867|-114.698782|18.825817|43.124226|15.458019|58.591171|-0.011884|nan|-98.761987
1411|15.919722|-11.279821|226.983765|11.843697|53.166170|1.800347|-71.206490|-0.231046|8.681595|-10.419080|8.009709|-111.877221|10.522587|38.181569|15.458019|54.697971|-0.013255|nan|-98.951597
1412|26.086923|-11.296079|284.239499|nan|55.278731|1.911353|-62.903260|-0.182081|20.597729|13.966101|18.550580|-109.115782|20.838721|51.456672|16.025767|54.751494|-0.011551|nan|-99.364626
1413|11.591183|-11.735337|294.064069|6.769944|57.278038|1.339377|-66.677455|-0.158658|10.096117|3.538444|4.411724|-106.670480|6.496778|39.615161|27.599967|54.632687|-0.013919|nan|-99.735291
1414|11.184547|-12.498868|290.817047|7.579578|58.592990|0.864017|-63.909712|-0.115776|7.925165|4.187580|4.466290|-104.037885|6.245165|40.415892|27.599967|54.688377|-0.013961|nan|-99.830412
1415|5.228617|-13.192525|286.206980|0.738482|60.242441|0.071731|-61.141968|-0.077668|6.138395|22.922539|-1.051520|-101.855798|0.458065|34.203674|31.877388|54.572008|-0.014917|nan|-99.925533
1416|5.795785|-13.304743|300.068283|nan|61.684738|-0.949963|-56.109708|-0.062059|9.133234|19.107349|-0.022611|-99.610438|1.212904|34.847803|43.703201|54.476474|-0.014793|nan|-99.989775
1417|-5.721996|-13.408100|338.650149|nan|62.868033|-1.903532|-55.606481|-0.052331|-4.029352|14.595711|-11.046399|-97.621549|-8.269682|23.197519|47.624351|54.398345|-0.016663|nan|-100.029744
1418|-5.169159|-13.117962|375.712946|nan|64.069811|-2.898274|-49.819381|-0.043204|-1.194843|15.550549|-9.985652|-95.923285|-6.874843|23.957992|54.179730|54.334733|-0.016539|nan|-100.093986
1419|-5.603536|-12.891392|385.513563|nan|64.894111|-3.343213|-9.058069|-0.041004|-7.126786|8.907269|-9.986762|-94.361320|-7.126456|23.701949|54.179730|54.283214|-0.016580|nan|-100.217045
1420|-18.604333|-12.229257|401.573453|-22.153656|65.884919|-3.817343|-5.787100|0.002267|-17.639052|3.969612|-22.627735|-93.394886|-19.958721|10.698587|54.179730|54.087903|-0.018700|nan|-100.340104
1421|-12.998286|-10.694804|409.175077|nan|66.926590|-4.976806|8.806457|0.009066|-3.691621|-2.352262|-16.655908|-92.370020|-12.971621|16.481257|54.179730|53.936439|-0.017651|-137077.736271|-100.443987
1422|-19.732606|-9.394113|415.033881|nan|67.446386|-6.810546|3.522583|0.038797|-9.993560|-0.676893|-23.050820|-91.834906|-19.513560|9.027876|54.179730|53.821016|-0.018732|-137077.985062|-100.539108
1423|-18.177120|-8.026164|438.308506|nan|67.904568|-8.359732|-5.032261|0.017937|-8.231608|-6.323935|-21.106760|-91.301750|-17.752269|9.349941|54.179730|53.735107|-0.018442|-120124.223304|-100.463258
1424|-16.882218|-6.603793|459.356190|nan|67.966700|-9.734823|-24.658078|0.000065|-6.641930|20.724468|-19.541999|-91.932239|-16.242591|8.719102|54.179730|53.673269|-0.017364|-67326.834290|-100.387408
1425|-4.527633|-5.088405|439.120958|-5.960613|67.212776|-11.100775|-20.380656|0.003657|6.097731|-2.326030|-6.919007|-92.778624|-3.661939|19.909237|43.458061|43.063140|-0.015285|-38748.694502|-100.345526
1426|18.894059|-3.105938|424.270241|17.678264|66.157843|-11.660525|6.541939|0.025565|25.669026|-8.390313|16.878143|-93.187767|19.989687|43.274217|42.109687|41.960406|-0.011378|22280.216262|-100.332987
1427|35.783011|-0.751733|412.924991|34.743470|65.398147|-11.332833|26.670982|0.092878|34.538712|0.338312|34.213478|-93.008593|37.099373|60.131645|42.109687|42.307880|-0.006845|22279.933186|-100.327497
1428|34.551451|1.346009|384.780413|nan|64.571572|-11.192582|76.238751|0.211299|37.052591|5.779588|33.442705|-92.561164|36.092921|58.572934|42.109687|42.576934|-0.006548|56183.465492|-100.310560
1429|27.270870|3.170193|366.728975|nan|63.815905|-11.438600|63.658099|0.354856|29.447426|13.739979|26.662390|-91.702286|29.127756|50.975511|42.109687|42.781553|-0.006322|89117.791645|-100.293624
1430|19.977789|4.694552|314.258105|18.601580|63.344580|-11.707769|31.703243|0.367633|24.082261|17.389258|19.977135|-90.803058|23.042591|43.378088|42.109687|42.779576|-0.006795|106068.967909|-100.276687
1431|18.973249|6.136560|265.382332|nan|63.160989|-11.529681|17.612913|0.392665|19.007422|12.923949|19.569383|-90.032507|20.847752|42.470990|42.109687|42.770105|-0.004974|106068.775382|-99.597169
1432|17.463867|7.286037|220.696585|nan|63.097770|-11.217815|27.929048|0.414371|19.669357|3.698576|18.537656|-89.422626|19.589687|41.060667|42.109687|42.754892|-0.004353|106068.775382|-98.774698
1433|40.378534|8.813868|205.963238|40.783313|61.791742|-10.066838|67.935520|0.464932|34.657095|9.810359|41.880634|-89.591696|40.338086|64.519776|40.258086|41.191465|0.002952|103163.530546|-98.082105
1434|38.896300|9.476600|193.389588|nan|60.610428|-9.037259|64.412938|0.546925|35.079360|-12.297706|40.799138|-89.624131|39.080021|63.764937|39.000021|40.147437|0.002744|103165.215819|-97.504996
1435|61.612488|10.266061|176.397911|62.151414|59.954128|-6.905799|79.258107|0.655420|47.735486|14.322565|64.002840|-88.302425|57.416807|88.001927|39.000021|40.608727|0.006525|91543.624608|-97.508595
1436|77.084019|11.143988|149.060049|78.001743|60.472723|-3.955708|92.845211|0.791532|59.015495|58.496816|79.919110|-86.082888|68.856816|105.648282|39.000021|40.949986|0.009101|89610.096707|-97.516596
1437|62.138482|11.682475|124.765653|nan|61.014767|-1.477667|63.658099|0.892106|49.690656|61.380785|65.368432|-84.619120|54.011647|92.545888|39.000021|41.039610|0.006650|87193.107691|-97.516596
1438|59.298976|12.387950|101.617212|nan|61.420302|0.988635|65.419390|0.964084|44.682582|51.748646|62.799661|-83.737733|51.243903|91.861500|39.000021|41.085474|0.006192|87198.962630|-97.533104
1439|56.491702|13.473156|92.263154|nan|61.820900|3.442332|79.006494|1.048639|39.755169|30.260604|60.183521|-82.888383|47.516160|91.443017|39.000021|41.096618|0.005735|87205.450550|-97.564958
1440|53.455627|14.643907|102.742572|nan|61.955733|5.668372|73.722620|1.105253|38.735482|21.940743|57.236024|-81.897167|44.496803|90.522919|39.000021|41.080509|0.005236|87212.096698|-97.596812
1441|20.252976|15.086961|166.091784|20.624771|61.926606|7.250204|32.206469|1.107477|7.123221|10.911659|23.945888|-81.778585|10.643882|59.409257|39.000021|40.735614|-0.000247|87218.584618|-97.608865
1442|18.019974|15.487515|215.135542|18.097168|62.248334|8.841218|40.258086|1.104441|4.618704|9.030476|21.591635|-81.316464|8.059365|59.369000|39.000021|40.445689|-0.000621|87224.756040|-97.639549
1443|9.761131|14.675681|290.068474|nan|62.204865|10.130853|17.612913|1.108772|-2.004526|17.930528|13.196868|-81.210110|-0.243865|53.290029|39.000021|40.202131|-0.001992|87230.769235|-97.661490
1444|19.891208|14.211652|382.076251|20.906298|62.031706|11.605057|27.425821|1.083234|3.899665|21.951460|23.112327|-81.275237|9.180656|65.713874|39.000021|40.151515|-0.000331|87236.940658|-97.679072
1445|10.905150|13.993854|477.458145|nan|61.662225|12.786759|12.580652|1.089390|-3.478735|20.087330|13.935334|-81.543970|0.122587|58.890128|39.000021|40.098354|-0.001826|87243.270336|-97.705474
1446|8.470044|14.035915|555.771515|9.336928|61.455358|13.856747|10.819360|1.093921|-5.914866|8.223123|11.292374|-81.641458|-2.393544|58.139514|39.000021|40.043834|-0.002241|87249.441758|-97.731876
1447|-6.282768|13.560730|617.573434|-6.565410|60.686435|14.429638|-15.348395|1.095648|-18.759704|-5.647047|-3.705987|-82.454051|-17.238713|45.272830|39.000021|39.835051|-0.004692|87254.821973|-97.767040
1448|3.632749|13.009347|677.767960|4.306853|59.761019|15.149868|-4.780647|1.058301|-10.547126|-1.045310|6.030176|-82.619018|-7.425804|57.285008|39.000021|39.815942|-0.003072|87259.252752|-97.878054
1449|-5.084046|12.306893|689.764939|nan|59.634511|14.986525|-13.838717|1.055942|-10.793252|9.326072|-2.899299|-83.028803|-16.232261|50.419049|39.000021|41.911690|-0.004525|87262.259342|-97.989068
1450|11.100311|12.109054|693.315584|11.335743|58.822678|14.944528|-10.567747|1.026930|1.709653|9.756936|13.203571|-82.789116|-0.129026|67.681885|39.000021|40.440682|-0.001867|87264.316483|-98.057351
1451|3.370528|11.743920|662.534619|nan|58.376692|14.560622|-12.580652|0.993634|-3.449692|2.598910|5.441216|-82.783448|-7.929031|59.779386|39.000021|40.402972|-0.003154|87265.424174|-98.079949
1452|8.724285|11.849045|645.555562|9.113229|58.112552|14.299948|-13.838717|0.970761|0.474183|6.924451|10.816474|-82.308196|-2.645157|64.509711|39.000021|40.518363|-0.002282|87265.898899|-98.089838
1453|-4.286841|11.563945|608.113615|-5.072655|58.029049|13.929424|-25.161304|0.982700|-11.889365|5.263612|-2.174749|-82.227339|-15.729035|50.472285|39.000021|40.444279|-0.004442|87265.740658|-98.093595
1454|-11.005046|10.863862|551.544083|-11.927100|58.339936|13.746484|-30.445178|1.032442|-17.962587|11.304336|-8.814292|-82.320793|-21.242587|42.562861|39.000021|40.223079|-0.005563|87265.265933|-98.097353
1455|-29.798330|9.854803|495.222661|-30.478256|58.102237|13.347002|-36.735504|1.070612|-36.193565|-1.420151|-27.521975|-82.578624|-40.113565|22.599280|39.000021|39.889589|-0.009837|87264.632966|-98.810153
1456|-29.715336|9.066819|445.782060|nan|57.701120|12.916874|-13.083878|1.093880|-33.553565|4.473101|-27.377200|-82.994230|-40.113565|21.840011|39.000021|39.626186|-0.009862|87263.841758|-99.741015
1457|-29.624374|8.055049|422.823094|nan|57.487136|12.457893|4.025808|1.075536|-32.993565|-5.583308|-27.269446|-83.212528|-40.033565|20.914075|39.000021|39.420643|-0.009889|87262.575826|-100.285972
1458|-52.687299|6.823333|432.956953|nan|56.635375|10.734855|-20.129043|0.906303|-49.580974|-17.224043|-50.384657|-84.126830|-60.621964|-3.687522|32.372322|31.838798|-0.017564|87260.518685|-101.154737
1459|-62.680837|5.467642|382.060622|nan|55.750081|8.909751|-37.238730|0.748682|-56.765166|-18.234264|-60.505815|-85.360185|-70.686486|-15.133815|24.093514|23.168950|-0.020927|87257.512094|-102.292272
