859|nan|nan|nan|nan|nan|nan|nan|nan|nan|nan|nan|nan|nan|nan|nan|nan|nan|nan|nan
900|nan|nan|nan|nan|nan|nan|nan|nan|nan|nan|nan|nan|nan|nan|nan|nan|nan|nan|nan
901|nan|nan|nan|nan|nan|nan|nan|nan|nan|nan|nan|nan|nan|nan|nan|nan|nan|nan|nan
902|nan|nan|nan|nan|nan|nan|nan|nan|nan|nan|nan|nan|nan|nan|nan|nan|nan|nan|nan
903|nan|nan|nan|nan|nan|nan|nan|nan|nan|nan|nan|nan|nan|nan|nan|nan|nan|nan|nan
904|nan|nan|nan|nan|nan|nan|nan|nan|nan|nan|nan|nan|nan|nan|nan|nan|nan|nan|nan
905|nan|nan|nan|nan|nan|nan|nan|nan|nan|nan|nan|nan|nan|nan|nan|nan|nan|nan|nan
906|nan|nan|nan|nan|nan|nan|nan|nan|nan|nan|nan|nan|nan|nan|nan|nan|nan|nan|nan
907|nan|nan|nan|nan|nan|nan|nan|nan|nan|nan|nan|nan|nan|nan|nan|nan|nan|nan|nan
908|nan|nan|nan|nan|nan|nan|nan|nan|nan|nan|nan|nan|nan|nan|nan|nan|nan|nan|nan
909|nan|nan|nan|nan|nan|nan|nan|nan|nan|nan|nan|nan|nan|nan|nan|nan|nan|nan|nan
910|nan|nan|nan|nan|nan|nan|nan|nan|nan|nan|nan|nan|nan|nan|nan|nan|nan|nan|nan
911|nan|nan|nan|nan|nan|nan|nan|nan|nan|nan|nan|nan|nan|nan|nan|nan|nan|nan|nan
912|nan|nan|nan|nan|nan|nan|nan|nan|nan|nan|nan|nan|nan|nan|nan|nan|nan|nan|nan
913|nan|nan|nan|nan|nan|nan|nan|nan|nan|nan|nan|nan|nan|nan|nan|nan|nan|nan|nan
914|nan|nan|nan|nan|nan|nan|nan|nan|nan|nan|nan|nan|nan|nan|nan|nan|nan|nan|nan
915|nan|nan|nan|nan|nan|nan|nan|nan|nan|nan|nan|nan|nan|nan|nan|nan|nan|nan|nan
916|nan|nan|nan|nan|nan|nan|nan|nan|nan|nan|nan|nan|nan|nan|nan|nan|nan|nan|nan
917|nan|nan|nan|nan|nan|nan|nan|nan|nan|nan|nan|nan|nan|nan|nan|nan|nan|nan|nan
918|nan|nan|nan|nan|nan|nan|nan|nan|nan|nan|nan|nan|nan|nan|nan|nan|nan|nan|nan
919|nan|nan|nan|nan|nan|nan|nan|nan|nan|nan|nan|nan|nan|nan|nan|nan|nan|nan|nan
920|nan|nan|nan|nan|nan|nan|nan|nan|nan|nan|nan|nan|nan|nan|nan|nan|nan|nan|nan
921|nan|nan|nan|nan|nan|nan|nan|nan|nan|nan|nan|nan|nan|nan|nan|nan|nan|nan|nan
922|nan|nan|nan|nan|nan|nan|nan|nan|nan|nan|nan|nan|nan|nan|nan|nan|nan|nan|nan
923|nan|nan|nan|nan|nan|nan|nan|nan|nan|nan|nan|nan|nan|nan|nan|nan|nan|nan|nan
924|nan|nan|nan|nan|nan|nan|nan|nan|nan|nan|nan|nan|nan|-12.224807|nan|42.354097|nan|nan|nan
925|nan|nan|nan|nan|nan|nan|nan|nan|nan|nan|nan|nan|nan|-14.799467|nan|42.995108|nan|nan|nan
926|nan|nan|nan|nan|nan|nan|nan|nan|nan|nan|nan|nan|nan|0.889131|nan|43.871012|nan|nan|nan
927|nan|nan|nan|nan|nan|nan|nan|nan|nan|nan|nan|nan|nan|5.816148|nan|44.612324|nan|nan|nan
928|nan|nan|nan|nan|nan|nan|nan|nan|nan|nan|nan|nan|nan|10.493134|48.702210|45.239738|nan|nan|nan
929|nan|nan|nan|nan|nan|nan|nan|nan|nan|nan|nan|nan|nan|3.855435|48.702210|45.463072|nan|nan|nan
930|nan|nan|nan|nan|nan|nan|nan|nan|nan|nan|nan|nan|nan|-0.534349|48.702210|45.368152|nan|nan|nan
931|nan|nan|nan|nan|nan|nan|nan|nan|nan|nan|nan|nan|nan|8.069238|48.702210|45.641161|nan|nan|nan
932|nan|nan|nan|nan|nan|nan|nan|nan|nan|nan|nan|nan|nan|10.303056|48.702210|45.890625|nan|nan|nan
933|nan|nan|nan|nan|55.564158|nan|nan|nan|nan|nan|nan|nan|nan|1.342804|48.702210|45.811053|nan|nan|nan
934|nan|nan|nan|nan|53.544502|nan|nan|nan|nan|nan|nan|nan|nan|11.796148|33.242175|30.630775|nan|nan|nan
935|nan|nan|nan|nan|52.219942|nan|nan|nan|nan|-3.763624|nan|nan|nan|16.867225|33.242175|30.880187|nan|nan|nan
936|nan|nan|nan|nan|50.858984|nan|nan|nan|nan|6.745537|nan|nan|nan|29.009193|33.242175|31.410639|nan|nan|nan
937|nan|nan|nan|nan|49.453082|nan|nan|nan|nan|5.839477|nan|nan|nan|41.550950|32.414477|31.326626|nan|nan|nan
938|nan|nan|nan|nan|48.866344|nan|nan|nan|nan|4.807606|nan|nan|nan|46.396665|32.414477|31.920366|nan|nan|nan
939|nan|nan|nan|nan|48.194477|nan|nan|nan|nan|-4.961361|nan|nan|nan|45.610751|32.414477|32.389963|nan|nan|nan
940|nan|nan|nan|nan|47.852152|nan|nan|nan|nan|-24.864184|nan|nan|nan|38.111083|32.414477|32.449347|nan|nan|nan
941|nan|nan|nan|nan|47.061831|nan|nan|nan|nan|-25.898682|nan|nan|nan|29.881219|32.414477|32.495317|nan|nan|nan
942|nan|nan|nan|nan|46.344411|nan|nan|nan|nan|-33.620995|nan|nan|nan|30.771409|32.414477|32.530266|nan|nan|nan
943|nan|19.131693|nan|nan|45.792489|nan|nan|nan|nan|-38.437349|nan|nan|nan|18.703191|32.414477|32.248500|-0.000880|nan|nan
944|nan|16.253319|nan|nan|45.429822|nan|nan|nan|nan|-29.053442|nan|nan|nan|13.424554|32.414477|32.030388|-0.001737|nan|nan
945|nan|13.513633|nan|nan|45.227590|nan|nan|nan|nan|-24.688976|nan|nan|nan|8.226780|32.414477|31.710727|-0.003146|nan|nan
946|nan|11.445859|nan|nan|44.538015|nan|nan|nan|nan|-18.967470|nan|nan|nan|14.844142|28.610081|27.972675|-0.002331|nan|nan
947|nan|9.557370|nan|nan|45.109979|nan|nan|nan|nan|-6.036467|nan|nan|nan|10.557785|28.610081|27.724346|-0.003021|nan|nan
948|nan|8.059475|nan|nan|45.658723|nan|nan|nan|nan|6.869288|nan|nan|nan|12.087870|28.610081|27.540866|-0.002939|nan|nan
949|nan|6.663776|nan|-11.364421|46.090513|nan|nan|nan|nan|18.005338|nan|nan|nan|11.298833|28.610081|27.410210|-0.003314|nan|nan
950|nan|4.955002|nan|-21.713006|46.924112|nan|nan|nan|nan|16.663833|nan|nan|nan|1.159610|28.610081|27.014667|-0.006569|nan|nan
951|nan|3.662692|nan|-17.285183|47.416586|nan|nan|nan|nan|7.337210|nan|nan|nan|5.241933|28.610081|26.878448|-0.006059|nan|nan
952|nan|1.658635|nan|-39.337970|47.407194|nan|nan|nan|nan|20.397410|nan|nan|nan|-16.566140|28.610081|26.177161|-0.011910|nan|nan
953|nan|-0.253712|nan|nan|47.249224|nan|-48.806941|nan|nan|16.400103|nan|nan|nan|-21.694056|28.610081|25.658202|-0.013341|nan|nan
954|nan|-1.434749|nan|nan|47.187734|nan|-39.916112|nan|nan|11.234546|nan|nan|nan|-11.463067|28.610081|25.441641|-0.011739|nan|nan
955|nan|-2.614322|nan|-39.006134|47.439812|nan|-48.158650|nan|nan|2.255198|nan|nan|nan|-17.608851|28.610081|25.002296|-0.012569|nan|nan
956|nan|-3.271715|nan|-25.745041|47.095588|nan|-22.041844|nan|nan|4.315389|nan|nan|nan|-5.211376|28.610081|25.317220|-0.010676|nan|nan
957|nan|-3.543473|nan|-18.852246|47.214491|nan|-11.206148|nan|nan|11.697135|nan|nan|nan|1.585313|28.610081|25.448319|-0.009516|nan|nan
958|nan|-4.119851|nan|nan|47.075455|nan|-16.670303|nan|nan|-13.765341|nan|nan|nan|-7.761170|28.610081|25.588132|-0.010787|nan|nan
959|nan|-4.566896|nan|-28.470924|47.382890|-4.422131|-25.746356|-0.450729|nan|-18.536615|nan|nan|nan|-9.994990|28.610081|25.425406|-0.010954|nan|nan
1000|nan|-5.914054|nan|-57.661635|46.792274|-6.083198|-60.661378|-0.644795|nan|-33.336492|nan|nan|nan|-41.079220|25.820790|21.931320|-0.017645|nan|nan
1001|nan|-6.971042|nan|-57.283838|46.233389|-7.633321|-51.863163|-0.657483|nan|-21.559035|nan|-101.955347|nan|-41.860848|25.820790|21.273012|-0.017510|nan|nan
1002|nan|-7.999708|nan|nan|45.397771|-9.010492|-51.029647|-0.632764|nan|-38.016533|nan|-103.706387|nan|-44.735524|25.820790|20.966496|-0.017692|nan|nan
1003|nan|-8.804319|nan|nan|44.740153|-10.230364|-56.586414|-0.611363|nan|-23.731143|nan|-105.375974|nan|-42.875847|25.820790|20.630689|-0.017087|nan|nan
1004|nan|-9.282302|nan|-44.035984|44.147221|-11.086535|-38.156470|-0.577118|nan|-15.902819|nan|-106.513671|nan|-36.515202|25.820790|20.583668|-0.015817|nan|nan
1005|nan|-10.501167|nan|-74.544147|43.000555|-12.941464|-63.439761|-0.606296|nan|-33.780149|nan|-108.279667|nan|-68.580404|21.191491|14.902698|-0.022978|nan|nan
1006|nan|-11.489540|nan|-71.800821|41.549344|-14.402864|-50.196132|-0.611067|nan|-23.020203|nan|-110.190051|nan|-68.012317|9.858044|3.283790|-0.022610|nan|nan
1007|nan|-12.118406|nan|-61.032430|40.725873|-15.542338|-27.969062|-0.603602|nan|-17.948655|nan|-111.849747|nan|-59.058991|9.858044|2.984782|-0.020885|nan|nan
1008|nan|-11.710384|nan|-18.359768|39.892310|-15.174244|17.411205|-0.548877|nan|-1.803664|nan|-112.147610|nan|-18.847293|9.858044|4.217192|-0.014615|nan|nan
1009|nan|-11.760131|nan|-31.652598|40.122748|-15.512771|1.667031|-0.518420|nan|-7.815610|nan|-113.111207|nan|-34.432311|9.858044|4.169618|-0.016584|nan|nan
1010|nan|-11.590172|nan|-26.365801|39.752061|-15.482706|-2.130094|-0.486519|nan|-30.503259|nan|-114.054487|nan|-31.351557|9.858044|4.815163|-0.015825|nan|nan
1011|nan|-11.440513|nan|-25.856293|39.955421|-15.609786|-10.465245|-0.459461|nan|-30.138663|nan|-115.281914|nan|-32.741517|9.858044|4.917516|-0.015703|nan|nan
1012|nan|-11.143304|nan|-20.158221|40.093947|-15.503805|-5.741993|-0.434033|nan|-31.392895|nan|-116.671933|nan|-29.726045|9.858044|5.363620|-0.014929|nan|nan
1013|nan|-10.839390|nan|-18.210791|40.198106|-15.405880|-16.207238|-0.411536|nan|-41.288610|nan|-118.026319|nan|-28.836193|9.858044|5.611399|-0.014502|nan|nan
1014|nan|-10.624347|nan|-22.101106|40.423639|-15.439294|-25.838968|-0.393670|nan|-39.560654|nan|-119.374650|nan|-34.544425|9.858044|5.701340|-0.015086|nan|nan
1030|nan|-10.502402|nan|-25.868203|40.531395|-15.593960|-35.748537|-0.381619|nan|-54.597309|nan|-120.574817|nan|-40.028824|9.858044|5.666936|-0.015697|nan|nan
1031|nan|-10.010424|nan|-6.885516|40.678042|-15.166443|-11.761824|-0.361839|nan|-34.417901|nan|-121.035058|nan|-21.987121|9.858044|6.305048|-0.012927|nan|nan
1032|nan|-9.405105|nan|6.087797|40.898839|-14.496059|-3.889737|-0.340781|nan|-26.479820|nan|-121.172727|nan|-9.321395|9.858044|6.999348|-0.011056|nan|nan
1033|-3.443503|-8.550793|nan|21.976176|41.154514|-13.483304|12.873178|-0.340781|nan|4.920112|nan|-120.469925|nan|8.301811|9.858044|7.883164|-0.008631|nan|nan
1034|0.155127|-7.765464|nan|24.877604|41.399156|-12.509342|13.614080|-0.333978|nan|-1.875800|nan|-119.530315|nan|11.991981|9.858044|8.596854|-0.008243|nan|nan
1035|1.096758|-7.035237|nan|23.646498|41.753542|-11.668861|2.778384|-0.333978|nan|9.410453|nan|-118.465975|nan|13.088993|9.858044|9.015371|-0.008243|nan|nan
1036|11.428241|-6.799185|nan|33.826497|42.162538|-10.567638|15.558949|-0.368268|nan|5.601074|nan|-117.381155|nan|24.452051|9.858044|21.525782|-0.006843|nan|nan
1037|8.039974|-6.863046|nan|29.227988|42.002213|-9.737438|-9.631730|-0.356033|nan|11.161735|nan|-116.291481|nan|21.686255|9.858044|21.842216|-0.007453|nan|nan
1038|2.026887|-7.074525|nan|22.429214|41.708002|-9.222380|-20.745265|-0.338753|nan|5.493458|nan|-115.413580|nan|16.974116|9.858044|26.506571|-0.008423|nan|nan
1039|5.019360|-7.164245|nan|26.289188|41.359877|-8.601192|-7.409023|-0.338753|nan|4.426759|nan|-114.414109|nan|21.767725|9.858044|26.726495|-0.008035|nan|nan
1040|11.066303|-7.069056|nan|31.967807|40.648123|-7.816684|-7.316410|-0.319590|nan|2.540821|nan|-113.030166|nan|29.617556|9.858044|38.328216|-0.007188|nan|nan
1041|30.111895|-6.446006|nan|50.071117|40.590339|-6.764752|23.986713|-0.293783|nan|16.058338|nan|-111.278246|nan|51.362560|9.858044|39.181889|-0.004402|nan|nan
1042|30.350653|-5.918327|nan|49.114055|41.066529|-5.897258|31.580961|-0.270203|nan|15.531445|nan|-108.980559|nan|53.847519|9.858044|42.266995|-0.004429|nan|nan
1043|30.502539|-5.151337|nan|nan|41.512388|-5.086424|22.782746|-0.248727|nan|24.586182|nan|-106.597777|nan|56.397760|9.858044|42.778665|-0.004470|nan|-103.508417
1044|17.391996|-4.544132|nan|35.724419|41.972827|-4.590494|8.149926|-0.227320|nan|15.731199|nan|-104.950843|nan|45.441214|9.858044|42.684129|-0.006492|nan|-103.768716
1045|14.479059|-3.828343|nan|nan|42.071693|-4.081198|-24.912841|-0.194282|nan|11.241369|nan|-103.338301|nan|44.777337|9.858044|42.578766|-0.006989|nan|-104.124776
1046|9.238718|-3.280502|nan|27.612625|42.410627|-3.756145|-29.636093|-0.165919|nan|0.019443|29.958574|-102.243261|nan|42.417337|9.858044|45.563941|-0.007833|nan|-104.465496
1047|13.258413|-2.681335|nan|31.214679|42.322549|-3.363456|-26.765096|-0.141186|nan|-3.219922|34.237587|-101.212904|nan|48.960514|9.858044|47.391558|-0.007292|nan|-104.756556
1048|29.741977|-1.819813|nan|46.926612|42.588349|-2.407376|-6.668121|-0.101433|nan|5.444455|51.214701|-99.414599|nan|67.907632|9.858044|47.941804|-0.004896|nan|-104.887973
1049|18.153930|-1.252579|nan|33.632973|42.438236|-1.981763|-10.187407|-0.080894|nan|11.940649|39.713572|-97.921998|nan|57.910724|9.858044|48.024772|-0.006695|nan|-105.013885
1050|4.772805|-0.758573|nan|20.330093|43.160622|-1.994836|-53.715418|-0.049023|nan|-8.614896|27.636921|-95.968383|nan|47.282847|9.858044|47.741785|-0.008757|nan|-105.126334
1051|2.825950|-0.297993|-649.246251|nan|43.627491|-2.224098|-53.530193|-0.023419|4.427250|11.813278|26.695922|-94.114743|17.869945|47.381548|21.570055|47.484005|-0.009102|nan|-105.228116
1052|-16.908834|0.057506|-587.870794|-1.760797|44.454821|-3.178509|-61.957956|-0.002666|-2.775315|-2.524943|7.825299|-92.785498|-2.134417|30.030093|21.570055|46.633578|-0.012091|nan|-105.317379
1053|-9.282154|0.754798|-533.253380|6.221974|44.678396|-3.853715|-12.595339|-0.000306|-0.407489|4.825623|15.151686|-91.408261|5.274606|40.068842|26.144321|45.105393|-0.010983|nan|-105.396257
1054|-11.245705|1.138712|-488.251915|3.321122|44.949488|-4.562719|-27.876449|0.007531|0.902416|0.254045|13.301786|-90.361119|3.144512|40.505975|26.144321|44.753809|-0.011301|nan|-105.479532
1055|-9.050146|1.593393|-439.467417|6.134858|45.368915|-4.956789|-20.745265|0.013016|-3.381002|-5.941340|15.590303|-88.451479|5.181993|45.235682|36.991993|38.427482|-0.010995|nan|-105.562361
1056|0.284513|2.070911|-369.770211|15.315405|46.005970|-4.935962|-10.743084|0.021211|3.388266|11.219966|25.294361|-86.357901|14.350659|57.049260|33.660659|35.399574|-0.009625|nan|-105.622352
1057|-8.172683|2.112700|-318.148481|5.904003|46.600718|-5.180824|-14.169757|0.025896|0.296175|12.556544|17.141227|-84.833803|5.737670|49.681075|33.660659|35.308297|-0.010911|nan|-105.656812
1058|-9.022959|2.379347|-286.469915|6.106492|47.310003|-5.161767|-12.317501|0.030989|-4.402266|18.537105|16.408159|-84.548410|4.718929|49.243928|33.660659|35.371352|-0.011063|nan|-105.670307
1059|-12.001379|2.510208|-258.606856|1.352462|47.780869|-5.160292|-19.356073|0.036082|-3.870803|5.298939|13.695233|-83.965835|1.570094|45.732098|33.660659|35.246511|-0.011533|nan|-105.687035
1100|-26.013912|2.915301|-257.594650|-12.401554|49.299938|-5.454877|-37.600793|0.053765|-12.759962|11.274467|-0.111626|-83.866628|-12.599663|30.884513|33.660659|34.668696|-0.013649|nan|-105.679291
1101|-34.686340|3.189246|-246.778003|-21.535359|50.415827|-6.002048|-27.876450|0.045244|-14.516982|-3.718831|-8.792401|-83.934582|-20.197878|21.337987|33.660659|34.051609|-0.014964|nan|-105.657884
1102|-29.838300|3.650172|-238.959990|-15.762745|51.182933|-6.237193|-10.650470|0.048627|-16.754924|0.002170|-4.108046|-83.996340|-15.474625|25.201817|33.660659|33.872690|-0.014258|nan|-105.639542
1103|-21.009496|4.127327|-228.761415|nan|51.954607|-6.315973|14.262370|0.047954|-7.649621|5.943427|4.419486|-83.880715|-6.769023|33.381330|33.660659|33.730433|-0.012957|nan|-105.636659
1104|-25.796803|4.369140|-207.337230|nan|52.530708|-6.427333|11.947050|0.058804|-12.157800|-2.476375|-0.678922|-83.781126|-11.677501|27.835652|33.660659|33.618495|-0.013690|nan|-105.630915
1105|-21.215274|5.062752|-197.010843|-7.165065|52.900668|-6.213246|16.392464|0.054786|-13.712386|8.766008|3.702093|-83.411117|-11.312087|31.532754|33.660659|33.685410|-0.012714|nan|-105.580783
1106|-9.300167|6.061651|-188.155563|4.303875|53.162879|-5.747974|37.508180|0.086176|-3.869965|24.283283|15.279702|-83.215154|0.449737|41.660864|33.660659|34.045074|-0.009287|nan|-105.516573
1107|-4.383053|6.810833|-183.312765|nan|53.158663|-4.816933|38.156469|0.104733|-9.387310|22.707686|19.879428|-83.235957|-2.107011|44.398571|33.660659|34.475292|-0.004298|nan|-105.452363
1108|4.924783|7.214613|-195.461847|18.484845|52.996425|-3.631510|40.749628|0.143055|-1.911255|26.433740|28.890279|-83.454109|6.569043|52.296566|33.660659|34.955526|-0.002942|nan|-105.397904
1109|6.751019|7.637291|-217.669066|18.520281|53.130700|-2.689861|44.917203|0.148358|3.582564|25.548537|30.365168|-83.684887|8.143460|52.533679|33.660659|35.161450|-0.001933|nan|-105.360283
1110|35.222687|8.664451|-233.839804|47.493109|52.880642|-0.771931|78.720871|0.164799|11.254462|18.423304|58.634642|-83.120540|32.697748|81.373659|33.660659|36.535298|0.002408|nan|-105.324470
1111|60.223390|9.810693|-239.623222|72.186580|53.577715|1.401861|121.971045|0.185337|37.888869|33.069418|83.356808|-82.136527|57.332751|106.931855|33.660659|44.286488|0.006194|nan|-105.302524
1112|75.543208|11.182360|-250.856472|nan|54.869096|3.566862|136.696478|0.215726|50.719828|42.514948|98.463836|-80.635216|72.243410|123.150790|33.660659|45.406764|0.008418|nan|-105.284524
1113|64.220440|12.224568|-256.803600|74.413322|56.103577|5.510930|124.656815|0.252856|40.719199|37.214577|86.938666|-79.286130|60.481585|112.720769|33.660659|46.062891|0.006662|nan|-105.260715
1114|61.825232|13.275000|-249.543409|72.703229|57.237756|7.393248|108.264352|0.283921|31.207306|38.492494|84.450688|-78.097151|57.610589|111.331578|33.660659|46.656414|0.006233|nan|-105.236905
1115|56.781920|14.280107|-237.289084|66.389365|58.560154|9.484070|99.373524|0.307227|21.890537|31.785727|79.279799|-77.234564|44.853822|107.206616|33.660659|46.732478|0.007075|nan|-105.230668
1116|56.319153|15.089396|-212.383281|66.144262|59.150504|11.600742|92.705403|0.328874|15.271199|23.759603|78.572298|-76.926627|42.075081|107.877088|33.660659|47.018857|0.006922|nan|-105.225894
1117|50.602545|15.505489|-183.739198|58.662235|59.577600|13.506940|90.019632|0.340878|13.212628|13.970454|72.530670|-76.789624|35.777411|103.029745|33.660659|47.004578|0.005982|nan|-104.608970
1118|49.821508|15.670193|-121.221783|58.845609|59.989683|15.334844|104.652452|0.341594|8.144037|4.100002|71.292889|-76.650421|34.388219|103.455721|33.660659|47.063327|0.005774|nan|-104.062097
1119|51.191049|15.772966|-46.425315|59.199322|60.192205|17.043324|93.353693|0.354756|9.124342|2.190423|72.326832|-76.098002|35.129122|105.711791|33.660659|47.178419|0.005883|nan|-103.610206
1120|43.704481|15.680176|41.335377|50.269564|60.545594|18.955945|71.404461|0.367577|-8.304387|24.028640|64.556745|-75.677495|16.339196|99.177032|33.660659|46.874620|0.004667|nan|-103.115741
1121|41.326868|15.515514|112.812993|48.383366|61.131971|20.760348|66.032919|0.383458|-4.640010|31.994641|61.770615|-75.179871|13.282974|97.635977|33.660659|46.554927|0.004211|nan|-102.413296
1122|38.685612|15.309867|189.871828|nan|61.627577|22.306256|42.694497|0.396419|-9.334669|34.746032|58.780537|-74.880395|9.948914|95.346611|33.660659|46.226602|0.003714|nan|-101.906790
1123|31.571092|15.080902|266.526442|36.098160|61.951991|22.963598|42.324045|0.407080|4.166454|21.463964|51.158150|-75.238723|2.169439|89.128577|33.660659|53.248059|0.002554|nan|-101.610363
1124|24.544985|14.760112|333.448219|28.028124|62.210667|23.667358|32.507090|0.413855|-14.240408|18.019921|43.627337|-75.457559|-5.517422|83.182858|33.660659|52.646377|0.001408|nan|-101.350322
1125|23.803400|14.363637|391.801373|27.797195|62.119049|24.394971|33.155379|0.419419|-10.351097|10.451105|42.257656|-75.334810|-6.906614|83.886671|33.660659|52.417878|0.001201|nan|-101.389936
1126|31.493696|13.830779|459.245840|34.842559|61.977812|25.336219|49.362617|0.424462|-12.513423|12.294901|49.338614|-74.959253|0.131958|92.907113|39.911265|49.529852|0.002249|nan|-101.447701
1127|61.148342|13.785770|516.673895|63.558218|62.374887|26.982427|69.737431|0.441776|9.833188|24.717195|78.698079|-73.229525|29.119761|123.946080|39.911265|50.450167|0.006567|nan|-101.523723
1128|103.158377|14.456205|560.309406|104.822125|64.176941|29.569947|110.023995|0.469502|36.816402|71.111155|120.887284|-70.586193|70.425066|168.791012|39.911265|52.174931|0.012715|nan|-101.581968
1129|98.610957|15.034668|588.849328|99.118996|65.881945|31.878480|101.596230|0.494258|35.618069|66.549461|116.553414|-68.076180|65.146136|167.070176|39.911265|53.122996|0.011926|nan|-101.648478
1330|65.268397|15.114316|602.129658|65.249195|67.443581|33.308186|53.344967|0.497483|11.938358|42.868889|83.451876|-66.613049|36.104630|136.420755|39.911265|52.991649|0.006851|nan|-101.717070
1331|40.149776|15.016402|603.122491|39.316361|68.711881|33.799101|18.707783|0.512730|2.420885|24.052804|58.411764|-66.128508|10.265661|114.410005|39.911265|52.326460|0.003005|nan|-101.787763
1332|33.813279|14.829467|598.506496|nan|69.332320|34.024117|16.392464|0.514596|-2.217686|15.038787|52.169407|-65.584632|7.867089|111.188145|39.911265|51.867560|0.001957|nan|-101.858455
1333|41.713106|14.511551|602.098761|39.500763|69.990036|34.253116|31.858800|0.522270|5.022453|21.930887|59.758694|-64.810137|14.627823|121.538262|39.911265|51.882909|0.002962|nan|-101.921326
1334|40.322534|14.264804|623.488476|nan|70.325133|34.311737|24.449777|0.526094|6.601906|16.700374|58.078876|-64.008629|14.607278|122.385553|39.911265|51.653111|0.002590|nan|-101.969824
1335|33.348848|14.124624|677.219084|nan|69.973666|34.168414|20.837878|0.537628|0.867286|15.856018|50.841252|-63.023727|6.549965|116.786917|39.911265|51.234557|0.001391|nan|-101.985955
1336|32.080618|14.024034|791.072378|27.202186|69.622586|33.887781|30.284382|0.555061|3.832563|38.340591|49.459165|-61.858555|5.674645|115.585510|39.911265|50.981218|0.001047|nan|-101.987371
1337|35.994221|14.240582|905.426568|nan|70.047824|33.717590|37.878631|0.554440|4.543560|59.889882|53.264011|-60.740015|8.545642|118.957247|39.911265|50.706075|0.001474|nan|-101.982202
1338|26.018196|14.216401|988.869425|17.580671|70.074671|33.415535|35.933763|0.523358|-4.637363|60.313515|43.179058|-60.192804|-2.475280|108.383802|44.451958|50.263310|-0.000165|nan|-101.982561
1339|20.847411|14.118866|1037.985510|nan|70.230673|32.924629|31.303123|0.518794|-4.361824|52.191704|37.912773|-59.679898|-8.680337|101.368226|44.451958|49.694863|-0.001088|nan|-101.910008
1340|20.195515|14.079523|1084.440331|9.705687|70.544086|32.336367|57.790380|0.501702|-1.549451|40.125075|36.900220|-59.322094|-1.147368|97.699222|44.451958|49.188822|-0.001335|nan|-101.774920
1341|8.476813|13.725829|1137.618143|-2.533550|71.283675|31.087265|69.737431|0.469490|2.884085|21.460870|24.580500|-59.618246|-10.715320|83.050814|44.451958|68.248268|-0.003222|nan|-101.503967
1342|12.658692|13.640663|1190.084017|1.253576|72.004373|30.060913|87.889538|0.428752|3.164640|23.426886|28.018631|-59.929324|-1.953872|84.384439|44.451958|67.457485|-0.002739|nan|-101.183592
1343|5.598828|13.415155|1245.621055|-7.694899|72.715618|28.882204|68.163013|0.378774|1.680536|19.319761|20.107331|-60.698818|-9.278572|74.411894|44.451958|64.210262|-0.003923|nan|-100.516792
1344|12.325110|13.349472|1294.835725|-0.877572|72.906878|28.174089|71.126623|0.342880|-0.645155|19.583180|26.009067|-61.332965|-3.443966|78.043852|44.451958|59.366566|-0.003056|nan|-99.721631
1345|11.895603|13.417909|1370.534447|-2.827978|73.557631|27.404607|64.273277|0.317232|3.498265|25.132349|24.584172|-62.764879|-2.580545|74.228836|44.451958|58.908497|-0.003248|nan|-98.797569
1346|18.121479|13.789983|1439.163646|3.088285|73.218513|27.016844|68.626077|0.293716|6.308913|10.712173|29.784644|-64.702508|2.790996|77.608256|44.451958|57.797813|-0.001784|nan|-98.039187
1347|32.948822|14.354769|1489.020167|17.178557|72.102293|26.909113|76.312939|0.283620|19.812850|16.009679|43.632151|-66.636370|16.775528|89.367145|44.451958|58.138884|0.000794|nan|-97.225318
1348|35.793291|14.727726|1542.994991|nan|71.207939|26.544765|76.961228|0.270247|28.570033|15.036877|45.575470|-68.151313|21.853009|89.214492|44.451958|58.374084|0.001097|nan|-96.424796
1349|36.034413|15.174651|1568.920720|18.972824|70.347632|26.405430|77.146454|0.257255|22.653760|9.132615|44.829200|-69.587886|24.017332|86.901476|44.451958|58.354516|0.001652|nan|-95.730142
1350|29.604544|15.409167|1589.725075|10.791972|69.434670|26.237544|61.772731|0.244866|16.151155|1.516647|37.418701|-71.059593|21.833535|77.779805|44.451958|58.246357|0.001362|nan|-95.115381
1351|12.706834|15.165513|1611.049261|-6.893757|68.734079|25.701086|41.027466|0.225555|3.263303|-12.103286|19.455865|-72.984882|4.144492|58.265571|44.451958|57.174057|-0.001447|nan|-94.392847
1352|13.438125|14.900363|1639.737486|-6.007093|67.986977|25.570817|37.600793|0.222648|-6.427824|-10.502083|19.130666|-74.708302|-1.228121|56.371480|44.451958|54.581823|-0.001496|nan|-93.737976
1353|13.898825|14.455398|1698.899276|-7.875543|67.825774|25.263957|29.450867|0.212562|1.364094|2.678095|18.606147|-76.344474|-1.598572|52.156691|44.451958|54.233646|-0.001634|nan|-93.138598
1354|23.454834|14.109532|1762.943889|2.002732|67.465048|25.264948|30.469608|0.205206|3.428512|25.608515|27.196304|-77.754578|7.107030|56.868770|44.451958|54.244795|-0.000341|nan|-92.710920
1355|31.620025|13.595285|1843.620207|8.221773|66.995974|25.348699|36.396827|0.206096|14.503441|22.003563|34.358729|-78.758350|14.423441|60.831906|44.451958|54.228777|0.000745|nan|-92.551221
1356|23.094395|12.491240|1922.085111|-0.724677|66.633921|25.010422|34.081507|0.197579|12.589252|16.326530|24.716899|-79.948987|5.069549|48.377266|52.155408|53.884036|-0.000644|nan|-92.496183
1357|23.734739|11.096661|1990.469078|0.099545|66.034555|24.885522|62.884084|0.178115|6.244026|9.669899|23.919957|-81.052382|4.884323|45.091291|43.888767|45.481519|-0.000671|nan|-92.441144
1358|35.942898|10.113837|2083.521769|11.148257|65.179163|25.082177|115.580762|0.153308|14.915696|19.100387|34.507789|-81.625386|16.275696|53.248576|33.057918|34.833386|0.001020|nan|-92.351438
1359|36.662299|9.210340|2154.347915|10.135213|64.703979|25.258568|110.209220|0.131041|14.503084|34.246610|33.542887|-81.998436|16.183084|49.077370|33.057918|34.801240|0.001006|nan|-92.082361
1400|39.433908|8.412334|2212.510481|13.280156|64.296170|25.754172|78.072582|0.131936|8.127358|27.790995|34.751401|-82.295593|14.047952|47.562176|33.057918|34.909348|0.001295|nan|-91.503066
1401|39.913048|7.713939|2224.360011|11.728148|64.304337|26.321571|51.863162|0.129250|7.997501|19.829803|33.769013|-82.808918|11.117501|43.398329|33.057918|34.818031|0.001240|nan|-90.320682
1402|38.359509|7.093513|2260.075696|10.519347|63.209565|26.823174|42.416658|0.145438|7.589272|14.753054|30.582418|-84.193474|8.709569|37.308112|32.131791|33.953595|0.000883|nan|-89.117941
1403|32.080710|6.403689|2298.385506|2.173341|61.484851|26.939975|42.046207|0.140855|4.618384|-0.735580|22.272821|-86.917617|1.578384|26.483578|32.131791|33.672528|-0.000176|nan|-88.252258
1404|32.560831|5.804844|2325.320014|1.813412|59.734778|27.144136|39.175211|0.134668|3.847636|-15.237804|20.580250|-89.457434|1.207933|24.227482|32.131791|33.434763|-0.000231|nan|-87.734388
1405|33.029786|5.267222|2345.968901|2.333256|58.110732|27.333368|30.747446|0.124812|3.156887|-16.904863|18.930489|-91.014790|0.837481|22.782722|32.131791|33.387479|-0.000286|nan|-87.245328
1406|37.461465|4.834769|2375.299882|nan|56.998617|27.385689|32.044025|0.111502|9.487894|-6.686001|21.315822|-91.719921|4.449380|25.442537|32.131791|33.335688|0.000250|nan|-86.720042
1407|32.962338|4.364087|2408.853461|0.077403|56.294904|27.215992|29.636093|0.094840|7.249857|-7.163699|14.837585|-92.388435|-0.829549|19.322635|32.131791|33.127141|-0.000534|nan|-86.193179
1408|37.222079|4.093930|2449.968297|4.476921|55.413920|27.018525|22.134457|0.087547|9.968548|2.073602|17.142707|-93.190566|2.689737|21.809304|32.131791|33.106320|-0.000011|nan|-85.647983
1409|34.877063|3.848940|2470.633205|0.253069|54.888894|26.687764|12.873178|0.081553|6.353218|-11.197870|12.894074|-94.019271|-0.366485|18.143545|32.131791|32.924678|-0.000465|nan|-85.169402
1410|34.766934|3.698164|2474.888912|0.676074|54.249667|25.939427|10.465245|0.077522|19.291424|-3.100244|11.058416|-94.644916|-1.107387|16.581861|32.131791|32.927267|-0.000575|nan|-84.415996
1411|30.406933|3.340153|2453.510578|-5.392983|53.799880|24.641745|-7.131185|0.081780|22.064135|-11.294475|5.190569|-95.343775|-4.175865|11.113426|32.131791|32.766029|-0.001303|nan|-83.723729
1412|33.474110|2.657633|2428.613007|-1.632918|52.947594|23.201958|-1.296579|0.084673|22.417590|-2.063840|6.892972|-96.046001|-1.582707|12.869437|32.131791|32.786432|-0.000919|nan|-83.195219
1413|45.470060|1.545926|2403.609847|9.708982|51.615021|22.256779|2.315320|0.115470|28.073595|2.969580|17.756817|-96.132696|9.993892|24.064471|26.020559|26.991081|0.000800|nan|-82.629270
1414|41.468100|0.318891|2372.363392|4.695432|51.134645|21.152843|3.797125|0.113261|29.961684|7.560231|12.667150|-96.182541|7.401091|18.996772|26.020559|26.918627|0.000154|nan|-82.341978
1415|48.524039|-0.222552|2339.640324|12.349004|49.930828|20.362633|9.261279|0.129321|28.721230|15.909046|19.023315|-96.003345|17.601824|25.638924|26.020559|27.159100|0.001157|nan|-82.105108
1416|65.707524|-0.066227|2318.715046|28.987353|49.246756|19.958432|31.580961|0.146905|45.508183|19.440521|35.875747|-95.049407|34.549965|43.424188|26.020559|27.641143|0.003673|nan|-81.912145
1417|50.978050|-0.076187|2291.899640|13.521627|49.321293|19.205344|30.654834|0.149657|34.598712|13.548103|20.823691|-94.640654|19.639306|28.795096|26.020559|27.536933|0.001460|nan|-81.665419
1418|52.215237|-0.020375|2259.082548|15.455038|49.192290|18.544290|33.803668|0.150380|35.789471|11.685659|21.798457|-94.030474|20.750659|30.299127|26.020559|27.591440|0.001624|nan|-81.185807
1419|53.587571|0.019071|2200.627723|16.755112|48.932172|17.932866|34.544570|0.158701|37.566348|6.521632|22.931872|-93.564242|37.647238|32.280051|26.020559|27.769269|0.001817|nan|-80.632609
1420|66.210180|0.394541|2144.468498|29.074100|48.159141|17.753042|39.916113|0.177689|42.241094|15.092729|35.465087|-92.692122|51.762578|45.146774|26.020559|28.195162|0.003686|nan|-79.863072
1421|73.430079|0.938673|2101.367941|nan|47.863624|17.756923|29.450867|0.200487|47.703999|21.540069|42.733582|-91.785659|58.986375|53.222573|26.020559|28.655924|0.004757|-150404.914295|-79.116125
1422|64.686029|1.197617|2068.228144|26.777403|47.570126|17.568885|20.652652|0.203858|40.838992|2.465262|33.981798|-91.523651|50.280773|45.313416|26.020559|28.830775|0.003465|-150412.763079|-78.532856
1423|54.457486|1.470307|2045.888999|16.861539|47.594111|17.200981|10.094794|0.219637|32.092773|2.391936|23.700997|-91.590161|38.573366|35.500237|26.020559|28.626396|0.001954|-150421.102411|-78.568665
1424|40.129327|1.579364|2047.932761|2.600265|48.046920|16.610377|4.538026|0.221649|18.790699|-5.829810|9.206715|-92.012493|21.270996|21.789937|26.020559|28.128231|-0.000162|-150429.687040|-78.582949
1425|39.766569|1.722966|2029.373942|3.155741|48.073478|16.112477|11.576599|0.215565|19.472861|-7.472528|8.656457|-92.212446|20.993158|22.667858|26.020559|27.868036|-0.000204|-150439.252745|-78.588510
1426|43.812867|2.012095|1994.573291|7.321802|47.987783|15.629030|6.390283|0.219846|25.079844|10.186715|12.673549|-91.798230|25.160734|27.768970|26.020559|27.796789|0.000415|-150449.063746|-78.594072
1427|40.845391|2.189894|1974.584900|3.416145|48.207164|14.558581|3.426673|0.224562|35.262053|4.515906|9.718166|-91.473291|22.382350|25.924123|26.020559|27.566274|0.000002|-106777.440000|-78.625309
1428|35.361008|2.382364|1983.190185|-0.645966|47.866274|12.722291|9.631730|0.215553|43.355143|2.739974|4.282219|-91.275915|17.196034|21.671344|26.020559|29.775866|-0.000767|33437.594723|-78.629778
1429|34.418191|2.502454|2002.732456|nan|47.826521|10.973489|8.983441|0.207047|38.239466|1.889453|3.381080|-91.364563|16.640357|22.049204|26.020559|29.605005|-0.000849|33439.665935|-78.634248
1430|40.094650|2.658630|2034.936172|4.634614|47.671345|9.957445|17.040753|0.194191|31.231911|6.120983|9.155531|-91.501564|22.752801|29.428519|26.020559|42.485560|0.000057|33441.573625|-78.644087
1431|38.994757|2.774598|2048.505115|3.139936|47.784659|9.303691|16.022013|0.188658|25.783918|15.626571|8.284715|-91.423238|22.104512|29.032209|26.020559|42.322767|-0.000039|33443.372310|-78.628733
1432|31.021034|2.522730|2048.709367|-4.354268|48.332602|8.596355|6.112445|0.166995|21.242282|16.109694|0.701679|-91.547100|14.602876|21.486168|26.020559|42.029696|-0.001152|33444.952967|-78.628733
1433|27.924558|2.193472|2045.669262|nan|49.132575|7.752176|-3.611899|0.161228|24.089420|1.599423|-1.703362|-92.026099|12.009717|18.878142|26.020559|41.792183|-0.001709|33446.152087|-78.613378
1434|22.580296|1.829068|2037.148079|-11.769233|49.803216|6.832214|-8.798215|0.167490|19.113555|-8.847815|-6.255495|-92.631291|10.233852|13.602966|26.020559|41.447029|-0.003169|33446.697141|-78.598024
1435|19.624448|1.513641|2034.942897|nan|50.673001|6.032933|-11.576599|0.171975|14.225920|-8.624200|-8.564188|-93.347240|11.185920|11.083874|26.020559|47.010641|-0.003916|33446.642636|-78.581597
1436|7.661152|1.292135|2028.072385|-25.143727|51.557430|4.942617|-19.356073|0.133972|10.195141|-6.157191|-20.083968|-94.359137|0.594547|-0.940880|26.020559|47.998462|-0.007344|33445.934065|-78.568484
1437|9.568052|1.217610|2024.023260|-22.224319|52.321933|4.008968|-22.134457|0.106151|7.975389|-12.247555|-17.742147|-95.220339|3.095092|1.807802|26.020559|47.790780|-0.006973|33444.952967|-78.575024
1438|14.054807|1.135293|2041.850096|-16.846933|52.487053|3.424031|-13.521468|0.100855|7.949388|-10.030902|-12.679652|-95.719887|5.388795|6.701461|26.020559|47.794324|-0.006217|33443.753848|-78.605363
1439|18.168598|1.026963|2068.687927|nan|52.781375|3.032288|-11.854437|0.104020|9.472048|7.197800|-7.924999|-96.085031|6.672048|11.024670|26.020559|47.808961|-0.005517|33442.282196|-78.949160
1440|13.481900|0.677604|2082.398168|-17.334390|53.577291|2.554868|-16.670302|0.097003|5.717975|3.729558|-12.053335|-96.568626|0.837085|6.627415|26.020559|47.678243|-0.006121|33440.592527|-79.651059
1441|20.870903|0.622855|2082.722114|-8.485211|53.913768|2.548657|-13.614080|0.094672|1.602674|5.394257|-4.071011|-96.885507|0.481785|13.391831|26.020559|47.897079|-0.004940|33438.739342|-80.469880
1442|20.771829|0.580611|2083.325795|nan|54.376449|2.434869|-10.557858|0.088697|6.145146|12.270151|-3.584889|-97.053635|0.944849|12.250885|26.020559|47.924810|-0.004871|33436.777141|-81.466187
1443|11.893156|0.230068|2076.276147|-17.273220|55.114493|2.264446|-7.316410|0.058763|-3.629412|0.539221|-12.037193|-97.552748|-9.230302|2.533930|28.428491|47.802949|-0.006108|33434.705935|-82.404959
1444|14.585702|-0.073008|2043.666260|nan|55.554741|2.064630|-8.427764|0.057511|2.492331|1.340589|-8.926263|-97.862760|-5.988855|4.193572|28.428491|47.719534|-0.005627|33432.362196|-83.279416
1445|19.975027|-0.270355|2008.350275|-6.901249|56.103005|2.051295|4.260188|0.043949|1.299846|10.076948|-3.193733|-97.969837|-2.621636|8.668622|41.302578|50.225522|-0.004748|33429.963956|-83.981031
1446|23.324130|-0.477918|1968.177542|-2.967097|56.195182|2.066291|25.098066|0.028313|7.829582|3.923473|0.385102|-97.807300|1.268101|10.717273|41.302578|50.470159|-0.004171|33427.674723|-84.588815
1447|24.068071|-0.609431|1931.722274|nan|56.328808|1.856693|11.483986|0.020327|11.765866|17.984680|1.427259|-97.698726|2.564680|10.410740|41.302578|50.669894|-0.003979|33425.658022|-85.133618
1448|22.214344|-0.698149|1860.418392|-4.244908|57.267400|1.524605|11.298760|0.013316|11.748991|16.354767|-0.236747|-97.966129|1.268101|7.491207|41.302578|50.678349|-0.004172|33423.968353|-85.705490
1449|6.535007|-1.046347|1771.254421|-18.918263|57.677739|0.786144|-2.500546|-0.011569|3.933403|-0.614194|-15.755734|-98.543368|-13.827784|-9.174060|41.302578|50.229609|-0.006412|33422.551207|-86.474850
1450|9.274516|-1.209741|1666.604925|-15.053641|58.234156|0.364687|13.428855|-0.035747|-1.372833|-9.523888|-12.987391|-99.219790|-10.493723|-6.873667|47.126277|46.122803|-0.005918|87327.043514|-87.116609
1451|16.554708|-1.326868|1565.780405|nan|58.385523|0.375507|28.524739|-0.054976|1.779550|3.105892|-5.750793|-100.143241|-3.901636|-0.660247|47.126277|46.110233|-0.004750|87324.337583|-87.662659
1452|27.899566|-1.130720|1471.948089|5.041584|57.606436|0.700856|31.766187|-0.072324|11.325711|-0.112277|5.755336|-100.321695|8.045414|10.148564|41.945414|41.239268|-0.002976|109961.111212|-88.064138
1453|36.383160|-0.847592|1390.860947|nan|56.998309|1.219813|30.654833|-0.089942|15.601467|6.586944|14.546637|-100.295675|16.161467|18.699421|38.521467|38.219575|-0.001629|109959.317807|-88.305054
1454|31.152995|-0.682178|1314.623462|nan|56.536726|1.488480|11.761824|-0.094500|14.570828|-3.361949|9.768667|-100.405440|11.530828|13.043585|33.890828|33.908257|-0.002317|140142.857150|-88.503306
1455|35.276675|-0.354449|1246.801237|nan|56.458309|1.688463|16.207238|-0.118176|18.814377|0.511302|14.270876|-100.742566|16.254080|16.995346|33.890828|34.157461|-0.001616|140142.171437|-88.628273
1456|25.891547|-0.134896|1178.842306|4.474744|56.701389|1.765869|11.576599|-0.121106|9.536458|-0.824305|5.045552|-101.499701|6.655865|7.095292|33.890828|34.041258|-0.002922|140142.171437|-88.898890
1457|23.269080|0.065175|1093.756639|3.442827|56.201129|1.868514|6.760734|-0.129785|6.858384|-14.626245|2.594674|-102.059032|4.618384|5.202753|31.349813|31.561547|-0.003224|140143.542864|-89.507659
1458|16.187070|-0.055335|1021.060552|-4.323005|55.982916|1.554987|-4.908478|-0.131687|7.656081|-16.819988|-4.320034|-102.491787|-1.864512|-1.148866|31.349813|31.299232|-0.004186|140145.371434|-90.653980
1459|20.304776|-0.028817|960.156135|1.743271|55.238985|1.390047|-0.740902|-0.136586|7.418741|-19.701573|0.108408|-102.371780|2.858741|3.991378|31.349813|31.248791|-0.003485|140147.200003|-91.689167
