900|nan|nan|nan|nan|nan|nan|nan|nan|nan|nan|nan|nan|nan|nan|nan|nan|nan|nan|nan
901|nan|nan|nan|nan|nan|nan|nan|nan|nan|nan|nan|nan|nan|nan|nan|nan|nan|nan|nan
902|nan|nan|nan|nan|nan|nan|nan|nan|nan|nan|nan|nan|nan|nan|nan|nan|nan|nan|nan
903|nan|nan|nan|nan|nan|nan|nan|nan|nan|nan|nan|nan|nan|nan|nan|nan|nan|nan|nan
904|nan|nan|nan|nan|nan|nan|nan|nan|nan|nan|nan|nan|nan|nan|nan|nan|nan|nan|nan
905|nan|nan|nan|nan|nan|nan|nan|nan|nan|nan|nan|nan|nan|nan|nan|nan|nan|nan|nan
906|nan|nan|nan|nan|nan|nan|nan|nan|nan|nan|nan|nan|nan|nan|nan|nan|nan|nan|nan
907|nan|nan|nan|nan|nan|nan|nan|nan|nan|nan|nan|nan|nan|nan|nan|nan|nan|nan|nan
908|nan|nan|nan|nan|nan|nan|nan|nan|nan|nan|nan|nan|nan|nan|nan|nan|nan|nan|nan
909|nan|nan|nan|nan|nan|nan|nan|nan|nan|nan|nan|nan|nan|nan|nan|nan|nan|nan|nan
910|nan|nan|nan|nan|nan|nan|nan|nan|nan|nan|nan|nan|nan|nan|nan|nan|nan|nan|nan
911|nan|nan|nan|nan|nan|nan|nan|nan|nan|nan|nan|nan|nan|nan|nan|nan|nan|nan|nan
912|nan|nan|nan|nan|nan|nan|nan|nan|nan|nan|nan|nan|nan|nan|nan|nan|nan|nan|nan
913|nan|nan|nan|nan|nan|nan|nan|nan|nan|nan|nan|nan|nan|nan|nan|nan|nan|nan|nan
914|nan|nan|nan|nan|nan|nan|nan|nan|nan|nan|nan|nan|nan|nan|nan|nan|nan|nan|nan
915|nan|nan|nan|nan|nan|nan|nan|nan|nan|nan|nan|nan|nan|nan|nan|nan|nan|nan|nan
916|nan|nan|nan|nan|nan|nan|nan|nan|nan|nan|nan|nan|nan|nan|nan|nan|nan|nan|nan
917|nan|nan|nan|nan|nan|nan|nan|nan|nan|nan|nan|nan|nan|nan|nan|nan|nan|nan|nan
918|nan|nan|nan|nan|nan|nan|nan|nan|nan|nan|nan|nan|nan|nan|nan|nan|nan|nan|nan
919|nan|nan|nan|nan|nan|nan|nan|nan|nan|nan|nan|nan|nan|nan|nan|nan|nan|nan|nan
920|nan|nan|nan|nan|nan|nan|nan|nan|nan|nan|nan|nan|nan|nan|nan|nan|nan|nan|nan
921|nan|nan|nan|nan|nan|nan|nan|nan|nan|nan|nan|nan|nan|nan|nan|nan|nan|nan|nan
922|nan|nan|nan|nan|nan|nan|nan|nan|nan|nan|nan|nan|nan|nan|nan|nan|nan|nan|nan
923|nan|nan|nan|nan|nan|nan|nan|nan|nan|nan|nan|nan|nan|nan|nan|nan|nan|nan|nan
924|nan|nan|nan|nan|nan|nan|nan|nan|nan|nan|nan|nan|nan|nan|nan|nan|nan|nan|nan
925|nan|nan|nan|nan|nan|nan|nan|nan|nan|nan|nan|nan|nan|99.795364|nan|75.073129|nan|nan|nan
926|nan|nan|nan|nan|nan|nan|nan|nan|nan|nan|nan|nan|nan|2.844238|nan|8.211452|nan|nan|nan
927|nan|nan|nan|nan|nan|nan|nan|nan|nan|nan|nan|nan|nan|-34.080741|nan|-23.002123|nan|nan|nan
928|nan|nan|nan|nan|nan|nan|nan|nan|nan|nan|nan|nan|nan|-46.402030|nan|-27.996369|nan|nan|nan
929|nan|nan|nan|nan|nan|nan|nan|nan|nan|nan|nan|nan|nan|-66.776436|-37.346018|-37.497848|nan|nan|nan
930|nan|nan|nan|nan|nan|nan|nan|nan|nan|nan|nan|nan|nan|-75.342480|-37.346018|-38.031201|nan|nan|nan
931|nan|nan|nan|nan|nan|nan|nan|nan|nan|nan|nan|nan|nan|-82.427113|-61.785584|-62.725396|nan|nan|nan
932|nan|nan|nan|nan|nan|nan|nan|nan|nan|nan|nan|nan|nan|-99.192535|-68.251006|-69.532423|nan|nan|nan
933|nan|nan|nan|nan|nan|nan|nan|nan|nan|nan|nan|nan|nan|-102.594145|-68.251006|-69.937921|nan|nan|nan
934|nan|nan|nan|nan|-27.721587|nan|nan|nan|nan|nan|nan|nan|nan|-85.529770|-68.251006|-70.080831|nan|nan|nan
935|nan|nan|nan|nan|-28.215087|nan|nan|nan|nan|nan|nan|nan|nan|-65.689974|-68.251006|-70.016953|nan|nan|nan
936|nan|nan|nan|nan|-27.054210|nan|nan|nan|nan|-64.711989|nan|nan|nan|-57.495693|-68.251006|-69.946161|nan|nan|nan
937|nan|nan|nan|nan|-25.617903|nan|nan|nan|nan|-45.375019|nan|nan|nan|-71.200758|-68.251006|-70.024653|nan|nan|nan
938|nan|nan|nan|nan|-23.813255|nan|nan|nan|nan|-45.324340|nan|nan|nan|-59.797487|-68.251006|-69.911124|nan|nan|nan
939|nan|nan|nan|nan|-21.081108|nan|nan|nan|nan|-33.504791|nan|nan|nan|-36.346697|-68.251006|-69.648958|nan|nan|nan
940|nan|nan|nan|nan|-16.309907|nan|nan|nan|nan|-12.059741|nan|nan|nan|10.972896|-68.251006|-69.273800|nan|nan|nan
941|nan|nan|nan|nan|-12.635472|nan|nan|nan|nan|-22.277734|nan|nan|nan|-9.169590|-68.251006|-69.122518|nan|nan|nan
942|nan|nan|nan|nan|-7.263140|nan|nan|nan|nan|9.911666|nan|nan|nan|39.547005|-68.251006|-68.840198|nan|nan|nan
943|nan|nan|nan|nan|-3.514103|nan|nan|nan|nan|-16.561323|nan|nan|nan|19.855799|-68.251006|-68.612715|nan|nan|nan
944|nan|-22.542271|nan|nan|0.025057|nan|nan|nan|nan|-12.589908|nan|nan|nan|23.539829|-68.251006|-68.430755|-0.029463|nan|nan
945|nan|-19.440494|nan|nan|3.393858|nan|nan|nan|nan|-4.340652|nan|nan|nan|17.017800|-68.251006|-68.440351|-0.030784|nan|nan
946|nan|-15.452114|nan|nan|6.770950|nan|nan|nan|nan|12.565476|nan|nan|nan|34.266022|-68.251006|-68.291760|-0.027532|nan|nan
947|nan|-18.203889|nan|nan|8.513862|nan|nan|nan|nan|-60.020956|nan|nan|nan|-37.674456|-68.251006|-61.992213|-0.041342|nan|nan
948|nan|-22.452736|nan|nan|9.100655|nan|nan|nan|nan|-70.427424|nan|nan|nan|-62.034897|-68.251006|-53.623169|-0.046097|nan|nan
949|nan|-26.226600|nan|nan|9.127832|nan|nan|nan|nan|-59.775963|nan|nan|nan|-65.139285|-68.251006|-34.639723|-0.046455|nan|nan
950|nan|-27.376078|nan|-48.314287|9.911032|nan|nan|nan|nan|-30.971470|nan|nan|nan|-35.382272|-68.251006|-15.487155|-0.040477|nan|nan
951|nan|-26.656528|nan|nan|11.507559|nan|nan|nan|nan|-7.404716|nan|nan|nan|-10.310099|-68.251006|-9.633093|-0.035376|nan|nan
952|nan|-26.586733|nan|nan|12.375758|nan|nan|nan|nan|-22.499180|nan|nan|nan|-20.146725|-68.251006|-1.345924|-0.037048|nan|nan
953|nan|-25.751553|nan|nan|13.636706|nan|nan|nan|nan|-13.770117|nan|nan|nan|-8.362788|-68.251006|7.552367|-0.034498|nan|nan
954|nan|-26.185194|nan|nan|14.108768|nan|20.581779|nan|nan|-30.055264|nan|nan|nan|-31.048481|-68.251006|7.575051|-0.038546|nan|nan
955|nan|-27.016480|nan|-49.080450|14.783061|nan|-8.690084|nan|nan|-48.917236|nan|nan|nan|-42.466520|-68.251006|7.453995|-0.040394|nan|nan
956|nan|-27.179644|nan|-35.512657|15.274061|nan|-92.846688|nan|nan|-46.268169|nan|nan|nan|-32.875960|-68.251006|7.529793|-0.038019|nan|nan
957|nan|-26.384701|nan|-13.626105|15.884841|nan|-107.939992|nan|nan|-39.336891|nan|nan|nan|-13.700877|-68.251006|7.758450|-0.033795|nan|nan
958|nan|-25.717789|nan|-16.101774|16.911603|nan|-121.661178|nan|nan|-41.717344|nan|nan|nan|-18.018477|-68.251006|7.796101|-0.034058|nan|nan
959|nan|-25.121868|nan|nan|17.854794|nan|-142.700330|nan|nan|-54.311914|nan|nan|nan|-21.258690|-68.251006|7.837966|-0.034234|nan|nan
1000|nan|-24.596696|nan|nan|17.193487|-52.583868|-150.933041|-0.519927|nan|-40.640423|nan|nan|nan|-19.557263|-68.251006|7.882625|-0.034234|nan|nan
1001|nan|-24.122305|nan|nan|18.411404|-51.591774|-157.793634|-0.512705|nan|-31.223160|nan|nan|nan|-16.083242|-68.251006|7.928939|-0.034146|nan|nan
1002|nan|-23.703724|nan|-16.541159|20.495772|-50.650748|-174.259056|-0.512705|nan|-19.617363|nan|-150.892535|nan|-12.881632|-61.452616|7.975997|-0.034146|nan|nan
1003|nan|-24.089179|nan|-38.044001|22.577840|-50.349112|-198.957190|-0.762330|nan|-40.613887|nan|-148.797332|nan|-31.743689|-52.700329|7.869234|-0.038282|nan|nan
1004|nan|-25.476096|nan|-68.654609|24.523836|-50.856381|-210.848884|-0.995118|nan|-58.826496|nan|-147.029798|nan|-61.202525|-33.428467|26.584924|-0.044179|nan|nan
1005|nan|-27.652201|nan|-96.077539|25.252085|-52.032003|-209.019393|-1.205594|nan|-73.887494|nan|-145.744389|nan|-89.190679|-14.218807|-9.611805|-0.049463|nan|nan
1006|nan|-30.519485|nan|-123.093054|26.365447|-53.812513|-216.794731|-1.531914|nan|-78.082786|nan|-145.042023|nan|-116.846460|-22.575924|-24.479333|-0.054659|nan|nan
1007|nan|-33.234198|nan|nan|27.614453|-55.524723|-222.740578|-1.706529|nan|-82.488748|nan|-143.860506|nan|-120.429198|-24.405415|-26.585080|-0.055017|nan|nan
1008|nan|-35.852846|nan|nan|28.242101|-57.185438|-206.732529|-1.843884|nan|-74.850613|nan|-142.663201|nan|-124.237605|-39.192280|-41.561923|-0.055463|nan|nan
1009|nan|-37.729067|nan|-106.013361|28.836126|-58.258556|-158.708379|-1.846106|nan|-58.421383|nan|-141.444016|nan|-105.634742|-39.192280|-41.528420|-0.051595|nan|nan
1010|nan|-39.885709|nan|-120.587778|29.221960|-59.674881|-123.948043|-1.936039|nan|-69.911283|nan|-141.466747|nan|-121.252470|-39.192280|-41.782297|-0.054242|nan|nan
1011|nan|-42.489583|nan|-144.218019|28.408088|-61.545072|-166.483718|-2.025560|nan|-98.061318|nan|-142.740055|nan|-146.113916|-43.615075|-46.526582|-0.058740|nan|nan
1012|nan|-44.409876|nan|-124.245831|27.636298|-62.868570|-99.707281|-2.213587|nan|-78.634031|nan|-143.438914|nan|-130.122001|-43.615075|-46.589384|-0.055134|nan|nan
1013|nan|-44.951975|nan|-74.703108|27.132316|-63.012533|-69.978046|-2.212495|nan|-61.416500|nan|-143.259020|nan|-83.143379|-43.615075|-46.295546|-0.045538|nan|nan
1014|nan|-45.989650|nan|-93.607088|26.423380|-63.618640|-85.071350|-2.236666|nan|-82.212231|nan|-144.432195|nan|-105.730594|-43.615075|-46.342009|-0.049064|nan|nan
1030|nan|-46.776439|nan|-87.213763|24.367856|-64.025015|-86.443468|-2.196841|nan|-95.804545|nan|-146.814263|nan|-104.105848|-43.615075|-46.192183|-0.048011|nan|nan
1031|nan|-47.127756|nan|nan|23.064880|-64.083165|-52.140505|-2.141714|nan|-84.664668|nan|-148.032098|nan|-90.692175|-43.615075|-46.044661|-0.044667|nan|nan
1032|nan|-46.542570|nan|-31.415296|21.359459|-63.369831|-85.528723|-2.041161|nan|-50.351626|nan|-149.550441|nan|-54.142439|-43.615075|-45.746838|-0.037270|nan|nan
1033|nan|-45.675689|nan|-15.877198|20.254268|-62.352232|-94.676180|-1.931723|nan|-51.115423|nan|-149.987559|nan|-39.839318|-43.615075|-45.335144|-0.031268|nan|nan
1034|6.705339|-44.066465|nan|20.233391|19.669350|-60.687767|-60.373216|-1.851804|nan|-12.037729|nan|-149.545037|nan|-3.509121|-43.615075|-44.839383|-0.024309|nan|nan
1035|19.004963|-42.299135|nan|nan|19.335655|-58.890080|-16.922795|-1.851804|nan|-8.149772|nan|-148.489083|nan|9.388794|-43.615075|-44.437672|-0.021931|nan|nan
1036|-1.686612|-41.072236|nan|nan|18.633738|-57.587206|-10.976949|-1.756180|nan|-29.873218|nan|-148.496993|nan|-9.198840|-43.615075|-44.268021|-0.025896|nan|nan
1037|-31.581685|-39.416974|nan|-18.847658|18.385552|-56.899471|-49.396268|-1.681276|nan|-50.586977|nan|-147.263638|nan|-37.366002|-43.615075|-44.281632|-0.031624|nan|nan
1038|-27.225854|-38.005142|nan|nan|18.969725|-56.160839|-31.558727|-1.613177|nan|-7.879520|nan|-145.204815|nan|-31.087346|-43.615075|-44.284374|-0.030745|nan|nan
1039|-11.846216|-36.854394|nan|2.420276|19.954634|-57.056807|-37.047201|-1.542788|nan|-12.426065|nan|-142.679653|nan|-13.403168|-43.615075|-44.124749|-0.027750|nan|nan
1040|14.136301|-36.216197|nan|28.483674|20.706712|-57.149377|-20.581778|-1.507432|nan|14.255509|nan|-140.429525|nan|14.657729|-43.615075|-43.840194|-0.022728|nan|nan
1041|28.323936|-34.918421|nan|nan|21.605092|-55.474650|5.945847|-1.441173|nan|25.805322|nan|-138.583225|nan|30.943704|-43.615075|-36.127944|-0.019997|nan|nan
1042|9.181557|-35.033538|nan|nan|22.449955|-53.512049|8.690085|-1.382628|nan|13.378411|nan|-137.051859|nan|13.841463|-43.615075|-17.962998|-0.023698|nan|nan
1043|1.032659|-34.878323|nan|14.053143|23.102247|-51.543478|-0.914746|-1.321053|nan|15.771076|nan|-136.137775|nan|7.787596|-43.615075|-16.591643|-0.025285|nan|nan
1044|2.972707|-34.714929|nan|nan|24.211624|-49.205004|0.000000|-1.251381|nan|19.819427|nan|-134.494480|nan|12.034029|-43.615075|-16.673512|-0.024932|nan|-143.005849
1045|14.565724|-34.197575|nan|28.500961|24.960735|-46.480407|11.434321|-1.235812|nan|22.854505|nan|-132.404119|nan|26.051958|-43.615075|0.799947|-0.022729|nan|-143.195315
1046|46.314324|-33.351724|nan|nan|25.779321|-43.060760|43.450421|-1.196957|nan|45.022324|nan|-129.768895|nan|60.956166|-43.615075|25.162551|-0.016648|nan|-143.383412
1047|54.312721|-30.944621|nan|nan|27.151831|-39.254567|51.225759|-1.132974|nan|37.320714|63.470049|-127.649288|nan|72.142883|-43.615075|26.605954|-0.015149|nan|-143.721265
1048|50.453310|-28.069180|nan|nan|27.967399|-35.479042|25.612879|-1.068154|nan|26.890073|59.929526|-125.615649|nan|71.356202|-43.615075|39.199015|-0.015941|nan|-144.072211
1049|36.072366|-25.467207|nan|47.890815|28.873788|-32.327915|-19.667033|-1.022472|nan|27.540613|46.003321|-123.956131|nan|59.883278|-43.615075|39.147893|-0.018760|nan|-144.423157
1050|21.218529|-23.805122|nan|32.835836|29.352780|-29.916800|-62.202708|-0.954782|nan|22.472741|31.685659|-122.676899|nan|47.952982|-43.615075|39.104414|-0.021665|nan|-144.774103
1051|27.400189|-22.606497|nan|39.882579|29.507828|-27.672332|-83.241859|-0.837871|nan|8.909823|38.485844|-121.265234|nan|57.728504|-43.615075|39.221265|-0.020519|nan|-145.173953
1052|22.609778|-21.361364|-4693.836931|nan|29.517445|-25.453758|-90.102451|-0.734366|22.141422|-2.520401|34.083300|-119.944286|25.742964|57.053604|-43.615075|43.881843|-0.021486|nan|-145.465471
1053|19.640793|-20.480202|-4587.187004|nan|29.566886|-23.602593|-95.590926|-0.622140|20.540584|-6.081013|31.396956|-118.081269|22.541354|59.100623|-43.615075|45.209196|-0.022102|nan|-145.634988
1054|15.739627|-19.221054|-4438.977931|nan|29.889588|-22.292754|-79.582876|-0.551157|18.023456|3.269089|27.595850|-115.453541|18.424998|60.340651|-43.615075|44.216773|-0.022893|nan|-145.779288
1055|33.768213|-17.396519|-4284.955039|nan|31.854699|-21.500074|-75.466521|-0.441619|37.541383|14.034444|45.899208|-111.555139|36.262539|84.334577|-43.615075|44.243317|-0.019457|nan|-145.972497
1056|18.396284|-16.151238|-4143.696868|nan|33.877134|-20.651660|-114.343213|-0.331193|19.750706|13.335848|30.958531|-107.406290|20.711862|74.240669|-35.973899|44.257048|-0.022450|nan|-146.264015
1057|-6.150126|-15.890502|-4024.249651|4.010586|36.110441|-21.073931|-120.289059|-0.186416|-0.786656|3.365396|6.766004|-103.879937|-3.986271|53.097878|-17.866290|44.106762|-0.027205|nan|-146.408315
1058|-7.393197|-15.626821|-3931.089719|2.627468|38.734179|-21.175869|-71.807537|-0.114524|-1.838390|9.195016|5.656535|-100.404972|-5.358390|54.073637|-16.387016|43.983993|-0.027470|nan|-146.552615
1059|-7.283241|-15.330220|-3830.797407|nan|41.153237|-21.323709|-90.102451|-0.021337|-1.358005|12.017519|5.938690|-97.460391|-5.358390|54.829857|-16.387016|43.884170|-0.027470|nan|-146.610999
1100|4.259014|-14.767690|-3742.513860|15.235209|42.850915|-21.105120|-73.179656|0.038587|6.715931|18.964503|17.653821|-93.875390|6.075931|66.776436|0.993152|39.941562|-0.025269|nan|-146.669383
1101|3.443033|-14.256521|-3661.489423|nan|45.179598|-21.188268|-56.714233|0.102809|8.520801|33.254519|17.033784|-89.685468|5.161186|66.623949|25.126757|39.080316|-0.025445|nan|-146.766693
1102|1.273117|-13.781950|-3589.410127|12.101293|47.230647|-20.116499|-20.581779|0.125289|-1.286449|28.175868|14.950602|-86.150082|2.074321|64.849341|26.391720|36.830987|-0.025884|nan|-146.959901
1103|-0.882732|-12.912643|-3496.667603|nan|48.718698|-18.674318|-7.317966|0.133103|-3.013313|10.986346|12.703744|-84.101214|-0.212543|63.324735|34.147457|34.568747|-0.026324|nan|-147.153110
1104|19.389522|-10.955025|-3426.281145|29.777043|49.765358|-16.814283|48.938895|0.191320|15.991092|13.707469|32.825738|-80.983524|19.911862|84.211397|29.271862|29.861246|-0.022449|nan|-147.354247
1105|17.708898|-8.490705|-3384.774151|26.930376|51.736854|-15.570548|59.458471|0.191320|18.882371|46.189557|30.924982|-77.988416|18.082371|81.855470|29.271862|29.831717|-0.022801|nan|-147.490485
1106|-16.450993|-6.178046|-3343.507069|-7.372543|53.435730|-15.395401|4.573728|0.196345|-12.940593|25.082239|-3.456981|-76.392433|-16.220593|46.706915|29.271862|29.648181|-0.029405|nan|-147.606971
1107|-6.245695|-3.561617|-3303.478850|3.717266|53.786749|-14.842086|-15.093304|0.205925|-4.318775|8.113082|6.566483|-75.604369|-6.158390|56.590193|29.271862|29.654220|-0.027467|nan|-147.762292
1108|-18.915245|-1.202467|-3251.329314|-10.110681|54.703622|-14.778433|-23.326016|0.221980|-14.805215|-2.145856|-6.325517|-75.629655|-18.964830|42.938163|29.271862|29.500566|-0.029932|nan|-147.898530
1109|-75.051665|-0.436808|-3202.105431|-66.111956|54.366113|-15.400023|-64.032199|-0.025521|-66.661305|-57.977715|-62.825992|-78.293913|-75.221690|-14.080955|29.271862|29.070153|-0.040762|nan|-147.976185
1110|-51.604065|1.124484|-3153.656292|-42.277657|52.907207|-15.332038|-14.635931|0.001228|-49.095675|-48.510676|-39.802757|-80.534633|-51.895675|9.232803|7.464325|7.236515|-0.036271|nan|-148.015204
1111|-60.639615|2.887433|-3108.168110|-52.197258|52.072743|-15.670312|-9.604830|-0.053833|-54.162362|-43.666465|-49.235888|-82.414292|-61.043132|-1.872119|7.464325|7.064979|-0.034457|nan|-148.004802
1112|-24.861257|5.099739|-3039.250444|-15.498441|51.962538|-15.708771|6.860593|-0.063947|-18.407665|1.066193|-13.780277|-82.371783|-25.048050|32.534485|7.464325|7.089570|-0.021544|nan|-147.978747
1113|-67.306132|5.326853|-2973.370318|-58.795917|51.934597|-16.538528|-43.907794|-0.130839|-58.622570|-18.663333|-56.521725|-83.651193|-67.103725|-12.019667|7.464325|6.805519|-0.029734|nan|-147.913715
1114|-75.458927|5.769237|-2947.691843|nan|51.638931|-17.465177|-50.311013|-0.251338|-66.535666|-18.639984|-64.987796|-85.620839|-73.976436|-21.844036|7.464325|6.591454|-0.030268|nan|-147.848683
1115|-127.538093|4.994700|-2912.198198|-119.452011|49.535080|-19.347617|-91.017197|-0.394432|-113.955401|-83.112143|-117.491443|-89.830731|-126.116941|-76.629162|-18.916941|-20.254373|-0.045891|nan|-147.732389
1116|-111.022808|4.276099|-2891.223890|-101.889984|46.602608|-20.867386|-42.993047|-0.505771|-98.689978|-90.852953|-101.425963|-93.957214|-109.651518|-62.391694|-19.118185|-20.648796|-0.042724|nan|-147.602958
1117|-40.077060|4.270238|-3029.725865|-31.373125|44.786678|-21.016819|35.675082|-0.523140|-33.078342|-13.347580|-30.857472|-95.551728|-38.758727|5.760885|-19.118185|-20.320029|-0.029074|nan|-147.545485
1118|-4.799770|4.641003|-3121.029984|nan|43.781094|-20.232270|66.776436|-0.548908|0.539368|11.795888|4.108789|-95.895752|-3.541017|38.435602|-19.118185|-20.049018|-0.022294|nan|-146.361393
1119|18.142087|4.764267|-3116.946291|nan|43.087017|-18.512407|75.009147|-0.556417|19.567625|20.551984|26.824162|-95.640319|19.327625|59.842663|-19.118185|-19.672479|-0.017890|nan|-144.747183
1120|19.145354|4.611073|-3033.555994|nan|42.568829|-16.341548|60.830589|-0.576935|18.722371|35.034038|27.610350|-95.691858|19.522371|59.165752|-19.118185|-19.371817|-0.017714|nan|-143.024353
1121|19.707848|4.895193|-2983.151622|nan|42.123575|-13.733194|67.233809|-0.613474|17.419744|21.024744|27.897708|-96.638956|18.139744|58.049762|-19.118185|-19.133979|-0.017626|nan|-141.436306
1122|63.284854|6.754248|-2919.410019|71.922530|41.738212|-10.279309|105.653129|-0.529991|56.869010|55.400165|71.316698|-96.562130|61.590165|102.115206|-19.118185|-18.640333|-0.009260|nan|-140.135336
1123|94.073193|9.128066|-2903.083338|nan|42.702180|-6.314884|133.095500|-0.415030|87.592991|68.770276|101.925628|-95.483996|92.234146|134.863977|-19.118185|-18.260419|-0.003359|nan|-139.088445
1124|79.588746|10.897754|-2860.305578|86.801497|43.549376|-3.018436|114.343212|-0.319449|76.877444|57.894489|87.227855|-94.394149|77.598214|122.514910|-19.118185|-18.127678|-0.006177|nan|-138.004609
1125|87.989451|12.349542|-2721.992053|96.171549|44.703090|0.679236|140.413465|-0.167478|78.950156|56.293704|95.390743|-92.636774|83.990926|133.159486|-19.118185|-17.881875|-0.004592|nan|-137.018585
1126|84.972917|13.328449|-2541.014805|92.964195|46.079969|4.684791|121.661178|-0.014478|73.428546|62.016509|92.065731|-91.115253|78.709316|132.119740|-19.118185|-17.704517|-0.005208|nan|-136.082413
1127|27.075001|13.464650|-2355.195892|34.004693|46.674985|7.276866|38.876693|-0.011198|21.182964|23.624392|33.806466|-91.085927|20.622964|76.195253|-19.118185|-17.890411|-0.016390|nan|-135.185633
1128|26.347451|13.786241|-2199.892400|33.985157|46.981809|9.078789|36.589828|0.050052|22.027833|19.664276|32.730721|-90.962080|19.708218|77.567371|-19.118185|-17.896291|-0.016566|nan|-134.079465
1129|15.559402|13.788760|-2064.901128|nan|47.458241|10.939478|25.612880|0.037940|8.811655|18.477936|21.604251|-91.013727|8.731270|68.752287|-19.118185|-18.069189|-0.018680|nan|-133.180902
1330|169.893804|17.021253|-1879.620088|175.993922|51.448738|15.499476|191.181851|0.236073|156.864380|162.143501|175.630297|-87.239034|162.865920|229.027899|-19.118185|-17.601264|0.010993|nan|-132.665636
1331|96.915987|17.832286|-1681.400253|103.167539|54.177013|18.401458|117.087450|0.290252|87.765109|92.749597|102.283973|-85.136011|89.686264|161.655873|-19.118185|3.331363|-0.003095|nan|-132.193851
1332|71.045487|17.971889|-1529.332724|77.921048|56.005246|20.215801|88.730333|0.363868|64.015242|72.101926|76.080211|-83.064280|63.616012|141.559916|-19.118185|38.561765|-0.008113|nan|-131.714076
1333|67.580653|18.117806|-1420.785589|73.006699|57.767983|21.699466|82.784486|0.409368|62.835874|76.922173|72.369545|-81.040203|59.957029|143.708562|-19.118185|44.755081|-0.008817|nan|-131.106189
1334|72.915535|18.659881|-1295.473330|nan|59.676137|22.656324|107.939992|0.392017|70.346203|73.773302|77.308527|-78.914681|64.988130|154.713959|-19.118185|45.644591|-0.007848|nan|-130.575169
1335|67.730483|19.423995|-1285.740483|nan|61.824134|23.309268|100.622027|0.424800|65.658501|63.861137|71.741471|-77.290975|59.499656|155.283114|-19.118185|46.064082|-0.008904|nan|-130.084883
1336|73.074204|20.216922|-1255.340098|nan|63.902552|24.438553|71.350164|0.453917|67.488831|68.467808|76.764906|-75.514695|66.530757|166.121843|-19.118185|59.992422|-0.007935|nan|-129.718241
1337|68.370394|20.984261|-1240.419302|73.824018|65.902794|25.964847|76.381266|0.505233|61.098116|50.137990|71.768466|-73.823667|61.659656|167.065039|-19.118185|60.056647|-0.008903|nan|-129.777108
1338|28.916346|20.959628|-1050.413246|33.062457|67.321870|26.630559|23.783388|0.499237|26.026677|26.607947|32.041320|-73.212154|21.868218|132.914563|-19.118185|59.779374|-0.016559|nan|-129.861859
1339|23.310677|20.972412|-958.231912|28.075486|68.478710|27.004479|-38.419319|0.764550|20.960444|4.300705|26.267922|-73.329848|17.922371|133.182858|-19.118185|59.700188|-0.017702|nan|-129.946611
1340|-39.483123|19.174987|-816.194117|-35.896110|67.899527|25.729165|-78.210757|0.749702|-33.836625|-34.007186|-36.732896|-75.191301|-45.035082|73.905324|-19.118185|31.764641|-0.029845|nan|-130.082625
1341|-44.662895|17.714001|-651.083424|-40.511031|66.706302|24.214900|-92.846689|0.803115|-43.085099|-53.615409|-42.071913|-76.222501|-48.203557|71.640055|-19.118185|17.666603|-0.030900|nan|-130.218640
1342|-3.197814|17.621742|-478.095927|0.329097|66.972924|23.836117|-16.008050|0.809725|-5.681155|-11.276152|-0.764786|-76.319670|-4.560000|116.546652|-19.118185|17.752663|-0.022979|nan|-130.278506
1343|26.832800|18.149022|-345.044059|nan|67.776927|24.086444|-28.814490|0.875834|22.688080|24.495902|29.195740|-75.220674|25.249235|148.984586|-19.118185|17.812983|-0.017259|nan|-130.320176
1344|23.471890|18.593068|-235.403404|nan|69.309944|24.242210|-40.706184|0.983990|19.589482|24.281746|25.903238|-72.634964|21.590252|147.267929|-19.118185|17.852485|-0.017962|nan|-130.305945
1345|42.055537|19.226261|-121.721880|45.008205|71.769894|24.564197|-74.551775|1.157389|38.284011|50.775352|44.689270|-70.203479|39.885166|167.718578|-19.118185|18.029105|-0.014442|nan|-129.506077
1346|37.758917|19.739676|-65.860699|nan|73.641905|24.270847|-62.660080|1.271258|36.110283|42.842720|40.641078|-67.640175|35.311438|164.956046|1.774606|18.156888|-0.015322|nan|-129.026022
1347|13.321023|19.766230|6.487890|14.445183|74.874672|23.370313|-16.465423|1.313135|13.893304|27.242662|16.343611|-66.810819|11.173304|138.928512|17.169776|18.091166|-0.020072|nan|-128.377750
1348|-8.848443|19.385963|20.464458|nan|75.249596|22.165967|-3.658983|1.368932|-8.277966|0.157676|-5.700508|-65.397699|-9.397966|114.087083|17.169776|18.028929|-0.024384|nan|-128.194034
1349|-8.613794|18.601010|14.977917|nan|75.860050|21.206969|19.209659|1.306316|-9.718351|12.590367|-5.375917|-63.766824|-9.397966|111.781924|17.169776|17.970151|-0.024383|nan|-127.746058
1350|-7.925072|17.830123|30.462530|nan|77.962739|20.508794|20.581778|1.306316|-8.620593|-5.173896|-4.531432|-60.640113|-8.940593|110.059138|17.169776|17.914769|-0.024295|nan|-126.327434
1351|-7.245685|17.786954|79.931733|-5.748876|80.089303|19.720959|21.496524|1.306316|-5.603220|10.756966|-3.656153|-57.989874|-8.483220|108.211352|17.169776|17.862696|-0.024207|nan|-124.481929
1352|-8.864783|17.525747|126.463398|nan|81.592250|18.988405|63.117454|1.218534|-6.873481|11.629193|-5.198301|-57.430515|-10.312711|103.951701|17.169776|17.813823|-0.024558|nan|-122.627847
1353|-10.491220|17.465805|193.103289|nan|82.050112|18.280707|91.931943|1.088594|-8.302588|-9.295536|-6.809283|-57.946229|-11.822203|100.067050|17.169776|17.768028|-0.024910|nan|-121.088843
1354|-1.601547|18.762018|254.366598|nan|82.591640|17.788459|85.986095|0.995961|0.867111|4.573057|2.033201|-58.864848|-0.892119|106.451975|17.169776|17.725180|-0.023237|nan|-119.774652
1355|-19.700008|19.233670|288.401866|-20.591401|82.952232|16.641540|75.923893|0.841510|-15.025880|-13.088525|-16.198576|-60.226411|-18.787033|81.770215|17.169776|17.531293|-0.026757|nan|-117.819963
1356|-28.657023|19.706596|321.476405|nan|82.802294|15.614339|63.574826|0.680384|-23.774105|3.935510|-25.301707|-61.864602|-27.934490|66.031320|17.169776|38.057978|-0.028517|nan|-115.773153
1357|-5.133305|19.946975|388.140443|-4.922898|81.795478|15.453769|28.814490|0.680384|-4.208474|3.237168|-1.913600|-64.073143|-4.608474|83.240615|17.169776|34.747113|-0.024030|nan|-114.214680
1358|-15.451786|20.780858|485.437585|-16.551662|79.830926|15.085793|17.380168|0.618513|-12.567665|-8.324717|-12.421826|-67.456592|-15.128050|65.004317|17.169776|34.613744|-0.026053|nan|-113.103415
1359|-35.832574|21.392160|612.720965|-37.135839|77.907706|14.330857|-14.178558|0.590900|-31.149059|-22.764828|-32.991070|-70.977041|-35.389828|37.305817|17.169776|34.354518|-0.030012|nan|-111.786409
1400|-44.328110|22.901383|739.825782|-44.723374|75.280121|13.315387|131.266008|0.389887|-40.079527|-33.491399|-41.782526|-74.946017|-43.359912|21.699012|14.720088|14.516312|-0.028558|nan|-111.632756
1401|-18.980711|24.608062|867.346546|nan|73.454853|12.741511|83.241859|0.319446|-15.163636|-12.750386|-16.731348|-78.094920|-18.204405|39.537797|14.720088|14.482194|-0.012536|nan|-111.281314
1402|5.440015|25.405529|982.307280|4.673975|72.668337|12.670284|81.412368|0.240088|7.076740|11.115376|7.458781|-78.896441|6.036356|57.281376|14.720088|14.612208|-0.007873|nan|-111.090963
1403|-5.370933|25.145886|1092.283919|-7.420341|72.521048|12.393853|66.776436|0.200666|-2.140593|15.600518|-3.604823|-79.994488|-4.940593|39.007244|14.720088|14.561188|-0.009984|nan|-109.124868
1404|-26.720441|23.983259|1217.661191|nan|71.707352|11.429188|50.311013|0.157239|-22.036732|-21.677293|-25.179213|-81.388648|-26.437117|11.013538|14.720088|14.523218|-0.014119|nan|-108.146819
1405|-38.472770|22.539744|1348.330308|nan|66.528976|10.301478|32.930845|0.116482|-36.089581|-27.043986|-37.233512|-87.542816|-38.328811|-5.048153|14.720088|14.495891|-0.016406|nan|-106.673670
1406|-27.814405|21.319836|1412.940691|-29.148260|63.260842|9.924742|48.481522|0.080802|-27.649620|-65.370902|-26.893108|-91.300714|-29.489235|3.089352|14.720088|14.477200|-0.014382|nan|-104.966752
1407|-37.747861|19.010953|1475.109272|-40.377416|61.023544|9.161402|33.388218|-0.016785|-33.870669|-38.491438|-37.175873|-94.602205|-39.551438|-10.354922|14.720088|14.311629|-0.016318|nan|-103.174706
1408|-1.940422|16.831217|1520.903687|-3.815264|58.752651|9.328709|29.271862|-0.021185|-4.676356|-9.858023|-1.630131|-96.724757|-4.436356|22.338089|14.720088|14.494834|-0.009456|nan|-101.789212
1409|-0.423153|14.895504|1575.513566|-3.349035|56.947109|10.391957|24.698134|-0.030912|-5.623852|-7.026929|-0.373956|-98.977057|-7.304237|20.546432|14.720088|14.486748|-0.009192|nan|-100.642569
1410|-19.949337|12.424490|1614.367457|nan|54.734937|10.740329|-58.086352|-0.050953|-21.370501|-20.459649|-20.092871|-101.621693|-26.971270|-2.084377|14.720088|14.483194|-0.012976|nan|-99.412060
1411|16.332776|10.823226|1624.396262|14.323660|53.076694|11.899101|-27.442371|-0.075838|10.681570|15.489475|15.963211|-103.390079|9.161186|31.619741|14.720088|14.637068|-0.006026|nan|-98.794420
1412|6.421850|10.169700|1571.311527|3.042005|51.565924|12.231011|3.658983|-0.074547|4.539368|12.462344|5.753657|-105.292286|-0.901017|20.081778|14.720088|14.604390|-0.007961|nan|-98.018290
1413|-14.912407|9.147051|1491.791415|nan|50.090238|12.915357|11.891694|-0.095031|-21.037156|-21.064678|-15.897762|-106.674981|-22.397541|-2.390505|14.720088|14.580235|-0.012097|nan|-97.907520
1414|8.588992|8.837907|1446.511025|6.156796|48.969286|14.181633|31.558726|-0.118867|0.048474|5.613474|7.210512|-107.242567|0.848474|19.959751|14.720088|14.716870|-0.007610|nan|-97.898796
1415|53.157284|6.218925|1422.884830|50.413724|50.033926|17.100981|94.218807|-0.014354|38.173256|35.836974|51.470524|-104.767173|41.053641|64.744457|14.720088|20.008576|0.000925|nan|-97.752189
1416|84.937885|5.801878|1433.353093|nan|52.772680|20.251949|121.203805|0.184632|71.571982|90.004034|82.923333|-101.258277|72.612367|97.918404|14.720088|20.209079|0.006995|nan|-97.266583
1417|27.525524|4.691570|1427.994790|23.273169|53.555558|21.188577|38.876692|0.184632|21.703388|21.991721|25.160470|-100.550597|14.983388|41.437980|14.720088|20.206421|-0.004090|nan|-96.776460
1418|-5.657184|2.968614|1372.769925|-10.222927|52.742872|20.922527|-16.922796|0.169918|-9.524445|-4.972477|-8.460237|-101.644274|-18.404830|9.364983|14.720088|20.045111|-0.010513|nan|-96.074337
1419|17.857946|1.682638|1341.414636|nan|52.030458|20.725587|6.403220|0.186573|13.881186|4.662211|14.613577|-101.956910|4.921186|34.339554|14.720088|20.069485|-0.006026|nan|-95.413057
1420|6.591551|0.226996|1320.466902|1.663873|51.317211|20.263871|-4.573729|0.186573|4.206864|-1.075619|2.802281|-103.144200|-6.513136|24.403402|14.720088|30.450485|-0.008225|nan|-95.096715
1421|17.259887|-1.037000|1284.796832|nan|50.558500|20.031495|6.403220|0.189242|12.646055|-1.065693|12.940671|-103.876336|4.006440|37.909075|14.720088|30.711677|-0.006202|nan|-94.751517
1422|6.398483|-2.467104|1272.394286|1.204037|50.309165|18.833085|-6.403220|0.195258|7.669876|-13.039557|1.666742|-104.200920|-6.970509|30.076838|14.720088|30.589153|-0.008313|-11645.193847|-94.037562
1423|28.441047|-2.592444|1295.683418|24.380380|50.842426|17.551440|13.721185|0.226161|27.463003|15.374414|23.396279|-103.244075|14.983388|55.342115|14.720088|30.646108|-0.004090|-11645.415385|-93.026163
1424|4.728358|-3.105631|1319.277624|-0.600463|51.174116|16.058332|-1.372119|0.226962|3.759615|-0.550000|-0.573700|-102.991604|-8.800000|34.870106|14.720088|30.534882|-0.008665|-11645.636923|-91.735355
1425|3.397983|-2.343343|1271.857640|nan|51.453714|14.412147|-21.039152|0.241221|4.387881|0.198057|-2.086780|-102.807831|-8.332119|36.976034|14.720088|30.447458|-0.008929|-11645.833846|-90.470016
1426|2.952982|-1.428364|1192.498472|nan|51.706536|12.818024|-30.643981|0.270830|4.090509|5.845509|-2.661763|-102.644446|-2.949491|37.358215|14.720088|30.379659|-0.009017|-11646.006154|-89.174127
1427|3.412024|-1.329224|1154.590006|nan|52.023695|12.205279|-6.860593|0.257589|0.708266|-0.180452|-2.280768|-102.423471|-2.492119|38.602268|14.720088|30.327992|-0.008929|-11646.153846|-88.503313
1428|3.404010|-1.892219|1120.707015|nan|52.392033|11.612768|-17.380169|0.279878|3.107881|-0.405452|-2.305998|-102.153714|-0.652119|39.222282|14.720088|30.289536|-0.008929|-11646.227692|-88.541039
1429|13.452613|-2.163678|1091.977665|9.276119|52.315752|11.429733|-27.899744|0.332881|9.569699|3.632731|7.786039|-101.862760|9.410084|50.404501|14.720088|56.989062|-0.006993|-11646.252307|-88.552259
1430|11.582247|-2.879926|1056.564156|nan|52.342694|8.640027|-38.419319|0.361442|15.820208|-4.068251|6.040901|-101.089028|7.580593|49.395024|19.751189|56.887222|-0.007345|-6239.050549|-88.587047
1431|-22.779923|-4.246211|1048.443536|-27.736549|53.327172|6.382694|-47.566776|0.298402|-18.481986|-16.166055|-28.206443|-101.026276|-26.002371|15.678741|19.751189|56.656855|-0.013943|-6239.010989|-89.042547
1432|-45.263807|-5.539999|1018.842605|nan|53.302391|4.202399|-45.737285|0.319130|-40.893641|-43.715483|-50.689267|-102.260069|-48.413641|-6.112514|19.751189|33.098433|-0.019202|1663.718681|-89.723524
1433|-54.492835|-6.544369|968.627788|-58.413065|52.743905|1.944973|-65.861691|0.231153|-50.040329|-57.409432|-59.884766|-103.481090|-57.561098|-14.910355|19.751189|23.816833|-0.022738|4159.235165|-90.467681
1434|-63.272595|-7.739144|934.654234|-68.277663|52.428627|-0.582934|-96.048299|0.104628|-56.650412|-48.127456|-68.638323|-104.342986|-66.251182|-23.917490|19.751189|23.564312|-0.026105|10397.846154|-91.531999
1435|-50.559989|-8.635885|928.185415|nan|52.821658|-2.729371|-95.133553|-0.015113|-46.164357|-41.580898|-55.789601|-104.602657|-53.444742|-10.594768|24.332235|23.530010|-0.023642|10397.582418|-92.485763
1436|-47.922871|-9.525611|923.085722|nan|52.573455|-4.905550|-81.869740|-0.081635|-41.579736|-44.024819|-53.007451|-105.489898|-50.700505|-8.051775|24.332235|23.512712|-0.023115|12476.729671|-92.988873
1437|-45.761496|-10.325008|929.134599|-50.440244|52.758088|-7.007241|-89.645079|-0.126689|-37.372871|-29.873249|-50.713515|-107.020943|-47.773641|-6.299488|24.332235|23.355054|-0.022675|14555.661537|-93.594030
1438|-66.472685|-11.511678|920.863025|nan|51.686698|-8.772005|-74.551775|-0.245491|-62.114649|-61.209439|-71.333400|-108.835237|-68.355419|-26.868224|15.278867|14.190108|-0.027240|14555.107692|-94.285580
1439|-74.384156|-13.069435|875.970088|nan|51.004921|-10.552787|-80.954994|-0.336868|-68.049603|-56.620070|-79.141341|-110.228072|-74.770757|-34.917986|7.503529|6.340506|-0.030252|14554.492308|-94.407137
1440|-58.038728|-13.908217|808.996726|nan|51.130916|-10.994857|-84.156605|-0.387795|-57.663797|-32.204649|-62.705903|-110.788709|-62.465335|-21.687262|7.503529|6.296264|-0.027086|14553.815385|-94.561905
1441|-73.707494|-14.884824|734.379243|nan|50.924577|-11.648738|-63.574826|-0.449816|-69.294090|-45.350837|-78.313488|-112.062726|-78.016012|-43.060008|7.503529|6.122150|-0.030081|14553.076924|-94.742610
1442|-57.825335|-15.952700|628.823628|-60.525907|50.307690|-12.647823|-57.628979|-0.509686|-51.126808|-37.901120|-62.291760|-112.639058|-62.007962|-32.102598|7.503529|6.156349|-0.027002|14552.307692|-95.210942
1443|-87.697042|-17.516270|539.230026|-91.563902|49.556317|-14.741048|-108.854738|-0.636368|-77.095658|-57.730432|-92.146363|-115.083076|-91.737197|-67.115806|7.503529|5.891311|-0.035267|14551.415385|-95.545702
1444|-93.342991|-18.720931|489.937606|nan|48.038412|-16.838365|-91.017197|-0.716880|-82.903748|-85.211063|-97.801635|-117.715072|-97.225671|-77.854921|3.494329|1.694179|-0.037409|14550.430770|-95.859763
1445|-77.048618|-19.330006|432.203457|-79.494925|47.068008|-18.888894|-30.186608|-0.947003|-66.599095|-56.897602|-81.610873|-119.313798|-80.760249|-66.473473|3.293084|1.521296|-0.034242|14549.415384|-95.843499
1446|-82.720422|-20.654240|366.000120|-86.064067|45.555088|-21.000710|-4.116356|-1.253642|-70.486800|-62.319409|-87.457013|-122.091534|-86.248723|-77.260206|0.185563|-1.696950|-0.035301|14548.369231|-95.827234
1447|-99.373937|-22.805446|352.543291|-101.456587|43.567936|-22.957788|-78.210758|-1.320338|-89.512607|-82.149539|-104.207994|-125.055423|-102.714146|-99.433643|-16.279860|-18.226579|-0.039589|14547.292306|-95.986144
1448|-81.271424|-24.352388|331.697766|-83.156667|42.712892|-24.221769|-93.304062|-1.392046|-71.537309|-63.294469|-86.135761|-126.902086|-84.419232|-86.799123|-16.279860|-18.253689|-0.036071|14546.215384|-96.940526
1449|-75.525051|-25.291129|303.808625|nan|42.010156|-25.374607|-64.032199|-1.423414|-66.151846|-47.658514|-80.438834|-129.219217|-78.473385|-86.727955|-16.279860|-18.251506|-0.034928|14545.076924|-98.073149
1450|-58.808128|-25.596657|254.556376|nan|40.672183|-26.243331|-58.543725|-1.434153|-49.709050|-43.288923|-63.749317|-132.318540|-59.630589|-75.328211|-16.279860|-18.226467|-0.031672|14543.938461|-99.018090
1451|-42.548019|-25.787090|219.244910|nan|38.039594|-26.783210|-31.558726|-1.476610|-35.724012|-51.088243|-47.509904|-135.850806|-41.725166|-61.422063|-16.279860|-18.030027|-0.028504|14542.830770|-99.794977
1452|-26.744777|-25.490032|186.914944|nan|37.023027|-27.031109|-26.527626|-1.498721|-20.355963|-27.163527|-31.697349|-137.279206|-26.117117|-47.499635|-16.279860|-17.855883|-0.025422|14541.753845|-100.902836
1453|-33.355522|-26.033085|229.100926|-35.304563|36.770823|-27.415473|-10.976949|-1.548197|-25.398798|-33.117339|-38.309876|-137.919832|-32.840337|-56.155142|-16.279860|-17.855059|-0.026657|14540.676923|-102.422330
1454|-50.030926|-26.987491|247.318237|nan|35.861079|-28.214106|-51.225759|-1.586563|-42.583836|-45.429330|-54.991102|-139.661297|-49.625759|-74.706184|-16.279860|-17.835775|-0.029831|14539.630770|-103.931376
1455|-54.813687|-27.602051|170.771163|-56.325667|35.148486|-28.834815|-57.171607|-1.573828|-47.637180|-35.567345|-59.783470|-141.236204|-56.439488|-81.698866|-16.279860|-17.956146|-0.030715|14538.584614|-105.571464
1456|-38.553261|-28.583867|75.938958|nan|34.605826|-28.960586|-41.163556|-1.554483|-33.732910|-28.900732|-43.539637|-142.660901|-40.214065|-67.319063|-16.279860|-17.876479|-0.027545|15368.352527|-107.023837
1457|-34.647775|-29.340830|-37.225635|nan|33.915921|-29.406127|-36.589828|-1.586758|-28.176554|-43.507452|-39.619774|-143.678534|-36.097709|-64.888328|-16.279860|-17.795360|-0.026753|39457.112090|-107.815944
1458|-20.221679|-29.298406|-133.030781|nan|33.496518|-29.432854|-21.953897|-1.550665|-16.020623|-24.701284|-25.198979|-144.914402|-21.861778|-51.223271|-16.279860|-17.714065|-0.023935|39455.107689|-108.448314
1459|15.257203|-28.958129|-211.489983|15.647336|33.138767|-28.414164|23.783388|-1.613713|13.013304|-16.118234|10.307536|-144.464186|11.573304|-15.092060|-16.279860|-17.325904|-0.017062|39453.437361|-108.574168
