859|nan|nan|nan|nan|nan|nan|nan|nan|nan|nan|nan|nan|nan|nan|nan|nan|nan|nan|nan
900|nan|nan|nan|nan|nan|nan|nan|nan|nan|nan|nan|nan|nan|nan|nan|nan|nan|nan|nan
901|nan|nan|nan|nan|nan|nan|nan|nan|nan|nan|nan|nan|nan|nan|nan|nan|nan|nan|nan
902|nan|nan|nan|nan|nan|nan|nan|nan|nan|nan|nan|nan|nan|nan|nan|nan|nan|nan|nan
903|nan|nan|nan|nan|nan|nan|nan|nan|nan|nan|nan|nan|nan|nan|nan|nan|nan|nan|nan
904|nan|nan|nan|nan|nan|nan|nan|nan|nan|nan|nan|nan|nan|nan|nan|nan|nan|nan|nan
905|nan|nan|nan|nan|nan|nan|nan|nan|nan|nan|nan|nan|nan|nan|nan|nan|nan|nan|nan
906|nan|nan|nan|nan|nan|nan|nan|nan|nan|nan|nan|nan|nan|nan|nan|nan|nan|nan|nan
907|nan|nan|nan|nan|nan|nan|nan|nan|nan|nan|nan|nan|nan|nan|nan|nan|nan|nan|nan
908|nan|nan|nan|nan|nan|nan|nan|nan|nan|nan|nan|nan|nan|nan|nan|nan|nan|nan|nan
909|nan|nan|nan|nan|nan|nan|nan|nan|nan|nan|nan|nan|nan|nan|nan|nan|nan|nan|nan
910|nan|nan|nan|nan|nan|nan|nan|nan|nan|nan|nan|nan|nan|nan|nan|nan|nan|nan|nan
911|nan|nan|nan|nan|nan|nan|nan|nan|nan|nan|nan|nan|nan|nan|nan|nan|nan|nan|nan
912|nan|nan|nan|nan|nan|nan|nan|nan|nan|nan|nan|nan|nan|nan|nan|nan|nan|nan|nan
913|nan|nan|nan|nan|nan|nan|nan|nan|nan|nan|nan|nan|nan|nan|nan|nan|nan|nan|nan
914|nan|nan|nan|nan|nan|nan|nan|nan|nan|nan|nan|nan|nan|nan|nan|nan|nan|nan|nan
915|nan|nan|nan|nan|nan|nan|nan|nan|nan|nan|nan|nan|nan|nan|nan|nan|nan|nan|nan
916|nan|nan|nan|nan|nan|nan|nan|nan|nan|nan|nan|nan|nan|nan|nan|nan|nan|nan|nan
917|nan|nan|nan|nan|nan|nan|nan|nan|nan|nan|nan|nan|nan|nan|nan|nan|nan|nan|nan
918|nan|nan|nan|nan|nan|nan|nan|nan|nan|nan|nan|nan|nan|nan|nan|nan|nan|nan|nan
919|nan|nan|nan|nan|nan|nan|nan|nan|nan|nan|nan|nan|nan|nan|nan|nan|nan|nan|nan
920|nan|nan|nan|nan|nan|nan|nan|nan|nan|nan|nan|nan|nan|nan|nan|nan|nan|nan|nan
921|nan|nan|nan|nan|nan|nan|nan|nan|nan|nan|nan|nan|nan|nan|nan|nan|nan|nan|nan
922|nan|nan|nan|nan|nan|nan|nan|nan|nan|nan|nan|nan|nan|nan|nan|nan|nan|nan|nan
923|nan|nan|nan|nan|nan|nan|nan|nan|nan|nan|nan|nan|nan|nan|nan|nan|nan|nan|nan
924|nan|nan|nan|nan|nan|nan|nan|nan|nan|nan|nan|nan|nan|22.529274|nan|37.973352|nan|nan|nan
925|nan|nan|nan|nan|nan|nan|nan|nan|nan|nan|nan|nan|nan|29.433939|nan|36.886070|nan|nan|nan
926|nan|nan|nan|nan|nan|nan|nan|nan|nan|nan|nan|nan|nan|15.624608|nan|33.980676|nan|nan|nan
927|nan|nan|nan|nan|nan|nan|nan|nan|nan|nan|nan|nan|nan|11.303369|nan|25.258564|nan|nan|nan
928|nan|nan|nan|nan|nan|nan|nan|nan|nan|nan|nan|nan|nan|10.719061|21.579081|23.932418|nan|nan|nan
929|nan|nan|nan|nan|nan|nan|nan|nan|nan|nan|nan|nan|nan|8.742463|21.579081|23.765170|nan|nan|nan
930|nan|nan|nan|nan|nan|nan|nan|nan|nan|nan|nan|nan|nan|20.812440|21.579081|23.916360|nan|nan|nan
931|nan|nan|nan|nan|nan|nan|nan|nan|nan|nan|nan|nan|nan|7.001288|21.579081|23.391404|nan|nan|nan
932|nan|nan|nan|nan|nan|nan|nan|nan|nan|nan|nan|nan|nan|0.111268|21.579081|22.959932|nan|nan|nan
933|nan|nan|nan|nan|41.763380|nan|nan|nan|nan|nan|nan|nan|nan|0.043407|21.579081|22.606583|nan|nan|nan
934|nan|nan|nan|nan|42.577718|nan|nan|nan|nan|nan|nan|nan|nan|-27.550496|21.579081|21.549203|nan|nan|nan
935|nan|nan|nan|nan|39.663136|nan|nan|nan|nan|-19.259570|nan|nan|nan|-64.515392|4.718232|3.401287|nan|nan|nan
936|nan|nan|nan|nan|37.466681|nan|nan|nan|nan|-17.782486|nan|nan|nan|-46.441292|4.718232|2.873128|nan|nan|nan
937|nan|nan|nan|nan|36.293046|nan|nan|nan|nan|-8.584973|nan|nan|nan|-47.385961|4.718232|2.174744|nan|nan|nan
938|nan|nan|nan|nan|34.930151|nan|nan|nan|nan|2.391041|nan|nan|nan|-53.121705|4.718232|1.659362|nan|nan|nan
939|nan|nan|nan|nan|33.183813|nan|nan|nan|nan|-14.862587|nan|nan|nan|-63.537541|4.718232|1.139168|nan|nan|nan
940|nan|nan|nan|nan|32.120517|nan|nan|nan|nan|-11.497071|nan|nan|nan|-61.421756|4.718232|0.621372|nan|nan|nan
941|nan|nan|nan|nan|31.660669|nan|nan|nan|nan|-26.650284|nan|nan|nan|-48.803340|4.718232|0.419270|nan|nan|nan
942|nan|nan|nan|nan|31.422528|nan|nan|nan|nan|-8.813682|nan|nan|nan|-41.504483|4.718232|0.466136|nan|nan|nan
943|nan|-42.343589|nan|nan|31.370854|nan|nan|nan|nan|-19.936373|nan|nan|nan|-29.732087|4.718232|0.860755|-0.016949|nan|nan
944|nan|-39.626153|nan|nan|31.709621|nan|nan|nan|nan|-26.468833|nan|nan|nan|-33.159885|4.718232|0.906936|-0.017155|nan|nan
945|nan|-38.640222|nan|nan|32.067838|nan|nan|nan|nan|-35.183149|nan|nan|nan|-54.239931|4.718232|0.372726|-0.019937|nan|nan
946|nan|-37.670718|nan|nan|32.063304|nan|nan|nan|nan|-30.461496|nan|nan|nan|-51.112466|4.718232|0.314591|-0.019285|nan|nan
947|nan|-36.123166|nan|nan|32.244436|nan|nan|nan|nan|-24.906382|nan|nan|nan|-40.906905|4.718232|0.475145|-0.017555|nan|nan
948|nan|-35.685212|nan|-56.716176|32.475538|nan|nan|nan|nan|-38.353867|nan|nan|nan|-59.859875|4.718232|0.035377|-0.020026|nan|nan
949|nan|-35.013476|nan|-49.513724|32.297912|nan|nan|nan|nan|-41.656504|nan|nan|nan|-55.393480|4.718232|0.055000|-0.019077|nan|nan
950|nan|-33.503704|nan|nan|32.536361|nan|nan|nan|nan|-31.442680|nan|nan|nan|-40.468270|4.718232|0.773999|-0.016580|nan|nan
951|nan|-31.392346|nan|-14.283789|32.787803|nan|nan|nan|nan|-12.803019|nan|nan|nan|-23.274670|4.718232|1.463308|-0.013847|nan|nan
952|nan|-29.110564|nan|-7.760094|33.472367|nan|nan|nan|nan|-16.102715|nan|nan|nan|-16.491722|4.718232|1.892230|-0.012708|nan|nan
953|nan|-26.561079|nan|6.246360|34.147317|nan|24.929602|nan|nan|-0.033022|nan|nan|nan|-4.292492|4.718232|2.574236|-0.010834|nan|nan
954|nan|-24.468579|nan|1.971819|34.866697|nan|5.915498|nan|nan|-5.676899|nan|nan|nan|-7.893747|4.718232|11.232132|-0.011273|nan|nan
955|nan|-22.646017|nan|-0.247078|35.658867|nan|10.563390|nan|nan|-21.057941|nan|nan|nan|-10.700010|4.718232|20.712356|-0.011603|nan|nan
956|nan|-20.530876|nan|13.753402|36.446009|nan|9.507051|nan|nan|-0.765963|nan|nan|nan|1.681164|4.718232|25.200455|-0.009727|nan|nan
957|nan|-18.068245|nan|30.756607|37.123605|nan|22.077486|nan|nan|5.611021|nan|nan|nan|19.498611|4.718232|26.962439|-0.007211|nan|nan
958|nan|-15.930815|nan|28.063317|37.788726|nan|19.753540|nan|nan|0.928796|nan|nan|nan|18.807531|4.718232|27.367631|-0.007414|nan|nan
959|nan|-13.782053|nan|37.238335|38.349954|-22.243131|25.563405|0.624626|nan|9.063299|nan|nan|nan|27.767308|4.718232|27.997075|-0.006273|nan|nan
1000|nan|-11.414694|nan|52.821055|38.810412|-19.903541|53.662024|0.566662|nan|9.897352|nan|nan|nan|46.400515|4.718232|28.948071|-0.003912|nan|nan
1001|nan|-9.280897|nan|52.498459|39.700712|-17.785334|41.302857|0.629912|nan|7.589170|nan|-117.490167|nan|49.154977|4.718232|29.523581|-0.003817|nan|nan
1002|nan|-7.388003|nan|nan|40.780700|-15.875771|32.218341|0.602003|nan|13.988619|nan|-115.752915|nan|49.004625|4.718232|29.952848|-0.004130|nan|nan
1003|nan|-6.162401|nan|33.156178|41.955970|-14.698285|15.845086|0.520726|nan|2.686706|nan|-114.473516|nan|33.326088|4.718232|29.801270|-0.006739|nan|nan
1004|nan|-5.434803|nan|17.809418|42.800011|-14.003781|-25.985941|0.440472|nan|-10.691448|nan|-113.619704|nan|20.413399|4.718232|40.851370|-0.008957|nan|nan
1005|nan|-5.030459|nan|8.448028|43.280849|-13.618729|-71.197252|0.375511|nan|-23.049498|nan|-113.358596|nan|13.556527|5.212871|42.265746|-0.010347|nan|nan
1006|nan|-4.753491|nan|nan|42.706194|-13.326480|-55.774702|0.327134|nan|-27.956959|nan|-112.844002|nan|12.862688|5.212871|50.199147|-0.010878|nan|nan
1007|nan|-4.456606|nan|nan|42.378204|-13.000155|-53.978926|0.288243|nan|-10.454317|nan|-112.105453|nan|17.368678|5.212871|49.928920|-0.010612|nan|nan
1008|nan|-4.663582|nan|-11.081026|41.814581|-13.238743|-77.007116|0.240599|nan|-19.149737|nan|-111.886770|nan|2.569897|5.212871|49.248199|-0.013299|nan|nan
1009|nan|-4.811687|nan|-10.151026|41.713894|-13.376467|-86.514168|0.240599|nan|-10.479203|nan|-110.951446|nan|6.233281|13.460695|45.102675|-0.013283|nan|nan
1010|nan|-4.965605|nan|-8.452526|42.702746|-13.395533|-81.338107|0.221607|nan|3.223236|nan|-109.029259|nan|11.606173|22.748099|40.405906|-0.013032|nan|nan
1011|nan|-5.212958|nan|-13.208089|43.667352|-13.526595|-70.774717|0.220509|nan|-0.945797|nan|-107.751661|nan|11.780997|26.753809|40.151154|-0.013547|nan|nan
1012|nan|-5.343060|nan|-7.715927|44.102743|-13.432002|-57.464844|0.203334|nan|-1.000270|nan|-106.386266|nan|19.090863|27.812941|35.075253|-0.012874|nan|nan
1013|nan|-5.342131|nan|nan|44.847500|-13.221963|-37.711304|0.188789|nan|4.341557|nan|-104.782742|nan|27.279604|27.812941|35.174883|-0.011983|nan|nan
1014|nan|-4.779456|nan|24.219949|45.658897|-12.245198|-12.992971|0.188442|nan|3.251197|nan|-102.188266|nan|56.512729|27.812941|36.028403|-0.008124|nan|nan
1030|nan|-3.592917|nan|59.800029|46.849211|-10.405733|3.802820|0.212413|nan|29.732769|nan|-98.733193|nan|95.754551|27.812941|37.460661|-0.002861|nan|nan
1031|nan|-2.512594|nan|64.268872|47.888375|-8.587755|12.464800|0.245165|nan|32.165700|nan|-95.566207|nan|103.186014|27.812941|38.712616|-0.002236|nan|nan
1032|nan|-1.324047|nan|69.730430|49.534721|-6.857135|30.845100|0.272668|nan|41.885924|nan|-92.498377|nan|112.585195|27.812941|39.501234|-0.001253|nan|nan
1033|75.977012|-0.057780|nan|77.477219|50.927629|-4.976481|20.809879|0.307347|nan|27.670775|nan|-89.635019|nan|122.282746|27.812941|40.534008|-0.000269|nan|nan
1034|82.152496|1.210779|nan|82.556962|52.540867|-3.146337|33.274680|0.338567|nan|31.578411|nan|-86.573479|nan|131.217732|35.721823|41.283723|0.000620|nan|nan
1035|72.536586|2.228381|nan|72.699232|54.008013|-1.683619|40.352152|0.356691|nan|26.592162|nan|-83.300320|nan|124.490965|35.721823|41.649631|-0.000533|nan|nan
1036|55.855838|4.065193|nan|56.249519|55.533626|-0.725936|42.042294|0.366144|nan|20.248344|nan|-80.599938|nan|110.442360|35.721823|41.557585|-0.003014|nan|nan
1037|53.127473|5.757669|nan|54.418144|56.572728|0.224307|46.795820|0.378941|nan|16.790595|nan|-78.307721|nan|109.601514|35.721823|41.724322|-0.003450|nan|nan
1038|55.440090|7.530338|nan|nan|57.634356|0.787394|61.478933|0.389089|nan|19.019709|nan|-75.536213|nan|113.625461|35.721823|41.783518|-0.003154|nan|nan
1039|42.650925|9.199986|nan|42.191357|58.921496|1.251986|45.422579|0.394272|nan|32.869244|nan|-73.285695|nan|102.340240|35.721823|41.450326|-0.004661|nan|nan
1040|36.041358|10.629605|nan|36.460093|59.715812|1.478673|36.338063|0.408406|nan|38.105929|nan|-71.663317|nan|96.649389|35.721823|41.122289|-0.003678|nan|nan
1041|27.197364|11.620629|nan|26.247585|60.533444|1.669423|39.929616|0.409204|nan|45.906973|nan|-70.815441|nan|88.464874|35.721823|40.494467|-0.005005|nan|nan
1042|31.331551|12.599626|nan|nan|60.949153|2.075103|60.845129|0.411751|nan|39.014483|nan|-70.056633|nan|93.673329|35.721823|40.964169|-0.004428|nan|nan
1043|34.624345|13.401403|nan|nan|61.271425|2.613264|62.535272|0.408727|nan|50.146456|nan|-69.565889|nan|98.036714|35.721823|40.759223|-0.003975|nan|-97.652979
1044|37.176554|14.175114|nan|36.641437|61.427763|3.277794|72.570493|0.398481|nan|39.215188|nan|-68.869515|nan|101.317703|35.721823|63.802215|-0.003632|nan|-97.643912
1045|46.802092|15.368930|nan|45.675543|61.440021|3.998051|97.922630|0.395101|nan|41.786981|nan|-67.847070|nan|111.004332|35.721823|64.651495|-0.002243|nan|-97.648080
1046|40.617367|16.396047|nan|nan|61.368984|4.746406|92.112765|0.379884|nan|31.524092|41.118437|-67.350411|nan|104.657847|35.721823|63.170998|-0.003194|nan|-97.663129
1047|34.665827|17.140107|nan|nan|61.182089|5.496386|83.767687|0.371136|nan|25.125026|34.928872|-67.494820|nan|98.522630|35.721823|56.858971|-0.004113|nan|-97.678178
1048|25.546131|17.929256|nan|22.512979|60.851567|6.006654|56.725407|0.368740|nan|16.375998|26.598634|-67.875179|nan|88.754310|35.721823|52.191595|-0.004574|nan|-97.718206
1049|11.587172|18.463607|nan|8.742902|60.732625|6.569504|27.464815|0.367945|nan|0.383307|13.480345|-68.829188|nan|74.176832|35.721823|51.475555|-0.004196|nan|-97.754055
1050|8.361956|18.683681|nan|5.743310|60.354501|7.819120|14.471845|0.369278|nan|-8.422286|11.066561|-70.279880|nan|70.318377|35.387329|38.333546|-0.001988|nan|-97.775137
1051|7.581881|18.578552|128.539741|4.940812|59.558134|8.748714|9.718319|0.370279|-17.058194|-20.708280|11.008861|-71.757051|-6.814644|68.874009|34.225356|36.910293|-0.001228|nan|-97.796218
1052|1.854868|18.166656|179.755745|-2.624709|58.782224|9.537566|5.387329|0.370846|-25.344071|-21.488555|5.776352|-73.306665|-17.661410|63.317542|33.098590|35.393829|-0.002132|nan|-97.820915
1053|1.640108|17.590216|243.121263|-1.814060|57.925452|10.477602|-13.415506|0.376923|-28.458171|-17.663823|6.361790|-74.336453|-19.095214|63.698155|32.758904|34.876448|-0.002225|nan|-97.829812
1054|-0.033423|16.985303|295.349351|-3.914190|57.226514|11.556047|-15.422550|0.362893|-33.049368|-7.372690|5.410856|-74.984731|-23.927892|62.755629|30.646226|32.599918|-0.002536|nan|-97.807461
1055|-0.101984|16.398699|337.211295|nan|57.127518|12.580263|-14.260577|0.374314|-36.536061|11.501371|5.891558|-75.374735|-27.736061|60.985974|30.646226|32.448819|-0.002614|nan|-97.759314
1056|-2.392180|15.601974|364.757255|-8.640925|57.488164|13.281987|-20.492978|0.370594|-35.281954|28.521347|4.120756|-75.741874|-30.482543|56.488787|30.646226|32.155622|-0.003019|nan|-97.704380
1057|11.066192|14.830709|371.910315|5.275419|57.574853|14.239670|-2.957750|0.377578|-25.890163|35.181901|17.957753|-75.797079|-17.489573|67.713797|30.646226|32.370292|-0.001103|nan|-97.647509
1058|14.267311|14.069669|373.998574|nan|57.695247|15.001341|5.809865|0.356350|-18.262796|30.680370|21.577040|-75.277238|-14.743091|67.855699|30.646226|32.517560|-0.000699|nan|-97.580379
1059|7.639666|13.128594|374.335448|-0.109958|58.151207|15.602158|24.823967|0.349308|-26.299974|36.087422|14.975431|-74.937635|-21.820563|57.082752|30.646226|32.456593|-0.001742|nan|-97.429648
1100|1.124315|11.914709|366.586616|-6.602401|59.229406|16.292517|53.450756|0.330487|-35.831516|37.292600|7.923639|-74.842107|-33.432400|46.722581|30.646226|32.079858|-0.002770|nan|-97.278918
1101|-5.613037|10.588459|358.276485|nan|59.489340|16.812904|50.493006|0.309784|-37.575211|25.401116|0.439531|-74.864740|-40.615506|36.822571|30.646226|31.768637|-0.003829|nan|-97.133284
1102|-9.522541|9.268157|347.511389|nan|60.355960|17.032842|52.816952|0.282952|-36.465317|18.409822|-4.252654|-75.138338|-44.946496|29.474677|30.646226|31.358424|-0.004973|nan|-97.010561
1103|-7.936926|8.304204|336.334409|nan|61.096367|17.580892|60.633861|0.249606|-41.543344|26.399214|-3.596825|-75.531144|-43.944523|27.453079|30.646226|31.029593|-0.004802|nan|-96.887838
1104|-11.862885|7.582806|322.060785|-21.567418|61.972220|17.922273|62.324004|0.210254|-38.354629|26.018795|-8.613844|-76.774962|-48.275513|20.057565|30.646226|30.614371|-0.005988|nan|-96.790143
1105|-13.277049|7.048625|324.209411|nan|62.184663|17.987325|50.704274|0.177612|-36.710406|7.598559|-11.225377|-79.056034|-50.071290|15.673456|30.646226|30.290433|-0.006562|nan|-96.720234
1106|-9.864713|6.672872|329.622968|-18.973229|61.967259|17.880954|36.971867|0.163788|-28.127906|-12.337208|-8.911494|-81.324849|-47.007906|15.719936|30.646226|30.195473|-0.006110|nan|-96.653803
1107|3.776080|6.530185|326.373244|-5.641873|61.006143|17.938549|47.323990|0.145393|-17.618034|-3.803894|3.670453|-83.374021|-33.698034|26.298617|30.646226|30.280483|-0.004148|nan|-96.604614
1108|6.937120|6.693466|314.881369|-2.792621|59.863780|17.889521|52.183149|0.127043|-11.965919|2.389081|5.781195|-85.494026|-30.845919|25.850729|30.646226|30.505056|-0.003727|nan|-96.550783
1109|15.259491|7.048670|295.261155|nan|58.491950|18.014107|47.112722|0.100052|-5.137447|0.541068|13.170889|-87.542043|-22.817742|31.123974|30.646226|39.407131|-0.002544|nan|-96.507171
1110|26.329630|7.629169|271.091544|15.977750|56.710419|18.454967|51.021176|0.021713|0.677211|-0.533084|23.459253|-88.994730|-12.043084|40.389375|29.602630|30.084113|-0.000955|nan|-96.454492
1111|19.105200|8.055250|248.816434|7.155119|55.698530|18.419795|34.436653|0.000505|1.817498|10.230415|15.640864|-90.179062|-19.543091|30.846710|29.602630|30.118747|-0.002061|nan|-96.397639
1112|14.599758|8.412254|222.080073|nan|54.916357|18.016050|33.591581|-0.019808|2.023972|4.087192|10.566818|-91.364494|-24.296617|24.479098|29.602630|30.139690|-0.002762|nan|-96.329631
1113|17.685042|8.662543|194.020076|6.610751|53.736880|17.731827|39.507081|-0.033562|1.915499|-6.377449|13.103156|-92.536587|-16.884501|26.274070|29.602630|30.303538|-0.002341|nan|-96.279789
1114|20.219496|8.566733|170.031982|nan|52.689530|17.341945|44.154973|-0.040820|9.278560|-12.520741|15.148204|-93.289056|-11.840555|27.540872|29.602630|30.423220|-0.001998|nan|-96.245343
1115|9.930095|7.682984|161.094465|-2.914177|52.357162|16.388799|43.098633|-0.057181|9.381983|-21.349472|4.320159|-94.150364|-16.778312|16.025971|29.602630|30.199295|-0.003540|nan|-96.188490
1116|-12.556457|6.356435|136.356687|-24.983477|52.590418|14.839964|14.049309|-0.086194|-6.422494|-13.799609|-18.707468|-95.379109|-39.383968|-8.422543|29.602630|29.401950|-0.007254|nan|-96.098264
1117|-31.713285|4.553091|137.807681|-44.338250|52.070234|12.949796|-11.408461|-0.130928|-21.007569|-12.881746|-38.452419|-97.252251|-55.969338|-28.984278|29.602630|28.473854|-0.012971|nan|-95.878593
1118|-32.203536|2.769986|143.512675|-43.944196|51.604583|11.414161|-21.338049|-0.165606|-26.815444|-13.558918|-39.533571|-99.228244|-56.497508|-30.621541|29.602630|27.762309|-0.013187|nan|-95.799874
1119|-32.614245|0.853307|155.972083|-45.668968|51.477391|10.128539|-36.021161|-0.196138|-26.757685|-8.055812|-40.486660|-101.275819|-56.920043|-32.334986|29.602630|27.074479|-0.013382|nan|-95.697810
1120|-38.007960|-0.986229|168.089994|nan|50.987991|8.974828|-45.000044|-0.230590|-33.505015|-7.051475|-46.506116|-103.740723|-57.587373|-38.977972|29.602630|26.567158|-0.015043|nan|-95.600463
1121|-45.744949|-2.691028|184.286078|-58.724746|50.146597|7.754662|-53.873292|-0.274718|-38.736289|-26.415315|-54.986709|-106.219093|-60.898648|-47.641494|27.615638|24.065991|-0.017392|nan|-95.489991
1122|-37.336292|-4.027164|204.954182|-50.284106|49.714174|6.705255|-51.549345|-0.301479|-29.724694|-15.495370|-47.283993|-108.238367|-52.447935|-39.719354|27.615638|23.706395|-0.016148|nan|-95.306143
1123|-29.028355|-5.265933|201.183147|-40.988975|49.204435|6.258045|-43.838071|-0.317590|-30.580205|2.772143|-39.700812|-109.756752|-44.022857|-31.475281|27.615638|23.779483|-0.014918|nan|-95.133483
1124|-3.490438|-5.851260|187.255565|-15.530798|48.730561|6.419972|-20.387344|-0.317844|-8.777978|17.272452|-14.765191|-110.267866|-18.459452|-6.098999|27.615638|24.343506|-0.011147|nan|-95.168102
1125|41.093184|-5.505695|160.155213|28.917880|48.428119|7.661440|23.661995|-0.276271|23.876876|35.503529|29.365259|-109.476568|26.118056|39.890783|27.615638|25.899691|-0.004569|nan|-95.266337
1126|58.238972|-4.867979|131.133792|nan|49.425414|9.097334|38.028206|-0.230046|41.309864|20.818173|46.120477|-108.221590|43.230749|58.552639|27.615638|26.981634|-0.002044|nan|-95.384183
1127|54.168384|-4.345681|130.609374|41.297749|50.332951|10.313471|46.901453|-0.203543|41.189846|6.347525|41.629338|-106.943671|39.111026|56.013825|27.615638|27.834205|-0.002652|nan|-95.486681
1128|62.903270|-3.728973|162.931507|50.669326|51.017669|11.668636|58.309915|-0.144522|43.050941|2.891083|49.883717|-105.426062|47.773006|66.549516|27.615638|28.959070|-0.001374|nan|-95.591880
1129|55.789810|-3.364979|166.357443|43.037100|51.898937|12.265813|44.049338|-0.120034|49.068131|-8.756178|42.272155|-104.053843|40.589901|60.962344|27.615638|29.514072|-0.002434|nan|-95.685620
1330|48.759254|-3.231914|178.863330|35.954293|52.231159|12.035168|30.000029|-0.102804|52.950954|-18.133650|34.810029|-102.855296|33.512429|55.591916|27.615638|29.771252|-0.003477|nan|-95.759940
1331|42.022700|-3.159344|205.618167|nan|52.023618|11.577973|16.056353|-0.090756|47.310679|-28.916655|27.685029|-101.783564|26.751859|50.538389|27.615638|29.946616|-0.004474|nan|-95.834260
1332|84.203457|-2.182167|270.337109|71.687037|52.657815|12.110560|53.873291|-0.047744|70.496543|-1.930504|69.704644|-99.912293|68.899787|95.482394|27.615638|31.286770|0.001742|nan|-95.901189
1333|89.423775|-1.170953|379.393102|76.307888|53.617986|12.385812|60.000058|0.000643|84.502223|2.442914|74.597854|-98.000789|76.264581|103.350558|27.615638|31.982380|0.002474|nan|-95.968119
1334|97.174017|0.184624|491.649554|84.357828|54.384871|12.710851|63.169075|0.056828|87.121640|20.900221|82.308413|-95.680835|84.324588|114.075737|27.615638|32.781712|0.003580|nan|-96.020180
1335|132.829049|2.280920|589.730724|119.547018|55.496860|14.076152|96.760656|0.129767|105.467526|72.628827|118.445362|-92.168068|119.711946|153.746238|27.615638|34.421828|0.008796|nan|-96.077167
1336|166.623844|4.833464|682.272764|153.117200|58.266381|16.338500|133.309988|0.188771|126.471703|103.886682|153.063065|-87.560033|156.237894|192.792162|27.615638|37.460122|0.013730|nan|-96.137958
1337|158.071299|7.171274|769.325756|143.734983|60.611445|18.210571|137.746612|0.236624|125.199045|92.896766|145.421253|-83.233456|147.364646|189.394250|27.615638|38.468710|0.012419|nan|-96.212175
1338|182.717575|10.051136|869.322072|168.473040|63.335645|20.698408|164.894525|0.285463|135.413076|118.094960|171.250731|-78.324835|181.260444|219.939534|27.615638|40.219434|0.015995|nan|-96.266843
1339|170.732649|12.561630|957.424871|155.788652|66.103380|22.786486|160.563535|0.339003|127.135088|107.452099|160.486765|-73.681565|176.661277|213.567773|27.615638|40.836788|0.014172|nan|-96.310292
1340|156.029093|14.865995|1078.603748|nan|68.527528|24.613738|156.232545|0.421871|112.108846|90.263118|146.916818|-69.442101|161.315629|204.611693|27.615638|69.588566|0.011944|nan|-96.378187
1341|148.322571|17.019499|1223.684764|132.080650|71.166355|26.298953|140.598727|0.455780|101.974142|78.945332|140.227555|-65.547663|148.621818|202.600423|27.615638|69.554412|0.010743|nan|-96.485579
1342|119.499368|18.439290|1370.376201|103.278802|73.292822|27.193794|106.584610|0.475280|80.393841|63.719350|112.302954|-62.863656|119.361227|179.489401|27.615638|68.920580|0.006434|nan|-96.626066
1343|114.241664|19.715187|1537.313998|98.169397|75.460723|28.025565|103.732495|0.476511|71.969020|45.601520|107.874230|-60.399030|113.656996|180.042846|27.615638|68.595089|0.005593|nan|-96.766552
1344|116.383425|21.072912|1720.908658|nan|77.467194|28.808750|107.746583|0.488386|75.018864|51.447458|110.748080|-58.099732|115.347138|187.828502|27.615638|68.206595|0.005840|nan|-96.907835
1345|112.716755|22.397121|1886.935007|96.095757|79.805049|29.393696|93.169104|0.504748|72.818846|56.864476|107.790508|-56.210168|111.227416|190.168474|27.615638|67.927333|0.005233|nan|-97.062356
1346|103.343976|23.604589|2066.247663|86.282871|81.171336|29.947595|60.739495|0.532970|58.594300|52.775584|99.254538|-54.389918|101.403463|186.799710|27.615638|90.802496|0.003787|nan|-97.242523
1347|84.030387|24.445243|2236.407204|65.566767|82.369939|30.081587|21.760585|0.570151|44.521646|41.531136|80.844027|-53.007660|81.649923|173.368477|27.615638|95.006878|0.000882|nan|-97.494167
1348|88.176418|25.375539|2393.077746|69.686030|83.668945|30.662647|24.929601|0.606155|38.298246|52.703307|86.019465|-51.596306|84.227109|183.196633|27.615638|87.519194|0.001425|nan|-97.746075
1349|90.220992|26.288531|2525.906056|70.367320|84.960743|31.478842|26.091575|0.643927|34.763649|48.089997|89.203805|-50.136641|79.011618|190.536803|27.615638|87.347042|0.001658|nan|-97.871977
1350|73.341854|26.889368|2607.646699|53.007606|85.350696|31.990708|3.380285|0.684181|24.162062|37.448078|73.622257|-48.838546|61.687658|177.370593|27.615638|76.206779|-0.000887|nan|-97.929517
1351|70.296488|27.445126|2684.191831|nan|85.090098|32.460863|-7.816909|0.731344|21.795846|43.803349|72.060015|-46.979496|58.201739|175.987493|28.838056|74.351321|-0.001399|nan|-97.965259
1352|67.035991|27.707583|2754.067541|46.166440|85.525641|32.973420|-3.063383|0.764027|17.218659|40.251397|70.429116|-44.683742|54.264552|174.392562|28.838056|70.838050|-0.001941|nan|-98.001600
1353|48.864922|27.609135|2802.249337|27.571488|85.680729|33.083701|-13.309872|0.783878|6.148569|33.658461|53.826997|-42.913090|35.672985|157.721560|28.838056|59.504110|-0.004670|nan|-97.697176
1354|38.598570|27.206525|2839.531860|nan|85.285695|33.082676|1.584508|0.788845|-2.681047|27.273647|44.964366|-41.452579|25.003960|148.728311|28.838056|48.166355|-0.006235|nan|-97.685750
1355|38.456946|26.676163|2858.104156|17.622686|85.153155|33.167680|45.633847|0.766608|-3.529807|25.693013|46.034703|-39.874404|24.475791|149.682961|36.795791|43.188735|-0.006311|nan|-97.587714
1356|30.278903|26.076386|2900.125274|7.413226|85.286064|33.121652|54.190194|0.724575|-10.565858|19.504922|38.999039|-38.318570|14.399445|141.990559|32.239445|38.051837|-0.007565|nan|-97.342964
1357|23.978939|25.514057|2960.120896|0.692908|84.994766|32.779928|43.415535|0.695425|-9.778430|8.757561|33.794674|-37.179216|7.744509|135.541864|25.584509|30.874666|-0.008541|nan|-96.685645
1358|15.551537|24.805097|3011.587131|-8.060677|84.860099|32.277020|43.309900|0.662996|-17.266635|16.439514|26.326183|-36.519654|-1.023106|126.162719|24.395841|29.215493|-0.009825|nan|-95.564540
1359|7.741412|23.931382|3063.617517|-14.409477|84.622245|31.731445|27.992985|0.638442|-23.879562|5.546476|19.358653|-36.807570|-9.156916|116.948176|23.571973|27.813246|-0.011017|nan|-94.407681
1400|14.391351|23.411601|3110.547530|-7.785092|84.736943|31.501087|27.253547|0.614089|-22.259762|10.000927|26.652057|-38.167137|-6.578882|120.942212|23.571973|27.465149|-0.010087|nan|-93.377314
1401|-0.521858|22.957854|3156.588539|-24.473787|84.952511|30.998616|5.281695|0.603784|-30.188992|10.938226|12.204618|-40.382615|-22.910164|100.364886|23.571973|26.685650|-0.012318|nan|-92.369963
1402|2.842956|23.014166|3188.763139|-20.761770|84.728499|30.784795|50.493006|0.587349|-31.766781|21.597644|15.851516|-42.292981|-22.646781|98.207450|23.571973|26.347655|-0.011868|nan|-91.424897
1403|12.430511|23.272220|3217.106214|nan|85.001158|30.735733|64.753584|0.548623|-21.828949|21.819003|25.613282|-44.103636|-14.230997|101.683197|23.571973|26.050811|-0.010505|nan|-90.331099
1404|3.744184|23.347848|3239.369782|-21.616350|85.203456|30.581144|63.274709|0.512588|-30.168707|34.122577|16.985563|-45.921778|-26.169879|85.765929|23.571973|25.635774|-0.011822|nan|-89.353913
1405|0.234627|23.541613|3249.253723|-25.372340|85.318678|30.373410|94.859246|0.458576|-31.091235|28.921536|13.218526|-47.623872|-30.692700|75.876912|23.571973|25.133334|-0.012380|nan|-88.036657
1406|2.010582|23.952596|3242.589601|-22.354125|85.647526|30.181364|129.824069|0.403324|-27.212653|31.042077|14.461229|-49.066438|-29.213825|70.683950|23.571973|24.722418|-0.010992|nan|-86.472667
1407|0.400181|24.161140|3198.528364|-25.758595|85.295711|29.773195|119.049411|0.368609|-26.154942|26.385003|11.990415|-51.735215|-31.115235|61.871110|23.571973|24.387851|-0.010100|nan|-84.920398
1408|11.677972|24.525478|3122.564115|-13.677530|84.209080|29.642452|154.331135|0.339184|-15.649016|7.313653|22.156690|-54.219076|-20.129309|66.318217|23.571973|24.424569|-0.005314|nan|-83.175822
1409|5.197343|24.331560|3024.985771|-21.093504|83.925757|29.108519|135.211398|0.291556|-14.808707|21.546756|14.395498|-57.072534|-26.889879|51.907719|23.571973|23.981620|-0.006305|nan|-81.250690
1410|-0.781777|23.427451|2922.872706|nan|82.355533|28.329357|113.873349|0.252236|-16.400815|14.124230|6.872800|-61.041036|-33.122280|38.511305|23.571973|23.630801|-0.007676|nan|-79.490172
1411|6.233348|22.237004|2823.585537|-19.922565|79.476593|27.930205|112.500108|0.228515|-16.600538|-5.753549|12.200546|-65.716155|-26.361710|38.163417|23.571973|23.663784|-0.006685|nan|-77.596747
1412|15.157386|21.282628|2708.116194|nan|76.899467|27.761461|91.901497|0.224406|-7.059437|1.432651|19.535017|-69.868944|-17.699730|39.525390|23.571973|23.688459|-0.005414|nan|-77.297730
1413|19.222704|20.341195|2599.011969|-7.450037|73.719459|27.667992|90.000087|0.210275|-2.775738|-5.175242|21.867582|-74.550796|-13.896909|37.174684|23.571973|23.860200|-0.004857|nan|-77.681060
1414|18.538068|19.438416|2509.548595|nan|70.806921|27.457852|90.739524|0.194814|-1.966150|-9.428484|19.465687|-78.864308|-14.847614|29.608010|23.571973|28.786228|-0.004996|nan|-78.090464
1415|9.949993|18.525913|2421.277741|-18.009127|68.590979|27.168450|77.746554|0.176841|-10.519105|-4.423908|9.127057|-82.979312|-22.520862|14.999702|23.571973|49.654515|-0.006298|nan|-78.697924
1416|9.538411|17.787809|2342.795580|-18.005104|66.152671|27.322143|67.183164|0.163048|-21.498834|-13.630011|6.892588|-86.870976|-28.460299|10.028962|23.571973|49.552235|-0.006406|nan|-79.244190
1417|-0.760967|16.259085|2270.861781|-29.284647|64.358089|27.464899|36.760599|0.148327|-30.246981|-11.880276|-5.192141|-90.211918|-42.889324|-5.377469|23.571973|49.012775|-0.008470|nan|-79.801798
1418|-8.500018|14.460282|2199.933422|-37.976887|62.644237|27.467437|32.323975|0.125236|-36.541082|1.888386|-14.867219|-93.624722|-51.023134|-17.704241|23.571973|48.445924|-0.010902|nan|-80.362257
1419|-10.931478|12.555297|2146.290542|nan|60.530321|27.476261|31.056368|0.099662|-41.713198|-23.336704|-19.318629|-97.157608|-55.635250|-24.420894|23.571973|40.082876|-0.011790|nan|-80.784924
1420|-23.073701|9.981223|2097.641257|-52.795374|58.792052|27.188122|1.161973|0.068189|-46.362169|-24.724194|-33.683445|-100.902785|-68.205685|-40.936334|23.571973|39.153557|-0.015548|nan|-81.254761
1421|-19.456935|7.005254|2050.046883|-48.697859|57.056643|27.269176|0.845072|0.041534|-49.274029|-20.964828|-32.486499|-104.275716|-67.036667|-40.910836|23.571973|32.162294|-0.015085|-505123.027721|-81.676476
1422|-33.690499|3.840135|1998.543168|-64.229460|55.660229|26.739110|-17.535228|0.008094|-54.195677|-28.891605|-49.337890|-107.474435|-81.719780|-58.916957|23.571973|31.126449|-0.019085|-472352.562636|-82.163767
1423|-62.637291|-0.025986|1926.908621|-93.682187|53.523835|25.511840|-65.493021|-0.031634|-73.881024|-35.604595|-81.106684|-111.570061|-111.086006|-91.424920|1.250836|-4.024077|-0.027815|-439036.030748|-82.952465
1424|-54.965889|-3.592217|1861.666839|-85.986987|51.220216|24.204230|-68.873306|-0.064160|-64.753162|-54.701030|-76.304115|-115.487630|-103.797266|-86.729364|-1.986740|-7.846501|-0.026751|-378454.215410|-83.638420
1425|-47.157759|-6.725154|1791.636280|nan|49.481530|22.356638|-61.901468|-0.092299|-43.172863|-53.913925|-71.326710|-118.686127|-96.297259|-82.028470|-1.986740|-8.233958|-0.025655|-259539.052322|-84.197320
1426|-35.079731|-9.494963|1724.043737|-66.204151|47.942970|20.541457|-58.626817|-0.118289|-35.663035|-33.924595|-62.004116|-121.503364|-84.466262|-73.222828|-1.986740|-8.308810|-0.023921|-259499.298477|-84.698448
1427|-20.723504|-11.498768|1669.143872|nan|46.718172|19.129253|-51.126809|-0.133561|-24.147800|-37.675291|-50.317077|-123.837678|-70.311318|-61.464402|-1.986740|-8.138611|-0.021846|-259455.359984|-85.219118
1428|-19.212595|-13.285860|1604.097786|-51.981273|45.960333|17.565196|-58.521184|-0.146763|-15.174267|-30.587426|-51.299784|-125.589655|-68.938078|-62.581437|-1.986740|-8.086717|-0.021648|-259406.818456|-85.693265
1429|-28.194776|-15.270356|1543.865234|-60.744307|45.530681|15.888984|-75.739510|-0.162796|-24.258488|-31.753649|-62.623729|-127.308874|-78.022594|-74.426362|-1.986740|-8.281688|-0.022987|-259354.092316|-86.182637
1430|-44.481792|-17.424678|1473.952057|-77.110915|44.812196|13.992516|-85.774731|-0.181984|-38.791449|-56.529720|-81.086269|-129.443502|-94.395849|-93.073329|-1.986740|-8.667169|-0.025398|-236418.018452|-86.732176
1431|-52.335832|-19.424234|1373.407119|-84.925148|44.159723|12.025008|-108.908556|-0.218909|-42.713405|-57.454977|-90.990219|-131.562789|-102.238392|-103.074680|-1.986740|-9.196888|-0.026568|-236362.695396|-87.275280
1432|-54.770100|-21.127070|1282.991492|-87.751906|43.643016|9.329490|-108.274752|-0.242353|-27.062691|-66.646384|-95.429655|-133.538532|-100.587971|-107.372189|-1.986740|-9.679153|-0.026932|-166610.341979|-87.759203
1433|-43.826510|-22.540271|1199.724191|-75.852839|43.200935|6.912335|-87.993042|-0.266439|-24.396768|-68.263153|-86.317615|-134.815562|-83.442045|-97.944268|-1.986740|-9.657106|-0.025323|-140983.661534|-87.894699
1434|-33.461028|-23.853397|1133.462259|nan|43.201280|4.525455|-86.514168|-0.295006|-8.019594|-44.311941|-77.690267|-135.652552|-61.064289|-89.358369|-1.986740|-9.702959|-0.023790|-140402.579331|-88.018730
1435|-28.780591|-24.783156|1068.727068|-60.640358|42.901256|1.776955|-85.457829|-0.315359|6.598979|-50.378463|-74.604641|-136.544544|-56.205129|-85.841397|-1.986740|-9.339764|-0.023079|-57670.057145|-88.086205
1436|-3.710791|-25.237064|1003.788504|-35.192267|41.662562|-0.990404|-58.626817|-0.326008|35.311114|-31.911932|-50.852132|-136.398677|-30.852992|-61.340502|-1.986740|-8.661375|-0.019353|-44058.160878|-88.093666
1437|-4.602345|-25.713080|936.695642|-36.325691|41.239257|-3.747010|-61.056397|-0.351247|34.063530|-15.364982|-52.775363|-136.347808|-30.421162|-63.014078|-1.986740|-8.360211|-0.019435|-44048.405277|-88.194994
1438|-7.829983|-25.936025|859.792935|nan|40.480970|-6.953575|-52.816952|-0.385847|43.797341|-27.355808|-56.925668|-136.637632|-33.167643|-66.819984|-1.986740|-8.049557|-0.019844|43495.665933|-88.354925
1439|-18.549028|-26.163605|782.869748|-49.110073|39.801096|-10.289368|-69.718377|-0.397587|30.537074|-32.991775|-68.387036|-137.014586|-43.308498|-78.258358|-1.986740|-0.696699|-0.021342|43487.156045|-88.703091
1440|-26.612557|-26.466185|708.419890|-56.900978|39.036628|-13.523737|-83.345151|-0.413099|23.862411|-42.374610|-76.857768|-137.523601|-50.142871|-86.855012|-1.986740|1.901321|-0.022436|92936.207478|-89.262876
1441|-8.974193|-26.302703|644.506699|-37.720456|38.300178|-16.120293|-58.204282|-0.426286|32.642121|-38.804426|-59.286651|-137.561890|-18.482572|-69.281757|-1.986740|2.286128|-0.019733|142367.920872|-89.582489
1442|2.493780|-25.889420|596.597400|nan|37.963860|-18.031990|-37.288769|-0.445725|37.294778|-27.301906|-47.767264|-137.258418|-6.229039|-57.931198|-1.986740|2.657936|-0.017931|142343.966589|-89.805177
1443|-2.041135|-25.429644|555.630150|-29.961629|37.958926|-19.974081|-37.183135|-0.457165|37.997592|-29.095014|-52.074767|-137.354374|-5.286226|-62.277110|-1.986740|2.861344|-0.018478|174915.495380|-90.089603
1444|6.164801|-24.701065|538.094457|-19.676738|37.243387|-21.738616|-29.049324|-0.463839|43.401814|-33.478364|-43.510553|-137.019426|18.678290|-53.573539|-1.986740|3.238506|-0.017142|174892.849223|-90.319358
1445|28.709511|-23.708357|506.466464|3.463299|37.133409|-22.893940|-14.471845|-0.462223|60.530487|-8.373713|-20.394478|-135.916675|43.329017|-29.539993|-1.986740|4.054609|-0.013687|174875.298471|-90.370454
1446|25.016316|-22.711333|468.487027|0.126603|37.627281|-24.087920|-17.957763|-0.463344|61.705181|-9.002968|-23.552876|-134.979578|40.582536|-31.784537|-1.986740|4.434665|-0.014093|174861.993843|-90.421550
1447|13.165187|-21.918422|412.279095|-10.762933|37.947496|-25.265586|-39.507081|-0.462899|46.744009|-19.501949|-34.944264|-134.701253|28.662243|-42.816302|-1.986740|6.364660|-0.015698|174850.953854|-90.516967
1448|-9.731788|-21.769872|337.483224|-32.549330|38.397485|-27.032435|-69.507109|-0.474079|36.557792|-43.057378|-57.401951|-135.167866|6.796025|-63.932328|-1.986740|15.881510|-0.018922|175927.585046|-90.643884
1449|-11.351276|-21.469392|289.963586|-32.174818|38.102677|-28.748011|-72.887394|-0.478631|31.229917|-59.968616|-58.510026|-135.708507|6.267856|-63.143252|-1.986740|15.781679|-0.019002|190577.417144|-90.764357
1450|-38.172779|-21.697065|260.041487|-58.611829|37.122362|-30.913161|-111.126868|-0.485781|12.762644|-67.635555|-84.728278|-136.691409|-19.401183|-88.381692|-1.986740|30.321029|-0.022789|207393.592954|-90.902392
1451|-43.285844|-21.943861|223.251288|-61.778055|36.207989|-32.951682|-111.866305|-0.494992|3.494188|-61.399242|-89.201908|-137.706169|-23.709638|-90.942589|-1.986740|20.004594|-0.023369|223119.344180|-90.950677
1452|-57.863379|-22.473413|193.436520|-75.893504|35.182552|-35.310128|-139.859290|-0.498953|-5.014214|-65.844908|-103.060404|-138.739921|-38.699510|-102.879861|-1.986740|17.502147|-0.025337|227983.384608|-90.925772
1453|-89.610654|-23.697064|198.762614|-106.256453|33.426807|-38.044212|-199.648080|-0.502596|-32.715600|-80.709030|-133.942221|-140.407875|-74.962074|-131.585219|-10.162074|-18.357367|-0.032261|258353.550750|-91.097552
1454|-97.641915|-24.966166|224.652212|nan|31.817928|-40.574911|-199.014276|-0.516554|-42.731121|-80.315378|-141.072617|-142.206020|-83.697010|-136.177595|-16.983677|-26.204335|-0.034333|273518.030782|-92.213495
1455|-93.367058|-26.007948|259.335845|nan|30.164578|-42.882926|-185.810038|-0.536974|-38.067476|-64.661715|-135.772445|-143.568539|-77.992779|-128.388087|-16.983677|-26.896092|-0.033499|290301.112099|-93.835764
1456|-120.106806|-27.615231|271.953482|-132.481775|28.194786|-45.693771|-199.225545|-0.566123|-56.512797|-77.445395|-161.646899|-145.703246|-107.399283|-151.983144|-35.930712|-47.189204|-0.040346|330941.221998|-95.905747
1457|-135.803254|-29.592742|284.513241|-145.814145|25.676452|-48.476845|-199.225544|-0.613202|-73.868033|-99.200978|-176.431863|-147.840084|-123.794226|-165.243287|-53.410778|-65.587408|-0.044664|341721.969221|-98.101828
1458|-102.305272|-30.910670|276.812823|-111.276128|24.687670|-50.179987|-162.781848|-0.635953|-49.518170|-71.781579|-141.833269|-148.391155|-91.043770|-129.260980|-53.410778|-65.545046|-0.039494|437081.577171|-100.316403
1459|-90.061373|-32.092189|272.791803|-97.282166|24.060976|-51.395011|-158.028322|-0.649710|-42.880716|-47.575851|-128.366032|-148.706474|-81.685728|-115.710262|-53.410778|-65.214512|-0.037458|486293.074310|-102.145284
