859|nan|nan|nan|nan|nan|nan|nan|nan|nan|nan|nan|nan|nan|nan|nan|nan|nan|nan|nan|nan|nan|nan|nan|nan|nan|nan|nan|nan|nan|nan|nan|nan|nan|nan|nan|nan|nan|nan|nan|nan|nan|nan|nan|nan|nan|nan|nan|nan|nan|nan
900|nan|nan|nan|nan|nan|nan|nan|nan|nan|nan|nan|nan|nan|nan|nan|nan|nan|nan|nan|nan|nan|nan|nan|nan|nan|nan|nan|nan|nan|nan|nan|nan|nan|nan|nan|nan|nan|nan|nan|nan|nan|nan|nan|nan|nan|nan|nan|nan|nan|nan
901|nan|nan|nan|nan|nan|nan|nan|nan|nan|nan|nan|nan|nan|nan|nan|nan|nan|nan|nan|nan|nan|nan|nan|nan|nan|nan|nan|nan|nan|nan|nan|nan|nan|nan|nan|nan|nan|nan|nan|nan|nan|nan|nan|nan|nan|nan|nan|nan|nan|nan
902|nan|nan|nan|nan|nan|nan|nan|nan|nan|nan|nan|nan|nan|nan|nan|nan|nan|nan|nan|nan|nan|nan|nan|nan|nan|nan|nan|nan|nan|nan|nan|nan|nan|nan|nan|nan|nan|nan|nan|nan|nan|nan|nan|nan|nan|nan|nan|nan|nan|nan
903|nan|nan|nan|nan|nan|nan|nan|nan|nan|nan|nan|nan|nan|nan|nan|nan|nan|nan|nan|nan|nan|nan|nan|nan|nan|nan|nan|nan|nan|nan|nan|nan|nan|nan|nan|nan|nan|nan|nan|nan|nan|nan|nan|nan|nan|nan|nan|nan|nan|nan
904|nan|nan|nan|nan|nan|nan|nan|nan|nan|nan|nan|nan|nan|nan|nan|nan|nan|nan|nan|nan|nan|nan|nan|nan|nan|nan|nan|nan|nan|nan|nan|nan|nan|nan|nan|nan|nan|nan|nan|nan|nan|nan|nan|nan|nan|nan|nan|nan|nan|nan
905|nan|nan|nan|nan|nan|nan|nan|nan|nan|nan|nan|nan|nan|nan|nan|nan|nan|nan|nan|nan|nan|nan|nan|nan|nan|nan|nan|nan|nan|nan|nan|nan|nan|nan|nan|nan|nan|nan|nan|nan|nan|nan|nan|nan|nan|nan|nan|nan|nan|nan
906|nan|nan|nan|nan|nan|nan|nan|nan|nan|nan|nan|nan|nan|nan|nan|nan|nan|nan|nan|nan|nan|nan|nan|nan|nan|nan|nan|nan|nan|nan|nan|nan|nan|nan|nan|nan|nan|nan|nan|nan|nan|nan|nan|nan|nan|nan|nan|nan|nan|nan
907|nan|nan|nan|nan|nan|nan|nan|nan|nan|nan|nan|nan|nan|nan|nan|nan|nan|nan|nan|nan|nan|nan|nan|nan|nan|nan|nan|nan|nan|nan|nan|nan|nan|nan|nan|nan|nan|nan|nan|nan|nan|nan|nan|nan|nan|nan|nan|nan|nan|nan
908|nan|nan|nan|nan|nan|nan|nan|nan|nan|nan|nan|nan|nan|nan|nan|nan|nan|nan|nan|nan|nan|nan|nan|nan|nan|nan|nan|nan|nan|nan|nan|nan|nan|nan|nan|nan|nan|nan|nan|nan|nan|nan|nan|nan|nan|nan|nan|nan|nan|nan
909|nan|nan|nan|nan|nan|nan|nan|nan|nan|nan|nan|nan|nan|nan|nan|nan|nan|nan|nan|nan|nan|nan|nan|nan|nan|nan|nan|nan|nan|nan|nan|nan|nan|nan|nan|nan|nan|nan|nan|nan|nan|nan|nan|nan|nan|nan|nan|nan|nan|nan
910|nan|nan|nan|nan|nan|nan|nan|nan|nan|nan|nan|nan|nan|nan|nan|nan|nan|nan|nan|nan|nan|nan|nan|nan|nan|nan|nan|nan|nan|nan|nan|nan|nan|nan|nan|nan|nan|nan|nan|nan|nan|nan|nan|nan|nan|nan|nan|nan|nan|nan
911|nan|nan|nan|nan|nan|nan|nan|nan|nan|nan|nan|nan|nan|nan|nan|nan|nan|nan|nan|nan|nan|nan|nan|nan|nan|nan|nan|nan|nan|nan|nan|nan|nan|nan|nan|nan|nan|nan|nan|nan|nan|nan|nan|nan|nan|nan|nan|nan|nan|nan
912|nan|nan|nan|nan|nan|nan|nan|nan|nan|nan|nan|nan|nan|nan|nan|nan|nan|nan|nan|nan|nan|nan|nan|nan|nan|nan|nan|nan|nan|nan|nan|nan|nan|nan|nan|nan|nan|nan|nan|nan|nan|nan|nan|nan|nan|nan|nan|nan|nan|nan
913|nan|nan|nan|nan|nan|nan|nan|nan|nan|nan|nan|nan|nan|nan|nan|nan|nan|nan|nan|nan|nan|nan|nan|nan|nan|nan|nan|nan|nan|nan|nan|nan|nan|nan|nan|nan|nan|nan|nan|nan|nan|nan|nan|nan|nan|nan|nan|nan|nan|nan
914|nan|nan|nan|nan|nan|nan|nan|nan|nan|nan|nan|nan|nan|nan|nan|nan|nan|nan|nan|nan|nan|nan|nan|nan|nan|nan|nan|nan|nan|nan|nan|nan|nan|nan|nan|nan|nan|nan|nan|nan|nan|nan|nan|nan|nan|nan|nan|nan|nan|nan
915|nan|nan|nan|nan|nan|nan|nan|nan|nan|nan|nan|nan|nan|nan|nan|nan|nan|nan|nan|nan|nan|nan|nan|nan|nan|nan|nan|nan|nan|nan|nan|nan|nan|nan|nan|nan|nan|nan|nan|nan|nan|nan|nan|nan|nan|nan|nan|nan|nan|nan
916|nan|nan|nan|nan|nan|nan|nan|nan|nan|nan|nan|nan|nan|nan|nan|nan|nan|nan|nan|nan|nan|nan|nan|nan|nan|nan|nan|nan|nan|nan|nan|nan|nan|nan|nan|nan|nan|nan|nan|nan|nan|nan|nan|nan|nan|nan|nan|nan|nan|nan
917|nan|nan|nan|nan|nan|nan|nan|nan|nan|nan|nan|nan|nan|nan|nan|nan|nan|nan|nan|nan|nan|nan|nan|nan|nan|nan|nan|nan|nan|nan|nan|nan|nan|nan|nan|nan|nan|nan|nan|nan|nan|nan|nan|nan|nan|nan|nan|nan|nan|nan
918|nan|nan|nan|nan|nan|nan|nan|nan|nan|nan|nan|nan|nan|nan|nan|nan|nan|nan|nan|nan|nan|nan|nan|nan|nan|nan|nan|nan|nan|nan|nan|nan|nan|nan|nan|nan|nan|nan|nan|nan|nan|nan|nan|nan|nan|nan|nan|nan|nan|nan
919|nan|nan|nan|nan|nan|nan|nan|nan|nan|nan|nan|nan|nan|nan|nan|nan|nan|nan|nan|nan|nan|nan|nan|nan|nan|nan|nan|nan|nan|nan|nan|nan|nan|nan|nan|nan|nan|nan|nan|nan|nan|nan|nan|nan|nan|nan|nan|nan|nan|nan
920|nan|nan|nan|nan|nan|nan|nan|nan|nan|nan|nan|nan|nan|nan|nan|nan|nan|nan|nan|nan|nan|nan|nan|nan|nan|nan|nan|nan|nan|nan|nan|nan|nan|nan|nan|nan|nan|nan|nan|nan|nan|nan|nan|nan|nan|nan|nan|nan|nan|nan
921|nan|nan|nan|nan|nan|nan|nan|nan|nan|nan|nan|nan|nan|nan|nan|nan|nan|nan|nan|nan|nan|nan|nan|nan|nan|nan|nan|nan|nan|nan|nan|nan|nan|nan|nan|nan|nan|nan|nan|nan|nan|nan|nan|nan|nan|nan|nan|nan|nan|nan
922|nan|nan|nan|nan|nan|nan|nan|nan|nan|nan|nan|nan|nan|nan|nan|nan|nan|nan|nan|nan|nan|nan|nan|nan|nan|nan|nan|nan|nan|nan|nan|nan|nan|nan|nan|nan|nan|nan|nan|nan|nan|nan|nan|nan|nan|nan|nan|nan|nan|nan
923|nan|nan|nan|nan|nan|nan|nan|nan|nan|nan|nan|nan|nan|nan|nan|nan|nan|nan|nan|nan|nan|nan|nan|nan|nan|nan|nan|nan|nan|nan|nan|nan|nan|nan|nan|nan|nan|nan|nan|nan|nan|nan|nan|nan|nan|nan|nan|nan|nan|nan
924|nan|nan|nan|nan|nan|nan|nan|nan|nan|nan|nan|nan|nan|nan|nan|nan|nan|nan|nan|nan|nan|nan|nan|nan|nan|nan|nan|nan|nan|nan|nan|nan|nan|nan|nan|nan|nan|nan|nan|nan|nan|nan|nan|nan|nan|nan|nan|nan|nan|nan
925|nan|nan|nan|nan|nan|nan|nan|nan|nan|nan|nan|nan|nan|nan|nan|nan|nan|nan|nan|nan|nan|nan|nan|nan|nan|nan|nan|nan|nan|nan|nan|nan|nan|nan|nan|nan|nan|nan|nan|nan|nan|nan|nan|nan|nan|nan|nan|nan|nan|nan
926|nan|nan|nan|nan|nan|nan|nan|nan|nan|nan|nan|nan|nan|nan|nan|nan|nan|nan|nan|nan|nan|nan|nan|nan|nan|nan|nan|nan|nan|nan|nan|nan|nan|nan|nan|nan|nan|nan|nan|nan|nan|nan|nan|nan|nan|nan|nan|nan|nan|nan
927|nan|nan|nan|nan|nan|nan|nan|nan|nan|nan|nan|nan|nan|nan|nan|nan|nan|nan|nan|nan|nan|nan|nan|nan|nan|nan|nan|nan|nan|nan|nan|nan|nan|nan|nan|nan|nan|nan|nan|nan|nan|nan|nan|nan|nan|nan|nan|nan|nan|nan
928|nan|nan|nan|nan|nan|nan|nan|nan|nan|nan|nan|nan|nan|nan|nan|nan|nan|nan|nan|nan|nan|nan|nan|nan|nan|nan|nan|nan|nan|nan|nan|nan|nan|nan|nan|nan|nan|nan|nan|nan|nan|nan|nan|nan|nan|nan|nan|nan|nan|nan
929|nan|nan|nan|nan|nan|nan|nan|nan|nan|nan|nan|nan|nan|nan|nan|nan|nan|nan|nan|nan|nan|nan|nan|nan|nan|nan|nan|nan|nan|nan|nan|nan|nan|nan|nan|nan|nan|nan|nan|nan|nan|nan|nan|nan|nan|nan|nan|nan|nan|nan
930|nan|nan|nan|nan|nan|nan|nan|nan|nan|nan|nan|nan|nan|nan|nan|nan|nan|nan|nan|nan|nan|nan|nan|nan|nan|nan|nan|nan|nan|nan|nan|nan|nan|nan|nan|nan|nan|nan|nan|nan|nan|nan|nan|nan|nan|nan|nan|nan|nan|nan
931|nan|nan|nan|nan|nan|nan|nan|nan|nan|nan|nan|nan|nan|nan|nan|nan|nan|nan|nan|nan|nan|nan|nan|nan|nan|nan|nan|nan|nan|nan|nan|nan|nan|nan|nan|nan|nan|nan|nan|nan|nan|nan|nan|nan|nan|nan|nan|nan|nan|nan
932|nan|nan|nan|nan|nan|nan|nan|nan|nan|nan|nan|nan|nan|nan|nan|nan|nan|nan|nan|nan|nan|nan|nan|nan|nan|nan|nan|nan|nan|nan|nan|nan|nan|nan|nan|nan|nan|nan|nan|nan|nan|nan|nan|nan|nan|nan|nan|nan|nan|nan
933|nan|nan|nan|nan|nan|nan|nan|nan|nan|nan|nan|nan|nan|nan|nan|nan|nan|nan|nan|nan|nan|nan|nan|nan|nan|nan|nan|nan|nan|nan|nan|nan|nan|nan|nan|nan|nan|nan|nan|nan|nan|nan|nan|nan|nan|nan|nan|nan|nan|nan
934|nan|nan|nan|nan|nan|nan|nan|nan|nan|nan|nan|nan|nan|nan|nan|nan|nan|nan|nan|nan|nan|nan|nan|nan|nan|nan|nan|nan|nan|nan|nan|nan|nan|nan|nan|nan|nan|nan|nan|nan|nan|nan|nan|nan|nan|nan|nan|nan|nan|nan
935|nan|nan|nan|nan|nan|nan|nan|nan|nan|nan|nan|nan|nan|nan|nan|nan|nan|nan|nan|nan|nan|nan|nan|nan|nan|nan|nan|nan|nan|nan|nan|nan|nan|nan|nan|nan|nan|nan|nan|nan|nan|nan|nan|nan|nan|nan|nan|nan|nan|nan
936|nan|nan|nan|nan|nan|nan|nan|nan|nan|nan|nan|nan|nan|nan|nan|nan|nan|nan|nan|nan|nan|nan|nan|nan|nan|nan|nan|nan|nan|nan|nan|nan|nan|nan|nan|nan|nan|nan|nan|nan|nan|nan|nan|nan|nan|nan|nan|nan|nan|nan
937|nan|nan|nan|nan|nan|nan|nan|nan|nan|nan|nan|nan|nan|nan|nan|nan|nan|nan|nan|nan|nan|nan|nan|nan|nan|nan|nan|nan|nan|nan|nan|nan|nan|nan|nan|nan|nan|nan|nan|nan|nan|nan|nan|nan|nan|nan|nan|nan|nan|nan
938|nan|nan|nan|nan|nan|nan|nan|nan|nan|nan|nan|nan|nan|nan|nan|nan|nan|nan|nan|nan|nan|nan|nan|nan|nan|nan|nan|nan|nan|nan|nan|nan|nan|nan|nan|nan|nan|nan|nan|nan|nan|nan|nan|nan|nan|nan|nan|nan|nan|nan
939|nan|nan|nan|nan|nan|nan|nan|nan|nan|nan|nan|nan|nan|nan|nan|nan|nan|nan|nan|nan|nan|nan|nan|nan|nan|nan|nan|nan|nan|nan|nan|nan|nan|nan|nan|nan|nan|nan|nan|nan|nan|nan|nan|nan|nan|nan|nan|nan|nan|nan
940|nan|nan|nan|nan|nan|nan|nan|nan|nan|nan|nan|nan|nan|nan|nan|nan|nan|nan|nan|nan|nan|nan|nan|nan|nan|nan|nan|nan|nan|nan|nan|nan|nan|nan|nan|nan|nan|nan|nan|nan|nan|nan|nan|nan|nan|nan|nan|nan|nan|nan
941|nan|nan|nan|nan|nan|nan|nan|nan|nan|nan|nan|nan|nan|nan|nan|nan|nan|nan|nan|nan|nan|nan|nan|nan|nan|nan|nan|nan|nan|nan|nan|nan|nan|nan|nan|nan|nan|nan|nan|nan|nan|nan|nan|nan|nan|nan|nan|nan|nan|nan
942|nan|nan|nan|nan|nan|nan|nan|nan|nan|nan|nan|nan|nan|nan|nan|nan|nan|nan|nan|nan|nan|nan|nan|nan|nan|nan|nan|nan|nan|nan|nan|nan|nan|nan|nan|nan|nan|nan|nan|nan|nan|nan|nan|nan|nan|nan|nan|nan|nan|nan
943|nan|nan|nan|nan|nan|nan|nan|nan|nan|nan|nan|nan|nan|nan|nan|nan|nan|nan|nan|nan|nan|nan|nan|nan|nan|nan|nan|nan|nan|nan|nan|nan|nan|nan|nan|nan|nan|nan|nan|nan|nan|nan|nan|nan|nan|nan|nan|nan|nan|nan
944|nan|nan|nan|nan|nan|nan|nan|nan|nan|nan|nan|nan|nan|nan|nan|nan|nan|nan|nan|nan|nan|nan|nan|nan|nan|nan|nan|nan|nan|nan|nan|nan|nan|nan|nan|nan|nan|nan|nan|nan|nan|nan|nan|nan|nan|nan|nan|nan|nan|nan
945|nan|nan|nan|nan|nan|nan|nan|nan|nan|nan|nan|nan|nan|nan|nan|nan|nan|nan|nan|nan|nan|nan|nan|nan|nan|nan|nan|nan|nan|nan|nan|nan|nan|nan|nan|nan|nan|nan|nan|nan|nan|nan|nan|nan|nan|nan|nan|nan|nan|nan
946|nan|nan|nan|nan|nan|nan|nan|nan|nan|nan|nan|nan|nan|nan|nan|nan|nan|nan|nan|nan|nan|nan|nan|nan|nan|nan|nan|nan|nan|nan|nan|nan|nan|nan|nan|nan|nan|nan|nan|nan|nan|nan|nan|nan|nan|nan|nan|nan|nan|nan
947|nan|nan|nan|nan|nan|nan|nan|nan|nan|nan|nan|nan|nan|nan|nan|nan|nan|nan|nan|nan|nan|nan|nan|nan|nan|nan|nan|nan|nan|nan|nan|nan|nan|nan|nan|nan|nan|nan|nan|nan|nan|nan|nan|nan|nan|nan|nan|nan|nan|nan
948|nan|nan|nan|nan|nan|nan|nan|nan|nan|nan|nan|nan|nan|nan|nan|nan|nan|nan|nan|nan|nan|nan|nan|nan|nan|nan|nan|nan|nan|nan|nan|nan|nan|nan|nan|nan|nan|nan|nan|nan|nan|nan|nan|nan|nan|nan|nan|nan|nan|nan
949|nan|nan|nan|nan|nan|nan|nan|nan|nan|nan|nan|nan|nan|nan|nan|nan|nan|nan|nan|nan|nan|nan|nan|nan|nan|nan|nan|nan|nan|nan|nan|nan|nan|nan|nan|nan|nan|nan|nan|nan|nan|nan|nan|nan|nan|nan|nan|nan|nan|nan
950|nan|nan|nan|nan|nan|nan|nan|nan|nan|nan|nan|nan|nan|nan|nan|nan|nan|nan|nan|nan|nan|nan|nan|nan|nan|nan|nan|nan|nan|nan|nan|nan|nan|nan|nan|nan|nan|nan|nan|nan|nan|nan|nan|nan|nan|nan|nan|nan|nan|nan
951|nan|nan|nan|nan|nan|nan|nan|nan|nan|nan|nan|nan|nan|nan|nan|nan|nan|nan|nan|nan|nan|nan|nan|nan|nan|nan|nan|nan|nan|nan|nan|nan|nan|nan|nan|nan|nan|nan|nan|nan|nan|nan|nan|nan|nan|nan|nan|nan|nan|nan
952|nan|nan|nan|nan|nan|nan|nan|nan|nan|nan|nan|nan|nan|nan|nan|nan|nan|nan|nan|nan|nan|nan|nan|nan|nan|nan|nan|nan|nan|nan|nan|nan|nan|nan|nan|nan|nan|nan|nan|nan|nan|nan|nan|nan|nan|nan|nan|nan|nan|nan
953|nan|nan|nan|nan|nan|nan|nan|nan|nan|nan|nan|nan|nan|nan|nan|nan|nan|nan|nan|nan|nan|nan|nan|nan|nan|nan|nan|nan|nan|nan|nan|nan|nan|nan|nan|nan|nan|nan|nan|nan|nan|nan|nan|nan|nan|nan|nan|nan|nan|nan
954|nan|nan|nan|nan|nan|nan|nan|nan|nan|nan|nan|nan|nan|nan|nan|nan|nan|nan|nan|nan|nan|nan|nan|nan|nan|nan|nan|nan|nan|nan|nan|nan|nan|nan|nan|nan|nan|nan|nan|nan|nan|nan|nan|nan|nan|nan|nan|nan|nan|nan
955|nan|nan|nan|nan|nan|nan|nan|nan|nan|nan|nan|nan|nan|nan|nan|nan|nan|nan|nan|nan|nan|nan|nan|nan|nan|nan|nan|nan|nan|nan|nan|nan|nan|nan|nan|nan|nan|nan|nan|nan|nan|nan|nan|nan|nan|nan|nan|nan|nan|nan
956|nan|nan|nan|nan|nan|nan|nan|nan|nan|nan|nan|nan|nan|nan|nan|nan|nan|nan|nan|nan|nan|nan|nan|nan|nan|nan|nan|nan|nan|nan|nan|nan|nan|nan|nan|nan|nan|nan|nan|nan|nan|nan|nan|nan|nan|nan|nan|nan|nan|nan
957|nan|nan|nan|nan|nan|nan|nan|nan|nan|nan|nan|nan|nan|nan|nan|nan|nan|nan|nan|nan|nan|nan|nan|nan|nan|nan|nan|nan|nan|nan|nan|nan|nan|nan|nan|nan|nan|nan|nan|nan|nan|nan|nan|nan|nan|nan|nan|nan|nan|nan
958|nan|nan|nan|nan|nan|nan|nan|nan|nan|nan|nan|nan|nan|nan|nan|nan|nan|nan|nan|nan|nan|nan|nan|nan|nan|nan|nan|nan|nan|nan|nan|nan|nan|nan|nan|nan|nan|nan|nan|nan|nan|nan|nan|nan|nan|nan|nan|nan|nan|nan
959|nan|nan|nan|nan|nan|nan|nan|nan|nan|nan|nan|nan|nan|nan|nan|nan|nan|nan|nan|nan|nan|nan|nan|nan|nan|nan|nan|nan|nan|nan|nan|nan|nan|nan|nan|nan|nan|nan|nan|nan|nan|nan|nan|nan|nan|nan|nan|nan|nan|nan
1000|nan|nan|nan|nan|nan|nan|nan|nan|nan|nan|nan|nan|nan|nan|nan|nan|nan|nan|nan|nan|nan|nan|nan|nan|nan|nan|nan|nan|nan|nan|nan|nan|nan|nan|nan|nan|nan|nan|nan|nan|nan|nan|nan|nan|nan|nan|nan|nan|nan|nan
1001|nan|nan|nan|nan|nan|nan|nan|nan|nan|nan|nan|nan|nan|nan|nan|nan|nan|nan|nan|nan|nan|nan|nan|nan|nan|nan|nan|nan|nan|nan|nan|nan|nan|nan|nan|nan|nan|nan|nan|nan|nan|nan|nan|nan|nan|nan|nan|nan|nan|nan
1002|nan|nan|nan|nan|nan|nan|nan|nan|nan|nan|nan|nan|nan|nan|nan|nan|nan|nan|nan|nan|nan|nan|nan|nan|nan|nan|nan|nan|nan|nan|nan|nan|nan|nan|nan|nan|nan|nan|nan|nan|nan|nan|nan|nan|nan|nan|nan|nan|nan|nan
1003|nan|nan|nan|nan|nan|nan|nan|nan|nan|nan|nan|nan|nan|nan|nan|nan|nan|nan|nan|nan|nan|nan|nan|nan|nan|nan|nan|nan|nan|nan|nan|nan|nan|nan|nan|nan|nan|nan|nan|nan|nan|nan|nan|nan|nan|nan|nan|nan|nan|nan
1004|nan|nan|nan|nan|nan|nan|nan|nan|nan|nan|nan|nan|nan|nan|nan|nan|nan|nan|nan|nan|nan|nan|nan|nan|nan|nan|nan|nan|nan|nan|nan|nan|nan|nan|nan|nan|nan|nan|nan|nan|nan|nan|nan|nan|nan|nan|nan|nan|nan|nan
1005|nan|nan|nan|nan|nan|nan|nan|nan|nan|nan|nan|nan|nan|nan|nan|nan|nan|nan|nan|nan|nan|nan|nan|nan|nan|nan|nan|nan|nan|nan|nan|nan|nan|nan|nan|nan|nan|nan|nan|nan|nan|nan|nan|nan|nan|nan|nan|nan|nan|nan
1006|nan|nan|nan|nan|nan|nan|nan|nan|nan|nan|nan|nan|nan|nan|nan|nan|nan|nan|nan|nan|nan|nan|nan|nan|nan|nan|nan|nan|nan|nan|nan|nan|nan|nan|nan|nan|nan|nan|nan|nan|nan|nan|nan|nan|nan|nan|nan|nan|nan|nan
1007|nan|nan|nan|nan|nan|nan|nan|nan|nan|nan|nan|nan|nan|nan|nan|nan|nan|nan|nan|nan|nan|nan|nan|nan|nan|nan|nan|nan|nan|nan|nan|nan|nan|nan|nan|nan|nan|nan|nan|nan|nan|nan|nan|nan|nan|nan|nan|nan|nan|nan
1008|nan|nan|nan|nan|nan|nan|nan|nan|nan|nan|nan|nan|nan|nan|nan|nan|nan|nan|nan|nan|nan|nan|nan|nan|nan|nan|nan|nan|nan|nan|nan|nan|nan|nan|nan|nan|nan|nan|nan|nan|nan|nan|nan|nan|nan|nan|nan|nan|nan|nan
1009|nan|nan|nan|nan|nan|nan|nan|nan|nan|nan|nan|nan|nan|nan|nan|nan|nan|nan|nan|nan|nan|nan|nan|nan|nan|nan|nan|nan|nan|nan|nan|nan|nan|nan|nan|nan|nan|nan|nan|nan|nan|nan|nan|nan|nan|nan|nan|nan|nan|nan
1010|nan|nan|nan|nan|nan|nan|nan|nan|nan|nan|nan|nan|nan|nan|nan|nan|nan|nan|nan|nan|nan|nan|nan|nan|nan|nan|nan|nan|nan|nan|nan|nan|nan|nan|nan|nan|nan|nan|nan|nan|nan|nan|nan|nan|nan|nan|nan|nan|nan|nan
1011|nan|nan|nan|nan|nan|nan|nan|nan|nan|nan|nan|nan|nan|nan|nan|nan|nan|nan|nan|nan|nan|nan|nan|nan|nan|nan|nan|nan|nan|nan|nan|nan|nan|nan|nan|nan|nan|nan|nan|nan|nan|nan|nan|nan|nan|nan|nan|nan|nan|nan
1012|nan|nan|nan|nan|nan|nan|nan|nan|nan|nan|nan|nan|nan|nan|nan|nan|nan|nan|nan|nan|nan|nan|nan|nan|nan|nan|nan|nan|nan|nan|nan|nan|nan|nan|nan|nan|nan|nan|nan|nan|nan|nan|nan|nan|nan|nan|nan|nan|nan|nan
1013|nan|nan|nan|nan|nan|nan|nan|nan|nan|nan|nan|nan|nan|nan|nan|nan|nan|nan|nan|nan|nan|nan|nan|nan|nan|nan|nan|nan|nan|-1841.533918|nan|nan|nan|nan|nan|nan|nan|nan|nan|nan|nan|nan|nan|nan|nan|nan|nan|nan|nan|nan
1014|nan|nan|nan|nan|nan|nan|nan|nan|nan|nan|nan|nan|nan|nan|nan|nan|nan|nan|nan|nan|nan|nan|nan|nan|nan|nan|nan|nan|nan|-1042.097156|nan|nan|nan|nan|nan|nan|nan|nan|nan|nan|nan|nan|nan|nan|nan|nan|nan|nan|nan|nan
1030|nan|nan|nan|nan|nan|nan|nan|nan|nan|nan|nan|nan|nan|nan|nan|nan|nan|nan|nan|nan|nan|nan|nan|nan|nan|nan|nan|nan|nan|-377.712415|nan|nan|nan|nan|nan|nan|nan|nan|nan|nan|nan|nan|nan|nan|nan|nan|nan|nan|nan|nan
1031|nan|nan|nan|nan|nan|nan|nan|nan|nan|nan|nan|nan|nan|nan|nan|nan|nan|nan|nan|nan|nan|nan|nan|nan|nan|nan|nan|nan|nan|-283.284311|nan|nan|nan|nan|nan|nan|nan|nan|nan|nan|nan|nan|nan|nan|nan|nan|nan|nan|nan|nan
1032|nan|nan|nan|nan|nan|nan|nan|nan|nan|nan|nan|nan|nan|nan|nan|nan|nan|nan|nan|nan|nan|nan|nan|nan|nan|nan|nan|nan|nan|-402.880237|nan|nan|nan|nan|nan|nan|nan|nan|nan|nan|nan|nan|nan|nan|nan|nan|nan|nan|nan|nan
1033|nan|nan|nan|nan|nan|nan|nan|nan|nan|nan|nan|nan|nan|nan|nan|nan|nan|nan|nan|nan|nan|nan|nan|nan|nan|nan|nan|nan|nan|-335.733531|nan|nan|nan|nan|nan|nan|nan|nan|nan|nan|nan|nan|nan|nan|nan|nan|nan|nan|nan|nan
1034|nan|nan|nan|nan|nan|nan|nan|nan|nan|nan|nan|nan|nan|nan|nan|nan|nan|nan|nan|nan|nan|nan|nan|nan|nan|nan|nan|nan|nan|-316.293038|nan|nan|nan|nan|nan|nan|nan|nan|nan|nan|nan|nan|nan|nan|nan|nan|nan|nan|nan|nan
1035|nan|nan|nan|nan|nan|nan|nan|nan|nan|nan|nan|nan|nan|nan|nan|nan|nan|nan|nan|nan|nan|nan|nan|nan|nan|nan|nan|nan|nan|-253.279291|nan|nan|nan|nan|nan|nan|nan|nan|nan|nan|nan|nan|nan|nan|nan|nan|nan|nan|nan|nan
1036|nan|nan|nan|nan|nan|nan|nan|nan|nan|nan|nan|nan|nan|nan|nan|nan|nan|nan|nan|nan|nan|nan|nan|nan|nan|nan|nan|nan|nan|-225.137147|nan|nan|nan|nan|nan|nan|nan|nan|nan|nan|nan|nan|nan|nan|nan|nan|nan|nan|nan|nan
1037|nan|nan|nan|nan|nan|nan|nan|nan|nan|nan|nan|nan|nan|nan|nan|nan|nan|nan|nan|nan|nan|nan|nan|nan|nan|nan|nan|nan|nan|-210.878576|nan|nan|nan|nan|nan|nan|nan|nan|nan|nan|nan|nan|nan|nan|nan|nan|nan|nan|nan|nan
1038|nan|nan|nan|nan|nan|nan|nan|nan|nan|nan|nan|nan|nan|nan|nan|nan|nan|nan|nan|nan|nan|nan|nan|nan|nan|nan|nan|nan|nan|-191.707796|nan|nan|nan|nan|nan|nan|nan|nan|nan|nan|nan|nan|nan|nan|nan|nan|nan|nan|nan|nan
1039|nan|nan|nan|nan|nan|nan|nan|nan|nan|nan|nan|nan|nan|nan|nan|nan|nan|nan|nan|nan|nan|nan|nan|nan|nan|nan|nan|nan|nan|-175.732146|nan|nan|nan|nan|nan|nan|nan|nan|nan|nan|nan|nan|nan|nan|nan|nan|nan|nan|nan|nan
1040|nan|nan|nan|nan|nan|nan|nan|nan|nan|nan|nan|nan|nan|nan|nan|nan|nan|nan|nan|nan|nan|nan|nan|nan|nan|nan|nan|nan|nan|-151.204702|nan|nan|nan|nan|nan|nan|nan|nan|nan|nan|nan|nan|nan|nan|nan|nan|nan|nan|nan|nan
1041|nan|nan|nan|nan|nan|nan|nan|nan|nan|nan|nan|nan|nan|nan|nan|nan|nan|nan|nan|nan|nan|nan|nan|nan|nan|nan|nan|nan|nan|-263.728495|nan|nan|nan|nan|nan|nan|nan|nan|nan|nan|nan|nan|nan|nan|nan|nan|nan|nan|nan|nan
1042|nan|nan|nan|nan|nan|nan|nan|nan|nan|nan|nan|nan|nan|nan|nan|nan|nan|nan|nan|nan|nan|nan|nan|nan|nan|nan|nan|nan|nan|-246.146595|nan|nan|nan|nan|nan|nan|nan|nan|nan|nan|nan|nan|nan|nan|nan|nan|nan|nan|nan|nan
1043|nan|nan|nan|nan|nan|nan|nan|nan|nan|nan|nan|nan|nan|nan|nan|nan|nan|nan|nan|nan|nan|nan|nan|nan|nan|nan|nan|nan|nan|-254.947539|nan|0.370228|nan|nan|nan|-1836.095447|nan|nan|nan|nan|-655246.231413|nan|nan|3.814005|nan|-23.685536|nan|0.611833|nan|nan
1044|nan|nan|nan|nan|nan|nan|nan|nan|nan|nan|nan|nan|nan|nan|nan|nan|nan|nan|nan|nan|nan|nan|nan|nan|nan|nan|nan|nan|nan|-232.604657|nan|0.370228|nan|nan|nan|-1834.066560|nan|nan|nan|nan|-655246.231413|nan|nan|3.801558|nan|-23.685536|nan|0.611833|nan|nan
1045|nan|nan|nan|nan|nan|nan|nan|nan|nan|nan|nan|nan|nan|nan|nan|nan|nan|nan|nan|nan|nan|nan|nan|nan|nan|nan|nan|nan|nan|-219.682176|nan|0.370228|nan|nan|nan|-1835.003319|nan|nan|nan|nan|-655246.231413|nan|nan|3.788975|nan|-23.685536|nan|0.611833|nan|nan
1046|nan|nan|nan|nan|nan|nan|nan|nan|nan|nan|nan|nan|nan|nan|nan|nan|nan|nan|nan|nan|nan|nan|nan|nan|nan|nan|nan|nan|nan|-189.253195|nan|0.370228|nan|nan|nan|-1834.224186|nan|nan|nan|nan|-655246.231413|nan|nan|3.776833|nan|-23.685536|nan|0.611833|nan|nan
1047|nan|nan|nan|nan|nan|nan|nan|nan|nan|nan|nan|nan|nan|nan|nan|nan|nan|nan|nan|nan|nan|nan|nan|nan|nan|nan|nan|nan|nan|-182.728258|nan|0.370228|nan|nan|nan|-1835.387490|nan|nan|nan|nan|-655246.231413|nan|nan|3.764663|nan|-23.685536|nan|0.611833|nan|nan
1048|nan|nan|nan|nan|nan|nan|nan|nan|nan|nan|nan|nan|nan|nan|nan|nan|nan|nan|nan|nan|nan|nan|nan|nan|nan|nan|nan|nan|nan|-174.026912|nan|0.370228|nan|nan|nan|-1835.319211|nan|nan|nan|nan|-655246.231413|nan|nan|3.752625|nan|-23.685536|nan|0.611833|nan|nan
1049|nan|nan|nan|nan|nan|nan|nan|nan|nan|nan|nan|nan|nan|nan|nan|nan|nan|nan|nan|nan|nan|nan|nan|nan|nan|nan|nan|nan|nan|-176.490228|nan|0.370228|nan|nan|nan|-1835.380328|nan|nan|nan|nan|-655246.231413|nan|nan|3.740733|nan|-23.685536|nan|0.611833|nan|nan
1050|nan|nan|nan|nan|nan|nan|nan|nan|nan|nan|nan|nan|nan|nan|nan|nan|nan|nan|nan|nan|nan|nan|nan|nan|nan|nan|nan|nan|nan|-176.158097|nan|0.370228|nan|nan|nan|-1836.474723|nan|nan|nan|nan|-655246.231413|nan|nan|3.728863|nan|-23.685536|nan|0.611833|nan|nan
1051|nan|nan|nan|nan|nan|nan|nan|nan|nan|nan|nan|nan|nan|nan|nan|nan|nan|nan|nan|nan|nan|nan|nan|nan|nan|nan|nan|nan|nan|-150.315321|nan|0.370228|nan|nan|nan|-1835.252886|nan|nan|nan|nan|-655246.231413|nan|nan|3.717064|nan|-23.685536|nan|0.611833|nan|nan
1052|nan|nan|nan|nan|nan|nan|nan|nan|nan|nan|nan|nan|nan|nan|nan|nan|nan|nan|nan|nan|nan|nan|nan|nan|nan|nan|nan|nan|nan|-144.302708|nan|0.370228|nan|nan|nan|-1835.486952|nan|nan|nan|nan|-655246.231413|nan|nan|3.705393|nan|-23.685536|nan|0.611833|nan|nan
1053|nan|nan|nan|nan|nan|nan|nan|nan|nan|nan|nan|nan|nan|nan|nan|nan|nan|nan|nan|nan|nan|nan|nan|nan|nan|nan|nan|nan|nan|-138.752604|nan|0.370228|nan|nan|nan|-1835.958952|nan|nan|nan|nan|-655246.231413|nan|nan|3.694215|nan|-23.685536|nan|0.611833|nan|nan
1054|nan|nan|nan|nan|nan|nan|nan|nan|nan|nan|nan|nan|nan|nan|nan|nan|nan|nan|nan|nan|nan|nan|nan|nan|nan|nan|nan|nan|nan|-133.613619|nan|0.370228|nan|nan|nan|-1834.797492|nan|nan|nan|nan|-655246.231413|nan|nan|3.683084|nan|-23.685536|nan|0.611833|nan|nan
1055|nan|nan|nan|nan|nan|nan|nan|nan|nan|nan|nan|nan|nan|nan|nan|nan|nan|nan|nan|nan|nan|nan|nan|nan|nan|nan|nan|nan|nan|-121.392723|nan|0.370228|nan|nan|nan|-1835.320794|nan|nan|nan|nan|-655246.231413|nan|nan|3.672041|nan|-23.685536|nan|0.611833|nan|nan
1056|nan|nan|nan|nan|nan|nan|nan|nan|nan|nan|nan|nan|nan|nan|nan|nan|nan|nan|nan|nan|nan|nan|nan|nan|nan|nan|nan|nan|nan|-120.741901|nan|0.370228|nan|nan|nan|-1835.162690|nan|nan|nan|nan|-655246.231413|nan|nan|3.661083|nan|-23.685536|nan|0.611833|nan|nan
1057|nan|nan|nan|nan|nan|nan|nan|nan|nan|nan|nan|nan|nan|nan|nan|nan|nan|nan|nan|nan|nan|nan|nan|nan|nan|nan|nan|nan|nan|-116.717171|nan|0.370228|nan|nan|nan|-1835.380650|nan|nan|nan|nan|-655246.231413|nan|nan|3.650207|nan|-23.685536|nan|0.611833|nan|nan
1058|nan|nan|nan|nan|nan|nan|nan|nan|nan|nan|nan|nan|nan|nan|nan|nan|nan|nan|nan|nan|nan|nan|nan|nan|0.090286|nan|nan|nan|nan|-119.339344|nan|0.370228|nan|nan|nan|-1836.282038|nan|nan|nan|nan|-655246.231413|nan|nan|3.639515|nan|-23.685536|nan|0.611833|nan|-221.087953
1059|nan|nan|nan|nan|nan|nan|nan|nan|nan|nan|nan|nan|nan|nan|nan|nan|nan|nan|nan|nan|nan|nan|nan|nan|0.090286|nan|nan|nan|nan|-115.609990|nan|0.370228|nan|nan|nan|-1834.667759|nan|nan|nan|nan|-655246.231413|nan|nan|3.628939|nan|-23.685536|nan|0.611833|nan|-221.087953
1100|nan|nan|nan|nan|nan|nan|nan|nan|nan|nan|nan|nan|nan|nan|nan|nan|nan|nan|nan|nan|nan|nan|nan|nan|0.090286|nan|nan|nan|nan|-129.400955|nan|0.370228|nan|nan|nan|-1834.683133|nan|nan|nan|nan|-655246.231413|nan|nan|3.618458|nan|-23.685536|nan|0.611833|nan|-221.087953
1101|nan|nan|nan|nan|nan|nan|nan|nan|nan|nan|nan|nan|nan|nan|nan|nan|nan|nan|nan|nan|nan|nan|nan|nan|0.090286|nan|nan|nan|nan|-122.853593|nan|0.370228|nan|nan|nan|-1834.860510|nan|nan|nan|nan|-655246.231413|nan|nan|3.608117|nan|-23.685536|nan|0.611833|nan|-221.087953
1102|nan|nan|nan|nan|nan|nan|nan|nan|nan|nan|nan|nan|nan|nan|nan|nan|nan|nan|nan|nan|nan|nan|nan|nan|0.090286|nan|nan|nan|nan|-116.732296|nan|0.370228|nan|nan|nan|-1835.621537|nan|nan|nan|nan|-655246.231413|nan|nan|3.597999|nan|-23.685536|nan|0.611833|nan|-221.087953
1103|nan|nan|nan|nan|nan|nan|nan|nan|nan|nan|nan|nan|nan|nan|nan|nan|nan|nan|nan|nan|nan|nan|nan|nan|0.090286|nan|nan|nan|nan|-110.999311|nan|0.370228|nan|nan|nan|-1835.147774|nan|nan|nan|nan|-655246.231413|nan|nan|3.589090|nan|-23.685536|nan|0.611833|nan|-221.087953
1104|nan|nan|nan|nan|nan|nan|nan|nan|nan|nan|nan|nan|nan|nan|nan|nan|nan|nan|nan|nan|nan|nan|nan|nan|0.090286|nan|nan|nan|nan|-105.618523|nan|0.370228|nan|nan|nan|-1833.989150|nan|nan|nan|nan|-655246.231413|nan|nan|3.580966|nan|-23.685536|nan|0.611833|nan|-221.087953
1105|nan|nan|nan|nan|nan|nan|nan|nan|nan|nan|nan|nan|nan|nan|nan|nan|nan|nan|nan|nan|nan|nan|nan|nan|0.090286|nan|nan|nan|nan|-107.397503|nan|0.370228|nan|nan|nan|-1836.027850|nan|nan|nan|nan|-655246.231413|nan|nan|3.573742|nan|-23.685536|nan|0.611833|nan|-221.087953
1106|nan|nan|nan|nan|nan|nan|nan|nan|nan|nan|nan|nan|nan|nan|nan|nan|nan|nan|nan|nan|nan|nan|nan|nan|0.090286|nan|nan|nan|nan|-106.828552|nan|0.370228|nan|nan|nan|-1835.259291|nan|nan|nan|nan|-655246.231413|nan|nan|3.567302|nan|-23.685536|nan|0.611833|nan|-221.087953
1107|nan|nan|nan|nan|nan|nan|nan|nan|nan|nan|nan|nan|nan|nan|nan|nan|nan|nan|nan|nan|nan|nan|nan|nan|0.090286|nan|nan|nan|nan|-104.157838|nan|0.370228|nan|nan|nan|-1835.862650|nan|nan|nan|nan|-655246.231413|nan|nan|3.561628|nan|-23.685536|nan|0.611833|nan|-221.087953
1108|nan|nan|nan|nan|nan|nan|nan|nan|nan|nan|nan|nan|nan|nan|nan|nan|nan|nan|nan|nan|nan|nan|nan|nan|0.090286|nan|nan|nan|nan|-105.635557|nan|0.370228|nan|nan|nan|-1835.574926|nan|nan|nan|nan|-655246.231413|nan|nan|3.556434|nan|-23.109748|nan|0.611833|nan|-221.087953
1109|nan|nan|nan|nan|nan|nan|nan|nan|nan|nan|nan|nan|nan|nan|nan|nan|nan|nan|nan|nan|nan|nan|nan|nan|0.090286|nan|nan|nan|nan|-103.120425|nan|0.370228|nan|nan|nan|-1834.926907|nan|nan|nan|nan|-655246.231413|nan|nan|3.551817|nan|-22.459086|nan|0.611833|nan|-221.087953
1110|nan|nan|nan|nan|nan|nan|nan|nan|nan|nan|nan|nan|nan|nan|nan|nan|nan|nan|nan|nan|nan|nan|nan|nan|0.090286|nan|nan|nan|nan|-115.525798|nan|0.370228|nan|nan|nan|-1834.599900|nan|nan|nan|nan|-655246.231413|nan|nan|3.547641|nan|-21.854901|nan|0.611833|nan|-221.087953
1111|nan|nan|nan|nan|nan|nan|nan|nan|nan|nan|nan|nan|nan|nan|nan|nan|nan|nan|nan|nan|nan|nan|nan|nan|0.090286|nan|nan|nan|nan|-95.131454|nan|0.370228|nan|nan|nan|-1831.544184|nan|nan|nan|nan|-655246.231413|nan|nan|3.542667|nan|-21.292384|nan|0.611833|nan|-221.087953
1112|nan|nan|nan|nan|nan|nan|nan|nan|nan|nan|nan|nan|nan|nan|nan|nan|nan|nan|nan|nan|nan|nan|nan|nan|0.090286|nan|nan|nan|nan|-93.017421|nan|0.370228|nan|nan|nan|-1835.160839|nan|nan|nan|nan|-655246.231413|nan|nan|3.537820|nan|-20.767367|nan|0.611833|nan|-221.087953
1113|nan|nan|nan|nan|nan|nan|nan|nan|2070.000000|nan|nan|52852869.217777|nan|nan|nan|nan|nan|nan|nan|nan|nan|nan|nan|nan|0.090286|nan|nan|nan|nan|-90.175040|nan|0.370228|nan|nan|nan|-1834.708644|nan|nan|nan|nan|-655246.231413|nan|nan|3.533383|nan|-20.162579|nan|0.611833|nan|-221.087953
1114|nan|nan|nan|nan|nan|nan|nan|nan|2070.000000|nan|nan|58061092.222232|nan|nan|nan|nan|nan|nan|nan|nan|nan|nan|nan|nan|0.090286|nan|nan|nan|nan|-91.408412|nan|0.370228|nan|nan|nan|-1835.676427|nan|nan|nan|nan|-655246.231413|nan|nan|3.529052|nan|-19.557791|nan|0.611833|nan|-221.087953
1115|nan|nan|nan|nan|nan|nan|nan|nan|2070.000000|nan|nan|61064428.636922|nan|nan|nan|nan|nan|nan|nan|nan|nan|nan|nan|nan|0.090286|nan|nan|nan|nan|-80.425724|nan|0.370228|nan|nan|nan|-1834.914479|nan|nan|nan|nan|-655246.231413|nan|nan|3.524578|nan|-18.953003|nan|0.611833|nan|-221.087953
1116|nan|nan|nan|nan|nan|nan|nan|nan|2070.000000|nan|nan|64589006.651083|nan|nan|nan|nan|nan|nan|nan|nan|nan|nan|nan|nan|0.090286|nan|nan|nan|nan|-78.784383|nan|0.370228|nan|nan|nan|-1836.085778|nan|nan|nan|nan|-655246.231413|nan|nan|3.519905|nan|-18.348215|nan|0.611833|nan|-221.087953
1117|nan|nan|nan|nan|nan|nan|nan|nan|2070.000000|nan|nan|53179328.668002|nan|nan|nan|nan|nan|nan|nan|nan|nan|nan|nan|nan|0.090286|nan|nan|nan|nan|-77.208695|nan|0.370228|nan|nan|nan|-1835.371136|nan|nan|nan|nan|-655246.231413|nan|nan|3.515088|nan|-17.743427|nan|0.611833|nan|-221.087953
1118|nan|nan|nan|nan|nan|nan|nan|nan|2070.000000|nan|nan|45513915.150969|nan|nan|nan|nan|nan|nan|nan|nan|nan|nan|nan|0.233360|0.090286|nan|nan|nan|nan|-75.694799|nan|0.370228|nan|nan|nan|-1835.507038|nan|nan|nan|nan|-655246.231413|nan|nan|3.510107|nan|-17.138639|nan|0.611833|nan|-221.087953
1119|nan|nan|nan|nan|nan|nan|nan|nan|2070.000000|nan|nan|41557646.328479|nan|nan|nan|nan|nan|nan|nan|nan|nan|nan|nan|0.233360|0.090286|nan|nan|nan|nan|-74.239130|nan|0.370228|nan|nan|nan|-1835.479469|nan|nan|nan|nan|-655246.231413|nan|nan|3.505120|nan|-16.533851|nan|0.611833|nan|-221.087953
1120|nan|nan|nan|nan|nan|nan|nan|nan|2070.000000|nan|nan|34444208.444983|nan|nan|nan|nan|nan|nan|nan|nan|nan|nan|nan|0.233360|0.090286|nan|nan|nan|nan|-72.838392|nan|0.370228|nan|nan|nan|-1835.837965|nan|nan|nan|nan|-655246.231413|nan|nan|3.502594|nan|-15.929063|nan|0.611833|nan|-221.087953
1121|nan|nan|nan|nan|nan|nan|nan|nan|2070.000000|nan|nan|34657003.512427|nan|nan|nan|nan|nan|nan|nan|nan|nan|nan|nan|0.233360|0.090286|nan|nan|nan|nan|-70.317354|nan|0.370228|nan|nan|nan|-1835.262771|nan|nan|nan|nan|-655246.231413|nan|nan|3.502065|nan|-15.324275|nan|0.611833|nan|-221.087953
1122|nan|nan|nan|nan|nan|nan|nan|nan|2070.000000|nan|nan|35282043.873290|nan|nan|nan|nan|nan|nan|nan|nan|nan|nan|nan|0.233360|0.090286|nan|nan|nan|nan|-67.908157|nan|0.370228|nan|nan|nan|-1834.782029|nan|nan|nan|nan|-655246.231413|nan|nan|3.503446|nan|-14.719487|nan|0.611833|nan|-221.087953
1123|nan|nan|nan|37.600000|nan|nan|nan|nan|2070.000000|nan|nan|35318408.408394|nan|nan|nan|nan|nan|nan|nan|nan|nan|nan|nan|0.233360|0.090286|nan|nan|nan|nan|-66.695512|nan|0.370228|nan|nan|nan|-1834.651975|nan|nan|nan|nan|-655246.231413|nan|nan|3.506297|nan|-14.114699|nan|0.611833|nan|-221.087953
1124|nan|nan|nan|37.600000|nan|nan|nan|nan|2070.000000|nan|nan|33704124.939316|nan|nan|nan|nan|nan|nan|nan|nan|nan|nan|nan|0.233360|0.090286|nan|nan|nan|nan|-65.525415|nan|0.370228|nan|nan|nan|-1834.619653|nan|nan|nan|nan|-655246.231413|nan|nan|3.510135|nan|-13.509911|nan|0.611833|nan|-221.087953
1125|nan|nan|nan|37.600000|nan|nan|nan|nan|2070.000000|nan|nan|34616089.726693|nan|nan|nan|nan|nan|nan|nan|nan|nan|nan|nan|0.233360|0.090286|nan|nan|nan|nan|-64.395666|nan|0.370228|nan|nan|nan|-1834.700193|nan|nan|nan|nan|-655246.231413|nan|nan|3.514246|nan|-12.905123|nan|0.611833|nan|-221.087953
1126|nan|nan|nan|37.600000|nan|nan|nan|nan|2070.000000|nan|nan|32922097.399455|nan|nan|nan|nan|nan|nan|nan|nan|nan|nan|nan|0.233360|0.090286|nan|nan|nan|nan|-67.275240|nan|0.370228|nan|nan|nan|-1835.628073|nan|nan|nan|nan|-655246.231413|nan|nan|3.518291|nan|-12.300335|nan|0.611833|nan|-221.087953
1127|nan|nan|nan|37.600000|nan|nan|nan|nan|2070.000000|nan|nan|30233172.189329|nan|nan|nan|nan|nan|nan|nan|nan|nan|nan|nan|0.233360|0.090286|nan|nan|nan|nan|-63.263763|nan|0.370228|nan|nan|nan|-1834.702936|nan|nan|nan|nan|-655246.231413|nan|nan|3.521325|nan|-11.695547|nan|0.611833|nan|-221.087953
1128|32118998.865124|nan|nan|37.600000|nan|nan|nan|28.098406|2367.600000|-3.067589|0.347744|25026174.181136|nan|nan|nan|nan|30.400000|nan|13539316.244762|nan|nan|nan|nan|0.233360|0.090286|nan|nan|-0.854440|nan|-32.571531|nan|0.370228|-3.067589|-0.243269|-3.067589|-1834.039455|-295189383.933945|nan|197544.049788|nan|-655246.231413|nan|nan|3.517399|nan|-11.090759|21.341666|0.611833|nan|-221.087953
1129|34276645.935010|nan|nan|37.600000|nan|nan|nan|28.098406|2367.600000|-3.067589|-0.094060|27639142.705245|nan|nan|nan|nan|28.800000|nan|12370175.418333|nan|nan|nan|nan|0.233360|0.090286|nan|nan|-0.959146|nan|-28.527192|nan|0.370228|-3.067589|-0.245415|-3.067589|-1835.444213|-295189383.933945|nan|197544.049788|nan|-655246.231413|nan|nan|3.513652|nan|-10.485971|18.750000|0.611833|nan|-221.087953
1330|48688555.650000|nan|nan|37.600000|nan|nan|nan|26.174722|3001.600000|-3.067589|-0.094060|44707506.103037|nan|nan|nan|nan|29.800000|nan|11272166.839686|-2.922487|nan|nan|nan|0.233360|0.090286|nan|nan|-0.977172|nan|-46.254004|nan|0.370228|-3.067589|-0.238514|-3.067589|-4749.382857|-295189383.933945|nan|197544.049788|nan|-655246.231413|nan|nan|3.510485|nan|-9.881183|13.050000|0.611833|nan|-221.087953
1331|49185884.030966|nan|nan|37.600000|nan|nan|nan|24.771127|3001.600000|-3.067589|-0.251949|46264881.823580|nan|nan|nan|nan|26.600000|nan|9483240.099587|-2.469484|nan|nan|nan|0.233360|0.090286|nan|nan|-0.977172|nan|-46.254004|nan|0.370228|-3.067589|-0.232347|-3.067589|-4748.870293|-295189383.933945|nan|197544.049788|nan|-655246.231413|nan|nan|3.507836|nan|-9.276395|14.216667|0.611833|nan|-221.087953
1332|45447342.732154|nan|nan|37.600000|nan|nan|nan|24.072636|3001.600000|-3.067589|-0.251949|44237060.186955|nan|nan|nan|nan|28.600000|nan|8661363.710461|-2.022045|nan|nan|nan|0.233360|0.090286|nan|nan|-0.973166|nan|-32.957199|nan|0.370228|-3.067589|-0.225906|-3.067589|-4749.477063|-295189383.933945|nan|197544.049788|nan|-655246.231413|nan|nan|3.505570|nan|-8.671607|9.758333|0.611833|nan|-221.087953
1333|50031594.100918|5.743750|nan|36.600000|nan|nan|nan|22.678763|3001.600000|-3.067589|-0.251949|50848888.397738|nan|nan|nan|nan|19.200000|nan|6708700.597104|-0.445662|nan|nan|nan|0.233360|0.090286|nan|nan|-0.973166|nan|-27.415430|nan|0.370228|-3.067589|-0.220555|-3.067589|-4746.972734|-295189383.933945|nan|197544.049788|nan|-655246.231413|nan|nan|3.503286|nan|-8.066819|4.191666|0.611833|nan|-221.087953
1334|55580186.250568|5.419445|nan|35.200000|nan|nan|nan|19.036688|3001.600000|-3.067589|-0.251949|58012367.504862|nan|nan|nan|nan|23.400000|nan|5110576.055676|-0.445662|nan|nan|nan|0.233360|0.090286|nan|nan|-0.970157|nan|-24.087929|nan|0.370228|-3.067589|-0.220555|-3.067589|-4748.966397|-295189383.933945|nan|197544.049788|nan|-655246.231413|nan|nan|3.501260|nan|-7.462031|3.825000|0.611833|nan|-221.087953
1335|41829503.680014|4.721759|nan|34.200000|nan|nan|nan|8.408144|3001.600000|-3.067589|-0.251949|46608640.231155|nan|nan|nan|nan|16.200000|nan|3137057.953947|-0.445662|nan|nan|nan|0.233360|0.090286|nan|nan|-0.962191|nan|-24.454453|nan|0.370228|-3.067589|-0.220555|-3.067589|-4749.168647|-295189383.933945|nan|197544.049788|nan|-655246.231413|nan|nan|3.499546|nan|-6.857243|-0.925000|0.611833|nan|-221.087953
1336|29261884.134732|4.321528|nan|33.200000|nan|nan|nan|8.408144|3001.600000|-3.067589|-0.251949|33582524.300858|nan|nan|nan|nan|18.400000|nan|805178.554296|0.000000|nan|nan|nan|0.233360|0.090286|nan|nan|-0.962191|nan|-25.836243|nan|0.370228|-3.067589|-0.220555|-3.067589|-4748.992918|-295189383.933945|nan|197544.049788|nan|-655246.231413|nan|nan|3.497925|nan|-6.252455|-5.450000|0.611833|nan|-221.087953
1337|28307760.651954|5.922639|nan|32.000000|nan|nan|nan|6.390698|3001.600000|-3.067589|-0.251949|30843227.769246|nan|nan|nan|nan|12.200000|nan|-1434328.355099|0.753893|nan|nan|nan|0.233360|0.090286|nan|nan|-0.955788|nan|-24.460386|nan|0.370228|-3.067589|-0.220555|-3.067589|-4748.947728|-295189383.933945|nan|197544.049788|nan|-655246.231413|nan|nan|3.495737|nan|-5.647667|-8.691667|0.611833|nan|-221.087953
1338|21574739.452229|6.241088|nan|30.400000|nan|nan|nan|6.390698|3001.600000|-3.067589|-0.251949|23762490.812820|nan|nan|nan|nan|7.800000|nan|-2778219.330065|0.919863|nan|nan|nan|0.233360|0.090286|nan|nan|-0.955788|nan|-23.545864|nan|0.370228|-3.067589|-0.220555|-3.067589|-4748.194013|-295189383.933945|nan|197544.049788|nan|-655246.231413|nan|nan|3.493391|nan|-5.541896|-11.433333|0.611833|nan|-221.087953
1339|27149637.117954|6.295337|nan|27.800000|nan|nan|nan|-0.613045|3001.600000|-3.067589|-0.251949|30643545.724720|nan|nan|nan|nan|0.400000|nan|-3591855.024510|1.143695|nan|nan|nan|0.233360|0.090286|nan|nan|-0.955788|nan|-18.110883|nan|0.370228|-3.067589|-0.220555|-3.067589|-4747.516021|-295189383.933945|nan|197544.049788|nan|-655246.231413|nan|nan|3.490679|nan|-5.541896|-18.783333|0.611833|nan|-221.087953
1340|25230310.918040|6.308030|nan|25.200000|nan|nan|nan|-2.804501|3001.600000|-3.067589|-0.251949|28022500.932586|nan|nan|nan|nan|10.000000|nan|-4582816.949200|1.143695|nan|nan|nan|0.233360|0.090286|nan|nan|-0.954732|nan|-25.858804|nan|0.370228|-3.067589|-0.220555|-3.067589|-4750.309582|-295189383.933945|nan|197544.049788|nan|-655246.231413|nan|nan|3.487626|nan|-5.541896|-19.675000|0.611833|nan|-221.087953
1341|26965106.185192|6.362924|nan|21.200000|nan|nan|nan|-2.804501|3001.600000|-3.067589|-0.251949|29832459.087556|nan|nan|nan|nan|4.600000|nan|-5119442.353753|1.180239|nan|nan|nan|0.233360|0.090286|nan|nan|-0.946324|nan|1.598069|nan|0.370228|-3.067589|-0.220555|-3.067589|-4748.222272|-295189383.933945|nan|197544.049788|nan|-655246.231413|nan|nan|3.484996|nan|-5.541896|-17.825000|0.611833|nan|-221.087953
1342|28046155.181558|6.477674|nan|19.400000|nan|nan|nan|-2.804501|3001.600000|-3.067589|-0.251949|31073231.029318|nan|nan|nan|nan|-1.400000|nan|-5751088.369215|1.180239|nan|nan|nan|0.233360|0.090286|nan|nan|-0.946324|nan|2.460317|nan|0.370228|-3.067589|-0.220555|-3.067589|-4748.565705|-295189383.933945|nan|150530.532060|nan|-137837.631420|nan|nan|3.482925|nan|-5.541896|-15.825000|0.611833|nan|-221.087953
1343|25648632.568330|6.511143|-3.067589|15.000000|nan|31.170360|-4.715776|-4.728759|3001.600000|-3.067589|-0.251949|28666835.904687|-0.182815|36.745651|-4.950712|nan|0.000000|nan|-6020807.002599|1.180239|nan|27.422760|-2.808156|0.233360|0.090286|nan|nan|-0.937724|-2.593124|8.909679|-23.669388|0.370228|-3.067589|-0.220555|-3.067589|-4748.002821|-295189383.933945|nan|150530.532060|-0.000007|-137837.631420|-1.878943|-0.149472|3.477682|-0.181862|-5.541896|-15.825000|0.611833|-2.593124|-106.378942
1344|26792511.783180|6.882784|-3.067589|11.400000|nan|31.170360|-4.715776|-4.728759|3001.600000|-3.067589|-0.251949|29669387.145759|-0.182815|36.745651|-4.952304|nan|3.000000|-4.000000|-6023813.187900|1.180239|nan|26.565353|-3.357745|0.233360|0.090286|nan|nan|-0.931662|-2.563709|5.173496|-23.715332|0.370228|-3.067589|-0.220555|-3.437933|-4748.799153|-295189383.933945|nan|133982.665080|-0.000007|-137837.631420|-1.863096|-0.149233|3.469308|-0.180787|-5.541896|-15.825000|0.611833|-2.563709|-106.378942
1345|16804932.267424|6.668002|-3.067589|7.000000|-5.116486|31.102911|-4.715776|-4.796208|3001.600000|-3.067589|-0.251949|19529506.049113|-0.182815|36.745651|-4.951423|nan|-6.600000|-4.000000|-6021205.644700|1.180239|nan|24.028001|-3.817270|0.233360|0.090286|nan|nan|-0.931662|-2.533005|6.792493|-23.764103|0.370228|-3.067589|-0.220555|-3.437933|-4747.370335|-295189383.933945|nan|133982.665080|-0.000007|-137837.631420|-1.847909|-0.151849|3.460025|-0.166466|-5.541896|-15.825000|0.611833|-2.533005|-96.206168
1346|11504720.800476|6.592758|-3.067589|1.800000|-5.116486|30.660934|-4.715776|-5.238185|3001.600000|-3.067589|-0.251949|13005713.231459|-0.182815|36.745651|-4.950982|nan|-7.400000|-4.000000|-6015526.636766|1.180239|nan|20.508858|-4.255342|0.233360|0.090286|nan|nan|-0.923582|-2.503605|1.610000|-23.816452|0.370228|-3.067589|-0.220555|-3.437933|-4748.243418|-295189383.933945|nan|133982.665080|-0.000007|-137837.631420|-1.827438|-0.157135|3.450170|-0.146250|-5.541896|-15.825000|0.611833|-2.503605|-96.206168
1347|7555749.600000|6.462407|-3.067589|-3.200000|-8.955723|30.070573|-4.715776|-7.828546|3001.600000|-3.067589|-0.251949|8414909.225608|-0.182815|35.090828|-4.949086|nan|-11.200000|-4.000000|-6011211.570114|1.180239|nan|25.684524|-4.448752|0.233360|0.090286|nan|nan|-0.916110|-2.485467|4.143615|-23.873237|0.241539|-3.067589|-0.220555|-3.671162|-4748.291514|-295189383.933945|nan|133982.665080|-0.000007|-137837.631420|-1.799138|-0.166469|3.439239|-0.119554|-5.541896|-15.825000|0.611833|-2.485467|-96.206168
1348|-8093704.916534|6.266059|-3.067589|-6.200000|-8.955723|29.257088|-4.715776|-7.850058|3001.600000|-3.067589|-0.251949|-7914929.933195|-0.182815|35.090828|-4.946463|nan|-14.200000|-4.000000|-5638295.455100|1.180239|nan|23.468380|-4.981504|0.233360|0.090286|nan|nan|-0.922094|-2.459273|7.977649|-23.934575|0.241539|-3.067589|-0.220555|-3.768639|-4748.694143|-295189383.933945|nan|133982.665080|-0.000007|-137837.631420|-1.767399|-0.166892|3.428457|-0.099014|-5.541896|-21.825000|0.611833|-2.459273|-96.206168
1349|-14180376.701072|6.052083|-3.067589|-10.400000|-8.955723|28.565937|-4.715776|-7.850058|3001.600000|-3.067589|-0.251949|-14902418.809175|-0.182815|35.090828|-4.944316|nan|-12.000000|-4.000000|-5459716.143433|1.180239|nan|22.455318|-5.017458|0.233360|0.090286|nan|nan|-0.915994|-2.432404|11.781313|-24.000092|0.241539|-3.067589|-0.220555|-3.768639|-4748.548807|-295189383.933945|nan|133982.665080|-0.000007|-137837.631420|-1.734410|-0.167543|3.417882|-0.081737|-5.541896|-17.825000|0.611833|-2.432404|-96.206168
1350|-20289519.317354|5.810185|-3.067589|-14.400000|-8.955723|27.559656|-4.715776|-7.850058|3001.600000|-3.067589|-0.251949|-23903408.700948|-0.182815|35.090828|-4.942407|nan|-15.200000|-4.000000|-4835675.643114|1.180239|nan|14.013943|-6.566174|0.233360|0.090286|nan|nan|-0.903840|-2.408773|15.358228|-24.068001|0.241539|-3.067589|-0.220555|-3.768639|-4748.012759|-295189383.933945|nan|133982.665080|-0.000007|-137837.631420|-1.702666|-0.167876|3.407598|-0.065906|-5.541896|-15.825000|0.611833|-2.408773|-100.449912
1351|-13155907.915632|5.557785|-3.067589|-17.000000|-8.955723|26.077785|-4.715776|-7.850058|3001.600000|-3.067589|-0.251949|-19361020.533640|-0.182815|35.090828|-4.942289|nan|-12.600000|-4.000000|-4311452.594293|1.180239|nan|14.899269|-7.896296|0.233360|0.090286|nan|nan|-0.893899|-2.387187|7.189783|-24.135554|0.241539|-3.067589|-0.220555|-3.768639|-4748.863901|-295189383.933945|nan|133982.665080|-0.000007|-137837.631420|-1.672098|-0.167199|3.397611|-0.052676|-5.541896|-15.825000|0.611833|-2.387187|-100.449912
1352|-18013806.732842|5.345799|-3.067589|-20.200000|-8.955723|24.165615|-3.034462|-7.850058|3001.600000|-3.067589|-0.251949|-27395576.529422|-0.182815|35.090828|-3.947620|nan|-13.400000|-4.000000|-3947025.020051|1.180239|nan|6.676777|-9.428820|0.233360|0.090286|nan|nan|-0.893899|-2.366025|6.026701|-24.200026|0.241539|-3.067589|-0.220555|-3.768639|-4748.963218|-295189383.933945|nan|133982.665080|-0.000007|-137837.631420|-1.642641|-0.166109|3.387848|-0.042159|-5.541896|-17.825000|0.488871|-2.366025|-100.449912
1353|-17984450.115992|5.144808|-3.067589|-21.600000|-12.959803|23.006984|-3.034462|-7.850058|3001.600000|-3.067589|-0.251949|-27462575.044739|-0.182815|33.866690|-3.947263|nan|-18.000000|-4.000000|-3495035.352439|1.180239|nan|-1.083493|-9.863238|0.233360|0.090286|nan|nan|-0.669895|-2.343918|7.207683|-24.206543|0.241539|-3.067589|-0.220555|-3.768639|-4747.788601|-294538445.747361|nan|133982.665080|-0.000007|-137837.631420|-1.614236|-0.163982|3.378459|-0.033204|-5.541896|-17.825000|0.488871|-2.343918|-100.449912
1354|-26087588.335120|4.917961|-3.067589|-22.800000|-12.959803|21.958700|-3.034462|-7.850058|3001.600000|-3.437933|-0.251949|-36415929.907816|-0.182815|32.063324|-3.947084|nan|-14.400000|-4.000000|-2868477.562723|1.180239|nan|3.357751|-10.319324|0.233360|0.090286|nan|nan|-0.669895|-2.321703|7.207683|-24.208746|0.241539|-3.067589|-0.140851|-3.768639|-4749.343276|-292383734.633876|nan|133982.665080|-0.000007|-137837.631420|-1.586828|-0.162728|3.369155|-0.025367|-5.541896|-15.825000|0.284841|-2.321703|-100.449912
1355|-23747761.481948|4.709200|-3.067589|-23.600000|-12.959803|20.248348|-3.034462|-7.850058|3001.600000|-3.437933|-0.251949|-35055168.936885|-0.182815|31.161641|-3.949666|nan|-6.200000|-4.000000|-2786970.698821|1.180239|nan|3.504514|-9.167119|0.233360|0.090286|nan|nan|-0.660584|-2.299286|-4.446158|-24.206678|0.241539|-3.067589|-0.100210|-3.768639|-4748.386615|-292237142.198634|nan|133982.665080|-0.000007|-137837.631420|-1.560365|-0.125261|3.360154|-0.018449|-5.541896|-21.825000|0.284841|-2.299286|-100.449912
1356|-19314575.398410|4.489702|-3.067589|-24.400000|-13.582799|18.891362|-3.034462|-10.953574|3001.600000|-3.437933|-0.251949|-31589792.477429|-0.182815|27.710800|-3.948954|nan|-20.000000|-4.000000|-2430614.673655|1.180239|nan|-0.069559|-8.634609|0.233360|0.090286|nan|nan|-0.659442|-2.282245|2.285033|-24.200702|0.241539|-3.067589|-0.081898|-3.768639|-4747.901359|-287537988.101902|nan|133982.665080|-0.000007|-137837.631420|-1.543278|-0.079950|3.352296|-0.012083|-5.541896|-19.825000|0.284841|-2.282245|-100.449912
1357|-12444186.900000|4.317331|-3.067589|-25.000000|-13.582799|17.092185|-3.034462|-12.894886|3001.600000|-3.671162|-0.430752|-24659959.191489|-0.182815|27.710800|-3.945927|nan|-21.400000|-4.000000|-1897357.886412|1.180239|nan|-1.115583|-7.952662|0.233360|0.090286|nan|nan|-0.665066|-2.267948|10.910373|-24.192665|0.241539|-3.067589|-0.052299|-3.768639|-4748.387034|-287144519.258287|nan|133982.665080|-0.000007|-137837.631420|-1.542403|-0.019367|3.345013|-0.006418|-5.646886|-21.825000|0.284841|-2.267948|-100.449912
1358|1280196.551261|4.118267|-3.067589|-23.600000|-13.582799|15.083405|-3.034462|-12.894886|3001.600000|-3.768639|-1.402022|-11334946.738414|-0.182815|25.622668|-3.945749|nan|-11.400000|-4.000000|-1719588.955336|1.180239|0.000000|-7.444762|-7.726891|0.233360|0.090286|nan|-105674.352560|-0.665060|-2.268683|13.318978|-24.184713|0.408284|-3.067589|-0.023309|-3.768639|-4750.295866|-287144519.258287|-30512.765743|133982.665080|-0.000007|-137837.631420|-1.587342|-0.008074|3.337693|-0.001532|-5.751877|-15.825000|0.284841|-2.268683|-100.449912
1359|1162908.932706|3.674534|-3.437933|-22.200000|-13.582799|13.075462|-3.313148|-12.894886|3001.600000|-3.768639|-2.218947|-11374205.813725|-0.182815|21.941313|-3.944993|3.437933|-13.400000|-4.000000|-1536397.774316|1.180239|-0.000000|-10.418333|-7.813512|0.233360|0.090286|nan|-105524.398942|-0.665082|-2.293274|13.318978|-24.177368|0.408284|-3.067589|-0.023543|-3.768639|-4748.602226|-287144519.258287|-26865.559147|133982.665080|-0.000008|-137837.631420|-1.644640|0.003819|3.329255|0.002715|-5.856867|-13.825000|0.284841|-2.293274|-100.449912
1400|3065802.849084|3.485675|-3.437933|-20.600000|-13.582799|11.830180|-3.775624|-12.894886|3001.600000|-3.768639|-2.218947|-9631024.633693|-0.182815|14.100636|-3.266833|3.437933|-9.400000|-4.000000|-1535729.248998|1.180239|-0.000000|-7.839686|-7.636988|0.233360|0.090286|nan|-84871.854032|-0.658386|-2.321590|19.004370|-24.172723|0.408284|-3.067589|-0.086966|-3.768639|-4751.689375|-287144519.258287|-25574.167489|133982.665080|-0.000008|-137837.631420|-1.701939|0.019519|3.320251|0.006555|-5.961858|-19.825000|0.284841|-2.321590|-100.449912
1401|449000.333810|3.264114|-3.437933|-19.000000|-13.582799|9.941591|-3.775624|-12.894886|3001.600000|-3.768639|-2.218947|-11808475.803325|-0.182815|8.180297|-3.268057|3.437933|-9.400000|-4.000000|-1534499.653861|1.180239|-0.000000|-19.099587|-7.627316|0.233360|0.090286|nan|-59735.491269|-0.667395|-2.370758|15.473380|-24.169619|0.408284|-3.067589|-0.142491|-3.768639|-4749.284242|-245446062.737731|-24583.182067|133982.665080|-0.000008|-137837.631420|-1.759238|0.024227|3.311086|0.009898|-6.066848|-15.825000|0.284841|-2.370758|-100.449912
1402|3599373.550000|3.069269|-3.671162|-17.800000|-13.582799|8.994773|-4.447767|-12.894886|3001.600000|-3.768639|-2.468354|-7543851.389960|-0.182815|1.220127|-3.268670|3.479913|-13.400000|-4.000000|-1534882.804142|1.180239|-0.000000|-8.110461|-8.069293|0.233360|0.090286|nan|-26396.536273|-0.664672|-2.452307|13.950184|-24.169762|0.408284|-3.067589|-0.128682|-3.768639|-4748.406522|-236163645.587148|-23614.975039|133982.665080|-0.000008|-137837.631420|-1.820424|0.024123|3.301333|0.012762|-6.171839|-15.558334|0.284841|-2.452307|-100.449912
1403|4940742.401010|2.898150|-3.768639|-16.400000|-13.582799|6.995271|-4.447767|-7.130966|3001.600000|-3.768639|-2.468354|-5931402.713615|-0.175160|1.220127|-3.269529|3.537658|-10.600000|-4.000000|-1534405.497121|1.180239|-0.000000|-20.797104|-8.621120|0.233360|0.090286|-0.079782|-17158.828233|-0.659820|-2.513793|11.406956|-24.169793|0.408284|-3.067589|-0.105846|-3.768639|-4749.798677|-231978379.659543|-22325.821656|133982.665080|-0.000008|-137837.631420|-1.883235|0.025468|3.290961|0.015145|-6.276829|-15.558334|0.284841|-2.513793|-100.449912
1404|7331548.633364|2.806931|-3.768639|-14.400000|-13.582799|4.614769|-4.447767|-7.130966|3001.600000|-3.768639|-2.468354|-3880677.078174|-0.108057|-3.129979|-3.269959|3.574071|-12.200000|-4.000000|-1533977.156911|1.180239|-0.000000|-13.655676|-9.345732|0.233360|0.090286|-0.061504|-7286.110553|-0.658195|-2.589108|9.938792|-24.159807|0.408284|-3.067589|-0.105581|-3.768639|-4748.448394|-231295608.555327|-23583.416642|133982.665080|-0.000008|-137837.631420|-1.946046|0.027972|3.279833|0.017121|-6.381820|-15.558334|0.284841|-2.589108|-100.449912
1405|1782496.117096|2.682900|-3.768639|-14.200000|-13.582799|1.699077|-4.447767|-7.130966|3001.600000|-3.768639|-2.468354|-9643897.415775|-0.135049|-6.694969|-3.269621|3.574071|-12.800000|-4.000000|-1530753.365083|1.180239|-0.000000|-21.153947|-9.845829|0.230205|0.090286|-0.017883|4903.487026|-0.654056|-2.615447|14.480152|-24.129648|0.408284|-3.067589|-0.112407|-3.768639|-4748.842348|-227096407.771402|-24123.795915|133982.665080|-0.000008|-137837.631420|-2.008856|0.028918|3.265709|0.018723|-6.486811|-17.516667|0.284841|-2.615447|-100.449912
1406|7116966.683514|2.503746|-3.768639|-14.000000|-13.582799|-0.209718|-4.447767|-7.130966|3001.600000|-3.768639|-2.468354|-4359176.523077|-0.159298|-8.477463|-3.269452|3.574071|-9.600000|-4.000000|-1530624.320960|1.180239|-0.000000|-31.554296|-10.076181|0.225246|0.090286|0.028858|9580.322529|-0.651743|-2.610051|15.900292|-24.074551|0.408284|-3.067589|-0.122207|-3.768639|-4748.650082|-223278270.723843|-24307.817128|133982.665080|-0.000008|-137837.631420|-2.052853|0.027453|3.248763|0.019983|-6.591801|-14.333334|0.252969|-2.610051|-100.449912
1407|5474367.283536|2.172210|-3.768639|-13.400000|-13.582799|-2.856412|-4.447767|-7.130966|3001.600000|-3.768639|-2.468354|-5733738.123507|-0.227752|-12.368711|-3.269920|3.574071|-6.800000|-4.000000|-1530684.367903|1.180239|-0.000000|-23.044901|-10.431476|0.215478|0.090286|0.067215|10031.931190|-0.656559|-2.598937|15.324357|-23.988160|0.408284|-3.067589|-0.130616|-3.768639|-4748.770272|-221154847.862292|-21870.400050|133982.665080|-0.000008|-137837.631420|-2.073282|0.024014|3.228737|0.020909|-6.696792|-10.891667|0.231018|-2.598937|-100.449912
1408|4809974.382972|1.888723|-3.768639|-13.400000|-13.582799|-3.917706|-4.447767|-6.558042|3001.600000|-3.768639|-2.468354|-6030779.307996|-0.227752|-15.314334|-3.270155|3.574071|-5.800000|-4.000000|-1531058.938467|1.180239|-0.000000|-16.669935|-10.792376|0.205711|0.090286|0.084931|12609.304547|-0.656680|-2.586209|17.483146|-23.860997|0.408284|-3.067589|-0.142296|-3.768639|-4747.749746|-221044478.895115|-666.228252|133982.665080|-0.000008|-137837.631420|-2.086692|0.018827|3.206151|0.021470|-6.801782|-9.091667|0.231018|-2.586209|-100.449912
1409|6737814.866924|1.769152|-3.768639|-13.400000|-13.582799|-5.258876|-4.447767|-6.558042|3001.600000|-3.768639|-2.468354|-3273460.344256|-0.220122|-15.787146|-3.268613|3.574071|-10.400000|-4.000000|-1532617.128490|1.180239|-0.000000|-15.375490|-11.229182|0.193464|0.090286|0.099623|17159.999559|-0.660512|-2.583410|21.071419|-23.694857|0.408284|-3.067589|-0.150775|-3.768639|-4747.145057|-184082312.280289|-552.548089|133982.665080|-0.000008|-137837.631420|-2.098376|0.016105|3.181422|0.021702|-6.906773|-11.308334|0.231018|-2.583410|-100.449912
1410|7063135.833536|1.681404|-3.768639|-13.400000|-13.582799|-6.281841|-4.447767|-2.028143|3001.600000|-3.768639|-2.468354|-2310905.831338|-0.220122|-17.023552|-3.267842|3.574071|-6.200000|-4.000000|-1531322.267513|1.180239|-0.000000|-16.450800|-11.524612|0.173410|0.090286|0.106659|19326.997548|-0.635896|-2.585676|31.680610|-23.490399|0.408284|-3.067589|-0.156930|-3.768639|-4749.591053|-180927384.120859|-435.958205|133982.665080|-0.000008|-137837.631420|-2.110060|0.014828|3.155289|0.021437|-7.011763|-10.466667|0.297585|-2.585676|-100.449912
1411|11150914.150000|1.513958|-3.768639|-13.400000|-15.015841|-6.826428|-4.447767|-2.028143|3001.600000|-3.768639|-2.468354|2515035.285582|-0.220122|-19.641755|-3.267457|3.574071|-5.400000|-4.000000|-1529672.103526|1.180239|-0.000000|-15.246247|-12.744287|0.152508|0.090286|0.120129|22281.669994|-0.630885|-2.566022|18.650188|-23.252381|0.408284|-3.067589|-0.164255|-3.768639|-4747.668665|-180740722.553371|-487.006793|133982.665080|-0.000008|-137837.631420|-2.121745|0.014421|3.128430|0.020782|-7.116754|-7.916667|0.297585|-2.566022|-100.449912
1412|11742814.516544|1.400554|-3.768639|-13.400000|-15.015841|-7.128673|-4.447767|-0.433373|3001.600000|-3.768639|-2.468354|2938152.006557|-0.220122|-21.950857|-3.266713|3.574071|-6.200000|-4.000000|-1531232.237032|1.180239|-0.000000|-16.230785|-13.884035|0.127369|0.090286|0.120493|23084.304116|-0.623178|-2.580606|20.544324|-22.981759|0.408284|-3.067589|-0.174502|-3.768639|-4748.640703|-179037228.974595|-577.363084|133982.665080|-0.000008|-137837.631420|-2.133429|0.013023|3.101617|0.019808|-7.221744|-9.458334|0.297585|-2.580606|-100.449912
1413|6650918.433594|1.094951|-3.768639|-12.600000|-15.015841|-6.830704|-4.447767|-0.433373|3001.600000|-3.768639|-2.468354|-1765826.231716|-0.220122|-23.221320|-3.266340|3.574071|-5.800000|-4.000000|-1528114.631315|1.180239|-0.000000|-13.997401|-15.072930|0.102229|0.090286|0.123606|23139.648298|-0.614876|-2.582579|20.557855|-22.616366|0.408284|-3.067589|-0.182097|-3.768639|-4748.707092|-179037228.974595|-470.174530|133982.665080|-0.000008|-137837.631420|-2.145113|0.011689|3.074965|0.018556|-7.326735|-5.041667|0.297585|-2.582579|-100.449912
1414|1944742.600290|0.927561|-3.768639|-12.200000|-15.015841|-6.811824|-4.447767|-0.433373|3001.600000|-3.768639|-2.468354|-6395194.575752|-0.220122|-21.826668|-3.266154|3.574071|-3.400000|-4.000000|-1345648.348891|1.180239|-0.000000|-36.212100|-15.958121|0.077089|0.090286|0.126545|22711.425748|-0.613990|-2.663231|23.026914|-22.161040|0.408284|-3.437933|-0.191918|-3.768639|-4749.617827|-179037228.974595|-426.867004|133982.665080|-0.000008|-137837.631420|-2.156797|0.008746|3.048725|0.017015|-7.431726|-7.041667|0.297585|-2.663231|-100.449912
1415|-372812.465760|0.834139|-3.768639|-10.800000|-15.015841|-6.489533|-4.447767|-0.433373|3001.600000|-3.768639|-2.468354|-7649118.871562|-0.220122|-20.043313|-3.267165|3.805080|0.600000|-4.000000|-1255072.874770|1.180239|-0.000000|-17.355300|-16.839170|0.054672|0.075463|0.128593|25008.512962|-0.614024|-2.698490|10.462410|-21.619582|0.408284|-3.437933|-0.202661|-3.768639|-4749.854465|-194461787.743953|-406.755300|133982.665080|-0.000008|-137837.631420|-2.168481|0.004527|3.038684|0.015338|-7.536716|-11.041667|0.297585|-2.698490|-100.449912
1416|-1360153.533722|0.675835|-3.768639|-9.600000|-15.015841|-6.129407|-4.447767|-0.433373|3001.600000|-3.768639|-2.468354|-7150702.954143|-0.220122|-20.043313|-3.268777|3.959395|0.600000|-4.000000|-1254749.125721|1.180239|-0.000000|-14.763234|-17.068535|0.033943|0.058448|0.122331|25663.527237|-0.619664|-2.755739|7.779358|-20.986272|0.408284|-3.437933|-0.207612|-3.768639|-4749.991851|-194461787.743953|-255.226120|133982.665080|-0.000008|-137837.631420|-2.180165|0.002355|3.046357|0.013700|-7.641707|-6.508334|0.297585|-2.755739|-100.449912
1417|872939.000000|0.573563|-3.768639|-8.800000|-15.015841|-5.422627|-4.447767|-0.433373|3001.600000|-3.768639|-2.468354|-2981079.687173|-0.220122|-20.043313|-3.268477|4.031316|-7.400000|-4.000000|-1165539.317531|1.180239|-0.000000|-15.029886|-17.638949|0.013214|0.041873|0.117012|25976.509143|-0.625268|-2.818402|11.847338|-20.254829|0.408284|-3.671162|-0.207612|-3.768639|-4747.847815|-194461787.743953|-180.392295|133982.665080|-0.000008|-137837.631420|-2.191850|0.000017|3.117649|0.012058|-7.746697|-7.108334|0.297585|-2.818402|-100.449912
1418|-2961441.833160|0.509654|-3.768639|-7.800000|-15.015841|-4.402207|-4.447767|-0.433373|3001.600000|-3.768639|-2.468354|-6036018.358422|-0.220122|-20.043313|-3.266670|4.031316|-9.400000|-4.000000|-716744.616634|1.180239|-0.000000|-15.544900|-17.996099|-0.007515|0.023549|0.112491|25983.775756|-0.631252|-2.846961|22.126923|-19.421522|0.408284|-3.768639|-0.211574|-3.768639|-4748.237915|-194461787.743953|-250.952165|133982.665080|-0.000008|-137837.631420|-2.203325|-0.002111|3.229022|0.010413|-7.851688|-10.133334|0.297585|-2.846961|-100.449912
1419|-355268.250000|0.414384|-3.768639|-6.400000|-15.015841|-3.288493|-4.447767|-0.433373|3001.600000|-3.768639|-2.468354|-2247051.852531|-0.220122|-17.496418|-3.267423|4.031316|2.600000|-4.000000|-717396.690860|1.180239|-0.000000|-15.656567|-18.470162|-0.028244|0.024024|0.107350|25945.364505|-0.631252|-2.824201|15.898991|-18.469900|0.408284|-3.768639|-0.215906|-3.768639|-4749.775338|-194461787.743953|-204.081994|133982.665080|-0.000008|-137837.631420|-2.205651|-0.003753|3.341080|0.008758|-7.956678|-6.125000|0.297585|-2.824201|-100.449912
1420|4563224.767162|0.134078|-3.768639|-6.200000|-15.015841|-2.090371|-4.447767|-0.433373|3001.600000|-3.768639|-2.468354|3226041.182424|-0.220122|-17.496418|-3.267248|4.031316|-5.400000|-4.000000|-717620.952725|1.180239|-0.000000|-13.556886|-19.243847|-0.048973|0.026787|0.102206|26237.274084|-0.637112|-2.727165|16.597018|-17.381663|0.408284|-3.768639|-0.221725|-3.768639|-4748.859848|-194461787.743953|-225.813312|133982.665080|-0.000008|-137837.631420|-2.195004|-0.004184|3.453579|0.007021|-8.061669|-2.125000|0.297585|-2.727165|-100.449912
1421|7750761.751022|-0.148590|-3.768639|-5.400000|-15.015841|-1.196832|-4.447767|-0.433373|3001.600000|-3.768639|-2.468354|6519797.750496|-0.220122|-17.496418|-3.267160|4.031316|-3.400000|-4.000000|-717653.793016|1.180239|-0.000000|-13.005707|-19.530995|-0.069702|0.028784|0.096891|26301.559471|-0.636188|-2.727976|15.542057|-16.136129|0.408284|-3.768639|-0.237532|-3.768639|-4748.435613|-194461787.743953|-237.218607|133982.665080|-0.000008|-137837.631420|-2.181368|-0.005789|3.566773|0.005289|-8.166659|-2.125000|0.297585|-2.727976|-100.449912
1422|11181376.715994|-0.324451|-3.768639|-4.200000|-15.015841|-0.578869|-4.447767|-0.433373|3001.600000|-3.768639|-2.468354|8994423.138707|-0.220122|-17.496418|-3.267116|4.031316|-3.400000|-4.000000|-718057.221527|1.180239|-0.000000|-12.579949|-19.790796|-0.090431|0.030964|0.091754|25417.258316|-0.632929|-2.799364|14.505583|-14.707236|0.408284|-3.768639|-0.251346|-3.768639|-4748.651294|-194461787.743953|-241.464267|133982.665080|-0.000008|-137837.631420|-2.167732|-0.006685|3.681307|0.003577|-8.271650|-4.125000|0.297585|-2.799364|-100.449912
1423|10254050.150204|-0.650769|-3.768639|-3.800000|-15.015841|0.170717|-4.447767|-0.433373|3001.600000|-3.768639|-2.468354|6834073.949165|-0.220122|-17.496418|-3.266542|4.031316|-5.400000|-4.000000|-719020.295208|1.180239|-0.000000|-12.047561|-20.063785|-0.111160|0.031626|0.087298|24939.464746|-0.635744|-2.847526|15.216489|-13.161966|0.408284|-3.768639|-0.268689|-3.768639|-4748.699067|-194461787.743953|-284.567269|133982.665080|-0.000008|-137837.631420|-2.154096|-0.010299|3.796853|0.001871|-8.376641|-2.125000|0.297585|-2.847526|-100.449912
1424|14170396.599270|-0.807766|-3.768639|-3.400000|-15.015841|0.848914|-4.447767|-0.433373|3001.600000|-3.768639|-2.468354|11409135.152321|-0.220122|-17.496418|-3.267359|4.031316|0.600000|-4.000000|-719048.117121|1.180239|-0.000000|-8.837277|-20.185075|-0.131889|0.033504|0.082352|24405.752055|-0.635744|-2.872215|12.365692|-11.517208|0.408284|-3.768639|-0.287434|-3.768639|-4749.284580|-194461787.743953|-281.815045|133982.665080|-0.000008|-137837.631420|-2.147833|-0.013993|3.913768|0.000207|-8.481631|-4.125000|0.297585|-2.872215|-100.449912
1425|13149059.899770|-1.116680|-3.768639|-3.400000|-15.015841|0.848914|-4.447767|-0.433373|3001.600000|-3.768639|-2.468354|11559560.354023|-0.220122|-17.496418|-3.267768|4.031316|-3.400000|-4.000000|-718887.387257|1.180239|-0.000000|-22.301179|-20.187015|-0.152618|0.034386|0.078068|23375.327887|-0.638274|-2.903934|12.365692|-9.806387|0.408284|-3.768639|-0.301950|-3.768639|-4748.106661|-194461787.743953|-251.748952|133982.665080|-0.000008|-137837.631420|-2.141569|-0.023015|4.031853|-0.001404|-8.586622|-2.125000|0.297585|-2.903934|-100.449912
1426|15345621.782132|-1.279642|-3.768639|-3.400000|-15.015841|1.137871|-4.447767|-0.433373|3001.600000|-3.768639|-2.468354|14380242.034355|-0.220122|-17.496418|-3.267420|4.031316|-5.400000|-4.000000|-718932.592075|1.180239|-0.000000|-6.326345|-20.420460|-0.173347|0.035584|0.074597|20105.856342|-0.638419|-2.907561|17.690805|-8.065036|0.408284|-3.768639|-0.321050|-3.768639|-4748.726554|-194461787.743953|-277.457642|133982.665080|-0.000008|-137837.631420|-2.140830|-0.026575|4.150070|-0.003023|-8.691612|-4.125000|0.297585|-2.907561|-100.449912
1427|13726746.701304|-1.451641|-3.768639|-3.400000|-15.015841|2.295386|-4.447767|-0.433373|3001.600000|-3.768639|-2.468354|14273540.665620|-0.220122|-17.496418|-3.268351|4.031316|0.600000|-4.000000|-718449.767531|1.180239|-0.000000|-4.713588|-20.504970|-0.194076|0.037461|0.070935|17935.124170|-0.637477|-2.900252|11.974837|-6.327058|0.408284|-3.768639|-0.336348|-3.768639|-4748.981826|-194461787.743953|-265.726237|133982.665080|-0.000008|-137837.631420|-2.140090|-0.028956|4.268339|-0.004570|-8.691612|-4.125000|0.297585|-2.900252|-100.449912
1428|16359937.482544|-1.562289|-3.768639|-3.400000|-15.015841|2.961710|-4.447767|-0.433373|3299.200000|-3.768639|-2.468354|17911116.922662|-0.220122|-15.391279|-3.267159|4.031316|-9.400000|-4.000000|-719259.243718|1.180239|-0.000000|-6.044664|-21.159981|-0.214806|0.041286|0.067397|14397.977880|-0.643194|-2.891142|18.291631|-4.629293|0.408284|-3.768639|-0.347652|-3.768639|-4747.400588|-194461787.743953|-293.365290|133982.665080|-0.000008|-137837.631420|-2.131827|-0.029661|4.390670|-0.006137|-8.691612|-6.125000|0.297585|-2.891142|-100.449912
1429|16888424.982436|-1.716935|-3.768639|-3.400000|-15.015841|3.755051|-4.447767|-0.433373|3299.200000|-3.768639|-2.468354|18040965.062970|-0.220122|-12.825619|-3.266564|4.031316|-3.000000|-4.000000|-719458.130129|1.180239|-0.000000|-4.425684|-21.647025|-0.235535|0.044839|0.064229|11573.279475|-0.643569|-2.862599|18.291631|-3.028571|0.408284|-3.768639|-0.356978|-3.768639|-4748.826757|-194461787.743953|-268.309254|133982.665080|-0.000008|-137837.631420|-2.119789|-0.029171|4.517110|-0.007722|-8.691612|-4.125000|0.297585|-2.862599|-100.449912
1430|16425095.267724|-1.793600|-3.768639|-3.400000|-15.015841|4.282359|-4.447767|2.331029|3299.200000|-3.768639|-2.468354|18703761.171099|-0.220122|-10.542788|-3.265162|4.031316|-6.800000|-4.000000|-539417.711083|1.180239|-0.000000|-6.551002|-22.729352|-0.256264|0.046380|0.061285|7051.767730|-0.636961|-2.855440|25.685242|-1.566519|0.408284|-3.768639|-0.374682|-3.768639|-4748.045778|-194461787.743953|-415.053509|133982.665080|-0.000008|-137837.631420|-2.110634|-0.031215|4.645943|-0.009357|-8.691612|-8.125000|0.297585|-2.855440|-100.449912
1431|16992234.584095|-1.937212|-3.768639|-3.400000|-15.015841|4.378495|-4.447767|2.331029|3299.200000|-3.768639|-2.468354|21168835.863217|-0.220122|-10.401373|-3.263911|4.031316|-4.800000|-4.000000|-179857.473868|1.180239|-0.000000|-5.346139|-23.296803|-0.276993|0.047383|0.058356|4946.534506|-0.643536|-2.849531|27.052714|-0.269159|0.408284|-3.768639|-0.376235|-3.768639|-4748.650260|-194461787.743953|-466.838861|133982.665080|-0.000008|-137837.631420|-2.101479|-0.034413|4.777123|-0.010985|-8.691612|-3.833334|0.297585|-2.849531|-100.449912
1432|21668628.882627|-2.067841|-3.768639|-3.400000|-15.015841|4.465475|-4.447767|2.331029|3299.200000|-3.768639|-2.468354|27664967.422322|-0.220122|-10.401373|-3.262735|3.976603|-2.600000|-4.000000|270278.089275|1.180239|-0.000000|-9.795858|-23.621875|-0.297722|0.047973|0.055526|3141.290278|-0.651585|-2.855743|28.443642|0.837889|0.408284|-3.768639|-0.376235|-3.768639|-4748.914330|-194461787.743953|-470.530056|133982.665080|-0.000008|-137837.631420|-2.092324|-0.038054|4.932839|-0.012566|-8.691612|-3.158334|0.297585|-2.855743|-100.449912
1433|22697313.599106|-2.455029|-3.768639|-3.400000|-15.015841|4.465475|-4.447767|4.650785|3299.200000|-3.768639|-2.468354|29256696.840317|-0.220122|-10.401373|-3.262697|3.876952|0.400000|-4.000000|540634.412318|1.180239|-0.000000|-4.302879|-23.646412|-0.318451|0.049826|0.052517|1995.968041|-0.652129|-2.861342|22.229328|1.753819|0.408284|-3.768639|-0.376235|-3.768639|-4749.407255|-194461787.743953|-438.642449|133982.665080|-0.000008|-137837.631420|-2.083169|-0.045153|5.109324|-0.014123|-8.691612|-0.483334|0.297585|-2.861342|-100.449912
1434|24897968.550000|-2.823721|-3.768639|-3.400000|-15.015841|4.465475|-4.447767|4.650785|3299.200000|-3.768639|-2.468354|30984378.979374|-0.220122|-10.401373|-3.263230|3.730679|-1.600000|-4.000000|901456.882900|1.180239|-0.000000|-4.243089|-23.474922|-0.339180|0.050756|0.049668|752.826164|-0.656149|-2.862777|22.229328|2.489277|0.408284|-3.768639|-0.376723|-3.768639|-4749.122829|-194461787.743953|-469.758621|133982.665080|-0.000008|-137837.631420|-2.074014|-0.051774|5.285639|-0.015650|-8.691612|-0.483334|0.297585|-2.862777|-100.449912
1435|22964140.017502|-3.005237|-3.768639|-3.400000|-15.015841|4.465475|-4.447767|4.650785|3299.200000|-3.768639|-2.468354|28573550.317138|-0.220122|-10.401373|-3.264047|3.505084|0.400000|-4.000000|1171531.586996|1.285879|-0.000000|-4.834917|-23.697640|-0.356754|0.055034|0.047251|-1527.290508|-0.658849|-2.866299|18.147868|3.070721|0.408284|-3.768639|-0.376585|-3.768639|-4749.457477|-194461787.743953|-540.165654|133982.665080|-0.000008|-137837.631420|-2.064858|-0.066428|5.461563|-0.017164|-8.691612|-2.483334|0.297585|-2.866299|-120.870615
1436|24271807.349092|-3.127216|-3.768639|-3.400000|-15.015841|4.465475|-4.447767|4.650785|3299.200000|-3.768639|-2.468354|28931164.985168|-0.220122|-10.401373|-3.265559|3.229608|2.400000|-4.000000|1171020.361751|1.353431|-0.000000|-4.679040|-24.044660|-0.372524|0.060622|0.045130|-3360.133422|-0.660627|-2.868875|15.629521|3.523246|0.408284|-3.768639|-0.304519|-3.768639|-4750.026583|-194461787.743953|-553.122819|133982.665080|-0.000008|-137837.631420|-2.055703|-0.071241|5.637171|-0.018605|-8.691612|-4.483334|0.297585|-2.868875|-120.870615
1437|25557502.816562|-3.583247|-3.768639|-3.400000|-15.015841|4.465475|-4.447767|4.650785|3299.200000|-3.768639|-2.468354|29104460.616639|-0.220122|-8.793418|-3.265764|2.954380|-3.600000|-4.000000|1441010.501006|1.452585|-0.000000|-5.832097|-24.478090|-0.383486|0.067881|0.044250|-5294.418673|-0.666674|-2.872265|16.269885|3.869283|0.408284|-3.768639|-0.158858|-3.768639|-4748.188758|-194461787.743953|-552.582254|133982.665080|-0.000008|-108693.831743|-2.046548|-0.074947|5.812912|-0.019957|-8.691612|-0.483334|0.297585|-2.872265|-120.870615
1438|26785614.449886|-3.956441|-3.768639|-3.400000|-15.015841|4.465475|-4.447767|4.650785|3299.200000|-3.768639|-2.468354|29080582.998480|-0.220122|-8.526688|-3.265314|2.664558|-3.600000|-4.000000|1531168.123736|1.452585|-0.000000|-12.061533|-25.253764|-0.394447|0.072831|0.042374|-8245.046477|-0.668281|-2.875827|15.985393|4.134580|0.408284|-3.768639|-0.108141|-3.768639|-4747.787067|-194461787.743953|-484.157740|133982.665080|-0.000008|-108693.831743|-2.037393|-0.078338|5.988498|-0.021299|-8.691612|-0.483334|0.297585|-2.875827|-120.870615
1439|29577459.765518|-4.164358|-3.768639|-2.000000|-15.015841|4.714421|-4.447767|5.263830|3299.200000|-3.768639|-2.468354|31089879.214447|-0.220122|-7.393323|-3.265090|2.388536|-1.600000|-4.000000|1622686.967954|1.452585|-0.000000|-11.071510|-25.920402|-0.402929|0.077330|0.041478|-11105.978528|-0.667681|-2.873647|10.550412|4.360545|0.408284|-3.768639|-0.031951|-3.768639|-4748.729408|-194461787.743953|-521.459137|133982.665080|-0.000008|-108693.831743|-2.028238|-0.084981|6.164507|-0.022676|-8.691612|-2.483334|0.297585|-2.873647|-120.870615
1440|37323696.917968|-4.523069|-3.768639|-0.200000|-15.015841|5.150361|-4.447767|7.455286|3299.200000|-3.768639|-2.468354|40616234.736683|-0.220122|-7.393323|-3.264426|2.114151|-1.600000|-4.000000|1622794.608918|1.452585|-0.000000|-7.132487|-27.324973|-0.403605|0.082804|0.039563|-16570.529399|-0.668314|-2.878228|15.912922|4.571951|0.408284|-3.768639|0.017435|-3.768639|-4748.419002|-194457048.237488|-517.070544|133982.665080|-0.000008|-108693.831743|-2.030361|-0.085842|6.340410|-0.024088|-8.691612|-0.483334|0.297585|-2.878228|-120.870615
1441|42100692.798148|-4.881056|-3.768639|2.600000|-10.633851|5.544782|-4.616652|7.455286|3477.400000|-3.768639|-2.468354|46718931.096581|-0.220122|-7.393323|-3.264645|1.864531|0.400000|-4.000000|1623032.172986|1.452585|-0.000000|-4.896474|-27.749048|-0.403432|0.085720|0.037363|-19142.451158|-0.674116|-2.879496|16.637634|4.776444|0.408284|-3.768639|0.046163|-3.768639|-4748.790033|-193883946.962634|-516.238969|133982.665080|-0.000008|-108693.831743|-2.033960|-0.086673|6.516138|-0.025458|-8.691612|-0.483334|0.297585|-2.879496|-120.870615
1442|41931749.284760|-5.114028|-3.768639|4.600000|-10.633851|6.092116|-4.616652|7.455286|3477.400000|-3.768639|-2.468354|46665338.378659|-0.220122|-7.393323|-3.265858|1.631628|2.400000|-4.000000|1622283.685139|1.452585|-0.000000|-22.362968|-28.086629|-0.399021|0.087078|0.035587|-21661.384478|-0.684335|-2.881274|13.457727|4.975969|0.408284|-3.768639|0.067734|-3.768639|-4749.968134|-193758030.761769|-419.071237|133982.665080|-0.000008|-108693.831743|-2.037558|-0.086305|6.691540|-0.026745|-8.691612|-2.158334|0.297585|-2.881274|-120.870615
1443|41231851.084966|-5.285382|-3.768639|8.600000|-10.633851|6.587322|-4.616652|9.379544|3477.400000|-3.768639|-2.468354|45745859.859027|-0.220122|-7.393323|-3.265913|1.401941|-3.600000|-4.000000|1620893.718298|1.452585|-0.000000|-5.168685|-28.326371|-0.394610|0.087733|0.034630|-24325.547650|-0.676943|-2.882609|14.584557|5.172412|0.408284|-3.768639|0.084507|-3.768639|-4748.297827|-193758030.761769|-423.908479|133982.665080|-0.000008|-108693.831743|-2.041157|-0.087144|6.867347|-0.027943|-8.691612|-2.158334|0.297585|-2.882609|-120.870615
1444|35489686.348548|-5.392882|-3.768639|10.400000|-10.633851|7.035367|-4.616652|9.379544|3477.400000|-3.768639|-2.468354|39617776.241986|-0.220122|-7.393323|-3.266493|1.215992|1.400000|0.000000|2069479.665536|1.452585|-0.000000|-4.651109|-28.841478|-0.390200|0.089498|0.033997|-28369.225253|-0.482068|-2.889829|14.602197|5.366119|0.408284|-3.768639|0.093828|-3.768639|-4747.825374|-193758030.761769|-372.683133|133982.665080|-0.000008|-103996.781523|-2.047737|-0.088193|7.045025|-0.029054|-8.691612|-4.158334|0.297585|-2.889829|-120.870615
1445|25441962.867524|-5.496962|-3.768639|11.600000|-10.633851|7.059788|-4.616652|9.446993|3477.400000|-3.768639|-2.468354|29053511.384661|-0.220122|-7.393323|-3.265679|1.109032|-4.600000|0.000000|2779039.177485|1.452585|-0.000000|-13.125230|-28.668980|-0.388512|0.089673|0.033528|-31899.492847|-0.430611|-2.889381|17.742476|5.555170|0.408284|-3.768639|0.093828|-3.768639|-4748.837838|-193758030.761769|-447.776195|133982.665080|-0.000008|-103996.781523|-2.054316|-0.089508|7.224539|-0.030078|-8.691612|-4.158334|0.297585|-2.889381|-120.870615
1446|20481342.066030|-5.613559|-3.768639|13.000000|-10.633851|7.059788|-4.616652|9.888970|3477.400000|-3.768639|-2.468354|24028333.061063|-0.220122|-7.393323|-3.266375|1.026677|9.000000|0.000000|4032811.040987|1.452585|-0.000000|-6.474279|-28.351892|-0.388512|0.089673|0.033931|-33044.595073|-0.429947|-2.890456|14.902147|5.737189|0.408284|-3.768639|0.093828|-3.768639|-4750.173960|-193758030.761769|-363.379412|133982.665080|-0.000008|-103996.781523|-2.065718|-0.087786|7.405154|-0.030967|-8.691612|-2.158334|0.297585|-2.890456|-120.870615
1447|17720623.768646|-5.808177|-3.768639|13.800000|-10.633851|7.059788|-4.616652|12.479331|3477.400000|-3.768639|-2.330741|20961596.205476|-0.220122|-7.393323|-3.266724|0.949384|7.800000|0.000000|4834427.167351|1.452585|-0.000000|-6.882469|-27.951771|-0.388512|0.089673|0.035166|-33955.618882|-0.409327|-2.884058|13.347773|5.909888|0.408284|-3.768639|0.093828|-3.768639|-4749.443921|-193758030.761769|-371.325023|133982.665080|-0.000008|-103996.781523|-2.084325|-0.084842|7.587071|-0.031775|-8.691612|-0.158334|0.297585|-2.884058|-120.870615
1448|17302279.201992|-5.973212|-3.768639|14.400000|-10.633851|7.379544|-4.616652|12.500843|3477.400000|-3.768639|-1.863747|20452882.000855|-0.220122|-7.393323|-3.266346|0.858581|9.400000|0.000000|6176466.647156|1.452585|-0.000000|-34.583366|-27.823271|-0.388512|0.089673|0.037504|-35207.927707|-0.405679|-2.887970|9.992699|6.069309|0.408284|-3.768639|0.093828|-3.768639|-4749.287274|-193758030.761769|-347.586549|133982.665080|-0.000008|-103996.781523|-2.106799|-0.083966|7.770189|-0.032514|-8.691612|-0.158334|0.297585|-2.887970|-120.870615
1449|14479741.250952|-5.994682|-3.768639|15.200000|-10.633851|7.379544|-4.616652|12.500843|3477.400000|-3.768639|-0.914065|17776070.508946|-0.220122|-7.393323|-3.267261|0.738897|18.000000|0.000000|6975449.162305|1.452585|-0.000000|-3.309140|-27.583984|-0.388512|0.089673|0.040444|-36061.163636|-0.383899|-2.893891|7.212259|6.214460|0.408284|-3.768639|0.093828|-3.768639|-4749.070768|-193758030.761769|-329.753045|133982.665080|-0.000008|-103996.781523|-2.131414|-0.083037|7.954351|-0.033154|-8.691612|-3.100000|0.297585|-2.893891|-120.870615
1450|13031129.233178|-6.119601|-3.768639|16.800000|-10.633851|7.554100|-4.616652|12.500843|3477.400000|-3.768639|-0.914065|16595566.204436|-0.220122|-7.393323|-2.554258|0.534336|15.800000|0.000000|7504595.220482|1.452585|-0.000000|-3.047275|-27.634040|-0.388512|0.089673|0.044996|-37517.922511|-0.417258|-2.902723|6.449532|6.343986|0.408284|-3.768639|0.093828|-3.768639|-4748.493268|-193758030.761769|-209.486600|133982.665080|-0.000008|-103996.781523|-2.156030|-0.082771|8.138942|-0.033661|-8.691612|2.125000|0.297585|-2.902723|-120.870615
1451|11483466.434536|-6.101406|-3.768639|18.000000|-10.633851|7.719594|-4.616652|12.809504|3477.400000|-3.768639|-0.914065|15154963.205758|-0.220122|-7.393323|-2.553142|0.307260|13.200000|0.000000|8128376.156755|1.452585|-0.000000|-2.206984|-27.615472|-0.388512|0.089673|0.049357|-38240.152331|-0.427199|-2.905286|9.824946|6.456152|0.408284|-3.768639|0.093828|-3.768639|-4747.505505|-193758030.761769|-198.503783|133982.665080|-0.000008|-103996.781523|-2.180645|-0.083594|8.323987|-0.034019|-8.691612|-0.483334|0.297585|-2.905286|-120.870615
1452|1886697.300000|-6.027679|-3.768639|19.200000|-10.633851|7.869326|-4.616652|12.809504|3477.400000|-3.768639|-0.914065|5694037.287649|-0.108882|-7.393323|-1.774036|0.054970|18.600000|0.000000|8458686.660129|1.452585|-0.000000|-14.778473|-27.293636|-0.388512|0.089673|0.055736|-38388.558137|-0.433223|-2.905685|10.988028|6.548833|0.408284|-3.768639|0.093828|-3.768639|-4748.094744|-193758030.761769|-157.991232|133982.665080|-0.000008|-103996.781523|-2.205260|-0.081128|8.510532|-0.034151|-8.691612|2.425000|0.297585|-2.905685|-120.870615
1453|-2684239.782576|-5.954346|-3.768639|20.000000|-10.633851|8.195275|-4.616652|12.809504|3477.400000|-3.768639|-0.914065|392146.450328|-0.108882|-6.934222|-1.146941|-0.171485|21.400000|0.000000|8712005.161877|1.452585|-0.000000|-2.104792|-26.957138|-0.388512|0.089673|0.060304|-39768.567605|-0.436173|-2.905689|8.992276|6.619862|0.408284|-3.768639|0.093828|-3.768639|-4748.977027|-193758030.761769|-155.666604|133982.665080|-0.000008|-103996.781523|-2.229876|-0.078537|8.699382|-0.034195|-8.691612|2.600000|0.297585|-2.905689|-120.870615
1454|-9444920.814356|-5.946105|-3.768639|21.200000|-10.633851|8.195275|-4.616652|12.809504|3477.400000|-3.768639|-0.914065|-6829527.828753|-0.012345|-6.597090|-1.146587|-0.477792|16.000000|0.000000|7975225.169878|1.452585|-0.000000|-3.082879|-26.773591|-0.388512|0.089673|0.066305|-40712.907145|-0.436173|-2.905663|10.179226|6.668513|0.408284|-3.768639|0.093828|-3.768639|-4748.235545|-192944616.322942|-206.352856|133982.665080|-0.000009|-103996.781523|-2.254491|-0.074889|8.890691|-0.034102|-8.691612|0.600000|0.297585|-2.905663|-120.870615
1455|-24421228.703182|-5.962896|-3.768639|22.400000|-10.633851|8.195275|-4.616652|12.809504|3477.400000|-3.768639|-0.914065|-22955826.192956|-0.008053|-6.597090|-1.146024|-0.549547|15.800000|0.000000|7840082.163422|1.452585|-0.000000|-10.212743|-26.606323|-0.388512|0.089673|0.070616|-43189.309838|-0.409680|-2.907509|19.125303|6.696514|0.408284|-3.768639|0.105345|-3.768639|-4748.439755|-192944616.322942|-318.281679|133982.665080|-0.000009|-103996.781523|-2.267707|-0.073970|9.084292|-0.033913|-8.691612|2.600000|0.297585|-2.907509|-120.870615
1456|-28242775.302344|-5.915030|-3.768639|24.000000|-10.633851|8.195275|-4.616652|15.913020|3477.400000|-3.768639|-0.914065|-27500779.099463|-0.008053|-6.597090|-1.146129|-0.549547|21.600000|0.000000|7735800.265355|1.452585|-0.000000|-16.207925|-25.657202|-0.388512|0.089673|0.074758|-44485.949696|-0.410581|-2.909817|11.867361|6.705643|0.408284|-3.768639|0.124679|-3.768639|-4749.586127|-192944616.322942|-300.712225|133982.665080|-0.000009|-103996.781523|-2.264605|-0.070247|9.279850|-0.033664|-8.691612|0.600000|0.297585|-2.909817|-120.870615
1457|-37038102.312546|-5.933431|-3.768639|25.600000|-10.633851|8.195275|-4.616652|17.854332|3477.400000|-3.768639|-0.914065|-36102505.803549|-0.008053|-6.597090|-1.146375|-0.549547|19.000000|0.000000|7439850.923209|1.452585|-0.000000|-3.032469|-24.068313|-0.388512|0.089673|0.077087|-44153.447971|-0.406615|-2.912756|2.520370|6.697474|0.408284|-3.768639|0.132295|-3.768639|-4748.592459|-192855120.249084|-218.177052|133982.665080|-0.000009|-103996.781523|-2.238857|-0.067584|9.477183|-0.033394|-8.691612|2.600000|0.297585|-2.912756|-120.870615
1458|-46584561.553422|-5.769264|-3.768639|24.800000|-10.171000|8.204091|-4.616652|17.854332|3477.400000|-3.756135|-0.914065|-45800705.028887|-0.008053|-6.597090|-1.146886|-0.540563|21.000000|0.000000|7396803.529421|1.452585|-0.000000|-3.156282|-23.104620|-0.388512|0.089673|0.078186|-44087.348134|-0.411023|-2.897644|1.320807|6.675694|0.408284|-3.768639|0.140882|-3.768639|-4749.309948|-191389607.987494|-159.938419|133982.665080|-0.000009|-103996.781523|-2.193017|-0.067306|9.676463|-0.033087|-8.691612|0.600000|0.297585|-2.897644|-120.870615
1459|-53720845.123830|-5.570080|-3.768639|24.200000|-10.171000|8.498157|-4.616652|17.905830|3477.400000|-3.207141|-0.914065|-52709714.478265|-0.008053|-6.597090|-1.146560|-0.514393|11.000000|0.000000|7370194.130792|1.452585|-0.000000|-1.669871|-22.107615|-0.388512|0.089673|0.078334|-44281.885053|-0.412680|-2.857755|5.343048|6.641165|0.408284|-3.768639|0.157324|-3.768639|-4747.107799|-161759801.015928|-215.471840|135108.644330|-0.000009|-103996.781523|-2.132232|-0.064449|9.878230|-0.032787|-8.691612|-1.400000|0.297585|-2.857755|-120.870615
