859|nan|nan|nan|nan|nan|nan|nan|nan|nan|nan|nan|nan|nan|nan|nan|nan|nan|nan|nan|nan|nan|nan|nan|nan|nan|nan|nan|nan|nan|nan|nan|nan|nan|nan|nan|nan|nan|nan|nan|nan|nan|nan|nan|nan|nan|nan|nan|nan|nan|nan
900|nan|nan|nan|nan|nan|nan|nan|nan|nan|nan|nan|nan|nan|nan|nan|nan|nan|nan|nan|nan|nan|nan|nan|nan|nan|nan|nan|nan|nan|nan|nan|nan|nan|nan|nan|nan|nan|nan|nan|nan|nan|nan|nan|nan|nan|nan|nan|nan|nan|nan
901|nan|nan|nan|nan|nan|nan|nan|nan|nan|nan|nan|nan|nan|nan|nan|nan|nan|nan|nan|nan|nan|nan|nan|nan|nan|nan|nan|nan|nan|nan|nan|nan|nan|nan|nan|nan|nan|nan|nan|nan|nan|nan|nan|nan|nan|nan|nan|nan|nan|nan
902|nan|nan|nan|nan|nan|nan|nan|nan|nan|nan|nan|nan|nan|nan|nan|nan|nan|nan|nan|nan|nan|nan|nan|nan|nan|nan|nan|nan|nan|nan|nan|nan|nan|nan|nan|nan|nan|nan|nan|nan|nan|nan|nan|nan|nan|nan|nan|nan|nan|nan
903|nan|nan|nan|nan|nan|nan|nan|nan|nan|nan|nan|nan|nan|nan|nan|nan|nan|nan|nan|nan|nan|nan|nan|nan|nan|nan|nan|nan|nan|nan|nan|nan|nan|nan|nan|nan|nan|nan|nan|nan|nan|nan|nan|nan|nan|nan|nan|nan|nan|nan
904|nan|nan|nan|nan|nan|nan|nan|nan|nan|nan|nan|nan|nan|nan|nan|nan|nan|nan|nan|nan|nan|nan|nan|nan|nan|nan|nan|nan|nan|nan|nan|nan|nan|nan|nan|nan|nan|nan|nan|nan|nan|nan|nan|nan|nan|nan|nan|nan|nan|nan
905|nan|nan|nan|nan|nan|nan|nan|nan|nan|nan|nan|nan|nan|nan|nan|nan|nan|nan|nan|nan|nan|nan|nan|nan|nan|nan|nan|nan|nan|nan|nan|nan|nan|nan|nan|nan|nan|nan|nan|nan|nan|nan|nan|nan|nan|nan|nan|nan|nan|nan
906|nan|nan|nan|nan|nan|nan|nan|nan|nan|nan|nan|nan|nan|nan|nan|nan|nan|nan|nan|nan|nan|nan|nan|nan|nan|nan|nan|nan|nan|nan|nan|nan|nan|nan|nan|nan|nan|nan|nan|nan|nan|nan|nan|nan|nan|nan|nan|nan|nan|nan
907|nan|nan|nan|nan|nan|nan|nan|nan|nan|nan|nan|nan|nan|nan|nan|nan|nan|nan|nan|nan|nan|nan|nan|nan|nan|nan|nan|nan|nan|nan|nan|nan|nan|nan|nan|nan|nan|nan|nan|nan|nan|nan|nan|nan|nan|nan|nan|nan|nan|nan
908|nan|nan|nan|nan|nan|nan|nan|nan|nan|nan|nan|nan|nan|nan|nan|nan|nan|nan|nan|nan|nan|nan|nan|nan|nan|nan|nan|nan|nan|nan|nan|nan|nan|nan|nan|nan|nan|nan|nan|nan|nan|nan|nan|nan|nan|nan|nan|nan|nan|nan
909|nan|nan|nan|nan|nan|nan|nan|nan|nan|nan|nan|nan|nan|nan|nan|nan|nan|nan|nan|nan|nan|nan|nan|nan|nan|nan|nan|nan|nan|nan|nan|nan|nan|nan|nan|nan|nan|nan|nan|nan|nan|nan|nan|nan|nan|nan|nan|nan|nan|nan
910|nan|nan|nan|nan|nan|nan|nan|nan|nan|nan|nan|nan|nan|nan|nan|nan|nan|nan|nan|nan|nan|nan|nan|nan|nan|nan|nan|nan|nan|nan|nan|nan|nan|nan|nan|nan|nan|nan|nan|nan|nan|nan|nan|nan|nan|nan|nan|nan|nan|nan
911|nan|nan|nan|nan|nan|nan|nan|nan|nan|nan|nan|nan|nan|nan|nan|nan|nan|nan|nan|nan|nan|nan|nan|nan|nan|nan|nan|nan|nan|nan|nan|nan|nan|nan|nan|nan|nan|nan|nan|nan|nan|nan|nan|nan|nan|nan|nan|nan|nan|nan
912|nan|nan|nan|nan|nan|nan|nan|nan|nan|nan|nan|nan|nan|nan|nan|nan|nan|nan|nan|nan|nan|nan|nan|nan|nan|nan|nan|nan|nan|nan|nan|nan|nan|nan|nan|nan|nan|nan|nan|nan|nan|nan|nan|nan|nan|nan|nan|nan|nan|nan
913|nan|nan|nan|nan|nan|nan|nan|nan|nan|nan|nan|nan|nan|nan|nan|nan|nan|nan|nan|nan|nan|nan|nan|nan|nan|nan|nan|nan|nan|nan|nan|nan|nan|nan|nan|nan|nan|nan|nan|nan|nan|nan|nan|nan|nan|nan|nan|nan|nan|nan
914|nan|nan|nan|nan|nan|nan|nan|nan|nan|nan|nan|nan|nan|nan|nan|nan|nan|nan|nan|nan|nan|nan|nan|nan|nan|nan|nan|nan|nan|nan|nan|nan|nan|nan|nan|nan|nan|nan|nan|nan|nan|nan|nan|nan|nan|nan|nan|nan|nan|nan
915|nan|nan|nan|nan|nan|nan|nan|nan|nan|nan|nan|nan|nan|nan|nan|nan|nan|nan|nan|nan|nan|nan|nan|nan|nan|nan|nan|nan|nan|nan|nan|nan|nan|nan|nan|nan|nan|nan|nan|nan|nan|nan|nan|nan|nan|nan|nan|nan|nan|nan
916|nan|nan|nan|nan|nan|nan|nan|nan|nan|nan|nan|nan|nan|nan|nan|nan|nan|nan|nan|nan|nan|nan|nan|nan|nan|nan|nan|nan|nan|nan|nan|nan|nan|nan|nan|nan|nan|nan|nan|nan|nan|nan|nan|nan|nan|nan|nan|nan|nan|nan
917|nan|nan|nan|nan|nan|nan|nan|nan|nan|nan|nan|nan|nan|nan|nan|nan|nan|nan|nan|nan|nan|nan|nan|nan|nan|nan|nan|nan|nan|nan|nan|nan|nan|nan|nan|nan|nan|nan|nan|nan|nan|nan|nan|nan|nan|nan|nan|nan|nan|nan
918|nan|nan|nan|nan|nan|nan|nan|nan|nan|nan|nan|nan|nan|nan|nan|nan|nan|nan|nan|nan|nan|nan|nan|nan|nan|nan|nan|nan|nan|nan|nan|nan|nan|nan|nan|nan|nan|nan|nan|nan|nan|nan|nan|nan|nan|nan|nan|nan|nan|nan
919|nan|nan|nan|nan|nan|nan|nan|nan|nan|nan|nan|nan|nan|nan|nan|nan|nan|nan|nan|nan|nan|nan|nan|nan|nan|nan|nan|nan|nan|nan|nan|nan|nan|nan|nan|nan|nan|nan|nan|nan|nan|nan|nan|nan|nan|nan|nan|nan|nan|nan
920|nan|nan|nan|nan|nan|nan|nan|nan|nan|nan|nan|nan|nan|nan|nan|nan|nan|nan|nan|nan|nan|nan|nan|nan|nan|nan|nan|nan|nan|nan|nan|nan|nan|nan|nan|nan|nan|nan|nan|nan|nan|nan|nan|nan|nan|nan|nan|nan|nan|nan
921|nan|nan|nan|nan|nan|nan|nan|nan|nan|nan|nan|nan|nan|nan|nan|nan|nan|nan|nan|nan|nan|nan|nan|nan|nan|nan|nan|nan|nan|nan|nan|nan|nan|nan|nan|nan|nan|nan|nan|nan|nan|nan|nan|nan|nan|nan|nan|nan|nan|nan
922|nan|nan|nan|nan|nan|nan|nan|nan|nan|nan|nan|nan|nan|nan|nan|nan|nan|nan|nan|nan|nan|nan|nan|nan|nan|nan|nan|nan|nan|nan|nan|nan|nan|nan|nan|nan|nan|nan|nan|nan|nan|nan|nan|nan|nan|nan|nan|nan|nan|nan
923|nan|nan|nan|nan|nan|nan|nan|nan|nan|nan|nan|nan|nan|nan|nan|nan|nan|nan|nan|nan|nan|nan|nan|nan|nan|nan|nan|nan|nan|nan|nan|nan|nan|nan|nan|nan|nan|nan|nan|nan|nan|nan|nan|nan|nan|nan|nan|nan|nan|nan
924|nan|nan|nan|nan|nan|nan|nan|nan|nan|nan|nan|nan|nan|nan|nan|nan|nan|nan|nan|nan|nan|nan|nan|nan|nan|nan|nan|nan|nan|nan|nan|nan|nan|nan|nan|nan|nan|nan|nan|nan|nan|nan|nan|nan|nan|nan|nan|nan|nan|nan
925|nan|nan|nan|nan|nan|nan|nan|nan|nan|nan|nan|nan|nan|nan|nan|nan|nan|nan|nan|nan|nan|nan|nan|nan|nan|nan|nan|nan|nan|nan|nan|nan|nan|nan|nan|nan|nan|nan|nan|nan|nan|nan|nan|nan|nan|nan|nan|nan|nan|nan
926|nan|nan|nan|nan|nan|nan|nan|nan|nan|nan|nan|nan|nan|nan|nan|nan|nan|nan|nan|nan|nan|nan|nan|nan|nan|nan|nan|nan|nan|nan|nan|nan|nan|nan|nan|nan|nan|nan|nan|nan|nan|nan|nan|nan|nan|nan|nan|nan|nan|nan
927|nan|nan|nan|nan|nan|nan|nan|nan|nan|nan|nan|nan|nan|nan|nan|nan|nan|nan|nan|nan|nan|nan|nan|nan|nan|nan|nan|nan|nan|nan|nan|nan|nan|nan|nan|nan|nan|nan|nan|nan|nan|nan|nan|nan|nan|nan|nan|nan|nan|nan
928|nan|nan|nan|nan|nan|nan|nan|nan|nan|nan|nan|nan|nan|nan|nan|nan|nan|nan|nan|nan|nan|nan|nan|nan|nan|nan|nan|nan|nan|nan|nan|nan|nan|nan|nan|nan|nan|nan|nan|nan|nan|nan|nan|nan|nan|nan|nan|nan|nan|nan
929|nan|nan|nan|nan|nan|nan|nan|nan|nan|nan|nan|nan|nan|nan|nan|nan|nan|nan|nan|nan|nan|nan|nan|nan|nan|nan|nan|nan|nan|nan|nan|nan|nan|nan|nan|nan|nan|nan|nan|nan|nan|nan|nan|nan|nan|nan|nan|nan|nan|nan
930|nan|nan|nan|nan|nan|nan|nan|nan|nan|nan|nan|nan|nan|nan|nan|nan|nan|nan|nan|nan|nan|nan|nan|nan|nan|nan|nan|nan|nan|nan|nan|nan|nan|nan|nan|nan|nan|nan|nan|nan|nan|nan|nan|nan|nan|nan|nan|nan|nan|nan
931|nan|nan|nan|nan|nan|nan|nan|nan|nan|nan|nan|nan|nan|nan|nan|nan|nan|nan|nan|nan|nan|nan|nan|nan|nan|nan|nan|nan|nan|nan|nan|nan|nan|nan|nan|nan|nan|nan|nan|nan|nan|nan|nan|nan|nan|nan|nan|nan|nan|nan
932|nan|nan|nan|nan|nan|nan|nan|nan|nan|nan|nan|nan|nan|nan|nan|nan|nan|nan|nan|nan|nan|nan|nan|nan|nan|nan|nan|nan|nan|nan|nan|nan|nan|nan|nan|nan|nan|nan|nan|nan|nan|nan|nan|nan|nan|nan|nan|nan|nan|nan
933|nan|nan|nan|nan|nan|nan|nan|nan|nan|nan|nan|nan|nan|nan|nan|nan|nan|nan|nan|nan|nan|nan|nan|nan|nan|nan|nan|nan|nan|nan|nan|nan|nan|nan|nan|nan|nan|nan|nan|nan|nan|nan|nan|nan|nan|nan|nan|nan|nan|nan
934|nan|nan|nan|nan|nan|nan|nan|nan|nan|nan|nan|nan|nan|nan|nan|nan|nan|nan|nan|nan|nan|nan|nan|nan|nan|nan|nan|nan|nan|nan|nan|nan|nan|nan|nan|nan|nan|nan|nan|nan|nan|nan|nan|nan|nan|nan|nan|nan|nan|nan
935|nan|nan|nan|nan|nan|nan|nan|nan|nan|nan|nan|nan|nan|nan|nan|nan|nan|nan|nan|nan|nan|nan|nan|nan|nan|nan|nan|nan|nan|nan|nan|nan|nan|nan|nan|nan|nan|nan|nan|nan|nan|nan|nan|nan|nan|nan|nan|nan|nan|nan
936|nan|nan|nan|nan|nan|nan|nan|nan|nan|nan|nan|nan|nan|nan|nan|nan|nan|nan|nan|nan|nan|nan|nan|nan|nan|nan|nan|nan|nan|nan|nan|nan|nan|nan|nan|nan|nan|nan|nan|nan|nan|nan|nan|nan|nan|nan|nan|nan|nan|nan
937|nan|nan|nan|nan|nan|nan|nan|nan|nan|nan|nan|nan|nan|nan|nan|nan|nan|nan|nan|nan|nan|nan|nan|nan|nan|nan|nan|nan|nan|nan|nan|nan|nan|nan|nan|nan|nan|nan|nan|nan|nan|nan|nan|nan|nan|nan|nan|nan|nan|nan
938|nan|nan|nan|nan|nan|nan|nan|nan|nan|nan|nan|nan|nan|nan|nan|nan|nan|nan|nan|nan|nan|nan|nan|nan|nan|nan|nan|nan|nan|nan|nan|nan|nan|nan|nan|nan|nan|nan|nan|nan|nan|nan|nan|nan|nan|nan|nan|nan|nan|nan
939|nan|nan|nan|nan|nan|nan|nan|nan|nan|nan|nan|nan|nan|nan|nan|nan|nan|nan|nan|nan|nan|nan|nan|nan|nan|nan|nan|nan|nan|nan|nan|nan|nan|nan|nan|nan|nan|nan|nan|nan|nan|nan|nan|nan|nan|nan|nan|nan|nan|nan
940|nan|nan|nan|nan|nan|nan|nan|nan|nan|nan|nan|nan|nan|nan|nan|nan|nan|nan|nan|nan|nan|nan|nan|nan|nan|nan|nan|nan|nan|nan|nan|nan|nan|nan|nan|nan|nan|nan|nan|nan|nan|nan|nan|nan|nan|nan|nan|nan|nan|nan
941|nan|nan|nan|nan|nan|nan|nan|nan|nan|nan|nan|nan|nan|nan|nan|nan|nan|nan|nan|nan|nan|nan|nan|nan|nan|nan|nan|nan|nan|nan|nan|nan|nan|nan|nan|nan|nan|nan|nan|nan|nan|nan|nan|nan|nan|nan|nan|nan|nan|nan
942|nan|nan|nan|nan|nan|nan|nan|nan|nan|nan|nan|nan|nan|nan|nan|nan|nan|nan|nan|nan|nan|nan|nan|nan|nan|nan|nan|nan|nan|nan|nan|nan|nan|nan|nan|nan|nan|nan|nan|nan|nan|nan|nan|nan|nan|nan|nan|nan|nan|nan
943|nan|nan|nan|nan|nan|nan|nan|nan|nan|nan|nan|nan|nan|nan|nan|nan|nan|nan|nan|nan|nan|nan|nan|nan|nan|nan|nan|nan|nan|nan|nan|nan|nan|nan|nan|nan|nan|nan|nan|nan|nan|nan|nan|nan|nan|nan|nan|nan|nan|nan
944|nan|nan|nan|nan|nan|nan|nan|nan|nan|nan|nan|nan|nan|nan|nan|nan|nan|nan|nan|nan|nan|nan|nan|nan|nan|nan|nan|nan|nan|nan|nan|nan|nan|nan|nan|nan|nan|nan|nan|nan|nan|nan|nan|nan|nan|nan|nan|nan|nan|nan
945|nan|nan|nan|nan|nan|nan|nan|nan|nan|nan|nan|nan|nan|nan|nan|nan|nan|nan|nan|nan|nan|nan|nan|nan|nan|nan|nan|nan|nan|nan|nan|nan|nan|nan|nan|nan|nan|nan|nan|nan|nan|nan|nan|nan|nan|nan|nan|nan|nan|nan
946|nan|nan|nan|nan|nan|nan|nan|nan|nan|nan|nan|nan|nan|nan|nan|nan|nan|nan|nan|nan|nan|nan|nan|nan|nan|nan|nan|nan|nan|nan|nan|nan|nan|nan|nan|nan|nan|nan|nan|nan|nan|nan|nan|nan|nan|nan|nan|nan|nan|nan
947|nan|nan|nan|nan|nan|nan|nan|nan|nan|nan|nan|nan|nan|nan|nan|nan|nan|nan|nan|nan|nan|nan|nan|nan|nan|nan|nan|nan|nan|nan|nan|nan|nan|nan|nan|nan|nan|nan|nan|nan|nan|nan|nan|nan|nan|nan|nan|nan|nan|nan
948|nan|nan|nan|nan|nan|nan|nan|nan|nan|nan|nan|nan|nan|nan|nan|nan|nan|nan|nan|nan|nan|nan|nan|nan|nan|nan|nan|nan|nan|nan|nan|nan|nan|nan|nan|nan|nan|nan|nan|nan|nan|nan|nan|nan|nan|nan|nan|nan|nan|nan
949|nan|nan|nan|nan|nan|nan|nan|nan|nan|nan|nan|nan|nan|nan|nan|nan|nan|nan|nan|nan|nan|nan|nan|nan|nan|nan|nan|nan|nan|nan|nan|nan|nan|nan|nan|nan|nan|nan|nan|nan|nan|nan|nan|nan|nan|nan|nan|nan|nan|nan
950|nan|nan|nan|nan|nan|nan|nan|nan|nan|nan|nan|nan|nan|nan|nan|nan|nan|nan|nan|nan|nan|nan|nan|nan|nan|nan|nan|nan|nan|nan|nan|nan|nan|nan|nan|nan|nan|nan|nan|nan|nan|nan|nan|nan|nan|nan|nan|nan|nan|nan
951|nan|nan|nan|nan|nan|nan|nan|nan|nan|nan|nan|nan|nan|nan|nan|nan|nan|nan|nan|nan|nan|nan|nan|nan|nan|nan|nan|nan|nan|nan|nan|nan|nan|nan|nan|nan|nan|nan|nan|nan|nan|nan|nan|nan|nan|nan|nan|nan|nan|nan
952|nan|nan|nan|nan|nan|nan|nan|nan|nan|nan|nan|nan|nan|nan|nan|nan|nan|nan|nan|nan|nan|nan|nan|nan|nan|nan|nan|nan|nan|nan|nan|nan|nan|nan|nan|nan|nan|nan|nan|nan|nan|nan|nan|nan|nan|nan|nan|nan|nan|nan
953|nan|nan|nan|nan|nan|nan|nan|nan|nan|nan|nan|nan|nan|nan|nan|nan|nan|nan|nan|nan|nan|nan|nan|nan|nan|nan|nan|nan|nan|nan|nan|nan|nan|nan|nan|nan|nan|nan|nan|nan|nan|nan|nan|nan|nan|nan|nan|nan|nan|nan
954|nan|nan|nan|nan|nan|nan|nan|nan|nan|nan|nan|nan|nan|nan|nan|nan|nan|nan|nan|nan|nan|nan|nan|nan|nan|nan|nan|nan|nan|nan|nan|nan|nan|nan|nan|nan|nan|nan|nan|nan|nan|nan|nan|nan|nan|nan|nan|nan|nan|nan
955|nan|nan|nan|nan|nan|nan|nan|nan|nan|nan|nan|nan|nan|nan|nan|nan|nan|nan|nan|nan|nan|nan|nan|nan|nan|nan|nan|nan|nan|nan|nan|nan|nan|nan|nan|nan|nan|nan|nan|nan|nan|nan|nan|nan|nan|nan|nan|nan|nan|nan
956|nan|nan|nan|nan|nan|nan|nan|nan|nan|nan|nan|nan|nan|nan|nan|nan|nan|nan|nan|nan|nan|nan|nan|nan|nan|nan|nan|nan|nan|nan|nan|nan|nan|nan|nan|nan|nan|nan|nan|nan|nan|nan|nan|nan|nan|nan|nan|nan|nan|nan
957|nan|nan|nan|nan|nan|nan|nan|nan|nan|nan|nan|nan|nan|nan|nan|nan|nan|nan|nan|nan|nan|nan|nan|nan|nan|nan|nan|nan|nan|nan|nan|nan|nan|nan|nan|nan|nan|nan|nan|nan|nan|nan|nan|nan|nan|nan|nan|nan|nan|nan
958|nan|nan|nan|nan|nan|nan|nan|nan|nan|nan|nan|nan|nan|nan|nan|nan|nan|nan|nan|nan|nan|nan|nan|nan|nan|nan|nan|nan|nan|nan|nan|nan|nan|nan|nan|nan|nan|nan|nan|nan|nan|nan|nan|nan|nan|nan|nan|nan|nan|nan
959|nan|nan|nan|nan|nan|nan|nan|nan|nan|nan|nan|nan|nan|nan|nan|nan|nan|nan|nan|nan|nan|nan|nan|nan|nan|nan|nan|nan|nan|nan|nan|nan|nan|nan|nan|nan|nan|nan|nan|nan|nan|nan|nan|nan|nan|nan|nan|nan|nan|nan
1000|nan|nan|nan|nan|nan|nan|nan|nan|nan|nan|nan|nan|nan|nan|nan|nan|nan|nan|nan|nan|nan|nan|nan|nan|nan|nan|nan|nan|nan|nan|nan|nan|nan|nan|nan|nan|nan|nan|nan|nan|nan|nan|nan|nan|nan|nan|nan|nan|nan|nan
1001|nan|nan|nan|nan|nan|nan|nan|nan|nan|nan|nan|nan|nan|nan|nan|nan|nan|nan|nan|nan|nan|nan|nan|nan|nan|nan|nan|nan|nan|nan|nan|nan|nan|nan|nan|nan|nan|nan|nan|nan|nan|nan|nan|nan|nan|nan|nan|nan|nan|nan
1002|nan|nan|nan|nan|nan|nan|nan|nan|nan|nan|nan|nan|nan|nan|nan|nan|nan|nan|nan|nan|nan|nan|nan|nan|nan|nan|nan|nan|nan|nan|nan|nan|nan|nan|nan|nan|nan|nan|nan|nan|nan|nan|nan|nan|nan|nan|nan|nan|nan|nan
1003|nan|nan|nan|nan|nan|nan|nan|nan|nan|nan|nan|nan|nan|nan|nan|nan|nan|nan|nan|nan|nan|nan|nan|nan|nan|nan|nan|nan|nan|nan|nan|nan|nan|nan|nan|nan|nan|nan|nan|nan|nan|nan|nan|nan|nan|nan|nan|nan|nan|nan
1004|nan|nan|nan|nan|nan|nan|nan|nan|nan|nan|nan|nan|nan|nan|nan|nan|nan|nan|nan|nan|nan|nan|nan|nan|nan|nan|nan|nan|nan|nan|nan|nan|nan|nan|nan|nan|nan|nan|nan|nan|nan|nan|nan|nan|nan|nan|nan|nan|nan|nan
1005|nan|nan|nan|nan|nan|nan|nan|nan|nan|nan|nan|nan|nan|nan|nan|nan|nan|nan|nan|nan|nan|nan|nan|nan|nan|nan|nan|nan|nan|nan|nan|nan|nan|nan|nan|nan|nan|nan|nan|nan|nan|nan|nan|nan|nan|nan|nan|nan|nan|nan
1006|nan|nan|nan|nan|nan|nan|nan|nan|nan|nan|nan|nan|nan|nan|nan|nan|nan|nan|nan|nan|nan|nan|nan|nan|nan|nan|nan|nan|nan|nan|nan|nan|nan|nan|nan|nan|nan|nan|nan|nan|nan|nan|nan|nan|nan|nan|nan|nan|nan|nan
1007|nan|nan|nan|nan|nan|nan|nan|nan|nan|nan|nan|nan|nan|nan|nan|nan|nan|nan|nan|nan|nan|nan|nan|nan|nan|nan|nan|nan|nan|nan|nan|nan|nan|nan|nan|nan|nan|nan|nan|nan|nan|nan|nan|nan|nan|nan|nan|nan|nan|nan
1008|nan|nan|nan|nan|nan|nan|nan|nan|nan|nan|nan|nan|nan|nan|nan|nan|nan|nan|nan|nan|nan|nan|nan|nan|nan|nan|nan|nan|nan|nan|nan|nan|nan|nan|nan|nan|nan|nan|nan|nan|nan|nan|nan|nan|nan|nan|nan|nan|nan|nan
1009|nan|nan|nan|nan|nan|nan|nan|nan|nan|nan|nan|nan|nan|nan|nan|nan|nan|nan|nan|nan|nan|nan|nan|nan|nan|nan|nan|nan|nan|nan|nan|nan|nan|nan|nan|nan|nan|nan|nan|nan|nan|nan|nan|nan|nan|nan|nan|nan|nan|nan
1010|nan|nan|nan|nan|nan|nan|nan|nan|nan|nan|nan|nan|nan|nan|nan|nan|nan|nan|nan|nan|nan|nan|nan|nan|nan|nan|nan|nan|nan|nan|nan|nan|nan|nan|nan|nan|nan|nan|nan|nan|nan|nan|nan|nan|nan|nan|nan|nan|nan|nan
1011|nan|nan|nan|nan|nan|nan|nan|nan|nan|nan|nan|nan|nan|nan|nan|nan|nan|nan|nan|nan|nan|nan|nan|nan|nan|nan|nan|nan|nan|nan|nan|nan|nan|nan|nan|nan|nan|nan|nan|nan|nan|nan|nan|nan|nan|nan|nan|nan|nan|nan
1012|nan|nan|nan|nan|nan|nan|nan|nan|nan|nan|nan|nan|nan|nan|nan|nan|nan|nan|nan|nan|nan|nan|nan|nan|nan|nan|nan|nan|nan|nan|nan|nan|nan|nan|nan|nan|nan|nan|nan|nan|nan|nan|nan|nan|nan|nan|nan|nan|nan|nan
1013|nan|nan|nan|nan|nan|nan|nan|nan|nan|nan|nan|nan|nan|nan|nan|nan|nan|nan|nan|nan|nan|nan|nan|nan|nan|nan|nan|nan|nan|0.000000|nan|nan|nan|nan|nan|nan|nan|nan|nan|nan|nan|nan|nan|nan|nan|nan|nan|nan|nan|nan
1014|nan|nan|nan|nan|nan|nan|nan|nan|nan|nan|nan|nan|nan|nan|nan|nan|nan|nan|nan|nan|nan|nan|nan|nan|nan|nan|nan|nan|nan|17.521829|nan|nan|nan|nan|nan|nan|nan|nan|nan|nan|nan|nan|nan|nan|nan|nan|nan|nan|nan|nan
1030|nan|nan|nan|nan|nan|nan|nan|nan|nan|nan|nan|nan|nan|nan|nan|nan|nan|nan|nan|nan|nan|nan|nan|nan|nan|nan|nan|nan|nan|-21.877245|nan|nan|nan|nan|nan|nan|nan|nan|nan|nan|nan|nan|nan|nan|nan|nan|nan|nan|nan|nan
1031|nan|nan|nan|nan|nan|nan|nan|nan|nan|nan|nan|nan|nan|nan|nan|nan|nan|nan|nan|nan|nan|nan|nan|nan|nan|nan|nan|nan|nan|-24.674940|nan|nan|nan|nan|nan|nan|nan|nan|nan|nan|nan|nan|nan|nan|nan|nan|nan|nan|nan|nan
1032|nan|nan|nan|nan|nan|nan|nan|nan|nan|nan|nan|nan|nan|nan|nan|nan|nan|nan|nan|nan|nan|nan|nan|nan|nan|nan|nan|nan|nan|-13.003135|nan|nan|nan|nan|nan|nan|nan|nan|nan|nan|nan|nan|nan|nan|nan|nan|nan|nan|nan|nan
1033|nan|nan|nan|nan|nan|nan|nan|nan|nan|nan|nan|nan|nan|nan|nan|nan|nan|nan|nan|nan|nan|nan|nan|nan|nan|nan|nan|nan|nan|22.998965|nan|nan|nan|nan|nan|nan|nan|nan|nan|nan|nan|nan|nan|nan|nan|nan|nan|nan|nan|nan
1034|nan|nan|nan|nan|nan|nan|nan|nan|nan|nan|nan|nan|nan|nan|nan|nan|nan|nan|nan|nan|nan|nan|nan|nan|nan|nan|nan|nan|nan|19.713399|nan|nan|nan|nan|nan|nan|nan|nan|nan|nan|nan|nan|nan|nan|nan|nan|nan|nan|nan|nan
1035|nan|nan|nan|nan|nan|nan|nan|nan|nan|nan|nan|nan|nan|nan|nan|nan|nan|nan|nan|nan|nan|nan|nan|nan|nan|nan|nan|nan|nan|8.987330|nan|nan|nan|nan|nan|nan|nan|nan|nan|nan|nan|nan|nan|nan|nan|nan|nan|nan|nan|nan
1036|nan|nan|nan|nan|nan|nan|nan|nan|nan|nan|nan|nan|nan|nan|nan|nan|nan|nan|nan|nan|nan|nan|nan|nan|nan|nan|nan|nan|nan|6.156958|nan|nan|nan|nan|nan|nan|nan|nan|nan|nan|nan|nan|nan|nan|nan|nan|nan|nan|nan|nan
1037|nan|nan|nan|nan|nan|nan|nan|nan|nan|nan|nan|nan|nan|nan|nan|nan|nan|nan|nan|nan|nan|nan|nan|nan|nan|nan|nan|nan|nan|10.443528|nan|nan|nan|nan|nan|nan|nan|nan|nan|nan|nan|nan|nan|nan|nan|nan|nan|nan|nan|nan
1038|nan|nan|nan|nan|nan|nan|nan|nan|nan|nan|nan|nan|nan|nan|nan|nan|nan|nan|nan|nan|nan|nan|nan|nan|nan|nan|nan|nan|nan|9.494117|nan|nan|nan|nan|nan|nan|nan|nan|nan|nan|nan|nan|nan|nan|nan|nan|nan|nan|nan|nan
1039|nan|nan|nan|nan|nan|nan|nan|nan|nan|nan|nan|nan|nan|nan|nan|nan|nan|nan|nan|nan|nan|nan|nan|nan|nan|nan|nan|nan|nan|4.750570|nan|nan|nan|nan|nan|nan|nan|nan|nan|nan|nan|nan|nan|nan|nan|nan|nan|nan|nan|nan
1040|nan|nan|nan|nan|nan|nan|nan|nan|nan|nan|nan|nan|nan|nan|nan|nan|nan|nan|nan|nan|nan|nan|nan|nan|nan|nan|nan|nan|nan|4.385141|nan|nan|nan|nan|nan|nan|nan|nan|nan|nan|nan|nan|nan|nan|nan|nan|nan|nan|nan|nan
1041|nan|nan|nan|nan|nan|nan|nan|nan|nan|nan|nan|nan|nan|nan|nan|nan|nan|nan|nan|nan|nan|nan|nan|nan|nan|nan|nan|nan|nan|4.071917|nan|nan|nan|nan|nan|nan|nan|nan|nan|nan|nan|nan|nan|nan|nan|nan|nan|nan|nan|nan
1042|nan|nan|nan|nan|nan|nan|nan|nan|nan|nan|nan|nan|nan|nan|nan|nan|nan|nan|nan|nan|nan|nan|nan|nan|nan|nan|nan|nan|nan|3.800456|nan|nan|nan|nan|nan|nan|nan|nan|nan|nan|nan|nan|nan|nan|nan|nan|nan|nan|nan|nan
1043|nan|nan|nan|nan|nan|nan|nan|nan|nan|nan|nan|nan|nan|nan|nan|nan|nan|nan|nan|nan|nan|nan|nan|nan|nan|nan|nan|nan|nan|2.632565|nan|0.295787|nan|nan|nan|-1040.993645|nan|nan|nan|nan|-192954.338330|nan|nan|17.312089|nan|-11.786613|nan|-0.269463|nan|nan
1044|nan|nan|nan|nan|nan|nan|nan|nan|nan|nan|nan|nan|nan|nan|nan|nan|nan|nan|nan|nan|nan|nan|nan|nan|nan|nan|nan|nan|nan|51.433242|nan|0.295787|nan|nan|nan|-2477.969252|nan|nan|nan|nan|-192954.338330|nan|nan|17.268084|nan|-11.786613|nan|-0.269463|nan|nan
1045|nan|nan|nan|nan|nan|nan|nan|nan|nan|nan|nan|nan|nan|nan|nan|nan|nan|nan|nan|nan|nan|nan|nan|nan|nan|nan|nan|nan|nan|51.045056|nan|0.295787|nan|nan|nan|-2478.308428|nan|nan|nan|nan|-192954.338330|nan|nan|17.236118|nan|-11.786613|nan|-0.207313|nan|nan
1046|nan|nan|nan|nan|nan|nan|nan|nan|nan|nan|nan|nan|nan|nan|nan|nan|nan|nan|nan|nan|nan|nan|nan|nan|nan|nan|nan|nan|nan|49.911890|nan|0.295787|nan|nan|nan|-2476.705770|nan|nan|nan|nan|-192954.338330|nan|nan|17.205605|nan|-11.786613|nan|-0.207313|nan|nan
1047|nan|nan|nan|nan|nan|nan|nan|nan|nan|nan|nan|nan|nan|nan|nan|nan|nan|nan|nan|nan|nan|nan|nan|nan|nan|nan|nan|nan|nan|44.474776|nan|0.295787|nan|nan|nan|-2477.951546|nan|nan|nan|nan|-192954.338330|nan|nan|17.175169|nan|-11.786613|nan|-0.207313|nan|nan
1048|nan|nan|nan|nan|nan|nan|nan|nan|nan|nan|nan|nan|nan|nan|nan|nan|nan|nan|nan|nan|nan|nan|nan|nan|nan|nan|nan|nan|nan|39.565389|nan|0.295787|nan|nan|nan|-2478.618110|nan|nan|nan|nan|-192954.338330|nan|nan|17.145343|nan|-11.786613|nan|-0.207313|nan|nan
1049|nan|nan|nan|nan|nan|nan|nan|nan|nan|nan|nan|nan|nan|nan|nan|nan|nan|nan|nan|nan|nan|nan|nan|nan|nan|nan|nan|nan|nan|38.430912|nan|0.295787|nan|nan|nan|-2478.433455|nan|nan|nan|nan|-192954.338330|nan|nan|17.113414|nan|-11.786613|nan|-0.207313|nan|nan
1050|nan|nan|nan|nan|nan|nan|nan|nan|nan|nan|nan|nan|nan|nan|nan|nan|nan|nan|nan|nan|nan|nan|nan|nan|nan|nan|nan|nan|nan|34.225379|nan|0.295787|nan|nan|nan|-2477.122504|nan|nan|nan|nan|-192954.338330|nan|nan|17.080168|nan|-11.786613|nan|-0.207313|nan|nan
1051|nan|nan|nan|nan|nan|nan|nan|nan|nan|nan|nan|nan|nan|nan|nan|nan|nan|nan|nan|nan|nan|nan|nan|nan|nan|nan|nan|nan|nan|32.192403|nan|0.295787|nan|nan|nan|-2478.433778|nan|nan|nan|nan|-192954.338330|nan|nan|17.047246|nan|-11.786613|nan|-0.207313|nan|nan
1052|nan|nan|nan|nan|nan|nan|nan|nan|nan|nan|nan|nan|nan|nan|nan|nan|nan|nan|nan|nan|nan|nan|nan|nan|nan|nan|nan|nan|nan|30.904707|nan|0.295787|nan|nan|nan|-2478.469883|nan|nan|nan|nan|-192954.338330|nan|nan|17.011274|nan|-11.786613|nan|-0.207313|nan|nan
1053|nan|nan|nan|nan|nan|nan|nan|nan|nan|nan|nan|nan|nan|nan|nan|nan|nan|nan|nan|nan|nan|nan|nan|nan|nan|nan|nan|nan|nan|30.837040|nan|0.295787|nan|nan|nan|-2477.439585|nan|nan|nan|nan|-192954.338330|nan|nan|16.973708|nan|-11.786613|nan|-0.207313|nan|nan
1054|nan|nan|nan|nan|nan|nan|nan|nan|nan|nan|nan|nan|nan|nan|nan|nan|nan|nan|nan|nan|nan|nan|nan|nan|nan|nan|nan|nan|nan|29.694927|nan|0.295787|nan|nan|nan|-2478.134854|nan|nan|nan|nan|-192954.338330|nan|nan|16.933944|nan|-11.786613|nan|-0.207313|nan|nan
1055|nan|nan|nan|nan|nan|nan|nan|nan|nan|nan|nan|nan|nan|nan|nan|nan|nan|nan|nan|nan|nan|nan|nan|nan|nan|nan|nan|nan|nan|30.719927|nan|0.295787|nan|nan|nan|-2477.507701|nan|nan|nan|nan|-192954.338330|nan|nan|16.892747|nan|-11.786613|nan|-0.182146|nan|nan
1056|nan|nan|nan|nan|nan|nan|nan|nan|nan|nan|nan|nan|nan|nan|nan|nan|nan|nan|nan|nan|nan|nan|nan|nan|nan|nan|nan|nan|nan|21.605121|nan|0.295787|nan|nan|nan|-2479.408380|nan|nan|nan|nan|-192954.338330|nan|nan|16.850494|nan|-11.786613|nan|-0.182146|nan|nan
1057|nan|nan|nan|nan|nan|nan|nan|nan|nan|nan|nan|nan|nan|nan|nan|nan|nan|nan|nan|nan|nan|nan|nan|nan|nan|nan|nan|nan|nan|20.884950|nan|0.295787|nan|nan|nan|-2478.288656|nan|nan|nan|nan|-192954.338330|nan|nan|16.807485|nan|-11.786613|nan|-0.182146|nan|nan
1058|nan|nan|nan|nan|nan|nan|nan|nan|nan|nan|nan|nan|nan|nan|nan|nan|nan|nan|nan|nan|nan|nan|nan|nan|-0.004462|nan|nan|nan|nan|23.018481|nan|0.295787|nan|nan|nan|-2477.436057|nan|nan|nan|nan|-192954.338330|nan|nan|16.765180|nan|-11.786613|nan|-0.182146|nan|-181.527060
1059|nan|nan|nan|nan|nan|nan|nan|nan|nan|nan|nan|nan|nan|nan|nan|nan|nan|nan|nan|nan|nan|nan|nan|nan|-0.004462|nan|nan|nan|nan|22.299153|nan|0.295787|nan|nan|nan|-2478.529281|nan|nan|nan|nan|-192954.338330|nan|nan|16.723006|nan|-11.786613|nan|-0.182146|nan|-181.527060
1100|nan|nan|nan|nan|nan|nan|nan|nan|nan|nan|nan|nan|nan|nan|nan|nan|nan|nan|nan|nan|nan|nan|nan|nan|0.003955|nan|nan|nan|nan|23.357457|nan|0.295787|nan|nan|nan|-2476.536657|nan|nan|nan|nan|-192954.338330|nan|nan|16.682175|nan|-11.786613|nan|-0.182146|nan|-181.527060
1101|nan|nan|nan|nan|nan|nan|nan|nan|nan|nan|nan|nan|nan|nan|nan|nan|nan|nan|nan|nan|nan|nan|nan|nan|0.010724|nan|nan|nan|nan|22.670473|nan|0.295787|nan|nan|nan|-2478.059677|nan|nan|nan|nan|-192954.338330|nan|nan|16.642680|nan|-11.786613|nan|-0.182146|nan|-181.527060
1102|nan|nan|nan|nan|nan|nan|nan|nan|nan|nan|nan|nan|nan|nan|nan|nan|nan|nan|nan|nan|nan|nan|nan|nan|0.014384|nan|nan|nan|nan|22.823168|nan|0.295787|nan|nan|nan|-2478.562680|nan|nan|nan|nan|-192954.338330|nan|nan|16.603835|nan|-11.786613|nan|-0.182146|nan|-181.527060
1103|nan|nan|nan|nan|nan|nan|nan|nan|nan|nan|nan|nan|nan|nan|nan|nan|nan|nan|nan|nan|nan|nan|nan|nan|0.015340|nan|nan|nan|nan|22.189191|nan|0.295787|nan|nan|nan|-2477.755435|nan|nan|nan|nan|-192954.338330|nan|nan|16.569674|nan|-11.786613|nan|-0.182146|nan|-181.527060
1104|nan|nan|nan|nan|nan|nan|nan|nan|nan|nan|nan|nan|nan|nan|nan|nan|nan|nan|nan|nan|nan|nan|nan|nan|0.018929|nan|nan|nan|nan|21.589483|nan|0.295787|nan|nan|nan|-2478.323458|nan|nan|nan|nan|-192954.338330|nan|nan|16.540147|nan|-11.786613|nan|-0.182146|nan|-181.527060
1105|nan|nan|nan|nan|nan|nan|nan|nan|nan|nan|nan|nan|nan|nan|nan|nan|nan|nan|nan|nan|nan|nan|nan|nan|0.021018|nan|nan|nan|nan|21.376012|nan|0.295787|nan|nan|nan|-2477.762814|nan|nan|nan|nan|-192954.338330|nan|nan|16.515086|nan|-11.786613|nan|-0.182146|nan|-181.527060
1106|nan|nan|nan|nan|nan|nan|nan|nan|nan|nan|nan|nan|nan|nan|nan|nan|nan|nan|nan|nan|nan|nan|nan|nan|0.023414|nan|nan|nan|nan|20.484865|nan|0.619812|nan|nan|nan|-2479.214874|nan|nan|nan|nan|-192954.338330|nan|nan|16.516212|nan|-11.786613|nan|-0.158635|nan|-181.527060
1107|nan|nan|nan|nan|nan|nan|nan|nan|nan|nan|nan|nan|nan|nan|nan|nan|nan|nan|nan|nan|nan|nan|nan|nan|0.023535|nan|nan|nan|nan|19.308041|nan|0.619812|nan|nan|nan|-2478.661241|nan|nan|nan|nan|-192954.338330|nan|nan|16.534096|nan|-11.786613|nan|-0.158635|nan|-181.527060
1108|nan|nan|nan|nan|nan|nan|nan|nan|nan|nan|nan|nan|nan|nan|nan|nan|nan|nan|nan|nan|nan|nan|nan|nan|0.025140|nan|nan|nan|nan|18.837114|nan|0.619812|nan|nan|nan|-2478.235057|nan|nan|nan|nan|-192954.338330|nan|nan|16.564827|nan|-11.786613|nan|-0.158635|nan|-181.527060
1109|nan|nan|nan|nan|nan|nan|nan|nan|nan|nan|nan|nan|nan|nan|nan|nan|nan|nan|nan|nan|nan|nan|nan|nan|0.026440|nan|nan|nan|nan|18.388611|nan|0.619812|nan|nan|nan|-2477.589562|nan|nan|nan|nan|-192954.338330|nan|nan|16.607519|nan|-11.786613|nan|-0.158635|nan|-181.527060
1110|nan|nan|nan|nan|nan|nan|nan|nan|nan|nan|nan|nan|nan|nan|nan|nan|nan|nan|nan|nan|nan|nan|nan|nan|0.028312|nan|nan|nan|nan|17.960969|nan|0.619812|nan|nan|nan|-2477.504134|nan|nan|nan|nan|-192954.338330|nan|nan|16.663143|nan|-11.786613|nan|-0.158635|nan|-181.527060
1111|nan|nan|nan|nan|nan|nan|nan|nan|nan|nan|nan|nan|nan|nan|nan|nan|nan|nan|nan|nan|nan|nan|nan|nan|0.028312|nan|nan|nan|nan|17.552765|nan|0.619812|nan|nan|nan|-2478.923784|nan|nan|nan|nan|-192954.338330|nan|nan|16.727810|nan|-11.786613|nan|-0.158635|nan|-181.527060
1112|nan|nan|nan|nan|nan|nan|nan|nan|nan|nan|nan|nan|nan|nan|nan|nan|nan|nan|nan|nan|nan|nan|nan|nan|0.028312|nan|nan|nan|nan|19.448941|nan|0.619812|nan|nan|nan|-2475.145422|nan|nan|nan|nan|-192954.338330|nan|nan|16.792658|nan|-11.786613|nan|0.073879|nan|-181.527060
1113|nan|nan|nan|nan|nan|nan|nan|nan|2334.200000|nan|nan|-19253130.923276|nan|nan|nan|nan|nan|nan|nan|nan|nan|nan|nan|nan|0.031755|nan|nan|nan|nan|19.026138|nan|0.619812|nan|nan|nan|-2478.144848|nan|nan|nan|nan|-192954.338330|nan|nan|16.856679|nan|-11.786613|nan|0.107293|nan|-181.527060
1114|nan|nan|nan|nan|nan|nan|nan|nan|2334.200000|nan|nan|-6623484.278164|nan|nan|nan|nan|nan|nan|nan|nan|nan|nan|nan|nan|0.033245|nan|nan|nan|nan|18.621326|nan|0.619812|nan|nan|nan|-2477.970446|nan|nan|nan|nan|-192954.338330|nan|nan|16.920640|nan|-11.786613|nan|0.107293|nan|-181.527060
1115|nan|nan|nan|nan|nan|nan|nan|nan|2334.200000|nan|nan|-10442916.883090|nan|nan|nan|nan|nan|nan|nan|nan|nan|nan|nan|nan|0.037315|nan|nan|nan|nan|17.708077|nan|0.619812|nan|nan|nan|-2477.811169|nan|nan|nan|nan|-192954.338330|nan|nan|16.991741|nan|-11.786613|nan|0.107672|nan|-181.527060
1116|nan|nan|nan|nan|nan|nan|nan|nan|2334.200000|nan|nan|-10635158.494341|nan|nan|nan|nan|nan|nan|nan|nan|nan|nan|nan|nan|0.039388|nan|nan|nan|nan|15.818793|nan|0.619812|nan|nan|nan|-2478.883068|nan|nan|nan|nan|-192954.338330|nan|nan|17.067137|nan|-11.786613|nan|0.107672|nan|-181.527060
1117|nan|nan|nan|nan|nan|nan|nan|nan|2334.200000|nan|nan|-15083885.380985|nan|nan|nan|nan|nan|nan|nan|nan|nan|nan|nan|nan|0.045203|nan|nan|nan|nan|15.995226|nan|0.619812|nan|nan|nan|-2477.566150|nan|nan|nan|nan|-192954.338330|nan|nan|17.146034|nan|-11.786613|nan|0.174934|nan|-181.527060
1118|nan|nan|nan|nan|nan|nan|nan|nan|2334.200000|nan|nan|-14037575.678563|nan|nan|nan|nan|nan|nan|nan|nan|nan|nan|nan|0.121985|0.047510|nan|nan|nan|nan|15.681595|nan|0.619812|nan|nan|nan|-2478.378949|nan|nan|nan|nan|-192954.338330|nan|nan|17.227736|nan|-11.786613|nan|0.174934|nan|-181.527060
1119|nan|nan|nan|nan|nan|nan|nan|nan|2334.200000|nan|nan|-17547558.538435|nan|nan|nan|nan|nan|nan|nan|nan|nan|nan|nan|0.121985|0.048197|nan|nan|nan|nan|15.380025|nan|0.619812|nan|nan|nan|-2477.478597|nan|nan|nan|nan|-125251.186087|nan|nan|17.313237|nan|-11.786613|nan|0.174934|nan|-181.527060
1120|nan|nan|nan|nan|nan|nan|nan|nan|2334.200000|nan|nan|-30856767.294033|nan|nan|nan|nan|nan|nan|nan|nan|nan|nan|nan|0.121985|0.048197|nan|nan|nan|nan|10.690276|nan|0.619812|nan|nan|nan|-2478.380990|nan|nan|nan|nan|-125251.186087|nan|nan|17.402187|nan|-11.786613|nan|0.174934|nan|-181.527060
1121|nan|nan|nan|nan|nan|nan|nan|nan|2334.200000|nan|nan|-18864379.532109|nan|nan|nan|nan|nan|nan|nan|nan|nan|nan|nan|0.130104|0.048197|nan|nan|nan|nan|8.583692|nan|0.619812|nan|nan|nan|-2649.458378|nan|nan|nan|nan|-125251.186087|nan|nan|17.488546|nan|-11.786613|nan|0.174934|nan|-181.527060
1122|nan|nan|nan|nan|nan|nan|nan|nan|2334.200000|nan|nan|-11534705.572567|nan|nan|nan|nan|nan|nan|nan|nan|nan|nan|nan|0.154845|0.048197|nan|nan|nan|nan|4.733181|nan|0.619812|nan|nan|nan|-6129.686679|nan|nan|nan|nan|-125251.186087|nan|nan|17.572047|nan|-11.786613|nan|0.174934|nan|-181.527060
1123|nan|nan|nan|-5.800000|nan|nan|nan|nan|2334.200000|nan|nan|-8584665.997554|nan|nan|nan|nan|nan|nan|nan|nan|nan|nan|nan|0.187906|0.048197|nan|nan|nan|nan|1.023456|nan|0.619812|nan|nan|nan|-6269.233333|nan|nan|nan|nan|-125251.186087|nan|nan|17.652796|nan|-11.786613|nan|0.174934|nan|-181.527060
1124|nan|nan|nan|-5.800000|nan|nan|nan|nan|2334.200000|nan|nan|-5052882.914956|nan|nan|nan|nan|nan|nan|nan|nan|nan|nan|nan|0.211520|0.048197|nan|nan|nan|nan|0.401413|nan|0.619812|nan|nan|nan|-6270.540302|nan|nan|nan|nan|-125251.186087|nan|nan|17.731130|nan|-11.786613|nan|0.174934|nan|-181.527060
1125|nan|nan|nan|-5.800000|nan|nan|nan|nan|2334.200000|nan|nan|15622844.706250|nan|nan|nan|nan|nan|nan|nan|nan|nan|nan|nan|0.234351|0.048197|nan|nan|nan|nan|-3.958260|nan|0.619812|nan|nan|nan|-10838.454147|nan|nan|nan|nan|-125251.186087|nan|nan|17.807690|nan|-11.786613|nan|0.174934|nan|-181.527060
1126|nan|nan|nan|-5.800000|nan|nan|nan|nan|2334.200000|nan|nan|7714032.342076|nan|nan|nan|nan|nan|nan|nan|nan|nan|nan|nan|0.255747|0.048197|nan|nan|nan|nan|-5.649826|nan|0.619812|nan|nan|nan|-10838.305819|nan|nan|nan|nan|-125251.186087|nan|nan|17.881870|nan|-11.786613|nan|0.174934|nan|-181.527060
1127|nan|nan|nan|-5.800000|nan|nan|nan|nan|2334.200000|nan|nan|6126249.926243|nan|nan|nan|nan|nan|nan|nan|nan|nan|nan|nan|0.261647|0.048197|nan|nan|nan|nan|-3.177035|nan|0.619812|nan|nan|nan|-10836.417681|nan|nan|nan|nan|-125251.186087|nan|nan|17.952702|nan|-11.540347|nan|0.174934|nan|-181.527060
1128|11472365.569184|nan|nan|-5.800000|nan|nan|nan|-33.597395|2334.200000|-1.740669|-0.706268|7859786.257054|nan|nan|nan|nan|-9.800000|nan|-2738165.121848|nan|nan|nan|nan|0.266475|0.048197|nan|nan|-0.552998|nan|-1.601731|nan|0.619812|-1.740669|0.017333|-1.860384|-10836.489160|-193004290.200326|nan|290239.294730|nan|-125251.186087|nan|nan|18.025936|nan|-11.294081|-9.041666|0.174934|nan|-181.527060
1129|13653204.985500|nan|nan|-5.800000|nan|nan|nan|-33.597395|2334.200000|-1.740669|-0.706268|10120642.065144|nan|nan|nan|nan|-3.800000|nan|-2742272.480399|nan|nan|nan|nan|0.276351|0.048197|nan|nan|-0.553908|nan|-2.766205|nan|0.619812|-1.740669|0.023826|-1.860384|-10836.983283|-196135507.933911|nan|290239.294730|nan|-125251.186087|nan|nan|18.089385|nan|-11.047815|-7.041666|0.174934|nan|-181.527060
1330|26406305.098262|nan|nan|-5.800000|nan|nan|nan|-15.997395|2334.200000|-1.740669|-0.706268|22729134.308356|nan|nan|nan|nan|-3.800000|nan|-2751955.749692|-0.193596|nan|nan|nan|0.288853|0.048197|nan|nan|-0.548359|nan|-3.979904|nan|0.619812|-1.740669|0.025966|-1.860384|-10922.985826|-196135507.933911|nan|290239.294730|nan|-125251.186087|nan|nan|18.141155|nan|-11.047815|-21.041666|0.174934|nan|-181.527060
1331|27814467.009933|nan|nan|-5.800000|nan|nan|nan|-15.997395|2334.200000|-1.740669|-0.706268|23504602.296000|nan|nan|nan|nan|0.200000|nan|-2752073.229488|-0.146092|nan|nan|nan|0.306806|0.048197|nan|nan|-0.546203|nan|-9.867336|nan|0.619812|-1.740669|0.025966|-1.860384|-10924.181849|-196135507.933911|nan|290239.294730|nan|-125251.186087|nan|nan|18.179548|nan|-11.047815|-15.041666|0.174934|nan|-181.527060
1332|27561800.814866|nan|nan|-5.800000|nan|nan|nan|-15.997395|2334.200000|-1.740669|-0.706268|22877370.037520|nan|nan|nan|nan|-15.800000|nan|-2751483.238169|-0.146092|nan|nan|nan|0.322366|0.048197|nan|nan|-0.548592|nan|1.415784|nan|0.619812|-1.740669|0.025966|-1.865500|-10921.561989|-196135507.933911|nan|290239.294730|nan|-125251.186087|nan|nan|18.203822|nan|-11.047815|-15.041666|0.174934|nan|-181.527060
1333|22443713.776602|5.072222|nan|-4.200000|nan|nan|nan|-8.359300|2334.200000|-1.740669|-0.706268|17992722.894158|nan|nan|nan|nan|-1.800000|nan|-2746817.355444|-0.061428|nan|nan|nan|0.335980|0.048197|nan|nan|-0.544082|nan|-4.563907|nan|0.619812|-1.740669|0.025966|-1.865500|-10924.066418|-196135507.933911|nan|290239.294730|nan|-125251.186087|nan|nan|18.212421|nan|-11.047815|-9.041666|0.174934|nan|-181.527060
1334|39002410.500000|6.652778|nan|-4.200000|nan|nan|nan|-7.143183|2334.200000|-1.740669|-0.706268|34779837.294473|nan|nan|nan|nan|-1.800000|nan|-2751575.533907|-0.052120|nan|nan|nan|0.347992|0.048197|nan|nan|-0.544082|nan|-6.452039|nan|0.619812|-1.740669|0.025966|-1.865500|-10923.083886|-196135507.933911|nan|290239.294730|nan|-125251.186087|nan|nan|18.215907|nan|-11.047815|-7.041666|0.174934|nan|-181.527060
1335|45676015.447952|6.381481|nan|-4.000000|nan|nan|nan|-7.143183|2334.200000|-1.740669|-0.706268|41557752.788871|nan|nan|nan|nan|-3.800000|nan|-2758146.873617|-0.052120|nan|nan|nan|0.358670|0.048197|nan|nan|-0.539209|nan|-6.888680|nan|0.619812|-1.740669|0.025966|-1.865500|-10923.460363|-196135507.933911|nan|290239.294730|nan|-125251.186087|nan|nan|18.215093|nan|-11.047815|-9.041666|0.174934|nan|-181.527060
1336|41919268.393794|6.223871|nan|-4.000000|nan|nan|nan|-7.143183|2334.200000|-1.740669|-0.706268|38407427.835007|nan|nan|nan|nan|-7.800000|nan|-2756957.682347|-0.052120|nan|nan|nan|0.368224|0.048197|nan|nan|-0.534242|nan|-4.399454|nan|0.619812|-1.740669|0.025966|-1.865500|-10923.202459|-196135507.933911|nan|290239.294730|nan|-125251.186087|nan|nan|18.208845|nan|-11.047815|-11.041666|0.174934|nan|-181.527060
1337|40253000.125102|6.195764|nan|-2.200000|nan|nan|nan|-7.143183|2334.200000|-1.740669|-0.706268|37742834.740369|nan|nan|nan|nan|-11.800000|nan|-2756772.576057|-0.052120|nan|nan|nan|0.376823|0.048197|nan|nan|-0.529353|nan|1.901910|nan|0.619812|-1.740669|0.025966|-1.865500|-10923.487295|-196135507.933911|nan|290239.294730|nan|-125251.186087|nan|nan|18.197606|nan|-11.047815|-11.041666|0.174934|nan|-181.527060
1338|36549431.131288|6.284664|nan|-2.200000|nan|nan|nan|-7.143183|2334.200000|-1.860384|-0.706268|34815923.807395|nan|nan|nan|nan|-4.200000|nan|-1994192.332131|-0.052120|nan|nan|nan|0.384602|0.048197|nan|nan|-0.529353|nan|1.901910|nan|0.619812|-1.740669|0.025966|-1.865500|-10924.045234|-196135507.933911|nan|290239.294730|nan|-125251.186087|nan|nan|18.182119|nan|-11.047815|-9.041666|0.174934|nan|-181.527060
1339|35985976.485522|6.922272|nan|-2.200000|nan|nan|nan|-7.143183|2334.200000|-1.860384|-0.706268|34311572.331946|nan|nan|nan|nan|-4.200000|nan|-1993922.274259|-0.052120|nan|nan|nan|0.391675|0.048197|nan|nan|-0.527839|nan|2.692384|nan|0.619812|-1.740669|0.025966|-1.865500|-10922.858950|-196135507.933911|nan|290239.294730|nan|-125251.186087|nan|nan|18.163700|nan|-11.071906|-7.041666|0.174934|nan|-181.527060
1340|40077457.927098|7.327300|nan|-2.200000|nan|nan|nan|-7.143183|2334.200000|-1.860384|-0.706268|38173208.111556|nan|nan|nan|nan|-2.000000|nan|-1901550.107951|-0.052120|nan|nan|nan|0.398132|0.048197|nan|nan|-0.527839|nan|1.282965|nan|0.619812|-1.740669|0.025966|-1.865500|-10922.665830|-196135507.933911|nan|290239.294730|nan|-125251.186087|nan|nan|18.141741|nan|-11.095997|-7.041666|0.174934|nan|-181.527060
1341|38224150.751904|7.237307|nan|-2.200000|nan|nan|nan|-5.406087|2334.200000|-1.860384|-0.706268|36905216.035739|nan|nan|nan|nan|-4.000000|nan|-1901526.122924|-0.052120|nan|nan|nan|0.404051|0.048197|nan|nan|-0.527839|nan|1.282965|nan|0.619812|-1.740669|0.025966|-1.865500|-10923.259795|-196135507.933911|nan|290239.294730|nan|-125251.186087|nan|nan|18.117814|nan|-11.120088|-9.041666|0.174934|nan|-181.527060
1342|79245275.921062|6.631228|nan|-2.200000|nan|nan|nan|-5.406087|2334.200000|-1.865500|-0.706268|78159760.998240|nan|nan|nan|nan|15.800000|nan|-1063069.079810|-0.052120|nan|nan|nan|0.409497|0.048197|nan|nan|-0.527839|nan|-75.836461|nan|0.619812|-1.740669|0.025966|-1.865500|-11419.579592|-196135507.933911|nan|290239.294730|nan|-125251.186087|nan|nan|18.091703|nan|-11.144179|-25.041666|0.174934|nan|-181.527060
1343|65354275.590528|6.358086|-1.860384|-2.200000|nan|-32.546132|-4.995664|-5.406087|2334.200000|-1.865500|-0.706268|65241759.643605|-0.002214|-26.184698|-3.388542|nan|-4.200000|nan|-1061744.126992|-0.052120|nan|-7.468544|-5.415389|0.414524|0.048197|nan|nan|-0.524091|-1.771211|-71.491933|8.678012|0.619812|-1.740669|0.026898|-1.865500|-11418.663792|-196135507.933911|nan|290239.294730|-0.000004|-125251.186087|-1.440197|0.011460|18.065647|0.049202|-11.168270|-13.041666|0.174934|-1.771211|-181.527060
1344|71820900.329310|6.060653|-1.860384|-2.200000|nan|-13.798958|-4.995664|-5.406087|2334.200000|-1.865500|-0.706268|71413813.990158|-0.002214|-26.184698|-3.391144|nan|3.800000|-6.000000|-1067834.138274|-0.052120|nan|-7.487887|-5.949515|0.419178|0.048197|nan|nan|-0.519474|-1.771529|-100.878474|9.250914|0.619812|-1.740669|0.037091|-1.865500|-11421.054760|-196135507.933911|nan|290239.294730|-0.000004|-125251.186087|-1.449137|0.015557|18.039170|0.049976|-11.192361|-15.041666|0.174934|-1.771529|-181.527060
1345|77127232.245670|6.003263|-1.860384|-2.200000|-3.562375|-10.087947|-4.995664|-5.406087|2334.200000|-1.865500|-0.706268|75936240.189966|-0.002214|-26.184698|-2.588344|nan|1.800000|-6.000000|-1072121.987054|-0.052120|nan|-7.100381|-7.017404|0.423500|0.048197|nan|nan|-0.524332|-1.769392|-108.878099|9.814515|0.619812|-1.740669|0.053822|-1.865500|-11421.008484|-196135507.933911|nan|290239.294730|-0.000004|-125251.186087|-1.457704|0.019275|18.011953|0.060048|-11.216453|-11.041666|0.174934|-1.769392|-181.527060
1346|84144493.720068|5.790649|-1.860384|-2.200000|-4.797216|-8.516518|-4.995664|-5.406087|2334.200000|-1.865500|-0.706268|83578150.216897|-0.002214|-26.184698|-2.587564|nan|-10.200000|-6.000000|-1071891.009071|-0.052120|nan|-7.122587|-7.779382|0.427524|0.048197|nan|nan|-0.538164|-1.748784|-90.313195|10.373750|0.619812|-1.740669|0.075525|-1.865500|-11419.380144|-196135507.933911|nan|290239.294730|-0.000004|-125251.186087|-1.465922|0.022079|17.983139|0.070454|-11.240544|-13.041666|0.174934|-1.748784|-181.527060
1347|82648355.704318|5.777175|-1.865500|-2.200000|-6.565701|-8.516518|-4.995664|-5.406087|2334.200000|-1.865500|-0.997485|83319712.311856|-0.002214|-26.184698|-1.727653|nan|1.800000|-6.000000|-1071498.957959|-0.052120|nan|-6.832802|-9.251490|0.431280|0.048197|nan|nan|-0.539329|-1.744169|-97.324062|10.935324|0.619812|-1.740669|0.097632|-1.865500|-11421.101003|-196135507.933911|nan|290239.294730|-0.000004|-125251.186087|-1.473914|0.023131|17.952754|0.083914|-11.264635|-11.041666|0.174934|-1.744169|-181.527060
1348|80884553.904172|5.915798|-1.865500|-2.200000|-6.565701|-8.516518|-3.240716|-5.406087|2334.200000|-1.865500|-0.997485|83855717.251429|-0.002214|-26.184698|-1.654344|nan|1.800000|-6.000000|-1072459.012899|-0.052120|nan|-7.416439|-9.820050|0.445220|0.048197|nan|nan|-0.542394|-1.724902|-102.622123|11.504902|0.619812|-1.740669|0.114996|-1.865500|-11420.873005|-196135507.933911|nan|290239.294730|-0.000004|-125251.186087|-1.481592|0.024943|17.918137|0.092970|-11.288726|-9.041666|0.174934|-1.724902|-181.527060
1349|77857612.421328|7.162295|-1.865500|-2.200000|-6.565701|-8.492709|-3.240716|-5.406087|2334.200000|-1.865500|-0.997485|80068331.820757|-0.002214|-26.184698|-1.654418|nan|-4.200000|-6.000000|-1071857.934826|-0.052120|nan|-7.398983|-10.208342|0.459160|0.048197|nan|nan|-0.538793|-1.710762|-101.772853|12.088428|0.619812|-1.740669|0.135127|-1.865500|-11420.658286|-196135507.933911|nan|290239.294730|-0.000004|-125251.186087|-1.488975|0.026315|17.882852|0.099143|-11.312817|-5.375000|0.174934|-1.710762|-82.696554
1350|74946722.400000|7.505593|-1.865500|-2.200000|-6.565701|-8.446921|-3.240716|-5.406087|2334.200000|-1.865500|-0.997485|76316156.012413|-0.002214|-26.184698|-1.654727|nan|-2.200000|-6.000000|-1071326.488339|-0.052120|nan|-6.970416|-10.129303|0.473101|0.048197|nan|nan|-0.527188|-1.712674|-100.801248|12.691908|0.619812|-1.740669|0.152579|-1.865500|-11419.824517|-196135507.933911|nan|290239.294730|-0.000004|-125251.186087|-1.496079|0.027939|17.846552|0.103772|-11.336908|-7.441666|0.174934|-1.712674|-82.696554
1351|75396622.687638|7.846089|-1.865500|-2.200000|-6.565701|-8.446921|-3.240716|-5.406087|2334.200000|-1.865500|-0.997485|75823924.052272|0.037321|-26.184698|-1.655154|nan|-0.200000|-6.000000|-1071588.073826|-0.052120|nan|-10.458318|-10.056289|0.485958|0.048197|nan|nan|-0.529105|-1.717441|-102.932278|13.322022|0.619812|-1.740669|0.166292|-1.865500|-11421.034248|-196135507.933911|nan|290239.294730|-0.000004|-125251.186087|-1.502920|0.029823|17.797342|0.107739|-11.360999|-7.441666|0.174934|-1.717441|-82.696554
1352|77487841.329286|8.925034|-1.865500|-2.200000|-6.565701|-8.446921|-3.240716|-5.406087|2334.200000|-1.865500|-0.997485|76525483.662888|0.090505|-26.184698|-1.655095|nan|-4.200000|-6.000000|-1073286.442963|-0.052120|nan|-6.957249|-9.853651|0.495505|0.048197|nan|nan|-0.526769|-1.770460|-101.698867|13.973216|0.619812|-1.740669|0.168586|-1.865500|-11419.968184|-196135507.933911|nan|290239.294730|-0.000004|-125251.186087|-1.509513|0.034678|17.738797|0.110689|-11.385090|-5.441666|0.174934|-1.770460|-82.696554
1353|69021784.187654|8.959755|-1.865500|-2.200000|-8.893205|-8.446921|-3.240716|-5.406087|2334.200000|-1.865500|-0.997485|67380679.806311|0.147540|-26.184698|-1.654521|nan|-6.200000|-6.000000|-1363704.630379|-0.052120|nan|-6.433321|-10.091641|0.501737|0.048197|nan|nan|-0.576204|-1.841086|-94.515613|14.620726|0.619812|-1.740669|0.158149|-1.865500|-11420.124341|-196135507.933911|nan|290239.294730|-0.000004|-125251.186087|-1.515870|0.038475|17.672070|0.112891|-11.409182|-9.441666|0.174934|-1.841086|-82.696554
1354|57641812.313408|9.192739|-1.865500|-2.200000|-8.893205|-8.446921|-3.240716|-5.406087|2334.200000|-1.865500|-0.997485|54176968.312249|0.147540|-7.851365|-1.653962|nan|-6.200000|-6.000000|-1651596.457999|-0.052120|nan|-14.836786|-10.084517|0.507970|0.048197|nan|nan|-0.576204|-1.864646|-89.232241|15.278923|0.619812|-1.740669|0.141066|-1.865500|-11420.040125|-160011761.472192|nan|290239.294730|-0.000004|-125251.186087|-1.522003|0.042545|17.596816|0.114434|-11.433273|-7.441666|0.174934|-1.864646|-82.696554
1355|53697552.203766|9.409722|-1.865500|-2.200000|-8.893205|-7.300401|-3.240716|-5.406087|2334.200000|-1.865500|-0.997485|49787844.019135|0.218665|-7.851365|-1.653955|nan|-0.200000|-6.000000|-2332413.550951|-0.052120|nan|-11.964896|-10.023724|0.512838|0.048197|nan|nan|-0.577857|-1.888938|-92.929207|15.939853|0.619812|-1.740669|0.117937|-1.865500|-11420.386734|-158927045.067702|nan|290239.294730|-0.000004|-125251.186087|-1.527926|0.073302|17.511631|0.115403|-11.457364|-7.441666|0.174934|-1.888938|-82.696554
1356|47794105.871386|9.619560|-1.865500|-2.200000|-8.893205|-5.849851|-3.240716|-5.406087|2334.200000|-1.865500|-0.997485|45902455.061572|0.251838|-7.851365|-1.653951|nan|-2.200000|-6.000000|-2429208.669574|-0.052120|nan|-16.449225|-9.987879|0.516614|0.048197|nan|nan|-0.577853|-1.890914|-89.035716|16.598181|0.619812|-1.740669|0.107898|-1.865500|-11421.032763|-135864791.163509|nan|290239.294730|-0.000004|-125251.186087|-1.533647|0.097280|17.418062|0.116235|-11.481455|-7.441666|0.174934|-1.890914|-82.696554
1357|46795172.991802|9.824944|-1.865500|-2.200000|-8.893205|-3.671280|-3.240716|-5.406087|2334.200000|-1.865500|-0.997485|45746425.664188|0.251838|-7.851365|-1.653949|nan|-4.200000|-6.000000|-2430237.172103|-0.045923|nan|-6.839693|-10.145923|0.524129|0.048197|nan|nan|-0.582337|-1.904253|-86.158185|17.246471|0.619812|-1.740669|0.101819|-1.865500|-11420.316910|-126690035.941046|nan|290239.294730|-0.000004|-125251.186087|-1.539178|0.131630|17.320894|0.117055|-11.505546|-7.441666|0.174934|-1.904253|-82.696554
1358|46787008.028827|10.004834|-1.865500|-2.200000|-8.893205|-2.937658|-3.240716|-5.406087|2334.200000|-1.865500|-0.997485|46305790.523674|0.251838|-7.851365|-1.654493|nan|1.800000|-6.000000|-2432388.797315|-0.043433|0.000000|-5.478152|-10.243965|0.531643|0.048197|nan|2359.851749|-0.578859|-1.895434|-93.509861|17.876541|0.619812|-1.860384|0.094590|-1.865500|-11421.265696|-119243337.042104|-8324.717278|290239.294730|-0.000004|-125251.186087|-1.541264|0.132678|17.220797|0.117928|-11.529637|-7.441666|0.174934|-1.895434|-82.696554
1359|47846552.787030|9.900450|-1.865500|-2.200000|-8.893205|-2.937658|-3.240716|-7.437236|2334.200000|-1.865500|-0.997485|46733955.001844|0.251838|-3.803746|-1.653948|-0.521530|-8.200000|-6.000000|-2430409.023999|-0.043433|-0.000000|-16.119601|-10.303198|0.536817|0.048197|nan|6023.566062|-0.574013|-1.879643|-75.401314|18.481439|0.619812|-1.860384|0.086045|-1.865500|-11419.312843|-118773481.335553|-9185.336034|290239.294730|-0.000004|-125251.186087|-1.543344|0.133458|17.118935|0.118701|-11.553728|-11.441666|0.174934|-1.879643|-82.696554
1400|55070014.604510|9.922358|-1.865500|-1.400000|-8.893205|-2.937658|-3.240716|-7.437236|2334.200000|-1.865500|-0.997485|52619744.649425|0.251838|-3.579539|-1.653948|-0.299461|-0.200000|-6.000000|-2432348.751282|-0.043433|-0.000000|-7.250308|-10.604595|0.540194|0.048197|nan|23523.937380|-0.571557|-1.867784|-80.975551|19.054714|0.619812|-1.860384|0.075946|-1.865500|-11420.914554|-118741844.764213|-9146.770733|290239.294730|-0.000004|-125251.186087|-1.545425|0.136930|17.010339|0.119348|-11.577819|-9.441666|0.174934|-1.867784|-82.696554
1401|62158691.774364|10.151520|-1.865500|-0.200000|-8.893205|-2.937658|-3.240716|-7.437236|2334.200000|-1.865500|-0.997485|59821460.721173|0.251838|-3.579539|-1.654220|-0.078694|-0.200000|-6.000000|-2433303.514111|-0.043433|-0.000000|-5.770512|-11.065737|0.540194|0.048197|nan|40034.343788|-0.576460|-1.873941|-84.113482|19.590367|0.619812|-1.860384|0.065272|-1.865500|-11420.677266|-118741844.764213|-9021.278290|290239.294730|-0.000004|-125251.186087|-1.547505|0.142790|16.897083|0.119857|-11.601911|-7.441666|0.174934|-1.873941|-82.696554
1402|65574136.504700|10.365775|-1.865500|0.400000|-8.893205|-2.937658|-3.240716|-7.437236|2334.200000|-1.865500|-0.997485|63034542.727838|0.228265|-3.579539|-1.654628|0.014503|-2.200000|-6.000000|-2434818.789914|-0.043433|-0.000000|-4.161831|-11.290509|0.540194|0.048197|nan|59190.734310|-0.577669|-1.872969|-84.580395|20.088617|0.619812|-1.865500|0.055493|-1.865500|-11420.020314|-118741844.764213|-12317.545717|290239.294730|-0.000004|-125251.186087|-1.535991|0.143688|16.779232|0.120184|-11.626002|-7.441666|0.174934|-1.872969|-82.696554
1403|69061525.470502|10.285696|-1.865500|-0.200000|-8.893205|-2.937658|-3.240716|-7.437236|2334.200000|-1.865500|-0.997485|66695932.402782|0.228265|-3.579539|-1.655922|0.014503|5.800000|-6.000000|-2440366.624062|-0.034409|-0.000000|-6.844556|-10.858802|0.540194|0.048197|-0.032075|61277.895793|-0.581874|-1.860024|-110.537793|20.550149|0.619812|-1.865500|0.040410|-1.865500|-11420.309673|-118741844.764213|-6882.093469|290239.294730|-0.000004|-125251.186087|-1.513027|0.143159|16.656808|0.120202|-11.650093|-11.441666|0.174934|-1.860024|-82.696554
1404|78141987.900001|10.213389|-1.865500|-0.800000|-8.893205|-2.937658|-3.240716|-7.437236|3024.200000|-1.865500|-0.997485|76598747.358942|0.228265|-3.579539|-1.655752|0.014503|-8.200000|-6.000000|-2444458.532976|-0.034409|-0.000000|-4.666093|-10.852711|0.540194|0.048197|-0.017973|63261.592414|-0.586745|-1.862165|-90.775363|20.978430|0.619812|-1.865500|0.037599|-1.865500|-11418.385569|-118741844.764213|-9672.568942|290239.294730|-0.000004|-125251.186087|-1.490064|0.142908|16.528756|0.120039|-11.674184|-11.441666|0.174934|-1.862165|-82.696554
1405|81836706.287460|10.444612|-1.865500|-2.200000|-8.893205|-2.937658|-3.240716|-7.437236|1217.800000|-1.865500|-0.997485|81552172.683528|0.228265|-1.666820|-1.656212|0.014503|2.600000|-6.000000|-2056201.338991|-0.034409|-0.000000|-10.526383|-11.079775|0.540194|0.048197|-0.016608|65573.683178|-0.591070|-1.867060|-97.681407|21.377289|0.619812|-1.865500|0.037599|-1.865500|-11421.449186|-118502008.517316|-11915.552887|290239.294730|-0.000004|-125251.186087|-1.467100|0.142813|16.394383|0.119733|-11.698275|-7.441666|0.174934|-1.867060|-82.696554
1406|80835025.028964|10.461887|-1.865500|-2.400000|-8.893205|-2.937658|-3.240716|-7.437236|1217.800000|-1.865500|-0.997485|81021646.068580|0.228265|-1.666820|-1.655896|0.014503|-4.200000|-6.000000|-1469678.668941|-0.034409|-0.000000|-4.917653|-11.396417|0.540194|0.048197|-0.001106|68544.028762|-0.561205|-1.873619|-87.305048|21.749432|0.619812|-1.865500|0.037599|-1.865500|-11420.516299|-126905684.496481|-9795.344165|269287.525692|-0.000004|-125251.186087|-1.444136|0.144165|16.258985|0.119434|-11.968632|-9.441666|0.174934|-1.873619|-82.696554
1407|74518100.221806|10.315813|-1.865500|-2.400000|-8.893205|-2.937658|-3.240716|-7.437236|1217.800000|-1.865500|-0.997485|75727133.868495|0.228265|-1.666820|-1.656830|0.014503|8.400000|-6.000000|-1177457.419245|-0.034409|-0.000000|-4.423943|-11.343965|0.540194|0.048197|-0.000848|68648.580236|-0.528936|-1.874710|-127.987435|22.098540|0.619812|-1.865500|0.037599|-1.865500|-11420.666127|-163656800.919343|-9413.226107|269287.525692|-0.000004|-125251.186087|-1.421172|0.145305|16.124232|0.119134|-12.238990|-15.441666|0.174934|-1.874710|-82.696554
1408|74095899.508480|10.175771|-1.865500|-2.400000|-8.893205|-2.937658|-3.240716|-7.437236|1217.800000|-1.865500|-0.997485|75750237.948590|0.228265|-1.666820|-1.658117|0.014503|3.400000|-6.000000|-1373001.553934|-0.034409|-0.000000|-3.467869|-11.126967|0.540194|0.048197|-0.002952|69110.654715|-0.529943|-1.862609|-148.805127|22.428330|0.619812|-1.865500|0.036201|-1.865500|-11420.393823|-183540661.115047|-97.122355|269287.525692|-0.000004|-125251.186087|-1.398208|0.149611|15.989664|0.118718|-12.509347|-15.441666|0.174934|-1.862609|-82.696554
1409|88063794.514284|10.044407|-1.865500|-2.400000|-8.893205|-2.937658|-3.240716|-7.437236|1217.800000|-1.865500|-0.997485|90577967.174459|0.228265|-1.666820|-1.659582|0.014503|4.800000|-6.000000|-1478552.800660|-0.034409|-0.000000|-4.725741|-11.121453|0.540194|0.048197|-0.005383|69804.415849|-0.532279|-1.834449|-175.152858|22.744143|0.619812|-1.865500|0.036201|-1.865500|-11420.063660|-189269088.905153|-63.197908|269287.525692|-0.000004|-125251.186087|-1.375245|0.140656|15.855773|0.118253|-12.509347|-13.441666|0.174934|-1.834449|-71.481014
1410|87774402.108732|10.105503|-1.865500|-2.400000|-8.893205|-2.937658|-3.240716|-7.437236|1217.800000|-1.865500|-0.997485|90422925.322559|0.228265|-1.666820|-1.660042|0.014503|-4.600000|-6.000000|-1574955.072176|-0.034409|-0.000000|-4.092049|-11.196297|0.540194|0.048197|-0.007811|69965.470309|-0.534653|-1.816161|-169.819356|23.050310|0.619812|-1.865500|0.035542|-1.865500|-11420.154920|-228187894.108348|-86.917763|269287.525692|-0.000004|-125251.186087|-1.352281|0.129771|15.721646|0.117730|-12.509347|-9.441666|0.174934|-1.816161|-71.481014
1411|86147637.700000|10.126293|-1.865500|-2.400000|-8.893205|-2.937658|-3.240716|-7.437236|1217.800000|-1.865500|-0.997485|87295833.654189|0.228265|-1.666820|-1.659998|0.014503|-4.800000|-6.000000|-1573617.489338|-0.034409|-0.000000|-4.077076|-11.267397|0.540194|0.048197|-0.004227|71218.768914|-0.538966|-1.798570|-164.422578|23.350448|0.619812|-1.865500|0.031867|-1.865500|-11420.711574|-238322664.293772|-106.973330|269287.525692|-0.000004|-125251.186087|-1.329317|0.119005|15.588249|0.117070|-12.509347|-9.441666|0.174934|-1.798570|-71.481014
1412|84888363.347058|10.329021|-1.865500|-2.400000|-8.893205|-2.937658|-3.240716|-7.437236|1217.800000|-1.865500|-0.997485|83987029.034349|0.228265|-1.666820|-1.659702|0.014503|-6.800000|-6.000000|-1571755.267756|-0.034409|-0.000000|-8.320190|-11.144586|0.540194|0.048197|0.003701|74227.797111|-0.534765|-1.771326|-158.860282|23.647065|0.619812|-1.865500|0.024107|-1.865500|-11420.150396|-241466282.159695|-109.917731|269287.525692|-0.000004|-125251.186087|-1.306353|0.113888|15.456349|0.116169|-12.509347|-7.441666|0.174934|-1.771326|-71.481014
1413|89513113.336142|10.487375|-1.865500|-2.400000|-8.893205|-2.937658|-3.240716|-7.437236|1217.800000|-1.865500|-0.997485|86877914.831739|0.228265|-1.666820|-1.659828|0.014503|-0.800000|-6.000000|-1573031.395403|-0.034409|-0.000000|-8.873008|-11.172019|0.540194|0.048197|0.007017|78019.035717|-0.532972|-1.752571|-162.537264|23.940679|0.619812|-1.865500|0.016160|-1.865500|-11421.221498|-241761771.235874|-95.157576|269287.525692|-0.000004|-125251.186087|-1.283389|0.110577|15.336439|0.114977|-12.509347|-7.441666|0.174934|-1.752571|-71.481014
1414|92706189.786266|10.344372|-1.865500|-2.400000|-8.893205|-2.937658|-3.240716|-7.437236|1217.800000|-1.865500|-0.997485|87221469.134682|0.228265|-1.666820|-1.659069|0.014503|-8.800000|-6.000000|-1670085.427822|-0.034409|-0.000000|-4.061726|-9.986605|0.540194|0.048197|0.005825|79204.720389|-0.526596|-1.743631|-140.269536|24.231025|0.619812|-1.865500|0.008034|-1.865500|-11420.150210|-242449353.615552|-105.787940|269287.525692|-0.000004|-125251.186087|-1.265769|0.105061|15.228257|0.113178|-12.509347|-11.441666|0.174934|-1.743631|-71.481014
1415|97660583.542908|10.317557|-1.865500|-2.000000|-8.893205|-2.937658|-3.240716|-7.437236|1217.800000|-1.865500|-0.997485|91340156.518218|0.228265|-1.666820|-1.659785|0.014503|5.200000|-6.000000|-1868365.874271|-0.034409|-0.000000|-6.212946|-8.548296|0.540194|0.048197|0.002787|80458.090739|-0.518658|-1.748564|-169.793990|24.517840|0.619812|-1.865500|0.004198|-1.865500|-11421.277754|-268655940.764697|-100.796939|269287.525692|-0.000004|-125251.186087|-1.256369|0.103674|15.132419|0.110883|-12.509347|-11.616667|0.174934|-1.748564|-71.481014
1416|131109794.976702|10.275838|-1.865500|-2.000000|-8.893205|-2.937658|-3.240716|-7.437236|1217.800000|-1.865500|-0.997485|124102445.321544|0.228265|-1.666820|-1.660966|0.014503|5.200000|-6.000000|-1884496.922838|-0.029370|-0.000000|-3.990929|-7.266735|0.540194|0.048197|0.000916|80673.470261|-0.515829|-1.752400|-198.735140|24.803672|0.619812|-1.865500|-0.015260|-1.865500|-11419.565619|-282162724.741468|-87.797633|269287.525692|-0.000004|-125251.186087|-1.250207|0.104328|15.050839|0.108297|-12.509347|-11.983333|0.174934|-1.752400|-71.481014
1417|147492237.983836|10.248227|-1.865500|-2.000000|-8.893205|-2.937658|-3.240716|-7.437236|1217.800000|-1.865500|-0.997485|140937734.274295|0.228265|-1.666820|-1.662107|-0.084907|1.200000|-6.000000|-1894266.323621|-0.025196|-0.000000|-4.442041|-6.503234|0.540194|0.048197|-0.002250|81569.871903|-0.514526|-1.756425|-214.357681|25.088797|0.619812|-1.865500|-0.042649|-1.865500|-11420.791111|-282967731.929768|-75.528119|269287.525692|-0.000004|-125251.186087|-1.240158|0.104716|14.984327|0.105502|-12.509347|-12.275000|0.174934|-1.756425|-71.481014
1418|161427858.343422|10.262426|-1.865500|-2.800000|-8.893205|-2.888479|-3.240716|-7.437236|1217.800000|-1.865500|-0.997485|155058499.171197|0.228265|-1.666820|-1.662952|-0.134600|-0.800000|-6.000000|-2003753.987734|-0.011762|-0.000000|-7.987101|-5.516439|0.540194|0.048197|-0.005275|81439.554311|-0.515814|-1.757579|-220.104235|25.372206|0.619812|-1.865500|-0.060586|-1.865500|-11421.249252|-282967731.929768|-67.243497|269287.525692|-0.000004|-125251.186087|-1.230108|0.102805|14.934305|0.102530|-12.509347|-10.458334|0.174934|-1.757579|-71.481014
1419|160346422.526818|10.091701|-1.865500|-3.000000|-8.893205|-2.471551|-3.240716|-7.437236|1217.800000|-1.865500|-0.997485|153783416.841864|0.228265|-1.666820|-1.663100|-0.134600|-4.800000|-6.000000|-2502691.506074|-0.011762|-0.000000|-15.065174|-4.527600|0.540194|0.048197|-0.005483|80390.176554|-0.519941|-1.758568|-210.461609|25.649206|0.619812|-1.865500|-0.067507|-1.865500|-11417.756968|-282967731.929768|-82.445117|269287.525692|-0.000004|-125251.186087|-1.220059|0.101591|14.890807|0.099430|-12.509347|-15.666667|0.174934|-1.758568|-71.481014
1420|164230466.143878|9.967991|-1.865500|-3.200000|-13.455288|-2.471551|-3.240716|-7.437236|1217.800000|-1.865500|-0.997485|157652914.281569|0.228265|-1.666820|-1.662075|-0.134600|-10.800000|-6.000000|-3309721.583544|-0.011762|-0.000000|-26.511661|-4.484148|0.540194|0.048197|-0.001499|81353.164905|-0.520030|-1.752113|-167.797626|25.914636|0.619812|-1.865500|-0.067507|-1.865500|-11419.689599|-285184325.976643|-102.035041|230217.193030|-0.000004|-125251.186087|-1.203184|0.098433|14.853018|0.096503|-12.509347|-16.991666|0.174934|-1.752113|-71.481014
1421|165368811.365978|10.163521|-1.865500|-3.200000|-13.455288|-2.471551|-3.240716|-7.437236|1217.800000|-1.865500|-0.997485|158913824.011954|0.228265|-1.666820|-1.662112|-0.134600|-0.800000|-6.000000|-4518592.570484|-0.011762|-0.000000|-1.326174|-4.476185|0.539111|0.048197|0.001657|83363.759219|-0.521099|-1.716898|-169.974458|26.165171|0.619812|-1.865500|-0.067507|-1.865500|-11420.630075|-285184325.976643|-99.484679|135371.823174|-0.000004|-125251.186087|-1.187884|0.098000|14.821691|0.093762|-12.509347|-14.158334|0.174934|-1.716898|-71.481014
1422|162984207.400000|10.190723|-1.865500|-3.200000|-13.455288|-2.471551|-3.240716|-7.437236|1217.800000|-1.865500|-0.997485|156489850.768290|0.228265|-1.666820|-1.662405|-0.159926|1.200000|-6.000000|-6121029.351223|-0.011762|-0.000000|-0.757037|-4.484977|0.534717|0.048197|0.003808|84333.305103|-0.513585|-1.661736|-178.312462|26.399232|0.619812|-1.865500|-0.070110|-1.865500|-11421.069998|-286093592.325065|-96.825023|69728.248244|-0.000004|-125251.186087|-1.178008|0.096966|14.796878|0.091165|-12.509347|-19.808334|0.174934|-1.661736|-71.481014
1423|163184803.490066|10.344172|-1.865500|-3.200000|-13.455288|-2.471551|-3.240716|-7.437236|1217.800000|-1.865500|-0.997485|156945528.458524|0.228265|-0.925759|-1.662277|-0.160196|-4.800000|-6.000000|-7726487.221781|-0.011762|-0.000000|-2.369621|-4.352533|0.527010|0.048197|0.004612|83201.297189|-0.509614|-1.605718|-171.011289|26.616199|0.619812|-1.865500|-0.077608|-1.865500|-11420.023909|-286093592.325065|-113.409297|46044.720480|-0.000004|-125251.186087|-1.168133|0.094267|14.777466|0.088656|-12.509347|-20.975000|0.174934|-1.605718|-71.481014
1424|162752639.940845|10.891360|-1.865500|-3.400000|-13.455288|-2.471551|-3.240716|-7.437236|1217.800000|-1.865500|-0.997485|156653501.334623|0.228265|-0.731014|-1.662213|-0.160196|-3.000000|-6.000000|-9638551.301547|-0.011762|-0.000000|-2.342001|-4.202709|0.519302|0.048197|0.006159|82620.737937|-0.554817|-1.580895|-170.437406|26.815664|0.619812|-1.865500|-0.080027|-1.865500|-11421.300140|-286093592.325065|-106.821496|46044.720480|-0.000004|-125251.186087|-1.158257|0.091613|14.763104|0.086230|-12.509347|-22.891667|0.174934|-1.580895|-71.481014
1425|164018687.160560|10.964911|-1.865500|-3.800000|-13.455288|-2.471551|-3.240716|-7.437236|1217.800000|-1.865500|-0.997485|157871622.068612|0.228265|-0.731014|-1.662456|-0.188678|-1.200000|-6.000000|-11553950.176927|-0.011762|-0.000000|-5.049049|-3.855612|0.510230|0.048197|0.008358|81642.538772|-0.555097|-1.583652|-170.153207|26.994552|0.619812|-1.865500|-0.084084|-1.865500|-11420.501217|-286093592.325065|-108.122990|46044.720480|-0.000004|-125251.186087|-1.148382|0.087843|14.754148|0.083798|-12.509347|-28.583334|0.174934|-1.583652|-71.481014
1426|171433157.443632|11.091898|-1.865500|-3.800000|-13.455288|-2.471551|-3.240716|-7.437236|1217.800000|-1.865500|-0.997485|165039722.281213|0.228265|-1.638665|-1.662302|-0.264894|-3.200000|-6.000000|-13351709.097109|-0.011762|-0.000000|-4.130426|-4.358705|0.500065|0.048197|0.010139|80964.580602|-0.561084|-1.628906|-168.423863|27.146906|0.619812|-1.865500|-0.089270|-1.865500|-11419.946755|-286093592.325065|-106.751115|46044.720480|-0.000004|-125251.186087|-1.142661|0.083627|14.749054|0.081363|-12.509347|-31.325000|0.174934|-1.628906|-71.481014
1427|161997411.322898|11.001008|-1.865500|-3.800000|-13.455288|-2.471551|-3.240716|-2.031149|1217.800000|-1.865500|-0.997485|155727324.243779|0.228265|-2.819403|-1.660853|-0.376768|-11.200000|-6.000000|-14906432.157566|-0.011762|-0.000000|-5.627897|-4.941924|0.489901|0.048197|0.011174|79488.014413|-0.572255|-1.680355|-123.923906|27.267756|0.619812|-1.865500|-0.089270|-1.865500|-11419.353934|-303507107.614507|-139.718091|46044.720480|-0.000004|-125251.186087|-1.141799|0.077936|14.748183|0.079150|-12.509347|-40.433334|0.174934|-1.680355|-71.481014
1428|163618810.876764|11.007062|-1.865500|-4.000000|-13.455288|-2.471551|-3.240716|-2.031149|1217.800000|-1.865500|-0.997485|158654193.208078|0.228265|-2.088389|-1.659855|-0.261130|-5.200000|-6.000000|-16624832.006767|-0.011762|-0.000000|-4.002685|-4.971828|0.479737|0.048197|0.011472|78305.479961|-0.572804|-1.698818|-119.672292|27.349576|0.619812|-1.865500|-0.089270|-1.865500|-11420.243281|-308898083.723352|-179.227691|46044.720480|-0.000004|-125251.186087|-1.140937|0.071873|14.748840|0.077193|-12.509347|-35.633334|0.174934|-1.698818|-71.481014
1429|156195947.423048|10.947228|-1.865500|-5.000000|-13.455288|-2.471551|-3.240716|-2.031149|1217.800000|-1.865500|-0.997485|151758052.324473|0.228265|-3.951846|-1.659083|-0.120149|-5.400000|-6.000000|-18092757.563948|-0.011762|-0.000000|-3.776001|-5.001508|0.467231|0.048197|0.011611|71553.225292|-0.586223|-1.707516|-111.385694|27.383034|0.619812|-1.865500|-0.095869|-1.865500|-11419.948392|-313696166.041546|-246.713908|46044.720480|-0.000004|-125251.186087|-1.140074|0.067720|14.751740|0.075471|-12.509347|-39.800000|0.174934|-1.707516|-297.506614
1430|160423061.433619|11.040127|-1.865500|-6.600000|-13.455288|-2.812381|-3.240716|-2.031149|1217.800000|-1.865500|-0.997485|156053429.122609|0.228265|-4.475963|-1.658150|-0.053430|-5.800000|-6.000000|-19833815.953159|-0.011762|-0.000000|-4.048718|-4.867306|0.452929|0.048197|0.012725|64938.912949|-0.616353|-1.700951|-104.682175|27.357868|0.619812|-1.865500|-0.101119|-1.865500|-11420.461378|-317987208.386282|-240.741939|46044.720480|-0.000004|-125251.186087|-1.139212|0.062219|14.755194|0.073983|-12.509347|-39.508334|0.174934|-1.700951|-297.506614
1431|174182394.093510|10.918331|-1.865500|-9.000000|-13.455288|-2.930275|-3.240716|-2.031149|1217.800000|-1.865500|-0.997485|168813728.848047|0.228265|-4.475963|-1.658778|-0.001894|4.200000|-6.000000|-20830074.896018|-0.011762|-0.000000|-9.285889|-4.588508|0.425965|0.048197|0.013704|59047.903545|-0.618521|-1.685593|-135.885751|27.264159|0.619812|-1.865500|-0.103179|-1.865500|-11421.130500|-318271108.342528|-185.198467|46044.720480|-0.000004|-125251.186087|-1.138350|0.058508|14.759807|0.072544|-12.509347|-46.991667|0.174934|-1.685593|-297.506614
1432|173526037.284466|10.997141|-1.865500|-12.200000|-13.455288|-3.036942|-3.240716|-2.031149|1217.800000|-1.865500|-0.532406|166951599.791458|0.228265|-4.475963|-1.659092|0.018633|-3.800000|-6.000000|-21545432.592727|-0.011762|-0.000000|-4.010086|-4.242959|0.399002|0.048197|0.014147|54463.416320|-0.618944|-1.664269|-147.730272|27.097709|0.619812|-1.865500|-0.105071|-1.865500|-11420.722789|-318271108.342528|-175.045857|46044.720480|-0.000004|-125251.186087|-1.137488|0.055813|14.766093|0.071215|-12.509347|-42.525000|0.174934|-1.664269|-297.506614
1433|188251090.500000|10.949681|-1.865500|-15.400000|-13.455288|-3.319138|-3.240716|-2.031149|1217.800000|-1.865500|-0.532406|183021588.362322|0.228265|-4.475963|-1.659797|0.049440|-2.000000|-6.000000|-22555999.112226|-0.011762|-0.000000|-6.175938|-3.746496|0.372039|0.048197|0.014227|51022.720063|-0.625934|-1.656003|-152.428741|26.854855|0.619812|-1.865500|-0.110084|-1.865500|-11421.206480|-318271108.342528|-161.961183|46044.720480|-0.000004|-125251.186087|-1.136626|0.052550|14.774469|0.069953|-12.509347|-47.900000|0.174934|-1.656003|-297.506614
1434|196467415.214262|10.593917|-1.865500|-19.200000|-13.455288|-4.145887|-3.240716|-2.031149|1217.800000|-1.865500|-0.532406|192553532.760308|0.228265|-4.475963|-1.659601|0.052045|-9.000000|-6.000000|-23230397.351381|-0.011762|-0.000000|-4.267024|-3.147411|0.342413|0.048197|0.014603|47557.304364|-0.628955|-1.658873|-139.806200|26.530727|0.619812|-1.865500|-0.110084|-1.865500|-11420.353521|-318271108.342528|-153.640547|46044.720480|-0.000004|-125251.186087|-1.135764|0.049351|14.780263|0.068796|-12.509347|-48.108334|0.174934|-1.658873|-297.506614
1435|200645838.074256|10.621498|-1.865500|-23.000000|-13.455288|-5.084373|-3.240716|-3.451519|1217.800000|-1.865500|-0.532406|197828809.881640|0.228265|-4.475963|-1.659777|0.052045|-4.600000|-6.000000|-23572683.471457|-0.011762|-0.000000|-3.861009|-1.530677|0.312787|0.048197|0.014558|44743.437487|-0.640653|-1.664327|-141.772506|26.124147|0.619812|-1.865500|-0.110084|-1.865500|-11420.452935|-318271108.342528|-158.183472|46044.720480|-0.000004|-125251.186087|-1.134902|0.046169|14.783663|0.067704|-12.509347|-47.600000|0.174934|-1.664327|-297.506614
1436|194144630.312622|10.460022|-1.865500|-26.600000|-13.455288|-6.885862|-3.240716|-3.451519|1217.800000|-1.865500|-0.532406|190206062.527471|0.228265|-4.475963|-1.659318|0.052045|-13.000000|-6.000000|-23843940.055883|-0.011762|-0.000000|-6.131059|-1.415744|0.283161|0.048197|0.014330|42299.918331|-0.636876|-1.688239|-130.276984|25.640696|0.619812|-1.865500|-0.110084|-2.523968|-11420.234184|-318271108.342528|-197.673658|46044.720480|-0.000004|-125232.046057|-1.136273|0.042724|14.776034|0.066743|-12.509347|-51.600000|0.174934|-1.688239|-297.506614
1437|202412743.142506|10.087198|-1.865500|-29.800000|-13.455288|-8.896732|-3.240716|-5.764321|1217.800000|-1.865500|-0.532406|196629009.015254|0.228265|-4.475963|-1.659088|0.052045|-12.200000|-6.000000|-24403960.282659|-0.011762|-0.000000|-4.580755|-1.554208|0.253536|0.048197|0.014042|40534.963432|-0.612347|-1.703331|-137.395393|25.089529|0.619812|-1.865500|-0.110084|-3.438522|-11421.224150|-318271108.342528|-246.475593|46044.720480|-0.000004|-125232.046057|-1.146038|0.039494|14.759716|0.065898|-12.509347|-49.750000|0.174934|-1.703331|-297.506614
1438|204038875.990850|10.123935|-1.865500|-33.200000|-13.455288|-10.716091|-3.240716|-8.512006|1217.800000|-1.865500|-0.532406|198672178.273193|0.228265|-4.475963|-1.659521|0.052045|-11.400000|-6.000000|-24715723.251320|-0.011762|-0.000000|-9.246066|-1.623532|0.223910|0.048197|0.013781|38123.047480|-0.612941|-1.701623|-143.937595|24.482849|0.619812|-1.865500|-0.110084|-4.199430|-11421.114793|-318271108.342528|-315.918809|46044.720480|-0.000004|-125232.046057|-1.155803|0.033942|14.734247|0.065137|-12.509347|-48.041667|0.174934|-1.701623|-297.506614
1439|207761956.477092|9.998900|-1.865500|-36.200000|-13.455288|-13.124082|-3.240716|-8.512006|1217.800000|-1.865500|-0.532406|203308742.532683|0.228265|-4.475963|-1.659463|0.169341|-19.200000|-6.000000|-24744394.151977|-0.011762|-0.000000|-6.199340|-1.768390|0.194284|0.048197|0.012876|35981.609569|-0.598278|-1.695103|-143.937595|23.832319|0.619812|-1.865500|-0.110084|-4.199430|-11420.358827|-318271108.342528|-264.994089|46044.720480|-0.000004|-125232.046057|-1.165568|0.028959|14.698441|0.064468|-12.509347|-48.800000|0.174934|-1.695103|-297.506614
1440|204718599.000000|9.869907|-1.865500|-39.600000|-13.455288|-15.874170|-3.240716|-14.767615|1217.800000|-1.865500|-0.532406|201730521.164031|0.228265|-4.475963|-1.659709|0.320342|-21.000000|-6.000000|-24732537.459743|-0.011762|-0.000000|-4.927824|-1.842477|0.164658|0.048197|0.012739|32882.756695|-0.613695|-1.692078|-145.646102|23.149566|0.619812|-1.865500|-0.110084|-4.468800|-11421.063985|-318271108.342528|-208.137636|46044.720480|-0.000004|-125232.046057|-1.175333|0.029251|14.650246|0.063869|-12.509347|-49.633334|0.174934|-1.692078|-297.506614
1441|203382148.340685|9.698576|-1.865500|-41.400000|-13.455288|-16.838535|-3.240716|-14.767615|1217.800000|-1.865500|-0.532406|202462370.722385|0.204045|-4.475963|-1.660653|0.464791|-20.600000|-6.000000|-25862887.621312|-0.011762|-0.000000|-4.910662|-1.855569|0.135032|0.048197|0.012810|30740.882209|-0.613695|-1.691283|-159.358031|22.442405|0.619812|-1.865500|-0.110084|-4.558212|-11420.833984|-318271108.342528|-211.626891|46044.720480|-0.000004|-125232.046057|-1.185098|0.029522|14.590922|0.063301|-12.509347|-54.925000|0.174934|-1.691283|-297.506614
1442|203882202.924086|9.608493|-1.865500|-42.800000|-13.455288|-18.151925|-3.240716|-14.767615|1217.800000|-1.488342|-0.532406|204817227.149999|0.204045|-4.475963|-1.487849|0.562506|-33.800000|-6.000000|-26784128.583373|-0.011762|-0.000000|-4.732244|-1.814866|0.105406|0.048197|0.014165|27237.554732|-0.613636|-1.636527|-73.305762|21.707996|0.619812|-1.865500|-0.110084|-4.558212|-11419.418713|-318271108.342528|-255.711255|46044.720480|-0.000004|-125232.046057|-1.178486|0.028332|14.528893|0.062786|-12.509347|-57.616667|0.174934|-1.636527|-297.506614
1443|203511663.703144|9.825027|-1.865500|-44.600000|-13.455288|-19.937713|-3.240716|-14.767615|1217.800000|-1.488342|-0.532406|205916878.146461|0.204045|-4.480467|-1.487815|0.597554|-33.200000|-6.000000|-27814985.740144|-0.011762|-0.000000|-8.604597|-1.528006|0.075780|0.048197|0.015238|21834.238080|-0.610833|-1.539766|-77.402193|20.939962|0.619812|-1.865500|-0.112154|-4.558212|-11420.142418|-318271108.342528|-243.036155|46044.720480|-0.000004|-125232.046057|-1.159848|0.025864|14.465240|0.062328|-12.509347|-57.300000|0.174934|-1.539766|-297.506614
1444|203491336.313676|9.903945|-1.865500|-45.800000|-13.455288|-21.934379|-3.240716|-14.767615|1217.800000|-1.488342|-0.532406|207017783.842111|0.204045|-4.480467|-1.487306|0.613258|-40.200000|-4.000000|-28940052.180643|-0.011762|-0.000000|-4.772178|-1.333159|0.046154|0.048197|0.016222|16219.251754|-0.610690|-1.516565|-56.213290|20.136686|0.619812|-1.865500|-0.117764|-4.558212|-11419.845560|-318271108.342528|-255.306756|46044.720480|-0.000004|-125232.046057|-1.137652|0.026482|14.397122|0.061890|-12.509347|-62.141667|0.174934|-1.516565|-297.506614
1445|201473135.992480|9.797082|-1.865500|-46.400000|-13.455288|-24.693267|-3.240716|-23.526503|1217.800000|-1.520138|-0.532406|204940666.023812|0.204045|-4.554882|-1.487053|0.614335|-39.600000|-4.000000|-29729207.065596|-0.011762|-0.000000|-6.725729|-1.288814|0.014456|0.048197|0.017672|10974.569547|-0.620132|-1.494228|-48.954429|19.298083|0.438796|-1.865500|-0.119904|-4.558212|-11421.225955|-318271108.342528|-265.625648|46044.720480|-0.000004|-125232.046057|-1.115456|0.026465|14.315716|0.061506|-12.509347|-65.666667|0.174934|-1.494228|-297.506614
1446|192436397.303610|9.617332|-1.865500|-47.000000|-13.455288|-26.237022|-3.240716|-25.070258|1217.800000|-2.523968|-0.532406|196171282.057371|0.119549|-4.554882|-1.487662|0.650718|-35.400000|-4.000000|-30867670.735940|-0.011762|-0.000000|-10.477162|-1.541938|-0.017242|0.048197|0.019566|7873.996757|-0.617738|-1.494790|-80.164468|18.419736|0.438796|-1.865500|-0.119904|-4.558212|-11420.300593|-318271108.342528|-225.639224|46044.720480|-0.000004|-125232.046057|-1.093261|0.025551|14.222526|0.061161|-12.509347|-67.250000|0.174934|-1.494790|-297.506614
1447|190009765.477114|9.460405|-1.488342|-48.000000|-13.455288|-27.824230|-3.083705|-28.679070|1217.800000|-3.438522|-0.532406|194189763.415767|0.145335|-4.554882|-1.487721|0.678728|-42.800000|-4.000000|-32271396.008900|-0.011762|-0.000000|-7.076379|-1.693822|-0.048940|0.048197|0.022571|3010.553960|-0.618745|-1.473930|-72.173095|17.498607|0.438796|-1.865500|-0.119904|-4.558212|-11420.084014|-318271108.342528|-185.701544|46044.720480|-0.000003|-125232.046057|-1.070979|0.020161|14.117644|0.060929|-12.509347|-66.558334|0.042196|-1.473930|-297.506614
1448|188287731.146174|9.327627|-1.488342|-48.600000|-13.455288|-29.768452|-2.986604|-28.679070|1217.800000|-4.199430|-0.532406|192772496.405624|0.145335|-4.554882|-1.488243|0.686705|-40.600000|-4.000000|-33583121.825785|0.001602|-0.000000|-10.012266|-1.744728|-0.082003|0.048197|0.024309|-2229.131115|-0.619153|-1.471743|-73.608312|16.533443|0.438796|-1.865500|-0.119904|-4.558212|-11420.911212|-318271108.342528|-151.725420|46044.720480|-0.000003|-125232.046057|-1.048698|0.010274|14.000281|0.060706|-12.509347|-70.333334|0.042196|-1.471743|-297.506614
1449|192603677.530836|9.167748|-1.488342|-48.600000|-13.455288|-31.695267|-2.986604|-28.679070|1217.800000|-4.199430|-0.532406|198229595.315346|0.145335|-4.554882|-1.488503|0.686705|-45.800000|-4.000000|-34915447.565064|0.001602|-0.000000|-13.493926|-2.031711|-0.115067|0.048142|0.025325|-6212.410064|-0.613305|-1.471294|-74.701029|15.525707|0.438796|-1.865500|-0.119904|-4.558212|-11420.572699|-318271108.342528|-131.062818|46044.720480|-0.000003|-125232.046057|-1.027015|0.001851|13.866841|0.060482|-12.509347|-67.791667|-0.157506|-1.471294|-297.506614
1450|199786107.669834|8.781186|-1.520138|-48.600000|-9.797596|-33.438574|-2.986604|-28.679070|1217.800000|-4.468800|-0.864183|206131137.469467|0.145335|-4.554882|-1.488142|0.699840|-48.400000|-4.000000|-36146677.429458|0.001602|-0.000000|-13.416456|-3.124452|-0.148504|0.047392|0.025347|-6452.169960|-0.619130|-1.488910|-71.033896|14.480217|0.438796|-1.865500|-0.119904|-4.558212|-11419.324147|-318271108.342528|-130.724226|46044.720480|-0.000003|-125232.046057|-1.021259|-0.011424|13.717549|0.060164|-12.509347|-72.941667|-0.244730|-1.488910|-297.506614
1451|188803235.505854|8.552517|-2.523968|-50.800000|-9.797596|-34.444425|-2.986604|-28.679070|1217.800000|-4.558212|-1.950347|195086246.389421|0.145335|-4.554882|-1.590682|0.699840|-47.000000|-4.000000|-36147241.414894|0.001602|-0.000000|-10.429516|-4.620146|-0.183693|0.045337|0.024390|-5554.436548|-0.644042|-1.745744|-68.660098|13.404237|0.438796|-1.865500|-0.118379|-4.558212|-11420.579670|-318271108.342528|-170.087518|46044.720480|-0.000005|-125232.046057|-1.032234|-0.027573|13.567262|0.059678|-12.509347|-72.025000|-0.244730|-1.745744|-297.506614
1452|183950127.481154|8.165399|-3.438522|-52.600000|-9.797596|-35.302467|-3.535979|-28.679070|1217.800000|-4.558212|-2.775519|189159659.473823|0.145335|-4.554882|-3.019338|0.699840|-48.000000|-4.000000|-36166810.722224|0.001602|-0.000000|-15.648777|-6.544822|-0.216795|0.044481|0.022258|-5327.574135|-0.657803|-3.289719|-69.893509|12.308381|0.438796|-1.865500|-0.107663|-4.558212|-11420.809166|-318271108.342528|-175.858084|46044.720480|-0.000007|-125232.046057|-1.058451|-0.033767|13.414381|0.058993|-12.509347|-72.025000|-0.244730|-3.289719|-297.506614
1453|174755190.454658|8.033628|-4.199430|-54.600000|-11.208272|-36.078791|-4.699699|-28.679070|1217.800000|-4.558212|-3.455977|178694854.732557|0.145335|-4.554882|-3.018249|0.699840|-52.600000|-4.000000|-36093126.841909|0.001602|-0.000000|-16.178219|-8.930125|-0.246583|0.042999|0.018735|-5402.572509|-0.655513|-6.581090|-70.811352|11.206155|0.438796|-1.865500|-0.077301|-4.558212|-11419.332485|-320463131.864308|-254.582548|46044.720480|-0.000008|-125232.046057|-1.097350|-0.035428|13.258546|0.058137|-12.509347|-74.025000|-0.244730|-6.581090|-297.506614
1454|165862558.321870|7.863072|-4.199430|-56.800000|-11.208272|-36.971655|-4.699699|-28.679070|1217.800000|-4.558212|-3.482331|168746234.965852|0.145335|-5.185092|-3.017207|0.699840|-52.600000|-4.000000|-35999018.170460|0.001602|-0.000000|-21.498453|-11.056982|-0.276371|0.041512|0.013812|-5630.218084|-0.659120|-7.291875|-71.737188|10.106798|0.438796|-1.865500|-0.055475|-4.558212|-11419.959074|-322765620.821785|-257.412124|46044.720480|-0.000008|-125232.046057|-1.136249|-0.038174|13.098128|0.057159|-12.509347|-72.025000|-0.244730|-7.291875|-297.506614
1455|133456809.592354|7.521869|-4.468800|-58.400000|-11.208272|-37.969961|-4.699699|-28.679070|1217.800000|-4.558212|-3.813397|135537269.382409|0.145335|-7.500197|-3.719969|0.711166|-50.600000|-4.000000|-35835372.182689|0.001602|-0.000000|-30.823073|-13.777139|-0.304793|0.040050|0.008417|-7587.272716|-0.671822|-8.597707|-65.858805|9.015780|0.438796|-1.865500|-0.052592|-4.558212|-11420.427495|-322765620.821785|-386.958063|46044.720480|-0.000009|-125232.046057|-1.179637|-0.041973|12.931535|0.056053|-12.509347|-74.108334|-0.244730|-8.597707|-297.506614
1456|144489245.709408|7.124267|-4.558212|-60.800000|-11.208272|-40.397000|-4.699699|-28.679070|1217.800000|-4.558212|-3.813397|146297296.920712|0.145335|-7.657750|-3.721489|0.828717|-42.800000|-6.000000|-35877927.125751|0.001602|-0.000000|-27.902891|-16.421392|-0.332124|0.039782|0.002827|-10115.382514|-0.671822|-9.759825|-86.108910|7.934798|0.438796|-1.865500|-0.052592|-4.558212|-11421.278009|-322765620.821785|-276.859737|46044.720480|-0.000009|-125232.046057|-1.224515|-0.052401|12.762137|0.054773|-12.509347|-78.241667|-0.244730|-9.759825|-297.506614
1457|136025865.149638|6.649903|-4.558212|-63.600000|-11.208272|-42.402416|-4.699699|-42.684486|1217.800000|-4.558212|-3.813397|138102547.229164|0.145335|-7.736526|-3.723479|0.895604|-50.600000|-6.000000|-35777538.598132|0.001602|-0.000000|-34.442434|-18.498577|-0.359456|0.039782|0.000866|-6941.559618|-0.684985|-9.853096|-91.913666|6.859866|0.438796|-1.865500|-0.052592|-4.558212|-11421.471450|-322765620.821785|-226.284146|46044.720480|-0.000009|-125232.046057|-1.269394|-0.052133|12.592269|0.053402|-12.509347|-75.075000|-0.244730|-9.853096|-297.506614
1458|99600587.289232|6.116211|-4.558212|-66.200000|-11.208272|-44.788269|-4.699699|-43.070339|1217.800000|-4.558212|-3.813397|102507925.406783|0.145335|-8.775914|-3.722016|0.895604|-62.600000|-6.000000|-35385686.563520|0.001602|-0.000000|-34.793233|-20.176830|-0.387251|0.039226|-0.001548|-2128.470888|-0.687068|-9.840942|-63.454638|5.786450|0.438796|-1.865500|-0.052592|-4.558212|-11418.829853|-322765620.821785|-340.353641|46044.720480|-0.000009|-125232.046057|-1.314272|-0.054423|12.421181|0.052015|-12.509347|-81.075000|-0.244730|-9.840942|-297.506614
1459|66240210.277334|5.897045|-4.558212|-68.800000|-11.208272|-47.408356|-4.699699|-47.114582|1217.800000|-4.558212|-3.813397|69080378.444721|0.145335|-13.295608|-3.722513|0.896611|-50.800000|-6.000000|-35043545.606963|0.155662|-0.000000|-38.636052|-21.903390|-0.412705|0.039167|-0.003261|1290.772315|-0.687402|-9.825270|-92.438648|4.712465|0.438796|-1.865500|-0.060712|-4.558212|-11421.640407|-322765620.821785|-271.409485|46044.720480|-0.000009|-125232.046057|-1.359151|-0.057935|12.252965|0.050600|-12.509347|-77.350000|-0.244730|-9.825270|-297.506614
