859|nan|nan|nan|nan|nan|nan|nan|nan|nan|nan|nan|nan|nan|nan|nan|nan|nan|nan|nan
900|nan|nan|nan|nan|nan|nan|nan|nan|nan|nan|nan|nan|nan|nan|nan|nan|nan|nan|nan
901|nan|nan|nan|nan|nan|nan|nan|nan|nan|nan|nan|nan|nan|nan|nan|nan|nan|nan|nan
902|nan|nan|nan|nan|nan|nan|nan|nan|nan|nan|nan|nan|nan|nan|nan|nan|nan|nan|nan
903|nan|nan|nan|nan|nan|nan|nan|nan|nan|nan|nan|nan|nan|nan|nan|nan|nan|nan|nan
904|nan|nan|nan|nan|nan|nan|nan|nan|nan|nan|nan|nan|nan|nan|nan|nan|nan|nan|nan
905|nan|nan|nan|nan|nan|nan|nan|nan|nan|nan|nan|nan|nan|nan|nan|nan|nan|nan|nan
906|nan|nan|nan|nan|nan|nan|nan|nan|nan|nan|nan|nan|nan|nan|nan|nan|nan|nan|nan
907|nan|nan|nan|nan|nan|nan|nan|nan|nan|nan|nan|nan|nan|nan|nan|nan|nan|nan|nan
908|nan|nan|nan|nan|nan|nan|nan|nan|nan|nan|nan|nan|nan|nan|nan|nan|nan|nan|nan
909|nan|nan|nan|nan|nan|nan|nan|nan|nan|nan|nan|nan|nan|nan|nan|nan|nan|nan|nan
910|nan|nan|nan|nan|nan|nan|nan|nan|nan|nan|nan|nan|nan|nan|nan|nan|nan|nan|nan
911|nan|nan|nan|nan|nan|nan|nan|nan|nan|nan|nan|nan|nan|nan|nan|nan|nan|nan|nan
912|nan|nan|nan|nan|nan|nan|nan|nan|nan|nan|nan|nan|nan|nan|nan|nan|nan|nan|nan
913|nan|nan|nan|nan|nan|nan|nan|nan|nan|nan|nan|nan|nan|nan|nan|nan|nan|nan|nan
914|nan|nan|nan|nan|nan|nan|nan|nan|nan|nan|nan|nan|nan|nan|nan|nan|nan|nan|nan
915|nan|nan|nan|nan|nan|nan|nan|nan|nan|nan|nan|nan|nan|nan|nan|nan|nan|nan|nan
916|nan|nan|nan|nan|nan|nan|nan|nan|nan|nan|nan|nan|nan|nan|nan|nan|nan|nan|nan
917|nan|nan|nan|nan|nan|nan|nan|nan|nan|nan|nan|nan|nan|nan|nan|nan|nan|nan|nan
918|nan|nan|nan|nan|nan|nan|nan|nan|nan|nan|nan|nan|nan|nan|nan|nan|nan|nan|nan
919|nan|nan|nan|nan|nan|nan|nan|nan|nan|nan|nan|nan|nan|nan|nan|nan|nan|nan|nan
920|nan|nan|nan|nan|nan|nan|nan|nan|nan|nan|nan|nan|nan|nan|nan|nan|nan|nan|nan
921|nan|nan|nan|nan|nan|nan|nan|nan|nan|nan|nan|nan|nan|nan|nan|nan|nan|nan|nan
922|nan|nan|nan|nan|nan|nan|nan|nan|nan|nan|nan|nan|nan|nan|nan|nan|nan|nan|nan
923|nan|nan|nan|nan|nan|nan|nan|nan|nan|nan|nan|nan|nan|nan|nan|nan|nan|nan|nan
924|nan|nan|nan|nan|nan|nan|nan|nan|nan|nan|nan|nan|nan|-89.773796|nan|40.504575|nan|nan|nan
925|nan|nan|nan|nan|nan|nan|nan|nan|nan|nan|nan|nan|nan|-74.731794|nan|40.938354|nan|nan|nan
926|nan|nan|nan|nan|nan|nan|nan|nan|nan|nan|nan|nan|nan|-87.642875|nan|39.036516|nan|nan|nan
927|nan|nan|nan|nan|nan|nan|nan|nan|nan|nan|nan|nan|nan|-83.529659|nan|34.490554|nan|nan|nan
928|nan|nan|nan|nan|nan|nan|nan|nan|nan|nan|nan|nan|nan|-99.095768|32.423975|26.297010|nan|nan|nan
929|nan|nan|nan|nan|nan|nan|nan|nan|nan|nan|nan|nan|nan|-103.272735|32.423975|25.944570|nan|nan|nan
930|nan|nan|nan|nan|nan|nan|nan|nan|nan|nan|nan|nan|nan|-129.257984|7.952999|0.505765|nan|nan|nan
931|nan|nan|nan|nan|nan|nan|nan|nan|nan|nan|nan|nan|nan|-162.328579|-32.725806|-41.456230|nan|nan|nan
932|nan|nan|nan|nan|nan|nan|nan|nan|nan|nan|nan|nan|nan|-146.054498|-32.725806|-41.893628|nan|nan|nan
933|nan|nan|nan|nan|19.701510|nan|nan|nan|nan|nan|nan|nan|nan|-127.623310|-32.725806|-42.126769|nan|nan|nan
934|nan|nan|nan|nan|17.140014|nan|nan|nan|nan|nan|nan|nan|nan|-126.503470|-32.725806|-42.197613|nan|nan|nan
935|nan|nan|nan|nan|15.491821|nan|nan|nan|nan|-42.168517|nan|nan|nan|-120.754619|-32.725806|-42.140855|nan|nan|nan
936|nan|nan|nan|nan|14.254170|nan|nan|nan|nan|-61.318050|nan|nan|nan|-131.592341|-32.725806|-42.446641|nan|nan|nan
937|nan|nan|nan|nan|13.015680|nan|nan|nan|nan|-47.849152|nan|nan|nan|-126.357992|-32.725806|-42.262747|nan|nan|nan
938|nan|nan|nan|nan|12.848368|nan|nan|nan|nan|-46.436206|nan|nan|nan|-113.198075|-32.725806|-42.006252|nan|nan|nan
939|nan|nan|nan|nan|13.046139|nan|nan|nan|nan|-42.883917|nan|nan|nan|-102.792371|-32.725806|-41.542238|nan|nan|nan
940|nan|nan|nan|nan|13.570890|nan|nan|nan|nan|-46.210633|nan|nan|nan|-101.265226|-32.725806|-41.229323|nan|nan|nan
941|nan|nan|nan|nan|14.101110|nan|nan|nan|nan|-61.911544|nan|nan|nan|-105.919597|-32.725806|-41.038128|nan|nan|nan
942|nan|nan|nan|nan|14.770253|nan|nan|nan|nan|-52.979262|nan|nan|nan|-101.200232|-32.725806|-40.790422|nan|nan|nan
943|nan|-33.434123|nan|nan|15.755570|nan|nan|nan|nan|-44.575228|nan|nan|nan|-88.044472|-32.725806|-40.347662|-0.027730|nan|nan
944|nan|-29.910513|nan|nan|16.491716|nan|nan|nan|nan|-40.727523|nan|nan|nan|-65.554398|-32.725806|-39.296254|-0.024054|nan|nan
945|nan|-26.170338|nan|nan|17.683987|nan|nan|nan|nan|-26.793885|nan|nan|nan|-52.183935|-32.725806|-38.397279|-0.021985|nan|nan
946|nan|-23.183066|nan|nan|19.167569|nan|nan|nan|nan|-33.857456|nan|nan|nan|-53.252168|-32.725806|-33.048713|-0.022411|nan|nan
947|nan|-21.824246|nan|nan|20.357100|nan|nan|nan|nan|-39.823902|nan|nan|nan|-68.266636|-32.725806|-15.055693|-0.025193|nan|nan
948|nan|-20.817941|nan|nan|21.423407|nan|nan|nan|nan|-38.677449|nan|nan|nan|-68.150709|-32.725806|-14.905968|-0.025399|nan|nan
949|nan|-19.774475|nan|nan|22.582346|nan|nan|nan|nan|-29.359533|nan|nan|nan|-62.586154|-32.725806|-8.238514|-0.024658|nan|nan
950|nan|-19.390802|nan|-35.098867|23.745393|nan|nan|nan|nan|-38.147421|nan|nan|nan|-70.937533|-32.725806|-8.265355|-0.026275|nan|nan
951|nan|-19.150596|nan|-34.784444|24.796723|nan|nan|nan|nan|-32.582440|nan|nan|nan|-71.224675|-32.725806|-8.296737|-0.026460|nan|nan
952|nan|-18.159143|nan|-18.906238|26.053376|nan|nan|nan|nan|-22.652327|nan|nan|nan|-54.097408|-32.725806|6.004948|-0.023704|nan|nan
953|nan|-17.031664|nan|nan|27.388358|nan|-55.529614|nan|nan|-16.525139|nan|nan|nan|-47.048595|-32.725806|12.348285|-0.022619|nan|nan
954|nan|-15.922810|nan|nan|28.631597|nan|-57.732250|nan|nan|-2.002960|nan|nan|nan|-42.966283|-32.725806|18.674089|-0.022097|nan|nan
955|nan|-14.829437|nan|-4.025765|29.608188|nan|-40.574875|nan|nan|-5.774479|nan|nan|nan|-37.471016|-32.725806|20.096512|-0.021311|nan|nan
956|nan|-13.996436|nan|-9.826459|30.317653|nan|-57.268537|nan|nan|-18.982382|nan|nan|nan|-38.612560|-32.725806|23.991515|-0.021794|nan|nan
957|nan|-13.024535|nan|-2.020868|30.789659|nan|-48.226137|nan|nan|-38.765235|nan|nan|nan|-30.688719|-32.725806|30.107740|-0.020746|nan|nan
958|nan|-12.421433|nan|-10.763798|31.741779|nan|-71.759564|nan|nan|-26.790856|nan|nan|nan|-37.569408|-32.725806|30.106503|-0.022076|nan|nan
959|nan|-12.103193|nan|-18.619210|32.386858|-46.931189|-83.700170|-0.651503|nan|-30.724909|nan|nan|nan|-43.959169|-32.725806|41.932802|-0.023386|nan|nan
1000|nan|-11.821861|nan|nan|32.718357|-46.051425|-108.856592|-0.654128|nan|-35.931813|nan|nan|nan|-41.093423|-32.725806|43.787147|-0.023184|nan|nan
1001|nan|-11.958073|nan|-27.796554|33.188200|-45.599478|-152.793386|-1.118445|nan|-47.183608|nan|-132.801153|nan|-50.107912|-27.838824|43.603177|-0.025038|nan|nan
1002|nan|-12.288762|nan|-35.584550|33.906068|-45.394505|-144.214697|-1.124655|nan|-50.079678|nan|-132.726662|nan|-54.963344|-9.960294|43.348413|-0.026328|nan|nan
1003|nan|-12.327826|nan|-24.585885|34.470098|-44.825296|-115.812285|-1.082472|nan|-43.146788|nan|-131.881125|nan|-42.475557|-9.960294|43.502909|-0.024596|nan|nan
1004|nan|-11.743060|nan|-0.932718|34.670339|-43.551120|-91.119576|-0.909926|nan|-25.173675|nan|-130.263336|nan|-16.007368|-3.468314|40.196521|-0.020465|nan|nan
1005|nan|-11.336076|nan|-3.817605|36.159233|-42.522961|-86.946160|-0.798457|nan|-12.004215|nan|-127.994565|nan|-16.387072|-3.380971|40.414462|-0.020868|nan|nan
1006|nan|-10.850635|nan|0.227224|38.540457|-41.424620|-94.017781|-0.798457|nan|-5.016069|nan|-124.809733|nan|-10.850701|-3.380971|40.772507|-0.020344|nan|nan
1007|nan|-10.390179|nan|3.118101|40.556223|-40.271108|-84.279812|-0.708439|nan|9.300994|nan|-122.018283|nan|-5.374613|10.733204|41.235745|-0.019839|nan|nan
1008|nan|-9.843556|nan|9.049351|41.909056|-39.007767|-63.528661|-0.640613|nan|-9.244835|nan|-119.637846|nan|2.601248|16.874128|40.170666|-0.018811|nan|nan
1009|nan|-9.365888|nan|5.991754|43.889476|-37.979440|-54.022547|-0.570397|nan|-6.144926|nan|-117.444167|nan|1.512064|22.988274|40.302549|-0.019154|nan|nan
1010|nan|-8.898704|nan|nan|45.668787|-37.036090|-53.095122|-0.514270|nan|10.465920|nan|-115.630584|nan|0.408967|24.040477|40.421862|-0.019417|nan|nan
1011|nan|-8.377294|nan|9.567130|47.184367|-36.006166|-52.863265|-0.461710|nan|3.285831|nan|-113.177906|nan|5.090505|27.753486|40.683790|-0.018732|nan|nan
1012|nan|-7.971927|nan|5.516041|48.660998|-35.140715|-50.196916|-0.404302|nan|2.943841|nan|-111.017636|nan|3.367366|33.529195|40.746318|-0.019175|nan|nan
1013|nan|-7.558239|nan|nan|49.485766|-34.314301|-36.865172|-0.354720|nan|-4.156355|nan|-109.270741|nan|4.572478|33.529195|38.835429|-0.019155|nan|nan
1014|nan|-7.291308|nan|0.199811|50.483623|-33.685468|-21.098935|-0.329070|nan|6.203616|nan|-108.006498|nan|-0.286962|39.709385|38.738704|-0.020102|nan|nan
1030|nan|-6.966112|nan|4.284618|50.906085|-32.974598|-6.607909|-0.317300|nan|-4.284630|nan|-106.784365|nan|3.185976|36.811179|35.930282|-0.019658|nan|nan
1031|nan|-7.071347|nan|-14.030835|52.249575|-32.779195|-26.315704|-0.337321|nan|-10.554596|nan|-105.855748|nan|-13.331475|36.811179|35.549296|-0.022660|nan|nan
1032|nan|-7.139243|nan|-15.338858|52.948912|-32.554598|-44.516433|-0.350327|nan|-8.879814|nan|-105.086078|nan|-14.778259|36.811179|35.420501|-0.020597|nan|nan
1033|-61.922067|-7.327624|nan|-21.111082|54.257293|-32.520688|-50.428773|-0.360528|nan|1.015516|nan|-104.782163|nan|-19.275464|36.811179|35.028669|-0.021424|nan|nan
1034|-52.095171|-7.266478|nan|-11.121252|54.480974|-32.131492|-36.749244|-0.364434|nan|-8.609125|nan|-104.781734|nan|-8.629427|36.811179|35.205256|-0.019792|nan|nan
1035|-48.028922|-7.212963|nan|-8.495824|54.950874|-31.749905|-42.429726|-0.353945|nan|-16.436346|nan|-104.973829|nan|-4.608765|36.811179|35.208341|-0.019169|nan|nan
1036|-47.038834|-6.070555|nan|nan|55.174414|-31.364242|-42.893439|-0.346949|nan|-8.866120|nan|-105.005209|nan|-3.699619|36.811179|35.229719|-0.017921|nan|nan
1037|-48.637252|-5.027896|nan|nan|55.455710|-31.018075|-28.982053|-0.339255|nan|-10.379137|nan|-104.561515|nan|-5.137398|36.811179|35.265132|-0.015710|nan|nan
1038|-36.521698|-4.067064|nan|2.918206|55.123758|-30.197026|-11.013180|-0.326335|nan|4.478860|nan|-103.789486|nan|6.988423|35.883754|34.691355|-0.011882|nan|nan
1039|-33.530525|-3.310228|nan|nan|54.728031|-29.263181|-5.448626|-0.314449|nan|-3.422319|nan|-103.078219|nan|10.187501|35.883754|34.981689|-0.011438|nan|nan
1040|-22.299745|-2.422685|nan|16.305000|53.603488|-28.266592|9.853898|-0.296254|nan|1.302516|nan|-101.860154|nan|22.048736|15.882165|15.525237|-0.009564|nan|nan
1041|-14.698275|-1.386439|nan|nan|53.107834|-26.956167|14.143242|-0.280190|nan|5.996210|nan|-100.438186|nan|30.078370|15.882165|15.955249|-0.007408|nan|nan
1042|-21.701033|-0.602624|nan|14.707447|52.583207|-25.908110|12.636175|-0.269390|nan|-2.499021|nan|-99.667639|nan|23.715337|15.882165|16.136405|-0.006389|nan|nan
1043|-16.915887|0.072097|nan|20.313972|51.216696|-24.434185|9.158329|-0.253615|nan|-18.411919|nan|-99.006349|nan|29.346766|15.882165|16.582583|-0.003860|nan|-125.285292
1044|-16.955725|0.411705|nan|18.164252|50.251167|-22.989875|0.927426|-0.214744|nan|-0.944178|nan|-98.393730|nan|29.187149|15.882165|16.768942|-0.003981|nan|-125.277473
1045|-19.814145|0.486068|nan|14.932222|49.777700|-21.242699|-1.507067|-0.191302|nan|4.671968|nan|-97.952600|nan|25.986468|15.882165|16.750160|-0.004605|nan|-125.269654
1046|-16.761529|0.628087|nan|18.211067|49.157445|-18.856990|-9.969827|-0.113434|nan|-6.361097|17.723471|-97.348724|nan|29.554375|15.882165|16.879064|-0.004223|nan|-125.254000
1047|-19.239388|0.957534|nan|nan|48.634453|-16.810400|-20.751150|-0.062233|nan|-4.165301|15.510428|-97.007516|nan|26.870372|15.882165|16.967949|-0.004807|nan|-125.238346
1048|-10.213922|1.508305|nan|22.928361|47.424794|-14.895072|-2.666349|0.004237|nan|6.699883|23.793793|-96.197366|nan|35.569625|15.882165|17.178371|-0.003397|nan|-125.222693
1049|1.162009|2.171801|nan|33.047912|46.346756|-12.734730|31.532474|0.024971|nan|19.352231|33.591095|-94.891240|nan|47.024580|15.882165|17.635076|-0.001584|nan|-125.267380
1050|-1.960169|2.844141|nan|27.872048|46.124332|-10.900170|25.156423|0.041292|nan|24.654147|29.268452|-93.728573|nan|43.940890|15.882165|17.663356|-0.002289|nan|-125.312067
1051|-2.042887|3.601305|-2692.555215|28.392059|45.452772|-8.873937|27.127202|0.056930|-21.770127|18.031825|28.019913|-92.333761|-11.769085|43.963895|15.882165|17.818212|-0.002005|nan|-125.356755
1052|-2.250252|4.023215|-2625.582360|nan|44.636090|-7.002753|28.866125|0.071757|-17.969757|23.495138|26.658620|-90.764628|-12.928367|43.648751|15.882165|17.916252|-0.002206|nan|-125.367974
1053|-8.046639|4.198350|-2566.149476|18.905861|44.317101|-5.563495|28.054627|0.081764|-21.733246|26.041755|19.609673|-89.685893|-19.652204|37.880162|15.882165|17.814910|-0.003374|nan|-125.367974
1054|-2.741063|4.466669|-2505.645782|24.920194|44.107630|-4.191363|30.489120|0.088027|-16.128670|18.796402|23.888556|-89.160011|-15.246932|43.351794|15.882165|17.866728|-0.002609|nan|-125.390381
1055|-11.499897|4.488924|-2450.723988|14.085662|43.703895|-3.142043|19.360012|0.087494|-22.549668|1.171941|14.255584|-88.796686|-24.868973|34.573890|15.882165|21.285726|-0.004280|nan|-125.367911
1056|-12.280029|4.582488|-2386.639934|13.705400|43.173876|-1.991664|21.678576|0.085451|-26.734055|9.710441|12.577966|-88.572140|-26.491968|33.906144|15.882165|21.192468|-0.004561|nan|-125.390381
1057|-21.560781|4.370166|-2309.841986|2.377022|43.246369|-1.204412|9.042401|0.075403|-31.778766|-6.341533|2.440784|-88.684994|-36.577723|24.886748|15.882165|20.792992|-0.006313|nan|-125.459628
1058|-25.204573|4.231776|-2240.556210|nan|43.354362|-0.686935|4.753057|0.065938|-32.584735|-6.541632|-2.038885|-89.069056|-40.982995|21.325614|15.882165|23.133110|-0.007077|nan|-125.528874
1059|-20.099361|4.325937|-2174.489789|3.569237|42.672810|-0.372785|3.709703|0.065084|-20.258766|-8.709799|2.446458|-89.260209|-36.577723|26.940502|15.882165|23.021795|-0.006312|nan|-125.605169
1100|-20.729106|4.404085|-2111.675361|nan|42.103086|-0.269221|4.984913|0.069835|-19.774324|-0.064772|1.264941|-89.438585|-37.852933|26.041507|15.882165|22.925814|-0.006533|nan|-125.681464
1101|-24.176420|4.565075|-2059.152936|nan|41.618855|-0.183565|-16.345878|0.091656|-26.151812|-5.083755|-2.532907|-89.836899|-37.110421|22.911242|15.882165|22.842947|-0.007238|nan|-125.757759
1102|-27.649995|4.796281|-2003.253592|-7.408977|41.489293|0.055204|-22.606001|0.112174|-30.288951|-6.813080|-6.331485|-90.313223|-40.447908|19.491806|15.882165|22.617456|-0.006204|nan|-125.859412
1103|-27.786701|4.951331|-1960.416970|nan|41.807580|0.320716|-28.054627|0.135196|-29.303824|-6.866982|-6.665906|-90.784947|-40.503477|19.693075|15.882165|32.870620|-0.005151|nan|-125.919220
1104|-25.043115|4.774013|-1920.532912|-4.305150|41.646000|0.623164|-16.461806|0.149240|-27.101536|2.324159|-4.172266|-91.031993|-38.300841|22.104652|15.882165|35.139288|-0.004768|nan|-125.966023
1105|-24.740334|4.546169|-1893.186275|nan|41.877990|1.080811|-13.099888|0.159357|-29.572698|-2.238612|-4.120418|-91.315424|-38.532698|21.818896|15.882165|35.145514|-0.004809|nan|-125.962084
1106|-4.605224|4.719839|-1871.766444|14.560964|40.264527|2.049773|7.071621|0.179203|-14.381872|12.819923|15.915789|-90.558182|-17.980830|41.262980|14.259170|14.919187|-0.001407|nan|-125.960828
1107|17.283856|5.232117|-1846.097121|35.803004|39.769718|3.243411|26.431632|0.208761|4.627530|25.803057|37.819904|-89.180067|6.789961|63.249218|14.259170|15.735393|0.002296|nan|-125.989880
1108|13.435814|5.487212|-1822.196190|30.854493|39.039090|4.090889|33.735110|0.238731|5.663648|20.879804|33.962191|-87.794183|8.944689|59.170822|14.259170|16.047741|0.001531|nan|-126.025505
1109|15.269656|5.795865|-1804.340302|33.111588|39.216741|4.933058|37.560741|0.261858|6.538164|34.861090|35.719551|-86.688752|10.219900|60.951480|14.259170|16.424384|0.001752|nan|-126.096439
1110|16.864995|6.130121|-1792.021000|nan|38.854311|5.679530|49.385419|0.275403|11.101170|21.601402|37.165349|-85.686187|11.263254|62.500281|14.259170|16.692944|0.001933|nan|-126.167372
1111|18.461855|6.448899|-1780.793843|35.209910|38.101028|6.511508|57.500394|0.293904|9.584525|18.762349|38.609485|-84.678281|12.306608|64.477653|14.259170|17.027750|0.002114|nan|-126.238306
1112|17.033696|6.725333|-1767.409918|nan|37.770574|7.116667|47.994280|0.313083|12.654092|18.665643|37.052209|-83.676645|10.975828|62.726606|14.259170|17.102645|0.001772|nan|-126.309239
1113|29.876287|7.283226|-1754.633490|45.073849|38.292032|8.195074|64.456087|0.337683|15.901789|21.289219|49.722157|-82.663783|23.264219|75.977128|14.259170|17.589031|0.003904|nan|-126.384151
1114|34.267868|7.911073|-1720.199926|nan|38.856963|9.411236|67.586149|0.368542|18.928116|22.785252|53.955637|-81.600495|27.089850|80.342683|14.259170|17.929523|0.004568|nan|-126.428211
1115|38.314616|8.614722|-1663.369673|51.536158|40.186026|10.621539|67.470220|0.403873|25.685266|30.707510|57.834245|-80.751705|31.927696|84.499566|14.259170|18.152034|0.005171|nan|-126.472272
1116|67.204661|10.137329|-1584.159005|80.547807|41.399562|12.769948|97.959340|0.447947|39.090016|37.618696|86.658497|-79.292896|63.494180|114.963214|14.259170|19.202837|0.010077|nan|-126.524292
1117|92.072397|12.073967|-1497.661340|105.406851|43.407602|15.402343|118.826419|0.500757|60.438666|70.234597|111.554524|-76.940450|89.003177|141.927423|14.259170|20.118923|0.014277|nan|-125.884921
1118|62.687990|13.375076|-1423.440859|74.443670|45.925336|17.053931|96.915986|0.499454|43.694298|51.893196|82.063795|-75.537230|59.777769|114.559450|14.259170|20.149716|0.010692|nan|-125.321182
1119|51.263671|14.467165|-1332.688999|63.047263|47.559495|18.123793|95.292991|0.511376|36.837765|31.750045|70.478817|-74.447845|47.721235|105.493684|14.259170|20.257902|0.008975|nan|-124.727878
1120|48.180189|15.340051|-1247.658996|57.978701|48.947601|19.073353|87.525801|0.521796|32.647713|38.437432|67.272838|-73.381325|44.011532|104.552527|14.259170|20.117566|0.008330|nan|-124.216373
1121|61.790619|16.492197|-1131.550898|72.338508|50.567918|20.328721|99.466407|0.534514|42.590980|45.112529|80.784488|-72.003321|56.995492|120.693922|14.259170|40.687600|0.010580|nan|-123.586328
1122|57.658049|17.494618|-1006.518970|nan|52.147501|21.405610|93.554069|0.546390|40.877226|34.064764|76.517443|-70.686398|52.242436|118.764966|14.259170|40.835652|0.010506|nan|-122.833879
1123|75.667823|18.697059|-848.612457|84.799280|53.913327|22.794851|104.219463|0.570679|54.905415|45.845000|94.513146|-69.113141|69.631667|139.311632|14.259170|41.338402|0.013517|nan|-122.160822
1124|87.422577|20.002216|-622.816539|94.840986|56.119195|24.334855|119.753844|0.599534|62.434873|53.712040|106.307218|-67.515161|80.760776|153.339841|14.259170|41.650706|0.015442|nan|-121.515275
1125|65.089353|20.680427|-387.706293|72.436215|57.431205|25.351495|87.178017|0.622696|43.961782|34.839968|84.044638|-66.448830|57.806990|133.326888|14.259170|41.502872|0.011464|nan|-120.897009
1126|65.590983|21.264408|-205.695839|72.966883|58.814843|26.384228|85.439094|0.645672|42.645159|56.525135|84.658486|-65.356440|57.691062|136.436260|14.259170|53.927707|0.011441|nan|-120.384289
1127|74.097340|22.071845|-37.783056|80.816459|60.173411|27.658989|83.236457|0.672729|45.247233|63.064868|93.431063|-63.990821|70.854180|147.275724|14.259170|62.240293|0.012803|nan|-119.819995
1128|56.976102|22.454086|119.008659|62.338500|61.318743|28.417943|61.094168|0.688432|34.311258|36.829898|76.631612|-62.939197|57.037163|132.304577|14.259170|65.759154|0.009730|nan|-119.399749
1129|40.426055|22.568055|301.336889|44.836000|62.322023|28.915019|48.342065|0.699265|18.274580|29.358056|60.287700|-62.491931|39.879788|118.345573|14.259170|68.759886|0.006759|nan|-119.005492
1330|82.777999|23.624849|471.080043|87.888569|63.547081|30.450276|88.801012|0.723904|49.446306|56.091564|103.020765|-60.608661|84.093945|163.585257|14.259170|76.587754|0.013978|nan|-118.769431
1331|76.685393|24.323966|643.746648|79.960161|65.066897|32.036697|78.019687|0.748941|39.763865|65.007526|97.361108|-58.874399|74.010108|160.160162|14.259170|76.837626|0.012812|nan|-118.574563
1332|63.176585|24.847527|815.993708|65.815103|65.991454|33.321154|59.818958|0.770758|30.502015|54.850845|84.341171|-57.243337|59.866866|148.268953|14.259170|76.790563|0.010364|nan|-118.304184
1333|47.763902|24.940511|960.356296|49.118026|66.738937|34.323402|42.429727|0.779846|12.848003|60.140297|68.768595|-55.972112|41.413204|133.777324|14.259170|76.512133|0.007475|nan|-118.052539
1334|46.840881|24.902801|1108.645108|nan|67.632258|35.121469|42.429726|0.794926|17.685714|53.788901|67.597107|-54.875419|39.210567|133.782320|14.259170|74.371386|0.007093|nan|-117.855030
1335|40.352074|24.725770|1259.927507|nan|68.263204|35.723983|34.430679|0.780141|9.038524|38.635736|60.838935|-53.958366|31.443377|128.030657|14.259170|67.339987|0.005749|nan|-117.706693
1336|36.879458|24.551341|1377.103387|nan|68.882614|36.235457|49.269490|0.778734|5.645815|38.198549|56.910184|-53.055317|26.690320|125.345760|34.546608|62.262251|0.004927|nan|-117.569666
1337|33.408707|24.325445|1451.909127|nan|69.123992|36.701775|65.847225|0.764740|2.652411|39.216169|52.860453|-52.164856|21.937264|122.660863|34.546608|57.182234|0.004105|nan|-117.410247
1338|24.938853|24.014205|1559.517395|19.895176|69.060882|36.760186|51.703983|0.743652|0.515831|23.504953|43.734914|-51.518171|12.199294|114.647946|34.546608|52.228703|0.002422|nan|-117.248511
1339|22.484430|23.613002|1662.407347|17.426568|68.957657|36.786009|49.269491|0.728168|-3.674218|19.602292|40.648845|-51.032943|8.489591|112.451034|34.546608|45.448729|0.001780|nan|-116.870401
1340|23.026178|23.311703|1767.283573|nan|68.932982|36.627410|49.617276|0.715443|1.310213|28.018087|40.553014|-50.548486|7.794022|112.824895|34.546608|45.166519|0.001660|nan|-116.263296
1341|21.915979|23.065905|1854.882550|nan|69.731363|36.320563|48.342065|0.703649|0.433729|24.500993|38.708729|-50.666098|5.475457|110.124725|40.339003|44.888964|0.001259|nan|-115.413498
1342|21.948394|22.954475|1935.119881|nan|70.031632|36.129292|45.212003|0.696592|-1.365207|31.236006|37.906869|-51.388913|4.316175|106.305905|40.339003|44.618330|0.001059|nan|-114.478398
1343|18.114698|22.882565|2017.468310|7.084711|69.821909|35.740986|52.515481|0.669791|1.328841|25.264407|33.220214|-52.129085|3.171262|98.881042|40.339003|44.202458|0.000198|nan|-113.696736
1344|16.797974|22.766051|2095.625658|nan|69.813111|35.345296|53.906620|0.626686|-1.505305|15.119458|31.026813|-52.949731|0.736770|94.285656|40.339003|43.831914|-0.000222|nan|-112.758600
1345|9.873733|22.531450|2150.605656|-3.335731|69.875752|34.842422|49.385419|0.590804|-8.224352|13.115206|23.269605|-53.990364|-7.262277|83.287572|40.339003|43.347313|-0.001603|nan|-111.866162
1346|1.033548|22.242547|2187.705466|-13.190768|70.430738|34.114815|67.818005|0.533565|-12.556866|3.952975|13.429426|-55.309780|-16.716175|70.365729|40.339003|42.779360|-0.003612|nan|-110.645151
1347|-10.290055|21.791902|2217.188229|-25.201406|70.537031|33.223335|79.758611|0.461862|-21.644912|3.959716|0.984707|-56.895715|-24.604566|54.458257|40.339003|42.153025|-0.007933|nan|-109.316602
1348|-14.711754|21.298761|2240.594734|-30.815876|71.056890|32.100100|44.400505|0.425064|-21.616228|3.133628|-4.532961|-58.943150|-29.777264|45.499505|40.339003|41.488504|-0.009861|nan|-107.633245
1349|-26.620572|20.591617|2263.769842|-43.288593|71.113493|30.534687|19.591868|0.378922|-25.167641|5.927947|-17.596702|-61.401434|-40.209367|28.659181|40.339003|40.648173|-0.014365|nan|-105.202799
1350|-30.343879|19.876339|2279.191578|-47.238904|70.451890|29.085513|11.360965|0.332627|-34.329876|-0.992966|-22.461071|-64.074700|-44.730567|20.631260|35.802766|35.605771|-0.016024|nan|-102.698274
1351|-28.099038|18.880382|2297.427318|-46.588870|69.577285|27.674995|25.851991|0.287206|-28.101775|-0.749405|-21.568067|-67.469153|-43.223501|18.623113|35.802766|35.058908|-0.015765|nan|-100.732171
1352|-22.537144|17.683752|2320.565719|-40.581621|67.593272|26.474718|25.967920|0.257241|-24.512446|-3.974755|-17.445291|-71.353319|-38.114516|19.889184|35.802766|34.794421|-0.014925|nan|-98.852053
1353|-23.156866|16.459197|2333.594455|nan|65.998426|25.347950|42.081941|0.209698|-25.148345|1.209296|-19.501587|-74.400611|-39.389726|14.830347|35.802766|34.445927|-0.015145|nan|-97.085286
1354|-21.379126|15.309255|2347.683895|nan|64.916702|24.209805|54.370332|0.151023|-21.989408|7.526868|-19.110238|-77.069141|-38.230444|12.219374|35.802766|34.189788|-0.014945|nan|-95.098602
1355|-28.790045|13.983422|2358.261219|-49.666796|63.776555|23.026341|23.417499|0.115187|-30.065356|-2.898792|-27.898312|-79.928997|-44.469491|-0.623572|35.802766|33.701122|-0.017057|nan|-93.409256
1356|-30.209660|12.707671|2352.369125|nan|62.688442|21.890032|21.330792|0.077058|-29.876478|42.205429|-30.782880|-83.213409|-46.440270|-7.570811|35.802766|33.344314|-0.017816|nan|-91.693629
1357|-40.119130|11.227998|2306.598241|-62.035523|61.252552|20.684443|18.780371|0.029422|-39.909671|21.395520|-42.306115|-86.649769|-59.353809|-23.040271|31.659524|28.643784|-0.021505|nan|-89.987455
1358|-58.290368|9.299578|2258.329514|-80.498543|59.306164|19.138365|-17.621089|-0.019659|-52.253423|3.398652|-62.261951|-91.078623|-78.178252|-47.114026|13.411748|9.534880|-0.028054|nan|-88.566427
1359|-58.742989|7.355745|2208.230858|-80.623729|56.423406|17.642806|-35.705890|-0.060965|-53.181194|-23.960628|-64.495446|-95.820083|-79.105678|-53.054390|6.234322|1.884584|-0.028474|nan|-87.105468
1400|-39.614040|5.688090|2153.673143|-62.284132|54.057483|16.650814|24.692710|-0.102610|-38.517441|-15.791814|-47.276868|-99.067758|-60.441235|-39.402886|6.234322|1.874409|-0.025253|nan|-85.025343
1401|-23.859503|3.910747|2093.323805|-46.986517|52.200932|16.066554|33.271397|-0.137567|-25.535262|-5.135205|-33.459138|-101.959259|-45.138711|-29.175800|6.234322|2.071905|-0.022612|nan|-83.476668
1402|-28.062271|1.512554|2035.731863|-52.548907|50.622400|15.376780|14.491026|-0.175101|-28.971701|-9.101041|-39.739011|-105.156368|-50.495840|-39.130505|6.234322|1.967730|-0.023418|nan|-82.330393
1403|-29.382804|-0.370955|1971.600774|nan|49.032034|14.700206|-3.941559|-0.205645|-31.110967|-22.630177|-43.081261|-107.911358|-52.474763|-46.012003|6.234322|1.936854|-0.023723|nan|-81.534989
1404|-22.145448|-1.804317|1902.599850|nan|47.966328|14.125307|0.695569|-0.233151|-22.910859|-8.626665|-37.765873|-110.056335|-45.634998|-44.470729|6.234322|1.963596|-0.022545|nan|-81.662975
1405|10.123107|-2.573942|1826.209112|-14.835204|46.225484|14.376794|24.808637|-0.244041|-1.832325|-2.375142|-7.425503|-112.533047|-13.754740|-16.144799|6.234322|2.804254|-0.017034|nan|-81.627497
1406|16.158081|-3.536530|1729.870481|-9.572419|45.093092|14.246328|25.736063|-0.256063|13.288848|-40.042000|-3.318989|-114.666137|-8.074257|-13.625694|6.234322|3.193764|-0.016054|nan|-81.546799
1407|24.819293|-4.177910|1639.080824|-0.626596|44.041078|13.990893|29.329838|-0.264924|22.994989|-44.011358|3.493827|-116.196699|0.272574|-7.171955|6.234322|3.841671|-0.014612|nan|-81.453428
1408|24.759123|-5.171473|1567.101426|-1.870009|43.472127|13.708755|19.244084|-0.271878|19.527205|-47.466036|1.660108|-117.355429|-0.075210|-9.524725|6.234322|4.222199|-0.014674|nan|-81.344279
1409|27.566590|-6.354754|1530.259266|nan|43.034379|13.421428|18.084801|-0.277734|22.717625|-40.175765|2.748922|-118.394550|2.475210|-8.447166|6.234322|4.543227|-0.014235|nan|-81.229857
1410|30.117722|-7.093808|1490.987431|nan|42.854214|13.130335|19.707797|-0.283247|23.835846|-25.003524|3.619162|-119.172537|4.793775|-7.418595|6.234322|4.813984|-0.013835|nan|-81.260429
1411|37.857124|-7.624578|1455.184927|11.746965|42.721192|12.978454|24.924565|-0.295195|29.850489|-17.577711|9.827393|-119.631461|12.329108|-0.533004|6.234322|5.196118|-0.012531|nan|-81.315291
1412|39.320143|-8.278177|1416.883821|nan|42.635621|12.847823|25.040494|-0.309314|27.845355|-24.549527|9.920775|-119.952103|13.604319|0.385556|6.234322|5.506876|-0.012311|nan|-81.303725
1413|40.511196|-8.681499|1404.911649|nan|42.558424|12.499766|21.098935|-0.315642|33.688364|-27.353754|9.863775|-119.700331|16.087673|1.438374|6.234322|5.758207|-0.012131|nan|-81.348629
1414|41.083145|-8.776797|1400.397572|nan|42.516292|12.068472|19.128156|-0.329199|33.031386|-28.730280|9.267022|-119.478542|16.551386|1.864486|6.234322|12.124590|-0.012051|nan|-81.462114
1415|46.958435|-9.419079|1406.817361|20.261051|41.792421|11.705798|16.925519|-0.339929|35.627796|-12.636745|14.080676|-119.079292|28.107796|8.341834|6.234322|19.748441|-0.011047|nan|-81.528769
1416|46.966311|-10.028327|1400.362367|nan|41.139417|10.838766|7.071621|-0.305714|46.667450|-14.307795|13.194562|-118.630927|29.547796|8.402477|6.234322|19.993854|-0.011047|nan|-81.595424
1417|58.148632|-10.171985|1395.344134|31.511518|40.982742|9.780509|6.028267|-0.229013|56.792487|-2.027145|23.627882|-117.942286|40.792833|20.761394|6.234322|20.335999|-0.009100|nan|-81.733229
1418|77.075545|-9.673171|1382.461361|50.149623|41.009613|9.666063|19.707796|-0.181324|61.243331|6.935649|42.091294|-116.675886|60.445060|41.766350|6.234322|21.057340|-0.005810|nan|-81.880955
1419|75.694574|-9.283326|1369.933403|48.126116|41.291661|9.611275|5.680483|-0.123919|63.008467|7.327730|40.425123|-115.390300|59.169850|42.524110|6.234322|21.450938|-0.006030|nan|-81.998162
1420|84.963675|-8.524851|1365.787195|58.643274|41.897032|9.782411|10.549468|-0.064501|67.277613|12.897215|49.531262|-113.559753|68.560035|54.768585|6.234322|21.891580|-0.004404|nan|-81.961002
1421|76.810630|-7.904204|1358.196631|49.520377|42.361836|9.497583|4.057487|-0.022600|66.478912|7.037806|41.500657|-111.689382|60.560988|50.156389|6.234322|22.056061|-0.005788|-925.081319|-81.923842
1422|71.065475|-7.313134|1351.925751|nan|42.763126|9.165350|3.361918|0.000526|59.953664|3.916434|36.057174|-109.651551|60.116434|48.125327|6.234322|22.156741|-0.006749|-925.202637|-81.902566
1423|67.251157|-6.667298|1355.876826|nan|42.438311|8.454736|-1.507067|0.030045|61.398846|-5.526189|32.601847|-107.598501|56.522659|48.567601|6.234322|22.206397|-0.007369|-925.330989|-81.897236
1424|54.812489|-6.190797|1357.604170|28.161767|42.323714|7.277366|-12.520247|0.060127|50.427078|-24.278008|20.631215|-105.556824|44.350197|40.612140|6.234322|22.061766|-0.009473|-925.459341|-81.886583
1425|46.051733|-5.872961|1379.292655|19.684212|42.854130|6.278407|-28.982054|0.076381|39.325359|-13.908518|12.364321|-103.945002|40.847437|36.019861|6.234322|21.767096|-0.010935|-925.578901|-82.460757
1426|40.733712|-5.628665|1411.465018|15.893104|42.823995|5.257774|-35.937746|0.095909|35.620447|-18.830809|7.712508|-102.441813|35.862524|35.004330|6.234322|21.666416|-0.011796|-925.693187|-82.839242
1427|40.700749|-5.408648|1432.037092|nan|42.917517|4.106573|-46.023500|0.122931|39.567538|-7.681834|8.483699|-101.129907|36.210309|39.249211|6.234322|21.564599|-0.011735|57862.857140|-83.248314
1428|37.513668|-5.224966|1467.204365|nan|42.735287|3.201518|-67.470220|0.161843|30.225261|-14.228938|6.364236|-99.871164|33.428032|40.517876|6.234322|21.463099|-0.012214|66203.028572|-83.657386
1429|48.341659|-4.790762|1494.111984|24.409806|42.395459|2.877245|-57.152610|0.203050|34.589604|-7.728600|18.416557|-98.274856|44.673068|56.177462|12.398765|21.670741|-0.010269|66210.697147|-83.946659
1430|48.567840|-4.300004|1515.672023|nan|42.091425|1.846732|-37.792597|0.239251|48.326909|-3.495664|19.924705|-96.401778|48.888638|59.752239|19.707796|21.809692|-0.010149|68533.302854|-84.076944
1431|48.743485|-3.635305|1540.763975|nan|42.023216|0.921043|-21.794504|0.263475|46.621785|16.138418|21.459297|-94.471387|49.584207|62.043880|19.707796|41.683235|-0.010028|70392.369233|-84.209879
1432|51.784313|-2.691523|1547.759403|29.709340|42.216019|0.329777|-22.837858|0.300369|45.735907|1.678538|26.099277|-92.142892|53.177982|67.644992|19.707796|41.876557|-0.009406|95408.877356|-84.342813
1433|48.882923|-1.772189|1554.789165|nan|42.845948|-0.045698|-26.895346|0.334894|41.096996|14.617513|24.926819|-89.295598|50.859417|66.305221|19.707796|40.392247|-0.009806|103754.043080|-84.475748
1434|32.043115|-0.996557|1558.060984|10.357353|44.197392|-0.838357|-36.285531|0.351194|30.308083|23.847116|9.746971|-86.887232|34.629467|50.965959|19.707796|39.997052|-0.012610|103761.329226|-84.592809
1435|32.455328|0.018566|1572.676796|11.869958|44.789094|-1.358673|-3.361919|0.355050|26.790746|9.078719|11.837819|-84.985239|35.672821|53.335037|19.707796|35.895657|-0.012429|119981.550777|-84.700248
1436|35.746490|0.976055|1589.142905|nan|45.337133|-1.739928|6.260124|0.363646|30.172652|10.151047|16.820322|-83.407282|39.614381|57.995352|19.707796|35.850797|-0.011747|146858.087914|-84.801641
1437|41.573825|2.000583|1612.854733|22.566021|45.483942|-1.883400|21.098935|0.375625|34.024286|12.868027|24.343760|-81.502878|45.546361|65.155079|19.707796|35.945513|-0.010625|172810.326147|-84.886672
1438|41.488628|2.983649|1643.633182|nan|45.734299|-1.868516|21.330792|0.388022|31.883927|24.761305|25.937694|-79.826918|42.926002|66.360732|19.707796|35.994280|-0.010524|175599.446168|-84.971704
1439|32.930973|3.777470|1677.867949|14.155150|45.932389|-1.988766|15.998093|0.394135|27.121154|29.038360|19.027506|-78.457830|35.042883|58.960077|19.707796|35.852734|-0.011885|203872.984621|-85.030668
1440|38.752342|4.824496|1720.688657|21.534644|45.988691|-1.878116|24.808638|0.407270|28.652789|28.838414|26.380658|-77.804451|40.574863|65.980442|19.707796|34.536686|-0.010763|206201.068126|-85.070075
1441|30.314916|5.685361|1761.911279|12.781778|45.604245|-1.931756|24.576781|0.415681|22.165945|14.990999|19.413184|-77.522537|31.447673|58.436082|19.707796|34.491818|-0.012103|229382.347234|-85.109482
1442|28.134778|6.697339|1781.805112|nan|45.413982|-1.996164|24.344925|0.425532|20.259224|31.879253|18.615365|-77.433100|28.740606|56.851364|19.707796|34.431142|-0.012363|231711.648360|-85.126692
1443|18.423091|7.811327|1801.412657|2.666454|45.714303|-2.240484|16.345878|0.427445|11.858550|30.656539|10.172623|-77.477415|15.938205|46.286029|19.707796|34.051144|-0.013924|233575.532306|-85.112303
1444|20.194896|9.097376|1803.893779|5.674672|45.182680|-2.274624|19.244084|0.418373|9.412007|21.423761|13.235734|-77.514163|16.932698|47.483303|19.707796|34.041618|-0.010357|269271.409218|-85.097914
1445|25.105907|10.119325|1789.834030|11.631242|44.733993|-2.085816|30.605048|0.426847|12.336907|29.814676|19.411567|-77.435809|19.377252|51.771752|19.707796|34.013873|-0.007998|270672.576726|-85.055866
1446|18.438721|10.742860|1781.235450|4.133288|44.610549|-1.889757|24.576781|0.407774|5.668640|32.760652|13.925854|-77.731349|10.148985|44.038810|32.325974|33.818382|-0.009039|282732.720894|-85.013818
1447|11.903867|11.311341|1762.182419|-1.762604|44.820807|-1.631970|29.909479|0.357368|-1.043354|28.214980|8.465472|-78.194215|1.116646|36.707510|32.325974|33.494183|-0.010059|304063.929676|-85.243536
1448|8.410689|11.891143|1748.782196|-3.190925|44.648057|-1.258554|46.023501|0.311593|-8.581904|21.485615|5.881099|-78.739450|-4.901559|32.477555|32.325974|33.380983|-0.009410|304074.887027|-86.020640
1449|10.294173|12.359764|1725.791570|nan|44.696245|-0.624091|47.182783|0.272083|-10.787758|17.712964|8.588364|-79.224941|-7.507067|33.437440|32.325974|33.280081|-0.003481|304085.267676|-86.653211
1450|11.856954|12.409862|1703.412274|nan|45.416422|0.127951|58.659676|0.240537|-7.341396|22.356848|10.837325|-79.812392|-5.420359|33.881710|32.325974|33.189980|-0.002122|304094.494920|-87.250147
1451|4.871896|12.130003|1657.731056|-6.700351|46.361513|0.699152|44.168649|0.216720|-14.152684|7.744215|4.420297|-80.582348|-13.832339|25.591772|32.325974|32.955533|-0.001817|304100.838702|-88.081482
1452|6.606192|11.841305|1610.229962|-2.916675|46.581306|1.297833|40.806731|0.199054|-12.430394|10.396852|6.625920|-81.583203|-11.629703|25.907097|32.325974|32.918811|-0.001437|304104.875621|-88.828902
1453|2.682388|11.447742|1564.859052|nan|46.915145|1.810079|33.735110|0.188791|-16.307894|-2.152042|2.974052|-83.195983|-16.867549|20.408607|32.325974|32.729266|-0.002303|304106.029027|-89.808180
1454|7.827583|11.167292|1481.690839|-0.829885|47.024622|2.465502|27.127202|0.189523|-12.742995|-4.658502|8.305808|-84.593905|-11.702995|24.285849|32.325974|32.730293|-0.001342|304104.298918|-90.839318
1455|10.108163|10.880295|1365.302780|1.839980|46.198773|3.355795|21.330791|0.188549|-16.076991|6.561437|10.774458|-86.168181|-13.356646|24.943718|32.325974|34.458310|-0.000882|304100.838702|-91.593948
1456|9.636856|10.467964|1278.461826|0.137922|45.968757|4.213776|16.229950|0.190926|-14.832574|1.710759|10.423292|-87.488682|-14.032574|22.888867|32.325974|34.414958|-0.000902|304097.378486|-92.334709
1457|6.648974|10.030951|1207.518257|-2.492154|45.812160|5.204330|13.911386|0.188845|-21.818578|-1.488923|7.537293|-88.715836|-21.178923|18.627346|32.325974|34.375053|-0.001362|304093.918217|-93.179637
1458|3.826690|9.535409|1142.837036|nan|45.677254|6.466261|8.578688|0.189519|-30.768999|4.647974|4.751809|-89.896881|-30.209344|14.754740|32.325974|34.338311|-0.001803|304089.304595|-93.855824
1459|8.932464|9.154244|1057.136245|1.804031|45.260620|7.889511|25.156422|0.181546|-25.517682|5.232847|9.844185|-90.607673|-24.876646|19.165253|32.325974|39.469778|-0.000882|304085.267676|-94.333515
