859|nan|nan|nan|nan|nan|nan|nan|nan|nan|nan|nan|nan|nan|nan|nan|nan|nan|nan|nan
900|nan|nan|nan|nan|nan|nan|nan|nan|nan|nan|nan|nan|nan|nan|nan|nan|nan|nan|nan
901|nan|nan|nan|nan|nan|nan|nan|nan|nan|nan|nan|nan|nan|nan|nan|nan|nan|nan|nan
902|nan|nan|nan|nan|nan|nan|nan|nan|nan|nan|nan|nan|nan|nan|nan|nan|nan|nan|nan
903|nan|nan|nan|nan|nan|nan|nan|nan|nan|nan|nan|nan|nan|nan|nan|nan|nan|nan|nan
904|nan|nan|nan|nan|nan|nan|nan|nan|nan|nan|nan|nan|nan|nan|nan|nan|nan|nan|nan
905|nan|nan|nan|nan|nan|nan|nan|nan|nan|nan|nan|nan|nan|nan|nan|nan|nan|nan|nan
906|nan|nan|nan|nan|nan|nan|nan|nan|nan|nan|nan|nan|nan|nan|nan|nan|nan|nan|nan
907|nan|nan|nan|nan|nan|nan|nan|nan|nan|nan|nan|nan|nan|nan|nan|nan|nan|nan|nan
908|nan|nan|nan|nan|nan|nan|nan|nan|nan|nan|nan|nan|nan|nan|nan|nan|nan|nan|nan
909|nan|nan|nan|nan|nan|nan|nan|nan|nan|nan|nan|nan|nan|nan|nan|nan|nan|nan|nan
910|nan|nan|nan|nan|nan|nan|nan|nan|nan|nan|nan|nan|nan|nan|nan|nan|nan|nan|nan
911|nan|nan|nan|nan|nan|nan|nan|nan|nan|nan|nan|nan|nan|nan|nan|nan|nan|nan|nan
912|nan|nan|nan|nan|nan|nan|nan|nan|nan|nan|nan|nan|nan|nan|nan|nan|nan|nan|nan
913|nan|nan|nan|nan|nan|nan|nan|nan|nan|nan|nan|nan|nan|nan|nan|nan|nan|nan|nan
914|nan|nan|nan|nan|nan|nan|nan|nan|nan|nan|nan|nan|nan|nan|nan|nan|nan|nan|nan
915|nan|nan|nan|nan|nan|nan|nan|nan|nan|nan|nan|nan|nan|nan|nan|nan|nan|nan|nan
916|nan|nan|nan|nan|nan|nan|nan|nan|nan|nan|nan|nan|nan|nan|nan|nan|nan|nan|nan
917|nan|nan|nan|nan|nan|nan|nan|nan|nan|nan|nan|nan|nan|nan|nan|nan|nan|nan|nan
918|nan|nan|nan|nan|nan|nan|nan|nan|nan|nan|nan|nan|nan|nan|nan|nan|nan|nan|nan
919|nan|nan|nan|nan|nan|nan|nan|nan|nan|nan|nan|nan|nan|nan|nan|nan|nan|nan|nan
920|nan|nan|nan|nan|nan|nan|nan|nan|nan|nan|nan|nan|nan|nan|nan|nan|nan|nan|nan
921|nan|nan|nan|nan|nan|nan|nan|nan|nan|nan|nan|nan|nan|nan|nan|nan|nan|nan|nan
922|nan|nan|nan|nan|nan|nan|nan|nan|nan|nan|nan|nan|nan|nan|nan|nan|nan|nan|nan
923|nan|nan|nan|nan|nan|nan|nan|nan|nan|nan|nan|nan|nan|nan|nan|nan|nan|nan|nan
924|nan|nan|nan|nan|nan|nan|nan|nan|nan|nan|nan|nan|nan|-9.689735|nan|41.600685|nan|nan|nan
925|nan|nan|nan|nan|nan|nan|nan|nan|nan|nan|nan|nan|nan|-7.668835|nan|41.456701|nan|nan|nan
926|nan|nan|nan|nan|nan|nan|nan|nan|nan|nan|nan|nan|nan|-4.917257|nan|41.338365|nan|nan|nan
927|nan|nan|nan|nan|nan|nan|nan|nan|nan|nan|nan|nan|nan|-7.255513|nan|41.241461|nan|nan|nan
928|nan|nan|nan|nan|nan|nan|nan|nan|nan|nan|nan|nan|nan|-8.661381|40.960178|41.162444|nan|nan|nan
929|nan|nan|nan|nan|nan|nan|nan|nan|nan|nan|nan|nan|nan|1.977888|37.118063|37.563910|nan|nan|nan
930|nan|nan|nan|nan|nan|nan|nan|nan|nan|nan|nan|nan|nan|8.484302|31.132108|31.916778|nan|nan|nan
931|nan|nan|nan|nan|nan|nan|nan|nan|nan|nan|nan|nan|nan|8.770127|31.132108|32.018288|nan|nan|nan
932|nan|nan|nan|nan|nan|nan|nan|nan|nan|nan|nan|nan|nan|16.798357|25.619244|26.881915|nan|nan|nan
933|nan|nan|nan|nan|39.606692|nan|nan|nan|nan|nan|nan|nan|nan|29.428133|24.521898|26.525229|nan|nan|nan
934|nan|nan|nan|nan|39.753001|nan|nan|nan|nan|nan|nan|nan|nan|29.097548|24.521898|26.772332|nan|nan|nan
935|nan|nan|nan|nan|38.374022|nan|nan|nan|nan|8.755776|nan|nan|nan|32.939727|24.521898|27.246395|nan|nan|nan
936|nan|nan|nan|nan|37.563676|nan|nan|nan|nan|3.650076|nan|nan|nan|39.186602|24.521898|27.738273|nan|nan|nan
937|nan|nan|nan|nan|37.310468|nan|nan|nan|nan|1.455282|nan|nan|nan|47.167055|24.521898|28.392091|nan|nan|nan
938|nan|nan|nan|nan|38.470319|nan|nan|nan|nan|15.156107|nan|nan|nan|43.477830|24.521898|28.395425|nan|nan|nan
939|nan|nan|nan|nan|39.809206|nan|nan|nan|nan|15.520836|nan|nan|nan|32.021633|24.521898|28.044497|nan|nan|nan
940|nan|nan|nan|nan|41.217640|nan|nan|nan|nan|6.592302|nan|nan|nan|19.401228|24.521898|27.421019|nan|nan|nan
941|nan|nan|nan|nan|41.490906|nan|nan|nan|nan|9.215270|nan|nan|nan|28.261984|24.521898|27.361272|nan|nan|nan
942|nan|nan|nan|nan|42.771220|nan|nan|nan|nan|15.505550|nan|nan|nan|23.027176|24.521898|26.819464|nan|nan|nan
943|nan|7.576565|nan|nan|43.725586|nan|nan|nan|nan|34.172498|nan|nan|nan|19.763973|24.521898|26.369088|0.001240|nan|nan
944|nan|6.500997|nan|nan|44.578092|nan|nan|nan|nan|13.249628|nan|nan|nan|20.609946|24.521898|25.995454|0.001114|nan|nan
945|nan|5.450684|nan|nan|45.547483|nan|nan|nan|nan|24.162766|nan|nan|nan|16.941097|24.521898|25.532337|-0.000470|nan|nan
946|nan|3.532008|nan|nan|46.485059|nan|nan|nan|nan|12.499081|nan|nan|nan|1.705986|24.521898|24.850962|-0.006354|nan|nan
947|nan|2.198153|nan|nan|47.135887|nan|nan|nan|nan|3.385150|nan|nan|nan|5.940203|24.521898|24.468716|-0.005702|nan|nan
948|nan|0.884927|nan|-19.460311|47.898833|nan|nan|nan|nan|-3.145573|nan|nan|nan|2.866441|24.521898|24.411183|-0.006722|nan|nan
949|nan|-0.053182|nan|nan|48.665118|nan|nan|nan|nan|-9.931286|nan|nan|nan|5.262106|24.521898|24.064293|-0.006390|nan|nan
950|nan|-0.650273|nan|-11.128508|48.937804|nan|nan|nan|nan|-10.896929|nan|nan|nan|11.555552|24.521898|28.842035|-0.005362|nan|nan
951|nan|-1.294617|nan|-15.760142|49.642802|nan|nan|nan|nan|-3.582824|nan|nan|nan|7.670387|24.521898|35.046027|-0.006100|nan|nan
952|nan|-1.848401|nan|-13.413778|49.764863|nan|nan|nan|nan|-13.169647|nan|nan|nan|9.707342|24.521898|44.525398|-0.005781|nan|nan
953|nan|-2.211692|nan|nan|49.983505|nan|-17.346680|nan|nan|-12.497748|nan|nan|nan|13.302835|24.521898|44.627249|-0.005144|nan|nan
954|nan|-2.659769|nan|-14.727722|50.333905|nan|-18.608257|nan|nan|-6.547358|nan|nan|nan|9.109915|24.521898|44.563000|-0.005853|nan|nan
955|nan|-3.108448|nan|nan|50.613238|nan|-18.844803|nan|nan|-11.792235|nan|nan|nan|6.599870|24.521898|44.523622|-0.006143|nan|nan
956|nan|-3.395007|nan|nan|50.944316|nan|-14.744678|nan|nan|-7.256571|nan|nan|nan|8.036736|24.521898|51.975147|-0.005723|nan|nan
957|nan|-3.651995|nan|-15.291907|51.469824|nan|-18.214015|nan|nan|-0.253652|nan|nan|nan|5.784821|24.521898|51.817582|-0.005955|nan|nan
958|nan|-3.802117|nan|nan|52.000775|nan|-19.239046|nan|nan|3.343485|nan|nan|nan|5.409995|24.521898|51.707880|-0.005738|nan|nan
959|nan|-3.968560|nan|nan|52.782430|0.094996|-10.408009|-0.060973|nan|12.518192|nan|nan|nan|3.142803|24.521898|51.636860|-0.005869|nan|nan
1000|nan|-3.924578|nan|-6.778020|53.115682|-0.037924|1.813517|-0.014605|nan|9.566763|nan|nan|nan|9.208672|24.521898|51.904586|-0.004566|nan|nan
1001|nan|-3.815689|nan|nan|53.490755|-0.081028|4.336670|-0.005030|nan|13.535969|nan|-97.935724|nan|11.099707|24.521898|52.126034|-0.003959|nan|nan
1002|nan|-3.891421|nan|-11.861066|54.283385|-0.483125|2.917396|-0.014775|nan|22.840323|nan|-97.939911|nan|1.281138|24.521898|51.847177|-0.005393|nan|nan
1003|nan|-3.791055|nan|-7.486148|54.769226|-0.642318|16.715892|-0.011499|nan|26.508388|nan|-97.786159|nan|3.319975|24.916141|51.950079|-0.004699|nan|nan
1004|nan|-3.685480|nan|-7.030935|55.818238|-0.813345|16.321649|-0.013643|nan|21.154088|nan|-97.899698|nan|3.089505|24.916141|51.888404|-0.004453|nan|nan
1005|nan|-3.302405|nan|3.978733|56.112187|-0.563870|28.700871|-0.013643|nan|8.770627|nan|-97.969252|nan|12.546700|29.647054|40.652009|-0.002570|nan|nan
1006|nan|-2.839763|nan|nan|56.284025|-0.196809|39.818517|-0.030787|nan|5.124971|nan|-97.855430|nan|18.270786|36.112635|40.992148|-0.001397|nan|nan
1007|nan|-2.580995|nan|2.538761|57.434926|-0.133546|38.951183|-0.026602|nan|14.450102|nan|-98.100666|nan|9.233557|41.284730|40.953589|-0.002744|nan|nan
1008|nan|-2.378315|nan|nan|58.191725|-0.144175|30.435539|-0.023705|nan|-4.704076|nan|-98.680772|nan|5.138756|41.284730|40.927391|-0.003367|nan|nan
1009|nan|-2.173785|nan|nan|58.438259|-0.140352|18.450560|-0.021334|nan|-14.486480|nan|-99.192475|nan|4.653049|41.284730|40.911157|-0.003266|nan|nan
1010|nan|-1.889360|nan|nan|58.838247|0.006787|8.752189|-0.021334|nan|-2.116565|nan|-99.618619|nan|7.794375|37.512306|37.284321|-0.002498|nan|nan
1011|nan|-1.601141|nan|7.938197|58.718480|0.264425|19.712137|-0.010185|nan|-13.304942|nan|-100.080952|nan|10.680550|24.236128|24.278401|-0.001875|nan|nan
1012|nan|-1.330195|nan|nan|58.557840|0.526128|15.296618|0.005838|nan|-32.205144|nan|-100.673858|nan|11.746031|24.236128|24.488989|-0.001600|nan|nan
1013|nan|-1.100732|nan|nan|57.788826|0.750776|10.486857|0.014073|nan|-29.660932|nan|-101.164909|nan|10.584079|24.236128|24.650480|-0.001716|nan|nan
1014|nan|-0.911427|nan|nan|56.858274|0.942983|9.698372|0.020603|nan|-31.105935|nan|-101.315088|nan|10.153290|24.236128|24.771711|-0.001817|nan|nan
1030|nan|-0.714348|nan|8.663555|55.865485|1.145772|7.096370|0.044592|nan|-12.514985|nan|-100.948961|nan|11.651413|24.236128|24.860063|-0.001527|nan|nan
1031|nan|-0.552230|nan|nan|55.363337|1.320165|-9.304129|0.049255|nan|1.781315|nan|-100.820675|nan|10.828785|24.236128|24.921687|-0.001628|nan|nan
1032|nan|-0.375576|nan|nan|54.723290|1.504578|-4.336670|0.070785|nan|-25.060026|nan|-100.536752|nan|12.879223|24.236128|24.961706|-0.001368|nan|nan
1033|11.911844|-0.260571|nan|nan|54.133560|1.633299|-10.802251|0.084816|nan|-8.107109|nan|-100.309823|nan|10.599907|24.236128|24.984377|-0.001788|nan|nan
1034|9.362135|-0.210258|nan|6.452989|53.484987|1.708831|-11.354191|0.086349|nan|-10.897566|nan|-100.189510|nan|8.742235|24.236128|24.993230|-0.002222|nan|nan
1035|3.039395|-0.279864|nan|-0.844182|53.505853|1.560647|-11.906130|0.086349|nan|-6.235129|nan|-100.128253|nan|3.248561|24.236128|24.683492|-0.003352|nan|nan
1036|0.922880|-0.648032|nan|nan|53.440204|1.395907|-17.977469|0.086349|nan|0.180550|nan|-99.659210|nan|2.021677|24.236128|24.436273|-0.003728|nan|nan
1037|6.492947|-0.987185|nan|3.360529|52.711369|1.450058|-10.723402|0.083874|nan|4.254579|nan|-99.164909|nan|8.697587|24.236128|24.548502|-0.002714|nan|nan
1038|2.352524|-1.494632|nan|-1.567149|52.705230|1.456798|-11.433039|0.081124|nan|2.297034|nan|-98.717992|nan|5.175127|24.236128|24.324771|-0.003482|nan|nan
1039|-1.743575|-1.822987|nan|nan|52.538044|1.367197|-19.396743|0.082740|nan|3.515387|nan|-98.480900|nan|1.898181|24.236128|24.148974|-0.004234|nan|nan
1040|0.212046|-1.882536|nan|nan|52.763661|1.302025|-19.002500|0.075954|nan|6.419934|nan|-98.327680|nan|4.566416|24.236128|24.012696|-0.003872|nan|nan
1041|-3.542096|-2.046202|nan|-7.788176|53.002874|1.102875|-20.421774|0.065334|nan|9.902717|nan|-98.186015|nan|0.925090|24.236128|27.403779|-0.004553|nan|nan
1042|-3.748776|-2.190017|nan|-6.366029|53.197633|1.014464|-21.841048|0.065312|nan|15.692827|nan|-98.192962|nan|1.407150|24.236128|27.362082|-0.004582|nan|nan
1043|-5.785916|-2.317274|nan|-9.941317|53.724243|0.884092|-22.629534|0.046408|nan|-5.568904|nan|-98.348921|nan|0.181076|24.236128|27.181854|-0.004944|nan|-97.118929
1044|-9.694643|-2.477100|nan|-13.678592|54.495249|0.495523|-27.123901|0.012445|nan|7.728969|nan|-98.467480|nan|-3.865748|24.236128|27.920589|-0.005639|nan|-97.604139
1045|-15.011697|-2.666733|nan|-18.701145|54.814367|-0.091265|-25.152687|-0.002387|nan|-2.745207|nan|-98.579670|nan|-8.939110|24.236128|27.554835|-0.006739|nan|-97.940786
1046|-23.686049|-2.744884|nan|-27.276607|54.873869|-0.825214|-30.277842|-0.023518|nan|15.915222|-25.529745|-98.958303|nan|-18.079580|24.236128|34.551039|-0.009886|nan|-98.332377
1047|-32.375077|-2.984934|nan|-35.061310|54.822981|-1.926831|-46.441795|-0.056217|nan|29.417363|-33.071822|-99.541809|nan|-27.043209|24.236128|33.779776|-0.013024|nan|-98.829736
1048|-48.533259|-3.400674|nan|-50.729255|54.310943|-3.550963|-58.347925|-0.099925|nan|13.586652|-49.162086|-100.576669|nan|-43.169498|24.236128|32.746007|-0.018885|nan|-99.516236
1049|-43.206041|-3.652506|nan|-44.371207|53.356477|-4.791657|-51.172708|-0.131339|nan|1.231227|-43.603572|-101.402079|nan|-37.659744|24.236128|29.977237|-0.017815|nan|-100.102199
1050|-45.515589|-4.076714|nan|-46.786060|53.045624|-6.156461|-42.657065|-0.154393|nan|5.995110|-46.250861|-102.475225|nan|-40.296257|24.236128|29.478497|-0.018136|nan|-100.682615
1051|-38.083409|-4.270790|62.767630|-38.059118|52.446444|-7.293334|-28.227780|-0.166724|-7.195939|-6.055012|-39.177117|-103.378073|-23.039243|-32.733286|24.236128|29.448544|-0.016661|nan|-101.031180
1052|-28.947568|-4.282054|43.072075|-27.962363|51.390689|-8.287976|-25.783475|-0.178049|4.180914|9.326970|-29.925628|-103.821718|-13.262023|-23.800211|24.236128|29.631253|-0.014866|nan|-101.306576
1053|-22.001433|-4.248471|16.597181|-20.426549|50.699041|-9.001164|-21.604502|-0.184805|3.430008|21.019855|-22.736702|-104.153262|-8.412562|-17.083426|24.236128|29.977901|-0.013476|nan|-101.482458
1054|-28.518896|-4.331550|-21.038213|-27.307519|50.062994|-9.712783|-26.966203|-0.195420|-2.482899|3.557169|-29.004896|-104.700998|-18.166203|-24.269035|24.236128|29.986957|-0.014566|nan|-101.718061
1055|-36.514138|-4.450086|-69.315853|-34.689778|50.575757|-10.405887|-30.198994|-0.202600|-9.893929|0.761460|-37.012341|-105.814212|-29.737967|-33.144046|24.236128|29.732224|-0.015932|nan|-101.993352
1056|-32.748146|-4.473802|-137.922323|-29.721264|50.619935|-11.006501|-22.471836|-0.215738|-3.717993|-30.185237|-33.408882|-106.978111|-25.401297|-29.813666|27.884855|29.889853|-0.015136|nan|-102.203884
1057|-25.160025|-4.405128|-196.783280|nan|50.373392|-11.363967|-12.852313|-0.229188|-1.836592|-33.390590|-26.003844|-107.665628|-17.519896|-22.996985|27.884855|30.060007|-0.013645|nan|-102.286474
1058|-15.946445|-4.180515|-256.194720|-11.905002|50.347108|-11.375253|-3.784730|-0.235424|3.141045|-36.896525|-16.934396|-107.895056|-8.141525|-14.091666|27.884855|30.545621|-0.011862|nan|-102.269562
1059|-18.452990|-4.052779|-303.251105|-14.587416|50.632726|-11.544570|-6.386732|-0.243163|4.371717|-16.315379|-19.612251|-108.169772|-10.431587|-17.127090|28.909886|30.656500|-0.012241|nan|-102.265563
1100|-15.321710|-3.866865|-336.306309|nan|51.139561|-11.527446|-1.261577|-0.259846|2.718801|-23.437438|-16.687166|-108.475451|-9.523403|-14.421008|28.909886|30.934911|-0.011590|nan|-102.236978
1101|-14.192512|-3.779453|-358.721529|nan|52.076021|-11.231047|-0.315394|-0.266766|-1.223076|-21.444511|-15.831491|-108.830422|-12.665280|-13.538396|33.864302|31.187036|-0.011315|nan|-102.195996
1102|-14.690421|-3.656548|-387.951329|-10.010877|53.118002|-11.061223|0.946183|-0.284081|1.580327|-19.708289|-16.661624|-109.214437|-12.822977|-14.561603|33.864302|31.261800|-0.011346|nan|-102.124895
1103|-22.811084|-3.679222|-425.528677|-17.803405|54.203301|-11.005883|-9.146431|-0.302097|-7.666044|-12.687131|-25.171238|-109.772514|-21.748983|-23.475545|33.864302|31.197148|-0.012784|nan|-102.105289
1104|-21.210550|-3.715091|-456.482902|nan|55.317856|-10.938991|-9.619523|-0.311924|-6.813679|-19.601689|-23.987744|-110.203390|-20.176618|-22.183540|33.864302|37.486098|-0.012438|nan|-102.060748
1105|-17.624115|-3.788625|-476.770995|-10.814038|56.230075|-10.838510|-11.906130|-0.304497|-2.150467|-24.758577|-20.702839|-110.584766|-16.313039|-19.011229|33.864302|37.656944|-0.011728|nan|-101.929452
1106|-19.937653|-4.085410|-484.961953|-13.790855|57.626348|-10.819095|-16.006256|-0.299730|-5.000162|-14.198172|-23.332076|-111.022124|-19.163102|-22.107106|33.864302|40.146822|-0.012107|nan|-101.844600
1107|-8.828754|-4.030246|-495.358796|-1.821076|58.023570|-10.459504|0.867334|-0.301273|3.473293|-15.222792|-12.565729|-111.184940|-7.808911|-10.759773|33.864302|40.953588|-0.010016|nan|-101.689279
1108|-1.956007|-3.883529|-501.277959|5.579379|58.386482|-10.004406|3.784731|-0.301895|7.768929|-0.978694|-5.934460|-111.081354|-0.712541|-3.691789|33.864302|46.728324|-0.008710|nan|-101.561248
1109|2.654445|-3.687721|-505.406822|nan|58.947164|-9.434234|4.494367|-0.305132|9.618323|-4.179121|-1.528335|-110.803844|4.097220|1.489211|33.864302|47.122805|-0.007824|nan|-101.473345
1110|3.107187|-3.538890|-509.710852|nan|58.734337|-8.854466|7.096369|-0.301646|9.608744|-2.944849|-1.214704|-110.368831|4.728008|2.387899|33.864302|47.447575|-0.007708|nan|-101.447376
1111|1.287063|-3.444610|-522.842437|8.146560|58.331578|-8.419726|1.734668|-0.291665|9.232925|-0.198036|-3.135553|-109.968561|3.072189|1.028550|33.864302|48.347011|-0.008013|nan|-101.464852
1112|-2.723775|-3.437920|-533.598249|nan|58.631333|-8.039834|-2.286608|-0.298312|2.648242|-9.041420|-7.332198|-109.847194|-1.191390|-2.276161|33.864302|46.875279|-0.008725|nan|-101.507540
1113|-9.168585|-3.547866|-540.061413|-2.090448|58.126324|-7.849611|-10.565706|-0.283329|-2.220380|-29.888718|-13.940878|-109.824635|-7.579274|-7.701926|33.864302|46.809412|-0.009886|nan|-101.600544
1114|-9.532757|-3.617659|-548.621406|nan|57.735522|-7.649776|-14.586982|-0.260547|-3.015820|-36.037651|-14.429099|-109.699080|-7.895820|-7.056353|33.864302|46.769046|-0.009930|nan|-101.693547
1115|-13.844251|-3.806029|-544.731849|-6.419756|57.655069|-7.690774|-23.891111|-0.234054|-2.075162|-23.186517|-18.837537|-109.734001|-12.074793|-11.038305|33.864302|46.595231|-0.010699|nan|-101.786551
1116|-15.872691|-3.987234|-531.709351|nan|57.148993|-7.806141|-34.220270|-0.234574|-4.686790|-36.738519|-20.894591|-109.716320|-13.967158|-11.894007|33.864302|46.473085|-0.011047|nan|-101.911664
1117|-15.604248|-4.196551|-516.059668|nan|57.141513|-7.773882|-42.183973|-0.212747|-10.932179|-16.253428|-20.570886|-109.633986|-15.812915|-11.050921|33.864302|46.392743|-0.010975|nan|-101.937463
1118|-13.205967|-4.307747|-500.972587|-5.445783|56.782950|-7.753077|-55.351680|-0.177554|-5.128657|-8.488608|-17.962312|-109.383553|-13.289761|-7.760866|33.864302|46.346002|-0.010510|nan|-102.151846
1119|-11.192532|-4.341094|-489.756387|-2.126669|55.626525|-7.656431|-47.387978|-0.153854|-7.640851|-3.140501|-15.718383|-108.998533|-11.160851|-4.493383|40.172186|46.053302|-0.010118|nan|-102.443671
1120|-7.763297|-4.289909|-480.608106|nan|55.063244|-7.675531|-45.574461|-0.127537|1.266597|-5.049107|-11.965890|-108.434400|-7.612666|0.580325|40.172186|46.172870|-0.009464|nan|-102.814083
1121|-0.622895|-4.054433|-475.961108|8.414677|53.933857|-7.575280|-30.277843|-0.107871|4.040663|-16.768526|-4.413270|-107.464637|-0.358600|9.668017|24.788067|24.056436|-0.008127|nan|-103.176114
1122|-1.118255|-3.938764|-481.841181|nan|52.689495|-7.385392|-20.894865|-0.094190|-0.513579|-6.978398|-4.474608|-106.311389|-0.752842|10.107399|24.393825|23.994719|-0.008200|nan|-103.605929
1123|-6.971725|-3.933510|-497.699130|1.676759|52.671103|-7.367372|-19.081348|-0.086379|-2.268050|2.246214|-9.820605|-104.909347|-6.508786|4.831839|24.393825|23.951474|-0.009260|nan|-103.992938
1124|0.514618|-3.632541|-514.894737|9.731888|51.891101|-7.067978|-17.425529|-0.071293|-0.780431|14.128600|-1.772916|-103.507816|1.060674|13.438454|9.540674|9.531319|-0.007865|nan|-104.169592
1125|0.200366|-3.481589|-538.558774|8.717650|51.228083|-6.928646|-25.073838|-0.051794|3.383761|-4.835056|-1.324060|-102.089895|0.824129|14.012472|9.540674|9.715782|-0.007908|nan|-104.236247
1126|-11.477290|-3.488771|-570.352193|-2.482944|51.886924|-7.219833|-32.327905|-0.044449|0.594128|7.975429|-12.325477|-101.245618|-10.766608|2.672373|9.540674|9.396249|-0.010043|nan|-104.388318
1127|-18.987016|-3.492591|-598.089425|-10.005090|52.776581|-7.696085|-31.618267|-0.050200|-4.417634|-2.590038|-19.308685|-100.884643|-16.338371|-4.155418|9.540674|8.994535|-0.011408|nan|-104.622270
1128|-19.011852|-3.466090|-624.578496|-8.858257|53.202256|-8.078546|-21.841048|-0.049773|-5.859523|-14.219523|-18.940771|-100.759076|-16.259523|-3.025932|9.540674|8.841081|-0.011393|nan|-104.880516
1129|-19.044586|-3.432658|-648.557173|-10.299086|54.346930|-8.491158|-23.812261|-0.069707|-3.380306|-13.540674|-18.558813|-100.474609|-14.420674|-2.196445|9.540674|8.575655|-0.011379|nan|-105.145074
1330|7.507933|-2.762776|-679.864778|17.650340|53.555351|-8.135748|6.386732|-0.057199|11.988662|0.031103|8.632961|-99.219718|12.230135|26.422066|9.540674|9.302838|-0.006470|nan|-105.350290
1331|15.782551|-2.003521|-711.720762|nan|53.220503|-7.622838|16.242801|-0.044302|18.585501|25.787533|17.651877|-97.840113|20.588081|36.078461|9.540674|10.027476|-0.004931|nan|-105.543498
1332|7.032659|-1.406065|-721.890446|16.418118|53.131347|-7.439032|7.411764|-0.031447|14.314005|8.224043|9.670513|-96.934885|12.074741|28.384001|9.540674|10.280012|-0.006528|nan|-105.689691
1333|2.400314|-0.623725|-717.550286|nan|52.787491|-7.259163|-4.730912|-0.013106|8.137335|-0.945091|6.036601|-96.453042|7.818071|24.742355|9.540674|10.622356|-0.006746|nan|-105.791407
1334|13.240920|0.357138|-733.866937|23.822877|51.705871|-6.777746|8.279098|0.010994|15.654244|11.148543|17.972260|-95.601263|21.255716|36.612635|9.540674|11.184640|-0.004699|nan|-105.867930
1335|23.637994|1.427990|-751.758601|34.455441|51.055674|-5.957503|22.787231|0.038357|18.618062|19.194513|29.492746|-94.549239|33.900270|48.309679|9.540674|11.912058|-0.001331|nan|-105.933177
1336|33.509873|2.535356|-764.866672|44.636387|50.638899|-4.891782|30.829782|0.069752|24.709570|4.750139|40.604100|-93.240467|43.992884|59.825155|9.540674|12.759847|0.001137|nan|-105.994901
1337|27.617191|3.292658|-777.681602|38.292458|50.310271|-4.201221|36.506878|0.089685|27.433212|-3.405877|35.900286|-92.101735|38.315789|55.420921|9.540674|13.076236|0.000092|nan|-106.051537
1338|21.659844|3.884950|-757.026539|nan|50.050617|-3.638801|37.847304|0.102480|19.757267|0.646512|31.061108|-90.894975|32.559845|50.937839|9.540674|13.127670|-0.000967|nan|-106.093274
1339|15.876200|4.434005|-710.024762|26.583366|49.631061|-3.130476|37.058818|0.112600|13.759020|-9.060068|26.346310|-89.889207|26.961598|46.779121|9.540674|27.160435|-0.001997|nan|-106.130352
1340|10.103864|4.936867|-676.271701|20.983371|49.462240|-2.826447|32.091359|0.117625|9.840772|10.037382|21.497283|-89.152223|21.283351|42.453736|9.540674|26.962388|-0.002246|nan|-106.167430
1341|11.999592|5.510548|-642.946923|24.428061|48.647030|-2.379810|32.485602|0.120911|7.650465|7.673557|24.340856|-88.342067|21.093413|46.026660|9.540674|26.921467|-0.000381|nan|-106.221031
1342|11.856781|5.866972|-599.576298|23.037550|48.410301|-1.946252|28.622023|0.133646|9.330465|9.015223|25.123815|-87.866874|21.093413|47.382855|9.540674|26.849911|0.000608|nan|-106.303859
1343|6.050476|5.992440|-550.860341|17.362988|48.356214|-1.640846|16.637044|0.137355|3.893739|1.515561|20.133366|-87.781185|15.096318|42.895288|9.540674|26.601427|-0.000437|nan|-106.405512
1344|4.293625|6.093676|-486.544768|17.093806|47.882673|-1.243083|14.744678|0.137975|-1.442080|1.514532|19.140120|-87.852003|11.200498|42.762330|9.540674|26.525384|-0.000741|nan|-106.491695
1345|0.833951|6.072068|-429.917881|12.315583|47.538193|-0.877801|7.175217|0.126509|-4.752200|11.095536|16.397692|-87.974601|5.730010|40.627603|9.540674|26.277235|-0.001365|nan|-106.528773
1346|-0.307129|6.045227|-383.115824|nan|47.406554|-0.383716|4.178973|0.150746|-7.775341|16.662736|15.932426|-88.035674|2.546131|40.744299|9.540674|26.051445|-0.001568|nan|-106.540613
1347|-5.181778|5.896054|-338.114892|6.321287|47.483950|0.121269|-0.315394|0.161721|-16.503583|17.434413|11.671150|-88.103247|-8.502479|36.596027|9.540674|25.691943|-0.002467|nan|-106.555621
1348|-4.380144|5.949194|-297.490404|8.423609|47.303366|0.973300|2.917397|0.167663|-23.315052|13.167509|13.025916|-87.974552|-13.792842|38.155405|9.540674|25.539951|-0.001975|nan|-106.600165
1349|6.174591|6.156371|-257.060998|18.366914|46.682969|2.072391|15.454315|0.171870|-12.187042|13.591576|24.113470|-87.542043|-3.384834|49.547789|9.540674|28.752311|0.000297|nan|-106.634624
1350|6.859800|6.269634|-215.207316|17.905311|45.943818|3.128416|19.475591|0.180118|-13.393951|19.678077|25.254852|-86.981134|-2.911743|50.255257|9.540674|28.821048|0.000384|nan|-106.669084
1351|14.621694|6.540869|-180.835930|26.329236|44.972519|4.327882|34.220269|0.186221|-7.425553|22.010834|33.407319|-86.177377|4.578869|58.683838|9.540674|28.938804|0.002912|nan|-106.739645
1352|14.154845|6.599686|-147.468751|24.636283|44.186935|5.255197|33.037542|0.190465|-3.734039|13.727876|33.160192|-85.422027|3.790384|58.634604|9.540674|29.132029|0.002767|nan|-106.825743
1353|7.961736|6.470399|-125.516449|nan|43.147355|5.922276|20.737168|0.194898|-7.638099|-0.723460|27.065896|-84.909229|-2.754046|52.906347|9.540674|29.247055|0.001563|nan|-106.869552
1354|3.848723|6.177809|-108.384803|13.587828|42.635089|6.537624|23.812261|0.193437|-13.332468|2.663108|22.918389|-84.584491|-7.248413|49.151231|23.575716|29.145795|0.000737|nan|-106.901474
1355|0.951960|5.868237|-88.032791|nan|42.071754|7.215173|20.264077|0.193739|-20.161891|-9.612483|19.873710|-84.439342|-10.560052|45.799141|23.575716|29.030646|0.000129|nan|-106.884767
1356|15.599428|5.856753|-71.046228|25.307386|42.082460|8.270944|22.866079|0.210748|-9.330254|7.669434|34.494346|-84.109911|3.632687|60.083779|23.575716|28.575214|0.002736|nan|-106.873468
1357|63.424740|6.755044|-44.104477|72.503051|43.502155|10.532830|62.763445|0.252508|16.614090|25.200543|82.682782|-82.469928|50.941816|109.397657|23.575716|30.610327|0.011425|nan|-106.897858
1358|84.484449|7.820152|-27.858408|nan|44.789634|12.813615|83.342915|0.282477|41.995082|36.169242|104.347297|-80.108749|73.122438|132.675952|23.575716|32.135294|0.015186|nan|-106.946235
1359|97.493321|9.125810|-10.384977|105.436247|47.389435|15.519388|95.800986|0.346065|39.172840|50.746844|118.092286|-77.643559|85.501660|148.460552|23.575716|34.166836|0.017453|nan|-106.990786
1400|119.788142|10.740052|14.283218|127.128341|50.491027|18.444687|144.056298|0.390139|59.577349|58.529605|141.019881|-74.596531|107.106163|173.565059|23.575716|35.954618|0.021412|nan|-107.029248
1401|107.431793|12.078154|35.505253|113.567071|52.311502|20.829722|139.325385|0.429628|51.769965|61.066474|129.289637|-71.638504|94.017304|163.620240|23.575716|36.915466|0.019005|nan|-107.060577
1402|99.068743|13.292861|51.195349|105.287421|53.523838|22.978445|121.505613|0.460157|39.662425|57.348935|121.635136|-68.754491|84.870872|157.746881|23.575716|37.680593|0.017322|nan|-107.087253
1403|94.536451|14.326662|58.661986|98.769319|55.186980|24.982689|111.807242|0.484426|35.580721|51.724170|117.808669|-66.039333|79.509171|155.755027|23.575716|37.976102|0.016334|nan|-106.893356
1404|99.359454|15.490250|78.024570|103.483635|55.740669|27.085446|126.867314|0.502705|35.202046|40.805970|123.311812|-63.256293|83.451598|163.067302|25.152687|38.516695|0.017051|nan|-106.438027
1405|92.316273|16.337744|147.813195|95.029040|58.012271|28.767700|129.548165|0.509418|34.838707|41.414800|116.666582|-61.457523|79.567895|158.376672|25.152687|38.473088|0.015587|nan|-106.118492
1406|74.188412|16.817934|240.875712|76.046706|59.899338|29.929730|120.559430|0.506674|19.198831|24.744273|98.613340|-60.379056|60.566546|142.536138|25.152687|37.819851|0.012088|nan|-105.786130
1407|68.069008|17.262605|348.203287|69.343815|60.943797|30.868515|107.785966|0.507399|15.701727|37.196519|92.545699|-59.227675|54.350177|138.745100|25.152687|37.467415|0.010785|nan|-105.347902
1408|75.138552|17.802912|477.531455|75.512933|62.457630|31.862362|108.101360|0.514819|21.051960|51.379549|99.679010|-57.745693|60.421515|148.218544|25.152687|37.354096|0.011892|nan|-104.861665
1409|64.710239|18.033728|593.081159|63.489790|64.350603|32.373961|91.070073|0.519289|16.980393|55.925365|89.186229|-56.879669|49.628475|140.026318|25.152687|36.659653|0.009797|nan|-104.218607
1410|63.913698|18.308907|697.144621|62.563484|65.715722|32.950275|83.658310|0.527315|13.565771|57.189555|88.312216|-56.357914|47.814959|141.026838|25.152687|36.288763|0.009462|nan|-103.660230
1411|59.188985|18.552880|797.992612|55.623263|66.740553|33.384906|79.952428|0.531870|9.970195|46.879625|83.327045|-56.265878|42.059015|137.913897|25.152687|86.134606|0.008406|nan|-103.210476
1412|48.636029|18.746703|905.877023|44.329393|67.207535|33.636188|68.361691|0.533003|3.019454|39.427401|72.540836|-56.312154|30.468278|129.107371|25.152687|77.041485|0.006289|nan|-102.785262
1413|45.983377|18.968479|1011.790327|41.514280|67.378664|34.001663|58.978714|0.536882|-2.286424|36.771081|69.775512|-56.275785|26.762396|128.533287|25.152687|69.578517|0.005610|nan|-102.399463
1414|47.526852|19.143812|1098.936777|41.987314|67.621142|34.442002|57.795986|0.541166|-1.732588|45.990911|71.260189|-56.049533|27.235488|131.929683|25.152687|66.992245|0.009357|nan|-102.012791
1415|41.368210|18.850197|1172.191278|33.545169|67.697022|34.777704|47.151431|0.544900|-6.426658|38.701269|65.083656|-55.858051|19.981421|126.633284|25.152687|63.950629|0.008030|nan|-101.612102
1416|33.812954|18.312549|1256.656172|nan|67.699292|35.016443|37.374212|0.546544|-12.618889|21.927340|57.466006|-55.949184|18.028081|119.960564|25.152687|54.748951|0.006443|nan|-101.270217
1417|35.973394|17.948130|1333.082689|26.689258|67.507743|35.392746|33.510633|0.551178|-12.874961|25.593509|59.624020|-56.008092|20.333112|122.914787|25.152687|48.433224|0.006629|nan|-100.935112
1418|47.232965|17.887295|1405.466058|36.780779|67.185224|36.056124|44.312884|0.558348|-6.223448|31.717659|70.948176|-55.634277|30.425726|134.657842|25.152687|48.027934|0.008469|nan|-100.731581
1419|50.235634|17.634181|1475.532894|38.688841|67.081596|36.736440|56.534409|0.557771|-2.090669|26.097188|73.958927|-55.164550|32.239243|137.942116|25.152687|46.499730|0.008796|nan|-100.579602
1420|45.301029|17.111156|1533.172125|31.654912|66.758858|37.163681|50.857313|0.557442|-3.920489|20.819294|68.989889|-54.789480|26.089056|133.031127|25.152687|43.850680|0.007671|nan|-100.419445
1421|46.688697|16.528936|1588.920736|32.996879|66.467862|37.508130|58.505622|0.557251|0.638322|18.987142|70.264685|-54.383798|26.246753|134.047038|25.152687|43.854591|0.007697|-396654.756938|-100.284263
1422|44.216281|15.910681|1649.133523|28.362933|66.203014|37.718091|54.011256|0.564491|0.936856|19.319341|67.675610|-53.931021|22.540872|129.551836|25.152687|43.608721|0.007021|-396696.036897|-100.015511
1423|37.107660|15.267414|1706.934392|nan|66.171738|37.876640|39.108879|0.568944|-9.261091|29.379512|60.409026|-53.730332|14.182925|118.331211|25.152687|43.324513|0.005496|-396727.790784|-99.844271
1424|57.449511|15.174942|1764.527162|39.570304|66.527861|38.495296|53.695861|0.593472|7.900631|39.625590|80.685154|-53.288609|33.264274|135.273301|25.152687|43.782953|0.008972|-346672.380642|-99.659542
1425|62.905445|15.125725|1832.483042|42.895159|67.325600|39.077236|54.563195|0.627526|13.920699|49.813166|86.111002|-52.741094|38.083247|135.554455|25.152687|43.892948|0.009733|-335279.975397|-99.395009
1426|47.021015|14.796652|1928.820595|26.189348|68.510434|39.366391|51.566951|0.632236|-1.587922|46.580762|69.967882|-52.871141|21.534264|114.631756|35.820485|43.421791|0.006600|-335316.196900|-99.158104
1427|42.995178|14.502150|2020.643757|nan|69.359520|39.693631|93.514378|0.622015|-7.189259|35.747823|65.267359|-53.108052|16.412562|106.069670|35.820485|42.963830|0.005623|-335357.113843|-98.973100
1428|56.189831|14.558181|2107.624578|33.196484|70.147106|40.386720|125.842283|0.603384|2.316566|50.527572|77.592346|-52.817236|28.239845|114.696569|35.820485|42.983135|0.007776|-335403.396934|-98.874813
1429|57.907448|14.609175|2185.651826|nan|70.837186|41.059452|138.536899|0.591394|2.233056|49.593577|78.266616|-52.377425|28.555239|111.744914|35.820485|42.913448|0.007832|-335456.387712|-98.651745
1430|57.568443|14.691726|2248.726374|nan|71.433205|41.239949|158.406734|0.560222|14.417658|54.039142|76.735698|-51.890026|26.820571|106.476529|35.820485|42.775078|0.007515|-295058.903756|-97.919667
1431|49.089402|14.638658|2294.548712|20.980254|72.331377|40.993439|135.461806|0.521245|12.801221|46.514590|66.805878|-52.083031|16.964502|93.286744|35.820485|42.277006|0.005720|-257287.885733|-96.968570
1432|31.368222|14.377169|2367.907234|2.367546|72.089671|40.367262|107.234026|0.482805|-0.117939|25.360440|47.026461|-54.090944|-2.116846|70.933217|35.820485|41.196187|0.002276|-257330.057166|-95.864395
1433|26.165532|14.171853|2454.211931|-3.390263|71.044268|39.815777|95.327895|0.443951|-4.742004|7.418452|39.556061|-56.811367|-8.661276|60.901224|35.820485|40.442225|-0.000193|-257367.599986|-94.524812
1434|20.927121|13.733300|2516.627074|-11.203333|70.176495|38.903104|92.725893|0.406052|-1.606798|21.859295|31.627941|-59.986794|-15.205705|50.792310|35.820485|39.490944|-0.002680|-240240.480000|-93.324529
1435|16.028411|13.191034|2563.667385|-17.352183|68.385387|37.717256|78.612003|0.390963|-1.035892|0.676183|24.008451|-63.860210|-21.355892|41.415640|35.820485|38.708345|-0.005038|-238067.109467|-92.237259
1436|1.832852|12.347137|2612.663094|-32.297921|66.770563|36.010329|44.155187|0.352176|-5.370630|-10.458142|7.207107|-67.722149|-36.731359|22.888339|35.820485|40.926157|-0.010777|-191878.329667|-91.166393
1437|5.023465|11.620114|2664.284276|-29.727906|65.116857|34.634372|39.108880|0.335034|-10.761661|-9.830583|7.767279|-71.223511|-34.681297|22.277403|35.820485|40.256709|-0.010403|-191889.445260|-90.030061
1438|27.111646|11.407638|2710.223563|-8.761641|63.437204|33.928510|66.153932|0.311007|2.691324|6.240425|27.303346|-73.964967|-13.707583|40.804406|35.820485|40.185513|-0.006586|-191894.428147|-88.934160
1439|33.409692|11.245520|2743.487376|-3.244076|61.822708|33.477963|59.924896|0.293922|6.535329|14.701177|31.181751|-76.653383|1.896421|43.453717|35.820485|52.311039|-0.005638|-191894.811444|-88.025884
1440|31.810752|11.053907|2755.799294|nan|60.123988|33.082461|55.430530|0.276863|2.414114|8.480165|27.289335|-79.189426|-0.784429|38.515757|35.820485|51.508525|-0.006125|-191892.128334|-87.257785
1441|32.004829|10.710777|2769.642209|nan|58.612787|32.642959|48.807251|0.261537|4.266779|4.488236|25.439419|-81.226871|-1.651764|34.811916|35.820485|50.676994|-0.006282|-191885.612297|-86.382885
1442|47.568524|10.094333|2774.177625|7.301980|57.250637|32.611799|51.724647|0.257735|13.334549|7.462421|39.079590|-82.669498|14.696369|46.880758|35.820485|44.234866|-0.003643|-191874.880000|-85.594337
1443|59.351722|9.135275|2767.536015|18.128563|55.776080|32.931761|58.742168|0.267592|18.378317|13.240702|48.935242|-83.996071|29.019772|55.693984|35.820485|41.336982|-0.001692|-191860.698036|-84.838061
1444|61.506527|8.147487|2746.427143|18.269625|54.564463|33.192590|60.319140|0.290185|23.642925|10.548246|49.200299|-84.999779|30.123652|54.861526|35.820485|41.677380|-0.001492|-191844.216260|-84.104143
1445|59.796077|6.731800|2714.873109|16.797779|53.305169|33.483760|50.305373|0.298646|16.962497|10.951703|45.588383|-86.045151|26.643952|50.538583|35.820485|40.412534|-0.001993|-191829.267703|-83.491811
1446|58.393157|5.424739|2698.426341|13.074656|52.256425|33.656246|39.187728|0.314333|16.518920|-7.381400|42.313263|-87.008712|24.039647|47.066093|35.820485|40.530690|-0.002438|-191817.002186|-82.897346
1447|51.375350|4.237488|2682.429385|5.367831|51.638261|33.641211|32.170207|0.318732|10.396731|-1.797905|33.364389|-87.885868|13.677095|37.838953|35.820485|40.280514|-0.003900|-191806.653185|-82.255905
1448|48.190194|3.099588|2662.798195|nan|51.115682|33.544174|38.083848|0.312361|7.737758|1.591241|28.097062|-88.785762|9.498122|32.903964|35.820485|40.053300|-0.004659|-191799.753852|-81.642442
1449|38.413579|1.773914|2643.524393|-9.459290|50.999545|32.931872|29.173963|0.303100|8.137261|0.077318|16.079797|-89.981017|-1.225280|21.074822|35.820485|39.385171|-0.006610|-191796.304185|-81.010161
1450|40.664589|0.635861|2644.398902|-7.567587|50.582427|32.476993|24.364201|0.298069|2.996597|7.894007|16.110485|-90.934398|0.115145|21.257734|35.978182|39.149797|-0.006366|-191797.454074|-80.264040
1451|40.340644|-0.308588|2664.497876|-9.688932|50.720527|31.777538|23.339170|0.289367|11.493508|12.784797|13.524815|-91.695362|-1.067583|19.010900|37.592523|38.639832|-0.006581|-191802.436926|-79.249564
1452|41.796045|-0.951078|2686.153721|-7.809154|50.842424|31.186390|20.264077|0.277288|7.803932|11.767275|12.677665|-92.469969|-0.436795|18.962196|37.592523|38.382969|-0.006467|-191809.719556|-78.288837
1453|43.775647|-1.649647|2709.049868|nan|51.038450|30.740023|13.088859|0.267847|8.747750|15.050004|12.288238|-93.477617|0.745934|19.061587|37.592523|38.172987|-0.006252|-191817.768779|-77.355145
1454|43.913456|-2.242354|2731.441903|nan|51.414412|30.317645|31.539419|0.239217|7.797324|17.880025|9.924214|-94.545258|0.115145|17.083226|37.592523|37.848262|-0.006367|-191826.201332|-76.510948
1455|57.354265|-2.447343|2744.878214|5.017365|51.488812|30.348667|48.413008|0.195920|14.250850|22.477241|20.919706|-95.089904|12.809761|28.832498|37.592523|38.053143|-0.004059|-191836.167037|-75.834620
1456|58.609903|-2.689712|2750.776889|4.721697|51.809456|30.085103|31.775965|0.173420|24.562428|25.485917|19.903895|-95.618368|13.361701|27.867392|37.592523|38.053871|-0.003958|-191845.366148|-75.332239
1457|60.939980|-2.679511|2743.058372|6.436129|52.045426|29.060970|28.148931|0.158087|47.895641|14.963036|20.135463|-96.014245|16.616369|28.225118|37.592523|38.048980|-0.003643|-112647.876915|-74.586895
1458|64.761752|-2.518831|2733.039107|10.714960|51.874421|27.857955|43.287853|0.144944|47.046917|4.387383|21.947743|-96.095759|21.688008|30.708947|35.408008|36.162935|-0.003040|-112651.927921|-73.726633
1459|71.855586|-2.288094|2713.823294|nan|51.697657|26.591143|50.305374|0.121418|63.587951|1.730031|27.008944|-96.532368|28.390135|36.434684|33.776802|34.909766|-0.001821|-55887.257146|-73.110445
