859|nan|nan|nan|nan|nan|nan|nan|nan|nan|nan|nan|nan|nan|nan|nan|nan|nan|nan|nan
900|nan|nan|nan|nan|nan|nan|nan|nan|nan|nan|nan|nan|nan|nan|nan|nan|nan|nan|nan
901|nan|nan|nan|nan|nan|nan|nan|nan|nan|nan|nan|nan|nan|nan|nan|nan|nan|nan|nan
902|nan|nan|nan|nan|nan|nan|nan|nan|nan|nan|nan|nan|nan|nan|nan|nan|nan|nan|nan
903|nan|nan|nan|nan|nan|nan|nan|nan|nan|nan|nan|nan|nan|nan|nan|nan|nan|nan|nan
904|nan|nan|nan|nan|nan|nan|nan|nan|nan|nan|nan|nan|nan|nan|nan|nan|nan|nan|nan
905|nan|nan|nan|nan|nan|nan|nan|nan|nan|nan|nan|nan|nan|nan|nan|nan|nan|nan|nan
906|nan|nan|nan|nan|nan|nan|nan|nan|nan|nan|nan|nan|nan|nan|nan|nan|nan|nan|nan
907|nan|nan|nan|nan|nan|nan|nan|nan|nan|nan|nan|nan|nan|nan|nan|nan|nan|nan|nan
908|nan|nan|nan|nan|nan|nan|nan|nan|nan|nan|nan|nan|nan|nan|nan|nan|nan|nan|nan
909|nan|nan|nan|nan|nan|nan|nan|nan|nan|nan|nan|nan|nan|nan|nan|nan|nan|nan|nan
910|nan|nan|nan|nan|nan|nan|nan|nan|nan|nan|nan|nan|nan|nan|nan|nan|nan|nan|nan
911|nan|nan|nan|nan|nan|nan|nan|nan|nan|nan|nan|nan|nan|nan|nan|nan|nan|nan|nan
912|nan|nan|nan|nan|nan|nan|nan|nan|nan|nan|nan|nan|nan|nan|nan|nan|nan|nan|nan
913|nan|nan|nan|nan|nan|nan|nan|nan|nan|nan|nan|nan|nan|nan|nan|nan|nan|nan|nan
914|nan|nan|nan|nan|nan|nan|nan|nan|nan|nan|nan|nan|nan|nan|nan|nan|nan|nan|nan
915|nan|nan|nan|nan|nan|nan|nan|nan|nan|nan|nan|nan|nan|nan|nan|nan|nan|nan|nan
916|nan|nan|nan|nan|nan|nan|nan|nan|nan|nan|nan|nan|nan|nan|nan|nan|nan|nan|nan
917|nan|nan|nan|nan|nan|nan|nan|nan|nan|nan|nan|nan|nan|nan|nan|nan|nan|nan|nan
918|nan|nan|nan|nan|nan|nan|nan|nan|nan|nan|nan|nan|nan|nan|nan|nan|nan|nan|nan
919|nan|nan|nan|nan|nan|nan|nan|nan|nan|nan|nan|nan|nan|nan|nan|nan|nan|nan|nan
920|nan|nan|nan|nan|nan|nan|nan|nan|nan|nan|nan|nan|nan|nan|nan|nan|nan|nan|nan
921|nan|nan|nan|nan|nan|nan|nan|nan|nan|nan|nan|nan|nan|nan|nan|nan|nan|nan|nan
922|nan|nan|nan|nan|nan|nan|nan|nan|nan|nan|nan|nan|nan|nan|nan|nan|nan|nan|nan
923|nan|nan|nan|nan|nan|nan|nan|nan|nan|nan|nan|nan|nan|nan|nan|nan|nan|nan|nan
924|nan|nan|nan|nan|nan|nan|nan|nan|nan|nan|nan|nan|nan|-121.089747|nan|4.825235|nan|nan|nan
925|nan|nan|nan|nan|nan|nan|nan|nan|nan|nan|nan|nan|nan|-130.966030|nan|-6.780069|nan|nan|nan
926|nan|nan|nan|nan|nan|nan|nan|nan|nan|nan|nan|nan|nan|-123.381740|nan|-6.915192|nan|nan|nan
927|nan|nan|nan|nan|nan|nan|nan|nan|nan|nan|nan|nan|nan|-132.291436|nan|-7.141055|nan|nan|nan
928|nan|nan|nan|nan|nan|nan|nan|nan|nan|nan|nan|nan|nan|-113.046095|-4.082510|-7.127427|nan|nan|nan
929|nan|nan|nan|nan|nan|nan|nan|nan|nan|nan|nan|nan|nan|-124.850735|-4.082510|-7.234594|nan|nan|nan
930|nan|nan|nan|nan|nan|nan|nan|nan|nan|nan|nan|nan|nan|-146.770508|-8.292583|-11.798761|nan|nan|nan
931|nan|nan|nan|nan|nan|nan|nan|nan|nan|nan|nan|nan|nan|-139.560653|-8.864779|-12.452188|nan|nan|nan
932|nan|nan|nan|nan|nan|nan|nan|nan|nan|nan|nan|nan|nan|-117.127674|-8.864779|-12.473181|nan|nan|nan
933|nan|nan|nan|nan|4.984536|nan|nan|nan|nan|nan|nan|nan|nan|-119.799040|-8.864779|-12.446874|nan|nan|nan
934|nan|nan|nan|nan|5.447830|nan|nan|nan|nan|nan|nan|nan|nan|-121.257166|-8.864779|-12.383935|nan|nan|nan
935|nan|nan|nan|nan|6.758939|nan|nan|nan|nan|-2.410862|nan|nan|nan|-111.146877|-8.864779|-12.293129|nan|nan|nan
936|nan|nan|nan|nan|8.186528|nan|nan|nan|nan|-15.610246|nan|nan|nan|-94.229382|-8.864779|-12.027785|nan|nan|nan
937|nan|nan|nan|nan|9.692484|nan|nan|nan|nan|-15.089493|nan|nan|nan|-89.464048|-8.864779|-11.783102|nan|nan|nan
938|nan|nan|nan|nan|11.582808|nan|nan|nan|nan|-13.400912|nan|nan|nan|-90.189943|-8.864779|-11.711299|nan|nan|nan
939|nan|nan|nan|nan|13.198739|nan|nan|nan|nan|-6.737178|nan|nan|nan|-90.491758|-8.864779|-11.621529|nan|nan|nan
940|nan|nan|nan|nan|14.877284|nan|nan|nan|nan|-45.829396|nan|nan|nan|-96.130373|-8.864779|-11.672635|nan|nan|nan
941|nan|nan|nan|nan|16.681423|nan|nan|nan|nan|-33.141411|nan|nan|nan|-90.230526|-8.864779|-11.679323|nan|nan|nan
942|nan|nan|nan|nan|18.380040|nan|nan|nan|nan|-23.983275|nan|nan|nan|-66.722920|-8.864779|-11.343546|nan|nan|nan
943|nan|-22.930022|nan|nan|20.473753|nan|nan|nan|nan|0.691766|nan|nan|nan|-37.982621|-8.864779|-10.898102|-0.011756|nan|nan
944|nan|-19.235471|nan|nan|22.780376|nan|nan|nan|nan|-2.801392|nan|nan|nan|-38.396990|-8.864779|-10.679964|-0.012183|nan|nan
945|nan|-15.602344|nan|nan|24.762799|nan|nan|nan|nan|-12.923580|nan|nan|nan|-27.202912|-8.864779|-10.334256|-0.010712|nan|nan
946|nan|-12.562125|nan|nan|26.401680|nan|nan|nan|nan|-1.942003|nan|nan|nan|-23.491678|-8.864779|8.745964|-0.010441|nan|nan
947|nan|-10.759546|nan|nan|27.812991|nan|nan|nan|nan|-19.920422|nan|nan|nan|-30.851661|-8.864779|8.830593|-0.012069|nan|nan
948|nan|-9.111955|nan|nan|29.193470|nan|nan|nan|nan|-9.001835|nan|nan|nan|-26.876565|-8.864779|9.139362|-0.011759|nan|nan
949|nan|-7.409048|nan|12.543935|29.787201|nan|nan|nan|nan|-28.196207|nan|nan|nan|-18.023245|-8.864779|20.621402|-0.010713|nan|nan
950|nan|-6.258874|nan|5.779991|30.388564|nan|nan|nan|nan|-39.780043|nan|nan|nan|-20.983655|-8.864779|25.143906|-0.011643|nan|nan
951|nan|-5.829067|nan|-4.781507|31.297451|nan|nan|nan|nan|-39.334258|nan|nan|nan|-29.397048|-8.864779|29.159319|-0.013425|nan|nan
952|nan|-5.187351|nan|2.494471|31.658157|nan|nan|nan|nan|-24.449394|nan|nan|nan|-21.073409|-8.864779|37.163579|-0.012417|nan|nan
953|nan|-4.631613|nan|3.397839|32.024543|nan|-42.490984|nan|nan|-22.070018|nan|nan|nan|-17.602751|-8.864779|37.228863|-0.012262|nan|nan
954|nan|-4.373040|nan|-3.194394|32.526531|nan|-78.550900|nan|nan|-15.658237|nan|nan|nan|-21.033481|-8.864779|41.003829|-0.013153|nan|nan
955|nan|-3.960779|nan|nan|32.362144|nan|-83.603882|nan|nan|-15.801674|nan|nan|nan|-13.358246|-8.864779|26.553402|-0.012339|nan|nan
956|nan|-3.150764|nan|nan|32.511625|nan|-65.459083|nan|nan|-17.862377|nan|nan|nan|-0.279618|-8.864779|26.632660|-0.010635|nan|nan
957|nan|-2.272207|nan|17.871859|32.051024|nan|-69.363660|nan|nan|-5.173925|nan|nan|nan|7.042612|-8.864779|16.785536|-0.009821|nan|nan
958|nan|0.610447|nan|71.336458|33.486741|nan|3.674896|nan|nan|23.753301|nan|nan|nan|66.650071|-8.864779|17.580789|-0.000719|nan|nan
959|nan|3.890678|nan|90.078980|36.379799|-26.655488|10.335645|1.988615|nan|51.112430|nan|nan|nan|91.225290|-8.864779|18.197736|0.002379|nan|nan
1000|nan|6.501343|nan|79.164862|39.322772|-23.642091|-20.900970|1.878731|nan|45.040972|nan|nan|nan|87.348274|-8.864779|18.668113|0.000713|nan|nan
1001|nan|8.929890|nan|82.084392|41.778069|-20.720912|-11.943411|1.948628|nan|31.025643|nan|-108.394249|nan|94.643807|9.928031|19.172288|0.001023|nan|nan
1002|nan|11.782642|nan|100.223098|44.709980|-17.481769|28.710124|2.076870|nan|53.493393|nan|-103.380788|nan|118.296669|9.928031|19.696896|0.004081|nan|nan
1003|nan|14.414727|nan|nan|47.387320|-14.437744|28.250762|2.094005|nan|58.007580|nan|-98.938207|nan|124.360247|10.157712|20.077408|0.004158|nan|nan
1004|nan|16.134026|nan|77.492342|49.812985|-12.161713|6.431068|1.993644|nan|24.238760|nan|-94.810344|nan|107.915088|17.226075|20.187024|0.000442|nan|nan
1005|nan|16.596599|nan|39.537083|52.593198|-11.077351|-20.671289|1.749379|nan|14.218145|nan|-91.190346|nan|74.862578|17.226075|19.776061|-0.006021|nan|nan
1006|nan|16.639495|nan|24.209626|54.986678|-10.382362|-19.293204|1.552855|nan|7.333083|nan|-88.162155|nan|65.637530|17.226075|19.424895|-0.008536|nan|nan
1007|nan|16.730946|nan|28.161951|56.574911|-9.601513|-12.402774|1.426871|nan|7.586719|nan|-85.870890|nan|73.383670|17.226075|19.278436|-0.008071|nan|nan
1008|nan|16.588574|nan|19.380041|58.473558|-9.080073|-21.360333|1.314813|nan|31.163768|nan|-83.780472|nan|69.246818|17.226075|18.985908|-0.009348|nan|nan
1009|nan|15.942842|nan|nan|59.841435|-8.972458|-40.653536|1.196565|nan|18.320510|nan|-82.208756|nan|54.307503|17.226075|18.736598|-0.012482|nan|nan
1010|nan|15.751232|nan|17.061072|61.007027|-8.489271|-31.236615|1.123438|nan|26.276561|nan|-80.382104|nan|73.446252|17.226075|18.677840|-0.009889|nan|nan
1011|nan|15.651811|nan|nan|62.154652|-7.954083|-22.049376|1.066940|nan|37.922560|nan|-78.914000|nan|80.473625|17.226075|18.614767|-0.009270|nan|nan
1012|nan|15.376763|nan|11.814003|63.280584|-7.657805|-8.038834|0.997927|nan|36.470198|nan|-77.880913|nan|75.898380|17.226075|58.102788|-0.010624|nan|nan
1013|nan|15.224443|nan|nan|63.924009|-7.248117|21.360333|0.944939|nan|31.894823|nan|-76.615888|nan|81.806640|17.226075|58.071319|-0.010081|nan|nan
1014|nan|14.735979|nan|1.715537|64.524543|-7.166205|5.512344|0.887329|nan|24.428332|nan|-75.686172|nan|69.421376|17.226075|57.879430|-0.012325|nan|nan
1030|nan|13.890197|nan|-16.500287|65.119192|-7.539111|-4.363939|0.869862|nan|2.267649|nan|-75.085017|nan|51.044304|17.226075|57.410667|-0.015459|nan|nan
1031|nan|12.599443|nan|-40.489756|65.198965|-8.368955|-26.642995|0.958312|nan|-15.913377|nan|-75.282159|nan|27.717902|17.226075|48.646114|-0.019482|nan|nan
1032|nan|11.138339|nan|-52.503592|64.899618|-9.348255|-48.003328|0.958312|nan|-27.964065|nan|-76.426395|nan|16.390899|17.226075|36.522411|-0.021455|nan|nan
1033|-59.083606|9.755959|nan|nan|64.267281|-10.265989|-46.395561|0.958312|nan|-35.269108|nan|-78.309476|nan|16.436836|17.226075|35.977941|-0.021465|nan|nan
1034|-54.176052|8.560730|nan|nan|63.526013|-11.034925|-35.141192|1.059754|nan|-33.743695|nan|-79.951630|nan|21.654324|17.226075|35.741223|-0.018722|nan|nan
1035|-54.771608|7.415900|nan|nan|62.836920|-11.760073|-41.112898|1.059754|nan|-29.482386|nan|-81.778784|nan|21.470579|17.226075|35.568284|-0.016721|nan|nan
1036|-49.196408|7.324376|nan|-41.436125|62.087194|-12.290258|-46.165880|1.058601|nan|-27.491146|nan|-83.439503|nan|27.222655|17.226075|34.595907|-0.015792|nan|nan
1037|-38.039221|7.343314|nan|-30.412256|61.382273|-12.553892|-29.169486|0.994808|nan|-26.290267|nan|-84.502516|nan|38.294144|17.226075|34.702538|-0.013935|nan|nan
1038|-36.041976|7.378687|nan|-29.792762|60.987273|-12.284265|-26.413314|0.941888|nan|-6.229335|nan|-85.512027|nan|37.153198|17.226075|34.710808|-0.013626|nan|nan
1039|-38.574163|7.410794|nan|nan|61.017993|-11.539387|-34.452149|0.892874|nan|7.990042|nan|-86.730035|nan|29.828375|17.226075|34.728497|-0.014091|nan|nan
1040|-35.586853|7.598027|nan|nan|61.086850|-10.577322|-26.872676|0.848611|nan|-2.763931|nan|-87.714636|nan|27.612521|17.226075|34.753333|-0.013627|nan|nan
1041|-26.858094|7.864054|nan|nan|61.117583|-9.602355|-8.268515|0.810823|nan|4.534266|nan|-88.176299|nan|31.811955|17.226075|34.783459|-0.012196|nan|nan
1042|-22.938347|7.833668|nan|nan|61.655247|-8.416648|0.229681|0.777104|nan|18.838197|nan|-88.632581|nan|30.708620|35.659733|34.817359|-0.011578|nan|nan
1043|-13.271410|7.482350|nan|nan|62.112264|-7.334287|63.621635|0.749246|nan|23.015625|nan|-88.835651|nan|35.747282|35.659733|35.007653|-0.009992|nan|-110.798223
1044|-21.060694|6.960603|nan|nan|62.440648|-6.254114|73.957280|0.673077|nan|18.281692|nan|-89.129284|nan|23.167488|35.659733|35.010155|-0.011347|nan|-110.619207
1045|-13.206346|6.505607|nan|nan|63.466486|-4.689156|71.660470|0.604333|nan|26.234835|nan|-89.386811|nan|26.295289|35.659733|35.019797|-0.010070|nan|-110.510601
1046|-17.065071|5.935456|nan|nan|63.762497|-3.310000|69.363660|0.522091|nan|7.132859|-20.686764|-90.051414|nan|18.252215|35.659733|35.034901|-0.010767|nan|-110.382723
1047|-9.442770|5.714651|nan|-5.420018|64.853378|-2.182317|94.858250|0.429627|nan|19.111655|-14.274054|-90.631403|nan|21.603439|35.659733|35.054092|-0.009529|nan|-110.257733
1048|-7.797641|5.499545|nan|nan|64.114055|-1.015695|96.695698|0.348148|nan|20.240041|-13.517626|-92.679577|nan|18.638080|35.659733|35.076250|-0.009297|nan|-110.136269
1049|-1.325071|5.328998|nan|3.459830|62.181841|0.305138|80.847710|0.290473|nan|-11.432075|-7.459370|-95.078681|nan|21.344077|35.659733|35.254307|-0.008252|nan|-110.071022
1050|-5.428158|5.125541|nan|-2.317794|60.982596|1.300018|38.127045|0.279560|nan|-9.460941|-11.249452|-97.296973|nan|13.084749|35.659733|35.244334|-0.008988|nan|-109.961873
1051|-14.604739|4.942290|-1268.948579|nan|59.782614|1.866874|13.780859|0.270239|-17.583678|-10.161653|-20.264124|-99.754773|-21.584688|-0.627562|35.659733|35.241460|-0.010576|nan|-109.827176
1052|-29.101092|4.374304|-1270.550956|-26.082745|58.834427|2.011335|1.837448|0.231948|-28.762924|-21.094369|-34.850063|-103.088317|-36.444271|-19.622535|35.659733|42.032911|-0.013054|nan|-109.659185
1053|-26.154172|3.909248|-1261.174329|-22.226967|57.373799|2.301408|-2.985853|0.209940|-30.086752|-31.154864|-31.975201|-106.341489|-35.448099|-19.679777|35.659733|41.957102|-0.012590|nan|-109.491194
1054|-34.711366|3.307238|-1258.157154|-32.290977|56.092618|2.411679|-30.317891|0.184876|-36.974630|-29.870977|-40.625050|-109.227861|-44.175977|-29.920134|35.659733|41.753500|-0.014062|nan|-109.331115
1055|-26.961843|2.832204|-1244.516294|-23.464118|54.752272|2.820628|-7.349791|0.136250|-33.636167|-31.653269|-33.010238|-110.770098|-38.116504|-23.499550|35.659733|41.554177|-0.012785|nan|-109.204316
1056|-14.850235|2.364203|-1229.809797|nan|53.681706|3.341703|8.268515|0.126530|-21.853093|-16.941499|-21.050105|-111.591096|-26.173093|-12.048361|35.659733|36.847930|-0.010771|nan|-109.149581
1057|7.364581|2.300287|-1207.605827|10.163821|52.001454|3.975564|22.279057|0.129071|0.595609|-17.503478|1.131275|-111.907669|-4.123717|10.328402|9.876283|9.229869|-0.007055|nan|-109.141731
1058|23.137585|1.496234|-1192.560101|nan|51.096730|4.414180|41.112898|0.137819|18.933916|-11.401380|16.870591|-111.637206|11.494590|26.298829|9.876283|9.497272|-0.004422|nan|-109.146973
1059|21.911518|0.251457|-1190.114031|nan|50.680070|4.854295|26.413314|0.152591|16.115830|2.180148|15.682785|-110.878152|10.116504|25.122862|9.876283|9.710617|-0.004654|nan|-109.152215
1100|9.650765|-1.049464|-1206.602819|nan|49.795021|4.926163|-4.593620|0.137491|6.033057|-17.132697|3.596049|-110.916044|-2.286269|12.922208|9.876283|9.879213|-0.006744|nan|-109.144365
1101|25.638296|-2.007021|-1219.251241|28.114784|48.686849|5.275347|-12.632455|0.080058|20.281045|-16.273538|19.884113|-110.625302|13.561719|29.447933|9.876283|10.164709|-0.004073|nan|-109.155584
1102|24.862563|-3.381029|-1242.724225|nan|47.461554|5.746030|-25.264910|0.146449|18.002658|-23.059386|19.469151|-110.160377|12.642995|28.806945|9.876283|10.384287|-0.004228|nan|-109.147734
1103|24.088767|-4.787529|-1256.353032|nan|46.444480|6.149482|-26.413315|0.173502|17.483597|-4.701370|19.034390|-109.833883|11.724271|28.698817|9.876283|10.549780|-0.004382|nan|-109.209980
1104|23.080065|-5.777472|-1255.293740|25.136217|45.458686|6.411704|-22.508738|0.101280|18.655192|-29.065801|18.370188|-109.187315|10.575866|29.505175|9.876283|10.671070|-0.004576|nan|-109.338986
1105|22.072031|-6.081007|-1227.432848|nan|44.327237|6.730348|-24.116505|0.126170|15.586787|-17.222539|17.745747|-108.037972|9.667461|30.626018|9.876283|10.756400|-0.004769|nan|-109.467993
1106|15.781098|-6.188596|-1181.337332|16.424792|43.948265|7.049389|-25.035228|0.100884|9.476057|-2.504889|11.795856|-106.378012|8.036394|25.924272|9.876283|10.658787|-0.005853|nan|-109.545647
1107|15.225790|-6.299933|-1138.658938|nan|43.888900|7.256492|-14.699583|0.120612|11.027014|19.550757|11.513227|-104.466888|8.947351|27.017553|9.876283|10.573284|-0.005969|nan|-109.724504
1108|14.894147|-6.302824|-1111.618784|nan|43.829755|7.440436|-13.321497|0.130971|11.127989|19.883062|11.462204|-102.585815|8.487989|27.763839|9.876283|10.498252|-0.006046|nan|-109.903361
1109|30.649958|-5.570174|-1067.328297|31.751307|43.495236|8.082045|-0.459362|0.176162|21.385285|28.924630|27.536517|-100.441732|25.946296|45.443977|9.876283|10.739979|-0.003414|nan|-110.070255
1110|51.466218|-4.757205|-1024.880605|52.687947|44.116956|9.021032|22.968100|0.245837|42.696238|34.735204|48.707641|-97.686847|46.617586|68.503949|9.876283|11.072408|0.000069|nan|-110.151109
1111|49.090223|-4.122850|-984.652394|nan|44.836300|9.719916|28.939806|0.309800|40.649747|37.539666|46.666156|-95.191638|44.091095|68.366140|9.876283|11.317902|-0.000357|nan|-110.262517
1112|41.425950|-3.525877|-946.591585|41.255886|45.714957|10.127958|24.805547|0.352887|37.400930|32.762655|39.267837|-93.234678|36.521941|62.585422|9.876283|24.889919|-0.001672|nan|-110.373926
1113|44.996726|-2.863532|-910.564999|45.793071|45.965605|9.737017|37.667683|0.399086|47.325808|24.514464|43.099285|-91.225536|39.967156|68.503949|9.876283|25.042736|-0.001092|nan|-110.485334
1114|20.979913|-2.503113|-882.127543|20.857586|46.336350|8.508769|5.512343|0.420241|27.450314|23.711207|19.329495|-89.804456|15.850651|46.112700|9.876283|24.835287|-0.005155|nan|-110.535572
1115|-7.891275|-2.377983|-855.088850|-8.345776|46.537898|6.858795|-15.847989|0.439037|2.830846|12.212337|-9.346347|-89.282606|-13.089154|18.773152|9.876283|24.348903|-0.010030|nan|-110.613226
1116|-8.538196|-1.737533|-790.051595|-7.946523|46.122771|5.248626|-20.671290|0.447049|2.461466|-7.252380|-9.791104|-89.066972|-11.938197|20.309366|9.876283|24.111947|-0.010146|nan|-110.727648
1117|-9.900945|-0.906608|-675.227048|nan|45.562912|3.327414|-14.699584|0.449549|3.162705|-8.313800|-10.944415|-89.040918|-13.316283|20.906536|9.876283|23.918769|-0.010378|nan|-110.878703
1118|-11.286411|-0.106537|-527.064441|nan|45.016538|1.388895|-14.699584|0.452999|2.024957|-22.217454|-12.144258|-89.315640|-14.694369|21.753707|9.876283|23.762070|-0.009929|nan|-111.026153
1119|-29.691534|0.190702|-389.800689|-30.205170|44.657244|-0.585052|-26.872676|0.538575|-14.109185|-14.918134|-30.427579|-89.849105|-30.588848|4.979484|9.876283|23.328025|-0.013025|nan|-111.177208
1120|-47.185641|0.172276|-251.301290|nan|43.684309|-2.177430|-48.692371|0.559707|-37.484604|-22.362195|-47.811379|-91.120219|-47.724604|-10.459218|9.876283|27.478120|-0.015788|nan|-111.291630
1121|-30.459788|0.434077|-129.285745|-29.775256|43.522603|-3.157284|-41.342579|0.604417|-22.638228|-4.362148|-30.703709|-91.756362|-28.557891|8.007134|9.876283|27.373266|-0.012964|nan|-111.341868
1122|-30.047074|0.471852|-20.444111|nan|43.156086|-4.160004|-55.582800|0.586851|-19.858192|-11.965882|-29.796148|-92.555570|-23.138529|9.881331|9.876283|27.297784|-0.012887|nan|-111.341868
1123|-1.377149|1.039251|80.312991|-0.869924|42.734905|-4.435579|-24.116504|0.596359|3.011258|21.702575|-0.562305|-92.532512|5.571595|38.416898|9.876283|27.553828|-0.008050|nan|-111.339995
1124|26.157344|2.189897|172.708076|26.685304|42.662752|-3.843345|-5.282663|0.653184|26.812303|24.309951|27.582983|-91.930811|33.053314|66.301080|9.876283|28.065787|-0.003407|nan|-111.353130
1125|41.066959|3.543683|239.280218|nan|42.557144|-3.290742|17.226075|0.740449|43.821568|20.923281|43.031133|-90.800158|47.982579|81.864264|9.876283|28.463881|-0.000893|nan|-111.392537
1126|33.933742|4.548710|305.430463|34.794229|42.513482|-2.946944|22.049375|0.771651|36.541794|22.679485|36.390023|-89.604854|40.862468|75.295388|9.876283|28.768327|-0.002092|nan|-111.416327
1127|4.979547|4.864528|351.291429|5.096697|42.152776|-3.140680|15.158946|0.767880|11.203000|14.207726|7.840148|-88.786393|10.802663|46.335389|23.427461|28.534486|-0.006966|nan|-111.433793
1128|-6.293664|4.864701|365.970712|nan|41.976562|-3.565265|19.522884|0.749212|1.468631|15.753925|-3.134903|-88.381275|-0.451706|35.632255|23.427461|28.344515|-0.008862|nan|-111.451259
1129|-17.111266|4.774992|381.193634|-17.319705|42.062276|-3.992515|7.349791|0.721019|-9.726039|-8.292471|-13.714800|-88.039520|-12.206713|25.388482|23.427461|28.037211|-0.010680|nan|-111.436304
1330|-104.655317|2.675109|392.395668|-104.775637|40.508208|-5.820486|-92.561440|0.628685|-91.552813|-71.575225|-101.189445|-90.386590|-104.275171|-62.062249|-13.366080|-14.254962|-0.035117|nan|-111.093943
1331|-89.536554|1.163517|436.457225|-88.598320|39.273787|-6.870012|-61.554507|0.512216|-80.874541|-59.430302|-86.094066|-92.628161|-91.756226|-46.261160|-13.366080|-14.880016|-0.032566|nan|-110.578916
1332|-80.390140|-0.355041|511.401386|-79.399793|38.847552|-7.462335|-53.285991|0.375033|-74.167638|-56.202585|-77.084718|-95.221223|-83.128986|-36.340867|-13.366080|-15.196462|-0.031019|nan|-110.092200
1333|-76.881958|-1.847247|609.138955|-77.012366|37.765434|-8.010952|-50.759500|0.278271|-69.122086|-48.685039|-73.877062|-98.126437|-80.083771|-32.435326|-13.366080|-15.575812|-0.030441|nan|-109.765598
1334|-78.196725|-3.433105|692.789804|-78.389882|36.677998|-8.623770|-53.285991|0.200224|-70.819500|-38.414337|-75.553971|-100.966847|-81.861857|-33.418361|-13.366080|-15.845958|-0.030676|nan|-109.219282
1335|-78.365942|-4.966037|720.364825|-78.621957|36.195154|-9.250035|-54.664077|0.127335|-69.448509|-25.013969|-76.201296|-103.392445|-82.411538|-34.637375|-13.366080|-16.181458|-0.030719|nan|-108.637459
1336|-72.811592|-6.122928|707.040114|-73.109083|35.986611|-9.833481|-55.582800|0.076679|-62.016165|-13.139720|-71.197240|-106.094165|-76.899194|-31.090137|-13.366080|-16.410187|-0.029794|nan|-108.065348
1337|-89.559346|-7.389786|684.692884|-89.607816|35.345509|-10.897911|-73.038556|0.010044|-74.782877|-47.360192|-88.546868|-109.229931|-93.665907|-50.196372|-13.366080|-16.706661|-0.032624|nan|-107.490849
1338|-143.778653|-9.769811|557.582446|-143.651509|33.445059|-13.126670|-127.702632|-0.068726|-120.985572|-91.354193|-143.515448|-113.848447|-147.870621|-107.198925|-43.550621|-47.852464|-0.048858|nan|-106.888371
1339|-152.324974|-12.023906|445.487483|nan|30.994044|-15.305848|-120.582522|-0.196359|-131.564776|-103.114727|-152.896423|-118.665730|-156.368818|-120.634323|-63.813524|-68.661421|-0.051815|nan|-106.401633
1340|-106.224857|-13.438095|354.181342|-105.701809|29.358505|-16.530068|-53.745352|-0.319789|-91.720579|-91.586137|-107.616529|-122.165161|-110.202938|-79.104173|-63.813524|-68.569013|-0.044035|nan|-106.012836
1341|-105.853566|-15.175088|264.689237|-105.692885|27.668001|-17.972079|-55.812481|-0.433740|-87.660207|-87.854420|-108.044150|-125.458556|-109.743576|-83.692306|-63.813524|-68.748252|-0.043964|nan|-105.216398
1342|-88.732573|-16.882351|167.031994|-87.925972|26.126075|-19.037726|-46.395561|-0.510753|-74.754807|-68.620471|-91.589119|-128.229618|-92.517502|-71.396079|-63.813524|-68.522157|-0.041064|nan|-104.911455
1343|-77.601848|-18.759579|75.217648|nan|24.902308|-20.060469|-31.695977|-0.589491|-62.140438|-60.505100|-81.101368|-130.648755|-81.263133|-65.130381|-63.813524|-68.289839|-0.039171|nan|-106.428647
1344|-78.431330|-20.611074|0.995427|nan|23.962355|-21.007080|-56.501525|-0.651345|-63.309816|-59.650936|-82.579905|-133.546359|-81.952176|-70.808096|-63.813524|-68.209256|-0.039292|nan|-108.167210
1345|-63.201514|-21.825377|-97.739014|-61.703847|22.348957|-21.753487|-70.052703|-0.658783|-50.241526|-64.676252|-67.933301|-136.613058|-66.323549|-59.776007|-63.813524|-67.940448|-0.036698|nan|-109.664032
1346|-58.780151|-23.284412|-255.974398|nan|20.937732|-22.354018|-66.148126|-0.685433|-46.047570|-65.136203|-64.082342|-139.467628|-61.729929|-59.298271|-63.813524|-67.681653|-0.035927|nan|-111.112076
1347|-59.886473|-24.746809|-417.398991|-59.106155|19.531246|-23.148841|-68.444936|-0.712298|-45.605957|-63.378527|-65.736878|-142.112046|-62.728653|-64.450525|-63.813524|-67.587586|-0.036087|nan|-112.783157
1348|-54.113071|-26.045340|-533.551588|-52.058659|18.382436|-23.805585|-63.851317|-0.729407|-42.353917|-71.280281|-60.461875|-144.626930|-56.756948|-61.369101|-63.813524|-67.315604|-0.035084|nan|-114.327811
1349|-30.667091|-26.851112|-659.517840|-28.402149|17.693024|-24.123638|-58.568653|-0.811789|-19.496439|-46.210393|-37.362025|-145.753260|-33.099805|-39.984906|-63.813524|-66.907878|-0.031094|nan|-115.306972
1350|-29.278948|-27.634391|-771.269466|-27.867327|17.312964|-24.415518|-74.416642|-0.790522|-18.688336|-19.588099|-36.206149|-145.972751|-31.652038|-41.341036|-63.813524|-66.706643|-0.030828|nan|-115.765822
1351|-22.382940|-28.145064|-928.072065|-20.743518|17.461576|-24.439308|-50.529818|-0.831072|-12.448225|-13.117988|-29.534670|-145.960586|-24.531927|-36.620605|-63.813524|-66.515228|-0.029630|nan|-115.984076
1352|-11.111176|-28.410109|-1104.937891|nan|17.796012|-23.980349|-38.586407|-0.797137|-7.605520|-1.787192|-18.462407|-145.639259|-16.407878|-27.228660|-63.813524|-66.179902|-0.027693|nan|-116.159879
1353|-11.555146|-28.703837|-1254.605289|-9.486802|18.223017|-23.645138|-10.105964|-0.798191|-4.074864|-6.953637|-19.166237|-145.336567|-16.637559|-29.318302|-63.813524|-66.043831|-0.027735|nan|-116.254018
1354|-1.196399|-29.017307|-1400.925888|2.137906|18.546107|-22.941421|28.021081|-0.825014|2.089789|-2.694398|-9.044031|-144.230391|-6.072233|-20.548718|-63.813524|-37.238490|-0.025953|nan|-116.053971
1355|27.310947|-29.185642|-1568.731647|30.608634|18.858356|-21.795219|71.660470|-0.856234|28.637553|23.835538|19.271240|-141.930931|22.637891|8.498197|-63.813524|-24.459936|-0.021101|nan|-116.071246
1356|16.539933|-29.593267|-1730.471062|19.471985|19.145703|-21.172572|53.975033|-0.897987|21.833240|4.022979|8.255138|-140.424263|12.072565|-2.619228|-63.813524|-18.856728|-0.022887|nan|-116.088521
1357|17.473668|-29.796400|-1843.468061|nan|19.467090|-20.912090|26.183633|-0.892384|26.821982|2.338225|8.957900|-138.908429|13.220970|-2.022921|-63.813524|-7.476811|-0.022694|nan|-116.105797
1358|1.862246|-30.383938|-1914.090499|4.962978|19.692948|-21.235448|-0.459362|-0.886565|13.113356|-2.654323|-6.927322|-138.662345|-2.167656|-18.074757|-63.813524|-2.326008|-0.025294|nan|-116.110108
1359|-2.275655|-30.591735|-1961.406699|nan|19.865240|-21.601296|-15.158946|-0.873784|8.808779|-12.926817|-11.406936|-139.313133|-6.072233|-22.420321|-63.813524|7.160845|-0.025955|nan|-116.152084
1400|-0.907562|-30.220520|-2000.031767|nan|19.669154|-21.734074|-101.059637|-0.794331|10.016209|-20.506304|-10.237454|-140.362680|-4.464466|-20.857627|-63.813524|11.753305|-0.025684|nan|-116.241943
1401|-21.604115|-30.254387|-2029.874428|-17.773529|19.419020|-22.526670|-106.342301|-0.736666|-6.985062|-40.339580|-31.101499|-141.735887|-24.906075|-40.464493|-63.813524|16.576207|-0.029138|nan|-116.305918
1402|-42.324005|-30.671363|-2028.486055|-37.945293|18.735997|-23.743178|-117.596669|-0.712869|-24.146332|-49.992082|-51.897694|-142.848124|-44.627683|-59.704518|-63.813524|16.263638|-0.032594|nan|-116.408112
1403|-42.620228|-31.025612|-2013.224803|-36.256489|18.003262|-24.858738|-114.151454|-0.600407|-26.788360|-51.223598|-52.159831|-143.651507|-44.627683|-57.446133|-63.813524|22.965033|-0.032593|nan|-116.612528
1404|-32.590690|-30.899899|-2013.226248|-26.570250|17.085872|-25.711893|-105.193895|-0.531651|-19.092714|-57.480270|-41.981594|-143.864799|-31.812038|-42.286272|-63.813524|20.867559|-0.030845|nan|-116.825138
1405|-26.937207|-30.299893|-2003.099296|nan|18.713940|-26.443185|-99.451870|-0.536153|-13.359994|-38.175679|-35.942661|-141.413828|-25.440332|-32.575359|-63.813524|20.941103|-0.029835|nan|-116.947238
1406|-27.263219|-30.042258|-2012.712394|nan|20.157080|-27.065092|-93.939526|-0.458009|-15.680670|-17.263312|-35.762053|-139.417882|-21.040332|-29.336153|-63.813524|21.018982|-0.029834|nan|-117.069338
1407|-16.105879|-29.569669|-2012.731881|-9.359317|21.449230|-27.428305|-99.222190|-0.421801|-6.356283|-22.683859|-24.012125|-137.391007|-9.396283|-14.228442|-63.813524|21.253172|-0.027893|nan|-117.201950
1408|-10.691194|-29.556021|-1993.599443|nan|22.546488|-27.698570|-147.684879|-0.358454|-0.454258|-15.375924|-17.793883|-135.422568|-3.494258|-5.787961|-63.813524|21.452832|-0.026923|nan|-117.334562
1409|-16.780178|-30.190197|-1970.677831|-10.397571|24.007796|-28.389143|-161.925101|-0.279365|-0.356283|-13.367539|-23.014850|-133.583736|-8.996283|-8.498197|-35.294703|21.469314|-0.027892|nan|-117.457621
1410|-11.173180|-31.014347|-1956.602819|-3.378409|24.908728|-29.268406|-109.787515|-0.225704|5.215423|-17.252977|-16.530017|-131.560438|-1.664577|-0.026265|-23.070635|21.650219|-0.026883|nan|-117.542439
1411|-11.324267|-31.721400|-1942.320196|-3.157265|25.663748|-30.111401|-109.098472|-0.174902|5.045104|-12.903057|-15.764366|-129.701584|-1.434896|2.195750|-17.609267|21.803561|-0.026843|nan|-117.645410
1412|-11.710041|-31.924101|-1922.780350|nan|26.877644|-30.833167|-91.872398|-0.130564|2.644766|-19.945595|-15.250180|-127.393562|-1.434896|4.354751|-6.354898|21.933562|-0.026842|nan|-117.748380
1413|-12.093996|-31.881950|-1897.370517|nan|29.375590|-31.620504|-80.618029|-0.099082|4.325104|-19.515473|-14.610321|-123.613964|-1.434896|6.478301|-1.161588|22.043791|-0.026842|nan|-117.905310
1414|-17.290081|-31.744613|-1877.777761|-9.010833|32.799648|-32.148131|-86.130373|-0.058636|-2.897522|7.026072|-18.707413|-119.747355|-6.258197|2.332262|8.344686|21.983428|-0.027657|nan|-118.089158
1415|-11.435499|-29.734682|-1858.616585|nan|35.135604|-32.031196|-64.540359|-0.023487|-3.096810|9.900322|-11.797930|-117.076773|-2.536810|9.535058|12.938306|22.098228|-0.026609|nan|-118.336089
1416|-0.277923|-27.799138|-1836.317548|nan|37.455795|-31.718434|-48.462689|0.006748|10.387240|4.039414|0.435040|-114.156272|8.947240|22.195075|17.901935|22.194637|-0.024668|nan|-118.598736
1417|-16.893354|-26.371574|-1816.675744|-7.640424|39.658180|-31.715290|-65.688764|0.032269|-3.919436|6.717289|-15.194807|-112.167700|-7.360111|6.437662|17.991287|22.121693|-0.027424|nan|-118.808685
1418|-16.495748|-25.019380|-1792.633123|nan|41.575289|-31.672287|-59.028016|0.037113|-3.470730|4.813376|-13.870986|-110.427659|-6.671068|7.843310|22.667962|22.071184|-0.027307|nan|-119.018633
1419|-26.871742|-23.848797|-1777.088573|-17.049179|43.540732|-31.541032|-45.476837|0.023036|-15.576019|-9.471160|-23.455333|-108.932684|-19.337032|-1.959475|22.667962|39.340705|-0.029016|nan|-119.194303
1420|-30.117781|-22.748339|-1763.479982|nan|45.160457|-31.153179|-46.854922|0.016317|-18.641197|4.069414|-26.037504|-107.844184|-22.402884|-5.957220|22.667962|39.204510|-0.029522|nan|-119.142703
1421|-17.047563|-21.502490|-1760.008534|-5.691222|46.068233|-30.700061|-26.413314|0.020373|-7.321049|12.479005|-12.293274|-106.500649|-9.081387|6.519051|22.667962|39.416704|-0.027272|-61081.925277|-119.091104
1422|-4.425474|-19.718968|-1752.980285|nan|47.190131|-30.050164|-2.067129|0.024723|5.301087|14.177416|0.994204|-104.759840|3.780749|18.835961|22.667962|43.265704|-0.025099|-61081.925277|-119.039504
1423|12.558018|-16.586305|-1747.728108|24.391585|47.939313|-29.546341|14.929264|0.058147|24.206485|29.258315|18.667778|-102.714146|21.006823|36.004792|22.667962|43.561843|-0.022188|-29357.367913|-119.058965
1424|6.555244|-13.371259|-1725.658369|17.638525|48.171035|-29.671379|19.752565|0.060435|24.144798|12.664973|13.234174|-101.505124|15.264798|30.005524|22.667962|42.988288|-0.015420|-8996.679561|-119.065463
1425|6.281234|-11.011444|-1729.111147|nan|48.187582|-30.051520|48.462689|0.046535|23.984798|12.564974|13.437800|-100.336984|15.264798|29.748282|22.667962|43.052829|-0.015398|3314.590769|-119.071961
1426|5.076501|-8.769363|-1734.372214|nan|48.026095|-30.333780|36.978640|0.023844|22.745737|16.859408|12.747614|-99.454053|14.346075|28.572316|22.667962|42.185604|-0.012680|67712.857143|-119.143555
1427|-19.094491|-7.337978|-1757.242365|-7.189367|47.759314|-30.591000|14.240221|0.019262|-5.381425|-12.107240|-10.960662|-99.569632|-9.540749|4.428249|22.667962|42.072461|-0.014968|71501.520000|-119.180022
1428|-14.780197|-6.008378|-1778.766896|nan|47.577145|-30.577064|3.445215|0.018600|-0.787467|-27.605621|-6.103032|-99.545291|-4.947129|9.264627|22.667962|41.985906|-0.014191|71501.918241|-119.049537
1429|0.799195|-4.360878|-1775.620620|nan|47.032958|-30.058118|15.388627|0.015348|10.980522|-12.374298|10.103609|-99.361152|10.900860|24.855373|22.667962|38.629775|-0.008916|71501.918241|-119.015783
1430|-6.091871|-3.199809|-1741.865231|nan|46.082765|-28.142335|10.335645|0.016897|-8.080565|-26.479329|3.819530|-100.142086|-5.599889|18.314058|7.120111|7.194240|-0.009405|71501.918241|-118.961049
1431|25.861434|-1.465284|-1692.666387|39.767761|46.174368|-25.904328|22.049375|0.082604|23.834436|-0.688275|36.470234|-99.722861|26.555450|51.204376|7.120111|7.523116|-0.003973|71502.316483|-118.945333
1432|12.813332|-0.054939|-1639.480901|25.880858|46.338374|-24.113050|-11.254369|0.174520|14.652976|4.938314|24.103794|-99.667370|13.693314|39.526097|7.120111|7.621374|-0.005120|71503.112965|-118.887859
1433|28.043227|1.625313|-1592.628659|42.070179|46.090502|-22.024652|4.134258|0.151969|23.640927|21.763215|40.046198|-98.626270|29.081941|56.624848|7.120111|7.999881|0.000395|71504.705931|-118.613465
1434|3.786283|2.258037|-1559.553951|17.427104|46.222474|-20.455488|-9.646601|0.119018|3.364761|10.047279|16.397884|-98.151016|4.965437|33.718467|7.120111|7.977415|-0.003679|71506.697138|-118.269790
1435|-2.765501|2.763507|-1576.471825|10.730668|46.611873|-19.049585|-10.105963|0.192650|-3.065631|4.016211|10.220500|-97.907274|-1.705631|29.115660|7.120111|7.795876|-0.004766|71508.688357|-118.033604
1436|-3.551064|3.145317|-1605.909669|11.088510|46.764979|-17.685698|-10.795006|0.135007|-5.755012|3.660501|9.760615|-97.135848|-2.474674|30.412356|7.120111|7.799931|-0.004882|71510.546816|-117.794866
1437|12.234993|3.642057|-1616.864586|26.935800|46.901463|-15.727975|16.537031|0.158075|5.852638|14.129980|25.909356|-95.352863|11.133314|48.079418|7.120111|7.948899|-0.002205|71512.538023|-117.537333
1438|5.339324|3.937351|-1621.586657|19.000243|47.680700|-13.050390|15.388626|0.163675|-9.277454|26.188360|19.271965|-93.772877|-5.997116|42.841395|7.120111|7.901599|-0.003369|71514.661977|-117.208345
1439|9.516460|4.173468|-1609.284857|24.179397|48.170135|-10.108969|13.780859|0.171140|-5.223872|25.668614|23.664524|-92.411709|-1.862858|48.961393|7.120111|8.009252|-0.002670|71517.051425|-116.956320
1440|8.205741|3.813847|-1609.671506|22.800808|47.979335|-7.971414|18.374479|0.183839|-0.361620|19.312389|22.491545|-91.244249|-3.240944|49.347257|7.120111|8.082813|-0.002903|71519.839127|-116.699192
1441|1.873720|3.488948|-1591.670968|15.325041|48.092762|-6.012851|12.173093|0.182558|-8.632349|28.852750|16.212732|-90.214803|-9.672011|44.054112|7.120111|7.975031|-0.003989|71522.892310|-116.366287
1442|6.126161|3.266039|-1598.656149|20.505200|48.003084|-4.215036|16.307350|0.189327|-2.258768|21.383003|20.446937|-89.394451|-5.537754|49.659623|7.120111|8.034574|-0.003291|71526.343736|-116.095239
1443|4.657069|3.287064|-1611.190804|nan|47.707155|-2.639307|14.699583|0.191137|-3.146535|20.569157|18.777445|-88.768916|-7.145521|48.907566|7.120111|8.070260|-0.003562|71529.927908|-115.788463
1444|2.750329|3.365009|-1618.053688|nan|47.035185|-1.092886|7.809154|0.206854|-6.574001|5.868129|16.656841|-88.070719|-9.212649|47.529481|7.120111|8.086888|-0.003911|71533.246598|-115.602218
1445|-4.888315|3.262053|-1607.157784|7.974295|46.932983|0.007356|6.201387|0.199330|-9.982817|-1.841026|8.801896|-87.770602|-17.021803|40.409370|7.120111|33.788495|-0.005230|71536.167035|-115.567296
1446|-0.800895|3.698420|-1603.232723|12.928700|46.457603|1.157652|21.590014|0.200025|-7.437902|-2.190886|12.641679|-87.360042|-13.117226|45.102990|7.120111|29.909170|-0.004570|71538.556483|-115.631902
1447|-1.978632|4.455406|-1611.501171|nan|46.036323|2.296168|3.904577|0.214059|-10.095988|9.433022|11.280597|-86.969922|-14.495312|44.103700|7.120111|29.918955|-0.004803|71540.414942|-115.696507
1448|-7.973354|5.150951|-1643.110289|4.297395|46.014311|3.174124|-1.607767|0.235131|-11.576699|3.523301|5.115562|-86.718474|-18.856699|37.693125|7.120111|29.762699|-0.004110|71542.273402|-115.684819
1449|-24.993398|5.347611|-1678.784272|-12.927285|45.734332|3.324869|-28.939806|0.262681|-24.002774|1.041706|-12.058965|-86.807329|-33.922774|20.002740|7.120111|29.478602|-0.006012|71543.999127|-115.657600
1450|-52.352835|4.875265|-1701.571756|-40.222462|46.127545|2.899749|-59.487377|0.205558|-48.683817|-15.487870|-39.615206|-87.852004|-61.484493|-7.915162|7.120111|28.944169|-0.013398|71545.193851|-115.599503
1451|-51.005541|4.513662|-1729.453780|nan|46.231093|2.414701|-45.017475|0.139136|-46.255412|-22.696607|-38.534354|-89.157737|-57.216088|-6.922940|7.120111|28.528225|-0.013205|71545.724839|-115.502194
1452|-39.561700|4.180995|-1734.054576|-27.286463|45.481604|2.070310|-20.900970|0.158490|-35.802057|-15.754143|-27.322356|-89.705184|-45.961719|4.510935|7.120111|28.517443|-0.011304|71545.857586|-115.455417
1453|-39.374400|3.670696|-1715.813869|-28.111911|45.277360|1.684821|-3.674896|0.137470|-35.081719|-10.267671|-27.374556|-90.270900|-45.961719|4.207756|7.120111|28.361708|-0.011304|71545.326598|-115.408641
1454|-27.481685|3.527231|-1692.340782|-15.299037|44.630548|1.392049|2.296809|0.137470|-22.487989|-2.353942|-15.596936|-90.199955|-32.967989|15.462124|7.120111|28.402290|-0.009326|71544.264621|-115.308273
1455|-32.832088|3.148214|-1669.739904|-20.804030|43.902317|0.534513|-3.215534|0.118712|-23.119994|-4.091285|-21.012769|-90.255630|-38.480332|9.290419|7.120111|28.441883|-0.010257|71542.671643|-115.403094
1456|-20.037245|3.044812|-1651.819612|-8.137630|43.538183|0.122551|8.498197|0.128990|-15.607540|11.987274|-8.288146|-90.301804|-25.847878|20.992843|7.120111|28.634080|-0.008123|71540.680437|-115.841301
1457|-46.750299|2.361667|-1633.011894|-35.870254|43.298600|-0.927343|-42.261303|0.091725|-35.599541|-6.882606|-35.095174|-91.494479|-50.000554|-7.924586|7.120111|28.327812|-0.012662|71538.025494|-116.268420
1458|-55.085028|1.598199|-1625.637557|nan|43.196831|-1.836489|-46.165880|0.064701|-45.377064|-23.295179|-43.594322|-93.440038|-57.058751|-18.277309|7.120111|28.097374|-0.014982|71534.972310|-116.664916
1459|-63.881989|0.733691|-1635.717302|-53.349028|43.347454|-2.915959|-39.275450|0.018530|-49.614621|-24.876548|-52.611396|-95.497088|-66.016310|-29.756061|7.120111|27.621198|-0.018042|71531.122632|-117.110822
