859|nan|nan|nan|nan|nan|nan|nan|nan|nan|nan|nan|nan|nan|nan|nan|nan|nan|nan|nan
900|nan|nan|nan|nan|nan|nan|nan|nan|nan|nan|nan|nan|nan|nan|nan|nan|nan|nan|nan
901|nan|nan|nan|nan|nan|nan|nan|nan|nan|nan|nan|nan|nan|nan|nan|nan|nan|nan|nan
902|nan|nan|nan|nan|nan|nan|nan|nan|nan|nan|nan|nan|nan|nan|nan|nan|nan|nan|nan
903|nan|nan|nan|nan|nan|nan|nan|nan|nan|nan|nan|nan|nan|nan|nan|nan|nan|nan|nan
904|nan|nan|nan|nan|nan|nan|nan|nan|nan|nan|nan|nan|nan|nan|nan|nan|nan|nan|nan
905|nan|nan|nan|nan|nan|nan|nan|nan|nan|nan|nan|nan|nan|nan|nan|nan|nan|nan|nan
906|nan|nan|nan|nan|nan|nan|nan|nan|nan|nan|nan|nan|nan|nan|nan|nan|nan|nan|nan
907|nan|nan|nan|nan|nan|nan|nan|nan|nan|nan|nan|nan|nan|nan|nan|nan|nan|nan|nan
908|nan|nan|nan|nan|nan|nan|nan|nan|nan|nan|nan|nan|nan|nan|nan|nan|nan|nan|nan
909|nan|nan|nan|nan|nan|nan|nan|nan|nan|nan|nan|nan|nan|nan|nan|nan|nan|nan|nan
910|nan|nan|nan|nan|nan|nan|nan|nan|nan|nan|nan|nan|nan|nan|nan|nan|nan|nan|nan
911|nan|nan|nan|nan|nan|nan|nan|nan|nan|nan|nan|nan|nan|nan|nan|nan|nan|nan|nan
912|nan|nan|nan|nan|nan|nan|nan|nan|nan|nan|nan|nan|nan|nan|nan|nan|nan|nan|nan
913|nan|nan|nan|nan|nan|nan|nan|nan|nan|nan|nan|nan|nan|nan|nan|nan|nan|nan|nan
914|nan|nan|nan|nan|nan|nan|nan|nan|nan|nan|nan|nan|nan|nan|nan|nan|nan|nan|nan
915|nan|nan|nan|nan|nan|nan|nan|nan|nan|nan|nan|nan|nan|nan|nan|nan|nan|nan|nan
916|nan|nan|nan|nan|nan|nan|nan|nan|nan|nan|nan|nan|nan|nan|nan|nan|nan|nan|nan
917|nan|nan|nan|nan|nan|nan|nan|nan|nan|nan|nan|nan|nan|nan|nan|nan|nan|nan|nan
918|nan|nan|nan|nan|nan|nan|nan|nan|nan|nan|nan|nan|nan|nan|nan|nan|nan|nan|nan
919|nan|nan|nan|nan|nan|nan|nan|nan|nan|nan|nan|nan|nan|nan|nan|nan|nan|nan|nan
920|nan|nan|nan|nan|nan|nan|nan|nan|nan|nan|nan|nan|nan|nan|nan|nan|nan|nan|nan
921|nan|nan|nan|nan|nan|nan|nan|nan|nan|nan|nan|nan|nan|nan|nan|nan|nan|nan|nan
922|nan|nan|nan|nan|nan|nan|nan|nan|nan|nan|nan|nan|nan|nan|nan|nan|nan|nan|nan
923|nan|nan|nan|nan|nan|nan|nan|nan|nan|nan|nan|nan|nan|nan|nan|nan|nan|nan|nan
924|nan|nan|nan|nan|nan|nan|nan|nan|nan|nan|nan|nan|nan|-136.518396|nan|7.819777|nan|nan|nan
925|nan|nan|nan|nan|nan|nan|nan|nan|nan|nan|nan|nan|nan|-80.016061|nan|9.713422|nan|nan|nan
926|nan|nan|nan|nan|nan|nan|nan|nan|nan|nan|nan|nan|nan|-53.728417|nan|11.179005|nan|nan|nan
927|nan|nan|nan|nan|nan|nan|nan|nan|nan|nan|nan|nan|nan|-55.316254|nan|11.985207|nan|nan|nan
928|nan|nan|nan|nan|nan|nan|nan|nan|nan|nan|nan|nan|nan|-49.192416|21.574623|12.882234|nan|nan|nan
929|nan|nan|nan|nan|nan|nan|nan|nan|nan|nan|nan|nan|nan|-46.474148|21.574623|13.378047|nan|nan|nan
930|nan|nan|nan|nan|nan|nan|nan|nan|nan|nan|nan|nan|nan|-43.529695|21.574623|13.862310|nan|nan|nan
931|nan|nan|nan|nan|nan|nan|nan|nan|nan|nan|nan|nan|nan|-30.941231|21.574623|14.639513|nan|nan|nan
932|nan|nan|nan|nan|nan|nan|nan|nan|nan|nan|nan|nan|nan|-20.705852|21.574623|15.482477|nan|nan|nan
933|nan|nan|nan|nan|38.575412|nan|nan|nan|nan|nan|nan|nan|nan|-19.692779|21.574623|16.059138|nan|nan|nan
934|nan|nan|nan|nan|38.507600|nan|nan|nan|nan|nan|nan|nan|nan|-4.078830|21.574623|17.190204|nan|nan|nan
935|nan|nan|nan|nan|39.579586|nan|nan|nan|nan|-6.410061|nan|nan|nan|18.151305|21.574623|18.279373|nan|nan|nan
936|nan|nan|nan|nan|40.543828|nan|nan|nan|nan|2.268616|nan|nan|nan|12.287317|21.574623|18.861389|nan|nan|nan
937|nan|nan|nan|nan|41.260991|nan|nan|nan|nan|5.033761|nan|nan|nan|8.013008|21.574623|19.194245|nan|nan|nan
938|nan|nan|nan|nan|41.613409|nan|nan|nan|nan|-7.949534|nan|nan|nan|1.852367|21.574623|19.174705|nan|nan|nan
939|nan|nan|nan|nan|41.533497|nan|nan|nan|nan|-7.186798|nan|nan|nan|13.075417|21.574623|32.297973|nan|nan|nan
940|nan|nan|nan|nan|41.796395|nan|nan|nan|nan|-7.367132|nan|nan|nan|13.600603|21.574623|37.325554|nan|nan|nan
941|nan|nan|nan|nan|41.843635|nan|nan|nan|nan|-2.987145|nan|nan|nan|6.132538|21.574623|37.260527|nan|nan|nan
942|nan|nan|nan|nan|42.025802|nan|nan|nan|nan|-6.073029|nan|nan|nan|4.700415|21.574623|37.078428|nan|nan|nan
943|nan|14.672521|nan|nan|42.311313|nan|nan|nan|nan|-6.460076|nan|nan|nan|2.751087|21.574623|36.807043|-0.001570|nan|nan
944|nan|13.712939|nan|nan|42.284680|nan|nan|nan|nan|5.107408|nan|nan|nan|9.136190|21.574623|36.930671|-0.000770|nan|nan
945|nan|12.810844|nan|nan|42.226573|nan|nan|nan|nan|-8.894355|nan|nan|nan|9.965948|21.574623|37.053673|-0.000848|nan|nan
946|nan|12.283537|nan|nan|42.010853|nan|nan|nan|nan|-18.258954|nan|nan|nan|16.583967|21.574623|35.771557|0.000122|nan|nan
947|nan|11.564685|nan|nan|41.863367|nan|nan|nan|nan|-21.234548|nan|nan|nan|12.482488|21.574623|35.972504|-0.000573|nan|nan
948|nan|11.147527|nan|9.829184|41.789246|nan|nan|nan|nan|-24.015912|nan|nan|nan|20.270093|21.574623|36.300837|0.000057|nan|nan
949|nan|10.409894|nan|2.838860|41.946855|nan|nan|nan|nan|-17.773578|nan|nan|nan|17.424323|21.574623|36.417087|-0.000900|nan|nan
950|nan|9.615576|nan|nan|42.010301|nan|nan|nan|nan|-22.909705|nan|nan|nan|16.665910|21.574623|36.520159|-0.001281|nan|nan
951|nan|8.750479|nan|-3.415269|42.917221|nan|nan|nan|nan|-2.374596|nan|nan|nan|12.624315|21.574623|36.457871|-0.001884|nan|nan
952|nan|7.884727|nan|nan|43.694375|nan|nan|nan|nan|-5.876959|nan|nan|nan|11.495436|21.574623|36.421009|-0.002224|nan|nan
953|nan|7.086990|nan|-5.514805|44.416039|nan|-81.442213|nan|nan|-16.720811|nan|nan|nan|12.301818|21.574623|36.404444|-0.002251|nan|nan
954|nan|6.017071|nan|nan|45.160956|nan|-77.894236|nan|nan|-11.491414|nan|nan|nan|4.805885|34.223213|36.250080|-0.004472|nan|nan
955|nan|4.941392|nan|nan|46.057399|nan|-41.043649|nan|nan|-0.848914|nan|nan|nan|1.722382|37.454081|35.989915|-0.005760|nan|nan
956|nan|4.187491|nan|nan|47.030735|nan|-22.174860|nan|nan|12.575428|nan|nan|nan|6.618591|37.454081|35.804036|-0.005066|nan|nan
957|nan|3.492309|nan|-11.546241|47.658113|nan|-30.077174|nan|nan|7.827173|nan|nan|nan|7.318499|37.454081|35.832226|-0.004987|nan|nan
958|nan|2.765150|nan|nan|48.436645|nan|-31.931799|nan|nan|18.334063|nan|nan|nan|3.731792|37.454081|35.719592|-0.005551|nan|nan
959|nan|2.502195|nan|-4.260186|49.637320|-4.816663|-21.691045|-0.063688|nan|13.341496|nan|nan|nan|14.282223|37.454081|35.959836|-0.003808|nan|nan
1000|nan|2.358620|nan|nan|50.647366|-4.661329|-17.820524|-0.040200|nan|33.489301|nan|nan|nan|15.824646|37.454081|36.165165|-0.003270|nan|nan
1001|nan|2.106046|nan|-7.225633|51.548755|-4.698689|-12.821101|-0.064126|nan|9.613959|nan|-94.906893|nan|9.031100|37.454081|37.468802|-0.004070|nan|nan
1002|nan|2.326557|nan|8.167860|51.033373|-4.208049|9.192488|-0.064126|nan|7.356065|nan|-94.578900|nan|23.275789|24.488345|23.714761|-0.001736|nan|nan
1003|nan|2.467804|nan|6.984846|51.083377|-3.821635|7.982949|-0.097783|nan|15.080652|nan|-94.179313|nan|22.172690|24.488345|23.955562|-0.001762|nan|nan
1004|nan|2.756600|nan|13.983922|50.170244|-3.214957|26.529196|-0.097783|nan|-0.631006|nan|-93.567235|nan|28.096814|13.627459|13.596756|-0.000792|nan|nan
1005|nan|3.120155|nan|19.976397|49.422914|-2.479352|50.639316|-0.041790|nan|12.993265|nan|-92.823171|nan|32.900366|13.627459|14.143122|0.000126|nan|nan
1006|nan|3.377859|nan|15.822544|49.194218|-1.929035|39.027753|-0.026316|nan|4.696375|nan|-92.440559|nan|29.817789|13.627459|14.409921|-0.000320|nan|nan
1007|nan|3.444308|nan|7.539992|49.473807|-1.727473|23.626306|-0.037608|nan|-3.327196|nan|-92.492736|nan|20.563081|13.627459|14.301356|-0.001723|nan|nan
1008|nan|3.517737|nan|7.886263|49.223474|-1.499982|14.272546|-0.034658|nan|-18.128606|nan|-92.506096|nan|19.639257|13.627459|14.362431|-0.001841|nan|nan
1009|nan|3.449778|nan|2.094050|49.447840|-1.441020|18.868790|-0.038873|nan|-12.338856|nan|-92.939538|nan|14.801106|13.627459|14.247590|-0.002549|nan|nan
1010|nan|3.433916|nan|5.225768|48.924957|-1.296268|19.191333|-0.036417|nan|-21.645748|nan|-93.814726|nan|16.222584|13.627459|14.304399|-0.002273|nan|nan
1011|nan|3.572426|nan|12.950273|48.187602|-0.954571|17.820524|-0.019093|nan|-24.608032|nan|-94.192537|nan|24.235501|13.627459|14.494606|-0.001015|nan|nan
1012|nan|3.623745|nan|9.225514|47.840123|-0.744963|12.417921|-0.023135|nan|2.711600|nan|-94.429480|nan|21.597507|13.627459|14.479062|-0.001395|nan|nan
1013|nan|3.719529|nan|12.462487|47.249397|-0.459165|11.047112|-0.009950|nan|-3.251083|nan|-94.343578|nan|23.866864|13.627459|14.610688|-0.001093|nan|nan
1014|nan|3.653134|nan|5.296291|47.490095|-0.425381|9.837574|-0.009950|nan|17.501376|nan|-94.681315|nan|17.493817|13.627459|14.394169|-0.002090|nan|nan
1030|nan|3.549248|nan|nan|47.459819|-0.463519|5.321966|-0.009950|nan|4.149754|nan|-95.121456|nan|13.879043|13.627459|14.215981|-0.002745|nan|nan
1031|nan|3.448209|nan|2.147980|47.523076|-0.497624|11.127748|-0.011899|nan|9.177086|nan|-95.319735|nan|13.820985|13.627459|14.069839|-0.002771|nan|nan
1032|nan|3.272198|nan|-3.362047|47.807664|-0.654091|2.741619|-0.011899|nan|1.592721|nan|-95.536439|nan|9.811771|13.627459|13.796611|-0.003440|nan|nan
1033|-17.780228|3.137375|nan|nan|48.021872|-0.791792|6.531504|-0.011899|nan|9.161159|nan|-95.664365|nan|9.691492|13.627459|13.581200|-0.003453|nan|nan
1034|-16.610140|2.993498|nan|-2.379426|47.979306|-0.863594|0.241908|-0.008871|nan|4.945943|nan|-95.956383|nan|9.820098|13.627459|19.211854|-0.003518|nan|nan
1035|-17.572982|2.786454|nan|nan|48.295958|-1.026996|-4.596244|-0.000809|nan|-0.530906|nan|-96.303924|nan|7.423600|13.627459|25.834477|-0.003925|nan|nan
1036|-12.712409|2.142955|nan|-1.398792|48.405031|-1.057903|-4.757515|-0.000007|nan|-0.904865|nan|-96.702543|nan|11.214423|13.627459|25.862914|-0.003348|nan|nan
1037|-11.938609|1.625816|nan|-1.885677|48.461068|-1.093779|-7.337862|0.001308|nan|-12.216458|nan|-96.960760|nan|10.830597|13.627459|25.887440|-0.003426|nan|nan
1038|-9.519108|1.265236|nan|-0.579249|48.507125|0.151116|-6.208961|0.001655|nan|0.593160|nan|-97.290968|nan|12.282511|13.627459|25.908621|-0.003216|nan|nan
1039|-0.986704|0.999617|nan|6.467480|47.834079|1.436840|-6.854048|0.004690|nan|-15.243898|nan|-97.242464|nan|20.070879|13.627459|22.971075|-0.002010|nan|nan
1040|-4.628728|0.570987|nan|1.370354|48.057483|1.839126|-15.240176|0.003064|nan|-1.093684|nan|-97.272065|nan|15.445549|13.627459|22.915934|-0.002731|nan|nan
1041|-4.648914|0.362549|nan|1.706832|47.105411|2.045472|-11.611563|0.003022|nan|-5.952924|nan|-97.211529|nan|15.343436|13.627459|23.025281|-0.002836|nan|nan
1042|5.548559|0.354774|nan|11.277623|45.517325|2.652746|-1.532081|0.014272|nan|-7.630780|nan|-96.809351|nan|25.451994|10.643933|11.264596|-0.001276|nan|nan
1043|13.381974|0.474551|nan|18.527377|44.128848|3.379698|2.257804|0.026536|nan|4.106716|nan|-96.216257|nan|32.812400|10.643933|11.716004|-0.000097|nan|-98.693660
1044|3.675007|0.368914|nan|7.454235|43.832550|3.743973|2.741619|0.029285|nan|4.899167|nan|-95.682156|nan|22.409261|10.643933|11.594358|-0.001761|nan|-98.693660
1045|-5.424205|0.170591|nan|nan|43.091823|3.939630|-3.547978|0.029969|nan|2.622147|nan|-95.290483|nan|12.425428|10.643933|11.488096|-0.003321|nan|-98.646791
1046|-12.366933|-0.185074|nan|-9.487201|43.472324|3.685608|-15.804627|0.028868|nan|17.796033|-5.024249|-95.209096|nan|4.366067|10.643933|10.933571|-0.004514|nan|-98.602223
1047|-11.646973|-0.395378|nan|nan|43.673075|3.399942|-1.048266|0.014481|nan|11.785995|-5.970542|-95.131442|nan|5.047747|10.643933|10.650869|-0.004448|nan|-98.659158
1048|-10.976479|-0.662057|nan|nan|43.698171|3.159081|-0.806359|0.016115|nan|3.079247|-6.173347|-94.944149|nan|5.729426|10.643933|10.429978|-0.004383|nan|-98.707047
1049|-12.487188|-0.865473|nan|nan|43.952460|2.698904|3.467341|0.000918|nan|17.142375|-8.747709|-95.111328|nan|3.814575|10.643933|10.259980|-0.004658|nan|-98.803224
1050|-8.107196|-0.909507|nan|nan|44.238858|2.018736|13.385552|-0.010312|nan|2.983954|-5.442531|-95.248764|nan|8.200110|10.643933|10.131744|-0.003963|nan|-98.852135
1051|-13.291450|-1.000695|-46.068910|-11.793347|44.769878|1.359173|5.402602|-0.018589|-11.286448|10.165109|-11.269945|-95.387810|-15.927748|2.570613|10.643933|9.883799|-0.004816|nan|-98.942185
1052|-10.592735|-0.959947|-34.179686|nan|46.247326|0.935093|-0.564451|-0.019864|-9.826115|23.499614|-8.795675|-95.843656|-13.266765|5.176764|10.643933|9.852979|-0.004383|nan|-98.993080
1053|-4.011631|-0.807652|-36.474732|-1.273587|46.951935|0.827979|5.241330|-0.019607|-8.174611|16.909183|-2.388721|-96.141894|-9.135261|11.577139|10.643933|9.992114|-0.003322|nan|-98.993390
1054|-1.801993|-0.492446|-49.130345|nan|48.505320|0.605216|3.064163|-0.017488|1.041908|15.656850|-0.248584|-96.549388|-6.958092|12.826439|10.643933|10.108501|-0.002968|nan|-99.003181
1055|4.055636|-0.022947|-60.866879|6.405457|49.103257|0.607992|10.563297|-0.012023|0.287039|-3.431014|5.468859|-96.941631|-1.152311|18.879580|10.643933|10.513435|-0.001837|nan|-99.030438
1056|7.758966|0.381270|-71.717337|nan|49.461883|0.797927|21.932953|-0.010363|3.355653|-15.365075|8.930737|-97.142681|2.476303|22.571647|10.643933|10.831260|-0.001247|nan|-99.063826
1057|9.229747|0.833644|-84.568205|nan|49.268639|1.038926|20.965322|-0.001710|3.846136|-8.406049|10.260700|-97.053918|3.847112|23.727407|10.643933|18.334512|-0.001024|nan|-99.087423
1058|18.402396|1.470850|-91.310868|20.383238|49.201649|1.572622|31.851163|0.006178|7.436702|-6.283710|19.263950|-96.678420|12.878328|33.452443|10.643933|35.292119|0.001431|nan|-99.120235
1059|34.959361|2.185003|-104.808614|36.590748|49.131443|2.474744|42.091916|0.033542|20.124805|-7.446051|35.911444|-95.731218|29.247406|50.893048|10.643933|36.282933|0.004091|nan|-99.169555
1100|44.940437|2.891465|-114.467171|45.671571|49.910288|3.467717|47.817062|0.062229|30.281418|5.991249|46.059747|-94.577005|39.004345|61.939712|10.643933|37.034114|0.005676|nan|-99.210812
1101|39.131680|3.512250|-115.447853|39.613033|50.714555|4.189707|41.608100|0.092869|28.394054|-15.168345|40.423987|-93.830835|32.956655|57.269283|10.643933|37.589238|0.004693|nan|-99.257213
1102|37.371597|3.889868|-113.647297|nan|51.125631|4.887337|35.479776|0.116344|24.298158|-15.578472|38.911199|-93.100001|30.940759|56.630647|10.643933|37.984657|0.004365|nan|-99.303615
1103|51.204890|4.474948|-104.595577|51.790428|51.982836|5.910382|48.945964|0.144575|31.843682|-5.312417|53.078990|-92.054268|45.607583|72.135861|10.643933|38.866042|0.006565|nan|-99.335266
1104|55.062767|4.970357|-91.259695|54.918039|52.641664|6.946093|52.090762|0.182694|35.632636|-3.123310|57.274166|-90.741930|49.155560|77.468961|10.643933|39.347337|0.007141|nan|-99.375353
1105|54.675972|5.368610|-76.578354|54.853551|53.031494|8.050355|48.865328|0.209199|31.145612|11.467633|57.316160|-89.356547|48.429838|78.707528|10.643933|39.971979|0.007022|nan|-99.415439
1106|69.735080|5.995254|-51.339010|69.342470|53.803926|9.545025|67.089031|0.247835|38.220688|9.852229|72.850783|-87.590383|63.105563|96.060147|10.643933|40.855036|0.009404|nan|-99.448911
1107|61.266881|6.470930|-7.136018|60.089189|54.501701|10.662392|57.735272|0.281017|35.512371|14.888168|64.826272|-85.984608|54.235619|89.268711|10.643933|41.006407|0.007963|nan|-99.480275
1108|51.435684|6.894185|47.554042|49.729354|55.085392|11.503497|48.784692|0.310700|27.752269|24.527139|55.394362|-84.681563|48.634866|80.974071|10.643933|40.892183|0.006300|nan|-99.510434
1109|78.339370|7.901668|93.928974|76.609508|56.430790|13.267879|82.651751|0.340225|38.597576|50.721371|82.719970|-82.655363|75.563426|109.918837|10.643933|41.802634|0.010591|nan|-99.575873
1110|80.442907|8.747209|136.954883|77.477140|57.605380|14.967578|79.829496|0.371916|40.770618|42.153293|85.331147|-80.547195|76.216143|114.024287|10.643933|42.271879|0.010851|nan|-99.685832
1111|70.397844|9.273708|194.541837|nan|58.802376|16.342803|68.621112|0.394364|30.846340|35.735233|75.756721|-78.861646|65.652846|105.870389|10.643933|42.544805|0.009135|nan|-99.808712
1112|56.725594|9.556310|254.909972|53.041505|60.002218|17.245349|64.024869|0.400066|24.655733|20.037555|62.389028|-77.561366|51.460936|94.046212|17.901160|42.199626|0.006831|nan|-99.915920
1113|53.140899|9.860869|313.179681|49.947563|60.945852|18.171408|67.169667|0.403404|16.462979|26.789228|59.018827|-76.404172|46.148507|92.384849|34.364042|53.165410|0.006163|nan|-100.023127
1114|59.156260|10.296163|386.461405|55.086430|62.356500|19.094566|62.412151|0.419469|21.945566|25.451000|65.315108|-75.292457|51.631745|100.360820|34.364042|62.489107|0.007051|nan|-100.118081
1115|45.565158|10.501192|448.467054|40.295463|62.910317|19.524427|38.705210|0.428457|13.755268|23.937437|52.021960|-74.435991|37.520471|88.533945|34.364042|61.979297|0.004762|nan|-100.195165
1116|34.058259|10.573238|587.529397|28.283370|63.755692|19.783359|19.352605|0.438409|2.060523|32.342007|40.865717|-73.892000|25.505728|78.886935|34.364042|61.342382|0.002813|nan|-100.300081
1117|34.549310|10.713236|743.088192|28.966271|65.049864|19.928708|19.755784|0.456159|4.140200|13.194088|41.704289|-73.608614|25.505728|81.379667|34.364042|59.893567|0.002813|nan|-100.404996
1118|25.424318|10.625454|855.717513|18.686621|66.121684|19.804442|10.563297|0.465008|-2.254489|4.144456|32.847703|-73.763697|15.910062|74.546871|34.364042|58.040731|0.001257|nan|-100.476889
1119|22.404432|10.592877|940.770804|16.243742|65.854074|19.599597|5.402602|0.481144|-2.362156|13.815925|30.180520|-73.705114|12.442720|74.195299|34.364042|51.300276|0.000695|nan|-100.538990
1120|21.536274|10.524594|1019.424173|nan|65.809281|19.290971|8.386129|0.488177|-0.931678|22.601825|29.717619|-73.392011|11.152546|75.395775|34.364042|49.654789|0.000486|nan|-100.582994
1121|26.539061|10.517455|1091.809471|19.547198|64.550301|19.172228|7.741042|0.498456|0.304242|30.554888|35.184253|-72.741044|15.748790|81.779886|34.364042|49.472563|0.001231|nan|-100.621499
1122|17.742219|10.328368|1170.995359|8.994940|63.662572|18.992606|1.209538|0.505268|-9.527921|24.100026|26.926478|-72.380893|6.556303|74.318917|34.364042|47.422300|-0.000258|nan|-100.657159
1123|11.507495|10.042879|1234.311501|2.376758|62.770616|18.676170|1.128901|0.506151|-10.779085|21.389817|21.195729|-72.230226|-0.055838|69.075292|34.364042|46.940853|-0.001329|nan|-100.679015
1124|10.020691|9.691009|1273.515806|1.906001|61.780483|18.482880|1.451446|0.489712|-14.872732|25.299710|20.281256|-72.076456|-1.910462|67.490144|34.364042|41.714142|-0.001629|nan|-100.679918
1125|9.000999|9.329608|1304.207062|-0.883339|61.105874|18.198842|5.886417|0.485586|-10.803218|23.889919|19.821838|-72.067750|-3.281272|65.016190|34.364042|41.307066|-0.001851|nan|-100.677693
1126|13.613837|9.160174|1325.576219|4.470322|59.828977|17.991543|13.788732|0.480528|-7.010165|20.480999|25.047950|-71.794708|4.512429|68.720080|34.364042|41.258279|-0.001159|nan|-100.685125
1127|14.106283|8.834205|1329.194267|nan|58.956723|17.827901|15.320812|0.477091|-7.008894|26.359306|26.094943|-71.587168|4.673700|67.861046|34.364042|41.182226|-0.001133|nan|-100.674121
1128|15.151837|8.434363|1310.846065|nan|58.402987|17.648154|25.077751|0.469141|-2.601872|18.825938|27.615812|-71.526830|5.399423|67.490684|38.051643|41.085775|-0.001015|nan|-100.580261
1129|14.419292|8.143454|1307.514166|nan|58.047668|17.556404|40.398563|0.447471|-6.050463|26.209490|27.174438|-71.565246|4.351157|64.487747|38.051643|40.974533|-0.001185|nan|-100.441183
1330|60.235345|8.995270|1301.579622|49.625867|58.816933|18.729380|95.634124|0.449044|24.786218|51.261872|73.365381|-70.492542|49.829779|110.350805|38.051643|42.083825|0.006175|nan|-100.299411
1331|56.474673|9.565279|1297.597172|44.684010|59.615094|19.698053|85.474005|0.458998|23.715086|49.671402|70.018204|-69.631712|45.717350|105.314811|38.051643|42.748690|0.005509|nan|-100.041886
1332|48.693405|10.054112|1281.601519|36.557580|60.339620|20.481819|75.313888|0.454098|16.770215|44.867321|62.608790|-69.040320|37.013129|96.047025|38.051643|43.058560|0.004190|nan|-99.589815
1333|49.033056|10.563021|1265.488365|37.294199|61.160733|21.269344|88.376897|0.440468|15.085752|30.075081|62.730766|-68.709757|36.289314|94.972979|38.051643|43.395182|0.004111|nan|-99.032259
1334|56.279758|11.215903|1263.978397|43.812197|61.489271|22.231626|98.375742|0.445749|20.418243|26.802068|69.637214|-68.636966|42.740182|100.668672|38.051643|43.902560|0.005154|nan|-98.536274
1335|47.929217|11.562580|1265.950463|33.822037|61.733512|22.857134|88.538169|0.449156|16.187038|28.755070|60.762379|-69.075134|33.228331|89.694281|38.051643|43.768076|0.003680|nan|-98.064956
1336|39.631250|11.902148|1272.201205|24.379455|62.115986|23.197508|94.182678|0.438265|11.636145|24.111625|51.744622|-69.567579|24.197115|79.514811|38.051643|43.441539|0.002628|nan|-97.446291
1337|33.152996|12.123964|1271.740700|nan|62.566074|23.366785|78.136143|0.414592|6.938906|20.644009|44.499354|-70.174677|17.020524|71.189965|38.051643|42.968860|0.002510|nan|-96.803040
1338|34.635626|12.287233|1322.039448|19.217854|62.752272|23.591516|68.701748|0.396981|6.065265|11.127560|45.139583|-71.113856|17.826882|71.062354|38.051643|42.695321|0.002986|nan|-96.181947
1339|44.152356|12.549919|1361.248595|28.099363|62.317370|23.948773|104.020252|0.387989|15.495210|8.923108|53.709317|-71.889489|26.696826|78.855472|38.051643|48.795193|0.005216|nan|-95.408508
1340|47.074713|12.768688|1396.226788|nan|62.320701|24.397024|107.890773|0.372949|14.312042|35.100690|55.543462|-72.566674|28.954630|79.729095|38.051643|48.770304|0.005580|nan|-94.757764
1341|39.840329|12.746593|1426.292572|21.250043|61.927950|24.653352|89.425163|0.359952|10.649728|16.599780|47.071817|-73.853584|21.052317|70.426944|38.051643|48.703167|0.004302|nan|-93.322298
1342|27.177824|12.467246|1469.891548|7.948226|61.357410|24.417242|61.928337|0.349683|5.746107|1.117098|33.241381|-75.239641|7.747401|55.722190|38.051643|48.890376|0.002151|nan|-91.712674
1343|32.154660|12.231443|1506.162104|13.196781|60.612099|24.263965|62.170244|0.340761|8.979148|16.369594|37.150645|-76.215330|12.101737|58.676687|38.051643|52.348007|0.002855|nan|-90.549511
1344|38.822705|11.886856|1536.506836|nan|59.491278|24.436198|73.701171|0.333016|7.506838|20.892698|42.624247|-77.748299|18.149426|63.174350|38.051643|51.238355|0.003832|nan|-89.668200
1345|43.314819|11.381556|1561.248519|23.415571|58.098419|24.877291|63.460418|0.333917|10.097035|2.189636|45.943424|-79.204843|23.299947|65.532142|38.051643|48.064556|0.004457|nan|-88.854115
1346|45.978822|11.049501|1587.021727|nan|57.050886|25.455560|53.461571|0.340646|6.993256|3.472198|47.478916|-80.293178|21.155843|66.548153|38.051643|48.096361|0.004782|nan|-88.098612
1347|42.451506|10.695293|1631.338761|20.038304|56.109541|25.887315|49.268507|0.342318|7.120191|1.267779|42.900992|-81.090019|16.962779|61.212348|38.051643|47.921820|0.004104|nan|-87.284049
1348|25.299992|9.906102|1682.364014|2.665930|55.517409|25.850530|21.852317|0.339484|-4.539687|1.464881|24.716676|-82.263185|-0.857745|42.249082|38.051643|47.280483|0.001225|nan|-86.628350
1349|28.168169|9.123730|1719.970487|5.621722|54.660657|26.020387|20.562143|0.337976|-6.362842|-0.812825|26.428292|-83.524388|1.319423|44.249059|38.051643|43.516559|0.001577|nan|-86.368628
1350|32.836589|8.481191|1742.413107|9.571288|53.790183|26.248219|23.223126|0.337369|-4.172333|-0.530205|29.979395|-84.281438|5.270580|48.048620|38.051643|42.464383|0.002215|nan|-86.352939
1351|29.784544|7.553976|1773.399200|4.848658|53.238170|26.443566|24.029485|0.334514|-7.801245|2.633063|25.710616|-84.811396|0.520695|44.158422|38.051643|42.232538|0.001603|nan|-86.329721
1352|26.902865|6.649453|1799.208078|nan|52.916891|26.543893|11.208384|0.333024|-9.269859|-0.359586|21.566379|-85.447735|-3.107919|40.595372|38.051643|42.021716|0.001017|nan|-86.306503
1353|24.177988|5.863287|1825.662540|nan|52.521494|26.487063|1.128901|0.331811|-10.177201|-3.393595|17.653073|-85.920344|-6.575261|37.366712|38.051643|41.829809|-0.000117|nan|-86.279794
1354|21.539228|4.739119|1859.712287|nan|52.213353|26.346585|-4.112428|0.329719|-13.163906|2.667319|13.799954|-86.395591|-9.961966|34.468689|36.344701|38.279836|-0.001242|nan|-86.254709
1355|24.772793|3.587155|1872.543361|nan|52.610789|26.159612|-2.983527|0.332416|-6.501610|6.208697|15.854151|-86.726903|-7.462255|35.377500|36.344701|38.120356|-0.000839|nan|-86.156433
1356|20.084948|2.567372|1865.976811|-8.994745|53.083177|25.775733|-4.112428|0.335343|-9.584212|28.809257|9.875957|-87.345040|-12.864857|28.251990|36.344701|37.820932|-0.002246|nan|-86.051777
1357|17.308736|1.697023|1855.395506|-12.433811|53.961210|25.275307|-7.418499|0.335508|-10.331553|20.594296|5.799084|-87.805941|-16.332199|23.165480|36.344701|37.415746|-0.003407|nan|-85.960129
1358|16.672441|0.967728|1842.900068|nan|54.796642|24.630694|-7.982950|0.333193|-6.741405|9.698998|3.941030|-88.114515|-17.622373|20.398995|36.344701|37.086594|-0.003869|nan|-85.858785
1359|22.195533|0.304227|1829.156142|-7.341054|55.505005|23.874643|-4.112428|0.333056|5.137705|22.273571|8.314869|-88.227571|-12.703585|23.555758|36.344701|36.974571|-0.003075|nan|-85.750394
1400|29.128388|-0.083520|1821.397896|-1.322311|55.540450|23.127696|47.736426|0.315049|10.226647|32.278723|14.038640|-88.156614|-6.333353|28.155227|36.344701|37.033466|-0.002046|nan|-85.667549
1401|27.721217|-0.322506|1810.679365|-4.332046|56.201494|22.393357|41.688737|0.287420|10.931387|23.315686|11.350451|-88.266603|-6.508613|24.589773|36.344701|36.917470|-0.002359|nan|-85.552157
1402|31.927307|-0.378455|1801.228954|0.800244|56.556101|21.818246|37.253765|0.265950|13.279990|14.172303|14.311935|-88.288658|-1.119364|26.753627|36.344701|36.973937|-0.001760|nan|-85.515079
1403|28.258052|-0.423829|1792.703244|-4.804295|57.187566|20.891363|32.657521|0.256312|20.048207|9.934874|9.455584|-88.451789|-5.231793|20.524375|36.344701|36.856749|-0.002424|nan|-84.969996
1404|15.422041|-0.582361|1769.272305|-17.488017|58.024489|19.529569|25.884109|0.202634|11.625540|12.955039|-4.537001|-88.925756|-14.936073|4.683273|36.344701|36.297619|-0.005424|nan|-84.488193
1405|16.799376|-0.611354|1744.588747|-15.455736|58.213805|18.291791|17.820524|0.162873|15.313484|19.193475|-4.381750|-90.631723|-13.887807|3.922070|36.344701|36.015306|-0.005255|nan|-84.044736
1406|19.794279|-0.672954|1716.670178|nan|58.353056|16.879497|11.530927|0.129609|24.694780|-4.659734|-2.537725|-92.125692|-11.066188|4.941307|36.344701|35.798699|-0.004812|nan|-83.673734
1407|29.925778|-0.418570|1701.277863|-3.180627|57.715743|15.964884|14.272546|0.116426|23.091376|-11.517806|6.623166|-93.122313|3.012022|13.762135|36.344701|36.097515|-0.003211|nan|-83.212102
1408|37.934082|-0.037137|1696.579063|5.106153|57.126456|15.390805|22.900582|0.114023|26.593377|-13.205268|13.844696|-93.842526|19.153700|20.279154|36.344701|36.487681|-0.001948|nan|-82.818498
1409|51.685950|0.623294|1689.972852|18.141333|56.028603|14.741146|45.397986|0.115606|47.900192|-4.902411|26.894282|-94.364945|32.861160|33.261527|17.901160|18.808731|0.000252|nan|-82.493518
1410|45.700027|1.049432|1691.964169|11.037757|55.435718|13.744089|41.608101|0.078387|45.453794|-0.949306|20.337703|-94.810235|26.973471|26.364699|17.901160|18.933648|-0.000724|nan|-82.217528
1411|43.931128|1.489752|1689.443888|nan|54.830674|12.875915|31.931799|0.050799|43.039805|7.411091|18.232295|-95.052596|25.279482|23.991572|17.901160|19.018997|-0.001010|nan|-81.928036
1412|34.388956|1.687929|1672.781966|nan|54.304279|12.015650|9.111852|0.045838|28.564774|9.789452|8.446060|-95.363231|22.244451|13.877402|17.901160|18.918586|-0.002546|nan|-81.438861
1413|36.177755|1.915032|1660.689359|nan|54.015715|11.252205|15.320813|0.041915|31.698430|8.400686|9.944446|-95.690085|24.099076|15.257888|17.901160|18.828117|-0.002247|nan|-81.075195
1414|36.070580|2.136986|1647.798562|nan|53.897706|10.395359|21.368502|0.034458|35.059076|-18.559343|9.659004|-96.272769|26.259076|15.158749|17.901160|18.746485|-0.002247|nan|-81.070807
1415|36.186946|1.682568|1646.334348|nan|53.729184|9.776212|25.480930|0.020708|28.821306|-15.523632|9.592580|-96.916687|26.500983|14.998269|17.901160|18.672722|-0.002208|nan|-81.059094
1416|40.082933|1.324409|1652.007783|7.482978|53.329335|9.477857|31.528619|0.019539|27.892453|-12.750173|13.360248|-97.227443|30.132776|18.627675|17.901160|18.759823|-0.001557|nan|-81.049925
1417|39.854028|1.031543|1664.027604|nan|52.880311|9.166333|27.254919|0.022758|30.691817|-1.477353|13.036691|-97.150716|30.052140|18.519651|17.901160|18.817693|-0.001570|nan|-81.040755
1418|53.099083|1.019767|1674.457355|20.259878|52.012028|9.390825|22.819947|0.042980|32.716401|11.449188|26.331665|-96.843340|41.677692|32.086677|17.901160|19.313585|0.000591|nan|-81.057028
1419|52.156084|0.823941|1683.857295|18.423031|51.518949|9.563059|24.190756|0.061210|34.470365|19.215936|25.452415|-96.752788|40.871333|30.961792|17.901160|19.530348|0.000460|nan|-81.073302
1420|59.047777|0.839932|1673.387985|26.932651|50.963718|9.956305|35.157233|0.081806|36.845039|5.148607|32.315584|-96.635693|47.886653|38.212501|17.901160|19.988066|0.001593|nan|-81.151728
1421|49.885660|0.770673|1657.050114|16.917152|51.068485|9.914048|22.336132|0.089496|35.254468|4.277161|23.004688|-96.835067|38.855437|29.070505|17.901160|19.859337|0.000135|1982.748132|-81.239848
1422|38.942973|0.667660|1651.759498|nan|50.785882|9.838560|7.902313|0.091600|21.248940|-13.598854|11.939559|-97.217762|25.970232|19.066654|17.901160|19.735619|-0.001609|1982.878242|-81.306975
1423|43.811659|0.674424|1657.275693|12.207221|50.202226|10.006431|9.434394|0.097765|20.808040|-11.974320|16.744156|-96.968617|27.609655|24.978543|17.901160|19.771123|-0.000802|1982.997802|-81.392456
1424|38.913636|0.441713|1675.315908|6.195672|50.481137|10.002784|1.290174|0.101821|20.371494|1.446872|11.736679|-96.927572|22.852140|20.689048|17.901160|21.565564|-0.001570|1983.106813|-81.495878
1425|38.289996|0.198231|1692.336345|nan|50.791029|10.024163|3.306070|0.102732|16.528002|-3.988341|10.944816|-96.979194|19.488325|21.047072|17.901160|21.311056|-0.001648|1983.208791|-81.552211
1426|35.641553|0.026808|1723.743540|nan|50.919013|9.942693|-4.596244|0.098840|16.827967|-2.513859|8.191438|-97.006468|16.988613|19.312120|17.901160|21.096727|-0.002051|1983.310769|-81.599879
1427|42.906439|0.195376|1756.007215|11.467249|50.622843|10.100775|-0.645087|0.105209|18.726144|-0.230062|15.438421|-96.718420|24.407112|28.108993|17.901160|21.224007|-0.000854|1983.423297|-81.633632
1428|40.006789|0.224695|1791.203614|7.482604|50.665688|10.133712|-4.676880|0.107420|16.624524|15.523442|12.506686|-96.410881|21.505493|26.190193|17.901160|21.155063|-0.001296|1983.539341|-81.667386
1429|40.486673|0.191040|1822.907762|9.894579|50.500843|10.249238|0.886995|0.107669|14.068318|6.061691|12.977509|-96.028562|20.870580|28.102542|17.901160|21.241363|-0.001192|1983.662418|-81.766837
1430|42.767074|0.106244|1839.958910|12.249670|49.415425|9.692271|9.756938|0.108183|29.288029|1.408336|15.279242|-95.656523|23.370291|31.841602|17.901160|21.447896|-0.000789|36204.149449|-81.868180
1431|46.862668|0.014908|1855.424624|16.574514|48.021451|9.310769|12.176014|0.110893|28.842042|-6.420373|19.563507|-95.024159|27.724627|36.824897|15.804627|17.552831|-0.000086|36206.203079|-81.951766
1432|45.278079|-0.081768|1862.960110|nan|46.913147|8.960525|14.595090|0.119477|26.593163|-0.663772|18.236872|-94.323609|26.434454|36.020827|15.804627|17.611054|-0.000294|36207.871648|-81.996546
1433|45.915840|0.125969|1864.197562|16.247384|45.638937|8.675106|11.450291|0.126864|26.920793|11.528070|19.239060|-93.602058|27.402084|37.306837|15.804627|17.788998|-0.000138|36209.155164|-82.039434
1434|46.995816|0.374213|1858.639008|nan|44.683808|8.283785|-0.322544|0.182554|31.493207|8.147057|20.813842|-92.982455|28.853529|38.576720|15.804627|17.904500|0.000096|62003.956040|-82.151487
1435|38.048833|0.414998|1859.475923|7.967141|44.556094|7.773610|-7.821678|0.190205|20.225484|14.648166|12.546036|-92.773332|20.306129|29.562042|15.804627|17.662172|-0.001283|62005.934070|-82.685497
1436|25.450974|0.318710|1847.596367|-4.133954|44.566537|7.107830|-17.256073|0.200268|9.650115|-3.864079|0.668438|-92.855623|8.130115|17.204466|15.804627|17.143223|-0.003247|62007.912090|-83.517820
1437|22.596261|0.308464|1818.775755|nan|44.827098|6.549544|-9.756939|0.206047|4.830716|4.607706|-1.587475|-93.116758|5.471039|14.889542|15.804627|16.722048|-0.003637|62009.670330|-84.292790
1438|17.948731|0.274482|1781.112444|nan|44.676456|5.933987|-6.128325|0.201091|2.237652|-8.943692|-5.658106|-93.325656|1.277975|10.657773|15.804627|16.382226|-0.004313|62011.428570|-84.954244
1439|19.244870|0.342904|1754.756273|nan|44.115196|5.223961|9.273124|0.180442|7.531641|-0.061369|-3.727037|-93.106028|3.051964|12.393056|15.804627|16.109968|-0.004027|62013.076920|-85.889859
1440|22.371302|0.424056|1729.105622|-4.288834|43.564908|4.612756|6.854048|0.199529|8.759931|14.691603|0.074284|-92.814254|6.680577|16.125821|15.804627|16.047549|-0.003442|65487.317797|-86.807858
1441|23.549983|0.572473|1689.704990|nan|42.979577|4.169699|6.773412|0.215217|8.373607|17.359955|1.917961|-92.560008|8.373930|17.780469|15.804627|15.995921|-0.003168|65488.478246|-87.595401
1442|26.594210|0.816760|1648.580159|0.917166|42.887430|4.069198|0.806359|0.215916|6.081263|16.813578|5.545858|-92.519918|9.441908|21.289742|15.804627|16.107179|-0.002596|65489.406597|-88.190617
1443|33.915667|1.215532|1598.610953|8.798633|42.750201|4.076198|10.482661|0.222733|15.583585|15.893853|13.439341|-92.461868|17.263585|29.131709|15.804627|16.344344|-0.001335|65490.102860|-88.624757
1444|35.099298|1.537784|1518.985966|10.523412|42.950802|4.049626|12.176014|0.229815|17.356293|21.267652|15.199041|-92.725190|18.956938|30.129718|15.804627|16.677044|-0.001061|65490.450992|-89.101009
1445|38.445150|1.809570|1446.112125|nan|42.348977|3.998104|16.288442|0.240922|22.827459|1.957089|19.218016|-92.685406|22.827459|33.497071|15.804627|16.926580|-0.000437|65490.799123|-89.377462
1446|50.973141|2.311396|1379.993958|26.845329|41.728515|4.326319|33.383244|0.252266|27.328210|8.972519|32.526244|-92.246930|35.890468|46.836576|15.804627|25.961616|0.001669|89306.584618|-89.395920
1447|72.222662|3.067346|1286.820977|48.571681|41.597469|5.241428|55.074288|0.276446|38.698600|1.471407|54.674955|-90.953296|57.662148|69.884190|15.804627|27.176808|0.005179|89308.800000|-89.423560
1448|73.424537|3.764839|1195.742276|nan|41.446109|6.381168|70.153193|0.297376|34.232276|3.564760|56.782169|-89.686937|55.515501|72.535497|15.804627|28.088862|0.005452|89312.123074|-89.441078
1449|80.127887|4.759474|1118.110725|57.970066|41.673719|7.569766|76.523425|0.316139|43.167897|7.791351|64.476104|-88.241903|62.692092|80.858891|15.804627|28.907198|0.006739|89317.345061|-89.461358
1450|67.076078|5.497730|1060.031419|44.414908|42.098909|8.230705|70.959552|0.317180|38.269672|3.014254|52.352252|-87.182043|50.112899|69.462216|15.804627|29.027264|0.005115|89324.465933|-89.483709
1451|73.715857|6.366799|1014.808655|52.020491|42.256905|9.247009|69.024291|0.334715|35.044336|0.116162|60.044562|-86.026518|57.208854|78.053188|15.804627|29.677438|0.006909|89333.802202|-89.507455
1452|78.360964|7.108447|965.389838|57.607053|42.565338|10.382349|63.299145|0.365598|37.804721|2.175009|65.791132|-84.735810|62.288913|84.385618|15.804627|30.272429|0.007726|89345.512094|-89.526332
1453|80.690006|7.758164|935.763847|nan|43.829521|11.540981|71.040187|0.392855|40.066016|10.479493|69.034836|-83.752726|65.030532|88.305661|15.804627|30.663431|0.008167|89359.437370|-89.546603
1454|80.945937|8.244198|933.657736|60.633431|44.776829|12.752835|66.927759|0.425505|38.151104|-3.013144|70.272075|-82.725658|65.675619|90.382359|15.804627|31.044322|0.008269|89375.894510|-89.551144
1455|79.294146|8.674305|955.495360|58.336899|45.865808|13.832888|65.153770|0.458268|36.701254|1.208777|69.591642|-81.931809|64.385445|90.765160|15.804627|31.258963|0.008061|77971.927913|-89.552539
1456|85.585457|9.251263|989.601661|65.802778|46.273135|15.218995|69.266198|0.497662|34.672751|10.805534|76.966934|-80.689726|69.317585|99.395681|15.804627|31.802750|0.009124|57126.742853|-89.553533
1457|85.707887|9.932174|1035.408208|65.388345|47.259919|16.534537|77.087877|0.525634|34.595929|44.031506|78.125177|-79.138562|67.080765|101.728220|15.804627|31.981801|0.009187|57141.705494|-89.556182
1458|85.795466|10.597344|1068.807952|66.988055|48.306248|17.874435|74.668801|0.560069|32.198474|39.279049|79.228380|-77.727131|66.683308|104.118565|15.804627|32.181544|0.009238|40756.270770|-89.560724
1459|91.662315|11.349392|1105.118898|73.010636|48.997325|19.284422|81.361577|0.597224|36.165518|44.561586|86.157129|-76.037590|72.730997|112.366413|15.804627|35.196746|0.010209|11435.175385|-89.575164
