859|nan|nan|nan|nan|nan|nan|nan|nan|nan|nan|nan|nan|nan|nan|nan|nan|nan|nan|nan|nan|nan|nan|nan|nan|nan|nan|nan|nan|nan|nan|nan|nan|nan|nan|nan|nan|nan|nan|nan|nan|nan|nan|nan|nan|nan|nan|nan|nan|nan|nan
900|nan|nan|nan|nan|nan|nan|nan|nan|nan|nan|nan|nan|nan|nan|nan|nan|nan|nan|nan|nan|nan|nan|nan|nan|nan|nan|nan|nan|nan|nan|nan|nan|nan|nan|nan|nan|nan|nan|nan|nan|nan|nan|nan|nan|nan|nan|nan|nan|nan|nan
901|nan|nan|nan|nan|nan|nan|nan|nan|nan|nan|nan|nan|nan|nan|nan|nan|nan|nan|nan|nan|nan|nan|nan|nan|nan|nan|nan|nan|nan|nan|nan|nan|nan|nan|nan|nan|nan|nan|nan|nan|nan|nan|nan|nan|nan|nan|nan|nan|nan|nan
902|nan|nan|nan|nan|nan|nan|nan|nan|nan|nan|nan|nan|nan|nan|nan|nan|nan|nan|nan|nan|nan|nan|nan|nan|nan|nan|nan|nan|nan|nan|nan|nan|nan|nan|nan|nan|nan|nan|nan|nan|nan|nan|nan|nan|nan|nan|nan|nan|nan|nan
903|nan|nan|nan|nan|nan|nan|nan|nan|nan|nan|nan|nan|nan|nan|nan|nan|nan|nan|nan|nan|nan|nan|nan|nan|nan|nan|nan|nan|nan|nan|nan|nan|nan|nan|nan|nan|nan|nan|nan|nan|nan|nan|nan|nan|nan|nan|nan|nan|nan|nan
904|nan|nan|nan|nan|nan|nan|nan|nan|nan|nan|nan|nan|nan|nan|nan|nan|nan|nan|nan|nan|nan|nan|nan|nan|nan|nan|nan|nan|nan|nan|nan|nan|nan|nan|nan|nan|nan|nan|nan|nan|nan|nan|nan|nan|nan|nan|nan|nan|nan|nan
905|nan|nan|nan|nan|nan|nan|nan|nan|nan|nan|nan|nan|nan|nan|nan|nan|nan|nan|nan|nan|nan|nan|nan|nan|nan|nan|nan|nan|nan|nan|nan|nan|nan|nan|nan|nan|nan|nan|nan|nan|nan|nan|nan|nan|nan|nan|nan|nan|nan|nan
906|nan|nan|nan|nan|nan|nan|nan|nan|nan|nan|nan|nan|nan|nan|nan|nan|nan|nan|nan|nan|nan|nan|nan|nan|nan|nan|nan|nan|nan|nan|nan|nan|nan|nan|nan|nan|nan|nan|nan|nan|nan|nan|nan|nan|nan|nan|nan|nan|nan|nan
907|nan|nan|nan|nan|nan|nan|nan|nan|nan|nan|nan|nan|nan|nan|nan|nan|nan|nan|nan|nan|nan|nan|nan|nan|nan|nan|nan|nan|nan|nan|nan|nan|nan|nan|nan|nan|nan|nan|nan|nan|nan|nan|nan|nan|nan|nan|nan|nan|nan|nan
908|nan|nan|nan|nan|nan|nan|nan|nan|nan|nan|nan|nan|nan|nan|nan|nan|nan|nan|nan|nan|nan|nan|nan|nan|nan|nan|nan|nan|nan|nan|nan|nan|nan|nan|nan|nan|nan|nan|nan|nan|nan|nan|nan|nan|nan|nan|nan|nan|nan|nan
909|nan|nan|nan|nan|nan|nan|nan|nan|nan|nan|nan|nan|nan|nan|nan|nan|nan|nan|nan|nan|nan|nan|nan|nan|nan|nan|nan|nan|nan|nan|nan|nan|nan|nan|nan|nan|nan|nan|nan|nan|nan|nan|nan|nan|nan|nan|nan|nan|nan|nan
910|nan|nan|nan|nan|nan|nan|nan|nan|nan|nan|nan|nan|nan|nan|nan|nan|nan|nan|nan|nan|nan|nan|nan|nan|nan|nan|nan|nan|nan|nan|nan|nan|nan|nan|nan|nan|nan|nan|nan|nan|nan|nan|nan|nan|nan|nan|nan|nan|nan|nan
911|nan|nan|nan|nan|nan|nan|nan|nan|nan|nan|nan|nan|nan|nan|nan|nan|nan|nan|nan|nan|nan|nan|nan|nan|nan|nan|nan|nan|nan|nan|nan|nan|nan|nan|nan|nan|nan|nan|nan|nan|nan|nan|nan|nan|nan|nan|nan|nan|nan|nan
912|nan|nan|nan|nan|nan|nan|nan|nan|nan|nan|nan|nan|nan|nan|nan|nan|nan|nan|nan|nan|nan|nan|nan|nan|nan|nan|nan|nan|nan|nan|nan|nan|nan|nan|nan|nan|nan|nan|nan|nan|nan|nan|nan|nan|nan|nan|nan|nan|nan|nan
913|nan|nan|nan|nan|nan|nan|nan|nan|nan|nan|nan|nan|nan|nan|nan|nan|nan|nan|nan|nan|nan|nan|nan|nan|nan|nan|nan|nan|nan|nan|nan|nan|nan|nan|nan|nan|nan|nan|nan|nan|nan|nan|nan|nan|nan|nan|nan|nan|nan|nan
914|nan|nan|nan|nan|nan|nan|nan|nan|nan|nan|nan|nan|nan|nan|nan|nan|nan|nan|nan|nan|nan|nan|nan|nan|nan|nan|nan|nan|nan|nan|nan|nan|nan|nan|nan|nan|nan|nan|nan|nan|nan|nan|nan|nan|nan|nan|nan|nan|nan|nan
915|nan|nan|nan|nan|nan|nan|nan|nan|nan|nan|nan|nan|nan|nan|nan|nan|nan|nan|nan|nan|nan|nan|nan|nan|nan|nan|nan|nan|nan|nan|nan|nan|nan|nan|nan|nan|nan|nan|nan|nan|nan|nan|nan|nan|nan|nan|nan|nan|nan|nan
916|nan|nan|nan|nan|nan|nan|nan|nan|nan|nan|nan|nan|nan|nan|nan|nan|nan|nan|nan|nan|nan|nan|nan|nan|nan|nan|nan|nan|nan|nan|nan|nan|nan|nan|nan|nan|nan|nan|nan|nan|nan|nan|nan|nan|nan|nan|nan|nan|nan|nan
917|nan|nan|nan|nan|nan|nan|nan|nan|nan|nan|nan|nan|nan|nan|nan|nan|nan|nan|nan|nan|nan|nan|nan|nan|nan|nan|nan|nan|nan|nan|nan|nan|nan|nan|nan|nan|nan|nan|nan|nan|nan|nan|nan|nan|nan|nan|nan|nan|nan|nan
918|nan|nan|nan|nan|nan|nan|nan|nan|nan|nan|nan|nan|nan|nan|nan|nan|nan|nan|nan|nan|nan|nan|nan|nan|nan|nan|nan|nan|nan|nan|nan|nan|nan|nan|nan|nan|nan|nan|nan|nan|nan|nan|nan|nan|nan|nan|nan|nan|nan|nan
919|nan|nan|nan|nan|nan|nan|nan|nan|nan|nan|nan|nan|nan|nan|nan|nan|nan|nan|nan|nan|nan|nan|nan|nan|nan|nan|nan|nan|nan|nan|nan|nan|nan|nan|nan|nan|nan|nan|nan|nan|nan|nan|nan|nan|nan|nan|nan|nan|nan|nan
920|nan|nan|nan|nan|nan|nan|nan|nan|nan|nan|nan|nan|nan|nan|nan|nan|nan|nan|nan|nan|nan|nan|nan|nan|nan|nan|nan|nan|nan|nan|nan|nan|nan|nan|nan|nan|nan|nan|nan|nan|nan|nan|nan|nan|nan|nan|nan|nan|nan|nan
921|nan|nan|nan|nan|nan|nan|nan|nan|nan|nan|nan|nan|nan|nan|nan|nan|nan|nan|nan|nan|nan|nan|nan|nan|nan|nan|nan|nan|nan|nan|nan|nan|nan|nan|nan|nan|nan|nan|nan|nan|nan|nan|nan|nan|nan|nan|nan|nan|nan|nan
922|nan|nan|nan|nan|nan|nan|nan|nan|nan|nan|nan|nan|nan|nan|nan|nan|nan|nan|nan|nan|nan|nan|nan|nan|nan|nan|nan|nan|nan|nan|nan|nan|nan|nan|nan|nan|nan|nan|nan|nan|nan|nan|nan|nan|nan|nan|nan|nan|nan|nan
923|nan|nan|nan|nan|nan|nan|nan|nan|nan|nan|nan|nan|nan|nan|nan|nan|nan|nan|nan|nan|nan|nan|nan|nan|nan|nan|nan|nan|nan|nan|nan|nan|nan|nan|nan|nan|nan|nan|nan|nan|nan|nan|nan|nan|nan|nan|nan|nan|nan|nan
924|nan|nan|nan|nan|nan|nan|nan|nan|nan|nan|nan|nan|nan|nan|nan|nan|nan|nan|nan|nan|nan|nan|nan|nan|nan|nan|nan|nan|nan|nan|nan|nan|nan|nan|nan|nan|nan|nan|nan|nan|nan|nan|nan|nan|nan|nan|nan|nan|nan|nan
925|nan|nan|nan|nan|nan|nan|nan|nan|nan|nan|nan|nan|nan|nan|nan|nan|nan|nan|nan|nan|nan|nan|nan|nan|nan|nan|nan|nan|nan|nan|nan|nan|nan|nan|nan|nan|nan|nan|nan|nan|nan|nan|nan|nan|nan|nan|nan|nan|nan|nan
926|nan|nan|nan|nan|nan|nan|nan|nan|nan|nan|nan|nan|nan|nan|nan|nan|nan|nan|nan|nan|nan|nan|nan|nan|nan|nan|nan|nan|nan|nan|nan|nan|nan|nan|nan|nan|nan|nan|nan|nan|nan|nan|nan|nan|nan|nan|nan|nan|nan|nan
927|nan|nan|nan|nan|nan|nan|nan|nan|nan|nan|nan|nan|nan|nan|nan|nan|nan|nan|nan|nan|nan|nan|nan|nan|nan|nan|nan|nan|nan|nan|nan|nan|nan|nan|nan|nan|nan|nan|nan|nan|nan|nan|nan|nan|nan|nan|nan|nan|nan|nan
928|nan|nan|nan|nan|nan|nan|nan|nan|nan|nan|nan|nan|nan|nan|nan|nan|nan|nan|nan|nan|nan|nan|nan|nan|nan|nan|nan|nan|nan|nan|nan|nan|nan|nan|nan|nan|nan|nan|nan|nan|nan|nan|nan|nan|nan|nan|nan|nan|nan|nan
929|nan|nan|nan|nan|nan|nan|nan|nan|nan|nan|nan|nan|nan|nan|nan|nan|nan|nan|nan|nan|nan|nan|nan|nan|nan|nan|nan|nan|nan|nan|nan|nan|nan|nan|nan|nan|nan|nan|nan|nan|nan|nan|nan|nan|nan|nan|nan|nan|nan|nan
930|nan|nan|nan|nan|nan|nan|nan|nan|nan|nan|nan|nan|nan|nan|nan|nan|nan|nan|nan|nan|nan|nan|nan|nan|nan|nan|nan|nan|nan|nan|nan|nan|nan|nan|nan|nan|nan|nan|nan|nan|nan|nan|nan|nan|nan|nan|nan|nan|nan|nan
931|nan|nan|nan|nan|nan|nan|nan|nan|nan|nan|nan|nan|nan|nan|nan|nan|nan|nan|nan|nan|nan|nan|nan|nan|nan|nan|nan|nan|nan|nan|nan|nan|nan|nan|nan|nan|nan|nan|nan|nan|nan|nan|nan|nan|nan|nan|nan|nan|nan|nan
932|nan|nan|nan|nan|nan|nan|nan|nan|nan|nan|nan|nan|nan|nan|nan|nan|nan|nan|nan|nan|nan|nan|nan|nan|nan|nan|nan|nan|nan|nan|nan|nan|nan|nan|nan|nan|nan|nan|nan|nan|nan|nan|nan|nan|nan|nan|nan|nan|nan|nan
933|nan|nan|nan|nan|nan|nan|nan|nan|nan|nan|nan|nan|nan|nan|nan|nan|nan|nan|nan|nan|nan|nan|nan|nan|nan|nan|nan|nan|nan|nan|nan|nan|nan|nan|nan|nan|nan|nan|nan|nan|nan|nan|nan|nan|nan|nan|nan|nan|nan|nan
934|nan|nan|nan|nan|nan|nan|nan|nan|nan|nan|nan|nan|nan|nan|nan|nan|nan|nan|nan|nan|nan|nan|nan|nan|nan|nan|nan|nan|nan|nan|nan|nan|nan|nan|nan|nan|nan|nan|nan|nan|nan|nan|nan|nan|nan|nan|nan|nan|nan|nan
935|nan|nan|nan|nan|nan|nan|nan|nan|nan|nan|nan|nan|nan|nan|nan|nan|nan|nan|nan|nan|nan|nan|nan|nan|nan|nan|nan|nan|nan|nan|nan|nan|nan|nan|nan|nan|nan|nan|nan|nan|nan|nan|nan|nan|nan|nan|nan|nan|nan|nan
936|nan|nan|nan|nan|nan|nan|nan|nan|nan|nan|nan|nan|nan|nan|nan|nan|nan|nan|nan|nan|nan|nan|nan|nan|nan|nan|nan|nan|nan|nan|nan|nan|nan|nan|nan|nan|nan|nan|nan|nan|nan|nan|nan|nan|nan|nan|nan|nan|nan|nan
937|nan|nan|nan|nan|nan|nan|nan|nan|nan|nan|nan|nan|nan|nan|nan|nan|nan|nan|nan|nan|nan|nan|nan|nan|nan|nan|nan|nan|nan|nan|nan|nan|nan|nan|nan|nan|nan|nan|nan|nan|nan|nan|nan|nan|nan|nan|nan|nan|nan|nan
938|nan|nan|nan|nan|nan|nan|nan|nan|nan|nan|nan|nan|nan|nan|nan|nan|nan|nan|nan|nan|nan|nan|nan|nan|nan|nan|nan|nan|nan|nan|nan|nan|nan|nan|nan|nan|nan|nan|nan|nan|nan|nan|nan|nan|nan|nan|nan|nan|nan|nan
939|nan|nan|nan|nan|nan|nan|nan|nan|nan|nan|nan|nan|nan|nan|nan|nan|nan|nan|nan|nan|nan|nan|nan|nan|nan|nan|nan|nan|nan|nan|nan|nan|nan|nan|nan|nan|nan|nan|nan|nan|nan|nan|nan|nan|nan|nan|nan|nan|nan|nan
940|nan|nan|nan|nan|nan|nan|nan|nan|nan|nan|nan|nan|nan|nan|nan|nan|nan|nan|nan|nan|nan|nan|nan|nan|nan|nan|nan|nan|nan|nan|nan|nan|nan|nan|nan|nan|nan|nan|nan|nan|nan|nan|nan|nan|nan|nan|nan|nan|nan|nan
941|nan|nan|nan|nan|nan|nan|nan|nan|nan|nan|nan|nan|nan|nan|nan|nan|nan|nan|nan|nan|nan|nan|nan|nan|nan|nan|nan|nan|nan|nan|nan|nan|nan|nan|nan|nan|nan|nan|nan|nan|nan|nan|nan|nan|nan|nan|nan|nan|nan|nan
942|nan|nan|nan|nan|nan|nan|nan|nan|nan|nan|nan|nan|nan|nan|nan|nan|nan|nan|nan|nan|nan|nan|nan|nan|nan|nan|nan|nan|nan|nan|nan|nan|nan|nan|nan|nan|nan|nan|nan|nan|nan|nan|nan|nan|nan|nan|nan|nan|nan|nan
943|nan|nan|nan|nan|nan|nan|nan|nan|nan|nan|nan|nan|nan|nan|nan|nan|nan|nan|nan|nan|nan|nan|nan|nan|nan|nan|nan|nan|nan|nan|nan|nan|nan|nan|nan|nan|nan|nan|nan|nan|nan|nan|nan|nan|nan|nan|nan|nan|nan|nan
944|nan|nan|nan|nan|nan|nan|nan|nan|nan|nan|nan|nan|nan|nan|nan|nan|nan|nan|nan|nan|nan|nan|nan|nan|nan|nan|nan|nan|nan|nan|nan|nan|nan|nan|nan|nan|nan|nan|nan|nan|nan|nan|nan|nan|nan|nan|nan|nan|nan|nan
945|nan|nan|nan|nan|nan|nan|nan|nan|nan|nan|nan|nan|nan|nan|nan|nan|nan|nan|nan|nan|nan|nan|nan|nan|nan|nan|nan|nan|nan|nan|nan|nan|nan|nan|nan|nan|nan|nan|nan|nan|nan|nan|nan|nan|nan|nan|nan|nan|nan|nan
946|nan|nan|nan|nan|nan|nan|nan|nan|nan|nan|nan|nan|nan|nan|nan|nan|nan|nan|nan|nan|nan|nan|nan|nan|nan|nan|nan|nan|nan|nan|nan|nan|nan|nan|nan|nan|nan|nan|nan|nan|nan|nan|nan|nan|nan|nan|nan|nan|nan|nan
947|nan|nan|nan|nan|nan|nan|nan|nan|nan|nan|nan|nan|nan|nan|nan|nan|nan|nan|nan|nan|nan|nan|nan|nan|nan|nan|nan|nan|nan|nan|nan|nan|nan|nan|nan|nan|nan|nan|nan|nan|nan|nan|nan|nan|nan|nan|nan|nan|nan|nan
948|nan|nan|nan|nan|nan|nan|nan|nan|nan|nan|nan|nan|nan|nan|nan|nan|nan|nan|nan|nan|nan|nan|nan|nan|nan|nan|nan|nan|nan|nan|nan|nan|nan|nan|nan|nan|nan|nan|nan|nan|nan|nan|nan|nan|nan|nan|nan|nan|nan|nan
949|nan|nan|nan|nan|nan|nan|nan|nan|nan|nan|nan|nan|nan|nan|nan|nan|nan|nan|nan|nan|nan|nan|nan|nan|nan|nan|nan|nan|nan|nan|nan|nan|nan|nan|nan|nan|nan|nan|nan|nan|nan|nan|nan|nan|nan|nan|nan|nan|nan|nan
950|nan|nan|nan|nan|nan|nan|nan|nan|nan|nan|nan|nan|nan|nan|nan|nan|nan|nan|nan|nan|nan|nan|nan|nan|nan|nan|nan|nan|nan|nan|nan|nan|nan|nan|nan|nan|nan|nan|nan|nan|nan|nan|nan|nan|nan|nan|nan|nan|nan|nan
951|nan|nan|nan|nan|nan|nan|nan|nan|nan|nan|nan|nan|nan|nan|nan|nan|nan|nan|nan|nan|nan|nan|nan|nan|nan|nan|nan|nan|nan|nan|nan|nan|nan|nan|nan|nan|nan|nan|nan|nan|nan|nan|nan|nan|nan|nan|nan|nan|nan|nan
952|nan|nan|nan|nan|nan|nan|nan|nan|nan|nan|nan|nan|nan|nan|nan|nan|nan|nan|nan|nan|nan|nan|nan|nan|nan|nan|nan|nan|nan|nan|nan|nan|nan|nan|nan|nan|nan|nan|nan|nan|nan|nan|nan|nan|nan|nan|nan|nan|nan|nan
953|nan|nan|nan|nan|nan|nan|nan|nan|nan|nan|nan|nan|nan|nan|nan|nan|nan|nan|nan|nan|nan|nan|nan|nan|nan|nan|nan|nan|nan|nan|nan|nan|nan|nan|nan|nan|nan|nan|nan|nan|nan|nan|nan|nan|nan|nan|nan|nan|nan|nan
954|nan|nan|nan|nan|nan|nan|nan|nan|nan|nan|nan|nan|nan|nan|nan|nan|nan|nan|nan|nan|nan|nan|nan|nan|nan|nan|nan|nan|nan|nan|nan|nan|nan|nan|nan|nan|nan|nan|nan|nan|nan|nan|nan|nan|nan|nan|nan|nan|nan|nan
955|nan|nan|nan|nan|nan|nan|nan|nan|nan|nan|nan|nan|nan|nan|nan|nan|nan|nan|nan|nan|nan|nan|nan|nan|nan|nan|nan|nan|nan|nan|nan|nan|nan|nan|nan|nan|nan|nan|nan|nan|nan|nan|nan|nan|nan|nan|nan|nan|nan|nan
956|nan|nan|nan|nan|nan|nan|nan|nan|nan|nan|nan|nan|nan|nan|nan|nan|nan|nan|nan|nan|nan|nan|nan|nan|nan|nan|nan|nan|nan|nan|nan|nan|nan|nan|nan|nan|nan|nan|nan|nan|nan|nan|nan|nan|nan|nan|nan|nan|nan|nan
957|nan|nan|nan|nan|nan|nan|nan|nan|nan|nan|nan|nan|nan|nan|nan|nan|nan|nan|nan|nan|nan|nan|nan|nan|nan|nan|nan|nan|nan|nan|nan|nan|nan|nan|nan|nan|nan|nan|nan|nan|nan|nan|nan|nan|nan|nan|nan|nan|nan|nan
958|nan|nan|nan|nan|nan|nan|nan|nan|nan|nan|nan|nan|nan|nan|nan|nan|nan|nan|nan|nan|nan|nan|nan|nan|nan|nan|nan|nan|nan|nan|nan|nan|nan|nan|nan|nan|nan|nan|nan|nan|nan|nan|nan|nan|nan|nan|nan|nan|nan|nan
959|nan|nan|nan|nan|nan|nan|nan|nan|nan|nan|nan|nan|nan|nan|nan|nan|nan|nan|nan|nan|nan|nan|nan|nan|nan|nan|nan|nan|nan|nan|nan|nan|nan|nan|nan|nan|nan|nan|nan|nan|nan|nan|nan|nan|nan|nan|nan|nan|nan|nan
1000|nan|nan|nan|nan|nan|nan|nan|nan|nan|nan|nan|nan|nan|nan|nan|nan|nan|nan|nan|nan|nan|nan|nan|nan|nan|nan|nan|nan|nan|nan|nan|nan|nan|nan|nan|nan|nan|nan|nan|nan|nan|nan|nan|nan|nan|nan|nan|nan|nan|nan
1001|nan|nan|nan|nan|nan|nan|nan|nan|nan|nan|nan|nan|nan|nan|nan|nan|nan|nan|nan|nan|nan|nan|nan|nan|nan|nan|nan|nan|nan|nan|nan|nan|nan|nan|nan|nan|nan|nan|nan|nan|nan|nan|nan|nan|nan|nan|nan|nan|nan|nan
1002|nan|nan|nan|nan|nan|nan|nan|nan|nan|nan|nan|nan|nan|nan|nan|nan|nan|nan|nan|nan|nan|nan|nan|nan|nan|nan|nan|nan|nan|nan|nan|nan|nan|nan|nan|nan|nan|nan|nan|nan|nan|nan|nan|nan|nan|nan|nan|nan|nan|nan
1003|nan|nan|nan|nan|nan|nan|nan|nan|nan|nan|nan|nan|nan|nan|nan|nan|nan|nan|nan|nan|nan|nan|nan|nan|nan|nan|nan|nan|nan|nan|nan|nan|nan|nan|nan|nan|nan|nan|nan|nan|nan|nan|nan|nan|nan|nan|nan|nan|nan|nan
1004|nan|nan|nan|nan|nan|nan|nan|nan|nan|nan|nan|nan|nan|nan|nan|nan|nan|nan|nan|nan|nan|nan|nan|nan|nan|nan|nan|nan|nan|nan|nan|nan|nan|nan|nan|nan|nan|nan|nan|nan|nan|nan|nan|nan|nan|nan|nan|nan|nan|nan
1005|nan|nan|nan|nan|nan|nan|nan|nan|nan|nan|nan|nan|nan|nan|nan|nan|nan|nan|nan|nan|nan|nan|nan|nan|nan|nan|nan|nan|nan|nan|nan|nan|nan|nan|nan|nan|nan|nan|nan|nan|nan|nan|nan|nan|nan|nan|nan|nan|nan|nan
1006|nan|nan|nan|nan|nan|nan|nan|nan|nan|nan|nan|nan|nan|nan|nan|nan|nan|nan|nan|nan|nan|nan|nan|nan|nan|nan|nan|nan|nan|nan|nan|nan|nan|nan|nan|nan|nan|nan|nan|nan|nan|nan|nan|nan|nan|nan|nan|nan|nan|nan
1007|nan|nan|nan|nan|nan|nan|nan|nan|nan|nan|nan|nan|nan|nan|nan|nan|nan|nan|nan|nan|nan|nan|nan|nan|nan|nan|nan|nan|nan|nan|nan|nan|nan|nan|nan|nan|nan|nan|nan|nan|nan|nan|nan|nan|nan|nan|nan|nan|nan|nan
1008|nan|nan|nan|nan|nan|nan|nan|nan|nan|nan|nan|nan|nan|nan|nan|nan|nan|nan|nan|nan|nan|nan|nan|nan|nan|nan|nan|nan|nan|nan|nan|nan|nan|nan|nan|nan|nan|nan|nan|nan|nan|nan|nan|nan|nan|nan|nan|nan|nan|nan
1009|nan|nan|nan|nan|nan|nan|nan|nan|nan|nan|nan|nan|nan|nan|nan|nan|nan|nan|nan|nan|nan|nan|nan|nan|nan|nan|nan|nan|nan|nan|nan|nan|nan|nan|nan|nan|nan|nan|nan|nan|nan|nan|nan|nan|nan|nan|nan|nan|nan|nan
1010|nan|nan|nan|nan|nan|nan|nan|nan|nan|nan|nan|nan|nan|nan|nan|nan|nan|nan|nan|nan|nan|nan|nan|nan|nan|nan|nan|nan|nan|nan|nan|nan|nan|nan|nan|nan|nan|nan|nan|nan|nan|nan|nan|nan|nan|nan|nan|nan|nan|nan
1011|nan|nan|nan|nan|nan|nan|nan|nan|nan|nan|nan|nan|nan|nan|nan|nan|nan|nan|nan|nan|nan|nan|nan|nan|nan|nan|nan|nan|nan|nan|nan|nan|nan|nan|nan|nan|nan|nan|nan|nan|nan|nan|nan|nan|nan|nan|nan|nan|nan|nan
1012|nan|nan|nan|nan|nan|nan|nan|nan|nan|nan|nan|nan|nan|nan|nan|nan|nan|nan|nan|nan|nan|nan|nan|nan|nan|nan|nan|nan|nan|nan|nan|nan|nan|nan|nan|nan|nan|nan|nan|nan|nan|nan|nan|nan|nan|nan|nan|nan|nan|nan
1013|nan|nan|nan|nan|nan|nan|nan|nan|nan|nan|nan|nan|nan|nan|nan|nan|nan|nan|nan|nan|nan|nan|nan|nan|nan|nan|nan|nan|nan|0.000000|nan|nan|nan|nan|nan|nan|nan|nan|nan|nan|nan|nan|nan|nan|nan|nan|nan|nan|nan|nan
1014|nan|nan|nan|nan|nan|nan|nan|nan|nan|nan|nan|nan|nan|nan|nan|nan|nan|nan|nan|nan|nan|nan|nan|nan|nan|nan|nan|nan|nan|5.613019|nan|nan|nan|nan|nan|nan|nan|nan|nan|nan|nan|nan|nan|nan|nan|nan|nan|nan|nan|nan
1030|nan|nan|nan|nan|nan|nan|nan|nan|nan|nan|nan|nan|nan|nan|nan|nan|nan|nan|nan|nan|nan|nan|nan|nan|nan|nan|nan|nan|nan|-3.469611|nan|nan|nan|nan|nan|nan|nan|nan|nan|nan|nan|nan|nan|nan|nan|nan|nan|nan|nan|nan
1031|nan|nan|nan|nan|nan|nan|nan|nan|nan|nan|nan|nan|nan|nan|nan|nan|nan|nan|nan|nan|nan|nan|nan|nan|nan|nan|nan|nan|nan|-34.478661|nan|nan|nan|nan|nan|nan|nan|nan|nan|nan|nan|nan|nan|nan|nan|nan|nan|nan|nan|nan
1032|nan|nan|nan|nan|nan|nan|nan|nan|nan|nan|nan|nan|nan|nan|nan|nan|nan|nan|nan|nan|nan|nan|nan|nan|nan|nan|nan|nan|nan|-23.323630|nan|nan|nan|nan|nan|nan|nan|nan|nan|nan|nan|nan|nan|nan|nan|nan|nan|nan|nan|nan
1033|nan|nan|nan|nan|nan|nan|nan|nan|nan|nan|nan|nan|nan|nan|nan|nan|nan|nan|nan|nan|nan|nan|nan|nan|nan|nan|nan|nan|nan|-23.014567|nan|nan|nan|nan|nan|nan|nan|nan|nan|nan|nan|nan|nan|nan|nan|nan|nan|nan|nan|nan
1034|nan|nan|nan|nan|nan|nan|nan|nan|nan|nan|nan|nan|nan|nan|nan|nan|nan|nan|nan|nan|nan|nan|nan|nan|nan|nan|nan|nan|nan|-22.837291|nan|nan|nan|nan|nan|nan|nan|nan|nan|nan|nan|nan|nan|nan|nan|nan|nan|nan|nan|nan
1035|nan|nan|nan|nan|nan|nan|nan|nan|nan|nan|nan|nan|nan|nan|nan|nan|nan|nan|nan|nan|nan|nan|nan|nan|nan|nan|nan|nan|nan|-15.819711|nan|nan|nan|nan|nan|nan|nan|nan|nan|nan|nan|nan|nan|nan|nan|nan|nan|nan|nan|nan
1036|nan|nan|nan|nan|nan|nan|nan|nan|nan|nan|nan|nan|nan|nan|nan|nan|nan|nan|nan|nan|nan|nan|nan|nan|nan|nan|nan|nan|nan|-14.061965|nan|nan|nan|nan|nan|nan|nan|nan|nan|nan|nan|nan|nan|nan|nan|nan|nan|nan|nan|nan
1037|nan|nan|nan|nan|nan|nan|nan|nan|nan|nan|nan|nan|nan|nan|nan|nan|nan|nan|nan|nan|nan|nan|nan|nan|nan|nan|nan|nan|nan|-17.319312|nan|nan|nan|nan|nan|nan|nan|nan|nan|nan|nan|nan|nan|nan|nan|nan|nan|nan|nan|nan
1038|nan|nan|nan|nan|nan|nan|nan|nan|nan|nan|nan|nan|nan|nan|nan|nan|nan|nan|nan|nan|nan|nan|nan|nan|nan|nan|nan|nan|nan|-13.571922|nan|nan|nan|nan|nan|nan|nan|nan|nan|nan|nan|nan|nan|nan|nan|nan|nan|nan|nan|nan
1039|nan|nan|nan|nan|nan|nan|nan|nan|nan|nan|nan|nan|nan|nan|nan|nan|nan|nan|nan|nan|nan|nan|nan|nan|nan|nan|nan|nan|nan|-14.476108|nan|nan|nan|nan|nan|nan|nan|nan|nan|nan|nan|nan|nan|nan|nan|nan|nan|nan|nan|nan
1040|nan|nan|nan|nan|nan|nan|nan|nan|nan|nan|nan|nan|nan|nan|nan|nan|nan|nan|nan|nan|nan|nan|nan|nan|nan|nan|nan|nan|nan|-14.322663|nan|nan|nan|nan|nan|nan|nan|nan|nan|nan|nan|nan|nan|nan|nan|nan|nan|nan|nan|nan
1041|nan|nan|nan|nan|nan|nan|nan|nan|nan|nan|nan|nan|nan|nan|nan|nan|nan|nan|nan|nan|nan|nan|nan|nan|nan|nan|nan|nan|nan|-13.299616|nan|nan|nan|nan|nan|nan|nan|nan|nan|nan|nan|nan|nan|nan|nan|nan|nan|nan|nan|nan
1042|nan|nan|nan|nan|nan|nan|nan|nan|nan|nan|nan|nan|nan|nan|nan|nan|nan|nan|nan|nan|nan|nan|nan|nan|nan|nan|nan|nan|nan|-12.412975|nan|nan|nan|nan|nan|nan|nan|nan|nan|nan|nan|nan|nan|nan|nan|nan|nan|nan|nan|nan
1043|nan|nan|nan|nan|nan|nan|nan|nan|nan|nan|nan|nan|nan|nan|nan|nan|nan|nan|nan|nan|nan|nan|nan|nan|nan|nan|nan|nan|nan|-11.637164|nan|0.376926|nan|nan|nan|-565.634954|nan|nan|nan|nan|-433561.397191|nan|nan|8.941430|nan|-14.053398|nan|-0.124277|nan|nan
1044|nan|nan|nan|nan|nan|nan|nan|nan|nan|nan|nan|nan|nan|nan|nan|nan|nan|nan|nan|nan|nan|nan|nan|nan|nan|nan|nan|nan|nan|-10.148378|nan|0.376926|nan|nan|nan|-565.508356|nan|nan|nan|nan|-433561.397191|nan|nan|8.910368|nan|-14.053398|nan|-0.124277|nan|nan
1045|nan|nan|nan|nan|nan|nan|nan|nan|nan|nan|nan|nan|nan|nan|nan|nan|nan|nan|nan|nan|nan|nan|nan|nan|nan|nan|nan|nan|nan|-9.584579|nan|0.376926|nan|nan|nan|-566.391758|nan|nan|nan|nan|-433561.397191|nan|nan|8.879678|nan|-14.053398|nan|-0.124277|nan|nan
1046|nan|nan|nan|nan|nan|nan|nan|nan|nan|nan|nan|nan|nan|nan|nan|nan|nan|nan|nan|nan|nan|nan|nan|nan|nan|nan|nan|nan|nan|-9.080127|nan|0.376926|nan|nan|nan|-564.480774|nan|nan|nan|nan|-433561.397191|nan|nan|8.849618|nan|-14.053398|nan|-0.124277|nan|nan
1047|nan|nan|nan|nan|nan|nan|nan|nan|nan|nan|nan|nan|nan|nan|nan|nan|nan|nan|nan|nan|nan|nan|nan|nan|nan|nan|nan|nan|nan|-7.891422|nan|0.376926|nan|nan|nan|-565.343502|nan|nan|nan|nan|-433561.397191|nan|nan|8.820568|nan|-14.053398|nan|-0.111588|nan|nan
1048|nan|nan|nan|nan|nan|nan|nan|nan|nan|nan|nan|nan|nan|nan|nan|nan|nan|nan|nan|nan|nan|nan|nan|nan|nan|nan|nan|nan|nan|-4.668945|nan|0.376926|nan|nan|nan|-564.962447|nan|nan|nan|nan|-433561.397191|nan|nan|8.791989|nan|-14.053398|nan|-0.077813|nan|nan
1049|nan|nan|nan|nan|nan|nan|nan|nan|nan|nan|nan|nan|nan|nan|nan|nan|nan|nan|nan|nan|nan|nan|nan|nan|nan|nan|nan|nan|nan|-5.146128|nan|0.376926|nan|nan|nan|-565.310152|nan|nan|nan|nan|-433561.397191|nan|nan|8.763872|nan|-14.053398|nan|-0.077371|nan|nan
1050|nan|nan|nan|nan|nan|nan|nan|nan|nan|nan|nan|nan|nan|nan|nan|nan|nan|nan|nan|nan|nan|nan|nan|nan|nan|nan|nan|nan|nan|-4.922383|nan|0.376926|nan|nan|nan|-565.723181|nan|nan|nan|nan|-433561.397191|nan|nan|8.735937|nan|-14.053398|nan|-0.043817|nan|nan
1051|nan|nan|nan|nan|nan|nan|nan|nan|nan|nan|nan|nan|nan|nan|nan|nan|nan|nan|nan|nan|nan|nan|nan|nan|nan|nan|nan|nan|nan|-4.717284|nan|0.376926|nan|nan|nan|-564.621846|nan|nan|nan|nan|-433561.397191|nan|nan|8.708425|nan|-14.053398|nan|-0.043597|nan|nan
1052|nan|nan|nan|nan|nan|nan|nan|nan|nan|nan|nan|nan|nan|nan|nan|nan|nan|nan|nan|nan|nan|nan|nan|nan|nan|nan|nan|nan|nan|-5.778078|nan|0.376926|nan|nan|nan|-565.678744|nan|nan|nan|nan|-433561.397191|nan|nan|8.681997|nan|-14.053398|nan|-0.043377|nan|nan
1053|nan|nan|nan|nan|nan|nan|nan|nan|nan|nan|nan|nan|nan|nan|nan|nan|nan|nan|nan|nan|nan|nan|nan|nan|nan|nan|nan|nan|nan|-5.555845|nan|0.376926|nan|nan|nan|-566.938804|nan|nan|nan|nan|-433561.397191|nan|nan|8.656495|nan|-14.053398|nan|-0.043377|nan|nan
1054|nan|nan|nan|nan|nan|nan|nan|nan|nan|nan|nan|nan|nan|nan|nan|nan|nan|nan|nan|nan|nan|nan|nan|nan|nan|nan|nan|nan|nan|-0.101869|nan|0.376926|nan|nan|nan|-564.737241|nan|nan|nan|nan|-433561.397191|nan|nan|8.631468|nan|-14.053398|nan|0.022399|nan|nan
1055|nan|nan|nan|nan|nan|nan|nan|nan|nan|nan|nan|nan|nan|nan|nan|nan|nan|nan|nan|nan|nan|nan|nan|nan|nan|nan|nan|nan|nan|-2.345364|nan|0.376926|nan|nan|nan|-566.426319|nan|nan|nan|nan|-433561.397191|nan|nan|8.607397|nan|-14.053398|nan|0.022399|nan|nan
1056|nan|nan|nan|nan|nan|nan|nan|nan|nan|nan|nan|nan|nan|nan|nan|nan|nan|nan|nan|nan|nan|nan|nan|nan|nan|nan|nan|nan|nan|0.967399|nan|0.376926|nan|nan|nan|-564.498155|nan|nan|nan|nan|-433561.397191|nan|nan|8.583581|nan|-14.053398|nan|0.053732|nan|nan
1057|nan|nan|nan|nan|nan|nan|nan|nan|nan|nan|nan|nan|nan|nan|nan|nan|nan|nan|nan|nan|nan|nan|nan|nan|nan|nan|nan|nan|nan|1.450136|nan|0.376926|nan|nan|nan|-566.044523|nan|nan|nan|nan|-433561.397191|nan|nan|8.560108|nan|-14.053398|nan|0.053732|nan|nan
1058|nan|nan|nan|nan|nan|nan|nan|nan|nan|nan|nan|nan|nan|nan|nan|nan|nan|nan|nan|nan|nan|nan|nan|nan|0.015584|nan|nan|nan|nan|0.911810|nan|0.376926|nan|nan|nan|-565.883632|nan|nan|nan|nan|-433561.397191|nan|nan|8.536936|nan|-14.053398|nan|0.053732|nan|-137.488568
1059|nan|nan|nan|nan|nan|nan|nan|nan|nan|nan|nan|nan|nan|nan|nan|nan|nan|nan|nan|nan|nan|nan|nan|nan|0.015584|nan|nan|nan|nan|-0.524972|nan|0.376926|nan|nan|nan|-566.070913|nan|nan|nan|nan|-433561.397191|nan|nan|8.514055|nan|-14.053398|nan|0.053732|nan|-137.488568
1100|nan|nan|nan|nan|nan|nan|nan|nan|nan|nan|nan|nan|nan|nan|nan|nan|nan|nan|nan|nan|nan|nan|nan|nan|0.015584|nan|nan|nan|nan|-0.509064|nan|0.376926|nan|nan|nan|-565.874904|nan|nan|nan|nan|-433561.397191|nan|nan|8.491804|nan|-14.053398|nan|0.053732|nan|-137.488568
1101|nan|nan|nan|nan|nan|nan|nan|nan|nan|nan|nan|nan|nan|nan|nan|nan|nan|nan|nan|nan|nan|nan|nan|nan|0.015584|nan|nan|nan|nan|-1.356205|nan|0.376926|nan|nan|nan|-565.443278|nan|nan|nan|nan|-433561.397191|nan|nan|8.469956|nan|-14.053398|nan|0.053732|nan|-137.488568
1102|nan|nan|nan|nan|nan|nan|nan|nan|nan|nan|nan|nan|nan|nan|nan|nan|nan|nan|nan|nan|nan|nan|nan|nan|0.015584|nan|nan|nan|nan|-1.317456|nan|0.376926|nan|nan|nan|-565.227131|nan|nan|nan|nan|-433561.397191|nan|nan|8.448484|nan|-14.053398|nan|0.053732|nan|-137.488568
1103|nan|nan|nan|nan|nan|nan|nan|nan|nan|nan|nan|nan|nan|nan|nan|nan|nan|nan|nan|nan|nan|nan|nan|nan|0.015584|nan|nan|nan|nan|-1.280860|nan|0.470235|nan|nan|nan|-566.746639|nan|nan|nan|nan|-433561.397191|nan|nan|8.426980|nan|-14.053398|nan|0.053732|nan|-137.488568
1104|nan|nan|nan|nan|nan|nan|nan|nan|nan|nan|nan|nan|nan|nan|nan|nan|nan|nan|nan|nan|nan|nan|nan|nan|0.015584|nan|nan|nan|nan|-2.023191|nan|0.470235|nan|nan|nan|-563.815117|nan|nan|nan|nan|-433561.397191|nan|nan|8.397513|nan|-14.053398|nan|0.053732|nan|-137.488568
1105|nan|nan|nan|nan|nan|nan|nan|nan|nan|nan|nan|nan|nan|nan|nan|nan|nan|nan|nan|nan|nan|nan|nan|nan|0.015584|nan|nan|nan|nan|-4.247967|nan|0.470235|nan|nan|nan|-591.407749|nan|nan|nan|nan|-433561.397191|nan|nan|8.362122|nan|-14.053398|nan|0.053732|nan|-137.488568
1106|nan|nan|nan|nan|nan|nan|nan|nan|nan|nan|nan|nan|nan|nan|nan|nan|nan|nan|nan|nan|nan|nan|nan|nan|0.015584|nan|nan|nan|nan|-5.636152|nan|0.470235|nan|nan|nan|-821.847882|nan|nan|nan|nan|-433561.397191|nan|nan|8.327434|nan|-14.053398|nan|0.053732|nan|-137.488568
1107|nan|nan|nan|nan|nan|nan|nan|nan|nan|nan|nan|nan|nan|nan|nan|nan|nan|nan|nan|nan|nan|nan|nan|nan|0.015584|nan|nan|nan|nan|-5.495248|nan|0.470235|nan|nan|nan|-822.750778|nan|nan|nan|nan|-433561.397191|nan|nan|8.293279|nan|-14.053398|nan|0.053732|nan|-137.488568
1108|nan|nan|nan|nan|nan|nan|nan|nan|nan|nan|nan|nan|nan|nan|nan|nan|nan|nan|nan|nan|nan|nan|nan|nan|0.015584|nan|nan|nan|nan|-5.361218|nan|0.470235|nan|nan|nan|-823.165492|nan|nan|nan|nan|-433561.397191|nan|nan|8.260331|nan|-13.644186|nan|0.053732|nan|-137.488568
1109|nan|nan|nan|nan|nan|nan|nan|nan|nan|nan|nan|nan|nan|nan|nan|nan|nan|nan|nan|nan|nan|nan|nan|nan|0.015584|nan|nan|nan|nan|-3.739742|nan|0.470235|nan|nan|nan|-822.207899|nan|nan|nan|nan|-433561.397191|nan|nan|8.229747|nan|-13.265287|nan|0.053732|nan|-137.488568
1110|nan|nan|nan|nan|nan|nan|nan|nan|nan|nan|nan|nan|nan|nan|nan|nan|nan|nan|nan|nan|nan|nan|nan|nan|0.015584|nan|nan|nan|nan|-5.159670|nan|0.470235|nan|nan|nan|-823.604032|nan|nan|nan|nan|-63495.577944|nan|nan|8.196215|nan|-12.913451|nan|0.053732|nan|-137.488568
1111|nan|nan|nan|nan|nan|nan|nan|nan|nan|nan|nan|nan|nan|nan|nan|nan|nan|nan|nan|nan|nan|nan|nan|nan|0.015584|nan|nan|nan|nan|-3.520134|nan|0.470235|nan|nan|nan|-821.873903|nan|nan|nan|nan|-63495.577944|nan|nan|8.161459|nan|-12.585880|nan|0.053732|nan|-137.488568
1112|nan|nan|nan|nan|nan|nan|nan|nan|nan|nan|nan|nan|nan|nan|nan|nan|nan|nan|nan|nan|nan|nan|nan|nan|0.015584|nan|nan|nan|nan|-2.674163|nan|0.470235|nan|nan|nan|-822.177913|nan|nan|nan|nan|-63495.577944|nan|nan|8.127119|nan|-12.280147|nan|0.053732|nan|-137.488568
1113|nan|nan|nan|nan|nan|nan|nan|nan|3819.200000|nan|nan|-22432555.515011|nan|nan|nan|nan|nan|nan|nan|nan|nan|nan|nan|nan|0.015584|nan|nan|nan|nan|-4.939597|nan|0.470235|nan|nan|nan|-823.887067|nan|nan|nan|nan|-503540.870708|nan|nan|8.092814|nan|-11.925497|nan|0.053732|nan|-137.488568
1114|nan|nan|nan|nan|nan|nan|nan|nan|3819.200000|nan|nan|-19446620.827474|nan|nan|nan|nan|nan|nan|nan|nan|nan|nan|nan|nan|0.015584|nan|nan|nan|nan|-5.225730|nan|0.470235|nan|nan|nan|-823.386734|nan|nan|nan|nan|-503540.870708|nan|nan|8.059478|nan|-11.570847|nan|0.053732|nan|-137.488568
1115|nan|nan|nan|nan|nan|nan|nan|nan|3819.200000|nan|nan|-22071770.989140|nan|nan|nan|nan|nan|nan|nan|nan|nan|nan|nan|nan|0.015584|nan|nan|nan|nan|-9.881175|nan|0.470235|nan|nan|nan|-1695.582140|nan|nan|nan|nan|-503540.870708|nan|nan|8.027248|nan|-11.216197|nan|0.053732|nan|-137.488568
1116|nan|nan|nan|nan|nan|nan|nan|nan|3819.200000|nan|nan|-15690486.973821|nan|nan|nan|nan|nan|nan|nan|nan|nan|nan|nan|nan|0.015584|nan|nan|nan|nan|-9.679518|nan|0.470235|nan|nan|nan|-1695.583196|nan|nan|nan|nan|-503540.870708|nan|nan|7.995997|nan|-10.861547|nan|0.053732|nan|-137.488568
1117|nan|nan|nan|nan|nan|nan|nan|nan|3819.200000|nan|nan|-13860113.433847|nan|nan|nan|nan|nan|nan|nan|nan|nan|nan|nan|nan|0.015584|nan|nan|nan|nan|-9.074600|nan|0.470235|nan|nan|nan|-1695.214095|nan|nan|nan|nan|-503540.870708|nan|nan|7.965740|nan|-10.506897|nan|0.053732|nan|-137.488568
1118|nan|nan|nan|nan|nan|nan|nan|nan|3819.200000|nan|nan|-15148352.065361|nan|nan|nan|nan|nan|nan|nan|nan|nan|nan|nan|0.149863|0.015584|nan|nan|nan|nan|-9.316175|nan|0.470235|nan|nan|nan|-1695.279943|nan|nan|nan|nan|-503540.870708|nan|nan|7.936444|nan|-10.170588|nan|0.053732|nan|-137.488568
1119|nan|nan|nan|nan|nan|nan|nan|nan|3819.200000|nan|nan|-24370006.663558|nan|nan|nan|nan|nan|nan|nan|nan|nan|nan|nan|0.149863|0.015584|nan|nan|nan|nan|-10.850055|nan|0.470235|nan|nan|nan|-1694.407549|nan|nan|nan|nan|-503540.870708|nan|nan|7.908528|nan|-9.834279|nan|0.053732|nan|-137.488568
1120|nan|nan|nan|nan|nan|nan|nan|nan|3819.200000|nan|nan|-35469263.315185|nan|nan|nan|nan|nan|nan|nan|nan|nan|nan|nan|0.149863|0.015584|nan|nan|nan|nan|-15.903962|nan|0.470235|nan|nan|nan|-1699.802965|nan|nan|nan|nan|-503540.870708|nan|nan|7.882035|nan|-9.497970|nan|0.053732|nan|-137.488568
1121|nan|nan|nan|nan|nan|nan|nan|nan|3819.200000|nan|nan|-38468965.768845|nan|nan|nan|nan|nan|nan|nan|nan|nan|nan|nan|0.149863|0.015584|nan|nan|nan|nan|-11.582844|nan|0.470235|nan|nan|nan|-1699.915789|nan|nan|nan|nan|-503540.870708|nan|nan|7.856884|nan|-9.161661|nan|0.053732|nan|-137.488568
1122|nan|nan|nan|nan|nan|nan|nan|nan|3819.200000|nan|nan|-34745656.171784|nan|nan|nan|nan|nan|nan|nan|nan|nan|nan|nan|0.149863|0.015584|nan|nan|nan|nan|-10.461764|nan|0.470235|nan|nan|nan|-1701.029360|nan|nan|nan|nan|-503540.870708|nan|nan|7.832985|nan|-8.825352|nan|0.053732|nan|-137.488568
1123|nan|nan|nan|-5.800000|nan|nan|nan|nan|3819.200000|nan|nan|-30469138.121669|nan|nan|nan|nan|nan|nan|nan|nan|nan|nan|nan|0.149863|0.015584|nan|nan|nan|nan|-10.274947|nan|0.470235|nan|nan|nan|-1700.853809|nan|nan|nan|nan|-503540.870708|nan|nan|7.810287|nan|-8.489043|nan|0.053732|nan|-137.488568
1124|nan|nan|nan|-5.800000|nan|nan|nan|nan|3819.200000|nan|nan|-37032771.544562|nan|nan|nan|nan|nan|nan|nan|nan|nan|nan|nan|0.149863|0.015584|nan|nan|nan|nan|-11.969067|nan|0.470235|nan|nan|nan|-1700.552959|nan|nan|nan|nan|-503540.870708|nan|nan|7.788585|nan|-8.152734|nan|0.053732|nan|-137.488568
1125|nan|nan|nan|-5.800000|nan|nan|nan|nan|3819.200000|nan|nan|-36377105.869193|nan|nan|nan|nan|nan|nan|nan|nan|nan|nan|nan|0.149863|0.015584|nan|nan|nan|nan|-11.762704|nan|0.470235|nan|nan|nan|-1700.930639|nan|nan|nan|nan|-503540.870708|nan|nan|7.768006|nan|-7.816425|nan|0.053732|nan|-137.488568
1126|nan|nan|nan|-5.800000|nan|nan|nan|nan|3819.200000|nan|nan|-33897649.905226|nan|nan|nan|nan|nan|nan|nan|nan|nan|nan|nan|0.149863|0.015584|nan|nan|nan|nan|-11.563336|nan|0.470235|nan|nan|nan|-1700.990027|nan|nan|nan|nan|-503540.870708|nan|nan|7.748392|nan|-7.480117|nan|0.053732|nan|-137.488568
1127|nan|nan|nan|-5.800000|nan|nan|nan|nan|3819.200000|nan|nan|-34745251.366899|nan|nan|nan|nan|nan|nan|nan|nan|nan|nan|nan|0.149863|0.015584|nan|nan|nan|nan|-10.400495|nan|0.470235|nan|nan|nan|-1700.762935|nan|nan|nan|nan|-503540.870708|nan|nan|7.729917|nan|-7.143808|nan|0.053732|nan|-137.488568
1128|-31206125.092278|nan|nan|-5.800000|nan|nan|nan|-12.784670|3819.200000|-0.974796|-0.478821|-30162025.297983|nan|nan|nan|nan|-7.800000|nan|-2561001.480192|nan|nan|nan|nan|0.149863|0.015584|nan|nan|-0.289532|nan|-9.904173|nan|0.470235|-0.389079|0.084640|-0.974796|-1701.127890|-79309681.101606|nan|179389.216526|nan|-503540.870708|nan|nan|7.685211|nan|-6.807499|-8.441667|0.053732|nan|-137.488568
1129|-31234005.051378|nan|nan|-5.800000|nan|nan|nan|-12.784670|3819.200000|-0.974796|-0.478821|-30514467.733348|nan|nan|nan|nan|-7.800000|nan|-2643256.585246|nan|nan|nan|nan|0.149863|0.015584|nan|nan|-0.291295|nan|-9.078733|nan|0.470235|-0.467359|0.084883|-0.974796|-1701.810739|-79341634.029812|nan|179389.216526|nan|-503540.870708|nan|nan|7.642390|nan|-6.471190|-10.525000|0.053732|nan|-137.488568
1330|-32020878.341724|nan|nan|-5.800000|nan|nan|nan|-12.784670|3819.200000|-0.974796|-0.478821|-31620762.674700|nan|nan|nan|nan|-5.800000|nan|-3061235.984973|0.247847|nan|nan|nan|0.149863|0.015584|nan|nan|-0.291153|nan|-8.718151|nan|0.470235|-0.794120|0.087557|-0.974796|-2172.267174|-79341634.029812|nan|179389.216526|nan|-503540.870708|nan|nan|7.601481|nan|-6.134881|-13.750000|0.053732|nan|-137.488568
1331|-26214054.934370|nan|nan|-5.800000|nan|nan|nan|-8.518003|3819.200000|-0.974796|-0.478821|-25469353.137617|nan|nan|nan|nan|-7.800000|nan|-3324917.717852|0.247847|nan|nan|nan|0.149619|0.015584|nan|nan|-0.288487|nan|-5.533721|nan|0.470235|-0.794120|0.089065|-0.974796|-2172.199099|-79341634.029812|nan|140290.865810|nan|-503540.870708|nan|nan|7.562464|nan|-5.798572|-12.675000|0.053732|nan|-137.488568
1332|-24624620.001970|nan|nan|-5.800000|nan|nan|nan|-5.118003|3819.200000|-0.974796|-0.478821|-23541093.278884|nan|nan|nan|nan|-5.800000|nan|-3753864.114739|0.247847|nan|nan|nan|0.149408|0.015584|nan|nan|-0.297581|nan|-5.888662|nan|0.470235|-0.948444|0.089065|-0.974796|-2171.910593|-79341634.029812|nan|140290.865810|nan|-503540.870708|nan|nan|7.525283|nan|-5.462263|-11.708334|0.053732|nan|-137.488568
1333|-28056858.514414|11.210417|nan|-5.800000|nan|nan|nan|-5.118003|3819.200000|-0.974796|-0.478821|-26956536.337623|nan|nan|nan|nan|-7.800000|nan|-4182246.989371|0.247847|nan|nan|nan|0.149223|0.015584|nan|nan|-0.306191|nan|-4.976123|nan|0.470235|-0.948444|0.089065|-0.974796|-2172.463059|-79341634.029812|nan|140290.865810|nan|-503540.870708|nan|nan|7.488339|nan|-5.125954|-12.541667|0.053732|nan|-137.488568
1334|-31437085.797274|4.317708|nan|-5.800000|nan|nan|nan|-5.118003|3819.200000|-0.974796|-0.478821|-31783771.153486|nan|nan|nan|nan|-3.800000|nan|-4613729.345967|0.247847|nan|nan|nan|0.149060|0.015584|nan|nan|-0.310882|nan|-6.315169|nan|0.470235|-0.948444|0.089065|-0.974796|-2172.582187|-79341634.029812|nan|137758.699324|nan|-503540.870708|nan|nan|7.451541|nan|-4.789645|-17.325000|0.053732|nan|-137.488568
1335|-36651837.425536|3.138889|nan|-5.800000|nan|nan|nan|-4.951336|3819.200000|-0.974796|-0.478821|-37619018.230590|nan|nan|nan|nan|-3.800000|nan|-4948627.837791|0.247847|nan|nan|nan|0.148915|0.015584|nan|nan|-0.313221|nan|-8.030999|nan|0.470235|-0.948444|0.089065|-0.974796|-2173.091625|-79341634.029812|nan|137758.699324|nan|-503540.870708|nan|nan|7.414691|nan|-4.453336|-15.816667|0.053732|nan|-137.488568
1336|-40311917.650000|2.869271|nan|-5.800000|nan|nan|nan|-4.951336|3819.200000|-0.974796|-0.478821|-41160743.022274|nan|nan|nan|nan|-7.800000|nan|-5370607.796558|0.247847|nan|nan|nan|0.148785|0.015584|nan|nan|-0.313221|nan|-6.251651|nan|0.470235|-0.948444|0.089065|-0.974796|-2170.581644|-79341634.029812|nan|137758.699324|nan|-503540.870708|nan|nan|7.377840|nan|-4.117027|-17.966667|0.053732|nan|-137.488568
1337|-36788394.280572|2.409583|nan|-5.800000|nan|nan|nan|-4.951336|3819.200000|-0.974796|-0.478821|-37705811.606765|nan|nan|nan|nan|-13.800000|nan|-5378583.774232|0.247847|nan|nan|nan|0.148668|0.015584|nan|nan|-0.310129|nan|4.191853|nan|0.470235|-0.974796|0.089065|-0.974796|-2172.366057|-79341634.029812|nan|137758.699324|nan|-503540.870708|nan|nan|7.340486|nan|-3.780719|-19.966667|0.053732|nan|-137.488568
1338|-35720434.010468|2.795486|nan|-6.000000|nan|nan|nan|-4.951336|3819.200000|-0.974796|-0.478821|-36649543.792478|nan|nan|nan|nan|-1.800000|nan|-5380697.774378|0.247847|nan|nan|nan|0.148563|0.015584|nan|nan|-0.307076|nan|1.337365|nan|0.470235|-0.974796|0.090065|-0.974796|-2173.665881|-79341634.029812|nan|137758.699324|nan|-503540.870708|nan|nan|7.301966|nan|-3.780719|-15.966667|0.053732|nan|-137.488568
1339|-34644648.152580|2.875893|nan|-6.200000|nan|nan|nan|-4.951336|3819.200000|-0.974796|-0.478821|-35558747.723259|nan|nan|nan|nan|-1.800000|nan|-5377401.807969|0.247847|nan|nan|nan|0.148467|0.015584|nan|nan|-0.306149|nan|-1.995590|nan|0.470235|-0.974796|0.094564|-0.974796|-2173.132853|-79341634.029812|nan|137758.699324|nan|-503540.870708|nan|nan|7.262335|nan|-3.780719|-17.966667|0.053732|nan|-137.488568
1340|-36911588.191192|3.179167|nan|-7.200000|nan|nan|nan|-4.951336|3819.200000|-0.974796|-0.478821|-37285267.426447|nan|nan|nan|nan|-5.800000|nan|-5372940.258549|0.247847|nan|nan|nan|0.148379|0.015584|nan|nan|-0.311740|nan|-1.787568|nan|0.470235|-0.974796|0.098069|-0.974796|-2172.595607|-79341634.029812|nan|137758.699324|nan|-503540.870708|nan|nan|7.222650|nan|-3.780719|-15.966667|0.053732|nan|-137.488568
1341|-37114741.647678|3.545910|nan|-7.800000|nan|nan|nan|-4.951336|3819.200000|-0.974796|-0.478821|-36452635.692438|nan|nan|nan|nan|-7.800000|nan|-5370975.538434|0.247847|nan|nan|nan|0.148299|0.015584|nan|nan|-0.311740|nan|-0.509476|nan|0.470235|-0.974796|0.102510|-0.974796|-2172.267291|-79341634.029812|nan|137758.699324|nan|-503540.870708|nan|nan|7.182671|nan|-3.780719|-15.966667|0.053732|nan|-137.488568
1342|-38095444.498472|3.406944|nan|-8.800000|nan|nan|nan|-4.951336|3819.200000|-0.974796|-0.478821|-37598606.166401|nan|nan|nan|nan|-7.800000|nan|-5366061.532737|0.247847|nan|nan|nan|0.148223|0.015584|nan|nan|-0.311740|nan|0.780994|nan|0.470235|-0.974796|0.107876|-0.974796|-2172.289913|-79341634.029812|nan|137758.699324|nan|-503540.870708|nan|nan|7.142384|nan|-3.780719|-15.966667|0.053732|nan|-137.488568
1343|-37760942.418162|4.061616|-0.974796|-9.400000|nan|-9.557819|-0.962841|-2.756098|3819.200000|-0.974796|-0.478821|-37119107.133622|0.026684|-10.173359|-1.661791|nan|-8.000000|nan|-5366867.397817|0.247847|nan|-8.055848|-6.215608|0.145916|0.015584|nan|nan|-0.311740|-1.520483|1.431011|6.960751|0.470235|-0.974796|0.111870|-0.974796|-2171.092318|-79341634.029812|nan|137758.699324|-0.000002|-503540.870708|-0.637388|-0.031754|7.102281|-0.041610|-3.780719|-13.966667|0.053732|-1.520483|-137.488568
1344|-38056789.323204|4.031019|-0.974796|-10.400000|nan|-9.726915|-0.999922|-2.756098|3819.200000|-0.974796|-0.478821|-38271530.088018|0.026684|-10.173359|-1.662112|nan|-2.200000|-4.000000|-5365986.632138|0.247847|nan|-12.146839|-6.113631|0.143780|0.015584|nan|nan|-0.309963|-1.508926|-2.719695|7.123553|0.470235|-0.974796|0.117005|-0.974796|-2173.348114|-79341634.029812|nan|137758.699324|-0.000002|-503540.870708|-0.632114|-0.032327|7.064465|-0.040904|-3.780719|-17.966667|0.053732|-1.508926|-137.488568
1345|-37070062.214672|4.782959|-0.974796|-11.200000|1.222328|-8.784670|-0.999922|-2.756098|3819.200000|-0.974796|-0.478821|-37094174.193798|0.048164|-10.173359|-0.932397|nan|-7.200000|-4.000000|-5365757.027154|0.247847|nan|-16.415694|-6.276559|0.141797|0.015584|nan|nan|-0.309963|-1.501158|-2.719695|7.273235|0.470235|-0.974796|0.118236|-0.974796|-2172.303939|-79341634.029812|nan|137758.699324|-0.000002|-503540.870708|-0.627059|-0.031007|7.028439|-0.016960|-3.780719|-13.966667|0.053732|-1.501158|-137.488568
1346|-35028002.485344|4.826736|-0.974796|-12.200000|0.454628|-7.435896|-0.999922|-7.057757|3819.200000|-0.974796|-0.478821|-35193784.773565|0.048164|-10.173359|-0.659838|nan|-5.800000|-4.000000|-5368046.416947|0.247847|nan|-8.191877|-6.388774|0.139950|0.015584|nan|nan|-0.309963|-1.491763|-4.039951|7.405108|0.470235|-0.974796|0.118236|-1.048812|-2172.097906|-79341634.029812|nan|137758.699324|-0.000002|-503540.870708|-0.622210|-0.032137|6.994150|-0.004359|-3.780719|-15.966667|0.053732|-1.491763|-137.488568
1347|-34827460.091294|5.386343|-0.974796|-12.200000|-1.130260|-8.047043|-0.999922|-7.057757|3819.200000|-0.974796|-0.478821|-35509001.266925|0.048164|-10.686913|-0.567642|nan|-8.800000|-4.000000|-5369086.227501|0.247847|nan|-7.647226|-6.522145|0.138226|0.015584|nan|nan|-0.307824|-1.482150|-4.284851|7.518238|0.470235|-0.974796|0.118236|-1.061272|-2172.539968|-79341634.029812|nan|137758.699324|-0.000002|-503540.870708|-0.617556|-0.032071|6.961739|0.003282|-3.799060|-13.966667|0.053732|-1.482150|-137.488568
1348|-31156189.201152|5.199175|-0.974796|-12.200000|-2.143442|-8.790462|-0.999922|-7.057757|3819.200000|-0.974796|-0.478821|-32172372.279783|0.048164|-10.686913|-0.567483|nan|-11.400000|-4.000000|-5203396.106832|0.247847|nan|-6.209704|-6.736382|0.136172|0.015584|nan|nan|-0.307090|-1.468934|-3.949283|7.612318|0.470235|-0.974796|0.120783|-1.180955|-2170.020810|-79341634.029812|nan|137758.699324|-0.000002|-503540.870708|-0.613084|-0.033911|6.930393|0.008342|-3.817401|-15.966667|0.053732|-1.468934|-137.488568
1349|-31227381.389996|5.181087|-0.974796|-12.200000|-2.143442|-9.272603|-0.999922|-7.042483|3819.200000|-0.974796|-0.478821|-32113720.109308|0.048164|-10.686913|-0.567498|nan|-8.400000|-4.000000|-5204104.319962|0.247847|nan|-7.409216|-6.426043|0.134118|0.015584|nan|nan|-0.313229|-1.453353|-5.033680|7.685511|0.470235|-0.974796|0.122297|-1.334993|-2172.342031|-79341634.029812|nan|137758.699324|-0.000002|-503540.870708|-0.608784|-0.034297|6.903932|0.011858|-3.835742|-15.966667|0.053732|-1.453353|-137.488568
1350|-31369692.792166|5.590239|-0.974796|-12.200000|-2.143442|-9.708826|-0.999922|-10.254336|3819.200000|-0.974796|-0.478821|-32039669.301875|0.061447|-10.686913|-0.468911|nan|-11.200000|-4.000000|-5203275.039911|0.247847|nan|-8.078987|-6.370627|0.132064|0.015584|nan|nan|-0.316057|-1.440902|-5.033680|7.739054|0.470235|-0.974796|0.123565|-1.334993|-2172.871145|-79341634.029812|nan|137758.699324|-0.000002|-503540.870708|-0.604646|-0.036303|6.882077|0.014460|-3.854083|-13.966667|0.053732|-1.440902|-137.488568
1351|-30428001.131248|5.954898|-0.974796|-12.000000|-2.143442|-10.484456|-0.999922|-10.254336|3819.200000|-0.974796|-0.478821|-31280531.786277|0.061447|-10.686913|-0.468836|nan|-12.200000|-4.000000|-5202982.173317|0.247847|nan|-7.043786|-6.177681|0.130010|0.015584|nan|nan|-0.319005|-1.429395|-5.033680|7.774199|0.470235|-0.974796|0.124972|-1.334993|-2172.033267|-79341634.029812|nan|137758.699324|-0.000002|-503540.870708|-0.600662|-0.036775|6.861982|0.016459|-3.872425|-13.966667|0.053732|-1.429395|-137.488568
1352|-30464721.026582|5.842882|-0.974796|-11.600000|-2.143442|-10.805264|-0.999922|-10.560941|3819.200000|-0.974796|-0.478821|-31423408.400281|0.061447|-10.686913|-0.468876|nan|-10.200000|-4.000000|-5202247.165510|0.247847|nan|-6.588066|-6.108916|0.127956|0.015584|nan|nan|-0.321436|-1.418597|-5.861647|7.792414|0.470235|-0.974796|0.125915|-1.334993|-2172.522552|-79341634.029812|nan|137758.699324|-0.000002|-503540.870708|-0.596822|-0.036225|6.844003|0.018161|-3.890766|-15.966667|0.053732|-1.418597|-137.488568
1353|-30177493.524528|5.894808|-0.974796|-11.200000|-2.143442|-11.285995|-0.999922|-10.560941|3819.200000|-0.974796|-0.478821|-31062272.374994|0.061447|-10.686913|-0.468897|nan|-12.200000|-4.000000|-5202273.989440|0.247847|nan|-6.532651|-5.893810|0.125902|0.015584|nan|nan|-0.324119|-1.407773|-5.861647|7.804832|0.470235|-0.974796|0.125422|-1.334993|-2172.596407|-79341634.029812|nan|137758.699324|-0.000002|-503540.870708|-0.593120|-0.035159|6.825959|0.019594|-3.909107|-13.966667|0.053732|-1.407773|-137.488568
1354|-29780729.990116|5.775537|-0.974796|-10.800000|-4.738830|-11.911418|-0.999922|-10.560941|3819.200000|-0.974796|-0.478821|-30545899.455988|0.061447|-10.686913|-0.468829|nan|-14.200000|-4.000000|-5202883.116678|0.247847|nan|-12.082189|-5.940094|0.123848|0.015584|nan|nan|-0.324171|-1.394967|-6.870564|7.799802|0.470235|-0.974796|0.116480|-1.334993|-2171.281481|-56336795.984081|nan|137758.699324|-0.000002|-503540.870708|-0.589547|-0.035800|6.799965|0.020972|-3.927448|-15.966667|0.053732|-1.394967|-137.488568
1355|-30441301.335346|5.644716|-0.974796|-10.400000|-4.738830|-12.286802|-0.999922|-10.560941|3819.200000|-0.974796|-0.478821|-30352624.795053|0.061447|-6.476596|-0.468716|nan|-14.200000|-4.000000|-5202581.627860|0.247847|nan|-9.432058|-5.794149|0.121794|0.015584|nan|nan|-0.324171|-1.384041|-4.468496|7.778043|0.470235|-0.974796|0.116480|-1.334993|-2171.475170|-50466950.124987|nan|137758.699324|-0.000002|-503540.870708|-0.586098|0.025616|6.770282|0.022352|-3.945789|-15.966667|0.053732|-1.384041|-137.488568
1356|-30993960.842148|5.761863|-0.974796|-9.800000|-4.738830|-12.791061|-0.999922|-10.406387|3819.200000|-1.048812|-0.478821|-30111885.277648|0.061447|-6.476596|-0.468660|nan|-12.000000|-4.000000|-5117326.899805|0.247847|nan|-10.374251|-5.808898|0.119740|0.015584|nan|nan|-0.324267|-1.372005|-6.030575|7.742496|0.470235|-0.974796|0.116480|-1.334993|-2171.979768|-50466950.124987|nan|137758.699324|-0.000002|-503540.870708|-0.582766|0.024787|6.742176|0.023467|-3.964131|-13.966667|0.053732|-1.372005|-137.488568
1357|-30207280.732384|5.625222|-0.974796|-9.200000|-4.738830|-12.791061|-0.999922|-9.949558|3819.200000|-1.061272|-0.478821|-28509972.005050|0.061447|-6.476596|-0.468710|nan|-9.600000|-4.000000|-4946470.601306|0.247847|nan|-7.231613|-5.963479|0.117686|0.015584|nan|nan|-0.324649|-1.359353|-7.639538|7.693936|0.470235|-0.974796|0.110636|-1.334993|-2172.562070|-50466950.124987|nan|137758.699324|-0.000002|-503540.870708|-0.579544|0.024155|6.712899|0.024167|-3.964131|-15.966667|0.053732|-1.359353|-137.488568
1358|-28085196.632504|5.758227|-0.974796|-8.600000|-4.738830|-12.791061|-0.999922|-9.949558|3819.200000|-1.180955|-0.478821|-26344593.550876|0.061447|-6.476596|-0.468814|nan|-9.200000|-4.000000|-4776641.456456|0.247847|-0.000000|-8.519808|-6.101003|0.115632|0.015584|nan|-20387.336692|-0.324646|-1.348044|-8.060663|7.631395|0.470235|-0.974796|0.101490|-1.334993|-2172.291222|-50466950.124987|-10646.760802|137758.699324|-0.000002|-503540.870708|-0.586371|0.022674|6.681931|0.024601|-3.964131|-13.966667|0.053732|-1.348044|-137.488568
1359|-26510281.875454|5.462629|-0.974796|-7.600000|-4.738830|-12.576215|-0.999922|-9.472279|3819.200000|-1.334993|-0.478821|-26697812.011427|0.061447|-6.476596|-0.468944|0.217287|-8.800000|-4.000000|-4604707.706703|0.247847|-0.000000|-8.014754|-6.032735|0.113578|0.015584|nan|-20521.137641|-0.325583|-1.339812|-8.658226|7.555394|0.470235|-0.974796|0.093417|-1.334993|-2171.525072|-50466950.124987|-11395.606146|137758.699324|-0.000002|-503540.870708|-0.593137|0.019398|6.650897|0.024885|-3.964131|-15.966667|0.053732|-1.339812|-137.488568
1400|-27200405.857876|5.600273|-0.974796|-7.400000|-4.738830|-12.576215|-0.999922|-8.631615|4630.200000|-1.334993|-0.478821|-26601820.180918|0.061447|-6.476596|-0.468930|0.275062|-12.400000|-4.000000|-4519541.975914|0.247847|-0.000000|-9.615027|-6.257410|0.111524|0.015584|nan|10377.111201|-0.326372|-1.333336|-7.984832|7.466256|0.470235|-0.974796|0.081927|-1.334993|-2172.168773|-63845185.999023|-11852.287969|137758.699324|-0.000002|-503540.870708|-0.593479|0.018479|6.619691|0.025097|-3.964131|-13.966667|0.053732|-1.333336|-137.488568
1401|-26755190.250652|5.638554|-1.048812|-7.400000|-4.738830|-12.576215|-1.293774|-8.631615|4630.200000|-1.334993|-0.478821|-25657261.203714|0.061447|-6.476596|-0.685953|0.532979|-7.800000|-4.000000|-4265728.204186|0.247847|-0.000000|-11.682148|-6.936567|0.109584|0.015584|nan|11779.756991|-0.326228|-1.464877|-8.168755|7.364823|0.470235|-0.974796|0.075288|-1.334993|-2171.784990|-64012315.348616|-9206.156599|137758.699324|-0.000002|-503540.870708|-0.604474|0.018117|6.588270|0.025082|-3.964131|-13.966667|0.053732|-1.464877|-137.488568
1402|-24016727.618460|5.293171|-1.061272|-7.400000|-4.738830|-12.576215|-1.371401|-7.820117|4630.200000|-1.334993|-0.478821|-23212302.371143|0.061447|-6.476596|-0.686235|0.665052|-5.200000|-4.000000|-4013008.345459|0.247847|-0.000000|-13.485261|-7.319392|0.107644|0.015584|nan|12391.128787|-0.327469|-1.513023|-10.855236|7.252979|0.470235|-0.974796|0.063947|-1.334993|-2172.962559|-64012315.348616|-5347.254921|137758.699324|-0.000002|-503540.870708|-0.615678|0.015137|6.556603|0.025012|-3.964131|-15.966667|0.053732|-1.513023|-137.488568
1403|-28695251.991174|4.902263|-1.180955|-7.400000|-4.738830|-12.576215|-1.371401|-7.820117|4630.200000|-1.334993|-0.478821|-28074107.724438|0.061447|-6.476596|-0.686491|0.768233|-6.600000|-4.000000|-4094174.215800|0.247847|-0.000000|-10.410629|-7.893202|0.105704|0.015584|-0.034180|12337.315944|-0.326472|-1.596038|-12.867579|7.132227|0.470235|-0.974796|0.053532|-1.334993|-2173.123817|-64012315.348616|-3015.321100|137758.699324|-0.000003|-503540.870708|-0.628876|0.015698|6.524938|0.024903|-3.964131|-17.966667|0.053732|-1.596038|-137.488568
1404|-29536164.548100|4.868989|-1.334993|-7.400000|-8.306603|-12.560941|-1.371401|-7.820117|2230.200000|-1.334993|-0.478821|-28836836.465709|0.061447|-6.476596|-0.686504|0.862693|-11.600000|-4.000000|-4095426.394484|0.247847|-0.000000|-19.454033|-8.478504|0.103763|0.015584|-0.028383|12303.910365|-0.336355|-1.705605|-9.709039|7.004524|0.470235|-0.974796|0.047781|-1.334993|-2171.552051|-65968710.131262|-4465.726055|137758.699324|-0.000003|-503540.870708|-0.644641|0.019601|6.493096|0.024660|-3.964131|-15.966667|0.053732|-1.705605|-137.488568
1405|-27655262.350000|4.863784|-1.334993|-7.400000|-8.306603|-12.560941|-2.119891|-7.820117|1809.000000|-1.334993|-0.450735|-26899105.016313|0.061447|-6.238298|-0.686396|0.885366|-9.400000|-4.000000|-4696975.834130|0.247847|-0.000000|-36.162209|-9.016597|0.100877|0.015584|-0.021799|13137.113419|-0.339740|-1.727525|-6.929685|6.872056|0.470235|-0.974796|0.046487|-1.334993|-2172.424883|-77083230.201079|-5472.391559|137758.699324|-0.000003|-503540.870708|-0.660406|0.021116|6.459581|0.024371|-3.964131|-16.641666|0.053732|-1.727525|-137.488568
1406|-26872668.234010|4.995078|-1.334993|-7.400000|-8.306603|-12.560941|-2.119891|-7.820117|1809.000000|-1.334993|-0.450735|-26116332.254927|0.061447|-7.341787|-0.686342|0.885366|-7.400000|-4.000000|-5465495.328421|0.247847|-0.000000|-53.603442|-9.452820|0.095832|0.015584|-0.023404|13243.245582|-0.365207|-1.734178|-5.956565|6.735894|0.470235|-0.974796|0.046487|-1.334993|-2172.813857|-77083230.201079|-5991.184565|137758.699324|-0.000003|-503540.870708|-0.676171|0.022766|6.424780|0.024045|-3.964131|-16.100000|0.053732|-1.734178|-137.488568
1407|-20117433.259652|4.795853|-1.334993|-7.400000|-8.306603|-12.560941|-2.119891|-7.820117|1809.000000|-1.334993|-0.450735|-19547372.810497|0.061447|-7.341787|-0.686544|0.885366|-3.400000|-4.000000|-6162996.845379|0.247847|-0.000000|-15.625768|-10.145795|0.090786|0.015584|-0.023348|13817.423470|-0.368363|-1.740064|-9.939443|6.598120|0.470235|-0.974796|0.046487|-1.334993|-2172.619371|-77083230.201079|-4816.106624|137758.699324|-0.000003|-503540.870708|-0.691937|0.022756|6.387163|0.023550|-3.964131|-21.166666|0.053732|-1.740064|-137.488568
1408|-18533836.342902|4.677797|-1.334993|-7.400000|-8.306603|-12.560941|-2.119891|-7.820117|1809.000000|-1.334993|-0.450735|-18305985.002511|0.061447|-7.341787|-0.686531|0.885366|-11.400000|-4.000000|-6675891.975320|0.247847|-0.000000|-18.425622|-10.524138|0.085740|0.015584|-0.024975|13863.515931|-0.372020|-1.739955|-7.294694|6.459567|0.470235|-0.974796|0.046487|-1.334993|-2171.816935|-77083230.201079|-48.628570|137758.699324|-0.000003|-503540.870708|-0.707702|0.022366|6.347337|0.023064|-3.964131|-19.766666|0.053732|-1.739955|-137.488568
1409|-16519903.133474|4.570402|-1.334993|-7.400000|-8.306603|-12.560941|-2.119891|-7.820117|1809.000000|-1.334993|-0.450735|-16266021.670813|0.061447|-8.007821|-0.686639|0.885366|-5.400000|-4.000000|-7284898.872261|0.247847|-0.000000|-13.192031|-10.964527|0.080694|0.015584|-0.025010|16162.080930|-0.369175|-1.739945|-9.655454|6.320167|0.470235|-0.974796|0.046487|-1.334993|-2172.449068|-77083230.201079|-47.100236|137758.699324|-0.000003|-503540.870708|-0.723467|0.022998|6.307417|0.022572|-3.964131|-20.900000|0.053732|-1.739945|-60.336230
1410|-16588252.166524|4.674635|-1.334993|-7.600000|-8.306603|-12.560941|-2.119891|-7.820117|1809.000000|-1.334993|-0.450735|-16302265.632051|0.061447|-10.524294|-0.686693|0.885366|-5.400000|-4.000000|-7627798.024852|0.247847|-0.000000|-14.341451|-11.589950|0.075212|0.015584|-0.025608|16907.898070|-0.365713|-1.737030|-9.228853|6.180892|0.470235|-0.974796|0.039459|-1.334993|-2172.239300|-77083230.201079|-47.479535|137758.699324|-0.000003|-503540.870708|-0.739232|0.022200|6.266942|0.022022|-3.964131|-19.016666|0.053732|-1.737030|-60.336230
1411|-17798112.950000|4.408511|-1.334993|-7.600000|-8.306603|-12.406387|-2.119891|-7.820117|1809.000000|-1.334993|-0.450735|-17287575.192234|0.061447|-10.524294|-0.686720|0.885366|-7.400000|-4.000000|-7883846.672047|0.247847|-0.000000|-13.261566|-11.898667|0.069730|0.015584|-0.024327|17277.882164|-0.362859|-1.756414|-10.345184|6.042219|0.470235|-0.974796|0.036333|-1.334993|-2172.734283|-77083230.201079|-48.356319|137758.699324|-0.000003|-503540.870708|-0.754998|0.021474|6.226207|0.021566|-3.964131|-21.016666|0.053732|-1.756414|-60.336230
1412|-19613002.369114|4.339392|-1.334993|-7.600000|-8.306603|-12.266552|-2.119891|-7.820117|1809.000000|-1.334993|-0.450735|-19121541.374336|0.061447|-10.524294|-0.686733|0.885366|-7.400000|-4.000000|-8307486.865590|0.247847|-0.000000|-12.867263|-12.237109|0.064249|0.015584|-0.024676|17754.028521|-0.367299|-1.778988|-10.920994|5.903159|0.470235|-0.974796|0.032128|-1.334993|-2172.012297|-77083230.201079|-53.616649|137758.699324|-0.000003|-503540.870708|-0.770763|0.022385|6.185245|0.021098|-3.964131|-21.183333|0.053732|-1.778988|-128.273282
1413|-26014313.590352|4.058181|-1.334993|-8.400000|-8.306603|-11.949558|-2.119891|-7.820117|1809.000000|-1.334993|-0.450735|-25665991.158009|0.061447|-10.524294|-0.686855|0.885366|-5.400000|-4.000000|-8709815.888226|0.247847|-0.000000|-13.002183|-11.822168|0.060707|0.015584|-0.024377|18352.673347|-0.370707|-1.808059|-11.037116|5.774039|0.470235|-0.974796|0.028723|-1.334993|-2172.177941|-77083230.201079|-41.638051|137758.699324|-0.000003|-503540.870708|-0.786528|0.024264|6.143925|0.020638|-3.964131|-24.075000|0.053732|-1.808059|-128.273282
1414|-35138399.831820|3.916344|-1.334993|-9.400000|-8.306603|-11.573410|-2.119891|-9.055563|1809.000000|-1.334993|-0.450735|-34481128.914243|0.061447|-10.524294|-0.687146|0.885366|-3.400000|-4.000000|-9106509.783528|0.247847|-0.000000|-11.367862|-11.219572|0.057166|0.015584|-0.021962|18597.617927|-0.373129|-1.853793|-15.720041|5.655915|0.470235|-0.974796|0.028723|-1.334993|-2172.805563|-77083230.201079|-28.338798|137758.699324|-0.000003|-503540.870708|-0.800989|0.025093|6.102091|0.020244|-4.408317|-28.116666|0.053732|-1.853793|-128.273282
1415|-35669427.758494|3.858568|-1.334993|-11.000000|-8.306603|-11.614037|-2.119891|-9.055563|1809.000000|-1.334993|-0.450735|-35033111.860656|0.061447|-10.524294|-0.687061|0.885366|-13.600000|-4.000000|-9445696.985551|0.247847|-0.000000|-13.772846|-11.293894|0.053136|0.010174|-0.017885|18639.039850|-0.370233|-1.883069|-6.382419|5.548016|0.470235|-0.974796|0.027873|-1.334993|-2171.029209|-93045600.479396|-41.412852|109740.690774|-0.000003|-503540.870708|-0.810003|0.024777|6.059700|0.019775|-4.852504|-27.666666|0.053732|-1.883069|-128.273282
1416|-34710249.909696|3.744295|-1.334993|-12.800000|-8.306603|-11.269844|-2.119891|-9.055563|1809.000000|-1.334993|-0.450735|-33933053.447087|0.061447|-10.524294|-0.687249|0.885366|-3.600000|-4.000000|-9706321.757886|0.247847|-0.000000|-16.983053|-10.613933|0.049105|0.010174|-0.017015|17180.475821|-0.363107|-1.898103|-10.008163|5.449497|0.470235|-1.048812|0.025957|-1.334993|-2172.049683|-93281057.098484|-39.488961|100770.935122|-0.000003|-503540.870708|-0.819018|0.025091|6.016716|0.019258|-5.296690|-28.800000|0.053732|-1.898103|-128.273282
1417|-32883058.550000|3.524375|-1.334993|-14.200000|-8.306603|-11.148906|-2.119891|-9.055563|1809.000000|-1.334993|-0.450735|-32186624.716352|0.061447|-10.524294|-0.687113|0.885366|-11.600000|-4.000000|-10055150.974526|0.247847|0.000000|-9.772499|-10.507098|0.045075|0.006833|-0.013795|16907.405649|-0.357857|-1.925573|-7.975736|5.356973|0.470235|-1.061272|0.024783|-1.334993|-2172.325457|-93281057.098484|-45.570598|100770.935122|-0.000003|-503540.870708|-0.825460|0.025415|5.973046|0.018746|-5.740877|-27.766666|0.053732|-1.925573|-128.273282
1418|-31528889.375508|3.500838|-1.334993|-15.400000|-8.306603|-11.039486|-2.119891|-9.055563|1809.000000|-1.334993|-0.450735|-30684427.834477|0.061447|-10.524294|-0.686930|0.885366|-10.400000|-4.000000|-10577788.441283|0.247847|0.000000|-10.093168|-9.692312|0.041045|0.006089|-0.012933|16680.022447|-0.357562|-1.941396|-7.036994|5.267587|0.470235|-1.180955|0.022923|-1.334993|-2172.774001|-93319580.691828|-51.710636|100770.935122|-0.000003|-503540.870708|-0.831903|0.026234|5.930290|0.018219|-6.185063|-26.858333|0.053732|-1.941396|-128.273282
1419|-32733521.082320|3.675820|-1.334993|-16.600000|-8.306603|-11.321440|-2.119891|-9.055563|1809.000000|-1.334993|-0.450735|-31950464.522795|0.058092|-10.524294|-0.686838|0.885366|-9.400000|-4.000000|-11081454.055311|0.247847|0.000000|-8.480038|-9.154776|0.037015|0.006089|-0.011057|15358.553748|-0.358937|-1.953861|-5.552362|5.177993|0.470235|-1.334993|0.020114|-1.334993|-2172.389980|-93450439.576885|-55.283732|94696.530228|-0.000003|-503540.870708|-0.833119|0.021653|5.888585|0.017652|-6.629250|-28.641666|0.053732|-1.953861|-128.273282
1420|-32499750.632324|3.761957|-1.334993|-17.200000|-8.306603|-11.767017|-2.119891|-9.055563|1809.000000|-1.334993|-0.450735|-31875862.646441|0.058092|-10.524294|-0.686793|0.874746|-11.000000|-4.000000|-11505667.787267|0.247847|0.000000|-7.960089|-9.088672|0.032985|0.006089|-0.009096|14476.066746|-0.360437|-1.955842|-0.907244|5.083296|0.470235|-1.334993|0.016633|-1.583372|-2172.403484|-93721003.110418|-53.837195|76197.940920|-0.000003|-503540.870708|-0.833017|0.021599|5.848144|0.016986|-7.073436|-28.641666|0.067778|-1.955842|-128.273282
1421|-35326571.584520|3.882972|-1.334993|-17.800000|-8.306603|-11.979682|-2.119891|-13.991414|1809.000000|-1.334993|-0.450735|-35076664.079749|0.058092|-9.187367|-0.686885|0.874746|-10.800000|-4.000000|-11930518.355749|0.247847|0.000000|-8.026683|-8.983535|0.028955|0.005737|-0.007369|14276.707945|-0.359885|-1.932746|-5.077158|4.978822|0.470235|-1.334993|0.012163|-1.990806|-2172.659015|-93807377.474991|-55.344441|76197.940920|-0.000003|-503540.870708|-0.832916|0.018759|5.808759|0.016355|-7.517623|-28.641666|0.067778|-1.932746|-128.273282
1422|-34773422.532168|4.013604|-1.334993|-18.800000|-8.306603|-12.362569|-2.119891|-15.413742|1809.000000|-1.334993|-0.450735|-34695207.497911|0.051329|-8.518903|-0.686816|0.832097|-16.200000|-4.000000|-12104304.928605|0.247847|0.000000|-11.034490|-9.177302|0.024925|0.005737|-0.004826|12761.560155|-0.358448|-1.905193|-5.376930|4.862139|0.470235|-1.334993|0.008014|-1.990806|-2172.691212|-93807377.474991|-62.765699|76197.940920|-0.000003|-503540.870708|-0.824140|0.011356|5.770761|0.015804|-7.961809|-28.641666|0.067778|-1.905193|-128.273282
1423|-41274227.368196|3.909579|-1.334993|-19.800000|-8.306603|-12.867503|-2.119891|-15.413742|1809.000000|-1.334993|-0.450735|-41263428.708559|0.051329|-7.184671|-0.687011|0.798139|-11.400000|-4.000000|-12099983.358769|0.247847|0.000000|-8.610560|-9.213241|0.020895|0.004792|-0.004782|12970.717049|-0.361268|-1.897811|-7.474475|4.721489|0.470235|-1.334993|0.005112|-1.990806|-2172.537504|-93807377.474991|-78.006870|76197.940920|-0.000003|-503540.870708|-0.815290|0.007050|5.734682|0.015290|-8.405996|-30.858333|0.067778|-1.897811|-128.273282
1424|-45339806.741976|3.861505|-1.334993|-20.800000|-8.306603|-13.769242|-2.119891|-15.425322|1809.000000|-1.334993|-0.450735|-45099650.898345|0.051329|-5.683997|-0.686994|0.781469|-16.600000|-4.000000|-12011163.353247|0.247847|0.000000|-9.483322|-8.809644|0.016865|0.003416|-0.003684|11240.631841|-0.362422|-1.898226|-5.693811|4.553969|0.470235|-1.334993|0.001053|-1.990806|-2172.384921|-93807377.474991|-76.089401|76197.940920|-0.000003|-503540.870708|-0.806440|0.005686|5.700639|0.014741|-8.850182|-30.858333|0.067778|-1.898226|-128.273282
1425|-46309508.801792|3.754881|-1.334993|-21.600000|-8.306603|-14.204148|-2.119891|-15.425322|1809.000000|-1.334993|-0.450735|-45709275.138659|0.051329|-5.683997|-0.687101|0.740490|-15.200000|-4.000000|-11916965.734589|0.247847|0.000000|-18.172140|-8.732178|0.012835|0.003416|-0.003013|11154.898020|-0.362625|-1.896019|-6.701748|4.358749|0.470235|-1.334993|-0.002518|-1.990806|-2172.799570|-93807377.474991|-64.733429|76197.940920|-0.000003|-503540.870708|-0.793429|0.004342|5.667128|0.014205|-9.294369|-30.858333|0.067778|-1.896019|-128.273282
1426|-49808540.952054|3.782144|-1.334993|-22.200000|-8.306603|-14.407158|-2.119891|-15.425322|1809.000000|-1.334993|-0.450735|-49234102.699319|0.051329|-5.677080|-0.687154|0.704137|-17.800000|-4.000000|-11902063.254748|0.247847|0.000000|-8.500195|-8.319506|0.008805|0.000351|-0.000106|11053.597176|-0.363503|-1.895946|-6.701748|4.133929|0.470235|-1.334993|-0.004448|-1.990806|-2172.530594|-93807377.474991|-67.417960|76197.940920|-0.000003|-503540.870708|-0.780418|0.004236|5.634789|0.013684|-9.738555|-28.858333|0.067778|-1.895946|-128.273282
1427|-49174775.552022|3.814097|-1.334993|-23.000000|-8.306603|-14.971787|-2.119891|-15.425322|1809.000000|-1.334993|-0.450735|-49145787.341726|0.051329|-5.677080|-0.687065|0.667005|-18.800000|-4.000000|-11902235.092194|0.247847|0.000000|-8.798694|-7.814218|0.004775|-0.002188|-0.000411|8569.555357|-0.370976|-1.882571|-7.671866|3.881035|0.470235|-1.334993|-0.005145|-1.990806|-2172.438897|-93807377.474991|-78.561660|76197.940920|-0.000003|-503540.870708|-0.766433|0.003940|5.603517|0.013127|-10.182742|-28.858333|0.067778|-1.882571|-128.273282
1428|-52407229.281188|3.700304|-1.334993|-24.200000|-8.306603|-15.673118|-2.119891|-15.425322|1809.000000|-1.334993|-0.450735|-52845850.347466|0.051329|-5.677080|-0.687021|0.613179|-19.800000|-4.000000|-11900278.553372|0.247847|0.000000|-9.143544|-7.494547|0.000745|-0.002188|-0.001236|6552.856603|-0.380699|-1.858882|-8.168189|3.601901|0.470235|-1.334993|-0.005942|-1.990806|-2172.614919|-93807377.474991|-69.827632|76197.940920|-0.000003|-503540.870708|-0.747615|0.003809|5.573799|0.012580|-10.626928|-28.858333|0.067778|-1.858882|-128.273282
1429|-53578962.008292|3.772862|-1.334993|-25.400000|-8.306603|-16.879083|-2.119891|-15.425322|1809.000000|-1.334993|-0.450735|-53757439.093634|0.051329|-5.677080|-0.686999|0.545147|-18.800000|-4.000000|-12066477.138782|0.247847|0.000000|-9.293297|-7.395798|-0.003285|-0.002188|-0.001696|5325.582467|-0.385618|-1.828477|-9.641078|3.299142|0.470235|-1.334993|-0.007114|-1.990806|-2172.399447|-93807377.474991|-75.257642|76197.940920|-0.000003|-503540.870708|-0.728797|0.004075|5.543514|0.012049|-11.071115|-30.600000|0.067778|-1.828477|-128.273282
1430|-51635530.552216|3.530729|-1.334993|-26.400000|-8.306603|-17.970195|-2.119891|-16.538763|1809.000000|-1.583372|-0.450735|-51433168.353352|0.051329|-5.677080|-0.686988|0.485389|-19.600000|-4.000000|-12414436.573201|0.247847|0.000000|-8.824086|-7.496929|-0.007315|-0.002188|-0.002546|4698.879754|-0.385618|-1.794223|-10.541548|2.977272|0.470235|-1.334993|-0.009610|-1.990806|-2171.741418|-93807377.474991|-75.854435|76197.940920|-0.000003|-503540.870708|-0.710974|0.002098|5.541147|0.011477|-11.515301|-34.200000|0.067778|-1.794223|-128.273282
1431|-51078301.750000|3.430879|-1.334993|-27.400000|-8.306603|-18.766915|-2.119891|-16.538763|1809.000000|-1.990806|-0.450735|-52139788.295149|0.051329|-5.677080|-0.686867|0.431392|-24.200000|-4.000000|-12838320.673143|0.247847|0.000000|-19.395814|-7.843180|-0.011346|-0.002188|-0.003937|4126.646860|-0.387637|-1.755974|-10.719229|2.640901|0.470235|-1.334993|-0.011002|-1.990806|-2171.445409|-93807377.474991|-81.641851|76197.940920|-0.000003|-503540.870708|-0.701724|-0.001820|5.564005|0.010931|-11.959488|-35.825000|0.067778|-1.755974|-128.273282
1432|-52020027.858372|3.200712|-1.334993|-28.000000|-8.306603|-19.678234|-2.119891|-16.538763|1809.000000|-1.990806|-0.450735|-53485134.784574|0.051329|-5.677080|-0.686922|0.383128|-21.000000|-4.000000|-13178593.664213|0.247847|0.000000|-9.654541|-8.042498|-0.015376|-0.002188|-0.004710|3916.005879|-0.387637|-1.718747|-11.582891|2.293393|0.470235|-1.334993|-0.012786|-1.990806|-2172.746809|-93807377.474991|-76.056629|76197.940920|-0.000003|-503540.870708|-0.696183|-0.004536|5.601067|0.010373|-12.403674|-36.125000|0.067778|-1.718747|-128.273282
1433|-53652768.674998|2.973455|-1.334993|-28.000000|-8.306603|-20.693236|-2.119891|-16.538763|1809.000000|-1.990806|-0.450735|-55056618.031781|0.051329|-5.677080|-0.686950|0.340108|-24.200000|-4.000000|-13514804.933226|0.247847|0.000000|-22.984200|-8.273322|-0.019406|-0.002188|-0.005276|3715.677778|-0.390847|-1.702806|-12.137609|1.936312|0.470235|-1.334993|-0.022160|-1.990806|-2172.941596|-93807377.474991|-101.483284|76197.940920|-0.000003|-503540.870708|-0.691525|-0.008618|5.642412|0.009824|-12.847861|-36.800000|0.067778|-1.702806|-128.273282
1434|-56217957.280946|3.056754|-1.334993|-28.000000|-6.131166|-21.992524|-2.877410|-16.538763|1809.000000|-1.990806|-0.450735|-57595349.832432|0.051329|-5.677080|-0.686963|0.280859|-23.400000|-4.000000|-13940524.241481|0.247847|0.000000|-19.805516|-8.672638|-0.023436|-0.002188|-0.005535|3857.242676|-0.400096|-1.709724|-10.851778|1.571799|0.470235|-1.334993|-0.023011|-1.990806|-2171.976116|-93807377.474991|-209.719404|76197.940920|-0.000003|-503540.870708|-0.690051|-0.009788|5.689031|0.009259|-13.292047|-34.800000|0.067778|-1.709724|-128.273282
1435|-58672891.019182|2.950816|-1.583372|-28.000000|-6.131166|-22.596641|-2.877410|-23.142880|1809.000000|-1.990806|-0.963910|-60093774.128422|0.023647|-5.677080|-0.686855|0.229946|-28.400000|-4.000000|-13937242.525800|0.247847|0.000000|-13.165870|-9.674458|-0.026566|-0.002188|-0.007113|4138.109571|-0.414117|-1.754034|-9.281068|1.201784|0.470235|-1.334993|-0.025735|-1.990806|-2172.608241|-93807377.474991|-154.086340|76197.940920|-0.000004|-503540.870708|-0.700194|-0.014178|5.740810|0.008621|-13.736234|-34.800000|0.067778|-1.754034|-128.273282
1436|-56718129.297592|2.825434|-1.990806|-28.000000|-6.131166|-22.952748|-3.176188|-25.498987|1809.000000|-1.990806|-1.083110|-58851596.793936|0.023647|-5.677080|-0.752528|0.187238|-25.400000|-4.000000|-13932520.237297|0.247847|0.000000|-15.071579|-10.647817|-0.027537|-0.001138|-0.006070|3979.345133|-0.425269|-1.906749|-11.464403|0.828939|0.470235|-1.334993|-0.040167|-1.990806|-2172.067511|-93807377.474991|-173.566676|76197.940920|-0.000005|-503540.870708|-0.717128|-0.014024|5.793341|0.007909|-14.180420|-34.800000|0.067778|-1.906749|-128.273282
1437|-60084943.760436|2.752679|-1.990806|-28.000000|-6.131166|-23.242962|-3.176188|-25.821178|1809.000000|-1.990806|-1.164795|-62329684.319424|0.023647|-5.751861|-0.752813|0.161229|-24.000000|-4.000000|-13890730.785562|0.247847|0.000000|-15.754621|-11.477253|-0.028507|0.001058|-0.005891|4017.881794|-0.422974|-2.063736|-23.520439|0.454960|0.470235|-1.334993|-0.044863|-1.990806|-2171.531324|-93807377.474991|-97.541232|76197.940920|-0.000005|-503540.870708|-0.739559|-0.013929|5.848105|0.007176|-14.624607|-38.800000|0.067778|-2.063736|-128.273282
1438|-73148029.963342|2.530527|-1.990806|-27.800000|-6.131166|-23.886490|-3.176188|-26.493637|1809.000000|-1.990806|-1.164795|-75674904.208892|0.023647|-6.789251|-0.752956|0.104603|-28.000000|-4.000000|-13830833.695857|0.247847|0.000000|-18.624680|-12.323975|-0.029478|0.003497|-0.004376|3488.876666|-0.424629|-2.186315|-21.064317|0.081876|0.470235|-1.334993|-0.048479|-1.990806|-2172.253634|-93807377.474991|-95.059707|76197.940920|-0.000005|-503540.870708|-0.766533|-0.013766|5.906575|0.006417|-15.068793|-36.800000|0.067778|-2.186315|-128.273282
1439|-77809424.317586|2.444589|-1.990806|-28.000000|-6.131166|-24.374917|-3.176188|-26.745093|1809.000000|-1.990806|-1.164795|-80155408.863057|0.023647|-8.307946|-0.753027|0.060680|-30.000000|-4.000000|-13809912.879657|0.247847|0.000000|-25.727739|-12.899581|-0.030448|0.005851|-0.004277|2769.738565|-0.430497|-2.212265|-16.548366|-0.287968|0.470235|-1.334993|-0.054042|-1.990806|-2171.718183|-93807377.474991|-96.242090|76197.940920|-0.000005|-503540.870708|-0.796203|-0.015073|5.975214|0.005669|-15.512980|-36.800000|0.067778|-2.212265|-128.273282
1440|-79358972.226460|2.403582|-1.990806|-27.800000|-6.590534|-24.734912|-3.176188|-26.745093|1809.000000|-1.990806|-1.164795|-81754333.645583|0.023647|-10.067293|-0.752937|-0.009955|-30.000000|-4.000000|-13796334.402578|0.247847|0.000000|-17.575148|-13.876865|-0.030983|0.009002|-0.002707|2288.069143|-0.434139|-2.231285|-16.164807|-0.652614|0.470235|-1.334993|-0.054977|-1.990806|-2171.821063|-93807377.474991|-109.316272|76197.940920|-0.000005|-503540.870708|-0.825261|-0.020555|6.052104|0.004880|-15.957166|-34.800000|0.067778|-2.231285|-128.273282
1441|-80213243.465946|2.172251|-1.990806|-28.200000|-6.590534|-24.740389|-3.176188|-26.745093|1809.000000|-1.990806|-1.164795|-82331004.697248|0.023647|-10.946967|-0.752766|-0.105254|-30.000000|-4.000000|-13794562.995283|0.247847|0.000000|-19.127953|-14.381582|-0.031517|0.010310|-0.002492|2185.008793|-0.439491|-2.229354|-16.685304|-1.010076|0.470235|-1.334993|-0.058091|-1.990806|-2171.233844|-93807377.474991|-116.795165|76197.940920|-0.000005|-503540.870708|-0.854320|-0.024347|6.133672|0.004131|-16.401353|-36.800000|0.067778|-2.229354|-128.273282
1442|-80068610.070338|2.113640|-1.990806|-28.000000|-6.590534|-24.740389|-3.176188|-26.745093|1809.000000|-1.990806|-1.164795|-82454094.216298|0.023647|-11.386804|-0.752554|-0.202767|-30.000000|-4.000000|-13796661.625038|0.247847|0.000000|-38.734410|-14.649217|-0.032051|0.010665|-0.002314|926.786027|-0.447236|-2.242773|-17.229645|-1.359188|0.308398|-1.334993|-0.060241|-1.990806|-2172.419595|-93807377.474991|-123.911411|76197.940920|-0.000005|-503540.870708|-0.881876|-0.026653|6.221211|0.003448|-16.845539|-36.800000|0.067778|-2.242773|-128.273282
1443|-85751291.727410|1.819369|-1.990806|-27.800000|-6.590534|-24.740389|-3.176188|-26.745093|1809.000000|-1.990806|-1.164795|-87950334.476693|0.023647|-12.606723|-0.752574|-0.166377|-25.800000|-4.000000|-13701776.613847|0.247847|0.000000|-24.711774|-15.151545|-0.032585|0.011374|-0.001987|813.703512|-0.452663|-2.257685|-18.612129|-1.699061|0.308398|-1.334993|-0.060615|-1.990806|-2172.772020|-93807377.474991|-123.042341|76197.940920|-0.000005|-77783.988329|-0.908565|-0.030713|6.311835|0.002775|-17.289726|-36.800000|0.067778|-2.257685|-128.273282
1444|-88225102.045878|1.808524|-1.990806|-27.800000|-6.590534|-26.017958|-3.176188|-26.745093|1809.000000|-1.990806|-1.164795|-90567723.702197|0.023647|-16.216682|-0.752459|-0.093632|-30.000000|-2.000000|-13613702.084486|0.247847|0.000000|-24.216472|-15.915903|-0.033120|0.013640|-0.001036|1346.224189|-0.451439|-2.278606|-14.331265|-2.029052|0.308398|-1.334993|-0.060857|-1.990806|-2172.149470|-93807377.474991|-120.776933|76197.940920|-0.000005|-77783.988329|-0.935254|-0.035384|6.403262|0.002152|-17.289726|-34.800000|0.067778|-2.278606|-128.273282
1445|-86046696.229330|1.448733|-1.990806|-27.000000|-10.654429|-26.983377|-3.176188|-29.710512|1809.000000|-1.990806|-1.164795|-88032980.899435|0.011688|-19.021661|-1.252230|0.024056|-31.800000|-2.000000|-13193902.651930|0.247847|0.000000|-25.014449|-17.180474|-0.033166|0.016551|-0.000872|507.859328|-0.454703|-2.309766|-12.927500|-2.348905|0.308398|-1.334993|-0.063531|-1.990806|-2172.357001|-93807377.474991|-145.695779|76197.940920|-0.000005|-77783.988329|-0.961942|-0.042834|6.501294|0.001557|-17.289726|-36.800000|0.067778|-2.309766|-128.273282
1446|-89354861.710906|1.273733|-1.990806|-26.000000|-10.654429|-27.856852|-3.176188|-25.475628|1809.000000|-1.990806|-1.164795|-91124479.430558|0.011688|-19.407813|-1.252286|0.152237|-26.200000|-2.000000|-12941974.664368|0.247847|0.000000|-25.242114|-18.207684|-0.033212|0.018758|-0.001477|26.130140|-0.454958|-2.367628|-11.951904|-2.658730|0.308398|-1.334993|-0.065040|-1.990806|-2172.722375|-93629014.541262|-143.172082|76197.940920|-0.000005|-77783.988329|-0.988631|-0.042594|6.607407|0.000953|-17.289726|-34.800000|0.067778|-2.367628|-128.273282
1447|-90874422.010948|0.981429|-1.990806|-26.000000|-10.654429|-28.456662|-3.176188|-25.475628|1809.000000|-1.990806|-1.164795|-91617009.995712|0.011688|-18.894259|-1.251686|0.253670|-34.000000|-2.000000|-12517667.936256|0.247847|0.000000|-29.625474|-19.159631|-0.033258|0.020206|-0.002180|-386.968497|-0.450470|-2.457299|-8.905242|-2.958296|0.308398|-1.334993|-0.065040|-1.990806|-2171.092076|-93609121.088307|-165.669854|76197.940920|-0.000005|-77783.988329|-1.015320|-0.041396|6.717730|0.000466|-17.289726|-38.800000|0.067778|-2.457299|-128.273282
1448|-91652083.250000|0.909554|-1.990806|-26.000000|-10.654429|-29.380300|-3.176188|-25.475628|1809.000000|-1.990806|-1.164795|-92065371.149975|0.011688|-18.894259|-1.251596|0.321249|-25.800000|-2.000000|-12091388.506047|0.247847|0.000000|-30.958717|-20.009642|-0.033304|0.020476|-0.002855|-1058.512165|-0.445399|-2.520072|-10.901935|-3.247817|0.308398|-1.334993|-0.065040|-1.990806|-2172.427250|-93609121.088307|-135.506606|76197.940920|-0.000005|-77783.988329|-1.042008|-0.040959|6.828664|0.000023|-17.289726|-36.800000|0.067778|-2.520072|-128.273282
1449|-80510314.060284|0.779242|-1.990806|-26.000000|-10.654429|-30.406449|-3.176188|-25.475628|1809.000000|-1.990806|-1.164795|-80428721.990544|0.011688|-18.894259|-1.251550|0.428283|-27.800000|-2.000000|-11672607.604071|0.247847|0.000000|-31.344689|-21.024644|-0.033350|0.020880|-0.002963|-1985.046605|-0.442146|-2.532918|-9.564755|-3.527940|0.308398|-1.334993|-0.065040|-1.990806|-2172.096041|-93674353.159400|-137.150613|76197.940920|-0.000005|-77783.988329|-1.068697|-0.041993|6.940120|-0.000354|-17.289726|-34.800000|0.067778|-2.532918|-128.273282
1450|-69641920.906554|0.506047|-1.990806|-26.000000|-10.654429|-31.050152|-3.176188|-22.263775|1809.000000|-1.990806|-1.164795|-69093379.663606|0.009168|-18.894259|-1.255876|0.532578|-27.000000|-2.000000|-11330872.149012|0.247847|0.000000|-30.612733|-22.323932|-0.033396|0.022864|-0.003729|-5228.942451|-0.441675|-2.532997|-9.564755|-3.799451|0.308398|-1.583372|-0.065040|-1.990806|-2172.005859|-93674353.159400|-149.418133|76197.940920|-0.000005|-77783.988329|-1.095386|-0.043598|7.053325|-0.000716|-17.289726|-34.800000|0.067778|-2.532997|-128.273282
1451|-79651311.465542|0.079954|-1.990806|-26.000000|-10.654429|-31.050152|-3.176188|-22.263775|1809.000000|-1.990806|-1.164795|-78657849.716061|-0.004248|-18.894259|-1.256495|0.603744|-18.000000|-4.000000|-10867062.189137|0.247847|0.000000|-29.044251|-22.756263|-0.033442|0.022864|-0.003768|-6959.731603|-0.441675|-2.534701|-14.661318|-4.063063|0.308398|-1.990806|-0.065040|-1.990806|-2174.063222|-93794469.915142|-118.718964|76197.940920|-0.000005|-77783.988329|-1.121777|-0.042547|7.167830|-0.001039|-17.289726|-40.800000|0.067778|-2.534701|-128.273282
1452|-87069893.048516|-0.032674|-1.990806|-26.000000|-10.654429|-31.345839|-3.176188|-24.710859|1809.000000|-1.990806|-1.164795|-85751851.211730|-0.004248|-20.103673|-1.256384|0.666562|-30.000000|-4.000000|-10837630.028317|0.247847|0.000000|-30.271395|-23.216602|-0.033488|0.022864|-0.004052|-8146.155147|-0.441670|-2.537606|-12.056032|-4.318600|0.308398|-1.990806|-0.065040|-1.990806|-2171.864646|-93875667.377116|-161.493593|76197.940920|-0.000005|-77783.988329|-1.144213|-0.040165|7.285350|-0.001310|-17.289726|-36.800000|0.067778|-2.537606|-128.273282
1453|-91061832.526290|-0.235833|-1.990806|-26.000000|-10.654429|-31.803841|-3.176188|-24.710859|1809.000000|-1.990806|-1.164795|-89452700.142622|-0.004248|-21.708380|-1.256539|0.696778|-24.000000|-4.000000|-10825563.260901|0.247847|0.000000|-35.041231|-23.487690|-0.033534|0.022864|-0.003360|-9652.121981|-0.445999|-2.569658|-12.675849|-4.565967|0.308398|-1.990806|-0.066039|-1.990806|-2172.004098|-93875667.377116|-159.441854|76197.940920|-0.000005|-77783.988329|-1.157545|-0.039501|7.405828|-0.001524|-17.289726|-36.800000|0.067778|-2.569658|-128.273282
1454|-86227973.500000|-0.397627|-1.990806|-26.000000|-10.832171|-32.167236|-3.176188|-25.263552|1809.000000|-1.990806|-1.164795|-84656019.947739|-0.004248|-25.510734|-1.255986|0.722390|-32.000000|-4.000000|-10809290.995490|0.247847|0.000000|-34.246753|-24.295651|-0.033580|0.022864|-0.003480|-10521.142772|-0.443652|-2.601779|-11.277533|-4.805159|0.308398|-1.990806|-0.070539|-1.990806|-2172.471094|-93875667.377116|-192.505830|76197.940920|-0.000005|-77783.988329|-1.170877|-0.036858|7.527377|-0.001668|-17.289726|-38.800000|0.067778|-2.601779|-128.273282
1455|-91488381.345790|-0.678634|-1.990806|-26.000000|-10.832171|-32.152487|-3.176188|-25.263552|1809.000000|-1.990806|-1.164795|-89830534.724313|-0.004878|-26.139759|-1.255709|0.729810|-28.000000|-4.000000|-10777310.086360|0.247847|0.000000|-30.265411|-24.712400|-0.033626|0.022864|-0.003399|-12520.027999|-0.435458|-2.680125|-12.027877|-5.034752|0.308398|-1.990806|-0.074044|-1.990806|-2171.560188|-94067998.129280|-198.816408|76197.940920|-0.000005|-77783.988329|-1.182924|-0.037875|7.650793|-0.001733|-17.289726|-36.800000|0.067778|-2.680125|-128.273282
1456|-92362134.861840|-0.938391|-1.990806|-26.000000|-10.832171|-31.948667|-3.176188|-25.263552|1809.000000|-1.990806|-1.164795|-89990772.191240|-0.004878|-26.139759|-1.255151|0.729810|-30.000000|-4.000000|-10776472.441804|0.247847|0.000000|-36.745252|-24.767909|-0.033672|0.022864|-0.003524|-12604.093195|-0.435458|-2.767107|-10.839156|-5.253386|0.308398|-1.990806|-0.078485|-1.990806|-2171.548242|-94121113.430795|-236.614993|76197.940920|-0.000005|-77783.988329|-1.194971|-0.038695|7.774391|-0.001695|-17.289726|-36.800000|0.067778|-2.767107|-128.273282
1457|-96447364.887800|-1.103600|-1.990806|-26.000000|-10.832171|-31.787888|-3.176188|-25.263552|1809.000000|-1.990806|-1.164795|-93766503.994233|-0.004878|-26.139759|-1.254873|0.729810|-26.000000|-4.000000|-10831078.239257|0.247847|0.000000|-32.907806|-24.461476|-0.033719|0.022864|-0.003687|-12545.485310|-0.431897|-2.847559|-9.487685|-5.459903|0.308398|-1.990806|-0.083428|-1.990806|-2172.483915|-94129779.128107|-303.111137|76197.940920|-0.000005|-77783.988329|-1.207017|-0.034258|7.897565|-0.001568|-17.289726|-36.800000|0.067778|-2.847559|-128.273282
1458|-111456039.327960|-1.349706|-1.990806|-26.000000|-10.832171|-31.977186|-3.176188|-25.263552|1809.000000|-1.990806|-1.164795|-106254138.924348|-0.004878|-26.139759|-1.253686|0.729810|-34.000000|-4.000000|-10842839.301517|0.247847|0.000000|-29.246628|-24.510685|-0.033765|0.022864|-0.003869|-13145.337495|-0.428105|-2.940089|-3.059554|-5.653215|0.308398|-1.990806|-0.051787|-1.990806|-2170.426156|-94919774.795490|-472.737235|76197.940920|-0.000005|-77783.988329|-1.218729|-0.031198|8.020818|-0.001267|-17.289726|-42.800000|0.075620|-2.940089|-128.273282
1459|-126578916.575444|-1.393925|-1.990806|-26.000000|-10.832171|-31.979359|-3.176188|-27.535737|1809.000000|-1.990806|-1.164795|-118576991.394364|-0.004878|-26.139759|-1.252467|0.729810|-30.000000|-4.000000|-10761903.015684|0.247847|0.000000|-29.261218|-24.437060|-0.033811|0.022864|-0.004062|-13757.700798|-0.427968|-3.060570|-0.006396|-5.831962|0.308398|-1.990806|-0.047068|-1.990806|-2172.228048|-98821857.440806|-703.466506|76197.940920|-0.000005|-77783.988329|-1.230441|-0.028170|8.143580|-0.000756|-17.289726|-38.608334|0.170631|-3.060570|-128.273282
