859|nan|nan|nan|nan|nan|nan|nan|nan|nan|nan|nan|nan|nan|nan|nan|nan|nan|nan|nan
900|nan|nan|nan|nan|nan|nan|nan|nan|nan|nan|nan|nan|nan|nan|nan|nan|nan|nan|nan
901|nan|nan|nan|nan|nan|nan|nan|nan|nan|nan|nan|nan|nan|nan|nan|nan|nan|nan|nan
902|nan|nan|nan|nan|nan|nan|nan|nan|nan|nan|nan|nan|nan|nan|nan|nan|nan|nan|nan
903|nan|nan|nan|nan|nan|nan|nan|nan|nan|nan|nan|nan|nan|nan|nan|nan|nan|nan|nan
904|nan|nan|nan|nan|nan|nan|nan|nan|nan|nan|nan|nan|nan|nan|nan|nan|nan|nan|nan
905|nan|nan|nan|nan|nan|nan|nan|nan|nan|nan|nan|nan|nan|nan|nan|nan|nan|nan|nan
906|nan|nan|nan|nan|nan|nan|nan|nan|nan|nan|nan|nan|nan|nan|nan|nan|nan|nan|nan
907|nan|nan|nan|nan|nan|nan|nan|nan|nan|nan|nan|nan|nan|nan|nan|nan|nan|nan|nan
908|nan|nan|nan|nan|nan|nan|nan|nan|nan|nan|nan|nan|nan|nan|nan|nan|nan|nan|nan
909|nan|nan|nan|nan|nan|nan|nan|nan|nan|nan|nan|nan|nan|nan|nan|nan|nan|nan|nan
910|nan|nan|nan|nan|nan|nan|nan|nan|nan|nan|nan|nan|nan|nan|nan|nan|nan|nan|nan
911|nan|nan|nan|nan|nan|nan|nan|nan|nan|nan|nan|nan|nan|nan|nan|nan|nan|nan|nan
912|nan|nan|nan|nan|nan|nan|nan|nan|nan|nan|nan|nan|nan|nan|nan|nan|nan|nan|nan
913|nan|nan|nan|nan|nan|nan|nan|nan|nan|nan|nan|nan|nan|nan|nan|nan|nan|nan|nan
914|nan|nan|nan|nan|nan|nan|nan|nan|nan|nan|nan|nan|nan|nan|nan|nan|nan|nan|nan
915|nan|nan|nan|nan|nan|nan|nan|nan|nan|nan|nan|nan|nan|nan|nan|nan|nan|nan|nan
916|nan|nan|nan|nan|nan|nan|nan|nan|nan|nan|nan|nan|nan|nan|nan|nan|nan|nan|nan
917|nan|nan|nan|nan|nan|nan|nan|nan|nan|nan|nan|nan|nan|nan|nan|nan|nan|nan|nan
918|nan|nan|nan|nan|nan|nan|nan|nan|nan|nan|nan|nan|nan|nan|nan|nan|nan|nan|nan
919|nan|nan|nan|nan|nan|nan|nan|nan|nan|nan|nan|nan|nan|nan|nan|nan|nan|nan|nan
920|nan|nan|nan|nan|nan|nan|nan|nan|nan|nan|nan|nan|nan|nan|nan|nan|nan|nan|nan
921|nan|nan|nan|nan|nan|nan|nan|nan|nan|nan|nan|nan|nan|nan|nan|nan|nan|nan|nan
922|nan|nan|nan|nan|nan|nan|nan|nan|nan|nan|nan|nan|nan|nan|nan|nan|nan|nan|nan
923|nan|nan|nan|nan|nan|nan|nan|nan|nan|nan|nan|nan|nan|nan|nan|nan|nan|nan|nan
924|nan|nan|nan|nan|nan|nan|nan|nan|nan|nan|nan|nan|nan|-42.037351|nan|48.713001|nan|nan|nan
925|nan|nan|nan|nan|nan|nan|nan|nan|nan|nan|nan|nan|nan|-21.355721|nan|48.946426|nan|nan|nan
926|nan|nan|nan|nan|nan|nan|nan|nan|nan|nan|nan|nan|nan|-30.120347|nan|48.301859|nan|nan|nan
927|nan|nan|nan|nan|nan|nan|nan|nan|nan|nan|nan|nan|nan|-36.564330|nan|48.196797|nan|nan|nan
928|nan|nan|nan|nan|nan|nan|nan|nan|nan|nan|nan|nan|nan|-58.031825|49.542032|47.822964|nan|nan|nan
929|nan|nan|nan|nan|nan|nan|nan|nan|nan|nan|nan|nan|nan|-155.616100|-51.810347|-54.724136|nan|nan|nan
930|nan|nan|nan|nan|nan|nan|nan|nan|nan|nan|nan|nan|nan|-158.725285|-62.081351|-65.739965|nan|nan|nan
931|nan|nan|nan|nan|nan|nan|nan|nan|nan|nan|nan|nan|nan|-97.787190|-62.081351|-65.663041|nan|nan|nan
932|nan|nan|nan|nan|nan|nan|nan|nan|nan|nan|nan|nan|nan|-99.451666|-62.081351|-65.868263|nan|nan|nan
933|nan|nan|nan|nan|10.476736|nan|nan|nan|nan|nan|nan|nan|nan|-87.888658|-62.081351|-65.829894|nan|nan|nan
934|nan|nan|nan|nan|10.514545|nan|nan|nan|nan|nan|nan|nan|nan|-25.776578|-62.081351|-65.140178|nan|nan|nan
935|nan|nan|nan|nan|11.365175|nan|nan|nan|nan|-26.532810|nan|nan|nan|-31.862668|-62.081351|-64.872959|nan|nan|nan
936|nan|nan|nan|nan|12.448182|nan|nan|nan|nan|-13.206287|nan|nan|nan|-10.703198|-62.081351|-64.323514|nan|nan|nan
937|nan|nan|nan|nan|13.861402|nan|nan|nan|nan|8.023736|nan|nan|nan|-3.163191|-62.081351|-63.867828|nan|nan|nan
938|nan|nan|nan|nan|14.910851|nan|nan|nan|nan|-31.804288|nan|nan|nan|-21.247363|-62.081351|-63.798457|nan|nan|nan
939|nan|nan|nan|nan|15.846317|nan|nan|nan|nan|-25.212911|nan|nan|nan|-4.854822|-62.081351|-63.416262|nan|nan|nan
940|nan|nan|nan|nan|16.595424|nan|nan|nan|nan|-36.039263|nan|nan|nan|-21.874648|-62.081351|-63.409636|nan|nan|nan
941|nan|nan|nan|nan|17.128003|nan|nan|nan|nan|-31.548310|nan|nan|nan|-24.004074|-62.081351|-63.388742|nan|nan|nan
942|nan|nan|nan|nan|16.822892|nan|nan|nan|nan|-41.201089|nan|nan|nan|-38.812011|-62.081351|-63.356950|nan|nan|nan
943|nan|-9.568864|nan|nan|17.123038|nan|nan|nan|nan|-28.749878|nan|nan|nan|-35.164386|-62.081351|-63.470869|-0.020772|nan|nan
944|nan|-7.778430|nan|nan|17.785758|nan|nan|nan|nan|2.649363|nan|nan|nan|0.749846|-62.081351|-63.235711|-0.014945|nan|nan
945|nan|-0.069545|nan|nan|20.691550|nan|nan|nan|nan|61.058185|nan|nan|nan|76.684791|-62.081351|-29.722151|-0.002978|nan|nan
946|nan|8.329703|nan|nan|24.406930|nan|nan|nan|nan|89.494569|nan|nan|nan|105.743304|-62.081351|-21.878745|0.001159|nan|nan
947|nan|18.428353|nan|nan|29.483330|nan|nan|nan|nan|127.168663|nan|nan|nan|153.456843|-62.081351|-17.802172|0.008141|nan|nan
948|nan|25.898355|nan|125.500559|34.187626|nan|nan|nan|nan|106.961829|nan|nan|nan|143.356081|-62.081351|13.420486|0.005250|nan|nan
949|nan|29.959006|nan|90.003574|37.425611|nan|nan|nan|nan|77.214408|nan|nan|nan|114.099709|-62.081351|13.611162|-0.000621|nan|nan
950|nan|33.731412|nan|95.832359|40.396986|nan|nan|nan|nan|72.884680|nan|nan|nan|124.736605|-62.081351|13.807965|0.000180|nan|nan
951|nan|37.243915|nan|nan|43.310992|nan|nan|nan|nan|80.535121|nan|nan|nan|134.569300|-62.081351|13.935234|0.000847|nan|nan
952|nan|39.085963|nan|75.998064|45.467991|nan|nan|nan|nan|50.122447|nan|nan|nan|117.863368|-62.081351|13.852841|-0.002888|nan|nan
953|nan|39.831223|nan|nan|46.947003|nan|20.373087|nan|nan|31.154051|nan|nan|nan|107.381801|-62.081351|13.761508|-0.005600|nan|nan
954|nan|39.832404|nan|nan|48.093336|nan|32.168032|nan|nan|27.105748|nan|nan|nan|99.580901|-62.081351|13.510428|-0.007867|nan|nan
955|nan|39.464367|nan|nan|48.940042|nan|36.993237|nan|nan|15.612772|nan|nan|nan|98.318091|-62.081351|13.291393|-0.009110|nan|nan
956|nan|40.207906|nan|66.311806|50.065588|nan|51.200785|nan|nan|39.964705|nan|nan|nan|131.126952|-62.081351|13.561517|-0.004665|nan|nan
957|nan|40.531662|nan|nan|51.170776|nan|34.580635|nan|nan|47.688423|nan|nan|nan|128.914786|-62.081351|24.772303|-0.005820|nan|nan
958|nan|40.296453|nan|nan|51.837905|nan|-0.804201|nan|nan|28.427538|nan|nan|nan|120.101909|-62.081351|33.317967|-0.007997|nan|nan
959|nan|39.438174|nan|28.109276|52.344027|8.106526|-116.609118|0.107662|nan|12.065644|nan|nan|nan|107.036095|-62.081351|69.261015|-0.010796|nan|nan
1000|nan|38.084649|nan|nan|52.258963|8.138464|-137.250272|0.043368|nan|9.240393|nan|nan|nan|94.588467|-29.534357|60.019996|-0.013551|nan|nan
1001|nan|37.433216|nan|29.637803|52.575220|8.714543|-60.315061|0.097298|nan|14.347237|nan|-85.497203|nan|115.011902|-22.448124|60.064911|-0.010751|nan|nan
1002|nan|36.704281|nan|25.466838|52.560720|9.121525|-65.408333|0.094053|nan|20.362984|nan|-84.178919|nan|114.275303|-19.417753|59.927447|-0.011240|nan|nan
1003|nan|36.537021|nan|42.210828|52.870933|9.994636|-39.137773|0.126874|nan|31.990707|nan|-81.833782|nan|132.573783|11.468411|60.110701|-0.008662|nan|nan
1004|nan|37.447718|nan|76.788518|56.669930|11.740305|57.098257|0.240226|nan|56.055443|nan|-75.682532|nan|170.323202|11.573211|60.542286|-0.002930|nan|nan
1005|nan|39.073881|nan|102.473875|61.636941|14.024527|77.471345|0.334924|nan|98.779091|nan|-68.723745|nan|200.009633|11.573211|61.008881|0.001335|nan|nan
1006|nan|39.935179|nan|80.533604|65.301968|15.636640|77.203278|0.369755|nan|77.456317|nan|-64.106405|nan|183.001136|11.573211|61.189606|-0.002130|nan|nan
1007|nan|40.172608|nan|59.341307|68.370211|16.625837|62.995730|0.368673|nan|49.691300|nan|-60.104780|nan|165.829335|11.573211|61.144910|-0.005638|nan|nan
1008|nan|39.652402|nan|32.273417|70.867976|16.914605|17.424351|0.343493|nan|33.396557|nan|-57.199911|nan|142.688997|11.573211|60.924674|-0.010123|nan|nan
1009|nan|39.018109|nan|28.036557|72.221343|17.122478|27.610895|0.328420|nan|16.147461|nan|-56.139571|nan|141.195630|11.573211|60.504763|-0.011055|nan|nan
1010|nan|38.518004|nan|nan|73.476418|17.389302|14.207548|0.360121|nan|10.999331|nan|-54.769053|nan|146.113667|11.573211|60.439702|-0.010433|nan|nan
1011|nan|37.677824|nan|15.736372|75.016982|17.281212|-3.216803|0.363182|nan|26.284199|nan|-54.392593|nan|130.662876|11.573211|60.207493|-0.012875|nan|nan
1012|nan|36.283278|nan|-9.187211|76.375016|16.566452|-43.426844|0.334855|nan|-0.087827|nan|-54.857478|nan|103.574014|22.750389|59.693632|-0.017050|nan|nan
1013|nan|34.722906|nan|nan|77.477585|15.668980|-51.736919|0.291756|nan|5.988608|nan|-55.115501|nan|89.763499|31.293731|59.273556|-0.019004|nan|nan
1014|nan|33.255978|nan|nan|78.580202|14.830921|-16.352083|0.291756|nan|8.991199|nan|-55.808505|nan|88.640997|58.112059|58.931704|-0.018959|nan|nan
1030|nan|29.598854|nan|-116.404871|77.187757|11.851223|-40.210041|0.156003|nan|-66.497660|nan|-58.686691|nan|-10.020573|-23.007718|-23.541704|-0.038322|nan|nan
1031|nan|26.268587|nan|-117.772296|75.240134|9.196077|-16.888217|0.051224|nan|-69.025211|nan|-61.512415|nan|-14.819671|-44.616120|-45.739523|-0.038939|nan|nan
1032|nan|23.576090|nan|nan|74.380025|7.113361|48.788183|-0.041924|nan|-47.370301|nan|-63.241376|nan|4.363200|-44.616120|-46.186601|-0.035032|nan|nan
1033|-156.755045|19.660340|nan|-155.879555|71.877418|3.833444|-30.023497|-0.165277|nan|-103.966336|nan|-66.796035|nan|-61.643463|-67.511597|-70.028074|-0.051648|nan|nan
1034|-171.217947|15.761619|nan|nan|68.914647|0.444095|-79.347814|-0.299685|nan|-107.706096|nan|-71.713100|nan|-80.065024|-75.568725|-78.948152|-0.056380|nan|nan
1035|-146.114792|12.621073|nan|-143.667516|64.874940|-2.204104|-49.056250|-0.394000|nan|-93.618418|nan|-77.944639|nan|-59.552844|-75.568725|-79.274486|-0.052163|nan|nan
1036|-152.780476|9.677885|nan|-150.570457|60.292075|-4.926113|-51.200785|-0.450731|nan|-112.395609|nan|-85.001461|nan|-71.974612|-75.568725|-79.793212|-0.053192|nan|nan
1037|-139.449238|6.945468|nan|-136.434367|54.594484|-7.158628|-60.046994|-0.492182|nan|-102.604688|nan|-92.823818|nan|-64.088234|-75.568725|-79.840684|-0.050931|nan|nan
1038|-126.634459|4.778339|nan|nan|49.230430|-8.517446|-63.263797|-0.524562|nan|-102.495274|nan|-99.738668|nan|-55.735268|-75.568725|-79.827207|-0.048759|nan|nan
1039|-108.171382|2.756000|nan|-104.256020|45.035482|-9.904167|-58.170526|-0.547654|nan|-77.190455|nan|-105.127113|nan|-44.653533|-75.568725|-79.612439|-0.045652|nan|nan
1040|-97.196313|1.248282|nan|nan|41.171018|-11.296412|-54.417588|-0.571974|nan|-89.088199|nan|-110.310417|nan|-40.986679|-75.568725|-79.396836|-0.043789|nan|nan
1041|-104.969151|-0.348272|nan|nan|37.136003|-12.649968|-35.116769|-0.587479|nan|-90.331610|nan|-115.810635|nan|-55.360277|-75.568725|-79.336979|-0.045039|nan|nan
1042|-99.303881|-1.427328|nan|nan|33.729170|-13.728543|-36.189037|-0.604569|nan|-79.418056|nan|-120.512863|nan|-55.960444|-75.568725|-79.245632|-0.044065|nan|nan
1043|-105.657414|-2.748682|nan|-101.891149|30.777496|-14.581727|-55.489857|-0.616652|nan|-93.379303|nan|-124.885906|nan|-68.505977|-75.568725|-79.284617|-0.045095|nan|-111.735757
1044|-103.304582|-4.671288|nan|nan|28.106374|-13.726805|-69.965471|-0.647170|nan|-87.495925|nan|-128.773827|nan|-73.009199|-75.568725|-79.271091|-0.044703|nan|-112.826972
1045|-67.070551|-7.193948|nan|-62.438258|26.327798|-12.077733|-50.396584|-0.656044|nan|-44.405372|nan|-131.395162|nan|-43.426374|-75.568725|-78.909020|-0.038706|nan|-113.261758
1046|-38.845480|-9.731398|nan|-34.009527|24.748861|-10.916620|-5.361339|-0.666763|nan|-22.127203|-41.333205|-133.990580|nan|-20.814578|-75.568725|-78.432842|-0.034041|nan|-113.311508
1047|-5.466113|-12.395735|nan|-1.060885|23.873252|-9.134033|24.930225|-0.669716|nan|0.703821|-8.017634|-135.465355|nan|8.382006|-75.568725|-77.873175|-0.028528|nan|-113.156466
1048|-6.099947|-14.864378|nan|nan|23.265427|-7.576728|39.673906|-0.678702|nan|-1.935047|-9.419617|-136.613183|nan|3.510281|-75.568725|-77.408767|-0.028664|nan|-113.015187
1049|12.811702|-16.193697|nan|17.217635|23.388357|-6.765382|93.019227|-0.705971|nan|17.113098|8.310862|-136.756263|nan|18.925862|-75.568725|-63.322606|-0.025552|nan|-112.895013
1050|5.712237|-17.761366|nan|nan|23.764592|-6.068666|111.515846|-0.735965|nan|17.959536|-0.066714|-136.640334|nan|8.080707|-75.568725|-57.559734|-0.026757|nan|-112.765304
1051|11.451981|-19.263994|-1360.275184|nan|24.197673|-5.637701|96.236031|-0.755026|18.294067|23.088941|4.543023|-136.850888|11.011749|10.289579|-75.568725|-55.509873|-0.025825|nan|-112.635595
1052|16.096868|-20.214739|-1482.426479|18.973033|24.629769|-5.261356|79.615880|-0.763616|22.850543|18.693975|8.446055|-136.892753|15.568886|11.523152|-75.568725|-42.249188|-0.025070|nan|-112.551848
1053|20.205451|-20.722948|-1549.037294|nan|24.989725|-4.522987|56.562124|-0.763036|22.951548|16.467381|12.058659|-137.263788|16.549891|12.584231|-75.568725|-29.256797|-0.024404|nan|-112.468100
1054|43.613959|-20.484556|-1573.847937|47.208760|24.957185|-3.562746|74.254542|-0.781463|45.552708|23.610701|34.948071|-137.947303|39.871714|33.879001|-75.568725|-19.217044|-0.020532|nan|-112.392564
1055|49.345193|-20.020904|-1552.935292|nan|24.199789|-2.255884|83.636885|-0.795596|47.099792|28.540107|40.114679|-139.272548|45.501120|38.133807|-75.568725|-18.895112|-0.019596|nan|-112.455179
1056|22.359630|-20.598322|-1533.502096|25.288656|23.482461|-1.548739|41.818442|-0.787625|25.627023|-11.249110|12.606598|-140.752643|18.426359|11.383811|-75.568725|-13.488703|-0.024093|nan|-112.509914
1057|16.548239|-21.125909|-1488.681062|20.259887|22.646130|-0.628618|10.722677|-0.770199|17.729218|-2.377193|6.502162|-141.752649|12.528886|6.019094|-75.568725|-13.492551|-0.025072|nan|-112.539968
1058|34.070200|-21.047168|-1454.635984|37.896543|22.445969|0.573465|16.352083|-0.759377|31.151908|14.022783|23.853481|-141.483410|29.953237|24.426259|-75.568725|-10.924392|-0.022177|nan|-112.644841
1059|4.928876|-21.312160|-1414.424568|7.349177|22.641090|0.579166|-12.599146|-0.737891|9.692944|-20.376058|-5.482157|-141.905396|0.733941|-3.506652|-75.568725|13.316622|-0.027027|nan|-112.741770
1100|-9.519172|-21.534221|-1369.731570|nan|22.245438|-0.849595|-123.042724|-0.665309|5.057995|-45.095151|-19.649707|-142.867325|-13.741673|-16.677561|-75.568725|31.521592|-0.029430|nan|-112.815798
1101|-24.014859|-22.369116|-1321.310219|-21.937354|21.432111|-2.981649|-139.126741|-0.587949|-7.497953|-45.635621|-33.879814|-143.835063|-28.217288|-29.126254|-75.568725|49.431782|-0.031832|nan|-112.904272
1102|-31.330449|-23.324797|-1245.003600|nan|20.402581|-5.917562|-122.774657|-0.552173|-9.295095|-60.270740|-40.881537|-144.307205|-35.455095|-33.018922|-75.568725|42.004454|-0.033033|nan|-112.992745
1103|-44.577906|-24.835520|-1163.582396|-42.296092|19.741820|-8.820188|-197.297266|-0.595037|-26.910043|-52.020262|-53.620733|-144.813441|-48.190375|-43.666205|-75.568725|41.714521|-0.035213|nan|-113.072457
1104|-76.081450|-27.694461|-1117.118977|-73.591902|17.956511|-11.684885|-242.600579|-0.587008|-58.833211|-69.408293|-84.537461|-146.200478|-79.554207|-69.233374|-61.867072|3.199686|-0.040421|nan|-113.105213
1105|-41.662367|-30.302997|-1079.325096|nan|19.366585|-13.965808|-182.553585|-0.559711|-24.732908|-33.594324|-49.404861|-143.916600|-44.733572|-29.430795|-56.267905|3.088188|-0.034680|nan|-113.155610
1106|-28.432082|-32.255696|-1021.832688|-24.222600|21.452482|-16.017604|-175.315777|-0.521055|-13.490225|-12.006283|-35.388533|-141.238760|-31.330225|-10.583282|-54.361197|3.175958|-0.032454|nan|-113.233572
1107|-28.608280|-33.836879|-1000.222115|nan|22.866613|-17.689543|-161.644363|-0.488350|-15.490225|-24.805225|-34.872224|-139.254324|-31.330225|-5.361339|-41.225917|3.264484|-0.032453|nan|-113.311533
1108|-48.628393|-35.297651|-996.737517|-45.483694|25.346748|-19.470770|-168.346037|-0.458313|-32.767179|-35.580274|-54.179289|-136.179016|-46.687179|-21.256231|-28.343585|3.198706|-0.035745|nan|-113.397038
1109|2.678196|-35.481323|-1010.387531|6.880461|28.226003|-19.935294|-98.112500|-0.413966|9.020344|1.751672|-2.093334|-131.304206|12.861673|34.778457|-18.708295|3.782417|-0.027199|nan|-113.559513
1110|-4.981739|-36.041617|-1032.304961|-1.162894|31.156222|-20.541800|-94.359562|-0.383326|5.835799|7.121969|-9.068502|-127.416638|5.355799|29.827534|-18.708295|3.943435|-0.028444|nan|-113.799404
1111|-5.142850|-36.259430|-1068.756433|nan|33.933715|-21.603307|-101.865437|-0.344196|12.396131|0.337466|-8.501190|-123.381571|5.355799|31.256605|-13.094009|4.080090|-0.028444|nan|-113.987200
1112|-17.104039|-36.255376|-1138.989252|-13.422457|36.669895|-22.807415|-107.762909|-0.307868|0.921849|7.134187|-19.812373|-120.028361|-6.439146|19.672229|-13.094009|4.042252|-0.030403|nan|-114.084031
1113|-41.672552|-36.490536|-1169.304682|-37.696404|38.680383|-24.249770|-138.322540|-0.291433|-21.711910|-24.364728|-43.773828|-117.722695|-30.833237|-4.733515|-10.681406|3.868572|-0.034454|nan|-114.162582
1114|-45.333389|-36.776129|-1184.195408|nan|40.247814|-25.454442|-139.394808|-0.284156|-27.196781|-33.028107|-46.897633|-116.031989|-34.318108|-8.504014|4.863571|3.744692|-0.035034|nan|-114.202383
1115|-42.824775|-35.185972|-1198.902486|nan|41.583430|-26.324881|-100.525101|-0.302659|-27.156442|-30.230771|-43.975627|-114.586905|-32.037438|-6.220083|4.863571|3.661174|-0.034590|nan|-114.260338
1116|-72.497469|-34.075430|-1204.856046|-67.614417|42.770717|-28.066289|-101.865436|-0.353126|-48.963142|-50.471706|-73.351410|-113.745383|-61.524801|-36.326408|4.863571|3.302479|-0.039489|nan|-114.298879
1117|-75.101597|-33.492420|-1182.235946|nan|43.725165|-29.767394|-71.037739|-0.409740|-53.695745|-47.155737|-75.753377|-113.098116|-63.937404|-39.364810|4.863571|3.040789|-0.039892|nan|-114.318197
1118|-19.531361|-30.555189|-1181.414866|-13.780007|44.977794|-30.552922|-16.084017|-0.406993|-2.259149|-13.386443|-19.897420|-110.714172|-8.179481|16.273140|4.863571|3.473348|-0.030634|nan|-114.371995
1119|-3.907193|-27.153348|-1166.942083|nan|46.597791|-31.671402|18.496619|-0.407759|17.317464|23.858079|-3.945286|-107.958137|7.636469|30.287680|4.863571|18.155571|-0.025000|nan|-114.400478
1120|-7.862561|-24.313267|-1154.266740|-2.554095|47.744639|-33.354724|7.505874|-0.409443|17.324858|21.676553|-7.605008|-106.297361|3.883531|24.174823|4.863571|18.290723|-0.025625|nan|-114.129723
1121|-6.192894|-21.366033|-1144.056064|nan|48.435644|-34.664754|15.011749|-0.411876|16.800332|16.544047|-5.486085|-105.390134|5.760000|23.844150|4.863571|18.406945|-0.023123|nan|-113.892808
1122|-24.095042|-19.019328|-1030.685569|-18.322247|48.080083|-35.977308|1.876468|-0.426329|-1.371422|-16.391776|-23.034858|-105.960787|-11.932418|4.500146|4.863571|18.353161|-0.023944|nan|-113.399039
1123|-8.214998|-16.591985|-909.975320|-0.972238|47.931869|-36.510819|21.981489|-0.432015|9.992593|-9.407761|-6.776549|-106.046029|4.151598|18.521862|4.863571|18.474918|-0.018201|nan|-112.956187
1124|-0.374967|-14.396910|-886.324672|nan|47.270287|-36.823007|53.345321|-0.413690|19.313939|2.475273|1.450956|-106.418861|12.193607|24.576713|4.863571|18.578499|-0.016362|nan|-112.477024
1125|-12.641124|-12.703771|-862.628814|-6.258143|46.670463|-37.459338|46.911714|-0.430242|8.291258|-13.712740|-10.394360|-106.888217|1.810594|10.812257|4.863571|18.512811|-0.018366|nan|-111.968912
1126|-5.599685|-10.710786|-789.947697|nan|45.775352|-37.669425|27.074761|-0.474464|10.568402|-14.991598|-2.841292|-107.308688|8.488402|16.348621|4.863571|18.623382|-0.017164|nan|-111.437351
1127|-24.818870|-9.299242|-766.870793|-18.025301|44.613531|-37.837513|2.144535|-0.521716|-11.024019|-34.624351|-21.600695|-108.371219|-14.784351|-4.528432|4.863571|18.562622|-0.020325|nan|-110.598457
1128|-18.026416|-7.599805|-742.183004|-9.839900|43.733533|-37.687611|26.538626|-0.544494|-4.614611|-10.777887|-14.441397|-109.363003|-8.134611|0.597007|4.863571|18.522606|-0.018777|nan|-110.053771
1129|-6.396985|-5.698118|-738.022131|1.673860|42.639326|-37.286539|9.114276|-0.539763|4.459670|-6.157941|-2.445167|-110.694099|3.340335|10.833367|4.863571|18.653114|-0.012074|nan|-110.071412
1330|57.548983|-3.164993|-760.574820|nan|42.327352|-34.061881|58.706660|-0.506351|47.887004|32.104100|61.915586|-110.343152|53.168333|76.395112|4.863571|19.222958|-0.001433|nan|-110.077847
1331|29.304746|-1.912717|-745.554946|36.687549|41.928936|-31.373578|16.084016|-0.506037|27.100640|10.339479|34.161773|-110.040693|25.021304|49.259686|4.863571|19.513825|-0.006108|nan|-110.062131
1332|85.800831|-0.095973|-738.973380|94.007817|43.454893|-27.996780|65.408333|-0.407418|76.861767|65.506408|91.165695|-107.969118|81.583428|108.174563|4.863571|31.512213|0.003286|nan|-110.067383
1333|74.663032|1.409552|-726.572267|82.548362|44.792595|-23.889166|41.282309|-0.206225|58.751023|57.782043|80.611108|-106.681597|66.672684|100.534890|4.863571|41.094949|0.001461|nan|-110.085761
1334|46.685942|1.942441|-703.294312|54.377991|45.510887|-20.105719|-17.960485|-0.101252|30.073722|24.795389|53.220876|-105.350523|36.073722|76.140798|19.191485|41.213177|-0.003169|nan|-110.062024
1335|32.408660|2.331001|-684.412414|40.172195|46.507947|-17.059478|2.412603|0.002727|20.985843|31.299879|39.271911|-104.016082|21.866175|64.963576|19.191485|41.133986|-0.005528|nan|-110.042336
1336|38.016241|2.745435|-661.565758|46.948300|47.407294|-13.769309|21.445355|0.044925|19.734916|29.799939|45.160230|-102.086293|26.215580|74.350578|19.191485|41.209228|-0.004593|nan|-110.027431
1337|55.707961|3.427448|-664.305886|nan|49.020768|-10.428393|39.137773|0.080537|40.787002|46.817357|63.110920|-99.484791|43.907998|95.527866|19.191485|41.250355|-0.001655|nan|-110.049901
1338|45.814249|3.811673|-675.901384|nan|50.316200|-7.485197|9.382342|0.100222|30.548192|32.499521|53.394497|-96.816500|33.989521|89.185169|19.191485|41.264350|-0.003302|nan|-110.086713
1339|48.810790|3.833366|-745.316843|57.670147|52.549177|-4.762127|63.799931|0.127517|33.416597|35.048258|56.431951|-93.201839|36.938258|95.800594|19.191485|41.410833|-0.002812|nan|-110.149767
1340|38.689719|3.492312|-798.951421|46.346480|54.094066|-2.470723|46.107513|0.139395|25.470385|44.803951|46.336517|-90.862400|26.751714|89.008011|19.191485|41.351372|-0.004503|nan|-110.212820
1341|33.952323|3.550422|-845.784779|42.653666|55.186882|-0.085774|41.282308|0.153505|16.724182|29.654101|41.548595|-89.065347|21.926509|87.758585|19.191485|41.439451|-0.005303|nan|-110.300941
1342|41.831107|3.946820|-884.732752|nan|56.510473|2.315537|37.261304|0.175522|24.658123|35.410162|49.418630|-87.072603|29.700450|98.823222|19.191485|45.966852|-0.004013|nan|-110.156399
1343|25.596104|3.678320|-944.167167|32.926135|57.986486|4.480334|-3.484870|0.215435|9.267703|20.831443|33.224375|-84.951144|13.348367|84.665792|19.191485|45.829894|-0.006727|nan|-110.188552
1344|16.859000|3.826412|-1001.784099|nan|59.040475|6.458632|-15.815950|0.252031|0.981494|26.912915|24.483821|-84.528819|4.502158|77.907244|19.191485|63.767427|-0.008195|nan|-110.083353
1345|-4.765232|3.846258|-1015.800292|2.374213|59.346703|7.419538|-34.848702|0.279609|-14.011928|-6.761127|2.882317|-84.511971|-17.211264|58.581483|19.191485|54.184547|-0.011799|nan|-110.006656
1346|-19.166500|3.888979|-1022.844589|-12.104159|59.532804|7.629499|-78.811679|0.340929|-23.447210|-9.174063|-11.474933|-84.897778|-29.446878|46.593530|19.191485|49.329330|-0.014201|nan|-109.945139
1347|-1.690757|4.510799|-1011.694260|6.475750|59.937669|7.654646|-63.799931|0.393662|-5.383524|4.923114|6.129010|-84.432874|-12.022527|66.326753|30.504963|49.176549|-0.011309|nan|-109.867647
1348|-3.801493|5.315230|-1003.550766|3.174650|60.645350|7.668837|-10.186544|0.391462|-6.967727|2.684459|4.083493|-83.341401|-14.167063|66.491088|39.718506|49.048892|-0.011665|nan|-110.373063
1349|13.659788|7.151209|-1029.773175|21.466931|61.357138|7.780207|23.053757|0.402783|7.495960|24.210621|21.627150|-81.649808|3.257288|85.752513|39.718506|49.250062|-0.008288|nan|-111.046448
1350|10.479572|8.157454|-1040.093206|17.380705|62.183039|7.891847|16.084016|0.407637|5.159156|21.120100|18.599469|-80.144999|0.040485|84.172784|39.718506|49.244149|-0.008822|nan|-112.032845
1351|-11.730532|8.476301|-1053.927994|-4.868484|62.859829|7.484649|-4.289071|0.407715|-14.129735|2.687781|-3.366349|-78.438034|-22.209071|63.560301|39.718506|46.314366|-0.012514|nan|-113.019807
1352|-21.070831|8.639028|-1059.267054|-13.084603|63.336334|6.856749|-31.363832|0.417154|-22.632411|7.070253|-12.358852|-76.958356|-31.591414|55.283171|36.328586|36.793984|-0.014070|nan|-113.898708
1353|-17.011787|9.285829|-1070.124869|nan|63.791374|6.239568|-11.258812|0.417583|-17.891407|1.874702|-8.034892|-76.943016|-27.170410|60.255539|36.328586|36.680658|-0.013402|nan|-114.423436
1354|-19.128255|8.933341|-1115.230764|-12.385810|63.746651|5.207746|-5.361338|0.414039|-14.835609|-14.322514|-9.917568|-77.426238|-24.994945|58.827736|36.328586|36.587977|-0.013758|nan|-114.880728
1355|-25.013031|8.540269|-1137.970580|nan|63.774737|3.992697|-23.321824|0.417654|-19.612086|-21.310501|-15.544444|-77.950259|-28.252418|50.446735|36.328586|36.512517|-0.014736|nan|-115.416384
1356|-18.829655|8.282312|-1179.988015|nan|63.922452|3.339650|-9.918476|0.417654|-18.486878|-1.199227|-9.130402|-78.339826|-19.446878|54.819223|36.328586|36.451401|-0.013713|nan|-115.749748
1357|-16.937050|8.281943|-1240.448726|-10.413800|64.761172|2.823314|-27.074761|0.442059|-13.489415|-0.833743|-6.957558|-78.141575|-17.570410|53.956513|36.328586|36.402213|-0.013402|nan|-115.724666
1358|-47.497953|8.127733|-1332.390313|-40.517295|65.114580|1.404654|-50.664652|0.402083|-37.008714|3.211868|-37.279651|-79.254644|-48.130041|19.291036|36.328586|36.055229|-0.018474|nan|-115.876852
1359|-45.616286|8.145994|-1425.960717|-37.734470|64.922367|0.586362|-36.993237|0.381608|-40.332908|-1.961513|-35.135513|-80.547538|-46.253572|18.732988|36.328586|35.941294|-0.018163|nan|-116.043817
1400|-57.119414|7.831937|-1506.723602|nan|64.429117|-0.223689|15.547883|0.289692|-49.059786|-17.330058|-46.466573|-81.825374|-57.140450|3.381610|33.472883|32.847337|-0.020076|nan|-115.998257
1401|-35.623999|8.588095|-1553.746228|nan|64.269900|-0.357773|8.846209|0.251960|-30.974431|-7.616075|-24.917771|-82.708314|-35.215095|21.021344|33.472883|32.822495|-0.016518|nan|-115.969373
1402|-20.525688|9.697805|-1596.345523|-12.758002|64.182024|-0.057594|80.420081|0.189329|-17.083015|3.287339|-9.846655|-82.581794|-19.803347|31.894139|33.472883|32.964634|-0.010500|nan|-115.884657
1403|-19.068940|9.751831|-1649.365190|nan|63.924675|0.480302|70.769672|0.149916|-16.782680|8.729486|-8.410638|-82.613449|-18.463012|29.095520|33.472883|33.081669|-0.010277|nan|-115.794303
1404|-4.443555|9.766714|-1679.536894|3.041098|63.672275|1.832954|57.366324|0.141425|-5.587066|16.589414|6.151093|-82.573385|-4.627398|40.081368|33.472883|33.331557|-0.007875|nan|-115.721531
1405|-9.899358|9.678849|-1680.305201|-3.878457|62.797727|2.446211|37.529372|0.110892|-6.576471|17.826883|0.517046|-84.527330|-10.256803|30.462197|33.472883|33.374562|-0.008809|nan|-115.648759
1406|-8.638276|9.609977|-1701.569705|nan|62.405406|2.851450|44.231044|0.076075|-2.863873|-1.025341|1.510121|-85.636873|-9.184536|28.044697|33.472883|33.409315|-0.008632|nan|-115.583297
1407|-19.700858|9.650647|-1720.617769|-14.076630|60.772868|3.012170|50.664651|0.039501|-11.722352|5.118712|-9.978191|-88.640378|-20.443347|13.135750|33.472883|33.283365|-0.010501|nan|-115.494473
1408|-11.446388|9.575551|-1647.264863|-4.691482|58.657416|3.700752|48.788182|0.020247|-8.081007|-23.403659|-2.211694|-91.077885|-12.401339|18.911542|33.472883|33.341080|-0.009166|nan|-115.414884
1409|-3.741937|9.460446|-1549.365100|2.882661|57.279422|3.653299|59.242794|-0.006458|7.584868|-9.678503|4.967594|-92.536055|-4.895464|24.151201|33.472883|33.387718|-0.007920|nan|-115.375607
1410|-16.413614|9.294277|-1460.564828|-11.406862|56.241102|3.458882|36.189036|-0.032169|-7.442346|-17.800292|-8.194645|-93.936408|-17.762678|8.617771|33.472883|33.271308|-0.010056|nan|-115.355953
1411|-16.211303|9.043246|-1303.146644|-11.376244|55.300604|3.272556|31.363831|-0.046483|-8.082678|-11.106011|-8.502350|-95.478544|-17.762678|6.351555|33.472883|33.182769|-0.010056|nan|-115.336298
1412|-15.195487|9.192147|-1114.754784|nan|53.874483|3.303346|39.941973|-0.071905|-9.678145|-15.875830|-8.010081|-97.489915|-16.958477|5.168330|33.472883|33.117048|-0.009923|nan|-115.263526
1413|-33.468897|8.789815|-960.206960|-29.048411|52.777429|3.384169|5.093272|-0.122480|-28.414431|-21.222448|-26.849794|-99.716399|-35.455095|-16.115714|33.472883|32.916080|-0.012993|nan|-115.152118
1414|-75.870544|7.299892|-797.679891|-71.212957|51.234543|2.665667|-46.375581|-0.188746|-65.355417|-42.105284|-69.830215|-103.186976|-75.917739|-60.761281|28.962261|27.793540|-0.023663|nan|-114.939508
1415|-71.365651|4.721581|-662.462013|nan|49.845884|2.021430|-63.799932|-0.246145|-61.146677|-32.566641|-65.905482|-106.202859|-71.628668|-58.833227|28.962261|27.329423|-0.022953|nan|-114.726898
1416|-48.340248|3.191963|-533.246605|-43.629569|48.058616|2.453835|-55.489856|-0.282741|-48.362314|-29.489191|-43.401009|-108.438268|-52.762978|-37.289507|6.037022|4.522541|-0.019171|nan|-114.544988
1417|-45.672667|0.509209|-416.669547|-42.224336|46.587796|2.915909|-35.652902|-0.312680|-43.789379|-39.207960|-41.311692|-110.844323|-50.350375|-35.964790|6.037022|4.479062|-0.018771|nan|-114.382651
1418|-55.612643|-2.152001|-326.448948|-52.400612|45.399055|2.237752|-47.983982|-0.352123|-43.895591|-38.348030|-51.869317|-113.060412|-60.536919|-47.385373|6.037022|4.309693|-0.020464|nan|-114.195096
1419|-65.017746|-4.419492|-228.337104|nan|43.841135|1.157137|-40.210041|-0.409448|-53.706001|-42.119682|-61.970230|-115.292757|-70.187329|-58.327233|6.037022|4.197847|-0.022067|nan|-113.985961
1420|-48.408798|-6.066880|-136.015593|-44.406999|42.658521|0.484754|-27.074761|-0.440855|-41.594250|-36.902310|-46.020867|-116.456180|-53.835246|-42.933265|6.037022|4.286099|-0.019353|nan|-113.824309
1421|-12.756640|-7.049479|-57.251405|-9.035565|42.184022|0.429928|-13.939481|-0.444087|-8.289746|-2.233521|-10.985341|-116.251934|-18.450410|-8.638680|6.037022|4.529597|-0.013478|-109870.544183|-113.738466
1422|-10.600212|-8.415090|-27.167576|nan|41.548580|0.693252|-21.445355|-0.446788|-8.813277|5.050301|-9.458456|-116.542339|-16.573941|-8.063117|6.037022|4.737624|-0.013167|-109864.731423|-113.689269
1423|-3.345431|-9.416526|-31.500900|-0.159879|40.760180|0.850968|-10.454611|-0.447278|-1.924533|-6.039709|-2.695826|-116.621959|-9.604201|-1.686923|6.037022|5.069331|-0.012009|-93476.448352|-113.697042
1424|-2.787723|-10.451741|-41.610539|nan|40.481784|0.805482|-12.331079|-0.447821|0.424198|-25.401923|-2.648897|-117.187687|-9.336134|-2.015864|6.037022|5.186021|-0.011965|-93471.502423|-113.691851
1425|-9.189244|-11.422408|-84.926385|nan|39.823168|0.842552|-24.930225|-0.463768|-8.117807|-43.735706|-9.576345|-117.834253|-16.037807|-8.567419|6.037022|5.287234|-0.013078|-93466.215380|-113.699624
1426|-8.084907|-12.227089|-138.261271|nan|39.534534|0.765850|-17.960485|-0.451265|-5.153275|-22.556414|-8.969576|-117.786603|-14.993607|-7.541505|6.037022|5.375162|-0.012945|-93460.928352|-113.663584
1427|-0.010842|-13.049431|-222.017778|nan|39.736150|1.129692|-8.310075|-0.450730|0.380999|-9.652648|-1.405977|-117.224254|-3.379665|0.672067|6.037022|5.451672|-0.011654|-93456.152972|-113.667445
1428|-37.249625|-14.364274|-280.163888|-36.346850|39.837868|0.582605|-76.399078|-0.453721|-31.387378|-32.146180|-39.150438|-117.817242|-40.909037|-36.989105|6.037022|5.056820|-0.017887|-93452.059774|-113.613777
1429|-40.187642|-15.474372|-306.143892|nan|39.504369|-0.132632|-77.739412|-0.452443|-34.364181|-40.965689|-42.581645|-118.409628|-44.125840|-40.105941|6.037022|4.913861|-0.018423|-93448.478239|-113.473939
1430|-36.744001|-16.124009|-334.939542|nan|38.978740|-1.848642|-86.049487|-0.420856|-24.987709|-25.815227|-39.576053|-118.750738|-40.909037|-37.074886|6.037022|4.815492|-0.017890|-93445.067254|-113.334101
1431|-26.897880|-16.297955|-360.419711|nan|38.552256|-2.923160|-54.953722|-0.424555|-17.577299|-14.229536|-30.131851|-118.973154|-31.258627|-27.324510|6.037022|8.757336|-0.016288|-93442.338465|-113.181300
1432|-37.207164|-17.041220|-410.295323|-37.611066|37.846996|-5.159313|-50.396584|-0.460438|-20.111909|-20.032955|-40.873259|-119.520300|-41.393237|-37.964867|6.037022|8.569964|-0.018025|-93440.121324|-112.999592
1433|-66.071354|-18.329981|-473.146996|-66.282593|37.120920|-7.784565|-78.007479|-0.512942|-46.982144|-39.052899|-70.150186|-120.029369|-70.344467|-66.994702|6.037022|8.133334|-0.022837|-93437.904168|-112.054635
1434|-93.379874|-20.457445|-505.646188|nan|35.857895|-10.416784|-90.874692|-0.579073|-74.404639|-51.665324|-97.890655|-121.274472|-97.687294|-94.408198|-3.287294|-5.667506|-0.031267|-93435.004831|-110.593925
1435|-113.488776|-22.967434|-523.356026|-114.175246|34.023827|-13.157008|-116.609118|-0.674246|-94.429659|-72.132119|-118.310083|-122.734241|-117.152315|-114.596513|-31.574133|-34.448923|-0.037999|-93431.252746|-109.146892
1436|-87.531065|-24.442468|-599.093195|-86.589407|32.268185|-15.398749|-89.534358|-0.732024|-70.107830|-54.923155|-92.576801|-124.089420|-91.149822|-88.455093|-31.574133|-34.493508|-0.033682|-93426.818465|-107.002884
1437|-49.537822|-24.954761|-648.148164|-48.506466|31.380826|-17.225155|-62.727664|-0.754673|-34.042657|-26.945808|-54.646228|-124.949528|-52.844317|-51.365818|-31.574133|-34.339936|-0.027358|-93421.701971|-104.882761
1438|-58.755573|-25.775219|-678.781821|-58.717990|30.722021|-19.140665|-63.799931|-0.797975|-38.996599|-49.247190|-63.942652|-126.147369|-59.558592|-61.883597|-31.574133|-34.494947|-0.028875|-93415.732746|-103.183765
1439|-62.911469|-26.585127|-684.321376|nan|29.940547|-21.146145|-60.315061|-0.887424|-41.098600|-50.614492|-68.226212|-127.913262|-59.099597|-66.951929|-31.574133|-34.581455|-0.029545|-93408.910775|-103.931665
1440|-53.950983|-27.088642|-693.392308|-52.431146|28.805165|-22.753564|-64.067999|-0.959762|-36.064656|-62.179845|-59.358059|-129.276210|-49.985321|-58.584979|-31.574133|-34.459588|-0.028031|-93401.236042|-104.521704
1441|-31.607424|-27.298523|-718.995247|-30.375055|27.688803|-23.789356|-41.550376|-0.936144|-15.946702|-44.977698|-36.991916|-130.017729|-26.587698|-37.286246|-31.574133|-34.022562|-0.024289|-93393.049677|-104.885579
1442|-68.001566|-28.381795|-739.804601|-67.278910|26.535320|-25.793135|-76.935212|-0.969441|-44.694742|-58.933666|-73.370501|-131.400203|-62.776735|-75.394172|-31.574133|-34.267625|-0.030307|-93384.010549|-105.465002
1443|-122.658694|-29.921607|-818.042798|-121.661196|24.721988|-28.567667|-149.849418|-1.022258|-95.751664|-111.014234|-128.083523|-134.550132|-117.194323|-131.180649|-31.574133|-34.888699|-0.040858|-93373.948126|-106.373189
1444|-123.998482|-31.406147|-883.033462|nan|22.429259|-31.102096|-193.544330|-1.051349|-99.304265|-127.590630|-129.362936|-137.947457|-118.266591|-132.922619|-39.173258|-42.779851|-0.041250|-93362.862423|-107.294620
1445|-98.812261|-32.158752|-907.905135|nan|20.650914|-32.812459|-163.788900|-1.051199|-76.557574|-105.432736|-104.061492|-140.238774|-93.280232|-108.292629|-39.173258|-42.965261|-0.037020|-93350.753409|-107.978090
1446|-118.133391|-33.756750|-920.255549|-116.322900|18.809600|-34.675700|-160.035962|-1.085120|-94.549331|-100.572985|-123.350879|-142.940117|-114.712984|-128.422473|-39.173258|-43.372895|-0.040191|-93337.791648|-108.317138
1447|-110.655284|-35.438774|-989.163086|-107.526240|16.920509|-36.596544|-149.849418|-1.106826|-87.415722|-86.749044|-115.819140|-145.309519|-106.939043|-121.570682|-39.173258|-43.487738|-0.038904|-93324.829887|-108.543001
1448|-90.045469|-36.758344|-1039.648390|-86.610697|15.326489|-38.048119|-139.126741|-1.101442|-69.226502|-76.016823|-95.084892|-146.502242|-86.029822|-101.779068|-39.173258|-43.372533|-0.035431|-93312.550323|-109.125072
1449|-89.288536|-38.377154|-1066.374751|nan|14.377546|-39.758150|-147.704883|-1.092148|-64.794565|-68.427811|-94.067181|-146.463337|-84.957554|-101.918462|-39.173258|-43.232854|-0.035257|-93300.782423|-109.870961
1450|-82.112410|-39.749914|-1120.516703|-79.592079|13.751163|-41.333607|-123.846926|-1.100148|-57.928359|-45.995014|-86.646552|-146.557415|-77.451680|-95.707584|-39.173258|-43.229560|-0.034013|-93289.014507|-110.573195
1451|-49.199023|-40.428995|-1206.335141|-45.314395|14.136791|-41.802737|-55.221789|-1.107693|-33.489054|-16.159258|-53.566314|-146.438591|-44.211379|-64.018693|-39.173258|-42.717445|-0.028484|-93277.758239|-110.996714
1452|40.831056|-39.069313|-1291.184212|44.904609|15.330911|-40.356479|36.993238|-1.144916|46.207843|29.521077|36.771100|-143.959920|46.127179|28.473605|-39.173258|-41.506275|-0.013449|-93268.207480|-111.022556
1453|74.315693|-37.264872|-1353.108001|77.827833|17.287215|-38.488387|77.739412|-1.005387|79.503281|54.130622|70.622365|-140.294915|79.903613|65.232110|-39.173258|-40.532664|-0.007827|-93260.191648|-111.125421
1454|61.174948|-35.907339|-1404.960242|64.954141|19.564000|-36.921325|65.140266|-1.073478|67.836732|39.763469|57.920564|-136.787499|66.956400|55.634846|-39.173258|-39.909968|-0.009969|-93253.028578|-111.291229
1455|93.628459|-33.580922|-1446.090431|99.067109|22.419414|-34.652436|91.142759|-0.823509|95.500234|67.431599|90.831466|-132.814649|99.100566|92.394864|-39.173258|-39.107192|-0.004525|-93246.888788|-111.475317
1456|92.852843|-31.336765|-1523.328328|98.541251|24.675532|-32.562622|91.410825|-0.606776|94.164100|55.200063|90.461779|-129.878467|98.404432|95.740339|-39.173258|-38.480953|-0.004614|-93243.136704|-111.659405
1457|104.424766|-28.868424|-1616.836225|110.350600|26.987338|-30.313083|110.979713|-0.506717|103.238381|61.751221|102.425827|-126.720188|110.039378|111.950581|-39.173258|-37.846167|-0.002651|-93242.283958|-111.903605
1458|75.542994|-26.692504|-1699.219495|80.621697|29.196760|-28.205220|44.767178|-0.447620|73.755217|39.276520|73.908180|-124.597648|77.196215|87.516045|-39.173258|-37.673755|-0.007424|-93243.818901|-112.167136
1459|14.221817|-24.959057|-1749.163105|19.590270|30.236021|-27.399246|-19.568887|-0.444315|21.676953|-20.107356|12.832673|-124.210171|16.076953|30.645412|-39.173258|-15.631338|-0.017596|-93247.229887|-112.651300
