859|nan|nan|nan|nan|nan|nan|nan|nan|nan|nan|nan|nan|nan|nan|nan|nan|nan|nan|nan
900|nan|nan|nan|nan|nan|nan|nan|nan|nan|nan|nan|nan|nan|nan|nan|nan|nan|nan|nan
901|nan|nan|nan|nan|nan|nan|nan|nan|nan|nan|nan|nan|nan|nan|nan|nan|nan|nan|nan
902|nan|nan|nan|nan|nan|nan|nan|nan|nan|nan|nan|nan|nan|nan|nan|nan|nan|nan|nan
903|nan|nan|nan|nan|nan|nan|nan|nan|nan|nan|nan|nan|nan|nan|nan|nan|nan|nan|nan
904|nan|nan|nan|nan|nan|nan|nan|nan|nan|nan|nan|nan|nan|nan|nan|nan|nan|nan|nan
905|nan|nan|nan|nan|nan|nan|nan|nan|nan|nan|nan|nan|nan|nan|nan|nan|nan|nan|nan
906|nan|nan|nan|nan|nan|nan|nan|nan|nan|nan|nan|nan|nan|nan|nan|nan|nan|nan|nan
907|nan|nan|nan|nan|nan|nan|nan|nan|nan|nan|nan|nan|nan|nan|nan|nan|nan|nan|nan
908|nan|nan|nan|nan|nan|nan|nan|nan|nan|nan|nan|nan|nan|nan|nan|nan|nan|nan|nan
909|nan|nan|nan|nan|nan|nan|nan|nan|nan|nan|nan|nan|nan|nan|nan|nan|nan|nan|nan
910|nan|nan|nan|nan|nan|nan|nan|nan|nan|nan|nan|nan|nan|nan|nan|nan|nan|nan|nan
911|nan|nan|nan|nan|nan|nan|nan|nan|nan|nan|nan|nan|nan|nan|nan|nan|nan|nan|nan
912|nan|nan|nan|nan|nan|nan|nan|nan|nan|nan|nan|nan|nan|nan|nan|nan|nan|nan|nan
913|nan|nan|nan|nan|nan|nan|nan|nan|nan|nan|nan|nan|nan|nan|nan|nan|nan|nan|nan
914|nan|nan|nan|nan|nan|nan|nan|nan|nan|nan|nan|nan|nan|nan|nan|nan|nan|nan|nan
915|nan|nan|nan|nan|nan|nan|nan|nan|nan|nan|nan|nan|nan|nan|nan|nan|nan|nan|nan
916|nan|nan|nan|nan|nan|nan|nan|nan|nan|nan|nan|nan|nan|nan|nan|nan|nan|nan|nan
917|nan|nan|nan|nan|nan|nan|nan|nan|nan|nan|nan|nan|nan|nan|nan|nan|nan|nan|nan
918|nan|nan|nan|nan|nan|nan|nan|nan|nan|nan|nan|nan|nan|nan|nan|nan|nan|nan|nan
919|nan|nan|nan|nan|nan|nan|nan|nan|nan|nan|nan|nan|nan|nan|nan|nan|nan|nan|nan
920|nan|nan|nan|nan|nan|nan|nan|nan|nan|nan|nan|nan|nan|nan|nan|nan|nan|nan|nan
921|nan|nan|nan|nan|nan|nan|nan|nan|nan|nan|nan|nan|nan|nan|nan|nan|nan|nan|nan
922|nan|nan|nan|nan|nan|nan|nan|nan|nan|nan|nan|nan|nan|nan|nan|nan|nan|nan|nan
923|nan|nan|nan|nan|nan|nan|nan|nan|nan|nan|nan|nan|nan|nan|nan|nan|nan|nan|nan
924|nan|nan|nan|nan|nan|nan|nan|nan|nan|nan|nan|nan|nan|112.705253|nan|71.470671|nan|nan|nan
925|nan|nan|nan|nan|nan|nan|nan|nan|nan|nan|nan|nan|nan|97.669539|nan|68.745302|nan|nan|nan
926|nan|nan|nan|nan|nan|nan|nan|nan|nan|nan|nan|nan|nan|80.954861|nan|57.958920|nan|nan|nan
927|nan|nan|nan|nan|nan|nan|nan|nan|nan|nan|nan|nan|nan|74.062024|nan|45.498870|nan|nan|nan
928|nan|nan|nan|nan|nan|nan|nan|nan|nan|nan|nan|nan|nan|63.606972|41.852340|44.926294|nan|nan|nan
929|nan|nan|nan|nan|nan|nan|nan|nan|nan|nan|nan|nan|nan|65.800458|41.852340|44.596544|nan|nan|nan
930|nan|nan|nan|nan|nan|nan|nan|nan|nan|nan|nan|nan|nan|75.332655|41.852340|44.460357|nan|nan|nan
931|nan|nan|nan|nan|nan|nan|nan|nan|nan|nan|nan|nan|nan|68.698071|41.852340|44.323123|nan|nan|nan
932|nan|nan|nan|nan|nan|nan|nan|nan|nan|nan|nan|nan|nan|54.606679|41.852340|43.879001|nan|nan|nan
933|nan|nan|nan|nan|54.436796|nan|nan|nan|nan|nan|nan|nan|nan|49.196116|41.852340|43.508130|nan|nan|nan
934|nan|nan|nan|nan|54.157945|nan|nan|nan|nan|nan|nan|nan|nan|51.487931|41.852340|43.352705|nan|nan|nan
935|nan|nan|nan|nan|53.569560|nan|nan|nan|nan|11.212216|nan|nan|nan|56.175588|41.852340|43.367399|nan|nan|nan
936|nan|nan|nan|nan|53.635693|nan|nan|nan|nan|8.404313|nan|nan|nan|72.986165|41.852340|43.514793|nan|nan|nan
937|nan|nan|nan|nan|53.753262|nan|nan|nan|nan|32.725764|nan|nan|nan|60.581086|41.852340|43.456397|nan|nan|nan
938|nan|nan|nan|nan|53.927879|nan|nan|nan|nan|7.068325|nan|nan|nan|48.453967|41.852340|43.237956|nan|nan|nan
939|nan|nan|nan|nan|53.921818|nan|nan|nan|nan|-9.923230|nan|nan|nan|37.416133|41.852340|43.050942|nan|nan|nan
940|nan|nan|nan|nan|53.909344|nan|nan|nan|nan|1.148782|nan|nan|nan|35.748855|41.852340|42.890688|nan|nan|nan
941|nan|nan|nan|nan|53.865885|nan|nan|nan|nan|27.080976|nan|nan|nan|46.543430|41.852340|42.907076|nan|nan|nan
942|nan|nan|nan|nan|53.514962|nan|nan|nan|nan|13.313387|nan|nan|nan|52.515994|41.852340|44.497287|nan|nan|nan
943|nan|2.565512|nan|nan|53.485143|nan|nan|nan|nan|10.936489|nan|nan|nan|66.851831|41.852340|44.757239|0.002852|nan|nan
944|nan|4.640393|nan|nan|53.557467|nan|nan|nan|nan|16.207148|nan|nan|nan|68.634059|41.852340|44.942896|0.003205|nan|nan
945|nan|5.798891|nan|nan|53.611173|nan|nan|nan|nan|14.493446|nan|nan|nan|62.812613|41.852340|45.068326|0.002391|nan|nan
946|nan|5.612502|nan|nan|54.444591|nan|nan|nan|nan|25.132492|nan|nan|nan|45.741873|41.852340|48.355812|-0.000159|nan|nan
947|nan|4.914164|nan|nan|54.919348|nan|nan|nan|nan|23.698336|nan|nan|nan|37.553161|41.852340|48.157219|-0.001326|nan|nan
948|nan|4.403405|nan|nan|55.129492|nan|nan|nan|nan|16.298578|nan|nan|nan|37.361707|41.852340|47.986122|-0.001190|nan|nan
949|nan|3.583686|nan|-8.187037|55.824924|nan|nan|nan|nan|17.803274|nan|nan|nan|28.671229|41.852340|47.684679|-0.002357|nan|nan
950|nan|3.568061|nan|5.826174|55.448792|nan|nan|nan|nan|16.655510|nan|nan|nan|40.859586|41.852340|46.339226|-0.000295|nan|nan
951|nan|3.839376|nan|8.331456|55.947719|nan|nan|nan|nan|12.292563|nan|nan|nan|43.336537|41.852340|46.222570|0.000302|nan|nan
952|nan|3.597224|nan|nan|56.109670|nan|nan|nan|nan|2.833887|nan|nan|nan|33.527491|41.852340|46.121712|-0.001109|nan|nan
953|nan|2.011010|nan|-28.886076|56.172974|nan|29.358968|nan|nan|1.767761|nan|nan|nan|2.642309|41.852340|45.572848|-0.009061|nan|nan
954|nan|-0.196655|nan|-48.600916|56.084263|nan|5.905540|nan|nan|-15.454884|nan|nan|nan|-18.314342|41.852340|44.834404|-0.015405|nan|nan
955|nan|-2.282113|nan|-49.665797|55.545459|nan|-10.967431|nan|nan|-19.202829|nan|nan|nan|-22.296363|37.218548|36.237360|-0.016110|nan|nan
956|nan|-4.084176|nan|nan|55.094544|nan|-25.478185|nan|nan|-28.656037|nan|nan|nan|-22.353871|37.218548|35.923861|-0.015786|nan|nan
957|nan|-6.074857|nan|-59.489301|54.731007|nan|-43.700994|nan|nan|-41.589048|nan|nan|nan|-35.107775|37.218548|35.386627|-0.018994|nan|nan
958|nan|-7.806695|nan|-56.441618|53.860573|nan|-51.800019|nan|nan|-46.920495|nan|nan|nan|-34.687114|22.969360|20.893350|-0.018697|nan|nan
959|nan|-9.011337|nan|nan|52.953283|-1.253214|-39.482751|-0.883095|nan|-40.899094|nan|nan|nan|-25.771436|22.969360|20.727268|-0.017069|nan|nan
1000|nan|-9.657436|nan|-32.135568|51.903806|-2.038370|-15.860593|-0.562324|nan|-21.798056|nan|nan|nan|-12.044826|22.969360|20.931774|-0.014791|nan|nan
1001|nan|-9.805776|nan|-17.928306|51.239009|-2.349211|-8.267755|-0.370645|nan|-3.639475|nan|-105.660717|nan|1.629030|22.969360|21.269466|-0.012457|nan|nan
1002|nan|-9.773730|nan|nan|51.069147|-2.507954|-16.535511|-0.274676|nan|11.192321|nan|-106.251295|nan|5.740523|22.969360|21.553342|-0.011562|nan|nan
1003|nan|-10.055157|nan|-24.078444|50.765925|-3.043152|-32.396103|-0.290677|nan|-14.876032|nan|-106.913257|nan|-6.852224|22.969360|21.484133|-0.013354|nan|nan
1004|nan|-10.010634|nan|-13.933846|50.325348|-3.210479|-19.403916|-0.232662|nan|-19.929233|nan|-107.393508|nan|1.371322|22.969360|21.755346|-0.011861|nan|nan
1005|nan|-10.099473|nan|-18.294350|50.060201|-3.505201|-15.354403|-0.223076|nan|-20.584456|nan|-108.256344|nan|-3.291128|22.969360|21.827701|-0.012377|nan|nan
1006|nan|-10.108771|nan|nan|50.044729|-3.749968|5.061891|-0.207800|nan|-25.337562|nan|-108.862421|nan|-3.229148|22.969360|21.897726|-0.012134|nan|nan
1007|nan|-10.290355|nan|-23.020701|49.769122|-4.175774|-11.473620|-0.205428|nan|-31.256436|nan|-109.248597|nan|-10.928734|22.969360|21.811256|-0.013139|nan|nan
1008|nan|-10.045012|nan|-7.131831|49.283740|-4.138396|-6.749188|-0.183464|nan|-9.648141|nan|-109.051577|nan|2.792366|22.969360|22.065115|-0.010723|nan|nan
1009|nan|-9.782824|nan|-5.465288|49.378239|-4.112568|-13.835835|-0.168165|nan|-0.509787|nan|-108.893390|nan|3.940966|22.969360|22.120251|-0.010317|nan|nan
1010|nan|-9.559223|nan|nan|49.548745|-4.123376|-15.691862|-0.155853|nan|2.938061|nan|-109.009921|nan|0.915767|22.969360|22.173364|-0.010589|nan|nan
1011|nan|-9.304404|nan|nan|49.437378|-4.096626|-1.687297|-0.145742|nan|5.527421|nan|-109.635726|nan|1.496197|22.969360|22.224268|-0.010291|nan|nan
1012|nan|-9.226125|nan|-11.864443|49.438874|-4.258065|-1.349837|-0.143404|nan|-8.038753|nan|-110.167531|nan|-6.248746|22.969360|22.119000|-0.011351|nan|nan
1013|nan|-9.083432|nan|nan|49.465705|-4.369156|15.523133|-0.140142|nan|-9.847582|nan|-110.347309|nan|-5.668315|22.969360|26.343919|-0.011053|nan|nan
1014|nan|-8.835277|nan|-3.328751|49.401185|-4.307692|23.284699|-0.132761|nan|4.255328|nan|-110.086460|nan|-1.230975|22.969360|26.452322|-0.010157|nan|nan
1030|nan|-8.403207|nan|6.625856|49.297586|-4.009360|28.177860|-0.126819|nan|2.435665|nan|-109.535313|nan|8.102651|22.969360|31.211228|-0.008555|nan|nan
1031|nan|-7.350922|nan|36.244313|49.092739|-3.014735|42.351156|0.050351|nan|27.524183|nan|-108.500068|nan|38.605357|22.969360|35.585339|-0.003720|nan|nan
1032|nan|-6.425159|nan|35.678386|49.100106|-2.146360|35.264508|0.050351|nan|18.375605|nan|-107.680742|nan|39.138542|22.969360|35.947466|-0.003693|nan|nan
1033|38.682355|-5.537867|nan|nan|48.918047|-1.353648|35.095778|0.082891|nan|20.920064|nan|-107.360744|nan|38.490620|22.969360|36.224888|-0.003856|nan|nan
1034|32.614062|-4.816058|nan|28.764509|48.876541|-0.770980|21.934862|0.089361|nan|-0.068525|nan|-107.265920|nan|33.402013|22.969360|43.073157|-0.004806|nan|nan
1035|2.005054|-4.744952|nan|-1.160166|48.715598|-0.850651|4.555702|0.085975|nan|-29.662809|nan|-107.856471|nan|4.286014|22.969360|43.090911|-0.009667|nan|nan
1036|-27.696695|-5.633395|nan|-30.061504|48.312460|-1.575516|-20.753754|0.024804|nan|-42.449154|nan|-108.780721|nan|-24.148876|22.969360|42.408674|-0.014338|nan|nan
1037|-36.511060|-6.444112|nan|-37.323513|47.888874|-2.376229|-37.626724|0.024804|nan|-46.164274|nan|-109.721846|nan|-31.036282|22.969360|41.877782|-0.015641|nan|nan
1038|-20.652311|-6.732623|nan|-20.845651|47.737956|-3.804767|-50.112722|0.024804|nan|-39.891991|nan|-110.239059|nan|-13.164151|22.969360|46.268603|-0.012980|nan|nan
1039|-37.515976|-7.203800|nan|-38.228132|47.109314|-5.469354|-85.883419|-0.103781|nan|-43.800797|nan|-111.030969|nan|-28.525584|22.969360|45.928746|-0.015587|nan|nan
1040|-24.758361|-7.376079|nan|nan|47.280704|-6.577971|-74.578529|-0.125288|nan|-25.959114|nan|-111.818455|nan|-14.109318|22.969360|45.832415|-0.013442|nan|nan
1041|-19.988893|-7.714364|nan|-18.455007|46.550719|-7.252403|-67.323152|-0.129916|nan|-11.921087|nan|-112.568969|nan|-7.316121|22.969360|42.141707|-0.012600|nan|nan
1042|-11.109950|-8.000172|nan|nan|46.327214|-7.642216|-68.672990|-0.129676|nan|1.955985|nan|-112.813987|nan|3.630783|22.969360|42.231210|-0.011107|nan|nan
1043|5.140035|-8.250083|nan|7.058038|45.918352|-7.479320|-50.281452|-0.121872|nan|11.007521|nan|-111.773869|nan|22.096842|27.266437|42.623039|-0.008445|nan|-100.913581
1044|8.971168|-8.531844|nan|nan|45.747869|-7.306221|-36.108157|-0.092594|nan|14.673701|nan|-110.092308|nan|27.209492|27.266437|42.938674|-0.007793|nan|-100.973858
1045|16.564286|-8.544285|nan|19.175843|45.849763|-7.125941|-14.173296|-0.066344|nan|24.660908|nan|-108.163266|nan|36.219658|31.777192|43.344908|-0.006544|nan|-101.039865
1046|23.857733|-8.156809|nan|nan|46.110296|-6.735156|7.761566|-0.043093|nan|10.808184|26.782258|-106.140444|nan|45.314329|35.489245|43.663253|-0.005349|nan|-101.130911
1047|10.270405|-7.890470|nan|11.899266|46.292379|-6.418876|-0.168730|-0.039016|nan|-0.256859|12.841180|-104.223593|nan|33.236517|35.489245|43.755336|-0.007521|nan|-101.215384
1048|1.764784|-7.787858|nan|3.460597|47.131897|-6.230743|-19.741375|-0.024162|nan|1.394884|4.755306|-102.603352|nan|26.136371|35.489245|43.669604|-0.008879|nan|-101.322672
1049|-2.349532|-7.635322|nan|nan|47.583822|-6.171208|-14.510755|-0.027425|nan|-2.105878|0.556974|-101.376098|nan|23.071959|42.283381|43.599849|-0.009530|nan|-101.422812
1050|-6.470476|-7.772577|nan|nan|48.112803|-6.299069|-21.766132|-0.021670|nan|-6.866180|-3.516439|-100.674213|nan|20.382548|42.575893|43.543397|-0.010182|nan|-101.530100
1051|-10.447075|-8.109643|-365.019634|-8.520546|48.787298|-6.859849|-24.128348|-0.029303|1.750026|-9.627840|-7.395995|-100.498163|-0.490296|17.605117|42.575893|43.344159|-0.010807|nan|-101.622039
1052|9.724929|-7.818146|-344.095549|12.513247|48.802942|-6.735922|-10.123783|-0.013689|13.276302|-5.467348|13.036714|-99.891584|17.117268|39.456033|37.317268|37.534862|-0.007548|nan|-101.708489
1053|16.930211|-6.953942|-312.635949|nan|48.755712|-6.341439|12.148539|-0.001816|18.211680|5.364313|20.320890|-98.765614|22.212646|48.064764|37.317268|37.772056|-0.006380|nan|-101.794939
1054|28.045263|-5.517021|-271.574607|31.001563|48.975356|-5.566126|25.815645|0.028689|26.467840|20.224833|31.530565|-97.596847|32.628806|60.709507|37.317268|38.105785|-0.004588|nan|-101.888679
1055|10.643133|-4.379556|-250.467704|13.184144|49.590099|-5.269290|6.749189|0.036235|14.449969|15.837981|14.184534|-96.828746|14.769647|43.815730|37.317268|37.895578|-0.007385|nan|-101.973395
1056|-0.862687|-3.453879|-241.494505|nan|49.840586|-5.357923|-2.868405|0.037486|4.977313|13.251398|2.721702|-96.405203|3.296027|32.126136|37.317268|37.724550|-0.009231|nan|-102.002875
1057|4.328631|-2.283837|-238.236197|7.643517|49.765347|-5.412275|-4.218242|0.040153|9.887291|22.811648|8.090890|-95.642861|8.526648|36.759033|37.317268|37.739991|-0.008148|nan|-102.021198
1058|-2.817368|-1.283002|-240.448670|-0.552695|50.001733|-5.892986|-9.448863|0.044090|6.400965|15.825000|1.102016|-95.487363|1.440000|29.449662|37.317268|37.593204|-0.007712|nan|-101.998728
1059|-1.711317|-0.441428|-247.749722|nan|49.912936|-6.382355|-2.699675|0.045307|7.341751|8.499948|2.303761|-95.371042|2.621108|30.408047|37.317268|37.475287|-0.005947|nan|-101.964974
1100|2.250962|0.272780|-228.529772|nan|49.986055|-6.712210|11.304890|0.048657|11.470621|13.405621|6.269310|-95.120105|6.670621|34.359837|37.317268|37.381317|-0.005295|nan|-102.004783
1101|0.817723|0.682363|-200.507946|nan|50.092102|-6.793167|39.988940|-0.085166|5.959817|-1.108710|4.606160|-94.986932|5.320783|33.037276|37.317268|37.307162|-0.005512|nan|-102.081260
1102|-9.048352|0.756069|-158.966649|nan|49.779937|-6.909877|30.371346|-0.080622|-3.906506|-14.194373|-5.485437|-94.932578|-4.465540|23.528229|37.317268|37.249361|-0.007087|nan|-102.139412
1103|-1.694379|1.140902|-140.268408|2.097834|49.258101|-6.856642|36.783075|-0.108076|1.277601|-6.406433|1.684507|-94.708416|2.958567|30.729613|37.317268|37.358866|-0.005892|nan|-102.162182
1104|-7.493020|1.259055|-136.279308|-4.764450|49.095980|-6.838392|25.140726|-0.116206|-4.859209|2.458038|-4.272568|-94.806264|-5.018243|23.860628|37.317268|37.290057|-0.006815|nan|-102.201589
1105|-0.466790|1.586733|-125.958025|3.425882|48.969101|-6.855504|2.024756|-0.116229|4.227439|-16.398262|2.713492|-94.976690|2.068405|29.922523|37.317268|37.390481|-0.005674|nan|-102.236598
1106|-5.756323|1.753234|-124.486103|-2.891746|49.222863|-7.081944|-32.227374|-0.062529|-1.002538|-15.290920|-2.538969|-96.144187|-3.162216|23.429055|37.317268|37.314206|-0.006516|nan|-102.281398
1107|-10.538101|1.952052|-121.622345|nan|49.572751|-7.235073|-45.050831|-0.056546|-5.646970|-23.658139|-7.238962|-97.428917|-7.886648|17.369934|37.317268|38.955966|-0.007276|nan|-102.301053
1108|-14.464047|1.837405|-114.005710|-11.485816|50.797262|-7.018402|-32.396103|-0.063309|-13.606787|-21.992431|-11.158068|-98.767106|-16.407431|12.324017|37.317268|38.756356|-0.007900|nan|-102.296556
1109|-30.185561|1.319414|-108.110595|-27.181444|51.382289|-6.775789|-64.286017|0.025434|-31.698328|-21.269819|-26.884090|-100.341364|-36.179293|-4.090568|37.317268|38.449705|-0.010426|nan|-102.280840
1110|-20.584547|1.074511|-113.673016|-16.508775|51.888641|-6.259631|-41.338777|0.041429|-22.480735|-13.825033|-17.263190|-100.770194|-26.561700|5.106513|37.317268|38.370769|-0.008878|nan|-102.259394
1111|-19.071559|0.788318|-110.579139|-16.111313|52.161221|-5.740730|-34.589590|0.043548|-21.522168|2.049674|-15.680167|-100.311503|-25.043133|5.533774|37.317268|38.316781|-0.008634|nan|-102.383052
1112|-38.303091|0.212580|-114.031150|-35.015753|52.231830|-5.464549|-44.544642|0.017987|-41.157032|7.315679|-34.878069|-100.170667|-47.078319|-14.751051|37.317268|37.975226|-0.011730|nan|-102.892276
1113|-32.723633|-0.224831|-109.530194|-28.587459|51.989278|-5.041777|-22.441051|-0.016634|-35.669595|8.337142|-29.359493|-100.386565|-41.510239|-9.857610|37.317268|37.874642|-0.010835|nan|-103.234390
1114|-35.578756|-0.811323|-110.940894|-32.682636|52.129365|-4.874436|-21.259943|-0.048419|-36.057678|-3.864596|-32.316353|-100.253781|-44.378644|-13.650653|37.317268|37.655771|-0.011297|nan|-103.652902
1115|-50.594164|-1.858191|-117.462964|nan|51.872083|-5.223766|-28.515320|-0.110964|-44.674300|-4.160436|-47.527365|-100.908505|-59.395587|-29.870904|37.317268|37.347101|-0.015311|nan|-104.323102
1116|-40.816216|-3.192671|-192.880020|-36.705982|51.792507|-5.565333|-11.304891|-0.183092|-34.488621|-9.320787|-37.980501|-101.417663|-49.609265|-21.296312|37.317268|37.279635|-0.013737|nan|-104.822566
1117|-34.589923|-4.460084|-281.161394|nan|51.629346|-5.878884|-18.560268|-0.203937|-27.764658|-11.358866|-31.962248|-101.995684|-43.366266|-16.420274|37.317268|37.247520|-0.012733|nan|-105.053424
1118|-32.243110|-5.645225|-342.677663|nan|51.789240|-5.953493|-24.634537|-0.220283|-29.242442|2.515072|-29.841754|-102.967962|-41.004050|-16.051692|37.317268|38.713341|-0.012353|nan|-105.205542
1119|-37.500126|-6.838847|-384.296160|nan|52.012298|-6.312970|-33.914671|-0.229420|-28.472420|-14.979145|-35.349943|-104.154356|-46.234671|-23.131591|37.317268|38.577280|-0.013197|nan|-105.367925
1120|-51.206813|-7.683337|-438.477452|-47.771168|52.319087|-6.935516|-51.631290|-0.261152|-40.059846|-9.207967|-49.396013|-105.913552|-59.901777|-39.520989|37.317268|38.185934|-0.015597|nan|-105.746586
1121|-68.809217|-8.324387|-475.507574|-65.398557|51.605900|-7.891206|-73.059962|-0.304453|-55.687413|-37.468701|-67.396284|-108.336575|-77.449666|-58.793800|23.759223|21.024381|-0.021287|nan|-106.495584
1122|-89.461249|-9.193301|-517.741034|nan|49.934057|-9.095529|-73.397422|-0.371627|-76.191794|-62.007547|-88.507852|-110.903320|-96.114690|-81.643427|-10.714690|-13.908639|-0.027966|nan|-107.285214
1123|-77.056382|-10.084223|-586.500798|-72.685254|48.242706|-10.237780|-53.656046|-0.434546|-61.626439|-39.564406|-76.581725|-112.879115|-83.388692|-71.533143|-10.714690|-14.075587|-0.025958|nan|-107.853305
1124|-73.099744|-10.589627|-636.882297|-69.725402|47.010726|-11.377309|-38.470373|-0.508732|-57.496604|-35.298227|-73.104528|-114.610744|-76.859179|-69.859344|-10.714690|-14.320057|-0.025309|nan|-108.269540
1125|-60.881446|-11.053085|-665.238632|-56.313740|45.991660|-12.191298|-43.532263|-0.550274|-47.179657|-33.693728|-61.275401|-115.856865|-64.541910|-59.834456|-10.714690|-14.314490|-0.023327|nan|-108.518419
1126|-65.207047|-11.698517|-685.715391|nan|44.832237|-13.140293|-59.224126|-0.589774|-49.317578|-29.534995|-65.934324|-117.098128|-68.760153|-66.511747|-10.714690|-14.421388|-0.024010|nan|-108.910345
1127|-61.436962|-12.433487|-715.952745|nan|44.288317|-13.887459|-50.112722|-0.624897|-47.356795|-21.684976|-62.609331|-118.827667|-64.879370|-65.006678|-10.714690|-14.461015|-0.023387|nan|-109.367637
1128|-41.127045|-13.024353|-768.575865|-36.512687|43.633251|-14.193826|-36.783075|-0.639007|-31.020823|-29.973864|-42.658349|-120.171584|-44.143075|-47.008655|-10.714690|-14.139939|-0.020100|nan|-109.769249
1129|-37.861455|-13.687804|-860.258079|nan|43.356936|-14.595194|-32.227373|-0.655873|-23.566228|-22.425148|-39.784329|-121.737832|-40.768481|-45.670253|-10.714690|-14.002468|-0.019558|nan|-110.149826
1330|6.244682|-13.527223|-963.413583|11.068585|42.769785|-14.202401|16.029322|-0.635063|14.399988|-15.605665|4.108074|-121.633769|3.438701|-0.897922|-10.714690|-13.240802|-0.012434|nan|-110.173772
1331|12.049879|-13.557374|-1041.921129|17.260986|42.413210|-14.198355|20.585024|-0.644183|24.144885|-6.126753|9.824119|-121.058982|9.344241|5.392321|-10.714690|-12.462149|-0.011482|nan|-110.072108
1332|25.620740|-13.083313|-1105.358569|nan|42.652514|-14.018751|24.465807|-0.662507|35.331991|-2.136345|23.310848|-120.239105|24.531347|20.148390|-10.714690|-11.833291|-0.009279|nan|-110.013435
1333|26.234287|-12.458302|-1155.224404|nan|42.759000|-13.853544|32.733562|-0.698851|35.855317|-3.117697|23.981927|-119.205891|25.374995|22.016261|-10.714690|-11.328874|-0.009143|nan|-109.963197
1334|26.182132|-11.750055|-1222.398948|nan|42.646752|-13.628263|27.165482|-0.723542|33.703725|-8.241275|24.043466|-118.209597|25.543725|23.322025|-10.714690|-10.927624|-0.009116|nan|-109.933897
1335|46.751911|-10.549707|-1292.233061|52.277534|42.480966|-12.427347|55.005884|-0.631379|44.136835|1.951368|44.814383|-116.726110|46.297479|46.346955|-10.714690|-10.150162|-0.005771|nan|-109.916508
1336|62.487319|-9.062646|-1356.464469|nan|43.028659|-10.544503|65.635855|-0.511426|53.757427|16.150460|60.873439|-114.797252|60.238071|64.639657|-10.714690|-9.549595|-0.003214|nan|-109.921722
1337|48.404412|-8.202026|-1419.421311|53.419492|43.690981|-8.873288|46.906857|-0.469730|41.512539|4.817831|47.104405|-113.011380|46.233505|53.240278|-10.714690|-5.095482|-0.005471|nan|-109.947778
1338|55.283196|-7.339390|-1429.615983|61.472008|44.490428|-7.348553|49.943992|-0.395870|48.270457|10.776808|54.307480|-111.237259|53.151423|62.994151|-10.714690|7.659305|-0.004356|nan|-109.980969
1339|53.595412|-6.747955|-1416.257487|58.666259|45.280742|-5.682612|32.564833|-0.331091|46.183160|7.890152|52.933451|-109.326728|51.464126|63.758195|-10.714690|11.758148|-0.004627|nan|-110.001154
1340|47.205466|-6.027796|-1381.107605|52.250925|45.906721|-4.374589|35.770697|-0.295174|41.451108|20.026286|46.737669|-107.828544|45.052397|60.314724|-10.714690|15.939870|-0.005660|nan|-110.041493
1341|37.279645|-5.277664|-1345.869147|42.291640|46.220718|-3.398400|27.334212|-0.264302|35.256701|11.312900|36.867823|-106.451488|35.097345|53.286137|-10.714690|19.694946|-0.007264|nan|-110.052681
1342|19.767728|-4.957271|-1302.951035|24.747372|46.129997|-2.932892|-9.448863|-0.233211|19.309134|7.100481|19.370973|-105.442325|17.549456|38.743022|-10.714690|23.170124|-0.010092|nan|-110.083804
1343|19.119005|-4.529512|-1253.019052|25.201990|44.952780|-2.695265|-4.555702|-0.191803|20.553893|3.666587|18.787277|-104.437158|16.874537|41.485875|-10.714690|34.798365|-0.010200|nan|-110.114926
1344|18.123979|-4.177591|-1190.786662|23.053474|44.412746|-2.602019|-8.436485|-0.160547|21.301514|11.210122|17.885881|-103.055571|15.862159|43.814345|-10.714690|43.010107|-0.010363|nan|-110.227857
1345|8.340658|-4.092571|-1134.534297|13.258150|44.027592|-2.848388|-33.239751|-0.121339|15.354869|18.518243|8.218779|-102.262078|6.075836|37.215024|-10.714690|42.657792|-0.011939|nan|-110.373824
1346|-6.014525|-4.251819|-1040.529732|-0.809328|43.421938|-3.493265|-37.795454|-0.075184|2.692843|-1.106189|-6.031163|-101.945257|-7.866189|26.533741|-10.714690|46.160897|-0.014249|nan|-110.577574
1347|-16.841004|-4.401352|-927.945520|nan|42.929733|-4.064412|-42.351156|-0.055097|-10.426181|-18.642852|-16.698189|-101.439217|-18.024890|19.575269|-10.714690|35.012210|-0.015988|nan|-110.870770
1348|-18.900416|-4.709642|-819.653008|nan|42.689025|-4.502304|-42.013697|-0.033429|-14.370615|-12.436699|-18.544356|-101.140841|-20.049647|21.097142|-10.714690|34.736916|-0.016313|nan|-111.139546
1349|-16.913364|-4.886172|-723.900590|nan|42.353709|-4.814964|-45.219561|-0.012220|-12.026181|-13.706060|-16.263336|-100.712641|-15.704890|26.290848|-10.714690|34.523220|-0.015986|nan|-111.408323
1350|-14.753991|-5.134409|-635.309616|-8.418974|42.193371|-4.947506|-56.693181|0.028655|-11.592694|-15.250534|-13.636097|-99.808399|-11.191404|31.527807|-10.714690|34.514010|-0.015632|nan|-111.677099
1351|-21.190236|-5.470081|-549.256285|nan|42.153187|-5.168448|-80.652799|0.087760|-17.764424|-12.766611|-19.560172|-99.387764|-17.763133|27.184910|-10.714690|34.356935|-0.016664|nan|-111.978176
1352|-39.623002|-6.063415|-474.655315|-34.605496|41.678876|-6.069611|-119.629361|0.176540|-27.835639|-39.016482|-37.471442|-99.635200|-36.154671|10.862479|-6.562025|28.958962|-0.019626|nan|-112.231237
1353|-48.628375|-6.758741|-425.510176|-43.580218|41.360112|-7.268075|-116.086037|0.237328|-34.297345|-38.640036|-46.028256|-100.202745|-45.097345|4.143500|5.820821|28.602700|-0.021066|nan|-112.475593
1354|-37.068149|-6.875901|-407.104016|-30.857491|40.808947|-8.314195|-100.394174|0.300169|-24.335963|-31.119624|-33.938789|-100.277774|-33.454995|17.786734|9.804757|28.645372|-0.019191|nan|-112.728653
1355|-36.477057|-7.187752|-405.753555|-31.304315|40.652844|-9.105149|-87.401986|0.306274|-27.419432|-30.403038|-32.789839|-99.840736|-32.780076|17.676124|13.919847|28.537592|-0.019082|nan|-112.743368
1356|-27.613400|-7.307363|-394.669376|-20.927066|41.234472|-9.483230|-82.677555|0.336728|-20.476758|-5.234856|-23.309080|-98.667887|-23.837402|25.475062|17.800630|28.621268|-0.017643|nan|-112.776555
1357|-22.629351|-7.002639|-391.433853|nan|42.932996|-9.859606|-73.734881|0.367003|-13.254867|8.822822|-17.569146|-96.794381|-18.775511|28.846532|21.550258|28.699648|-0.016828|nan|-112.763634
1358|-17.800268|-6.675359|-382.463489|-10.996206|44.333773|-9.978540|-48.425425|0.383115|-12.282028|12.211222|-11.991397|-95.166088|-13.882350|32.237748|29.721693|28.926808|-0.016040|nan|-112.750713
1359|-9.074776|-6.181468|-382.132976|-2.237699|45.305274|-9.925187|-36.276886|0.415154|-5.428405|11.558406|-2.422742|-93.450044|-5.108405|39.752718|29.721693|29.267489|-0.014626|nan|-112.746545
1400|-3.881643|-5.298681|-394.993025|1.696921|46.645098|-9.926038|13.160917|0.416285|1.963503|29.532506|3.394446|-91.973054|0.122216|42.992329|29.721693|29.385112|-0.013784|nan|-112.711995
1401|34.230050|-3.766260|-433.704970|40.816086|47.666610|-9.057759|57.199370|0.443422|32.415129|52.896941|42.117828|-89.301959|40.175129|80.025124|29.721693|30.096350|-0.007642|nan|-112.700272
1402|33.882916|-2.494951|-462.689973|39.548802|48.888958|-8.136853|70.529017|0.482192|34.397670|55.184481|42.366793|-86.766476|39.837670|78.476437|29.721693|30.493594|-0.007696|nan|-112.690481
1403|25.778311|-1.420503|-489.120567|nan|49.795175|-7.508802|63.273639|0.437251|28.618966|36.375310|34.760878|-85.033814|31.738644|69.388404|29.721693|30.794732|-0.009001|nan|-112.649877
1404|26.117072|-0.263045|-508.030433|nan|50.386236|-6.809698|63.779828|0.437251|27.356103|40.585595|35.566728|-83.405187|32.076103|68.514634|29.721693|31.017242|-0.008946|nan|-112.493037
1405|10.088927|0.782655|-514.201718|16.065051|50.892342|-6.631194|68.504260|0.325921|17.327425|28.283447|19.731220|-83.448152|16.046781|51.162972|29.721693|30.868013|-0.011529|nan|-112.085483
1406|26.806932|2.569923|-517.172920|33.270282|51.003036|-5.924500|101.069093|0.237531|25.790378|19.063747|36.542952|-83.182566|32.431022|67.211540|29.721693|31.199427|-0.008838|nan|-111.717217
1407|25.985260|4.679307|-516.785856|31.605519|51.026506|-5.240503|86.220878|0.219121|26.946729|12.615336|35.757086|-83.339586|31.347373|65.267773|29.721693|37.016929|-0.007004|nan|-111.301673
1408|17.065644|6.404781|-520.897025|22.685792|51.096264|-4.712945|84.196122|0.148686|17.924699|9.069090|26.815925|-83.641116|20.484699|55.224981|29.721693|36.912919|-0.007835|nan|-110.798014
1409|36.840581|8.426964|-516.303750|43.217458|50.947826|-3.435179|102.250201|0.135297|29.824787|26.897914|46.610414|-83.395983|38.546075|74.189700|29.721693|43.400294|-0.003415|nan|-110.175087
1410|95.951738|11.371482|-512.201236|102.166021|52.891931|-1.096559|154.893868|0.169247|80.878249|62.477584|105.825479|-82.052660|97.601471|134.804511|29.721693|44.431468|0.006096|nan|-109.634961
1411|95.349492|14.203291|-515.789061|100.822492|54.305841|1.065147|144.263897|0.197701|82.363329|65.158825|105.330157|-81.181963|96.926552|135.717570|29.721693|45.049245|0.006585|nan|-108.692085
1412|78.061482|16.612451|-512.574393|83.409659|55.569131|3.138739|109.336849|0.237110|63.144493|43.204666|88.165010|-80.403391|78.107393|120.044036|29.721693|45.336819|0.006586|nan|-107.534768
1413|81.547115|18.734642|-493.874600|87.610414|56.607711|5.239792|112.036524|0.268075|64.198442|46.290083|91.741047|-79.713821|81.481987|125.250571|29.721693|45.824619|0.007129|nan|-106.426195
1414|109.194965|21.249343|-425.532411|115.107312|57.727840|7.950368|138.527087|0.327778|83.460416|62.023331|119.551561|-78.219040|108.744928|155.413683|29.721693|48.066918|0.011554|nan|-105.454517
1415|123.556511|23.185133|-349.288744|nan|59.727206|11.062974|142.914060|0.406213|95.394036|69.777786|134.142279|-76.152141|120.678224|172.949128|29.721693|48.626072|0.013834|nan|-104.561681
1416|92.390727|24.373238|-300.660263|97.094676|61.202707|13.307558|97.188310|0.450062|69.690632|59.018075|103.231567|-74.682818|89.294499|145.610890|29.721693|48.688844|0.008782|nan|-103.685627
1417|126.397344|26.014830|-213.004924|131.586687|63.427640|16.242752|120.135549|0.501485|93.194636|79.525925|137.593734|-71.790533|123.040439|183.847487|29.721693|49.440088|0.014209|nan|-103.365344
1418|109.807843|27.152366|-75.595132|114.363507|65.864521|18.606316|101.237822|0.529951|81.922309|68.021174|121.324830|-69.365045|106.167469|171.187249|29.721693|49.489414|0.011493|nan|-103.441844
1419|114.352400|28.452232|55.425495|118.984324|67.792563|21.248824|107.480822|0.570238|78.220233|70.271675|126.228192|-66.820515|109.585712|180.359676|29.721693|49.912991|0.012169|nan|-103.509218
1420|118.439054|29.428239|157.576033|nan|69.890584|24.114155|113.386361|0.613600|78.011962|94.742714|130.639295|-63.949766|109.217765|189.244331|29.721693|50.162330|0.012764|nan|-103.628953
1421|94.054078|29.547357|245.505343|97.064329|71.784333|26.693619|82.171366|0.638540|55.369665|74.476283|106.574365|-61.374759|82.574499|170.057291|29.721693|49.964935|0.008774|-336912.100237|-103.726842
1422|90.806191|29.920815|359.156632|94.613856|73.754690|29.584670|60.067774|0.636478|48.217289|71.505896|103.680756|-58.621345|77.102445|171.967310|35.451672|49.882486|0.008176|-331521.040866|-103.843202
1423|71.395412|29.768518|480.025391|73.754854|75.445758|31.798299|31.214995|0.632017|35.348152|62.859244|84.603322|-56.386917|57.192340|157.568168|35.451672|49.429255|0.004975|-304217.840011|-103.956611
1424|48.810579|29.205770|558.659300|50.636292|76.470702|33.505051|19.741376|0.632696|13.272828|51.698476|62.217258|-54.848461|34.076371|139.752657|41.576039|84.553702|0.001259|-304288.205704|-104.047806
1425|51.395251|28.861736|689.026424|53.298188|77.468489|35.164214|22.441051|0.682733|14.336617|54.325953|64.921917|-53.310261|36.101127|147.047160|41.576039|76.230711|0.001584|-293398.116941|-104.156617
1426|47.091221|28.572302|810.216962|47.438106|78.465275|36.752367|26.490564|0.711584|10.485070|41.704148|60.631199|-51.703720|31.207966|145.666811|41.576039|75.841049|0.000798|-293462.324397|-104.230008
1427|42.810448|28.587476|940.556688|nan|79.584969|38.203495|26.659293|0.734412|6.951585|56.471355|56.306286|-49.704242|26.314804|143.928755|41.576039|73.041625|0.000012|-293521.353835|-104.293633
1428|26.048847|28.318472|1079.667667|25.167663|80.174325|38.981189|14.173295|0.739828|-3.067252|34.298978|39.482243|-47.954276|8.935645|129.829701|41.576039|61.415359|-0.002780|-293575.205257|-104.380935
1429|34.111061|28.226373|1195.987150|33.562670|80.667876|39.958556|30.371347|0.721901|-0.523788|47.269362|47.402835|-46.316854|16.359752|140.658913|43.026075|56.207409|-0.001587|-293625.432067|-104.469337
1430|45.041226|28.501463|1286.532834|44.176639|80.928299|40.426028|45.894480|0.734398|17.607755|53.760042|58.278829|-44.431425|26.652264|153.301900|43.026075|56.208197|0.000066|-263755.447016|-104.573157
1431|43.825616|29.006109|1347.323946|nan|81.200355|40.755725|82.171366|0.721828|19.432698|43.657397|56.882594|-42.844326|24.796237|153.768699|43.026075|56.158890|-0.000232|-223399.778452|-104.651972
1432|42.443775|29.720378|1370.410987|40.295674|81.099649|40.872556|79.809150|0.708936|17.327296|44.686362|55.316899|-41.444198|23.251480|152.953697|43.026075|50.553281|-0.000557|-219435.639562|-104.711230
1433|64.864609|30.920975|1415.227663|61.575318|81.594980|41.486980|93.476256|0.807883|35.012139|51.393336|77.659358|-39.595520|45.017612|175.697905|43.026075|51.016246|0.002937|-214968.401773|-104.772699
1434|62.655220|31.958524|1467.070898|nan|82.253218|41.951925|90.945310|0.800892|35.905026|43.083264|75.345675|-38.057512|42.629207|173.690652|43.026075|51.168407|0.002476|-197029.125272|-104.768293
1435|70.888754|33.201701|1507.686188|66.967186|82.665984|42.225044|82.508825|0.841416|49.499154|54.012808|83.713672|-36.441629|50.222044|179.933091|43.026075|51.383701|0.003694|-178585.506827|-104.765207
1436|54.458479|34.160703|1536.929641|48.348772|83.066017|41.862203|82.171366|0.820042|36.057453|48.255956|67.361538|-36.381434|33.420344|160.915353|43.026075|51.338066|0.000959|-161135.684398|-104.760794
1437|33.952205|35.097554|1572.903107|27.655970|83.017423|41.255828|60.236504|0.800990|18.486560|24.060960|46.922622|-36.881079|14.809131|138.309640|43.026075|50.935323|-0.002424|-161145.622850|-104.722636
1438|46.836800|36.497525|1615.941512|40.557794|82.880926|40.912349|63.611098|0.792560|28.483509|26.928337|59.988541|-36.798688|27.126399|149.741778|43.026075|51.027652|0.001392|-115254.073852|-104.528621
1439|40.129638|37.515494|1658.093554|32.697678|83.092113|40.344706|76.097097|0.784123|24.589739|32.912874|53.391626|-36.898520|28.271022|140.222754|46.318147|50.736340|0.000310|-98296.332306|-103.817275
1440|18.219513|38.069437|1708.586487|9.764751|82.968838|39.459346|112.711442|0.736479|5.589009|21.821232|31.539000|-37.157239|8.229971|114.819811|46.318147|50.302675|-0.001872|-98302.393839|-103.007084
1441|12.332590|38.367912|1775.200363|5.054537|83.151356|38.649501|105.624795|0.691837|-1.543362|22.152619|25.626297|-38.076149|2.378243|106.001747|46.318147|49.916799|-0.002100|-98309.148134|-102.489088
1442|24.503732|38.816231|1844.798304|16.840938|83.045192|38.397078|99.887985|0.697912|7.540271|23.683319|37.783874|-38.615946|14.500592|115.212716|46.318147|49.726664|0.000549|-94823.112082|-101.546596
1443|39.887520|39.500515|1915.178755|31.617595|83.041454|38.462979|118.110793|0.679538|23.827202|56.335859|53.183643|-38.485755|29.908806|127.073994|46.318147|49.691665|0.004347|-92334.760442|-100.100822
1444|47.019212|40.147065|1972.325079|38.358331|83.258011|38.704680|152.194193|0.675545|27.448303|51.274815|60.165917|-38.714002|41.369265|131.542518|46.318147|49.778251|0.006252|-92342.567028|-98.721087
1445|70.550901|41.088022|2011.304535|60.481686|81.593675|39.640753|189.314728|0.666183|43.594581|70.999293|83.384689|-39.954176|62.956504|151.491599|46.318147|50.266471|0.011089|-92351.024177|-97.644671
1446|88.382182|41.668951|2068.339655|nan|80.744848|41.057679|175.141433|0.678697|60.244368|75.341542|100.860265|-40.681948|78.246934|166.525622|46.318147|50.601077|0.013846|-92359.969238|-96.728468
1447|73.172201|41.876483|2134.474870|nan|79.760119|42.351177|193.026781|0.676447|45.424098|47.684513|85.121208|-41.351725|62.386342|148.588624|46.318147|52.512300|0.011302|-92369.076921|-95.546718
1448|57.979623|41.946858|2164.828265|44.741709|79.057135|43.271730|160.293219|0.668229|34.123504|50.630630|69.309734|-42.537408|46.365750|130.318292|46.318147|52.315971|0.008759|-92377.696707|-94.296679
1449|34.528684|41.577750|2186.367904|21.125056|77.897776|43.641372|140.383114|0.638197|14.555476|17.541623|44.937640|-45.163072|22.077402|103.946869|46.318147|51.804078|0.004892|-92385.665930|-93.481579
1450|28.459056|41.400533|2241.985937|13.863697|75.850672|43.880427|137.345979|0.609365|10.206931|-1.051380|37.770543|-48.358269|15.328214|95.204608|46.318147|51.359458|0.003810|-92393.147256|-92.142400
1451|38.767680|41.187129|2307.912564|24.945795|74.167295|44.513775|122.160306|0.594063|14.303561|7.866214|47.024776|-50.376805|24.465807|102.662461|46.318147|51.280338|0.005350|-92400.140656|-90.902326
1452|40.497340|40.909851|2384.143412|nan|72.024858|45.466125|119.460630|0.579441|13.395939|12.347540|47.528960|-53.304942|23.238185|101.956139|46.318147|51.179942|0.005512|-92406.808796|-89.570387
1453|78.040496|41.561850|2502.159171|62.466210|70.198099|47.395611|136.333601|0.587448|40.097410|29.963246|83.988545|-54.702974|57.701261|137.200003|46.318147|52.323479|0.011403|-96410.414063|-88.164307
1454|98.240041|42.194369|2628.433299|82.383598|68.992471|49.517827|132.621548|0.615016|59.741328|52.723347|103.160706|-55.678194|77.105177|155.291128|46.318147|52.978034|0.014509|-129891.200005|-86.989598
1455|118.137462|42.075295|2729.910821|101.152068|68.192560|51.993750|153.712760|0.652522|72.807465|70.556470|122.070804|-56.214064|96.171633|174.312402|46.318147|53.745908|0.017560|-139897.353837|-86.077883
1456|125.068320|42.006790|2811.314299|107.583163|68.139848|54.345986|154.893869|0.691151|81.121735|77.810105|128.082371|-55.888892|102.245903|180.766278|46.318147|54.816749|0.018530|-148908.045711|-85.468008
1457|115.486848|42.063750|2871.856595|95.528755|68.223178|56.319023|139.539465|0.728733|72.741135|78.627995|117.520347|-55.766976|91.784661|171.604854|46.318147|55.613166|0.016852|-148926.646156|-85.238711
1458|123.474240|42.304536|2940.012830|103.813492|68.352341|58.446322|129.246954|0.786379|76.067787|70.782386|124.630699|-54.898872|98.871309|180.649891|46.318147|56.162836|0.017984|-148946.294512|-84.787975
1459|127.087286|42.042487|3038.323557|nan|69.225619|60.401080|139.370736|0.836988|81.167140|76.920595|127.444855|-53.327275|101.570984|184.915098|46.318147|64.526613|0.018414|-148966.466823|-84.266863
