859|nan|nan|nan|nan|nan|nan|nan|nan|nan|nan|nan|nan|nan|nan|nan|nan|nan|nan|nan
900|nan|nan|nan|nan|nan|nan|nan|nan|nan|nan|nan|nan|nan|nan|nan|nan|nan|nan|nan
901|nan|nan|nan|nan|nan|nan|nan|nan|nan|nan|nan|nan|nan|nan|nan|nan|nan|nan|nan
902|nan|nan|nan|nan|nan|nan|nan|nan|nan|nan|nan|nan|nan|nan|nan|nan|nan|nan|nan
903|nan|nan|nan|nan|nan|nan|nan|nan|nan|nan|nan|nan|nan|nan|nan|nan|nan|nan|nan
904|nan|nan|nan|nan|nan|nan|nan|nan|nan|nan|nan|nan|nan|nan|nan|nan|nan|nan|nan
905|nan|nan|nan|nan|nan|nan|nan|nan|nan|nan|nan|nan|nan|nan|nan|nan|nan|nan|nan
906|nan|nan|nan|nan|nan|nan|nan|nan|nan|nan|nan|nan|nan|nan|nan|nan|nan|nan|nan
907|nan|nan|nan|nan|nan|nan|nan|nan|nan|nan|nan|nan|nan|nan|nan|nan|nan|nan|nan
908|nan|nan|nan|nan|nan|nan|nan|nan|nan|nan|nan|nan|nan|nan|nan|nan|nan|nan|nan
909|nan|nan|nan|nan|nan|nan|nan|nan|nan|nan|nan|nan|nan|nan|nan|nan|nan|nan|nan
910|nan|nan|nan|nan|nan|nan|nan|nan|nan|nan|nan|nan|nan|nan|nan|nan|nan|nan|nan
911|nan|nan|nan|nan|nan|nan|nan|nan|nan|nan|nan|nan|nan|nan|nan|nan|nan|nan|nan
912|nan|nan|nan|nan|nan|nan|nan|nan|nan|nan|nan|nan|nan|nan|nan|nan|nan|nan|nan
913|nan|nan|nan|nan|nan|nan|nan|nan|nan|nan|nan|nan|nan|nan|nan|nan|nan|nan|nan
914|nan|nan|nan|nan|nan|nan|nan|nan|nan|nan|nan|nan|nan|nan|nan|nan|nan|nan|nan
915|nan|nan|nan|nan|nan|nan|nan|nan|nan|nan|nan|nan|nan|nan|nan|nan|nan|nan|nan
916|nan|nan|nan|nan|nan|nan|nan|nan|nan|nan|nan|nan|nan|nan|nan|nan|nan|nan|nan
917|nan|nan|nan|nan|nan|nan|nan|nan|nan|nan|nan|nan|nan|nan|nan|nan|nan|nan|nan
918|nan|nan|nan|nan|nan|nan|nan|nan|nan|nan|nan|nan|nan|nan|nan|nan|nan|nan|nan
919|nan|nan|nan|nan|nan|nan|nan|nan|nan|nan|nan|nan|nan|nan|nan|nan|nan|nan|nan
920|nan|nan|nan|nan|nan|nan|nan|nan|nan|nan|nan|nan|nan|nan|nan|nan|nan|nan|nan
921|nan|nan|nan|nan|nan|nan|nan|nan|nan|nan|nan|nan|nan|nan|nan|nan|nan|nan|nan
922|nan|nan|nan|nan|nan|nan|nan|nan|nan|nan|nan|nan|nan|nan|nan|nan|nan|nan|nan
923|nan|nan|nan|nan|nan|nan|nan|nan|nan|nan|nan|nan|nan|nan|nan|nan|nan|nan|nan
924|nan|nan|nan|nan|nan|nan|nan|nan|nan|nan|nan|nan|nan|271.641184|nan|165.065886|nan|nan|nan
925|nan|nan|nan|nan|nan|nan|nan|nan|nan|nan|nan|nan|nan|275.778514|nan|163.686695|nan|nan|nan
926|nan|nan|nan|nan|nan|nan|nan|nan|nan|nan|nan|nan|nan|249.464812|nan|147.498553|nan|nan|nan
927|nan|nan|nan|nan|nan|nan|nan|nan|nan|nan|nan|nan|nan|237.055757|nan|134.354448|nan|nan|nan
928|nan|nan|nan|nan|nan|nan|nan|nan|nan|nan|nan|nan|nan|222.602884|113.948327|119.514552|nan|nan|nan
929|nan|nan|nan|nan|nan|nan|nan|nan|nan|nan|nan|nan|nan|226.898110|113.948327|119.105281|nan|nan|nan
930|nan|nan|nan|nan|nan|nan|nan|nan|nan|nan|nan|nan|nan|236.848169|113.948327|119.032276|nan|nan|nan
931|nan|nan|nan|nan|nan|nan|nan|nan|nan|nan|nan|nan|nan|178.941655|80.409905|84.761284|nan|nan|nan
932|nan|nan|nan|nan|nan|nan|nan|nan|nan|nan|nan|nan|nan|145.266428|58.229415|61.957113|nan|nan|nan
933|nan|nan|nan|nan|114.593736|nan|nan|nan|nan|nan|nan|nan|nan|160.204617|58.229415|61.579708|nan|nan|nan
934|nan|nan|nan|nan|109.846743|nan|nan|nan|nan|nan|nan|nan|nan|154.183908|58.229415|61.245283|nan|nan|nan
935|nan|nan|nan|nan|106.694134|nan|nan|nan|nan|21.614005|nan|nan|nan|175.507342|58.229415|61.256076|nan|nan|nan
936|nan|nan|nan|nan|103.024147|nan|nan|nan|nan|9.068795|nan|nan|nan|152.852461|58.229415|61.074842|nan|nan|nan
937|nan|nan|nan|nan|98.966932|nan|nan|nan|nan|-1.588722|nan|nan|nan|130.741919|45.514648|48.030999|nan|nan|nan
938|nan|nan|nan|nan|95.568509|nan|nan|nan|nan|-4.679546|nan|nan|nan|130.354749|45.514648|47.744191|nan|nan|nan
939|nan|nan|nan|nan|92.146402|nan|nan|nan|nan|-2.283067|nan|nan|nan|110.405206|39.862567|41.687862|nan|nan|nan
940|nan|nan|nan|nan|88.071519|nan|nan|nan|nan|-10.530270|nan|nan|nan|79.968195|21.661000|22.995104|nan|nan|nan
941|nan|nan|nan|nan|82.700367|nan|nan|nan|nan|-64.066189|nan|nan|nan|36.715108|-10.076795|-9.295978|nan|nan|nan
942|nan|nan|nan|nan|78.491175|nan|nan|nan|nan|-58.679099|nan|nan|nan|51.554992|-10.076795|-9.583525|nan|nan|nan
943|nan|-33.088926|nan|nan|75.518390|nan|nan|nan|nan|-42.407850|nan|nan|nan|62.253325|-10.076795|-9.660109|-0.020380|nan|nan
944|nan|-32.577911|nan|nan|73.462087|nan|nan|nan|nan|-2.889140|nan|nan|nan|80.890083|-10.076795|-9.571011|-0.016829|nan|nan
945|nan|-33.541370|nan|nan|71.572423|nan|nan|nan|nan|-9.458678|nan|nan|nan|59.504740|-10.076795|-9.815098|-0.019599|nan|nan
946|nan|-36.687647|nan|nan|68.968847|nan|nan|nan|nan|-21.342365|nan|nan|nan|25.776447|-10.076795|-10.162689|-0.024214|nan|nan
947|nan|-37.745987|nan|nan|66.835434|nan|nan|nan|nan|-8.590443|nan|nan|nan|41.658523|-10.076795|-10.279317|-0.021078|nan|nan
948|nan|-38.706927|nan|-56.041369|65.083473|nan|nan|nan|nan|-7.804334|nan|nan|nan|32.568120|-10.076795|-10.521861|-0.021495|nan|nan
949|nan|-39.159354|nan|-51.687435|63.524395|nan|nan|nan|nan|-12.047154|nan|nan|nan|30.366042|-10.076795|-10.706037|-0.020804|nan|nan
950|nan|-39.311086|nan|-45.677940|61.776701|nan|nan|nan|nan|-21.136940|nan|nan|nan|28.451967|-10.076795|-10.688597|-0.020066|nan|nan
951|nan|-39.218288|nan|-41.905042|60.280425|nan|nan|nan|nan|-11.144952|nan|nan|nan|25.548879|-10.076795|-10.667735|-0.019467|nan|nan
952|nan|-38.512210|nan|nan|59.240674|nan|nan|nan|nan|-3.019016|nan|nan|nan|29.394901|-10.076795|-10.644447|-0.017806|nan|nan
953|nan|-35.562324|nan|12.457548|58.897599|nan|152.066549|nan|nan|29.127575|nan|nan|nan|69.007679|-10.076795|-10.311848|-0.010700|nan|nan
954|nan|-33.525272|nan|-0.637721|58.590135|nan|131.618206|nan|nan|9.100641|nan|nan|nan|51.671510|-10.076795|-10.203131|-0.012638|nan|nan
955|nan|-30.246010|nan|31.133084|58.470938|nan|166.466789|nan|nan|21.364097|nan|nan|nan|78.246873|-10.076795|-9.809028|-0.007700|nan|nan
956|nan|-25.761358|nan|65.665573|59.311843|nan|174.818930|nan|nan|34.555801|nan|nan|nan|109.837612|-10.076795|2.226926|-0.002163|nan|nan
957|nan|-20.954650|nan|nan|60.302418|nan|180.291022|nan|nan|37.878807|nan|nan|nan|126.168402|-10.076795|12.273753|0.000744|nan|nan
958|nan|-15.346523|nan|116.070310|62.080023|nan|197.859316|nan|nan|61.212087|nan|nan|nan|157.542647|-10.076795|12.960056|0.005866|nan|nan
959|nan|-11.219641|nan|90.424206|60.919479|20.763724|177.122968|1.729939|nan|50.141820|nan|nan|nan|131.695089|-10.076795|13.165737|0.001898|nan|nan
1000|nan|-6.962512|nan|nan|59.865218|23.034736|198.723330|2.789779|nan|65.067723|nan|nan|nan|143.836120|-10.076795|13.455126|0.003789|nan|nan
1001|nan|-4.221986|nan|71.116579|58.629235|24.314264|110.017844|2.477661|nan|40.084498|nan|-87.279974|nan|113.586599|-10.076795|18.585881|-0.001147|nan|nan
1002|nan|-1.764727|nan|nan|57.678649|25.446042|74.017240|2.155656|nan|40.268706|nan|-87.848401|nan|111.857317|-10.076795|18.590927|-0.001563|nan|nan
1003|nan|0.421474|nan|nan|57.074713|26.449957|86.977458|1.954511|nan|43.183787|nan|-88.058337|nan|110.325132|-10.076795|18.565760|-0.001932|nan|nan
1004|nan|3.226784|nan|91.879239|56.533524|28.090632|105.985776|1.858803|nan|57.341375|nan|-87.716125|nan|136.047218|-10.076795|18.824984|0.002036|nan|nan
1005|nan|6.071154|nan|nan|56.280256|29.833744|138.530322|1.778583|nan|69.411762|nan|-87.410759|nan|148.153689|-10.076795|22.739639|0.003465|nan|nan
1006|nan|8.727112|nan|nan|57.061670|31.471997|118.945994|1.698107|nan|60.693314|nan|-85.553069|nan|151.307166|-10.076795|33.207157|0.003465|nan|nan
1007|nan|11.014873|nan|nan|58.317782|32.874181|93.025559|1.644453|nan|70.252579|nan|-82.924590|nan|148.269991|-10.076795|52.602424|0.002450|nan|nan
1008|nan|13.938996|nan|123.166482|59.855769|34.985471|123.554071|1.680269|nan|100.601779|nan|-79.962499|nan|180.502264|-10.076795|53.465395|0.007061|nan|nan
1009|nan|15.895767|nan|95.709422|61.520999|36.224818|78.625317|1.640670|nan|78.871480|nan|-77.669684|nan|156.494934|-10.076795|59.138007|0.002726|nan|nan
1010|nan|17.067776|nan|68.229375|62.147877|36.836760|26.208440|1.557094|nan|58.733682|nan|-76.898816|nan|133.520978|-10.076795|90.769103|-0.001608|nan|nan
1011|nan|17.993161|nan|nan|62.956239|37.273440|-19.584328|1.475926|nan|32.233076|nan|-75.811248|nan|131.754944|1.500662|89.934819|-0.002714|nan|nan
1012|nan|18.353195|nan|41.156805|63.801912|37.228000|-21.024352|1.389616|nan|16.578008|nan|-74.722825|nan|116.407354|11.044121|77.796452|-0.005941|nan|nan
1013|nan|18.230783|nan|21.586115|64.278820|36.744099|-26.496444|1.300177|nan|9.580034|nan|-74.238378|nan|101.978690|11.044121|65.828432|-0.009121|nan|nan
1014|nan|18.496864|nan|37.756970|64.911397|36.695085|10.944184|1.235437|nan|21.360244|nan|-72.808270|nan|123.377072|11.044121|64.371715|-0.006677|nan|nan
1030|nan|18.711979|nan|nan|66.067512|36.654640|-5.760097|1.180812|nan|27.027990|nan|-70.667279|nan|130.003875|11.044121|64.303038|-0.006584|nan|nan
1031|nan|18.425002|nan|nan|67.535657|36.234065|-55.008922|1.123018|nan|14.730290|nan|-67.998035|nan|115.583599|16.131223|44.351614|-0.009856|nan|nan
1032|nan|18.209154|nan|17.826017|69.042268|35.793374|-34.272574|1.068632|nan|26.913719|nan|-65.847835|nan|122.575805|16.131223|44.111481|-0.009671|nan|nan
1033|75.100818|18.849493|nan|55.736225|70.080533|36.257842|0.288005|1.053705|nan|59.346470|nan|-62.996354|nan|163.480804|16.131223|44.517635|-0.003726|nan|nan
1034|109.877217|20.111593|nan|90.729799|71.710611|37.398020|39.456662|1.059596|nan|75.812087|nan|-59.827658|nan|201.371971|16.131223|45.116082|0.001849|nan|nan
1035|109.140658|21.277694|nan|nan|73.603935|38.395802|43.776734|1.070931|nan|71.455697|nan|-56.177377|nan|203.559555|19.875286|45.396103|0.001803|nan|nan
1036|109.539965|22.747583|nan|90.397490|76.128961|39.344425|48.384811|1.090045|nan|85.504762|nan|-51.675241|nan|205.573866|30.243459|45.577943|0.001941|nan|nan
1037|89.790793|24.200615|nan|71.138135|78.370341|39.859065|39.456661|1.097650|nan|73.084631|nan|-48.287186|nan|186.077068|42.280290|45.527101|-0.001146|nan|nan
1038|65.197024|25.114946|nan|nan|79.779262|38.270315|59.616999|1.110018|nan|42.960610|nan|-45.578834|nan|160.780446|42.280290|45.448966|-0.005014|nan|nan
1039|61.404354|26.311593|nan|44.665625|81.053006|36.753746|44.064738|1.097397|nan|56.700636|nan|-43.138666|nan|156.220171|42.280290|45.350439|-0.005567|nan|nan
1040|44.360474|27.671654|nan|26.751863|82.452615|34.830253|58.176975|1.076885|nan|35.879690|nan|-41.277746|nan|138.536676|42.280290|45.083303|-0.008238|nan|nan
1041|12.921736|29.213084|nan|-4.040554|83.595639|32.722640|61.633033|1.037968|nan|15.914270|nan|-40.390681|nan|106.202938|42.280290|44.533789|-0.011979|nan|nan
1042|-3.530975|30.081367|nan|nan|83.992734|30.586633|63.649067|0.999837|nan|-8.903743|nan|-40.239459|nan|89.220451|42.280290|44.077914|-0.014557|nan|nan
1043|-12.483510|30.474434|nan|nan|83.606240|28.573969|86.977458|0.963265|nan|-5.595811|nan|-41.597363|nan|79.636804|33.987522|35.407804|-0.015938|nan|-62.480748
1044|-47.678967|29.683928|nan|-63.660896|83.300753|25.775211|27.360458|0.859798|nan|-25.449025|nan|-43.552586|nan|43.398289|33.987522|34.634729|-0.021511|nan|-63.945754
1045|-60.170264|29.017417|nan|nan|82.498463|22.667937|27.072453|0.676915|nan|-26.590599|nan|-46.697535|nan|30.072870|24.542735|24.578461|-0.023849|nan|-65.523248
1046|-57.947796|29.004073|nan|-73.475464|80.867658|20.619325|-1.152019|0.562432|nan|-26.618792|-69.188986|-50.654297|nan|30.913844|24.542735|24.100431|-0.023435|nan|-66.997726
1047|-69.539096|28.371723|nan|-84.728607|78.721309|18.930964|-14.976251|0.461215|nan|-40.534223|-80.604670|-55.432634|nan|16.893447|15.902591|14.938303|-0.026754|nan|-68.578850
1048|-51.442027|28.167934|nan|-65.329102|75.603329|17.455151|1.152019|0.409935|nan|-32.587058|-62.360229|-60.541119|nan|32.391444|12.112677|11.059790|-0.023808|nan|-69.814039
1049|-34.763438|28.186773|nan|nan|73.131449|16.381088|42.912719|0.339976|nan|-8.922816|-46.051797|-64.420054|nan|45.225691|12.112677|11.003048|-0.021091|nan|-70.797800
1050|-5.681078|28.770555|nan|-18.985027|70.757848|15.530988|81.217362|0.306966|nan|4.128677|-17.299997|-67.797383|nan|69.977744|12.112677|11.279553|-0.016393|nan|-71.368906
1051|8.452909|29.523636|3626.892050|nan|69.390042|15.241112|95.617603|0.277402|5.263918|4.570585|-3.321288|-69.879315|4.303918|79.374130|12.112677|11.505381|-0.014090|nan|-71.733093
1052|7.644145|30.035470|3478.545667|nan|68.063619|15.261378|88.705486|0.229531|3.007588|6.969574|-4.215877|-71.908748|1.647908|73.683154|12.112677|11.688954|-0.014181|nan|-72.093360
1053|-0.624654|29.475989|3317.063438|-12.910602|66.563028|15.111565|109.441834|0.152480|-5.136867|-6.359053|-12.895243|-74.108802|-6.736227|60.504054|12.112677|11.837352|-0.015470|nan|-72.562780
1054|6.115177|29.294114|3164.256322|nan|65.079620|15.367670|89.281496|0.112028|-0.544111|-17.427057|-6.343841|-76.824749|-2.304111|62.412315|12.112677|11.956518|-0.014365|nan|-72.936625
1055|-0.934041|28.359338|2999.540888|nan|63.146201|15.924227|55.296927|0.091808|-9.696227|-24.936227|-13.493092|-79.976267|-11.616227|50.274122|12.112677|12.051442|-0.015470|nan|-73.373581
1056|-15.154437|26.406783|2865.238979|-28.279925|61.133342|16.832620|34.272575|0.061770|-24.448143|-35.319891|-27.802405|-83.530436|-28.528463|30.935810|12.112677|11.972463|-0.017726|nan|-73.981819
1057|-21.582457|23.981490|2757.337299|nan|59.095421|17.328251|7.776130|0.053538|-29.984570|-45.682280|-34.228271|-87.057646|-34.864570|19.484737|12.112677|11.912434|-0.018739|nan|-74.641486
1058|-25.988090|20.847562|2691.300071|nan|56.414835|17.515917|-16.416275|0.047744|-33.663364|-46.505833|-38.603200|-91.488838|-39.184642|11.243708|12.112677|11.867918|-0.019430|nan|-75.295673
1059|6.188601|18.886802|2645.637962|-5.341806|54.375868|17.929342|31.104522|0.038376|-2.126505|-9.976042|-6.429955|-94.202591|-6.928101|39.353732|12.112677|11.989890|-0.014273|nan|-75.509638
1100|58.269993|17.808358|2601.105664|46.891393|53.938871|19.600092|83.809404|-0.052080|41.281411|62.111165|45.673786|-94.690678|44.240772|89.819607|12.112677|12.394304|-0.005938|nan|-75.430823
1101|60.271682|17.349682|2546.867989|nan|53.744748|21.754518|65.377096|-0.139290|40.257445|58.555139|47.704476|-94.919561|43.616806|90.008021|12.112677|12.706845|-0.005615|nan|-75.356597
1102|47.887504|16.692793|2503.375384|34.871998|53.848167|23.294680|54.144908|-0.176170|31.233238|51.442991|35.421725|-94.957223|31.232599|75.812067|12.112677|12.790082|-0.007596|nan|-75.298250
1103|14.484576|15.413681|2452.589668|1.943275|53.696839|24.199247|57.888971|-0.206525|-0.654683|27.782420|1.902019|-95.400211|-3.135961|40.544140|12.112677|28.788734|-0.012940|nan|-75.242884
1104|17.092763|13.781105|2385.647061|5.616691|53.263809|25.140108|95.329598|-0.254379|-0.542960|28.901465|4.172300|-96.208785|-1.023918|41.705390|12.112677|28.741721|-0.012526|nan|-75.187518
1105|26.039839|12.123651|2313.029721|nan|53.076556|26.151735|103.969743|-0.309947|9.984871|28.897040|12.757712|-96.795395|7.904232|48.774174|12.112677|28.700507|-0.011098|nan|-75.163921
1106|54.296631|11.070620|2237.360239|42.428603|53.454400|27.679337|133.058230|-0.312611|33.968065|35.570133|40.705577|-96.013159|36.128705|75.710709|12.112677|28.972003|-0.006583|nan|-75.156040
1107|53.182391|10.084842|2202.386845|40.166061|53.846830|28.937676|112.609887|-0.305087|34.576365|28.638288|39.372850|-95.317172|34.976685|72.985037|12.112677|29.022994|-0.006768|nan|-75.163921
1108|44.861778|8.445521|2229.554445|nan|54.004893|29.308358|80.065341|-0.314869|29.904225|24.456387|30.785097|-95.904026|26.624545|62.916389|12.112677|29.054999|-0.008103|nan|-75.756243
1109|49.218313|7.349300|2258.916147|37.606317|52.901684|29.999129|80.929356|-0.327365|29.823017|6.175892|34.825658|-97.373913|30.944618|65.805667|12.112677|29.225643|-0.007412|nan|-76.849259
1110|66.528968|7.202806|2273.349428|nan|52.040850|30.446448|81.505366|-0.321527|50.863306|4.369416|51.881846|-98.337837|48.224907|81.897086|12.112677|29.348706|-0.004648|nan|-77.810240
1111|27.658793|6.358039|2248.749428|14.914883|50.845273|29.545202|11.520193|-0.321577|17.743296|-14.691884|12.829409|-100.401959|9.344256|41.885131|12.112677|29.125458|-0.010865|nan|-78.897662
1112|17.279636|5.736159|2227.501658|nan|49.470775|28.177299|-14.976251|-0.318999|9.054801|-29.223784|2.341942|-102.199982|-1.023918|31.924779|12.112677|28.942051|-0.012522|nan|-79.976400
1113|35.395014|5.879399|2217.781975|23.384336|48.470079|26.696077|-5.472092|-0.302358|27.679106|-30.565169|20.450393|-102.841284|17.120386|51.043718|12.112677|38.063702|-0.009621|nan|-80.733241
1114|32.475632|5.651331|2239.110085|19.456686|48.025305|25.510799|-43.200724|-0.241080|23.279378|-13.168610|17.651942|-103.459708|15.120338|48.735048|12.112677|38.024204|-0.010081|nan|-81.542435
1115|16.866591|5.102012|2258.456347|3.940334|47.728883|23.813461|-70.849188|-0.182921|12.048077|-22.898064|2.231746|-104.036358|-0.431923|35.331679|12.112677|37.831246|-0.012567|nan|-82.595325
1116|9.311553|4.858629|2141.186850|nan|47.377066|22.514900|-75.745269|-0.122132|2.719952|-3.413381|-5.050234|-103.939022|-7.920048|29.871861|12.112677|37.674554|-0.013765|nan|-83.070361
1117|8.948362|4.522799|2037.741765|nan|47.470777|21.263968|-87.265462|-0.043735|2.591947|1.953439|-5.069305|-103.398519|-6.848053|31.945495|12.112677|37.548045|-0.013811|nan|-83.177389
1118|15.206737|3.649866|1948.968941|3.808548|47.507737|20.219948|-62.497048|-0.022447|7.167733|3.093053|1.527129|-102.452132|-0.511947|40.976574|28.362025|36.775738|-0.012797|nan|-83.374917
1119|7.626881|1.898038|1846.424501|-4.965559|47.716475|18.580469|-52.992888|0.010699|6.079928|6.288262|-5.651220|-100.740097|-4.240072|35.516755|28.362025|36.659579|-0.013995|nan|-83.575070
1120|-6.880569|-0.173270|1746.524562|-19.349054|48.339293|16.505744|-38.016637|-0.021310|-5.999994|17.061689|-19.805597|-99.112946|-16.560314|22.067305|28.362025|36.413132|-0.016297|nan|-84.195690
1121|-21.400748|-2.566034|1681.939865|nan|48.482736|14.209269|-38.016637|-0.021310|-20.240555|-10.510843|-34.072362|-97.975536|-28.880555|8.784523|28.362025|33.266412|-0.018600|nan|-84.758708
1122|-28.731177|-4.736036|1610.259015|nan|48.741716|11.914688|-45.792768|-0.016365|-26.880676|-22.631202|-41.129894|-96.757356|-34.800676|2.868528|26.345991|25.920069|-0.019751|nan|-85.193916
1123|-22.256922|-6.227977|1511.570301|nan|49.315705|9.264887|-47.232792|-0.009443|-13.696565|-1.538232|-34.415380|-95.917209|-28.176565|10.494895|26.345991|25.810901|-0.018692|nan|-85.635385
1124|-35.663791|-7.930746|1467.650860|-47.577106|49.995795|6.803593|-53.568898|-0.086368|-30.944147|-23.493408|-47.570916|-95.939200|-40.464787|-2.573160|26.345991|25.578120|-0.020810|nan|-86.042645
1125|-32.661318|-9.207932|1459.100493|nan|50.584741|4.868196|-57.312961|-0.116936|-27.775456|-20.451734|-44.364941|-96.656184|-37.296734|-1.521616|26.345991|25.405390|-0.020305|nan|-86.028227
1126|4.903448|-9.072870|1441.378266|-5.435149|50.693854|3.804859|-33.696564|-0.103325|5.872538|6.643566|-6.542755|-96.738754|0.831899|34.609867|26.345991|25.589300|-0.014273|nan|-86.036597
1127|33.552488|-8.041964|1421.585637|23.051235|50.483238|3.660918|-11.232189|-0.032101|28.672061|24.277381|22.435413|-95.974916|30.032381|62.796572|26.345991|26.049593|-0.009667|nan|-86.046388
1128|25.060058|-7.066993|1360.266558|13.787502|50.834740|3.626830|-23.904401|-0.017586|20.159601|20.738399|14.357650|-95.218773|21.200241|53.430655|26.345991|26.258773|-0.011002|nan|-86.085600
1129|16.862321|-5.623078|1304.305547|6.895834|50.180227|3.244154|0.288005|-0.010490|13.935466|-7.749608|6.527474|-94.875854|13.136106|44.952743|26.336106|26.567150|-0.012292|nan|-86.105157
1330|64.546980|-2.904651|1261.761003|54.680492|50.985176|3.679167|100.225679|0.142954|59.503948|34.113955|54.517333|-92.971276|60.944907|92.903468|26.336106|26.966845|-0.004647|nan|-86.113881
1331|35.336418|-0.909724|1224.277791|24.734500|52.001533|3.828696|73.153226|0.207965|34.256740|14.030022|25.550523|-91.477153|31.856420|63.723572|26.336106|26.963876|-0.009298|nan|-86.088374
1332|34.934853|1.314293|1191.617997|25.428077|52.711822|4.001784|60.481014|0.296073|29.488095|22.085082|25.380141|-89.797433|31.568415|63.510824|26.336106|27.107974|-0.006458|nan|-86.045219
1333|54.822197|3.606755|1190.147914|45.607247|53.639549|3.929311|47.232792|0.367078|55.008114|32.754511|45.709358|-87.433326|51.728753|84.246419|26.336106|27.365236|-0.000569|nan|-86.019713
1334|46.472972|5.310456|1272.069066|36.149217|54.222037|3.061478|41.760700|0.384624|52.304618|23.721554|37.807346|-86.214656|43.664618|76.257542|26.336106|27.400149|-0.001642|nan|-85.978428
1335|32.371754|6.178587|1364.802912|22.343240|54.059096|1.902127|36.864618|0.375556|37.920706|12.946545|24.053322|-86.860841|29.840386|62.099976|26.336106|27.260980|-0.003852|nan|-85.909151
1336|10.498563|6.273346|1433.323248|2.138157|53.233862|0.369791|43.488729|0.310717|15.599704|-8.145484|2.415906|-88.212506|8.240024|40.499614|26.336106|27.141334|-0.007305|nan|-85.865361
1337|9.944665|6.362060|1468.979699|1.849940|52.433646|-0.843828|42.048704|0.244959|12.751699|-6.501553|2.062443|-89.215973|7.952019|40.544943|26.336106|27.038354|-0.007351|nan|-85.814397
1338|24.085290|6.925067|1574.702191|15.900016|52.136520|-1.357521|48.096806|0.201277|24.272261|4.003019|16.582806|-88.802522|23.232261|55.111851|26.336106|27.103455|-0.005049|nan|-85.759242
1339|23.825002|7.307860|1680.362801|nan|52.650879|-1.876641|52.416879|0.187866|25.472261|32.991546|16.764541|-88.484769|23.232261|54.611851|26.336106|26.991377|-0.005049|nan|-85.708277
1340|22.997620|7.860051|1764.571855|nan|52.893904|-2.123190|69.121158|0.160323|22.495931|28.378632|16.370712|-88.449760|22.656251|53.833862|26.336106|26.896081|-0.005141|nan|-85.681374
1341|8.072418|8.354997|1873.779090|nan|52.740048|-2.092350|15.552261|0.161158|3.487685|-1.035660|1.862664|-89.646648|4.928005|38.943637|26.336106|26.815022|-0.007489|nan|-85.650307
1342|28.300023|9.439968|1969.536926|21.410322|52.310348|-1.393710|25.632430|0.182559|21.455708|10.386348|22.516853|-90.224998|24.736348|59.190000|26.336106|26.899888|-0.004220|nan|-85.641584
1343|61.796872|11.320298|2045.201400|55.076530|52.111188|0.112040|77.473298|0.253692|50.831953|44.267003|56.429519|-89.606902|57.872912|93.231418|26.336106|27.267195|0.001167|nan|-85.640710
1344|107.434342|13.455732|2093.173337|100.508187|53.807722|3.042264|120.386018|0.363637|85.983761|80.626042|102.497619|-87.810108|97.105680|140.756306|26.336106|50.400246|0.008487|nan|-85.664915
1345|102.138319|14.365480|2129.521007|94.417794|55.181578|5.985987|99.649670|0.425835|82.399674|65.512971|97.587707|-86.660901|91.441593|138.659630|26.336106|50.684276|0.007657|nan|-85.704984
1346|82.468589|14.842826|2133.443026|nan|56.280473|8.529431|72.577217|0.466729|62.335346|39.295046|78.273534|-84.977502|71.217265|122.273825|26.336106|50.884836|0.004527|nan|-85.745053
1347|90.768857|15.729202|2150.366753|84.461128|57.588816|11.427202|80.641352|0.513195|65.807166|52.853194|86.919730|-82.763473|76.689405|133.824488|26.336106|51.171673|0.005861|nan|-85.785122
1348|91.889817|17.259369|2132.596845|85.601123|59.241821|14.003257|88.129477|0.577387|70.239185|57.775883|88.291289|-81.016133|77.841424|138.179121|26.336106|51.368657|0.006045|nan|-85.806677
1349|50.686550|17.892729|2061.459940|43.465946|59.907883|15.471798|39.456662|0.570552|32.574814|12.981496|47.201647|-80.372417|36.656734|100.596913|26.336106|51.185437|-0.000536|nan|-85.824816
1350|45.492004|18.263892|1993.252285|39.218751|60.073367|16.416285|19.872333|0.618214|29.070407|4.600980|42.134034|-79.454171|31.472647|99.517353|26.336106|51.168959|-0.001365|nan|-85.889732
1351|62.481176|18.421541|1926.475608|56.217117|60.614811|17.446587|22.464377|0.632469|43.823013|23.512192|59.282718|-77.820461|48.464932|120.391943|26.336106|51.282913|0.001350|nan|-85.914011
1352|52.110185|18.313690|1936.387968|nan|61.192163|18.238887|4.896082|0.649567|35.055799|28.525091|49.033798|-76.471165|38.096758|112.900479|26.336106|51.189701|-0.000306|nan|-85.921147
1353|41.739462|18.196362|1927.850670|nan|61.780483|18.986900|1.152019|0.648560|24.527305|34.161924|38.796890|-75.598782|27.728584|105.409014|26.336106|52.492040|-0.001963|nan|-85.908628
1354|38.277924|17.952632|1931.829584|nan|62.008238|19.558159|-15.552261|0.736434|20.991567|30.708172|35.536459|-74.624593|24.272526|105.082620|26.336106|52.387794|-0.002515|nan|-85.930075
1355|29.911301|17.155352|1947.723890|22.361465|62.523411|20.048646|-20.736348|0.795770|14.640067|32.630273|27.469158|-73.477943|15.920386|97.677426|26.336106|52.127676|-0.003849|nan|-85.930075
1356|-34.633930|15.800362|1967.379220|-41.625744|63.267332|19.491377|-47.520796|0.682507|-43.792375|-2.983302|-36.884273|-73.750960|-48.592695|33.682721|26.336106|54.614094|-0.014155|nan|-85.922476
1357|-55.127235|14.368688|1915.624928|-62.588860|63.287337|18.753124|-39.168657|0.541511|-63.520399|-25.630096|-57.291766|-74.405007|-66.241038|14.770609|25.578962|25.910132|-0.019524|nan|-85.924644
1358|-73.904101|12.236602|1848.557003|-81.310048|62.949340|17.769726|-66.241110|0.460802|-79.520073|-33.163090|-76.028795|-75.771238|-84.961351|-4.142103|19.358649|19.010165|-0.025569|nan|-85.917046
1359|-64.466981|10.365752|1799.961642|-70.465987|61.938541|16.517015|-64.801086|0.368771|-69.296553|-33.393714|-66.540860|-76.479737|-75.217192|5.419657|16.362808|15.641441|-0.024051|nan|-87.058267
1400|-83.577225|8.385900|1747.171821|-90.476654|60.654387|14.008154|-36.000604|0.189662|-79.424552|-39.528844|-85.651138|-77.824272|-94.225511|-13.600505|9.854489|8.542720|-0.028739|nan|-88.495170
1401|-109.637496|6.093978|1651.444976|-116.746351|58.711836|11.035058|-91.009525|0.071879|-102.384666|-60.955047|-111.772338|-80.955624|-120.145945|-39.733621|-16.065945|-17.977178|-0.037099|nan|-89.981749
1402|-79.267250|4.508229|1581.523994|-85.203172|57.392554|8.946266|-60.769019|-0.079925|-77.216795|-49.186793|-81.522097|-84.027514|-89.617434|-9.776962|-16.065945|-18.115089|-0.032222|nan|-91.159312
1403|-63.301219|3.125736|1532.271002|-68.736448|55.896939|7.768128|-24.480410|-0.192877|-66.528524|-43.853648|-65.681205|-86.411929|-73.489163|5.541213|-16.065945|-18.044709|-0.029645|nan|-92.562643
1404|-54.833259|2.035559|1419.898643|nan|55.442350|6.705603|-23.904400|-0.273740|-55.408698|-26.361559|-57.303085|-88.293516|-64.849018|12.837177|-16.065945|-17.966321|-0.028265|nan|-94.257180
1405|-60.486534|1.115387|1306.979237|-66.911734|53.851297|5.360312|-43.200724|-0.339267|-58.720471|-40.532893|-62.995577|-91.672668|-70.321110|3.809028|-16.065945|-18.036451|-0.029140|nan|-95.998162
1406|-59.536538|0.578108|1195.299287|nan|52.155880|3.583838|-63.649067|-0.414100|-53.408452|-61.513449|-61.984139|-94.182918|-68.929091|0.733136|-16.065945|-18.067908|-0.028956|nan|-97.754936
1407|-57.735033|0.243677|1077.286406|nan|50.997403|1.876685|-61.921038|-0.462517|-53.152098|-53.028575|-60.125399|-96.620742|-66.673057|-1.478741|-16.065945|-18.068786|-0.028635|nan|-99.233003
1408|-47.583179|-0.028736|937.719649|-52.012017|49.743731|0.549374|-37.152622|-0.461248|-44.703605|-53.114386|-50.008714|-99.314066|-55.184883|4.503921|-16.065945|-17.891923|-0.026979|nan|-100.305303
1409|-42.626556|0.021745|791.820257|nan|48.380005|-0.763988|-31.968535|-0.454412|-37.518881|-39.714274|-45.035318|-101.577440|-50.000796|3.678149|-16.065945|-17.732172|-0.026152|nan|-101.182802
1410|-44.588957|-0.031575|678.114802|-50.014296|47.163634|-2.450365|-34.272574|-0.475352|-37.406909|-32.389042|-46.952754|-103.500632|-51.728825|-4.259739|-16.065945|-17.741524|-0.026430|nan|-101.887825
1411|-39.917624|-0.706270|541.742930|nan|46.699616|-3.398852|-44.064738|-0.490137|-36.510827|-31.580016|-42.176179|-104.675217|-46.832743|-5.046794|-16.065945|-17.728999|-0.025650|nan|-102.211922
1412|-41.570517|-1.974573|377.044658|nan|46.200051|-4.192203|-25.056419|-0.517306|-37.710533|-24.345681|-43.756190|-105.876958|-48.272767|-12.269955|-16.065945|-17.699536|-0.025883|nan|-102.353735
1413|-56.470407|-3.419393|206.909033|nan|45.643214|-5.582608|-6.048102|-0.597478|-46.478461|-25.587749|-58.707654|-107.875947|-61.041014|-32.919117|-16.065945|-17.811036|-0.028234|nan|-102.474912
1414|-44.296733|-4.340490|37.474108|nan|44.930442|-6.704458|52.128874|-0.699485|-36.254890|-16.417145|-46.647742|-109.546051|-48.656806|-26.429157|-16.065945|-17.877473|-0.026256|nan|-102.302971
1415|-39.312653|-6.169512|-108.591611|nan|44.380430|-7.469019|52.128874|-0.773080|-33.070484|-17.513360|-41.788882|-111.062128|-43.232719|-26.748384|-16.065945|-17.907927|-0.025430|nan|-102.131030
1416|-95.679949|-8.644556|-216.729269|-99.241696|42.987744|-9.253222|-23.616395|-0.867505|-81.069830|-54.848215|-98.440834|-113.624193|-99.393660|-88.884861|-16.065945|-7.996788|-0.034417|nan|-101.708883
1417|-108.276257|-11.217777|-315.100424|nan|41.148786|-11.187513|-27.648463|-0.980344|-93.294356|-59.454721|-111.452632|-117.113752|-111.777868|-107.077938|-16.065945|-14.370325|-0.036403|nan|-101.356693
1418|-65.004824|-13.259611|-397.398653|-67.234277|40.025258|-12.348665|16.992285|-1.058787|-51.806265|-30.497679|-68.604469|-120.424106|-68.289139|-69.132927|-16.065945|-14.382069|-0.029451|nan|-101.202549
1419|-50.813883|-14.912627|-440.784191|nan|37.696464|-13.128263|-9.792164|-1.093504|-39.726024|-24.946796|-54.878612|-124.620369|-53.888898|-60.250858|-16.065945|-14.356636|-0.027151|nan|-101.062896
1420|-44.097483|-16.157811|-468.215877|nan|35.387140|-13.539356|-8.064135|-1.129032|-35.134227|-31.986130|-48.684046|-128.447829|-47.616782|-58.535526|-16.065945|-14.302466|-0.026048|nan|-101.185570
1421|-46.872951|-16.989297|-502.248693|-48.445784|33.501136|-13.743409|6.336107|-1.204779|-38.127546|-34.207916|-52.043165|-131.816759|-50.288825|-66.342534|-16.065945|-14.226492|-0.026464|-129524.135381|-101.579854
1422|-70.956007|-18.321424|-485.238259|-73.473145|31.592058|-14.327245|-27.936468|-1.303026|-58.911307|-64.084286|-76.794394|-136.047597|-74.593226|-95.528568|-16.065945|-14.442078|-0.030292|-119015.273850|-102.233341
1423|-73.997695|-19.945106|-449.676867|-75.423643|28.743374|-14.987755|-41.184690|-1.396041|-64.671994|-82.254052|-80.502921|-140.373830|-77.873274|-101.896141|-16.065945|-14.421303|-0.030755|-119007.532300|-102.810238
1424|-62.626922|-21.396339|-477.176163|nan|26.742831|-15.223590|-33.120555|-1.470054|-55.871482|-74.551717|-69.771613|-143.206353|-68.593081|-94.172997|-16.065945|-14.370006|-0.028914|-117999.170111|-103.335935
1425|-31.654416|-22.187451|-506.004307|-33.100875|25.258989|-14.875863|-10.368174|-1.544761|-29.648240|-43.856179|-39.406533|-145.042705|-37.808560|-66.485358|-16.065945|-13.987785|-0.023935|-104991.507684|-103.522187
1426|3.932392|-21.954374|-507.838690|2.884861|24.207597|-14.522808|-39.168656|-1.444291|7.103719|-42.380381|-4.292717|-146.325137|-2.095961|-32.060697|-16.065945|-13.505459|-0.018218|-64490.133626|-103.517233
1427|-9.167035|-22.451460|-512.405234|-11.248481|23.167153|-14.946628|-72.577217|-1.375406|-0.575539|-63.826634|-17.780144|-147.685726|-15.056179|-46.322697|-16.065945|-13.258345|-0.020293|-47489.226377|-103.439578
1428|-14.211289|-23.701441|-540.924906|nan|22.281080|-15.326617|-96.193612|-1.317340|-8.031302|-43.279918|-23.138749|-148.902869|-19.952261|-52.668032|-16.065945|-13.044026|-0.021078|-47485.551648|-103.369758
1429|-4.863412|-25.688500|-586.772745|nan|21.765561|-15.427002|-77.185293|-1.243550|2.512858|-27.348144|-14.117469|-149.645773|-10.448101|-44.136183|-16.065945|-12.857857|-0.019557|-47482.210992|-103.325653
1430|24.637464|-26.996587|-657.220612|23.897663|20.912091|-15.733380|-66.529115|-1.173972|29.296396|-10.909215|15.200731|-149.329899|19.216396|-11.582408|-16.065945|-12.388188|-0.014808|-22490.426372|-103.300019
1431|52.995554|-27.333474|-722.768074|52.717571|20.637206|-15.059101|-63.937071|-0.949681|51.008554|8.543747|43.662090|-146.508735|47.728874|21.731699|-11.457868|-11.856489|-0.010243|-22489.674725|-103.280462
1432|66.379399|-27.572762|-783.364861|66.243412|21.672689|-14.141660|-19.872333|-0.759689|63.824461|21.865101|57.324951|-142.758633|61.265101|40.432434|-11.457868|-4.429469|-0.008076|-22489.239560|-103.291315
1433|51.828589|-28.175646|-803.744169|50.967684|23.196775|-13.957606|-18.144304|-0.739547|54.865179|22.963668|43.056082|-138.924100|46.864859|30.516992|-11.457868|-4.291017|-0.010381|9495.373187|-103.316079
1434|58.607651|-27.757499|-772.092732|58.780962|24.660762|-13.490536|-2.592043|-0.678208|57.456975|32.593642|50.129492|-135.264604|53.776975|41.956543|-11.457868|-4.032744|-0.009275|26487.186813|-103.423289
1435|37.174913|-27.669699|-747.412577|36.564751|26.432088|-13.286496|-29.376492|-0.585077|37.664938|26.112237|29.050929|-131.680908|36.144618|24.921622|-11.457868|-4.145476|-0.012686|26487.652747|-103.521814
1436|23.529769|-28.165360|-723.197187|nan|28.566536|-12.951567|-41.760700|-0.499722|23.808711|23.542884|15.757187|-127.737664|24.288391|15.911109|-11.457868|-4.238962|-0.014853|26488.538021|-103.601256
1437|44.746756|-28.038420|-723.191109|44.943294|30.306819|-12.150091|-18.432309|-0.389492|40.880428|36.557415|37.345651|-124.086955|45.600748|41.874180|-11.457868|-4.008617|-0.011441|30488.309452|-103.717170
1438|71.156914|-27.170677|-747.672089|71.753787|32.284374|-11.116082|18.432309|-0.321277|67.616232|47.800440|64.132763|-120.240098|72.097192|73.240221|-11.457868|7.838283|-0.007199|29490.560000|-103.935205
1439|27.586941|-27.182422|-743.956007|27.444310|33.875440|-11.001763|-19.872333|-0.323689|28.368463|5.509737|20.825632|-117.857774|28.608463|33.996090|-11.457868|10.154096|-0.014160|29492.530987|-104.081883
1440|13.394850|-27.277714|-712.478161|14.157813|34.945354|-11.107391|-35.712598|-0.317310|14.016227|4.981403|6.868551|-115.681546|14.496227|24.445850|-11.457868|27.832336|-0.016418|29494.553847|-104.228562
1441|-9.736833|-26.611749|-661.807914|-9.846695|36.058509|-11.455211|-53.856902|-0.289303|-5.424800|1.117332|-16.093166|-114.329308|-8.464159|5.717461|-11.457868|27.379326|-0.020105|29496.576702|-104.651902
1442|-12.145697|-25.511816|-606.430891|-11.180305|36.693659|-12.099691|-57.600965|-0.269086|-8.129159|-12.794309|-18.332641|-113.106149|-10.768198|8.600418|-11.457868|27.178461|-0.020472|29498.651430|-105.075241
1443|14.515339|-23.514272|-582.386677|15.273034|37.362747|-12.735806|-45.504763|-0.240982|18.415290|-1.965128|8.594281|-111.300114|16.016251|40.071863|-11.457868|36.834920|-0.016185|29500.570549|-105.255700
1444|12.621683|-21.780725|-602.826551|12.645301|38.194186|-14.227115|-34.848584|-0.216391|22.847582|6.922032|6.986720|-109.690357|14.288222|42.655831|-11.457868|37.892792|-0.016461|29502.126591|-105.436158
1445|17.611472|-19.586201|-599.433564|19.043809|38.567313|-15.487798|-24.480410|-0.192541|24.111348|-0.187519|12.333824|-107.899322|19.472309|52.526914|-11.457868|38.308950|-0.015631|29503.371430|-105.616616
1446|-19.482907|-17.681796|-558.671817|-18.630377|38.832234|-17.207707|-117.505969|-0.139953|-6.992309|-21.863469|-24.324462|-107.269034|-17.232309|19.974293|-11.457868|37.944803|-0.021132|29504.201319|-105.732530
1447|-21.767138|-16.342043|-569.194162|nan|38.722294|-19.019698|-131.906211|-0.058438|-9.009304|-18.161980|-26.061817|-106.694542|-19.008343|22.520255|-4.604703|29.177004|-0.021454|29504.720000|-105.856294
1448|-10.540393|-15.120513|-613.392738|nan|38.703143|-20.591763|-76.897289|-0.025928|0.510889|-11.610842|-14.173238|-105.382303|-7.488150|37.309324|-4.604703|28.255772|-0.019610|29505.031208|-106.006914
1449|-34.178730|-14.625739|-640.639226|-32.561076|38.670566|-21.974889|-85.825439|0.058273|-22.976861|-32.711844|-37.091733|-105.073784|-30.816541|16.006163|-4.604703|27.997571|-0.023342|29505.031208|-106.149668
1450|-21.249029|-13.723864|-659.077321|-18.699930|38.041179|-22.919697|-65.665101|0.084790|-11.728639|-25.429748|-23.387510|-104.504415|-17.568319|31.785162|-4.604703|23.387361|-0.021222|29504.771868|-106.191817
1451|20.185389|-12.011838|-668.556545|23.062115|39.194575|-23.345090|-26.496444|0.153180|28.271741|8.122619|19.015818|-101.199939|26.032381|74.363796|-4.604703|23.788632|-0.014540|26003.702858|-106.214161
1452|66.236737|-9.424070|-676.854452|69.320221|41.418568|-22.685859|-4.032068|0.267823|66.639237|65.060421|66.284987|-96.254130|76.001158|123.519544|-4.604703|24.564301|-0.007121|-14001.747693|-106.318043
1453|61.600895|-7.191131|-662.849277|64.116309|43.629855|-22.089819|-11.232188|0.383709|66.239806|68.907816|62.848502|-92.689657|71.681086|121.729300|6.915490|24.853989|-0.007812|-14001.575385|-106.421926
1454|77.997257|-4.659366|-681.349939|81.889620|45.450991|-21.075916|16.992285|0.484153|79.023445|69.831556|80.419813|-89.197215|88.385366|141.780204|9.448583|25.376052|-0.005139|-29503.267694|-106.500093
1455|80.870844|-2.121547|-701.723302|nan|47.174535|-19.915703|51.264859|0.604820|80.272139|75.793247|84.411938|-85.809707|91.153419|147.390538|23.848824|25.765743|-0.004632|-30003.639562|-106.555007
1456|84.646015|0.395459|-715.602341|89.421773|48.787337|-17.598706|91.009526|0.687507|74.304208|69.376641|89.273358|-82.111055|86.945487|152.760670|23.848824|26.201278|-0.003987|-30004.219781|-106.590281
1457|68.000483|2.586104|-746.618074|71.935196|50.766402|-15.369248|61.633033|0.838495|61.568892|63.511182|73.683926|-78.195531|70.049212|136.891010|23.848824|26.205927|-0.006613|-30005.010989|-106.607708
1458|72.129005|5.202835|-747.654309|77.234419|53.057462|-12.664455|61.057023|0.896258|59.647685|74.267211|78.853386|-74.077856|71.889284|142.257698|23.848824|26.489356|-0.005921|-30006.171427|-106.616413
1459|69.373178|7.439158|-687.455058|nan|55.317061|-10.251988|67.969139|0.958973|60.576281|58.705877|77.086313|-70.331876|69.297240|140.712269|23.848824|26.525637|-0.006336|-30007.806595|-106.292312
