859|nan|nan|nan|nan|nan|nan|nan|nan|nan|nan|nan|nan|nan|nan|nan|nan|nan|nan|nan
900|nan|nan|nan|nan|nan|nan|nan|nan|nan|nan|nan|nan|nan|nan|nan|nan|nan|nan|nan
901|nan|nan|nan|nan|nan|nan|nan|nan|nan|nan|nan|nan|nan|nan|nan|nan|nan|nan|nan
902|nan|nan|nan|nan|nan|nan|nan|nan|nan|nan|nan|nan|nan|nan|nan|nan|nan|nan|nan
903|nan|nan|nan|nan|nan|nan|nan|nan|nan|nan|nan|nan|nan|nan|nan|nan|nan|nan|nan
904|nan|nan|nan|nan|nan|nan|nan|nan|nan|nan|nan|nan|nan|nan|nan|nan|nan|nan|nan
905|nan|nan|nan|nan|nan|nan|nan|nan|nan|nan|nan|nan|nan|nan|nan|nan|nan|nan|nan
906|nan|nan|nan|nan|nan|nan|nan|nan|nan|nan|nan|nan|nan|nan|nan|nan|nan|nan|nan
907|nan|nan|nan|nan|nan|nan|nan|nan|nan|nan|nan|nan|nan|nan|nan|nan|nan|nan|nan
908|nan|nan|nan|nan|nan|nan|nan|nan|nan|nan|nan|nan|nan|nan|nan|nan|nan|nan|nan
909|nan|nan|nan|nan|nan|nan|nan|nan|nan|nan|nan|nan|nan|nan|nan|nan|nan|nan|nan
910|nan|nan|nan|nan|nan|nan|nan|nan|nan|nan|nan|nan|nan|nan|nan|nan|nan|nan|nan
911|nan|nan|nan|nan|nan|nan|nan|nan|nan|nan|nan|nan|nan|nan|nan|nan|nan|nan|nan
912|nan|nan|nan|nan|nan|nan|nan|nan|nan|nan|nan|nan|nan|nan|nan|nan|nan|nan|nan
913|nan|nan|nan|nan|nan|nan|nan|nan|nan|nan|nan|nan|nan|nan|nan|nan|nan|nan|nan
914|nan|nan|nan|nan|nan|nan|nan|nan|nan|nan|nan|nan|nan|nan|nan|nan|nan|nan|nan
915|nan|nan|nan|nan|nan|nan|nan|nan|nan|nan|nan|nan|nan|nan|nan|nan|nan|nan|nan
916|nan|nan|nan|nan|nan|nan|nan|nan|nan|nan|nan|nan|nan|nan|nan|nan|nan|nan|nan
917|nan|nan|nan|nan|nan|nan|nan|nan|nan|nan|nan|nan|nan|nan|nan|nan|nan|nan|nan
918|nan|nan|nan|nan|nan|nan|nan|nan|nan|nan|nan|nan|nan|nan|nan|nan|nan|nan|nan
919|nan|nan|nan|nan|nan|nan|nan|nan|nan|nan|nan|nan|nan|nan|nan|nan|nan|nan|nan
920|nan|nan|nan|nan|nan|nan|nan|nan|nan|nan|nan|nan|nan|nan|nan|nan|nan|nan|nan
921|nan|nan|nan|nan|nan|nan|nan|nan|nan|nan|nan|nan|nan|nan|nan|nan|nan|nan|nan
922|nan|nan|nan|nan|nan|nan|nan|nan|nan|nan|nan|nan|nan|nan|nan|nan|nan|nan|nan
923|nan|nan|nan|nan|nan|nan|nan|nan|nan|nan|nan|nan|nan|nan|nan|nan|nan|nan|nan
924|nan|nan|nan|nan|nan|nan|nan|nan|nan|nan|nan|nan|nan|30.960096|nan|46.716059|nan|nan|nan
925|nan|nan|nan|nan|nan|nan|nan|nan|nan|nan|nan|nan|nan|26.296595|nan|46.968526|nan|nan|nan
926|nan|nan|nan|nan|nan|nan|nan|nan|nan|nan|nan|nan|nan|21.841296|nan|47.010900|nan|nan|nan
927|nan|nan|nan|nan|nan|nan|nan|nan|nan|nan|nan|nan|nan|23.017620|nan|47.042523|nan|nan|nan
928|nan|nan|nan|nan|nan|nan|nan|nan|nan|nan|nan|nan|nan|38.171620|46.886324|47.526912|nan|nan|nan
929|nan|nan|nan|nan|nan|nan|nan|nan|nan|nan|nan|nan|nan|35.798433|46.886324|47.743824|nan|nan|nan
930|nan|nan|nan|nan|nan|nan|nan|nan|nan|nan|nan|nan|nan|38.982933|31.658654|32.829275|nan|nan|nan
931|nan|nan|nan|nan|nan|nan|nan|nan|nan|nan|nan|nan|nan|44.243996|31.658654|33.059990|nan|nan|nan
932|nan|nan|nan|nan|nan|nan|nan|nan|nan|nan|nan|nan|nan|43.344721|23.279929|24.998730|nan|nan|nan
933|nan|nan|nan|nan|44.749252|nan|nan|nan|nan|nan|nan|nan|nan|65.748735|23.279929|25.687889|nan|nan|nan
934|nan|nan|nan|nan|45.330602|nan|nan|nan|nan|nan|nan|nan|nan|68.225379|23.279929|26.043824|nan|nan|nan
935|nan|nan|nan|nan|47.794721|nan|nan|nan|nan|49.389266|nan|nan|nan|99.122307|23.279929|27.058354|nan|nan|nan
936|nan|nan|nan|nan|50.556520|nan|nan|nan|nan|51.514944|nan|nan|nan|98.879151|23.279929|27.498361|nan|nan|nan
937|nan|nan|nan|nan|52.664526|nan|nan|nan|nan|23.610005|nan|nan|nan|85.385859|23.279929|27.484420|nan|nan|nan
938|nan|nan|nan|nan|53.826941|nan|nan|nan|nan|9.525311|nan|nan|nan|77.116671|23.279929|27.423774|nan|nan|nan
939|nan|nan|nan|nan|54.578308|nan|nan|nan|nan|2.657057|nan|nan|nan|74.585755|23.279929|27.327367|nan|nan|nan
940|nan|nan|nan|nan|55.021347|nan|nan|nan|nan|10.803413|nan|nan|nan|66.120333|23.279929|27.050321|nan|nan|nan
941|nan|nan|nan|nan|55.444163|nan|nan|nan|nan|3.947196|nan|nan|nan|68.193494|23.279929|26.789310|nan|nan|nan
942|nan|nan|nan|nan|55.578076|nan|nan|nan|nan|9.356791|nan|nan|nan|77.290287|23.279929|26.851605|nan|nan|nan
943|nan|24.122702|nan|nan|55.993202|nan|nan|nan|nan|18.998194|nan|nan|nan|70.240991|23.279929|26.550301|0.008017|nan|nan
944|nan|21.717503|nan|nan|55.855841|nan|nan|nan|nan|0.305136|nan|nan|nan|60.428677|23.279929|26.276260|0.005294|nan|nan
945|nan|19.508888|nan|nan|55.794236|nan|nan|nan|nan|3.372945|nan|nan|nan|56.354871|23.279929|25.872910|0.003615|nan|nan
946|nan|17.667479|nan|nan|55.716072|nan|nan|nan|nan|6.703665|nan|nan|nan|57.060391|23.279929|25.681028|0.003703|nan|nan
947|nan|16.560335|nan|nan|55.375058|nan|nan|nan|nan|11.245089|nan|nan|nan|65.533337|23.279929|45.702202|0.005058|nan|nan
948|nan|15.563339|nan|15.348743|55.353887|nan|nan|nan|nan|12.067285|nan|nan|nan|64.280716|23.279929|49.490142|0.004653|nan|nan
949|nan|14.486507|nan|nan|55.292648|nan|nan|nan|nan|7.128343|nan|nan|nan|60.569043|23.279929|49.396564|0.003966|nan|nan
950|nan|13.155449|nan|1.770255|55.513781|nan|nan|nan|nan|7.747715|nan|nan|nan|51.085227|23.279929|48.987922|0.001121|nan|nan
951|nan|11.492395|nan|nan|55.385896|nan|nan|nan|nan|-2.500039|nan|nan|nan|42.294039|23.279929|48.645721|-0.001974|nan|nan
952|nan|9.977309|nan|nan|55.222279|nan|nan|nan|nan|0.535666|nan|nan|nan|41.280047|23.279929|48.359465|-0.002432|nan|nan
953|nan|7.845344|nan|-28.174587|55.286206|nan|-27.542451|nan|nan|-6.836023|nan|nan|nan|21.794049|23.279929|47.658755|-0.008642|nan|nan
954|nan|6.114710|nan|nan|55.156036|nan|-5.136885|nan|nan|-1.362243|nan|nan|nan|24.031882|23.279929|47.258006|-0.008237|nan|nan
955|nan|4.965007|nan|-14.776474|54.817446|nan|-2.623090|nan|nan|2.909940|nan|nan|nan|34.555653|23.279929|43.567636|-0.006566|nan|nan
956|nan|4.749082|nan|5.975269|54.593842|nan|11.694612|nan|nan|15.726991|nan|nan|nan|55.029143|23.279929|43.866722|-0.003240|nan|nan
957|nan|5.306240|nan|26.044017|54.448576|nan|32.242155|nan|nan|33.956829|nan|nan|nan|74.991401|23.279929|44.402021|-0.000056|nan|nan
958|nan|5.782157|nan|27.505701|54.097285|nan|48.089993|nan|nan|28.747263|nan|nan|nan|75.760840|23.279929|44.961638|0.000173|nan|nan
959|nan|6.711994|nan|41.700405|54.330642|19.576333|59.784606|0.870649|nan|47.384480|nan|nan|nan|90.040610|23.279929|45.687471|0.002512|nan|nan
1000|nan|7.394358|nan|35.181935|54.654125|20.083805|56.068561|-1.085099|nan|26.725594|nan|nan|nan|82.797921|23.279929|45.919156|0.001562|nan|nan
1001|nan|7.632865|nan|21.280609|54.695448|20.140077|47.106335|-1.085099|nan|36.460051|nan|-79.799293|nan|67.690266|23.279929|45.915984|-0.000619|nan|nan
1002|nan|7.838515|nan|22.218850|54.258151|20.224570|44.811131|-0.530467|nan|29.567762|nan|-79.448332|nan|66.269492|43.171699|46.037102|-0.000689|nan|nan
1003|nan|8.167616|nan|nan|54.271737|20.395197|69.184014|-0.223054|nan|14.999840|nan|-79.366750|nan|69.695584|43.359858|46.100020|0.000032|nan|nan
1004|nan|8.397631|nan|21.626505|54.569809|20.398029|66.560923|-0.045333|nan|7.971270|nan|-79.309074|nan|64.710232|43.359858|45.962889|-0.000566|nan|nan
1005|nan|8.661357|nan|24.287962|55.182283|20.479692|94.977738|0.036771|nan|14.712972|nan|-79.288332|nan|64.895328|43.359858|45.978821|-0.000355|nan|nan
1006|nan|8.563625|nan|11.465127|55.747824|20.167398|79.894968|0.060799|nan|10.243614|nan|-79.699270|nan|51.822114|43.359858|45.652580|-0.002254|nan|nan
1007|nan|8.392170|nan|5.435300|56.742094|19.694347|57.926584|0.041407|nan|14.673575|nan|-80.175052|nan|44.869444|43.359858|45.216785|-0.003168|nan|nan
1008|nan|8.399741|nan|13.780742|56.771040|19.582150|54.757016|0.061304|nan|20.545282|nan|-80.990319|nan|51.175084|42.124064|44.080170|-0.001972|nan|nan
1009|nan|8.272396|nan|9.492813|56.834840|19.275577|46.341267|0.068526|nan|16.589951|nan|-81.935576|nan|46.025083|42.124064|43.826793|-0.002570|nan|nan
1010|nan|8.286602|nan|14.332450|55.919187|19.185020|40.330017|0.077126|nan|12.606482|nan|-83.508899|nan|48.638016|42.124064|43.916432|-0.001902|nan|nan
1011|nan|8.116356|nan|7.201866|54.983869|18.847831|34.100177|0.077639|nan|-7.283390|nan|-85.148127|nan|41.086408|42.124064|43.657541|-0.002939|nan|nan
1012|nan|7.919713|nan|5.057016|53.854125|18.524365|38.362700|0.084400|nan|-1.110484|nan|-86.402798|nan|37.309159|40.086104|41.553069|-0.003449|nan|nan
1013|nan|7.985155|nan|17.388838|52.947876|18.571197|42.625222|0.099053|nan|18.270142|nan|-86.990582|nan|49.471555|38.478660|40.184007|-0.001409|nan|nan
1014|nan|8.274618|nan|29.742045|52.289408|18.884519|43.718176|0.124309|nan|20.225740|nan|-87.111041|nan|61.440179|38.478660|40.503863|0.000524|nan|nan
1030|nan|8.478373|nan|27.763526|51.677524|19.124325|36.613972|0.136415|nan|20.469174|nan|-87.025762|nan|59.276129|38.478660|40.729725|0.000208|nan|nan
1031|nan|8.624731|nan|24.139872|50.986108|19.290692|34.865246|0.145511|nan|7.435065|nan|-87.035917|nan|56.927050|38.478660|40.879498|-0.000161|nan|nan
1032|nan|8.795654|nan|nan|50.650853|19.382961|43.608880|0.151510|nan|7.259921|nan|-87.250564|nan|57.323405|38.478660|40.814222|-0.000108|nan|nan
1033|31.951561|8.696433|nan|10.790752|49.974580|19.165496|27.433155|0.146511|nan|-0.030140|nan|-87.648960|nan|44.156970|38.478660|40.581751|-0.002305|nan|nan
1034|27.158926|8.505108|nan|6.916576|49.354928|18.920778|17.924452|0.141403|nan|-17.635427|nan|-87.880547|nan|39.501523|31.229840|33.280313|-0.003148|nan|nan
1035|43.868696|8.606813|nan|22.685540|48.427670|19.122861|24.591474|0.147111|nan|-0.362091|nan|-87.501942|nan|56.743943|22.514861|24.961509|-0.000530|nan|nan
1036|44.874859|7.754892|nan|22.448015|47.819056|19.242624|15.738543|0.154914|nan|3.314852|nan|-87.121311|nan|57.766638|22.514861|25.088147|-0.000425|nan|nan
1037|65.081751|7.584787|nan|43.139713|47.650748|19.886486|34.209473|0.180372|nan|17.428760|nan|-86.432610|nan|78.005747|22.514861|25.771991|0.002755|nan|nan
1038|47.725083|7.178587|nan|25.003511|47.930188|20.267897|-2.623090|0.193834|nan|16.563689|nan|-86.181865|nan|60.442543|22.514861|25.652187|-0.000091|nan|nan
1039|36.768906|6.757809|nan|15.012015|47.935145|20.121926|-11.257430|0.219854|nan|13.753651|nan|-86.115074|nan|49.255614|22.514861|25.521484|-0.001883|nan|nan
1040|47.017797|6.726347|nan|24.399037|47.436949|20.376221|9.180817|0.227703|nan|24.608831|nan|-85.501237|nan|59.371999|22.514861|25.691508|-0.000266|nan|nan
1041|64.212754|6.980044|nan|41.446884|47.104996|21.100260|46.778449|0.240866|nan|37.013034|nan|-84.170030|nan|76.773999|22.514861|26.094406|0.002456|nan|nan
1042|88.621547|7.575538|nan|65.282264|47.468164|22.385200|90.605921|0.265771|nan|44.551987|nan|-82.150504|nan|101.924823|22.514861|26.982119|0.006319|nan|nan
1043|127.977678|8.963261|nan|104.179776|49.131995|24.213241|130.935938|0.303371|nan|72.129441|nan|-78.527368|nan|143.196195|22.514861|28.237998|0.012568|nan|-76.974395
1044|126.210506|10.404326|nan|nan|50.750196|25.988499|143.177027|0.315414|nan|76.902399|nan|-75.089246|nan|143.453660|22.514861|29.305039|0.012197|nan|-77.007538
1045|132.331996|12.020499|nan|106.776427|52.986199|27.653060|142.849141|0.465589|nan|84.758577|nan|-71.806499|nan|151.629302|22.514861|29.904263|0.013090|nan|-77.033023
1046|124.483608|13.500438|nan|99.473518|54.774542|29.068716|120.880758|0.485357|nan|67.568654|105.456681|-69.387635|nan|145.849759|22.514861|30.438694|0.011736|nan|-77.063448
1047|119.130847|14.741714|nan|92.434971|56.484276|30.277823|114.541622|0.495679|nan|63.290098|100.112482|-67.700406|nan|142.629465|22.514861|30.608500|0.010787|nan|-77.109298
1048|114.062270|15.890092|nan|88.010421|58.133256|31.056379|113.448668|0.505523|nan|35.739131|95.143965|-66.198389|nan|139.782513|22.514861|30.799193|0.009890|nan|-77.155148
1049|111.491669|17.013629|nan|84.952183|59.243015|31.759361|106.672350|0.511702|nan|32.450171|92.982554|-65.172286|nan|139.503616|22.514861|31.003944|0.009397|nan|-77.195368
1050|114.206526|18.282732|nan|nan|60.179024|31.987867|110.279099|0.529371|nan|26.855463|95.986867|-63.901756|nan|145.142361|22.514861|41.719176|0.009763|nan|-77.236651
1051|111.101246|19.662538|2161.342365|83.752740|61.055960|32.217166|94.977738|0.550494|67.967397|34.697548|93.780041|-62.346707|102.693830|144.852085|22.514861|49.742752|0.009200|nan|-77.277935
1052|107.781079|20.932362|2279.869097|79.745443|61.909087|32.659211|85.578330|0.581669|57.771354|33.866394|91.573032|-60.882337|94.417785|144.570491|22.514861|49.871680|0.008602|nan|-77.337720
1053|115.398808|22.602976|2403.263264|87.245458|62.957897|33.400361|100.223919|0.608011|62.745179|47.133463|99.964360|-59.348808|100.991284|155.087347|22.514861|50.022363|0.010105|nan|-77.387204
1054|115.158950|24.203156|2511.331052|86.598019|63.752117|34.210130|95.852102|0.638449|60.649409|50.966542|100.652792|-57.743807|100.255512|157.516342|22.514861|50.188254|0.011617|nan|-77.428059
1055|125.223456|25.818168|2607.972572|95.921118|64.978491|35.404457|109.623327|0.670855|65.546765|60.061633|111.495836|-55.906519|108.273511|169.935509|22.514861|50.517906|0.016344|nan|-77.464866
1056|124.160502|26.975851|2694.112403|nan|66.191872|36.503810|101.644759|0.705306|65.296628|58.898162|111.395282|-53.783346|106.743374|170.951142|22.514861|74.708870|0.016095|nan|-77.497134
1057|104.601426|27.399397|2773.611845|73.894691|67.148413|36.928337|78.474127|0.722269|56.496204|53.706277|92.760843|-52.067739|86.742309|153.572514|22.514861|88.565804|0.012888|nan|-77.521240
1058|77.258972|27.352621|2853.730947|46.033747|67.985151|36.910916|63.391356|0.723608|29.775481|35.670271|66.038373|-51.324689|58.741267|128.393909|22.514861|78.673916|0.008440|nan|-77.526218
1059|82.158064|27.212619|2927.223757|51.022812|68.294940|37.331105|79.894967|0.721512|29.455953|31.007263|71.492178|-50.349954|62.982380|135.732459|22.514861|70.912342|0.009156|nan|-77.539074
1100|74.259450|26.883500|2994.065394|42.209881|68.932236|37.576401|69.621195|0.722436|23.951111|38.276954|64.041254|-49.721652|52.035926|130.039529|22.514861|70.319356|0.007824|nan|-77.548056
1101|50.810277|26.391171|3068.630473|18.386293|68.949575|37.320756|43.499585|0.716452|6.925024|25.375631|41.033286|-49.573132|28.209520|108.614690|22.514861|55.761704|0.004009|nan|-77.557627
1102|44.699063|25.906695|3140.290223|nan|69.086775|36.855808|37.379040|0.711416|5.677882|27.477394|35.431254|-49.493798|21.761089|104.316954|22.514861|48.563341|0.002977|nan|-77.561083
1103|53.763575|25.518271|3222.586853|21.287616|69.272384|36.725016|32.460746|0.714349|8.979587|41.367784|45.097012|-49.516114|30.504725|115.124327|22.514861|48.215612|0.004375|nan|-77.575054
1104|51.336757|25.071612|3301.275607|17.642693|69.243613|36.633950|24.482179|0.717061|7.047201|25.228655|43.240500|-49.952019|27.772339|114.673070|22.514861|45.194052|0.003938|nan|-77.608975
1105|54.486968|24.714378|3353.405332|21.701791|69.218224|36.819909|43.608881|0.714145|4.929206|29.233763|46.818582|-50.242968|27.654020|119.721632|33.170633|43.516842|0.004391|nan|-77.633497
1106|50.211405|24.419664|3369.725677|16.807941|69.043400|37.146538|39.674245|0.708893|-0.780878|27.294503|42.993530|-50.577418|22.423612|116.366081|31.503612|36.495819|0.003656|nan|-77.636472
1107|47.026866|24.141628|3390.740126|12.369094|68.751060|37.376770|55.959265|0.689720|-1.236726|19.894832|40.106252|-51.005315|18.446157|112.407028|31.503612|36.252189|0.003097|nan|-77.626460
1108|37.729108|23.699458|3400.722604|nan|68.827008|37.718765|28.635406|0.675546|-13.733121|18.193631|31.226041|-51.295472|2.268159|100.387228|31.503612|35.851856|0.001559|nan|-77.585573
1109|26.234438|23.080627|3382.105702|-8.773887|69.551759|37.732777|5.683363|0.633178|-18.496069|32.209252|20.143634|-51.753612|-9.535749|85.494714|31.503612|35.180019|-0.001791|nan|-77.539065
1110|20.834557|22.434968|3355.780664|-14.933857|70.861274|37.465577|10.055180|0.604458|-17.619432|26.406323|14.985814|-52.793400|-15.219112|76.261987|31.503612|34.457916|-0.003682|nan|-77.464888
1111|18.134399|21.838349|3339.956216|nan|71.784031|36.853839|24.044997|0.605195|-15.770089|10.662994|12.428560|-53.908241|-18.170089|69.972757|31.503612|33.858945|-0.004706|nan|-77.397821
1112|15.505482|21.319946|3321.448384|-20.658870|72.620324|35.909575|45.248313|0.551542|-13.812090|13.743079|9.671559|-55.641517|-21.011770|63.570601|31.503612|33.363236|-0.005694|nan|-77.328008
1113|7.697489|20.475521|3306.253247|-28.611376|72.603999|34.794386|76.178923|0.514201|-17.070017|3.367758|1.595769|-57.071911|-28.990337|52.142669|31.503612|32.800201|-0.008329|nan|-77.243987
1114|10.778285|19.518298|3286.274665|-24.549232|72.680454|33.587571|76.834695|0.497593|-11.559040|20.760903|4.389361|-58.093761|-26.039360|51.644282|31.503612|32.498936|-0.007857|nan|-77.159965
1115|24.552877|18.863909|3262.591355|-10.878962|72.841907|32.846482|96.070693|0.426455|-5.737750|32.973175|17.931113|-59.000378|-12.377430|61.773232|31.503612|32.559542|-0.005673|nan|-77.064966
1116|24.759881|18.236243|3264.628818|-11.895489|73.386037|32.283494|87.764239|0.406886|-4.987815|35.265462|17.848657|-60.381003|-12.268135|58.009648|31.503612|32.440537|-0.005655|nan|-76.969966
1117|19.808495|17.511258|3231.926362|-16.935434|73.416103|31.604239|76.834695|0.380398|-5.054767|30.201076|12.509023|-62.568166|-17.295725|48.724460|31.503612|32.182652|-0.006458|nan|-75.672011
1118|20.853994|17.101525|3201.031513|-14.386842|71.695020|30.944743|72.244287|0.353383|-5.191108|19.762346|13.026871|-65.783266|-14.952066|44.978364|31.503612|32.127037|-0.006301|nan|-74.298149
1119|24.732811|16.931992|3173.821809|nan|70.292613|30.420385|73.009354|0.328126|-2.645449|8.835693|16.273990|-68.789756|-8.086726|43.964653|31.503612|32.076221|-0.005690|nan|-73.099161
1120|34.396980|16.748141|3142.201280|-0.830321|68.450110|30.096662|84.922557|0.295165|7.292868|10.745358|25.337632|-71.649393|4.731273|49.556208|31.503612|32.183599|-0.004152|nan|-71.998410
1121|30.833902|16.404042|3085.210055|-6.086895|67.151229|29.850289|77.818353|0.267388|2.086437|19.678663|20.833143|-74.330110|-1.195477|41.754169|31.503612|35.830343|-0.004729|nan|-71.517601
1122|24.317558|15.696646|3034.846201|-12.563475|65.973927|29.540952|67.544582|0.239794|-4.471925|11.967442|13.317370|-77.023970|-9.833203|31.026153|31.503612|42.229749|-0.005777|nan|-72.086754
1123|27.737523|15.294200|2997.306884|nan|64.665194|29.234602|78.146240|0.215213|2.835276|2.419784|15.691120|-79.460264|-6.445044|31.019023|31.503612|49.098643|-0.005236|nan|-72.538693
1124|23.611485|15.025753|2954.485532|-13.490871|63.808663|28.869165|73.337241|0.180117|-3.636675|-5.027081|10.383413|-81.904201|-10.598271|23.059792|31.503612|48.921854|-0.005900|nan|-72.948257
1125|19.579923|14.580516|2908.270144|-17.519300|63.073914|28.325434|78.911309|0.139336|-2.000924|10.797194|5.059413|-84.520106|-14.642202|14.549143|31.503612|48.627803|-0.006546|nan|-73.291874
1126|22.869030|13.931178|2841.960907|nan|62.244984|28.020157|80.660035|0.106154|-5.043019|0.414994|6.940386|-86.953049|-11.363339|14.361288|31.503612|48.553334|-0.006022|nan|-73.648345
1127|23.311139|12.890766|2778.795117|nan|61.659403|27.782854|61.096152|0.088054|-3.165837|-13.049997|5.951827|-89.264357|-10.926157|11.188895|31.503612|48.497408|-0.005952|nan|-74.086011
1128|26.911443|11.231369|2696.118110|nan|60.843911|27.400594|36.941859|0.077929|4.601550|-9.768248|8.235803|-91.654090|-7.319408|10.900354|31.503612|48.456628|-0.005376|nan|-74.361633
1129|22.626066|9.569346|2613.215071|-14.346879|60.463159|26.697237|37.160450|0.061992|4.259348|-3.257531|2.504664|-94.137504|-11.581930|2.171114|31.503612|48.274313|-0.006057|nan|-74.560339
1330|52.983193|8.386389|2541.856350|16.193609|59.644262|26.710992|59.238128|0.034020|28.162841|12.786450|31.491925|-96.054888|18.802202|30.049285|31.503612|53.831380|-0.001200|nan|-74.515559
1331|58.536462|7.401063|2485.618794|22.480322|57.811301|26.998428|40.985790|0.031252|27.256270|-1.374101|35.793169|-97.774517|24.376270|33.926111|31.503612|35.369528|-0.000309|nan|-74.483940
1332|69.125898|6.620782|2430.423963|nan|56.471729|27.404533|45.139017|0.158179|35.377609|8.408949|45.300102|-98.658738|35.857928|43.560791|31.503612|35.922638|0.001386|nan|-74.464093
1333|68.730953|5.967753|2382.129823|32.797656|55.647249|27.979864|53.226880|0.216891|32.001516|14.663994|43.697669|-98.807384|35.202155|42.438040|31.503612|36.341324|0.001281|nan|-74.475873
1334|54.768057|5.119857|2336.946368|17.746964|55.368512|28.254339|36.286087|0.230762|23.153109|7.215891|28.505122|-99.490814|20.993748|27.594913|31.503612|36.342367|-0.000990|nan|-74.486100
1335|46.352672|4.088961|2284.732363|nan|55.192697|28.043362|30.493428|0.229966|22.278768|-21.602515|18.869536|-100.215667|12.359408|19.557730|31.503612|36.171039|-0.002371|nan|-74.521779
1336|35.511934|2.972256|2245.882384|-2.224164|55.464780|27.580639|14.864180|0.223711|10.840248|-21.314432|6.821772|-100.602162|2.840568|8.991046|34.796270|35.867105|-0.004135|nan|-74.543187
1337|30.201000|1.894913|2213.877365|nan|56.131568|26.652185|5.901953|0.225876|14.815796|-14.518697|0.317073|-100.953594|-1.504204|3.748430|34.796270|35.463194|-0.005009|nan|-74.564594
1338|3.765522|0.185378|2220.320237|-33.805750|56.539332|25.378375|-30.274837|0.184983|-12.462036|-25.652489|-27.468344|-102.300149|-28.062996|-22.576842|34.796270|34.524436|-0.010647|nan|-74.578802
1339|-16.242793|-1.772035|2232.569052|-54.047824|56.524591|23.908636|-62.189106|0.159937|-28.811438|-54.717810|-48.869328|-104.141329|-48.173357|-42.159102|34.796270|33.486729|-0.017143|nan|-74.578802
1340|-27.005635|-4.022416|2247.121481|-64.885473|56.494455|22.059918|-78.692717|0.139877|-31.790409|-39.060272|-60.982651|-106.346467|-58.993605|-52.587315|34.796270|32.384018|-0.020694|nan|-74.710685
1341|-21.533368|-6.115118|2263.247374|-58.824182|56.248156|20.220003|-76.178922|0.103575|-26.886595|-22.883462|-56.811111|-108.230349|-53.528833|-46.288776|20.871167|17.933866|-0.019822|nan|-75.415289
1342|-34.833875|-8.237229|2268.570067|-72.502758|55.931246|17.599309|-92.245352|0.085091|-24.830384|-29.383344|-71.299884|-110.371139|-66.753582|-58.473091|20.871167|16.943144|-0.023374|nan|-76.486672
1343|-39.700535|-9.836454|2276.116752|-76.424776|55.278645|14.346146|-104.923623|0.036049|-22.249769|-28.799854|-77.307534|-112.410825|-69.613286|-62.055991|17.064361|12.409006|-0.024989|nan|-77.655073
1344|-28.480331|-11.194538|2281.973645|-64.944065|54.368168|11.459159|-90.496624|-0.021598|-11.334067|-19.482165|-67.104306|-113.789111|-55.097264|-49.758067|17.064361|12.049851|-0.023156|nan|-78.841386
1345|-19.950918|-12.338037|2283.498843|-56.087449|53.200163|8.741000|-67.981764|-0.017262|-6.881138|-9.985048|-59.450607|-114.774986|-46.244334|-40.841942|17.064361|11.982517|-0.021743|nan|-79.865263
1346|-11.923114|-12.923257|2277.779841|-47.989999|52.161174|6.397053|-59.456720|-0.053796|1.053973|-2.269299|-52.085181|-115.489943|-37.828585|-32.640413|17.064361|12.143911|-0.020399|nan|-80.680224
1347|-12.363000|-13.413362|2247.555410|nan|51.110687|4.117756|-64.484310|-0.080407|0.573973|-6.527632|-52.948038|-116.137229|-37.828585|-33.916983|17.064361|12.174355|-0.020402|nan|-81.487100
1348|-7.378760|-13.896134|2194.315617|-42.204793|50.229181|2.103227|-58.035879|-0.103372|5.478745|-22.060480|-48.111682|-116.416898|-32.363813|-30.037191|17.064361|12.409849|-0.019530|nan|-82.249954
1349|-2.771879|-14.257386|2125.041887|-38.344013|49.872682|0.180265|-49.073653|-0.123886|14.215631|-16.005006|-43.517042|-116.665794|-23.306927|-26.397457|17.064361|12.495022|-0.018710|nan|-82.965895
1350|-1.141689|-14.601536|2020.019148|nan|49.605191|-1.673606|-37.269745|-0.140212|13.760901|-31.221018|-41.918720|-117.249479|-17.441018|-25.444792|17.064361|12.769469|-0.018361|nan|-83.672121
1351|3.184924|-14.756259|1907.935330|nan|49.191004|-3.386327|-35.958200|-0.152884|20.199516|-29.780664|-37.528162|-117.686967|-4.922723|-21.680657|17.064361|13.034657|-0.017576|nan|-84.162768
1352|-0.515442|-14.976135|1792.370963|-34.301196|48.717806|-5.144455|-45.576199|-0.168040|20.579562|-35.312155|-41.088708|-118.071151|-2.862996|-25.953913|17.064361|13.135629|-0.018068|nan|-84.624268
1353|9.183731|-14.847080|1692.881520|-22.959182|48.458969|-6.733907|-31.804973|-0.184775|27.761990|-31.900027|-31.166739|-118.206888|7.520071|-16.314447|17.064361|13.568681|-0.016407|nan|-85.076207
1354|-0.080709|-14.809081|1617.012316|-32.016416|48.371646|-8.635993|-44.483244|-0.199301|26.037586|-34.981482|-40.164653|-118.690385|-1.004973|-25.877210|17.064361|13.486753|-0.017774|nan|-85.575082
1355|-2.525627|-14.682698|1540.234263|nan|48.265365|-10.710878|-50.166607|-0.207940|26.719111|-35.014393|-42.283563|-119.406662|-2.644405|-29.293197|17.064361|13.465100|-0.018040|nan|-85.965694
1356|-9.842513|-14.673196|1464.606261|-40.617288|47.967412|-12.910737|-53.336175|-0.224036|20.191953|-27.957122|-49.216815|-120.200194|-9.092836|-37.564676|17.064361|13.336937|-0.019077|nan|-86.323224
1357|-5.824249|-14.514130|1398.173962|-34.249925|47.706659|-14.675803|-47.980698|-0.238650|16.950248|-10.784282|-44.729518|-120.635841|-2.894541|-35.069967|17.064361|13.280945|-0.018293|nan|-86.540175
1358|-14.950006|-14.427249|1332.589789|-43.870394|47.648533|-16.208116|-52.571107|-0.252903|6.753729|-9.000270|-53.389292|-121.379749|-14.211699|-45.520775|17.064361|18.567962|-0.019611|nan|-86.952201
1359|-8.382115|-14.172107|1285.651511|nan|47.557294|-17.655249|-49.292244|-0.263339|18.214478|-6.531505|-46.243693|-121.823794|-6.670314|-40.337615|17.064361|21.347427|-0.018406|nan|-87.450892
1400|-25.899841|-14.491696|1241.316691|-52.291362|46.829246|-19.373694|-35.411723|-0.267021|1.631508|-14.067258|-63.195949|-122.593500|-24.053925|-59.032785|17.064361|23.320679|-0.021057|nan|-88.066631
1401|-22.013363|-14.706093|1200.185608|-46.567133|46.382322|-20.501875|-24.919360|-0.274961|-1.370835|-11.409912|-58.839324|-123.306190|-24.415630|-56.358336|17.064361|28.559081|-0.020273|nan|-88.624148
1402|-28.853857|-15.035142|1154.215472|-53.638395|46.084301|-21.690507|-20.110361|-0.422132|-5.323172|-20.300088|-65.394101|-124.206201|-31.728289|-64.456933|17.064361|28.134553|-0.021207|nan|-89.234906
1403|-10.136884|-14.931041|1103.076710|-33.008156|45.507225|-22.424128|-0.983659|-0.496447|8.616748|-9.617481|-46.420261|-124.732256|-11.945814|-47.262574|17.064361|35.806144|-0.018035|nan|-89.639153
1404|-11.334013|-15.050488|1051.995257|-33.692471|44.869480|-23.222116|-15.301361|-0.530932|10.347454|-20.037910|-47.250070|-125.148928|-12.055109|-50.016819|17.064361|35.831754|-0.018055|nan|-90.022440
1405|-10.374965|-15.271499|1009.755464|-30.933062|44.069408|-23.958366|-21.859088|-0.556637|10.183107|-23.817209|-45.937321|-126.388887|-9.978496|-50.206463|17.064361|33.858103|-0.017723|nan|-90.592286
1406|-9.339868|-15.456483|945.339014|-28.448081|44.264905|-24.577345|-30.712019|-0.569769|12.369656|-39.461873|-44.653873|-127.736223|-7.792587|-50.299374|17.064361|34.098988|-0.017373|nan|-91.163919
1407|-11.610543|-15.568117|876.198832|-30.805594|44.424445|-25.209327|-37.269746|-0.578444|9.115741|-43.824009|-46.721250|-129.416999|-10.485542|-54.144919|17.064361|34.188229|-0.017550|nan|-91.997398
1408|-16.753591|-15.771724|790.709516|-34.689609|44.782878|-25.791087|-67.763174|-0.572617|2.621426|-58.859241|-51.523520|-131.093157|-18.100178|-59.563808|17.064361|34.157972|-0.018183|nan|-92.677865
1409|-2.990901|-15.632765|712.981105|-18.837248|44.367266|-25.745359|-72.900059|-0.548236|4.714260|-55.265778|-37.165460|-131.933115|-8.806702|-45.531377|17.064361|34.650120|-0.015780|nan|-93.082002
1410|2.582006|-15.406975|628.724197|-12.912728|44.299338|-25.565659|-76.943990|-0.521704|8.771218|-45.935679|-30.793208|-132.332492|-5.550385|-39.383498|17.064361|34.929092|-0.014693|nan|-93.548007
1411|8.174287|-15.083258|580.195295|-5.288510|43.780543|-25.123109|-64.702900|-0.494050|8.747215|-38.772082|-24.257822|-132.213032|-0.214067|-32.345975|17.064361|35.499797|-0.013606|nan|-94.101514
1412|2.963845|-14.921924|537.345181|-9.902022|43.510081|-24.840624|-81.971581|-0.460435|5.903604|-37.705612|-28.404915|-132.084658|-5.857999|-35.566349|17.064361|35.676226|-0.014256|nan|-94.959379
1413|3.356028|-14.785264|479.304947|-7.522966|43.268953|-24.352448|-85.141149|-0.426256|0.873740|-25.976752|-26.792884|-131.162158|-7.527863|-32.445424|22.658030|36.004151|-0.014011|nan|-96.232566
1414|9.132699|-14.521062|423.045111|-0.636387|43.444427|-23.762894|-66.779514|-0.397417|5.438712|-16.440261|-19.731689|-129.509503|-0.642250|-24.099623|25.628607|36.446522|-0.012905|nan|-97.385382
1415|9.448624|-14.808434|344.674483|-0.347163|44.025195|-23.460567|-56.505743|-0.376440|10.780194|-7.714217|-18.115242|-127.536838|0.778591|-21.349198|28.162003|36.665355|-0.012678|nan|-98.584346
1416|9.880662|-15.030722|281.353090|nan|45.085341|-23.150046|-46.559858|-0.358204|8.390330|1.190394|-16.465302|-125.771067|2.308727|-18.525004|33.626775|36.860849|-0.012433|nan|-99.650032
1417|2.237355|-15.627505|245.890856|-5.375872|46.219512|-22.933884|-53.117584|-0.339342|-0.087396|-12.013410|-22.826608|-123.848674|-6.728999|-23.888672|33.626775|36.881952|-0.013486|nan|-100.700848
1418|0.500976|-16.195386|206.985452|nan|47.481232|-22.747304|-48.308585|-0.326540|-0.342529|-8.116424|-23.302890|-121.835950|-7.384772|-23.443299|38.741504|36.920441|-0.013593|nan|-101.674985
1419|3.684221|-16.443469|157.348758|nan|48.728231|-22.555775|-38.909177|-0.311956|2.239033|13.535852|-18.839670|-120.061464|-3.442250|-18.554631|38.741504|36.972055|-0.012908|nan|-102.587092
1420|3.914515|-16.519794|77.954126|nan|49.740560|-22.505102|-35.411723|-0.297378|4.510578|1.177922|-17.317148|-118.573643|-2.130705|-15.938368|38.741504|39.165103|-0.012698|nan|-103.612658
1421|14.204553|-16.176045|-41.278075|11.763837|50.049136|-22.098420|-19.126702|-0.281765|9.156342|8.896259|-5.734774|-117.046270|8.196021|-2.895689|38.741504|38.715006|-0.010872|-105131.422415|-104.553311
1422|13.566002|-15.781585|-151.005651|11.643702|51.309106|-21.708666|-21.749793|-0.261906|11.274165|3.879112|-5.109805|-115.548506|6.553203|-0.987290|38.741504|38.716568|-0.010802|-89687.156040|-105.516876
1423|-13.852243|-15.463302|-265.513256|-15.050833|52.241969|-21.923507|-37.706927|-0.270541|-9.546035|-10.702395|-31.391290|-114.971771|-19.786998|-26.097544|38.741504|38.425846|-0.015033|-73744.073842|-106.875810
1424|-13.839425|-14.707047|-369.639598|nan|52.901046|-22.029095|-45.139017|-0.271189|-10.773081|-13.370913|-30.189530|-114.473720|-18.774044|-23.496865|38.741504|38.217964|-0.014858|-73745.244829|-108.185615
1425|-1.565186|-13.550238|-474.897520|0.227475|53.180420|-21.662262|-33.444405|-0.261549|-5.920964|-9.311111|-16.639195|-113.690313|-7.520000|-8.555095|38.741504|38.538784|-0.012715|-73746.415829|-109.530865
1426|-8.199711|-12.621860|-575.177398|-6.229985|53.740098|-21.567973|-45.466903|-0.260355|-5.814067|-20.733591|-22.001769|-113.192706|-13.094067|-12.521437|38.741504|38.499526|-0.013610|-73747.456707|-110.906284
1427|-7.177799|-11.480773|-667.913243|-2.817933|53.982800|-21.384651|-38.471995|-0.249997|-5.898418|-21.762931|-19.690427|-112.548763|-11.017454|-8.937099|38.741504|38.641029|-0.013276|-73747.847036|-112.057765
1428|-16.096562|-10.421294|-761.366843|-11.719829|54.632863|-21.506360|-54.538425|-0.246631|-10.245763|-26.651249|-27.342356|-112.334370|-18.886726|-15.257644|38.741504|38.460503|-0.012796|-73747.456707|-112.830022
1429|-30.028678|-9.798844|-838.682660|nan|54.434239|-21.754555|-59.893902|-0.293534|-25.463267|-33.848290|-39.972552|-112.206666|-31.783588|-26.621672|38.741504|38.338281|-0.013528|-73746.155610|-113.749816
1430|-27.685113|-9.251724|-911.465631|-21.526380|54.638270|-22.491835|-73.009354|-0.294880|-14.234466|-24.842095|-36.267486|-111.917015|-28.395429|-21.324827|38.741504|38.109198|-0.012641|-29398.130987|-114.535103
1431|-41.220061|-9.090804|-1020.100227|-33.954233|54.543809|-23.559815|-80.550739|-0.307613|-19.013824|-21.951776|-48.386760|-111.770288|-40.855109|-32.304166|38.741504|37.799362|-0.014642|0.000000|-115.168779
1432|-25.488410|-8.609915|-1126.906737|-15.870866|54.297809|-24.382757|-69.511901|-0.318719|-6.183291|-14.836188|-31.091053|-111.289342|-24.023612|-14.226433|38.741504|37.891656|-0.011939|0.000000|-115.533715
1433|-26.391902|-8.288391|-1230.340301|-15.661491|54.008841|-25.130525|-49.510835|-0.286727|-7.885342|-26.879069|-30.375805|-110.629076|-23.805021|-12.678271|38.741504|38.143102|-0.011904|0.000000|-115.987329
1434|-29.382602|-8.172963|-1338.601702|-18.762839|53.938149|-25.787785|-51.478152|-0.280982|-9.341759|-21.286982|-31.750523|-110.268929|-25.663043|-13.937892|38.741504|38.054343|-0.012203|0.000000|-116.404157
1435|-34.665395|-8.082734|-1423.623175|-22.621820|54.433071|-26.409292|-53.554766|-0.277249|-13.414985|-2.267238|-35.315890|-109.589593|-29.656270|-17.987002|40.047450|37.854757|-0.012870|7970.672527|-116.879321
1436|-42.131280|-8.196625|-1487.566659|-29.291216|55.031228|-26.982678|-57.707992|-0.278247|-19.913159|-4.707563|-40.988141|-109.245547|-35.995405|-24.243073|40.047450|39.571832|-0.013890|14944.035166|-117.376966
1437|-38.970738|-8.170297|-1570.184532|-23.703245|55.349874|-27.307499|-54.538425|-0.266305|-19.491598|4.050927|-35.906045|-108.607499|-31.732883|-20.295590|40.047450|39.533329|-0.013206|21916.487032|-117.788389
1438|-38.504298|-8.274746|-1640.912527|-22.168760|55.641227|-27.093017|-56.942925|-0.248002|-27.401463|-4.790776|-33.539975|-108.523978|-33.402747|-18.943892|40.047450|39.686866|-0.012960|54787.639562|-118.068155
1439|-40.401372|-8.334364|-1699.290444|-24.395464|56.159740|-26.664024|-42.843813|-0.245811|-28.194865|-8.202864|-33.714753|-108.443963|-38.197111|-20.671567|40.047450|39.527041|-0.013102|85661.594720|-118.214398
1440|-39.506752|-8.242800|-1732.689372|-21.177631|56.821189|-25.945734|-34.209473|-0.249662|-32.017483|-3.850755|-31.227982|-108.371452|-40.259088|-19.473688|40.047450|39.585892|-0.012804|56771.298462|-118.268237
1441|-46.440446|-8.172843|-1774.112258|-28.212444|57.741179|-25.518619|-33.444404|-0.261878|-30.028090|-13.981359|-36.789629|-108.449367|-46.270337|-26.289620|40.047450|39.353307|-0.013772|56766.688348|-118.369991
1442|-53.298987|-8.268700|-1814.415558|-34.547413|57.826795|-24.942233|-43.499586|-0.277121|-43.799660|-12.600942|-42.383687|-108.648418|-55.721587|-32.938887|40.047450|39.203536|-0.014739|56761.978023|-118.529117
1443|-57.241500|-8.304679|-1862.515041|-37.395357|58.061614|-24.424358|-45.139017|-0.295658|-43.048585|-5.709487|-45.327754|-108.824985|-58.891154|-36.975554|40.047450|38.812529|-0.015250|56757.067249|-118.656841
1444|-58.165773|-8.455604|-1912.108369|-36.603617|58.351787|-24.003791|-38.471995|-0.314949|-43.587497|-12.079594|-45.561991|-109.397306|-59.109745|-38.033696|40.047450|38.699267|-0.015287|55258.678683|-118.798356
1445|-56.309499|-8.318239|-1953.200984|-35.433058|58.427506|-23.717103|-34.537359|-0.333425|-37.233381|-19.955570|-43.215784|-110.072608|-56.595950|-36.530879|40.047450|38.496589|-0.014884|55253.701976|-119.063739
1446|-43.476933|-7.929831|-1981.408401|-20.619902|58.880966|-23.204744|-19.563884|-0.340788|-25.870044|-14.399976|-29.958699|-110.507030|-43.152611|-24.265753|40.047450|38.688009|-0.012725|42307.358244|-119.108814
1447|-49.400887|-7.662293|-1996.130163|-27.486389|58.903374|-22.830310|-31.477087|-0.350728|-31.705840|-14.670469|-35.565228|-110.895344|-48.508088|-31.450262|40.047450|38.723441|-0.010758|32349.428571|-119.027263
1448|-50.811809|-7.629628|-2002.982736|-27.888349|59.241604|-22.601490|-33.007223|-0.366076|-29.060523|-7.707867|-36.782398|-111.359032|-49.382451|-33.453658|40.047450|45.985227|-0.010899|32346.228569|-119.018662
1449|-52.071859|-7.682151|-2013.013180|-27.626397|59.359047|-22.394153|-29.509769|-0.381633|-34.465912|-26.839337|-37.907764|-112.025968|-50.147519|-35.347758|40.047450|46.111634|-0.011023|24879.340660|-119.045955
1450|-44.775596|-7.590589|-2026.119038|nan|59.360272|-22.086450|-20.438248|-0.389046|-25.024975|-19.079361|-30.458326|-112.492355|-42.387543|-28.941768|40.047450|46.249244|-0.009776|24876.967032|-119.061623
1451|-43.131231|-7.499507|-2033.913546|nan|59.304949|-21.821018|-6.994908|-0.402917|-23.029002|-9.193240|-28.693217|-112.937783|-40.310929|-28.302741|42.048312|46.393978|-0.009443|14427.213188|-119.014141
1452|-49.212026|-7.536005|-2044.755230|-24.818649|59.299907|-21.650709|-12.241089|-0.420823|-28.791723|-17.280339|-34.656508|-113.340668|-45.834292|-35.201470|42.048312|46.388716|-0.010358|10446.276923|-118.935286
1453|-39.525951|-7.289373|-2068.213880|-13.879738|58.948016|-21.364564|-28.526110|-0.412056|-18.337827|-15.224112|-24.720038|-113.472584|-33.779112|-26.159004|42.048312|46.727898|-0.008741|-4973.951648|-118.849813
1454|-22.793940|-6.930476|-2078.479632|3.666011|58.470074|-20.609995|-10.383067|-0.397477|-9.288059|-5.449649|-7.707912|-113.306396|-15.369023|-9.092404|42.048312|47.178254|-0.005999|-33322.648792|-118.802944
1455|-38.042503|-7.075506|-2088.844828|-12.247927|58.826716|-20.264354|-12.022498|-0.404366|-17.940891|-15.251910|-22.817287|-113.593163|-30.342498|-24.799368|42.048312|47.094729|-0.008408|-33319.939338|-118.711005
1456|-45.267253|-7.326757|-2101.714274|-19.701043|59.648859|-19.916610|-24.591474|-0.404051|-26.696121|-17.555042|-29.993331|-114.419151|-37.577407|-32.027766|42.048312|47.056736|-0.009534|-33317.465495|-118.644350
1457|-61.978815|-7.886336|-2118.041124|-35.825822|59.011234|-20.080044|-39.018472|-0.422816|-36.958126|-36.773183|-46.779700|-115.648505|-54.081018|-48.515611|42.048312|46.593216|-0.012191|-33315.050547|-118.549633
1458|-77.908680|-8.629482|-2136.234796|-51.445739|58.566261|-20.492032|-62.626288|-0.436722|-50.535386|-34.578190|-62.762743|-116.556467|-72.219562|-64.331920|42.048312|45.146335|-0.016998|-33312.458901|-118.824861
1459|-82.659489|-9.505138|-2147.131078|-55.474938|57.053798|-20.928841|-80.113558|-0.405847|-59.127077|-33.439581|-67.602981|-117.570543|-76.809970|-68.547879|12.900030|9.038801|-0.018511|-33309.867255|-119.072255
