859|nan|nan|nan|nan|nan|nan|nan|nan|nan|nan|nan|nan|nan|nan|nan|nan|nan|nan|nan
900|nan|nan|nan|nan|nan|nan|nan|nan|nan|nan|nan|nan|nan|nan|nan|nan|nan|nan|nan
901|nan|nan|nan|nan|nan|nan|nan|nan|nan|nan|nan|nan|nan|nan|nan|nan|nan|nan|nan
902|nan|nan|nan|nan|nan|nan|nan|nan|nan|nan|nan|nan|nan|nan|nan|nan|nan|nan|nan
903|nan|nan|nan|nan|nan|nan|nan|nan|nan|nan|nan|nan|nan|nan|nan|nan|nan|nan|nan
904|nan|nan|nan|nan|nan|nan|nan|nan|nan|nan|nan|nan|nan|nan|nan|nan|nan|nan|nan
905|nan|nan|nan|nan|nan|nan|nan|nan|nan|nan|nan|nan|nan|nan|nan|nan|nan|nan|nan
906|nan|nan|nan|nan|nan|nan|nan|nan|nan|nan|nan|nan|nan|nan|nan|nan|nan|nan|nan
907|nan|nan|nan|nan|nan|nan|nan|nan|nan|nan|nan|nan|nan|nan|nan|nan|nan|nan|nan
908|nan|nan|nan|nan|nan|nan|nan|nan|nan|nan|nan|nan|nan|nan|nan|nan|nan|nan|nan
909|nan|nan|nan|nan|nan|nan|nan|nan|nan|nan|nan|nan|nan|nan|nan|nan|nan|nan|nan
910|nan|nan|nan|nan|nan|nan|nan|nan|nan|nan|nan|nan|nan|nan|nan|nan|nan|nan|nan
911|nan|nan|nan|nan|nan|nan|nan|nan|nan|nan|nan|nan|nan|nan|nan|nan|nan|nan|nan
912|nan|nan|nan|nan|nan|nan|nan|nan|nan|nan|nan|nan|nan|nan|nan|nan|nan|nan|nan
913|nan|nan|nan|nan|nan|nan|nan|nan|nan|nan|nan|nan|nan|nan|nan|nan|nan|nan|nan
914|nan|nan|nan|nan|nan|nan|nan|nan|nan|nan|nan|nan|nan|nan|nan|nan|nan|nan|nan
915|nan|nan|nan|nan|nan|nan|nan|nan|nan|nan|nan|nan|nan|nan|nan|nan|nan|nan|nan
916|nan|nan|nan|nan|nan|nan|nan|nan|nan|nan|nan|nan|nan|nan|nan|nan|nan|nan|nan
917|nan|nan|nan|nan|nan|nan|nan|nan|nan|nan|nan|nan|nan|nan|nan|nan|nan|nan|nan
918|nan|nan|nan|nan|nan|nan|nan|nan|nan|nan|nan|nan|nan|nan|nan|nan|nan|nan|nan
919|nan|nan|nan|nan|nan|nan|nan|nan|nan|nan|nan|nan|nan|nan|nan|nan|nan|nan|nan
920|nan|nan|nan|nan|nan|nan|nan|nan|nan|nan|nan|nan|nan|nan|nan|nan|nan|nan|nan
921|nan|nan|nan|nan|nan|nan|nan|nan|nan|nan|nan|nan|nan|nan|nan|nan|nan|nan|nan
922|nan|nan|nan|nan|nan|nan|nan|nan|nan|nan|nan|nan|nan|nan|nan|nan|nan|nan|nan
923|nan|nan|nan|nan|nan|nan|nan|nan|nan|nan|nan|nan|nan|nan|nan|nan|nan|nan|nan
924|nan|nan|nan|nan|nan|nan|nan|nan|nan|nan|nan|nan|nan|-32.147566|nan|54.899971|nan|nan|nan
925|nan|nan|nan|nan|nan|nan|nan|nan|nan|nan|nan|nan|nan|-28.593906|nan|55.431242|nan|nan|nan
926|nan|nan|nan|nan|nan|nan|nan|nan|nan|nan|nan|nan|nan|-25.527653|nan|56.265413|nan|nan|nan
927|nan|nan|nan|nan|nan|nan|nan|nan|nan|nan|nan|nan|nan|-28.068071|nan|56.403219|nan|nan|nan
928|nan|nan|nan|nan|nan|nan|nan|nan|nan|nan|nan|nan|nan|-25.770165|64.854772|56.918565|nan|nan|nan
929|nan|nan|nan|nan|nan|nan|nan|nan|nan|nan|nan|nan|nan|-20.052146|64.854772|57.568850|nan|nan|nan
930|nan|nan|nan|nan|nan|nan|nan|nan|nan|nan|nan|nan|nan|-19.196973|64.854772|58.009143|nan|nan|nan
931|nan|nan|nan|nan|nan|nan|nan|nan|nan|nan|nan|nan|nan|-18.569272|64.854772|58.434053|nan|nan|nan
932|nan|nan|nan|nan|nan|nan|nan|nan|nan|nan|nan|nan|nan|-10.512125|55.399097|49.847784|nan|nan|nan
933|nan|nan|nan|nan|65.617357|nan|nan|nan|nan|nan|nan|nan|nan|-4.672125|51.283216|46.630508|nan|nan|nan
934|nan|nan|nan|nan|62.223323|nan|nan|nan|nan|nan|nan|nan|nan|7.131922|31.509324|28.382777|nan|nan|nan
935|nan|nan|nan|nan|59.907502|nan|nan|nan|nan|-6.233282|nan|nan|nan|7.170421|31.509324|29.304117|nan|nan|nan
936|nan|nan|nan|nan|59.251351|nan|nan|nan|nan|-10.645702|nan|nan|nan|2.320151|31.509324|29.434456|nan|nan|nan
937|nan|nan|nan|nan|57.828474|nan|nan|nan|nan|-20.542960|nan|nan|nan|4.768958|31.509324|29.868506|nan|nan|nan
938|nan|nan|nan|nan|57.398739|nan|nan|nan|nan|-18.791958|nan|nan|nan|3.599998|31.509324|29.919252|nan|nan|nan
939|nan|nan|nan|nan|56.302915|nan|nan|nan|nan|-32.525797|nan|nan|nan|6.456752|31.509324|30.285399|nan|nan|nan
940|nan|nan|nan|nan|54.194572|nan|nan|nan|nan|-30.721015|nan|nan|nan|15.715514|21.968354|21.660282|nan|nan|nan
941|nan|nan|nan|nan|52.124741|nan|nan|nan|nan|-28.966877|nan|nan|nan|20.923576|19.150578|19.869185|nan|nan|nan
942|nan|nan|nan|nan|51.070234|nan|nan|nan|nan|-29.409604|nan|nan|nan|28.707925|19.150578|21.124122|nan|nan|nan
943|nan|8.066985|nan|nan|50.638095|nan|nan|nan|nan|-24.195502|nan|nan|nan|25.114562|19.150578|21.619416|0.002033|nan|nan
944|nan|7.139821|nan|nan|49.473142|nan|nan|nan|nan|-23.961035|nan|nan|nan|29.647643|19.150578|22.592440|0.002535|nan|nan
945|nan|6.389772|nan|nan|49.028428|nan|nan|nan|nan|-25.796479|nan|nan|nan|26.585225|19.150578|22.850165|0.001941|nan|nan
946|nan|5.301244|nan|nan|48.405351|nan|nan|nan|nan|-31.584890|nan|nan|nan|21.623157|19.150578|23.007683|0.001018|nan|nan
947|nan|4.475922|nan|nan|47.909286|nan|nan|nan|nan|-19.335302|nan|nan|nan|23.593436|19.150578|23.085068|0.001220|nan|nan
948|nan|3.718630|nan|18.860181|47.134230|nan|nan|nan|nan|-24.811361|nan|nan|nan|28.038246|19.150578|23.406641|0.001641|nan|nan
949|nan|2.886550|nan|23.462172|46.166756|nan|nan|nan|nan|-27.250852|nan|nan|nan|34.595956|19.150578|24.222828|0.002411|nan|nan
950|nan|2.192373|nan|27.689330|45.558373|nan|nan|nan|nan|-18.404179|nan|nan|nan|39.906114|19.150578|24.954142|0.003023|nan|nan
951|nan|1.479494|nan|32.312288|45.123402|nan|nan|nan|nan|-6.312143|nan|nan|nan|46.795716|19.150578|26.072050|0.003848|nan|nan
952|nan|1.005458|nan|42.970669|45.417709|nan|nan|nan|nan|8.055926|nan|nan|nan|59.442725|19.150578|27.478682|0.005569|nan|nan
953|nan|0.321559|nan|44.225198|45.421186|nan|25.940897|nan|nan|-8.155539|nan|nan|nan|62.983414|19.150578|28.940335|0.005745|nan|nan
954|nan|-0.354655|nan|41.375834|45.477997|nan|26.848360|nan|nan|4.793696|nan|nan|nan|62.964649|19.150578|29.812279|0.005429|nan|nan
955|nan|-1.063422|nan|35.179751|45.551151|nan|22.623968|nan|nan|-6.201860|nan|nan|nan|58.390423|19.150578|30.059458|0.004375|nan|nan
956|nan|-1.780108|nan|41.168777|45.327480|nan|30.290457|nan|nan|-15.351970|nan|nan|nan|66.221079|19.150578|35.362154|0.005279|nan|nan
957|nan|-2.485354|nan|nan|45.292741|nan|30.290457|nan|nan|-17.817498|nan|nan|nan|71.342698|19.150578|36.264506|0.005803|nan|nan
958|nan|-3.063779|nan|53.600401|45.492094|nan|41.336460|nan|nan|-12.411792|nan|nan|nan|82.373752|19.150578|37.739099|0.007281|nan|nan
959|nan|-3.562621|nan|67.873600|45.617266|19.057127|60.768664|0.451315|nan|2.925683|nan|nan|nan|98.761984|19.150578|39.950892|0.009587|nan|nan
1000|nan|-4.222837|nan|nan|45.584633|21.061837|61.175458|0.440170|nan|0.848080|nan|nan|nan|100.839866|19.150578|41.481540|0.009582|nan|nan
1001|nan|-4.930381|nan|62.580624|45.646342|22.590368|55.793270|0.410548|nan|-0.854626|nan|-79.498255|nan|98.124937|19.150578|42.308210|0.008785|nan|nan
1002|nan|-5.688085|nan|60.616004|45.235681|23.923009|60.142829|0.395081|nan|-11.098688|nan|-78.234702|nan|97.765600|19.150578|43.036783|0.008362|nan|nan
1003|nan|-6.426668|nan|64.426182|45.025712|25.346102|68.529029|0.385806|nan|3.902585|nan|-76.950697|nan|103.933359|19.150578|43.987806|0.009003|nan|nan
1004|nan|-7.162162|nan|66.078340|44.930767|26.617457|79.637617|0.383010|nan|-4.922553|nan|-75.777291|nan|107.618561|19.150578|52.773916|0.009235|nan|nan
1005|nan|-8.005818|nan|62.398895|44.608407|27.692554|74.599638|0.381628|nan|-16.387151|nan|-74.707391|nan|106.085302|19.150578|57.794890|0.008635|nan|nan
1006|nan|-8.766118|nan|66.960444|44.621007|28.888087|73.316674|0.384624|nan|-4.839241|nan|-73.535676|nan|112.716712|19.150578|63.775302|0.009391|nan|nan
1007|nan|-9.659132|nan|58.481331|44.961734|29.463554|66.150853|0.379275|nan|-1.909118|nan|-72.803711|nan|106.186509|19.150578|63.514107|0.008083|nan|nan
1008|nan|-10.466260|nan|56.798586|45.225325|30.020839|62.020337|0.371320|nan|0.170431|nan|-72.160615|nan|105.791778|19.150578|63.506216|0.007747|nan|nan
1009|nan|-11.166229|nan|66.757981|46.288939|31.084814|73.879927|0.370715|nan|6.176274|nan|-71.498371|nan|117.626918|19.150578|64.465495|0.009355|nan|nan
1010|nan|-12.068398|nan|59.379410|47.247381|31.512855|74.818680|0.361944|nan|11.029380|nan|-70.925233|nan|111.958257|19.150578|64.168845|0.008200|nan|nan
1011|nan|-12.923548|nan|49.324918|47.534065|31.571863|69.154865|0.350690|nan|2.349441|nan|-70.430755|nan|104.158889|23.312387|69.467177|0.006669|nan|nan
1012|nan|-13.875584|nan|38.182142|47.987138|31.214073|64.085595|0.336647|nan|8.825715|nan|-70.235846|nan|94.304454|23.312387|73.891722|0.004824|nan|nan
1013|nan|-14.748884|nan|30.246833|48.128128|30.452635|51.443710|0.321326|nan|14.378878|nan|-70.161116|nan|87.855024|23.312387|71.525867|0.003533|nan|nan
1014|nan|-15.493146|nan|29.016118|48.352687|29.913420|52.914424|0.308531|nan|20.384884|nan|-70.145721|nan|87.979514|23.312387|62.057423|0.003271|nan|nan
1030|nan|-16.327344|nan|21.953771|49.218974|29.027806|42.494257|0.294864|nan|27.869849|nan|-70.487689|nan|82.666898|23.312387|60.472819|0.002187|nan|nan
1031|nan|-16.973132|nan|21.220671|49.983916|28.342152|35.703937|0.283191|nan|29.272804|nan|-70.917345|nan|83.102138|23.312387|55.094896|0.002011|nan|nan
1032|nan|-17.654181|nan|16.628195|50.328101|27.562352|33.294469|0.272258|nan|23.338011|nan|-71.564019|nan|80.316994|23.312387|53.986481|0.002230|nan|nan
1033|102.063488|-18.257968|nan|12.423168|50.369695|26.697462|31.667296|0.261664|nan|27.121391|nan|-72.125012|nan|76.859710|23.312387|52.789497|0.002305|nan|nan
1034|93.022459|-18.871071|nan|2.803647|50.879210|25.497377|26.285107|0.249692|nan|42.122109|nan|-72.986860|nan|67.201644|31.446520|50.766175|0.000684|nan|nan
1035|89.885756|-19.347268|nan|nan|50.891158|24.339309|26.097357|0.238198|nan|29.730370|nan|-73.798681|nan|63.494221|34.712949|45.310788|0.000048|nan|nan
1036|86.961887|-20.540100|nan|-5.250256|51.010098|23.173135|27.630654|0.227043|nan|32.669764|nan|-74.497268|nan|59.814664|33.526636|42.688195|-0.000508|nan|nan
1037|88.876536|-21.527237|nan|-3.087527|50.997998|22.304440|39.521536|0.216922|nan|33.485343|nan|-75.169823|nan|60.442230|31.818205|40.211054|-0.000308|nan|nan
1038|88.182231|-22.542117|nan|-5.401311|51.366094|22.135273|39.239910|0.207024|nan|27.320191|nan|-75.920325|nan|58.151584|31.818205|39.357471|-0.000156|nan|nan
1039|87.366540|-23.383663|nan|-6.506249|52.191422|21.903501|35.891688|0.194748|nan|36.394805|nan|-76.795816|nan|54.781644|31.818205|38.447699|-0.000069|nan|nan
1040|90.523803|-24.063133|nan|-3.198449|52.864873|21.908022|31.917630|0.185684|nan|34.596021|nan|-77.673365|nan|55.231656|31.818205|38.120191|0.000336|nan|nan
1041|91.234300|-24.713675|nan|nan|53.493212|21.909647|37.644029|0.177546|nan|36.656354|nan|-78.650551|nan|53.290259|31.818205|37.789806|0.000355|nan|nan
1042|96.580669|-25.210273|nan|1.446828|53.235712|22.233540|45.560853|0.171995|nan|29.738156|nan|-79.763646|nan|56.058047|31.818205|37.922623|0.001099|nan|nan
1043|102.105218|-25.668977|nan|6.363016|53.147522|22.706343|59.516993|0.170198|nan|28.643029|nan|-80.733623|nan|58.500575|31.818205|38.261812|0.001863|nan|-76.968617
1044|101.645563|-25.998403|nan|4.073294|53.266030|22.990059|72.628254|0.159148|nan|23.063870|nan|-81.649133|nan|54.545317|31.818205|38.296639|0.001673|nan|-77.168063
1045|105.016926|-26.247676|nan|8.141035|53.268844|23.350728|75.256765|0.153064|nan|24.524831|nan|-82.296974|nan|54.700529|31.818205|38.401019|0.002092|nan|-77.331680
1046|109.429874|-26.308821|nan|11.323034|53.129314|23.919999|73.973802|0.160538|nan|24.985398|29.773464|-82.981156|nan|56.119920|31.818205|38.866182|0.002671|nan|-77.432385
1047|108.215879|-26.450938|nan|8.898093|53.285367|24.125054|69.436492|0.157640|nan|28.751598|26.659728|-83.785239|nan|51.557608|31.818205|38.684558|0.002361|nan|-77.563469
1048|106.344888|-26.479213|nan|5.907848|53.150391|24.202042|70.907206|0.171291|nan|16.001281|22.094728|-84.878546|nan|46.988986|31.818205|38.461440|0.001956|nan|-77.720251
1049|108.818544|-26.363452|nan|8.894978|52.443326|24.194814|74.286720|0.153139|nan|12.419702|22.214378|-86.237608|nan|46.452033|31.818205|38.362398|0.002261|nan|-77.805441
1050|111.076446|-26.249356|nan|9.558787|51.790554|24.220934|72.346629|0.098428|nan|22.399932|22.239682|-87.497870|nan|45.395961|31.818205|38.207593|0.002540|nan|-77.861734
1051|108.557823|-26.090172|2221.242432|6.582286|50.766431|24.227817|74.067677|0.058707|-10.179986|11.932457|17.739727|-88.660539|-0.660304|40.470413|30.336619|36.375635|0.002061|nan|-77.944129
1052|111.870633|-25.913794|2194.105950|10.455836|49.542272|24.374726|68.810656|0.061790|-5.973705|15.325129|19.881061|-89.659785|2.187250|41.319508|17.799558|23.801135|0.002514|nan|-78.035996
1053|110.375961|-25.710248|2171.631486|7.837835|48.654553|24.393588|64.805306|0.057051|-5.994436|14.685038|17.115960|-90.794653|0.247158|37.227112|17.799558|23.393175|0.002205|nan|-78.150095
1054|109.001078|-25.495666|2155.000352|nan|47.564937|24.356935|73.066340|0.065469|-2.256792|-2.253343|13.683066|-91.992734|-1.536474|33.445022|17.799558|23.008336|0.001921|nan|-78.285325
1055|109.759540|-25.242929|2136.177279|nan|46.454462|24.251832|66.307312|0.060660|6.228406|5.519323|12.818359|-93.055740|-1.129681|31.314895|17.799558|22.799955|0.001985|nan|-78.411249
1056|114.287621|-24.787515|2114.353383|11.355819|44.930750|24.256902|61.018999|0.062863|12.693120|-3.595860|16.085534|-94.113030|3.094712|33.851026|11.014712|16.100866|0.002658|nan|-78.490618
1057|126.096651|-24.285542|2095.890853|22.616973|43.787752|24.702722|61.050291|0.068597|18.125951|-12.175969|27.337321|-94.648043|14.610092|43.556341|11.014712|17.184580|0.004491|nan|-78.478419
1058|126.832851|-23.935368|2080.409972|nan|42.988682|25.079009|53.446385|0.075141|15.604034|-7.186270|28.067269|-95.136437|15.048177|42.245841|11.014712|17.804169|0.004560|nan|-78.466219
1059|125.657759|-23.549160|2061.523903|21.157108|42.093481|25.248849|50.379788|0.078203|25.283649|-13.885640|26.619813|-95.944905|13.608754|39.344465|11.014712|18.053913|0.004330|nan|-78.477104
1100|122.151590|-23.207995|2046.883612|nan|41.175227|25.307313|39.865746|0.081132|18.248953|-41.683423|23.116816|-96.660228|9.853739|34.650863|11.014712|18.011829|0.003731|nan|-78.480228
1101|111.870649|-22.956958|2029.946048|7.143640|40.873675|24.977546|28.287782|0.079722|18.247477|-28.698142|12.695786|-97.392903|1.770988|23.331745|11.014712|17.126922|0.002063|nan|-78.571565
1102|100.517043|-22.620446|2010.619532|-4.327462|41.255343|24.188579|13.142554|0.077091|16.445943|-21.210617|1.168229|-98.088781|-9.713100|11.363044|11.014712|15.594187|-0.000296|nan|-78.835673
1103|99.305469|-22.125485|1992.364639|-5.114239|41.383134|23.524223|7.635198|0.074337|15.242022|-18.239330|0.019335|-98.613279|-6.116064|9.792135|11.014712|14.650519|-0.000783|nan|-79.115083
1104|100.274220|-21.701515|1979.977251|-3.802890|41.782836|22.848481|-1.533298|0.073472|24.371748|-8.753240|1.304694|-99.076896|4.213982|10.797228|11.014712|13.870426|-0.000628|nan|-79.400951
1105|103.504557|-21.106678|1982.597383|-0.873315|41.867661|22.320579|-2.221717|0.073263|25.977707|-17.734155|5.138553|-99.311179|13.179620|14.343007|11.014712|13.535019|-0.000105|nan|-79.642198
1106|102.031457|-20.558025|1985.679477|-3.270356|42.349505|21.651430|-7.134529|0.073303|35.272479|5.512442|4.370012|-99.569830|14.074073|13.072435|11.014712|13.089372|-0.000319|nan|-79.893370
1107|105.250193|-19.994900|1986.864996|1.085051|42.486338|21.054731|-2.472052|0.074204|40.923286|13.242605|8.328329|-99.654219|17.484878|17.154828|11.014712|13.178279|0.000223|nan|-80.091173
1108|104.702844|-19.377328|1983.585509|nan|43.104881|20.373809|-4.130517|0.075716|48.482615|22.602646|8.619297|-99.658935|20.483252|17.208316|11.014712|13.068270|0.000178|nan|-80.094078
1109|104.069482|-18.652528|1968.298050|nan|43.704996|19.724628|-5.851566|0.079601|45.689379|28.233569|9.038377|-99.437422|20.170334|17.223170|11.014712|12.958044|0.000129|nan|-80.107861
1110|106.541355|-17.990370|1940.209788|3.440113|44.072016|19.343714|-0.500669|0.083191|40.265323|34.296998|12.591080|-99.076521|23.386596|20.247459|11.014712|13.156645|0.000577|nan|-80.112962
1111|112.015563|-17.196039|1911.390078|9.091752|43.791832|19.166065|5.476064|0.091508|51.876571|17.290624|19.324976|-98.510282|29.398161|26.226945|11.014712|30.179086|0.001507|nan|-80.126851
1112|115.644293|-16.312379|1884.526224|nan|43.694409|18.940351|14.175183|0.097222|57.752257|12.566505|24.119587|-97.913596|37.594803|30.124401|11.014712|33.781670|0.002149|nan|-80.138003
1113|114.433776|-15.495658|1861.958029|nan|43.422954|18.494690|18.211825|0.099187|69.241254|-1.373936|24.030244|-97.334141|45.083800|29.591355|11.014712|34.168925|0.002030|nan|-80.157516
1114|126.011625|-14.371049|1838.765908|24.362597|42.710700|18.399416|29.101368|0.105241|81.317659|-4.736799|37.025752|-96.452479|59.242432|42.548193|11.014712|34.592633|0.003950|nan|-80.225664
1115|130.328555|-13.493620|1819.723226|28.403379|42.302350|18.254488|36.580108|0.109072|85.527888|3.904910|42.808262|-95.541280|72.332661|47.907001|11.014712|35.692021|0.004720|nan|-80.295961
1116|132.760189|-12.512075|1840.726062|32.303922|41.756196|18.288982|43.182676|0.101604|79.779334|-9.581321|46.717961|-94.603125|80.665381|51.834480|11.014712|36.936401|0.005191|nan|-80.380616
1117|156.959069|-11.319814|1858.148598|56.839319|42.040292|19.461188|65.931811|0.109823|77.664429|-2.430393|72.797929|-93.170115|105.354607|78.474194|11.014712|40.125455|0.009112|nan|-80.427248
1118|154.473724|-10.603873|1876.154702|54.664166|42.710261|19.978637|61.394501|0.098268|92.622702|-5.161238|72.217936|-91.971218|103.351932|78.120724|11.014712|41.718763|0.008791|nan|-80.473880
1119|142.127766|-9.998146|1898.277660|42.539088|42.978564|19.971595|51.443710|0.114320|85.483749|-25.123001|61.743054|-91.096962|91.492342|68.089826|11.014712|42.508372|0.006905|nan|-80.515538
1120|142.195505|-9.297231|1928.320005|42.700806|43.403919|19.890470|53.759303|0.167315|88.127322|-19.110944|63.649886|-90.287522|104.775594|70.456130|11.014712|42.968589|0.006992|nan|-80.557669
1121|134.790520|-8.791650|1955.377157|nan|44.169617|19.438523|43.871095|0.203026|89.004086|-17.966535|57.436230|-89.762853|98.451399|65.377490|11.014712|43.012235|0.005898|nan|-80.585531
1122|118.276163|-8.485614|1989.708213|20.547317|44.688015|18.328343|30.759834|0.196080|79.050046|-21.222970|41.973231|-89.590226|93.532584|50.532844|11.014712|41.653074|0.003366|nan|-80.566691
1123|115.151000|-8.090745|2028.825466|18.930199|45.161638|17.278544|26.285107|0.196435|78.674775|-6.251289|40.044230|-89.389089|102.037949|49.223062|11.014712|40.598928|0.002963|nan|-80.547850
1124|117.292134|-7.773171|2071.675235|21.718568|45.765797|16.170763|27.286445|0.181687|93.139109|10.720859|43.514978|-89.140970|104.822919|53.361089|11.014712|39.795495|0.003405|nan|-80.516440
1125|116.153705|-7.488630|2134.019354|nan|46.306843|15.177546|27.223861|0.182905|80.749414|10.102450|43.797612|-88.940756|104.353542|54.321692|11.014712|39.043547|0.003330|nan|-80.490747
1126|118.361947|-7.262381|2189.736900|23.518579|47.033743|14.616947|34.327099|0.178116|71.305390|13.558049|47.657105|-88.594832|109.872387|58.656158|27.291997|38.956095|0.003785|nan|-80.491625
1127|115.442794|-7.212002|2222.669623|20.186366|48.126671|14.123992|43.589470|0.170426|65.051095|26.924595|46.094035|-88.423435|103.859378|57.778664|29.282432|38.619461|0.003427|nan|-80.514948
1128|113.263041|-7.222214|2257.753263|nan|48.775800|13.726663|42.494257|0.163518|53.358439|7.245916|45.274603|-88.240718|90.966080|57.212212|29.282432|38.246031|0.003183|nan|-80.538271
1129|108.867240|-7.364091|2292.014765|nan|49.385069|13.286762|37.299818|0.159151|55.523423|9.564556|42.499259|-88.118644|87.211064|54.269758|29.282432|49.004562|0.002587|nan|-80.556608
1330|103.956302|-7.595831|2307.195394|10.653608|50.192540|12.831367|29.257828|0.155582|44.197407|8.612654|39.152211|-88.098974|75.724089|50.491725|29.282432|48.438676|0.001908|nan|-80.567189
1331|108.890675|-7.667950|2321.899057|17.231316|51.179771|12.717273|24.313724|0.157176|45.974461|9.905799|45.779788|-88.042106|81.262736|56.099695|29.282432|52.879192|0.002784|nan|-80.580396
1332|94.886956|-8.119265|2337.488472|3.526244|52.133950|11.921757|-0.563252|0.157556|46.745396|-2.743971|33.176591|-88.627010|63.789848|42.511845|29.282432|51.460453|0.000663|nan|-80.582499
1333|76.855163|-8.530571|2343.556939|-13.923760|53.046149|10.655870|-19.275745|0.159599|37.557456|-12.458275|16.070902|-89.642725|40.520319|24.925091|29.282432|49.350433|-0.003038|nan|-80.576154
1334|73.692627|-8.798761|2348.390801|-15.550368|53.713475|9.709446|-20.809043|0.160988|22.893794|-11.901296|13.828459|-90.628844|26.016975|22.680268|29.282432|47.802371|-0.003988|nan|-80.569809
1335|76.693410|-9.120012|2343.168687|-12.425159|54.217819|9.168539|-13.830973|0.160840|17.785910|-7.940099|17.692757|-91.356534|26.269407|27.101791|29.282432|47.019248|-0.003403|nan|-80.566325
1336|78.989104|-9.462034|2341.209696|-8.856605|54.264419|8.861650|-12.172508|0.160560|13.670879|3.704808|21.108546|-91.700833|23.353419|30.622891|29.282432|46.535166|-0.002927|nan|-80.553420
1337|73.008229|-9.830674|2331.473909|-15.017403|54.343143|8.280491|-13.987433|0.162270|19.166419|18.974267|16.327228|-91.869591|18.127689|25.384150|29.282432|45.521154|-0.003956|nan|-80.532680
1338|73.190287|-10.137476|2321.081613|-13.494211|54.348136|7.991551|-13.299013|0.161025|9.095513|29.120760|17.786008|-91.992031|14.777735|26.628983|29.282432|45.182154|-0.003802|nan|-80.508502
1339|72.319525|-10.464765|2323.023982|-14.705731|54.486965|7.716922|-13.674514|0.161288|6.795785|29.484422|18.091162|-92.153962|8.715152|26.248234|29.282432|44.759011|-0.003911|nan|-80.456230
1340|78.436680|-10.626738|2309.170398|-6.857897|54.447773|7.893755|-3.911474|0.156179|5.980663|35.004867|25.402484|-92.248805|15.661930|32.599504|29.282432|45.352077|-0.002812|nan|-80.407014
1341|88.965625|-10.759994|2273.291349|4.520034|54.061906|8.453742|13.299012|0.151773|7.899269|42.960246|37.124486|-92.020535|25.820851|43.071666|29.282432|46.424157|-0.001014|nan|-80.149669
1342|103.114575|-10.711176|2229.090952|19.500221|53.628861|9.501731|32.324424|0.116833|13.450566|32.104261|52.676198|-91.496506|40.809621|56.653180|29.282432|41.406856|0.001357|nan|-80.148126
1343|103.157438|-10.842811|2184.727886|20.049804|52.985874|10.184875|32.480883|0.041829|23.077398|35.423136|54.161365|-90.966664|41.717083|55.372516|29.282432|42.383851|0.001501|nan|-80.439683
1344|101.281781|-10.886189|2138.295989|19.909294|51.938155|10.836080|43.558177|0.066705|17.275114|22.833640|53.517681|-90.493323|39.515745|53.214825|32.319223|37.678673|0.001342|nan|-80.917404
1345|97.288081|-10.958844|2074.258048|15.548125|51.292990|11.247218|45.310519|0.107469|16.817542|18.858436|50.668630|-90.188010|35.937858|48.656237|32.319223|38.136038|0.000852|nan|-81.420175
1346|96.948318|-10.955373|2010.144141|nan|51.370000|11.539778|48.877783|0.123164|21.971771|17.040233|51.259083|-90.023034|36.532402|47.877037|32.319223|38.424432|0.000946|nan|-81.871895
1347|97.484818|-10.888209|1948.695095|18.562093|51.144749|11.939494|75.037723|0.111926|12.319319|0.590765|52.314010|-89.956534|33.923116|47.974006|26.938768|33.504673|0.001178|nan|-82.335428
1348|89.591211|-10.827833|1901.986430|11.138359|51.409391|11.921361|66.088270|0.101865|14.174440|-7.748282|44.803797|-90.043804|24.896338|39.696962|26.938768|33.017572|0.000080|nan|-82.915022
1349|87.362703|-10.657871|1861.441693|nan|51.704718|11.897970|52.945716|0.095357|12.091476|-11.297814|42.714083|-90.456976|23.613374|36.953297|26.938768|32.719022|-0.000123|nan|-83.517887
1350|88.198780|-10.478234|1833.731287|12.096335|51.559381|11.915649|55.292600|0.088817|10.594792|-10.089588|43.627685|-90.919160|24.357006|37.276229|26.938768|32.571277|0.000159|nan|-84.062738
1351|86.113377|-10.345477|1796.793874|10.072939|51.596776|11.889331|47.281901|0.090585|8.989870|-3.377117|41.601334|-91.445405|20.190502|34.645546|26.938768|32.235374|-0.000019|nan|-84.656400
1352|85.547833|-10.148532|1742.791871|11.670349|50.997682|11.871673|31.729879|0.089898|10.916031|9.394381|40.837617|-92.555704|20.597295|33.541310|26.938768|32.064177|0.000045|nan|-85.148112
1353|82.723470|-10.075451|1685.419465|nan|50.023685|11.842324|27.349028|0.089846|4.829815|-12.865930|37.801192|-93.605043|17.871079|30.769778|26.938768|31.869806|-0.000247|nan|-85.631344
1354|81.399034|-9.987034|1634.160131|8.296090|49.318893|11.772801|29.789789|0.089916|6.245922|-1.232408|36.287415|-94.293505|16.886870|29.371992|26.938768|31.505787|-0.000301|nan|-86.235622
1355|85.251732|-9.800653|1587.331116|13.902978|48.302889|11.944609|34.139348|0.090410|6.103594|1.501162|40.034525|-94.844964|21.705806|33.586631|26.749284|31.439472|0.000460|nan|-86.724941
1356|83.941243|-9.663342|1528.515549|13.072820|47.609218|11.904101|36.673983|0.113699|13.121280|3.927793|38.498325|-95.197961|21.361596|32.996171|26.749284|31.172477|0.000406|nan|-87.105533
1357|82.883773|-9.614075|1467.101456|13.591839|46.436422|11.778965|34.358391|0.113530|22.815214|10.956743|37.556555|-95.153935|21.299013|32.505847|26.342491|30.812490|0.000396|nan|-87.390055
1358|81.859828|-9.631406|1411.891572|nan|45.363732|11.625714|32.825093|0.112338|20.573304|-1.239392|36.749292|-95.080321|21.299013|32.519100|26.342491|30.796150|0.000396|nan|-87.620098
1359|81.460823|-9.594200|1350.373044|14.235015|44.038320|11.598824|29.695912|0.112213|15.118824|-17.636177|36.633837|-95.102671|21.924848|33.150385|18.686753|23.382635|0.000495|nan|-87.825108
1400|85.670429|-9.644198|1298.533202|19.272344|42.704168|11.903881|30.634667|0.114647|10.984243|-18.262545|41.322639|-95.030638|27.150578|38.300740|18.686753|24.131639|0.001320|nan|-87.894878
1401|88.295666|-9.681318|1246.912056|23.041587|41.809066|12.423818|39.771870|0.117097|2.982801|-16.063209|44.344823|-94.960821|30.749134|41.763408|18.686753|24.806070|0.001888|nan|-87.937094
1402|83.822383|-9.687460|1183.917779|18.546164|40.931352|12.945654|22.811718|0.120413|-7.625422|-21.357185|40.640160|-94.947402|19.021870|38.245066|18.686753|25.106580|0.001324|nan|-87.987611
1403|86.297359|-9.812507|1134.034136|22.802402|40.064159|13.653337|8.699119|0.124139|-5.668485|-31.277499|44.268718|-94.824334|22.338800|41.956978|18.686753|25.726862|0.001847|nan|-88.039290
1404|87.876127|-9.823602|1094.175939|nan|39.437001|14.359627|8.542660|0.128645|-5.082236|-30.387814|47.123911|-94.554918|24.685685|44.518441|18.686753|26.281874|0.002217|nan|-88.109644
1405|85.857385|-9.940312|1066.705589|23.852532|38.583482|15.019646|10.920836|0.135764|-6.315212|-34.021385|46.387635|-94.224930|23.371429|43.916790|18.686753|26.933184|0.002009|nan|-88.169951
1406|96.391617|-9.862021|1047.983010|34.767630|38.163522|16.180062|25.064727|0.147480|-11.256273|-29.294771|58.055274|-93.770029|34.511308|56.201014|18.686753|28.421232|0.003765|nan|-88.227570
1407|98.056299|-9.938903|1031.825141|36.175559|37.647898|17.112619|22.029423|0.161532|-0.903309|-25.403332|60.948835|-92.940383|36.701734|58.777279|18.686753|29.314446|0.004109|nan|-88.299008
1408|86.901055|-10.051218|1028.796304|26.030951|37.330385|17.477481|12.297675|0.170817|-3.524476|0.132980|51.038152|-91.975601|25.999940|48.315794|18.686753|29.117103|0.002422|nan|-88.355184
1409|64.855462|-10.364167|1030.620738|4.475994|37.735376|16.893888|-9.387538|0.171611|-5.463636|13.255044|29.965661|-91.529266|4.377310|27.087319|18.686753|27.301067|-0.000986|nan|-88.363799
1410|56.301994|-10.509331|1032.787488|-3.267623|38.189575|16.145591|-10.576626|0.174225|-7.679502|17.527885|22.029801|-91.420473|-3.758556|19.537916|18.686753|25.626835|-0.002268|nan|-88.387355
1411|58.608454|-10.432496|1043.391959|nan|38.772046|15.426052|3.504681|0.171582|3.442884|21.302777|24.604796|-91.311400|-1.036170|22.962150|18.686753|24.237019|-0.001839|nan|-88.410088
1412|57.890652|-10.377376|1067.482127|-0.848856|38.576964|14.819312|18.180533|0.199815|-0.630034|17.053003|24.027246|-91.045317|2.730912|23.389541|18.686753|23.393491|-0.001888|nan|-88.396341
1413|62.214922|-10.267035|1094.579602|3.731842|38.564382|14.461379|23.781764|0.269522|0.461523|37.017010|28.425348|-90.679362|7.504681|28.785157|18.686753|22.986632|-0.001148|nan|-88.400469
1414|56.522913|-10.210597|1137.829289|-2.042951|38.569305|13.673974|17.460821|0.234402|17.863182|28.632151|22.707902|-90.455602|3.545076|24.128938|18.686753|22.620249|-0.001986|nan|-88.404101
1415|39.068456|-10.282854|1181.937670|-18.959166|39.051373|12.141731|-2.691094|0.170222|18.411995|37.246957|4.890081|-90.837146|-13.508952|7.474194|18.686753|25.080823|-0.005088|nan|-88.367703
1416|37.997787|-10.090848|1215.870015|nan|39.575977|10.743454|-2.722386|0.114174|23.145528|44.496878|3.345108|-91.495646|-11.094788|7.478410|18.686753|23.716472|-0.005443|nan|-88.336062
1417|41.376181|-9.989102|1227.810818|-15.378620|40.276418|9.277118|2.691094|0.115919|52.527662|40.588901|6.118517|-92.411854|-7.152022|11.789825|18.686753|23.110173|-0.004822|nan|-88.310929
1418|39.956279|-9.843814|1228.082763|-16.567439|40.969184|7.736311|-5.037979|0.101141|48.946314|27.308819|4.183420|-93.323599|-7.934317|10.284658|18.686753|22.180062|-0.004945|nan|-88.299835
1419|43.790178|-9.471614|1231.183670|-11.688959|41.687083|6.833647|-1.814924|0.096827|40.970439|7.516999|7.857637|-94.051126|-0.468298|14.367807|18.686753|22.238807|-0.004235|nan|-88.288326
1420|53.651213|-9.008829|1228.850863|-1.051580|42.211115|6.341570|10.514042|0.092294|44.395459|4.238996|17.844374|-94.394392|14.557036|24.490270|18.686753|34.055252|-0.002573|nan|-88.266633
1421|51.056619|-8.684419|1226.329990|-3.424745|42.917999|5.746292|7.478739|0.080686|47.446975|8.081483|15.540332|-94.797902|12.648237|21.791934|18.686753|44.012180|-0.002873|107771.667684|-88.246717
1422|50.852001|-8.364108|1218.873624|-2.404954|43.628227|5.543949|8.323617|0.073346|27.885061|4.251161|16.064647|-95.195717|13.086322|21.955307|18.686753|48.547230|-0.002804|107755.825942|-88.209258
1423|44.700115|-8.073018|1189.745890|-8.524727|44.112133|5.059663|0.938754|0.070129|32.267675|7.490584|10.737895|-95.549877|22.427675|15.617109|18.686753|48.224454|-0.003676|128574.933636|-88.196975
1424|45.672227|-7.726208|1155.959513|-6.062806|44.585778|4.693613|2.127842|0.066316|31.640972|9.471674|12.544963|-95.832909|23.960972|16.608761|18.686753|48.285867|-0.003435|181398.369217|-88.276480
1425|47.648785|-7.326712|1128.369972|-3.549274|45.094537|4.435354|9.450122|0.061149|31.745260|-4.721507|15.267011|-96.082124|27.744316|18.294763|18.686753|48.492783|-0.003040|181367.926142|-88.322456
1426|47.496877|-7.024355|1102.778891|-4.240260|45.609335|4.072000|9.481414|0.031542|42.281391|-0.233690|15.861305|-96.303047|28.119818|17.542314|18.686753|48.503206|-0.002981|223494.857133|-88.402970
1427|48.035999|-6.736895|1080.051812|nan|46.168229|3.820315|10.482752|0.028965|38.624683|5.293866|16.858251|-96.514680|29.183739|17.611618|18.686753|48.667724|-0.002814|223455.015379|-88.599954
1428|47.247353|-6.676046|1066.699331|-3.780712|46.873579|3.525282|10.232417|0.026960|38.935605|-2.127947|16.398777|-96.661309|28.933404|16.366665|18.686753|48.642960|-0.002853|240175.885709|-88.794942
1429|43.667864|-6.619197|1054.490044|-6.450325|47.578156|3.134286|7.822948|0.024083|38.301244|8.674355|13.026694|-96.879691|25.898100|12.119549|19.150578|48.316802|-0.003332|240143.867242|-88.989584
1430|44.773653|-6.477239|1039.743061|nan|48.487602|2.919049|14.707143|0.019430|33.480021|17.791215|14.113905|-97.190567|27.076565|12.707373|23.531429|48.220635|-0.003071|240118.086168|-89.132438
1431|40.339008|-6.441614|1020.797711|-8.538752|49.347520|2.392081|14.456809|0.013140|41.154258|15.193640|9.634421|-97.566720|23.227675|7.161483|23.531429|47.689857|-0.003678|240097.710766|-89.132350
1432|44.577637|-6.214312|1005.460056|-3.363543|50.203554|2.425477|15.677189|0.009389|18.100336|31.152727|13.819396|-97.803435|13.535319|10.254865|23.531429|47.902826|-0.002924|240084.404406|-88.950905
1433|45.373396|-6.130976|992.598562|-2.595457|51.224633|2.652130|20.277083|0.003943|9.702366|25.169274|14.371284|-98.017503|0.738283|9.799025|23.531429|47.771112|-0.002723|240076.503755|-88.811935
1434|45.364327|-5.928228|976.084321|-0.895945|52.137517|2.994525|23.062053|-0.001784|8.616998|20.900892|13.956025|-98.284428|1.176368|8.768022|23.531429|47.833276|-0.002654|240073.592950|-88.775450
1435|45.807358|-5.730848|948.116999|-1.272226|52.780600|3.234469|22.623967|-0.009073|17.173168|8.176394|13.690367|-98.646054|2.052538|8.839306|34.671308|39.290415|-0.002516|240073.592950|-88.740335
1436|47.104773|-5.522963|919.186106|1.173468|52.922082|3.571048|35.484895|-0.021480|16.093587|-2.499571|14.069259|-99.023301|3.773587|9.118429|30.225352|29.491960|-0.002244|240074.008774|-88.684302
1437|45.372763|-5.335350|888.605865|-1.238047|53.349174|3.848509|36.329773|-0.039458|9.789299|-0.411785|11.025390|-99.331445|0.188039|6.213308|30.225352|29.384465|-0.002457|240074.424598|-88.639548
1438|45.438971|-5.065593|863.696512|0.601043|53.654229|4.179409|26.066065|-0.048939|12.947699|1.138205|9.503341|-99.679011|0.626125|5.202115|30.225352|29.464303|-0.002388|240074.008774|-88.548622
1439|46.087973|-4.866302|846.086835|1.604137|53.529607|4.577738|5.444772|-0.050701|7.787777|-3.424258|8.728678|-100.061649|1.627462|4.623615|25.907462|25.371623|-0.002230|240074.008774|-88.478387
1440|47.508382|-4.626343|846.707683|nan|53.549683|4.873947|-0.907462|-0.049887|19.248883|-6.972325|8.885866|-100.406255|3.411094|5.307088|22.691094|22.337501|-0.001948|240075.256245|-88.533753
1441|56.291104|-4.337279|850.145437|12.061069|53.668331|5.336453|10.983420|-0.047226|25.936432|-28.911463|16.446679|-100.790200|12.579590|14.100498|22.691094|23.099416|-0.000503|240078.167050|-88.605940
1442|57.261313|-4.085412|852.883108|13.925856|53.348783|5.568992|12.078633|-0.042591|36.625197|-33.786617|16.143595|-101.176788|13.987721|15.167940|22.691094|23.843535|-0.000281|240081.077816|-88.668309
1443|61.852284|-3.838793|853.020529|18.481391|52.485094|6.024921|21.810381|-0.038460|25.100964|-35.097195|19.705641|-101.148533|19.025700|20.662537|22.691094|25.026486|0.000513|240086.483525|-88.725995
1444|61.102729|-3.672736|856.163109|nan|51.202071|6.337823|16.209150|-0.031394|25.061237|-34.403042|18.381609|-100.541240|18.744074|21.200403|22.691094|25.768965|0.000469|240096.047471|-88.779517
1445|62.255744|-3.440069|854.072781|20.365774|50.056863|6.705744|0.782295|-0.006377|20.289358|-16.908452|19.641779|-99.713327|20.371247|23.102605|22.691094|26.466310|0.000725|240108.522184|-88.824586
1446|36.169285|-3.645675|852.592719|-5.954856|50.698838|5.686728|-25.408937|0.023253|24.968057|2.814883|-6.321730|-99.667562|-5.194149|-2.934984|22.691094|24.504767|-0.003303|240118.501992|-89.185771
1447|43.413314|-3.325974|852.984463|1.940934|49.875330|5.533915|-13.674514|0.015784|11.796563|-15.764746|1.457122|-99.469028|3.797508|6.335870|22.691094|24.797364|-0.002076|240133.055824|-89.759393
1448|49.382089|-3.197696|852.346446|nan|49.339311|5.571131|-7.948116|0.029687|7.263993|-7.698530|8.090076|-99.247208|10.306201|13.626375|22.691094|25.000975|-0.001050|240150.936245|-90.257208
1449|46.871415|-3.113123|855.205198|nan|48.730220|5.512823|-5.413480|0.031920|8.653557|-17.769371|6.255902|-98.941005|17.134818|12.547917|22.691094|24.978827|-0.001360|240172.143295|-90.645155
1450|48.272782|-2.877527|855.341327|9.125070|47.776518|5.551814|7.071945|0.034906|7.953334|-11.197581|8.483555|-98.163258|19.074909|15.380931|22.691094|25.242146|-0.001055|240195.845287|-91.034306
1451|54.099504|-2.564530|861.616791|15.106213|46.614193|5.845349|11.515380|0.039228|5.344307|14.492437|15.342916|-97.229052|25.427143|22.626089|22.691094|25.879164|-0.000054|240224.537127|-91.295525
1452|55.936006|-2.402324|854.629065|17.814492|45.551031|6.163914|14.300350|0.045095|7.771192|12.389813|18.249264|-96.387841|27.774028|25.921454|22.609584|26.411324|0.000316|240258.218889|-91.355212
1453|62.145277|-2.183070|844.822482|23.893191|44.230175|6.832359|15.458147|0.049644|4.705745|15.792932|25.729611|-95.466389|34.470472|33.755599|22.609584|27.614880|0.001370|240298.138008|-91.401417
1454|65.662687|-1.993840|804.316641|27.978489|43.523210|7.515961|20.965502|0.054071|5.078854|20.469900|30.455881|-94.613016|38.364530|38.920260|22.609584|28.649547|0.001996|240343.462873|-91.476186
1455|58.474174|-1.785117|745.385762|20.796394|43.393274|7.626493|16.741110|0.056963|15.233011|13.621794|24.206239|-94.229552|31.636794|33.244985|22.609584|28.616980|0.000936|240389.619349|-91.544277
1456|52.051976|-1.614534|695.821706|14.172159|42.897494|7.604424|11.139879|0.058897|6.535328|-31.191854|18.654610|-93.987166|25.660061|28.487381|22.609584|28.520450|-0.000005|240433.696705|-91.679672
1457|48.215910|-1.430257|656.907674|nan|42.644747|7.440997|8.792995|0.060413|9.686104|-14.109601|15.554878|-93.840169|22.249256|26.423207|22.609584|28.221256|-0.000541|240474.447471|-91.877816
1458|38.461750|-1.373057|619.245506|2.129528|42.653252|6.782058|-0.782295|0.060226|12.762409|-11.339945|6.453707|-93.751157|12.924301|17.837769|22.609584|26.998079|-0.002009|240508.129234|-92.172092
1459|36.548739|-1.250512|595.440740|1.518125|42.543665|6.254719|-5.288313|0.060517|10.571380|-10.264648|5.192018|-93.649216|11.453587|17.714048|22.609584|26.298456|-0.002240|240543.474291|-92.368619
