859|nan|nan|nan|nan|nan|nan|nan|nan|nan|nan|nan|nan|nan|nan|nan|nan|nan|nan|nan
900|nan|nan|nan|nan|nan|nan|nan|nan|nan|nan|nan|nan|nan|nan|nan|nan|nan|nan|nan
901|nan|nan|nan|nan|nan|nan|nan|nan|nan|nan|nan|nan|nan|nan|nan|nan|nan|nan|nan
902|nan|nan|nan|nan|nan|nan|nan|nan|nan|nan|nan|nan|nan|nan|nan|nan|nan|nan|nan
903|nan|nan|nan|nan|nan|nan|nan|nan|nan|nan|nan|nan|nan|nan|nan|nan|nan|nan|nan
904|nan|nan|nan|nan|nan|nan|nan|nan|nan|nan|nan|nan|nan|nan|nan|nan|nan|nan|nan
905|nan|nan|nan|nan|nan|nan|nan|nan|nan|nan|nan|nan|nan|nan|nan|nan|nan|nan|nan
906|nan|nan|nan|nan|nan|nan|nan|nan|nan|nan|nan|nan|nan|nan|nan|nan|nan|nan|nan
907|nan|nan|nan|nan|nan|nan|nan|nan|nan|nan|nan|nan|nan|nan|nan|nan|nan|nan|nan
908|nan|nan|nan|nan|nan|nan|nan|nan|nan|nan|nan|nan|nan|nan|nan|nan|nan|nan|nan
909|nan|nan|nan|nan|nan|nan|nan|nan|nan|nan|nan|nan|nan|nan|nan|nan|nan|nan|nan
910|nan|nan|nan|nan|nan|nan|nan|nan|nan|nan|nan|nan|nan|nan|nan|nan|nan|nan|nan
911|nan|nan|nan|nan|nan|nan|nan|nan|nan|nan|nan|nan|nan|nan|nan|nan|nan|nan|nan
912|nan|nan|nan|nan|nan|nan|nan|nan|nan|nan|nan|nan|nan|nan|nan|nan|nan|nan|nan
913|nan|nan|nan|nan|nan|nan|nan|nan|nan|nan|nan|nan|nan|nan|nan|nan|nan|nan|nan
914|nan|nan|nan|nan|nan|nan|nan|nan|nan|nan|nan|nan|nan|nan|nan|nan|nan|nan|nan
915|nan|nan|nan|nan|nan|nan|nan|nan|nan|nan|nan|nan|nan|nan|nan|nan|nan|nan|nan
916|nan|nan|nan|nan|nan|nan|nan|nan|nan|nan|nan|nan|nan|nan|nan|nan|nan|nan|nan
917|nan|nan|nan|nan|nan|nan|nan|nan|nan|nan|nan|nan|nan|nan|nan|nan|nan|nan|nan
918|nan|nan|nan|nan|nan|nan|nan|nan|nan|nan|nan|nan|nan|nan|nan|nan|nan|nan|nan
919|nan|nan|nan|nan|nan|nan|nan|nan|nan|nan|nan|nan|nan|nan|nan|nan|nan|nan|nan
920|nan|nan|nan|nan|nan|nan|nan|nan|nan|nan|nan|nan|nan|nan|nan|nan|nan|nan|nan
921|nan|nan|nan|nan|nan|nan|nan|nan|nan|nan|nan|nan|nan|nan|nan|nan|nan|nan|nan
922|nan|nan|nan|nan|nan|nan|nan|nan|nan|nan|nan|nan|nan|nan|nan|nan|nan|nan|nan
923|nan|nan|nan|nan|nan|nan|nan|nan|nan|nan|nan|nan|nan|nan|nan|nan|nan|nan|nan
924|nan|nan|nan|nan|nan|nan|nan|nan|nan|nan|nan|nan|nan|-46.856916|nan|53.208971|nan|nan|nan
925|nan|nan|nan|nan|nan|nan|nan|nan|nan|nan|nan|nan|nan|-45.768176|nan|48.895536|nan|nan|nan
926|nan|nan|nan|nan|nan|nan|nan|nan|nan|nan|nan|nan|nan|-40.893739|nan|48.504986|nan|nan|nan
927|nan|nan|nan|nan|nan|nan|nan|nan|nan|nan|nan|nan|nan|-29.509812|nan|48.461870|nan|nan|nan
928|nan|nan|nan|nan|nan|nan|nan|nan|nan|nan|nan|nan|nan|-43.543077|49.350758|47.823328|nan|nan|nan
929|nan|nan|nan|nan|nan|nan|nan|nan|nan|nan|nan|nan|nan|-66.134185|41.013233|38.697444|nan|nan|nan
930|nan|nan|nan|nan|nan|nan|nan|nan|nan|nan|nan|nan|nan|-65.355021|39.544976|36.640833|nan|nan|nan
931|nan|nan|nan|nan|nan|nan|nan|nan|nan|nan|nan|nan|nan|-55.068273|39.544976|36.369506|nan|nan|nan
932|nan|nan|nan|nan|nan|nan|nan|nan|nan|nan|nan|nan|nan|-53.958898|39.544976|36.195160|nan|nan|nan
933|nan|nan|nan|nan|49.817258|nan|nan|nan|nan|nan|nan|nan|nan|-50.473253|39.544976|36.098628|nan|nan|nan
934|nan|nan|nan|nan|49.827567|nan|nan|nan|nan|nan|nan|nan|nan|-65.793327|39.544976|35.602477|nan|nan|nan
935|nan|nan|nan|nan|48.480057|nan|nan|nan|nan|-60.072490|nan|nan|nan|-77.240230|32.188621|27.751406|nan|nan|nan
936|nan|nan|nan|nan|46.918786|nan|nan|nan|nan|-58.578379|nan|nan|nan|-88.046259|26.370493|21.291692|nan|nan|nan
937|nan|nan|nan|nan|45.572683|nan|nan|nan|nan|-34.160063|nan|nan|nan|-63.719167|26.370493|21.619907|nan|nan|nan
938|nan|nan|nan|nan|45.584327|nan|nan|nan|nan|-18.487326|nan|nan|nan|-46.344875|26.370493|21.932484|nan|nan|nan
939|nan|nan|nan|nan|45.233984|nan|nan|nan|nan|-25.241792|nan|nan|nan|-47.480286|26.370493|22.382993|nan|nan|nan
940|nan|nan|nan|nan|45.302975|nan|nan|nan|nan|-29.256514|nan|nan|nan|-46.439166|26.370493|22.628214|nan|nan|nan
941|nan|nan|nan|nan|45.313479|nan|nan|nan|nan|-28.464464|nan|nan|nan|-47.785593|26.370493|22.864035|nan|nan|nan
942|nan|nan|nan|nan|45.892832|nan|nan|nan|nan|-6.219078|nan|nan|nan|-37.111506|26.370493|23.089722|nan|nan|nan
943|nan|-21.254982|nan|nan|46.156673|nan|nan|nan|nan|4.900391|nan|nan|nan|-42.486806|26.370493|23.304825|-0.015999|nan|nan
944|nan|-19.325719|nan|nan|46.839387|nan|nan|nan|nan|4.469870|nan|nan|nan|-33.068611|26.370493|23.509114|-0.014538|nan|nan
945|nan|-17.538301|nan|nan|47.426434|nan|nan|nan|nan|11.216212|nan|nan|nan|-28.796680|26.370493|23.856386|-0.013878|nan|nan
946|nan|-14.874756|nan|nan|47.985315|nan|nan|nan|nan|12.024194|nan|nan|nan|-10.872785|26.370493|24.465073|-0.011212|nan|nan
947|nan|-12.518335|nan|nan|48.777872|nan|nan|nan|nan|22.422420|nan|nan|nan|-10.719778|26.370493|24.655354|-0.011301|nan|nan
948|nan|-10.328829|nan|10.481206|48.837937|nan|nan|nan|nan|8.757094|nan|nan|nan|-5.088332|26.370493|24.978120|-0.010656|nan|nan
949|nan|-8.560678|nan|7.277092|49.154583|nan|nan|nan|nan|11.637113|nan|nan|nan|-5.963350|26.370493|25.092852|-0.010953|nan|nan
950|nan|-7.413473|nan|0.084754|49.367451|nan|nan|nan|nan|-7.524859|nan|nan|nan|-11.644619|26.370493|25.043740|-0.012087|nan|nan
951|nan|-7.374253|nan|-19.429899|49.859215|nan|nan|nan|nan|-6.986486|nan|nan|nan|-30.858293|26.370493|25.697947|-0.015244|nan|nan
952|nan|-7.301224|nan|-20.108101|50.322965|nan|nan|nan|nan|-4.489717|nan|nan|nan|-30.382192|26.370493|38.683091|-0.015281|nan|nan
953|nan|-7.083044|nan|nan|50.598485|nan|-33.337498|nan|nan|-14.101646|nan|nan|nan|-25.250270|26.370493|38.583939|-0.014566|nan|nan
954|nan|-6.906524|nan|nan|50.541797|nan|-41.947846|nan|nan|-22.028800|nan|nan|nan|-23.209239|26.370493|44.178339|-0.014462|nan|nan
955|nan|-6.761636|nan|nan|50.500222|nan|-40.402398|nan|nan|-38.806720|nan|nan|nan|-21.403596|26.370493|44.166229|-0.014375|nan|nan
956|nan|-6.565158|nan|-9.412012|50.177401|nan|-32.233607|nan|nan|-28.916376|nan|nan|nan|-17.117449|26.370493|37.686575|-0.013818|nan|nan
957|nan|-6.238764|nan|-7.461253|50.341803|nan|-18.876530|nan|nan|-19.767066|nan|nan|nan|-13.066691|26.370493|37.692572|-0.013277|nan|nan
958|nan|-6.088434|nan|-7.890413|50.078364|nan|-35.434890|nan|nan|-12.502338|nan|nan|nan|-13.889673|26.370493|37.876566|-0.013574|nan|nan
959|nan|-6.109480|nan|-14.422088|50.256705|-23.279213|-63.584102|-1.419631|nan|-10.889760|nan|nan|nan|-18.700949|26.370493|37.735870|-0.014376|nan|nan
1000|nan|-7.005189|nan|-40.504833|49.800889|-23.894900|-89.635922|-1.697040|nan|-30.702761|nan|nan|nan|-44.921684|26.370493|32.053175|-0.018581|nan|nan
1001|nan|-7.629122|nan|-34.323794|49.040612|-24.188270|-74.291842|0.031720|nan|-47.063093|nan|-118.541969|nan|-38.631758|23.781555|21.039013|-0.017673|nan|nan
1002|nan|-7.631165|nan|-14.592216|48.214666|-23.851725|-54.090643|-0.086302|nan|-45.446609|nan|-118.587068|nan|-17.928871|23.781555|21.310641|-0.014568|nan|nan
1003|nan|-7.182566|nan|2.280273|47.231216|-23.014341|-33.999833|-0.086302|nan|-20.912997|nan|-117.738100|nan|0.083333|23.781555|21.859735|-0.011900|nan|nan
1004|nan|-6.746841|nan|nan|46.814242|-22.169704|-46.473797|-0.048758|nan|-8.453595|nan|-116.170022|nan|4.357598|23.781555|22.311356|-0.011446|nan|nan
1005|nan|-6.322255|nan|4.395031|46.683461|-21.436766|-57.843871|-0.008880|nan|4.926390|nan|-114.627441|nan|5.569149|23.781555|22.527654|-0.011429|nan|nan
1006|nan|-6.397215|nan|-13.765466|46.658920|-21.333014|-87.207362|-0.049368|nan|-2.539893|nan|-113.891303|nan|-11.791718|23.781555|22.249897|-0.014359|nan|nan
1007|nan|-6.549648|nan|-17.191906|46.278845|-21.257260|-66.454218|-0.091738|nan|-17.331332|nan|-113.320182|nan|-14.949408|23.781555|22.204924|-0.015022|nan|nan
1008|nan|-6.355054|nan|-3.264417|45.738480|-20.760919|-33.779054|-0.092047|nan|-5.636671|nan|-112.465358|nan|0.327876|23.781555|22.496147|-0.012772|nan|nan
1009|nan|-6.217923|nan|nan|45.164608|-20.284396|-33.447887|-0.090522|nan|-12.256479|nan|-111.171403|nan|1.863930|23.781555|22.738824|-0.012668|nan|nan
1010|nan|-6.299395|nan|-13.074201|45.504647|-20.210298|-41.616678|-0.099809|nan|-14.869021|nan|-109.869347|nan|-7.698492|23.781555|22.479171|-0.014238|nan|nan
1011|nan|-6.105433|nan|-3.018196|45.549916|-19.764900|-32.895942|-0.092778|nan|-2.113931|nan|-107.965548|nan|2.019036|23.781555|22.753317|-0.012721|nan|nan
1012|nan|-5.837962|nan|nan|45.779383|-19.219965|-15.564858|-0.083189|nan|22.591868|nan|-106.586952|nan|8.312339|23.781555|22.979611|-0.011692|nan|nan
1013|nan|-5.677251|nan|-1.438890|45.627350|-18.845275|-24.947930|-0.077814|nan|6.971649|nan|-105.831097|nan|4.006602|23.781555|23.012006|-0.012356|nan|nan
1014|nan|-5.232397|nan|11.205132|45.491463|-18.151316|-3.863617|-0.073013|nan|16.259074|nan|-104.732351|nan|15.930571|23.781555|23.354108|-0.010489|nan|nan
1030|nan|-4.750468|nan|16.944269|44.871625|-17.340955|6.071399|-0.049920|nan|9.009225|nan|-103.534771|nan|22.126384|23.781555|23.780216|-0.009582|nan|nan
1031|nan|-4.253538|nan|18.087086|44.365336|-16.605861|24.947929|-0.047123|nan|3.355753|nan|-102.271001|nan|24.466632|23.781555|25.937308|-0.009267|nan|nan
1032|nan|-3.837839|nan|14.566979|43.453589|-15.977859|20.863533|-0.044612|nan|-6.345026|nan|-101.427690|nan|21.487427|23.781555|25.438651|-0.009825|nan|nan
1033|-2.416827|-3.457304|nan|nan|42.674722|-15.398556|24.285595|-0.042410|nan|-0.460244|nan|-100.441359|nan|21.178338|23.781555|24.880137|-0.009929|nan|nan
1034|-14.301379|-3.329606|nan|3.016566|41.896498|-15.158851|11.149296|-0.042410|nan|-1.954020|nan|-99.997456|nan|10.071898|23.781555|24.648574|-0.011709|nan|nan
1035|-28.354038|-3.442185|nan|nan|41.055610|-15.207016|-9.493460|-0.068968|nan|-20.611818|nan|-100.014573|nan|-3.142323|23.781555|24.311642|-0.013837|nan|nan
1036|-47.101436|-2.894285|nan|-28.545193|40.565451|-15.707609|-47.577688|-0.093737|nan|-23.223499|nan|-101.005780|nan|-21.192885|23.781555|23.588705|-0.012803|nan|nan
1037|-56.900040|-2.747355|nan|-37.923879|39.919027|-16.357703|-57.071148|-0.129969|nan|-30.905975|nan|-102.220649|nan|-30.312322|23.781555|22.880521|-0.012701|nan|nan
1038|-47.656947|-2.781861|nan|-27.751673|39.441700|-16.642092|-42.941347|-0.146937|nan|-25.317944|nan|-103.296151|nan|-19.980163|23.781555|22.653778|-0.011184|nan|nan
1039|-65.363967|-3.170336|nan|-45.748938|38.709384|-17.196389|-59.720485|-0.185280|nan|-28.487680|nan|-104.736284|nan|-36.906314|23.781555|22.036526|-0.014571|nan|nan
1040|-64.796632|-3.542946|nan|-44.137352|37.814411|-17.641054|-58.395816|-0.349946|nan|-27.840905|nan|-105.969303|nan|-34.951344|21.959095|19.235077|-0.014450|nan|nan
1041|-58.690373|-3.788893|nan|-37.839419|36.853917|-18.017439|-48.571189|-0.383836|nan|-27.121026|nan|-106.449323|nan|-27.451553|21.959095|19.033325|-0.013456|nan|nan
1042|-33.413791|-3.745756|nan|-12.881518|35.625238|-17.883313|-19.759643|-0.378044|nan|1.350896|nan|-106.219399|nan|-1.130947|20.307423|17.874081|-0.009442|nan|nan
1043|-8.297164|-3.181002|nan|12.222373|34.493913|-16.937685|3.422061|-0.378044|nan|22.306651|nan|-105.456572|nan|24.412521|20.307423|18.749035|-0.005481|nan|-113.970468
1044|-15.756319|-3.034288|nan|4.125695|34.140849|-15.945247|-9.272681|-0.324558|nan|16.990969|nan|-104.967129|nan|16.666021|20.307423|18.989335|-0.006686|nan|-113.969172
1045|-33.458758|-3.193310|nan|-13.659783|34.004410|-15.433929|-53.759475|-0.257282|nan|2.445089|nan|-104.985529|nan|-1.184412|20.307423|18.731085|-0.009513|nan|-113.933875
1046|-27.276126|-3.444604|nan|-7.310026|33.583804|-14.796872|-42.058235|-0.383225|nan|-10.134947|-4.722183|-104.949712|nan|5.392526|20.307423|19.009568|-0.008571|nan|-113.940934
1047|-29.481574|-3.881857|nan|-10.523853|33.125661|-14.331421|-24.837540|-0.374082|nan|-21.268935|-8.267484|-105.078383|nan|3.329897|20.307423|18.934748|-0.008955|nan|-113.992701
1048|-28.365006|-4.287889|nan|-8.461804|32.871860|-13.840375|-7.064900|-0.363269|nan|-13.613655|-8.816857|-105.089981|nan|4.495606|20.307423|19.046400|-0.008816|nan|-113.978948
1049|-21.911060|-4.578857|nan|nan|32.216077|-12.993366|1.987003|-0.367699|nan|-13.074876|-3.765191|-104.776344|nan|10.793322|20.307423|19.148531|-0.007839|nan|-113.978948
1050|-21.370657|-4.759177|nan|-2.062792|32.059195|-11.899917|2.318170|-0.373778|nan|-9.303883|-4.172621|-103.702452|nan|11.463363|20.307423|19.395863|-0.007804|nan|-113.978948
1051|-17.806764|-4.572929|-1680.025156|-0.028995|32.554062|-10.641496|-13.025910|-0.363188|-21.767107|-4.617424|-0.827776|-102.737434|-25.368055|15.030575|20.307423|19.445986|-0.007298|nan|-114.021115
1052|-38.013582|-4.774074|-1647.731967|-20.267309|32.888525|-10.252093|-37.753061|-0.356788|-27.498841|-6.079530|-21.291959|-102.871227|-45.900421|-5.635862|20.307423|19.187638|-0.010545|nan|-114.035121
1053|-54.967634|-5.302270|-1642.502196|-37.391065|33.489727|-10.600389|-40.733565|-0.370874|-37.998903|-11.460964|-38.902494|-103.990777|-63.121115|-23.128634|20.307423|18.537565|-0.013269|nan|-114.051717
1054|-60.175710|-5.855714|-1628.792454|-42.892567|34.119321|-11.037084|-45.480296|-0.384015|-39.247021|-26.537101|-44.905828|-105.299876|-68.530180|-28.952762|20.307423|17.896915|-0.014126|nan|-114.027815
1055|-62.227537|-6.424428|-1618.477463|-44.242119|34.443291|-11.484075|-57.623093|-0.392335|-43.214488|-28.311468|-47.450295|-106.634047|-70.737961|-31.888548|20.307423|17.425052|-0.014484|nan|-113.962910
1056|-66.642362|-7.102130|-1607.110847|-49.898812|34.261350|-11.997071|-52.545196|-0.410573|-45.260439|-17.586977|-52.453032|-107.551931|-75.263913|-37.245795|20.307423|16.936761|-0.015970|nan|-113.959628
1057|-57.618639|-7.668161|-1587.832059|-40.120906|34.471392|-12.433128|-37.090726|-0.425700|-37.519239|-10.890096|-44.031113|-108.094665|-66.322398|-28.957004|20.307423|16.807427|-0.014557|nan|-114.149483
1058|-62.100783|-8.237683|-1568.440736|-45.205801|35.042462|-12.931582|-45.811463|-0.441887|-37.804560|-10.286179|-49.118945|-109.135963|-70.848350|-34.278537|20.307423|21.856412|-0.015276|nan|-114.379697
1059|-58.769439|-8.649483|-1546.000307|-41.053390|35.478352|-13.422957|-30.688160|-0.458611|-36.253833|-14.540645|-46.507161|-110.127412|-67.536678|-31.756951|20.307423|21.735330|-0.014754|nan|-114.593811
1100|-85.193202|-9.140811|-1550.620852|-68.106317|34.824418|-14.662784|-51.330916|-0.499370|-50.715555|-31.228453|-73.758343|-111.578688|-93.919665|-58.663235|20.307423|15.982295|-0.022095|nan|-115.084517
1101|-87.393273|-9.557390|-1576.925225|nan|34.565271|-16.136123|-51.441305|-0.539688|-48.973892|-28.162483|-76.804029|-113.342619|-84.817057|-62.306074|18.791832|13.306106|-0.022832|nan|-115.650500
1102|-100.467576|-10.561127|-1609.400847|-83.159540|34.086971|-17.907008|-67.889276|-0.587014|-59.648779|-50.898126|-90.782107|-115.639636|-96.932578|-77.470490|16.987422|10.652999|-0.027010|nan|-116.354298
1103|-88.736922|-11.520797|-1643.673442|-70.883762|33.351747|-19.289223|-56.629591|-0.617456|-51.087079|-54.496697|-79.856812|-117.463028|-84.290559|-67.647639|13.119967|6.659159|-0.025127|nan|-116.893599
1104|-72.825156|-12.291281|-1683.681255|-54.283339|33.049564|-20.268631|-51.772472|-0.626934|-38.411538|-37.147240|-64.622563|-119.222321|-68.173755|-53.893161|13.119967|6.790749|-0.022577|nan|-117.319709
1105|-70.716315|-13.086450|-1711.262364|-53.336391|33.095814|-21.061077|-62.921768|-0.632963|-37.933053|-47.351220|-63.116008|-121.033674|-65.375585|-53.832054|13.119967|6.968431|-0.022212|nan|-117.659542
1106|-65.722917|-13.488120|-1743.273232|nan|33.190335|-21.411925|-75.837289|-0.635914|-38.824767|-45.498576|-58.541956|-122.738526|-61.307299|-50.864796|13.119967|7.180012|-0.021393|nan|-117.900629
1107|-62.477297|-13.707794|-1769.300160|-43.365938|33.313186|-21.631254|-81.687910|-0.618100|-37.641760|-40.624206|-55.582511|-124.180188|-57.885238|-49.685841|13.119967|7.569412|-0.020854|nan|-117.996707
1108|-63.536488|-14.192104|-1822.070733|-45.603605|33.730905|-22.049354|-72.967173|-0.611797|-33.083296|-31.251852|-57.012227|-125.465176|-58.768350|-53.030706|13.119967|7.631553|-0.020999|nan|-117.856244
1109|-62.050378|-14.621258|-1874.873809|-42.602115|33.773344|-22.377172|-88.752809|-0.587365|-33.908720|-20.506592|-55.741968|-126.356522|-57.112514|-53.726385|13.119967|7.898888|-0.020740|nan|-117.571278
1110|-69.183506|-15.117124|-1941.104403|-50.559472|34.151144|-22.990100|-94.934597|-0.458868|-34.863228|-32.866659|-63.117069|-127.098815|-64.067025|-62.951917|13.119967|7.707942|-0.021846|nan|-117.421784
1111|-73.016400|-15.698256|-1991.559448|nan|34.065410|-23.689201|-92.285259|-0.433463|-36.745122|-40.675491|-67.122294|-127.417093|-67.709864|-68.630482|13.119967|7.622850|-0.022428|nan|-117.320065
1112|-73.987846|-16.444373|-2022.923456|-54.971049|33.938149|-24.485321|-67.668498|-0.445793|-37.198159|-30.199384|-68.385155|-127.512954|-68.482588|-71.742854|13.119967|7.467595|-0.022555|nan|-117.314387
1113|-74.749504|-17.144784|-2050.637619|nan|34.104139|-25.226480|-43.162125|-0.449326|-35.909789|-25.168742|-69.647415|-127.901766|-69.034533|-74.451441|13.119967|7.413223|-0.022647|nan|-117.176755
1114|-45.907964|-17.451933|-2075.586588|-25.997037|34.496014|-25.154507|-21.746646|-0.455296|-19.038730|-11.432479|-41.123400|-127.159239|-40.002209|-46.780234|13.119967|8.053675|-0.018044|nan|-116.995047
1115|-47.185863|-17.968565|-2096.413734|-27.485211|35.562023|-24.843813|-40.733565|-0.456441|-20.621357|-1.763321|-42.648715|-126.491500|-41.266099|-49.578576|13.119967|8.152327|-0.018223|nan|-116.825686
1116|-48.126356|-18.516899|-2120.955788|-28.699866|36.437942|-24.631709|-35.545280|-0.466461|-17.954395|-1.825770|-43.902595|-125.997123|-42.038823|-52.038807|13.119967|8.288170|-0.018349|nan|-116.588565
1117|-47.082333|-18.968828|-2135.778506|nan|37.572316|-24.720204|-36.759559|-0.467889|-13.140746|1.162006|-43.251064|-126.267512|-40.824543|-52.414811|13.119967|8.451453|-0.018159|nan|-116.423730
1118|-25.503201|-18.981240|-2159.894342|-4.856697|38.681908|-24.560581|-14.129800|-0.466810|6.284004|-6.716865|-22.143867|-126.669140|-19.077897|-30.740212|13.119967|19.949420|-0.014708|nan|-116.397557
1119|-20.920984|-18.827608|-2192.651824|nan|39.340433|-24.401459|-3.201283|-0.466158|11.030417|-15.824866|-17.990475|-126.723389|-14.331167|-25.972862|13.119967|22.818471|-0.013955|nan|-116.403305
1120|-8.714755|-18.166562|-2236.148778|nan|39.923749|-24.068453|9.383070|-0.463141|21.233992|-7.950578|-6.141696|-125.913318|-1.967592|-12.877341|13.119967|26.637039|-0.011993|nan|-116.472440
1121|-10.509576|-17.300004|-2261.777461|9.662396|41.013891|-23.482579|10.928517|-0.459304|12.617840|-6.099995|-8.395463|-125.199838|-3.623428|-14.164867|13.119967|27.040742|-0.012257|nan|-116.572609
1122|-14.610232|-16.384462|-2232.564953|nan|41.577534|-22.919762|-13.577855|-0.450369|9.844150|-27.385506|-12.798523|-124.521694|-7.597434|-17.497837|13.119967|33.422689|-0.012888|nan|-116.657264
1123|-18.821505|-15.677610|-2205.910715|1.605250|42.510059|-22.741574|-34.882945|-0.432826|10.959438|-23.361242|-17.139947|-124.019643|-11.681830|-21.516954|13.119967|33.565797|-0.013538|nan|-116.757432
1124|-22.815391|-14.774298|-2189.304545|-2.249940|43.256815|-22.704987|-44.155627|-0.418708|8.056455|-17.181995|-21.172018|-123.768119|-15.545447|-24.810242|13.119967|37.123743|-0.014152|nan|-116.833626
1125|-30.447355|-13.985828|-2172.698846|-10.182048|44.359030|-22.682221|-53.869864|-0.419520|-4.331268|-23.481449|-28.887525|-123.755483|-18.731903|-32.176923|13.119967|36.981693|-0.015344|nan|-116.987428
1126|-27.374125|-13.268130|-2136.861896|-4.888986|44.781791|-22.700858|-55.194534|-0.416526|1.829696|-41.172216|-25.913286|-123.736797|-13.370621|-26.945128|13.119967|37.051433|-0.014836|nan|-117.107570
1127|-30.377488|-13.034308|-2083.787488|-9.553272|45.579701|-22.932057|-49.123134|-0.376670|0.158946|-39.512841|-28.995000|-123.369257|-16.240736|-28.095902|13.119967|36.978075|-0.015291|nan|-117.258863
1128|-32.939891|-13.277839|-2006.139637|nan|46.060592|-23.124799|-56.077646|-0.378458|-5.228661|-37.488257|-31.428703|-122.597125|-18.669296|-27.927070|13.119967|43.757766|-0.015677|nan|-117.403007
1129|-37.499384|-13.597922|-1917.737441|nan|46.678609|-23.634859|-57.181536|-0.376998|-4.843589|-18.373192|-35.773493|-121.747665|-23.084858|-30.745240|13.119967|54.196778|-0.016379|nan|-117.488344
1330|-33.898268|-13.584481|-1860.048091|-11.190921|47.101543|-24.106282|-79.811295|-0.359763|-1.890678|-11.464010|-31.828028|-120.777826|-19.331630|-25.085853|13.119967|54.262212|-0.015783|nan|-117.573681
1331|-24.998556|-13.429273|-1827.255168|nan|47.712565|-24.401646|-72.856784|-0.324673|2.680908|-6.636466|-22.382808|-119.520266|-9.559727|-13.911751|13.119967|54.495418|-0.014345|nan|-117.684019
1332|-19.078932|-13.216301|-1799.431714|2.993272|48.452030|-24.545226|-79.700906|-0.278342|8.432624|2.130941|-15.763783|-118.426971|-3.488328|-6.043218|13.119967|54.703057|-0.013381|nan|-117.902054
1333|-13.688080|-12.889069|-1784.261966|9.267163|48.341705|-24.483077|-62.149045|-0.251769|9.741197|-2.876841|-9.516666|-117.228500|2.141514|1.858951|23.973613|44.988098|-0.012486|nan|-118.383714
1334|-13.897960|-12.754588|-1765.300019|nan|48.346646|-24.263073|-46.032241|-0.229681|5.741514|-9.135001|-8.867831|-116.171406|2.141514|4.072512|26.291783|45.390289|-0.012486|nan|-118.895612
1335|-14.519883|-12.595146|-1760.171864|nan|48.979586|-23.853029|-44.155627|-0.204506|3.139005|-13.203830|-8.478352|-114.386692|4.979958|5.719518|29.638973|45.275311|-0.012555|nan|-119.391609
1336|-26.037274|-12.761114|-1752.447424|-3.212228|50.438046|-23.518459|-50.337415|-0.187713|-8.470116|-6.735059|-19.046619|-112.900948|-12.310116|-3.686995|29.638973|45.077427|-0.014361|nan|-119.910681
1337|-26.709807|-12.492764|-1759.073302|-2.777706|51.566992|-22.972611|-47.467299|-0.171437|-13.422697|-14.755394|-18.733243|-111.086337|-14.782061|-2.150379|35.674854|45.087631|-0.014447|nan|-120.459874
1338|-27.594809|-12.021004|-1766.892383|nan|52.810189|-22.600210|-49.123135|-0.155818|-9.955421|-9.407747|-18.649504|-109.680782|-15.554785|-0.584542|35.674854|45.106397|-0.014569|nan|-121.009067
1339|-16.865567|-11.258088|-1779.885105|7.260734|53.352046|-21.648221|-36.649170|-0.148305|-8.896656|-22.694604|-7.039171|-108.263188|-6.016656|11.887736|39.249911|43.562708|-0.012851|nan|-121.257206
1340|-17.381195|-10.501591|-1786.078819|5.570963|54.192315|-20.793193|-44.045237|-0.129335|-5.098847|-3.753720|-6.697791|-106.933321|-6.458212|12.225329|39.249911|43.675533|-0.012921|nan|-121.492997
1341|-4.844812|-9.423955|-1791.216797|19.064406|54.167350|-19.678682|-35.103723|-0.104656|1.644553|-13.890297|6.656761|-105.428738|6.126141|27.231816|31.266141|31.373291|-0.010922|nan|-121.797100
1342|-3.566719|-8.568174|-1793.472413|nan|54.242254|-19.005922|-34.551778|-0.076171|10.729222|-13.273961|8.709167|-103.938953|7.450810|30.531606|31.266141|31.805484|-0.010711|nan|-122.064992
1343|-1.656776|-7.654582|-1787.165081|nan|54.094344|-18.753716|-33.116720|-0.037000|18.397178|-7.523354|11.506026|-102.299043|9.437813|33.604837|31.266141|32.136672|-0.010395|nan|-122.184293
1344|18.796345|-6.377939|-1771.997645|42.763920|54.262159|-17.846065|16.447971|0.000525|24.528276|16.168513|32.770933|-100.151706|29.970180|55.775313|31.266141|33.000433|-0.007135|nan|-122.314557
1345|22.925780|-4.760079|-1757.592733|46.056703|54.560111|-16.696370|19.538865|0.040573|24.243377|20.821631|37.823982|-97.729627|34.164964|61.270089|31.266141|33.500717|-0.006469|nan|-122.386622
1346|16.120223|-3.190505|-1751.067935|nan|55.037312|-15.864483|12.032408|0.074384|25.429962|17.094949|31.970812|-95.530482|27.431231|55.745440|31.266141|33.711181|-0.007537|nan|-122.444556
1347|11.970845|-1.522527|-1733.912940|nan|55.415757|-15.093862|9.162293|0.106453|17.345567|16.568887|28.913380|-93.452216|23.346836|53.142857|31.266141|33.846631|-0.006365|nan|-122.245855
1348|18.311442|0.145383|-1717.539030|43.134116|55.736743|-14.205035|37.311505|0.131189|24.067497|23.004216|36.436762|-91.173513|29.749402|61.027234|31.266141|34.075734|-0.002964|nan|-122.063970
1349|0.239734|1.114664|-1691.453504|24.154527|56.183644|-13.916879|24.064817|0.135033|12.474714|20.877438|19.320903|-90.230745|13.915984|44.242900|31.266141|33.759891|-0.005820|nan|-121.995671
1350|-6.924571|1.970348|-1667.407163|18.100035|55.727073|-13.691345|29.363491|0.134835|5.969177|-12.616455|13.034297|-89.445830|7.171083|38.750719|31.266141|33.637531|-0.006940|nan|-121.884526
1351|-8.481312|2.679019|-1638.992325|15.106745|55.520676|-13.602657|26.272598|0.132495|5.014756|13.735444|12.373660|-88.669312|7.256026|38.706565|31.266141|33.360050|-0.007168|nan|-121.567321
1352|-31.347428|2.957487|-1579.652730|-7.026141|55.739763|-13.760369|-0.441556|0.146192|-13.324440|10.453341|-9.767527|-88.377322|-15.484122|16.902774|31.266141|32.503154|-0.010776|nan|-120.977668
1353|-40.175786|3.111760|-1486.599653|-14.805389|55.517272|-13.668796|-13.246688|0.156757|-29.805493|-2.209062|-17.979226|-88.921847|-28.684858|9.754758|31.266141|31.973070|-0.012160|nan|-120.130231
1354|-35.620945|3.373434|-1407.471176|-11.706603|55.376383|-13.371901|-12.473965|0.163133|-26.529471|8.704815|-12.855882|-89.479442|-25.808518|15.872909|31.266141|31.550674|-0.011424|nan|-119.188126
1355|-39.104044|3.606940|-1353.706734|nan|54.979896|-13.060535|-23.402482|0.190818|-29.471214|-1.586331|-15.748280|-90.442616|-29.230579|13.758634|31.266141|31.217388|-0.011966|nan|-118.558691
1356|-34.169540|4.037615|-1310.147767|-8.536930|54.652390|-12.504993|-15.233692|0.210201|-28.343706|0.090792|-10.264644|-91.116863|-26.183071|20.087838|31.266141|32.436162|-0.011178|nan|-118.160424
1357|-23.910994|4.637063|-1289.515234|1.301943|54.259566|-11.801162|-7.837623|0.180618|-19.358157|7.234395|0.538773|-91.391055|-15.916887|31.917131|31.266141|34.649976|-0.009549|nan|-117.815724
1358|-24.438104|5.219379|-1276.327593|-0.521272|54.007648|-11.092233|-10.818129|0.199713|-21.109150|13.475444|0.446578|-91.531957|-17.828833|32.094475|31.266141|42.704798|-0.005284|nan|-117.574052
1359|-22.292845|5.440699|-1244.289852|nan|53.821591|-10.398602|-13.136299|0.215852|-16.771758|13.014247|2.988912|-91.491839|-15.731441|34.305228|31.266141|44.714846|-0.004951|nan|-117.279838
1400|-28.150228|5.447609|-1232.471587|nan|53.345943|-9.360186|-15.344080|0.227696|-32.252767|14.008123|-2.535685|-91.407004|-29.612450|28.622399|31.266141|44.726356|-0.005896|nan|-117.138666
1401|-31.525429|5.442483|-1245.798620|-7.907083|53.437747|-8.396193|-9.824627|0.232422|-33.065853|13.351479|-5.750308|-91.514255|-33.144900|24.829431|31.266141|44.580050|-0.006246|nan|-117.102211
1402|-29.427178|5.489037|-1254.726142|-4.356699|52.980375|-7.116618|-1.876614|0.229888|-38.629239|-16.529952|-3.524333|-91.482275|-36.788286|26.778860|31.266141|44.619902|-0.003739|nan|-117.058568
1403|-24.744419|5.262648|-1256.355191|0.052911|52.390579|-5.905667|8.168791|0.231848|-29.813993|-7.264389|1.178342|-91.245757|-32.372723|30.933905|31.266141|43.872596|-0.003038|nan|-117.022760
1404|-33.062224|4.764012|-1263.057367|-9.791235|51.962342|-5.225070|-0.441557|0.231848|-31.863071|-9.791404|-7.173200|-91.130535|-40.983071|21.729705|31.266141|43.706855|-0.004404|nan|-116.987451
1405|-43.681615|3.845268|-1265.288084|-21.090284|51.806140|-4.806020|-11.811630|0.241470|-40.311588|-7.400030|-18.051994|-91.399090|-51.911588|10.318448|31.266141|43.423137|-0.006425|nan|-116.944339
1406|-45.354013|2.981302|-1263.343692|nan|51.706846|-4.483233|-25.168707|0.220959|-41.577640|-12.079505|-20.028894|-91.956656|-53.898591|7.677942|31.266141|43.204478|-0.007074|nan|-116.864132
1407|-49.459536|2.148491|-1271.942126|-27.486685|51.638069|-4.324735|-30.136215|0.202208|-40.952885|1.779893|-24.588877|-92.794812|-58.314154|2.222556|31.266141|42.885374|-0.008501|nan|-116.755302
1408|-63.829023|1.136827|-1293.229528|-41.631346|52.057107|-4.530214|-45.590685|0.172158|-52.593680|-5.857680|-39.536260|-94.179779|-72.995900|-13.437080|31.266141|42.183900|-0.013204|nan|-116.569318
1409|-55.456355|0.437735|-1319.230243|-32.920200|52.184846|-4.461062|-26.714154|0.156933|-45.494647|-9.776843|-31.768385|-95.218493|-64.937498|-6.932175|31.266141|41.961303|-0.011927|nan|-116.116297
1410|-49.712162|-0.048674|-1339.448124|nan|52.471704|-4.155756|-21.746646|0.150641|-44.965899|12.131855|-26.624515|-96.090230|-59.528434|-3.789856|31.266141|41.807682|-0.011070|nan|-115.680445
1411|-36.322722|-0.274029|-1354.498043|-14.550033|51.821137|-3.437816|3.863617|0.142327|-34.900939|10.172476|-13.784062|-96.299795|-46.502524|7.696584|32.590810|42.017446|-0.009003|nan|-115.363098
1412|-34.056883|-0.472553|-1366.689463|-13.750599|51.846122|-2.730231|7.064900|0.132583|-32.224008|25.399089|-12.071545|-96.447143|-38.705910|7.579180|34.577813|42.047016|-0.008706|nan|-114.947961
1413|-26.131603|-0.402815|-1375.953118|nan|51.834615|-1.824086|16.558360|0.113939|-25.597552|28.826245|-4.733388|-96.351441|-30.959453|13.038115|42.610180|42.243186|-0.007515|nan|-114.538371
1414|-11.140043|0.014311|-1368.461702|9.398811|51.962670|-1.053358|51.662083|0.075074|-5.987780|31.651903|9.588837|-96.204950|-16.388097|26.099349|43.671721|42.721005|-0.005203|nan|-114.124134
1415|-7.507781|0.426799|-1355.745460|nan|51.399872|-0.236919|59.058150|0.037776|-7.586180|14.833989|12.481366|-95.962733|-13.186814|28.293561|37.253186|36.686929|-0.004695|nan|-113.744232
1416|-14.570335|0.549424|-1369.307001|4.027970|51.715144|0.388698|44.817961|0.012546|-11.892636|16.241558|4.565225|-96.286569|-20.693270|19.155034|37.253186|36.840072|-0.005887|nan|-113.310371
1417|-16.871294|0.533895|-1355.823974|1.186588|52.288433|0.882548|37.973839|-0.011350|-12.093315|-1.087216|1.298081|-96.755055|-23.452997|14.959665|37.253186|36.810729|-0.006325|nan|-112.671193
1418|-16.739766|0.499544|-1337.355128|2.375800|52.182852|1.063758|44.045238|-0.033622|-7.784481|-29.392117|0.419269|-97.284557|-23.784164|13.960711|30.227265|29.920972|-0.006377|nan|-111.700965
1419|-21.685757|0.329314|-1311.286949|-4.458140|52.131645|1.010809|20.642756|-0.038598|-10.793228|-20.588077|-5.493915|-98.510764|-29.193228|6.741005|30.227265|29.877103|-0.007236|nan|-110.858181
1420|-26.527366|0.098955|-1310.594707|-9.743984|51.966762|0.610544|8.279180|-0.056239|-13.531586|-38.432682|-11.380517|-99.983967|-34.491903|0.236882|30.227265|29.693137|-0.008077|nan|-110.609144
1421|-30.945552|-0.080896|-1328.926102|-14.602816|52.001410|0.114758|1.987004|-0.068909|-15.668070|-27.399499|-16.825949|-101.393761|-39.349022|-5.968543|30.227265|29.401922|-0.008848|-74087.483077|-110.616101
1422|-34.714635|-0.269255|-1321.593973|nan|52.024570|-0.362811|-24.947929|-0.093064|-19.622221|-26.984362|-21.487451|-102.672547|-42.503807|-11.511634|30.227265|29.184231|-0.009515|-74085.673848|-110.546280
1423|-62.122125|-0.996312|-1291.166928|-46.027655|51.915242|-1.488926|-61.486710|-0.133282|-39.118997|-26.209217|-49.817284|-104.870813|-66.561852|-40.295910|30.227265|28.257314|-0.014747|-74083.606158|-110.400313
1424|-61.712575|-1.754962|-1275.710034|-45.355752|50.992770|-2.369710|-56.850370|-0.162941|-44.319631|-31.132874|-50.199457|-106.575559|-66.561852|-40.226299|26.805421|24.442492|-0.014794|-74081.538456|-110.254346
1425|-56.118824|-2.510484|-1261.135006|-40.174381|50.665339|-2.997181|-55.084145|-0.195314|-40.491345|-14.801197|-45.349319|-107.963619|-60.493566|-35.483985|26.805421|24.163515|-0.013972|-74079.212305|-110.166797
1426|-42.798358|-3.132424|-1247.975714|nan|50.468248|-3.426594|-37.201116|-0.215552|-24.856141|-7.948895|-32.740462|-108.949096|-47.018045|-22.586126|26.805421|23.976880|-0.011922|-74076.627692|-110.096977
1427|-48.351718|-3.898253|-1247.796746|-34.347817|49.937553|-3.931051|-32.895941|-0.233974|-30.016516|-13.359904|-38.960185|-109.511121|-46.339054|-28.578044|26.805421|23.710734|-0.012870|-74073.267695|-110.016187
1428|-40.100825|-4.533818|-1253.360836|-25.652877|49.596220|-4.118336|-25.610264|-0.242912|-25.139211|8.909211|-31.323900|-109.605321|-37.861431|-20.896784|26.805421|23.847173|-0.011626|-74069.003072|-109.900273
1429|-29.731581|-5.301724|-1267.800117|-15.423637|49.129990|-4.002478|-13.577856|-0.249193|-18.245146|10.460252|-21.554840|-109.588719|-27.526415|-11.420986|26.805421|24.142595|-0.010049|-74064.221539|-109.838272
1430|-25.417947|-6.146087|-1265.539376|nan|48.867624|-3.889093|-15.675247|-0.255048|-11.341845|4.361832|-17.865124|-109.438965|-23.662797|-7.958404|26.805421|24.404852|-0.009435|-74059.310774|-109.813016
1431|-21.320332|-6.801128|-1274.837010|nan|48.680452|-3.871372|-15.564858|-0.261166|-5.139006|0.535347|-14.369762|-109.356264|-20.019958|-4.661796|26.805421|24.638101|-0.008857|-74054.012306|-109.813016
1432|-17.549577|-7.293400|-1278.412043|-5.778860|48.760828|-3.906012|-10.376572|-0.264899|-1.427651|-0.837903|-11.307663|-109.478252|-16.708286|-1.654798|26.805421|24.845932|-0.008331|-74048.196928|-109.832382
1433|-3.953472|-7.639904|-1274.531452|8.147857|48.122150|-3.659094|7.175290|-0.262373|10.026742|-26.702793|1.612550|-109.255088|-3.571987|12.065915|26.805421|25.492990|-0.006244|-74042.510768|-109.910037
1434|1.357756|-7.709411|-1253.063980|nan|47.559435|-3.371602|3.422061|-0.245730|14.964497|-24.336227|6.298034|-109.048861|1.285132|17.738875|26.805421|26.013915|-0.005472|-74037.083081|-110.138521
1435|-1.400919|-7.646796|-1247.005175|9.014457|47.344819|-3.221580|-10.707739|-0.235063|13.763531|-18.880500|2.974590|-108.734001|0.163849|14.807980|26.805421|26.276313|-0.005981|-74031.526152|-110.367005
1436|-8.910383|-7.748471|-1226.767052|1.064999|46.954662|-3.091536|-20.642755|-0.223797|1.416471|-23.341476|-5.043777|-108.478932|-7.784164|7.312172|26.805421|26.333678|-0.007243|-74026.615387|-110.527155
1437|5.102350|-7.245906|-1199.438508|15.430510|46.431005|-2.571885|-11.480463|-0.196013|10.913056|-14.945230|8.571864|-107.900946|6.113691|21.621192|26.805421|26.845605|-0.005086|-74023.126148|-110.688093
1438|32.043155|-6.068879|-1140.150735|41.915056|46.543558|-1.475791|0.331167|-0.133982|31.005797|0.623035|35.348481|-106.746574|32.607067|50.221212|26.805421|27.706516|-0.000878|-101716.545049|-110.864365
1439|29.272086|-5.153949|-1074.216606|38.234913|46.614554|-0.792320|5.188286|-0.129690|35.405784|6.600784|32.488085|-105.413133|32.365784|48.173090|26.805421|33.248874|-0.001386|-101716.189885|-110.903636
1440|18.764556|-4.352724|-990.742869|27.018188|46.593227|-0.378257|-0.331167|-0.155813|23.757584|10.698073|21.923011|-104.076635|23.757267|38.192759|26.805421|34.778529|-0.003122|-101717.965707|-110.965800
1441|16.288032|-3.667043|-905.902128|nan|46.554784|-0.245730|9.824627|-0.159332|26.487151|11.041462|19.278394|-102.764791|20.887151|36.501598|26.805421|34.846638|-0.003578|-101722.050115|-111.045547
1442|-4.758642|-3.557219|-833.079181|3.169351|46.620983|-0.730373|-9.714238|-0.154226|13.072624|-0.860116|-2.015444|-101.926277|-0.528328|16.034305|26.805421|34.267515|-0.006980|-101727.200000|-110.919922
1443|-9.035906|-3.491968|-766.306101|-0.754491|46.426870|-1.243824|-6.844122|-0.154018|6.436283|3.858490|-6.504651|-100.820365|-5.164669|12.730766|26.805421|33.958946|-0.007716|-101733.237796|-110.731626
1444|-5.405703|-3.455037|-713.772717|2.556068|46.401705|-1.975464|11.038906|-0.145219|15.667320|19.663404|-3.066073|-99.877039|-1.852997|17.221393|26.805421|33.865348|-0.007190|-51373.745936|-110.681206
1445|-4.799040|-3.306437|-650.443353|1.747403|46.463099|-2.823402|14.571356|-0.137481|16.078488|10.262561|-2.681310|-99.090591|-1.521830|18.731515|26.805421|33.633072|-0.007138|-27703.657142|-110.703549
1446|3.518143|-2.945049|-557.947829|10.661245|46.470055|-3.302019|15.123302|-0.134170|18.375937|5.302763|5.501372|-98.476274|9.016572|28.199641|26.805421|33.756767|-0.005858|-27705.929671|-110.731930
1447|13.914423|-2.438176|-471.086585|21.101234|46.225533|-3.498057|22.519369|-0.123939|26.691413|13.375880|15.895560|-97.737858|19.332366|39.688237|26.805421|34.003189|-0.004244|-27708.202196|-110.774911
1448|12.037787|-2.069059|-388.413676|nan|45.970568|-3.854740|20.090810|-0.121187|26.432429|24.742577|14.030164|-97.327049|19.234974|38.641748|26.805421|34.188705|-0.004577|-27710.474726|-110.687996
1449|10.051961|-1.655629|-304.430935|nan|45.928196|-3.964932|12.473965|-0.113522|18.065285|-4.739474|12.131645|-97.354153|17.027193|37.355424|26.805421|34.324455|-0.004927|-27712.843954|-110.853749
1450|21.424295|-0.808531|-242.365422|27.993455|46.323003|-3.731432|18.324586|-0.092697|29.214263|-0.653914|23.651402|-97.126394|34.336489|49.598721|26.805421|34.573575|-0.003156|-27715.019781|-111.006272
1451|16.794369|-0.053406|-184.502419|nan|46.549730|-3.578215|8.610348|-0.076249|22.517144|-6.227700|19.214674|-96.816315|29.799370|45.666273|26.805421|34.754448|-0.003927|-27716.808790|-111.131262
1452|17.265147|0.754971|-154.245235|22.123698|46.494676|-3.062426|4.636341|-0.062763|14.737603|-15.987489|19.899997|-96.384103|22.020148|46.915877|26.805421|48.460791|-0.003892|-27718.162639|-111.272516
1453|12.552401|1.645318|-122.366730|nan|46.922132|-2.501248|-28.149212|-0.029759|11.530733|-20.264475|15.552820|-96.086297|17.052640|43.357193|26.805421|46.590372|-0.004680|-27719.226374|-111.435766
1454|13.584194|2.444803|-80.824326|19.142082|46.899088|-1.964437|-27.376489|0.001877|9.903456|-18.071250|16.929422|-95.604775|17.825363|45.487052|31.993707|40.288914|-0.004557|-27720.048352|-111.558489
1455|19.918562|3.213233|-29.471871|25.194622|46.782445|-1.292375|-16.116804|0.033653|15.334855|-9.967514|23.647278|-94.757695|23.896762|53.105889|33.415509|40.423357|-0.003593|-27720.918680|-111.654538
1456|33.983690|4.036130|-3.955493|38.738292|46.190691|-0.329275|10.597350|0.070810|24.732535|3.496388|38.192282|-93.392269|37.695395|69.114470|33.415509|40.837712|-0.001403|-27722.175822|-111.752571
1457|39.542527|4.796629|14.031717|nan|46.381563|0.501573|9.935016|0.111994|33.471210|13.809349|44.196774|-91.778796|42.994070|76.096512|33.415509|41.234197|-0.000562|-27723.723078|-111.844220
1458|53.273950|5.692338|30.713651|57.378852|46.846064|1.686430|31.240105|0.162648|38.458679|19.811298|58.543023|-89.009228|56.461536|91.729123|33.415509|41.972057|0.001575|-27725.705493|-111.851467
1459|63.921087|6.483569|43.929702|nan|48.479416|2.939204|51.551694|0.218187|48.675252|53.673626|69.793006|-85.976905|66.838109|103.972738|33.415509|42.506283|0.003222|-27728.074726|-111.667571
