859|nan|nan|nan|nan|nan|nan|nan|nan|nan|nan|nan|nan|nan|nan|nan|nan|nan|nan|nan
900|nan|nan|nan|nan|nan|nan|nan|nan|nan|nan|nan|nan|nan|nan|nan|nan|nan|nan|nan
901|nan|nan|nan|nan|nan|nan|nan|nan|nan|nan|nan|nan|nan|nan|nan|nan|nan|nan|nan
902|nan|nan|nan|nan|nan|nan|nan|nan|nan|nan|nan|nan|nan|nan|nan|nan|nan|nan|nan
903|nan|nan|nan|nan|nan|nan|nan|nan|nan|nan|nan|nan|nan|nan|nan|nan|nan|nan|nan
904|nan|nan|nan|nan|nan|nan|nan|nan|nan|nan|nan|nan|nan|nan|nan|nan|nan|nan|nan
905|nan|nan|nan|nan|nan|nan|nan|nan|nan|nan|nan|nan|nan|nan|nan|nan|nan|nan|nan
906|nan|nan|nan|nan|nan|nan|nan|nan|nan|nan|nan|nan|nan|nan|nan|nan|nan|nan|nan
907|nan|nan|nan|nan|nan|nan|nan|nan|nan|nan|nan|nan|nan|nan|nan|nan|nan|nan|nan
908|nan|nan|nan|nan|nan|nan|nan|nan|nan|nan|nan|nan|nan|nan|nan|nan|nan|nan|nan
909|nan|nan|nan|nan|nan|nan|nan|nan|nan|nan|nan|nan|nan|nan|nan|nan|nan|nan|nan
910|nan|nan|nan|nan|nan|nan|nan|nan|nan|nan|nan|nan|nan|nan|nan|nan|nan|nan|nan
911|nan|nan|nan|nan|nan|nan|nan|nan|nan|nan|nan|nan|nan|nan|nan|nan|nan|nan|nan
912|nan|nan|nan|nan|nan|nan|nan|nan|nan|nan|nan|nan|nan|nan|nan|nan|nan|nan|nan
913|nan|nan|nan|nan|nan|nan|nan|nan|nan|nan|nan|nan|nan|nan|nan|nan|nan|nan|nan
914|nan|nan|nan|nan|nan|nan|nan|nan|nan|nan|nan|nan|nan|nan|nan|nan|nan|nan|nan
915|nan|nan|nan|nan|nan|nan|nan|nan|nan|nan|nan|nan|nan|nan|nan|nan|nan|nan|nan
916|nan|nan|nan|nan|nan|nan|nan|nan|nan|nan|nan|nan|nan|nan|nan|nan|nan|nan|nan
917|nan|nan|nan|nan|nan|nan|nan|nan|nan|nan|nan|nan|nan|nan|nan|nan|nan|nan|nan
918|nan|nan|nan|nan|nan|nan|nan|nan|nan|nan|nan|nan|nan|nan|nan|nan|nan|nan|nan
919|nan|nan|nan|nan|nan|nan|nan|nan|nan|nan|nan|nan|nan|nan|nan|nan|nan|nan|nan
920|nan|nan|nan|nan|nan|nan|nan|nan|nan|nan|nan|nan|nan|nan|nan|nan|nan|nan|nan
921|nan|nan|nan|nan|nan|nan|nan|nan|nan|nan|nan|nan|nan|nan|nan|nan|nan|nan|nan
922|nan|nan|nan|nan|nan|nan|nan|nan|nan|nan|nan|nan|nan|nan|nan|nan|nan|nan|nan
923|nan|nan|nan|nan|nan|nan|nan|nan|nan|nan|nan|nan|nan|nan|nan|nan|nan|nan|nan
924|nan|nan|nan|nan|nan|nan|nan|nan|nan|nan|nan|nan|nan|67.848180|nan|55.994101|nan|nan|nan
925|nan|nan|nan|nan|nan|nan|nan|nan|nan|nan|nan|nan|nan|72.751998|nan|54.043707|nan|nan|nan
926|nan|nan|nan|nan|nan|nan|nan|nan|nan|nan|nan|nan|nan|70.511806|nan|53.807100|nan|nan|nan
927|nan|nan|nan|nan|nan|nan|nan|nan|nan|nan|nan|nan|nan|77.870743|nan|51.925678|nan|nan|nan
928|nan|nan|nan|nan|nan|nan|nan|nan|nan|nan|nan|nan|nan|70.337866|46.079816|51.437408|nan|nan|nan
929|nan|nan|nan|nan|nan|nan|nan|nan|nan|nan|nan|nan|nan|72.897596|39.759844|45.134200|nan|nan|nan
930|nan|nan|nan|nan|nan|nan|nan|nan|nan|nan|nan|nan|nan|64.744498|39.759844|44.622153|nan|nan|nan
931|nan|nan|nan|nan|nan|nan|nan|nan|nan|nan|nan|nan|nan|59.350697|37.564545|42.123216|nan|nan|nan
932|nan|nan|nan|nan|nan|nan|nan|nan|nan|nan|nan|nan|nan|65.410787|31.912915|36.488169|nan|nan|nan
933|nan|nan|nan|nan|43.740812|nan|nan|nan|nan|nan|nan|nan|nan|66.541415|31.912915|36.446976|nan|nan|nan
934|nan|nan|nan|nan|43.310995|nan|nan|nan|nan|nan|nan|nan|nan|51.412803|31.912915|35.899606|nan|nan|nan
935|nan|nan|nan|nan|42.371320|nan|nan|nan|nan|-14.718463|nan|nan|nan|44.261689|30.879981|34.391961|nan|nan|nan
936|nan|nan|nan|nan|41.567738|nan|nan|nan|nan|-7.853007|nan|nan|nan|34.730603|30.447643|33.393434|nan|nan|nan
937|nan|nan|nan|nan|40.929163|nan|nan|nan|nan|-13.039072|nan|nan|nan|32.310684|30.447643|32.916342|nan|nan|nan
938|nan|nan|nan|nan|40.362310|nan|nan|nan|nan|-26.129116|nan|nan|nan|24.010072|30.447643|32.360641|nan|nan|nan
939|nan|nan|nan|nan|40.731528|nan|nan|nan|nan|-9.896580|nan|nan|nan|16.370997|30.447643|31.903963|nan|nan|nan
940|nan|nan|nan|nan|42.297639|nan|nan|nan|nan|13.744923|nan|nan|nan|15.416934|30.447643|31.376187|nan|nan|nan
941|nan|nan|nan|nan|42.257871|nan|nan|nan|nan|20.829739|nan|nan|nan|27.919211|30.447643|31.414510|nan|nan|nan
942|nan|nan|nan|nan|43.021374|nan|nan|nan|nan|29.612983|nan|nan|nan|20.460850|30.447643|31.125308|nan|nan|nan
943|nan|-17.065861|nan|nan|42.234969|nan|nan|nan|nan|35.884400|nan|nan|nan|33.875231|27.230829|28.136127|-0.003273|nan|nan
944|nan|-15.793236|nan|nan|42.191412|nan|nan|nan|nan|25.742898|nan|nan|nan|32.513125|27.230829|28.149363|-0.003288|nan|nan
945|nan|-14.716599|nan|nan|42.690968|nan|nan|nan|nan|20.783997|nan|nan|nan|28.256685|27.230829|27.994986|-0.003707|nan|nan
946|nan|-13.598017|nan|nan|42.644046|nan|nan|nan|nan|12.286697|nan|nan|nan|29.879441|27.230829|28.019209|-0.003242|nan|nan
947|nan|-13.053355|nan|nan|42.919821|nan|nan|nan|nan|20.339560|nan|nan|nan|21.085007|27.230829|27.874954|-0.004343|nan|nan
948|nan|-12.557478|nan|nan|43.676756|nan|nan|nan|nan|7.721991|nan|nan|nan|18.231025|27.230829|27.600812|-0.004669|nan|nan
949|nan|-12.779092|nan|-23.390391|44.507442|nan|nan|nan|nan|-8.174477|nan|nan|nan|3.215378|27.230829|27.074618|-0.007357|nan|nan
950|nan|-12.843530|nan|-19.312303|44.475132|nan|nan|nan|nan|-15.571975|nan|nan|nan|5.412562|27.230829|26.973167|-0.006768|nan|nan
951|nan|-12.204393|nan|-4.252108|44.061646|nan|nan|nan|nan|6.595323|nan|nan|nan|18.909090|27.230829|27.204670|-0.004348|nan|nan
952|nan|-11.609664|nan|-6.361526|44.493286|nan|nan|nan|nan|-5.491268|nan|nan|nan|15.658577|27.230829|27.078105|-0.004581|nan|nan
953|nan|-11.070043|nan|-4.644970|44.495324|nan|25.279887|nan|nan|6.387600|nan|nan|nan|14.514721|27.230829|27.134903|-0.004472|nan|nan
954|nan|-10.411813|nan|0.780783|44.259429|nan|35.047115|nan|nan|1.612424|nan|nan|nan|18.833515|27.230829|27.334248|-0.003588|nan|nan
955|nan|-9.561122|nan|8.143862|43.866761|nan|45.484644|nan|nan|13.607946|nan|nan|nan|24.612385|27.230829|27.642571|-0.002393|nan|nan
956|nan|-8.749720|nan|6.888761|43.883344|nan|42.420416|nan|nan|10.173729|nan|nan|nan|23.617543|27.230829|27.724673|-0.002377|nan|nan
957|nan|-7.808571|nan|13.317645|43.677452|nan|53.719759|nan|nan|2.148277|nan|nan|nan|27.555076|27.230829|27.936802|-0.001555|nan|nan
958|nan|-6.385281|nan|31.719478|43.282368|nan|64.444559|nan|nan|20.862508|nan|nan|nan|46.236206|27.230829|32.982790|0.001501|nan|nan
959|nan|-4.763489|nan|nan|43.483306|8.324810|76.988746|0.709838|nan|20.622030|nan|nan|nan|56.973637|27.230829|33.568833|0.003239|nan|nan
1000|nan|-3.827226|nan|24.506599|43.979323|8.757625|50.559773|0.539767|nan|4.924147|nan|nan|nan|39.496042|27.230829|33.540597|0.000400|nan|nan
1001|nan|-2.961849|nan|24.263040|44.155554|9.183848|43.569501|0.447991|nan|4.285574|nan|-94.785711|nan|38.572010|27.230829|33.648288|0.000229|nan|nan
1002|nan|-1.655168|nan|43.426204|44.256535|10.278993|68.945145|0.468477|nan|8.273490|nan|-94.596283|nan|58.908505|27.230829|34.322412|0.003409|nan|nan
1003|nan|-0.155186|nan|57.825420|44.492962|11.718644|83.691746|0.500681|nan|13.282492|nan|-93.813053|nan|73.740860|27.230829|35.123286|0.005657|nan|nan
1004|nan|2.225760|nan|95.461539|46.218078|14.318628|106.864976|0.582818|nan|43.815785|nan|-92.079161|nan|114.861358|27.230829|36.782913|0.011842|nan|nan
1005|nan|4.358605|nan|96.822475|48.060811|16.619775|101.598332|0.624651|nan|43.796129|nan|-90.067122|nan|119.576234|27.230829|37.709027|0.012165|nan|nan
1006|nan|6.152629|nan|90.964104|49.822535|18.623459|85.128103|0.668466|nan|35.636413|nan|-88.118448|nan|115.507331|27.230829|38.512796|0.011032|nan|nan
1007|nan|7.385435|nan|nan|51.503737|20.082943|68.945146|0.670630|nan|27.276779|nan|-86.739782|nan|104.135007|27.230829|38.903804|0.008752|nan|nan
1008|nan|8.523933|nan|nan|53.141676|21.374076|59.273673|0.686477|nan|25.655188|nan|-85.418582|nan|105.986380|27.230829|39.121636|0.008487|nan|nan
1009|nan|9.537657|nan|nan|54.578257|22.512884|50.942801|0.692411|nan|28.998276|nan|-83.732996|nan|107.859184|27.230829|39.201628|0.008207|nan|nan
1010|nan|10.409315|nan|71.621298|56.045927|23.566431|49.219174|0.691962|nan|22.131971|nan|-81.900550|nan|109.980024|27.230829|39.326858|0.007896|nan|nan
1011|nan|11.052162|nan|63.967005|57.473135|24.336237|55.251874|0.686551|nan|17.648037|nan|-80.019638|nan|107.409902|27.230829|39.178248|0.006842|nan|nan
1012|nan|11.477285|nan|54.968196|58.767464|24.804120|40.026487|0.670126|nan|26.206587|nan|-78.361133|nan|102.263137|27.230829|38.817510|0.005385|nan|nan
1013|nan|11.680857|nan|nan|59.825542|25.057900|45.293130|0.649302|nan|20.068254|nan|-76.724510|nan|97.386043|31.504101|57.919637|0.003944|nan|nan
1014|nan|11.449990|nan|27.867765|60.228927|24.821703|26.716244|0.617580|nan|22.920043|nan|-75.448413|nan|82.715843|31.504101|57.242081|0.000956|nan|nan
1030|nan|11.361267|nan|nan|59.989989|24.709737|27.003515|0.592910|nan|15.280077|nan|-74.104072|nan|89.538095|31.504101|56.792539|0.001420|nan|nan
1031|nan|10.836010|nan|10.920477|60.419418|24.071602|10.054500|0.562343|nan|16.288857|nan|-73.654265|nan|72.529354|31.504101|55.911027|-0.001783|nan|nan
1032|nan|10.186074|nan|-1.715425|60.210189|23.207523|-9.096929|0.532641|nan|6.211628|nan|-73.394341|nan|63.067410|31.504101|50.505667|-0.003779|nan|nan
1033|23.779580|9.516682|nan|nan|60.698201|22.322542|-16.182958|0.505410|nan|3.666727|nan|-73.663829|nan|61.075970|31.504101|44.679207|-0.004599|nan|nan
1034|20.718285|8.848186|nan|nan|60.776214|21.462394|-31.887129|0.480445|nan|0.550069|nan|-73.985595|nan|61.398211|31.504101|43.944767|-0.005001|nan|nan
1035|22.640389|8.272212|nan|-5.757300|60.492842|20.763278|-25.854430|0.457363|nan|8.553493|nan|-74.146730|nan|66.101306|31.504101|43.340781|-0.004614|nan|nan
1036|24.273161|8.188955|nan|-3.554950|60.500171|20.203986|-8.713900|0.436556|nan|11.305908|nan|-74.302355|nan|70.222694|31.504101|42.459806|-0.004258|nan|nan
1037|21.410173|8.108610|nan|-7.075580|60.373062|19.582567|-12.544186|0.417308|nan|4.794149|nan|-74.332475|nan|69.217928|31.504101|42.156205|-0.004644|nan|nan
1038|3.159453|7.861747|nan|-24.415169|59.982456|18.363627|-29.588958|0.424052|nan|2.486653|nan|-74.770782|nan|51.204293|31.504101|41.435887|-0.007505|nan|nan
1039|4.450549|7.902232|nan|-22.121847|59.303804|17.270191|-22.311415|0.404412|nan|6.141411|nan|-74.775259|nan|52.513035|31.504101|40.933780|-0.007211|nan|nan
1040|0.348364|7.779070|nan|-26.516613|59.318276|16.042167|-18.481130|0.390612|nan|14.061718|nan|-74.996347|nan|47.666508|31.504101|40.560619|-0.008000|nan|nan
1041|3.271988|7.628540|nan|-21.939652|59.547945|15.016300|-14.938114|0.374785|nan|-6.977674|nan|-75.531100|nan|49.653646|31.504101|40.321709|-0.007443|nan|nan
1042|4.562125|7.533976|nan|nan|59.263633|13.939148|-8.043601|0.353521|nan|-10.007772|nan|-75.975012|nan|49.593707|31.504101|40.206056|-0.007149|nan|nan
1043|8.799712|7.350092|nan|-15.444932|59.682309|13.149475|15.512658|0.353521|nan|6.759538|nan|-76.289746|nan|51.501091|39.997071|40.267096|-0.006391|nan|-82.350383
1044|16.893765|7.260113|nan|-6.547230|60.303353|12.531402|34.759845|0.331105|nan|14.802563|nan|-76.355876|nan|55.960477|39.997071|40.465422|-0.005015|nan|-82.345926
1045|13.550761|7.091380|nan|-11.077441|61.234959|11.950924|14.267815|0.320291|nan|40.615320|nan|-76.704551|nan|48.331902|39.997071|40.460940|-0.005495|nan|-82.350547
1046|-3.510200|6.609821|nan|-27.237912|62.068594|10.978094|-3.447257|0.306801|nan|30.420467|-13.011000|-77.485013|nan|27.214299|39.997071|39.836564|-0.008612|nan|-82.515593
1047|-17.966251|6.089495|nan|-41.261029|62.749002|9.560572|2.202414|0.277680|nan|29.707591|-29.354128|-78.766864|nan|9.016515|39.997071|38.889248|-0.013192|nan|-82.845517
1048|-17.905732|5.667115|nan|nan|63.430208|8.267810|16.661743|0.246836|nan|13.832054|-31.156427|-80.528996|nan|5.473818|39.997071|38.316288|-0.013101|nan|-83.147265
1049|3.085337|5.840986|nan|-18.872143|63.039209|7.856240|76.318446|0.212501|nan|14.569969|-13.201109|-82.091554|nan|23.036948|39.997071|38.504045|-0.009636|nan|-83.371633
1050|9.653186|6.066120|nan|-12.595161|62.820069|7.631931|85.319618|0.181536|nan|20.065155|-8.867332|-82.975192|nan|25.756134|39.997071|38.514518|-0.008508|nan|-83.523723
1051|13.697413|6.146052|1595.190296|-7.394483|62.525774|7.760844|82.734174|0.148600|3.701363|31.181154|-6.229119|-83.681886|-0.940572|26.043722|39.997071|38.847935|-0.007796|nan|-83.607014
1052|12.899482|6.112981|1558.797943|-8.673878|62.624254|7.850388|68.179089|0.124843|5.302578|27.801409|-8.026737|-84.939366|-1.579357|21.325903|39.997071|38.968109|-0.007874|nan|-83.700192
1053|14.348077|6.190745|1519.543048|nan|62.328512|8.101568|68.274845|0.096225|4.866206|19.333291|-7.379857|-86.544220|-2.415729|18.980834|39.997071|39.074150|-0.007596|nan|-83.777791
1054|22.162153|6.367331|1458.444141|2.173473|60.915289|8.649203|74.594816|0.069997|11.068839|21.605021|-0.399856|-89.003561|5.387871|23.239603|39.997071|39.321743|-0.006297|nan|-83.811016
1055|18.523077|6.338058|1379.496854|-2.355302|59.229593|9.067701|69.232417|0.046287|7.382227|-12.925868|-4.925984|-91.575866|-0.379386|16.196216|39.997071|39.369275|-0.006854|nan|-83.885033
1056|19.017057|6.295523|1303.684895|-0.603847|57.460429|9.340334|63.391231|0.025489|11.811237|-18.747458|-5.186453|-93.914375|0.290914|14.003893|38.850914|38.421519|-0.006746|nan|-83.980438
1057|23.753273|6.246796|1257.216908|nan|55.656809|9.784164|59.273674|0.010092|11.014529|-35.178985|-1.014638|-95.570175|5.174529|16.299266|28.734529|28.465180|-0.005957|nan|-84.023745
1058|23.608125|5.942906|1221.285012|nan|53.878797|9.978679|50.368259|-0.002785|15.574529|-34.141009|-1.607501|-97.169183|5.174529|13.654969|28.734529|28.593374|-0.005957|nan|-84.073359
1059|16.571294|5.252006|1191.647643|-3.705257|52.298969|9.993199|24.992615|-0.008534|6.840337|-22.554683|-8.906347|-98.874097|-1.719986|3.942763|28.734529|28.541326|-0.007071|nan|-84.196111
1100|26.124116|5.013992|1162.213832|6.786370|50.441472|10.320665|37.536801|-0.016485|8.351486|-21.359546|0.406082|-100.248423|7.231486|11.543082|19.011486|19.087609|-0.005508|nan|-84.211155
1101|28.604316|4.822263|1135.720786|9.647005|48.699161|10.620783|20.300515|-0.030144|10.937252|-12.330323|2.877122|-101.366652|9.816929|12.145837|19.011486|19.297069|-0.005090|nan|-84.181094
1102|33.311215|4.461180|1121.438585|14.159036|46.843561|11.148038|12.735700|-0.001613|10.364463|-8.284133|7.765930|-102.235458|12.684786|15.623736|13.884786|14.484438|-0.004317|nan|-84.141843
1103|30.282128|3.788625|1103.771262|nan|45.508764|11.575493|4.692100|0.003120|6.115345|-8.608686|4.953248|-102.990342|7.156315|11.969644|13.884786|14.568803|-0.004796|nan|-84.149693
1104|15.964785|2.327344|1087.336191|-3.534949|45.122070|11.806848|-12.065400|0.001890|-7.190854|-18.498347|-9.176296|-103.631254|-11.671500|-2.983792|13.884786|14.165065|-0.007102|nan|-84.283044
1105|2.112546|0.547099|1077.054747|-17.415335|45.120854|11.658638|-23.460501|-0.011412|-14.019559|-16.753600|-22.984677|-104.738337|-25.460529|-17.165573|13.884786|13.538709|-0.009331|nan|-84.577213
1106|14.306523|-0.766650|1067.149414|-4.748661|44.092394|11.723711|-9.001171|-0.011021|-6.323614|-18.589094|-10.679664|-104.962005|-13.203614|-3.682304|13.884786|13.668965|-0.007350|nan|-84.735752
1107|19.234407|-1.835519|1049.891584|nan|43.401326|11.887518|-6.415729|-0.010422|-5.504243|-3.334546|-5.543887|-104.756585|-8.224243|1.892161|13.884786|13.773258|-0.006545|nan|-84.845457
1108|21.868600|-2.817679|1044.257700|nan|42.926367|12.077207|-21.449601|-0.036147|-1.142720|2.176957|-2.528350|-104.363118|-5.543043|5.293455|13.884786|13.856037|-0.006112|nan|-85.170633
1109|38.497599|-3.426056|1043.399149|19.619095|42.200044|12.609978|-2.968471|0.018634|11.518378|9.670240|14.535987|-103.609386|11.118701|23.119671|13.884786|14.382571|-0.003419|nan|-85.638211
1110|40.477778|-3.983995|1048.202743|20.901885|41.869060|12.959395|-4.500586|0.055706|17.769278|22.531744|16.957846|-102.908199|13.129601|25.931035|13.884786|14.634092|-0.003094|nan|-86.148132
1111|46.208978|-4.309517|1050.210053|27.471218|41.413144|13.487542|4.692101|0.070027|17.432766|16.527722|23.094522|-102.175770|18.875030|33.324725|13.884786|15.129371|-0.002165|nan|-86.654735
1112|39.491332|-4.677807|1036.673870|19.916692|41.264565|13.666896|-0.191515|0.083881|16.569439|4.770182|16.736308|-101.594619|12.172029|28.208288|13.884786|15.193795|-0.003248|nan|-87.346735
1113|28.249593|-5.022351|1008.407950|8.754731|41.001028|13.274221|-6.703000|0.081561|15.366501|-12.761557|5.866614|-100.845973|0.968443|18.557932|13.884786|15.074776|-0.005057|nan|-88.066689
1114|27.330048|-5.039211|992.579077|nan|41.007317|12.685518|0.957572|0.081992|14.665983|-11.645430|5.234844|-100.046713|3.546629|19.041015|13.884786|14.967733|-0.005196|nan|-88.561733
1115|28.901685|-5.067104|982.271416|10.674642|40.745829|12.468639|-0.383029|0.083240|8.373207|-15.345959|7.129380|-99.095501|5.174500|21.805449|13.884786|15.025155|-0.004933|nan|-88.897769
1116|23.571656|-4.936040|953.264310|4.183893|40.789389|12.115092|-22.311415|0.091102|7.507534|-6.386859|2.212632|-98.415200|-0.092143|17.925370|13.884786|14.902664|-0.005784|nan|-89.217613
1117|18.310448|-4.679319|937.360513|-0.976960|40.889824|11.294671|-41.462845|0.103762|12.576648|-3.808029|-2.517297|-97.923547|-3.183029|13.766047|13.884786|20.195013|-0.006619|nan|-89.647933
1118|13.205925|-4.409968|920.085325|-5.945828|40.856380|10.117892|-45.867673|0.119127|13.677600|-7.345733|-7.117835|-97.675314|-6.082400|10.131106|13.884786|19.827917|-0.007423|nan|-90.123584
1119|3.922430|-4.269666|911.992965|nan|40.938172|8.121011|-33.515001|0.106299|20.661317|-6.203698|-16.056701|-97.877541|-15.019329|1.931864|13.884786|19.382738|-0.008893|nan|-90.450745
1120|6.281858|-4.087331|890.090573|-11.277149|40.577885|6.219916|-23.939286|0.111891|17.646114|-7.606413|-13.342818|-97.918426|-12.433886|5.539993|13.884786|19.189533|-0.008476|nan|-90.668319
1121|8.509015|-3.911361|864.983219|nan|40.017824|4.494295|-17.044772|0.102285|22.136123|1.458108|-11.057738|-97.431366|-8.024200|8.909245|13.884786|19.041576|-0.008073|nan|-90.753089
1122|3.907360|-3.830140|838.099820|-14.261057|40.061535|2.892464|-21.832629|0.089968|18.147374|10.270242|-15.356744|-96.814510|-10.093272|4.602972|13.884786|18.776866|-0.008770|nan|-90.839575
1123|24.767544|-3.069288|822.693035|7.603656|39.452902|1.912904|1.053328|0.096481|31.308411|24.728371|6.059132|-95.662172|11.069057|26.518100|13.884786|19.193327|-0.005351|nan|-90.881168
1124|32.984404|-2.230872|808.403891|nan|39.007122|1.136058|17.619314|0.106834|38.470150|26.608739|15.037591|-94.945831|19.591443|35.655763|13.884786|27.431689|-0.003974|nan|-90.937502
1125|41.203070|-1.242507|782.357100|24.798196|38.018826|0.610428|22.694443|0.130888|45.792537|16.957915|24.168680|-94.217785|30.273829|45.189909|13.884786|25.431879|-0.002597|nan|-90.983434
1126|42.246092|-0.330651|749.846141|26.450013|37.397728|0.165063|24.705343|0.155422|45.453137|21.975475|26.130643|-93.586655|40.014429|47.089698|13.884786|25.953225|-0.002381|nan|-91.039767
1127|45.692790|0.600654|722.627220|nan|36.969201|-0.113185|33.323487|0.185987|46.947989|14.615919|30.486647|-92.709370|48.068958|51.396838|13.884786|26.343396|-0.001777|nan|-91.085699
1128|44.261797|1.442591|705.834468|27.848943|37.058303|-0.356454|32.174401|0.203453|47.958903|17.974185|29.926144|-91.885224|55.159872|50.648646|13.884786|26.472647|-0.001963|nan|-91.111603
1129|35.374451|1.970994|702.073374|nan|36.926880|-0.459061|16.661743|0.212661|35.099789|1.871681|21.874416|-91.539547|42.221729|42.658670|13.884786|26.550419|-0.003354|nan|-91.158844
1330|30.804676|2.407544|695.942101|14.941183|36.644886|-0.701480|22.024144|0.209372|32.230070|-13.946481|18.114778|-91.222395|37.912658|39.250494|13.884786|26.587063|-0.004050|nan|-91.227370
1331|33.725011|3.080261|721.518958|19.357351|36.593328|-0.523231|27.769573|0.233685|26.511028|-19.545173|21.781128|-90.817110|35.552644|43.493192|13.884786|26.744995|-0.003539|nan|-91.284058
1332|38.968724|3.984544|763.371851|24.875312|36.780995|-0.018557|38.015587|0.221434|26.368862|-14.121122|27.689934|-90.361566|37.570801|49.246183|19.438701|26.995791|-0.002635|nan|-91.352584
1333|20.792898|4.533797|814.290003|6.222854|37.758406|0.025524|17.332044|0.217932|15.295083|-1.835252|10.307622|-90.392838|18.495729|31.714833|19.438701|26.546923|-0.002081|nan|-91.404149
1334|10.870670|4.696874|852.892648|-3.830957|38.633909|-0.084631|-6.415729|0.219029|6.536417|-3.226939|1.123546|-90.469116|7.815771|22.529774|19.438701|26.018421|-0.003253|nan|-91.424964
1335|8.332118|4.629477|902.223536|nan|39.903541|-0.242398|-22.311415|0.230485|4.989437|16.421971|-0.682839|-90.845904|5.709114|20.415358|19.438701|25.587821|-0.003593|nan|-91.432099
1336|6.192330|4.514945|934.812237|nan|41.053623|-0.440016|-11.778129|0.220707|4.386453|8.148895|-2.309201|-91.326846|3.985485|18.898597|19.438701|25.238785|-0.003872|nan|-91.407895
1337|-0.634844|4.237970|958.047376|-14.053719|42.567960|-0.735518|-13.214486|0.204076|-2.829597|15.289078|-8.816397|-92.103167|-3.870243|12.310441|19.438701|24.803739|-0.004908|nan|-91.357606
1338|1.664572|3.997402|979.419861|-9.879732|43.554177|-0.604027|-7.852086|0.212801|-9.109043|1.794977|-6.266112|-92.709301|-8.469043|15.091294|19.438701|24.614355|-0.004475|nan|-91.321244
1339|-5.313492|3.467566|1001.186159|-17.591618|44.303390|-0.703590|2.202415|0.149694|-8.515640|3.088597|-13.079894|-93.101694|-15.076286|8.250371|24.513829|24.157552|-0.005542|nan|-91.289813
1340|-2.693223|3.091830|1036.319728|-13.544724|44.466591|-0.601780|7.181786|0.107491|-10.427169|13.377555|-10.212960|-93.021974|-12.347815|11.207383|24.513829|25.299421|-0.005063|nan|-91.264512
1341|-2.647457|2.727202|1054.292074|nan|45.728713|-0.527944|13.310244|0.080996|-9.004463|29.658672|-10.019822|-93.276196|-11.964786|11.356732|24.513829|34.538251|-0.005001|nan|-91.255789
1342|17.919284|2.682561|1076.606630|7.122660|46.152033|0.101525|27.482301|0.081309|3.148980|24.114034|10.765571|-93.106575|8.510272|31.979155|24.513829|35.045855|-0.001630|nan|-91.273293
1343|30.548497|2.825620|1092.869640|19.125715|46.857542|0.841584|29.205929|0.088710|17.595870|15.248439|23.597945|-92.672360|21.437486|44.726378|24.513829|35.444647|0.000458|nan|-91.307753
1344|33.046311|3.139879|1090.998744|23.104351|47.249121|1.570339|31.121073|0.095930|18.051858|2.448986|26.308263|-92.644611|24.214444|47.767758|24.513829|34.625065|0.000906|nan|-91.366717
1345|28.561390|3.232703|1083.754077|18.214863|47.790402|2.125177|28.535629|0.098951|15.519513|-9.620061|21.958103|-92.800877|19.361129|43.152197|24.513829|34.789417|0.000226|nan|-91.428012
1346|19.707031|3.164230|1078.461311|nan|48.257782|2.796556|14.650843|0.099705|-1.658630|-12.973764|13.172447|-93.336651|2.022986|34.511040|24.513829|34.906142|-0.001165|nan|-91.462472
1347|15.599016|2.969225|1059.835570|5.114192|48.552263|3.565749|5.553914|0.100615|-10.384674|-25.247672|9.124175|-93.777674|-8.543057|30.979483|24.513829|34.830442|-0.001799|nan|-91.506722
1348|17.090817|2.863029|1036.015014|nan|48.596536|4.404785|2.202415|0.102822|-9.475831|-19.560185|10.770825|-93.821672|-6.915185|33.335175|24.513829|34.913032|-0.001536|nan|-91.496803
1349|16.578328|2.905102|1012.317568|nan|48.552561|4.867508|-7.277543|0.124911|-2.898537|-12.302830|10.538147|-93.837811|-7.298214|32.664710|24.513829|34.964434|-0.001598|nan|-91.480809
1350|21.060714|3.260185|1005.793110|12.638633|48.511482|5.334173|-0.095757|0.124911|-3.101871|-4.384549|15.297563|-93.759442|-2.701871|37.299389|24.513829|35.144714|-0.000755|nan|-91.821244
1351|18.547809|3.461246|992.846738|8.536861|48.512602|5.613077|0.000000|0.119366|0.424523|0.350225|12.964208|-93.608956|-5.095800|34.556839|24.513829|35.115831|-0.001142|nan|-92.705368
1352|20.923501|3.628880|971.204769|12.755368|48.045849|5.989665|-1.819386|0.134317|-1.486114|17.677047|15.471746|-93.247286|-2.606114|36.770744|24.513829|35.231610|-0.000740|nan|-93.398990
1353|25.506113|3.794012|964.144776|17.419739|47.164107|6.454253|24.035043|0.153232|0.645341|22.847996|20.138652|-92.625344|2.085986|41.298175|24.513829|29.330554|0.000017|nan|-94.018916
1354|41.108051|3.995950|948.977588|32.462884|46.286074|7.185292|48.261601|0.176556|11.868545|34.700043|35.999413|-91.337774|17.790158|57.453029|24.513829|29.950140|0.002552|nan|-94.461974
1355|37.561947|3.969999|908.177164|28.371831|46.124864|7.753045|53.336730|0.184963|10.661933|34.295482|32.632801|-90.249874|14.342901|53.840293|25.854429|30.099485|0.001996|nan|-94.922477
1356|38.908871|3.996834|854.052543|31.106241|45.680244|8.362381|56.113687|0.200160|12.498290|29.742304|34.203176|-89.211999|15.779258|55.565716|27.677097|30.341312|0.002227|nan|-95.297285
1357|33.551789|3.962605|757.741102|24.179045|45.120522|8.715384|54.581573|0.235396|10.352293|26.384281|29.073941|-88.215305|11.872615|50.224503|27.677097|30.344819|0.001377|nan|-95.617850
1358|32.320877|4.150141|664.351258|nan|45.388836|9.032380|52.283401|0.225308|10.001915|34.609390|27.982319|-87.867546|15.283529|49.091756|27.677097|30.315988|0.001192|nan|-95.888979
1359|28.419733|4.279152|575.880660|nan|45.688366|9.386852|39.834973|0.226348|5.371306|3.062033|24.175269|-87.851906|11.453244|45.732355|27.677097|30.262239|0.000574|nan|-96.011145
1400|36.006670|4.581592|505.563835|28.440042|46.080006|9.751578|43.186473|0.235279|16.391554|3.306863|31.790709|-87.858159|19.913815|53.681993|27.677097|30.343511|0.001810|nan|-96.097664
1401|31.624629|4.826834|441.987844|nan|46.317035|9.982219|42.037388|0.234952|13.122483|-13.127848|27.408155|-87.985492|15.604744|49.480170|27.677097|30.375434|0.001114|nan|-96.148402
1402|73.034151|5.951403|397.514807|64.891941|47.026872|11.298509|88.958389|0.250603|39.222095|11.008144|69.016391|-87.063587|57.067588|92.604263|27.677097|31.753051|0.007802|nan|-96.220925
1403|131.151764|8.038297|351.330795|123.019125|49.047197|13.956747|129.367905|0.303805|80.064424|54.174679|127.771460|-84.502307|115.192176|154.701670|27.677097|34.011592|0.017173|nan|-96.290146
1404|161.190457|10.609414|313.854880|152.997553|52.065312|17.492188|149.859934|0.360603|92.433820|87.440542|158.793255|-80.914746|145.164163|189.845676|27.677097|36.623772|0.021998|nan|-96.370877
1405|155.396407|12.880554|280.441640|146.784329|55.297813|20.764168|141.816334|0.413081|88.978173|73.014299|154.091996|-77.414995|138.987220|189.031055|27.677097|38.096639|0.021034|nan|-96.451609
1406|142.661968|14.911121|255.504271|nan|58.358792|23.446817|127.165490|0.459603|84.690958|61.043339|142.469502|-74.395201|126.060005|181.226163|27.677097|39.123735|0.018945|nan|-96.524506
1407|131.016466|16.748539|246.619907|nan|61.255628|25.647857|108.875876|0.514995|75.458697|44.017412|131.934972|-71.875147|114.186119|175.299436|27.677097|39.636655|0.017028|nan|-96.570220
1408|108.672032|17.870328|242.968064|99.376200|63.125566|27.150666|88.958389|0.528321|59.500978|31.188237|110.665683|-69.491551|91.587432|157.721016|27.677097|44.027268|0.013386|nan|-96.599997
1409|98.687801|18.708942|256.338804|nan|64.675516|28.143391|72.105131|0.576944|55.575612|36.059936|101.745848|-67.134091|81.341417|152.717524|27.677097|43.915500|0.011734|nan|-96.624826
1410|104.912391|19.526463|328.758765|95.590319|66.169059|29.316815|81.010546|0.614840|53.590939|47.613811|109.009034|-64.552801|87.278361|163.863657|27.677097|44.009238|0.012687|nan|-96.647325
1411|94.284899|19.999591|470.660738|84.043532|67.613398|30.034215|70.477260|0.653892|51.075270|36.122495|99.476740|-62.258913|76.362046|158.189864|27.677097|43.638032|0.010927|nan|-96.679592
1412|79.170583|20.134101|648.319527|68.308465|68.597561|30.518372|75.935417|0.667777|34.218366|44.514589|85.358901|-60.223597|60.945145|147.948818|27.677097|43.061914|0.008444|nan|-96.709369
1413|85.259621|20.374677|817.096392|74.899668|69.703320|31.435810|94.608060|0.680125|32.523152|62.217929|92.418625|-58.122026|66.690574|159.029872|27.677097|42.947949|0.009367|nan|-96.760199
1414|81.711129|20.652593|969.418620|70.126324|70.369303|32.209383|93.458975|0.688783|31.237432|72.906839|89.868221|-55.945723|62.764531|160.041058|27.677097|42.580920|0.008733|nan|-96.811030
1415|82.875923|21.072746|1111.592143|71.846112|71.092066|33.059849|90.011717|0.702304|31.283169|71.669817|92.095575|-53.846459|72.010588|165.330703|27.677097|42.482113|0.008854|nan|-96.861860
1416|72.189173|21.228282|1248.545845|60.101483|71.702203|33.671572|70.285745|0.712832|23.855660|69.540940|82.487993|-52.065780|61.142759|158.099093|27.677097|74.350524|0.007067|nan|-96.912691
1417|61.825783|21.203537|1372.500743|48.959403|72.821150|34.132792|55.539145|0.722763|15.755750|57.680758|73.012562|-51.172295|50.722202|150.354255|27.677097|86.051517|0.005326|nan|-96.969956
1418|38.092217|20.980127|1506.999380|25.213931|73.215595|34.124120|32.940459|0.721138|-1.989516|30.501084|49.907339|-51.295836|24.815644|128.914059|27.677097|71.087990|0.001433|nan|-97.017145
1419|15.849644|20.592260|1625.518243|2.264071|73.798379|33.828693|9.767229|0.710491|-20.538101|15.405846|28.013123|-52.081545|0.025443|108.592599|27.677097|55.550594|-0.002229|nan|-97.034202
1420|19.600341|20.403657|1724.840558|6.064240|73.777685|33.722918|17.523558|0.686883|-17.539407|22.703887|32.070247|-52.609950|3.185429|113.762185|27.677097|52.280869|-0.001721|nan|-97.045175
1421|20.903507|20.236131|1825.244369|nan|74.004389|33.631649|15.799929|0.700232|-15.188783|20.333479|33.636683|-52.843664|3.855729|116.203377|27.677097|51.632836|-0.001613|-353760.770112|-97.057173
1422|5.768234|19.896909|1911.979486|-9.597741|73.887526|33.228015|2.489686|0.676314|-25.628068|11.492554|18.616776|-53.391993|-11.944200|101.952116|27.677097|46.585716|-0.004150|-353815.620224|-97.076745
1423|9.510008|19.711401|2002.652048|-6.001034|73.787543|32.759237|10.246014|0.653493|-18.804808|16.351812|22.401744|-53.873754|-8.879972|106.734910|32.270158|38.148232|-0.003657|-300454.363093|-97.076532
1424|5.976378|19.447869|2099.577986|-11.174702|73.671660|32.057530|21.736872|0.623745|-17.897799|12.141073|18.736276|-54.454846|-13.093286|104.054976|32.455653|37.135578|-0.003898|-289995.359993|-97.076319
1425|7.420880|19.211120|2199.855373|-9.553677|73.533329|31.377630|19.055672|0.596269|-16.092063|13.595763|20.077277|-55.128915|-12.327229|106.021211|27.269808|30.370852|-0.003752|-254567.788994|-97.063409
1426|8.570640|18.961924|2273.120330|-9.926134|73.251505|30.645192|20.970815|0.561993|-12.252955|11.346064|21.114965|-55.728223|-11.848443|107.160686|27.269808|30.083943|-0.002194|-254568.685697|-97.060006
1427|-4.755214|18.202802|2297.185143|-23.496847|73.147673|29.534555|1.723628|0.494613|-20.629951|2.196164|7.595631|-56.765250|-25.828987|91.792064|27.269808|29.518852|-0.006726|-254558.373619|-97.023938
1428|-24.227430|16.837458|2316.182542|-43.635199|73.882381|27.990151|-19.534458|0.479703|-35.215423|-6.845093|-12.102606|-58.445261|-45.937987|66.271606|27.269808|28.589325|-0.013276|-254535.059357|-96.915699
1429|-27.536066|15.524502|2329.509938|-46.473162|74.084017|26.652474|-27.290786|0.471063|-39.459871|-2.840609|-15.673111|-60.588397|-49.864030|56.132285|27.269808|28.001535|-0.014635|-254503.226381|-96.676452
1430|-18.985172|14.390530|2326.403323|-38.288525|74.049565|25.574106|-11.682372|0.458270|-29.992985|19.348054|-7.313605|-62.405652|-41.916187|57.706065|27.269808|27.533773|-0.013361|-254467.806595|-96.471358
1431|-17.743857|13.498621|2324.656822|-39.545858|74.373258|24.448290|-15.321143|0.445756|-24.042365|21.768235|-6.262965|-64.219735|-41.245887|52.087552|27.269808|27.011450|-0.013254|-254432.835161|-96.266264
1432|-2.841431|12.994373|2309.620744|-23.540961|74.532140|23.633223|40.505273|0.418795|-10.639753|21.875931|8.295751|-65.475364|-18.962315|60.251688|27.269808|26.914232|-0.010950|-231454.213615|-96.108133
1433|4.016870|12.593968|2299.553459|-17.157231|74.593590|23.297644|104.949833|0.374127|-13.121061|29.351942|14.490629|-66.533582|-14.802343|60.160079|27.269808|26.996352|-0.009935|-231426.883533|-95.983367
1434|1.302154|12.140217|2289.198391|-22.208567|74.879972|23.020668|131.666077|0.325181|-15.176483|19.128154|10.750006|-67.571577|-19.978086|50.569678|27.269808|26.909884|-0.010458|-231400.369236|-95.714905
1435|-3.037992|11.594384|2257.904376|nan|75.292254|22.660851|120.845519|0.279925|-16.938818|19.934448|5.231008|-68.951397|-24.861701|39.043712|27.269808|26.692759|-0.011242|-231374.262852|-94.820764
1436|-7.280170|11.020410|2204.228613|-31.733195|75.916208|22.221190|103.130447|0.236465|-18.686994|22.752277|-0.266897|-70.319904|-29.649558|27.188026|27.269808|26.376154|-0.012011|-231348.156467|-93.212359
1437|-4.718418|10.539184|2154.029476|nan|75.730790|21.954639|93.267461|0.191884|-17.876414|17.064676|0.798131|-72.782863|-29.958658|22.515712|27.269808|26.139440|-0.011689|-231322.458031|-91.255313
1438|-10.888108|9.902467|2101.135439|-36.015706|74.020132|21.450558|63.965774|0.157124|-17.697814|-6.853771|-7.280728|-76.983668|-36.661658|8.898728|27.269808|25.660237|-0.012766|-231295.127912|-89.320436
1439|1.819060|9.366215|2046.725196|-23.200902|71.217124|21.468061|65.880916|0.127521|-14.737938|-9.726438|3.176864|-81.642538|-27.140501|14.460303|27.269808|25.766534|-0.010815|-231266.574057|-87.587818
1440|5.236579|8.800556|2002.205583|nan|68.611602|21.435370|74.690575|0.098381|-7.864264|-22.700455|4.156361|-85.970115|-24.267786|11.250524|27.269808|27.174708|-0.010355|-231238.836026|-85.926380
1441|31.462253|8.757031|1968.175478|5.223606|65.944269|22.110771|89.437175|0.073662|6.916411|-4.536569|28.033661|-89.195009|1.395129|32.421307|27.269808|27.920936|-0.006234|-231215.585060|-84.415596
1442|40.439314|8.784574|1944.923888|12.777115|63.832159|22.480296|82.446903|0.052808|23.823040|6.121332|34.732830|-91.772026|9.821758|37.449964|27.269808|35.657819|-0.004881|-231198.044820|-83.038872
1443|43.761901|8.895691|1932.168342|17.051130|61.637377|22.705238|90.969289|0.034925|23.158715|7.308236|35.871085|-93.677641|12.598715|37.077036|27.269808|36.158631|-0.004435|-231185.399558|-81.597831
1444|20.916219|8.566295|1900.711549|-7.280928|59.920430|22.237793|63.678502|0.016527|10.514613|-9.156360|10.772194|-95.952020|-10.766029|10.552307|27.269808|42.900334|-0.008188|-231176.017590|-80.293148
1445|22.285755|8.224876|1866.580191|-5.511356|58.027397|21.918052|65.306373|-0.001837|4.256747|-17.259998|9.768896|-98.392229|-9.904215|9.024120|27.269808|43.418362|-0.008050|-231168.675180|-79.392774
1446|26.118846|8.023239|1822.681788|-3.227808|56.656676|21.739646|57.550045|-0.015297|9.128569|-17.133428|11.278448|-100.445442|-6.552714|9.705814|27.269808|43.249244|-0.007512|-231160.924820|-79.359574
1447|20.154715|7.189802|1774.036021|-10.042551|55.754546|21.472512|40.313759|-0.029349|2.472199|-17.718870|3.177752|-102.250518|-12.968443|0.842499|27.269808|42.966701|-0.008543|-231153.174499|-79.350478
1448|14.731641|5.315691|1726.121320|-15.823248|55.142118|21.043451|10.246015|-0.036568|-0.007704|-30.138776|-4.295427|-104.364069|-18.809629|-7.097650|27.269808|47.035473|-0.009482|-231145.832088|-79.343245
1449|30.274482|3.343978|1699.920854|0.232241|53.656640|21.116488|2.585443|-0.036922|6.720321|-18.039315|9.487830|-105.955059|-2.160000|6.044126|27.269808|43.846440|-0.007052|-231140.121325|-79.251961
1450|47.724859|1.580841|1690.356011|17.375932|52.181887|21.484079|22.790201|-0.067665|21.365093|-9.932029|25.216363|-107.115801|14.884772|21.798222|27.269808|39.248701|-0.004314|-231138.489678|-79.180546
1451|53.211408|0.127024|1695.127449|nan|50.951110|21.933689|28.535630|-0.071188|23.479901|8.347561|29.051023|-107.798264|23.959901|25.426837|27.269808|39.701710|-0.003499|-231141.345060|-79.097179
1452|39.628498|-1.396137|1676.123468|7.920648|50.330386|21.906827|-1.244843|-0.071662|17.019678|1.921527|13.870608|-108.611772|9.979357|10.869635|27.269808|39.588856|-0.005744|-231147.871647|-79.026554
1453|7.335077|-3.119409|1656.580383|-24.618013|50.626753|20.929152|-30.833801|-0.086742|-2.352544|-14.321956|-20.102138|-109.683262|-22.673829|-21.361734|27.269808|38.573824|-0.010989|-231154.398234|-79.017605
1454|-10.172474|-4.804296|1648.171376|-42.647831|50.835205|19.348798|-52.857945|-0.105995|-10.402410|-33.763757|-39.263971|-110.725231|-40.484659|-38.221164|27.269808|37.481529|-0.013852|-231157.661527|-79.130030
1455|-17.571349|-6.604269|1637.938151|-50.578678|50.476195|17.778239|-59.752459|-0.128560|-22.702981|-29.821921|-48.375152|-112.046212|-48.145230|-45.260561|28.731013|32.012666|-0.016218|-231154.806145|-79.941053
1456|-17.829235|-8.271674|1627.135490|-51.093457|50.091215|16.246656|-59.752459|-0.155763|-21.582088|-36.532270|-50.353340|-113.421365|-48.624016|-44.678676|28.731013|30.914992|-0.016449|-231146.240000|-80.843578
1457|-8.347279|-9.462653|1641.586074|-40.553087|49.859819|15.074188|-64.444560|-0.165622|-17.093325|-33.409035|-42.386620|-114.055588|-37.255573|-34.175714|34.151369|30.623746|-0.014958|-231133.594738|-81.624429
1458|10.216351|-10.334277|1671.582385|-22.589017|49.711257|14.433337|-66.168188|-0.166970|-5.348596|-14.319956|-25.119695|-114.275654|-18.630201|-14.380162|31.055953|27.804134|-0.012005|-231118.909880|-82.198559
1459|25.609367|-10.963725|1704.499188|-7.369294|49.547857|14.221889|-54.868845|-0.166497|5.155827|0.181259|-10.769859|-113.979007|-3.244815|2.178481|30.896723|28.206499|-0.009558|-231103.817148|-82.530349
