859|nan|nan|nan|nan|nan|nan|nan|nan|nan|nan|nan|nan|nan|nan|nan|nan|nan|nan|nan
900|nan|nan|nan|nan|nan|nan|nan|nan|nan|nan|nan|nan|nan|nan|nan|nan|nan|nan|nan
901|nan|nan|nan|nan|nan|nan|nan|nan|nan|nan|nan|nan|nan|nan|nan|nan|nan|nan|nan
902|nan|nan|nan|nan|nan|nan|nan|nan|nan|nan|nan|nan|nan|nan|nan|nan|nan|nan|nan
903|nan|nan|nan|nan|nan|nan|nan|nan|nan|nan|nan|nan|nan|nan|nan|nan|nan|nan|nan
904|nan|nan|nan|nan|nan|nan|nan|nan|nan|nan|nan|nan|nan|nan|nan|nan|nan|nan|nan
905|nan|nan|nan|nan|nan|nan|nan|nan|nan|nan|nan|nan|nan|nan|nan|nan|nan|nan|nan
906|nan|nan|nan|nan|nan|nan|nan|nan|nan|nan|nan|nan|nan|nan|nan|nan|nan|nan|nan
907|nan|nan|nan|nan|nan|nan|nan|nan|nan|nan|nan|nan|nan|nan|nan|nan|nan|nan|nan
908|nan|nan|nan|nan|nan|nan|nan|nan|nan|nan|nan|nan|nan|nan|nan|nan|nan|nan|nan
909|nan|nan|nan|nan|nan|nan|nan|nan|nan|nan|nan|nan|nan|nan|nan|nan|nan|nan|nan
910|nan|nan|nan|nan|nan|nan|nan|nan|nan|nan|nan|nan|nan|nan|nan|nan|nan|nan|nan
911|nan|nan|nan|nan|nan|nan|nan|nan|nan|nan|nan|nan|nan|nan|nan|nan|nan|nan|nan
912|nan|nan|nan|nan|nan|nan|nan|nan|nan|nan|nan|nan|nan|nan|nan|nan|nan|nan|nan
913|nan|nan|nan|nan|nan|nan|nan|nan|nan|nan|nan|nan|nan|nan|nan|nan|nan|nan|nan
914|nan|nan|nan|nan|nan|nan|nan|nan|nan|nan|nan|nan|nan|nan|nan|nan|nan|nan|nan
915|nan|nan|nan|nan|nan|nan|nan|nan|nan|nan|nan|nan|nan|nan|nan|nan|nan|nan|nan
916|nan|nan|nan|nan|nan|nan|nan|nan|nan|nan|nan|nan|nan|nan|nan|nan|nan|nan|nan
917|nan|nan|nan|nan|nan|nan|nan|nan|nan|nan|nan|nan|nan|nan|nan|nan|nan|nan|nan
918|nan|nan|nan|nan|nan|nan|nan|nan|nan|nan|nan|nan|nan|nan|nan|nan|nan|nan|nan
919|nan|nan|nan|nan|nan|nan|nan|nan|nan|nan|nan|nan|nan|nan|nan|nan|nan|nan|nan
920|nan|nan|nan|nan|nan|nan|nan|nan|nan|nan|nan|nan|nan|nan|nan|nan|nan|nan|nan
921|nan|nan|nan|nan|nan|nan|nan|nan|nan|nan|nan|nan|nan|nan|nan|nan|nan|nan|nan
922|nan|nan|nan|nan|nan|nan|nan|nan|nan|nan|nan|nan|nan|nan|nan|nan|nan|nan|nan
923|nan|nan|nan|nan|nan|nan|nan|nan|nan|nan|nan|nan|nan|nan|nan|nan|nan|nan|nan
924|nan|nan|nan|nan|nan|nan|nan|nan|nan|nan|nan|nan|nan|-28.603238|nan|41.536103|nan|nan|nan
925|nan|nan|nan|nan|nan|nan|nan|nan|nan|nan|nan|nan|nan|-21.058091|nan|41.909686|nan|nan|nan
926|nan|nan|nan|nan|nan|nan|nan|nan|nan|nan|nan|nan|nan|37.609618|nan|42.384411|nan|nan|nan
927|nan|nan|nan|nan|nan|nan|nan|nan|nan|nan|nan|nan|nan|38.472877|nan|42.778670|nan|nan|nan
928|nan|nan|nan|nan|nan|nan|nan|nan|nan|nan|nan|nan|nan|51.653556|44.367469|43.259261|nan|nan|nan
929|nan|nan|nan|nan|nan|nan|nan|nan|nan|nan|nan|nan|nan|55.199348|44.367469|43.493902|nan|nan|nan
930|nan|nan|nan|nan|nan|nan|nan|nan|nan|nan|nan|nan|nan|69.568971|44.367469|43.841356|nan|nan|nan
931|nan|nan|nan|nan|nan|nan|nan|nan|nan|nan|nan|nan|nan|68.506131|44.367469|43.965121|nan|nan|nan
932|nan|nan|nan|nan|nan|nan|nan|nan|nan|nan|nan|nan|nan|59.658220|44.367469|43.912704|nan|nan|nan
933|nan|nan|nan|nan|70.397147|nan|nan|nan|nan|nan|nan|nan|nan|51.176178|44.367469|43.877145|nan|nan|nan
934|nan|nan|nan|nan|67.708993|nan|nan|nan|nan|nan|nan|nan|nan|27.135091|40.269674|39.603533|nan|nan|nan
935|nan|nan|nan|nan|65.458325|nan|nan|nan|nan|1.058541|nan|nan|nan|46.595601|40.237320|39.595584|nan|nan|nan
936|nan|nan|nan|nan|63.967535|nan|nan|nan|nan|-34.943334|nan|nan|nan|38.792604|40.237320|39.468394|nan|nan|nan
937|nan|nan|nan|nan|62.762471|nan|nan|nan|nan|-12.796499|nan|nan|nan|36.091243|40.237320|39.378150|nan|nan|nan
938|nan|nan|nan|nan|61.524217|nan|nan|nan|nan|-13.433408|nan|nan|nan|41.576077|40.237320|39.471677|nan|nan|nan
939|nan|nan|nan|nan|60.299389|nan|nan|nan|nan|0.362300|nan|nan|nan|53.027321|40.237320|39.707635|nan|nan|nan
940|nan|nan|nan|nan|59.753443|nan|nan|nan|nan|-2.537661|nan|nan|nan|50.164593|40.237320|39.744356|nan|nan|nan
941|nan|nan|nan|nan|59.040014|nan|nan|nan|nan|-20.480315|nan|nan|nan|40.405730|40.237320|39.778872|nan|nan|nan
942|nan|nan|nan|nan|58.213301|nan|nan|nan|nan|-11.862702|nan|nan|nan|50.682977|40.237320|39.965102|nan|nan|nan
943|nan|12.669961|nan|nan|57.623357|nan|nan|nan|nan|5.939660|nan|nan|nan|84.218067|40.237320|40.421474|0.007673|nan|nan
944|nan|14.247940|nan|nan|58.240718|nan|nan|nan|nan|5.333724|nan|nan|nan|67.831021|40.237320|40.468058|0.004827|nan|nan
945|nan|12.683644|nan|nan|58.358121|nan|nan|nan|nan|-7.571372|nan|nan|nan|37.712055|40.237320|40.347867|-0.000508|nan|nan
946|nan|10.640139|nan|nan|58.112574|nan|nan|nan|nan|2.142512|nan|nan|nan|30.003814|40.237320|40.252681|-0.002680|nan|nan
947|nan|7.835409|nan|nan|58.123819|nan|nan|nan|nan|-15.361598|nan|nan|nan|15.736316|40.237320|40.024307|-0.007863|nan|nan
948|nan|4.520172|nan|nan|57.610044|nan|nan|nan|nan|-15.887082|nan|nan|nan|4.622946|40.237320|39.848453|-0.012545|nan|nan
949|nan|1.730030|nan|nan|57.157955|nan|nan|nan|nan|-12.866850|nan|nan|nan|7.309411|40.237320|39.715702|-0.012444|nan|nan
950|nan|-1.806670|nan|-55.241224|56.749540|nan|nan|nan|nan|-27.529276|nan|nan|nan|-10.660212|40.237320|41.035475|-0.019490|nan|nan
951|nan|-4.718849|nan|-51.004913|55.882950|nan|nan|nan|nan|-27.473335|nan|nan|nan|-7.083754|31.583944|30.505440|-0.018932|nan|nan
952|nan|-7.449923|nan|nan|55.514180|nan|nan|nan|nan|-21.449045|nan|nan|nan|-11.194711|31.583944|30.245887|-0.019850|nan|nan
953|nan|-9.640535|nan|nan|55.282316|nan|-62.961756|nan|nan|0.750553|nan|nan|nan|-7.865582|31.583944|30.058994|-0.019242|nan|nan
954|nan|-12.066401|nan|-63.315960|54.734228|nan|-80.211553|nan|nan|-20.643958|nan|nan|nan|-19.900918|31.583944|29.777218|-0.022358|nan|nan
955|nan|-14.669933|nan|nan|53.530767|nan|-82.224029|nan|nan|-37.779298|nan|nan|nan|-31.398637|15.338352|13.332923|-0.025749|nan|nan
956|nan|-17.059245|nan|-75.122241|52.711518|nan|-37.662056|nan|nan|-25.445712|nan|nan|nan|-36.777577|15.338352|13.047610|-0.026604|nan|nan
957|nan|-19.308897|nan|nan|51.861535|nan|-46.861946|nan|nan|-40.240756|nan|nan|nan|-42.575006|15.338352|12.851870|-0.027559|nan|nan
958|nan|-20.631956|nan|-58.570453|51.200676|nan|-20.987253|nan|nan|-32.474301|nan|nan|nan|-27.960178|15.338352|12.882257|-0.024408|nan|nan
959|nan|-20.725131|nan|-28.989810|50.892659|-8.040504|8.912394|-1.181305|nan|-19.262317|nan|nan|nan|-0.676994|15.338352|13.242750|-0.019121|nan|nan
1000|nan|-21.026371|nan|nan|50.722572|-8.684341|14.374830|-0.947279|nan|-29.653762|nan|nan|nan|-8.930899|15.338352|13.395272|-0.019986|nan|nan
1001|nan|-21.462436|nan|nan|49.281793|-9.416097|5.749932|-1.038888|nan|-29.971400|nan|-107.020241|nan|-16.934804|15.338352|13.537397|-0.020851|nan|nan
1002|nan|-21.523303|nan|nan|48.451142|-9.878181|3.737456|-1.012796|nan|-34.831465|nan|-108.733898|nan|-10.726377|15.338352|13.669719|-0.019225|nan|nan
1003|nan|-21.047176|nan|-13.184345|47.649598|-9.868596|9.199891|-0.855155|nan|-24.628084|nan|-110.194279|nan|3.002963|15.338352|13.946664|-0.016378|nan|nan
1004|nan|-19.890285|nan|9.817052|46.972795|-9.264775|6.612422|-0.709349|nan|-12.202597|nan|-110.955137|nan|24.427210|15.338352|14.333292|-0.012311|nan|nan
1005|nan|-18.380886|nan|25.049556|46.228617|-8.296278|39.674531|-0.709349|nan|4.897925|nan|-111.578779|nan|38.848039|15.338352|14.801014|-0.009616|nan|nan
1006|nan|-16.773742|nan|nan|45.953158|-7.225906|37.374558|-0.709349|nan|-3.512877|nan|-111.902052|nan|46.378952|15.338352|15.172695|-0.008293|nan|nan
1007|nan|-15.441095|nan|25.260033|45.988743|-6.414274|27.887170|-0.595955|nan|-2.471735|nan|-112.071768|nan|40.573019|15.338352|15.311115|-0.009362|nan|nan
1008|nan|-14.092115|nan|27.820595|46.525057|-5.593925|34.787089|-0.515649|nan|14.837164|nan|-111.871031|nan|42.425996|15.338352|15.419554|-0.008905|nan|nan
1009|nan|-12.777414|nan|29.857233|47.641728|-4.776834|47.436940|-0.447310|nan|40.364286|nan|-110.893141|nan|43.412312|15.338352|15.503290|-0.008549|nan|nan
1010|nan|-11.922447|nan|nan|47.920907|-4.273410|31.049633|-0.391122|nan|17.788050|nan|-110.805903|nan|30.198806|15.338352|23.179299|-0.010838|nan|nan
1011|nan|-11.090347|nan|nan|48.082982|-3.776110|22.712231|-0.344468|nan|8.018232|nan|-110.452193|nan|30.872633|15.338352|23.226156|-0.010634|nan|nan
1012|nan|-10.291715|nan|nan|47.854267|-3.295238|34.212096|-0.344468|nan|12.728940|nan|-110.003409|nan|30.838134|15.338352|28.584286|-0.010532|nan|nan
1013|nan|-9.360040|nan|nan|47.907949|-2.705012|73.311634|-0.344468|nan|18.358620|nan|-109.443414|nan|37.328559|15.338352|33.506323|-0.009312|nan|nan
1014|nan|-7.976484|nan|47.181581|48.509272|-1.696662|77.624083|-0.196888|nan|32.245878|nan|-108.610210|nan|57.884485|15.338352|36.398856|-0.005701|nan|nan
1030|nan|-6.421782|nan|59.022471|48.703501|-0.463821|59.224301|-0.109588|nan|38.241573|nan|-107.360427|nan|70.287007|15.338352|36.677567|-0.003615|nan|nan
1031|nan|-4.877485|nan|nan|49.544496|0.781380|55.199348|-0.005815|nan|31.261164|nan|-105.756693|nan|75.458545|15.338352|40.247873|-0.002852|nan|nan
1032|nan|-2.542720|nan|101.106454|51.153597|2.820266|78.774069|0.136804|nan|54.624403|nan|-103.382404|nan|116.052416|15.338352|40.860596|0.003911|nan|nan
1033|115.137193|-0.061875|nan|116.999012|53.114992|5.078433|81.361540|0.283411|nan|51.265288|nan|-101.489435|nan|135.313912|15.338352|41.474104|0.006706|nan|nan
1034|130.158996|2.601973|nan|nan|55.056207|7.460068|96.311363|0.412432|nan|51.909564|nan|-98.760402|nan|154.825453|15.338352|41.927118|0.009247|nan|nan
1035|150.792633|5.560641|nan|151.366038|57.576221|10.166139|96.023866|0.549879|nan|65.271503|nan|-94.633330|nan|181.188538|15.338352|42.557107|0.012753|nan|nan
1036|121.542370|7.663653|nan|120.286114|59.966557|12.107045|69.286682|0.603148|nan|57.742650|nan|-91.115189|nan|158.045143|15.338352|42.702485|0.007466|nan|nan
1037|99.650991|9.439019|nan|97.874985|61.812583|13.522132|42.836995|0.624134|nan|34.901248|nan|-87.819303|nan|143.049320|15.338352|42.621476|0.003502|nan|nan
1038|85.708348|10.898444|nan|nan|63.635989|15.033910|31.912123|0.641236|nan|27.468084|nan|-84.532816|nan|136.171583|15.338352|42.518449|0.000961|nan|nan
1039|73.166335|11.883757|nan|nan|65.147342|16.431764|8.624898|0.662575|nan|24.513047|nan|-81.623908|nan|130.353742|15.338352|42.399443|-0.001326|nan|nan
1040|39.822886|12.179118|nan|36.877280|66.228372|17.025694|-34.499593|0.641649|nan|20.089833|nan|-79.111301|nan|103.654326|22.950910|41.961673|-0.007269|nan|nan
1041|27.952972|12.485857|nan|nan|67.363124|16.652634|-48.874423|0.620046|nan|18.246862|nan|-77.047523|nan|98.789884|22.950910|41.587801|-0.009403|nan|nan
1042|37.316767|12.789609|nan|35.565117|68.134144|16.613106|-42.262001|0.607536|nan|34.078756|nan|-74.605787|nan|115.345645|28.275699|48.322026|-0.007777|nan|nan
1043|39.733485|12.496712|nan|nan|68.975142|16.482138|-22.137239|0.599293|nan|50.212063|nan|-72.203478|nan|124.301707|33.175346|60.366668|-0.007370|nan|-83.480914
1044|22.007461|12.090817|nan|nan|69.724261|16.059290|-10.062381|0.654555|nan|37.758841|nan|-70.047542|nan|112.035240|35.900462|60.221895|-0.010519|nan|-83.533370
1045|-15.340902|11.532994|nan|-18.356188|71.005679|14.683432|-52.324382|0.709267|nan|41.922105|nan|-68.668056|nan|78.080191|35.900462|60.928947|-0.017122|nan|-83.985540
1046|-37.202787|10.803960|nan|nan|71.374810|13.044985|-79.061566|0.789741|nan|9.631393|-31.623948|-67.831581|nan|58.787306|37.815750|38.598247|-0.020982|nan|-84.778439
1047|-44.704739|10.209758|nan|nan|71.605916|11.504835|-77.336587|0.915667|nan|3.556481|-39.185192|-67.143153|nan|53.405369|30.340838|30.738415|-0.022303|nan|-85.655397
1048|-45.029906|9.910164|nan|nan|71.683719|10.169859|-61.524273|1.012556|nan|-2.321702|-39.901357|-66.991003|nan|54.693355|30.053342|30.145566|-0.022353|nan|-86.538504
1049|-52.262490|9.464950|nan|-55.656342|71.755711|9.116470|-45.711961|1.055725|nan|-5.734074|-47.767330|-67.878906|nan|47.624825|30.053342|29.752128|-0.023623|nan|-87.497582
1050|-45.987908|9.553695|nan|-47.836573|71.467512|7.963110|-24.149715|1.086075|nan|-26.861196|-42.241516|-68.429213|nan|54.378971|29.190852|28.739749|-0.022505|nan|-88.353152
1051|-53.804099|9.428574|1516.115177|-57.073759|71.414985|6.810806|-24.437212|1.086075|-56.189335|-22.279236|-50.515762|-69.018366|-59.389335|46.712448|29.190852|28.474167|-0.023877|nan|-89.275738
1052|-47.525563|9.520504|1522.551336|-49.299347|70.952840|5.906052|-24.149715|1.146229|-50.664763|-16.927981|-44.437999|-69.661431|-53.064409|53.369372|27.753369|26.991576|-0.022759|nan|-90.089854
1053|-48.149865|9.492994|1474.470406|nan|70.648041|4.935185|-22.137239|1.208698|-47.959757|-17.027975|-45.160861|-70.771595|-53.639403|52.288384|27.753369|26.965358|-0.022860|nan|-90.874856
1054|-41.022267|9.816092|1396.272921|nan|70.251753|3.919792|-12.937347|1.256928|-38.131987|-13.537127|-38.096784|-72.310943|-46.451987|56.888330|27.753369|26.954206|-0.021589|nan|-91.520482
1055|-33.606666|10.521441|1309.522393|nan|69.995584|3.097326|-18.399783|1.204078|-32.096723|-26.248918|-30.755271|-74.045499|-38.977076|60.466286|27.753369|26.954953|-0.020269|nan|-92.041792
1056|-46.897883|10.948695|1224.640025|-49.890772|69.509988|2.167049|-30.474640|1.129519|-43.001212|-35.020253|-44.137750|-76.346076|-52.201919|43.046989|27.753369|26.811139|-0.022605|nan|-92.691162
1057|-51.001947|11.381128|1131.944202|-53.932792|68.715719|1.005899|-33.924599|1.053693|-44.625107|-39.645205|-48.296854|-78.554474|-56.226872|33.548101|27.753369|26.709962|-0.020198|nan|-93.331548
1058|-60.880211|11.241125|1049.923662|nan|67.242173|-0.839189|-36.799566|0.984292|-50.079640|-24.142639|-58.190813|-81.067471|-66.001757|17.472344|25.927132|24.817047|-0.022365|nan|-94.022054
1059|-69.332723|10.349389|959.440571|nan|65.789260|-2.596177|-24.724708|0.886859|-60.016688|-26.764354|-66.734017|-83.827536|-74.339158|2.120188|25.927132|24.624258|-0.025337|nan|-94.728215
1100|-76.068950|9.419326|879.156081|-78.447592|64.995790|-3.992720|-19.549769|0.808877|-66.228054|-24.453978|-73.671470|-86.321011|-80.951580|-11.989368|22.088420|20.496538|-0.027707|nan|-95.336627
1101|-96.905319|8.187641|800.476473|-99.132537|63.343874|-5.619924|-35.937076|0.686194|-84.448160|-29.555454|-94.757374|-89.427143|-100.931336|-40.273127|-6.944669|-8.897293|-0.035064|nan|-96.138087
1102|-68.857779|7.393020|733.748101|-70.165644|62.304593|-6.387494|30.474640|0.568777|-62.114550|-19.873292|-67.100783|-91.807140|-69.956668|-19.364279|-6.944669|-8.848255|-0.030088|nan|-96.713801
1103|-55.757674|6.526219|678.296798|-57.752448|61.649589|-6.759019|59.511798|0.437745|-47.369353|-6.456782|-54.505190|-94.009650|-57.291824|-13.614347|-6.944669|-8.941272|-0.027753|nan|-97.117077
1104|-63.935569|5.065411|607.941613|-65.797798|60.570731|-7.310381|65.836723|0.298380|-53.578905|-10.730380|-63.258007|-97.014810|-65.501729|-29.328053|-6.944669|-9.144142|-0.029180|nan|-97.605859
1105|-72.673078|3.146877|534.526762|-73.377758|58.813915|-7.589406|77.049090|0.133718|-68.444862|-31.486190|-72.690864|-100.586706|-78.446628|-45.667968|-6.944669|-9.122721|-0.030707|nan|-98.158098
1106|-67.321138|1.169773|451.274471|-69.008544|56.970515|-7.873453|52.611879|0.021166|-59.142073|-39.582525|-67.983940|-104.110262|-72.984192|-48.370436|-6.944669|-9.234061|-0.029745|nan|-98.630289
1107|-68.286331|-0.692524|360.034974|nan|54.435157|-8.085210|29.324654|-0.063214|-62.404210|-40.511683|-69.592906|-108.651110|-74.486682|-57.558828|-6.944669|-9.293931|-0.029901|nan|-98.950239
1108|-54.869687|-2.303155|263.816090|nan|51.842898|-8.113093|28.462164|-0.137537|-49.211869|-38.426301|-56.838657|-113.307784|-61.214341|-52.492667|-6.944669|-9.312891|-0.027515|nan|-99.173054
1109|-35.399001|-3.529563|146.307460|-35.649038|48.748222|-7.575118|35.074586|-0.198312|-33.982453|-39.084377|-38.011554|-117.845605|-43.824572|-40.318199|-6.944669|-9.145828|-0.024059|nan|-99.206380
1110|2.778217|-3.663204|64.025687|2.620177|46.116772|-6.188008|39.674531|-0.204387|1.453183|-12.374512|-0.416100|-121.886849|-5.987524|-6.889713|-6.944669|-8.835445|-0.017297|nan|-99.149895
1111|4.177126|-3.831153|-1.296817|nan|43.519753|-4.751665|29.037157|-0.207300|0.090666|-46.514257|0.481564|-125.016241|-6.870041|-8.830113|-6.944669|-8.570640|-0.017043|nan|-99.351503
1112|5.306513|-3.995223|-73.932956|nan|41.336488|-3.265930|39.387035|-0.216907|0.520653|-22.451525|1.139545|-127.446088|-5.880054|-10.865589|-6.944669|-8.344568|-0.016840|nan|-99.601026
1113|6.446419|-4.299513|-154.086012|nan|39.583942|-2.070649|42.836994|-0.229278|2.710639|-21.901539|1.831645|-129.363278|-4.730068|-12.337572|-6.944669|-8.151424|-0.016638|nan|-99.927216
1114|7.298645|-5.006242|-226.143428|nan|38.153651|-1.371347|25.874695|-0.231790|6.772776|-25.015355|2.263110|-130.879321|-3.867578|-12.717067|-6.944669|-7.986285|-0.016485|nan|-100.243822
1115|15.347034|-5.769526|-297.381000|15.265361|36.963585|-0.413364|-3.449959|-0.230427|10.342680|-22.704778|10.087640|-131.281523|4.182327|-5.278438|-6.944669|-7.691128|-0.015061|nan|-100.577241
1116|29.732061|-6.366075|-345.127602|29.644314|36.105689|0.898374|-10.924871|-0.166751|22.236803|-6.029510|24.367497|-130.955713|18.557157|8.774396|-6.944669|-4.239869|-0.012518|nan|-100.724279
1117|30.035368|-7.707824|-364.535593|28.716475|35.671223|1.976239|-18.112286|-0.254400|23.885007|-6.342012|24.568668|-130.902047|18.844654|8.751397|-6.944669|-4.082407|-0.012467|nan|-100.743542
1118|37.243275|-9.181138|-351.095730|37.120397|34.866639|2.943262|-11.212367|-0.344983|30.912069|-8.081069|31.704926|-130.710317|26.032069|16.628804|-6.944669|-3.803256|-0.011196|nan|-100.714888
1119|37.551094|-11.015321|-385.968647|nan|34.457667|3.505773|-18.112287|-0.344983|32.959565|-0.300434|31.991074|-130.007824|26.319565|19.112774|-6.944669|-3.586207|-0.011145|nan|-100.679018
1120|51.946024|-12.903501|-412.206141|51.475992|34.146578|4.085307|2.587470|-0.255590|47.094043|14.726254|46.476947|-127.780301|40.694396|37.114921|-6.944669|11.333559|-0.008601|nan|-100.658015
1121|44.487054|-14.413879|-446.032310|43.100064|34.657140|4.329879|-12.649851|-0.185795|41.459130|27.032818|38.943162|-125.249455|33.219484|32.981611|-6.944669|11.422173|-0.009923|nan|-100.669203
1122|50.831945|-15.308861|-479.201965|50.623218|35.154814|4.818430|0.000000|-0.176914|43.703702|22.121632|45.242637|-122.409545|41.384409|42.933851|-6.944669|25.149185|-0.008804|nan|-100.715979
1123|56.317698|-15.801934|-515.243518|nan|35.823759|5.329732|4.887442|-0.161545|49.486138|27.392401|50.726214|-119.508105|48.766845|52.196101|-6.944669|31.522363|-0.007837|nan|-100.824030
1124|54.040152|-16.051318|-532.369261|52.586792|37.038762|5.692886|9.774885|-0.128747|49.506165|30.873714|48.500824|-116.521221|46.466872|53.517371|-6.944669|44.269820|-0.008244|nan|-100.997486
1125|64.993797|-15.387446|-537.772507|64.716789|37.991984|6.555005|28.174667|-0.047342|56.669974|39.328410|59.583118|-113.492086|57.471743|68.694195|-6.944669|44.530725|-0.006311|nan|-101.328749
1126|53.524501|-14.775994|-524.401821|51.968061|38.885271|7.123788|3.449960|0.029349|47.330109|28.270213|48.308549|-110.606790|45.971879|61.196284|-6.944669|44.565313|-0.008344|nan|-101.715923
1127|50.106538|-14.369399|-483.075049|nan|39.831766|7.612288|-4.024953|0.084876|43.880858|18.379463|45.060778|-107.935281|44.761919|61.873276|-6.944669|44.576571|-0.008954|nan|-101.964741
1128|33.173950|-14.388881|-445.309652|31.598563|40.406978|7.637794|-30.762137|0.114951|29.078558|17.463509|28.258879|-105.725920|30.039620|48.537930|-6.944669|44.415627|-0.011952|nan|-102.213560
1129|30.039139|-14.059826|-405.040901|nan|40.333260|7.327172|-42.262001|0.160845|26.155387|3.389935|25.290102|-103.818566|27.997157|49.627420|-6.944669|42.733180|-0.012511|nan|-102.462379
1330|47.027233|-12.715290|-354.331792|46.739166|40.170281|7.149250|-31.912123|0.222376|43.197688|15.498477|42.514274|-101.667166|44.959457|71.477809|-6.944669|42.883925|-0.009511|nan|-102.760084
1331|90.757290|-9.985413|-302.253516|89.981710|41.542728|7.719343|-8.912395|0.335477|83.056109|48.965169|86.618581|-97.901625|88.658941|120.735583|-3.886628|43.293421|-0.001785|nan|-103.060510
1332|63.176326|-7.767702|-264.071741|61.823697|42.820447|7.046457|-8.337401|0.385286|65.617143|39.377044|59.375037|-94.885345|61.539267|98.912339|-3.886628|43.284788|-0.006663|nan|-103.506074
1333|64.379290|-5.476010|-210.143110|63.851384|44.442340|6.173752|6.037429|0.440148|66.846775|37.002031|60.910506|-91.495514|63.169253|105.981257|-3.886628|43.411209|-0.006459|nan|-103.805774
1334|31.333368|-3.833344|-158.162793|29.590700|45.621814|4.382740|-35.074585|0.481638|37.865729|10.211172|28.272220|-88.777031|30.507144|77.881088|-3.886628|43.180081|-0.012303|nan|-104.002148
1335|14.622416|-2.586463|-121.484444|12.940828|47.163943|1.935116|-60.374288|0.523858|27.511633|18.027195|12.033990|-86.305676|14.152340|64.517314|10.713318|42.826267|-0.015250|nan|-104.086235
1336|-1.545019|-1.542866|-137.686070|nan|49.329318|-0.264624|-71.011661|0.568893|7.891824|6.796622|-3.573219|-83.727452|-1.867469|51.724607|10.713318|42.534659|-0.018095|nan|-104.157359
1337|17.346348|-0.204347|-140.031559|16.668270|50.957711|-1.648487|-52.899376|0.614452|21.185891|24.894762|15.999823|-81.449483|17.347306|74.389057|24.225659|42.602781|-0.014741|nan|-104.232734
1338|90.576169|2.663670|-91.589281|89.834298|53.157236|-1.359231|33.924600|0.697025|86.976111|69.088623|90.126118|-77.554450|92.818941|151.376112|30.442095|43.258763|-0.001784|nan|-104.319578
1339|84.739517|5.113740|13.382857|83.393689|55.443852|-1.053767|47.724437|0.754292|83.706533|77.774966|85.262404|-73.637246|89.229009|148.838530|41.537157|43.596908|-0.002800|nan|-104.406422
1340|148.216853|8.786943|104.755483|147.593968|59.703319|1.111278|149.498234|0.837870|133.481868|139.058306|149.858566|-67.617353|152.925758|217.910438|41.537157|44.605876|0.008426|nan|-104.497593
1341|140.416563|12.376927|212.045012|139.441492|63.778418|3.156216|143.173309|0.914609|129.960522|144.042836|143.149919|-61.984708|148.123350|214.704156|41.537157|45.049937|0.007054|nan|-104.573016
1342|139.532497|16.100481|283.091267|139.416524|67.640977|5.036921|143.460806|0.981654|129.417324|134.821574|143.328542|-56.366078|147.260860|218.568111|41.537157|45.509052|0.006900|nan|-104.648440
1343|152.469371|20.291420|358.222369|152.073221|71.469772|7.094573|157.548140|1.062055|140.434673|144.819637|157.320763|-50.801807|160.198208|236.215389|41.537157|45.974492|0.009184|nan|-104.724743
1344|157.659754|24.715336|412.636549|nan|75.286401|9.477591|163.585568|1.141387|146.009611|138.825511|163.521241|-45.663553|165.373146|246.113936|41.537157|50.747819|0.010097|nan|-104.815913
1345|128.383996|28.613439|492.735691|127.083904|77.757476|11.890822|142.310820|1.220828|112.605666|103.311018|135.057521|-42.511148|130.848493|221.021233|41.537157|64.025703|0.004918|nan|-104.881386
1346|79.004214|31.894258|649.401648|77.918696|79.645785|13.704499|107.236234|1.198547|67.076603|58.639985|86.295133|-40.714775|80.759077|175.470434|41.537157|63.687119|0.000447|nan|-104.925747
1347|86.855022|34.877143|811.241710|86.522090|81.495422|15.824012|115.286139|1.249883|72.439012|68.322596|94.737282|-38.665722|87.801485|187.631459|41.537157|63.523932|0.001818|nan|-104.970107
1348|94.438486|37.641603|1053.122550|nan|83.286256|18.116715|129.948466|1.251362|77.193570|88.793937|102.881048|-36.367054|94.396397|199.165823|41.537157|63.499675|0.003137|nan|-105.003248
1349|87.668527|40.357211|1289.128087|nan|84.854548|20.396105|123.336043|1.245117|67.653297|78.010521|96.636679|-34.271614|84.696478|196.325356|41.537157|63.430370|0.001919|nan|-105.025642
1350|81.489756|43.175478|1527.210508|nan|86.426340|22.450781|131.385949|1.150456|62.929080|81.691385|90.810884|-32.575114|78.371553|193.714888|41.537157|63.326701|0.001572|nan|-105.038171
1351|88.844326|45.992670|1760.071535|87.957653|87.964836|24.798918|131.098452|1.137649|66.115788|82.367175|98.443766|-31.071590|84.198968|204.616759|41.537157|63.351265|0.002840|nan|-104.883075
1352|109.439567|49.245331|1965.966298|108.373168|89.418428|27.418353|157.835636|1.130792|86.607693|97.872082|119.299295|-28.991924|104.611227|228.910140|41.537157|99.963547|0.008809|nan|-104.446774
1353|80.021543|51.549405|2145.122909|77.899971|90.717771|29.419896|133.685922|1.091170|61.475896|82.030426|90.040401|-27.953370|74.999077|202.845780|41.537157|98.836412|0.007025|nan|-104.044142
1354|37.676255|52.613672|2275.097832|35.042818|91.042478|30.539783|88.836451|1.076664|21.167106|38.997455|47.768122|-28.112249|32.449579|162.807449|41.537157|64.215882|0.006081|nan|-103.611295
1355|39.039573|52.947436|2403.251879|37.398560|91.205080|31.623415|100.911308|1.051819|20.637092|37.358296|49.126444|-28.621488|33.599565|165.796323|41.537157|58.343493|0.006283|nan|-103.043068
1356|21.436371|52.868267|2521.797295|18.673783|91.187387|32.525456|71.586655|1.040297|5.213717|19.294596|31.448678|-29.403756|13.614776|148.423298|41.537157|57.836523|0.003139|nan|-102.449088
1357|-17.146617|52.016263|2607.372229|-20.414444|90.558774|32.820501|29.324653|1.009788|-31.118679|-5.137266|-7.275423|-31.454403|-25.517266|110.063020|25.617279|27.888809|-0.006362|nan|-101.980688
1358|-60.897786|50.257426|2668.779163|-64.487008|89.049457|32.473269|-31.624626|1.072245|-70.464599|-46.932580|-51.229820|-34.877736|-69.504246|66.800532|-0.187882|1.293235|-0.021947|nan|-101.347256
1359|-62.668338|48.531870|2729.792296|nan|86.826137|32.287569|-36.799566|1.086358|-73.917783|-44.396644|-53.234212|-38.270901|-73.516723|65.512546|-2.200359|-1.354133|-0.022734|nan|-100.751969
1400|-106.411037|45.748205|2820.013573|-110.145995|84.282918|31.420924|-63.824246|1.192720|-115.424410|-82.849893|-97.362670|-43.210321|-119.583703|22.159148|-28.005521|-27.972894|-0.038341|nan|-100.509208
1401|-86.889654|43.189332|2874.575548|-90.345497|81.720494|31.397015|-0.862490|1.163332|-101.602845|-72.693130|-78.311411|-47.249957|-102.401431|42.418639|-28.005521|-28.301061|-0.034942|nan|-100.458112
1402|-81.173737|40.673447|2879.698705|-85.749879|79.660923|30.978444|-22.999728|1.269239|-89.419348|-56.512005|-73.060561|-51.013116|-96.938995|47.330171|-28.005521|-28.707729|-0.033977|nan|-100.395743
1403|-58.775412|38.570681|2899.364475|-62.628301|77.809677|30.861969|0.287496|1.242203|-72.801404|-41.372643|-51.072755|-53.625733|-74.801757|67.351434|-28.005521|-28.709361|-0.030073|nan|-99.775047
1404|-64.829195|36.288072|2897.865372|-69.948675|76.478589|30.736751|-39.099538|1.188329|-78.406329|-33.548774|-57.538745|-56.318366|-81.206682|58.455989|-28.005521|-28.856153|-0.031189|nan|-98.576165
1405|-67.724116|33.723913|2851.154859|nan|74.929949|30.727691|-58.936804|1.181414|-78.847031|-39.546619|-60.857441|-59.514919|-84.369144|50.243997|-28.005521|-28.960740|-0.031748|nan|-97.383765
1406|-35.819334|31.987229|2749.864404|-40.490851|72.227982|31.285000|-43.411987|1.195720|-52.583813|-7.169338|-29.418263|-63.094231|-52.904518|74.902975|-28.005521|-28.723432|-0.026171|nan|-96.120645
1407|-32.371651|30.189995|2624.075577|-38.337110|70.082040|31.850893|-21.274749|1.189408|-46.860646|-15.653338|-26.419010|-65.790821|-49.742055|70.750434|-28.005521|-28.683430|-0.025614|nan|-95.231271
1408|-21.156977|28.567179|2436.579330|nan|68.500184|32.379962|62.961757|1.141493|-35.295423|-2.529247|-15.808633|-68.175499|-38.817184|74.533890|-28.005521|-28.644163|-0.023689|nan|-94.267196
1409|-9.660185|27.209082|2266.152548|-16.197192|67.596342|32.774770|68.424192|1.101663|-21.683056|9.417511|-4.921324|-69.310605|-27.604817|78.664520|-28.005521|-28.605935|-0.021712|nan|-93.552635
1410|-13.121257|25.613779|2060.308905|-18.579553|66.138379|32.527790|128.223485|1.027584|-24.701216|-0.552749|-9.040948|-70.091454|-31.342273|68.118055|-28.005521|-28.415125|-0.022372|nan|-92.606103
1411|-24.936528|23.954939|1862.096534|-31.686614|65.064519|31.937806|108.386220|0.946218|-32.216072|-1.826307|-21.548108|-70.778995|-43.417130|49.052370|-28.005521|-28.568935|-0.024502|nan|-90.918888
1412|-28.717093|22.362748|1641.780385|nan|64.167063|31.274959|103.498778|0.874576|-35.440672|-15.459530|-26.106073|-72.129421|-47.442082|38.309318|-28.005521|-28.682402|-0.025213|nan|-90.713876
1413|-24.745827|21.187916|1396.774131|nan|62.223752|30.666603|120.173581|0.791851|-30.742865|-6.823571|-23.085219|-75.453499|-43.704627|34.965036|-28.005521|-28.763018|-0.024555|nan|-91.368162
1414|-13.874687|20.356842|1219.235676|-20.291046|60.172015|30.285120|135.985894|0.711804|-21.065843|-10.793323|-13.161593|-78.300624|-33.067252|38.793402|-28.005521|-28.663173|-0.022680|nan|-91.708512
1415|-3.300609|19.393304|1069.895814|nan|57.265158|29.938718|117.011119|0.644419|-8.155965|2.175271|-3.602191|-82.649906|-22.717374|42.438859|-28.005521|-27.496951|-0.020855|nan|-91.621902
1416|-13.156969|17.329557|947.929994|-21.394973|54.077260|29.126934|57.499321|0.612891|-13.737643|-14.422903|-14.400463|-87.008802|-32.779756|25.581147|-28.005521|-13.023693|-0.022632|nan|-91.512723
1417|-7.495433|15.932469|852.287295|-14.525729|51.020034|28.463015|70.724165|0.574563|-11.715207|-6.063629|-9.667331|-91.153221|-27.237320|24.339162|-28.005521|-9.365743|-0.021670|nan|-91.358030
1418|-9.608919|14.462808|788.869047|-18.214909|47.811793|27.581319|75.899104|0.528856|-10.095531|-4.497081|-12.768382|-95.661302|-27.377293|15.011535|-28.005521|-9.435714|-0.022078|nan|-91.223289
1419|7.822302|14.041344|726.161833|0.381114|44.387579|27.042606|86.248981|0.493403|5.473560|-2.604734|3.680811|-99.879229|-7.727497|27.477226|-28.005521|-9.329147|-0.019035|nan|-91.123965
1420|24.961446|14.262519|649.411374|17.347381|41.704405|26.595154|96.886356|0.445608|22.675860|10.848063|19.936438|-102.790624|9.714803|41.016291|-28.005521|4.356852|-0.016043|nan|-91.050487
1421|47.855903|15.291055|574.373240|40.066599|40.252788|26.688086|126.786003|0.418055|41.547035|29.462964|42.080355|-103.650909|32.987035|60.963777|-28.005521|16.957253|-0.012035|-139187.187687|-91.003939
1422|20.139951|15.339452|530.430953|10.702835|38.458708|26.075063|119.311091|0.364193|19.740217|7.189395|13.555560|-105.575381|5.899864|30.303925|-28.005521|26.228611|-0.016957|-129214.114279|-90.997902
1423|26.338641|14.130526|538.125779|nan|36.613618|25.469464|95.736370|0.337561|25.696940|4.844345|18.981415|-107.562126|12.657293|33.890100|-28.005521|26.198879|-0.015891|-129215.617574|-91.009121
1424|25.347256|12.963390|558.594975|nan|34.935438|24.881084|52.036885|0.326462|22.466953|-4.295135|17.265117|-109.400661|13.987306|30.146002|-28.005521|26.175579|-0.016094|-129217.371419|-91.014303
1425|36.418798|10.825956|593.129517|28.004202|33.335605|24.345397|64.111742|0.317823|35.230764|2.327563|27.679700|-110.776742|26.112177|38.524382|-28.005521|28.393433|-0.014165|-129219.626384|-91.069651
1426|33.973556|8.668653|625.477297|nan|31.765781|23.945596|43.699484|0.322019|30.404002|-13.692296|24.611643|-112.435396|23.524708|34.116612|-28.005521|28.498127|-0.014621|-129222.382426|-91.124999
1427|24.911870|6.352754|684.152257|nan|29.833734|23.438608|-4.312449|0.328542|20.963758|-14.760369|14.975579|-114.944447|16.724817|22.614239|-28.005521|32.314705|-0.016244|-129224.887918|-91.187368
1428|16.999706|3.609841|754.490472|6.802464|28.751820|23.015596|-56.349334|0.267617|12.674912|-30.342681|6.595580|-116.871373|9.154912|14.667833|-28.005521|33.765540|-0.017664|-129227.142860|-91.290821
1429|9.083947|0.583438|857.511229|nan|28.408196|22.513248|-66.411716|0.242735|6.064654|-17.409608|-1.732410|-117.803525|2.225007|6.221427|-28.005521|39.438324|-0.019084|-129229.147254|-91.382959
1430|-5.741331|-2.176616|924.094833|-16.152665|28.522577|21.426636|-125.348520|0.107199|-5.284817|-23.808791|-16.881462|-119.241890|-12.724817|-7.911907|-26.925067|39.222680|-0.021721|-129231.151648|-91.608035
1431|-32.666027|-4.505885|997.246991|-43.088046|27.994803|19.119811|-133.110929|0.053468|-26.708440|-44.053648|-44.124916|-120.888408|-38.949498|-33.250610|-12.371722|37.043780|-0.026491|-116989.561317|-91.695584
1432|-86.053106|-8.085011|1061.325760|-96.151638|27.378140|16.186585|-181.122861|-0.175976|-76.421749|-67.366175|-97.885301|-122.944087|-92.423866|-84.801009|-8.812780|2.707910|-0.035929|-116989.561317|-91.736541
1433|-116.170799|-12.313459|1129.346470|-126.885255|26.636806|12.740938|-189.172767|-0.286498|-102.928540|-91.794344|-128.452372|-124.626439|-122.611010|-112.728956|-26.211010|-28.290961|-0.044667|-115174.206593|-91.797577
1434|-172.176149|-17.568177|1208.046466|-182.453651|24.149481|8.816807|-251.559530|-0.377584|-157.069319|-128.525022|-184.970634|-127.782094|-178.192848|-167.145691|-89.965156|-93.116042|-0.064555|-115169.740663|-91.709456
1435|-143.075186|-21.961873|1281.380432|-152.950488|22.768159|5.856709|-225.684835|-0.463988|-134.272516|-104.483127|-156.290042|-128.877936|-149.475691|-136.267784|-89.965156|-93.607531|-0.059438|-115163.041749|-91.627297
1436|-163.717211|-26.993849|1356.311092|-174.213433|21.218172|2.770946|-214.759964|-0.610272|-151.052269|-103.262887|-177.412487|-131.097195|-170.335446|-155.956322|-89.965156|-94.256003|-0.063100|-115154.109889|-91.500792
1437|-135.212339|-31.762567|1431.415586|-145.181187|19.609935|0.025855|-183.135337|-0.706943|-122.670811|-96.905689|-149.353663|-132.659379|-141.873282|-126.266477|-89.965156|-94.404031|-0.058081|-100637.332756|-91.374287
1438|-135.211794|-36.036063|1497.865141|-146.057472|18.118679|-3.954111|-172.210466|-0.802043|-112.750458|-93.351853|-149.808770|-134.876344|-141.873282|-125.745407|-89.965156|-94.620965|-0.058089|-56205.520880|-91.247782
1439|-113.968298|-38.909270|1557.902004|-124.783456|17.152007|-7.438246|-139.723350|-0.874251|-93.715357|-81.602104|-129.047195|-136.330848|-120.598533|-104.470658|-89.965156|-94.735306|-0.054339|-56197.890109|-91.173909
1440|-113.775745|-41.778752|1529.619073|-123.325364|16.053153|-11.884184|-143.173310|-0.944567|-85.428214|-81.389608|-129.333748|-137.649371|-120.311037|-105.459647|-89.965156|-94.614316|-0.054296|906.275165|-91.008522
1441|-58.706742|-43.198318|1456.190629|-68.517250|15.474833|-15.097335|-100.048819|-0.959900|-40.470277|-45.120815|-74.658361|-138.394509|-65.111689|-52.352502|-89.965156|-94.003258|-0.044549|906.122198|-90.984716
1442|-53.991199|-43.795011|1331.444005|-64.116552|15.125972|-18.341586|-99.186328|-0.977531|-29.901776|-67.840912|-70.247074|-139.117845|-60.224246|-49.669457|-89.965156|-93.785885|-0.043690|2264.892308|-91.015353
1443|-56.507018|-43.497762|1247.771569|nan|14.399774|-21.836509|-97.748846|-1.002570|-30.602101|-68.368574|-72.895036|-140.282880|-62.524219|-54.173829|-89.965156|-93.570887|-0.044101|28079.159560|-91.353338
1444|-23.694166|-42.460579|1134.845360|-32.473942|13.845766|-24.757032|-54.049362|-1.010003|-2.420346|-56.803777|-40.122700|-140.760211|-29.462110|-22.191934|-89.965156|-93.052596|-0.038263|30790.340220|-91.798027
1445|-19.092559|-40.507357|1052.996534|-28.758422|14.026543|-27.185333|-38.812041|-1.017339|1.507802|-36.585565|-35.413801|-140.961371|-24.574667|-19.252316|-89.965156|-92.765085|-0.037403|47534.492309|-92.254628
1446|-27.448696|-39.063500|956.456265|nan|13.795109|-28.935518|-56.924328|-1.022331|-11.661751|-52.993001|-43.563309|-141.043242|-28.784572|-30.081613|-89.965156|-92.507386|-0.038831|47525.723078|-92.913478
1447|-22.604793|-37.704251|861.062831|nan|13.824757|-30.740967|-46.286953|-1.031778|-5.607516|-29.317225|-38.451832|-140.791846|-18.409633|-27.609142|-89.965156|-92.276020|-0.037920|49780.826374|-93.506648
1448|-17.502184|-36.656874|725.049734|nan|13.905228|-32.592122|-43.124491|-1.036389|0.974919|-32.871722|-32.984159|-140.496785|-12.947198|-24.668752|-89.965156|-92.067961|-0.036959|55656.553845|-94.107766
1449|22.077144|-34.679032|646.885450|14.954543|14.640334|-33.565319|14.087333|-1.036681|36.056241|-2.296599|7.013985|-139.361259|28.054830|14.446633|-89.965156|-83.235473|-0.029896|55650.606598|-94.287327
1450|33.176788|-32.478081|572.771471|nan|15.409605|-34.275187|42.549497|-1.030956|46.676458|8.261598|18.503167|-138.182968|39.554694|25.406004|-89.965156|-82.829753|-0.027865|55646.173186|-94.460730
1451|71.569583|-30.082204|495.212492|64.983231|16.859897|-34.380026|104.073771|-1.030761|82.207794|55.101790|57.277095|-135.638307|78.366736|65.287726|-89.965156|-69.113393|-0.021003|55643.361760|-94.380164
1452|94.420346|-27.400672|452.376475|88.569802|18.673258|-34.432722|99.473825|-1.138104|104.214666|71.165628|80.594965|-132.627046|101.653961|90.601761|-89.965156|-60.761621|-0.016886|85951.824180|-94.299598
1453|88.515398|-25.136254|406.044167|81.914212|20.378652|-34.193539|100.048819|-1.200097|95.232232|63.663457|75.224228|-129.674816|96.191526|86.999470|-89.965156|-46.531585|-0.017852|99072.327036|-94.223284
1454|103.314254|-22.775638|336.196954|nan|22.344197|-32.975750|114.136152|-1.420767|105.509199|82.112483|90.581023|-126.874592|109.748846|104.730353|-89.965156|-46.101879|-0.015158|99076.370109|-94.175297
1455|116.963612|-20.036708|271.707191|112.425106|24.315548|-31.533149|139.148356|-1.094036|118.235826|86.211179|104.770624|-124.194610|123.836179|121.806561|-89.965156|-13.500466|-0.012667|126228.675156|-94.135014
1456|115.094945|-17.190749|205.432330|109.805212|26.174169|-29.922583|135.123404|-0.883891|113.518343|80.459718|103.394846|-122.227051|118.798696|123.750038|-89.965156|4.675739|-0.012920|126239.957804|-94.157208
1457|124.744986|-14.028811|181.567739|120.760402|28.190906|-27.421739|135.985895|-0.830034|116.378603|76.422982|113.638829|-119.211175|126.061078|137.788376|-89.965156|5.124293|-0.011140|126254.183746|-94.245682
1458|125.509203|-11.001951|154.608313|nan|30.766299|-24.273508|129.085976|-0.760091|114.328588|72.174159|114.971801|-116.343406|122.571064|142.921856|-89.965156|22.974411|-0.010935|126270.617136|-94.359699
1459|144.128600|-7.764015|177.218669|140.893086|33.462575|-20.644716|140.010847|-0.714643|126.101237|87.474075|134.184168|-112.960801|140.985840|166.680326|-89.965156|28.074705|-0.007579|121762.761316|-94.613124
