859|nan|nan|nan|nan|nan|nan|nan|nan|nan|nan|nan|nan|nan|nan|nan|nan|nan|nan|nan
900|nan|nan|nan|nan|nan|nan|nan|nan|nan|nan|nan|nan|nan|nan|nan|nan|nan|nan|nan
901|nan|nan|nan|nan|nan|nan|nan|nan|nan|nan|nan|nan|nan|nan|nan|nan|nan|nan|nan
902|nan|nan|nan|nan|nan|nan|nan|nan|nan|nan|nan|nan|nan|nan|nan|nan|nan|nan|nan
903|nan|nan|nan|nan|nan|nan|nan|nan|nan|nan|nan|nan|nan|nan|nan|nan|nan|nan|nan
904|nan|nan|nan|nan|nan|nan|nan|nan|nan|nan|nan|nan|nan|nan|nan|nan|nan|nan|nan
905|nan|nan|nan|nan|nan|nan|nan|nan|nan|nan|nan|nan|nan|nan|nan|nan|nan|nan|nan
906|nan|nan|nan|nan|nan|nan|nan|nan|nan|nan|nan|nan|nan|nan|nan|nan|nan|nan|nan
907|nan|nan|nan|nan|nan|nan|nan|nan|nan|nan|nan|nan|nan|nan|nan|nan|nan|nan|nan
908|nan|nan|nan|nan|nan|nan|nan|nan|nan|nan|nan|nan|nan|nan|nan|nan|nan|nan|nan
909|nan|nan|nan|nan|nan|nan|nan|nan|nan|nan|nan|nan|nan|nan|nan|nan|nan|nan|nan
910|nan|nan|nan|nan|nan|nan|nan|nan|nan|nan|nan|nan|nan|nan|nan|nan|nan|nan|nan
911|nan|nan|nan|nan|nan|nan|nan|nan|nan|nan|nan|nan|nan|nan|nan|nan|nan|nan|nan
912|nan|nan|nan|nan|nan|nan|nan|nan|nan|nan|nan|nan|nan|nan|nan|nan|nan|nan|nan
913|nan|nan|nan|nan|nan|nan|nan|nan|nan|nan|nan|nan|nan|nan|nan|nan|nan|nan|nan
914|nan|nan|nan|nan|nan|nan|nan|nan|nan|nan|nan|nan|nan|nan|nan|nan|nan|nan|nan
915|nan|nan|nan|nan|nan|nan|nan|nan|nan|nan|nan|nan|nan|nan|nan|nan|nan|nan|nan
916|nan|nan|nan|nan|nan|nan|nan|nan|nan|nan|nan|nan|nan|nan|nan|nan|nan|nan|nan
917|nan|nan|nan|nan|nan|nan|nan|nan|nan|nan|nan|nan|nan|nan|nan|nan|nan|nan|nan
918|nan|nan|nan|nan|nan|nan|nan|nan|nan|nan|nan|nan|nan|nan|nan|nan|nan|nan|nan
919|nan|nan|nan|nan|nan|nan|nan|nan|nan|nan|nan|nan|nan|nan|nan|nan|nan|nan|nan
920|nan|nan|nan|nan|nan|nan|nan|nan|nan|nan|nan|nan|nan|nan|nan|nan|nan|nan|nan
921|nan|nan|nan|nan|nan|nan|nan|nan|nan|nan|nan|nan|nan|nan|nan|nan|nan|nan|nan
922|nan|nan|nan|nan|nan|nan|nan|nan|nan|nan|nan|nan|nan|nan|nan|nan|nan|nan|nan
923|nan|nan|nan|nan|nan|nan|nan|nan|nan|nan|nan|nan|nan|nan|nan|nan|nan|nan|nan
924|nan|nan|nan|nan|nan|nan|nan|nan|nan|nan|nan|nan|nan|-47.490735|nan|16.701147|nan|nan|nan
925|nan|nan|nan|nan|nan|nan|nan|nan|nan|nan|nan|nan|nan|-42.668147|nan|14.947344|nan|nan|nan
926|nan|nan|nan|nan|nan|nan|nan|nan|nan|nan|nan|nan|nan|-39.601779|nan|15.248674|nan|nan|nan
927|nan|nan|nan|nan|nan|nan|nan|nan|nan|nan|nan|nan|nan|-48.326918|nan|15.047549|nan|nan|nan
928|nan|nan|nan|nan|nan|nan|nan|nan|nan|nan|nan|nan|nan|-45.610394|17.365871|15.225586|nan|nan|nan
929|nan|nan|nan|nan|nan|nan|nan|nan|nan|nan|nan|nan|nan|-39.518594|17.365871|15.389973|nan|nan|nan
930|nan|nan|nan|nan|nan|nan|nan|nan|nan|nan|nan|nan|nan|-37.773157|17.365871|15.541754|nan|nan|nan
931|nan|nan|nan|nan|nan|nan|nan|nan|nan|nan|nan|nan|nan|-31.074845|17.365871|15.835737|nan|nan|nan
932|nan|nan|nan|nan|nan|nan|nan|nan|nan|nan|nan|nan|nan|-54.733021|17.365871|15.006543|nan|nan|nan
933|nan|nan|nan|nan|42.488153|nan|nan|nan|nan|nan|nan|nan|nan|-64.906169|17.365871|14.386809|nan|nan|nan
934|nan|nan|nan|nan|42.531057|nan|nan|nan|nan|nan|nan|nan|nan|-66.551727|17.365871|13.784166|nan|nan|nan
935|nan|nan|nan|nan|42.809661|nan|nan|nan|nan|25.829527|nan|nan|nan|-57.910022|17.365871|13.509695|nan|nan|nan
936|nan|nan|nan|nan|43.401935|nan|nan|nan|nan|47.655216|nan|nan|nan|-51.961841|17.365871|13.340951|nan|nan|nan
937|nan|nan|nan|nan|44.165756|nan|nan|nan|nan|34.229617|nan|nan|nan|-58.545811|17.365871|12.949091|nan|nan|nan
938|nan|nan|nan|nan|44.381474|nan|nan|nan|nan|6.970303|nan|nan|nan|-50.940764|17.365871|13.002984|nan|nan|nan
939|nan|nan|nan|nan|44.991998|nan|nan|nan|nan|0.081940|nan|nan|nan|-43.448954|17.365871|13.096710|nan|nan|nan
940|nan|nan|nan|nan|45.694347|nan|nan|nan|nan|2.784615|nan|nan|nan|-39.161670|17.365871|15.262338|nan|nan|nan
941|nan|nan|nan|nan|46.126953|nan|nan|nan|nan|14.597546|nan|nan|nan|-31.268097|17.365871|19.107778|nan|nan|nan
942|nan|nan|nan|nan|46.180683|nan|nan|nan|nan|-21.542467|nan|nan|nan|-31.386462|17.365871|37.824501|nan|nan|nan
943|nan|-7.850752|nan|nan|46.029148|nan|nan|nan|nan|-28.711564|nan|nan|nan|-25.705658|17.365871|38.238843|-0.010059|nan|nan
944|nan|-6.310801|nan|nan|46.394201|nan|nan|nan|nan|-31.443046|nan|nan|nan|-24.079534|17.365871|38.445928|-0.009841|nan|nan
945|nan|-5.500272|nan|nan|46.930631|nan|nan|nan|nan|-27.506178|nan|nan|nan|-28.833577|17.365871|38.488680|-0.010647|nan|nan
946|nan|-5.854039|nan|nan|47.586455|nan|nan|nan|nan|-43.790319|nan|nan|nan|-45.609083|17.365871|37.941034|-0.013407|nan|nan
947|nan|-6.294893|nan|nan|48.130107|nan|nan|nan|nan|-45.486109|nan|nan|nan|-47.223400|17.365871|37.554114|-0.013710|nan|nan
948|nan|-6.575496|nan|-27.794849|48.477129|nan|nan|nan|nan|-29.624335|nan|nan|nan|-42.746687|17.365871|37.451156|-0.013056|nan|nan
949|nan|-6.478903|nan|-20.027318|48.783754|nan|nan|nan|nan|-26.129414|nan|nan|nan|-34.280768|17.365871|40.619740|-0.011787|nan|nan
950|nan|-5.878921|nan|-6.456774|48.689685|nan|nan|nan|nan|-29.479538|nan|nan|nan|-19.637655|17.365871|41.220252|-0.009519|nan|nan
951|nan|-5.142399|nan|nan|48.785214|nan|nan|nan|nan|-9.982169|nan|nan|nan|-13.447264|17.365871|41.727387|-0.008605|nan|nan
952|nan|-4.377516|nan|2.544989|48.975008|nan|nan|nan|nan|5.671265|nan|nan|nan|-9.561961|17.365871|42.155589|-0.008099|nan|nan
953|nan|-3.713257|nan|0.390809|49.386033|nan|-19.460340|nan|nan|-0.405797|nan|nan|nan|-9.454887|17.365871|42.363223|-0.008250|nan|nan
954|nan|-3.116186|nan|nan|49.564415|nan|-25.056231|nan|nan|4.505249|nan|nan|nan|-7.340224|17.365871|42.703816|-0.008032|nan|nan
955|nan|-2.595444|nan|1.051923|49.960586|nan|-20.963714|nan|nan|3.603748|nan|nan|nan|-7.213274|19.407770|42.836536|-0.008142|nan|nan
956|nan|-2.003077|nan|5.883602|50.207924|nan|-14.616135|nan|nan|-5.873552|nan|nan|nan|-2.930328|22.953665|43.113013|-0.007555|nan|nan
957|nan|-1.405810|nan|nan|50.513780|nan|-21.214276|nan|nan|-1.313816|nan|nan|nan|-0.192318|41.390911|43.344658|-0.007158|nan|nan
958|nan|-0.885918|nan|nan|49.667588|nan|-17.873445|nan|nan|-27.495537|nan|nan|nan|1.345557|21.719063|20.818164|-0.007199|nan|nan
959|nan|-0.491630|nan|4.214450|50.039867|-17.553516|-14.115011|0.023319|nan|-19.792729|nan|nan|nan|-0.514488|21.719063|20.826417|-0.007608|nan|nan
1000|nan|-0.220993|nan|nan|50.425209|-16.991308|-14.866697|0.023319|nan|-12.879923|nan|nan|nan|-1.838255|21.719063|20.843426|-0.007977|nan|nan
1001|nan|-0.043213|nan|3.332707|50.355825|-16.409539|-9.437847|0.045896|nan|-19.110197|nan|-109.698628|nan|-1.133340|16.874858|16.176716|-0.007991|nan|nan
1002|nan|0.129012|nan|nan|50.216671|-15.831171|-31.737893|0.042610|nan|-20.388641|nan|-108.852597|nan|1.301327|16.874858|16.323612|-0.007744|nan|nan
1003|nan|0.230134|nan|0.919792|49.526347|-15.405578|-44.683613|0.042610|nan|-21.837160|nan|-108.159816|nan|-0.332340|16.874858|16.291026|-0.008140|nan|nan
1004|nan|0.293128|nan|2.199834|48.246634|-14.951446|-47.105715|0.041433|nan|-21.199910|nan|-107.634642|nan|0.289055|15.789088|15.340559|-0.008167|nan|nan
1005|nan|0.442603|nan|nan|47.037926|-14.437020|-34.995203|0.060516|nan|-20.266388|nan|-107.053522|nan|4.860110|15.789088|15.451547|-0.007525|nan|nan
1006|nan|0.495640|nan|nan|45.812722|-14.000552|-31.236768|0.060516|nan|-18.583252|nan|-106.695790|nan|3.621461|15.789088|15.542231|-0.007853|nan|nan
1007|nan|0.563780|nan|2.720183|45.027943|-13.646112|-38.001950|0.051463|nan|-12.663743|nan|-105.671848|nan|4.377288|15.789088|15.462136|-0.007853|nan|nan
1008|nan|0.681481|nan|6.319968|44.176286|-13.204079|-28.731145|0.024951|nan|9.393718|nan|-104.279620|nan|7.319761|15.789088|15.557293|-0.007497|nan|nan
1009|nan|0.723309|nan|6.388328|43.100250|-12.731846|-21.464839|0.056179|nan|4.654412|nan|-102.840872|nan|7.981245|5.679412|5.678529|-0.007484|nan|nan
1010|nan|0.702760|nan|nan|42.290982|-12.394255|-19.293298|0.057845|nan|6.539031|nan|-101.838047|nan|6.387668|5.679412|5.705051|-0.007839|nan|nan
1011|nan|0.780136|nan|7.462128|41.027919|-11.956270|-8.352077|0.057045|nan|0.471912|nan|-100.966399|nan|10.346179|5.679412|5.879309|-0.007319|nan|nan
1012|nan|0.622134|nan|-3.229903|40.364781|-11.841681|-18.040486|0.052322|nan|-19.016130|nan|-100.194535|nan|2.276948|5.679412|5.705358|-0.008821|nan|nan
1013|nan|0.366766|nan|-11.490710|41.096853|-12.060995|-21.381317|0.052322|nan|-6.407221|nan|-99.841967|nan|-6.341347|5.679412|5.107646|-0.010255|nan|nan
1014|nan|-0.039761|nan|-22.166389|41.355074|-12.435175|-30.234519|-0.083778|nan|-15.144600|nan|-99.919187|nan|-16.112827|5.679412|4.647560|-0.011921|nan|nan
1030|nan|-0.371287|nan|-18.072031|41.130823|-12.658482|-32.406059|-0.099767|nan|-11.438415|nan|-100.008199|nan|-12.985435|5.679412|4.454260|-0.011471|nan|nan
1031|nan|-0.437659|nan|-5.540787|40.400778|-12.507680|-36.415056|-0.091656|nan|6.210689|nan|-99.956593|nan|0.190802|5.679412|4.625471|-0.009367|nan|nan
1032|nan|-0.455795|nan|nan|39.966816|-12.283148|-33.825912|-0.085322|nan|0.696814|nan|-99.737900|nan|4.974497|5.679412|4.771671|-0.008643|nan|nan
1033|-18.387543|-0.467266|nan|-0.596778|39.645630|-12.065292|-29.649874|-0.085322|nan|5.459093|nan|-99.639847|nan|5.165299|5.679412|4.896606|-0.008616|nan|nan
1034|-13.871755|-0.399245|nan|3.585027|38.656627|-11.729239|-17.706403|-0.085322|nan|0.019655|nan|-99.457361|nan|9.681728|5.679412|5.157298|-0.006888|nan|nan
1035|-9.564609|-0.280123|nan|nan|37.647486|-11.348280|0.083521|-0.068378|nan|8.348703|nan|-99.030628|nan|13.787609|5.679412|5.367094|-0.006245|nan|nan
1036|-3.345178|0.379350|nan|nan|37.489612|-10.891626|11.525866|-0.068378|nan|18.006241|nan|-97.966878|nan|20.042508|5.679412|5.534654|-0.005289|nan|nan
1037|-9.375229|0.941436|nan|nan|37.191324|-10.565683|8.268557|-0.068378|nan|27.305912|nan|-97.008301|nan|13.784269|5.679412|5.667243|-0.005201|nan|nan
1038|-3.067654|1.511379|nan|12.575819|36.526082|-9.889891|13.279802|-0.035973|nan|5.725379|nan|-96.017175|nan|20.136914|5.679412|6.078640|-0.003906|nan|nan
1039|-3.086874|1.844240|nan|11.565767|36.180628|-9.190733|14.198531|-0.018412|nan|4.323044|nan|-95.304011|nan|19.808649|5.679412|7.243647|-0.003974|nan|nan
1040|-3.234965|2.114603|nan|nan|36.117025|-8.595503|13.029240|-0.003324|nan|-2.699508|nan|-94.998327|nan|19.619086|5.679412|7.364120|-0.004056|nan|nan
1041|-11.457043|2.078155|nan|nan|35.668209|-8.202235|8.101515|0.003548|nan|-15.780532|nan|-95.068569|nan|11.300417|5.679412|20.358373|-0.005449|nan|nan
1042|-9.222999|2.106340|nan|5.328006|35.194809|-7.638610|12.444595|0.014086|nan|-9.156046|nan|-95.135979|nan|13.310734|5.679412|20.416466|-0.005135|nan|nan
1043|-9.190004|2.056173|nan|nan|34.517335|-7.149127|11.943471|0.018287|nan|-9.331608|nan|-95.155798|nan|13.260622|5.679412|20.452059|-0.005176|nan|-107.851223
1044|-5.172538|2.025912|nan|nan|34.132797|-6.709792|13.196281|0.034977|nan|-1.330650|nan|-95.131608|nan|17.330616|5.679412|20.469656|-0.004561|nan|-107.887584
1045|-7.189430|2.035629|nan|nan|33.476946|-6.339929|8.686161|0.045803|nan|-2.702190|nan|-95.123697|nan|15.164895|5.679412|20.472990|-0.004930|nan|-107.910581
1046|-5.229003|2.311541|nan|nan|32.990828|-6.038141|10.356576|0.058775|nan|4.648237|6.897748|-95.167884|nan|17.102577|5.679412|20.465142|-0.004643|nan|-107.946943
1047|-3.276062|2.675423|nan|9.724094|32.158894|-5.261522|13.530365|0.068341|nan|-4.498264|8.463538|-95.234998|nan|19.077871|5.679412|20.602501|-0.003730|nan|-107.969940
1048|-7.307892|2.917519|nan|4.807344|32.984106|-4.504961|6.765182|0.068341|nan|7.856609|4.356973|-95.416898|nan|14.874242|5.679412|20.390111|-0.003178|nan|-108.002751
1049|-11.143562|3.028943|nan|nan|33.349216|-3.770369|2.422102|0.066627|nan|4.297300|0.135943|-95.653703|nan|10.814269|5.679412|24.140227|-0.003439|nan|-108.046751
1050|-8.863863|3.021431|nan|3.417415|33.505782|-3.076047|8.268556|0.065227|nan|12.048039|1.989478|-95.722390|nan|12.996695|5.679412|32.294410|-0.003125|nan|-108.079563
1051|-4.485758|2.972339|-919.033085|nan|34.188111|-2.412815|10.273055|0.065227|-12.111297|10.108017|5.924138|-95.644641|-8.911297|17.115940|5.679412|32.294310|-0.002470|nan|-108.053117
1052|-0.575733|2.944029|-893.206404|10.923854|34.603030|-1.525153|13.780928|0.075533|-15.324405|8.645714|9.537840|-95.507215|-10.283424|20.881920|5.679412|32.440573|-0.001896|nan|-108.043204
1053|-1.171993|2.858059|-871.552967|9.932157|34.639895|-0.784265|14.950218|0.086133|-13.447639|-6.565849|8.593436|-95.348271|-11.285674|20.137778|5.679412|32.462056|-0.002060|nan|-108.066315
1054|1.831282|2.843285|-848.176935|12.504352|34.841783|-0.075581|17.622882|0.081772|-14.058822|-32.716573|11.119542|-95.131314|-8.696530|23.270728|6.681662|24.165470|-0.001636|nan|-108.115885
1055|6.766793|2.865501|-823.181509|17.011422|34.735335|0.670758|19.961464|0.092078|-11.228699|-37.515245|15.682882|-94.911065|-4.186408|28.505060|6.681662|17.881219|-0.000899|nan|-108.193640
1056|21.996767|3.118659|-804.772647|31.430806|35.087027|1.669406|37.918430|0.123834|0.194151|-29.805879|30.578434|-94.206765|10.596768|44.381552|16.453592|18.573254|0.001518|nan|-108.236087
1057|22.707770|3.236165|-792.685690|32.046673|35.024837|2.623121|28.981708|0.157796|1.164714|-20.152748|31.190350|-93.521677|10.847331|45.402119|16.453592|19.088695|0.001559|nan|-108.286970
1058|35.384438|3.603946|-778.287930|43.865149|35.643491|3.802483|32.406059|0.192742|9.757765|-23.761361|44.139959|-92.564672|23.041363|59.187250|16.453592|19.921641|0.003551|nan|-108.340866
1059|39.639956|3.997997|-758.940551|nan|37.228877|4.890811|25.974960|0.304384|14.076855|-17.674091|48.739227|-91.515390|26.799798|64.345242|16.453592|20.377338|0.004165|nan|-108.386326
1100|57.899350|4.810927|-735.436942|65.239444|38.501687|6.627019|46.437548|0.368069|19.301296|-13.046190|67.429384|-89.921289|44.506201|84.496667|16.453592|21.609909|0.007057|nan|-108.434467
1101|59.592966|5.539339|-713.819374|65.671860|40.612945|8.439327|60.385517|0.413845|17.667720|5.264324|69.347445|-88.400275|43.751971|87.563778|16.453592|22.203914|0.007233|nan|-108.465255
1102|91.028058|6.884110|-689.495657|97.040155|42.715959|11.152543|95.547762|0.469813|33.520748|20.396938|101.131845|-85.792424|74.487615|121.755791|16.453592|23.830588|0.012251|nan|-108.504090
1103|105.334575|8.261463|-659.992915|111.047733|43.764865|13.978805|109.245168|0.515180|46.411117|42.117027|115.964340|-82.592692|88.017980|139.275192|16.453592|25.321517|0.014457|nan|-108.534303
1104|114.944633|9.800330|-612.514343|119.810850|45.333137|16.773949|122.190888|0.555901|54.299815|80.666196|126.168555|-78.873498|96.787661|152.208872|16.453592|26.688776|0.015885|nan|-108.565225
1105|111.973714|11.112013|-565.958212|nan|47.210843|19.116264|122.274409|0.607297|57.817860|72.580328|123.805856|-75.385198|92.945706|152.701246|16.453592|27.635568|0.015254|nan|-108.596147
1106|112.625803|12.457065|-505.755250|115.739108|49.596032|21.334424|127.870300|0.638635|54.926643|74.494588|125.061880|-72.317740|92.695143|156.785011|16.453592|28.550435|0.015209|nan|-108.639687
1107|115.142034|13.737225|-442.503969|117.310980|51.927805|23.444803|123.109617|0.667343|56.033212|68.165255|128.199136|-69.360914|94.282038|162.671752|16.453592|29.275694|0.015463|nan|-108.683325
1108|123.370763|15.135294|-359.629505|124.317359|54.652501|25.673491|136.305898|0.702658|58.658865|80.558586|137.009827|-66.231966|101.548345|174.304658|16.453592|29.998120|0.016643|nan|-108.727297
1109|109.139514|16.224987|-277.293707|108.631947|57.516283|27.389118|120.687514|0.734310|50.498739|63.962795|123.319563|-63.635787|86.347565|163.496599|16.453592|30.094400|0.014160|nan|-108.765147
1110|119.233924|17.559424|-160.966342|118.117073|60.439349|29.345634|129.290154|0.768022|52.721522|81.083569|134.008247|-60.901488|95.451329|177.092652|16.453592|45.252885|0.015639|nan|-108.806974
1111|104.687850|18.469841|-31.621590|102.106655|62.150628|30.772821|105.236171|0.797070|44.387312|60.035233|120.042553|-58.770648|81.116465|165.970676|16.453592|45.323025|0.013104|nan|-108.845117
1112|80.516340|19.058540|104.870128|77.063534|63.611288|31.516177|82.017397|0.811185|26.368870|60.239335|96.380685|-57.147750|59.256713|145.243813|16.453592|56.750861|0.009006|nan|-108.877420
1113|82.975520|19.839298|234.031447|79.048998|65.440255|32.384000|83.270209|0.828490|25.470931|66.199373|99.318680|-55.630311|63.880087|151.233923|16.453592|75.448485|0.009248|nan|-108.910125
1114|96.972992|21.026041|360.089626|91.902491|66.899623|33.756301|100.057883|0.839168|28.258536|71.606129|113.937301|-53.720731|84.029327|168.969944|16.453592|78.042200|0.011787|nan|-108.946009
1115|90.175534|21.908185|485.205028|83.431513|68.228202|34.910136|90.035392|0.851064|24.971762|72.867538|107.810740|-52.017955|76.901896|165.784452|16.453592|95.700569|0.012596|nan|-108.982162
1116|77.511574|22.406451|645.032360|70.257871|69.688257|35.628188|78.175442|0.853273|21.678857|72.746899|95.780532|-50.437532|63.288010|156.661495|16.453592|97.229308|0.011090|nan|-109.018045
1117|63.239770|22.606860|795.793878|nan|70.682181|36.065637|64.645077|0.856580|8.878406|61.646870|82.105786|-49.321232|48.087230|146.007585|16.453592|81.794571|0.008641|nan|-108.782660
1118|63.320254|22.817142|951.383688|54.960611|71.570285|36.588475|59.466789|0.839080|6.362872|64.864330|82.861260|-48.199000|48.132022|149.505670|16.453592|77.416767|0.009106|nan|-108.575260
1119|55.276156|22.806302|1086.839549|44.840726|72.186404|36.909566|46.354027|0.848789|3.986805|51.587204|75.519622|-47.422662|39.195299|144.773424|16.453592|70.827094|0.007651|nan|-108.340384
1120|51.555998|22.684452|1204.522494|41.431774|72.653379|37.158554|43.681363|0.854401|-0.206834|51.655054|72.521686|-46.697380|36.441657|143.673747|16.453592|63.080931|0.006903|nan|-108.086870
1121|54.422103|22.467580|1319.951459|43.138824|72.942645|37.591030|49.694859|0.836746|0.597999|46.164859|76.202697|-45.958367|38.446156|148.165865|16.453592|59.053214|0.007226|nan|-107.901424
1122|30.950542|21.914389|1442.846056|18.391639|73.336743|37.335465|28.898187|0.831659|-13.144914|28.112020|53.414277|-45.929900|14.141611|126.057883|16.453592|51.182457|0.003279|nan|-107.774807
1123|14.793856|21.172009|1555.482706|0.992340|72.866936|36.756435|10.941221|0.828273|-23.218320|16.064354|37.896674|-46.231056|-2.813105|111.037486|16.453592|37.596431|0.000526|nan|-107.615884
1124|-2.659355|20.091931|1646.884907|-17.207947|72.333621|35.823094|-4.677163|0.820610|-32.705524|20.043518|21.031722|-46.898930|-20.220633|94.133241|16.453592|29.590072|-0.003806|nan|-107.398609
1125|3.327530|19.212938|1747.713376|-11.065174|71.977158|35.201037|5.094767|0.807775|-31.602405|20.648249|27.588912|-47.444433|-13.438825|99.778249|20.641175|26.127392|-0.002952|nan|-107.132585
1126|25.169929|18.912710|1859.340464|9.888490|71.542512|35.201209|41.008698|0.784071|-16.313931|33.505263|50.047579|-47.505251|7.691930|120.504811|20.641175|26.265825|0.000477|nan|-106.892857
1127|35.399373|18.667790|1963.482022|nan|71.456477|35.559529|50.780629|0.765879|-10.230275|36.106574|60.884958|-47.391761|17.213298|128.798545|20.641175|26.461232|0.002021|nan|-106.611516
1128|31.849232|18.378746|2053.490578|14.423659|71.612737|35.921605|58.715102|0.740207|-16.008858|44.169636|57.850884|-47.367782|9.273739|121.400765|20.641175|26.391135|0.001330|nan|-106.279442
1129|30.970532|18.051624|2139.293230|12.818514|72.073855|36.424400|60.886642|0.712595|-15.435102|43.231931|57.474127|-47.452718|7.606844|116.590343|20.641175|26.268338|0.001073|nan|-105.763554
1330|30.168696|17.795845|2205.582497|nan|72.689372|36.855432|77.089671|0.679365|-13.018476|45.061891|56.942181|-47.693080|6.103470|111.946776|20.641175|26.105832|0.000829|nan|-105.256529
1331|27.598484|17.475244|2245.003022|nan|72.812373|37.018713|74.918131|0.651012|-10.035137|43.137022|54.534497|-48.417091|2.846160|104.607158|20.641175|25.914234|0.000301|nan|-104.602533
1332|15.399267|16.958528|2256.062813|-4.394268|73.302377|36.732811|92.791576|0.627028|-14.896039|26.058144|42.088251|-49.473876|-10.016039|87.412651|20.641175|25.240642|-0.001784|nan|-103.903983
1333|14.908001|16.555311|2267.949638|nan|73.420275|36.451569|104.568005|0.578455|-14.649327|24.192566|40.303786|-50.883681|-11.769975|81.385980|20.641175|24.660091|-0.002069|nan|-102.993110
1334|14.150679|16.252890|2294.630428|nan|72.930298|36.101479|111.333188|0.542902|-12.654473|17.613353|38.016326|-52.429478|-13.774473|74.942080|20.641175|24.159081|-0.002393|nan|-102.091852
1335|20.144524|16.078284|2332.130189|nan|72.292755|35.851298|112.251917|0.493101|-8.213142|19.814508|42.253636|-54.295196|-9.013789|75.846695|20.641175|23.879975|-0.001622|nan|-100.832337
1336|27.632234|15.927758|2358.914589|3.414606|71.066283|35.680355|118.265412|0.451621|-2.590055|29.832517|47.959614|-55.989390|-2.749731|77.754685|20.641175|23.777491|-0.000606|nan|-99.454108
1337|36.119941|15.882243|2382.738485|11.022666|69.101248|35.796063|127.118614|0.408118|3.794955|36.223061|54.422545|-58.324292|4.516576|80.911208|20.641175|23.814175|0.000571|nan|-98.037572
1338|52.620430|16.129175|2410.336828|25.784427|66.879845|36.279508|149.669222|0.376208|15.878609|21.766413|68.781728|-60.582091|19.800877|92.736200|20.641175|24.420662|0.003048|nan|-96.703894
1339|47.224236|16.170142|2452.887253|18.919400|65.061645|36.392857|127.870301|0.307093|16.243383|26.351069|61.111122|-63.237316|14.962736|81.773990|20.641175|24.234255|0.001979|nan|-95.390697
1340|28.031057|15.892440|2482.841209|-1.530982|63.395870|36.011998|116.594997|0.264176|2.424962|21.899908|39.415105|-66.306118|-1.576332|56.887994|20.641175|26.351719|-0.001323|nan|-94.069540
1341|9.401645|15.131761|2506.174830|-21.273454|61.907114|35.314147|81.265710|0.228059|-10.729459|9.008134|18.097075|-69.872368|-21.370755|32.943786|20.641175|30.756737|-0.006231|nan|-92.380712
1342|7.280932|14.391098|2518.745149|nan|60.275869|34.594473|52.868648|0.203281|-13.426769|-9.806772|13.271984|-73.534919|-24.628065|26.036692|20.641175|33.916379|-0.007365|nan|-90.790743
1343|-8.485724|13.199810|2520.929737|-41.396563|58.231447|33.437908|37.500826|0.171555|-21.576346|-19.309623|-5.358551|-77.820645|-39.499261|5.259592|20.641175|32.657284|-0.012938|nan|-89.125556
1344|-17.599722|11.785800|2523.613735|-52.035089|55.829930|32.144570|40.340532|0.132035|-31.366203|-29.871621|-17.517494|-81.920202|-49.608795|-8.621560|20.641175|30.776149|-0.016359|nan|-87.653579
1345|-16.135998|10.265820|2530.712371|-51.630509|53.430116|30.926133|32.990705|0.095854|-28.867953|-20.600636|-19.258955|-86.226478|-49.191191|-11.274179|20.641175|29.868461|-0.016350|nan|-86.361048
1346|-12.273612|8.732852|2555.165898|nan|51.351895|29.811186|22.216525|0.069403|-26.187602|-17.614793|-18.528546|-89.973952|-46.351485|-11.135967|20.641175|29.183357|-0.015892|nan|-85.073046
1347|-11.220365|6.891330|2571.103983|-48.704546|49.856711|28.689651|7.099266|0.037451|-22.105371|-0.605167|-20.470798|-93.010236|-45.147964|-13.809495|20.641175|28.526367|-0.015880|nan|-83.726184
1348|3.424254|5.113299|2565.634643|-34.260820|48.186033|28.161616|19.961464|0.015934|-20.649585|10.585152|-8.727163|-95.721038|-33.050558|-2.577508|20.641175|28.668341|-0.013660|nan|-82.516632
1349|10.942889|3.261669|2535.076478|-28.110179|46.903839|27.778733|17.622882|-0.012074|-11.971768|3.528060|-4.189781|-98.631010|-26.452417|0.661859|20.641175|28.663447|-0.012591|nan|-81.548950
1350|4.483032|1.381701|2498.745302|-35.759581|45.704353|27.212672|5.679412|-0.034272|-14.920624|-24.498079|-13.681397|-101.544073|-33.802245|-10.349520|20.641175|28.543898|-0.013783|nan|-80.485393
1351|13.369730|-0.218692|2443.790435|-26.522667|44.504191|26.853487|15.701905|-0.047976|-10.501661|-22.549400|-7.758904|-103.842051|-25.784251|-5.515337|20.641175|28.797749|-0.012485|nan|-79.268805
1352|18.466054|-1.800962|2380.484379|nan|43.821824|26.509729|-4.343080|-0.052789|-4.561778|0.847054|-5.399709|-105.609373|-21.524691|-4.679379|20.641175|29.032553|-0.011796|nan|-78.136450
1353|21.365113|-3.415342|2320.089160|-21.414135|43.468292|26.162769|-19.209777|-0.055794|-0.953758|-2.060198|-5.199720|-107.307074|-19.436672|-5.296195|20.641175|29.095856|-0.011459|nan|-77.425779
1354|22.233226|-4.781481|2262.714874|-20.112389|43.113836|25.836746|-37.333784|-0.055243|-1.270561|-12.132596|-6.883333|-108.760101|-19.353151|-7.699490|20.641175|29.332147|-0.011447|nan|-77.639300
1355|23.151405|-6.251408|2203.961869|-21.155758|43.138215|25.377859|-31.904935|-0.055075|2.496804|-11.796786|-8.507136|-110.098150|-19.186110|-10.068140|23.408294|29.393066|-0.011421|nan|-77.826837
1356|28.032443|-7.373694|2162.598619|nan|43.410005|24.745626|-6.598141|-0.059597|11.792843|-11.714687|-6.331559|-111.370677|-15.010071|-7.318635|28.817108|29.470133|-0.010745|nan|-78.005271
1357|26.273594|-8.153075|2128.854046|nan|43.784032|24.069934|0.501125|-0.071718|8.649771|-22.825407|-10.714956|-112.053085|-17.432173|-11.167272|31.884538|29.558899|-0.011139|nan|-78.134973
1358|32.565790|-8.802323|2083.136386|-12.501393|44.497230|23.339223|1.920978|-0.080896|17.448859|-6.625857|-6.891025|-112.135780|-11.752761|-6.561881|31.884538|29.809600|-0.010218|nan|-78.126717
1359|44.581607|-9.361603|2048.384819|-1.072589|45.547253|22.777441|11.776429|-0.090429|23.850881|0.925220|2.863211|-111.414254|1.529585|4.097473|31.884538|36.110942|-0.008362|nan|-78.116877
1400|38.223187|-10.006591|2018.588179|-8.817770|46.820224|21.672651|3.424351|-0.100294|32.123149|0.736616|-5.676027|-111.076563|-5.319119|-3.756447|31.884538|36.115663|-0.009475|nan|-78.117622
1401|40.395317|-10.439614|1988.830900|-6.166003|47.950551|20.631918|1.920978|-0.109989|27.637085|2.132219|-5.642152|-111.300271|-1.885182|-2.729947|31.884538|36.293268|-0.009191|nan|-78.093565
1402|44.790009|-10.522587|1959.166848|nan|49.075412|19.133586|-6.848704|-0.106311|47.649925|-5.417634|-3.228015|-111.681641|2.207335|0.583293|31.884538|36.449958|-0.008528|nan|-78.046374
1403|47.650355|-10.541213|1931.538781|nan|50.067859|17.441099|-5.929975|-0.113049|53.843880|-5.155556|-2.098166|-111.843101|6.800000|2.174768|31.884538|43.854765|-0.008095|nan|-77.945778
1404|52.154700|-10.381367|1904.676644|5.066279|50.969133|15.717966|-3.507872|-0.109520|59.628867|15.362712|0.853911|-111.824427|13.146601|5.340099|31.884538|44.131265|-0.007377|nan|-77.853543
1405|53.642700|-10.126075|1885.711160|5.298411|51.893802|14.006255|2.756186|-0.113372|62.171595|7.763985|1.030453|-111.754811|20.409975|6.184906|31.884538|44.204586|-0.007134|nan|-77.805308
1406|44.169701|-10.042192|1882.868551|-3.744964|52.900995|12.023501|-0.334083|-0.124536|59.616945|-3.719078|-9.720779|-111.884007|11.055648|-4.119473|31.884538|48.224059|-0.008653|nan|-77.793930
1407|48.885295|-9.557053|1903.361720|1.833154|52.866946|10.217652|11.859950|-0.131848|61.344023|-16.153093|-5.882910|-111.518471|19.823374|0.658706|31.884538|44.967691|-0.007853|nan|-77.777666
1408|50.574054|-8.809203|1914.117268|2.664472|53.093243|8.258152|29.148749|-0.154185|68.067547|-0.641347|-4.902082|-111.096380|21.827872|1.696197|31.884538|44.929596|-0.007527|nan|-77.830739
1409|55.615650|-7.687141|1913.171198|9.246019|52.497330|6.751612|27.979459|-0.127123|64.135749|-13.677166|-0.236065|-110.498412|35.016723|7.218786|23.222437|22.494202|-0.006645|nan|-77.945804
1410|52.215065|-6.764352|1912.123117|5.451780|52.473962|4.967829|4.677164|-0.127854|68.092521|-17.552169|-3.765501|-110.145476|32.093496|3.627393|23.222437|22.575473|-0.007120|nan|-78.087781
1411|46.824679|-6.205914|1914.124832|0.624021|52.868412|3.298369|-19.961464|-0.126218|59.968641|-22.129707|-9.054953|-110.129628|43.329291|-1.884978|23.222437|22.492761|-0.007906|nan|-78.200769
1412|31.445750|-6.149240|1916.255876|-13.884480|53.854461|1.694960|-38.001951|-0.095730|42.145789|-32.041139|-24.262196|-110.727941|32.466114|-17.669654|23.222437|22.129101|-0.010306|nan|-78.465991
1413|-35.069534|-7.305213|1914.095503|-79.461345|53.388670|-1.823405|-120.687514|-0.119339|8.577589|-63.365627|-90.862091|-113.479725|-32.068253|-84.524626|11.480838|7.808706|-0.026060|nan|-79.279280
1414|-34.545144|-8.051387|1894.783924|-77.988562|51.539965|-5.023258|-129.540716|-0.135692|6.311650|-74.954964|-90.263578|-115.933507|-30.731921|-82.731917|-14.455557|-19.175363|-0.025846|nan|-80.071132
1415|-30.359594|-8.896013|1887.598788|-73.649082|49.900709|-7.963139|-124.028345|-0.152719|9.086419|-59.485198|-85.712837|-117.645110|-25.637154|-76.388997|-14.455557|-20.091654|-0.025022|nan|-80.795602
1416|-20.052946|-9.483470|1876.057852|-61.498776|48.213554|-10.280960|-109.913335|-0.162272|7.721720|-52.594179|-74.800622|-118.476930|-14.361850|-63.689791|-14.455557|-20.432946|-0.023194|nan|-81.454082
1417|-10.050640|-9.797066|1871.171522|-50.023524|46.896265|-12.098679|-98.805072|-0.160466|16.266462|-17.928855|-64.107030|-118.935437|-4.857108|-51.437648|-14.455557|-20.628779|-0.021406|nan|-82.034833
1418|-12.470762|-10.141302|1863.661938|-52.696011|45.677392|-13.926230|-86.443998|-0.170432|16.610131|-19.799645|-65.731509|-118.975863|-6.193440|-51.630099|-14.455557|-20.862527|-0.021626|nan|-82.536002
1419|-6.832184|-10.321648|1860.623004|-44.595634|45.084926|-15.382735|-73.080675|-0.167432|16.975312|4.965316|-59.034667|-118.586705|-3.428258|-43.704941|-14.455557|-20.815431|-0.020530|nan|-82.931459
1420|0.521594|-10.475990|1839.825788|-36.414035|44.277309|-16.477317|-71.911384|-0.166227|21.173458|6.842654|-50.390003|-118.012154|4.930861|-34.271752|-14.455557|-20.395689|-0.019148|nan|-83.279811
1421|1.643915|-10.749620|1749.194291|-35.065064|43.585664|-17.615729|-61.554809|-0.174556|27.272364|9.114568|-48.003879|-117.513337|7.269442|-31.822923|-14.455557|-20.151392|-0.018770|44808.400000|-83.646723
1422|14.618210|-10.854220|1656.533872|-19.990612|42.731061|-17.937043|-43.096718|-0.177066|23.549921|7.579640|-33.685641|-116.678686|10.987973|-17.641707|-14.455557|-19.431636|-0.016463|75321.866377|-83.927306
1423|25.259408|-10.982453|1571.800320|-7.693567|42.350703|-17.749268|-29.148749|-0.175514|29.249870|-20.808003|-21.701078|-115.920456|18.447923|-5.545875|-14.455557|-18.656724|-0.014536|75305.456698|-84.070446
1424|55.988645|-10.587012|1497.581519|23.630867|41.592695|-16.381996|2.839706|-0.180188|41.072857|-1.363486|10.499277|-114.502367|44.112857|27.640718|-14.455557|-16.924827|-0.009349|75289.181538|-84.043510
1425|75.137927|-9.695198|1433.247812|44.551949|41.313123|-14.767997|23.302295|-0.145680|59.527106|9.779839|31.316442|-112.335275|64.408405|49.798520|-14.455557|-15.235188|-0.006048|75273.847914|-84.032228
1426|87.439737|-8.326109|1371.037433|58.052293|41.737555|-13.352403|40.925178|-0.096910|77.293951|20.774383|45.425376|-109.973225|77.855249|65.709342|-14.455557|-13.752398|-0.003862|83132.548573|-84.048824
1427|71.156336|-7.239381|1320.215850|41.917620|41.979589|-12.634248|23.385816|-0.017096|66.657664|4.538630|30.811316|-108.147984|62.737989|52.796863|-14.455557|-13.064102|-0.006319|110667.956040|-84.049423
1428|63.450127|-6.021024|1276.956919|34.900167|41.960032|-12.085073|22.550608|-0.016613|56.783369|-3.790254|24.661554|-106.606762|56.223369|48.535590|-14.455557|-12.696811|-0.007378|110661.428574|-84.095068
1429|52.042807|-4.780004|1232.156279|24.705863|41.954771|-11.790271|23.803420|-0.028466|45.474484|-8.117617|14.622773|-105.373279|46.033835|40.422340|-14.455557|-2.944371|-0.009035|110659.450554|-84.132924
1430|53.059553|-3.531262|1198.867181|nan|41.869204|-11.470718|19.209777|-0.052684|44.689221|-1.461707|17.063279|-104.079567|48.288896|44.693551|-14.455557|-0.694468|-0.008669|110661.626376|-84.145008
1431|47.549455|-2.457911|1179.039364|nan|41.556132|-11.199932|16.704155|-0.030747|37.309012|-7.401350|13.119881|-102.995698|42.109337|42.527064|-14.455557|10.358524|-0.009361|167724.035158|-84.526050
1432|34.353909|-1.678421|1190.684232|11.272086|41.330064|-11.104052|8.853201|-0.028953|22.407164|-9.040801|1.500019|-102.172611|22.085866|32.599743|-14.455557|13.104922|-0.011303|200697.621105|-85.462440
1433|31.767287|-1.006307|1219.082603|10.953474|40.966735|-10.935809|10.189534|-0.028558|16.350183|-5.871309|0.461333|-101.525857|18.669534|33.279560|-14.455557|14.527511|-0.011521|224336.365730|-86.516117
1434|45.565050|-0.272404|1245.914218|25.478521|40.527150|-10.319675|29.649874|-0.062316|22.663597|16.321649|15.807001|-100.765371|31.703273|50.401487|-14.455557|14.797930|-0.009077|224371.242215|-87.486227
1435|44.666583|0.482671|1256.479559|nan|40.073453|-9.862960|31.487331|-0.083825|24.917681|26.097298|16.516936|-99.815564|32.037356|52.554526|-14.455557|21.721027|-0.009022|224412.131881|-88.409938
1436|33.568983|0.969254|1247.094748|15.319507|39.680306|-9.799409|12.277553|-0.080858|19.302554|26.850202|7.040948|-99.191056|22.181905|43.990264|-14.455557|21.987239|-0.010625|224457.431213|-89.443676
1437|28.302804|1.340647|1223.206393|12.463485|39.060642|-9.914261|13.196282|-0.084037|16.092908|16.421156|3.269526|-98.816403|18.172908|41.088795|-14.455557|29.055307|-0.011276|224503.532302|-90.572730
1438|18.403985|1.469790|1184.230721|2.577100|38.351679|-10.526295|6.598141|-0.080909|18.926025|7.640268|-5.198410|-98.860393|9.570269|33.231433|-14.455557|28.629539|-0.012672|297424.467677|-92.089443
1439|10.663642|1.579437|1139.770613|nan|37.600826|-11.103550|5.595892|-0.081922|3.376888|-32.102398|-11.634742|-99.221867|2.739169|28.226262|-14.455557|42.617130|-0.013716|330470.007017|-93.531965
1440|25.243274|1.951355|1049.390710|12.732626|36.893973|-10.829302|18.541612|-0.080489|4.444205|-15.094945|4.358313|-99.166564|11.728116|44.692935|-14.455557|42.913460|-0.011135|372376.689229|-94.899139
1441|25.407715|2.160065|943.089768|13.544845|36.407435|-10.273138|15.117260|-0.079299|1.225037|-12.695008|6.051652|-98.832456|6.507969|46.885382|-14.455557|42.986085|-0.010903|372410.584641|-96.075923
1442|11.735208|2.207665|843.060672|0.710659|36.504896|-9.928617|-12.110512|-0.110469|-9.859232|-21.577578|-6.046082|-98.969602|-6.416626|34.947718|-14.455557|42.883122|-0.012923|372434.510771|-97.076082
1443|8.386033|2.175343|747.367163|nan|36.320730|-9.331263|-80.096419|-0.073217|-20.591099|-25.158864|-7.265587|-99.230303|-17.068166|33.411763|-14.455557|42.798079|-0.013275|372450.461524|-98.156258
1444|11.266058|2.043157|641.060184|4.146134|37.037387|-8.435337|-74.751090|-0.039433|-18.822101|-18.687683|-2.318592|-99.516897|-13.379169|38.313626|-4.815336|42.881884|-0.012622|372459.101515|-99.329607
1445|0.158623|1.756624|528.397252|-7.088627|37.332445|-7.826334|-79.678816|-0.004888|-27.163290|-24.844065|-11.496709|-99.975703|-25.401662|28.728647|-2.630941|42.635042|-0.014249|372460.430745|-100.495879
1446|5.470619|1.644199|398.369793|-0.054296|37.036055|-6.976685|-62.055933|0.017245|-26.817014|-22.283934|-4.380484|-100.098287|-19.054083|36.266935|8.393801|41.251979|-0.013217|372458.436900|-101.442851
1447|6.991668|1.409574|277.572762|nan|36.515445|-6.157102|-48.525568|0.035631|-24.390087|-18.793611|-1.115329|-99.706609|-18.388460|40.210387|11.602924|41.301870|-0.012810|372451.126139|-102.145193
1448|6.779533|1.143052|163.999892|3.348248|37.357711|-5.447436|-49.110213|0.056808|-19.558724|-18.130842|0.789210|-97.473531|-17.636773|41.821109|13.250861|41.643093|-0.012687|372437.833844|-102.806283
1449|1.741970|0.702917|68.655880|-1.847583|39.367060|-5.049374|-46.437549|0.072266|-21.888318|16.653689|-2.211111|-95.392568|-21.729291|37.222600|13.250861|41.592442|-0.013352|372421.218476|-103.332214
1450|5.754338|0.361809|-12.954045|4.716759|41.156304|-4.391717|-32.990704|0.083247|-21.360268|32.619655|3.749363|-93.351328|-16.801565|40.287642|20.134897|41.697850|-0.012553|372403.938433|-103.733433
1451|2.180476|0.086923|-98.556947|nan|42.837848|-3.922281|-33.324788|0.094500|-19.552609|36.119943|2.049603|-91.798114|-19.474230|35.359868|20.697064|41.770057|-0.012988|372391.975368|-104.127245
1452|-11.830194|-0.423833|-194.015599|-12.175754|44.814547|-3.968716|-32.239018|0.096038|-23.945044|29.814218|-10.349273|-90.947000|-32.586991|19.469271|28.011559|41.200092|-0.015119|372385.329221|-104.412698
1453|-13.467290|-0.884984|-292.047275|-12.135527|46.323636|-3.970926|-21.130755|0.094453|-27.417380|19.932455|-10.374744|-90.075826|-33.338678|16.861825|28.098312|40.904526|-0.015241|372382.670762|-104.518118
1454|-11.421338|-1.308539|-368.732691|nan|47.693561|-3.903118|13.697406|0.088425|-21.454477|26.448518|-6.976994|-89.325711|-30.415451|17.786437|40.842388|40.672934|-0.014767|372380.012303|-104.502587
1455|-1.334160|-1.472340|-426.381497|1.384894|48.590137|-3.526337|44.934175|0.054871|-15.553905|20.634210|4.226181|-88.490576|-19.474230|26.990947|40.842388|40.801743|-0.012990|372379.347688|-104.507778
1456|4.193095|-1.488792|-482.531763|8.056178|48.718433|-3.062665|64.728598|0.006649|-9.766651|25.756833|10.812859|-87.564303|-13.126651|31.510717|24.100016|24.314306|-0.011959|372381.341532|-104.523085
1457|-5.038669|-1.435279|-533.600667|-1.313049|49.574705|-2.822686|41.175740|-0.075139|-12.842574|22.162903|2.545956|-87.273779|-17.882249|20.747310|24.100016|24.203199|-0.013329|372383.999991|-104.600152
1458|-13.998014|-0.671143|-574.364830|-9.766000|50.492144|-2.859246|26.476084|-0.080046|-15.826960|8.466785|-5.562949|-87.512614|-26.067285|10.901131|24.100016|23.961350|-0.014549|372387.323065|-104.908391
1459|-26.046900|0.181081|-620.183767|-20.734990|52.112369|-3.418658|5.011246|-0.075306|-17.420317|1.444987|-17.036147|-88.907982|-37.342589|-2.940078|24.100016|23.312553|-0.015672|374849.533175|-105.288693
