900|nan|nan|nan|nan|nan|nan|nan|nan|nan|nan|nan|nan|nan|nan|nan|nan|nan|nan|nan|nan|nan|nan|nan|nan|nan|nan|nan|nan|nan|nan|nan|nan|nan|nan|nan|nan|nan|nan|nan|nan|nan|nan|nan|nan|nan|nan|nan|nan|nan|nan
901|nan|nan|nan|nan|nan|nan|nan|nan|nan|nan|nan|nan|nan|nan|nan|nan|nan|nan|nan|nan|nan|nan|nan|nan|nan|nan|nan|nan|nan|nan|nan|nan|nan|nan|nan|nan|nan|nan|nan|nan|nan|nan|nan|nan|nan|nan|nan|nan|nan|nan
902|nan|nan|nan|nan|nan|nan|nan|nan|nan|nan|nan|nan|nan|nan|nan|nan|nan|nan|nan|nan|nan|nan|nan|nan|nan|nan|nan|nan|nan|nan|nan|nan|nan|nan|nan|nan|nan|nan|nan|nan|nan|nan|nan|nan|nan|nan|nan|nan|nan|nan
903|nan|nan|nan|nan|nan|nan|nan|nan|nan|nan|nan|nan|nan|nan|nan|nan|nan|nan|nan|nan|nan|nan|nan|nan|nan|nan|nan|nan|nan|nan|nan|nan|nan|nan|nan|nan|nan|nan|nan|nan|nan|nan|nan|nan|nan|nan|nan|nan|nan|nan
904|nan|nan|nan|nan|nan|nan|nan|nan|nan|nan|nan|nan|nan|nan|nan|nan|nan|nan|nan|nan|nan|nan|nan|nan|nan|nan|nan|nan|nan|nan|nan|nan|nan|nan|nan|nan|nan|nan|nan|nan|nan|nan|nan|nan|nan|nan|nan|nan|nan|nan
905|nan|nan|nan|nan|nan|nan|nan|nan|nan|nan|nan|nan|nan|nan|nan|nan|nan|nan|nan|nan|nan|nan|nan|nan|nan|nan|nan|nan|nan|nan|nan|nan|nan|nan|nan|nan|nan|nan|nan|nan|nan|nan|nan|nan|nan|nan|nan|nan|nan|nan
906|nan|nan|nan|nan|nan|nan|nan|nan|nan|nan|nan|nan|nan|nan|nan|nan|nan|nan|nan|nan|nan|nan|nan|nan|nan|nan|nan|nan|nan|nan|nan|nan|nan|nan|nan|nan|nan|nan|nan|nan|nan|nan|nan|nan|nan|nan|nan|nan|nan|nan
907|nan|nan|nan|nan|nan|nan|nan|nan|nan|nan|nan|nan|nan|nan|nan|nan|nan|nan|nan|nan|nan|nan|nan|nan|nan|nan|nan|nan|nan|nan|nan|nan|nan|nan|nan|nan|nan|nan|nan|nan|nan|nan|nan|nan|nan|nan|nan|nan|nan|nan
908|nan|nan|nan|nan|nan|nan|nan|nan|nan|nan|nan|nan|nan|nan|nan|nan|nan|nan|nan|nan|nan|nan|nan|nan|nan|nan|nan|nan|nan|nan|nan|nan|nan|nan|nan|nan|nan|nan|nan|nan|nan|nan|nan|nan|nan|nan|nan|nan|nan|nan
909|nan|nan|nan|nan|nan|nan|nan|nan|nan|nan|nan|nan|nan|nan|nan|nan|nan|nan|nan|nan|nan|nan|nan|nan|nan|nan|nan|nan|nan|nan|nan|nan|nan|nan|nan|nan|nan|nan|nan|nan|nan|nan|nan|nan|nan|nan|nan|nan|nan|nan
910|nan|nan|nan|nan|nan|nan|nan|nan|nan|nan|nan|nan|nan|nan|nan|nan|nan|nan|nan|nan|nan|nan|nan|nan|nan|nan|nan|nan|nan|nan|nan|nan|nan|nan|nan|nan|nan|nan|nan|nan|nan|nan|nan|nan|nan|nan|nan|nan|nan|nan
911|nan|nan|nan|nan|nan|nan|nan|nan|nan|nan|nan|nan|nan|nan|nan|nan|nan|nan|nan|nan|nan|nan|nan|nan|nan|nan|nan|nan|nan|nan|nan|nan|nan|nan|nan|nan|nan|nan|nan|nan|nan|nan|nan|nan|nan|nan|nan|nan|nan|nan
912|nan|nan|nan|nan|nan|nan|nan|nan|nan|nan|nan|nan|nan|nan|nan|nan|nan|nan|nan|nan|nan|nan|nan|nan|nan|nan|nan|nan|nan|nan|nan|nan|nan|nan|nan|nan|nan|nan|nan|nan|nan|nan|nan|nan|nan|nan|nan|nan|nan|nan
913|nan|nan|nan|nan|nan|nan|nan|nan|nan|nan|nan|nan|nan|nan|nan|nan|nan|nan|nan|nan|nan|nan|nan|nan|nan|nan|nan|nan|nan|nan|nan|nan|nan|nan|nan|nan|nan|nan|nan|nan|nan|nan|nan|nan|nan|nan|nan|nan|nan|nan
914|nan|nan|nan|nan|nan|nan|nan|nan|nan|nan|nan|nan|nan|nan|nan|nan|nan|nan|nan|nan|nan|nan|nan|nan|nan|nan|nan|nan|nan|nan|nan|nan|nan|nan|nan|nan|nan|nan|nan|nan|nan|nan|nan|nan|nan|nan|nan|nan|nan|nan
915|nan|nan|nan|nan|nan|nan|nan|nan|nan|nan|nan|nan|nan|nan|nan|nan|nan|nan|nan|nan|nan|nan|nan|nan|nan|nan|nan|nan|nan|nan|nan|nan|nan|nan|nan|nan|nan|nan|nan|nan|nan|nan|nan|nan|nan|nan|nan|nan|nan|nan
916|nan|nan|nan|nan|nan|nan|nan|nan|nan|nan|nan|nan|nan|nan|nan|nan|nan|nan|nan|nan|nan|nan|nan|nan|nan|nan|nan|nan|nan|nan|nan|nan|nan|nan|nan|nan|nan|nan|nan|nan|nan|nan|nan|nan|nan|nan|nan|nan|nan|nan
917|nan|nan|nan|nan|nan|nan|nan|nan|nan|nan|nan|nan|nan|nan|nan|nan|nan|nan|nan|nan|nan|nan|nan|nan|nan|nan|nan|nan|nan|nan|nan|nan|nan|nan|nan|nan|nan|nan|nan|nan|nan|nan|nan|nan|nan|nan|nan|nan|nan|nan
918|nan|nan|nan|nan|nan|nan|nan|nan|nan|nan|nan|nan|nan|nan|nan|nan|nan|nan|nan|nan|nan|nan|nan|nan|nan|nan|nan|nan|nan|nan|nan|nan|nan|nan|nan|nan|nan|nan|nan|nan|nan|nan|nan|nan|nan|nan|nan|nan|nan|nan
919|nan|nan|nan|nan|nan|nan|nan|nan|nan|nan|nan|nan|nan|nan|nan|nan|nan|nan|nan|nan|nan|nan|nan|nan|nan|nan|nan|nan|nan|nan|nan|nan|nan|nan|nan|nan|nan|nan|nan|nan|nan|nan|nan|nan|nan|nan|nan|nan|nan|nan
920|nan|nan|nan|nan|nan|nan|nan|nan|nan|nan|nan|nan|nan|nan|nan|nan|nan|nan|nan|nan|nan|nan|nan|nan|nan|nan|nan|nan|nan|nan|nan|nan|nan|nan|nan|nan|nan|nan|nan|nan|nan|nan|nan|nan|nan|nan|nan|nan|nan|nan
921|nan|nan|nan|nan|nan|nan|nan|nan|nan|nan|nan|nan|nan|nan|nan|nan|nan|nan|nan|nan|nan|nan|nan|nan|nan|nan|nan|nan|nan|nan|nan|nan|nan|nan|nan|nan|nan|nan|nan|nan|nan|nan|nan|nan|nan|nan|nan|nan|nan|nan
922|nan|nan|nan|nan|nan|nan|nan|nan|nan|nan|nan|nan|nan|nan|nan|nan|nan|nan|nan|nan|nan|nan|nan|nan|nan|nan|nan|nan|nan|nan|nan|nan|nan|nan|nan|nan|nan|nan|nan|nan|nan|nan|nan|nan|nan|nan|nan|nan|nan|nan
923|nan|nan|nan|nan|nan|nan|nan|nan|nan|nan|nan|nan|nan|nan|nan|nan|nan|nan|nan|nan|nan|nan|nan|nan|nan|nan|nan|nan|nan|nan|nan|nan|nan|nan|nan|nan|nan|nan|nan|nan|nan|nan|nan|nan|nan|nan|nan|nan|nan|nan
924|nan|nan|nan|nan|nan|nan|nan|nan|nan|nan|nan|nan|nan|nan|nan|nan|nan|nan|nan|nan|nan|nan|nan|nan|nan|nan|nan|nan|nan|nan|nan|nan|nan|nan|nan|nan|nan|nan|nan|nan|nan|nan|nan|nan|nan|nan|nan|nan|nan|nan
925|nan|nan|nan|nan|nan|nan|nan|nan|nan|nan|nan|nan|nan|nan|nan|nan|nan|nan|nan|nan|nan|nan|nan|nan|nan|nan|nan|nan|nan|nan|nan|nan|nan|nan|nan|nan|nan|nan|nan|nan|nan|nan|nan|nan|nan|nan|nan|nan|nan|nan
926|nan|nan|nan|nan|nan|nan|nan|nan|nan|nan|nan|nan|nan|nan|nan|nan|nan|nan|nan|nan|nan|nan|nan|nan|nan|nan|nan|nan|nan|nan|nan|nan|nan|nan|nan|nan|nan|nan|nan|nan|nan|nan|nan|nan|nan|nan|nan|nan|nan|nan
927|nan|nan|nan|nan|nan|nan|nan|nan|nan|nan|nan|nan|nan|nan|nan|nan|nan|nan|nan|nan|nan|nan|nan|nan|nan|nan|nan|nan|nan|nan|nan|nan|nan|nan|nan|nan|nan|nan|nan|nan|nan|nan|nan|nan|nan|nan|nan|nan|nan|nan
928|nan|nan|nan|nan|nan|nan|nan|nan|nan|nan|nan|nan|nan|nan|nan|nan|nan|nan|nan|nan|nan|nan|nan|nan|nan|nan|nan|nan|nan|nan|nan|nan|nan|nan|nan|nan|nan|nan|nan|nan|nan|nan|nan|nan|nan|nan|nan|nan|nan|nan
929|nan|nan|nan|nan|nan|nan|nan|nan|nan|nan|nan|nan|nan|nan|nan|nan|nan|nan|nan|nan|nan|nan|nan|nan|nan|nan|nan|nan|nan|nan|nan|nan|nan|nan|nan|nan|nan|nan|nan|nan|nan|nan|nan|nan|nan|nan|nan|nan|nan|nan
930|nan|nan|nan|nan|nan|nan|nan|nan|nan|nan|nan|nan|nan|nan|nan|nan|nan|nan|nan|nan|nan|nan|nan|nan|nan|nan|nan|nan|nan|nan|nan|nan|nan|nan|nan|nan|nan|nan|nan|nan|nan|nan|nan|nan|nan|nan|nan|nan|nan|nan
931|nan|nan|nan|nan|nan|nan|nan|nan|nan|nan|nan|nan|nan|nan|nan|nan|nan|nan|nan|nan|nan|nan|nan|nan|nan|nan|nan|nan|nan|nan|nan|nan|nan|nan|nan|nan|nan|nan|nan|nan|nan|nan|nan|nan|nan|nan|nan|nan|nan|nan
932|nan|nan|nan|nan|nan|nan|nan|nan|nan|nan|nan|nan|nan|nan|nan|nan|nan|nan|nan|nan|nan|nan|nan|nan|nan|nan|nan|nan|nan|nan|nan|nan|nan|nan|nan|nan|nan|nan|nan|nan|nan|nan|nan|nan|nan|nan|nan|nan|nan|nan
933|nan|nan|nan|nan|nan|nan|nan|nan|nan|nan|nan|nan|nan|nan|nan|nan|nan|nan|nan|nan|nan|nan|nan|nan|nan|nan|nan|nan|nan|nan|nan|nan|nan|nan|nan|nan|nan|nan|nan|nan|nan|nan|nan|nan|nan|nan|nan|nan|nan|nan
934|nan|nan|nan|nan|nan|nan|nan|nan|nan|nan|nan|nan|nan|nan|nan|nan|nan|nan|nan|nan|nan|nan|nan|nan|nan|nan|nan|nan|nan|nan|nan|nan|nan|nan|nan|nan|nan|nan|nan|nan|nan|nan|nan|nan|nan|nan|nan|nan|nan|nan
935|nan|nan|nan|nan|nan|nan|nan|nan|nan|nan|nan|nan|nan|nan|nan|nan|nan|nan|nan|nan|nan|nan|nan|nan|nan|nan|nan|nan|nan|nan|nan|nan|nan|nan|nan|nan|nan|nan|nan|nan|nan|nan|nan|nan|nan|nan|nan|nan|nan|nan
936|nan|nan|nan|nan|nan|nan|nan|nan|nan|nan|nan|nan|nan|nan|nan|nan|nan|nan|nan|nan|nan|nan|nan|nan|nan|nan|nan|nan|nan|nan|nan|nan|nan|nan|nan|nan|nan|nan|nan|nan|nan|nan|nan|nan|nan|nan|nan|nan|nan|nan
937|nan|nan|nan|nan|nan|nan|nan|nan|nan|nan|nan|nan|nan|nan|nan|nan|nan|nan|nan|nan|nan|nan|nan|nan|nan|nan|nan|nan|nan|nan|nan|nan|nan|nan|nan|nan|nan|nan|nan|nan|nan|nan|nan|nan|nan|nan|nan|nan|nan|nan
938|nan|nan|nan|nan|nan|nan|nan|nan|nan|nan|nan|nan|nan|nan|nan|nan|nan|nan|nan|nan|nan|nan|nan|nan|nan|nan|nan|nan|nan|nan|nan|nan|nan|nan|nan|nan|nan|nan|nan|nan|nan|nan|nan|nan|nan|nan|nan|nan|nan|nan
939|nan|nan|nan|nan|nan|nan|nan|nan|nan|nan|nan|nan|nan|nan|nan|nan|nan|nan|nan|nan|nan|nan|nan|nan|nan|nan|nan|nan|nan|nan|nan|nan|nan|nan|nan|nan|nan|nan|nan|nan|nan|nan|nan|nan|nan|nan|nan|nan|nan|nan
940|nan|nan|nan|nan|nan|nan|nan|nan|nan|nan|nan|nan|nan|nan|nan|nan|nan|nan|nan|nan|nan|nan|nan|nan|nan|nan|nan|nan|nan|nan|nan|nan|nan|nan|nan|nan|nan|nan|nan|nan|nan|nan|nan|nan|nan|nan|nan|nan|nan|nan
941|nan|nan|nan|nan|nan|nan|nan|nan|nan|nan|nan|nan|nan|nan|nan|nan|nan|nan|nan|nan|nan|nan|nan|nan|nan|nan|nan|nan|nan|nan|nan|nan|nan|nan|nan|nan|nan|nan|nan|nan|nan|nan|nan|nan|nan|nan|nan|nan|nan|nan
942|nan|nan|nan|nan|nan|nan|nan|nan|nan|nan|nan|nan|nan|nan|nan|nan|nan|nan|nan|nan|nan|nan|nan|nan|nan|nan|nan|nan|nan|nan|nan|nan|nan|nan|nan|nan|nan|nan|nan|nan|nan|nan|nan|nan|nan|nan|nan|nan|nan|nan
943|nan|nan|nan|nan|nan|nan|nan|nan|nan|nan|nan|nan|nan|nan|nan|nan|nan|nan|nan|nan|nan|nan|nan|nan|nan|nan|nan|nan|nan|nan|nan|nan|nan|nan|nan|nan|nan|nan|nan|nan|nan|nan|nan|nan|nan|nan|nan|nan|nan|nan
944|nan|nan|nan|nan|nan|nan|nan|nan|nan|nan|nan|nan|nan|nan|nan|nan|nan|nan|nan|nan|nan|nan|nan|nan|nan|nan|nan|nan|nan|nan|nan|nan|nan|nan|nan|nan|nan|nan|nan|nan|nan|nan|nan|nan|nan|nan|nan|nan|nan|nan
945|nan|nan|nan|nan|nan|nan|nan|nan|nan|nan|nan|nan|nan|nan|nan|nan|nan|nan|nan|nan|nan|nan|nan|nan|nan|nan|nan|nan|nan|nan|nan|nan|nan|nan|nan|nan|nan|nan|nan|nan|nan|nan|nan|nan|nan|nan|nan|nan|nan|nan
946|nan|nan|nan|nan|nan|nan|nan|nan|nan|nan|nan|nan|nan|nan|nan|nan|nan|nan|nan|nan|nan|nan|nan|nan|nan|nan|nan|nan|nan|nan|nan|nan|nan|nan|nan|nan|nan|nan|nan|nan|nan|nan|nan|nan|nan|nan|nan|nan|nan|nan
947|nan|nan|nan|nan|nan|nan|nan|nan|nan|nan|nan|nan|nan|nan|nan|nan|nan|nan|nan|nan|nan|nan|nan|nan|nan|nan|nan|nan|nan|nan|nan|nan|nan|nan|nan|nan|nan|nan|nan|nan|nan|nan|nan|nan|nan|nan|nan|nan|nan|nan
948|nan|nan|nan|nan|nan|nan|nan|nan|nan|nan|nan|nan|nan|nan|nan|nan|nan|nan|nan|nan|nan|nan|nan|nan|nan|nan|nan|nan|nan|nan|nan|nan|nan|nan|nan|nan|nan|nan|nan|nan|nan|nan|nan|nan|nan|nan|nan|nan|nan|nan
949|nan|nan|nan|nan|nan|nan|nan|nan|nan|nan|nan|nan|nan|nan|nan|nan|nan|nan|nan|nan|nan|nan|nan|nan|nan|nan|nan|nan|nan|nan|nan|nan|nan|nan|nan|nan|nan|nan|nan|nan|nan|nan|nan|nan|nan|nan|nan|nan|nan|nan
950|nan|nan|nan|nan|nan|nan|nan|nan|nan|nan|nan|nan|nan|nan|nan|nan|nan|nan|nan|nan|nan|nan|nan|nan|nan|nan|nan|nan|nan|nan|nan|nan|nan|nan|nan|nan|nan|nan|nan|nan|nan|nan|nan|nan|nan|nan|nan|nan|nan|nan
951|nan|nan|nan|nan|nan|nan|nan|nan|nan|nan|nan|nan|nan|nan|nan|nan|nan|nan|nan|nan|nan|nan|nan|nan|nan|nan|nan|nan|nan|nan|nan|nan|nan|nan|nan|nan|nan|nan|nan|nan|nan|nan|nan|nan|nan|nan|nan|nan|nan|nan
952|nan|nan|nan|nan|nan|nan|nan|nan|nan|nan|nan|nan|nan|nan|nan|nan|nan|nan|nan|nan|nan|nan|nan|nan|nan|nan|nan|nan|nan|nan|nan|nan|nan|nan|nan|nan|nan|nan|nan|nan|nan|nan|nan|nan|nan|nan|nan|nan|nan|nan
953|nan|nan|nan|nan|nan|nan|nan|nan|nan|nan|nan|nan|nan|nan|nan|nan|nan|nan|nan|nan|nan|nan|nan|nan|nan|nan|nan|nan|nan|nan|nan|nan|nan|nan|nan|nan|nan|nan|nan|nan|nan|nan|nan|nan|nan|nan|nan|nan|nan|nan
954|nan|nan|nan|nan|nan|nan|nan|nan|nan|nan|nan|nan|nan|nan|nan|nan|nan|nan|nan|nan|nan|nan|nan|nan|nan|nan|nan|nan|nan|nan|nan|nan|nan|nan|nan|nan|nan|nan|nan|nan|nan|nan|nan|nan|nan|nan|nan|nan|nan|nan
955|nan|nan|nan|nan|nan|nan|nan|nan|nan|nan|nan|nan|nan|nan|nan|nan|nan|nan|nan|nan|nan|nan|nan|nan|nan|nan|nan|nan|nan|nan|nan|nan|nan|nan|nan|nan|nan|nan|nan|nan|nan|nan|nan|nan|nan|nan|nan|nan|nan|nan
956|nan|nan|nan|nan|nan|nan|nan|nan|nan|nan|nan|nan|nan|nan|nan|nan|nan|nan|nan|nan|nan|nan|nan|nan|nan|nan|nan|nan|nan|nan|nan|nan|nan|nan|nan|nan|nan|nan|nan|nan|nan|nan|nan|nan|nan|nan|nan|nan|nan|nan
957|nan|nan|nan|nan|nan|nan|nan|nan|nan|nan|nan|nan|nan|nan|nan|nan|nan|nan|nan|nan|nan|nan|nan|nan|nan|nan|nan|nan|nan|nan|nan|nan|nan|nan|nan|nan|nan|nan|nan|nan|nan|nan|nan|nan|nan|nan|nan|nan|nan|nan
958|nan|nan|nan|nan|nan|nan|nan|nan|nan|nan|nan|nan|nan|nan|nan|nan|nan|nan|nan|nan|nan|nan|nan|nan|nan|nan|nan|nan|nan|nan|nan|nan|nan|nan|nan|nan|nan|nan|nan|nan|nan|nan|nan|nan|nan|nan|nan|nan|nan|nan
959|nan|nan|nan|nan|nan|nan|nan|nan|nan|nan|nan|nan|nan|nan|nan|nan|nan|nan|nan|nan|nan|nan|nan|nan|nan|nan|nan|nan|nan|nan|nan|nan|nan|nan|nan|nan|nan|nan|nan|nan|nan|nan|nan|nan|nan|nan|nan|nan|nan|nan
1000|nan|nan|nan|nan|nan|nan|nan|nan|nan|nan|nan|nan|nan|nan|nan|nan|nan|nan|nan|nan|nan|nan|nan|nan|nan|nan|nan|nan|nan|nan|nan|nan|nan|nan|nan|nan|nan|nan|nan|nan|nan|nan|nan|nan|nan|nan|nan|nan|nan|nan
1001|nan|nan|nan|nan|nan|nan|nan|nan|nan|nan|nan|nan|nan|nan|nan|nan|nan|nan|nan|nan|nan|nan|nan|nan|nan|nan|nan|nan|nan|nan|nan|nan|nan|nan|nan|nan|nan|nan|nan|nan|nan|nan|nan|nan|nan|nan|nan|nan|nan|nan
1002|nan|nan|nan|nan|nan|nan|nan|nan|nan|nan|nan|nan|nan|nan|nan|nan|nan|nan|nan|nan|nan|nan|nan|nan|nan|nan|nan|nan|nan|nan|nan|nan|nan|nan|nan|nan|nan|nan|nan|nan|nan|nan|nan|nan|nan|nan|nan|nan|nan|nan
1003|nan|nan|nan|nan|nan|nan|nan|nan|nan|nan|nan|nan|nan|nan|nan|nan|nan|nan|nan|nan|nan|nan|nan|nan|nan|nan|nan|nan|nan|nan|nan|nan|nan|nan|nan|nan|nan|nan|nan|nan|nan|nan|nan|nan|nan|nan|nan|nan|nan|nan
1004|nan|nan|nan|nan|nan|nan|nan|nan|nan|nan|nan|nan|nan|nan|nan|nan|nan|nan|nan|nan|nan|nan|nan|nan|nan|nan|nan|nan|nan|nan|nan|nan|nan|nan|nan|nan|nan|nan|nan|nan|nan|nan|nan|nan|nan|nan|nan|nan|nan|nan
1005|nan|nan|nan|nan|nan|nan|nan|nan|nan|nan|nan|nan|nan|nan|nan|nan|nan|nan|nan|nan|nan|nan|nan|nan|nan|nan|nan|nan|nan|nan|nan|nan|nan|nan|nan|nan|nan|nan|nan|nan|nan|nan|nan|nan|nan|nan|nan|nan|nan|nan
1006|nan|nan|nan|nan|nan|nan|nan|nan|nan|nan|nan|nan|nan|nan|nan|nan|nan|nan|nan|nan|nan|nan|nan|nan|nan|nan|nan|nan|nan|nan|nan|nan|nan|nan|nan|nan|nan|nan|nan|nan|nan|nan|nan|nan|nan|nan|nan|nan|nan|nan
1007|nan|nan|nan|nan|nan|nan|nan|nan|nan|nan|nan|nan|nan|nan|nan|nan|nan|nan|nan|nan|nan|nan|nan|nan|nan|nan|nan|nan|nan|nan|nan|nan|nan|nan|nan|nan|nan|nan|nan|nan|nan|nan|nan|nan|nan|nan|nan|nan|nan|nan
1008|nan|nan|nan|nan|nan|nan|nan|nan|nan|nan|nan|nan|nan|nan|nan|nan|nan|nan|nan|nan|nan|nan|nan|nan|nan|nan|nan|nan|nan|nan|nan|nan|nan|nan|nan|nan|nan|nan|nan|nan|nan|nan|nan|nan|nan|nan|nan|nan|nan|nan
1009|nan|nan|nan|nan|nan|nan|nan|nan|nan|nan|nan|nan|nan|nan|nan|nan|nan|nan|nan|nan|nan|nan|nan|nan|nan|nan|nan|nan|nan|nan|nan|nan|nan|nan|nan|nan|nan|nan|nan|nan|nan|nan|nan|nan|nan|nan|nan|nan|nan|nan
1010|nan|nan|nan|nan|nan|nan|nan|nan|nan|nan|nan|nan|nan|nan|nan|nan|nan|nan|nan|nan|nan|nan|nan|nan|nan|nan|nan|nan|nan|nan|nan|nan|nan|nan|nan|nan|nan|nan|nan|nan|nan|nan|nan|nan|nan|nan|nan|nan|nan|nan
1011|nan|nan|nan|nan|nan|nan|nan|nan|nan|nan|nan|nan|nan|nan|nan|nan|nan|nan|nan|nan|nan|nan|nan|nan|nan|nan|nan|nan|nan|nan|nan|nan|nan|nan|nan|nan|nan|nan|nan|nan|nan|nan|nan|nan|nan|nan|nan|nan|nan|nan
1012|nan|nan|nan|nan|nan|nan|nan|nan|nan|nan|nan|nan|nan|nan|nan|nan|nan|nan|nan|nan|nan|nan|nan|nan|nan|nan|nan|nan|nan|nan|nan|nan|nan|nan|nan|nan|nan|nan|nan|nan|nan|nan|nan|nan|nan|nan|nan|nan|nan|nan
1013|nan|nan|nan|nan|nan|nan|nan|nan|nan|nan|nan|nan|nan|nan|nan|nan|nan|nan|nan|nan|nan|nan|nan|nan|nan|nan|nan|nan|nan|nan|nan|nan|nan|nan|nan|nan|nan|nan|nan|nan|nan|nan|nan|nan|nan|nan|nan|nan|nan|nan
1014|nan|nan|nan|nan|nan|nan|nan|nan|nan|nan|nan|nan|nan|nan|nan|nan|nan|nan|nan|nan|nan|nan|nan|nan|nan|nan|nan|nan|nan|0.000000|nan|nan|nan|nan|nan|nan|nan|nan|nan|nan|nan|nan|nan|nan|nan|nan|nan|nan|nan|nan
1030|nan|nan|nan|nan|nan|nan|nan|nan|nan|nan|nan|nan|nan|nan|nan|nan|nan|nan|nan|nan|nan|nan|nan|nan|nan|nan|nan|nan|nan|-197.559189|nan|nan|nan|nan|nan|nan|nan|nan|nan|nan|nan|nan|nan|nan|nan|nan|nan|nan|nan|nan
1031|nan|nan|nan|nan|nan|nan|nan|nan|nan|nan|nan|nan|nan|nan|nan|nan|nan|nan|nan|nan|nan|nan|nan|nan|nan|nan|nan|nan|nan|-131.706126|nan|nan|nan|nan|nan|nan|nan|nan|nan|nan|nan|nan|nan|nan|nan|nan|nan|nan|nan|nan
1032|nan|nan|nan|nan|nan|nan|nan|nan|nan|nan|nan|nan|nan|nan|nan|nan|nan|nan|nan|nan|nan|nan|nan|nan|nan|nan|nan|nan|nan|-38.462423|nan|nan|nan|nan|nan|nan|nan|nan|nan|nan|nan|nan|nan|nan|nan|nan|nan|nan|nan|nan
1033|nan|nan|nan|nan|nan|nan|nan|nan|nan|nan|nan|nan|nan|nan|nan|nan|nan|nan|nan|nan|nan|nan|nan|nan|nan|nan|nan|nan|nan|-77.123839|nan|nan|nan|nan|nan|nan|nan|nan|nan|nan|nan|nan|nan|nan|nan|nan|nan|nan|nan|nan
1034|nan|nan|nan|nan|nan|nan|nan|nan|nan|nan|nan|nan|nan|nan|nan|nan|nan|nan|nan|nan|nan|nan|nan|nan|nan|nan|nan|nan|nan|-45.681642|nan|nan|nan|nan|nan|nan|nan|nan|nan|nan|nan|nan|nan|nan|nan|nan|nan|nan|nan|nan
1035|nan|nan|nan|nan|nan|nan|nan|nan|nan|nan|nan|nan|nan|nan|nan|nan|nan|nan|nan|nan|nan|nan|nan|nan|nan|nan|nan|nan|nan|-108.268507|nan|nan|nan|nan|nan|nan|nan|nan|nan|nan|nan|nan|nan|nan|nan|nan|nan|nan|nan|nan
1036|nan|nan|nan|nan|nan|nan|nan|nan|nan|nan|nan|nan|nan|nan|nan|nan|nan|nan|nan|nan|nan|nan|nan|nan|nan|nan|nan|nan|nan|-68.769042|nan|nan|nan|nan|nan|nan|nan|nan|nan|nan|nan|nan|nan|nan|nan|nan|nan|nan|nan|nan
1037|nan|nan|nan|nan|nan|nan|nan|nan|nan|nan|nan|nan|nan|nan|nan|nan|nan|nan|nan|nan|nan|nan|nan|nan|nan|nan|nan|nan|nan|-49.948451|nan|nan|nan|nan|nan|nan|nan|nan|nan|nan|nan|nan|nan|nan|nan|nan|nan|nan|nan|nan
1038|nan|nan|nan|nan|nan|nan|nan|nan|nan|nan|nan|nan|nan|nan|nan|nan|nan|nan|nan|nan|nan|nan|nan|nan|nan|nan|nan|nan|nan|-54.690280|nan|nan|nan|nan|nan|nan|nan|nan|nan|nan|nan|nan|nan|nan|nan|nan|nan|nan|nan|nan
1039|nan|nan|nan|nan|nan|nan|nan|nan|nan|nan|nan|nan|nan|nan|nan|nan|nan|nan|nan|nan|nan|nan|nan|nan|nan|nan|nan|nan|nan|-45.443135|nan|nan|nan|nan|nan|nan|nan|nan|nan|nan|nan|nan|nan|nan|nan|nan|nan|nan|nan|nan
1040|nan|nan|nan|nan|nan|nan|nan|nan|nan|nan|nan|nan|nan|nan|nan|nan|nan|nan|nan|nan|nan|nan|nan|nan|nan|nan|nan|nan|nan|-49.215071|nan|nan|nan|nan|nan|nan|nan|nan|nan|nan|nan|nan|nan|nan|nan|nan|nan|nan|nan|nan
1041|nan|nan|nan|nan|nan|nan|nan|nan|nan|nan|nan|nan|nan|nan|nan|nan|nan|nan|nan|nan|nan|nan|nan|nan|nan|nan|nan|nan|nan|-52.140811|nan|nan|nan|nan|nan|nan|nan|nan|nan|nan|nan|nan|nan|nan|nan|nan|nan|nan|nan|nan
1042|nan|nan|nan|nan|nan|nan|nan|nan|nan|nan|nan|nan|nan|nan|nan|nan|nan|nan|nan|nan|nan|nan|nan|nan|nan|nan|nan|nan|nan|-66.265291|nan|nan|nan|nan|nan|nan|nan|nan|nan|nan|nan|nan|nan|nan|nan|nan|nan|nan|nan|nan
1043|nan|nan|nan|nan|nan|nan|nan|nan|nan|nan|nan|nan|nan|nan|nan|nan|nan|nan|nan|nan|nan|nan|nan|nan|nan|nan|nan|nan|nan|-56.599393|nan|nan|nan|nan|nan|nan|nan|nan|nan|nan|nan|nan|nan|nan|nan|nan|nan|nan|nan|nan
1044|nan|nan|nan|nan|nan|nan|nan|nan|nan|nan|nan|nan|nan|nan|nan|nan|nan|nan|nan|nan|nan|nan|nan|nan|nan|nan|nan|nan|nan|-53.061931|nan|0.403519|nan|nan|nan|-570.569249|nan|nan|nan|nan|-72702.125700|nan|nan|5.380464|nan|-46.657024|nan|0.505497|nan|nan
1045|nan|nan|nan|nan|nan|nan|nan|nan|nan|nan|nan|nan|nan|nan|nan|nan|nan|nan|nan|nan|nan|nan|nan|nan|nan|nan|nan|nan|nan|-43.910466|nan|0.403519|nan|nan|nan|-570.553394|nan|nan|nan|nan|-72702.125700|nan|nan|5.370622|nan|-46.657024|nan|0.505497|nan|nan
1046|nan|nan|nan|nan|nan|nan|nan|nan|nan|nan|nan|nan|nan|nan|nan|nan|nan|nan|nan|nan|nan|nan|nan|nan|nan|nan|nan|nan|nan|-39.721967|nan|0.403519|nan|nan|nan|-571.010854|nan|nan|nan|nan|-72702.125700|nan|nan|5.368100|nan|-46.657024|nan|0.505497|nan|nan
1047|nan|nan|nan|nan|nan|nan|nan|nan|nan|nan|nan|nan|nan|nan|nan|nan|nan|nan|nan|nan|nan|nan|nan|nan|nan|nan|nan|nan|nan|-39.150969|nan|0.403519|nan|nan|nan|-571.180433|nan|nan|nan|nan|-72702.125700|nan|nan|5.364011|nan|-44.845585|nan|0.505497|nan|nan
1048|nan|nan|nan|nan|nan|nan|nan|nan|nan|nan|nan|nan|nan|nan|nan|nan|nan|nan|nan|nan|nan|nan|nan|nan|nan|nan|nan|nan|nan|-31.918501|nan|0.403519|nan|nan|nan|-570.302080|nan|nan|nan|nan|-72702.125700|nan|nan|5.355002|nan|-43.758721|nan|0.505497|nan|nan
1049|nan|nan|nan|nan|nan|nan|nan|nan|nan|nan|nan|nan|nan|nan|nan|nan|nan|nan|nan|nan|nan|nan|nan|nan|nan|nan|nan|nan|nan|-34.980917|nan|0.403519|nan|nan|nan|-570.950894|nan|nan|nan|nan|-72702.125700|nan|nan|5.343274|nan|-43.034145|nan|0.505497|nan|nan
1050|nan|nan|nan|nan|nan|nan|nan|nan|nan|nan|nan|nan|nan|nan|nan|nan|nan|nan|nan|nan|nan|nan|nan|nan|nan|nan|nan|nan|nan|-29.394458|nan|0.403519|nan|nan|nan|-570.777802|nan|nan|nan|nan|-72702.125700|nan|nan|5.330098|nan|-42.516591|nan|0.505497|nan|nan
1051|nan|nan|nan|nan|nan|nan|nan|nan|nan|nan|nan|nan|nan|nan|nan|nan|nan|nan|nan|nan|nan|nan|nan|nan|nan|nan|nan|nan|nan|-25.496851|nan|0.403519|nan|nan|nan|-569.904983|nan|nan|nan|nan|-72702.125700|nan|nan|5.316186|nan|-42.128425|nan|0.505497|nan|nan
1052|nan|nan|nan|nan|nan|nan|nan|nan|nan|nan|nan|nan|nan|nan|nan|nan|nan|nan|nan|nan|nan|nan|nan|nan|nan|nan|nan|nan|nan|-23.671650|nan|0.403519|nan|nan|nan|-570.253143|nan|nan|nan|nan|-72702.125700|nan|nan|5.302673|nan|-41.826518|nan|0.505497|nan|nan
1053|nan|nan|nan|nan|nan|nan|nan|nan|nan|nan|nan|nan|nan|nan|nan|nan|nan|nan|nan|nan|nan|nan|nan|nan|nan|nan|nan|nan|nan|-23.398003|nan|0.403519|nan|nan|nan|-570.769865|nan|nan|nan|nan|-72702.125700|nan|nan|5.289124|nan|-41.584993|nan|0.505497|nan|nan
1054|nan|nan|nan|nan|nan|nan|nan|nan|nan|nan|nan|nan|nan|nan|nan|nan|nan|nan|nan|nan|nan|nan|nan|nan|nan|nan|nan|nan|nan|-20.707518|nan|0.403519|nan|nan|nan|-570.272625|nan|nan|nan|nan|-72702.125700|nan|nan|5.275146|nan|-40.429135|nan|0.505497|nan|nan
1055|nan|nan|nan|nan|nan|nan|nan|nan|nan|nan|nan|nan|nan|nan|nan|nan|nan|nan|nan|nan|nan|nan|nan|nan|nan|nan|nan|nan|nan|-22.067229|nan|0.403519|nan|nan|nan|-570.539470|nan|nan|nan|nan|-72702.125700|nan|nan|5.261271|nan|-39.465920|nan|0.505497|nan|nan
1056|nan|nan|nan|nan|nan|nan|nan|nan|nan|nan|nan|nan|nan|nan|nan|nan|nan|nan|nan|nan|nan|nan|nan|nan|nan|nan|nan|nan|nan|-19.374995|nan|0.403519|nan|nan|nan|-570.437414|nan|nan|nan|nan|-72702.125700|nan|nan|5.247672|nan|-38.650892|nan|0.505497|nan|nan
1057|nan|nan|nan|nan|nan|nan|nan|nan|nan|nan|nan|nan|nan|nan|nan|nan|nan|nan|nan|nan|nan|nan|nan|nan|nan|nan|nan|nan|nan|-19.136563|nan|0.403519|nan|nan|nan|-570.635309|nan|nan|nan|nan|-72702.125700|nan|nan|5.234350|nan|-37.952297|nan|0.505497|nan|nan
1058|nan|nan|nan|nan|nan|nan|nan|nan|nan|nan|nan|nan|nan|nan|nan|nan|nan|nan|nan|nan|nan|nan|nan|nan|nan|nan|nan|nan|nan|-18.498677|nan|0.403519|nan|nan|nan|-570.648350|nan|nan|nan|nan|-72702.125700|nan|nan|5.221763|nan|-37.346847|nan|0.505497|nan|nan
1059|nan|nan|nan|nan|nan|nan|nan|nan|nan|nan|nan|nan|nan|nan|nan|nan|nan|nan|nan|nan|nan|nan|nan|nan|-0.214928|nan|nan|nan|nan|-17.539789|nan|0.403519|nan|nan|nan|-571.049197|nan|nan|nan|nan|-72702.125700|nan|nan|5.209717|nan|-36.817079|nan|0.505497|nan|-449.900041
1100|nan|nan|nan|nan|nan|nan|nan|nan|nan|nan|nan|nan|nan|nan|nan|nan|nan|nan|nan|nan|nan|nan|nan|nan|-0.205775|nan|nan|nan|nan|-18.005783|nan|0.403519|nan|nan|nan|-570.843518|nan|nan|nan|nan|-72702.125700|nan|nan|5.198280|nan|-36.349637|nan|0.505497|nan|-449.900041
1101|nan|nan|nan|nan|nan|nan|nan|nan|nan|nan|nan|nan|nan|nan|nan|nan|nan|nan|nan|nan|nan|nan|nan|nan|-0.191754|nan|nan|nan|nan|-18.096202|nan|0.403519|nan|nan|nan|-571.333681|nan|nan|nan|nan|-319543.647880|nan|nan|5.194991|nan|-35.934132|nan|0.505497|nan|-449.900041
1102|nan|nan|nan|nan|nan|nan|nan|nan|nan|nan|nan|nan|nan|nan|nan|nan|nan|nan|nan|nan|nan|nan|nan|nan|-0.182088|nan|nan|nan|nan|-17.563961|nan|0.403519|nan|nan|nan|-570.719244|nan|nan|nan|nan|-319543.647880|nan|nan|5.196979|nan|-35.562365|nan|0.505497|nan|-449.900041
1103|nan|nan|nan|nan|nan|nan|nan|nan|nan|nan|nan|nan|nan|nan|nan|nan|nan|nan|nan|nan|nan|nan|nan|nan|-0.173280|nan|nan|nan|nan|-17.347879|nan|0.403519|nan|nan|nan|-570.581571|nan|nan|nan|nan|-319543.647880|nan|nan|5.199629|nan|-35.227774|nan|0.505497|nan|-449.900041
1104|nan|nan|nan|nan|nan|nan|nan|nan|nan|nan|nan|nan|nan|nan|nan|nan|nan|nan|nan|nan|nan|nan|nan|nan|-0.169041|nan|nan|nan|nan|-19.047271|nan|0.403519|nan|nan|nan|-571.669655|nan|nan|nan|nan|-319543.647880|nan|nan|5.204025|nan|-34.925050|nan|0.505497|nan|-449.900041
1105|nan|nan|nan|nan|nan|nan|nan|nan|nan|nan|nan|nan|nan|nan|nan|nan|nan|nan|nan|nan|nan|nan|nan|nan|-0.161342|nan|nan|nan|nan|-18.532480|nan|0.403519|nan|nan|nan|-571.513452|nan|nan|nan|nan|-319543.647880|nan|nan|5.210248|nan|-34.649845|nan|0.505497|nan|-449.900041
1106|nan|nan|nan|nan|nan|nan|nan|nan|nan|nan|nan|nan|nan|nan|nan|nan|nan|nan|nan|nan|nan|nan|nan|nan|-0.155233|nan|nan|nan|nan|-18.296171|nan|0.403519|nan|nan|nan|-571.130554|nan|nan|nan|nan|-319543.647880|nan|nan|5.217631|nan|-34.398572|nan|0.505497|nan|-449.900041
1107|nan|nan|nan|nan|nan|nan|nan|nan|nan|nan|nan|nan|nan|nan|nan|nan|nan|nan|nan|nan|nan|nan|nan|nan|-0.147682|nan|nan|nan|nan|-16.851624|nan|0.403519|nan|nan|nan|-570.307659|nan|nan|nan|nan|-319543.647880|nan|nan|5.224767|nan|-34.168238|nan|0.505497|nan|-449.900041
1108|nan|nan|nan|nan|nan|nan|nan|nan|nan|nan|nan|nan|nan|nan|nan|nan|nan|nan|nan|nan|nan|nan|nan|nan|-0.141621|nan|nan|nan|nan|-17.380312|nan|0.403519|nan|nan|nan|-570.298439|nan|nan|nan|nan|-319543.647880|nan|nan|5.231463|nan|-33.956331|nan|0.505497|nan|-449.900041
1109|nan|nan|nan|nan|nan|nan|nan|nan|nan|nan|nan|nan|nan|nan|nan|nan|nan|nan|nan|nan|nan|nan|nan|nan|-0.137687|nan|nan|nan|nan|-21.614360|nan|0.403519|nan|nan|nan|-934.117703|nan|nan|nan|nan|-319543.647880|nan|nan|5.237934|nan|-33.760724|nan|0.505497|nan|-449.900041
1110|nan|nan|nan|nan|nan|nan|nan|nan|nan|nan|nan|nan|nan|nan|nan|nan|nan|nan|nan|nan|nan|nan|nan|nan|-0.135708|nan|nan|nan|nan|-20.640473|nan|0.403519|nan|nan|nan|-934.040088|nan|nan|nan|nan|-319543.647880|nan|nan|5.243802|nan|-33.579607|nan|0.505497|nan|-449.900041
1111|nan|nan|nan|nan|nan|nan|nan|nan|nan|nan|nan|nan|nan|nan|nan|nan|nan|nan|nan|nan|nan|nan|nan|nan|-0.135485|nan|nan|nan|nan|-20.388036|nan|0.403519|nan|nan|nan|-934.172546|nan|nan|nan|nan|-319543.647880|nan|nan|5.249089|nan|-33.411426|nan|0.505497|nan|-449.900041
1112|nan|nan|nan|nan|nan|nan|nan|nan|nan|nan|nan|nan|nan|nan|nan|nan|nan|nan|nan|nan|nan|nan|nan|nan|-0.134448|nan|nan|nan|nan|-20.379786|nan|0.403519|nan|nan|nan|-934.327983|nan|nan|nan|nan|-319543.647880|nan|nan|5.253861|nan|-33.254845|nan|0.505497|nan|-449.900041
1113|nan|nan|nan|nan|nan|nan|nan|nan|nan|nan|nan|nan|nan|nan|nan|nan|nan|nan|nan|nan|nan|nan|nan|nan|-0.134448|nan|nan|nan|nan|-19.926902|nan|0.403519|nan|nan|nan|-934.250666|nan|nan|nan|nan|-319543.647880|nan|nan|5.258135|nan|-33.108702|nan|0.505497|nan|-449.900041
1114|nan|nan|nan|nan|nan|nan|nan|nan|2967.600000|nan|nan|-20818127.315768|nan|nan|nan|nan|nan|nan|nan|nan|nan|nan|nan|nan|-0.134448|nan|nan|nan|nan|-21.613867|nan|0.403519|nan|nan|nan|-934.222172|nan|nan|nan|nan|-319543.647880|nan|nan|5.262007|nan|-32.515819|nan|0.505497|nan|-449.900041
1115|nan|nan|nan|nan|nan|nan|nan|nan|2967.600000|nan|nan|-21777745.056591|nan|nan|nan|nan|nan|nan|nan|nan|nan|nan|nan|nan|-0.134448|nan|nan|nan|nan|-20.422475|nan|0.403519|nan|nan|nan|-933.500547|nan|nan|nan|nan|-319543.647880|nan|nan|5.265462|nan|-31.922937|nan|0.505497|nan|-449.900041
1116|nan|nan|nan|nan|nan|nan|nan|nan|2967.600000|nan|nan|-25157885.827262|nan|nan|nan|nan|nan|nan|nan|nan|nan|nan|nan|nan|-0.134448|nan|nan|nan|nan|-18.487804|nan|0.403519|nan|nan|nan|-933.513670|nan|nan|nan|nan|-319543.647880|nan|nan|5.268697|nan|-31.330055|nan|0.505497|nan|-449.900041
1117|nan|nan|nan|nan|nan|nan|nan|nan|2967.600000|nan|nan|-23542270.427274|nan|nan|nan|nan|nan|nan|nan|nan|nan|nan|nan|nan|-0.133481|nan|nan|nan|nan|-18.110502|nan|0.403519|nan|nan|nan|-934.353289|nan|nan|nan|nan|-319543.647880|nan|nan|5.271723|nan|-30.978698|nan|0.505497|nan|-449.900041
1118|nan|nan|nan|nan|nan|nan|nan|nan|2967.600000|nan|nan|-24598502.582713|nan|nan|nan|nan|nan|nan|nan|nan|nan|nan|nan|nan|-0.133270|nan|nan|nan|nan|-17.216806|nan|0.403519|nan|nan|nan|-934.144714|nan|nan|nan|nan|-319543.647880|nan|nan|5.274585|nan|-30.627341|nan|0.505497|nan|-449.900041
1119|nan|nan|nan|nan|nan|nan|nan|nan|2967.600000|nan|nan|-24884374.635841|nan|nan|nan|nan|nan|nan|nan|nan|nan|nan|nan|0.060396|-0.131598|nan|nan|nan|nan|-17.699179|nan|0.403519|nan|nan|nan|-935.197672|nan|nan|nan|nan|-319543.647880|nan|nan|5.277330|nan|-30.275984|nan|0.505497|nan|-449.900041
1120|nan|nan|nan|nan|nan|nan|nan|nan|2967.600000|nan|nan|-22847040.391346|nan|nan|nan|nan|nan|nan|nan|nan|nan|nan|nan|0.060396|-0.131196|nan|nan|nan|nan|-17.358810|nan|0.403519|nan|nan|nan|-934.128744|nan|nan|nan|nan|-319543.647880|nan|nan|5.279883|nan|-29.464073|nan|0.505497|nan|-449.900041
1121|nan|nan|nan|nan|nan|nan|nan|nan|2967.600000|nan|nan|-21740996.757287|nan|nan|nan|nan|nan|nan|nan|nan|nan|nan|nan|0.060396|-0.130476|nan|nan|nan|nan|-17.031286|nan|0.403519|nan|nan|nan|-933.688499|nan|nan|nan|nan|-319543.647880|nan|nan|5.282133|nan|-28.652162|nan|0.505497|nan|-449.900041
1122|nan|nan|nan|nan|nan|nan|nan|nan|2967.600000|nan|nan|-22597949.168827|nan|nan|nan|nan|nan|nan|nan|nan|nan|nan|nan|0.060396|-0.126434|nan|nan|nan|nan|-15.525593|nan|0.403519|nan|nan|nan|-934.250031|nan|nan|nan|nan|-319543.647880|nan|nan|5.284193|nan|-27.840251|nan|0.505497|nan|-449.900041
1123|nan|nan|nan|nan|nan|nan|nan|nan|2967.600000|nan|nan|-19142867.548056|nan|nan|nan|nan|nan|nan|nan|nan|nan|nan|nan|0.019395|-0.124325|nan|nan|nan|nan|-15.548668|nan|0.403519|nan|nan|nan|-934.936382|nan|nan|nan|nan|-319543.647880|nan|nan|5.286322|nan|-27.028340|nan|0.505497|nan|-449.900041
1124|nan|nan|nan|5.800000|nan|nan|nan|nan|2967.600000|nan|nan|-19391450.316438|nan|nan|nan|nan|nan|nan|nan|nan|nan|nan|nan|-0.007939|-0.124325|nan|nan|nan|nan|-15.271013|nan|0.403519|nan|nan|nan|-933.959244|nan|nan|nan|nan|-319543.647880|nan|nan|5.288465|nan|-26.567786|nan|0.505497|nan|-449.900041
1125|nan|nan|nan|5.800000|nan|nan|nan|nan|2967.600000|nan|nan|-21143932.485693|nan|nan|nan|nan|nan|nan|nan|nan|nan|nan|nan|-0.027463|-0.124325|nan|nan|nan|nan|-13.723711|nan|0.403519|nan|nan|nan|-933.883174|nan|nan|nan|nan|-319543.647880|nan|nan|5.290860|nan|-26.107233|nan|0.505497|nan|-449.900041
1126|nan|nan|nan|5.800000|nan|nan|nan|nan|2967.600000|nan|nan|-22722248.031169|nan|nan|nan|nan|nan|nan|nan|nan|nan|nan|nan|-0.042106|-0.124325|nan|nan|nan|nan|-13.813024|nan|0.403519|nan|nan|nan|-934.202791|nan|nan|nan|nan|-319543.647880|nan|nan|5.293447|nan|-25.646679|nan|0.505497|nan|-449.900041
1127|nan|nan|nan|5.800000|nan|nan|nan|nan|2967.600000|nan|nan|-18148784.943219|nan|nan|nan|nan|nan|nan|nan|nan|nan|nan|nan|-0.053495|-0.124325|nan|nan|nan|nan|-13.578905|nan|0.403519|nan|nan|nan|-935.161852|nan|nan|nan|nan|-319543.647880|nan|nan|5.295948|nan|-25.186125|nan|0.505497|nan|-449.900041
1128|nan|nan|nan|5.800000|nan|nan|nan|nan|2967.600000|nan|nan|-19242171.709641|nan|nan|nan|nan|nan|nan|nan|nan|nan|nan|nan|-0.062606|-0.124325|nan|nan|nan|nan|-13.352590|nan|0.363526|nan|nan|nan|-934.865693|nan|nan|nan|nan|-319543.647880|nan|nan|5.298663|nan|-24.725571|nan|0.505497|nan|-449.900041
1129|-6761886.719668|nan|nan|5.800000|nan|nan|nan|6.616460|2967.600000|-2.434302|-0.190072|-18193640.490697|nan|nan|nan|nan|5.000000|nan|-750652.912121|nan|nan|nan|nan|-0.070061|-0.124325|nan|nan|-0.760527|nan|-13.352590|nan|0.363526|-0.623116|-0.804143|-2.434302|-933.903226|-176855532.213144|nan|301835.983500|nan|-319543.647880|nan|nan|5.299537|nan|-24.265017|-6.633334|0.505497|nan|-449.900041
1330|-11090922.009440|nan|nan|5.200000|nan|nan|nan|-5.223533|2967.600000|-2.434302|-0.190072|-20507554.483623|nan|nan|nan|nan|11.600000|nan|-1499682.878757|nan|nan|nan|nan|-0.084608|-0.124325|nan|nan|-0.752754|nan|-13.829426|nan|0.363526|-0.623116|-0.796575|-2.434302|-2180.869155|-176855532.213144|nan|301835.983500|nan|-319543.647880|nan|nan|5.300782|nan|-23.804463|-14.091667|0.505497|nan|-449.900041
1331|-1580863.100000|nan|nan|4.400000|nan|nan|nan|-5.223533|2967.600000|-2.434302|-0.190072|-9139067.675910|nan|nan|nan|nan|-3.400000|nan|-1969345.017085|-0.696595|nan|nan|nan|-0.101122|-0.124325|nan|nan|-0.752754|nan|-10.566813|nan|0.363526|-0.984874|-0.788010|-2.434302|-2176.678779|-176855532.213144|nan|301835.983500|nan|-319543.647880|nan|nan|5.301995|nan|-23.343909|-10.691667|0.505497|nan|-449.900041
1332|-2528462.266264|nan|nan|3.400000|nan|nan|nan|-5.223533|2967.600000|-2.434302|-0.190072|-9763929.447970|nan|nan|nan|nan|3.600000|nan|-2531561.293228|-0.687039|nan|nan|nan|-0.115276|-0.124244|nan|nan|-0.745597|nan|-15.332609|nan|0.363526|-1.543078|-0.780320|-2.434302|-2178.815312|-176855532.213144|nan|301835.983500|nan|-319543.647880|nan|nan|5.303428|nan|-22.883356|-9.216667|0.505497|nan|-449.900041
1333|-3936020.423442|nan|nan|2.200000|nan|nan|nan|-5.223533|2967.600000|-2.434302|-0.190072|-10348589.631567|nan|nan|nan|nan|2.400000|nan|-3283971.356483|0.255125|nan|nan|nan|-0.127543|-0.121665|nan|nan|-0.738668|nan|-12.617355|nan|0.363526|-1.827908|-0.772773|-2.434302|-2177.931953|-176855532.213144|nan|301835.983500|nan|-319543.647880|nan|nan|5.305546|nan|-22.422802|-11.291667|0.505497|nan|-449.900041
1334|-1616593.600183|11.072917|nan|1.400000|nan|nan|nan|-5.223533|2967.600000|-2.434302|-0.190072|-6769838.542883|nan|nan|nan|nan|-1.600000|nan|-3284927.797083|0.307640|nan|nan|nan|-0.138277|-0.120730|nan|nan|-0.732082|nan|-13.689135|nan|0.363526|-1.939325|-0.765320|-2.434302|-2177.845603|-176855532.213144|nan|239053.948588|nan|-319543.647880|nan|nan|5.305192|nan|-21.962248|-10.100000|0.505497|nan|-449.900041
1335|-1838162.926870|9.614931|nan|0.800000|nan|nan|nan|-5.223533|2967.600000|-2.434302|-0.190072|-5612945.578086|nan|nan|nan|nan|-0.600000|nan|-3473483.382274|0.307640|nan|nan|nan|-0.147748|-0.118240|nan|nan|-0.725758|nan|-5.625974|nan|0.363526|-2.173917|-0.757648|-2.434302|-2177.071411|-176855532.213144|nan|239053.948588|nan|-319543.647880|nan|nan|5.302122|nan|-21.501694|-12.100000|0.505497|nan|-203.127871
1336|-1928437.503564|9.332176|nan|0.600000|nan|nan|nan|-5.223533|2967.600000|-2.434302|-0.190072|-4818633.063988|nan|nan|nan|nan|-1.400000|nan|-3474559.151752|0.307640|nan|nan|nan|-0.156166|-0.117261|nan|nan|-0.719014|nan|-9.088094|nan|0.363526|-2.173917|-0.748141|-2.434302|-2177.462592|-176855532.213144|nan|239053.948588|nan|-319543.647880|nan|nan|5.299347|nan|-21.041140|-10.100000|0.505497|nan|-203.127871
1337|-3341195.300000|10.012674|nan|0.000000|nan|nan|nan|-5.223533|2967.600000|-2.434302|-0.190072|-5662346.354362|nan|nan|nan|nan|-2.400000|nan|-3475007.482315|0.341021|nan|nan|nan|-0.163699|-0.115707|nan|nan|-0.712651|nan|-10.765032|nan|0.363526|-2.173917|-0.740735|-2.434302|-2177.899598|-176855532.213144|nan|239053.948588|nan|-319543.647880|nan|nan|5.297070|nan|-20.580586|-10.100000|0.505497|nan|-203.127871
1338|-1387095.500106|9.749861|nan|0.000000|nan|nan|nan|-5.223533|2967.600000|-2.434302|-0.190072|-4234175.287570|nan|nan|nan|nan|0.400000|nan|-3478558.390463|0.341021|nan|nan|nan|-0.170478|-0.114151|nan|nan|-0.706307|nan|-11.780726|nan|0.363526|-2.173917|-0.733288|-2.434302|-2178.391701|-176855532.213144|nan|239053.948588|nan|-319543.647880|nan|nan|5.295352|nan|-20.120032|-12.100000|0.505497|nan|-203.127871
1339|-3697597.349999|9.450116|nan|-1.600000|nan|nan|nan|-7.501637|2967.600000|-2.434302|-0.190072|-5434243.602710|nan|nan|nan|nan|-4.400000|nan|-3477451.691658|0.341021|nan|nan|nan|-0.176612|-0.113009|nan|nan|-0.702870|nan|-12.564532|nan|0.363526|-2.173917|-0.725852|-2.434302|-2178.342680|-176855532.213144|nan|239053.948588|nan|-319543.647880|nan|nan|5.294053|nan|-19.659478|-10.100000|0.505497|nan|-203.127871
1340|-11548038.716974|8.970337|nan|-3.200000|nan|nan|nan|-7.557510|2967.600000|-2.434302|-0.190072|-12639861.651259|nan|nan|nan|nan|-1.000000|nan|-3475103.170120|0.341021|nan|nan|nan|-0.182188|-0.110456|nan|nan|-0.696792|nan|-13.840363|nan|0.363526|-2.173917|-0.718303|-2.434302|-2178.629717|-176855532.213144|nan|239053.948588|nan|-319543.647880|nan|nan|5.293236|nan|-19.198925|-12.100000|0.505497|nan|-203.127871
1341|-21468086.213848|8.914670|nan|-4.200000|nan|nan|nan|-7.557510|2967.600000|-2.434302|-0.190072|-24109043.153815|nan|nan|nan|nan|-9.200000|nan|-3474580.170730|0.341021|nan|nan|nan|-0.187279|-0.107979|nan|nan|-0.690873|nan|-10.476509|nan|0.363526|-2.239601|-0.711132|-2.434302|-2177.593489|-176855532.213144|nan|239053.948588|nan|-319543.647880|nan|nan|5.292676|nan|-18.738371|-10.100000|0.505497|nan|-203.127871
1342|-29312384.697658|8.968133|nan|-5.400000|nan|nan|nan|-7.557510|2967.600000|-2.434302|-0.190072|-32113515.079748|nan|nan|nan|nan|-3.800000|nan|-3475271.806876|0.341021|nan|nan|nan|-0.191946|-0.104570|nan|nan|-0.685214|nan|-7.292824|nan|0.363526|-2.434302|-0.703775|-2.434302|-2178.565191|-176855532.213144|nan|239053.948588|nan|-319543.647880|nan|nan|5.292605|nan|-18.277817|-10.100000|0.505497|nan|-203.127871
1343|-35090037.010156|8.939445|nan|-7.000000|nan|nan|nan|-7.557510|2967.600000|-2.434302|-0.190072|-39214022.111539|nan|nan|nan|nan|-7.800000|nan|-3474531.973945|0.341021|nan|nan|nan|-0.196239|-0.101258|nan|nan|-0.679675|nan|-7.597876|nan|0.363526|-2.434302|-0.696734|-2.434302|-2177.813195|-176855532.213144|nan|239053.948588|nan|-319543.647880|nan|nan|5.293156|nan|-17.817263|-10.100000|0.505497|nan|-203.127871
1344|-40039331.114929|8.911806|-2.434302|-7.000000|nan|4.160236|-3.942220|-7.994284|2967.600000|-2.434302|-0.190072|-45750216.260043|-0.188291|8.023718|-2.165046|nan|-8.600000|nan|-3475630.663569|0.341021|nan|0.708391|-3.068581|-0.200202|-0.098175|nan|nan|-0.679675|-1.748862|-6.566190|-8.486473|0.363526|-2.434302|-0.690750|-2.434302|-2177.352696|-176855532.213144|nan|227890.440184|-0.000005|-319543.647880|-1.565680|-0.173190|5.293845|-0.172433|-17.356709|-10.100000|0.344046|-1.748862|-203.127871
1345|-48902071.889862|9.403414|-2.434302|-7.400000|-4.290786|3.788473|-3.528083|-9.145492|2967.600000|-2.434302|-0.190072|-54495815.815968|-0.188291|8.023718|-2.164509|nan|-8.800000|22.000000|-3474935.573095|0.341021|nan|-1.305174|-3.305921|-0.203872|-0.098175|nan|nan|-0.674762|-1.743372|-7.747185|-8.219003|0.363526|-2.434302|-0.685722|-2.434302|-2177.429381|-176855532.213144|nan|227890.440184|-0.000005|-319543.647880|-1.579599|-0.171325|5.294752|-0.171652|-16.896155|-8.100000|0.329640|-1.743372|-203.127871
1346|-48480189.331114|9.780556|-2.434302|-7.400000|-4.290786|3.788473|-3.528083|-9.145492|2967.600000|-2.434302|-0.190072|-53432649.765185|-0.188291|8.023718|-2.164240|nan|-6.800000|12.000000|-3476962.740876|0.341021|nan|0.333761|-3.214839|-0.207280|-0.098175|nan|nan|-0.669388|-1.723373|-8.271893|-7.949786|0.363526|-2.434302|-0.684380|-2.434302|-2177.452105|-176855532.213144|nan|227890.440184|-0.000005|-319543.647880|-1.585548|-0.169315|5.292812|-0.153831|-16.435601|-8.100000|0.302749|-1.723373|-203.127871
1347|-50495683.560094|9.588194|-2.434302|-7.400000|-4.290786|3.428703|-3.528083|-9.145492|2967.600000|-2.434302|-0.190072|-54909834.982244|-0.188291|8.023718|-2.164456|nan|-5.000000|2.000000|-3475910.161466|0.341021|nan|0.798218|-2.864608|-0.210452|-0.098175|nan|nan|-0.664226|-1.703706|-8.888630|-7.681104|0.363526|-2.434302|-0.680072|-2.434302|-2178.238578|-176855532.213144|nan|227890.440184|-0.000005|-319543.647880|-1.579373|-0.168362|5.288616|-0.126807|-15.975047|-10.100000|0.302749|-1.703706|-203.127871
1348|-51654443.391088|9.403426|-2.434302|-7.400000|-4.290786|3.293673|-3.528083|-9.145492|2967.600000|-2.434302|-0.190072|-55747100.012558|-0.188291|8.023718|-2.164214|nan|-9.400000|2.000000|-3475964.857371|0.341021|nan|-4.706416|-2.438233|-0.213413|-0.098175|nan|nan|-0.660217|-1.685544|-9.529616|-7.417515|0.363526|-2.434302|-0.677792|-2.434302|-2177.520199|-176855532.213144|nan|227890.440184|-0.000005|-319543.647880|-1.555934|-0.166016|5.286411|-0.110882|-15.514494|-10.100000|0.195515|-1.685544|-203.127871
1349|-51283463.641118|9.252300|-2.434302|-7.400000|-4.290786|2.600075|-3.528083|-9.145492|2967.600000|-2.434302|-0.190072|-55459755.909775|-0.188291|8.023718|-2.164793|nan|-3.400000|2.000000|-3475645.434673|0.341021|nan|-2.184937|-2.508727|-0.225402|-0.094368|nan|nan|-0.654944|-1.687780|-10.198297|-7.162091|0.363526|-2.434302|-0.677792|-2.434302|-2179.059483|-176855532.213144|nan|227890.440184|-0.000005|-319543.647880|-1.543963|-0.165216|5.283976|-0.100591|-15.053940|-10.100000|0.195515|-1.687780|-203.127871
1350|-48653941.967864|9.469322|-2.434302|-7.400000|-4.290786|2.353486|-3.528083|-9.145492|2967.600000|-2.434302|-0.232993|-53275222.738557|-0.188291|8.023718|-2.165082|nan|-7.400000|2.000000|-3477244.147459|0.454474|nan|-5.102260|-2.256186|-0.237392|-0.090734|nan|nan|-0.640652|-1.691885|-11.663650|-6.917494|0.363526|-2.434302|-0.601707|-2.434302|-2178.035079|-176855532.213144|nan|227890.440184|-0.000005|-319543.647880|-1.532453|-0.162152|5.281307|-0.093247|-15.053940|-8.100000|0.195515|-1.691885|-203.127871
1351|-51215082.373262|9.112076|-2.434302|-7.400000|-6.269071|2.320858|-3.528083|-9.145492|2967.600000|-2.434302|-0.271506|-56470391.010003|-0.188291|6.646120|-2.164527|nan|-11.400000|2.000000|-3476407.248788|0.454474|nan|-1.902790|-2.315242|-0.249381|-0.087795|nan|nan|-0.586470|-1.709001|-9.147263|-6.684536|0.363526|-2.434302|-0.532755|-2.434302|-2177.496529|-176855532.213144|nan|227890.440184|-0.000005|-319543.647880|-1.523244|-0.161467|5.282309|-0.087696|-15.053940|-12.100000|0.195515|-1.709001|-203.127871
1352|-41176240.784916|9.295102|-2.434302|-7.400000|-6.269071|2.100861|-3.528083|-9.145492|2967.600000|-2.434302|-0.938878|-47125808.495138|-0.188291|6.276908|-2.164599|nan|-5.400000|2.000000|-3476622.897654|0.454474|nan|-16.478580|-2.814553|-0.261370|-0.084389|nan|nan|-0.563215|-1.751164|-10.047311|-6.464794|0.363526|-2.434302|-0.474186|-2.434302|-2178.234559|-176855532.213144|nan|227890.440184|-0.000005|-319543.647880|-1.527818|-0.160066|5.288170|-0.083487|-15.053940|-8.100000|0.195515|-1.751164|-203.127871
1353|-30212695.600000|9.439722|-2.434302|-7.400000|-6.269071|2.092292|-3.528083|-9.145492|2967.600000|-2.434302|-0.938878|-36339861.297924|-0.188291|4.092303|-2.164635|nan|-5.400000|2.000000|-3477437.280147|0.556239|nan|-6.279777|-3.109966|-0.266526|-0.079928|nan|nan|-0.564579|-1.791224|-10.369331|-6.260758|0.363526|-2.434302|-0.414348|-2.434302|-2178.106753|-176855532.213144|nan|227890.440184|-0.000005|-319543.647880|-1.532225|-0.159428|5.298677|-0.080498|-15.053940|-8.100000|0.195515|-1.791224|-203.127871
1354|-24410189.947722|9.168783|-2.434302|-7.400000|-6.269071|1.894063|-3.528083|-9.145492|2967.600000|-2.434302|-0.938878|-30818887.645595|-0.188291|-1.953848|-2.163604|nan|-11.400000|2.000000|-3478604.981262|0.571221|nan|-5.591187|-3.132254|-0.271682|-0.077857|nan|nan|-0.565372|-1.823537|-7.494146|-6.060702|0.363526|-2.434302|-0.371017|-2.434302|-2178.374335|-174685049.526753|nan|227890.440184|-0.000005|-319543.647880|-1.536475|-0.159458|5.310973|-0.078208|-15.053940|-12.100000|0.181182|-1.823537|-203.127871
1355|-34483854.492336|8.858270|-2.434302|-7.400000|-6.346032|1.524237|-3.528083|-9.145492|2967.600000|-2.434302|-0.938878|-40080010.362031|-0.188291|-2.930773|-2.162738|nan|-9.400000|2.000000|-3466883.619686|0.769071|nan|-11.707384|-3.450594|-0.276838|-0.075470|nan|nan|-0.552730|-1.830667|-4.698208|-5.882304|0.363526|-2.434302|-0.348613|-2.434302|-2178.191873|-174380556.807870|nan|227890.440184|-0.000005|-319543.647880|-1.540576|-0.159677|5.325152|-0.076200|-15.053940|-12.100000|0.181182|-1.830667|-203.127871
1356|-34102704.227162|8.563889|-2.434302|-7.400000|-6.346032|1.242496|-3.528083|-9.145492|2967.600000|-2.434302|-0.938878|-39903240.804183|-0.188291|-4.163466|-2.162306|nan|-5.400000|2.000000|-3467001.717815|0.769071|nan|-6.790094|-3.511737|-0.281994|-0.073662|nan|nan|-0.520085|-1.822540|-6.819417|-5.725855|0.363526|-2.434302|-0.331141|-2.434302|-2178.745453|-174380556.807870|nan|227890.440184|-0.000005|-319543.647880|-1.544535|-0.120091|5.340633|-0.074482|-15.053940|-10.100000|0.181182|-1.822540|-203.127871
1357|-35221345.150000|8.349335|-2.434302|-7.400000|-6.346032|0.500546|-3.528083|-9.145492|2967.600000|-2.434302|-0.938878|-40553605.701369|-0.188291|-4.163466|-2.161741|nan|-11.400000|2.000000|-3466586.391257|0.772180|nan|-10.289598|-3.417505|-0.287149|-0.072329|nan|nan|-0.478988|-1.805812|-4.136530|-5.588649|0.363526|-2.434302|-0.318464|-2.434302|-2177.799556|-169645641.852892|nan|227890.440184|-0.000005|-319543.647880|-1.548360|-0.070417|5.356342|-0.072985|-15.053940|-10.100000|0.181182|-1.805812|-203.127871
1358|-35776514.139448|8.153667|-2.434302|-7.400000|-6.346032|-0.551695|-3.528083|-9.145492|2967.600000|-2.434302|-0.938878|-40988554.285277|-0.188291|-6.471639|-2.161807|nan|-7.400000|2.000000|-3465743.527900|0.860707|nan|-6.814444|-3.438289|-0.292305|-0.069449|nan|nan|-0.445143|-1.789103|-4.136530|-5.468450|0.363526|-2.434302|-0.291518|-2.434302|-2178.126047|-169345948.551547|nan|227890.440184|-0.000005|-319543.647880|-1.552058|-0.072498|5.372902|-0.071800|-15.053940|-10.100000|0.181182|-1.789103|-203.127871
1359|-33770801.524218|7.947409|-2.434302|-7.400000|-6.346032|-2.075151|-3.528083|-9.145492|2967.600000|-2.434302|-0.938878|-40776795.564842|-0.188291|-6.471639|-2.161841|nan|-7.400000|2.000000|-3466706.663057|0.860707|-0.000000|-9.687879|-3.499985|-0.297461|-0.068052|nan|-92953.719965|-0.437068|-1.774962|-4.323644|-5.363111|0.363526|-2.434302|-0.271305|-2.434302|-2178.568929|-162952068.803020|-26849.067890|227890.440184|-0.000005|-319543.647880|-1.574536|-0.073770|5.389862|-0.070934|-15.053940|-10.100000|0.181182|-1.774962|-203.127871
1400|-34975225.057572|7.912217|-2.434302|-7.400000|-6.346032|-2.691611|-3.528083|-9.145492|2967.600000|-2.434302|-0.938878|-41608260.471870|-0.188291|-7.189668|-2.161857|0.798586|-7.400000|2.000000|-3466174.018103|0.984316|-0.000000|-10.321243|-3.936759|-0.299283|-0.063905|nan|-89843.012986|-0.438801|-1.759303|-3.782785|-5.271385|0.363526|-2.434302|-0.242715|-2.434302|-2177.903972|-162766947.497791|-39179.070619|227890.440184|-0.000005|-319543.647880|-1.597014|-0.074409|5.409042|-0.070331|-15.053940|-8.100000|0.181182|-1.759303|-203.127871
1401|-33154375.334656|7.733631|-2.434302|-7.400000|-6.346032|-3.249360|-3.528083|-9.145492|2967.600000|-2.434302|-0.938878|-39463929.535505|-0.188291|-9.115228|-2.162215|0.858804|-5.400000|2.000000|-3561891.012746|0.984316|-0.000000|-8.182915|-4.281591|-0.299283|-0.060919|nan|-63722.640891|-0.434568|-1.744296|-4.679422|-5.193182|0.363526|-2.434302|-0.217654|-2.434302|-2178.050422|-161141034.955036|-32801.825867|227890.440184|-0.000005|-319543.647880|-1.619492|-0.072687|5.431218|-0.069912|-15.053940|-10.208334|0.181182|-1.744296|-203.127871
1402|-32981714.200000|7.420163|-2.434302|-7.400000|-6.346032|-3.563515|-3.528083|-9.145492|2967.600000|-2.434302|-0.938878|-39136292.206257|-0.188291|-9.115228|-2.162743|0.858804|-5.400000|2.000000|-3654610.000099|0.984316|-0.000000|-8.906772|-4.210175|-0.299283|-0.059868|nan|-28851.547751|-0.434568|-1.740986|-6.548483|-5.127869|0.363526|-2.434302|-0.187061|-2.434302|-2179.180554|-161141034.955036|-31321.237987|227890.440184|-0.000005|-319543.647880|-1.641970|-0.069077|5.452171|-0.069550|-15.053940|-12.425000|0.181182|-1.740986|-203.127871
1403|-28909137.250000|7.272199|-2.434302|-7.400000|-6.346032|-4.038226|-3.528083|-9.145492|2967.600000|-2.434302|-0.938878|-34522177.176233|-0.188291|-9.115228|-2.163357|0.858804|-5.400000|2.000000|-3943043.630086|0.984316|-0.000000|-16.043517|-4.524181|-0.299283|-0.057463|nan|-27717.280416|-0.423047|-1.738375|-7.626736|-5.073215|0.363526|-2.434302|-0.141997|-2.434302|-2178.102020|-161141034.955036|-23831.718279|227890.440184|-0.000005|-319543.647880|-1.664448|-0.069589|5.470302|-0.069223|-15.053940|-11.000000|0.181182|-1.738375|-203.127871
1404|-29850970.759118|7.302621|-2.434302|-7.400000|-6.346032|-4.038226|-3.528083|-9.145492|2967.600000|-2.434302|-0.938878|-34883299.788607|-0.188291|-9.115228|-2.163315|0.858804|-9.400000|2.000000|-4036993.027919|0.984316|-0.000000|-11.602917|-4.712491|-0.299283|-0.056242|-0.086864|-27799.425408|-0.411339|-1.736691|-5.696212|-5.025785|0.363526|-2.434302|-0.096922|-2.434302|-2177.528529|-161141034.955036|-22901.299776|227890.440184|-0.000005|-319543.647880|-1.686926|-0.068874|5.487682|-0.068757|-15.053940|-9.666667|0.181182|-1.736691|-203.127871
1405|-30345490.515622|7.318294|-2.434302|-7.400000|-6.346032|-4.148839|-3.528083|-9.145492|2967.600000|-2.434302|-0.938878|-34298062.571737|-0.166882|-9.115228|-1.544073|0.858804|-5.400000|2.000000|-4412416.001201|0.984316|-0.000000|-10.017726|-5.359814|-0.299283|-0.054592|-0.082914|-26173.849913|-0.411975|-1.732116|-6.316849|-4.978433|0.363526|-2.434302|-0.051618|-2.434302|-2178.059691|-161141034.955036|-20155.875362|227890.440184|-0.000005|-319543.647880|-1.709403|-0.066719|5.504243|-0.068237|-15.053940|-10.358334|0.181182|-1.732116|-203.127871
1406|-30708015.223136|7.256881|-2.434302|-7.400000|-6.346032|-4.186852|-3.528083|-9.145492|2967.600000|-2.434302|-0.938878|-33364839.490238|-0.166882|-9.115228|-1.544191|0.858804|-7.400000|2.000000|-4506316.568601|0.984316|-0.000000|-29.448248|-5.606403|-0.299283|-0.051584|-0.064245|-24182.237134|-0.416325|-1.728309|-6.157637|-4.930631|0.363526|-2.434302|-0.013109|-2.434302|-2177.978060|-161141034.955036|-20144.860305|227890.440184|-0.000005|-319543.647880|-1.731881|-0.064576|5.520185|-0.067609|-15.053940|-10.358334|0.181182|-1.728309|-203.127871
1407|-33162691.239769|7.127941|-2.434302|-7.400000|-6.346032|-4.186852|-3.528083|-9.145492|2967.600000|-2.434302|-0.938878|-34892150.031414|-0.166882|-9.511462|-1.544000|0.858804|-9.400000|2.000000|-4786897.164830|0.984316|-0.000000|-10.317685|-5.694784|-0.299283|-0.050082|-0.048020|-22987.071289|-0.415349|-1.725099|-5.559669|-4.886020|0.363526|-2.434302|0.015296|-2.434302|-2177.632942|-161141034.955036|-22566.317413|227890.440184|-0.000005|-319543.647880|-1.754288|-0.065756|5.535035|-0.066916|-15.053940|-12.991667|0.181182|-1.725099|-203.127871
1408|-30238018.965804|7.083690|-2.434302|-7.400000|-6.346032|-4.186852|-3.528083|-9.145492|2967.600000|-2.434302|-0.938878|-30908088.853010|-0.070682|-9.709580|-1.543904|0.858804|-7.400000|2.000000|-5541679.799771|0.984316|-0.000000|-11.409537|-5.914781|-0.299283|-0.048407|-0.047851|-22733.798575|-0.415729|-1.720511|-4.926350|-4.846689|0.363526|-2.434302|0.026208|-2.434302|-2178.643167|-161141034.955036|-21820.323819|227890.440184|-0.000005|-319543.647880|-1.767849|-0.067941|5.563496|-0.066032|-15.053940|-12.550000|0.181182|-1.720511|-203.127871
1409|-30725736.557398|7.032986|-2.434302|-7.400000|-6.346032|-4.186852|-3.528083|-9.145492|2967.600000|-2.434302|-0.938878|-30325310.284744|-0.070682|-10.812462|-1.543856|0.858804|-7.400000|2.000000|-6012157.842199|0.984316|-0.000000|-8.108342|-5.923350|-0.299283|-0.044773|-0.046896|-22577.381848|-0.412589|-1.719608|-1.743412|-4.815224|0.363526|-2.434302|0.026208|-2.434302|-2178.033907|-161137246.015852|-267.697741|227890.440184|-0.000005|-319543.647880|-1.781409|-0.069693|5.605032|-0.065097|-15.053940|-13.775000|0.181182|-1.719608|-203.127871
1410|-29028477.250000|6.915090|-2.434302|-7.400000|-6.346032|-4.186852|-3.528083|-9.145492|2967.600000|-2.434302|-0.938878|-28396496.359201|-0.070682|-10.812462|-1.544332|0.858804|-5.400000|2.000000|-6581303.288860|0.984316|-0.000000|-18.229880|-6.019141|-0.299283|-0.041373|-0.041967|-21468.787388|-0.413577|-1.726008|-3.269287|-4.791763|0.363526|-2.434302|0.026208|-2.434302|-2178.023996|-159062948.250134|-257.034948|227890.440184|-0.000005|-319543.647880|-1.790016|-0.069937|5.658119|-0.064126|-15.053940|-17.050000|0.181182|-1.726008|-203.127871
1411|-30209763.597438|6.859978|-2.434302|-7.600000|-6.346032|-4.186852|-3.528083|-9.145492|2967.600000|-2.434302|-0.938878|-29562368.890442|-0.070682|-10.812462|-1.544320|0.858804|-7.400000|2.000000|-7331561.509453|0.984316|-0.000000|-8.429270|-6.449368|-0.299283|-0.038638|-0.033905|-20842.844519|-0.418158|-1.730387|-3.106192|-4.776468|0.363526|-2.434302|0.026208|-2.434302|-2178.329143|-153853830.506221|-254.015429|227890.440184|-0.000005|-319543.647880|-1.798307|-0.069030|5.722498|-0.063128|-15.053940|-16.191667|0.181182|-1.730387|-203.127871
1412|-28359908.084034|6.904006|-2.434302|-7.800000|-6.346032|-4.186852|-3.528083|-9.145492|2967.600000|-2.434302|-0.938878|-27892438.586518|-0.070682|-10.812462|-1.544564|0.858804|-5.400000|2.000000|-7988197.078276|0.984316|-0.000000|-12.393124|-7.116244|-0.299283|-0.034055|-0.027243|-20733.616658|-0.416244|-1.725319|-3.361435|-4.770110|0.363526|-2.434302|0.026208|-2.434302|-2177.926250|-149521130.599133|-258.829004|211244.497450|-0.000005|-319543.647880|-1.806598|-0.067541|5.797329|-0.062159|-15.053940|-17.808334|0.181182|-1.725319|-203.127871
1413|-29582318.218988|6.623524|-2.434302|-8.400000|-6.346032|-4.186852|-3.528083|-9.145492|2967.600000|-2.434302|-0.938878|-28965547.668012|-0.027565|-10.812462|-1.545185|0.858804|-3.400000|2.000000|-8843180.495369|0.984316|-0.000000|-12.226055|-7.676301|-0.299283|-0.029302|-0.023408|-21270.477871|-0.417599|-1.719326|-6.851322|-4.772904|0.363526|-2.434302|0.026208|-2.434302|-2178.140132|-138215046.648759|-233.729755|211244.497450|-0.000005|-319543.647880|-1.819898|-0.065196|5.881532|-0.061135|-15.053940|-24.066667|0.181182|-1.719326|-203.127871
1414|-32631626.489942|6.429760|-2.434302|-8.600000|-6.346032|-4.186852|-3.528083|-9.145492|2967.600000|-2.434302|-0.938878|-31073389.211149|-0.027565|-10.812462|-1.545997|0.858804|-3.400000|2.000000|-9584449.021814|0.984316|-0.000000|-8.736431|-8.187200|-0.299749|-0.024505|-0.018394|-22167.269084|-0.412630|-1.704001|-9.816831|-4.762220|0.363526|-2.434302|0.026208|-2.434302|-2178.704040|-116932472.114894|-112.024789|177584.330450|-0.000005|-319543.647880|-1.824830|-0.061815|5.975165|-0.060186|-15.053940|-26.900000|0.181182|-1.704001|-203.127871
1415|-30362339.050792|6.399279|-2.434302|-9.400000|-6.346032|-4.186852|-3.528083|-9.145492|2967.600000|-2.434302|-0.938878|-28218616.252658|-0.002057|-10.812462|-1.546403|0.858804|-7.400000|2.000000|-9965822.023592|0.984316|-0.000000|-8.226905|-8.336212|-0.300216|-0.020891|-0.016193|-23825.206345|-0.410300|-1.688026|-10.389857|-4.736010|0.363526|-2.434302|0.026208|-2.434302|-2177.628317|-114569844.916445|-64.482467|177584.330450|-0.000005|-319543.647880|-1.829761|-0.057168|6.077430|-0.059138|-15.053940|-22.900000|0.181182|-1.688026|-203.127871
1416|-29161263.286052|6.337280|-2.434302|-9.600000|-6.346032|-4.186852|-3.528083|-9.145492|2967.600000|-2.434302|-0.938878|-26534668.971053|-0.002057|-10.812462|-1.546606|0.713082|-7.600000|2.000000|-10524011.390246|0.984316|-0.000000|-8.659124|-8.280557|-0.300682|-0.020891|-0.012321|-25004.057663|-0.410203|-1.672305|-11.597220|-4.691086|0.363526|-2.434302|0.026208|-2.434302|-2176.946680|-114569844.916445|-63.263359|177584.330450|-0.000005|-319543.647880|-1.828494|-0.053415|6.185481|-0.057993|-15.053940|-22.900000|0.181182|-1.672305|-203.127871
1417|-30084315.973078|6.228621|-2.434302|-10.200000|-6.346032|-4.325139|-3.528083|-9.145492|2967.600000|-2.434302|-0.938878|-27874047.832226|-0.002057|-10.812462|-1.546207|0.682122|-9.800000|2.000000|-10698534.149806|0.984316|-0.000000|-10.438534|-8.549768|-0.301149|-0.020891|-0.006283|-24618.720235|-0.413254|-1.654267|-10.500669|-4.624078|0.363526|-2.434302|0.026208|-2.434302|-2177.739713|-114569844.916445|-65.550025|177584.330450|-0.000005|-319543.647880|-1.817923|-0.050588|6.304402|-0.056859|-15.053940|-22.900000|0.181182|-1.654267|-203.127871
1418|-32175620.023912|6.163540|-2.434302|-11.800000|-6.346032|-4.640733|-3.528083|-9.145492|2967.600000|-2.434302|-0.938878|-29362696.658663|-0.002057|-10.812462|-1.545757|0.727278|-10.400000|2.000000|-10690961.950349|0.984316|-0.000000|-14.942629|-8.544151|-0.301615|-0.020891|0.001812|-24661.926636|-0.433592|-1.635568|-9.867322|-4.531691|0.363526|-2.434302|0.028315|-2.434302|-2177.932819|-114569844.916445|-91.452139|177584.330450|-0.000005|-319543.647880|-1.802605|-0.045026|6.433759|-0.055711|-15.053940|-23.583334|0.181182|-1.635568|-322.954855
1419|-32625105.532342|6.207086|-2.434302|-12.800000|-6.346032|-4.926270|-3.528083|-9.435793|2967.600000|-2.434302|-0.938878|-30231304.297644|-0.002057|-10.812462|-1.545532|0.893830|-10.600000|2.000000|-10689551.749672|0.984316|-0.000000|-8.765327|-8.867470|-0.302082|-0.019766|0.010648|-23043.559235|-0.445835|-1.617016|-8.642987|-4.410385|0.363526|-2.434302|0.051911|-2.434302|-2178.190932|-114569844.916445|-89.584368|177584.330450|-0.000005|-319543.647880|-1.785429|-0.042725|6.569642|-0.054578|-15.053940|-21.908334|0.181182|-1.617016|-322.954855
1420|-32653813.692724|6.132719|-2.434302|-14.000000|-6.346032|-5.375089|-3.528083|-9.435793|2967.600000|-2.434302|-0.938878|-30586191.826173|-0.002057|-10.812462|-1.545670|1.048826|-7.400000|2.000000|-10687316.389513|0.984316|-0.000000|-8.452541|-8.731905|-0.302548|-0.019766|0.019263|-22488.056116|-0.447407|-1.602091|-9.675263|-4.256625|0.363526|-2.434302|0.073609|-2.434302|-2178.459218|-114569844.916445|-81.885795|177584.330450|-0.000005|-319543.647880|-1.764191|-0.039638|6.712222|-0.053444|-15.053940|-24.275000|0.181182|-1.602091|-322.954855
1421|-35629851.940758|6.162679|-2.434302|-15.600000|-6.346032|-5.400211|-3.528083|-9.435793|2967.600000|-2.434302|-0.938878|-33389502.247679|-0.002057|-10.812462|-1.545989|1.146717|-7.600000|2.000000|-10683850.673683|0.984316|-0.000000|-16.551212|-8.416875|-0.303014|-0.019421|0.023083|-21866.687068|-0.449576|-1.598075|-10.180186|-4.065823|0.363663|-2.434302|0.093402|-2.434302|-2178.798287|-114569844.916445|-81.601542|177584.330450|-0.000005|-319543.647880|-1.742953|-0.036988|6.858961|-0.052243|-15.053940|-22.275000|0.181182|-1.598075|-322.954855
1422|-36212047.748718|6.048348|-2.434302|-17.000000|-6.346032|-5.803893|-3.528083|-9.435793|2967.600000|-2.219861|-0.938878|-34390416.752690|-0.002057|-10.812462|-1.545898|1.175939|-10.200000|2.000000|-10678193.366968|0.984316|-0.000000|-8.102346|-8.044113|-0.303481|-0.019421|0.026855|-21912.087888|-0.446770|-1.605243|-11.251455|-3.833528|0.363663|-2.434302|0.114862|-2.434302|-2177.521203|-114569844.916445|-101.551765|177584.330450|-0.000005|-319543.647880|-1.721714|-0.033085|7.008506|-0.050946|-15.053940|-24.275000|0.181182|-1.605243|-322.954855
1423|-41447018.884904|5.979783|-2.434302|-18.800000|-6.346032|-6.931034|-3.528083|-9.435793|3941.000000|-2.219861|-0.938878|-39755276.060808|-0.002057|-10.812462|-1.545603|1.218265|-13.800000|2.000000|-10662505.667009|0.984316|-0.000000|-7.719853|-7.899876|-0.299127|-0.019421|0.029653|-20497.739060|-0.449836|-1.607353|-10.012625|-3.555275|0.363663|-2.434302|0.126704|-2.434302|-2177.269650|-114569844.916445|-145.611696|177584.330450|-0.000005|-319543.647880|-1.700476|-0.027150|7.159088|-0.049619|-15.053940|-24.275000|0.181182|-1.607353|-322.954855
1424|-39227853.051466|5.990474|-2.434302|-20.400000|-6.346032|-7.569875|-3.528083|-16.074634|3941.000000|-2.219861|-0.938878|-37805042.028896|-0.002057|-10.812462|-1.545455|1.218265|-12.800000|2.000000|-10663097.848226|0.984316|-0.000000|-9.218738|-7.525486|-0.294773|-0.019421|0.031116|-19871.171493|-0.452320|-1.608635|-10.012625|-3.259256|0.363663|-2.434302|0.176399|-2.434302|-2177.672549|-114569844.916445|-142.187844|177584.330450|-0.000005|-319543.647880|-1.679238|-0.023839|7.313125|-0.048284|-15.053940|-22.275000|0.181182|-1.608635|-322.954855
1425|-41905178.498360|6.023109|-2.434302|-21.200000|-6.593117|-8.338351|-3.528083|-16.893091|3941.000000|-2.219861|-0.938878|-41048343.738253|-0.002057|-10.812462|-1.545131|1.218265|-16.000000|2.000000|-10663330.191760|0.984316|-0.000000|-8.980314|-7.626319|-0.290419|-0.019421|0.032899|-17882.797955|-0.448730|-1.590214|-10.773309|-2.954501|0.363663|-2.434302|0.200757|-2.434302|-2177.798654|-114569844.916445|-147.275356|177584.330450|-0.000005|-319543.647880|-1.657999|-0.018268|7.470554|-0.046941|-15.053940|-22.275000|0.181182|-1.590214|-322.954855
1426|-41886002.125804|5.992013|-2.434302|-22.400000|-6.593117|-9.414591|-2.955619|-16.893091|3941.000000|-1.865144|-0.938878|-41332608.227050|-0.002057|-10.812462|-1.544969|1.218265|-15.600000|2.000000|-10661778.587989|0.984316|-0.000000|-9.282185|-7.283565|-0.286066|-0.019253|0.032879|-16961.246684|-0.448217|-1.571705|-10.458244|-2.643445|0.363663|-2.434302|0.214844|-2.434302|-2177.994218|-114569844.916445|-147.471279|177584.330450|-0.000005|-319543.647880|-1.635666|-0.014691|7.631643|-0.045628|-15.053940|-22.275000|0.181182|-1.571705|-322.954855
1427|-37481574.400000|5.843588|-2.219861|-22.800000|-6.593117|-10.388332|-2.955619|-16.893091|3941.000000|-1.770219|-0.938878|-36762826.447359|-0.002057|-10.812462|-1.545138|1.218265|-17.000000|2.000000|-10675759.411334|0.984316|-0.000000|-10.208743|-7.107665|-0.281712|-0.019085|0.032357|-15007.596723|-0.449725|-1.562548|-10.458244|-2.319537|0.363663|-2.434302|0.215720|-2.434302|-2178.712369|-114569844.916445|-121.019263|177584.330450|-0.000005|-319543.647880|-1.610088|-0.013538|7.800134|-0.044360|-15.053940|-24.458334|0.181182|-1.562548|-322.954855
1428|-28645013.693394|5.642133|-2.219861|-22.800000|-6.593117|-11.840764|-2.955619|-18.345523|3941.000000|-1.770219|-0.938878|-27753576.988852|-0.002057|-10.812462|-1.544473|1.218265|-24.800000|2.000000|-10711847.295123|0.984316|-0.000000|-9.472100|-7.162919|-0.277358|-0.019027|0.030659|-12696.381103|-0.452318|-1.564339|-5.427256|-1.979032|0.363663|-2.434302|0.220136|-2.434302|-2177.299758|-114569844.916445|-158.049698|177584.330450|-0.000005|-319543.647880|-1.583935|-0.011800|7.975316|-0.043034|-15.053940|-28.458334|0.181182|-1.564339|-322.954855
1429|-24397501.243164|5.474900|-2.219861|-22.800000|-6.593117|-12.964394|-2.955619|-19.469153|3941.000000|-1.770219|-0.938878|-22946341.785919|-0.027254|-10.812462|-1.543891|1.218265|-22.400000|2.000000|-11198087.207912|0.984316|-0.000000|-8.336943|-6.920643|-0.273004|-0.018973|0.028476|-12650.008276|-0.454561|-1.563838|-4.609297|-1.615867|0.363663|-2.434302|0.222443|-2.434302|-2178.601007|-114569844.916445|-182.893907|177584.330450|-0.000005|-319543.647880|-1.547772|-0.009891|8.157669|-0.041644|-15.053940|-26.366667|0.181182|-1.563838|-322.954855
1430|-17788724.892966|5.147215|-2.219861|-22.200000|-6.593117|-13.409582|-2.955619|-14.690808|3941.000000|-1.770219|-0.938878|-16401911.332806|-0.030260|-10.812462|-1.542603|1.218265|-27.200000|2.000000|-11400667.418213|0.984316|-0.000000|-8.181897|-7.002026|-0.265316|-0.017688|0.026336|-10234.859542|-0.453870|-1.567798|7.238189|-1.228809|0.363663|-2.434302|0.225279|-2.434302|-2176.911699|-114569844.916445|-236.386767|177584.330450|-0.000005|-319543.647880|-1.504492|-0.008813|8.346588|-0.040091|-15.053940|-31.700000|0.181182|-1.567798|-322.954855
1431|-10886932.224072|4.845036|-1.865144|-21.400000|-6.593117|-13.812371|-2.955619|-15.335591|3941.000000|-1.770219|-0.938878|-9455633.294541|-0.030260|-10.812462|-1.542707|1.218265|-16.400000|2.000000|-11899839.404429|0.984316|-0.000000|-8.587254|-6.780482|-0.255807|-0.017308|0.024837|-8986.870726|-0.451272|-1.564939|0.482492|-0.820433|0.363663|-2.434302|0.230224|-2.434302|-2178.911896|-114569844.916445|-178.128733|177584.330450|-0.000004|-71494.199298|-1.463596|-0.006041|8.541871|-0.038531|-15.053940|-31.033333|0.124485|-1.564939|-322.954855
1432|-10154551.935142|4.684209|-1.770219|-20.400000|-6.593117|-13.986324|-2.902956|-15.335591|3941.000000|-1.770219|-0.938878|-8486816.801058|-0.030260|-10.812462|-1.542510|1.218265|-24.800000|2.000000|-12375829.127225|0.984316|-0.000000|-9.799901|-6.758448|-0.246297|-0.016042|0.023309|-8853.204879|-0.464453|-1.557404|1.981101|-0.398836|0.363663|-2.434302|0.234763|-2.434302|-2177.340060|-114569844.916445|-189.100617|177584.330450|-0.000004|-71494.199298|-1.424144|-0.001949|8.743107|-0.036956|-15.053940|-29.825000|0.124485|-1.557404|-322.954855
1433|-7019959.223958|4.530861|-1.770219|-19.200000|-6.593117|-14.524662|-2.902956|-15.335591|3941.000000|-1.770219|-0.938878|-5234631.951033|-0.030260|-10.812462|-1.542411|1.218265|-22.800000|2.000000|-12852376.337746|0.984316|-0.000000|-8.769914|-6.896735|-0.236787|-0.013098|0.022010|-8029.107736|-0.463125|-1.566082|3.128671|0.021115|0.363663|-2.434302|0.238008|-2.434302|-2178.669539|-114569844.916445|-201.839772|177584.330450|-0.000004|-71494.199298|-1.389370|0.000031|8.947602|-0.035393|-15.053940|-30.350000|0.124485|-1.566082|-322.954855
1434|-6286346.859385|4.263188|-1.770219|-18.400000|-6.593117|-15.011729|-2.902956|-15.335591|3941.000000|-1.770219|-0.938878|-4528164.506229|-0.030260|-10.812462|-1.542611|1.218265|-20.800000|2.000000|-13516242.668514|0.984316|-0.000000|-10.372081|-7.161392|-0.227278|-0.010991|0.020806|-7082.495258|-0.477630|-1.585318|1.635057|0.428872|0.363663|-2.434302|0.237167|-2.434302|-2177.755442|-114569844.916445|-303.030628|177584.330450|-0.000004|-71494.199298|-1.360379|-0.003243|9.156822|-0.033877|-15.053940|-31.175000|0.124485|-1.585318|-322.954855
1435|-8993655.074210|3.930988|-1.770219|-17.800000|-6.593117|-15.642885|-2.902956|-15.335591|3941.000000|-1.770219|-0.938878|-7137487.071118|-0.030260|-10.812462|-1.542711|1.218265|-22.200000|2.000000|-13517212.457206|0.984316|-0.000000|-9.798799|-7.446929|-0.217768|-0.008499|0.019430|-6188.570864|-0.443798|-1.590629|1.635057|0.816228|0.363663|-2.434302|0.235296|-2.434302|-2177.827945|-114569844.916445|-309.904444|177584.330450|-0.000004|-71494.199298|-1.333232|-0.001906|9.370496|-0.032426|-15.053940|-31.175000|0.124485|-1.590629|-322.954855
1436|-8328474.666520|3.727123|-1.770219|-17.600000|-6.593117|-15.832979|-2.902956|-15.335591|3941.000000|-1.770219|-0.938878|-6197884.188030|-0.030260|-10.812462|-1.542263|1.218265|-25.400000|2.000000|-12667284.102650|0.984316|-0.000000|-9.831399|-7.973439|-0.208258|-0.006653|0.018406|-3883.481099|-0.418806|-1.578891|3.617854|1.164888|0.363663|-2.434302|0.234907|-2.219861|-2178.127047|-114569844.916445|-336.032931|177584.330450|-0.000004|-71494.199298|-1.309577|-0.003452|9.584999|-0.031005|-15.053940|-33.175000|0.124485|-1.578891|-322.954855
1437|-8473974.690884|3.309293|-1.770219|-17.000000|-6.593117|-16.195445|-2.902956|-15.335591|3941.000000|-1.770219|-0.938282|-4752027.364573|-0.030260|-10.812462|-1.541292|1.218265|-26.400000|2.000000|-11249116.637691|0.984316|-0.000000|-13.835170|-8.096770|-0.198749|-0.006653|0.018347|-1243.072757|-0.415139|-1.544106|7.448469|1.450470|0.363663|-2.434302|0.234907|-2.219861|-2176.634516|-114569844.916445|-387.409809|177584.330450|-0.000004|-71494.199298|-1.285922|-0.007949|9.799120|-0.029507|-15.053940|-35.175000|0.124485|-1.544106|-322.954855
1438|-7184123.764958|2.950670|-1.770219|-17.000000|-6.593117|-16.439151|-2.902956|-15.335591|3941.000000|-1.770219|-0.225561|-3074286.580797|-0.030260|-10.812462|-1.541056|1.212473|-17.200000|2.000000|-10116292.540964|0.984316|-0.000000|-13.200229|-8.447309|-0.189239|-0.005035|0.018094|747.824727|-0.385493|-1.525968|9.469978|1.662311|0.363663|-2.434302|0.234690|-2.219861|-2178.017381|-114569844.916445|-284.685949|177584.330450|-0.000004|-71494.199298|-1.262267|-0.008146|10.010878|-0.028036|-15.053940|-31.175000|0.127823|-1.525968|-322.954855
1439|-2671572.100000|2.745994|-1.770219|-17.200000|-12.869618|-16.439151|-2.902956|-13.057487|3941.000000|-2.059759|-0.425877|3473746.657604|-0.030260|-11.360079|-1.540192|1.208852|-24.400000|2.000000|-8984300.605587|0.984316|-0.000000|-14.957801|-9.661643|-0.179729|-0.001102|0.018000|2040.782515|-0.387515|-1.545802|12.159621|1.791745|0.363663|-2.434302|0.238946|-2.219861|-2177.226089|-114569844.916445|-356.756830|177584.330450|-0.000004|-71494.199298|-1.249291|-0.012483|10.221249|-0.026575|-15.053940|-33.175000|0.223890|-1.545802|-322.954855
1440|-4899544.750000|2.575057|-1.770219|-17.400000|-12.869618|-16.553410|-2.902956|-13.001614|3015.600000|-2.059759|-0.425877|2022125.849067|-0.030260|-11.633888|-1.540257|1.164992|-13.800000|0.000000|-8508414.644446|0.984316|-0.000000|-26.711140|-10.201472|-0.170220|0.002538|0.018705|3164.069819|-0.388074|-1.532718|13.789422|1.835201|0.363663|-2.434302|0.243782|-2.059759|-2178.431988|-111659960.305456|-326.115852|177584.330450|-0.000004|-71494.199298|-1.236314|-0.007280|10.430394|-0.025168|-15.053940|-31.175000|0.223890|-1.532718|-322.954855
1441|-4006541.800464|2.334189|-1.770219|-18.400000|-12.869618|-16.656787|-2.902956|-13.001614|3015.600000|-2.059759|-0.425877|3644464.726250|-0.030260|-11.770793|-1.540538|1.135793|-15.600000|0.000000|-8043713.212313|0.984316|-0.000000|-17.290547|-10.923543|-0.160710|0.005917|0.020223|3515.027208|-0.388268|-1.503645|11.318452|1.791580|0.363663|-2.434302|0.247276|-2.059759|-2178.821264|-111659960.305456|-283.529115|177584.330450|-0.000004|-71494.199298|-1.223338|-0.005076|10.638974|-0.023755|-15.053940|-31.175000|0.223890|-1.503645|-322.954855
1442|-2354448.985068|2.088703|-1.770219|-19.200000|-12.869618|-16.750319|-2.902956|-13.001614|3015.600000|-2.059759|-0.635517|5531728.777513|-0.030260|-12.839245|-1.540679|1.110139|-17.000000|0.000000|-7477283.581018|0.984316|-0.000000|-17.921724|-11.999783|-0.151200|0.010607|0.021762|3333.144677|-0.389530|-1.482163|12.299492|1.665185|0.363663|-2.434302|0.249994|-2.059759|-2177.771746|-111659960.305456|-270.359209|177584.330450|-0.000004|-171555.886006|-1.214736|-0.001806|10.847288|-0.022440|-14.826251|-31.175000|0.223890|-1.482163|-322.954855
1443|716492.500000|1.858841|-1.770219|-19.800000|-12.869618|-16.834943|-2.902956|-13.001614|3015.600000|-2.059759|-0.635517|8668737.562971|-0.030260|-14.373471|-1.540501|1.054638|-19.000000|0.000000|-7089291.554068|0.984316|-0.000000|-19.904631|-13.006362|-0.141691|0.015345|0.023852|3857.844089|-0.384249|-1.455673|11.823125|1.466803|0.363663|-2.434302|0.254427|-2.059759|-2178.075778|-111659960.305456|-259.609364|177584.330450|-0.000004|-171555.886006|-1.206134|0.002105|11.054720|-0.021152|-14.826251|-31.175000|0.223890|-1.455673|-322.954855
1444|5445736.842510|1.628980|-2.059759|-21.200000|-12.869618|-18.054365|-2.902956|-12.564840|3015.600000|-2.059759|-0.899209|13018089.868253|0.030363|-15.140584|-1.540660|0.993001|-15.200000|0.000000|-6331097.700100|0.984316|-0.000000|-21.778186|-14.409501|-0.131715|0.020965|0.026927|3685.107300|-0.381316|-1.488891|10.532541|1.210654|0.363663|-2.434302|0.258308|-2.059759|-2177.933162|-111659960.305456|-252.868621|177584.330450|-0.000004|-171555.886006|-1.203466|0.004026|11.261699|-0.019904|-14.826251|-29.175000|0.223890|-1.488891|-322.954855
1445|399299.719650|1.223865|-2.059759|-21.800000|-12.869618|-18.776698|-2.902956|-16.135965|3015.600000|-2.059759|-0.899209|8220025.163424|0.032347|-15.215919|-0.760606|0.928653|-21.400000|0.000000|-5659054.835939|0.984316|-0.000000|-22.376408|-15.598751|-0.121738|0.026140|0.028862|4244.391388|-0.381981|-1.471545|11.544958|0.911346|0.363663|-2.434302|0.261702|-2.059759|-2176.486347|-111604541.636696|-310.645728|177584.330450|-0.000004|-171555.886006|-1.200798|0.005133|11.466420|-0.018701|-14.826251|-33.175000|0.223890|-1.471545|-322.954855
1446|440631.050000|0.892267|-2.059759|-21.800000|-12.869618|-19.620715|-2.902956|-17.934092|3015.600000|-2.059759|-0.899209|9488057.956828|0.036381|-15.215919|-0.760380|0.863920|-20.400000|0.000000|-5187511.211701|0.984316|-0.000000|-23.809754|-15.891160|-0.111762|0.028493|0.030759|5246.832862|-0.381981|-1.470720|12.318384|0.585329|0.363663|-2.434302|0.261729|-2.059759|-2177.316526|-111427309.589450|-341.641813|177584.330450|-0.000004|-171555.886006|-1.204041|0.007880|11.668033|-0.017460|-14.826251|-33.175000|0.223890|-1.470720|-322.954855
1447|5657693.484378|0.703060|-2.059759|-21.800000|-12.869618|-20.574825|-2.902956|-17.934092|3015.600000|-2.059759|-0.899209|15678314.080819|0.036381|-16.561808|-0.760267|0.800363|-19.200000|0.000000|-4914181.671084|0.984316|-0.000000|-23.850194|-16.293949|-0.101786|0.032200|0.032122|5353.294184|-0.392675|-1.479622|13.416337|0.247223|0.363663|-2.434302|0.261729|-2.059759|-2177.925260|-111427309.589450|-353.898732|177584.330450|-0.000004|-171555.886006|-1.216987|0.015124|11.870750|-0.016208|-14.826251|-35.175000|0.223890|-1.479622|-322.954855
1448|9350024.048748|0.461498|-2.059759|-21.800000|-12.869618|-21.438067|-2.902956|-19.578363|3015.600000|-2.059759|-0.899209|19754579.959668|0.042255|-21.234752|-0.760211|0.757474|-19.800000|0.000000|-4447081.186971|0.984316|-0.000000|-26.449651|-15.859569|-0.091810|0.033908|0.033039|5211.719653|-0.399250|-1.514067|12.299017|-0.098638|0.363663|-2.434302|0.261729|-2.059759|-2178.004814|-111427309.589450|-304.338993|177584.330450|-0.000004|-171555.886006|-1.244526|0.019638|12.076193|-0.014913|-14.826251|-31.175000|0.223890|-1.514067|-322.954855
1449|10075976.250000|0.131810|-2.059759|-21.800000|-12.869618|-22.219096|-2.902956|-19.578363|3015.600000|-2.059759|-0.899209|20647798.925284|0.042255|-21.571225|-0.760305|0.701566|-17.200000|0.000000|-4448549.375805|0.984316|-0.000000|-23.050328|-16.258636|-0.081834|0.036969|0.033291|5089.381144|-0.400945|-1.591274|13.451809|-0.452226|0.363663|-2.434302|0.261729|-2.059759|-2178.503737|-111427309.589450|-264.270758|177584.330450|-0.000004|-171555.886006|-1.263099|0.027980|12.282225|-0.013671|-14.826251|-31.175000|0.223890|-1.591274|-322.954855
1450|5097516.856548|-0.307044|-2.059759|-21.800000|-12.869618|-22.925742|-2.902956|-21.520950|3015.600000|-2.059759|-0.899209|15434603.717554|0.042255|-22.739461|-0.760475|0.665470|-19.800000|0.000000|-4443408.294001|0.984316|-0.000000|-23.410487|-16.433605|-0.071858|0.038504|0.033434|4540.967208|-0.404400|-1.633738|12.870275|-0.812798|0.363663|-2.434302|0.261729|-2.059759|-2178.662582|-103613993.899473|-216.976323|177584.330450|-0.000004|-171555.886006|-1.281671|0.033895|12.488922|-0.012475|-14.826251|-31.175000|0.223890|-1.633738|-322.954855
1451|-233730.100000|-0.585227|-2.059759|-21.800000|-12.869618|-22.837576|-2.902956|-21.520950|3015.600000|-2.059759|-0.899209|10136705.025067|0.042255|-25.323579|-0.760683|0.625840|-18.800000|0.000000|-4435481.824782|0.984316|-0.000000|-22.726317|-16.254780|-0.061882|0.040983|0.032783|3851.415928|-0.403939|-1.652047|8.746047|-1.179259|0.363663|-2.434302|0.261729|-2.059759|-2177.975742|-100449625.338296|-231.266353|177584.330450|-0.000004|-171555.886006|-1.298594|0.041029|12.696161|-0.011328|-14.826251|-31.175000|0.223890|-1.652047|-322.954855
1452|-10221802.816478|-0.939775|-2.059759|-21.800000|-12.869618|-23.442909|-2.617806|-20.932638|3015.600000|-2.059759|-0.899209|-35574.512879|0.042255|-25.554820|-0.760664|0.591258|-20.800000|0.000000|-4418167.136031|0.984316|-0.000000|-24.633032|-15.602052|-0.051906|0.044389|0.032325|3688.182417|-0.403909|-1.670598|9.967349|-1.550405|0.363663|-2.434302|0.261729|-2.059759|-2177.005702|-100176634.674949|-248.386303|177584.330450|-0.000004|-171555.886006|-1.303419|0.046209|12.904431|-0.010227|-15.813549|-31.175000|0.223890|-1.670598|-322.954855
1453|-13605411.562916|-1.384081|-2.059759|-21.800000|-12.869618|-23.964546|-2.617806|-20.932638|3015.600000|-2.059759|-0.899209|-3794481.714033|0.042255|-25.554820|-0.760777|0.570229|-13.600000|0.000000|-4411925.991008|0.984316|-0.000000|-24.732991|-15.787847|-0.046750|0.047105|0.031295|3152.339588|-0.402768|-1.672618|9.271882|-1.924794|0.363663|-2.434302|0.261729|-2.059759|-2178.481027|-91529328.701358|-230.683245|177584.330450|-0.000004|-171555.886006|-1.308245|0.053509|13.098895|-0.009178|-16.800848|-31.175000|0.223890|-1.672618|-322.954855
1454|-19136996.350000|-1.671326|-2.059759|-21.800000|-12.869618|-24.803843|-2.617806|-20.559032|3015.600000|-2.059759|-0.899209|-9737548.896949|0.009556|-23.600972|-0.761080|0.547488|-12.000000|0.000000|-4403007.220087|0.984316|-0.000000|-24.551774|-16.020974|-0.041594|0.049926|0.030901|1203.090600|-0.400832|-1.675943|3.612272|-2.300600|0.363663|-2.434302|0.261729|-2.059759|-2178.299848|-76110106.935274|-208.311479|177584.330450|-0.000004|-171555.886006|-1.313071|0.062439|13.280107|-0.008147|-17.788146|-32.591666|0.223890|-1.675943|-322.954855
1455|-30386773.065664|-1.837455|-2.059759|-21.800000|-12.869618|-25.366906|-2.617806|-20.559032|3015.600000|-2.059759|-0.899209|-22207117.643065|0.008909|-22.624047|-0.760862|0.467762|-21.600000|0.000000|-4384685.494432|0.984316|-0.000000|-19.608240|-16.058167|-0.036438|0.049991|0.030011|1108.774743|-0.402166|-1.697740|5.916367|-2.674873|0.363663|-2.434302|0.259224|-2.059759|-2177.047022|-76110106.935274|-241.352898|177584.330450|-0.000004|-171555.886006|-1.317896|0.062000|13.453551|-0.007133|-18.775444|-33.208333|0.223890|-1.697740|-322.954855
1456|-33058618.878476|-2.137212|-2.059759|-21.800000|-12.869618|-25.749161|-2.617806|-20.559032|3015.600000|-2.059759|-0.899209|-25209600.851061|0.008909|-21.391354|-0.760754|0.346565|-16.800000|0.000000|-4380095.642676|0.984316|-0.000000|-20.612011|-16.172426|-0.031282|0.049991|0.029791|2551.525535|-0.414689|-1.699024|7.860330|-3.043924|0.363663|-2.434302|0.255091|-2.059759|-2177.486037|-76112526.202883|-234.172621|177584.330450|-0.000004|-171555.886006|-1.322722|0.066270|13.615381|-0.006131|-19.762743|-26.425000|0.223890|-1.699024|-322.954855
1457|-46359088.976852|-2.468774|-2.059759|-21.800000|-12.869618|-25.680969|-2.617806|-20.442061|3015.600000|-2.059759|-0.899209|-39142631.368979|0.008128|-21.391354|-0.760822|0.221024|-12.200000|0.000000|-4358832.386735|0.984316|-0.000000|-38.388666|-16.228127|-0.026127|0.049991|0.029384|1323.864633|-0.416412|-1.699711|4.654088|-3.405379|0.363663|-2.434302|0.253942|-2.059759|-2178.346127|-76112526.202883|-160.679471|177584.330450|-0.000004|-171555.886006|-1.327548|0.068624|13.766173|-0.005137|-20.750041|-24.825000|0.223890|-1.699711|-322.954855
1458|-52562819.889784|-2.644804|-2.059759|-21.800000|-12.869618|-25.619273|-2.617806|-19.733116|3015.600000|-2.059759|-0.899209|-45779723.967565|0.008128|-19.355176|-0.760734|0.063055|-15.400000|0.000000|-4347910.073552|0.984316|-0.000000|-20.104877|-16.361735|-0.020971|0.049991|0.028943|2945.651294|-0.418706|-1.697783|5.779188|-3.756549|0.363663|-2.434302|0.248805|-2.059759|-2177.239146|-76112526.202883|-205.809878|177584.330450|-0.000004|-171555.886006|-1.332373|0.070410|13.916013|-0.004154|-21.737340|-24.691667|0.223890|-1.697783|-322.954855
1459|-60109934.352706|-2.794700|-2.059759|-21.800000|-12.869618|-25.182499|-2.617806|-19.733116|3015.600000|-2.059759|-0.899209|-53647991.531337|-0.028850|-19.355176|-0.760935|-0.095781|-8.600000|0.000000|-4333790.514302|0.984316|-0.000000|-20.392088|-15.345946|-0.015815|0.049991|0.028485|5066.732597|-0.418706|-1.697744|3.477843|-4.092459|0.363663|-2.434302|0.248805|-2.059759|-2178.864339|-79724639.224178|-142.765423|177584.330450|-0.000004|-171555.886006|-1.332453|0.068932|14.064695|-0.003184|-22.724638|-23.708334|0.223890|-1.697744|-322.954855
