859|nan|nan|nan|nan|nan|nan|nan|nan|nan|nan|nan|nan|nan|nan|nan|nan|nan|nan|nan
900|nan|nan|nan|nan|nan|nan|nan|nan|nan|nan|nan|nan|nan|nan|nan|nan|nan|nan|nan
901|nan|nan|nan|nan|nan|nan|nan|nan|nan|nan|nan|nan|nan|nan|nan|nan|nan|nan|nan
902|nan|nan|nan|nan|nan|nan|nan|nan|nan|nan|nan|nan|nan|nan|nan|nan|nan|nan|nan
903|nan|nan|nan|nan|nan|nan|nan|nan|nan|nan|nan|nan|nan|nan|nan|nan|nan|nan|nan
904|nan|nan|nan|nan|nan|nan|nan|nan|nan|nan|nan|nan|nan|nan|nan|nan|nan|nan|nan
905|nan|nan|nan|nan|nan|nan|nan|nan|nan|nan|nan|nan|nan|nan|nan|nan|nan|nan|nan
906|nan|nan|nan|nan|nan|nan|nan|nan|nan|nan|nan|nan|nan|nan|nan|nan|nan|nan|nan
907|nan|nan|nan|nan|nan|nan|nan|nan|nan|nan|nan|nan|nan|nan|nan|nan|nan|nan|nan
908|nan|nan|nan|nan|nan|nan|nan|nan|nan|nan|nan|nan|nan|nan|nan|nan|nan|nan|nan
909|nan|nan|nan|nan|nan|nan|nan|nan|nan|nan|nan|nan|nan|nan|nan|nan|nan|nan|nan
910|nan|nan|nan|nan|nan|nan|nan|nan|nan|nan|nan|nan|nan|nan|nan|nan|nan|nan|nan
911|nan|nan|nan|nan|nan|nan|nan|nan|nan|nan|nan|nan|nan|nan|nan|nan|nan|nan|nan
912|nan|nan|nan|nan|nan|nan|nan|nan|nan|nan|nan|nan|nan|nan|nan|nan|nan|nan|nan
913|nan|nan|nan|nan|nan|nan|nan|nan|nan|nan|nan|nan|nan|nan|nan|nan|nan|nan|nan
914|nan|nan|nan|nan|nan|nan|nan|nan|nan|nan|nan|nan|nan|nan|nan|nan|nan|nan|nan
915|nan|nan|nan|nan|nan|nan|nan|nan|nan|nan|nan|nan|nan|nan|nan|nan|nan|nan|nan
916|nan|nan|nan|nan|nan|nan|nan|nan|nan|nan|nan|nan|nan|nan|nan|nan|nan|nan|nan
917|nan|nan|nan|nan|nan|nan|nan|nan|nan|nan|nan|nan|nan|nan|nan|nan|nan|nan|nan
918|nan|nan|nan|nan|nan|nan|nan|nan|nan|nan|nan|nan|nan|nan|nan|nan|nan|nan|nan
919|nan|nan|nan|nan|nan|nan|nan|nan|nan|nan|nan|nan|nan|nan|nan|nan|nan|nan|nan
920|nan|nan|nan|nan|nan|nan|nan|nan|nan|nan|nan|nan|nan|nan|nan|nan|nan|nan|nan
921|nan|nan|nan|nan|nan|nan|nan|nan|nan|nan|nan|nan|nan|nan|nan|nan|nan|nan|nan
922|nan|nan|nan|nan|nan|nan|nan|nan|nan|nan|nan|nan|nan|nan|nan|nan|nan|nan|nan
923|nan|nan|nan|nan|nan|nan|nan|nan|nan|nan|nan|nan|nan|nan|nan|nan|nan|nan|nan
924|nan|nan|nan|nan|nan|nan|nan|nan|nan|nan|nan|nan|nan|-91.329386|nan|18.514660|nan|nan|nan
925|nan|nan|nan|nan|nan|nan|nan|nan|nan|nan|nan|nan|nan|-91.759902|nan|13.627486|nan|nan|nan
926|nan|nan|nan|nan|nan|nan|nan|nan|nan|nan|nan|nan|nan|-106.554130|nan|12.430237|nan|nan|nan
927|nan|nan|nan|nan|nan|nan|nan|nan|nan|nan|nan|nan|nan|-97.839024|nan|11.997012|nan|nan|nan
928|nan|nan|nan|nan|nan|nan|nan|nan|nan|nan|nan|nan|nan|-105.339074|15.841112|11.242589|nan|nan|nan
929|nan|nan|nan|nan|nan|nan|nan|nan|nan|nan|nan|nan|nan|-96.516298|15.841112|11.323141|nan|nan|nan
930|nan|nan|nan|nan|nan|nan|nan|nan|nan|nan|nan|nan|nan|-95.142399|15.841112|11.285678|nan|nan|nan
931|nan|nan|nan|nan|nan|nan|nan|nan|nan|nan|nan|nan|nan|-92.757106|15.841112|11.002635|nan|nan|nan
932|nan|nan|nan|nan|nan|nan|nan|nan|nan|nan|nan|nan|nan|-95.517167|15.841112|10.838820|nan|nan|nan
933|nan|nan|nan|nan|28.761346|nan|nan|nan|nan|nan|nan|nan|nan|-86.598581|15.841112|11.077761|nan|nan|nan
934|nan|nan|nan|nan|29.539834|nan|nan|nan|nan|nan|nan|nan|nan|-73.484035|15.841112|11.628453|nan|nan|nan
935|nan|nan|nan|nan|30.810395|nan|nan|nan|nan|15.955322|nan|nan|nan|-73.102171|15.841112|11.800741|nan|nan|nan
936|nan|nan|nan|nan|32.141313|nan|nan|nan|nan|0.995750|nan|nan|nan|-73.128463|15.841112|11.829277|nan|nan|nan
937|nan|nan|nan|nan|33.769185|nan|nan|nan|nan|13.367771|nan|nan|nan|-65.110077|15.841112|11.899044|nan|nan|nan
938|nan|nan|nan|nan|35.190722|nan|nan|nan|nan|10.300421|nan|nan|nan|-85.576033|15.841112|11.230957|nan|nan|nan
939|nan|nan|nan|nan|33.241246|nan|nan|nan|nan|-20.227976|nan|nan|nan|-139.792368|-0.160350|-7.545459|nan|nan|nan
940|nan|nan|nan|nan|30.472367|nan|nan|nan|nan|-31.223150|nan|nan|nan|-142.327397|-18.243241|-26.939141|nan|nan|nan
941|nan|nan|nan|nan|28.183044|nan|nan|nan|nan|-52.910960|nan|nan|nan|-146.524753|-18.243241|-28.629274|nan|nan|nan
942|nan|nan|nan|nan|26.389433|nan|nan|nan|nan|-57.143224|nan|nan|nan|-138.017633|-18.243241|-29.672621|nan|nan|nan
943|nan|-33.324046|nan|nan|25.045084|nan|nan|nan|nan|-44.455575|nan|nan|nan|-139.166425|-18.243241|-30.813822|-0.036275|nan|nan
944|nan|-33.349355|nan|nan|23.904798|nan|nan|nan|nan|-33.795268|nan|nan|nan|-124.206685|-18.243241|-30.941026|-0.033909|nan|nan
945|nan|-32.751202|nan|nan|23.272971|nan|nan|nan|nan|-35.887906|nan|nan|nan|-118.957600|-18.243241|-31.197803|-0.033119|nan|nan
946|nan|-31.096621|nan|nan|23.135546|nan|nan|nan|nan|-25.498093|nan|nan|nan|-103.695962|-18.243241|-31.091207|-0.030674|nan|nan
947|nan|-29.669576|nan|nan|22.958698|nan|nan|nan|nan|-22.040931|nan|nan|nan|-100.769285|-18.243241|-30.702057|-0.030122|nan|nan
948|nan|-28.119346|nan|-59.758615|22.887906|nan|nan|nan|nan|-40.065353|nan|nan|nan|-95.188263|-18.243241|-30.250663|-0.029140|nan|nan
949|nan|-26.017512|nan|-43.635982|23.067796|nan|nan|nan|nan|-56.653786|nan|nan|nan|-80.241332|-18.243241|-29.448303|-0.026688|nan|nan
950|nan|-24.209968|nan|nan|23.289173|nan|nan|nan|nan|-47.551163|nan|nan|nan|-78.093957|-18.243241|-28.689003|-0.026365|nan|nan
951|nan|-22.673200|nan|-43.331522|23.617363|nan|nan|nan|nan|-53.042131|nan|nan|nan|-78.369433|-18.243241|-28.126169|-0.026420|nan|nan
952|nan|-21.508214|nan|-48.038064|24.157578|nan|nan|nan|nan|-58.449817|nan|nan|nan|-83.229266|-18.243241|-28.031139|-0.027274|nan|nan
953|nan|-20.600549|nan|-49.852452|24.624970|nan|-95.464187|nan|nan|-58.523282|nan|nan|nan|-84.715821|-18.243241|-27.841081|-0.027526|nan|nan
954|nan|-20.207234|nan|-57.409564|24.954061|nan|-102.655187|nan|nan|-56.711605|nan|nan|nan|-92.447959|-18.243241|-27.886742|-0.028859|nan|nan
955|nan|-19.970423|nan|-59.547483|25.120489|nan|-105.443533|nan|nan|-50.537335|nan|nan|nan|-94.532477|-18.243241|-25.561351|-0.029225|nan|nan
956|nan|-19.625591|nan|-56.102414|25.491928|nan|-116.450165|nan|nan|-42.641662|nan|nan|nan|-90.987921|-18.243241|-20.246690|-0.028657|nan|nan
957|nan|-18.955061|nan|-43.317926|25.987811|nan|-95.904453|nan|nan|-32.721652|nan|nan|nan|-78.651482|-18.243241|-14.257352|-0.026640|nan|nan
958|nan|-18.219876|nan|nan|26.638475|nan|-96.638228|nan|nan|-23.336247|nan|nan|nan|-71.705984|-18.243241|-10.578728|-0.025519|nan|nan
959|nan|-17.457029|nan|-33.728865|27.532930|-55.683650|-84.310800|-0.156941|nan|-7.199464|nan|nan|nan|-68.451162|-18.243241|-0.540499|-0.024938|nan|nan
1000|nan|-16.162487|nan|-10.428246|28.605389|-54.087702|-60.169588|-0.089781|nan|5.245952|nan|nan|nan|-44.751897|-18.243241|11.755571|-0.021124|nan|nan
1001|nan|-14.804597|nan|-1.639487|29.705031|-52.411643|-47.622027|-0.060722|nan|9.960256|nan|-138.307700|nan|-33.976090|-18.243241|12.648855|-0.019519|nan|nan
1002|nan|-13.737346|nan|-9.371297|31.011159|-51.207269|-58.261771|-0.054114|nan|3.344999|nan|-136.910186|nan|-41.297422|-18.243241|16.014543|-0.020876|nan|nan
1003|nan|-12.489508|nan|-1.056073|32.224073|-49.828310|-42.705732|-0.044845|nan|1.817611|nan|-135.220202|nan|-33.164432|-18.243241|23.832109|-0.019663|nan|nan
1004|nan|-11.500854|nan|-7.427266|33.584550|-48.677731|-35.147844|-0.112743|nan|-7.187129|nan|-134.093845|nan|-36.892092|-18.243241|25.150484|-0.020363|nan|nan
1005|nan|-10.387652|nan|4.316284|33.821651|-47.193231|-26.049029|-0.090215|nan|-39.816352|nan|-132.745148|nan|-24.593852|-18.243241|25.903713|-0.018740|nan|nan
1006|nan|-9.557433|nan|-1.842646|34.327826|-46.087880|-32.286120|-0.091966|nan|-30.274535|nan|-131.659330|nan|-29.514631|-18.243241|26.088253|-0.019625|nan|nan
1007|nan|-9.060046|nan|-14.044294|35.066270|-45.411243|-37.716059|-0.114944|nan|-41.832787|nan|-130.819202|nan|-40.176191|-18.243241|25.980274|-0.021653|nan|nan
1008|nan|-8.810261|nan|-24.110814|36.270139|-45.134232|-68.974893|-0.172175|nan|-42.321981|nan|-130.496842|nan|-49.679932|-18.243241|25.491249|-0.023361|nan|nan
1009|nan|-8.527542|nan|-20.735037|36.586912|-44.605678|-121.146328|-0.185005|nan|-57.366651|nan|-130.428395|nan|-45.116061|-18.243241|25.633468|-0.022883|nan|nan
1010|nan|-8.250120|nan|-14.502420|36.635634|-43.905954|-118.357982|-0.207413|nan|-34.107978|nan|-130.183928|nan|-37.997335|-15.842463|32.250619|-0.021838|nan|nan
1011|nan|-7.968714|nan|-12.643767|36.889544|-43.232854|-120.412552|-0.207874|nan|-31.152481|nan|-129.743255|nan|-34.023206|-10.430091|32.408410|-0.021359|nan|nan
1012|nan|-7.413968|nan|3.340913|36.471046|-42.062240|-97.518759|-0.188391|nan|-25.685791|nan|-129.034579|nan|-16.718340|-4.788299|33.202273|-0.018839|nan|nan
1013|nan|-6.949014|nan|nan|36.149033|-40.891265|-95.170677|-0.166075|nan|-18.721520|nan|-127.715551|nan|-10.262337|-1.493191|33.868170|-0.018175|nan|nan
1014|nan|-6.458614|nan|12.142645|37.179336|-39.659026|-76.606157|-0.152876|nan|-14.449599|nan|-124.734367|nan|-3.715759|8.291812|34.580082|-0.017461|nan|nan
1030|nan|-6.265280|nan|nan|38.871127|-38.863601|-81.815963|-0.143217|nan|17.150761|nan|-121.936180|nan|-11.983625|19.362494|34.704126|-0.019146|nan|nan
1031|nan|-5.876380|nan|9.430030|39.912396|-37.796399|-59.215680|-0.132656|nan|0.580527|nan|-118.915514|nan|-1.711006|19.362494|25.569038|-0.017830|nan|nan
1032|nan|-5.539441|nan|10.300017|41.136476|-36.821882|-53.932497|-0.135512|nan|7.246676|nan|-116.281158|nan|2.436213|22.412557|25.894403|-0.017509|nan|nan
1033|-51.711777|-5.262679|nan|6.611612|42.374584|-36.024363|-51.657792|-0.135512|nan|-10.857485|nan|-113.754799|nan|0.915831|27.354011|26.011961|-0.018123|nan|nan
1034|-56.075022|-5.048253|nan|1.941840|43.726905|-35.391086|-40.944671|-0.135570|nan|-0.353144|nan|-111.802997|nan|-0.971440|27.354011|25.965817|-0.018797|nan|nan
1035|-67.608475|-5.032790|nan|-8.368390|45.045061|-35.082677|-50.190241|-0.135570|nan|-17.501490|nan|-110.307356|nan|-10.140618|27.354011|25.638512|-0.020676|nan|nan
1036|-76.947052|-4.969928|nan|-17.453136|46.356373|-35.029608|-59.582567|-0.198087|nan|-21.168624|nan|-109.464600|nan|-17.181848|27.354011|25.095475|-0.022199|nan|nan
1037|-76.634191|-5.015776|nan|-15.621092|47.453995|-34.882284|-64.278730|-0.215620|nan|-15.891658|nan|-108.658493|nan|-14.393739|27.354011|24.851902|-0.022137|nan|nan
1038|-76.066975|-4.843217|nan|nan|48.494830|-34.542223|-65.306016|-0.230958|nan|-11.965281|nan|-107.986342|nan|-12.203995|27.354011|24.691267|-0.022062|nan|nan
1039|-77.271297|-4.143274|nan|-18.379066|49.574302|-34.265888|-74.624964|-0.251421|nan|-6.689784|nan|-107.688065|nan|-12.001314|27.354011|24.443466|-0.022296|nan|nan
1040|-86.514152|-3.301878|nan|-27.320141|50.872136|-34.209972|-86.145238|-0.252743|nan|-23.442857|nan|-107.582615|nan|-20.664149|27.354011|23.976669|-0.023871|nan|nan
1041|-80.908655|-2.417708|nan|-21.181974|51.639704|-33.663003|-77.339933|-0.251594|nan|-0.556694|nan|-107.269178|nan|-15.126231|27.354011|23.959731|-0.022276|nan|nan
1042|-75.962448|-1.640203|nan|nan|52.336129|-33.154825|-60.536476|-0.253568|nan|2.720386|nan|-106.677145|nan|-9.895468|27.354011|23.986670|-0.021491|nan|nan
1043|-78.029451|-0.997621|nan|-19.962977|53.280849|-32.595528|-56.133823|-0.254231|nan|0.952990|nan|-106.056435|nan|-12.025934|27.354011|23.893716|-0.019634|nan|-132.157930
1044|-67.841681|-0.247792|nan|-9.078433|53.596541|-31.826745|-42.705731|-0.254445|nan|3.073570|nan|-104.903976|nan|-2.173641|27.354011|24.323601|-0.017290|nan|-132.138532
1045|-57.628233|0.439120|nan|1.324278|53.988802|-30.869852|-9.979347|-0.253535|nan|6.760093|nan|-103.435622|nan|7.717228|27.354011|24.849078|-0.013259|nan|-132.117570
1046|-60.315162|0.785504|nan|-2.797687|54.732495|-30.141637|-3.375367|-0.254802|nan|11.348239|-10.735795|-102.159879|nan|4.138095|27.354011|35.980187|-0.013263|nan|-132.084579
1047|-72.193580|0.952679|nan|-14.996314|55.637804|-29.679955|-23.627570|-0.266273|nan|0.884108|-22.169996|-101.595984|nan|-8.057677|27.354011|41.226005|-0.014344|nan|-132.055860
1048|-73.461940|1.032794|nan|-15.401160|55.999641|-29.303959|-17.904121|-0.233542|nan|-11.764489|-23.609068|-101.280531|nan|-9.391480|27.354011|42.529075|-0.014450|nan|-132.062451
1049|-78.175660|0.777753|nan|-21.397743|56.387726|-29.304929|-27.002937|-0.232815|nan|-20.792781|-28.346795|-101.207414|nan|-14.311763|27.354011|42.287218|-0.015274|nan|-132.075024
1050|-80.732387|0.519614|nan|-24.382109|56.696294|-29.365951|-20.032070|-0.247790|nan|-15.470479|-31.579260|-101.799347|nan|-17.325669|27.354011|41.976942|-0.015731|nan|-132.079809
1051|-76.040051|0.389689|-3397.143559|-18.592525|56.512229|-29.243785|-20.765845|-0.257194|-25.623577|-19.979042|-27.427238|-102.505976|-37.464917|-13.084288|27.354011|41.924590|-0.014969|nan|-132.081963
1052|-74.442710|0.302152|-3362.223969|nan|56.291630|-29.187322|-31.405590|-0.252596|-24.714690|-18.736606|-25.926925|-102.915877|-36.397366|-11.652038|27.354011|41.920468|-0.014725|nan|-131.994415
1053|-77.956882|0.215732|-3310.286867|-22.047660|56.198049|-28.877722|-45.273945|-0.235733|-37.263232|-3.131531|-29.158419|-103.507543|-50.146243|-16.036685|27.354011|41.800219|-0.015342|nan|-131.894154
1054|-79.203765|0.280059|-3264.471537|-23.595478|56.422759|-27.705313|-43.953150|-0.232294|-67.443493|3.635605|-30.560754|-104.021384|-81.767172|-18.099983|27.354011|41.590690|-0.015603|nan|-131.817259
1055|-87.739182|0.260386|-3238.857768|-32.145359|57.397142|-26.699485|-46.594742|-0.230831|-63.122507|8.633725|-39.709374|-105.096917|-90.645855|-27.390605|27.354011|41.160061|-0.016504|nan|-131.753285
1056|-88.420655|0.208661|-3213.721832|nan|57.557240|-25.579917|-44.833680|-0.234961|-74.622170|-7.937784|-41.107853|-105.966572|-92.146518|-29.475349|27.354011|40.869527|-0.014641|nan|-131.620461
1057|-85.310236|0.086931|-3194.692879|nan|57.635041|-24.503780|-27.149692|-0.248987|-70.460911|9.569318|-39.078590|-106.376041|-89.504926|-28.220134|27.354011|40.691855|-0.013038|nan|-131.475664
1058|-82.280975|-0.095726|-3179.361393|-27.228266|56.908872|-23.267603|-20.692468|-0.264816|-75.566743|12.311876|-37.185077|-106.424506|-90.610090|-26.676248|27.354011|40.758284|-0.011998|nan|-131.309873
1059|-88.204172|-0.501200|-3157.810976|-34.448168|57.068518|-22.520673|-22.893794|-0.281476|-66.983297|12.395935|-44.452483|-106.710060|-97.067314|-34.379660|27.354011|40.399201|-0.012201|nan|-131.117116
1100|-101.262549|-1.267468|-3135.300895|-47.991002|57.279060|-22.249362|-46.521364|-0.305358|-75.757470|-5.184896|-58.854089|-107.544240|-110.642160|-49.253074|27.354011|45.288044|-0.016814|nan|-130.945315
1101|-105.246315|-2.218156|-3118.413480|nan|56.749849|-22.212316|-43.145997|-0.336977|-77.274167|-11.603898|-64.328591|-108.579252|-115.118190|-54.672118|36.570699|30.505276|-0.018383|nan|-130.764587
1102|-116.041746|-3.286434|-3103.350935|-63.703321|56.722472|-22.616131|-52.464946|-0.360402|-75.858923|-12.791991|-76.802704|-110.299299|-126.344955|-67.242619|36.455045|29.229681|-0.022250|nan|-130.547394
1103|-119.239919|-4.401733|-3098.723108|-66.902948|55.759358|-22.896204|-59.729322|-0.374984|-84.815427|-37.726535|-81.610558|-112.176504|-129.940454|-72.027222|7.859546|0.275238|-0.023549|nan|-130.286244
1104|-124.056892|-5.583624|-3096.350781|-72.399400|55.492033|-23.763980|-68.901516|-0.398351|-73.310178|-33.871327|-88.082157|-114.301521|-135.076883|-78.969255|7.859546|-0.838442|-0.025389|nan|-130.083815
1105|-121.957345|-6.605408|-3091.077472|-70.074924|54.766596|-24.399845|-78.293841|-0.412682|-74.757077|-46.188811|-87.402563|-116.075100|-133.242444|-78.535420|7.859546|-1.297672|-0.025088|nan|-129.989027
1106|-116.161862|-7.561195|-3082.710179|-65.618994|54.864302|-24.906266|-81.815963|-0.386772|-67.979381|-34.933070|-82.918254|-117.881635|-127.665750|-74.474330|7.859546|-1.701837|-0.024158|nan|-129.894239
1107|-115.593924|-8.287779|-3080.392321|-63.740709|54.513705|-25.184397|-81.082188|-0.388555|-73.372829|-44.083590|-83.612499|-119.669260|-127.298863|-75.556292|7.859546|-1.750518|-0.024103|nan|-129.675066
1108|-102.703749|-8.670955|-3095.812917|-51.553573|54.095734|-25.058994|-67.947607|-0.385888|-62.919517|-31.147476|-71.884141|-121.061584|-108.284547|-64.287683|7.859546|-1.367119|-0.021974|nan|-129.577705
1109|-98.619057|-8.938298|-3112.491372|-48.288591|53.728293|-24.765934|-65.452770|-0.374552|-59.109172|-31.660201|-68.873654|-122.132595|-104.395537|-61.998304|7.859546|-1.112315|-0.021326|nan|-129.342441
1110|-97.690729|-9.223052|-3136.610784|nan|53.271324|-24.451091|-74.111321|-0.377157|-56.534729|-26.971661|-68.871549|-122.737860|-100.781762|-63.335280|7.859546|-0.960967|-0.021210|nan|-128.845282
1111|-96.754525|-9.553562|-3162.928380|-45.716663|52.427151|-24.095201|-68.020984|-0.381965|-57.881954|-24.519912|-68.798644|-123.064310|-97.087986|-64.552469|7.859546|-0.584523|-0.021092|nan|-128.325472
1112|-90.905923|-9.923758|-3194.516928|-40.072070|51.945573|-23.834012|-57.674751|-0.383885|-46.792549|-29.245052|-63.804548|-123.283473|-90.317915|-60.545373|7.859546|-0.190566|-0.020146|nan|-127.881797
1113|-81.681498|-10.188454|-3225.168690|-31.049777|51.518452|-23.473238|-50.997394|-0.382912|-38.487113|-20.840316|-55.372561|-123.342871|-77.932477|-52.671458|7.859546|0.366253|-0.018632|nan|-127.549474
1114|-46.441125|-9.849762|-3253.914028|3.318434|50.724420|-22.160738|-6.090336|-0.377594|-20.369375|-20.288055|-20.791440|-122.558089|-42.931388|-17.231372|7.859546|2.120613|-0.012740|nan|-127.519008
1115|-37.321311|-9.478678|-3281.088526|11.725614|50.044468|-21.234770|12.694315|-0.377212|2.829308|-9.929523|-12.250608|-121.289395|-34.052705|-7.844259|7.859546|3.404952|-0.011246|nan|-127.502285
1116|-45.962678|-9.287462|-3282.079982|2.461466|49.829959|-20.807324|0.807153|-0.375547|-3.728369|-19.890833|-21.472894|-120.433748|-42.931388|-16.309750|7.859546|4.153130|-0.012743|nan|-127.491692
1117|-45.354235|-9.128909|-3281.846625|3.211433|49.660838|-20.346577|-11.006632|-0.363149|-7.601145|-19.430258|-21.421867|-119.774594|-41.044500|-15.601099|7.859546|4.627522|-0.012683|nan|-127.487976
1118|-37.841577|-8.784470|-3282.526849|11.120570|49.139862|-19.814483|-5.283183|-0.392595|-2.177774|-11.939398|-14.413680|-118.929161|-33.780123|-7.796964|7.859546|15.042004|-0.011460|nan|-127.564871
1119|-43.026650|-8.582557|-3267.389872|5.173405|49.585474|-19.523095|-15.629418|-0.377109|-3.927041|-14.888568|-20.187735|-118.518271|-38.410062|-12.933274|7.859546|15.169847|-0.012376|nan|-127.641766
1120|-44.852127|-8.196277|-3253.095167|nan|49.902361|-19.445393|-20.398958|-0.363759|0.257718|-29.465452|-22.637716|-118.379229|-39.744633|-14.380960|7.859546|21.241538|-0.012724|nan|-127.724212
1121|-62.549216|-8.051930|-3224.372281|-14.726098|50.006754|-19.866612|-33.753671|-0.355969|-13.404723|-41.352744|-40.807776|-118.724330|-51.248754|-31.404203|7.859546|20.599111|-0.015743|nan|-127.842970
1122|-58.306924|-7.683768|-3166.045683|-10.225035|49.387266|-19.814865|-28.250355|-0.352845|-18.969966|-41.077324|-37.013743|-118.537968|-44.812989|-26.050924|7.859546|25.287531|-0.015064|nan|-127.961728
1123|-45.315230|-7.196341|-3096.187200|2.690989|49.120733|-19.268350|-19.151539|-0.345319|-15.962610|-26.062922|-24.387980|-117.837423|-31.965296|-11.963645|7.859546|33.514042|-0.012914|nan|-128.116276
1124|-48.988140|-6.873864|-3038.838547|-1.938271|49.068847|-19.017578|-24.581478|-0.338562|-7.451617|-1.398186|-28.399055|-117.111100|-27.614306|-15.006282|7.859546|34.814084|-0.013570|nan|-128.295503
1125|-49.586714|-6.384158|-2979.699940|-1.501841|48.700371|-18.814928|-34.267314|-0.326324|-7.860449|-4.417336|-29.117385|-116.372245|-28.421459|-14.383032|7.859546|34.869496|-0.013707|nan|-128.464674
1126|-53.938233|-6.062852|-2923.921534|-7.544862|48.754665|-18.842881|-39.917385|-0.319012|-9.849184|-10.840604|-33.647487|-115.958513|-32.970867|-17.644893|7.859546|38.408666|-0.014474|nan|-128.658560
1127|-51.632614|-5.749112|-2891.565596|-3.852012|48.624710|-19.008408|-35.147844|-0.297764|-0.123255|-14.829699|-31.570600|-115.705901|-30.842918|-14.082642|7.859546|38.415284|-0.014115|nan|-128.911624
1128|-49.708399|-5.433042|-2861.756223|-2.255442|48.173491|-19.146969|-30.891947|-0.292932|0.598480|-18.027228|-29.961971|-115.341723|-29.081857|-10.828554|7.859546|38.608720|-0.013817|nan|-129.223411
1129|-28.852398|-4.855767|-2848.835945|17.757568|47.033004|-18.742777|-16.656703|-0.277906|14.007236|-5.679682|-9.136406|-114.351133|-8.389389|11.823599|7.859546|37.276501|-0.010328|nan|-129.489417
1330|33.364210|-3.415500|-2839.642140|79.672767|47.707553|-16.543082|31.772477|-0.238882|46.887892|23.583707|53.680382|-111.448145|53.614637|78.653715|7.859546|39.887439|0.000122|nan|-129.763199
1331|31.403988|-2.448611|-2795.568863|76.838132|48.650333|-14.751115|25.095121|-0.195938|53.326563|13.835215|52.568765|-108.653019|51.413311|80.638267|7.859546|41.762867|-0.000249|nan|-130.036981
1332|34.536914|-1.232910|-2698.977881|80.552677|49.494235|-13.043748|16.730080|-0.151250|51.548290|14.675997|56.937197|-105.938418|54.275035|87.897470|7.859546|43.349312|0.000233|nan|-130.384490
1333|29.194150|-0.113364|-2597.823008|74.972328|50.536879|-11.520987|7.264377|-0.108052|43.358764|11.148758|52.659646|-103.447820|56.244831|86.608960|17.557556|44.537421|-0.000755|nan|-130.629734
1334|25.730831|0.943326|-2497.734902|70.080875|51.521525|-10.182139|-1.907817|-0.066571|38.442997|3.214387|50.509226|-100.985797|55.729066|87.512698|17.557556|45.246497|-0.001434|nan|-130.976196
1335|38.036423|2.219640|-2406.351359|82.130804|52.199577|-8.235930|11.593652|-0.021709|33.707664|8.830023|64.341854|-97.987877|67.396096|104.681776|23.501137|46.649950|0.000529|nan|-131.575612
1336|46.072560|3.399050|-2311.378460|nan|53.841009|-6.222344|24.508101|0.019286|38.726096|15.593588|74.059861|-94.725038|79.613851|117.383621|23.501137|47.502223|0.001763|nan|-132.200338
1337|29.042301|4.210104|-2208.199725|71.468427|55.311738|-4.794433|7.117622|0.052884|28.729742|5.208570|58.774181|-91.659894|61.856485|104.753761|28.195453|47.606211|-0.001223|nan|-132.750995
1338|19.809701|4.940621|-2041.709506|62.223768|57.275373|-3.554597|9.832591|0.080667|16.670397|3.755891|51.159485|-88.720796|51.877138|99.620267|36.084463|47.739894|-0.002900|nan|-133.164577
1339|33.284408|5.870311|-1889.503470|74.528682|58.698133|-1.983268|26.415917|0.116001|21.286412|17.532645|66.411296|-85.172975|64.571454|115.834466|37.552014|48.202880|-0.000766|nan|-133.273339
1340|20.009923|6.553663|-1737.816725|60.097017|60.484018|-0.794967|13.061203|0.142254|11.358930|52.378759|54.761321|-82.113483|47.442965|104.355158|37.552014|47.840672|-0.003134|nan|-133.373937
1341|-12.650265|6.728099|-1598.626576|26.686922|61.750626|-0.608171|-19.665182|0.156477|-6.099888|29.300582|23.437175|-80.172547|13.982804|73.874548|39.039182|46.530527|-0.008756|nan|-133.467268
1342|-26.532149|6.758119|-1478.598007|nan|62.867350|-0.751423|-28.690620|0.168944|-17.815398|23.655264|10.704887|-78.603179|-0.692705|62.252664|39.039182|45.264718|-0.011221|nan|-133.556201
1343|-39.698698|6.584610|-1347.638332|-2.025922|63.834693|-1.192474|-33.606916|0.177492|-25.755448|17.189973|-1.570723|-77.738795|-14.634439|51.401592|39.039182|43.740825|-0.013564|nan|-133.626713
1344|-50.910261|6.304590|-1207.962991|-14.365593|64.369030|-1.962200|-10.566367|0.180516|-28.036663|9.169770|-12.269179|-77.277715|-26.594979|42.383567|39.039182|52.469880|-0.015573|nan|-133.534543
1345|-44.247763|6.344094|-1081.880363|-7.267628|64.825109|-2.648182|4.255898|0.180940|-20.573417|23.158407|-5.249275|-76.670869|-20.651397|51.565959|39.039182|51.491357|-0.014573|nan|-133.472744
1346|-75.711284|5.850168|-963.992040|-40.073424|65.238318|-4.124190|-36.762150|0.208561|-41.272111|6.650904|-36.529621|-76.897808|-52.790762|21.693338|39.039182|45.649088|-0.019972|nan|-133.237725
1347|-65.356826|5.798961|-823.828962|-30.208562|65.139326|-4.761565|-26.709426|0.211157|-46.227284|-2.884791|-25.903179|-77.029734|-43.104926|34.252756|32.658037|32.570815|-0.018344|nan|-132.711642
1348|-65.584796|5.834638|-696.841068|-31.475913|65.339046|-5.484843|-20.325580|0.234897|-37.106130|7.919669|-26.010618|-77.520668|-43.985457|35.630422|32.658037|31.687060|-0.018491|nan|-132.077741
1349|-76.601095|5.640663|-609.242627|-43.046269|65.567515|-6.337347|-37.422549|0.264069|-46.853498|6.622512|-37.106901|-79.280437|-55.652487|25.734973|32.658037|30.700588|-0.020245|nan|-131.560856
1350|-78.443682|5.563728|-550.101255|-44.768861|65.220145|-7.027900|-41.971956|0.289950|-51.588334|-14.354651|-39.054462|-81.270674|-59.347323|24.030900|32.658037|30.107101|-0.019842|nan|-131.006479
1351|-76.919055|5.354338|-512.900294|nan|64.844792|-7.699073|-58.995547|0.310146|-46.948479|-20.163286|-37.499127|-82.873411|-58.466793|24.922865|32.658037|29.673737|-0.019692|nan|-130.453737
1352|-84.210281|5.065589|-491.719202|-52.965038|64.172548|-8.511113|-62.884557|0.348876|-51.512579|-29.643863|-44.830178|-84.524223|-66.391568|16.528779|32.223817|28.782503|-0.018941|nan|-130.072565
1353|-84.109442|4.644903|-488.965146|-52.328602|63.607320|-9.199036|-50.630506|0.403346|-52.265884|-33.238308|-44.881693|-86.357964|-66.905210|15.450037|31.710175|27.952629|-0.018405|nan|-129.692931
1354|-72.610706|4.334371|-531.940903|-41.779256|62.833545|-9.454160|-43.586262|0.417749|-48.131956|-31.055794|-33.356661|-87.710593|-56.291956|25.453144|31.710175|28.211637|-0.016465|nan|-129.482585
1355|-78.310774|3.819493|-555.178896|-48.374001|62.636996|-9.863900|-50.630507|0.412512|-49.403688|-19.696630|-39.111705|-89.120685|-66.209048|14.360937|31.710175|27.839958|-0.017396|nan|-129.206077
1356|-74.800542|3.530366|-587.284163|-44.882926|61.932509|-10.037734|-52.171435|0.411225|-49.676211|-12.503256|-35.389660|-89.939690|-63.200568|12.639301|31.710175|27.903146|-0.016692|nan|-128.553714
1357|-49.880108|3.566644|-627.644448|-20.597595|61.833992|-9.602864|-25.608763|0.400623|-32.682495|16.496537|-10.123942|-90.207341|-38.765845|33.282389|31.710175|28.612938|-0.012589|nan|-127.359434
1358|-54.130468|3.282787|-681.342757|-25.675519|61.968738|-9.473418|-28.543865|0.403922|-28.577653|7.187469|-14.129263|-90.971516|-43.462008|24.377924|31.710175|28.742447|-0.013380|nan|-126.136850
1359|-45.757903|2.862126|-728.306473|-16.899992|61.644383|-8.984721|0.073378|0.402451|-30.093882|4.921463|-5.612724|-91.417629|-38.337233|28.390208|31.710175|29.186415|-0.012049|nan|-124.910190
1400|-38.682114|2.304472|-770.580658|-10.285114|61.736911|-8.119945|68.681383|0.384822|-32.688237|11.998962|1.134066|-91.653537|-39.493254|31.400413|31.710175|29.716897|-0.010941|nan|-123.722640
1401|-24.163937|2.128198|-802.082571|3.435579|61.688400|-6.864213|80.495168|0.369101|-22.594128|28.258113|15.215569|-91.367049|-25.558143|41.838844|31.710175|30.462519|-0.008587|nan|-122.486418
1402|-19.344948|1.978330|-824.778910|nan|62.032381|-5.451989|87.612790|0.351621|-25.778896|32.118311|19.423736|-91.040521|-30.982245|42.729965|31.710175|30.905817|-0.007873|nan|-121.207123
1403|-20.067391|1.788931|-861.100302|5.357997|62.510595|-4.034169|80.421790|0.333711|-20.379358|23.763010|18.004444|-90.806282|-32.303041|38.294392|31.710175|31.261581|-0.008096|nan|-119.295107
1404|-23.434805|1.563144|-897.005019|1.645030|63.601857|-2.736562|72.350260|0.318926|-31.693455|26.940430|13.596621|-91.230536|-41.538806|30.828633|31.710175|31.237072|-0.008777|nan|-117.530790
1405|-21.611984|1.501276|-922.518793|3.734372|63.002354|-1.401577|85.117953|0.301068|-27.714459|18.424799|13.600536|-93.321549|-40.438143|28.423595|31.710175|31.377374|-0.008593|nan|-115.774387
1406|-19.153459|1.649854|-957.647072|4.104247|62.396351|-0.201436|94.143391|0.282102|-25.148447|-1.013116|13.867876|-95.266651|-38.750460|26.819308|31.710175|31.337051|-0.008311|nan|-114.203970
1407|-18.941463|1.906547|-988.690120|4.868022|61.567672|0.979737|75.799005|0.269636|-22.855802|-1.600172|11.623926|-97.260298|-39.337480|23.334177|31.710175|31.309972|-0.008410|nan|-112.852634
1408|-17.395879|1.988552|-1001.084090|nan|60.629651|1.958737|66.553434|0.258661|-18.603032|-7.582767|10.648578|-98.987833|-38.603704|20.748631|31.710175|33.611427|-0.008287|nan|-111.403164
1409|-9.228394|2.167242|-1006.857413|12.589400|59.218343|3.101504|86.585504|0.242047|-17.266286|-6.721312|16.086219|-100.388268|-31.265950|25.456138|31.710175|39.409962|-0.007053|nan|-109.892679
1410|-8.085762|2.359916|-1010.091611|nan|58.121733|4.212397|72.790525|0.235514|-18.812440|-6.345067|14.396254|-102.085864|-30.972440|22.776597|31.710175|39.645509|-0.007003|nan|-108.502528
1411|-4.660407|2.627206|-1011.064393|nan|56.366547|5.331818|41.898578|0.234618|-14.486584|-7.600893|15.121826|-103.928865|-28.404226|22.876183|31.710175|35.417079|-0.006571|nan|-107.685552
1412|-2.685821|2.894816|-1012.035538|16.881969|54.498686|6.410254|28.323733|0.243020|-15.224234|-25.339514|14.632323|-105.235321|-27.303562|22.452247|26.216438|26.810625|-0.006385|nan|-107.678175
1413|-6.065313|3.048550|-999.494109|11.637960|53.435721|7.130059|10.126101|0.242412|-13.560469|-6.176825|8.976383|-106.363535|-31.559460|15.171748|26.216438|26.724660|-0.007101|nan|-107.673843
1414|-11.551098|2.891397|-975.278064|6.314223|52.152855|7.158409|-8.144908|0.239257|-3.871613|-25.681279|1.282713|-108.023572|-34.509929|7.200218|26.216438|26.651502|-0.008162|nan|-107.686156
1415|-9.867281|1.902555|-952.307188|nan|50.842402|7.051354|-1.320795|0.238240|-4.350744|-34.927744|0.858849|-109.279990|-33.629398|7.958094|26.216438|26.589212|-0.008013|nan|-107.707596
1416|-27.580847|0.566073|-928.941390|-12.096627|50.725639|6.510346|-51.951302|0.176599|-16.520203|-30.389159|-18.629145|-110.112928|-49.240540|-10.968682|26.216438|25.766917|-0.011123|nan|-107.706471
1417|-34.311042|-0.806044|-895.988616|nan|50.393563|5.947216|-49.749976|0.212719|-27.685387|-30.141845|-27.059727|-110.745948|-53.925050|-17.631157|26.216438|25.283817|-0.012382|nan|-107.715475
1418|-31.976165|-2.045095|-852.609444|nan|50.447365|5.273262|-49.016201|0.193281|-19.670744|-25.318000|-26.182466|-110.965242|-52.310744|-14.954137|26.216438|24.763675|-0.012110|nan|-107.728236
1419|-25.760587|-3.093976|-812.526776|-11.959769|50.293745|4.935081|-55.179915|0.143198|-23.127092|-14.435762|-20.933462|-110.747081|-46.807428|-8.388108|26.216438|24.682295|-0.011184|nan|-107.739016
1420|-25.416379|-4.189555|-776.734786|-13.386085|50.357563|4.587872|-58.041638|0.125287|-20.454989|-1.148674|-21.419439|-110.778844|-44.374315|-7.294140|26.216438|24.483042|-0.011245|nan|-107.831251
1421|-19.761475|-5.360740|-743.055431|-7.462375|50.119023|4.755597|-52.244813|0.110213|-28.498693|-14.130798|-16.349008|-109.811332|-38.498020|0.127453|26.216438|24.655618|-0.010418|-544475.611405|-107.927390
1422|-20.490919|-6.356188|-726.817013|nan|50.383976|4.831594|-61.637139|0.067137|-22.364899|9.136362|-17.694493|-109.169255|-36.845571|-0.253264|26.216438|24.808882|-0.010664|-497345.586804|-107.966409
1423|-16.179989|-7.000195|-720.311579|nan|50.383234|4.753726|-58.555281|0.009725|-13.090407|5.891596|-13.843964|-108.420548|-26.610071|3.989649|26.216438|24.945249|-0.010059|-403571.959569|-108.013278
1424|-4.733859|-7.574418|-730.839347|5.279714|49.830558|5.080858|-36.908905|0.012375|-12.377621|4.092813|-2.833559|-107.107914|-15.896949|16.221040|26.216438|25.528342|-0.008258|-251746.333202|-108.071951
1425|-0.615929|-8.023257|-736.358934|7.818817|49.890526|5.387804|-39.770630|0.020155|-3.561582|23.041657|0.921152|-105.665215|-12.521582|20.149052|26.216438|25.838073|-0.007690|-251733.311634|-108.151126
1426|12.634858|-7.741457|-738.535968|21.026416|49.317886|6.229509|-24.287967|0.048034|-3.568407|2.158383|13.758029|-103.938606|-0.047399|33.679898|20.912601|21.549865|-0.005592|-246011.098020|-108.247265
1427|34.294184|-6.916926|-729.428885|41.932600|49.982175|7.417536|20.985979|0.076541|16.149808|22.108642|35.008249|-101.435462|20.791824|55.816139|20.912601|22.643287|-0.002089|-241244.194292|-108.332537
1428|33.823322|-6.028436|-717.812535|39.844030|50.819889|8.411061|14.969020|0.106386|19.629348|16.854513|34.240303|-98.991640|19.471028|55.746906|20.912601|23.322994|-0.002310|-195085.028581|-108.422211
1429|22.484652|-5.164597|-705.843917|27.634611|51.657904|8.680138|10.713122|0.118957|22.088674|15.462260|22.399253|-97.218716|7.290355|44.880296|20.912601|23.517671|-0.004358|-186519.975394|-108.551084
1430|16.703166|-4.500065|-697.086381|21.086091|51.933148|7.769854|10.786500|0.130484|40.438409|-8.669919|16.214892|-95.471128|0.759754|39.851258|20.912601|23.638898|-0.005455|-21412.246154|-108.679958
1431|16.356825|-3.487263|-680.280369|nan|52.359892|6.847642|23.774325|0.139554|37.970787|9.070246|15.363934|-93.821281|7.252468|40.138034|20.912601|23.701320|-0.005628|-21413.235164|-108.767334
1432|8.815311|-2.611094|-650.092607|12.225116|52.749672|5.606679|19.885315|0.143277|36.466551|-0.344330|7.190867|-93.074200|0.227560|33.369689|20.912601|23.409381|-0.006996|-21414.619782|-108.848745
1433|-2.031327|-2.065952|-606.725375|0.540554|52.787452|4.219833|7.191000|0.143631|27.813369|-19.908313|-4.232270|-92.532884|-11.145959|23.247733|20.912601|22.997963|-0.008907|-21416.281319|-108.911003
1434|10.693076|-1.119396|-548.455675|13.641460|52.651946|3.280992|15.409285|0.152068|33.187083|5.539577|8.186222|-91.850746|1.668091|36.869194|20.912601|23.113479|-0.006848|-21418.298903|-108.956772
1435|10.477645|-0.213417|-470.151452|12.206872|52.620423|2.063675|15.922928|0.160080|47.160399|3.242124|8.122982|-91.337271|1.081071|37.262844|20.912601|23.023812|-0.006946|-19992.516923|-109.018313
1436|6.797488|0.576365|-395.829426|nan|52.329170|0.652677|13.648223|0.165291|41.918011|12.724642|4.802938|-91.289603|-0.401317|34.365898|20.912601|22.928792|-0.007612|-19994.916924|-109.022018
1437|-0.252807|1.352531|-327.726670|1.401358|52.141213|-0.750258|5.796826|0.165472|35.454978|16.721591|-1.793630|-91.548426|-5.185694|27.882605|20.912601|22.369176|-0.008833|-19997.390771|-109.021344
1438|-5.463294|2.098867|-251.915309|nan|51.838424|-2.044866|1.174041|0.170804|32.337745|17.114085|-6.474463|-91.907475|0.177745|22.944901|20.912601|21.914843|-0.009098|-19999.864614|-108.894816
1439|-7.238585|2.701810|-172.284749|nan|51.524737|-3.606964|6.677357|0.155990|39.143643|7.997439|-7.693528|-92.191488|21.703307|21.455595|20.912601|21.394271|-0.009407|52862.932747|-108.636300
1440|-8.923550|3.243905|-89.210309|-6.634741|51.094074|-4.870081|5.283183|0.155990|27.855623|10.870471|-8.633922|-92.529158|20.015623|19.946952|20.912601|21.135817|-0.009244|128121.330119|-108.370777
1441|-16.568227|3.649358|-14.594621|-15.105315|50.965852|-5.842855|0.220132|0.172753|14.703685|9.588098|-15.545357|-93.137683|9.264358|12.016654|20.912601|50.485257|-0.007246|182906.204836|-108.138439
1442|-18.931617|3.713135|79.115936|-16.931872|50.651323|-6.447242|-1.027285|0.169160|5.955267|-13.829130|-17.251989|-93.803758|4.116277|9.944539|20.912601|50.277962|-0.007640|211494.667244|-107.798819
1443|-21.143621|3.665865|170.288257|-19.660319|51.246453|-6.993199|-7.484510|0.222027|2.474613|-8.179363|-18.858031|-94.537200|-5.685050|7.498345|20.912601|49.662207|-0.006674|211497.399549|-107.347820
1444|-23.038874|3.584042|251.077203|-20.698113|52.039967|-7.261156|-15.702795|0.230948|-4.632866|-6.714352|-20.138828|-95.499099|-11.192866|5.522180|20.912601|49.350088|-0.007199|211494.276915|-106.931842
1445|-26.607136|3.290151|323.554648|-25.599865|52.914956|-7.704160|-18.417764|0.240631|-5.588366|-9.278707|-23.239054|-96.549361|-14.788366|1.433170|20.912601|48.971132|-0.008470|211485.299341|-106.549750
1446|-29.760309|2.756456|376.246669|-28.834646|54.023390|-7.675415|-40.137518|0.245728|-22.095969|-10.765652|-26.099908|-97.732214|-33.056978|-2.379527|20.912601|48.544456|-0.009621|211472.028146|-106.175138
1447|-31.079879|2.089718|422.712654|nan|55.345985|-7.781826|-49.016201|0.166281|-12.690142|-14.502146|-27.280322|-98.975898|-34.451151|-4.535145|20.912601|48.239403|-0.010154|211453.292305|-106.121328
1448|-33.918912|1.383659|466.526116|nan|55.777848|-7.879622|-50.336997|0.124401|-23.465244|-19.777970|-30.083190|-100.172189|-37.386253|-7.931010|20.912601|48.032955|-0.011199|211429.091854|-106.096708
1449|-25.572437|0.827334|500.993863|-23.961507|56.259424|-7.500401|-36.615396|0.132445|-24.926624|-15.776568|-21.804565|-100.919807|-32.447968|-0.146877|20.912601|48.791846|-0.009818|211400.597817|-106.052996
1450|-27.925895|0.184432|526.653831|-27.112357|56.976516|-7.221202|-39.477119|0.104250|-23.181123|-2.226663|-24.277585|-101.757197|-34.942804|-3.869193|20.912601|48.657420|-0.010238|211368.200451|-106.000799
1451|-27.842788|-0.478359|539.873448|nan|56.753663|-6.929770|-34.634202|0.093892|-24.852826|-12.734741|-24.463839|-102.060940|-36.216182|-5.410000|20.912601|48.586138|-0.010251|211334.241768|-105.903590
1452|-19.735162|-0.982114|512.342087|-18.518831|56.896831|-6.241853|-28.176978|0.094629|-24.208054|22.615988|-16.521775|-101.875965|-31.491407|-0.055937|20.912601|48.872713|-0.008921|211299.502427|-105.583314
1453|-8.304865|-1.293187|471.379450|nan|56.972545|-5.361205|-13.354713|0.089774|-13.941623|29.253691|-5.276185|-101.463404|-21.224642|8.915784|20.912601|49.127713|-0.007034|211265.934073|-105.305921
1454|-11.776896|-1.715767|436.774527|-11.730781|57.478173|-4.782817|-6.310469|0.083626|-10.090835|30.101480|-9.157551|-101.346204|-24.893520|3.232933|20.912601|49.201187|-0.007652|211234.707695|-105.039764
1455|-17.000163|-2.197983|400.253693|-17.526044|57.702910|-4.239944|-8.365040|0.075633|-21.920437|14.573031|-14.859387|-101.366968|-33.603458|-4.258597|20.912601|49.132008|-0.008566|211205.432964|-104.795310
1456|-13.125251|-2.609685|352.670886|-12.763128|58.241761|-3.617038|7.778020|0.049533|-16.411896|13.301316|-11.663325|-101.420876|-29.934581|-2.461918|50.928091|49.259919|-0.007950|211178.109878|-104.470140
1457|-11.407433|-2.975595|320.049546|-12.301505|58.919061|-3.429483|30.158172|0.015874|-5.271301|10.770967|-10.807032|-101.392167|-28.393652|-2.990157|50.928091|49.908907|-0.007692|211153.128804|-104.019723
1458|-13.656151|-3.329312|287.040380|nan|59.432692|-3.193703|26.415917|-0.018557|-14.173095|2.840760|-13.989631|-101.546145|-30.815111|-7.208057|50.928091|49.914448|-0.008100|211130.489671|-103.468238
1459|-18.798918|-3.620943|273.331888|-19.641766|60.997516|-3.278981|8.952060|-0.037693|-12.014602|6.704268|-20.068413|-102.091141|-36.098295|-14.560408|50.928091|49.637926|-0.008991|211109.411854|-102.687003
