859|nan|nan|nan|nan|nan|nan|nan|nan|nan|nan|nan|nan|nan|nan|nan|nan|nan|nan|nan
900|nan|nan|nan|nan|nan|nan|nan|nan|nan|nan|nan|nan|nan|nan|nan|nan|nan|nan|nan
901|nan|nan|nan|nan|nan|nan|nan|nan|nan|nan|nan|nan|nan|nan|nan|nan|nan|nan|nan
902|nan|nan|nan|nan|nan|nan|nan|nan|nan|nan|nan|nan|nan|nan|nan|nan|nan|nan|nan
903|nan|nan|nan|nan|nan|nan|nan|nan|nan|nan|nan|nan|nan|nan|nan|nan|nan|nan|nan
904|nan|nan|nan|nan|nan|nan|nan|nan|nan|nan|nan|nan|nan|nan|nan|nan|nan|nan|nan
905|nan|nan|nan|nan|nan|nan|nan|nan|nan|nan|nan|nan|nan|nan|nan|nan|nan|nan|nan
906|nan|nan|nan|nan|nan|nan|nan|nan|nan|nan|nan|nan|nan|nan|nan|nan|nan|nan|nan
907|nan|nan|nan|nan|nan|nan|nan|nan|nan|nan|nan|nan|nan|nan|nan|nan|nan|nan|nan
908|nan|nan|nan|nan|nan|nan|nan|nan|nan|nan|nan|nan|nan|nan|nan|nan|nan|nan|nan
909|nan|nan|nan|nan|nan|nan|nan|nan|nan|nan|nan|nan|nan|nan|nan|nan|nan|nan|nan
910|nan|nan|nan|nan|nan|nan|nan|nan|nan|nan|nan|nan|nan|nan|nan|nan|nan|nan|nan
911|nan|nan|nan|nan|nan|nan|nan|nan|nan|nan|nan|nan|nan|nan|nan|nan|nan|nan|nan
912|nan|nan|nan|nan|nan|nan|nan|nan|nan|nan|nan|nan|nan|nan|nan|nan|nan|nan|nan
913|nan|nan|nan|nan|nan|nan|nan|nan|nan|nan|nan|nan|nan|nan|nan|nan|nan|nan|nan
914|nan|nan|nan|nan|nan|nan|nan|nan|nan|nan|nan|nan|nan|nan|nan|nan|nan|nan|nan
915|nan|nan|nan|nan|nan|nan|nan|nan|nan|nan|nan|nan|nan|nan|nan|nan|nan|nan|nan
916|nan|nan|nan|nan|nan|nan|nan|nan|nan|nan|nan|nan|nan|nan|nan|nan|nan|nan|nan
917|nan|nan|nan|nan|nan|nan|nan|nan|nan|nan|nan|nan|nan|nan|nan|nan|nan|nan|nan
918|nan|nan|nan|nan|nan|nan|nan|nan|nan|nan|nan|nan|nan|nan|nan|nan|nan|nan|nan
919|nan|nan|nan|nan|nan|nan|nan|nan|nan|nan|nan|nan|nan|nan|nan|nan|nan|nan|nan
920|nan|nan|nan|nan|nan|nan|nan|nan|nan|nan|nan|nan|nan|nan|nan|nan|nan|nan|nan
921|nan|nan|nan|nan|nan|nan|nan|nan|nan|nan|nan|nan|nan|nan|nan|nan|nan|nan|nan
922|nan|nan|nan|nan|nan|nan|nan|nan|nan|nan|nan|nan|nan|nan|nan|nan|nan|nan|nan
923|nan|nan|nan|nan|nan|nan|nan|nan|nan|nan|nan|nan|nan|nan|nan|nan|nan|nan|nan
924|nan|nan|nan|nan|nan|nan|nan|nan|nan|nan|nan|nan|nan|371.601260|nan|210.059159|nan|nan|nan
925|nan|nan|nan|nan|nan|nan|nan|nan|nan|nan|nan|nan|nan|360.143803|nan|192.928155|nan|nan|nan
926|nan|nan|nan|nan|nan|nan|nan|nan|nan|nan|nan|nan|nan|342.331753|nan|175.334797|nan|nan|nan
927|nan|nan|nan|nan|nan|nan|nan|nan|nan|nan|nan|nan|nan|337.639600|nan|167.127291|nan|nan|nan
928|nan|nan|nan|nan|nan|nan|nan|nan|nan|nan|nan|nan|nan|313.267600|125.132717|141.478478|nan|nan|nan
929|nan|nan|nan|nan|nan|nan|nan|nan|nan|nan|nan|nan|nan|268.004292|85.692938|100.355814|nan|nan|nan
930|nan|nan|nan|nan|nan|nan|nan|nan|nan|nan|nan|nan|nan|237.023850|56.634065|69.655128|nan|nan|nan
931|nan|nan|nan|nan|nan|nan|nan|nan|nan|nan|nan|nan|nan|232.113538|47.697342|59.589639|nan|nan|nan
932|nan|nan|nan|nan|nan|nan|nan|nan|nan|nan|nan|nan|nan|182.849915|7.758249|18.012784|nan|nan|nan
933|nan|nan|nan|nan|100.547148|nan|nan|nan|nan|nan|nan|nan|nan|156.639258|-17.869972|-8.708299|nan|nan|nan
934|nan|nan|nan|nan|90.577502|nan|nan|nan|nan|nan|nan|nan|nan|160.402349|-17.869972|-9.516471|nan|nan|nan
935|nan|nan|nan|nan|83.325872|nan|nan|nan|nan|-44.140156|nan|nan|nan|165.800005|-17.869972|-9.938872|nan|nan|nan
936|nan|nan|nan|nan|77.546786|nan|nan|nan|nan|-37.192648|nan|nan|nan|159.316656|-17.869972|-10.516500|nan|nan|nan
937|nan|nan|nan|nan|72.687677|nan|nan|nan|nan|-40.204235|nan|nan|nan|116.130079|-17.869972|-11.516226|nan|nan|nan
938|nan|nan|nan|nan|68.528297|nan|nan|nan|nan|-34.561161|nan|nan|nan|100.710319|-17.869972|-12.372270|nan|nan|nan
939|nan|nan|nan|nan|64.711439|nan|nan|nan|nan|-37.236828|nan|nan|nan|83.735540|-17.869972|-13.259804|nan|nan|nan
940|nan|nan|nan|nan|61.504136|nan|nan|nan|nan|-14.395969|nan|nan|nan|72.597611|-17.869972|-14.161430|nan|nan|nan
941|nan|nan|nan|nan|56.240564|nan|nan|nan|nan|-49.160193|nan|nan|nan|21.473603|-35.979300|-33.634259|nan|nan|nan
942|nan|nan|nan|nan|50.734227|nan|nan|nan|nan|-54.033028|nan|nan|nan|-8.154197|-51.929367|-51.138600|nan|nan|nan
943|nan|-97.815652|nan|nan|46.023083|nan|nan|nan|nan|-41.590628|nan|nan|nan|-1.677676|-51.929367|-52.054255|-0.041626|nan|nan
944|nan|-97.714965|nan|nan|42.480087|nan|nan|nan|nan|-23.808147|nan|nan|nan|13.022508|-51.929367|-52.614116|-0.038326|nan|nan
945|nan|-95.808989|nan|nan|39.811529|nan|nan|nan|nan|-15.673311|nan|nan|nan|23.988125|-51.929367|-52.889455|-0.035642|nan|nan
946|nan|-92.513255|nan|nan|38.021358|nan|nan|nan|nan|-3.716201|nan|nan|nan|32.831409|-51.929367|-53.093151|-0.033124|nan|nan
947|nan|-87.153441|nan|nan|37.138584|nan|nan|nan|nan|-4.520316|nan|nan|nan|61.358987|-51.929367|-52.776939|-0.027942|nan|nan
948|nan|-82.193141|nan|-42.338349|36.780120|nan|nan|nan|nan|-8.093118|nan|nan|nan|52.420003|-51.929367|-52.827619|-0.027720|nan|nan
949|nan|-77.972204|nan|-39.988954|36.095254|nan|nan|nan|nan|-18.954156|nan|nan|nan|42.475604|-51.929367|-52.702727|-0.027721|nan|nan
950|nan|-72.968353|nan|-17.607737|35.868582|nan|nan|nan|nan|-28.074151|nan|nan|nan|56.065260|-51.929367|-52.442180|-0.024330|nan|nan
951|nan|-67.564767|nan|-2.762006|36.264387|nan|nan|nan|nan|-9.919125|nan|nan|nan|64.576816|-51.929367|-52.232607|-0.021751|nan|nan
952|nan|-62.917854|nan|nan|36.601893|nan|nan|nan|nan|-31.758783|nan|nan|nan|55.041800|-51.929367|-52.065329|-0.021893|nan|nan
953|nan|-58.729653|nan|1.298666|36.690811|nan|211.936693|nan|nan|-28.030824|nan|nan|nan|50.033875|-51.929367|-51.779218|-0.021389|nan|nan
954|nan|-53.322923|nan|39.080808|37.330395|nan|198.748695|nan|nan|7.354395|nan|nan|nan|81.290478|-51.929367|-51.095985|-0.015669|nan|nan
955|nan|-48.546740|nan|37.622774|38.147254|nan|187.418162|nan|nan|6.091914|nan|nan|nan|74.647983|-51.929367|-50.726044|-0.015641|nan|nan
956|nan|-44.586584|nan|nan|38.883158|nan|161.413660|nan|nan|-3.022596|nan|nan|nan|59.646898|-51.929367|-50.605183|-0.016876|nan|nan
957|nan|-42.117444|nan|3.204245|39.200604|nan|129.651018|nan|nan|-9.431615|nan|nan|nan|25.485423|-51.929367|-45.499950|-0.020942|nan|nan
958|nan|-38.971448|nan|27.716129|39.777815|nan|128.350793|nan|nan|-9.633282|nan|nan|nan|44.066285|-51.929367|-29.470115|-0.017465|nan|nan
959|nan|-35.523179|nan|45.792178|36.161671|-3.744920|101.603305|nan|nan|15.960565|nan|nan|nan|58.509928|-51.929367|-16.016479|-0.014661|nan|nan
1000|nan|-32.663437|nan|36.388709|33.142906|-2.696427|62.596551|-0.247887|nan|25.440461|nan|nan|nan|46.905096|-51.929367|-0.516506|-0.015867|nan|nan
1001|nan|-29.827695|nan|44.200818|30.551061|-1.501373|63.525284|-0.548548|nan|28.539726|nan|-121.824724|nan|49.526989|-51.929367|18.960994|-0.014970|nan|nan
1002|nan|-27.544745|nan|33.271791|27.807767|-0.661783|5.200901|-0.548548|nan|21.927988|nan|-123.932411|nan|38.154935|-51.929367|21.473677|-0.016344|nan|nan
1003|nan|-25.697077|nan|24.148838|25.575467|-0.143316|-25.447263|-0.446490|nan|8.136806|nan|-125.642371|nan|28.781664|-51.929367|21.234994|-0.017717|nan|nan
1004|nan|-24.130933|nan|nan|24.326811|0.241199|-21.918081|-0.446490|nan|13.205654|nan|-126.287799|nan|24.754681|-51.929367|32.396687|-0.018446|nan|nan
1005|nan|-22.076451|nan|42.291369|23.791401|1.282619|10.773293|-0.199630|nan|29.539031|nan|-125.487428|nan|47.823379|-51.929367|42.189731|-0.015164|nan|nan
1006|nan|-20.693063|nan|24.467505|23.772294|1.709593|-7.801351|-0.153639|nan|18.506055|nan|-125.102804|nan|33.725729|-51.929367|41.937320|-0.017713|nan|nan
1007|nan|-19.474469|nan|21.862516|24.521689|2.085252|-48.479822|-0.120365|nan|-9.555994|nan|-123.542499|nan|32.976784|-51.929367|38.607166|-0.018356|nan|nan
1008|nan|-18.246872|nan|26.456880|25.933005|2.603482|-50.708780|-0.087747|nan|-1.830666|nan|-121.246869|nan|41.221838|-51.929367|35.956344|-0.017625|nan|nan
1009|nan|-17.210436|nan|21.025333|27.388699|2.953426|-62.596552|-0.068609|nan|2.463104|nan|-119.285580|nan|40.178314|-51.929367|35.862528|-0.018211|nan|nan
1010|nan|-16.335134|nan|18.877513|28.122888|3.270793|-68.540437|-0.050037|nan|-8.696848|nan|-117.789884|nan|39.792595|-51.929367|30.519968|-0.018742|nan|nan
1011|nan|-15.724071|nan|nan|28.908796|3.357963|-117.391753|-0.041603|nan|-12.415475|nan|-116.450256|nan|36.609618|-51.929367|30.404258|-0.019890|nan|nan
1012|nan|-15.383438|nan|-0.875496|29.868588|3.174191|-148.411409|-0.037823|nan|-19.855832|nan|-114.361676|nan|28.938626|-46.595171|30.147136|-0.021515|nan|nan
1013|nan|-14.685815|nan|16.289969|30.027337|3.489503|-117.577499|-0.024705|nan|0.952047|nan|-111.635262|nan|48.570000|-30.681232|17.057920|-0.019075|nan|nan
1014|nan|-13.833390|nan|27.360205|30.924990|3.984137|-84.886125|-0.004321|nan|4.439393|nan|-108.402964|nan|62.814727|-17.611478|17.241027|-0.017449|nan|nan
1030|nan|-12.772465|nan|nan|32.049209|4.707119|-56.095426|0.028052|nan|25.293444|nan|-104.833404|nan|76.032444|-2.084774|17.522900|-0.015795|nan|nan
1031|nan|-12.446484|nan|8.319536|34.874559|4.678192|-68.540438|0.028484|nan|3.236138|nan|-100.933060|nan|47.731095|15.974194|17.263195|-0.020194|nan|nan
1032|nan|-13.286077|nan|-46.588291|37.504634|3.440518|-89.158293|-0.045786|nan|-26.113804|nan|-98.083867|nan|-6.039801|15.974194|16.429709|-0.028488|nan|nan
1033|-32.933705|-14.151054|nan|nan|39.776215|2.145165|-95.845166|-0.096659|nan|-20.573343|nan|-95.906019|nan|-12.622992|15.974194|15.773311|-0.029722|nan|nan
1034|-50.625663|-15.276913|nan|-70.149011|41.514133|0.560021|-111.076374|-0.128595|nan|-33.862208|nan|-94.788002|nan|-28.280238|15.974194|14.955307|-0.032022|nan|nan
1035|-45.001840|-16.139757|nan|-61.715065|42.544236|-0.671210|-80.799703|-0.149794|nan|-21.997645|nan|-94.004416|nan|-20.623467|15.974194|14.636143|-0.030847|nan|nan
1036|-30.756436|-15.852050|nan|-45.243520|43.307248|-1.499915|-47.551090|-0.162532|nan|-16.360325|nan|-93.233746|nan|-4.208106|15.974194|14.556536|-0.028410|nan|nan
1037|-40.456590|-15.078135|nan|-53.991901|43.898823|-2.520250|-56.281172|-0.201380|nan|-24.699489|nan|-93.635324|nan|-12.254035|15.974194|14.203442|-0.029588|nan|nan
1038|-53.183546|-14.342954|nan|-65.258896|44.141121|-7.269972|-63.896777|-0.225683|nan|-36.528652|nan|-94.409167|nan|-23.257655|15.974194|13.794763|-0.031244|nan|nan
1039|-68.870781|-13.778040|nan|-79.355826|44.007806|-11.412316|-40.121232|-0.247002|nan|-34.344048|nan|-95.519317|nan|-37.762341|12.910175|10.283484|-0.033378|nan|nan
1040|-57.313823|-12.938706|nan|-65.095749|43.683053|-15.040901|-26.933234|-0.265633|nan|-16.404550|nan|-96.855668|nan|-26.231202|12.910175|10.119077|-0.031418|nan|nan
1041|-45.794169|-11.169124|nan|nan|42.985117|-18.071509|-22.289574|-0.270952|nan|-23.285334|nan|-98.315064|nan|-16.896092|12.910175|10.177541|-0.029486|nan|nan
1042|-39.375747|-8.988616|nan|nan|42.519495|-20.878278|-41.607203|-0.276276|nan|-24.413798|nan|-99.522675|nan|-12.989591|12.910175|10.255544|-0.026295|nan|nan
1043|-11.086731|-6.485137|nan|-15.759844|42.344808|-22.614143|10.773294|-0.261497|nan|-8.869370|nan|-99.994451|nan|14.239827|12.910175|10.809424|-0.018712|nan|-104.428143
1044|-10.703054|-4.532139|nan|-15.322239|41.946703|-23.650824|30.648163|-0.254515|nan|-17.430933|nan|-101.485778|nan|13.140208|12.910175|11.113054|-0.015959|nan|-104.557105
1045|-13.736042|-2.988139|nan|-17.231519|41.529760|-24.273671|20.432109|-0.248223|nan|-21.135618|nan|-103.007500|nan|8.428074|12.910175|11.217631|-0.014623|nan|-104.675085
1046|-17.076809|-1.908738|nan|-20.152143|41.072115|-24.856846|23.775545|-0.223800|nan|-10.136710|-25.268368|-104.351338|nan|3.177779|12.910175|11.319343|-0.015016|nan|-104.798174
1047|-33.524656|-1.837365|nan|-35.612880|41.020175|-24.993289|-1.114478|-0.227891|nan|-30.334565|-40.960148|-105.320666|nan|-14.927179|12.910175|11.109920|-0.017401|nan|-105.110765
1048|-35.440760|-1.899879|nan|nan|40.660629|-24.772608|-11.516280|-0.230031|nan|-26.211658|-41.961984|-106.979330|nan|-18.710582|12.910175|10.967653|-0.017599|nan|-105.430223
1049|-19.277719|-1.609708|nan|-19.665865|39.907990|-24.232519|0.371492|-0.222528|nan|-25.337477|-24.958980|-108.690092|nan|-4.144851|12.910175|11.341059|-0.015076|nan|-105.488076
1050|9.743658|-1.221301|nan|10.311236|39.582423|-23.347546|51.637511|-0.242353|nan|-5.954928|4.227878|-109.371956|nan|24.210696|12.910175|11.805129|-0.010617|nan|-105.408306
1051|1.828473|-1.384542|-624.427204|2.009919|39.548217|-22.696679|27.304727|-0.243018|29.030164|1.445624|-3.378289|-110.427270|22.788957|15.321377|12.910175|11.872984|-0.011740|nan|-105.331149
1052|7.360025|-1.365079|-636.208228|8.504325|39.552971|-21.235889|28.976446|-0.248962|23.053146|-4.855665|2.416243|-111.056155|21.532844|20.139135|12.910175|12.245949|-0.010842|nan|-105.276473
1053|17.967076|-1.183460|-650.855978|nan|40.061786|-19.501688|44.764893|-0.255146|31.853090|15.196429|13.146624|-111.131116|30.811884|30.184302|12.910175|12.545120|-0.009188|nan|-105.217606
1054|55.600851|-0.911435|-668.799461|57.187567|40.808034|-16.809425|78.756492|-0.266197|57.264158|48.777667|51.029764|-110.020936|64.704158|68.928395|12.910175|18.067414|-0.003465|nan|-105.168028
1055|79.024409|-0.265315|-708.237735|81.284144|42.087504|-13.695449|98.817109|-0.279224|74.453957|65.949212|74.559415|-108.874365|84.293957|94.151158|12.910175|23.365195|0.000097|nan|-105.121498
1056|96.060881|0.881723|-748.626946|98.017301|43.587074|-9.625077|108.290177|-0.187757|79.061423|71.913527|91.785682|-106.823028|90.982630|113.716598|12.910175|31.755490|0.002678|nan|-105.118191
1057|92.400183|2.461491|-765.427128|nan|45.572736|-5.406797|93.801955|-0.146748|68.705587|63.002212|88.325191|-104.797814|78.787701|112.555359|12.910175|36.530078|0.002116|nan|-105.173871
1058|66.141229|3.090858|-742.048166|66.875054|47.129722|-1.980421|83.585900|-0.124751|45.369894|22.367588|61.954930|-103.641523|52.411706|88.809977|12.910175|41.112494|-0.001866|nan|-105.217356
1059|40.096546|2.892340|-729.137161|40.666793|48.202536|0.500187|68.168945|-0.126696|22.059644|9.365901|35.645468|-103.123388|26.221457|64.865726|12.910175|40.890365|-0.005820|nan|-105.296347
1100|28.548532|2.610706|-708.714438|28.994300|49.543727|2.426642|67.425959|-0.139623|11.558525|1.419828|23.659117|-102.813173|14.519431|55.640467|12.910175|40.534241|-0.007586|nan|-105.375339
1101|31.315402|2.322249|-674.681364|nan|50.560775|4.178487|40.864217|-0.130865|8.958975|-0.725006|26.160906|-102.199176|14.799881|60.563838|12.910175|40.385366|-0.007193|nan|-105.436269
1102|24.592855|2.029809|-593.344411|24.689510|51.398890|5.184785|-20.989348|-0.087788|7.926055|7.526752|19.510407|-101.450888|7.927263|55.937218|12.910175|40.092435|-0.008230|nan|-105.471201
1103|17.496820|1.776020|-484.736011|nan|52.812307|6.054602|-36.406303|-0.054320|-5.318359|-3.082884|12.526062|-101.380996|-0.996848|51.246797|12.910175|39.844300|-0.009323|nan|-105.516986
1104|5.377162|1.359169|-357.868351|nan|53.217725|6.729435|-63.896777|-0.030080|-16.377928|-13.785146|0.624352|-101.977280|-13.256114|41.496351|12.910175|53.273359|-0.011172|nan|-105.598838
1105|7.360691|0.643146|-238.727854|8.565258|53.479813|7.070034|-54.237961|-0.010697|-12.280160|-11.551212|2.729103|-102.832542|-11.398649|47.003480|12.910175|53.095259|-0.010891|nan|-105.680689
1106|5.060172|0.119306|-154.294351|nan|53.209920|7.094848|-40.492725|0.004102|-14.694561|-9.190629|0.530847|-102.921660|-13.813353|50.016792|12.910175|52.944346|-0.011255|nan|-105.762540
1107|2.934952|-0.317701|-103.088946|nan|53.501228|7.106990|-50.523032|0.039247|-15.883518|-1.553249|-1.297973|-101.514370|-16.042310|52.305189|12.910175|52.816454|-0.011591|nan|-105.823005
1108|1.909706|-0.842349|-66.867753|2.819392|53.976505|7.053455|-62.596552|0.066066|-14.117091|7.571223|-1.890989|-99.900639|-17.156789|53.486536|12.910175|52.653535|-0.011759|nan|-105.839563
1109|0.856497|-1.332556|-28.503457|nan|54.519184|6.357976|-77.827760|0.091759|-7.391872|10.248177|-2.344059|-97.924398|-18.271268|54.001811|17.579092|51.447168|-0.011927|nan|-105.856121
1110|12.977701|-1.431647|1.067553|13.742873|55.520301|5.922763|-52.751990|0.120305|3.081043|16.696298|10.372018|-95.884484|-6.197749|68.038418|22.062263|51.523108|-0.010105|nan|-105.906867
1111|24.354110|-1.190685|21.746940|25.073137|56.438093|5.863184|-28.604953|0.144291|12.251274|16.505823|22.284882|-93.986585|5.132784|81.140466|29.677868|51.729234|-0.008395|nan|-105.962395
1112|12.143749|-1.027883|28.199731|11.326407|56.897142|5.979426|-33.248613|0.160913|-0.328294|2.196257|10.597269|-92.260128|-7.126481|70.441471|34.025806|51.726912|-0.010244|nan|-106.050515
1113|4.570070|-1.217483|36.582819|nan|57.165487|5.583402|-11.516279|0.157268|-2.583898|-8.733752|3.462492|-90.445427|-13.222085|64.552804|38.458463|46.911503|-0.011392|nan|-106.963257
1114|-6.738197|-1.867570|42.132706|-7.636975|57.994763|4.633576|-21.546587|0.159656|-6.633222|-11.351919|-7.397799|-88.559769|-22.232618|54.838097|38.458463|43.742350|-0.013102|nan|-107.764431
1115|1.267811|-2.516260|45.125514|1.838338|59.085191|4.015040|-15.788447|0.162740|-3.366125|7.446001|1.083773|-86.790911|-13.925521|63.189930|38.458463|43.754612|-0.011896|nan|-108.096055
1116|-4.854480|-2.788652|-182.829652|-5.741182|60.211297|3.139616|-24.518531|0.168738|-4.216060|7.578399|-4.602758|-85.565423|-19.015154|57.313923|38.458463|43.602921|-0.012821|nan|-108.440061
1117|2.771365|-1.840030|-356.593679|2.963819|60.702283|2.661948|-32.691374|0.182476|-1.640456|-5.644633|3.542304|-84.353785|-8.519550|66.141486|38.458463|43.786504|-0.011671|nan|-108.494737
1118|10.403759|-0.600621|-504.849818|nan|61.467515|2.450221|-26.375996|0.199274|4.935148|9.032721|11.634437|-83.754136|3.016054|73.715126|38.458463|43.922095|-0.010522|nan|-108.549413
1119|5.778315|0.796167|-621.338356|4.812944|62.193095|2.175951|-14.302477|0.197471|3.092996|-1.026850|7.343704|-83.295828|-1.627607|67.638810|43.127382|43.864749|-0.011223|nan|-108.566351
1120|6.714498|2.148890|-745.943553|6.151349|62.768630|1.556275|16.159941|0.197853|10.902030|28.337237|8.562406|-82.726244|-0.698874|65.816296|43.127382|43.811231|-0.011083|nan|-108.573474
1121|-4.981477|2.931750|-851.862545|-6.098797|63.445790|0.970356|-2.971943|0.197156|-4.239394|36.854656|-2.665909|-82.351643|-12.400900|50.564105|43.127382|43.607492|-0.012849|nan|-108.508559
1122|-2.747683|3.854384|-920.470290|nan|63.785225|0.559975|5.200901|0.202558|-1.851039|34.701560|0.046025|-81.449256|-5.051943|49.168599|43.127382|43.596522|-0.012513|nan|-108.413226
1123|-5.905321|4.872212|-946.751942|-5.512076|63.705182|0.017096|13.002251|0.207422|-2.689030|36.817426|-2.653805|-80.634558|-6.289633|42.411446|43.127382|43.582403|-0.012990|nan|-108.345618
1124|-14.271603|6.005122|-974.454409|-14.806318|64.509623|-0.708304|42.535935|0.190986|-8.407620|28.150665|-10.826748|-80.543931|-14.648223|30.553393|43.127382|43.258297|-0.012340|nan|-108.315340
1125|-36.028993|6.511386|-940.105603|-36.539406|64.691214|-1.823183|44.393400|0.150587|-23.579652|0.753476|-32.539098|-81.893098|-36.380557|5.254929|43.127382|42.695908|-0.013724|nan|-108.253816
1126|-29.928582|6.942275|-873.887925|-29.774173|63.815710|-2.557445|67.611706|0.050189|-22.890321|-18.579940|-26.474070|-82.842760|-30.250924|8.218433|36.575743|36.017805|-0.011679|nan|-108.196343
1127|-6.361079|7.630908|-822.061030|-6.191858|62.956079|-2.594127|87.486575|0.007288|-5.141428|17.063004|-2.937599|-83.307534|-6.661126|28.642101|26.832207|26.489787|-0.006793|nan|-108.170115
1128|-6.205226|7.754934|-781.013963|-6.939830|62.262194|-2.959756|61.296327|-0.017823|3.524621|9.687001|-2.773163|-84.055416|-5.995379|25.179788|26.832207|26.508327|-0.006765|nan|-108.143887
1129|6.949805|8.114853|-751.026269|7.491469|61.353962|-3.227508|48.294075|-0.019356|15.112316|12.809956|10.351029|-85.506663|8.232618|34.901251|26.832207|26.680487|-0.004775|nan|-108.147178
1330|-2.568607|8.281139|-678.742699|-2.785438|60.713921|-3.953269|27.118981|-0.024691|11.879852|-7.263735|0.761086|-87.873527|-1.240450|21.628316|26.832207|26.509059|-0.006205|nan|-108.150469
1331|-16.171013|8.260626|-602.120004|-15.602811|58.743805|-4.350419|16.159940|-0.035566|-9.359941|-36.882163|-12.999699|-91.089091|-14.399941|4.584222|26.832207|26.532832|-0.008250|nan|-108.143895
1332|-6.908508|8.671669|-525.795715|-6.315522|56.429382|-3.620600|18.574645|-0.042214|-10.232920|-31.653173|-3.898828|-93.910328|-10.552618|11.608648|26.460715|26.337298|-0.006849|nan|-108.148677
1333|1.636136|9.283119|-470.605787|2.586284|54.880422|-2.616084|20.246363|-0.041675|-1.877091|-18.637181|4.951233|-95.725846|-1.956789|19.309190|26.460715|26.476193|-0.005103|nan|-108.171448
1334|23.291398|10.106848|-363.450780|24.246411|53.271632|-0.892799|29.905177|-0.023646|11.240386|-9.838708|26.978847|-96.146516|15.561291|41.059593|23.961291|24.392764|-0.001797|nan|-108.198533
1335|22.367768|10.259157|-208.344877|nan|52.211035|0.603076|31.019657|0.007647|15.538004|-8.171773|26.461763|-96.243063|14.818306|39.815597|23.961291|24.558731|-0.001909|nan|-108.203314
1336|8.689280|10.237920|-69.215661|9.054589|51.389237|1.532844|15.045462|0.002640|5.179117|1.528990|13.043609|-96.810348|1.258815|25.863335|23.961291|24.527446|-0.003954|nan|-108.186902
1337|17.564113|10.401462|60.268604|19.174495|50.313208|2.792356|21.732334|0.026273|7.454342|15.941311|21.999114|-96.951956|10.174644|34.764304|23.961291|24.650156|-0.002609|nan|-108.164961
1338|34.871282|10.648942|159.853481|36.141584|49.446431|4.617659|37.892275|0.058631|18.008159|22.445903|39.318329|-96.403762|25.129064|52.927946|23.961291|25.045540|-0.000003|nan|-108.163643
1339|28.831596|10.056982|226.323770|29.073079|49.166608|6.487617|30.648163|0.076680|11.318526|24.439669|33.150202|-95.693995|16.599431|47.116107|23.961291|25.187684|-0.000928|nan|-108.162325
1340|36.777820|9.183660|265.425333|38.185705|48.538195|8.306386|50.523033|0.104833|19.119877|15.297956|40.927700|-94.840583|24.400782|55.730693|23.961291|25.438040|0.000249|nan|-108.159932
1341|44.206975|8.106117|312.633473|nan|48.547458|10.004927|69.097677|0.123623|27.883686|29.645065|48.154451|-93.723236|31.644893|63.595659|23.961291|25.616108|0.001342|nan|-108.162806
1342|51.678825|7.218716|383.817595|52.627710|48.787911|11.728007|64.082523|0.178373|32.808099|33.142625|55.384460|-92.362453|38.889004|72.127375|23.961291|25.889453|0.002434|nan|-108.169993
1343|36.877507|6.533176|429.636719|36.326363|48.959287|12.625358|41.421457|0.219651|25.282939|28.162352|40.267705|-91.399345|23.843542|57.855628|23.961291|25.926289|0.000165|nan|-108.164970
1344|26.914091|6.162003|442.020961|26.103594|49.204197|13.260268|19.874870|0.237230|14.906885|29.726989|29.924137|-90.700672|13.627488|48.635512|23.961291|25.777960|-0.001376|nan|-108.178752
1345|17.329852|5.843049|465.184336|16.266236|49.401942|13.711611|18.017405|0.243513|5.302624|16.647507|19.867928|-90.627280|3.782926|39.675777|23.961291|25.486760|-0.002861|nan|-108.194468
1346|7.573171|5.335252|503.728804|nan|49.245691|14.049342|1.857464|0.244805|-4.407986|0.216009|9.611961|-91.185036|-6.247382|31.465110|23.961291|25.241261|-0.004373|nan|-108.256960
1347|2.654758|4.849641|494.216075|1.028008|49.377547|14.519219|4.272168|0.252308|-10.728282|-4.151558|4.122711|-91.532891|-11.448282|27.824817|23.961291|24.880516|-0.005158|nan|-108.319452
1348|-6.707204|4.346127|492.924976|nan|49.451722|14.870703|2.228957|0.255632|-19.907097|1.299398|-5.768954|-91.912168|-21.107097|19.948831|23.961291|24.587873|-0.006614|nan|-108.366414
1349|-16.075215|3.923039|508.332135|-18.265003|49.650315|14.747465|-12.073519|0.284818|-21.406214|-7.180969|-15.631100|-92.207156|-29.245912|11.739512|23.961291|35.478058|-0.008071|nan|-108.374264
1350|-8.171106|3.642810|561.208069|nan|49.357804|14.342107|-3.529182|0.287590|-13.471516|-2.589832|-8.232324|-92.528655|-21.630308|21.360167|23.961291|35.324616|-0.006922|nan|-108.078253
1351|-13.822218|3.283747|572.531080|-16.607218|49.065787|13.921896|-21.175094|0.310741|-20.694496|-14.640477|-14.371685|-92.851512|-27.574194|17.240777|23.961291|35.049936|-0.007818|nan|-107.458217
1352|-5.000292|3.185290|552.245201|nan|49.318062|13.623745|-10.401801|0.322412|-9.189858|5.277546|-6.124024|-93.119678|-19.029858|26.730013|23.961291|35.599257|-0.006530|nan|-106.937623
1353|-14.395256|2.872137|529.897102|-16.445518|48.916323|12.992471|-23.218306|0.326267|-18.128975|-6.254150|-16.127780|-93.870860|-28.688673|17.631052|23.961291|37.228292|-0.007986|nan|-106.518661
1354|-36.285758|2.142953|489.939123|-39.407308|48.739739|11.206953|-53.680723|0.294313|-25.431595|-23.426916|-38.512297|-95.082142|-50.792500|-4.321563|23.961291|36.736876|-0.011805|nan|-106.148161
1355|-66.593261|0.610609|454.175949|-70.262003|46.959633|8.506974|-105.875474|0.192608|-51.254313|-45.280359|-69.164660|-97.157989|-81.254917|-34.950647|5.345083|4.032781|-0.021037|nan|-105.304194
1356|-65.024272|-1.074517|417.858779|nan|45.191649|5.594144|-98.259869|0.116143|-47.528040|-49.962336|-67.908646|-98.854199|-79.768945|-33.422711|5.345083|3.635599|-0.020814|nan|-104.437750
1357|-58.694100|-2.396921|376.281518|nan|43.896281|2.890000|-68.354692|0.058326|-42.892359|-38.811812|-61.870079|-100.421494|-73.053566|-27.762764|5.345083|3.345605|-0.019862|nan|-103.545064
1358|-65.604128|-3.687572|319.263693|-69.463296|43.091771|0.492561|-75.041563|-0.009578|-49.204676|-39.878721|-69.040557|-102.060593|-74.966184|-35.290814|5.345083|2.988917|-0.020904|nan|-102.813512
1359|-57.868370|-4.586415|274.263642|-60.221434|41.630256|-1.241805|-54.052216|-0.050307|-47.003025|-40.723110|-61.373354|-103.234239|-67.164834|-28.745110|5.345083|2.892050|-0.019729|nan|-101.498732
1400|-41.415330|-5.302486|243.305043|-43.693162|40.418787|-2.425951|-46.993850|-0.072653|-33.992194|-8.661413|-44.720675|-103.334028|-50.633400|-13.469322|5.345083|2.999267|-0.017236|nan|-101.621716
1401|-35.010529|-5.821375|196.701145|-37.187954|40.168036|-3.535174|-54.052216|-0.097293|-24.931370|-2.391013|-38.027836|-103.467594|-39.412275|-8.223843|5.345083|3.110771|-0.016256|nan|-102.004342
1402|-19.501326|-6.097038|130.304229|-21.585257|40.410375|-4.208097|-29.162191|-0.099508|-13.008668|0.393644|-22.282584|-103.808463|-23.329573|5.903527|5.345083|3.378151|-0.013902|nan|-101.863355
1403|-21.645005|-6.605029|34.721301|-25.056713|40.355360|-4.854857|-22.289573|-0.109083|-12.490976|-0.225966|-24.234625|-104.206791|-21.052784|1.368104|5.345083|3.456423|-0.014212|nan|-101.659253
1404|-32.710818|-7.258701|-50.827066|-35.972412|40.340721|-5.530194|-11.330533|-0.145128|-21.050015|-4.325799|-35.298515|-105.281513|-32.011824|-12.166481|5.345083|3.386064|-0.015866|nan|-101.436435
1405|-38.392514|-8.035277|-117.653292|nan|39.478913|-6.315762|-17.645912|-0.194957|-26.542108|-21.632167|-41.014938|-106.216918|-37.584218|-20.047956|5.345083|3.354292|-0.016709|nan|-101.200258
1406|-34.417683|-8.505443|-209.161925|nan|39.600694|-6.981950|-27.118981|-0.205390|-22.055686|-4.585691|-37.060335|-106.595354|-33.497796|-18.727046|5.345083|3.353036|-0.016094|nan|-100.867020
1407|-30.073429|-8.892029|-303.187852|nan|40.068287|-7.527978|-13.745237|-0.241854|-17.837471|-5.404588|-32.807294|-106.986448|-29.039881|-17.294105|5.345083|3.375630|-0.015423|nan|-100.352280
1408|-44.123123|-9.497165|-390.588771|-46.589526|40.353246|-8.389897|-10.401801|-0.300584|-27.928153|-15.006662|-47.089696|-108.005631|-42.970865|-34.560668|5.345083|3.108892|-0.017528|nan|-99.849751
1409|-39.964707|-9.865856|-439.222515|nan|41.078329|-9.135153|-12.259265|-0.344560|-24.216284|-8.151942|-43.268187|-109.524833|-38.698696|-33.160442|5.345083|2.927016|-0.016885|nan|-99.347222
1410|-49.559743|-10.051521|-412.007198|-52.119958|41.367358|-10.271039|-13.930983|-0.413981|-30.569352|-21.797474|-53.266947|-111.269693|-47.371765|-45.705454|5.345083|4.145700|-0.018317|nan|-98.852575
1411|-112.503186|-11.560296|-377.917207|-114.307433|39.809720|-12.993083|-69.469170|-0.517653|-78.229539|-65.299214|-116.776682|-114.263065|-110.154063|-111.397195|-14.234063|-18.173330|-0.034905|nan|-98.155886
1412|-110.461297|-13.303413|-339.489588|-111.716961|37.996464|-15.207295|-59.996102|-0.639673|-84.961788|-68.830538|-115.340277|-117.397907|-107.685106|-112.084410|-30.755106|-35.165603|-0.034574|nan|-97.459197
1413|-99.709604|-14.937105|-315.588602|-101.334395|36.641541|-17.108947|-64.082524|-0.739858|-72.562446|-64.937407|-105.257616|-120.712862|-96.406066|-104.498525|-30.755106|-35.635315|-0.032924|nan|-96.828438
1414|-76.137531|-16.323252|-305.121755|-76.981792|35.128220|-18.201992|-50.523033|-0.794508|-57.268107|-70.679929|-82.256789|-123.339096|-74.550521|-83.896136|-30.755106|-35.482899|-0.029336|nan|-97.118824
1415|-70.780978|-17.551031|-281.818632|-72.261078|34.138922|-19.371636|-54.795201|-0.832765|-48.255110|-61.790869|-77.405275|-126.012813|-68.978127|-81.763564|-30.755106|-35.461747|-0.028498|nan|-97.306781
1416|-52.234919|-18.017658|-261.826150|-52.368278|32.912192|-20.047543|-46.065119|-0.856952|-34.375323|-50.289251|-59.278125|-128.382763|-50.937737|-66.309662|-30.755106|-35.235681|-0.025666|nan|-97.371116
1417|-65.100866|-18.932781|-222.733853|-65.848888|31.543625|-21.161642|-63.896777|-0.852848|-39.965177|-60.335600|-72.580727|-131.301924|-63.568495|-82.283824|-30.755106|-35.313776|-0.027579|nan|-97.395964
1418|-68.701537|-20.068506|-207.224754|nan|30.141420|-22.431605|-76.899028|-0.850335|-44.268613|-72.894726|-76.583971|-133.882113|-66.911931|-88.304879|-30.755106|-35.320824|-0.028089|nan|-97.453330
1419|-90.714226|-22.040230|-270.085635|-90.912094|28.708480|-24.128227|-108.290177|-0.922144|-62.880944|-85.427882|-99.024008|-136.752893|-88.644265|-113.134038|-30.755106|-35.733836|-0.031379|nan|-97.971380
1420|-77.251215|-23.698280|-337.951504|-76.703866|26.785772|-25.397913|-86.929336|-0.959414|-56.096914|-89.763037|-85.890146|-138.916862|-74.899028|-101.275721|-30.755106|-35.535967|-0.029303|nan|-98.763857
1421|-82.005747|-25.254516|-424.231658|-81.543643|25.637210|-26.701100|-97.331137|-1.018244|-57.353923|-104.070832|-90.991373|-140.924425|-80.956943|-108.060871|-30.755106|-35.786378|-0.029981|-278933.803074|-99.512313
1422|-72.839141|-26.703783|-486.891904|-71.604106|24.161312|-27.735952|-79.313732|-1.012609|-50.681458|-85.830052|-82.059524|-142.535962|-71.483874|-100.265261|-30.755106|-35.614732|-0.028552|-219089.891867|-100.245350
1423|-73.154512|-28.503210|-541.344380|-72.439943|23.161446|-28.762582|-88.972547|-1.050184|-49.641457|-85.272428|-82.575597|-143.919040|-71.483874|-102.157004|-30.755106|-35.577001|-0.028555|-210058.894947|-101.166844
1424|-41.882000|-29.550637|-573.527075|-40.121091|22.382006|-28.942772|-79.499478|-1.025673|-29.665166|-51.252447|-51.327660|-144.121192|-42.786978|-71.609478|-30.755106|-35.028928|-0.023781|-210026.785936|-102.311040
1425|-28.972572|-30.546001|-602.269698|nan|22.075456|-28.560867|-96.773898|-0.913281|-21.836867|-36.467905|-38.371265|-144.183813|-34.078981|-59.280474|-30.755106|-34.550269|-0.021788|-209998.167032|-103.570811
1426|-20.699322|-31.533801|-632.744089|nan|21.861151|-28.158866|-86.743589|-0.840055|-10.732530|-25.366517|-30.003711|-143.833388|-25.534644|-51.181929|-30.755106|-34.131493|-0.020497|-123762.239996|-104.857718
1427|14.696504|-31.924409|-702.910828|17.228561|21.707561|-27.357767|-44.764893|-0.790412|20.129880|-4.892916|5.624573|-142.890181|10.128673|-13.937233|-30.755106|-16.773352|-0.015102|-42307.586816|-105.758018
1428|35.251741|-31.702882|-788.915741|nan|22.423233|-26.276666|-30.833909|-0.742850|37.973181|12.323880|26.492546|-141.125802|30.932275|9.180237|-30.755106|-12.202132|-0.011955|-42304.000000|-106.200311
1429|41.143964|-31.176784|-872.313818|nan|22.720371|-25.371422|-16.902927|-0.728540|45.222511|7.429176|32.733871|-138.653454|37.061907|18.020020|-30.755106|-6.428346|-0.011027|-42301.186816|-106.339695
1430|86.641838|-29.562307|-952.355301|89.805230|25.182952|-23.327163|45.322133|-0.608737|75.794627|54.061121|78.646580|-134.084453|82.755533|68.643850|-30.755106|-5.147594|-0.004113|-42299.498899|-106.549644
1431|99.092313|-27.596081|-1043.940125|102.156596|28.497146|-21.057826|64.454016|-0.376851|93.305989|63.724186|91.548446|-129.283633|95.386291|86.122543|-30.755106|-4.458757|-0.002202|-42298.865933|-106.856620
1432|53.018082|-26.490958|-1143.112939|56.275446|30.894019|-19.940671|34.177346|-0.379638|54.707523|29.655954|45.903250|-126.084607|49.506919|45.041105|-30.755106|-4.394241|-0.009144|-42299.287910|-107.325109
1433|52.627463|-25.116013|-1253.708692|56.860264|33.081552|-18.948634|31.948389|-0.325310|52.200871|24.731701|45.984780|-122.760201|49.321173|49.903294|-30.755106|-4.202740|-0.009172|-19035.375826|-107.798816
1434|56.666651|-23.517641|-1373.219396|nan|35.430401|-18.285256|25.261517|-0.259271|60.073039|36.384069|50.564058|-119.539675|53.593341|59.285897|-30.755106|-4.068168|-0.008525|24853.310770|-108.272522
1435|46.573203|-22.264627|-1453.447679|50.120411|37.474741|-17.857524|9.844561|-0.230832|49.828477|25.983779|40.926377|-117.082524|46.468779|54.364269|-30.755106|8.024512|-0.010014|24855.459339|-108.746229
1436|29.602268|-21.283259|-1488.555589|nan|38.875983|-17.496270|-2.786197|-0.215996|30.629175|5.010398|24.384437|-115.433750|29.751599|42.695024|-30.755106|7.957662|-0.012541|24858.145054|-109.453430
1437|21.898379|-20.615738|-1492.173069|25.929561|40.061301|-17.472776|-5.758139|-0.207656|26.880531|-3.794072|17.071715|-114.508181|22.321742|40.644830|-30.755106|14.879427|-0.013664|24861.202637|-110.160631
1438|27.908682|-19.596490|-1436.756755|33.505319|41.067770|-17.574728|-13.373744|-0.184011|34.875304|5.058189|23.578348|-113.323298|28.637121|52.221856|-30.755106|24.996496|-0.012708|37560.903737|-110.838214
1439|20.891820|-18.422307|-1368.151118|nan|41.950680|-17.693225|-15.788447|-0.159024|25.789342|-0.885157|17.200178|-111.854962|21.950249|50.984130|-30.755106|38.148037|-0.013718|37565.709892|-111.261723
1440|14.031814|-16.752276|-1339.711286|19.035511|42.988699|-18.109902|-31.762642|-0.128775|22.888215|18.592632|11.028653|-110.435099|17.209123|49.682151|-30.755106|46.498439|-0.014701|37570.328788|-111.685232
1441|-1.027173|-15.408817|-1303.389897|4.373886|43.677153|-18.939017|-109.218909|-0.067136|9.974852|1.629656|-3.175476|-109.512111|4.695154|38.723111|-30.755106|53.275689|-0.016919|37574.635603|-111.980012
1442|-7.386076|-14.311641|-1250.155893|nan|44.071114|-19.969343|-112.933838|-0.009976|5.790360|-6.523102|-8.652915|-108.904047|-1.008732|36.818007|-14.379399|55.542650|-0.017817|84154.821100|-112.298597
1443|-9.484078|-13.141290|-1209.263979|nan|44.347295|-20.759322|-103.646516|0.041842|2.438642|-11.724330|-9.731434|-107.982851|-1.880450|39.372570|-10.603854|53.671992|-0.018069|103217.828579|-112.622812
1444|9.592342|-11.695157|-1183.707241|17.266091|44.707203|-20.928850|-60.367595|0.075552|16.020502|6.546895|10.360867|-106.690501|17.622926|63.149868|-5.470457|53.824034|-0.015118|103224.685715|-112.963963
1445|5.821342|-10.694516|-1164.064882|13.233767|45.126662|-21.051665|-58.138637|0.102762|12.438279|-5.007177|7.646418|-105.285317|14.279490|63.375272|-5.470457|53.786878|-0.015623|103229.999995|-113.255255
1446|10.600479|-9.722236|-1136.464564|19.079325|47.141702|-20.806824|-34.177346|0.125541|13.637665|3.454148|13.708229|-101.975500|21.640391|71.942101|-5.470457|54.063924|-0.014835|103233.942864|-113.546546
1447|19.657032|-8.896125|-1114.492534|28.868396|49.897930|-20.334792|-37.335035|0.154732|20.951341|14.855272|24.141346|-98.485567|29.033460|85.047764|-5.470457|54.275411|-0.013402|103236.857147|-113.841695
1448|32.442784|-7.828534|-1111.845104|41.635105|51.973940|-19.333831|-27.490474|0.191791|28.138126|20.433246|38.409662|-94.950706|42.141457|102.124415|-5.470457|54.894728|-0.011407|86826.574068|-114.120022
1449|32.251897|-6.620198|-1137.516637|40.949657|54.221600|-18.269533|-49.037061|0.250599|29.045086|22.548870|39.665228|-92.165448|40.407204|105.705776|-5.470457|55.209872|-0.011379|86827.871649|-114.295008
1450|18.889833|-5.516342|-1156.639038|nan|56.145841|-17.633093|-48.294076|0.292359|20.283137|10.609777|27.597060|-89.912800|27.404952|95.119238|6.687555|55.283710|-0.013343|86828.592527|-114.469994
1451|-2.821949|-4.910425|-1169.265761|7.031544|57.628909|-17.377169|-74.112832|0.329464|1.162901|-3.026064|7.087497|-88.775360|5.724111|75.999004|6.687555|55.014350|-0.016570|86828.880878|-114.633038
1452|-31.401498|-4.948677|-1146.829631|-21.647752|58.538977|-17.778589|-92.873222|0.343902|-23.069046|-30.244221|-20.403746|-87.910712|-22.509348|48.712954|13.830412|46.661733|-0.020837|86828.448351|-114.722776
1453|-17.991612|-4.451644|-1136.364695|-7.013365|59.783781|-17.659857|-79.127985|0.371468|-13.324413|-5.056821|-5.896141|-86.547146|-8.764111|62.406788|23.978736|46.660670|-0.018760|86827.727473|-114.795390
1454|-18.288675|-4.087139|-1112.807262|-7.917622|61.309801|-17.229428|-47.551089|0.395751|-17.564111|3.819403|-5.191563|-84.499752|-13.564111|62.210200|37.166733|46.494356|-0.018760|86827.439122|-114.859413
1455|-52.360125|-4.203719|-1086.541990|-41.257609|62.955476|-17.062894|-68.168945|0.391293|-45.367248|-11.047186|-38.504712|-83.737701|-49.609964|26.230014|45.677319|45.739401|-0.023871|86827.150770|-114.791382
1456|-62.067147|-3.311658|-1054.066455|-49.818793|63.845741|-17.025602|-69.097677|0.378307|-54.760919|-2.560382|-47.545797|-83.096789|-59.243033|13.466270|41.143634|40.615311|-0.025027|86826.862419|-114.697526
1457|-41.837186|-1.889830|-1016.708283|-29.732400|64.741552|-16.595879|-13.002251|0.366439|-37.850320|17.403699|-26.805230|-82.174820|-38.970924|32.024371|36.575743|35.900221|-0.020346|86827.294946|-114.668950
1458|-40.153094|-0.743689|-994.065465|-28.914185|65.801487|-16.054079|9.658815|0.364801|-35.752252|17.536368|-24.707909|-81.163913|-39.193460|31.674494|36.575743|35.639397|-0.018660|86827.871649|-114.635156
1459|-51.643662|-0.192791|-981.756830|nan|66.264774|-15.801694|4.457914|0.365799|-44.522785|11.546721|-36.010108|-81.351432|-50.523993|17.283197|36.575743|35.446757|-0.020374|86828.015824|-114.581997
