859|nan|nan|nan|nan|nan|nan|nan|nan|nan|nan|nan|nan|nan|nan|nan|nan|nan|nan|nan
900|nan|nan|nan|nan|nan|nan|nan|nan|nan|nan|nan|nan|nan|nan|nan|nan|nan|nan|nan
901|nan|nan|nan|nan|nan|nan|nan|nan|nan|nan|nan|nan|nan|nan|nan|nan|nan|nan|nan
902|nan|nan|nan|nan|nan|nan|nan|nan|nan|nan|nan|nan|nan|nan|nan|nan|nan|nan|nan
903|nan|nan|nan|nan|nan|nan|nan|nan|nan|nan|nan|nan|nan|nan|nan|nan|nan|nan|nan
904|nan|nan|nan|nan|nan|nan|nan|nan|nan|nan|nan|nan|nan|nan|nan|nan|nan|nan|nan
905|nan|nan|nan|nan|nan|nan|nan|nan|nan|nan|nan|nan|nan|nan|nan|nan|nan|nan|nan
906|nan|nan|nan|nan|nan|nan|nan|nan|nan|nan|nan|nan|nan|nan|nan|nan|nan|nan|nan
907|nan|nan|nan|nan|nan|nan|nan|nan|nan|nan|nan|nan|nan|nan|nan|nan|nan|nan|nan
908|nan|nan|nan|nan|nan|nan|nan|nan|nan|nan|nan|nan|nan|nan|nan|nan|nan|nan|nan
909|nan|nan|nan|nan|nan|nan|nan|nan|nan|nan|nan|nan|nan|nan|nan|nan|nan|nan|nan
910|nan|nan|nan|nan|nan|nan|nan|nan|nan|nan|nan|nan|nan|nan|nan|nan|nan|nan|nan
911|nan|nan|nan|nan|nan|nan|nan|nan|nan|nan|nan|nan|nan|nan|nan|nan|nan|nan|nan
912|nan|nan|nan|nan|nan|nan|nan|nan|nan|nan|nan|nan|nan|nan|nan|nan|nan|nan|nan
913|nan|nan|nan|nan|nan|nan|nan|nan|nan|nan|nan|nan|nan|nan|nan|nan|nan|nan|nan
914|nan|nan|nan|nan|nan|nan|nan|nan|nan|nan|nan|nan|nan|nan|nan|nan|nan|nan|nan
915|nan|nan|nan|nan|nan|nan|nan|nan|nan|nan|nan|nan|nan|nan|nan|nan|nan|nan|nan
916|nan|nan|nan|nan|nan|nan|nan|nan|nan|nan|nan|nan|nan|nan|nan|nan|nan|nan|nan
917|nan|nan|nan|nan|nan|nan|nan|nan|nan|nan|nan|nan|nan|nan|nan|nan|nan|nan|nan
918|nan|nan|nan|nan|nan|nan|nan|nan|nan|nan|nan|nan|nan|nan|nan|nan|nan|nan|nan
919|nan|nan|nan|nan|nan|nan|nan|nan|nan|nan|nan|nan|nan|nan|nan|nan|nan|nan|nan
920|nan|nan|nan|nan|nan|nan|nan|nan|nan|nan|nan|nan|nan|nan|nan|nan|nan|nan|nan
921|nan|nan|nan|nan|nan|nan|nan|nan|nan|nan|nan|nan|nan|nan|nan|nan|nan|nan|nan
922|nan|nan|nan|nan|nan|nan|nan|nan|nan|nan|nan|nan|nan|nan|nan|nan|nan|nan|nan
923|nan|nan|nan|nan|nan|nan|nan|nan|nan|nan|nan|nan|nan|nan|nan|nan|nan|nan|nan
924|nan|nan|nan|nan|nan|nan|nan|nan|nan|nan|nan|nan|nan|-97.460936|nan|5.564754|nan|nan|nan
925|nan|nan|nan|nan|nan|nan|nan|nan|nan|nan|nan|nan|nan|-85.491222|nan|5.380637|nan|nan|nan
926|nan|nan|nan|nan|nan|nan|nan|nan|nan|nan|nan|nan|nan|-94.823421|nan|4.809151|nan|nan|nan
927|nan|nan|nan|nan|nan|nan|nan|nan|nan|nan|nan|nan|nan|-102.002787|nan|4.249561|nan|nan|nan
928|nan|nan|nan|nan|nan|nan|nan|nan|nan|nan|nan|nan|nan|-94.733296|8.241839|3.859731|nan|nan|nan
929|nan|nan|nan|nan|nan|nan|nan|nan|nan|nan|nan|nan|nan|-95.522249|6.587850|2.260811|nan|nan|nan
930|nan|nan|nan|nan|nan|nan|nan|nan|nan|nan|nan|nan|nan|-108.883025|4.753622|0.059264|nan|nan|nan
931|nan|nan|nan|nan|nan|nan|nan|nan|nan|nan|nan|nan|nan|-135.602168|4.753622|-0.787466|nan|nan|nan
932|nan|nan|nan|nan|nan|nan|nan|nan|nan|nan|nan|nan|nan|-150.366645|-27.739236|-33.722254|nan|nan|nan
933|nan|nan|nan|nan|6.112223|nan|nan|nan|nan|nan|nan|nan|nan|-105.948218|-27.739236|-33.227394|nan|nan|nan
934|nan|nan|nan|nan|6.875513|nan|nan|nan|nan|nan|nan|nan|nan|-94.763172|-27.739236|-33.083620|nan|nan|nan
935|nan|nan|nan|nan|6.336229|nan|nan|nan|nan|-29.351003|nan|nan|nan|-113.657987|-27.739236|-33.061923|nan|nan|nan
936|nan|nan|nan|nan|6.997022|nan|nan|nan|nan|-24.980528|nan|nan|nan|-91.033935|-27.739236|-32.674292|nan|nan|nan
937|nan|nan|nan|nan|7.859571|nan|nan|nan|nan|-40.704866|nan|nan|nan|-101.186482|-27.739236|-32.928510|nan|nan|nan
938|nan|nan|nan|nan|7.855360|nan|nan|nan|nan|-50.975625|nan|nan|nan|-122.732316|-27.739236|-33.373351|nan|nan|nan
939|nan|nan|nan|nan|6.489932|nan|nan|nan|nan|-47.956786|nan|nan|nan|-139.763450|-27.739236|-33.961817|nan|nan|nan
940|nan|nan|nan|nan|6.247766|nan|nan|nan|nan|-20.346670|nan|nan|nan|-115.651024|-27.739236|-34.040115|nan|nan|nan
941|nan|nan|nan|nan|7.086011|nan|nan|nan|nan|-8.064099|nan|nan|nan|-86.612809|-27.739236|-33.719012|nan|nan|nan
942|nan|nan|nan|nan|8.149548|nan|nan|nan|nan|-29.323477|nan|nan|nan|-75.208891|-27.739236|-33.243597|nan|nan|nan
943|nan|-33.874836|nan|nan|9.335396|nan|nan|nan|nan|-23.547347|nan|nan|nan|-78.295087|-27.739236|-33.114819|-0.021994|nan|nan
944|nan|-31.824771|nan|nan|10.115133|nan|nan|nan|nan|-26.875556|nan|nan|nan|-79.826726|-27.739236|-32.796772|-0.022281|nan|nan
945|nan|-30.036679|nan|nan|10.872756|nan|nan|nan|nan|-42.005286|nan|nan|nan|-77.797083|-27.739236|-32.642351|-0.022089|nan|nan
946|nan|-28.062232|nan|nan|11.972955|nan|nan|nan|nan|-20.389350|nan|nan|nan|-73.065794|-27.739236|-32.617558|-0.021416|nan|nan
947|nan|-26.767425|nan|nan|12.649488|nan|nan|nan|nan|-27.869008|nan|nan|nan|-74.157793|-27.739236|-19.755364|-0.021651|nan|nan
948|nan|-25.013047|nan|-20.513913|13.360154|nan|nan|nan|nan|-26.165200|nan|nan|nan|-61.050761|-27.739236|-19.366139|-0.019906|nan|nan
949|nan|-22.585798|nan|-3.641254|14.254700|nan|nan|nan|nan|-24.125674|nan|nan|nan|-41.708398|-27.739236|-18.704044|-0.017339|nan|nan
950|nan|-21.275568|nan|-21.684442|15.437840|nan|nan|nan|nan|-31.486991|nan|nan|nan|-58.322481|-27.739236|-18.913578|-0.019963|nan|nan
951|nan|-20.285473|nan|-21.446879|16.072885|nan|nan|nan|nan|-27.277040|nan|nan|nan|-57.060757|-27.739236|-18.724509|-0.019983|nan|nan
952|nan|-18.405431|nan|1.275645|16.932412|nan|nan|nan|nan|-10.459966|nan|nan|nan|-32.484684|-27.739236|-18.226343|-0.016630|nan|nan
953|nan|-16.988429|nan|-3.644045|17.800356|nan|-54.494829|nan|nan|-19.713862|nan|nan|nan|-34.924536|-27.739236|-17.954185|-0.017220|nan|nan
954|nan|-15.566248|nan|-1.593864|18.783283|nan|-48.720542|nan|nan|-15.668815|nan|nan|nan|-31.334799|-27.739236|-1.133663|-0.016918|nan|nan
955|nan|-14.378662|nan|nan|19.669134|nan|-41.502684|nan|nan|-4.157963|nan|nan|nan|-31.075897|-27.739236|18.765613|-0.017114|nan|nan
956|nan|-13.613796|nan|nan|20.243021|nan|-57.502270|nan|nan|-26.245418|nan|nan|nan|-34.628484|-27.739236|24.171889|-0.017899|nan|nan
957|nan|-13.426214|nan|-22.533408|20.965307|nan|-80.118225|nan|nan|-38.276786|nan|nan|nan|-47.510654|-27.739236|23.828761|-0.020058|nan|nan
958|nan|-13.509071|nan|nan|21.465866|nan|-80.358820|nan|nan|-37.713817|nan|nan|nan|-52.605562|-27.739236|23.594826|-0.021040|nan|nan
959|nan|-14.753686|nan|-63.735012|22.090915|-43.449468|-117.049599|-0.643253|nan|-33.955888|nan|nan|nan|-86.532318|-27.739236|23.485508|-0.026217|nan|nan
1000|nan|-16.277773|nan|nan|22.217630|-44.687009|-144.958650|-0.740949|nan|-58.499925|nan|nan|nan|-98.450872|-27.739236|10.916584|-0.028308|nan|nan
1001|nan|-17.095851|nan|-60.766100|22.578976|-45.322005|-155.544843|-0.676440|nan|-41.899600|nan|-134.628769|nan|-80.055123|-27.739236|10.397396|-0.025903|nan|nan
1002|nan|-18.171934|nan|-66.196651|22.287328|-45.888786|-175.033059|-0.702242|nan|-36.746610|nan|-134.801359|nan|-83.279044|-15.107984|-5.529334|-0.026655|nan|nan
1003|nan|-18.537885|nan|-47.009153|22.257555|-45.903584|-110.673825|-0.706493|nan|-22.817613|nan|-134.652869|nan|-60.990463|-15.107984|-5.486491|-0.023658|nan|nan
1004|nan|-18.951025|nan|nan|22.467617|-45.930852|-101.290608|-0.776054|nan|-29.982718|nan|-134.535433|nan|-60.711481|-15.107984|-5.386417|-0.023908|nan|nan
1005|nan|-18.815146|nan|-28.434293|22.713058|-45.320320|-99.967335|-0.728686|nan|-28.733970|nan|-133.509240|nan|-39.342138|-15.107984|-4.781289|-0.021035|nan|nan
1006|nan|-18.429590|nan|nan|23.198970|-44.495575|-65.923104|-0.658206|nan|-8.066443|nan|-131.376568|nan|-27.586489|-15.107984|-4.250379|-0.019412|nan|nan
1007|nan|-17.049168|nan|22.127742|24.666524|-42.507025|-35.968993|-0.658206|nan|20.039241|nan|-127.760311|nan|14.517464|-15.107984|-2.860646|-0.013521|nan|nan
1008|nan|-15.910988|nan|19.015521|25.971739|-40.887527|-59.667627|-0.576699|nan|22.113934|nan|-125.509692|nan|13.776649|-15.107984|-2.201177|-0.013914|nan|nan
1009|nan|-14.779931|nan|20.205171|26.569808|-39.312309|-76.388998|-0.535995|nan|-11.810011|nan|-123.645772|nan|16.240181|0.142075|-1.504512|-0.013896|nan|nan
1010|nan|-13.427837|nan|nan|27.908066|-37.601546|-40.420005|-0.535995|nan|0.435921|nan|-121.123410|nan|30.242880|0.142075|-0.940885|-0.012182|nan|nan
1011|nan|-12.422016|nan|nan|28.580120|-36.183956|-20.691193|-0.470006|nan|-10.059454|nan|-119.320293|nan|23.722639|0.142075|-0.487839|-0.013539|nan|nan
1012|nan|-11.635654|nan|15.021118|29.154241|-35.034154|-16.119883|-0.423350|nan|-17.261300|nan|-117.401100|nan|20.022338|0.142075|-0.280373|-0.014449|nan|nan
1013|nan|-10.909295|nan|16.738026|29.885079|-33.892352|-19.367920|-0.401779|nan|-10.464700|nan|-114.899471|nan|22.351300|0.142075|0.040518|-0.014413|nan|nan
1014|nan|-10.057879|nan|25.872461|31.331799|-32.586044|-11.789168|-0.394437|nan|1.819766|nan|-111.667531|nan|33.312767|0.142075|0.446202|-0.013003|nan|nan
1030|nan|-9.525605|nan|13.223043|32.530512|-31.752050|-22.375360|-0.394437|nan|14.882516|nan|-109.475553|nan|22.486253|0.142075|0.297930|-0.014770|nan|nan
1031|nan|-9.207260|nan|1.305148|33.056365|-31.221647|-29.352623|-0.366544|nan|-9.566479|nan|-108.464496|nan|12.583133|0.142075|0.026430|-0.016484|nan|nan
1032|nan|-9.062390|nan|nan|33.212198|-30.838067|-38.254648|-0.345961|nan|2.082259|nan|-107.956544|nan|6.260453|0.142075|14.174908|-0.015860|nan|nan
1033|-29.747661|-8.780301|nan|2.656009|33.262032|-30.278710|-19.247622|-0.324914|nan|4.194206|nan|-107.154965|nan|14.618788|0.142075|14.168052|-0.014789|nan|nan
1034|-28.084092|-8.530086|nan|nan|33.519642|-29.720857|-0.721785|-0.305262|nan|10.815835|nan|-106.219242|nan|17.087241|0.142075|14.784560|-0.014610|nan|nan
1035|-26.887527|-8.252617|nan|3.476621|33.960626|-29.220405|-17.322860|-0.286644|nan|10.239599|nan|-105.304507|nan|19.151548|0.142075|25.580656|-0.014450|nan|nan
1036|-31.742068|-7.541570|nan|0.009602|33.993144|-28.813174|-22.375360|-0.272727|nan|8.732977|nan|-104.665617|nan|15.200973|0.142075|27.666690|-0.015182|nan|nan
1037|-16.649282|-6.488058|nan|14.559423|34.308059|-28.054964|15.157502|-0.258957|nan|17.722824|nan|-103.541170|nan|31.287009|0.142075|31.836270|-0.012968|nan|nan
1038|26.708863|-4.246644|nan|57.154628|35.172843|-25.908574|54.013638|-0.217653|nan|35.521079|nan|-101.604540|nan|76.776368|0.142075|32.941146|-0.006612|nan|nan
1039|17.650918|-2.018165|nan|47.195521|36.194971|-24.279937|46.434887|-0.202977|nan|36.298026|nan|-100.463020|nan|69.184378|0.142075|33.180052|-0.005096|nan|nan
1040|34.220690|0.150832|nan|63.408589|36.613686|-22.226919|60.990901|-0.179628|nan|10.451680|nan|-98.385775|nan|88.195707|0.142075|34.278214|-0.002740|nan|nan
1041|79.530867|2.490657|nan|107.828859|38.936785|-19.070609|100.087632|-0.143199|nan|50.502281|nan|-95.036896|nan|136.789408|0.142075|35.880668|0.003843|nan|nan
1042|76.349803|4.418920|nan|103.096098|41.126677|-16.091157|81.321201|-0.111296|nan|43.647348|nan|-92.464556|nan|136.930095|0.142075|36.781120|0.003219|nan|nan
1043|99.912314|6.782991|nan|125.941718|43.474619|-12.612494|97.080191|-0.074342|nan|54.290656|nan|-89.150228|nan|164.431690|0.142075|38.353376|0.006534|nan|-116.911923
1044|139.626135|9.834197|nan|164.305097|46.621465|-8.285068|100.568823|-0.008222|nan|84.782301|nan|-84.834579|nan|209.586826|0.142075|40.431748|0.012219|nan|-117.039527
1045|120.436138|12.295878|nan|143.525390|49.900071|-4.591624|65.923104|0.055830|nan|74.337665|nan|-81.061101|nan|195.748250|0.142075|41.034679|0.009169|nan|-117.156460
1046|105.054480|14.412923|nan|127.460427|52.917636|-0.781138|65.321615|0.105425|nan|57.105611|144.005882|-77.646789|nan|186.132374|0.142075|41.554983|0.006672|nan|-117.283540
1047|85.823926|16.175818|nan|105.763110|55.465002|2.717744|39.577922|0.166627|nan|46.594042|123.487728|-74.392286|nan|171.054779|14.501244|42.510912|0.003607|nan|-117.361811
1048|93.006210|17.900648|nan|112.203744|58.164247|5.625762|65.562211|0.221534|nan|80.211637|129.666570|-70.795110|nan|182.405627|14.501244|43.901777|0.004462|nan|-117.435487
1049|82.340649|19.034943|nan|99.188362|60.831885|8.024396|51.848281|0.288491|nan|53.332720|118.134642|-66.559288|nan|176.100572|15.119163|46.182448|0.002680|nan|-117.504563
1050|89.704024|20.498112|nan|106.188518|63.847508|10.887233|77.231082|0.332271|nan|86.875555|124.152635|-61.778231|nan|187.479271|26.066248|46.285273|0.003570|nan|-117.564424
1051|90.405492|22.021503|-1844.933826|104.606288|66.575536|13.297953|87.576679|0.365534|47.095095|97.452097|124.145669|-57.550364|88.700431|192.204562|28.264467|48.669983|0.003480|nan|-117.630824
1052|81.964527|22.951657|-1579.759022|96.170948|69.687363|15.717666|117.530789|0.375255|28.310391|81.069291|114.253406|-53.488081|71.116322|187.824269|32.206904|71.775669|0.002038|nan|-117.686555
1053|73.632186|23.775069|-1351.259104|85.561030|72.316544|18.172797|105.260430|0.391607|20.687471|81.631479|104.762142|-50.257694|58.132511|183.490201|32.206904|72.360913|0.000613|nan|-117.753184
1054|54.212161|24.201125|-1152.702467|64.871718|74.654766|20.441098|84.689535|0.410746|2.877169|76.627669|84.260704|-47.538586|34.641318|167.228877|32.206904|71.627762|-0.002448|nan|-117.819170
1055|29.070239|24.231264|-988.524927|38.636649|76.603392|21.715007|69.892926|0.400471|-11.308017|48.092674|58.067862|-46.087180|8.296136|144.565823|32.206904|86.815075|-0.006344|nan|-117.875583
1056|24.435902|24.375908|-820.322541|33.410838|77.877623|22.571946|54.976020|0.398004|-15.323195|35.148517|52.531654|-45.051056|2.521850|142.173286|32.206904|72.970698|-0.007197|nan|-117.939084
1057|16.479197|24.536251|-672.930808|23.394565|78.985437|23.073982|39.818517|0.397401|-18.665221|22.781963|43.717779|-45.348772|-6.500473|136.384564|32.206904|66.903053|-0.008530|nan|-118.021910
1058|20.393964|24.972043|-521.090818|27.276861|79.483927|23.831181|42.946255|0.406084|-22.498373|20.430773|46.885208|-45.445221|-3.613330|142.338786|32.206904|62.036729|-0.008102|nan|-118.093359
1059|9.453151|25.680071|-373.908013|14.704301|80.028957|24.329793|40.540303|0.417870|-25.527246|18.829370|35.168184|-45.854395|-15.522796|133.311214|32.206904|56.892061|-0.009861|nan|-118.164807
1100|-12.856667|26.283857|-243.155242|-8.843732|79.794810|24.350065|5.413394|0.403594|-44.344393|2.370847|12.285730|-47.186370|-38.740239|113.209989|32.206904|40.215398|-0.011744|nan|-118.222902
1101|-49.202751|25.936230|-128.199654|-45.483666|79.311301|23.462048|-43.307148|0.409163|-71.194879|-24.155975|-24.562427|-49.258089|-75.912208|78.727438|17.610755|20.069065|-0.017236|nan|-118.268197
1102|-46.143966|25.956916|-42.713261|-42.900132|78.429555|22.966449|-48.359649|0.409517|-72.349815|-22.393795|-21.822020|-51.048817|-73.626553|83.599967|5.081595|6.960158|-0.014223|nan|-118.289060
1103|-44.468606|25.508612|7.182248|-42.803754|78.020743|22.291755|-40.179410|0.410549|-64.665356|-17.921476|-20.453064|-52.774060|-72.664172|84.756981|5.081595|6.331261|-0.014079|nan|-118.280773
1104|-46.106750|25.127970|48.592964|nan|77.592054|21.351487|-41.262088|0.410339|-60.632198|-17.277922|-22.379728|-54.805039|-70.149827|81.517455|5.081595|5.825262|-0.012575|nan|-118.254194
1105|-20.924161|24.962090|77.802666|-19.689432|77.086410|21.387498|-15.638693|0.404341|-51.210885|-12.602223|2.752399|-55.795720|-44.649110|105.335233|5.081595|6.036628|-0.008948|nan|-118.230114
1106|-12.121501|24.655435|109.825411|-12.373967|77.212101|21.566178|-12.390657|0.389121|-36.389166|10.031129|11.669332|-56.226255|-36.468871|109.914135|5.081595|6.190417|-0.007740|nan|-118.179490
1107|-3.584356|23.927691|126.671689|-3.052754|77.671652|21.557875|10.465894|0.387001|-23.730409|21.929106|20.356072|-56.231118|-28.529227|114.448519|5.081595|6.451259|-0.006566|nan|-118.125477
1108|-26.003405|22.685815|115.355638|-26.942417|78.140979|21.006197|30.315004|0.365487|-38.304305|5.733319|-2.257854|-57.067598|-50.066075|86.922259|5.081595|6.023401|-0.009960|nan|-118.035338
1109|-34.022618|21.459153|60.440810|-36.231274|78.517601|20.259542|12.150061|0.360526|-44.443378|5.313221|-10.451749|-58.139832|-58.607207|71.251942|5.081595|5.524224|-0.011223|nan|-117.879928
1110|-33.412918|20.046570|9.529412|nan|78.688811|19.579888|28.149647|0.346831|-42.004843|15.587201|-10.189889|-59.226596|-58.486909|64.138014|5.081595|5.129096|-0.011206|nan|-117.695050
1111|-35.960503|18.816551|-39.037203|-38.859260|78.805701|18.976278|69.532033|0.320768|-42.371990|-5.541694|-13.316492|-60.247184|-58.774350|54.841724|5.081595|4.819913|-0.011651|nan|-117.510440
1112|-9.991133|18.230913|-89.072527|-12.482612|78.750512|19.291387|90.824714|0.306157|-29.030662|15.526864|12.113222|-61.014952|-33.271252|73.841688|5.081595|5.196902|-0.007883|nan|-117.418037
1113|-4.714387|17.734557|-110.360645|-8.650471|78.415780|19.727155|118.011980|0.277950|-20.057871|12.988195|16.492783|-62.840423|-28.459346|72.007602|5.081595|5.336145|-0.007172|nan|-117.325634
1114|-2.657244|17.157314|-122.059023|-5.464589|77.577162|20.821158|157.950795|0.242520|-30.734592|7.687794|17.428164|-64.332738|-30.655477|66.782623|5.081595|5.595736|-0.006941|nan|-117.226754
1115|2.789981|16.837168|-124.745263|-2.149416|77.416703|22.162362|142.312102|0.213003|-24.041505|24.098568|21.690848|-66.095037|-26.843274|65.093645|5.081595|5.638563|-0.006213|nan|-117.117300
1116|14.152223|16.987341|-97.464048|9.901418|75.613981|23.519174|136.297220|0.182751|-14.415307|26.849165|31.742594|-68.765520|-16.016487|69.633420|5.081595|5.973115|-0.004613|nan|-117.005432
1117|39.488213|17.762908|-83.685545|34.527177|73.623281|25.511372|140.387340|0.106032|9.405416|38.892309|55.933522|-70.607079|8.764826|89.525567|5.081595|17.832975|-0.000952|nan|-114.196778
1118|34.871630|18.287020|-79.158862|28.730655|71.943791|26.861156|140.988829|0.067856|11.592913|36.874283|49.969386|-73.201499|3.592028|78.816168|5.081595|20.926181|-0.001716|nan|-111.774903
1119|27.006057|18.693619|-66.193550|nan|68.937713|28.081656|120.538230|0.017602|3.731488|11.291274|40.541968|-77.071674|-4.828807|66.187978|5.081595|27.324430|-0.002960|nan|-109.681149
1120|4.196758|18.566382|-16.473183|-2.921415|65.908117|28.412214|103.215371|-0.007110|-7.046253|-23.561744|16.141010|-80.986849|-28.166548|39.066548|5.081595|38.636597|-0.006408|nan|-107.940926
1121|-6.130308|18.396895|31.471983|-14.252291|63.332552|28.345770|91.787096|-0.033172|-16.032154|-28.487224|3.583598|-84.679651|-38.993335|25.302748|5.081595|38.115372|-0.008008|nan|-106.159089
1122|-24.814719|17.606629|82.990840|-32.953171|61.001382|27.219723|62.915663|-0.063059|-19.639182|-29.867325|-17.307987|-88.265797|-58.120659|2.738412|5.081595|37.391733|-0.010834|nan|-104.573930
1123|-39.459038|15.891471|154.839777|-47.893080|58.567304|25.772679|38.254647|-0.092704|-34.914912|-36.729176|-34.208129|-92.390736|-73.157864|-15.233305|5.081595|36.364714|-0.013988|nan|-102.929030
1124|-27.678305|14.506251|267.526309|-35.813828|56.257583|24.699767|28.991730|-0.114091|-26.127816|-25.238573|-24.546228|-95.832832|-61.729588|-6.668113|5.081595|35.882119|-0.012300|nan|-101.333975
1125|-25.677454|13.017284|422.791121|nan|54.019902|23.508465|4.330715|-0.130975|-24.284239|-25.737740|-24.463795|-99.436886|-57.565421|-7.608684|5.081595|35.522775|-0.012052|nan|-99.917505
1126|9.635319|11.436692|524.268204|0.642673|51.515599|23.419773|33.563041|-0.134844|-0.960881|-7.618949|9.142412|-102.071086|-18.158809|25.448668|5.081595|35.013755|-0.006878|nan|-98.726725
1127|37.971159|10.273305|604.449661|28.772775|49.745985|23.977594|52.570067|-0.126724|21.869062|12.244043|36.104617|-103.653358|10.750540|51.706798|5.081595|35.854256|-0.002736|nan|-98.681093
1128|27.680492|8.601170|678.788189|17.519939|48.122715|24.193971|44.871018|-0.126074|17.843165|4.862447|24.477843|-105.285241|0.644348|39.224403|5.081595|36.207087|-0.004300|nan|-98.680001
1129|14.843164|6.140133|716.159655|4.427648|46.902072|23.898923|19.849109|-0.127249|11.531314|-2.127211|10.425419|-106.717602|-6.228095|25.626708|5.081595|36.174842|-0.006237|nan|-98.675481
1330|-5.100287|3.484879|743.296915|nan|45.516552|23.464221|-23.578336|-0.126094|-14.197506|-24.931431|-10.534547|-108.004158|-26.118097|5.233853|5.081595|34.556327|-0.009224|nan|-98.635740
1331|22.358228|1.803361|777.080142|12.036770|44.659419|23.837065|-33.563040|-0.116701|5.228873|6.561508|16.173147|-108.398578|7.949168|32.340816|5.081595|34.998923|-0.005206|nan|-98.630069
1332|20.220355|0.391098|841.546691|9.007408|44.300902|24.148533|-33.683337|-0.117896|7.063806|-1.700968|13.253314|-108.631373|5.543216|29.925990|16.229161|35.032230|-0.005562|nan|-98.616977
1333|-13.827889|-1.695478|881.430103|-25.771183|44.148339|23.474782|-67.727568|-0.132384|-15.782509|-29.724183|-22.426747|-109.953774|-28.103396|-4.898831|19.246537|34.283921|-0.010734|nan|-98.631859
1334|-15.179783|-3.478909|928.235121|-27.145410|43.864723|22.844364|-72.298878|-0.163754|-19.988755|-41.059051|-25.350948|-111.035078|-30.389051|-5.609181|25.605435|33.857052|-0.011072|nan|-98.714315
1335|-54.089977|-6.120871|993.828111|-67.847638|43.750090|21.182070|-87.576679|-0.188286|-48.205204|-65.091855|-66.133604|-112.576320|-70.207569|-44.465839|32.272431|30.126059|-0.020103|nan|-98.811601
1336|-82.921358|-9.231967|1051.549607|-96.775353|42.758368|19.211336|-109.109955|-0.214412|-78.638719|-74.550882|-96.860639|-113.896690|-99.921084|-72.847747|-16.488703|-19.704353|-0.028968|nan|-98.894047
1337|-45.979978|-11.353173|1096.683286|-61.121322|42.744664|17.849676|-65.081021|-0.227114|-44.949136|-25.901537|-61.866531|-114.219357|-63.831794|-35.654219|-16.488703|-20.039935|-0.023637|nan|-98.898174
1338|-44.968445|-13.458143|1118.483378|-61.797562|42.553163|15.772122|-87.817274|-0.243720|-31.028540|-25.704410|-62.620995|-114.574287|-63.591199|-35.078602|-16.488703|-20.413866|-0.023604|nan|-98.902301
1339|-32.329718|-14.939207|1165.235558|-48.514577|42.471539|14.159968|-84.448940|-0.253582|-28.639075|-19.157686|-51.601451|-114.574072|-51.681733|-22.453162|-16.488703|-20.505633|-0.021846|nan|-98.920914
1340|-34.443104|-16.068629|1211.183484|-52.662522|42.294746|12.215727|-87.095487|-0.265266|-16.925919|-17.561435|-55.379765|-115.355159|-54.448578|-24.790747|-16.488703|-20.683618|-0.022258|nan|-98.942092
1341|-38.955174|-17.082460|1206.461425|nan|41.606139|9.431106|-95.155429|-0.276340|-9.577536|-23.119609|-61.535934|-116.507590|-59.181079|-29.848060|-16.488703|-20.926837|-0.023009|nan|-98.684384
1342|-36.462422|-17.916167|1180.157732|nan|40.835396|6.793300|-67.607271|-0.294464|-11.211594|-20.002946|-60.726434|-117.790915|-56.496019|-30.294568|-16.488703|-21.064285|-0.022711|nan|-98.512920
1343|-8.214984|-18.213833|1129.738762|-26.896998|40.249392|4.501011|-34.886314|-0.298456|20.535394|-7.424515|-33.693766|-117.630417|-28.586968|-4.768160|-16.488703|-20.502108|-0.018585|nan|-98.445963
1344|9.920286|-18.104690|1047.451587|-8.478476|40.007917|1.907176|-15.398097|-0.301540|48.779447|10.414927|-16.556721|-116.759105|-10.662620|11.569090|-16.488703|-19.861668|-0.015935|nan|-98.287788
1345|3.298262|-17.725431|979.841757|-16.212622|40.003345|-0.646795|-17.202562|-0.305223|36.282781|-5.199525|-23.926049|-116.104987|-17.319288|2.945324|-16.488703|-19.783065|-0.016934|nan|-97.775485
1346|5.117564|-16.674633|916.978833|-13.412519|39.951346|-2.774708|-4.571310|-0.303648|36.086359|-14.561295|-22.537965|-115.350643|-11.434823|3.262691|-16.488703|-19.374992|-0.016668|nan|-97.289174
1347|20.459243|-15.257433|865.234334|2.009426|40.305272|-4.264912|35.608100|-0.255741|45.563570|0.594909|-7.680309|-114.940659|7.883274|17.442326|-16.488703|-18.868257|-0.014390|nan|-96.797545
1348|-6.019523|-14.488640|811.975293|-25.130775|40.319165|-6.591870|4.090120|-0.260717|32.818980|-30.784223|-34.488692|-115.423094|-18.461908|-10.371318|-16.488703|-19.213534|-0.018289|nan|-96.109628
1349|-16.685644|-13.819168|758.829282|nan|40.069538|-8.810635|-14.796609|-0.248251|17.953381|-43.918753|-45.211092|-116.230364|-16.847802|-21.955674|-16.488703|-19.297126|-0.019839|nan|-95.000207
1350|-18.288489|-13.611503|723.333828|-37.470208|39.586612|-11.193608|-39.457624|-0.263291|21.750403|-42.977310|-46.775350|-117.167721|-11.931076|-24.747410|-16.488703|-19.483027|-0.020036|nan|-93.449497
1351|-15.502585|-13.544611|725.044315|-33.083577|39.155424|-13.439035|-47.156673|-0.267017|21.519615|-42.222624|-43.855643|-118.281496|-8.803338|-22.888134|-16.488703|2.364631|-0.019576|nan|-92.375068
1352|-5.814797|-13.458604|784.004466|nan|39.108529|-15.347329|-56.178995|-0.261508|32.105206|-23.925558|-34.031042|-119.790750|12.341664|-14.194682|-16.488703|7.436474|-0.018083|nan|-91.487792
1353|0.325679|-12.957346|850.908413|-16.368216|38.461635|-16.926299|-64.599831|-0.251686|30.640691|-12.371320|-27.477868|-120.965864|18.958033|-8.812863|-16.488703|14.826139|-0.017105|nan|-90.659328
1354|-8.627312|-12.528623|902.124230|-25.583081|38.404101|-18.472844|-61.592389|-0.248414|21.580154|-10.857015|-36.028013|-122.135029|6.377199|-18.380010|-16.488703|16.289389|-0.018354|nan|-90.211225
1355|2.249647|-11.857852|975.531002|-13.645559|38.253727|-19.256916|-48.479947|-0.237596|20.447838|-11.870003|-24.564200|-122.327881|10.445474|-7.803932|-16.488703|16.442762|-0.016664|nan|-90.126911
1356|-6.391644|-11.370421|998.343069|-22.609525|38.268239|-20.189805|-21.533276|-0.241287|17.909371|-7.107940|-32.709992|-122.443863|2.385533|-17.069011|-16.488703|18.332191|-0.017860|nan|-90.094044
1357|5.526660|-11.001980|1011.646231|-9.212326|38.342124|-20.635732|19.007027|-0.253028|21.539146|11.577236|-20.265086|-121.681826|12.736487|-6.223717|-16.488703|27.413868|-0.016009|nan|-90.071045
1358|18.501547|-10.597189|1002.797777|nan|38.598323|-20.854903|22.014468|-0.256403|34.971008|13.953625|-6.618729|-120.165307|26.330120|6.511047|-16.488703|32.207551|-0.013996|nan|-90.193808
1359|16.428315|-10.249725|985.498471|2.076062|38.918235|-20.971918|7.458453|-0.256071|29.528027|10.929104|-8.040614|-119.039562|21.606548|4.342408|-16.488703|32.360112|-0.014210|nan|-90.455862
1400|4.126260|-10.292506|936.408436|-9.605269|38.895080|-20.956937|-24.420420|-0.242969|14.737381|-3.319754|-19.821969|-118.336144|4.897677|-8.394189|-16.488703|32.350894|-0.015939|nan|-90.743244
1401|-6.108526|-10.668859|897.515743|-19.298056|39.142448|-20.532529|-6.856965|-0.267652|-4.566133|-23.497324|-29.856824|-118.910373|-16.166133|-18.415271|-16.488703|32.215425|-0.017364|nan|-91.037230
1402|-3.112703|-11.374090|849.212381|nan|39.825741|-20.071582|-5.653988|-0.275754|5.443684|-32.820538|-26.839891|-120.146369|-12.557204|-15.484711|-16.488703|32.136797|-0.016830|nan|-91.190754
1403|-6.124164|-12.164806|800.712472|nan|40.338589|-19.654632|-43.066553|-0.280089|-0.802565|-28.934029|-29.673788|-121.133312|-14.963157|-18.573626|-16.488703|32.103494|-0.017187|nan|-91.451209
1404|2.910537|-12.588905|753.022481|nan|40.712913|-18.974763|-35.728397|-0.253962|4.581246|-26.733309|-20.397075|-121.431285|-5.339346|-9.007777|-16.488703|34.064297|-0.015761|nan|-91.605333
1405|2.655885|-12.682207|725.522968|-8.030801|41.660824|-18.700955|-75.186022|-0.234635|10.381843|-15.544563|-20.201039|-121.138822|-4.978453|-9.079846|-16.488703|34.213064|-0.015708|nan|-91.781542
1406|-12.416118|-12.886225|712.515532|-22.469591|42.128980|-18.862236|-119.335254|-0.234697|-4.133874|-33.836050|-34.968852|-122.024337|-19.414170|-23.588398|5.314873|42.032791|-0.017846|nan|-92.060827
1407|-6.812519|-12.594928|687.701077|-15.073048|42.104575|-18.990245|-76.990487|-0.227785|0.201307|-35.123987|-29.017078|-122.673956|-13.158693|-16.033269|10.317372|42.201720|-0.016919|nan|-92.453620
1408|-17.811401|-12.322625|663.155692|-26.176976|42.694359|-19.076772|-87.095488|-0.221268|-13.902217|-31.191981|-39.595830|-122.632007|-24.864289|-25.523657|17.464934|42.736260|-0.018453|nan|-93.381800
1409|-30.616023|-12.387627|640.483488|-38.430333|42.948980|-19.250637|-87.336083|-0.224513|-28.451687|-20.366113|-52.027715|-122.842245|-40.374350|-38.000292|19.169397|42.369655|-0.020256|nan|-94.300951
1410|-57.632792|-12.978352|629.566350|-64.569009|43.019940|-20.103178|-116.448110|-0.243413|-46.796275|-35.456343|-78.477890|-122.656744|-67.999532|-64.417501|19.169397|31.875331|-0.024162|nan|-95.637247
1411|-57.471351|-13.940996|608.325923|-63.344431|44.109376|-20.697308|-120.658528|-0.254460|-51.554194|-32.485526|-77.566562|-121.629386|-68.517449|-63.308051|21.214457|18.934662|-0.024041|nan|-97.454008
1412|-45.082664|-15.209061|596.091455|-51.102407|44.964792|-21.444877|-105.501026|-0.261903|-32.041457|-11.628610|-64.355682|-121.239351|-55.405007|-50.613544|23.029218|18.632094|-0.022100|nan|-99.037280
1413|-25.496078|-15.930174|583.425841|-30.000441|45.472355|-21.670283|-57.261674|-0.275845|-22.753817|-10.219481|-43.999423|-120.349755|-35.074706|-30.593488|23.029218|19.063189|-0.019087|nan|-100.727573
1414|-4.262433|-16.108044|560.637327|-7.984881|45.775586|-21.451268|-17.322859|-0.277533|-3.459647|-1.430239|-22.023085|-119.222872|-13.060239|-8.391828|23.029218|19.754530|-0.015824|nan|-102.631880
1415|-7.125062|-15.907788|528.395396|-10.508723|46.409151|-21.486519|-26.104587|-0.278992|-4.624410|0.878794|-24.080364|-118.079782|-15.105299|-10.970874|23.029218|20.025574|-0.016128|nan|-104.330346
1416|-1.242385|-16.003113|438.539326|-3.201976|46.793303|-21.486826|-17.563454|-0.277272|1.631961|-1.513417|-17.313490|-116.630444|-8.368631|-4.195913|23.029218|20.580516|-0.015130|nan|-105.787152
1417|-6.960282|-16.266339|345.885652|-8.585562|47.436577|-22.117995|-6.977263|-0.280503|6.020648|6.807797|-22.045359|-115.384880|-13.180537|-9.431065|23.029218|20.735247|-0.015844|nan|-107.076141
1418|-9.454969|-15.964117|207.382755|-9.292962|47.595941|-22.639422|-34.886314|-0.263476|-4.103222|-6.397974|-23.475218|-114.979458|-14.744406|-11.110487|23.029218|21.037097|-0.016076|nan|-108.438878
1419|-9.449043|-15.554793|21.541223|nan|47.727486|-23.075224|-44.389827|-0.253451|-1.301432|-15.612459|-22.408218|-115.047573|-13.782025|-10.494428|23.029218|21.142590|-0.015934|nan|-109.665045
1420|-6.186529|-14.457376|-145.585012|-4.109787|47.513112|-23.001772|-41.502684|-0.238413|-5.410719|-36.819172|-17.993009|-114.786604|-11.331608|-6.175205|23.029218|21.401160|-0.015310|nan|-110.857067
1421|-0.621098|-12.597378|-314.934480|2.087605|47.354465|-22.600676|-31.878873|-0.241302|-2.995535|-17.942633|-11.241172|-114.379027|-6.355535|0.340116|23.029218|21.776233|-0.009703|-128422.498464|-112.001176
1422|-15.110709|-11.678003|-501.845181|-11.929693|47.497337|-22.350678|-35.367504|-0.242386|-12.267391|-34.343898|-24.607896|-114.742155|-22.909168|-13.051198|23.029218|21.468634|-0.011719|-95500.797357|-113.148426
1423|-19.812151|-10.804068|-668.175474|-15.074053|47.304944|-21.838791|-32.600660|-0.244549|-24.436916|-24.734846|-28.184270|-114.416244|-32.198693|-17.158817|23.029218|21.400693|-0.012291|-95495.351208|-114.183568
1424|-33.033906|-10.437059|-808.564264|-28.216533|47.927745|-21.879748|-53.412150|-0.248967|-27.066979|-7.939166|-40.304323|-114.123919|-44.589349|-29.959081|23.029218|20.905361|-0.014129|-59344.975826|-115.104633
1425|-51.893990|-10.378989|-931.225136|nan|48.150680|-22.264542|-60.028520|-0.267032|-43.911624|-31.915757|-58.219984|-114.272920|-62.633994|-48.095152|23.029218|20.389762|-0.016807|-59343.331872|-115.920364
1426|-41.419029|-10.018586|-1062.054229|-34.469976|48.223479|-22.889551|-56.780484|-0.279072|-24.444535|-18.352740|-46.796185|-114.235956|-51.326017|-36.605874|23.029218|27.102051|-0.015131|-33447.405712|-116.565958
1427|-48.545648|-9.875072|-1178.729812|-41.313389|48.139292|-24.176772|-50.525007|-0.296691|-22.619419|-29.117424|-53.111427|-114.663175|-57.581494|-42.990655|23.029218|26.776527|-0.016060|-14025.965714|-117.161769
1428|-43.901719|-9.997903|-1297.185282|-34.901184|48.285287|-25.158165|-31.397682|-0.314100|-20.845727|-19.792472|-47.864663|-115.109024|-52.047802|-37.548390|23.029218|27.034121|-0.015241|-8631.068132|-117.728173
1429|-27.463249|-10.128982|-1408.299401|-17.872807|48.218276|-25.491315|-15.518395|-0.320628|-11.363165|-12.732287|-30.711884|-114.860354|-34.724943|-20.233624|23.029218|31.901255|-0.012672|-8630.730550|-118.015901
1430|-34.731249|-10.439428|-1523.501763|-25.128772|48.219259|-25.643123|-33.563041|-0.344659|-15.898644|-4.965931|-37.254671|-115.120326|-41.100718|-27.000825|23.029218|31.920858|-0.013619|-8630.336703|-118.110443
1431|-22.052803|-10.400660|-1632.635818|-10.651888|47.762222|-25.898343|-29.593218|-0.335476|-0.385899|0.753055|-23.511188|-114.787181|-27.507085|-13.708680|23.029218|32.444871|-0.011602|48543.428570|-118.059340
1432|-21.174778|-10.664388|-1732.941291|-9.725607|47.629537|-26.148577|-24.179824|-0.327376|-0.660842|-2.637655|-21.426119|-114.769878|-25.702620|-12.433525|23.029218|32.603392|-0.011335|79823.198244|-118.018841
1433|-49.637335|-11.067559|-1823.926828|-36.833313|47.567352|-26.492264|-54.133936|-0.327281|-30.368703|-22.794626|-48.825872|-115.889821|-48.610779|-40.862341|23.029218|32.141815|-0.015425|79818.644390|-117.995303
1434|-54.393536|-11.159642|-1897.141507|-40.234678|46.969668|-26.764461|-48.359649|-0.344921|-33.898820|-43.749856|-52.621898|-117.102664|-52.300303|-44.453474|23.029218|31.292494|-0.015997|79813.309890|-118.011141
1435|-68.731642|-11.560977|-1967.513524|-54.322591|46.406778|-26.680044|-61.472091|-0.435189|-57.453044|-55.020810|-66.116514|-118.362896|-75.053638|-57.982272|23.029218|20.986644|-0.017997|79806.934500|-118.079556
1436|-91.224771|-12.335946|-2034.324618|-75.772208|45.534317|-26.634758|-97.561382|-0.440528|-70.784837|-69.611259|-87.798183|-119.912457|-96.707212|-79.484725|12.568082|8.108305|-0.022982|79799.258024|-118.355360
1437|-80.619586|-12.996441|-2069.506151|-63.968635|43.856693|-26.809185|-79.877630|-0.467051|-57.517156|-59.543007|-76.428469|-121.224331|-85.278937|-68.182640|12.231651|7.438267|-0.021288|79790.150329|-119.086793
1438|-75.387499|-13.681963|-2085.177006|nan|42.409021|-26.837496|-84.208344|-0.479022|-53.821089|-52.711458|-70.541656|-122.227881|-79.264055|-62.235125|12.231651|7.234425|-0.020398|79780.392085|-119.383492
1439|-69.413044|-14.169247|-2045.529426|-50.927461|41.058135|-26.855209|-89.621738|-0.480072|-48.044128|-33.590166|-63.910536|-123.277811|-72.527388|-55.624648|12.231651|7.288196|-0.019400|79769.983293|-119.424370
1440|-66.525481|-14.739165|-2006.295366|-48.157205|39.966162|-26.796734|-112.357991|-0.465612|-45.395493|-26.327955|-60.480947|-124.220330|-68.918459|-52.289508|12.231651|7.234851|-0.018867|79759.314281|-119.426485
1441|-60.447827|-15.052415|-1997.721532|nan|39.213879|-26.457007|-104.779240|-0.453207|-43.538531|-19.858189|-53.958716|-124.561221|-62.181791|-45.602529|12.231651|7.406165|-0.017869|79749.035610|-119.320333
1442|-69.123067|-15.735330|-1991.279965|-49.483263|38.715266|-26.381046|-99.726740|-0.453354|-48.238471|-17.990807|-62.249123|-125.326896|-70.241733|-55.225851|12.231651|7.289386|-0.019069|79738.366597|-119.583779
1443|-97.626912|-17.170337|-2024.993822|-77.247703|37.124489|-27.421523|-107.305490|-0.463286|-60.546040|-51.235784|-90.564448|-126.560427|-98.150784|-84.641737|12.231651|6.641278|-0.023658|79726.916927|-120.168792
1444|-95.904800|-18.452510|-2090.763413|nan|36.199553|-28.652519|-83.005368|-0.488251|-56.660681|-37.344826|-88.772044|-127.392778|-95.865129|-83.862209|12.231651|6.201222|-0.023322|99642.870335|-120.737998
1445|-85.246040|-19.313973|-2153.041507|-63.037428|35.733925|-29.415580|-73.862748|-0.501827|-55.793298|-36.042608|-77.892445|-127.195293|-83.877449|-74.075392|12.231651|6.236568|-0.021664|99625.956037|-121.262954
1446|-83.230083|-19.997267|-2183.680979|-61.715003|35.843715|-30.192067|-64.599830|-0.518280|-47.586457|-28.694533|-75.750821|-126.937100|-79.991199|-73.319623|12.231651|6.181276|-0.021293|115222.679555|-121.809656
1447|-67.249096|-20.401924|-2199.745695|-44.328475|35.736573|-30.807662|-52.930960|-0.529724|-33.427456|-16.812307|-59.579187|-126.675783|-63.510423|-58.694855|12.231651|6.517385|-0.018845|169574.123074|-122.563199
1448|-66.381186|-20.761644|-2212.924420|-43.919884|35.945221|-31.011308|-53.171555|-0.540776|-39.623589|-21.417421|-58.582922|-126.991689|-62.187149|-58.901932|12.231651|6.693686|-0.018652|169545.600000|-123.265158
1449|-71.741259|-21.347935|-2216.025492|-48.863133|36.214466|-31.164431|-57.141377|-0.554456|-40.556383|-28.898460|-63.878442|-128.074495|-67.119352|-65.731152|12.231651|6.743080|-0.019388|203959.974508|-123.975175
1450|-74.657803|-21.959461|-2254.986029|-50.147062|35.854394|-31.317901|-55.457210|-0.576090|-44.842929|-44.079996|-66.843316|-129.170595|-69.645602|-69.671085|12.231651|6.846614|-0.019766|203929.321322|-124.453953
1451|-68.286958|-22.127557|-2326.431717|-44.636026|36.130891|-31.450677|-42.224469|-0.572786|-34.185372|-30.367501|-60.637345|-130.156707|-62.908934|-64.801382|12.231651|6.837362|-0.018767|222190.732311|-124.657451
1452|-76.814052|-22.513168|-2396.111424|-52.510110|36.233208|-31.975223|-63.998342|-0.591040|-38.525610|-37.225065|-69.251430|-131.193215|-69.889174|-75.036086|12.231651|11.980689|-0.019987|222156.603081|-124.757311
1453|-61.628526|-22.455848|-2459.600788|-36.499417|36.491391|-32.148818|-52.329472|-0.599695|-27.088106|-39.447892|-54.234338|-131.764761|-54.370779|-60.682501|12.231651|12.312926|-0.017680|205988.342862|-124.688925
1454|-20.300362|-21.396918|-2532.308844|5.114868|36.932418|-31.270991|-23.097146|-0.589238|0.614281|-14.911989|-12.890268|-131.215025|-12.747797|-18.746910|12.231651|13.250687|-0.011487|177457.898904|-124.663322
1455|-41.527461|-20.500828|-2613.398060|-16.110607|37.600743|-31.197490|-62.073579|-0.574732|-7.996616|-17.584219|-34.133143|-131.374804|-33.679585|-39.928588|12.231651|13.419534|-0.014604|177432.659342|-124.620742
1456|-52.634134|-19.668998|-2685.974781|-27.393403|38.337558|-31.224895|-61.592390|-0.566333|-21.462515|-33.305451|-45.369771|-131.968809|-44.506373|-50.120204|12.231651|13.447350|-0.016218|177409.740658|-124.515397
1457|-77.589648|-19.596973|-2753.302781|-51.671491|38.019490|-32.080672|-92.508882|-0.563352|-34.762639|-41.561626|-70.431021|-132.825511|-69.167388|-74.530727|12.231651|12.903144|-0.019893|177388.852740|-124.733584
1458|-82.348381|-19.805457|-2799.740802|-56.513669|37.911686|-33.186616|-91.426202|-0.568969|-37.774834|-41.494795|-75.278672|-133.736262|-72.258400|-78.485413|12.231651|14.819631|-0.020559|177369.995616|-125.428587
1459|-78.334176|-20.361129|-2826.391728|-51.047195|37.173002|-34.098250|-69.772628|-0.579935|-38.404120|-49.754133|-71.369512|-134.139307|-67.927685|-73.191705|12.231651|15.406758|-0.019917|177352.879123|-125.922731
