900|nan|nan|nan|nan|nan|nan|nan|nan|nan|nan|nan|nan|nan|nan|nan|nan|nan|nan|nan
901|nan|nan|nan|nan|nan|nan|nan|nan|nan|nan|nan|nan|nan|nan|nan|nan|nan|nan|nan
902|nan|nan|nan|nan|nan|nan|nan|nan|nan|nan|nan|nan|nan|nan|nan|nan|nan|nan|nan
903|nan|nan|nan|nan|nan|nan|nan|nan|nan|nan|nan|nan|nan|nan|nan|nan|nan|nan|nan
904|nan|nan|nan|nan|nan|nan|nan|nan|nan|nan|nan|nan|nan|nan|nan|nan|nan|nan|nan
905|nan|nan|nan|nan|nan|nan|nan|nan|nan|nan|nan|nan|nan|nan|nan|nan|nan|nan|nan
906|nan|nan|nan|nan|nan|nan|nan|nan|nan|nan|nan|nan|nan|nan|nan|nan|nan|nan|nan
907|nan|nan|nan|nan|nan|nan|nan|nan|nan|nan|nan|nan|nan|nan|nan|nan|nan|nan|nan
908|nan|nan|nan|nan|nan|nan|nan|nan|nan|nan|nan|nan|nan|nan|nan|nan|nan|nan|nan
909|nan|nan|nan|nan|nan|nan|nan|nan|nan|nan|nan|nan|nan|nan|nan|nan|nan|nan|nan
910|nan|nan|nan|nan|nan|nan|nan|nan|nan|nan|nan|nan|nan|nan|nan|nan|nan|nan|nan
911|nan|nan|nan|nan|nan|nan|nan|nan|nan|nan|nan|nan|nan|nan|nan|nan|nan|nan|nan
912|nan|nan|nan|nan|nan|nan|nan|nan|nan|nan|nan|nan|nan|nan|nan|nan|nan|nan|nan
913|nan|nan|nan|nan|nan|nan|nan|nan|nan|nan|nan|nan|nan|nan|nan|nan|nan|nan|nan
914|nan|nan|nan|nan|nan|nan|nan|nan|nan|nan|nan|nan|nan|nan|nan|nan|nan|nan|nan
915|nan|nan|nan|nan|nan|nan|nan|nan|nan|nan|nan|nan|nan|nan|nan|nan|nan|nan|nan
916|nan|nan|nan|nan|nan|nan|nan|nan|nan|nan|nan|nan|nan|nan|nan|nan|nan|nan|nan
917|nan|nan|nan|nan|nan|nan|nan|nan|nan|nan|nan|nan|nan|nan|nan|nan|nan|nan|nan
918|nan|nan|nan|nan|nan|nan|nan|nan|nan|nan|nan|nan|nan|nan|nan|nan|nan|nan|nan
919|nan|nan|nan|nan|nan|nan|nan|nan|nan|nan|nan|nan|nan|nan|nan|nan|nan|nan|nan
920|nan|nan|nan|nan|nan|nan|nan|nan|nan|nan|nan|nan|nan|nan|nan|nan|nan|nan|nan
921|nan|nan|nan|nan|nan|nan|nan|nan|nan|nan|nan|nan|nan|nan|nan|nan|nan|nan|nan
922|nan|nan|nan|nan|nan|nan|nan|nan|nan|nan|nan|nan|nan|nan|nan|nan|nan|nan|nan
923|nan|nan|nan|nan|nan|nan|nan|nan|nan|nan|nan|nan|nan|nan|nan|nan|nan|nan|nan
924|nan|nan|nan|nan|nan|nan|nan|nan|nan|nan|nan|nan|nan|nan|nan|nan|nan|nan|nan
925|nan|nan|nan|nan|nan|nan|nan|nan|nan|nan|nan|nan|nan|10.000857|nan|62.871723|nan|nan|nan
926|nan|nan|nan|nan|nan|nan|nan|nan|nan|nan|nan|nan|nan|37.810487|nan|62.971673|nan|nan|nan
927|nan|nan|nan|nan|nan|nan|nan|nan|nan|nan|nan|nan|nan|51.249719|nan|63.047033|nan|nan|nan
928|nan|nan|nan|nan|nan|nan|nan|nan|nan|nan|nan|nan|nan|30.462018|nan|56.406312|nan|nan|nan
929|nan|nan|nan|nan|nan|nan|nan|nan|nan|nan|nan|nan|nan|26.162579|50.513598|50.367492|nan|nan|nan
930|nan|nan|nan|nan|nan|nan|nan|nan|nan|nan|nan|nan|nan|13.925515|17.338653|17.039800|nan|nan|nan
931|nan|nan|nan|nan|nan|nan|nan|nan|nan|nan|nan|nan|nan|22.891242|17.338653|17.077878|nan|nan|nan
932|nan|nan|nan|nan|nan|nan|nan|nan|nan|nan|nan|nan|nan|32.475971|17.338653|17.110705|nan|nan|nan
933|nan|nan|nan|nan|nan|nan|nan|nan|nan|nan|nan|nan|nan|13.953987|17.338653|16.985197|nan|nan|nan
934|nan|nan|nan|nan|47.145241|nan|nan|nan|nan|nan|nan|nan|nan|3.519357|17.338653|16.737504|nan|nan|nan
935|nan|nan|nan|nan|47.159901|nan|nan|nan|nan|nan|nan|nan|nan|-11.518490|17.338653|16.397307|nan|nan|nan
936|nan|nan|nan|nan|45.734301|nan|nan|nan|nan|-54.970535|nan|nan|nan|-30.832528|17.338653|15.988885|nan|nan|nan
937|nan|nan|nan|nan|44.914470|nan|nan|nan|nan|-39.651780|nan|nan|nan|-14.223408|17.338653|15.839701|nan|nan|nan
938|nan|nan|nan|nan|44.398915|nan|nan|nan|nan|-53.334984|nan|nan|nan|-25.426396|17.338653|15.587072|nan|nan|nan
939|nan|nan|nan|nan|43.704542|nan|nan|nan|nan|-53.781809|nan|nan|nan|-30.408636|17.338653|15.410480|nan|nan|nan
940|nan|nan|nan|nan|42.926954|nan|nan|nan|nan|-13.703498|nan|nan|nan|-8.357964|17.338653|15.603062|nan|nan|nan
941|nan|nan|nan|nan|42.602497|nan|nan|nan|nan|-2.854713|nan|nan|nan|-2.833347|17.338653|15.774020|nan|nan|nan
942|nan|nan|nan|nan|42.294761|nan|nan|nan|nan|2.305057|nan|nan|nan|8.052127|17.338653|16.079912|nan|nan|nan
943|nan|nan|nan|nan|42.738965|nan|nan|nan|nan|8.942224|nan|nan|nan|7.343358|17.338653|16.179884|nan|nan|nan
944|nan|-25.102098|nan|nan|42.819264|nan|nan|nan|nan|9.924378|nan|nan|nan|12.626876|17.338653|16.425528|-0.010350|nan|nan
945|nan|-23.996930|nan|nan|43.385718|nan|nan|nan|nan|-20.470571|nan|nan|nan|-3.578986|17.338653|16.591279|-0.012779|nan|nan
946|nan|-24.879140|nan|nan|43.570186|nan|nan|nan|nan|-36.048853|nan|nan|nan|-25.112453|17.338653|27.622933|-0.016042|nan|nan
947|nan|-24.942265|nan|nan|43.574099|nan|nan|nan|nan|-34.609466|nan|nan|nan|-16.962066|17.338653|27.616654|-0.014629|nan|nan
948|nan|-23.988421|nan|nan|43.644051|nan|nan|nan|nan|-7.822096|nan|nan|nan|-3.376398|17.338653|27.780369|-0.012310|nan|nan
949|nan|-21.681639|nan|0.967418|44.957752|nan|nan|nan|nan|15.594811|nan|nan|nan|14.446392|17.338653|27.767229|-0.009301|nan|nan
950|nan|-25.470025|nan|-89.072923|43.704290|nan|nan|nan|nan|-56.820199|nan|nan|nan|-76.392301|11.036411|9.018383|-0.028949|nan|nan
951|nan|-27.966877|nan|-77.282570|42.626197|nan|nan|nan|nan|-44.992372|nan|nan|nan|-66.173921|11.036411|8.477258|-0.027175|nan|nan
952|nan|-28.777258|nan|-50.424886|41.595598|nan|nan|nan|nan|-25.013816|nan|nan|nan|-40.103428|11.036411|8.546428|-0.022789|nan|nan
953|nan|-28.732676|nan|nan|40.989428|nan|nan|nan|nan|-22.146974|nan|nan|nan|-26.965573|11.036411|8.629922|-0.020469|nan|nan
954|nan|-27.498833|nan|-11.547455|40.546911|nan|-1.797244|nan|nan|-3.877113|nan|nan|nan|-3.418219|11.036411|9.031308|-0.016516|nan|nan
955|nan|-26.095982|nan|nan|40.344865|nan|-4.268455|nan|nan|-1.051945|nan|nan|nan|2.406004|11.036411|9.368545|-0.015392|nan|nan
956|nan|-26.363001|nan|-41.121578|40.306143|nan|-17.298476|nan|nan|-37.608766|nan|nan|nan|-35.178979|11.036411|9.036303|-0.021198|nan|nan
957|nan|-26.625076|nan|nan|39.922444|nan|-9.884843|nan|nan|-28.338477|nan|nan|nan|-37.991666|11.036411|8.954316|-0.021454|nan|nan
958|nan|-26.815456|nan|-38.378358|39.359709|nan|-30.103841|nan|nan|-32.096015|nan|nan|nan|-35.761932|11.036411|9.068766|-0.020911|nan|nan
959|nan|-27.436544|nan|-52.578535|39.323463|nan|-49.199561|nan|nan|-52.959152|nan|nan|nan|-50.717307|11.036411|8.719905|-0.023054|nan|nan
1000|nan|-30.118221|nan|-108.928474|36.913807|-26.348508|-119.966052|-2.480535|nan|-113.498019|nan|nan|nan|-108.549401|-23.018990|-26.042102|-0.035511|nan|nan
1001|nan|-34.506486|nan|-163.750585|32.816319|-30.380412|-167.368369|-2.833344|nan|-156.349225|nan|nan|nan|-164.889859|-74.660336|-78.814963|-0.053295|nan|nan
1002|nan|-37.044533|nan|-123.304797|29.258453|-32.938605|-118.168808|-2.631250|nan|-117.362056|nan|-133.520822|nan|-125.236097|-74.660336|-79.188043|-0.046840|nan|nan
1003|nan|-38.383218|nan|-90.242166|26.824231|-34.393285|-104.240165|-2.464554|nan|-86.463610|nan|-136.191707|nan|-92.794200|-74.660336|-79.118169|-0.041544|nan|nan
1004|nan|-38.819479|nan|-63.658810|25.110934|-35.062165|-89.188245|-2.266920|nan|-51.173015|nan|-137.965134|nan|-67.036415|-74.660336|-78.856990|-0.037335|nan|nan
1005|nan|-39.786884|nan|-82.282780|24.170874|-36.202186|-121.089329|-2.091339|nan|-63.639329|nan|-139.784243|nan|-86.000617|-74.660336|-78.911021|-0.040100|nan|nan
1006|nan|-40.453658|nan|-77.178944|23.386784|-37.132072|-134.793317|-1.954034|nan|-63.713617|nan|-141.674052|nan|-82.219056|-74.660336|-78.902919|-0.039197|nan|nan
1007|nan|-41.232415|nan|nan|21.745626|-38.104220|-121.763296|-1.844846|nan|-68.431382|nan|-143.922104|nan|-88.061739|-74.660336|-78.846382|-0.039965|nan|nan
1008|nan|-41.592987|nan|nan|20.618660|-38.749428|-119.741396|-1.753601|nan|-50.527688|nan|-145.313263|nan|-77.855030|-74.660336|-78.752684|-0.038045|nan|nan
1009|nan|-41.455085|nan|-50.660183|19.766843|-38.920203|-106.037409|-1.644093|nan|-42.957872|nan|-145.876652|nan|-62.370132|-74.660336|-78.477224|-0.035252|nan|nan
1010|nan|-41.061726|nan|nan|18.969508|-38.850120|-72.339080|-1.555497|nan|-35.533996|nan|-145.738240|nan|-53.024462|-74.660336|-78.216901|-0.033512|nan|nan
1011|nan|-40.268223|nan|-26.844265|19.092741|-38.467248|-50.772150|-1.466983|nan|-33.441978|nan|-144.664170|nan|-38.697150|-74.660336|-77.971482|-0.031080|nan|nan
1012|nan|-39.015112|nan|-5.118094|19.318890|-37.578024|-17.972442|-1.360585|nan|-12.499396|nan|-143.572014|nan|-18.338444|-74.660336|-77.432917|-0.027811|nan|nan
1013|nan|-37.804752|nan|nan|19.574712|-36.666680|-13.030020|-1.264997|nan|-4.632678|nan|-142.090821|nan|-14.449048|-74.660336|-76.979451|-0.027196|nan|nan
1014|nan|-36.821400|nan|-9.119657|19.922889|-35.987324|-13.030021|-1.188697|nan|-1.608872|nan|-140.637589|nan|-21.096419|-74.660336|-76.751665|-0.028216|nan|nan
1030|nan|-36.753068|nan|-45.101672|19.577757|-36.210655|-64.700792|-1.235292|nan|-37.544834|nan|-140.907918|nan|-57.921492|-74.660336|-77.010539|-0.034142|nan|nan
1031|nan|-38.716639|nan|-133.557790|17.118048|-38.408635|-173.658724|-1.314789|nan|-129.081817|nan|-143.845269|nan|-146.723790|-74.660336|-54.785983|-0.048506|nan|nan
1032|nan|-40.143282|nan|-120.157109|14.564971|-40.050423|-151.867137|-1.332909|nan|-120.151474|nan|-146.763415|nan|-133.773007|-74.660336|-57.551209|-0.046404|nan|nan
1033|nan|-40.668691|nan|-79.427218|12.599494|-40.810369|-97.275844|-1.318202|nan|-76.415731|nan|-148.526196|nan|-93.750017|-74.660336|-57.629523|-0.039900|nan|nan
1034|-67.881913|-40.437838|nan|-45.068019|11.622693|-40.851806|-44.257139|-1.275284|nan|-40.629728|nan|-149.496154|nan|-59.456958|-74.660336|-57.490919|-0.034341|nan|nan
1035|-50.866666|-39.877903|nan|nan|10.832272|-40.577736|-117.494841|-1.228189|nan|-20.468628|nan|-149.548173|nan|-42.404388|-74.660336|-57.338373|-0.031545|nan|nan
1036|-41.056594|-39.159205|nan|-17.892606|10.359023|-40.080079|-96.601877|-1.186175|nan|-9.814347|nan|-148.795915|nan|-32.598782|-74.660336|-57.022897|-0.029947|nan|nan
1037|-20.909273|-38.168893|nan|2.319279|10.200321|-39.205314|-49.199560|-1.133740|nan|6.757112|nan|-147.745160|nan|-12.192284|-74.660336|-56.583895|-0.026675|nan|nan
1038|9.313300|-36.366890|nan|32.628588|10.671585|-37.813260|-4.493111|-1.074584|nan|34.297630|nan|-146.286110|nan|19.411852|-74.660336|-56.053608|-0.021765|nan|nan
1039|27.101765|-34.143413|nan|50.016522|10.383571|-36.868056|37.742129|-1.074584|nan|43.601107|nan|-144.896712|nan|39.379005|-74.660336|-55.304450|-0.018891|nan|nan
1040|20.225597|-32.551111|nan|41.878334|11.603794|-35.985665|37.742128|-1.053763|nan|26.210087|nan|-141.209510|nan|34.741191|-74.660336|-54.854743|-0.020018|nan|nan
1041|21.911088|-31.046399|nan|44.972581|12.600541|-35.438482|3.369833|-1.015319|nan|13.260464|nan|-137.829795|nan|38.783147|-74.660336|-54.336558|-0.019761|nan|nan
1042|8.536031|-30.112814|nan|30.158683|13.451051|-35.361825|-11.682088|-0.987234|nan|-6.449808|nan|-135.551499|nan|27.773181|-74.660336|-54.078710|-0.021943|nan|nan
1043|7.547675|-29.257224|nan|nan|13.986295|-34.936901|-9.435532|-0.978506|nan|-6.753122|nan|-133.749038|nan|28.547842|-74.660336|-53.873409|-0.022124|nan|nan
1044|7.475769|-28.525238|nan|28.818378|14.417561|-34.441418|-22.914864|-0.978506|nan|2.016447|nan|-132.604465|nan|30.363980|-74.660336|-53.711580|-0.022160|nan|-126.865332
1045|-15.083762|-28.047604|nan|6.433134|14.440867|-34.213523|-101.993610|-0.922876|nan|-15.836524|nan|-132.307876|nan|11.009044|-74.660336|-53.893312|-0.025833|nan|-126.972425
1046|-20.601402|-27.248283|nan|nan|14.176509|-34.198143|-162.425947|-0.835826|nan|-24.473621|nan|-131.139338|nan|9.013641|-53.748696|-54.033545|-0.026742|nan|-127.079518
1047|-15.570668|-26.514063|nan|6.680764|14.175098|-34.194638|-117.494842|-0.759007|nan|-10.890910|9.483203|-129.815875|nan|17.648477|-53.748696|-19.328076|-0.025941|nan|-127.226790
1048|0.247556|-25.748482|nan|nan|14.817883|-33.620761|-68.969247|-0.715199|nan|5.634976|24.263605|-128.145732|nan|37.454109|-53.748696|9.528717|-0.023394|nan|-127.355374
1049|-16.507412|-25.804067|nan|4.325528|14.695077|-33.203899|-59.758370|-0.647609|nan|-3.674651|6.431088|-126.610493|nan|24.370632|-53.748696|26.706963|-0.026122|nan|-127.477930
1050|-16.165824|-24.104471|nan|5.783444|16.078585|-32.474947|-76.607535|-0.624976|nan|2.011307|6.423028|-123.475450|nan|28.001065|-53.748696|26.342001|-0.026085|nan|-127.565536
1051|-4.554387|-22.409785|nan|17.241772|19.018016|-31.183184|-59.533715|-0.587408|nan|21.265145|17.878344|-118.485051|nan|41.723025|-53.748696|26.548599|-0.024229|nan|-127.623146
1052|7.298380|-20.948417|-2984.745466|nan|21.632945|-30.007399|-52.569393|-0.531139|17.266920|42.094517|29.726239|-114.315538|21.826597|54.887379|-53.748696|26.710521|-0.022338|nan|-127.668481
1053|-2.853896|-20.017330|-2932.968229|17.353658|23.569802|-28.906585|-50.996805|-0.478281|7.893089|34.258195|19.491904|-111.412125|10.292442|45.588022|-53.748696|26.681788|-0.024011|nan|-127.726090
1054|3.185131|-19.377214|-2892.436097|24.433373|24.905805|-27.594259|-27.857285|-0.470771|13.013486|30.437568|25.261007|-109.142252|16.133486|52.704648|-53.748696|26.812172|-0.023065|nan|-127.854464
1055|12.820859|-18.719360|-2845.601024|33.874369|26.472739|-26.462879|-7.638288|-0.438230|25.007723|22.239878|34.653421|-106.101674|25.569018|63.684888|-53.748696|27.065294|-0.021537|nan|-127.978987
1056|28.979962|-17.125166|-2780.142400|50.206722|28.316797|-25.139995|23.364175|-0.411113|39.675992|29.441515|50.619638|-102.833010|41.519561|81.937208|-53.748696|27.411287|-0.018952|nan|-128.229520
1057|39.078331|-15.276367|-2738.974973|59.687034|30.562412|-23.836196|53.468016|-0.392245|49.241487|8.674347|60.406701|-99.143636|51.404404|95.014892|-53.748696|27.825724|-0.017350|nan|-128.480717
1058|17.494980|-13.938469|-2698.935759|37.003656|32.462811|-23.059227|35.495574|-0.389256|28.970874|6.306311|38.445251|-96.428277|29.612818|75.345441|-53.748696|27.827177|-0.020875|nan|-128.726931
1059|-2.304215|-12.810398|-2644.348177|nan|33.648549|-22.729623|9.210877|-0.383089|10.656856|-14.274251|18.315099|-94.756096|9.618476|57.675254|-53.748696|27.813737|-0.024108|nan|-128.942834
1100|-37.167232|-11.306697|-2575.440670|-18.053086|34.184423|-22.849442|-62.454237|-0.293473|-24.548759|-34.349598|-16.686465|-94.363714|-25.427787|24.772590|-53.748696|27.481132|-0.029778|nan|-129.088097
1101|-27.321053|-8.484690|-2521.135650|-7.485186|34.412557|-22.400219|-141.532983|-0.184239|-19.128571|-24.378460|-6.494470|-94.093925|-15.767599|36.993044|-53.748696|27.364713|-0.023421|nan|-129.212520
1102|-1.074017|-5.883000|-2460.516075|18.588807|34.775740|-21.603458|-102.442921|-0.113408|7.011471|2.306581|20.043396|-93.636157|10.292442|65.353558|-19.090913|27.418527|-0.019205|nan|-129.326536
1103|-23.371992|-4.409473|-2388.340417|-4.875566|35.117004|-21.535724|-84.695135|-0.072535|-9.133111|-16.968111|-2.119443|-93.865228|-12.173111|43.600338|9.725828|27.143129|-0.022839|nan|-129.383858
1104|-33.324664|-3.612784|-2297.587547|nan|35.187041|-21.929965|-60.432337|-0.063267|-20.761962|-19.053415|-12.059034|-94.170802|-22.282609|33.743261|26.595648|26.921546|-0.024476|nan|-129.433315
1105|-32.243252|-2.499944|-2196.442100|nan|36.054032|-20.784202|-42.235239|-0.070920|-31.943663|-1.553938|-10.978917|-93.385357|-30.503987|34.769304|26.595648|31.059193|-0.024331|nan|-129.456819
1106|-25.525152|-1.377286|-2124.227766|-6.622132|38.680661|-19.644043|-25.835386|-0.060339|-25.348654|10.544069|-4.133780|-89.900723|-23.988977|41.911735|26.595648|37.970631|-0.023277|nan|-129.459437
1107|-8.693148|0.178753|-2078.774872|10.032616|41.516695|-18.622911|11.008121|-0.054720|-4.484792|60.543865|12.788407|-86.374318|-7.364468|58.042002|26.595648|38.133399|-0.020587|nan|-129.479750
1108|-3.321504|1.577047|-2076.130195|14.031533|43.880169|-17.818412|46.503694|-0.070208|3.002609|46.379059|18.137417|-83.853796|-2.197391|61.942022|26.595648|38.102833|-0.019751|nan|-129.505432
1109|18.002463|3.126250|-2063.665064|35.903233|44.950090|-16.903240|85.369101|-0.037213|23.079258|51.459623|39.354470|-81.786425|18.920229|82.752496|26.595648|38.537005|-0.016334|nan|-129.542685
1110|32.143019|4.662861|-2021.260191|49.840602|45.563997|-15.847306|92.333422|0.014667|35.886930|45.832735|53.425832|-79.828810|32.848872|96.931139|26.595648|39.021337|-0.014079|nan|-129.589488
1111|7.651412|5.344033|-2005.652555|24.361183|46.450195|-14.804973|69.193903|0.019527|9.815793|28.467320|28.730789|-78.850473|8.136764|72.094031|26.595648|38.923732|-0.018076|nan|-129.636290
1112|16.644459|5.948639|-2001.590178|33.986745|46.662923|-13.481346|64.476136|0.047465|16.977035|30.631950|37.520705|-78.173604|16.898329|81.105596|26.595648|39.141982|-0.016658|nan|-129.676574
1113|25.865486|6.621317|-1995.829819|nan|46.457862|-12.085283|72.339080|0.100994|28.523256|29.282169|46.518491|-78.056497|25.884550|89.966817|26.595648|39.296660|-0.015204|nan|-129.706852
1114|7.010915|7.018938|-1982.797354|23.291058|46.304501|-10.913719|53.018704|0.097426|7.907859|13.297163|27.315011|-78.961894|6.788830|70.836767|26.595648|39.092161|-0.018292|nan|-129.743158
1115|-5.760115|7.895055|-1951.653169|nan|46.111426|-9.012911|17.298476|0.093941|-10.561837|-12.560261|14.220492|-80.020150|-8.481190|58.147416|26.595648|43.021866|-0.020399|nan|-129.786486
1116|3.970424|10.684723|-1914.978416|20.593503|45.988360|-5.979983|21.117620|0.099233|-10.726305|6.474514|23.612087|-80.810495|-6.645658|68.337791|26.595648|43.924576|-0.016791|nan|-129.829813
1117|2.933599|13.262825|-1887.808129|nan|45.995687|-3.640198|24.712108|0.116374|-5.994238|8.445219|22.225302|-81.239674|-7.993591|67.664631|26.595648|43.914590|-0.010529|nan|-129.869090
1118|-57.878948|13.713402|-1834.480477|-42.572539|46.098077|-3.140959|-20.668309|0.085486|-52.459248|-35.010653|-39.056471|-83.330569|-69.099895|6.742087|26.595648|43.124500|-0.014868|nan|-129.310261
1119|-67.485925|13.387148|-1833.029177|-51.764277|45.565624|-3.133363|-47.402316|0.019879|-61.704091|-36.714435|-49.123901|-85.664527|-78.984738|-2.039065|22.655262|22.501763|-0.016811|nan|-128.844136
1120|-65.417294|12.700403|-1831.687345|nan|45.303861|-2.774345|-45.380417|-0.014854|-63.346524|-26.121212|-47.484728|-87.284357|-77.187494|0.010600|22.655262|22.138841|-0.016521|nan|-128.287518
1121|-100.214617|11.132096|-1793.934233|-85.782502|44.926660|-3.277840|-68.969247|-0.055242|-90.071170|-49.724312|-82.816246|-89.685888|-112.233756|-35.746262|14.406244|12.997085|-0.027673|nan|-127.433102
1122|-95.035515|9.393673|-1770.665885|-80.350185|44.174575|-3.437968|-52.344738|-0.099528|-88.729073|-40.201622|-78.294182|-92.071515|-107.291335|-31.359835|-0.651335|-2.433413|-0.026875|nan|-126.819916
1123|-58.183691|7.767246|-1746.402270|-43.710092|43.425096|-3.034194|-26.060042|-0.129647|-55.471514|-8.983256|-41.967841|-93.883486|-70.672484|3.939193|-0.651335|-2.395904|-0.020952|nan|-126.258599
1124|-82.685528|5.292279|-1719.823249|-68.870162|43.394305|-3.533013|-44.931106|-0.158302|-69.382328|-36.020874|-66.989211|-95.903021|-95.384592|-22.536518|-0.651335|-2.961346|-0.024952|nan|-125.539697
1125|-102.036750|2.625002|-1705.197309|nan|42.480964|-4.426162|-55.040605|-0.221743|-90.128329|-54.403128|-86.934113|-98.501395|-114.929623|-43.490606|-6.471441|-9.041916|-0.028779|nan|-124.732026
1126|-71.525598|0.614528|-1736.848147|-57.347886|42.045488|-4.971816|-8.761565|-0.256489|-61.159832|-30.782324|-57.074739|-100.561054|-78.361126|-14.506901|-6.471441|-9.061089|-0.023873|nan|-124.105638
1127|-35.629362|-0.402909|-1767.234173|-22.031907|41.490908|-5.073958|36.843507|-0.270991|-26.720250|-4.284016|-21.796319|-101.937871|-38.720897|18.142134|-6.471441|-8.583879|-0.018094|nan|-123.407934
1128|-28.944641|-1.340411|-1779.759807|nan|41.192400|-5.146481|21.566931|-0.282857|-19.405887|-13.600129|-15.618979|-102.861329|-32.205887|21.573823|-6.471441|-8.186148|-0.017040|nan|-122.631875
1129|-17.544722|-1.997117|-1809.663404|nan|41.248862|-4.942287|12.805365|-0.294794|-9.133111|-2.948414|-4.665263|-103.647801|-20.973111|30.445317|-6.471441|-7.855202|-0.015222|nan|-121.690768
1330|9.595035|-1.643847|-1853.629973|nan|41.483613|-3.584562|4.717766|-0.289585|8.704906|13.757219|22.133497|-103.944765|6.305553|56.121045|-6.471441|-7.272643|-0.010860|nan|-120.657353
1331|-1.878166|-1.468811|-1846.443868|10.178129|41.214015|-1.033538|2.695866|-0.302562|-12.656535|-11.363892|10.271008|-105.016157|-14.496535|42.883294|-6.471441|-6.961991|-0.012750|nan|-119.922496
1332|9.355579|-1.078410|-1862.231965|22.401344|40.735517|1.515853|39.764028|-0.317628|2.591586|0.860895|21.120914|-106.048845|-3.488414|53.298324|-6.471441|-6.559700|-0.010969|nan|-119.446517
1333|-17.376490|-1.615387|-1923.997559|-5.473076|40.298356|2.750864|-9.660188|-0.307340|-15.886430|-13.470514|-5.951564|-107.201484|-30.447077|26.155750|-6.471441|-6.705979|-0.015332|nan|-119.394584
1334|-25.746683|-1.928556|-1958.728499|nan|40.013523|3.271762|-28.531252|-0.300082|-22.567027|-29.223789|-14.826489|-107.981459|-39.208643|16.954906|-6.471441|-6.817456|-0.016750|nan|-119.217581
1335|-6.015065|-1.803871|-1967.877969|5.706346|40.102448|3.939632|-8.312254|-0.282286|-7.006975|-5.224527|4.413567|-107.206248|-19.888267|35.278858|-6.471441|-6.592740|-0.013625|nan|-118.724571
1336|-4.029131|-1.900277|-1971.546855|nan|40.381114|4.396297|-0.224656|-0.279145|-0.955032|7.592135|5.669542|-106.689371|-18.315679|35.582295|-6.471441|-6.569633|-0.013371|nan|-118.506810
1337|-1.591982|-2.191429|-1969.685765|8.358625|40.339341|4.544351|18.421753|-0.284644|3.227514|8.877021|7.290711|-106.852914|-16.293779|36.607771|-6.471441|-6.550423|-0.013044|nan|-118.411021
1338|22.869481|-1.809342|-1922.600213|33.653731|40.371279|4.691788|47.626972|-0.293657|25.505009|30.645854|31.061375|-105.728355|7.744363|59.980933|-6.471441|-6.226792|-0.009154|nan|-118.309943
1339|40.354877|-1.229570|-1866.578018|50.722837|40.905993|4.856259|85.818412|-0.226432|44.737860|49.320619|47.910818|-103.861144|24.818183|77.154543|-6.471441|-5.823064|-0.006390|nan|-118.147381
1340|40.537520|-0.861284|-1808.041709|nan|41.172435|5.098696|99.522399|-0.157742|42.753204|48.779158|47.459268|-102.034833|24.593527|77.147860|-6.471441|15.722189|-0.006427|nan|-118.047826
1341|30.375790|-1.032207|-1794.705384|38.686917|41.611012|5.054060|64.251481|-0.201047|36.675040|38.662074|36.732454|-100.708956|20.434717|66.507022|-6.471441|24.244836|-0.008136|nan|-118.023585
1342|15.265568|-1.673510|-1811.384851|23.192219|41.799810|4.905644|57.511815|-0.218774|21.654133|29.440668|21.010789|-100.304794|7.653486|50.801542|-6.471441|30.652490|-0.010645|nan|-117.997357
1343|25.304923|-1.665617|-1709.097549|nan|41.544656|4.934748|76.158224|-0.234844|31.712702|29.343422|30.482039|-99.806713|20.033674|60.479702|-6.471441|41.445860|-0.009081|nan|-118.037640
1344|29.049557|-1.172404|-1616.988589|37.171101|41.229490|5.131470|60.432337|-0.219140|31.882212|14.479221|33.767722|-99.808421|24.203507|64.645286|-6.471441|37.896403|-0.008535|nan|-118.072278
1345|27.183378|-0.090366|-1552.266161|33.926759|41.144582|5.591976|45.155761|-0.208962|28.435980|15.008449|31.405032|-100.261696|24.676951|62.473052|-6.471441|37.904936|-0.008898|nan|-118.114619
1346|7.574455|0.419482|-1477.193085|13.912007|40.433582|5.749924|34.596951|-0.217644|11.000664|-6.731402|11.336254|-100.589725|7.402609|42.775255|-6.471441|37.726518|-0.012132|nan|-118.200312
1347|-5.973728|0.128943|-1410.192084|nan|40.120462|5.543081|19.320376|-0.226107|1.472995|-22.440706|-2.757751|-101.558132|-3.966033|29.365381|-6.471441|34.619701|-0.014386|nan|-118.302097
1348|-1.553958|0.350140|-1350.607548|5.325442|39.345623|5.211488|-37.742129|-0.163178|3.997119|-15.170392|1.246488|-102.632898|1.757766|34.358443|-6.471441|27.473037|-0.013731|nan|-118.359571
1349|12.303634|1.044137|-1263.511534|18.816554|38.445005|5.443233|-34.147640|-0.105969|13.714829|4.505576|14.807359|-102.797415|15.237098|48.810720|-6.471441|27.558595|-0.011549|nan|-118.448801
1350|8.405985|1.588862|-1191.460444|nan|37.781434|5.592494|-36.618851|-0.068513|11.526699|-9.936247|10.624412|-102.709691|10.968643|45.842858|-6.471441|25.717867|-0.012239|nan|-118.520815
1351|16.401986|2.187662|-1112.364859|22.223360|37.099908|5.726107|-64.026825|-0.012969|19.404987|-5.125662|18.463859|-102.665931|18.606931|54.625697|-6.471441|22.437343|-0.011002|nan|-118.563824
1352|14.501298|2.396310|-1015.176290|18.689270|36.873345|5.556688|-61.330960|0.028241|19.239728|-5.461302|16.417983|-102.655993|16.360375|54.575850|-6.471441|22.423394|-0.011365|nan|-118.609761
1353|39.785911|2.980851|-858.835793|44.452177|36.793236|6.135267|0.224655|0.075372|36.095521|18.083795|41.725753|-100.213779|41.297139|81.745268|-6.471441|22.863902|-0.007331|nan|-118.655774
1354|32.035254|2.958786|-664.326312|35.870199|38.074912|6.337304|-32.575052|0.126898|33.368569|37.860426|34.092652|-97.725139|33.209540|75.274346|-6.471441|22.884926|-0.008639|nan|-118.686699
1355|74.164130|3.579973|-528.661218|78.099447|39.520249|7.341695|-10.334155|0.248336|66.753528|59.139151|76.517097|-94.117768|75.715468|119.446538|14.766147|23.654981|-0.001880|nan|-118.711744
1356|87.086872|4.727890|-424.541941|nan|41.581735|8.227375|32.575052|0.336778|81.493913|72.091734|89.939706|-89.221145|90.296178|134.750073|21.566931|24.231733|0.000154|nan|-118.736788
1357|62.029302|5.245279|-334.073399|64.944014|44.331268|8.306694|42.909206|0.380923|64.429133|61.828579|65.267020|-85.198736|64.910103|111.864600|21.566931|24.189139|-0.003951|nan|-118.751628
1358|63.709375|5.665706|-229.593217|66.814846|46.034968|8.865682|50.772149|0.391883|58.015446|57.278989|67.233664|-82.202838|66.258036|116.157581|21.566931|24.432531|-0.003733|nan|-118.783418
1359|64.721945|6.378858|-122.853669|67.770568|47.315329|9.735348|62.678892|0.402302|59.169413|44.407755|68.617738|-78.523097|69.332003|119.776595|21.566931|24.588724|-0.003623|nan|-118.820389
1400|55.409381|7.180633|-13.277307|56.918057|49.734376|10.944995|79.977368|0.414559|47.670197|54.333953|59.625786|-74.575000|58.951815|112.825343|21.566931|24.521113|-0.005185|nan|-118.853759
1401|30.141740|7.296050|110.686349|31.318549|51.281483|11.499425|42.684550|0.409044|26.139467|38.285345|34.658851|-72.191022|33.341085|89.687438|21.566931|24.279498|-0.009325|nan|-118.871319
1402|59.692294|8.095916|206.982254|61.303144|52.369556|12.270907|82.897890|0.417705|51.983715|48.503744|64.492215|-70.007205|62.546304|121.865482|21.566931|24.520218|-0.004603|nan|-118.893101
1403|83.422882|10.452409|337.351785|85.041907|54.230235|13.830370|79.303402|0.460778|69.828215|69.591379|88.530349|-67.331727|85.910479|147.455129|21.566931|24.827132|-0.000826|nan|-118.451649
1404|85.153126|13.086325|465.044215|85.210106|55.813144|15.544162|71.889769|0.511623|71.576472|66.342786|90.571738|-64.913284|87.178412|150.320582|21.566931|25.028269|-0.000608|nan|-117.900989
1405|81.262317|15.585611|542.803908|nan|57.040222|17.140722|86.941690|0.558447|67.548017|79.012703|86.831767|-63.377163|82.909957|147.569647|21.566931|25.144408|-0.001298|nan|-117.365306
1406|44.554883|17.910725|617.914547|44.278770|58.160471|17.821491|51.446116|0.571264|39.040501|49.002033|50.206900|-62.550535|45.841795|111.630294|21.566931|39.151356|-0.007289|nan|-117.385496
1407|35.471119|20.086776|700.709978|nan|58.678226|18.134121|44.032483|0.581260|29.844321|27.650254|41.197511|-62.289396|36.406262|103.823570|21.566931|47.215144|-0.008813|nan|-117.418308
1408|48.629674|21.778081|812.991796|48.477953|59.240599|18.629899|80.875991|0.614513|38.809363|37.879009|54.419372|-60.871287|49.211628|118.257745|21.566931|64.022008|-0.006743|nan|-116.368975
1409|55.938943|23.958189|994.676863|55.435661|59.945351|18.936092|104.914132|0.559594|49.454009|52.885394|61.792703|-59.016228|56.175949|126.750876|21.566931|64.108310|-0.005617|nan|-115.439768
1410|25.033443|25.930362|1194.097058|23.282880|60.605517|18.309453|73.462357|0.483406|25.747536|33.042843|30.825886|-58.584201|24.948830|96.452566|21.566931|63.678652|-0.005808|nan|-114.784040
1411|10.737697|27.054127|1375.182944|nan|60.546577|17.870774|48.300938|0.520436|5.304603|6.891776|16.493408|-58.610871|10.346221|83.378766|21.566931|51.192536|-0.002416|nan|-114.021424
1412|12.594272|27.559663|1520.128504|nan|60.473700|17.331141|34.372296|0.524334|11.116868|17.310841|18.394990|-58.644814|11.918810|86.580164|21.566931|50.880530|-0.001113|nan|-113.343795
1413|-1.745049|27.619863|1641.434155|-4.656897|60.118657|16.361919|29.429874|0.521891|-1.325094|6.509772|4.035861|-59.763947|-2.683800|73.361919|21.566931|47.430548|-0.003034|nan|-112.747908
1414|1.201731|27.510983|1710.893208|-0.735631|59.457514|15.838409|35.495574|0.507513|-4.469227|6.153474|6.958369|-61.259163|0.092067|77.324843|21.566931|44.379240|-0.002598|nan|-111.850682
1415|-17.670148|26.481540|1747.748413|-20.747015|59.135663|15.119628|14.153298|0.504511|-19.164300|-4.940876|-11.921486|-63.272116|-18.363653|58.515839|21.566931|43.906701|-0.006276|nan|-111.096032
1416|-13.889009|25.800182|1765.396150|-16.534661|58.276007|14.448104|-2.246556|0.500323|-17.010135|-16.737386|-8.089554|-64.875559|-14.769165|63.107002|21.566931|28.334490|-0.005695|nan|-110.272988
1417|-15.751558|24.832275|1771.099252|-19.501424|58.016255|13.721020|-18.197097|0.500197|-16.392034|-7.398508|-9.778402|-66.085299|-16.791064|61.554001|21.566931|28.116456|-0.006021|nan|-109.268828
1418|-21.869168|24.241850|1749.918315|-25.824353|57.511994|13.927641|-20.443653|0.517183|-32.121419|-10.802861|-15.716067|-67.735943|-30.841419|55.864569|21.566931|27.939990|-0.007912|nan|-107.638107
1419|-33.372740|23.621622|1711.033396|-37.497548|57.887774|14.067792|-18.646409|0.539523|-39.403830|-7.839142|-27.207094|-69.808851|-42.523507|42.784321|21.566931|27.644232|-0.011725|nan|-105.623484
1420|-37.239152|22.624871|1688.420061|nan|57.890221|14.137515|-26.958663|0.530791|-43.046015|-31.692834|-31.112062|-71.909129|-46.567306|36.330370|21.566931|27.412647|-0.013071|nan|-104.163620
1421|-56.360939|21.149312|1650.547376|-60.861069|57.361954|14.438681|-38.640751|0.508489|-67.806068|-27.571858|-50.318199|-73.957225|-71.887682|13.112486|17.570096|17.054896|-0.019356|nan|-103.001109
1422|-43.122671|19.964867|1616.216892|-46.552280|56.949900|14.960994|-27.857286|0.474598|-52.537338|-15.325280|-37.099886|-75.256228|-58.857661|22.578255|17.570096|16.955082|-0.017251|-221959.876920|-101.999653
1423|-35.504752|18.483418|1585.745912|nan|56.947529|15.013474|4.493111|0.442549|-41.283059|-17.582944|-29.717149|-76.453787|-51.444028|26.649856|17.570096|16.884400|-0.016054|-192717.268580|-100.848712
1424|-17.075205|17.073621|1565.618852|-20.951528|57.077132|15.849956|14.602609|0.431214|-32.926285|4.236091|-11.573951|-77.530799|-34.206931|40.551539|17.570096|16.991153|-0.013115|-192705.299330|-99.702479
1425|-15.700345|15.675699|1537.914199|nan|57.358878|17.031960|57.511815|0.384914|-29.643330|-4.579122|-10.658330|-78.457747|-33.083653|37.268293|17.570096|17.081385|-0.012933|-192693.330112|-98.532390
1426|-20.608055|14.369167|1486.350227|-26.232835|57.921634|17.568058|64.925448|0.318376|-30.810407|-4.650439|-16.279385|-79.763007|-38.250730|27.724926|17.570096|17.003800|-0.013768|-192681.360893|-97.250722
1427|8.411090|14.001459|1440.249033|3.346143|57.919617|18.161948|68.295280|0.274478|-1.974500|2.798811|12.158329|-80.174947|-9.494823|53.429637|17.570096|17.411441|-0.009123|-192670.075598|-96.241907
1428|15.863630|13.497283|1389.219327|9.682695|58.220455|18.688264|76.832190|0.247935|7.215122|27.376237|18.984461|-81.071899|-2.305846|56.966089|17.570096|17.577866|-0.007962|-192659.132312|-94.862727
1429|23.316467|13.192371|1304.548266|18.111525|57.675321|19.190295|84.695134|0.209780|12.483776|22.199963|25.761798|-81.538538|4.883131|61.123433|17.570096|17.861610|-0.006801|-192649.898915|-93.514553
1430|25.130960|12.896061|1221.436981|nan|56.960836|19.247704|76.607535|0.169919|18.136365|28.834998|26.813874|-83.144796|6.455720|59.921737|17.570096|18.079782|-0.006547|-179766.535376|-92.673104
1431|36.348424|13.247806|1157.891862|nan|55.974459|19.663834|62.004926|0.211152|27.303518|18.371436|37.305449|-84.791083|17.463841|68.701275|17.570096|18.244157|-0.004769|-176790.166150|-91.897854
1432|14.508888|13.413552|1107.774397|7.810676|54.841625|19.403233|69.193903|0.188618|11.528245|-3.545734|14.805374|-86.324691|-4.552401|44.456450|17.570096|18.056875|-0.008325|-176786.713846|-91.019034
1433|-5.765364|13.142578|1048.241342|nan|53.728787|19.257865|72.114425|0.145602|-14.995086|-9.901425|-6.189045|-88.437356|-24.996054|21.784214|17.570096|17.904835|-0.011628|-176784.203079|-89.816995
1434|7.655278|12.907338|965.563967|nan|52.975063|19.485627|86.717034|0.095282|-1.500087|4.666458|6.483747|-90.166705|-10.061378|32.631736|17.570096|17.782121|-0.009487|-176783.261542|-89.072099
1435|3.312328|12.669209|903.758417|-4.164491|51.836401|19.322169|77.955469|0.046972|-1.514165|5.561688|1.480894|-91.760020|-12.874488|25.910044|17.570096|17.683763|-0.010213|-110428.227694|-89.002269
1436|-1.260057|12.202398|873.600565|nan|50.842851|19.058988|36.169540|0.032000|-8.231932|-12.016405|-3.622865|-92.753241|-13.752255|19.249408|17.570096|19.524505|-0.010975|-110429.992088|-88.926346
1437|5.399190|11.878895|873.227264|nan|50.282872|18.875244|33.249018|0.021024|-1.316921|10.292105|2.484736|-94.401130|-7.237244|23.535836|17.570096|26.876663|-0.009923|-110432.148569|-88.847810
1438|0.587266|11.034939|912.835028|-7.300057|49.052033|18.158020|41.111962|-0.003357|-0.019343|-4.190307|-3.045379|-96.855992|-12.179666|16.221974|17.570096|33.761094|-0.010722|-110434.305050|-88.786059
1439|6.998865|10.438547|954.038152|0.124712|47.550700|17.330019|54.366638|-0.030590|6.511012|-7.058286|2.569662|-99.180161|-5.889311|20.740198|17.570096|34.316469|-0.009706|-110436.853619|-88.727354
1440|28.681843|9.557031|942.971017|21.406092|45.951887|16.975905|44.706450|-0.022208|24.156650|9.405073|23.619659|-100.778100|15.677620|41.461502|17.570096|34.626171|-0.006221|-110439.598250|-88.866816
1441|55.090581|8.889391|934.081806|nan|45.216576|17.269563|56.388537|0.041066|46.201670|19.851675|49.554364|-100.580788|41.962316|67.806796|17.570096|35.020952|-0.001975|-110442.538906|-88.856304
1442|53.427788|8.571259|950.630726|46.154078|44.974312|17.761796|56.163882|0.081147|42.244103|29.510627|47.464380|-100.182538|40.165072|65.463007|17.570096|35.323668|-0.002265|-110445.283519|-88.845792
1443|51.549757|8.258241|961.434199|nan|44.598124|18.032631|39.539372|0.120913|39.902203|15.644447|45.235988|-100.229712|38.783172|63.144561|17.570096|35.550892|-0.002591|-110448.028131|-88.861539
1444|103.151436|8.997403|960.286835|95.132842|45.399621|19.353415|93.681355|0.187486|85.426379|41.147174|96.632830|-99.052534|93.029288|117.864963|17.570096|36.485695|0.005718|-98069.095381|-88.893096
1445|109.155450|9.879972|948.243459|nan|46.622328|20.678659|80.426679|0.245723|91.107746|40.033212|102.617653|-96.853070|98.870332|127.318467|17.570096|37.039022|0.006661|-75288.439555|-88.971632
1446|81.467836|10.717510|925.215505|72.653426|47.953846|21.707718|56.163882|0.281479|65.170784|35.324889|74.858214|-95.051029|71.573047|102.952431|17.570096|37.133998|0.002162|-39627.393408|-89.077994
1447|55.140567|10.513931|885.896628|45.804362|48.826602|22.445619|27.632630|0.301113|38.742078|9.015536|48.395714|-94.042654|46.263694|80.586354|17.570096|37.023694|-0.002119|-39629.503296|-89.161962
1448|24.543375|9.197415|854.888162|15.363488|49.647897|22.482611|-9.435532|0.292827|14.204917|-12.965780|17.609691|-93.498240|15.485887|53.597277|17.570096|36.600512|-0.007088|-39631.613184|-89.240277
1449|28.086146|7.965807|879.189458|19.826740|50.375118|22.418780|-17.747787|0.275969|17.654751|-2.855562|21.029485|-92.913788|18.855720|61.820334|17.570096|36.399499|-0.006544|-39633.863738|-89.283894
1450|52.976943|7.299269|892.019082|44.034674|50.901179|23.003555|2.920522|0.304571|36.605889|20.632829|45.934209|-91.096033|43.567828|91.463445|17.570096|36.682085|-0.002554|-39636.465933|-89.335037
1451|103.490024|8.292556|892.905372|94.517345|52.748388|24.433158|33.922984|0.363988|83.007434|77.790075|96.547900|-87.967208|93.890666|146.809272|19.489006|38.197495|0.005571|-39639.771430|-89.376774
1452|93.581222|9.235676|970.504310|83.622929|54.426082|25.563906|36.843507|0.440431|74.739554|62.498946|86.691919|-85.081251|83.781168|140.508780|26.902639|38.369867|0.003938|-39643.639558|-89.413542
1453|116.468885|10.460777|1068.912085|106.935822|56.587610|26.791224|66.947348|0.500484|97.588469|90.575102|109.729797|-81.413727|106.471376|166.920744|33.988625|38.930933|0.007600|-39648.000000|-89.477622
1454|133.082309|11.820489|1126.905586|123.867592|58.858733|28.423351|101.544298|0.564692|108.228323|119.866532|126.580091|-76.977030|122.871229|187.646685|34.544888|39.481261|0.010247|-39652.923078|-89.543776
1455|132.611097|13.679760|1157.545892|123.145977|61.003128|29.341273|101.993610|0.624751|115.954034|118.650899|126.435093|-72.465228|122.197263|191.133339|34.544888|60.696528|0.010137|-29743.753848|-89.609929
1456|110.781474|15.374548|1221.172992|100.056364|63.977815|29.455631|74.810291|0.683291|99.938761|97.112688|104.985890|-68.035875|100.181021|172.606624|34.544888|60.598598|0.006583|-29748.079123|-89.641851
1457|137.273112|17.661823|1299.580662|126.871214|67.178319|30.627638|129.850895|0.735105|112.621518|113.583923|131.826047|-63.266782|128.785718|202.950267|34.544888|61.084057|0.010823|-29752.615382|-89.705666
1458|161.523882|20.610401|1403.577998|151.054406|70.657695|32.226124|161.078013|0.793456|137.059012|111.573988|156.581805|-58.079328|154.983859|232.018176|34.544888|71.658619|0.014699|-29757.257141|-89.798392
1459|125.559419|22.735730|1601.085982|114.375907|73.654867|32.918983|132.097450|0.838056|108.970765|90.502539|120.980330|-54.453761|119.134319|200.424236|34.544888|71.466887|0.008863|-29761.846152|-89.885884
