859|nan|nan|nan|nan|nan|nan|nan|nan|nan|nan|nan|nan|nan|nan|nan|nan|nan|nan|nan
900|nan|nan|nan|nan|nan|nan|nan|nan|nan|nan|nan|nan|nan|nan|nan|nan|nan|nan|nan
901|nan|nan|nan|nan|nan|nan|nan|nan|nan|nan|nan|nan|nan|nan|nan|nan|nan|nan|nan
902|nan|nan|nan|nan|nan|nan|nan|nan|nan|nan|nan|nan|nan|nan|nan|nan|nan|nan|nan
903|nan|nan|nan|nan|nan|nan|nan|nan|nan|nan|nan|nan|nan|nan|nan|nan|nan|nan|nan
904|nan|nan|nan|nan|nan|nan|nan|nan|nan|nan|nan|nan|nan|nan|nan|nan|nan|nan|nan
905|nan|nan|nan|nan|nan|nan|nan|nan|nan|nan|nan|nan|nan|nan|nan|nan|nan|nan|nan
906|nan|nan|nan|nan|nan|nan|nan|nan|nan|nan|nan|nan|nan|nan|nan|nan|nan|nan|nan
907|nan|nan|nan|nan|nan|nan|nan|nan|nan|nan|nan|nan|nan|nan|nan|nan|nan|nan|nan
908|nan|nan|nan|nan|nan|nan|nan|nan|nan|nan|nan|nan|nan|nan|nan|nan|nan|nan|nan
909|nan|nan|nan|nan|nan|nan|nan|nan|nan|nan|nan|nan|nan|nan|nan|nan|nan|nan|nan
910|nan|nan|nan|nan|nan|nan|nan|nan|nan|nan|nan|nan|nan|nan|nan|nan|nan|nan|nan
911|nan|nan|nan|nan|nan|nan|nan|nan|nan|nan|nan|nan|nan|nan|nan|nan|nan|nan|nan
912|nan|nan|nan|nan|nan|nan|nan|nan|nan|nan|nan|nan|nan|nan|nan|nan|nan|nan|nan
913|nan|nan|nan|nan|nan|nan|nan|nan|nan|nan|nan|nan|nan|nan|nan|nan|nan|nan|nan
914|nan|nan|nan|nan|nan|nan|nan|nan|nan|nan|nan|nan|nan|nan|nan|nan|nan|nan|nan
915|nan|nan|nan|nan|nan|nan|nan|nan|nan|nan|nan|nan|nan|nan|nan|nan|nan|nan|nan
916|nan|nan|nan|nan|nan|nan|nan|nan|nan|nan|nan|nan|nan|nan|nan|nan|nan|nan|nan
917|nan|nan|nan|nan|nan|nan|nan|nan|nan|nan|nan|nan|nan|nan|nan|nan|nan|nan|nan
918|nan|nan|nan|nan|nan|nan|nan|nan|nan|nan|nan|nan|nan|nan|nan|nan|nan|nan|nan
919|nan|nan|nan|nan|nan|nan|nan|nan|nan|nan|nan|nan|nan|nan|nan|nan|nan|nan|nan
920|nan|nan|nan|nan|nan|nan|nan|nan|nan|nan|nan|nan|nan|nan|nan|nan|nan|nan|nan
921|nan|nan|nan|nan|nan|nan|nan|nan|nan|nan|nan|nan|nan|nan|nan|nan|nan|nan|nan
922|nan|nan|nan|nan|nan|nan|nan|nan|nan|nan|nan|nan|nan|nan|nan|nan|nan|nan|nan
923|nan|nan|nan|nan|nan|nan|nan|nan|nan|nan|nan|nan|nan|nan|nan|nan|nan|nan|nan
924|nan|nan|nan|nan|nan|nan|nan|nan|nan|nan|nan|nan|nan|243.561536|nan|151.049133|nan|nan|nan
925|nan|nan|nan|nan|nan|nan|nan|nan|nan|nan|nan|nan|nan|226.428035|nan|135.393747|nan|nan|nan
926|nan|nan|nan|nan|nan|nan|nan|nan|nan|nan|nan|nan|nan|205.159765|nan|120.532600|nan|nan|nan
927|nan|nan|nan|nan|nan|nan|nan|nan|nan|nan|nan|nan|nan|219.311237|nan|118.394940|nan|nan|nan
928|nan|nan|nan|nan|nan|nan|nan|nan|nan|nan|nan|nan|nan|212.626696|100.654437|116.259196|nan|nan|nan
929|nan|nan|nan|nan|nan|nan|nan|nan|nan|nan|nan|nan|nan|190.647250|86.843024|101.304215|nan|nan|nan
930|nan|nan|nan|nan|nan|nan|nan|nan|nan|nan|nan|nan|nan|178.989435|78.394315|91.791167|nan|nan|nan
931|nan|nan|nan|nan|nan|nan|nan|nan|nan|nan|nan|nan|nan|161.063447|63.453319|75.706464|nan|nan|nan
932|nan|nan|nan|nan|nan|nan|nan|nan|nan|nan|nan|nan|nan|189.018902|63.453319|75.745069|nan|nan|nan
933|nan|nan|nan|nan|93.752773|nan|nan|nan|nan|nan|nan|nan|nan|183.612759|63.453319|75.168220|nan|nan|nan
934|nan|nan|nan|nan|91.661157|nan|nan|nan|nan|nan|nan|nan|nan|192.258164|63.453319|75.348256|nan|nan|nan
935|nan|nan|nan|nan|90.863650|nan|nan|nan|nan|61.127697|nan|nan|nan|202.517248|63.453319|75.655800|nan|nan|nan
936|nan|nan|nan|nan|90.399079|nan|nan|nan|nan|55.860173|nan|nan|nan|187.860994|63.453319|75.290065|nan|nan|nan
937|nan|nan|nan|nan|89.073558|nan|nan|nan|nan|51.186252|nan|nan|nan|182.571139|63.453319|75.325861|nan|nan|nan
938|nan|nan|nan|nan|87.773421|nan|nan|nan|nan|41.202781|nan|nan|nan|168.010339|63.453319|74.751778|nan|nan|nan
939|nan|nan|nan|nan|85.909769|nan|nan|nan|nan|39.712360|nan|nan|nan|162.985552|57.871081|69.048972|nan|nan|nan
940|nan|nan|nan|nan|84.118801|nan|nan|nan|nan|28.086874|nan|nan|nan|150.043930|54.847208|65.490953|nan|nan|nan
941|nan|nan|nan|nan|82.384273|nan|nan|nan|nan|21.229627|nan|nan|nan|146.075094|51.920315|62.020896|nan|nan|nan
942|nan|nan|nan|nan|80.490035|nan|nan|nan|nan|13.727813|nan|nan|nan|124.278868|44.719805|53.968914|nan|nan|nan
943|nan|9.121594|nan|nan|79.099306|nan|nan|nan|nan|34.032094|nan|nan|nan|132.734049|44.719805|53.502094|0.007945|nan|nan
944|nan|6.709402|nan|nan|77.535242|nan|nan|nan|nan|26.161508|nan|nan|nan|118.893586|44.572410|52.732303|0.005509|nan|nan
945|nan|5.598944|nan|nan|76.235474|nan|nan|nan|nan|31.082145|nan|nan|nan|124.969666|44.572410|52.303451|0.006599|nan|nan
946|nan|4.291850|nan|nan|74.779900|nan|nan|nan|nan|22.543905|nan|nan|nan|117.297246|41.402060|48.706649|0.005715|nan|nan
947|nan|3.693701|nan|nan|73.597577|nan|nan|nan|nan|44.802568|nan|nan|nan|118.567485|41.402060|48.287116|0.006260|nan|nan
948|nan|3.404482|nan|nan|72.535440|nan|nan|nan|nan|34.460415|nan|nan|nan|116.866122|41.402060|47.877954|0.006363|nan|nan
949|nan|3.193092|nan|nan|71.498487|nan|nan|nan|nan|32.966990|nan|nan|nan|112.138685|41.402060|47.481734|0.006156|nan|nan
950|nan|2.612547|nan|5.853257|70.621186|nan|nan|nan|nan|18.508903|nan|nan|nan|97.068105|41.402060|46.792620|0.003008|nan|nan
951|nan|0.914881|nan|-20.234041|69.612960|nan|nan|nan|nan|5.302611|nan|nan|nan|66.779643|40.016385|44.343369|-0.004746|nan|nan
952|nan|-0.312504|nan|-14.972036|68.370314|nan|nan|nan|nan|-6.574928|nan|nan|nan|68.009212|31.426638|35.179386|-0.004053|nan|nan
953|nan|-1.108304|nan|nan|67.356285|nan|108.395972|nan|nan|2.639533|nan|nan|nan|68.190553|31.426638|34.686459|-0.003375|nan|nan
954|nan|-1.849036|nan|-14.853291|66.510585|nan|108.295044|nan|nan|-0.892906|nan|nan|nan|60.764374|31.426638|34.109027|-0.003876|nan|nan
955|nan|-2.808510|nan|-23.191796|65.666159|nan|82.255788|nan|nan|-9.055154|nan|nan|nan|48.394827|31.426638|33.472424|-0.005815|nan|nan
956|nan|-3.745531|nan|-22.902177|64.620000|nan|59.345280|nan|nan|-12.795378|nan|nan|nan|43.064553|29.615406|31.293600|-0.006282|nan|nan
957|nan|-4.782074|nan|-31.299680|64.122609|nan|66.006486|nan|nan|-29.736302|nan|nan|nan|31.737837|29.615406|30.678934|-0.008460|nan|nan
958|nan|-5.635025|nan|-27.693424|63.428399|nan|62.171246|nan|nan|-6.233642|nan|nan|nan|30.042907|29.615406|30.493946|-0.008032|nan|nan
959|nan|-6.113263|nan|nan|61.044406|34.864314|48.344200|0.120540|nan|-4.324485|nan|nan|nan|34.733710|29.615406|30.339061|-0.006810|nan|nan
1000|nan|-5.808789|nan|4.023357|58.744716|34.142775|60.354554|-0.008308|nan|14.231451|nan|nan|nan|54.343321|29.615406|30.824907|-0.003394|nan|nan
1001|nan|-5.362046|nan|8.308722|57.176954|33.530378|47.637708|-0.008308|nan|21.364416|nan|-80.168141|nan|55.820600|29.615406|31.036224|-0.002613|nan|nan
1002|nan|-5.645741|nan|-17.126041|56.111574|32.020417|49.353473|-0.011488|nan|8.553614|nan|-82.921523|nan|26.351759|29.615406|30.415232|-0.006427|nan|nan
1003|nan|-5.925227|nan|-19.560925|54.727995|30.594079|40.370939|-0.003697|nan|0.544728|nan|-85.576440|nan|19.727695|29.615406|30.074577|-0.006928|nan|nan
1004|nan|-6.269165|nan|-24.294992|53.836822|29.134441|47.133071|-0.008035|nan|-4.078408|nan|-87.702090|nan|13.851869|29.615406|29.649223|-0.007385|nan|nan
1005|nan|-6.748888|nan|-31.875059|53.530035|27.482031|51.372020|-0.028366|nan|6.496425|nan|-89.726420|nan|2.531530|29.615406|29.008901|-0.009027|nan|nan
1006|nan|-7.180453|nan|-30.948859|53.107933|26.002280|38.251465|-0.036898|nan|1.150479|nan|-91.258751|nan|-0.353767|29.615406|28.669792|-0.009143|nan|nan
1007|nan|-7.166666|nan|-14.775536|52.479916|25.090772|50.766455|-0.027771|nan|8.026484|nan|-93.160416|nan|13.120257|29.615406|28.723809|-0.006787|nan|nan
1008|nan|-7.268885|nan|-19.668674|51.901709|24.105662|34.819935|-0.026871|nan|-8.632758|nan|-94.989538|nan|6.806213|29.615406|28.622705|-0.007273|nan|nan
1009|nan|-7.246598|nan|-14.280271|51.161743|23.316439|35.324572|-0.021430|nan|4.610636|nan|-97.002743|nan|7.493446|29.615406|28.709330|-0.006728|nan|nan
1010|nan|-7.149404|nan|nan|50.206546|22.652796|28.360585|-0.018013|nan|5.054364|nan|-99.216378|nan|9.200210|29.615406|28.787713|-0.006140|nan|nan
1011|nan|-6.955792|nan|nan|49.276590|22.099225|29.168004|-0.015618|nan|4.874844|nan|-100.977082|nan|9.887443|29.615406|36.411896|-0.005595|nan|nan
1012|nan|-6.740186|nan|nan|48.756457|21.601253|10.193662|-0.013750|nan|1.110012|nan|-102.580671|nan|8.814503|29.615406|36.476320|-0.005389|nan|nan
1013|nan|-6.294964|nan|5.650697|48.036320|21.455250|31.388405|-0.017467|nan|-1.312401|nan|-103.545867|nan|18.508821|29.615406|36.842524|-0.003754|nan|nan
1014|nan|-5.978087|nan|1.111568|48.121206|21.118941|14.836320|-0.016401|nan|2.980576|nan|-104.528763|nan|13.205934|29.615406|36.824719|-0.004299|nan|nan
1030|nan|-5.577969|nan|nan|48.085416|20.915859|25.635547|-0.018444|nan|-12.331949|nan|-105.106036|nan|15.385038|29.615406|44.661054|-0.003813|nan|nan
1031|nan|-5.333593|nan|-1.212841|48.271798|20.565821|14.533538|-0.018444|nan|-12.918747|nan|-105.782391|nan|9.602991|29.615406|44.622053|-0.004550|nan|nan
1032|nan|-5.488065|nan|-20.107665|48.977371|19.718999|-0.908346|-0.026924|nan|-25.100124|nan|-106.427143|nan|-10.308883|29.615406|44.132879|-0.007350|nan|nan
1033|24.180951|-5.497947|nan|-15.022813|49.325150|19.050980|3.431530|-0.030944|nan|-15.219666|nan|-107.256635|nan|-7.497211|29.615406|43.913264|-0.006820|nan|nan
1034|33.549459|-5.340066|nan|-4.685432|49.577040|18.720320|12.716846|-0.027499|nan|-13.102256|nan|-107.432167|nan|2.779376|29.615406|44.060637|-0.005258|nan|nan
1035|30.057640|-5.274824|nan|-7.930030|49.976361|18.306999|-0.908346|-0.029324|nan|-12.834056|nan|-107.930382|nan|0.102782|29.615406|44.031369|-0.005568|nan|nan
1036|31.186034|-5.912728|nan|-3.961690|50.339516|18.015726|-24.323491|-0.026438|nan|-18.433057|nan|-108.164512|nan|2.571629|29.615406|44.172173|-0.005155|nan|nan
1037|34.470419|-6.311624|nan|nan|50.733040|17.810295|-14.735392|-0.025070|nan|-11.002508|nan|-108.410489|nan|6.759023|29.615406|44.290300|-0.004448|nan|nan
1038|25.590807|-6.749251|nan|-7.232889|51.480951|15.697887|-17.460431|-0.026576|nan|-11.156786|nan|-108.889959|nan|-1.025422|29.615406|44.081625|-0.005524|nan|nan
1039|14.933360|-7.176928|nan|nan|52.013526|13.391047|-30.076349|-0.031285|nan|-18.872866|nan|-109.624471|nan|-10.566329|29.615406|44.315183|-0.006865|nan|nan
1040|-16.298151|-8.056665|nan|-45.809608|52.253270|10.514916|-68.125959|-0.046042|nan|-27.145214|nan|-110.788997|nan|-40.738860|29.615406|43.129200|-0.013500|nan|nan
1041|-9.552526|-8.612817|nan|-37.363680|52.110355|8.440293|-61.262900|-0.053046|nan|-15.751890|nan|-110.982950|nan|-33.013500|35.788360|33.383470|-0.012307|nan|nan
1042|0.739486|-8.716124|nan|nan|52.200070|6.418104|-56.721169|-0.063578|nan|-8.631223|nan|-111.035133|nan|-21.611160|35.701061|33.255196|-0.010597|nan|nan
1043|-1.634351|-9.031650|nan|-27.541142|52.190173|4.454622|-54.803549|-0.071340|nan|-21.848136|nan|-111.268125|nan|-22.603986|35.701061|33.098291|-0.010745|nan|-81.795961
1044|17.858565|-8.711548|nan|-5.982298|51.608400|3.448798|-25.736473|-0.078446|nan|-4.397369|nan|-110.905042|nan|-1.988343|21.116159|19.037022|-0.007723|nan|-82.131738
1045|26.585356|-8.470925|nan|nan|51.336866|2.772775|7.468624|-0.072905|nan|2.453560|nan|-110.054819|nan|7.670479|21.116159|19.470619|-0.006293|nan|-82.342023
1046|25.241835|-8.156258|nan|nan|51.285435|2.368541|12.414064|-0.069511|nan|0.933183|-4.475852|-109.207805|nan|7.226547|21.116159|19.828760|-0.006352|nan|-82.569120
1047|17.236737|-8.112880|nan|-4.549363|50.824061|1.306383|-20.791033|-0.069455|nan|-3.537942|-9.366305|-108.344278|nan|-0.333134|21.116159|19.969881|-0.007384|nan|-82.819735
1048|16.645969|-8.096119|nan|nan|50.601157|0.332702|-23.919781|-0.071230|nan|2.287063|-7.972160|-107.596403|nan|-0.343301|21.116159|20.093672|-0.007340|nan|-83.099640
1049|21.000581|-7.997165|nan|2.426735|50.037414|-0.672719|-21.800307|-0.070814|nan|-4.597331|-1.778067|-106.947017|nan|4.864698|21.116159|20.356306|-0.006573|nan|-83.305394
1050|5.832717|-8.076896|nan|-12.867488|50.184220|-2.301760|-44.004323|-0.070554|nan|-25.606532|-14.970653|-107.386866|nan|-9.951734|21.116159|20.108895|-0.008652|nan|-83.712179
1051|-1.355559|-7.804142|1406.945722|nan|49.780513|-3.804622|-50.463674|-0.073983|29.788681|-32.214028|-20.764781|-108.119391|22.027513|-15.769187|21.116159|19.927571|-0.009567|nan|-84.131923
1052|3.864912|-7.469499|1377.310000|-11.929839|48.859378|-5.076629|-28.158730|-0.078476|37.944958|-24.854562|-14.501317|-107.957263|28.184082|-9.138185|21.116159|19.953857|-0.008668|nan|-84.476311
1053|6.887490|-7.223849|1361.366931|-9.023608|48.665144|-6.126910|-27.553166|-0.079712|34.601999|-9.972734|-10.519568|-107.514782|28.200248|-5.357521|21.116159|19.834298|-0.008093|nan|-84.741944
1054|14.468637|-6.803666|1345.257776|0.139226|48.054437|-6.862395|-15.340957|-0.080702|42.598729|7.034121|-2.068867|-106.752557|36.678145|3.055782|21.116159|20.063776|-0.006855|nan|-84.907477
1055|19.471193|-6.204273|1320.344610|6.338596|46.980266|-7.275508|-5.450077|-0.082806|39.812515|7.991034|3.817376|-105.656120|40.371931|9.107535|21.116159|20.409314|-0.006000|nan|-84.985366
1056|24.112833|-5.464590|1296.440008|nan|46.585883|-7.572271|3.734312|-0.089188|42.302300|21.944991|9.307145|-104.408584|43.262008|14.791763|21.116159|20.687567|-0.005203|nan|-84.962907
1057|15.674147|-4.809419|1281.098781|3.194612|46.581908|-7.787263|-2.523184|-0.092812|33.191530|11.673838|1.565529|-103.906388|30.151530|7.446346|21.116159|20.602280|-0.006324|nan|-85.094025
1058|12.514183|-4.159616|1247.538763|1.711034|46.090191|-8.151847|6.257495|-0.093852|31.169273|-6.757319|-1.079698|-103.395774|27.729273|5.440058|21.116159|20.695593|-0.006678|nan|-85.252514
1059|9.888592|-3.751120|1206.649921|-1.605463|46.079164|-8.397768|0.605564|-0.094030|28.052530|2.869357|-3.183538|-103.039449|24.771654|3.574773|21.116159|28.491940|-0.006958|nan|-85.407051
1100|7.278230|-3.706338|1174.226524|-3.522858|46.174530|-8.851297|2.018547|-0.093505|27.734910|-1.666171|-5.370892|-102.801856|22.614034|1.618577|21.116159|28.284621|-0.007239|nan|-85.565512
1101|-4.808966|-4.039005|1147.799762|-14.923006|46.111154|-9.434523|-14.432611|-0.095808|16.250704|-12.837628|-17.045191|-102.998703|9.209244|-9.461153|21.116159|27.977175|-0.008906|nan|-85.838464
1102|-4.065639|-3.961589|1132.534795|nan|46.052354|-10.033068|-32.195824|-0.094980|15.503687|-4.932701|-15.729843|-103.173715|8.542227|-7.995836|21.116159|27.749007|-0.008700|nan|-86.055276
1103|3.668497|-3.626370|1125.123650|-4.084410|45.964012|-10.374202|-20.185469|-0.093404|17.399489|-5.474362|-7.447836|-103.440950|14.759197|0.752646|21.116159|27.893155|-0.007476|nan|-86.194651
1104|-15.952622|-3.671123|1124.035520|-23.548928|46.126095|-11.284395|-28.461512|-0.108213|6.106608|-15.806812|-26.718432|-104.082984|-6.215145|-18.304730|21.116159|31.099610|-0.010249|nan|-86.519183
1105|-50.617196|-4.192618|1114.496449|-57.638139|45.241588|-12.682137|-64.593503|-0.246308|-28.547076|-33.744864|-61.189480|-105.832023|-46.627661|-51.869542|21.116159|18.461037|-0.017002|nan|-87.339367
1106|-44.889127|-4.467108|1102.397809|-50.473601|44.186123|-13.403956|-55.409114|-0.289764|-32.427776|-45.363026|-55.367219|-107.246465|-48.029238|-44.822615|20.359333|17.125094|-0.016074|nan|-88.105056
1107|-55.920823|-5.233918|1088.039347|-61.679386|43.125109|-14.483591|-60.960118|-0.327275|-34.422124|-36.634841|-66.335434|-108.372800|-58.424755|-55.769374|20.359333|16.271067|-0.018312|nan|-88.901595
1108|-54.428412|-5.878578|1071.746123|-59.136390|41.878826|-15.413019|-66.208340|-0.364758|-38.143526|-26.406992|-64.691268|-109.534196|-56.305280|-53.563562|19.226149|14.826906|-0.018004|nan|-90.902218
1109|-90.920209|-7.259089|1041.062288|-95.223007|40.550768|-17.376474|-111.221937|-0.395526|-57.328648|-47.511249|-101.293826|-111.825150|-94.534489|-89.787900|4.825511|-1.303024|-0.028348|nan|-93.060452
1110|-120.580241|-9.044566|1012.201586|-124.518219|38.076572|-19.638858|-169.860726|-0.426384|-84.774213|-65.693416|-130.936402|-114.786391|-125.980638|-119.231778|-28.307305|-36.021695|-0.036963|nan|-95.182001
1111|-112.511307|-10.694446|993.391555|-115.052901|35.810467|-21.467711|-152.904931|-0.457161|-78.794117|-60.759475|-122.940396|-117.544510|-117.199958|-110.690732|-28.307305|-36.861364|-0.035688|nan|-96.958201
1112|-124.249982|-12.592306|954.076050|-126.505046|33.461509|-23.518709|-152.198440|-0.487551|-84.834028|-66.468811|-134.967605|-120.711951|-131.801039|-122.142985|-28.307305|-38.185200|-0.037913|nan|-99.025899
1113|-113.486168|-14.334555|878.546314|-114.696353|30.308690|-25.001850|-141.701996|-0.509129|-80.369771|-61.576308|-124.376601|-123.310519|-120.295322|-111.436243|-39.855322|-49.881090|-0.036239|nan|-100.856008
1114|-78.486440|-15.490919|812.471085|-78.856121|28.072555|-25.789594|-85.283608|-0.507920|-51.122075|-40.057499|-89.565621|-124.716786|-84.567040|-77.788924|-39.855322|-49.416401|-0.031016|nan|-102.210793
1115|-84.076053|-16.815710|736.932058|-84.228478|26.217829|-27.182558|-80.338168|-0.530773|-42.846584|-46.876787|-95.210485|-125.432006|-89.411553|-84.928684|-39.855322|-49.401839|-0.031733|nan|-103.501314
1116|-87.153205|-18.014575|547.286085|-87.084893|24.929171|-28.704459|-83.063207|-0.554690|-45.727620|-34.302769|-98.414389|-126.501242|-91.732882|-89.733445|-39.855322|-49.431335|-0.032081|nan|-104.675406
1117|-92.136902|-18.968295|316.680171|-91.328298|23.638153|-29.862488|-94.367070|-0.577266|-58.845986|-57.167330|-103.600376|-128.006264|-98.211831|-96.527255|-39.855322|-49.494893|-0.032711|nan|-106.193996
1118|-111.161894|-20.239902|74.835339|-108.940017|22.237989|-31.486734|-112.332138|-0.605451|-65.592666|-63.061060|-122.960759|-129.977882|-116.479681|-118.323503|-39.855322|-50.199690|-0.035399|nan|-107.711471
1119|-99.798973|-21.292247|-134.154049|-96.444676|21.354252|-32.595982|-94.972634|-0.625783|-62.201680|-76.888316|-112.068999|-132.129948|-105.008399|-109.350224|-39.855322|-50.166225|-0.033635|nan|-109.066837
1120|-110.233877|-22.591076|-368.099201|-106.514140|20.152824|-33.902747|-118.892415|-0.644172|-68.609246|-94.778917|-123.062913|-134.762827|-118.697424|-122.577238|-39.855322|-50.633448|-0.035068|nan|-110.631882
1121|-83.406033|-23.262845|-581.595338|-78.642839|19.261333|-34.392317|-97.596745|-0.650348|-49.697541|-72.099819|-96.490308|-136.591414|-91.144258|-98.492089|-39.855322|-50.101598|-0.031037|nan|-111.733487
1122|-77.057625|-24.043872|-732.310342|-72.491629|18.585413|-35.074813|-84.375262|-0.660186|-38.552915|-72.462286|-90.500088|-137.880755|-84.079344|-94.833027|-39.855322|-49.718776|-0.030009|nan|-112.709697
1123|-78.070463|-24.721632|-874.124925|-72.427633|18.062553|-35.798852|-80.741878|-0.671371|-38.854822|-58.865915|-91.916769|-139.106684|-84.382126|-98.416930|-39.855322|-49.610733|-0.030064|nan|-113.549095
1124|-69.184322|-24.974009|-998.194841|nan|17.822814|-36.338923|-62.675883|-0.682480|-31.267307|-42.726902|-83.540757|-140.213151|-74.794028|-91.771874|-39.855322|-49.257049|-0.028665|nan|-114.257319
1125|-48.372129|-24.500974|-1155.615727|-40.615002|17.594572|-36.466466|-35.324572|-0.687473|-15.370657|-31.759379|-63.241840|-140.464040|-53.296503|-72.307489|-39.855322|-48.561844|-0.025515|nan|-114.873692
1126|-62.575687|-24.368534|-1324.650590|-54.742966|17.417632|-37.060631|-43.398760|-0.691592|-24.494335|-41.643584|-78.009319|-140.920589|-66.820768|-87.986324|-39.855322|-48.377346|-0.027509|nan|-115.614728
1127|-34.768631|-23.839495|-1492.263467|-25.889423|17.601744|-36.916994|-22.607726|-0.670628|-7.074285|-26.065326|-50.581241|-140.900804|-38.359256|-60.796176|-39.855322|-47.363158|-0.023333|nan|-115.914816
1128|-24.513047|-23.227900|-1681.529378|-15.512352|17.926404|-36.933358|-14.129829|-0.650008|10.627035|-23.114852|-40.692048|-140.711804|-27.459102|-51.017095|-39.855322|-21.775857|-0.021736|nan|-116.215958
1129|4.148676|-22.334876|-1830.602416|14.252934|18.728640|-36.095772|13.221483|-0.649387|22.452756|3.302529|-12.250515|-140.053782|1.809829|-21.600654|-39.855322|-18.310637|-0.017436|nan|-116.183141
1330|6.193061|-21.790596|-1968.626481|17.527273|19.542647|-35.414194|13.927974|-0.646936|28.116283|-10.980986|-10.387905|-139.519895|6.273940|-18.598292|-39.855322|-17.264779|-0.017051|nan|-116.219026
1331|1.191546|-21.289690|-2092.180499|12.058165|20.426522|-34.957832|-1.917620|-0.640191|26.076650|-8.300983|-15.610025|-139.202656|3.273136|-22.506199|-39.855322|-16.856940|-0.017707|nan|-116.245940
1332|-8.831863|-20.828806|-2200.889413|2.065189|20.881382|-34.427418|-9.991807|-0.635005|11.388897|-16.916317|-25.852859|-138.887900|-8.294034|-31.482630|-39.855322|-16.644570|-0.019104|nan|-116.444433
1333|-14.358028|-20.461342|-2275.729578|-2.076799|21.655941|-34.100538|-5.752859|-0.633326|9.651752|-22.954671|-30.784676|-138.603112|-12.432056|-34.771303|-39.855322|-16.587387|-0.019716|nan|-116.691256
1334|-6.619394|-20.002535|-2363.860407|8.199023|22.205213|-33.698961|-15.643739|-0.610718|17.451700|-14.679543|-22.341681|-138.133981|-3.348594|-25.285598|-39.855322|-16.190554|-0.018379|nan|-117.072775
1335|-5.392326|-19.408852|-2404.615463|nan|22.000890|-33.249369|-47.133072|-0.498115|16.454295|-20.281593|-20.237202|-137.628628|-0.825411|-21.128911|-39.855322|-4.416686|-0.018008|nan|-117.501278
1336|5.596416|-18.478341|-2444.545839|22.854091|21.782457|-32.561402|-28.562439|-0.472874|25.146505|-17.282694|-8.301709|-136.478126|11.386799|-7.481654|-39.855322|6.490534|-0.016210|nan|-117.940824
1337|5.734857|-17.706872|-2442.647845|nan|21.556207|-31.979017|-37.645901|-0.441495|24.937089|-4.142670|-7.194139|-135.370545|12.698854|-5.253498|-39.855322|12.719131|-0.016016|nan|-118.407024
1338|6.032030|-17.053940|-2449.900670|nan|21.667517|-31.292366|-34.113443|-0.420143|21.151543|-14.252372|-6.037296|-134.630581|14.111837|-1.537493|-39.855322|19.394451|-0.015807|nan|-118.920688
1339|2.650365|-16.570799|-2452.995689|nan|20.993983|-30.528920|-72.263981|-0.381263|17.471095|-0.849270|-8.157888|-133.344621|11.790508|-1.163921|-39.855322|30.094482|-0.016148|nan|-119.239739
1340|1.479635|-16.208553|-2470.862145|nan|21.558998|-29.307593|-101.431985|-0.353083|2.308359|9.473776|-7.819918|-131.179030|3.028653|1.471981|-39.855322|30.377831|-0.016177|nan|-119.564028
1341|-7.215992|-16.144681|-2493.388958|14.197599|22.140629|-28.435755|-100.422711|-0.332762|3.096953|-1.268000|-14.969142|-129.427880|-4.742753|-2.773484|-39.855322|41.059558|-0.017319|nan|-119.858892
1342|-6.270419|-15.948729|-2507.316705|nan|22.454369|-27.743201|-109.607099|-0.302566|6.513352|-3.822894|-12.266253|-127.423173|-2.926060|2.497723|-39.855322|42.819742|-0.017050|nan|-120.171106
1343|-3.961574|-15.622224|-2509.900664|20.858759|23.015523|-26.939328|-94.972635|-0.275001|5.160332|-3.823717|-8.355375|-125.508147|0.202687|9.943682|-14.841326|40.838526|-0.016588|nan|-120.654670
1344|-4.063565|-15.332875|-2475.090029|19.684057|23.958633|-26.489593|-58.537861|-0.261178|12.907708|-14.876176|-6.729198|-122.659528|0.909179|15.181672|-12.829037|41.012988|-0.016482|nan|-121.260877
1345|-12.232587|-15.203832|-2444.391817|12.022110|25.825559|-26.398358|-70.750070|-0.241904|7.139127|-1.568701|-13.202741|-119.272597|-6.458517|11.666902|-12.829037|40.998938|-0.017562|nan|-121.910087
1346|-7.271405|-14.767384|-2416.610802|19.999565|27.512930|-26.099872|-67.318541|-0.219972|8.172871|-4.429024|-6.432657|-116.001257|-0.705659|22.082004|-12.829037|35.629103|-0.016715|nan|-122.557544
1347|-9.842471|-14.454117|-2390.453461|nan|29.093971|-25.738925|-73.374182|-0.198097|4.355884|1.403339|-6.983506|-112.627244|-2.522351|23.811626|-12.829037|34.047195|-0.016980|nan|-123.188207
1348|-12.692092|-14.279265|-2357.480721|nan|31.046147|-25.439886|-93.761506|-0.170619|2.395821|4.723927|-7.755274|-109.735295|-4.641825|25.562279|-12.829037|32.108465|-0.017289|nan|-123.818870
1349|-10.561656|-13.841018|-2330.853949|18.725028|32.177137|-25.145052|-78.824258|-0.149702|5.381787|-9.295759|-3.582704|-107.786157|-1.815859|31.962220|-12.829037|26.891339|-0.016872|nan|-124.451284
1350|1.724580|-12.541118|-2291.414772|31.265524|33.477762|-24.315150|-75.594583|-0.121714|8.700489|-4.415307|10.928008|-105.219537|19.342841|47.798912|-1.404903|27.417518|-0.014972|nan|-124.814452
1351|2.956345|-11.348412|-2252.190370|nan|34.976106|-23.395196|-46.224725|-0.104632|10.836296|3.986787|14.332912|-102.582710|21.719533|52.459745|8.885817|27.814060|-0.014703|nan|-125.202769
1352|2.521703|-10.073801|-2217.277883|33.427010|36.334226|-22.560273|-39.058883|-0.081762|11.018404|-9.397088|16.065568|-99.694012|21.820461|55.494876|14.604541|28.258500|-0.014687|nan|-125.503699
1353|11.924846|-8.596214|-2214.329127|42.807769|37.828937|-21.561178|-29.470785|-0.056714|16.108107|9.530877|27.851977|-96.022884|34.591341|67.313156|20.859305|28.888938|-0.013233|nan|-125.775045
1354|4.910583|-6.931766|-2209.389334|35.611304|39.634389|-20.981347|-26.442965|-0.023251|18.350182|13.996217|23.163241|-92.828658|28.031063|61.891339|26.197474|29.041807|-0.014196|nan|-125.946305
1355|0.538272|-4.737707|-2178.400594|nan|41.394033|-20.594065|-8.881606|-0.001735|16.813723|19.233995|21.046766|-89.476483|24.094897|58.625032|26.197474|29.127547|-0.014774|nan|-126.084749
1356|15.370996|-2.360304|-2147.803406|47.456589|42.761476|-19.849783|-7.165842|0.024418|25.091694|30.691886|38.123103|-86.567054|39.334926|75.249140|26.197474|29.775224|-0.012535|nan|-126.226640
1357|9.637459|-0.133021|-2111.937906|41.676849|44.373828|-19.293525|15.946521|0.036195|22.143131|14.805060|34.431353|-84.065415|33.985777|71.123231|26.197474|29.777224|-0.011752|nan|-126.368019
1358|1.300546|1.991229|-2053.873856|33.379814|45.604782|-18.851023|18.873414|0.044482|16.649576|4.812517|28.096557|-81.804546|26.012516|64.450132|26.197474|29.736422|-0.012347|nan|-126.519885
1359|8.030092|3.596487|-1992.587789|41.378473|46.423499|-18.166267|55.207259|0.055950|18.034491|10.779536|36.693318|-79.587481|33.077430|73.045977|26.197474|29.970365|-0.011309|nan|-126.625635
1400|14.495146|5.270629|-1947.805101|nan|47.025741|-17.316560|64.593503|0.069262|21.436331|21.442341|44.953215|-77.764496|40.079563|80.968202|26.197474|30.262285|-0.010315|nan|-126.716055
1401|4.143149|6.729400|-1888.119828|37.141218|47.721497|-16.538587|50.059964|0.080327|12.064479|12.814702|36.470838|-75.830379|30.706828|71.805444|26.197474|30.288344|-0.011796|nan|-126.789886
1402|6.343533|8.329401|-1839.100460|40.787178|47.974435|-15.710756|42.995050|0.093903|13.206441|32.285750|40.405142|-74.613682|33.129084|75.105195|26.197474|30.414131|-0.011439|nan|-126.854491
1403|-3.653509|9.918664|-1795.770888|30.063608|47.923334|-15.322176|29.067076|0.101989|12.377076|27.662689|32.126678|-73.821613|23.339132|66.052885|26.197474|30.154785|-0.012618|nan|-126.900264
1404|-13.406752|11.262746|-1739.939778|20.478690|47.664693|-14.831587|28.562440|0.095642|-4.010728|23.638613|23.759478|-74.107434|8.471034|57.285763|26.197474|41.479765|-0.014024|nan|-126.952964
1405|-15.536621|12.639223|-1690.463400|19.399363|47.204953|-13.739637|29.067076|0.114069|-13.229569|1.769701|22.842719|-74.442441|0.692487|56.254858|26.197474|43.743662|-0.010303|nan|-127.000425
1406|-27.631823|13.395748|-1661.610856|6.452524|46.670939|-13.059206|29.268931|0.127412|-17.879631|17.410664|11.810756|-74.953399|-11.317868|45.020024|26.197474|43.237622|-0.011086|nan|-127.047823
1407|-39.179386|13.827863|-1619.874071|-5.044356|46.569646|-12.478907|19.075269|0.130493|-30.984760|11.258979|1.188253|-75.441083|-26.183585|34.327707|26.197474|44.699585|-0.012773|nan|-127.084688
1408|-40.402978|14.239173|-1573.761166|-5.342710|46.180911|-11.851319|19.277123|0.145013|-29.715889|14.285437|0.926030|-75.797213|-27.394714|34.111797|26.197474|45.434288|-0.011537|nan|-127.045493
1409|-48.711859|14.356146|-1533.075506|-14.639997|46.093094|-10.841448|8.578825|0.147166|-53.132270|26.823144|-6.727390|-76.620973|-51.531683|26.275501|26.197474|44.758228|-0.011543|nan|-126.568002
1410|-64.107352|13.875710|-1468.334227|-30.469228|46.364386|-9.609161|-7.165842|0.186061|-69.955083|14.576695|-21.773588|-77.917969|-71.074495|11.330178|26.197474|44.064670|-0.013822|nan|-126.101082
1411|-71.268744|13.496213|-1418.400188|nan|46.757314|-8.641252|-22.304944|0.117012|-70.521897|4.412204|-28.788260|-79.745138|-78.442191|4.469063|26.197474|43.365652|-0.010681|nan|-125.671799
1412|-53.816503|13.116764|-1390.529888|-19.884004|46.800244|-6.976444|-3.330602|0.129321|-68.325129|17.334902|-11.346865|-81.082154|-67.044542|22.014422|26.197474|43.065361|-0.008164|nan|-125.241559
1413|-49.127551|12.467390|-1362.418386|nan|46.906766|-5.407005|4.138021|0.133602|-52.865253|11.625704|-6.720917|-82.314252|-62.704666|26.269519|26.197474|43.008925|-0.007528|nan|-124.720485
1414|-54.100554|11.375270|-1350.507616|-21.701047|47.176350|-4.555805|-0.504637|0.140299|-49.173816|4.690385|-12.088855|-83.607675|-68.053816|20.672014|26.197474|42.817424|-0.008312|nan|-124.266139
1415|-58.209896|10.160342|-1356.434212|nan|47.310685|-3.670590|-12.414063|0.129230|-58.594959|5.794051|-16.819589|-84.998517|-72.595546|15.078546|26.197474|42.676540|-0.008978|nan|-123.692301
1416|-59.442389|8.950191|-1355.294729|-27.985085|47.662726|-2.804576|-8.376970|0.114216|-59.670431|4.815817|-18.800563|-86.187055|-74.311311|11.596329|26.197474|42.423012|-0.009230|nan|-123.094853
1417|-53.166571|8.094172|-1353.367963|-20.976844|47.850911|-1.684871|-4.440803|0.107539|-56.957572|3.115438|-13.451271|-87.266644|-68.558452|15.893890|26.197474|42.392196|-0.008386|nan|-122.590834
1418|-36.818592|7.618704|-1335.813870|-5.647250|47.799969|0.182403|9.184389|0.110457|-56.493200|14.264396|2.038013|-87.987089|-55.053786|29.973478|26.197474|38.892325|-0.006077|nan|-122.427968
1419|-30.919753|7.129973|-1335.471090|-1.215186|48.132407|1.862166|17.258577|0.109160|-42.365271|16.743230|7.147529|-88.584701|-49.805564|33.130188|37.925698|39.099273|-0.005307|nan|-122.270486
1420|-37.373133|6.502950|-1329.005753|nan|48.256901|3.577317|23.011435|0.105246|-56.491113|-0.107120|-0.200697|-89.172582|-57.851406|24.418288|39.600759|39.266848|-0.006358|nan|-121.836696
1421|-25.830885|5.966932|-1316.412492|3.333497|48.608855|5.061042|35.627353|0.099096|-36.891008|5.851630|10.350613|-89.599405|-47.052180|33.627048|39.600759|39.555532|-0.004774|-760353.163946|-121.384880
1422|-19.594265|5.522873|-1332.422543|nan|48.904358|6.554787|41.178358|0.091172|-33.682103|21.907696|15.504912|-89.813691|-41.602103|37.250117|39.600759|39.935395|-0.003975|-760293.114776|-120.861917
1423|-8.861592|5.240901|-1364.055731|18.656735|49.009578|8.300242|60.960118|0.104684|-29.871809|14.957667|24.949221|-89.683419|-31.711223|46.255078|36.550595|37.485661|-0.002524|-751524.251410|-120.111509
1424|-12.621992|4.917684|-1397.046146|13.419714|49.674828|9.653087|49.757182|0.070200|-26.993295|13.137156|19.856364|-89.761878|-36.353881|40.362865|36.550595|37.635877|-0.003205|-751495.177154|-119.328699
1425|-15.756092|4.619735|-1415.931158|nan|50.178472|10.506445|41.783922|0.051981|-22.949803|15.088268|15.179639|-90.313907|-40.390975|34.746939|36.550595|37.586516|-0.003797|-671856.443104|-118.717897
1426|-9.257934|4.607536|-1417.895644|15.552169|49.884393|11.780743|62.574955|0.004305|-25.719678|7.775953|20.099090|-90.759282|-34.839971|39.319112|35.240029|36.532829|-0.002983|-671848.861573|-117.972276
1427|-7.599255|4.543409|-1419.821839|15.324536|50.066084|12.511194|57.932298|-0.011799|-11.652600|11.031651|20.195215|-91.175141|-34.133479|38.846772|35.240029|36.564323|-0.002880|-570419.892774|-117.341039
1428|-11.067444|4.413562|-1413.881759|10.887026|50.366552|12.919091|45.518234|-0.021698|-16.893696|18.562091|15.030936|-91.974366|-38.574282|32.982694|35.240029|36.419403|-0.003531|-570430.927488|-116.804374
1429|-12.240269|4.263317|-1389.141610|nan|50.076738|12.804465|50.463673|-0.039128|-5.813464|3.728135|12.175243|-92.631576|-40.693757|29.795498|35.240029|36.292254|-0.003842|-489738.016699|-116.151728
1430|-8.478445|4.289552|-1365.260627|12.831507|49.647756|12.748911|60.051772|-0.069343|-5.627498|5.763399|14.327363|-93.097325|-30.027791|31.775966|34.434431|35.528738|-0.003427|-489764.068541|-115.574217
1431|-14.910523|4.135026|-1334.943113|4.526947|49.756028|12.526325|42.591341|-0.081481|-13.235194|10.793755|6.104967|-94.193515|-37.395487|22.896106|34.434431|35.240965|-0.004508|-489792.488804|-115.221638
1432|-19.024665|3.971793|-1319.147226|-0.856659|49.201468|12.391992|39.967229|-0.096517|-18.522148|-7.933625|0.326315|-95.278524|-42.441855|16.893128|34.434431|35.006650|-0.005248|-489822.487895|-114.754362
1433|-20.511415|3.814857|-1314.184596|-3.267396|49.117972|12.245048|27.755021|-0.107605|-18.783818|4.117555|-2.785106|-96.195550|-41.264111|13.306261|34.434431|34.663017|-0.005604|-475669.675628|-114.251226
1434|-19.781146|3.654055|-1309.193446|nan|49.271826|11.966570|17.965068|-0.109133|-13.466260|1.922310|-3.502448|-97.313347|-40.025966|11.717574|34.434431|34.391912|-0.005633|-422235.201756|-113.819441
1435|-19.659500|3.249869|-1295.242366|nan|48.888538|11.707991|15.139102|-0.113849|-14.514266|-18.417151|-4.787440|-98.653418|-40.833385|10.274585|34.434431|34.334510|-0.005752|-366610.707671|-113.185679
1436|-19.852928|2.751624|-1283.538691|-4.083828|48.491242|11.235033|2.018547|-0.114184|-9.464760|-19.937049|-6.345459|-99.736028|-33.223585|8.473261|34.434431|34.290859|-0.005914|-272786.373640|-112.744801
1437|-12.081042|2.432975|-1271.879448|2.832005|48.248784|10.915708|-2.624111|-0.114377|-2.921113|-20.648065|0.123700|-100.677152|-26.360526|14.823929|34.434431|34.412309|-0.004907|-272793.406600|-112.754689
1438|-11.693566|1.954970|-1254.991581|0.891474|48.340660|10.504647|-4.339876|-0.114874|-0.145455|-12.258202|-0.770522|-101.354629|-18.065162|13.404711|34.434431|34.353586|-0.004981|-255338.331431|-112.764578
1439|-13.942148|1.472053|-1233.741417|-0.782464|47.947727|10.140638|-15.845593|-0.124501|-3.594791|-14.264551|-4.110305|-101.863481|-21.193910|10.156409|34.434431|34.462522|-0.005440|-272253.961319|-112.769844
1440|-18.753296|0.945962|-1219.744275|-7.908931|48.514205|9.571077|-37.040337|-0.145032|-4.126136|-9.069546|-9.938879|-102.492949|-26.845842|4.284915|34.434431|34.239583|-0.006269|-247701.202639|-112.802710
1441|-13.784722|0.360109|-1217.648695|-2.662965|48.227162|9.325638|-40.270011|-0.055454|-4.468994|-21.063557|-5.756489|-102.680877|-22.707820|8.983173|34.434431|34.375451|-0.005662|-248789.992092|-112.842117
1442|-6.399979|-0.162276|-1195.039289|nan|47.806436|9.152012|-16.552085|-0.058932|2.811576|-12.987396|0.931504|-102.377411|-15.907543|16.161033|34.434431|34.482272|-0.004699|-288068.444844|-112.874984
1443|1.278869|-0.401200|-1136.065615|10.798732|47.114947|9.142835|-5.349149|-0.051303|8.234930|-7.620862|7.989691|-101.863591|-3.204483|23.840731|27.062184|27.500584|-0.003693|-288062.874739|-112.903452
1444|-5.678253|-0.920017|-1085.225202|2.268907|46.873636|8.855219|-18.469705|-0.048447|5.343818|-2.132499|0.478044|-101.347809|-9.215889|15.676035|27.062184|27.492756|-0.004832|-284782.549471|-112.911023
1445|-5.360443|-1.524158|-1015.623668|2.866033|46.319632|8.733233|-23.516072|-0.034491|1.718887|0.211140|0.321140|-100.434775|-3.720526|15.944775|27.062184|27.635393|-0.004906|-284777.042622|-112.934504
1446|-2.221979|-1.939269|-948.765240|nan|45.780842|8.540331|-22.910508|-0.014838|9.000510|6.309057|3.062846|-99.253357|0.440803|18.727479|27.062184|27.740018|-0.004566|-284772.912516|-112.928467
1447|5.857119|-2.232776|-846.318599|12.477848|45.283316|8.541203|-9.890880|0.013183|14.427279|20.824901|10.697713|-98.384203|9.307572|25.790102|27.062184|27.967561|-0.003500|-221488.615377|-112.944900
1448|1.918339|-2.526129|-718.377133|5.982473|45.026218|8.422328|1.110201|0.006648|11.844573|8.363987|6.205604|-97.780916|6.323987|20.613401|27.062184|27.980726|-0.004196|-249311.076915|-112.929184
1449|14.931721|-2.395763|-595.597364|19.504120|44.463641|8.560932|18.570632|0.029357|22.295610|23.968504|18.719768|-96.702884|19.576196|32.857907|27.062184|28.287831|-0.002405|-232401.631638|-112.945617
1450|17.524077|-2.201801|-453.510533|20.318647|44.086477|8.485884|13.221482|0.043032|27.792008|13.029284|20.829329|-95.447674|21.392888|35.208135|27.062184|28.513196|-0.002139|-211129.848778|-112.968088
1451|8.076651|-2.043892|-316.431225|10.095629|44.037339|8.076657|13.827046|0.036518|21.599519|13.623684|10.918255|-94.430615|11.999226|24.833723|27.062184|28.364356|-0.003633|-211135.292320|-112.972766
1452|-15.543103|-2.134717|-226.897745|-13.684357|45.065028|7.042834|-5.046368|0.028411|7.676908|15.627828|-13.307262|-94.233567|-9.924265|-0.241947|27.062184|27.617307|-0.007200|-211140.055392|-112.932757
1453|-43.263797|-2.624173|-132.628052|-42.069651|45.013254|5.253334|-23.516072|-0.022388|-10.683089|-0.987825|-41.899742|-95.245916|-38.284849|-28.321742|27.062184|26.565706|-0.012192|-192594.007036|-112.784886
1454|-43.271366|-2.937710|-33.339716|-43.147500|44.777491|3.582845|-28.764294|-0.038303|-13.048360|-16.318101|-42.824436|-96.391629|-38.890413|-28.822342|27.062184|25.596366|-0.012433|-192596.489671|-112.440944
1455|-33.416436|-2.756986|78.472614|-32.512144|44.560816|2.319226|-23.516072|-0.051241|-7.683338|-5.527391|-33.763841|-97.054630|-24.565097|-19.278214|27.062184|25.164288|-0.011072|-192597.420659|-112.125444
1456|-53.297919|-2.916607|204.984548|-53.751268|44.406182|0.290777|-38.352393|-0.053436|-12.550075|-11.030120|-54.535994|-98.563008|-44.952422|-39.890246|27.062184|24.233882|-0.015835|-183865.422419|-111.717996
1457|-87.070496|-3.882301|331.406313|-87.920562|43.625830|-2.460644|-71.860271|-0.088695|-41.082685|-33.663935|-89.360379|-101.122740|-79.166792|-74.074839|12.193208|7.748593|-0.025989|-183858.312097|-111.418166
1458|-87.989183|-4.848164|470.225956|-88.891944|42.621231|-4.851393|-77.613130|-0.128614|-46.875620|-45.305752|-91.314156|-103.962531|-78.558848|-74.995567|-4.118848|-9.465618|-0.026496|-183846.757796|-111.218750
1459|-93.619737|-5.891918|567.577870|-95.387162|41.479220|-7.520736|-85.687318|-0.166393|-43.149453|-44.247046|-98.014739|-106.785106|-81.073561|-80.848425|-4.118848|-10.568522|-0.028377|-183829.574516|-111.011641
