859|nan|nan|nan|nan|nan|nan|nan|nan|nan|nan|nan|nan|nan|nan|nan|nan|nan|nan|nan
900|nan|nan|nan|nan|nan|nan|nan|nan|nan|nan|nan|nan|nan|nan|nan|nan|nan|nan|nan
901|nan|nan|nan|nan|nan|nan|nan|nan|nan|nan|nan|nan|nan|nan|nan|nan|nan|nan|nan
902|nan|nan|nan|nan|nan|nan|nan|nan|nan|nan|nan|nan|nan|nan|nan|nan|nan|nan|nan
903|nan|nan|nan|nan|nan|nan|nan|nan|nan|nan|nan|nan|nan|nan|nan|nan|nan|nan|nan
904|nan|nan|nan|nan|nan|nan|nan|nan|nan|nan|nan|nan|nan|nan|nan|nan|nan|nan|nan
905|nan|nan|nan|nan|nan|nan|nan|nan|nan|nan|nan|nan|nan|nan|nan|nan|nan|nan|nan
906|nan|nan|nan|nan|nan|nan|nan|nan|nan|nan|nan|nan|nan|nan|nan|nan|nan|nan|nan
907|nan|nan|nan|nan|nan|nan|nan|nan|nan|nan|nan|nan|nan|nan|nan|nan|nan|nan|nan
908|nan|nan|nan|nan|nan|nan|nan|nan|nan|nan|nan|nan|nan|nan|nan|nan|nan|nan|nan
909|nan|nan|nan|nan|nan|nan|nan|nan|nan|nan|nan|nan|nan|nan|nan|nan|nan|nan|nan
910|nan|nan|nan|nan|nan|nan|nan|nan|nan|nan|nan|nan|nan|nan|nan|nan|nan|nan|nan
911|nan|nan|nan|nan|nan|nan|nan|nan|nan|nan|nan|nan|nan|nan|nan|nan|nan|nan|nan
912|nan|nan|nan|nan|nan|nan|nan|nan|nan|nan|nan|nan|nan|nan|nan|nan|nan|nan|nan
913|nan|nan|nan|nan|nan|nan|nan|nan|nan|nan|nan|nan|nan|nan|nan|nan|nan|nan|nan
914|nan|nan|nan|nan|nan|nan|nan|nan|nan|nan|nan|nan|nan|nan|nan|nan|nan|nan|nan
915|nan|nan|nan|nan|nan|nan|nan|nan|nan|nan|nan|nan|nan|nan|nan|nan|nan|nan|nan
916|nan|nan|nan|nan|nan|nan|nan|nan|nan|nan|nan|nan|nan|nan|nan|nan|nan|nan|nan
917|nan|nan|nan|nan|nan|nan|nan|nan|nan|nan|nan|nan|nan|nan|nan|nan|nan|nan|nan
918|nan|nan|nan|nan|nan|nan|nan|nan|nan|nan|nan|nan|nan|nan|nan|nan|nan|nan|nan
919|nan|nan|nan|nan|nan|nan|nan|nan|nan|nan|nan|nan|nan|nan|nan|nan|nan|nan|nan
920|nan|nan|nan|nan|nan|nan|nan|nan|nan|nan|nan|nan|nan|nan|nan|nan|nan|nan|nan
921|nan|nan|nan|nan|nan|nan|nan|nan|nan|nan|nan|nan|nan|nan|nan|nan|nan|nan|nan
922|nan|nan|nan|nan|nan|nan|nan|nan|nan|nan|nan|nan|nan|nan|nan|nan|nan|nan|nan
923|nan|nan|nan|nan|nan|nan|nan|nan|nan|nan|nan|nan|nan|nan|nan|nan|nan|nan|nan
924|nan|nan|nan|nan|nan|nan|nan|nan|nan|nan|nan|nan|nan|213.922457|nan|127.647275|nan|nan|nan
925|nan|nan|nan|nan|nan|nan|nan|nan|nan|nan|nan|nan|nan|211.166088|nan|115.970334|nan|nan|nan
926|nan|nan|nan|nan|nan|nan|nan|nan|nan|nan|nan|nan|nan|187.247907|nan|104.188483|nan|nan|nan
927|nan|nan|nan|nan|nan|nan|nan|nan|nan|nan|nan|nan|nan|187.923975|nan|95.339825|nan|nan|nan
928|nan|nan|nan|nan|nan|nan|nan|nan|nan|nan|nan|nan|nan|179.528204|82.299762|90.843211|nan|nan|nan
929|nan|nan|nan|nan|nan|nan|nan|nan|nan|nan|nan|nan|nan|164.109873|67.696414|75.640132|nan|nan|nan
930|nan|nan|nan|nan|nan|nan|nan|nan|nan|nan|nan|nan|nan|156.465071|61.229101|68.610381|nan|nan|nan
931|nan|nan|nan|nan|nan|nan|nan|nan|nan|nan|nan|nan|nan|138.366693|47.773581|54.474361|nan|nan|nan
932|nan|nan|nan|nan|nan|nan|nan|nan|nan|nan|nan|nan|nan|141.045638|47.773581|54.017394|nan|nan|nan
933|nan|nan|nan|nan|77.132794|nan|nan|nan|nan|nan|nan|nan|nan|133.377007|47.773581|53.432736|nan|nan|nan
934|nan|nan|nan|nan|73.795832|nan|nan|nan|nan|nan|nan|nan|nan|118.669633|39.068900|44.204426|nan|nan|nan
935|nan|nan|nan|nan|70.688408|nan|nan|nan|nan|-2.610814|nan|nan|nan|99.578557|35.014079|39.525995|nan|nan|nan
936|nan|nan|nan|nan|67.666406|nan|nan|nan|nan|-27.865916|nan|nan|nan|65.768885|29.249486|32.759389|nan|nan|nan
937|nan|nan|nan|nan|64.699096|nan|nan|nan|nan|-19.493585|nan|nan|nan|49.762139|23.590909|26.122790|nan|nan|nan
938|nan|nan|nan|nan|60.528485|nan|nan|nan|nan|-49.114921|nan|nan|nan|5.524052|-1.276032|-0.153397|nan|nan|nan
939|nan|nan|nan|nan|56.239283|nan|nan|nan|nan|-55.630575|nan|nan|nan|-8.422510|-11.615652|-11.607015|nan|nan|nan
940|nan|nan|nan|nan|52.552232|nan|nan|nan|nan|-42.194119|nan|nan|nan|2.400639|-11.615652|-12.169530|nan|nan|nan
941|nan|nan|nan|nan|48.719463|nan|nan|nan|nan|-48.991398|nan|nan|nan|-30.978398|-19.644175|-21.400090|nan|nan|nan
942|nan|nan|nan|nan|44.625772|nan|nan|nan|nan|-62.147169|nan|nan|nan|-41.750103|-32.128655|-34.802660|nan|nan|nan
943|nan|-84.751368|nan|nan|41.075702|nan|nan|nan|nan|-51.444671|nan|nan|nan|-31.531620|-32.128655|-35.180410|-0.038215|nan|nan
944|nan|-86.422568|nan|nan|38.175586|nan|nan|nan|nan|-42.228774|nan|nan|nan|-45.333804|-32.128655|-35.900880|-0.039695|nan|nan
945|nan|-88.265196|nan|nan|34.633070|nan|nan|nan|nan|-58.008015|nan|nan|nan|-55.447387|-41.315332|-45.451803|-0.040933|nan|nan
946|nan|-87.936329|nan|nan|32.231650|nan|nan|nan|nan|-50.151043|nan|nan|nan|-41.006480|-41.315332|-45.687351|-0.037782|nan|nan
947|nan|-86.391720|nan|nan|30.472670|nan|nan|nan|nan|-34.564128|nan|nan|nan|-31.348710|-41.315332|-45.665743|-0.035210|nan|nan
948|nan|-84.035241|nan|-75.438274|29.191335|nan|nan|nan|nan|-34.476696|nan|nan|nan|-24.068390|-41.315332|-45.443536|-0.032793|nan|nan
949|nan|-81.184058|nan|-66.672985|28.544175|nan|nan|nan|nan|-23.611262|nan|nan|nan|-21.309063|-41.315332|-45.374969|-0.031165|nan|nan
950|nan|-78.112443|nan|-55.121064|28.058814|nan|nan|nan|nan|-22.098138|nan|nan|nan|-17.932191|-41.315332|-45.119525|-0.029537|nan|nan
951|nan|-75.374943|nan|nan|27.654053|nan|nan|nan|nan|-32.883956|nan|nan|nan|-23.416868|-41.315332|-44.874986|-0.029304|nan|nan
952|nan|-73.008249|nan|-56.961826|27.406269|nan|nan|nan|nan|-36.898720|nan|nan|nan|-32.181418|-41.315332|-44.795705|-0.029626|nan|nan
953|nan|-70.198563|nan|-41.513154|27.455534|nan|76.152123|nan|nan|-20.192652|nan|nan|nan|-24.582198|-41.315332|-44.538748|-0.027365|nan|nan
954|nan|-66.908690|nan|-24.115292|27.811632|nan|70.243768|nan|nan|-27.794169|nan|nan|nan|-12.792269|-41.315332|-44.146055|-0.024575|nan|nan
955|nan|-63.766485|nan|nan|28.302364|nan|72.705583|nan|nan|-17.785164|nan|nan|nan|-13.225548|-41.315332|-43.805836|-0.023762|nan|nan
956|nan|-61.501532|nan|-35.014418|28.863012|nan|33.644796|nan|nan|-27.883102|nan|nan|nan|-34.022176|-41.315332|-43.972168|-0.026192|nan|nan
957|nan|-59.979925|nan|-49.397732|29.171313|nan|20.022757|nan|nan|-44.292733|nan|nan|nan|-53.493486|-41.315332|-44.224488|-0.028439|nan|nan
958|nan|-58.040292|nan|-33.638080|29.707258|nan|26.259353|nan|nan|-32.678293|nan|nan|nan|-43.687458|-41.315332|-44.233293|-0.026123|nan|nan
959|nan|-55.931051|nan|nan|27.993937|-29.133304|20.515119|-0.130169|nan|-23.243676|nan|nan|nan|-38.311485|-41.315332|-44.205638|-0.024545|nan|nan
1000|nan|-53.719982|nan|-14.622773|26.626924|-28.734404|22.156328|-0.097405|nan|-10.731075|nan|nan|nan|-32.467623|-41.315332|-24.301472|-0.023071|nan|nan
1001|nan|-51.453214|nan|nan|25.712301|-28.149405|11.816709|-0.079816|nan|-12.433202|nan|-136.991481|nan|-27.683521|-41.315332|-12.784048|-0.021806|nan|nan
1002|nan|-49.516692|nan|-12.623907|25.011853|-27.759937|10.011378|-0.085895|nan|-17.930830|nan|-138.712052|nan|-34.981600|-41.315332|-3.609059|-0.022547|nan|nan
1003|nan|-47.792912|nan|nan|24.295277|-27.427319|2.625935|-0.125217|nan|-26.352969|nan|-140.312810|nan|-39.102052|-41.315332|10.564944|-0.022865|nan|nan
1004|nan|-45.930384|nan|-3.755997|23.609465|-26.820891|-0.656484|-0.117911|nan|-26.005075|nan|-141.227329|nan|-30.507071|-41.315332|14.237555|-0.021335|nan|nan
1005|nan|-44.195122|nan|nan|23.156775|-26.202150|-14.278523|-0.104511|nan|-24.091412|nan|-141.897020|nan|-29.811466|-41.315332|15.914081|-0.021045|nan|nan
1006|nan|-42.144137|nan|13.971358|22.818978|-25.135555|-28.557046|-0.085830|nan|-15.136294|nan|-141.655419|nan|-13.981632|-41.315332|19.987134|-0.018431|nan|nan
1007|nan|-40.293851|nan|12.040926|22.175111|-24.205431|-42.014965|-0.085201|nan|-32.660635|nan|-141.608526|nan|-14.089617|-41.315332|28.379274|-0.018536|nan|nan
1008|nan|-38.558188|nan|nan|21.519018|-23.333361|-82.388719|-0.085201|nan|-34.063877|nan|-141.460892|nan|-14.023968|-41.315332|28.256603|-0.018588|nan|nan
1009|nan|-36.983429|nan|nan|21.149238|-22.529387|-93.713064|-0.081481|nan|-25.299863|nan|-141.080842|nan|-14.164374|-41.315332|27.444837|-0.018745|nan|nan
1010|nan|-35.769813|nan|1.857818|21.110598|-22.017758|-88.132953|-0.081580|nan|-40.614211|nan|-140.561337|nan|-20.953891|-41.315332|27.436432|-0.020248|nan|nan
1011|nan|-35.219507|nan|-22.325410|22.454325|-22.186177|-141.636383|-0.164212|nan|-42.671397|nan|-139.928741|nan|-43.399690|-41.315332|26.978775|-0.024153|nan|nan
1012|nan|-34.747166|nan|-24.610817|23.288084|-22.332578|-152.140124|-0.220608|nan|-45.401801|nan|-139.177471|nan|-42.320002|-41.315332|26.791026|-0.024681|nan|nan
1013|nan|-34.215525|nan|nan|24.952444|-22.358050|-132.937972|-0.239001|nan|-32.626613|nan|-137.039202|nan|-33.841285|-41.315332|26.662467|-0.023863|nan|nan
1014|nan|-33.694195|nan|nan|26.939843|-22.346574|-140.979900|-0.268139|nan|-10.486841|nan|-134.570173|nan|-29.708493|-41.315332|26.581661|-0.023679|nan|nan
1030|nan|-33.278258|nan|nan|28.801535|-22.372757|-148.693584|-0.283454|nan|-16.773489|nan|-132.614989|nan|-29.357501|-21.620818|26.539110|-0.024101|nan|nan
1031|nan|-32.339236|nan|3.609840|29.924003|-21.761803|-104.052685|-0.283454|nan|-1.760438|nan|-129.200833|nan|-1.319533|-10.298869|21.951644|-0.020090|nan|nan
1032|nan|-31.337713|nan|10.505607|32.199187|-21.102094|-80.091025|-0.283454|nan|25.541384|nan|-125.409223|nan|9.036727|-1.152123|22.164533|-0.018823|nan|nan
1033|-2.664132|-30.541307|nan|nan|34.171372|-20.614463|-72.869704|-0.263962|nan|13.290752|nan|-122.268659|nan|3.512188|12.970745|22.344043|-0.020089|nan|nan
1034|-10.676260|-29.921196|nan|nan|36.333460|-20.329754|-69.751405|-0.252001|nan|7.474460|nan|-119.080337|nan|-2.507313|16.421098|22.341511|-0.021224|nan|nan
1035|-10.421708|-29.267234|nan|nan|39.102020|-20.033052|-58.427059|-0.240519|nan|23.859779|nan|-115.753916|nan|-0.324277|17.898186|22.350669|-0.021039|nan|nan
1036|-26.829932|-28.575152|nan|-18.685345|41.462633|-20.060662|-72.377341|-0.284988|nan|-7.354063|nan|-113.465620|nan|-14.717457|21.484291|22.215002|-0.023519|nan|nan
1037|-67.296320|-28.432446|nan|-57.386040|43.007325|-21.002819|-113.571700|-0.356962|nan|-33.876039|nan|-112.819095|nan|-52.574842|23.282419|21.352438|-0.029827|nan|nan
1038|-101.932844|-28.152560|nan|-90.761824|43.148150|-24.857666|-132.773852|-0.436220|nan|-67.144009|nan|-113.517572|nan|-84.573873|1.071900|-1.816651|-0.035186|nan|nan
1039|-103.367176|-27.614418|nan|nan|42.892119|-28.245517|-115.541152|-0.508793|nan|-64.961269|nan|-114.530247|nan|-83.587138|0.907779|-2.695294|-0.035216|nan|nan
1040|-84.720371|-26.935959|nan|-70.250315|42.620601|-31.077855|-90.594766|-0.541521|nan|-50.581663|nan|-115.366428|nan|-62.504896|0.907779|-2.903050|-0.032026|nan|nan
1041|-86.157254|-25.918832|nan|-71.858739|42.531416|-33.530061|-106.022136|-0.571017|nan|-31.625930|nan|-116.036733|nan|-62.257979|0.907779|-3.174068|-0.032083|nan|nan
1042|-71.916176|-24.427681|nan|-55.640324|42.271014|-35.578901|-104.709168|-0.588101|nan|-29.242833|nan|-116.131066|nan|-46.401348|0.907779|-3.029753|-0.029630|nan|nan
1043|-54.283449|-22.861161|nan|-36.789550|42.039439|-37.110794|-71.720856|-0.589262|nan|-13.150530|nan|-116.104965|nan|-27.498633|0.907779|-2.716589|-0.026649|nan|-122.414444
1044|-64.478547|-21.469476|nan|-47.415702|41.497850|-38.591541|-71.228494|-0.608805|nan|-29.132335|nan|-116.843280|nan|-36.864649|0.907779|-2.582942|-0.028156|nan|-122.719878
1045|-58.362735|-19.756090|nan|nan|41.005615|-39.821095|-55.144641|-0.627184|nan|-23.288535|nan|-117.544720|nan|-30.671996|0.907779|-2.437245|-0.023985|nan|-122.914636
1046|-63.502349|-18.603211|nan|nan|40.290185|-40.813329|-51.698101|-0.642855|nan|-31.757572|-48.555928|-117.868705|nan|-37.144927|0.907779|-2.283860|-0.022197|nan|-123.019558
1047|-48.560327|-17.450420|nan|-28.080829|39.987116|-41.532707|-40.701997|-0.649141|nan|-20.770241|-32.972873|-117.327255|nan|-23.330497|0.907779|-1.972439|-0.019577|nan|-122.924682
1048|-41.925554|-16.476431|nan|nan|39.641822|-42.049597|-35.450126|-0.646270|nan|-21.981256|-25.843944|-117.001493|nan|-17.430718|0.907779|-1.695114|-0.018416|nan|-122.796098
1049|-43.290459|-15.784492|nan|-22.956742|39.268541|-42.430025|-26.751716|-0.652580|nan|-27.577857|-27.090354|-116.986154|nan|-19.739531|0.907779|-1.601547|-0.018550|nan|-122.657698
1050|-48.720772|-15.344707|nan|-27.878579|38.974983|-42.687918|-29.870013|-0.666047|nan|-20.024572|-32.514462|-117.354860|nan|-26.234701|0.907779|-1.652616|-0.019345|nan|-122.509460
1051|-58.692685|-15.107294|-2464.053073|-37.080803|38.492835|-42.638475|-23.141055|-0.700169|-18.761485|-37.302563|-43.040836|-118.203099|-32.523094|-36.991926|0.907779|-1.816049|-0.020878|nan|-122.435085
1052|-76.168483|-15.210755|-2494.147661|-54.132568|37.595222|-42.694171|-40.866118|-0.736500|-37.509421|-49.641654|-61.024895|-119.373471|-52.631673|-55.343585|0.907779|-2.065313|-0.023629|nan|-122.657885
1053|-92.611366|-15.868887|-2513.246842|-70.080071|36.628968|-42.485644|-57.278213|-0.756849|-57.272310|-43.961954|-78.040624|-120.918179|-77.835526|-73.037442|0.907779|-2.686358|-0.026222|nan|-123.072509
1054|-96.376173|-16.848975|-2536.595816|nan|35.953809|-42.105040|-61.709478|-0.804102|-62.718850|-48.430826|-82.429537|-122.764591|-82.642066|-77.888858|0.907779|0.063069|-0.026781|nan|-123.537878
1055|-119.669796|-18.414387|-2537.475435|-96.553392|34.456711|-42.415425|-94.041307|-0.862887|-79.295140|-69.259238|-106.295463|-125.286777|-105.619000|-102.270667|-7.450111|-12.092366|-0.031636|nan|-124.260692
1056|-101.381497|-19.314292|-2526.457890|-77.455407|33.420772|-41.756019|-99.785540|-0.857332|-76.349155|-58.913569|-88.343215|-127.648204|-95.553332|-85.048059|-7.450111|-12.202729|-0.028654|nan|-124.547010
1057|-87.147033|-19.685951|-2514.532124|nan|33.039038|-40.701597|-88.625315|-0.854189|-63.506831|-34.507361|-74.444967|-129.485129|-82.230688|-72.124496|-7.450111|-12.232687|-0.026332|nan|-124.480287
1058|-89.298421|-20.368653|-2509.347309|nan|32.558665|-39.887232|-85.507017|-0.866920|-63.236283|-35.306586|-76.959547|-131.368917|-84.200140|-75.438164|-7.450111|-12.199486|-0.026654|nan|-124.437206
1059|-95.359267|-21.361392|-2514.276957|-71.566171|32.253169|-39.104438|-90.266525|-0.879042|-72.664314|-39.396086|-83.481243|-133.304580|-94.268494|-82.945190|-7.450111|-12.425042|-0.027611|nan|-124.445125
1100|-81.201611|-22.138802|-2540.744015|-56.606968|31.764077|-37.850018|-78.613937|-0.883778|-61.746434|-38.987529|-69.772687|-134.581121|-79.989971|-70.504433|-7.450111|-12.234648|-0.025314|nan|-124.268991
1101|-52.233485|-22.527001|-2589.574187|-27.553326|30.416563|-36.319469|-24.618143|-0.861898|-37.977989|-19.449264|-41.320946|-134.482582|-50.940562|-42.926979|-7.450111|-11.721624|-0.020633|nan|-124.033378
1102|-45.559409|-22.760350|-2642.188993|nan|29.828788|-34.959259|-10.011378|-0.849960|-30.530637|-11.165193|-35.145784|-134.159098|-44.211603|-37.515103|-7.450111|-11.270368|-0.019549|nan|-123.890217
1103|-8.981120|-22.165792|-2723.833787|15.696625|29.198635|-33.092514|18.709789|-0.851701|1.026725|-15.328583|1.011195|-133.058125|-7.612630|-0.162111|-7.450111|-10.411160|-0.013647|nan|-123.954191
1104|-1.582244|-21.663644|-2781.782137|nan|28.740892|-31.320884|19.038031|-0.850291|5.772168|-17.835997|8.067235|-131.823205|-0.227187|7.939436|-7.450111|-9.705020|-0.012456|nan|-124.018166
1105|-17.477876|-21.517088|-2820.500195|6.145262|28.397129|-30.138183|4.267145|-0.844288|-4.626276|-33.731920|-8.183130|-130.956203|-16.146920|-7.764194|-7.450111|-9.434486|-0.015023|nan|-124.073550
1106|-1.350050|-21.246660|-2861.116698|23.758519|29.059448|-28.622413|4.923629|-0.805432|6.896612|-10.414733|7.590417|-130.367889|-0.063066|8.875662|-7.450111|-8.892005|-0.012430|nan|-124.180575
1107|10.696390|-20.802717|-2908.143533|34.221269|29.275518|-26.914075|-22.320450|-0.747364|16.478085|-16.659766|19.526277|-129.688207|11.917763|22.206837|-7.450111|-8.451228|-0.010498|nan|-124.308322
1108|3.230037|-20.536617|-2935.829814|28.182811|29.263704|-25.548485|-63.186568|-0.698336|8.448521|-20.090611|12.155457|-128.944155|4.368199|16.077288|-7.450111|-7.941259|-0.011715|nan|-124.331458
1109|11.364231|-20.105561|-2927.849300|nan|29.109304|-24.382259|-55.308762|-0.649817|18.170126|-13.654504|20.492637|-127.704170|12.730126|25.558925|-7.450111|-7.537128|-0.010418|nan|-124.384594
1110|-0.358139|-19.757900|-2909.979407|22.882925|28.831977|-23.590921|-47.266835|-0.604539|8.273739|-14.913416|8.908764|-126.758341|0.913417|15.882353|-7.450111|0.060266|-0.012324|nan|-124.430672
1111|-0.083758|-18.969520|-2854.003692|nan|28.430068|-22.568280|-47.430956|-0.559786|2.517860|-6.404818|9.328145|-125.421691|1.637538|18.961262|-7.450111|11.352556|-0.012297|nan|-124.564039
1112|-3.238355|-18.140086|-2790.506551|nan|28.454696|-21.387789|-35.450126|-0.524498|-2.684237|-6.897844|6.369931|-123.049162|-1.644881|18.245695|-7.450111|11.448804|-0.012827|nan|-125.093280
1113|-17.881223|-17.730938|-2745.222534|5.366929|29.715692|-20.820195|-31.675344|-0.500728|-11.294479|15.538281|-8.080093|-120.160769|-16.415767|5.502808|-7.450111|16.333815|-0.015209|nan|-125.768689
1114|-16.276532|-17.251789|-2687.835162|nan|31.027362|-20.384504|-39.553150|-0.474007|-9.257712|25.599893|-6.250534|-117.368324|-14.218678|9.257896|-7.450111|17.927232|-0.014971|nan|-126.254447
1115|0.759041|-16.362384|-2620.936441|24.499981|32.264094|-19.703713|-15.755612|-0.470904|6.685780|25.065723|11.021468|-114.727291|2.685780|28.690352|-7.450111|32.141207|-0.012245|nan|-126.488194
1116|16.652492|-15.610072|-2717.382106|40.639515|33.482609|-18.851792|-4.431266|-0.434369|21.640747|33.749783|27.196740|-111.745726|18.441392|46.984547|-7.450111|36.294912|-0.009704|nan|-126.578053
1117|23.204609|-14.973979|-2782.305489|nan|34.699236|-17.785764|17.560942|-0.403682|25.160820|36.018891|33.973141|-109.054256|25.082109|56.263209|-7.450111|41.121217|-0.008671|nan|-126.725324
1118|12.858968|-14.411084|-2857.271897|nan|35.588121|-16.948029|14.278523|-0.391250|17.536432|22.683540|23.760819|-107.201865|14.578368|48.470746|-7.450111|44.895797|-0.010364|nan|-126.904181
1119|18.273973|-13.607482|-2908.110086|41.727403|36.421656|-16.143450|18.709788|-0.372430|23.667979|8.342275|29.343142|-104.958743|19.830238|56.850560|-7.450111|45.139190|-0.009516|nan|-127.083038
1120|34.040160|-12.544943|-2964.303172|57.043479|37.257706|-15.025050|29.377651|-0.342291|36.218177|17.850208|45.362218|-102.520282|35.421729|75.650248|-7.450111|45.624392|-0.007001|nan|-127.332928
1121|57.365050|-10.760454|-3028.286026|79.981701|39.225996|-13.726185|42.999690|-0.278630|60.159234|25.748161|69.210274|-99.329216|58.562784|102.987642|-7.450111|46.292721|-0.003272|nan|-127.732518
1122|79.891644|-7.941829|-3077.356228|102.321637|41.253874|-11.940714|48.251560|-0.196269|75.278715|43.812862|92.371986|-96.046534|83.923233|130.262443|-7.450111|47.250021|0.000325|nan|-128.268635
1123|69.440687|-4.776419|-3100.900258|91.018745|43.120651|-10.521633|21.499845|-0.117605|69.331499|29.962990|82.639435|-93.280148|74.455371|124.453081|-7.450111|49.092719|-0.001394|nan|-128.808929
1124|58.669865|-1.785528|-3090.540749|nan|44.465078|-9.321702|7.057201|-0.044524|59.214746|17.366887|72.678592|-90.865552|66.739267|118.630069|-7.450111|49.364717|-0.003164|nan|-129.376338
1125|83.865844|1.348633|-3075.432670|105.525761|46.207484|-7.376674|9.026652|0.058231|75.120489|35.851200|98.907579|-87.593298|91.685652|149.555722|-0.015554|50.146992|0.000853|nan|-129.948115
1126|89.069542|4.427721|-3061.186116|109.625030|48.130179|-5.026106|32.495949|0.140084|74.684766|49.320890|105.263652|-83.791400|96.609281|159.948121|11.150448|50.703185|0.001646|nan|-130.262488
1127|74.268655|6.933084|-3026.718312|94.522275|50.254580|-2.997043|31.839465|0.207613|64.305961|48.857830|91.636388|-79.917493|82.550153|150.032919|11.150448|52.818145|-0.000785|nan|-130.517688
1128|65.226549|8.902014|-2956.958882|nan|52.358986|-1.257251|20.515119|0.282725|55.752037|39.427936|83.855151|-75.800780|75.995259|144.472502|16.271506|54.402437|-0.002291|nan|-130.616029
1129|76.386085|11.264773|-2829.985089|97.321192|54.847639|0.658330|25.438748|0.370009|65.303698|69.695467|96.386964|-71.296459|87.387242|158.624376|18.050029|54.812546|-0.000547|nan|-130.717811
1330|113.826417|14.230256|-2666.326241|133.574818|59.228977|3.355824|76.808606|0.453325|97.273419|105.118060|135.289650|-65.141710|124.478577|200.216042|32.099438|55.579168|0.005422|nan|-130.836734
1331|102.858673|16.958503|-2471.030479|nan|63.090298|5.380304|94.533670|0.525283|92.669722|98.003485|125.624217|-59.865228|113.154232|193.322963|35.971254|55.918663|0.003599|nan|-130.940959
1332|100.440144|19.312687|-2275.533429|119.929424|66.180632|7.278141|98.472572|0.603474|84.599020|97.410843|124.489826|-55.081328|110.364175|194.484938|40.427370|56.413947|0.003149|nan|-131.018320
1333|85.500131|21.169974|-2069.903255|104.355532|69.397098|8.822249|119.972418|0.648571|76.701183|87.717776|110.868097|-50.724050|95.265048|183.237844|44.074866|56.255822|0.000720|nan|-131.129255
1334|23.982231|21.817112|-1827.861327|42.722238|71.464360|9.157573|65.648382|0.657318|23.633315|48.574983|50.451053|-47.998780|33.555569|125.160703|44.074866|62.539677|-0.009205|nan|-131.200191
1335|19.450025|22.593310|-1594.315706|38.643137|73.085869|9.539729|44.969141|0.661428|15.832839|57.756980|46.937471|-45.872579|28.796061|124.433533|44.074866|78.470673|-0.009970|nan|-131.282145
1336|18.901742|23.491258|-1384.606198|nan|74.310092|10.179680|60.232391|0.669286|13.972235|53.306335|47.303768|-44.573235|30.935457|127.595267|44.074866|77.177468|-0.010101|nan|-131.357039
1337|14.165140|24.651724|-1152.043471|nan|75.289957|11.404623|67.125470|0.679116|-0.235515|41.495735|43.336846|-43.605609|17.847707|126.439855|44.074866|71.662338|-0.010917|nan|-131.443222
1338|12.788625|26.035444|-872.095260|nan|76.112822|13.171904|57.770575|0.707812|-4.841492|40.523738|42.497187|-43.717563|11.962376|128.566862|45.515119|69.470003|-0.011206|nan|-131.552804
1339|7.373009|27.405176|-623.249205|nan|76.560257|14.861243|59.904148|0.688228|-9.469846|24.601723|37.442634|-44.050438|6.054022|126.722425|45.515119|63.210764|-0.012154|nan|-131.662385
1340|10.546342|29.276246|-393.803282|27.652782|76.938500|16.335878|50.713374|0.694873|-3.643587|32.753156|40.971129|-43.798188|8.679957|132.960851|45.515119|62.250969|-0.008792|nan|-131.752267
1341|-9.545570|30.388416|-196.439183|6.114050|77.193265|17.369359|30.198255|0.695337|-21.281859|34.493059|21.071397|-44.482655|-11.999283|115.236829|45.515119|56.572781|-0.011151|nan|-131.819814
1342|-12.864191|31.177419|-77.449446|3.033671|76.815718|18.167157|22.976933|0.695676|-22.180762|32.845823|17.727421|-45.592959|-15.938186|113.569619|43.638285|46.494534|-0.011783|nan|-131.867836
1343|-4.670881|32.167804|25.358659|nan|76.928422|18.853304|15.755611|0.695890|-13.111843|27.147659|25.769973|-46.263430|-8.388622|121.135734|43.638285|46.413852|-0.010568|nan|-131.915171
1344|-20.253878|32.874428|125.808287|-6.810445|76.769078|19.321097|0.984726|0.690881|-26.238850|-6.936976|9.898838|-47.598036|-24.636596|104.467851|43.638285|46.010295|-0.010901|nan|-131.958541
1345|-18.745913|33.466669|222.912963|-4.842708|76.618625|19.770065|18.709789|0.666351|-26.137922|-2.516700|11.083897|-48.526816|-23.815991|104.551901|41.250676|43.433257|-0.006098|nan|-131.964194
1346|-12.294068|33.615859|302.650078|0.910983|76.497837|20.457935|40.209634|0.647992|-21.353366|7.991778|17.157926|-49.298774|-18.071758|108.548175|41.250676|43.413317|-0.004077|nan|-131.951879
1347|-12.887451|33.591462|356.791101|-1.543145|77.020079|20.812502|45.297383|0.626998|-17.865047|14.394952|16.155443|-49.984815|-19.384726|104.039099|41.250676|43.218303|-0.000558|nan|-131.934321
1348|6.066742|33.312408|408.284879|17.509222|77.294214|21.527908|53.011068|0.631411|-4.609229|31.345711|34.870043|-49.744198|-1.007300|119.256394|41.250676|43.504237|0.002368|nan|-131.918939
1349|20.122377|33.082661|453.656623|31.078869|77.595520|22.513139|71.556735|0.638398|5.564247|41.726497|48.726634|-49.174770|14.686497|129.987922|41.250676|43.854747|0.004502|nan|-131.669605
1350|-0.599298|32.684808|510.001450|8.838852|78.157440|23.030354|65.648381|0.644681|-10.733348|31.835471|27.623677|-49.687897|-6.813348|105.238955|41.250676|43.636163|0.001049|nan|-131.347865
1351|-12.118596|31.880305|558.843421|nan|78.366197|23.509453|76.480365|0.635342|-23.442419|19.266905|15.548439|-50.999914|-17.042419|89.183817|41.250676|43.437203|-0.000927|nan|-131.078092
1352|-3.762412|31.005709|579.022099|4.815025|78.537688|24.461677|106.350378|0.595703|-18.293497|24.125992|23.200155|-52.268063|-10.852855|93.765092|41.250676|43.409773|0.000285|nan|-130.607726
1353|-19.516766|30.006816|589.958449|-12.582753|78.941990|25.293945|79.106299|0.584569|-35.429072|10.665252|6.694230|-53.688700|-32.869072|73.887253|41.250676|43.055105|-0.003546|nan|-129.796192
1354|-10.307769|29.094795|598.423172|-3.391307|79.357894|26.397778|76.480364|0.581084|-27.778903|12.786026|15.098251|-54.988098|-24.498903|79.178021|41.250676|42.910577|-0.002202|nan|-128.367982
1355|-11.407170|28.377761|610.203366|-6.625709|79.845138|27.804871|99.457298|0.537995|-30.707071|16.780315|12.924864|-56.723220|-29.428354|72.190398|41.250676|42.624202|-0.002518|nan|-126.473987
1356|-12.506893|27.684531|644.146710|nan|79.274434|28.888270|102.411475|0.486590|-27.556523|21.905819|10.551654|-59.152045|-31.397806|66.424997|41.250676|42.384270|-0.002834|nan|-124.254517
1357|-9.339762|27.150859|682.251259|nan|78.509563|29.785866|89.610041|0.445681|-24.218189|16.895705|12.268333|-62.129973|-29.100112|64.593408|41.250676|42.183452|-0.002465|nan|-122.061280
1358|5.328269|27.165234|694.594109|8.534882|77.446404|31.069991|94.041307|0.378514|-13.473631|31.206865|25.419721|-64.375022|-15.313952|74.028062|41.250676|42.323253|-0.000252|nan|-119.751695
1359|5.400786|27.101392|675.837037|6.412588|76.501443|32.375829|104.052685|0.326914|-15.255521|34.435443|23.889372|-66.355044|-16.134557|68.551514|41.250676|42.265908|-0.000383|nan|-117.148381
1400|13.358113|26.920542|666.059122|14.783173|74.286109|33.673493|148.201221|0.275406|-7.638319|8.110914|30.008108|-68.827553|-9.077356|71.969410|31.109311|32.375430|0.000750|nan|-114.628640
1401|52.665705|27.185279|638.603152|53.130080|72.865776|35.271351|175.281179|0.248102|29.725020|31.521947|67.508786|-70.362624|29.326947|107.087248|31.109311|33.017945|0.006915|nan|-112.406315
1402|74.588861|27.705331|621.413375|74.164468|71.905248|37.165968|193.498604|0.235595|47.851860|47.753239|87.667138|-70.879609|50.334429|125.837453|31.109311|33.804895|0.010286|nan|-109.966538
1403|56.288192|27.970481|612.176525|54.452101|71.571757|37.900517|159.197326|0.221177|41.210672|35.191564|67.651103|-71.658454|31.132278|103.905803|31.109311|33.926115|0.007203|nan|-107.043003
1404|46.508973|28.003644|627.358103|44.586408|70.330167|38.362812|86.819985|0.238900|28.942489|24.120452|56.284758|-73.046958|20.464416|90.952886|31.109311|34.141308|0.005491|nan|-104.456959
1405|41.326222|27.633085|648.613491|37.311283|68.127184|38.901810|75.988001|0.255971|21.590656|14.920723|49.470054|-75.653233|16.311940|82.826107|31.109311|34.119659|0.004516|nan|-102.074192
1406|51.398175|27.062918|679.444910|nan|66.195959|39.363210|84.358171|0.269313|33.580465|14.257828|57.990094|-77.677147|25.502714|90.185291|31.109311|34.220971|0.005990|nan|-100.046399
1407|41.269170|25.865992|707.999854|35.506483|64.651292|39.362197|68.274317|0.279750|25.385004|-0.224763|46.282204|-79.907002|14.506610|78.072674|31.109311|34.109432|0.004225|nan|-98.810168
1408|28.002779|24.549124|746.777729|21.394689|63.013856|39.187361|52.354584|0.286398|15.911245|-8.050275|31.587903|-82.057975|0.392208|64.865692|31.109311|33.832961|0.001961|nan|-97.727603
1409|18.658019|23.292811|800.191960|11.517529|62.416202|38.658008|36.270731|0.284065|8.455424|-6.272181|21.019323|-82.750468|-5.303291|56.121328|31.109311|33.430942|0.000328|nan|-96.674534
1410|25.558306|21.787079|867.926970|18.188216|61.760176|38.551303|44.969141|0.284363|9.007578|12.755563|26.715720|-83.158646|5.249184|63.991096|31.109311|33.397155|0.001302|nan|-95.660075
1411|16.684460|19.925860|923.183579|7.909524|61.490870|38.164569|14.606765|0.286483|4.205406|16.014607|16.727679|-83.822985|-3.873952|55.642094|31.109311|33.035999|-0.000251|nan|-94.822565
1412|-3.700960|17.975655|974.769503|-13.553631|61.089245|37.441950|-10.503741|0.285172|-13.686197|8.115075|-4.764593|-84.982832|-21.525555|35.219866|31.109311|32.577265|-0.003778|nan|-94.229998
1413|5.125290|16.432281|1018.247731|-4.328433|60.649555|37.180877|5.087749|0.293537|-10.523629|1.603977|2.986768|-85.846263|-13.483629|44.173813|31.109311|32.355437|-0.002488|nan|-93.631261
1414|-5.422762|14.445564|1088.591665|-16.539660|60.702401|36.611156|-22.484570|0.291064|-16.727012|7.874249|-8.607336|-86.875225|-24.807974|33.068072|31.109311|31.859736|-0.004905|nan|-93.083462
1415|-0.553886|11.900831|1189.824602|-11.856331|60.258726|35.971623|-17.560942|0.288094|-11.745593|5.979599|-4.785733|-87.885084|-15.904951|37.945255|31.109311|44.072667|-0.004247|nan|-92.463407
1416|27.282479|10.115646|1312.114643|15.225401|60.074398|35.638860|15.263249|0.295781|13.573723|19.579076|22.095125|-87.564171|11.975007|65.803973|31.109311|44.303507|0.000097|nan|-91.971044
1417|18.823691|8.239133|1423.433488|5.453012|60.551082|34.923320|4.759507|0.301089|10.703912|19.147742|12.693933|-87.396300|4.624233|56.049605|31.109311|44.165549|-0.001377|nan|-91.768628
1418|17.901899|6.569287|1519.848946|4.685575|60.621240|34.419402|21.335724|0.291381|5.541739|11.342643|10.698820|-87.502347|2.983024|53.930682|31.109311|44.202707|-0.001640|nan|-91.681460
1419|33.055761|6.300743|1606.461449|18.837101|60.569925|34.175064|49.072165|0.281408|18.464063|8.553417|24.801605|-86.771494|17.425668|68.394092|31.109311|44.530047|0.000677|nan|-91.645438
1420|23.729136|5.955407|1653.977781|7.953068|61.030821|33.370745|17.560942|0.272733|16.933005|17.450315|14.513301|-86.386769|7.414290|57.528481|31.109311|44.464782|-0.000929|nan|-91.639937
1421|14.533163|5.476405|1689.941335|-1.896771|61.533978|31.962499|-4.595387|0.262494|13.406069|-0.913835|4.390366|-86.434479|-2.432968|47.201990|31.109311|44.247483|-0.002509|-280873.894501|-91.711746
1422|21.374890|5.238599|1723.708504|5.214709|60.936274|30.406706|9.190774|0.258985|21.962023|-4.885456|10.435766|-86.268148|3.803629|53.209354|31.109311|43.388572|-0.001508|-224497.978020|-91.809055
1423|8.650813|4.684939|1754.445558|-8.954363|60.858038|28.686736|-20.679241|0.248007|9.149510|-7.888805|-3.122815|-86.991932|-8.850169|39.186323|31.109311|43.169486|-0.003640|-192067.446155|-91.900994
1424|27.907810|4.680836|1819.021691|10.533424|60.148939|27.637154|6.400717|0.243152|22.098015|-6.665178|15.340447|-87.529930|14.099620|58.401872|31.109311|36.367069|-0.000640|-183084.120444|-91.938248
1425|26.925815|4.526599|1856.478699|8.257682|59.497118|26.070454|2.954178|0.247427|30.941890|-5.131080|13.764319|-87.493907|14.462532|57.088905|31.109311|36.421006|-0.000876|-149657.670336|-91.975501
1426|23.589451|4.675026|1883.374273|nan|58.891169|24.349987|-2.790056|0.240098|27.488071|9.095290|10.019248|-87.173383|10.687750|51.567072|31.109311|36.450336|-0.001482|-77322.039565|-91.951904
1427|29.237984|5.045644|1926.686947|nan|58.540550|22.961111|4.759508|0.235392|30.740581|16.066881|15.417786|-86.912510|15.939620|54.356592|31.109311|36.460100|-0.000640|-77321.494510|-91.923283
1428|26.150330|5.189856|1964.965597|nan|57.919008|21.664230|15.099128|0.260863|27.453080|18.439346|12.114071|-86.311536|14.413080|48.394130|31.109311|36.454467|-0.001192|-77321.903301|-91.910560
1429|18.915949|5.433071|2003.458400|-1.277252|57.322360|20.001078|6.728959|0.257929|24.064157|16.765133|4.670342|-86.195941|10.943516|38.589688|31.109311|36.283027|-0.002403|-43899.428573|-91.748172
1430|27.545886|5.883136|2067.358430|8.345607|56.287542|17.920221|22.156329|0.254598|36.193685|17.521470|13.235788|-85.794358|23.393685|44.419265|35.339620|36.291803|-0.001061|-15464.816704|-91.530217
1431|20.540545|6.053996|2134.185399|nan|55.515066|15.848434|53.339310|0.215388|30.813004|10.366814|6.138882|-85.541397|18.252363|34.514493|35.339620|36.133543|-0.002219|-13469.641319|-91.183503
1432|21.357519|6.251090|2225.601705|nan|54.699016|13.841047|75.003276|0.164477|35.309168|18.342988|6.795476|-85.359462|18.908847|32.582766|35.339620|36.000536|-0.002113|52382.953846|-90.875624
1433|-1.991969|5.688013|2341.081392|-22.617905|54.645493|11.537251|32.331828|0.119171|11.280512|-4.199261|-16.796482|-86.254077|-4.480450|6.239543|35.339620|35.427289|-0.007026|101275.138459|-90.447033
1434|-12.876499|4.710168|2432.286929|nan|54.468266|10.117746|10.667862|0.065124|-10.355912|-13.787549|-27.950700|-87.423641|-16.036554|-7.297154|35.339620|34.978508|-0.010591|101276.387689|-89.868908
1435|-3.262885|4.268638|2513.396072|-23.129649|54.844579|9.025689|14.114402|0.032023|0.443424|-9.416153|-18.525949|-88.504666|-6.517538|0.181270|35.339620|34.786101|-0.009064|105767.405709|-89.144897
1436|5.678885|4.235191|2593.129810|-14.278825|54.031755|8.169482|32.167707|0.010075|6.424993|-1.290749|-9.814609|-90.419852|2.344993|6.336542|35.064993|34.521588|-0.007643|105767.964830|-88.565417
1437|13.442041|4.202114|2670.966348|nan|53.209311|7.532945|28.885288|-0.008156|13.418357|-6.868758|-2.255179|-92.687923|10.058678|12.506017|35.064993|34.535919|-0.006405|129216.978454|-88.067864
1438|9.355204|4.342935|2742.796849|nan|51.844802|6.863129|10.667862|-0.022342|8.195654|-19.691593|-6.492502|-94.531407|5.475654|6.994099|35.064993|34.553373|-0.007064|139194.387685|-87.677722
1439|0.967936|4.157370|2774.428284|-20.379809|51.336449|6.101695|-7.877805|-0.005841|0.625165|-16.067518|-15.164546|-96.276485|-4.014514|-3.284965|35.064993|34.419214|-0.008406|139192.180215|-87.025105
1440|-6.960262|3.819347|2799.333799|-28.326876|50.927836|5.124660|-9.683136|-0.040261|-4.531678|-26.637797|-23.435423|-98.062516|-11.892320|-12.834258|35.064993|34.168224|-0.009669|139188.501098|-86.055655
1441|-9.493067|3.483078|2757.823343|nan|50.501366|4.474179|-21.828087|-0.057754|-11.792853|-21.673421|-26.312662|-100.142435|-18.194135|-17.027717|35.064993|33.982797|-0.010065|139182.859785|-84.793500
1442|-0.388743|3.273227|2696.375950|-20.185396|49.838368|4.116876|-33.808916|-0.074093|-3.643040|-11.289603|-17.468722|-101.650255|-9.003361|-9.172151|35.064993|34.004620|-0.008591|153642.584603|-83.642583
1443|-3.449709|2.748274|2662.553029|-24.457763|49.639855|3.536039|-28.721167|-0.084490|-3.876576|-23.683008|-20.772002|-102.839036|-11.957538|-12.964081|35.064993|33.880367|-0.009065|181069.186808|-82.629131
1444|25.824973|2.818527|2620.446058|5.789981|48.307638|3.949029|-10.667862|-0.091311|12.220433|-4.756260|8.453006|-102.902321|14.140112|16.394947|22.246779|21.594508|-0.004353|181059.294071|-81.720297
1445|33.925161|2.869716|2573.935503|nan|47.666184|4.454072|1.641209|-0.061329|21.065839|14.832721|16.516086|-102.928162|22.346160|24.243947|22.246779|22.018030|-0.003036|181049.720425|-81.216295
1446|37.420997|2.265046|2531.241545|nan|46.756901|4.894964|32.331828|-0.052873|25.476179|6.539468|19.930663|-102.593372|25.956821|27.975321|22.246779|22.351536|-0.002457|181042.061532|-80.845390
1447|33.201384|1.189223|2470.683463|12.580719|46.492325|5.208846|19.038030|-0.067675|20.654118|8.343797|15.689576|-101.787411|21.053797|23.826343|22.246779|22.456940|-0.003115|181036.317362|-80.496367
1448|56.217907|0.891897|2414.736322|36.591395|46.008718|5.810196|40.537876|-0.040693|40.753248|26.291214|38.804691|-100.584893|44.194852|48.016299|22.246779|23.152165|0.000596|181033.126156|-80.202521
1449|71.172617|1.095657|2355.981372|50.824093|46.272900|6.331944|70.079648|0.100520|59.053659|29.281893|53.847317|-98.653564|59.293980|64.379403|22.246779|23.530620|0.003018|181032.168794|-79.543606
1450|65.777384|1.291142|2311.218575|nan|46.598600|7.140733|54.816399|0.153906|45.081147|32.532110|48.581196|-97.022472|53.642109|60.224843|22.246779|23.964871|0.002176|181032.807036|-79.152169
1451|99.778484|2.009823|2280.126660|80.749421|47.688083|8.842377|79.106299|0.226682|72.257343|42.641154|82.809402|-95.239335|86.819267|97.114723|22.246779|24.745255|0.007650|181036.955603|-78.901446
1452|81.248441|2.467426|2279.517800|61.799623|48.611523|9.876251|66.961350|0.281493|60.996759|31.931782|64.456520|-93.731782|68.437721|80.958121|22.246779|24.863680|0.004702|181043.657135|-78.477656
1453|78.964641|3.213821|2269.208381|60.274092|49.369987|11.229404|51.533979|0.330080|49.822545|25.657808|62.491221|-92.237999|62.464148|81.466159|22.246779|25.232900|0.004359|181054.188142|-78.095600
1454|84.219316|4.212099|2244.835582|64.591213|50.693260|12.431209|75.659760|0.365964|58.278536|46.451749|68.002716|-90.963747|67.880140|89.602003|22.246779|25.332100|0.005228|181068.548567|-77.726739
1455|85.528229|5.225718|2208.997965|nan|51.389584|13.714976|75.659760|0.408941|55.035625|34.285191|69.568207|-89.365671|68.077228|94.048943|22.246779|25.526916|0.005464|181086.738468|-77.104403
1456|86.348097|6.339506|2209.965119|68.515165|51.788580|15.066464|72.869704|0.456630|52.979709|43.273620|70.693157|-87.474306|68.261954|97.920188|22.246779|25.794107|0.005622|181108.757816|-77.625905
1457|83.064770|7.784868|2221.606709|63.954768|52.891052|16.231888|75.003276|0.497289|51.221732|39.830323|67.682821|-85.846869|64.583656|97.521743|22.246779|25.806975|0.005121|181133.649220|-78.007136
1458|66.963978|8.784695|2210.839336|48.040460|53.447329|16.823792|55.637003|0.493466|40.901355|35.670185|51.826012|-84.309738|48.663923|84.405196|22.246779|25.621046|0.002569|181159.498014|-78.491449
1459|42.964530|9.469795|2212.198122|24.311015|54.374272|16.915518|24.289901|0.496811|18.864459|14.289333|27.983051|-83.975555|24.866385|63.410844|22.246779|33.334248|-0.001245|181185.665929|-79.355241
