859|nan|nan|nan|nan|nan|nan|nan|nan|nan|nan|nan|nan|nan|nan|nan|nan|nan|nan|nan|nan|nan|nan|nan|nan|nan|nan|nan|nan|nan|nan|nan|nan|nan|nan|nan|nan|nan|nan|nan|nan|nan|nan|nan|nan|nan|nan|nan|nan|nan|nan
900|nan|nan|nan|nan|nan|nan|nan|nan|nan|nan|nan|nan|nan|nan|nan|nan|nan|nan|nan|nan|nan|nan|nan|nan|nan|nan|nan|nan|nan|nan|nan|nan|nan|nan|nan|nan|nan|nan|nan|nan|nan|nan|nan|nan|nan|nan|nan|nan|nan|nan
901|nan|nan|nan|nan|nan|nan|nan|nan|nan|nan|nan|nan|nan|nan|nan|nan|nan|nan|nan|nan|nan|nan|nan|nan|nan|nan|nan|nan|nan|nan|nan|nan|nan|nan|nan|nan|nan|nan|nan|nan|nan|nan|nan|nan|nan|nan|nan|nan|nan|nan
902|nan|nan|nan|nan|nan|nan|nan|nan|nan|nan|nan|nan|nan|nan|nan|nan|nan|nan|nan|nan|nan|nan|nan|nan|nan|nan|nan|nan|nan|nan|nan|nan|nan|nan|nan|nan|nan|nan|nan|nan|nan|nan|nan|nan|nan|nan|nan|nan|nan|nan
903|nan|nan|nan|nan|nan|nan|nan|nan|nan|nan|nan|nan|nan|nan|nan|nan|nan|nan|nan|nan|nan|nan|nan|nan|nan|nan|nan|nan|nan|nan|nan|nan|nan|nan|nan|nan|nan|nan|nan|nan|nan|nan|nan|nan|nan|nan|nan|nan|nan|nan
904|nan|nan|nan|nan|nan|nan|nan|nan|nan|nan|nan|nan|nan|nan|nan|nan|nan|nan|nan|nan|nan|nan|nan|nan|nan|nan|nan|nan|nan|nan|nan|nan|nan|nan|nan|nan|nan|nan|nan|nan|nan|nan|nan|nan|nan|nan|nan|nan|nan|nan
905|nan|nan|nan|nan|nan|nan|nan|nan|nan|nan|nan|nan|nan|nan|nan|nan|nan|nan|nan|nan|nan|nan|nan|nan|nan|nan|nan|nan|nan|nan|nan|nan|nan|nan|nan|nan|nan|nan|nan|nan|nan|nan|nan|nan|nan|nan|nan|nan|nan|nan
906|nan|nan|nan|nan|nan|nan|nan|nan|nan|nan|nan|nan|nan|nan|nan|nan|nan|nan|nan|nan|nan|nan|nan|nan|nan|nan|nan|nan|nan|nan|nan|nan|nan|nan|nan|nan|nan|nan|nan|nan|nan|nan|nan|nan|nan|nan|nan|nan|nan|nan
907|nan|nan|nan|nan|nan|nan|nan|nan|nan|nan|nan|nan|nan|nan|nan|nan|nan|nan|nan|nan|nan|nan|nan|nan|nan|nan|nan|nan|nan|nan|nan|nan|nan|nan|nan|nan|nan|nan|nan|nan|nan|nan|nan|nan|nan|nan|nan|nan|nan|nan
908|nan|nan|nan|nan|nan|nan|nan|nan|nan|nan|nan|nan|nan|nan|nan|nan|nan|nan|nan|nan|nan|nan|nan|nan|nan|nan|nan|nan|nan|nan|nan|nan|nan|nan|nan|nan|nan|nan|nan|nan|nan|nan|nan|nan|nan|nan|nan|nan|nan|nan
909|nan|nan|nan|nan|nan|nan|nan|nan|nan|nan|nan|nan|nan|nan|nan|nan|nan|nan|nan|nan|nan|nan|nan|nan|nan|nan|nan|nan|nan|nan|nan|nan|nan|nan|nan|nan|nan|nan|nan|nan|nan|nan|nan|nan|nan|nan|nan|nan|nan|nan
910|nan|nan|nan|nan|nan|nan|nan|nan|nan|nan|nan|nan|nan|nan|nan|nan|nan|nan|nan|nan|nan|nan|nan|nan|nan|nan|nan|nan|nan|nan|nan|nan|nan|nan|nan|nan|nan|nan|nan|nan|nan|nan|nan|nan|nan|nan|nan|nan|nan|nan
911|nan|nan|nan|nan|nan|nan|nan|nan|nan|nan|nan|nan|nan|nan|nan|nan|nan|nan|nan|nan|nan|nan|nan|nan|nan|nan|nan|nan|nan|nan|nan|nan|nan|nan|nan|nan|nan|nan|nan|nan|nan|nan|nan|nan|nan|nan|nan|nan|nan|nan
912|nan|nan|nan|nan|nan|nan|nan|nan|nan|nan|nan|nan|nan|nan|nan|nan|nan|nan|nan|nan|nan|nan|nan|nan|nan|nan|nan|nan|nan|nan|nan|nan|nan|nan|nan|nan|nan|nan|nan|nan|nan|nan|nan|nan|nan|nan|nan|nan|nan|nan
913|nan|nan|nan|nan|nan|nan|nan|nan|nan|nan|nan|nan|nan|nan|nan|nan|nan|nan|nan|nan|nan|nan|nan|nan|nan|nan|nan|nan|nan|nan|nan|nan|nan|nan|nan|nan|nan|nan|nan|nan|nan|nan|nan|nan|nan|nan|nan|nan|nan|nan
914|nan|nan|nan|nan|nan|nan|nan|nan|nan|nan|nan|nan|nan|nan|nan|nan|nan|nan|nan|nan|nan|nan|nan|nan|nan|nan|nan|nan|nan|nan|nan|nan|nan|nan|nan|nan|nan|nan|nan|nan|nan|nan|nan|nan|nan|nan|nan|nan|nan|nan
915|nan|nan|nan|nan|nan|nan|nan|nan|nan|nan|nan|nan|nan|nan|nan|nan|nan|nan|nan|nan|nan|nan|nan|nan|nan|nan|nan|nan|nan|nan|nan|nan|nan|nan|nan|nan|nan|nan|nan|nan|nan|nan|nan|nan|nan|nan|nan|nan|nan|nan
916|nan|nan|nan|nan|nan|nan|nan|nan|nan|nan|nan|nan|nan|nan|nan|nan|nan|nan|nan|nan|nan|nan|nan|nan|nan|nan|nan|nan|nan|nan|nan|nan|nan|nan|nan|nan|nan|nan|nan|nan|nan|nan|nan|nan|nan|nan|nan|nan|nan|nan
917|nan|nan|nan|nan|nan|nan|nan|nan|nan|nan|nan|nan|nan|nan|nan|nan|nan|nan|nan|nan|nan|nan|nan|nan|nan|nan|nan|nan|nan|nan|nan|nan|nan|nan|nan|nan|nan|nan|nan|nan|nan|nan|nan|nan|nan|nan|nan|nan|nan|nan
918|nan|nan|nan|nan|nan|nan|nan|nan|nan|nan|nan|nan|nan|nan|nan|nan|nan|nan|nan|nan|nan|nan|nan|nan|nan|nan|nan|nan|nan|nan|nan|nan|nan|nan|nan|nan|nan|nan|nan|nan|nan|nan|nan|nan|nan|nan|nan|nan|nan|nan
919|nan|nan|nan|nan|nan|nan|nan|nan|nan|nan|nan|nan|nan|nan|nan|nan|nan|nan|nan|nan|nan|nan|nan|nan|nan|nan|nan|nan|nan|nan|nan|nan|nan|nan|nan|nan|nan|nan|nan|nan|nan|nan|nan|nan|nan|nan|nan|nan|nan|nan
920|nan|nan|nan|nan|nan|nan|nan|nan|nan|nan|nan|nan|nan|nan|nan|nan|nan|nan|nan|nan|nan|nan|nan|nan|nan|nan|nan|nan|nan|nan|nan|nan|nan|nan|nan|nan|nan|nan|nan|nan|nan|nan|nan|nan|nan|nan|nan|nan|nan|nan
921|nan|nan|nan|nan|nan|nan|nan|nan|nan|nan|nan|nan|nan|nan|nan|nan|nan|nan|nan|nan|nan|nan|nan|nan|nan|nan|nan|nan|nan|nan|nan|nan|nan|nan|nan|nan|nan|nan|nan|nan|nan|nan|nan|nan|nan|nan|nan|nan|nan|nan
922|nan|nan|nan|nan|nan|nan|nan|nan|nan|nan|nan|nan|nan|nan|nan|nan|nan|nan|nan|nan|nan|nan|nan|nan|nan|nan|nan|nan|nan|nan|nan|nan|nan|nan|nan|nan|nan|nan|nan|nan|nan|nan|nan|nan|nan|nan|nan|nan|nan|nan
923|nan|nan|nan|nan|nan|nan|nan|nan|nan|nan|nan|nan|nan|nan|nan|nan|nan|nan|nan|nan|nan|nan|nan|nan|nan|nan|nan|nan|nan|nan|nan|nan|nan|nan|nan|nan|nan|nan|nan|nan|nan|nan|nan|nan|nan|nan|nan|nan|nan|nan
924|nan|nan|nan|nan|nan|nan|nan|nan|nan|nan|nan|nan|nan|nan|nan|nan|nan|nan|nan|nan|nan|nan|nan|nan|nan|nan|nan|nan|nan|nan|nan|nan|nan|nan|nan|nan|nan|nan|nan|nan|nan|nan|nan|nan|nan|nan|nan|nan|nan|nan
925|nan|nan|nan|nan|nan|nan|nan|nan|nan|nan|nan|nan|nan|nan|nan|nan|nan|nan|nan|nan|nan|nan|nan|nan|nan|nan|nan|nan|nan|nan|nan|nan|nan|nan|nan|nan|nan|nan|nan|nan|nan|nan|nan|nan|nan|nan|nan|nan|nan|nan
926|nan|nan|nan|nan|nan|nan|nan|nan|nan|nan|nan|nan|nan|nan|nan|nan|nan|nan|nan|nan|nan|nan|nan|nan|nan|nan|nan|nan|nan|nan|nan|nan|nan|nan|nan|nan|nan|nan|nan|nan|nan|nan|nan|nan|nan|nan|nan|nan|nan|nan
927|nan|nan|nan|nan|nan|nan|nan|nan|nan|nan|nan|nan|nan|nan|nan|nan|nan|nan|nan|nan|nan|nan|nan|nan|nan|nan|nan|nan|nan|nan|nan|nan|nan|nan|nan|nan|nan|nan|nan|nan|nan|nan|nan|nan|nan|nan|nan|nan|nan|nan
928|nan|nan|nan|nan|nan|nan|nan|nan|nan|nan|nan|nan|nan|nan|nan|nan|nan|nan|nan|nan|nan|nan|nan|nan|nan|nan|nan|nan|nan|nan|nan|nan|nan|nan|nan|nan|nan|nan|nan|nan|nan|nan|nan|nan|nan|nan|nan|nan|nan|nan
929|nan|nan|nan|nan|nan|nan|nan|nan|nan|nan|nan|nan|nan|nan|nan|nan|nan|nan|nan|nan|nan|nan|nan|nan|nan|nan|nan|nan|nan|nan|nan|nan|nan|nan|nan|nan|nan|nan|nan|nan|nan|nan|nan|nan|nan|nan|nan|nan|nan|nan
930|nan|nan|nan|nan|nan|nan|nan|nan|nan|nan|nan|nan|nan|nan|nan|nan|nan|nan|nan|nan|nan|nan|nan|nan|nan|nan|nan|nan|nan|nan|nan|nan|nan|nan|nan|nan|nan|nan|nan|nan|nan|nan|nan|nan|nan|nan|nan|nan|nan|nan
931|nan|nan|nan|nan|nan|nan|nan|nan|nan|nan|nan|nan|nan|nan|nan|nan|nan|nan|nan|nan|nan|nan|nan|nan|nan|nan|nan|nan|nan|nan|nan|nan|nan|nan|nan|nan|nan|nan|nan|nan|nan|nan|nan|nan|nan|nan|nan|nan|nan|nan
932|nan|nan|nan|nan|nan|nan|nan|nan|nan|nan|nan|nan|nan|nan|nan|nan|nan|nan|nan|nan|nan|nan|nan|nan|nan|nan|nan|nan|nan|nan|nan|nan|nan|nan|nan|nan|nan|nan|nan|nan|nan|nan|nan|nan|nan|nan|nan|nan|nan|nan
933|nan|nan|nan|nan|nan|nan|nan|nan|nan|nan|nan|nan|nan|nan|nan|nan|nan|nan|nan|nan|nan|nan|nan|nan|nan|nan|nan|nan|nan|nan|nan|nan|nan|nan|nan|nan|nan|nan|nan|nan|nan|nan|nan|nan|nan|nan|nan|nan|nan|nan
934|nan|nan|nan|nan|nan|nan|nan|nan|nan|nan|nan|nan|nan|nan|nan|nan|nan|nan|nan|nan|nan|nan|nan|nan|nan|nan|nan|nan|nan|nan|nan|nan|nan|nan|nan|nan|nan|nan|nan|nan|nan|nan|nan|nan|nan|nan|nan|nan|nan|nan
935|nan|nan|nan|nan|nan|nan|nan|nan|nan|nan|nan|nan|nan|nan|nan|nan|nan|nan|nan|nan|nan|nan|nan|nan|nan|nan|nan|nan|nan|nan|nan|nan|nan|nan|nan|nan|nan|nan|nan|nan|nan|nan|nan|nan|nan|nan|nan|nan|nan|nan
936|nan|nan|nan|nan|nan|nan|nan|nan|nan|nan|nan|nan|nan|nan|nan|nan|nan|nan|nan|nan|nan|nan|nan|nan|nan|nan|nan|nan|nan|nan|nan|nan|nan|nan|nan|nan|nan|nan|nan|nan|nan|nan|nan|nan|nan|nan|nan|nan|nan|nan
937|nan|nan|nan|nan|nan|nan|nan|nan|nan|nan|nan|nan|nan|nan|nan|nan|nan|nan|nan|nan|nan|nan|nan|nan|nan|nan|nan|nan|nan|nan|nan|nan|nan|nan|nan|nan|nan|nan|nan|nan|nan|nan|nan|nan|nan|nan|nan|nan|nan|nan
938|nan|nan|nan|nan|nan|nan|nan|nan|nan|nan|nan|nan|nan|nan|nan|nan|nan|nan|nan|nan|nan|nan|nan|nan|nan|nan|nan|nan|nan|nan|nan|nan|nan|nan|nan|nan|nan|nan|nan|nan|nan|nan|nan|nan|nan|nan|nan|nan|nan|nan
939|nan|nan|nan|nan|nan|nan|nan|nan|nan|nan|nan|nan|nan|nan|nan|nan|nan|nan|nan|nan|nan|nan|nan|nan|nan|nan|nan|nan|nan|nan|nan|nan|nan|nan|nan|nan|nan|nan|nan|nan|nan|nan|nan|nan|nan|nan|nan|nan|nan|nan
940|nan|nan|nan|nan|nan|nan|nan|nan|nan|nan|nan|nan|nan|nan|nan|nan|nan|nan|nan|nan|nan|nan|nan|nan|nan|nan|nan|nan|nan|nan|nan|nan|nan|nan|nan|nan|nan|nan|nan|nan|nan|nan|nan|nan|nan|nan|nan|nan|nan|nan
941|nan|nan|nan|nan|nan|nan|nan|nan|nan|nan|nan|nan|nan|nan|nan|nan|nan|nan|nan|nan|nan|nan|nan|nan|nan|nan|nan|nan|nan|nan|nan|nan|nan|nan|nan|nan|nan|nan|nan|nan|nan|nan|nan|nan|nan|nan|nan|nan|nan|nan
942|nan|nan|nan|nan|nan|nan|nan|nan|nan|nan|nan|nan|nan|nan|nan|nan|nan|nan|nan|nan|nan|nan|nan|nan|nan|nan|nan|nan|nan|nan|nan|nan|nan|nan|nan|nan|nan|nan|nan|nan|nan|nan|nan|nan|nan|nan|nan|nan|nan|nan
943|nan|nan|nan|nan|nan|nan|nan|nan|nan|nan|nan|nan|nan|nan|nan|nan|nan|nan|nan|nan|nan|nan|nan|nan|nan|nan|nan|nan|nan|nan|nan|nan|nan|nan|nan|nan|nan|nan|nan|nan|nan|nan|nan|nan|nan|nan|nan|nan|nan|nan
944|nan|nan|nan|nan|nan|nan|nan|nan|nan|nan|nan|nan|nan|nan|nan|nan|nan|nan|nan|nan|nan|nan|nan|nan|nan|nan|nan|nan|nan|nan|nan|nan|nan|nan|nan|nan|nan|nan|nan|nan|nan|nan|nan|nan|nan|nan|nan|nan|nan|nan
945|nan|nan|nan|nan|nan|nan|nan|nan|nan|nan|nan|nan|nan|nan|nan|nan|nan|nan|nan|nan|nan|nan|nan|nan|nan|nan|nan|nan|nan|nan|nan|nan|nan|nan|nan|nan|nan|nan|nan|nan|nan|nan|nan|nan|nan|nan|nan|nan|nan|nan
946|nan|nan|nan|nan|nan|nan|nan|nan|nan|nan|nan|nan|nan|nan|nan|nan|nan|nan|nan|nan|nan|nan|nan|nan|nan|nan|nan|nan|nan|nan|nan|nan|nan|nan|nan|nan|nan|nan|nan|nan|nan|nan|nan|nan|nan|nan|nan|nan|nan|nan
947|nan|nan|nan|nan|nan|nan|nan|nan|nan|nan|nan|nan|nan|nan|nan|nan|nan|nan|nan|nan|nan|nan|nan|nan|nan|nan|nan|nan|nan|nan|nan|nan|nan|nan|nan|nan|nan|nan|nan|nan|nan|nan|nan|nan|nan|nan|nan|nan|nan|nan
948|nan|nan|nan|nan|nan|nan|nan|nan|nan|nan|nan|nan|nan|nan|nan|nan|nan|nan|nan|nan|nan|nan|nan|nan|nan|nan|nan|nan|nan|nan|nan|nan|nan|nan|nan|nan|nan|nan|nan|nan|nan|nan|nan|nan|nan|nan|nan|nan|nan|nan
949|nan|nan|nan|nan|nan|nan|nan|nan|nan|nan|nan|nan|nan|nan|nan|nan|nan|nan|nan|nan|nan|nan|nan|nan|nan|nan|nan|nan|nan|nan|nan|nan|nan|nan|nan|nan|nan|nan|nan|nan|nan|nan|nan|nan|nan|nan|nan|nan|nan|nan
950|nan|nan|nan|nan|nan|nan|nan|nan|nan|nan|nan|nan|nan|nan|nan|nan|nan|nan|nan|nan|nan|nan|nan|nan|nan|nan|nan|nan|nan|nan|nan|nan|nan|nan|nan|nan|nan|nan|nan|nan|nan|nan|nan|nan|nan|nan|nan|nan|nan|nan
951|nan|nan|nan|nan|nan|nan|nan|nan|nan|nan|nan|nan|nan|nan|nan|nan|nan|nan|nan|nan|nan|nan|nan|nan|nan|nan|nan|nan|nan|nan|nan|nan|nan|nan|nan|nan|nan|nan|nan|nan|nan|nan|nan|nan|nan|nan|nan|nan|nan|nan
952|nan|nan|nan|nan|nan|nan|nan|nan|nan|nan|nan|nan|nan|nan|nan|nan|nan|nan|nan|nan|nan|nan|nan|nan|nan|nan|nan|nan|nan|nan|nan|nan|nan|nan|nan|nan|nan|nan|nan|nan|nan|nan|nan|nan|nan|nan|nan|nan|nan|nan
953|nan|nan|nan|nan|nan|nan|nan|nan|nan|nan|nan|nan|nan|nan|nan|nan|nan|nan|nan|nan|nan|nan|nan|nan|nan|nan|nan|nan|nan|nan|nan|nan|nan|nan|nan|nan|nan|nan|nan|nan|nan|nan|nan|nan|nan|nan|nan|nan|nan|nan
954|nan|nan|nan|nan|nan|nan|nan|nan|nan|nan|nan|nan|nan|nan|nan|nan|nan|nan|nan|nan|nan|nan|nan|nan|nan|nan|nan|nan|nan|nan|nan|nan|nan|nan|nan|nan|nan|nan|nan|nan|nan|nan|nan|nan|nan|nan|nan|nan|nan|nan
955|nan|nan|nan|nan|nan|nan|nan|nan|nan|nan|nan|nan|nan|nan|nan|nan|nan|nan|nan|nan|nan|nan|nan|nan|nan|nan|nan|nan|nan|nan|nan|nan|nan|nan|nan|nan|nan|nan|nan|nan|nan|nan|nan|nan|nan|nan|nan|nan|nan|nan
956|nan|nan|nan|nan|nan|nan|nan|nan|nan|nan|nan|nan|nan|nan|nan|nan|nan|nan|nan|nan|nan|nan|nan|nan|nan|nan|nan|nan|nan|nan|nan|nan|nan|nan|nan|nan|nan|nan|nan|nan|nan|nan|nan|nan|nan|nan|nan|nan|nan|nan
957|nan|nan|nan|nan|nan|nan|nan|nan|nan|nan|nan|nan|nan|nan|nan|nan|nan|nan|nan|nan|nan|nan|nan|nan|nan|nan|nan|nan|nan|nan|nan|nan|nan|nan|nan|nan|nan|nan|nan|nan|nan|nan|nan|nan|nan|nan|nan|nan|nan|nan
958|nan|nan|nan|nan|nan|nan|nan|nan|nan|nan|nan|nan|nan|nan|nan|nan|nan|nan|nan|nan|nan|nan|nan|nan|nan|nan|nan|nan|nan|nan|nan|nan|nan|nan|nan|nan|nan|nan|nan|nan|nan|nan|nan|nan|nan|nan|nan|nan|nan|nan
959|nan|nan|nan|nan|nan|nan|nan|nan|nan|nan|nan|nan|nan|nan|nan|nan|nan|nan|nan|nan|nan|nan|nan|nan|nan|nan|nan|nan|nan|nan|nan|nan|nan|nan|nan|nan|nan|nan|nan|nan|nan|nan|nan|nan|nan|nan|nan|nan|nan|nan
1000|nan|nan|nan|nan|nan|nan|nan|nan|nan|nan|nan|nan|nan|nan|nan|nan|nan|nan|nan|nan|nan|nan|nan|nan|nan|nan|nan|nan|nan|nan|nan|nan|nan|nan|nan|nan|nan|nan|nan|nan|nan|nan|nan|nan|nan|nan|nan|nan|nan|nan
1001|nan|nan|nan|nan|nan|nan|nan|nan|nan|nan|nan|nan|nan|nan|nan|nan|nan|nan|nan|nan|nan|nan|nan|nan|nan|nan|nan|nan|nan|nan|nan|nan|nan|nan|nan|nan|nan|nan|nan|nan|nan|nan|nan|nan|nan|nan|nan|nan|nan|nan
1002|nan|nan|nan|nan|nan|nan|nan|nan|nan|nan|nan|nan|nan|nan|nan|nan|nan|nan|nan|nan|nan|nan|nan|nan|nan|nan|nan|nan|nan|nan|nan|nan|nan|nan|nan|nan|nan|nan|nan|nan|nan|nan|nan|nan|nan|nan|nan|nan|nan|nan
1003|nan|nan|nan|nan|nan|nan|nan|nan|nan|nan|nan|nan|nan|nan|nan|nan|nan|nan|nan|nan|nan|nan|nan|nan|nan|nan|nan|nan|nan|nan|nan|nan|nan|nan|nan|nan|nan|nan|nan|nan|nan|nan|nan|nan|nan|nan|nan|nan|nan|nan
1004|nan|nan|nan|nan|nan|nan|nan|nan|nan|nan|nan|nan|nan|nan|nan|nan|nan|nan|nan|nan|nan|nan|nan|nan|nan|nan|nan|nan|nan|nan|nan|nan|nan|nan|nan|nan|nan|nan|nan|nan|nan|nan|nan|nan|nan|nan|nan|nan|nan|nan
1005|nan|nan|nan|nan|nan|nan|nan|nan|nan|nan|nan|nan|nan|nan|nan|nan|nan|nan|nan|nan|nan|nan|nan|nan|nan|nan|nan|nan|nan|nan|nan|nan|nan|nan|nan|nan|nan|nan|nan|nan|nan|nan|nan|nan|nan|nan|nan|nan|nan|nan
1006|nan|nan|nan|nan|nan|nan|nan|nan|nan|nan|nan|nan|nan|nan|nan|nan|nan|nan|nan|nan|nan|nan|nan|nan|nan|nan|nan|nan|nan|nan|nan|nan|nan|nan|nan|nan|nan|nan|nan|nan|nan|nan|nan|nan|nan|nan|nan|nan|nan|nan
1007|nan|nan|nan|nan|nan|nan|nan|nan|nan|nan|nan|nan|nan|nan|nan|nan|nan|nan|nan|nan|nan|nan|nan|nan|nan|nan|nan|nan|nan|nan|nan|nan|nan|nan|nan|nan|nan|nan|nan|nan|nan|nan|nan|nan|nan|nan|nan|nan|nan|nan
1008|nan|nan|nan|nan|nan|nan|nan|nan|nan|nan|nan|nan|nan|nan|nan|nan|nan|nan|nan|nan|nan|nan|nan|nan|nan|nan|nan|nan|nan|nan|nan|nan|nan|nan|nan|nan|nan|nan|nan|nan|nan|nan|nan|nan|nan|nan|nan|nan|nan|nan
1009|nan|nan|nan|nan|nan|nan|nan|nan|nan|nan|nan|nan|nan|nan|nan|nan|nan|nan|nan|nan|nan|nan|nan|nan|nan|nan|nan|nan|nan|nan|nan|nan|nan|nan|nan|nan|nan|nan|nan|nan|nan|nan|nan|nan|nan|nan|nan|nan|nan|nan
1010|nan|nan|nan|nan|nan|nan|nan|nan|nan|nan|nan|nan|nan|nan|nan|nan|nan|nan|nan|nan|nan|nan|nan|nan|nan|nan|nan|nan|nan|nan|nan|nan|nan|nan|nan|nan|nan|nan|nan|nan|nan|nan|nan|nan|nan|nan|nan|nan|nan|nan
1011|nan|nan|nan|nan|nan|nan|nan|nan|nan|nan|nan|nan|nan|nan|nan|nan|nan|nan|nan|nan|nan|nan|nan|nan|nan|nan|nan|nan|nan|nan|nan|nan|nan|nan|nan|nan|nan|nan|nan|nan|nan|nan|nan|nan|nan|nan|nan|nan|nan|nan
1012|nan|nan|nan|nan|nan|nan|nan|nan|nan|nan|nan|nan|nan|nan|nan|nan|nan|nan|nan|nan|nan|nan|nan|nan|nan|nan|nan|nan|nan|nan|nan|nan|nan|nan|nan|nan|nan|nan|nan|nan|nan|nan|nan|nan|nan|nan|nan|nan|nan|nan
1013|nan|nan|nan|nan|nan|nan|nan|nan|nan|nan|nan|nan|nan|nan|nan|nan|nan|nan|nan|nan|nan|nan|nan|nan|nan|nan|nan|nan|nan|18.093500|nan|nan|nan|nan|nan|nan|nan|nan|nan|nan|nan|nan|nan|nan|nan|nan|nan|nan|nan|nan
1014|nan|nan|nan|nan|nan|nan|nan|nan|nan|nan|nan|nan|nan|nan|nan|nan|nan|nan|nan|nan|nan|nan|nan|nan|nan|nan|nan|nan|nan|9.046750|nan|nan|nan|nan|nan|nan|nan|nan|nan|nan|nan|nan|nan|nan|nan|nan|nan|nan|nan|nan
1030|nan|nan|nan|nan|nan|nan|nan|nan|nan|nan|nan|nan|nan|nan|nan|nan|nan|nan|nan|nan|nan|nan|nan|nan|nan|nan|nan|nan|nan|75.783098|nan|nan|nan|nan|nan|nan|nan|nan|nan|nan|nan|nan|nan|nan|nan|nan|nan|nan|nan|nan
1031|nan|nan|nan|nan|nan|nan|nan|nan|nan|nan|nan|nan|nan|nan|nan|nan|nan|nan|nan|nan|nan|nan|nan|nan|nan|nan|nan|nan|nan|-30.179690|nan|nan|nan|nan|nan|nan|nan|nan|nan|nan|nan|nan|nan|nan|nan|nan|nan|nan|nan|nan
1032|nan|nan|nan|nan|nan|nan|nan|nan|nan|nan|nan|nan|nan|nan|nan|nan|nan|nan|nan|nan|nan|nan|nan|nan|nan|nan|nan|nan|nan|-27.616789|nan|nan|nan|nan|nan|nan|nan|nan|nan|nan|nan|nan|nan|nan|nan|nan|nan|nan|nan|nan
1033|nan|nan|nan|nan|nan|nan|nan|nan|nan|nan|nan|nan|nan|nan|nan|nan|nan|nan|nan|nan|nan|nan|nan|nan|nan|nan|nan|nan|nan|-5.684169|nan|nan|nan|nan|nan|nan|nan|nan|nan|nan|nan|nan|nan|nan|nan|nan|nan|nan|nan|nan
1034|nan|nan|nan|nan|nan|nan|nan|nan|nan|nan|nan|nan|nan|nan|nan|nan|nan|nan|nan|nan|nan|nan|nan|nan|nan|nan|nan|nan|nan|-4.872145|nan|nan|nan|nan|nan|nan|nan|nan|nan|nan|nan|nan|nan|nan|nan|nan|nan|nan|nan|nan
1035|nan|nan|nan|nan|nan|nan|nan|nan|nan|nan|nan|nan|nan|nan|nan|nan|nan|nan|nan|nan|nan|nan|nan|nan|nan|nan|nan|nan|nan|-0.048866|nan|nan|nan|nan|nan|nan|nan|nan|nan|nan|nan|nan|nan|nan|nan|nan|nan|nan|nan|nan
1036|nan|nan|nan|nan|nan|nan|nan|nan|nan|nan|nan|nan|nan|nan|nan|nan|nan|nan|nan|nan|nan|nan|nan|nan|nan|nan|nan|nan|nan|-0.043436|nan|nan|nan|nan|nan|nan|nan|nan|nan|nan|nan|nan|nan|nan|nan|nan|nan|nan|nan|nan
1037|nan|nan|nan|nan|nan|nan|nan|nan|nan|nan|nan|nan|nan|nan|nan|nan|nan|nan|nan|nan|nan|nan|nan|nan|nan|nan|nan|nan|nan|-0.039093|nan|nan|nan|nan|nan|nan|nan|nan|nan|nan|nan|nan|nan|nan|nan|nan|nan|nan|nan|nan
1038|nan|nan|nan|nan|nan|nan|nan|nan|nan|nan|nan|nan|nan|nan|nan|nan|nan|nan|nan|nan|nan|nan|nan|nan|nan|nan|nan|nan|nan|8.399691|nan|nan|nan|nan|nan|nan|nan|nan|nan|nan|nan|nan|nan|nan|nan|nan|nan|nan|nan|nan
1039|nan|nan|nan|nan|nan|nan|nan|nan|nan|nan|nan|nan|nan|nan|nan|nan|nan|nan|nan|nan|nan|nan|nan|nan|nan|nan|nan|nan|nan|-2.299732|nan|nan|nan|nan|nan|nan|nan|nan|nan|nan|nan|nan|nan|nan|nan|nan|nan|nan|nan|nan
1040|nan|nan|nan|nan|nan|nan|nan|nan|nan|nan|nan|nan|nan|nan|nan|nan|nan|nan|nan|nan|nan|nan|nan|nan|nan|nan|nan|nan|nan|60.572280|nan|nan|nan|nan|nan|nan|nan|nan|nan|nan|nan|nan|nan|nan|nan|nan|nan|nan|nan|nan
1041|nan|nan|nan|nan|nan|nan|nan|nan|nan|nan|nan|nan|nan|nan|nan|nan|nan|nan|nan|nan|nan|nan|nan|nan|nan|nan|nan|nan|nan|48.155167|nan|nan|nan|nan|nan|nan|nan|nan|nan|nan|nan|nan|nan|nan|nan|nan|nan|nan|nan|nan
1042|nan|nan|nan|nan|nan|nan|nan|nan|nan|nan|nan|nan|nan|nan|nan|nan|nan|nan|nan|nan|nan|nan|nan|nan|nan|nan|nan|nan|nan|39.404326|nan|nan|nan|nan|nan|nan|nan|nan|nan|nan|nan|nan|nan|nan|nan|nan|nan|nan|nan|nan
1043|nan|nan|nan|nan|nan|nan|nan|nan|nan|nan|nan|nan|nan|nan|nan|nan|nan|nan|nan|nan|nan|nan|nan|nan|nan|nan|nan|nan|nan|36.941555|nan|0.393195|nan|nan|nan|-4045.687160|nan|nan|nan|nan|-112821.718793|nan|nan|9.463910|nan|-9.039130|nan|-0.112542|nan|nan
1044|nan|nan|nan|nan|nan|nan|nan|nan|nan|nan|nan|nan|nan|nan|nan|nan|nan|nan|nan|nan|nan|nan|nan|nan|nan|nan|nan|nan|nan|34.768523|nan|0.393195|nan|nan|nan|-4045.887647|nan|nan|nan|nan|-112821.718793|nan|nan|9.431842|nan|-9.039130|nan|-0.112542|nan|nan
1045|nan|nan|nan|nan|nan|nan|nan|nan|nan|nan|nan|nan|nan|nan|nan|nan|nan|nan|nan|nan|nan|nan|nan|nan|nan|nan|nan|nan|nan|17.807739|nan|0.393195|nan|nan|nan|-4047.202910|nan|nan|nan|nan|-112821.718793|nan|nan|9.403249|nan|-9.039130|nan|-0.112542|nan|nan
1046|nan|nan|nan|nan|nan|nan|nan|nan|nan|nan|nan|nan|nan|nan|nan|nan|nan|nan|nan|nan|nan|nan|nan|nan|nan|nan|nan|nan|nan|23.288826|nan|0.393195|nan|nan|nan|-4045.059520|nan|nan|nan|nan|-112821.718793|nan|nan|9.373201|nan|-9.039130|nan|-0.112542|nan|nan
1047|nan|nan|nan|nan|nan|nan|nan|nan|nan|nan|nan|nan|nan|nan|nan|nan|nan|nan|nan|nan|nan|nan|nan|nan|nan|nan|nan|nan|nan|22.124384|nan|0.393195|nan|nan|nan|-4046.304710|nan|nan|nan|nan|-112821.718793|nan|nan|9.343317|nan|-9.039130|nan|0.067352|nan|nan
1048|nan|nan|nan|nan|nan|nan|nan|nan|nan|nan|nan|nan|nan|nan|nan|nan|nan|nan|nan|nan|nan|nan|nan|nan|nan|nan|nan|nan|nan|19.756242|nan|0.393195|nan|nan|nan|-4045.763550|nan|nan|nan|nan|-112821.718793|nan|nan|9.315146|nan|-9.039130|nan|0.236367|nan|nan
1049|nan|nan|nan|nan|nan|nan|nan|nan|nan|nan|nan|nan|nan|nan|nan|nan|nan|nan|nan|nan|nan|nan|nan|nan|nan|nan|nan|nan|nan|18.858231|nan|0.393195|nan|nan|nan|-4046.281183|nan|nan|nan|nan|-112821.718793|nan|nan|9.289759|nan|-9.039130|nan|0.236367|nan|nan
1050|nan|nan|nan|nan|nan|nan|nan|nan|nan|nan|nan|nan|nan|nan|nan|nan|nan|nan|nan|nan|nan|nan|nan|nan|nan|nan|nan|nan|nan|18.038308|nan|0.393195|nan|nan|nan|-4046.044274|nan|nan|nan|nan|-112821.718793|nan|nan|9.267120|nan|-9.039130|nan|0.236367|nan|nan
1051|nan|nan|nan|nan|nan|nan|nan|nan|nan|nan|nan|nan|nan|nan|nan|nan|nan|nan|nan|nan|nan|nan|nan|nan|nan|nan|nan|nan|nan|10.019612|nan|0.393195|nan|nan|nan|-4046.342682|nan|nan|nan|nan|-112821.718793|nan|nan|9.246062|nan|-9.039130|nan|0.236367|nan|nan
1052|nan|nan|nan|nan|nan|nan|nan|nan|nan|nan|nan|nan|nan|nan|nan|nan|nan|nan|nan|nan|nan|nan|nan|nan|nan|nan|nan|nan|nan|11.969003|nan|0.393195|nan|nan|nan|-4044.543381|nan|nan|nan|nan|-112821.718793|nan|nan|9.228172|nan|-9.039130|nan|0.236367|nan|nan
1053|nan|nan|nan|nan|nan|nan|nan|nan|nan|nan|nan|nan|nan|nan|nan|nan|nan|nan|nan|nan|nan|nan|nan|nan|nan|nan|nan|nan|nan|10.939875|nan|0.393195|nan|nan|nan|-4046.014666|nan|nan|nan|nan|-112821.718793|nan|nan|9.212216|nan|-9.039130|nan|0.236367|nan|nan
1054|nan|nan|nan|nan|nan|nan|nan|nan|nan|nan|nan|nan|nan|nan|nan|nan|nan|nan|nan|nan|nan|nan|nan|nan|nan|nan|nan|nan|nan|10.534695|nan|0.393195|nan|nan|nan|-4045.698740|nan|nan|nan|nan|-112821.718793|nan|nan|9.195212|nan|-9.039130|nan|0.236367|nan|nan
1055|nan|nan|nan|nan|nan|nan|nan|nan|nan|nan|nan|nan|nan|nan|nan|nan|nan|nan|nan|nan|nan|nan|nan|nan|nan|nan|nan|nan|nan|10.686836|nan|0.393195|nan|nan|nan|-4045.878317|nan|nan|nan|nan|-112821.718793|nan|nan|9.177589|nan|-9.039130|nan|0.236367|nan|nan
1056|nan|nan|nan|nan|nan|nan|nan|nan|nan|nan|nan|nan|nan|nan|nan|nan|nan|nan|nan|nan|nan|nan|nan|nan|nan|nan|nan|nan|nan|9.810087|nan|0.393195|nan|nan|nan|-4045.213414|nan|nan|nan|nan|-112821.718793|nan|nan|9.159634|nan|-9.039130|nan|0.236367|nan|nan
1057|nan|nan|nan|nan|nan|nan|nan|nan|nan|nan|nan|nan|nan|nan|nan|nan|nan|nan|nan|nan|nan|nan|nan|nan|nan|nan|nan|nan|nan|9.483084|nan|0.393195|nan|nan|nan|-4045.631623|nan|nan|nan|nan|-112821.718793|nan|nan|9.141346|nan|-9.039130|nan|0.236367|nan|nan
1058|nan|nan|nan|nan|nan|nan|nan|nan|nan|nan|nan|nan|nan|nan|nan|nan|nan|nan|nan|nan|nan|nan|nan|nan|0.059286|nan|nan|nan|nan|11.997986|nan|0.393195|nan|nan|nan|-4045.034063|nan|nan|nan|nan|-112821.718793|nan|nan|9.191248|nan|-9.039130|nan|0.236367|nan|-229.229721
1059|nan|nan|nan|nan|nan|nan|nan|nan|nan|nan|nan|nan|nan|nan|nan|nan|nan|nan|nan|nan|nan|nan|nan|nan|0.059286|nan|nan|nan|nan|9.816741|nan|0.393195|nan|nan|nan|-4045.857490|nan|nan|nan|nan|-112821.718793|nan|nan|9.289196|nan|-9.039130|nan|0.236367|nan|-229.229721
1100|nan|nan|nan|nan|nan|nan|nan|nan|nan|nan|nan|nan|nan|nan|nan|nan|nan|nan|nan|nan|nan|nan|nan|nan|0.059286|nan|nan|nan|nan|9.519264|nan|0.393195|nan|nan|nan|-4046.679745|nan|nan|nan|nan|-112821.718793|nan|nan|9.425193|nan|-9.039130|nan|0.236367|nan|-229.229721
1101|nan|nan|nan|nan|nan|nan|nan|nan|nan|nan|nan|nan|nan|nan|nan|nan|nan|nan|nan|nan|nan|nan|nan|nan|0.059286|nan|nan|nan|nan|7.981703|nan|0.393195|nan|nan|nan|-4045.634111|nan|nan|nan|nan|-112821.718793|nan|nan|9.590688|nan|-8.970007|nan|0.236367|nan|-229.229721
1102|nan|nan|nan|nan|nan|nan|nan|nan|nan|nan|nan|nan|nan|nan|nan|nan|nan|nan|nan|nan|nan|nan|nan|nan|0.059286|nan|nan|nan|nan|7.753655|nan|0.393195|nan|nan|nan|-4045.386513|nan|nan|nan|nan|-112821.718793|nan|nan|9.777154|nan|-8.907797|nan|0.236367|nan|-229.229721
1103|nan|nan|nan|nan|nan|nan|nan|nan|nan|nan|nan|nan|nan|nan|nan|nan|nan|nan|nan|nan|nan|nan|nan|nan|0.059286|nan|nan|nan|nan|8.335520|nan|0.393195|nan|nan|nan|-4045.538935|nan|nan|nan|nan|-112821.718793|nan|nan|9.985007|nan|-8.851511|nan|0.236367|nan|-229.229721
1104|nan|nan|nan|nan|nan|nan|nan|nan|nan|nan|nan|nan|nan|nan|nan|nan|nan|nan|nan|nan|nan|nan|nan|nan|0.059286|nan|nan|nan|nan|8.890037|nan|0.393195|nan|nan|nan|-4046.335594|nan|nan|nan|nan|-112821.718793|nan|nan|10.209088|nan|-8.800342|nan|0.236367|nan|-229.229721
1105|nan|nan|nan|nan|nan|nan|nan|nan|nan|nan|nan|nan|nan|nan|nan|nan|nan|nan|nan|nan|nan|nan|nan|nan|0.059286|nan|nan|nan|nan|8.656089|nan|0.393195|nan|nan|nan|-4046.790291|nan|nan|nan|nan|-112821.718793|nan|nan|10.454184|nan|-8.753622|nan|0.236367|nan|-229.229721
1106|nan|nan|nan|nan|nan|nan|nan|nan|nan|nan|nan|nan|nan|nan|nan|nan|nan|nan|nan|nan|nan|nan|nan|nan|0.059286|nan|nan|nan|nan|8.805593|nan|0.393195|nan|nan|nan|-4045.793682|nan|nan|nan|nan|-112821.718793|nan|nan|10.714724|nan|-8.710796|nan|0.236367|nan|-229.229721
1107|nan|nan|nan|nan|nan|nan|nan|nan|nan|nan|nan|nan|nan|nan|nan|nan|nan|nan|nan|nan|nan|nan|nan|nan|0.059286|nan|nan|nan|nan|7.863266|nan|0.393195|nan|nan|nan|-4046.023452|nan|nan|nan|nan|-112821.718793|nan|nan|10.982887|nan|-8.671396|nan|0.236367|nan|-229.229721
1108|nan|nan|nan|nan|nan|nan|nan|nan|nan|nan|nan|nan|nan|nan|nan|nan|nan|nan|nan|nan|nan|nan|nan|nan|0.059286|nan|nan|nan|nan|9.075173|nan|0.393195|nan|nan|nan|-4046.848770|nan|nan|nan|nan|-112821.718793|nan|nan|11.257052|nan|-8.635027|nan|0.236367|nan|-229.229721
1109|nan|nan|nan|nan|nan|nan|nan|nan|nan|nan|nan|nan|nan|nan|nan|nan|nan|nan|nan|nan|nan|nan|nan|nan|0.059286|nan|nan|nan|nan|8.859098|nan|0.393195|nan|nan|nan|-4045.882684|nan|nan|nan|nan|-112821.718793|nan|nan|11.534686|nan|-8.601352|nan|0.236367|nan|-229.229721
1110|nan|nan|nan|nan|nan|nan|nan|nan|nan|nan|nan|nan|nan|nan|nan|nan|nan|nan|nan|nan|nan|nan|nan|nan|0.059286|nan|nan|nan|nan|9.314795|nan|0.393195|nan|nan|nan|-4045.445858|nan|nan|nan|nan|-112821.718793|nan|nan|11.813712|nan|-8.480604|nan|0.236367|nan|-229.229721
1111|nan|nan|nan|nan|nan|nan|nan|nan|nan|nan|nan|nan|nan|nan|nan|nan|nan|nan|nan|nan|nan|nan|nan|nan|0.059286|nan|nan|nan|nan|9.103095|nan|0.393195|nan|nan|nan|-4045.354951|nan|nan|nan|nan|-112821.718793|nan|nan|12.091945|nan|-8.207218|nan|0.236367|nan|-229.229721
1112|nan|nan|nan|nan|nan|nan|nan|nan|nan|nan|nan|nan|nan|nan|nan|nan|nan|nan|nan|nan|nan|nan|nan|nan|0.059286|nan|nan|nan|nan|7.042956|nan|0.393195|nan|nan|nan|-4046.863410|nan|nan|nan|nan|-112821.718793|nan|nan|12.369268|nan|-7.952058|nan|0.236367|nan|-229.229721
1113|nan|nan|nan|nan|nan|nan|nan|nan|2274.800000|nan|nan|8535306.636925|nan|nan|nan|nan|nan|nan|nan|nan|nan|nan|nan|nan|0.059286|nan|nan|nan|nan|7.489212|nan|0.393195|nan|nan|nan|-4045.256620|nan|nan|nan|nan|-112821.718793|nan|nan|12.628759|nan|-7.669167|nan|0.236367|nan|-229.229721
1114|nan|nan|nan|nan|nan|nan|nan|nan|2274.800000|nan|nan|7728924.056408|nan|nan|nan|nan|nan|nan|nan|nan|nan|nan|nan|nan|0.059286|nan|nan|nan|nan|6.747677|nan|0.393195|nan|nan|nan|-4046.214079|nan|nan|nan|nan|-112821.718793|nan|nan|12.872134|nan|-7.386276|nan|0.236367|nan|-229.229721
1115|nan|nan|nan|nan|nan|nan|nan|nan|2274.800000|nan|nan|6885474.800156|nan|nan|nan|nan|nan|nan|nan|nan|nan|nan|nan|nan|0.059286|nan|nan|nan|nan|6.607100|nan|0.393195|nan|nan|nan|-4045.619557|nan|nan|nan|nan|-112821.718793|nan|nan|13.100784|nan|-7.103386|nan|0.236367|nan|-229.229721
1116|nan|nan|nan|nan|nan|nan|nan|nan|2274.800000|nan|nan|11417844.115951|nan|nan|nan|nan|nan|nan|nan|nan|nan|nan|nan|nan|0.059286|nan|nan|nan|nan|7.305858|nan|0.393195|nan|nan|nan|-4045.755279|nan|nan|nan|nan|-112821.718793|nan|nan|13.315941|nan|-6.820495|nan|0.236367|nan|-229.229721
1117|nan|nan|nan|nan|nan|nan|nan|nan|2274.800000|nan|nan|15949010.679686|nan|nan|nan|nan|nan|nan|nan|nan|nan|nan|nan|nan|0.059286|nan|nan|nan|nan|7.705783|nan|0.393195|nan|nan|nan|-4046.092057|nan|nan|nan|nan|-112821.718793|nan|nan|13.518709|nan|-6.554129|nan|0.236367|nan|-229.229721
1118|nan|nan|nan|nan|nan|nan|nan|nan|2274.800000|nan|nan|17924748.785173|nan|nan|nan|nan|nan|nan|nan|nan|nan|nan|nan|0.169638|0.059286|nan|nan|nan|nan|8.363686|nan|0.393195|nan|nan|nan|-4046.061069|nan|nan|nan|nan|-112821.718793|nan|nan|13.710075|nan|-6.310001|nan|0.236367|nan|-229.229721
1119|nan|nan|nan|nan|nan|nan|nan|nan|2274.800000|nan|nan|15589149.946901|nan|nan|nan|nan|nan|nan|nan|nan|nan|nan|nan|0.053250|0.059286|nan|nan|nan|nan|8.202846|nan|0.393195|nan|nan|nan|-4045.169703|nan|nan|nan|nan|-112821.718793|nan|nan|13.890975|nan|-6.065873|nan|0.236367|nan|-229.229721
1120|nan|nan|nan|nan|nan|nan|nan|nan|2274.800000|nan|nan|14671040.259451|nan|nan|nan|nan|nan|nan|nan|nan|nan|nan|nan|0.008516|0.059286|nan|nan|nan|nan|7.784228|nan|0.393195|nan|nan|nan|-4046.550176|nan|nan|nan|nan|-182873.174970|nan|nan|14.062642|nan|-5.821745|nan|0.236367|nan|-229.229721
1121|nan|nan|nan|nan|nan|nan|nan|nan|2274.800000|nan|nan|13664950.639421|nan|nan|nan|nan|nan|nan|nan|nan|nan|nan|nan|-0.042558|0.059286|nan|nan|nan|nan|6.600454|nan|0.393195|nan|nan|nan|-4046.470471|nan|nan|nan|nan|-182873.174970|nan|nan|14.225753|nan|-5.577616|nan|0.236367|nan|-229.229721
1122|nan|nan|nan|nan|nan|nan|nan|nan|2274.800000|nan|nan|10091732.080544|nan|nan|nan|nan|nan|nan|nan|nan|nan|nan|nan|-0.073203|0.059286|nan|nan|nan|nan|5.969556|nan|0.393195|nan|nan|nan|-4046.048839|nan|nan|nan|nan|-182873.174970|nan|nan|14.381002|nan|-5.333488|nan|0.236367|nan|-229.229721
1123|nan|nan|nan|-3.200000|nan|nan|nan|nan|2274.800000|nan|nan|10167194.482592|nan|nan|nan|nan|nan|nan|nan|nan|nan|nan|nan|-0.093633|0.059286|nan|nan|nan|nan|4.357668|nan|0.393195|nan|nan|nan|-4046.424315|nan|nan|nan|nan|-182873.174970|nan|nan|14.529087|nan|-5.089360|nan|0.236367|nan|-229.229721
1124|nan|nan|nan|-3.200000|nan|nan|nan|nan|2274.800000|nan|nan|6730336.075371|nan|nan|nan|nan|nan|nan|nan|nan|nan|nan|nan|-0.109365|0.059286|nan|nan|nan|nan|5.018486|nan|0.393195|nan|nan|nan|-4045.284900|nan|nan|nan|nan|-182873.174970|nan|nan|14.670438|nan|-4.845232|nan|0.236367|nan|-229.229721
1125|nan|nan|nan|-3.200000|nan|nan|nan|nan|2274.800000|nan|nan|5911135.056859|nan|nan|nan|nan|nan|nan|nan|nan|nan|nan|nan|-0.106458|0.059286|nan|nan|nan|nan|4.931961|nan|0.393195|nan|nan|nan|-4045.691638|nan|nan|nan|nan|-182873.174970|nan|nan|14.805479|nan|-4.601103|nan|0.236367|nan|-229.229721
1126|nan|nan|nan|-3.200000|nan|nan|nan|nan|2274.800000|nan|nan|3329222.856953|nan|nan|nan|nan|nan|nan|nan|nan|nan|nan|nan|-0.104196|0.059286|nan|nan|nan|nan|4.848368|nan|0.393195|nan|nan|nan|-4046.518211|nan|nan|nan|nan|-182873.174970|nan|nan|14.934640|nan|-4.356975|nan|0.236367|nan|-229.229721
1127|nan|nan|nan|-3.200000|nan|nan|nan|nan|2274.800000|nan|nan|-518692.401135|nan|nan|nan|nan|nan|nan|nan|nan|nan|nan|nan|-0.102387|0.059286|nan|nan|nan|nan|6.150480|nan|0.393195|nan|nan|nan|-4046.020477|nan|nan|nan|nan|-182873.174970|nan|nan|15.058401|nan|-4.112847|nan|0.236367|nan|-229.229721
1128|5973660.388878|nan|nan|-3.200000|nan|nan|nan|-0.449217|2274.800000|-6.001351|-4.132979|2063725.834223|nan|nan|nan|nan|-3.200000|nan|-967987.303715|nan|nan|nan|nan|-0.100907|0.059286|nan|nan|-0.860610|nan|5.848922|nan|0.393195|-1.605069|-0.172906|-6.001351|-4046.129079|-201323036.386696|nan|211395.377424|nan|-182873.174970|nan|nan|15.303824|nan|-3.868719|-0.658333|0.236367|nan|-229.229721
1129|14500806.500000|nan|nan|-3.200000|nan|nan|nan|-0.449217|2274.800000|-6.001351|-4.132979|12432314.247674|nan|nan|nan|nan|-1.200000|nan|-967401.661732|nan|nan|nan|nan|-0.099674|0.059286|nan|nan|-0.860610|nan|5.393814|nan|0.393195|-1.605069|-0.172906|-6.001351|-4045.880881|-201519325.917865|nan|211395.377424|nan|-182873.174970|nan|nan|15.550712|nan|-3.624590|-2.658333|0.236367|nan|-229.229721
1330|19138025.038644|nan|nan|-3.200000|nan|nan|nan|-0.449217|2274.800000|-6.001351|-4.132979|18823573.326868|nan|nan|nan|nan|-13.200000|nan|-968131.917474|-1.909745|nan|nan|nan|-0.098630|0.059286|nan|nan|-0.851048|nan|7.582921|nan|0.393195|-1.905373|-0.172906|-6.001351|-4043.725714|-201519325.917865|nan|211395.377424|nan|-182873.174970|nan|nan|15.798604|nan|-3.380462|-8.658333|0.236367|nan|-229.229721
1331|19943170.371966|nan|nan|-3.200000|nan|nan|nan|-0.449217|2274.800000|-6.001351|-4.132979|22499737.068612|nan|nan|nan|nan|-5.200000|nan|-969392.261055|0.621246|nan|nan|nan|-0.097735|0.059286|nan|nan|-0.842160|nan|13.839037|nan|0.393195|-2.894346|-0.172906|-6.001351|-4046.370331|-201519325.917865|nan|211395.377424|nan|-182873.174970|nan|nan|16.047698|nan|-3.180112|-2.658333|0.236367|nan|-229.229721
1332|21065651.004970|nan|nan|-3.200000|nan|nan|nan|-0.449217|2274.800000|-6.001351|-4.132979|23953524.259323|nan|nan|nan|nan|1.200000|nan|-970178.731101|0.621246|nan|nan|nan|-0.096960|0.059286|nan|nan|-0.834363|nan|13.213221|nan|0.393195|-4.309177|-0.172906|-6.001351|-4046.600546|-201519325.917865|nan|211395.377424|nan|-182873.174970|nan|nan|16.298029|nan|-2.979761|-2.658333|0.236367|nan|-229.229721
1333|20820667.677144|-1.445833|nan|-3.200000|nan|nan|nan|-0.449217|2274.800000|-6.001351|-4.132979|23568623.524731|nan|nan|nan|nan|-0.200000|nan|-873157.540794|0.621246|nan|nan|nan|-0.096281|0.059286|nan|nan|-0.826301|nan|11.018472|nan|0.393195|-6.001351|-0.172906|-6.001351|-4046.527724|-201519325.917865|nan|211395.377424|nan|-182873.174970|nan|nan|16.549326|nan|-2.779411|-2.658333|0.236367|nan|-229.229721
1334|21331873.548760|-1.370833|nan|-3.200000|nan|nan|nan|-0.449217|2274.800000|-6.001351|-4.132979|23953942.587045|nan|nan|nan|nan|-4.000000|nan|-194126.002165|0.621246|nan|nan|nan|-0.095683|0.059286|nan|nan|-0.826301|nan|11.719459|nan|0.393195|-6.001351|-0.172906|-6.001351|-4045.882703|-201519325.917865|nan|211395.377424|nan|-182873.174970|nan|nan|16.801267|nan|-2.579060|-4.658333|0.236367|nan|-229.229721
1335|19472165.332224|-2.031944|nan|-3.200000|nan|nan|nan|-0.449217|2274.800000|-6.001351|-4.132979|21519892.213643|nan|nan|nan|nan|-2.000000|nan|485057.765717|0.621246|nan|nan|nan|-0.095151|0.059286|nan|nan|-0.818294|nan|11.157557|nan|0.393195|-6.001351|-0.172906|-6.001351|-4045.922347|-201519325.917865|nan|211395.377424|nan|-182873.174970|nan|nan|17.053801|nan|-2.378710|-2.658333|0.236367|nan|-229.229721
1336|15690690.732456|-2.252691|nan|-3.200000|nan|nan|nan|-0.449217|2274.800000|-6.001351|-4.132979|18178959.660104|nan|nan|nan|nan|2.000000|nan|968676.992065|0.621246|nan|nan|nan|-0.094675|0.059286|nan|nan|-0.818294|nan|9.720577|nan|0.393195|-6.001351|-0.172906|-6.001351|-4045.999987|-201519325.917865|nan|211395.377424|nan|-182873.174970|nan|nan|17.306972|nan|-2.190895|-4.658333|0.236367|nan|-229.229721
1337|12594685.622708|-2.445069|nan|-3.200000|nan|nan|nan|-0.449217|2274.800000|-6.001351|-4.132979|15135180.792721|nan|nan|nan|nan|-6.000000|nan|1451814.943094|0.621246|nan|nan|nan|-0.094246|0.059286|nan|nan|-0.818294|nan|11.177989|nan|0.393195|-6.001351|-0.172906|-6.001351|-4045.686433|-201519325.917865|nan|211395.377424|nan|-182873.174970|nan|nan|17.560181|nan|-2.003079|-4.658333|0.236367|nan|-229.229721
1338|16084369.500868|-3.011863|nan|-3.200000|nan|nan|nan|-0.449217|2274.800000|-6.001351|-4.132979|18500102.383718|nan|nan|nan|nan|-4.000000|nan|2034112.750134|0.621246|nan|nan|nan|-0.093858|0.059286|nan|nan|-0.810146|nan|10.124713|nan|0.393195|-6.001351|-0.172199|-6.001351|-4046.141710|-201519325.917865|nan|211395.377424|nan|-182873.174970|nan|nan|17.813455|nan|-1.815264|-2.658333|0.236367|nan|-229.229721
1339|19437402.550000|-3.157589|nan|-3.200000|nan|nan|nan|-0.449217|2274.800000|-6.001351|-4.132979|23558394.615807|nan|nan|nan|nan|-4.000000|nan|2909150.087407|0.621246|nan|nan|nan|-0.093506|0.059286|nan|nan|-0.802524|nan|12.878307|nan|0.393195|-6.001351|-0.168741|-6.001351|-4045.503137|-201519325.917865|nan|211395.377424|nan|-182873.174970|nan|nan|18.067585|nan|-1.627448|-4.658333|0.236367|nan|-229.229721
1340|24173230.872714|-3.470009|nan|-3.200000|nan|nan|nan|-0.449217|2274.800000|-6.001351|-4.132979|31081691.913179|nan|nan|nan|nan|-8.000000|nan|3206110.377203|0.621246|nan|nan|nan|-0.093184|0.059286|nan|nan|-0.794774|nan|1.615787|nan|0.393195|-6.001351|-0.164427|-6.001351|-4045.469283|-201519325.917865|nan|211395.377424|nan|-182873.174970|nan|nan|18.322497|nan|-1.523145|-4.658333|0.236367|nan|-229.229721
1341|28185339.755928|-3.744329|nan|-3.200000|nan|nan|nan|-0.449217|2274.800000|-6.001351|-4.132979|34984747.136011|nan|nan|nan|nan|2.000000|nan|3305413.842897|0.621246|nan|nan|nan|-0.092889|0.059286|nan|nan|-0.791722|nan|1.908781|nan|0.393195|-6.001351|-0.151568|-6.001351|-4045.777597|-201519325.917865|nan|211395.377424|nan|-182873.174970|nan|nan|18.578277|nan|-1.523145|-4.658333|0.236367|nan|-229.229721
1342|24434629.922369|-3.922396|nan|-2.800000|nan|nan|nan|-0.449217|2274.800000|-6.001351|-4.132979|29243222.549698|nan|nan|nan|nan|2.000000|nan|3397021.784817|0.621246|nan|nan|nan|-0.092618|0.059286|nan|nan|-0.787753|nan|1.653834|nan|0.393195|-6.001351|-0.126333|-6.001351|-4045.289390|-201519325.917865|nan|211395.377424|nan|-182873.174970|nan|nan|18.834894|nan|-1.523145|-4.658333|0.236367|nan|-229.229721
1343|25883330.194030|-4.101357|-6.001351|-2.200000|nan|0.859228|-5.677653|-0.449217|2274.800000|-6.001351|-4.132979|27706043.992586|-0.057819|-3.842299|-2.805615|nan|-2.000000|nan|3688388.535263|0.621246|nan|-4.240459|-10.742031|-0.092367|0.059286|nan|nan|-0.787753|-5.509210|1.653834|2.520218|0.393195|-6.001351|-0.105010|-6.001351|-4045.118544|-201519325.917865|nan|211395.377424|-0.000012|-182873.174970|-2.596968|-0.086631|19.068229|-0.080286|-1.523145|-2.658333|0.236367|-5.509210|-229.229721
1344|29197801.078494|-4.296209|-6.001351|-2.000000|nan|1.008606|-5.677653|-0.449217|2274.800000|-6.001351|-4.132979|30364013.155820|-0.057819|-3.842299|-2.805156|nan|-4.000000|2.000000|3980953.918288|0.621246|nan|-4.393506|-10.793552|-0.092135|0.059286|nan|nan|-0.787753|-5.444073|2.233299|2.232539|0.393195|-6.001351|-0.089122|-6.001351|-4045.437447|-201519325.917865|nan|211395.377424|-0.000012|-182873.174970|-2.546046|-0.084197|19.281612|-0.079055|-1.523145|-2.658333|0.236367|-5.444073|-229.229721
1345|30326209.400000|-4.438007|-6.001351|-2.000000|0.019695|1.008606|-5.677653|-0.449217|2274.800000|-6.001351|-4.132979|33257465.519240|-0.057819|-3.842299|-2.805378|nan|-2.000000|2.000000|4176729.839805|0.621246|nan|-3.997445|-10.770244|-0.091920|0.059286|nan|nan|-0.780574|-5.380305|6.742059|1.929397|0.393195|-6.001351|-0.080076|-6.001351|-4046.562297|-201519325.917865|nan|211395.377424|-0.000012|-182873.174970|-2.500716|-0.082254|19.475666|-0.058668|-1.523145|-2.658333|0.236367|-5.380305|-229.229721
1346|23297957.400810|-4.527108|-6.001351|-2.000000|-6.563629|1.284176|-5.677653|-0.449217|2274.800000|-6.001351|-4.132979|26347346.800848|-0.057819|-3.842299|-2.805489|nan|-4.000000|2.000000|4565546.067372|0.621246|nan|-4.220520|-11.168989|-0.091720|0.059286|nan|nan|-0.774838|-5.318828|5.326154|1.630543|0.393195|-6.001351|-0.076224|-6.001351|-4045.268517|-201519325.917865|nan|211395.377424|-0.000012|-182873.174970|-2.468010|-0.081103|19.651507|-0.046698|-1.523145|-2.658333|0.236367|-5.318828|-229.229721
1347|25138346.194362|-4.577940|-6.001351|-2.000000|-6.563629|1.774035|-5.677653|-0.449217|2274.800000|-6.001351|-4.132979|28245215.651186|-0.057819|-3.842299|-2.805996|nan|0.000000|2.000000|4761063.967606|0.621246|nan|-4.333398|-11.104670|-0.091532|0.059286|nan|nan|-0.774838|-5.259249|4.694155|1.346157|0.393195|-6.001351|-0.073402|-6.001351|-4046.524784|-201519325.917865|nan|211395.377424|-0.000012|-182873.174970|-2.436612|-0.079750|19.810764|-0.039472|-1.523145|-2.658333|0.236367|-5.259249|-229.229721
1348|24734278.165742|-4.882313|-6.001351|-2.000000|-6.563629|2.407716|-5.677653|-0.449217|2274.800000|-6.001351|-4.132979|28481325.802073|-0.057819|-3.842299|-2.806702|nan|0.200000|2.000000|4761392.240923|0.621246|nan|-3.820613|-10.852996|-0.100057|0.059286|nan|nan|-0.782730|-5.202603|4.831647|1.080963|0.393195|-6.001351|-0.069848|-6.001351|-4046.121241|-201519325.917865|nan|211395.377424|-0.000012|-182873.174970|-2.406445|-0.078015|19.951953|-0.034643|-1.523145|-0.658333|0.236367|-5.202603|-229.229721
1349|25723464.950000|-5.094261|-6.001351|-2.000000|-6.563629|2.790571|-5.677653|-0.449217|2274.800000|-6.001351|-4.132979|30019047.028080|-0.057819|-3.842299|-2.807054|nan|-0.400000|2.000000|4762214.283534|0.621246|nan|-4.256428|-10.854615|-0.100823|0.059286|nan|nan|-0.789636|-5.147710|4.831647|0.839369|0.393195|-6.001351|-0.069848|-6.001351|-4045.893475|-201519325.917865|nan|211395.377424|-0.000012|-182873.174970|-2.377439|-0.075090|20.076097|-0.030646|-1.523145|-0.658333|0.236367|-5.147710|-229.229721
1350|24092982.889046|-4.951755|-6.001351|-2.000000|-6.563629|2.946487|-5.677653|-0.449217|2274.800000|-6.001351|-4.132979|28550798.567896|-0.057819|-3.842299|-2.807231|nan|1.000000|2.000000|4759354.509519|0.621246|nan|-3.512065|-11.046556|-0.100995|0.059286|nan|nan|-0.791016|-5.101796|4.831647|0.625517|0.393195|-6.001351|-0.069848|-6.001351|-4046.048147|-201519325.917865|nan|211395.377424|-0.000012|-182873.174970|-2.349527|-0.069864|20.179735|-0.027543|-1.574443|-1.875000|0.236367|-5.101796|-229.229721
1351|25023199.410620|-4.669645|-6.001351|-2.000000|-6.563629|2.946487|-5.677653|-0.449217|2274.800000|-6.001351|-4.132979|29030425.312891|-0.057819|-3.842299|-2.806867|nan|2.000000|2.000000|4757920.399552|0.621246|nan|-3.386963|-11.070438|-0.097339|0.059286|nan|nan|-0.783849|-5.051973|7.738487|0.443071|0.393195|-6.001351|-0.069848|-6.001351|-4044.741869|-201519325.917865|nan|211395.377424|-0.000012|-182873.174970|-2.322649|-0.067290|20.269844|-0.024950|-1.625740|0.166667|0.236367|-5.051973|-229.229721
1352|25862013.184320|-4.771580|-6.001351|-1.800000|-6.563629|2.946487|-5.677653|-0.267957|2274.800000|-6.001351|-4.132979|29624357.181208|-0.057819|-3.842299|-2.806685|nan|5.000000|2.000000|4757685.791678|0.621246|nan|-8.803521|-10.674271|-0.093683|0.059286|nan|nan|-0.783996|-5.000213|6.417113|0.286528|0.393195|-6.001351|-0.069848|-6.001351|-4046.725356|-201519325.917865|nan|211395.377424|-0.000012|-182873.174970|-2.296749|-0.066258|20.343755|-0.022833|-1.677038|2.325000|0.236367|-5.000213|-229.229721
1353|26242450.850000|-4.552397|-6.001351|-0.600000|-10.630145|2.946487|-5.677653|-0.267957|2274.800000|-6.001351|-4.132979|30296229.808303|-0.057819|-3.842299|-2.805240|nan|-1.800000|2.000000|4758989.863846|0.621246|nan|-5.121654|-10.809895|-0.090027|0.059286|nan|nan|-0.784622|-4.950118|9.792637|0.027668|0.393195|-6.001351|-0.069848|-6.001351|-4045.652809|-201519325.917865|nan|211395.377424|-0.000012|-182873.174970|-2.271773|-0.064723|20.402141|-0.020959|-1.728335|-1.133333|0.236367|-4.950118|-229.229721
1354|25588823.828518|-4.421607|-6.001351|0.600000|-10.630145|2.946487|-5.677653|1.112012|2274.800000|-6.001351|-4.132979|30418778.832475|-0.057819|-3.842299|-2.805420|nan|8.000000|2.000000|4758431.318094|0.621246|nan|-5.104820|-10.731522|-0.086105|0.059286|nan|nan|-0.790415|-4.901347|9.086701|-0.218654|0.393195|-6.001351|-0.061993|-6.001351|-4046.737931|-177967097.921001|nan|211395.377424|-0.000012|-182873.174970|-2.247674|-0.062809|20.445868|-0.019468|-1.779632|1.933334|0.236367|-4.901347|-229.229721
1355|27954424.139414|-4.263964|-6.001351|2.800000|-10.630145|2.946487|-5.677653|2.457451|2274.800000|-6.001351|-4.132979|32592844.660672|-0.092545|-3.842299|-2.805059|nan|4.600000|2.000000|4761241.897938|0.621246|nan|-3.070378|-10.786171|-0.086105|0.059286|nan|nan|-0.782085|-4.854021|9.560436|-0.447583|0.393195|-6.001351|-0.061313|-6.001351|-4046.620070|-176666607.377878|nan|211395.377424|-0.000012|-182873.174970|-2.224405|-0.011361|20.475945|-0.018153|-1.830930|1.933334|0.236367|-4.854021|-229.229721
1356|25288830.582360|-4.241508|-6.001351|5.400000|-10.630145|2.946487|-5.677653|3.293801|2274.800000|-6.001351|-4.132979|29373861.017425|-0.106605|-3.842299|-2.805329|nan|8.800000|0.000000|4756513.248404|0.621246|nan|-10.276159|-10.564666|-0.086105|0.059286|nan|nan|-0.756035|-4.809400|9.438111|-0.658501|0.393195|-6.001351|-0.065416|-6.001351|-4046.466079|-176398495.946337|nan|211395.377424|-0.000012|-182873.174970|-2.201926|-0.005389|20.493817|-0.017074|-1.865702|3.933334|0.236367|-4.809400|-229.229721
1357|30213794.705870|-4.029542|-6.001351|9.000000|-10.630145|2.946487|-5.677653|3.669546|2274.800000|-6.001351|-4.132979|33487650.666133|-0.106605|-3.842299|-2.806368|nan|11.200000|0.000000|4859722.638690|0.621246|nan|-9.026493|-10.509333|-0.086105|0.059286|nan|nan|-0.699637|-4.765100|6.436371|-0.852069|0.393195|-6.001351|-0.065623|-6.001351|-4047.487558|-176398495.946337|nan|211395.377424|-0.000012|-182873.174970|-2.180196|-0.006478|20.499115|-0.016185|-1.878237|-2.066666|0.236367|-4.765100|-229.229721
1358|30907642.865428|-3.836659|-6.001351|10.600000|-10.630145|2.946487|-5.677653|3.669546|2274.800000|-6.001351|-4.132979|34318390.340837|-0.106605|-3.842299|-2.807792|nan|13.000000|0.000000|5443336.210101|0.621246|0.000000|-18.696285|-10.269838|-0.086105|0.059286|nan|-48315.494144|-0.635061|-4.721649|3.453604|-1.028895|0.393195|-6.001351|-0.065623|-6.001351|-4046.281366|-171686266.851254|-10242.041307|211395.377424|-0.000012|-182873.174970|-2.195031|-0.006529|20.503944|-0.015285|-1.890772|3.291667|0.236367|-4.721649|-229.229721
1359|24223638.539290|-3.617142|-6.001351|12.000000|-10.630145|2.946487|-5.677653|3.669546|4822.600000|-6.001351|-4.132979|27278162.466950|-0.106605|-3.842299|-2.809862|-0.166428|16.800000|0.000000|6010457.339331|0.621246|-0.000000|-36.338268|-10.022145|-0.086105|0.059286|nan|-47179.648875|-0.630451|-4.679391|0.945254|-1.187943|0.393195|-6.001351|-0.065623|-6.001351|-4045.872281|-171686266.851254|-7365.322851|211395.377424|-0.000012|-182873.174970|-2.209867|-0.003296|20.506692|-0.014176|-1.903307|3.391667|0.236367|-4.679391|-229.229721
1400|20140684.467272|-3.342274|-6.001351|13.200000|-10.630145|2.946487|-5.677653|3.669546|4822.600000|-6.001351|-4.132979|20953237.263833|-0.067124|-3.842299|-2.809992|-0.166428|9.400000|0.000000|7064069.222513|0.621246|-0.000000|-6.082526|-9.211978|-0.086105|0.059286|nan|-16238.896414|-0.633526|-4.641733|2.500334|-1.326824|0.393195|-6.001351|-0.065623|-6.001351|-4044.616191|-171686266.851254|-6252.400036|207291.302560|-0.000012|-182873.174970|-2.224702|-0.002426|20.506693|-0.013186|-1.915842|6.758334|0.236367|-4.641733|-48.277434
1401|17519629.439288|-3.237967|-6.001351|14.000000|-10.630145|3.596385|-5.677653|3.669546|4822.600000|-6.001351|-4.132979|18071319.247549|-0.067124|-3.842299|-2.809605|-0.166428|11.600000|0.000000|6768846.687370|0.621246|-0.000000|-5.738945|-9.395336|-0.086105|0.059286|nan|-10534.723247|-0.632751|-4.601914|3.995471|-1.443830|0.393195|-6.001351|-0.065623|-6.001351|-4046.107390|-171686266.851254|-8849.802862|207291.302560|-0.000012|-182873.174970|-2.234967|0.000223|20.502091|-0.012317|-1.928376|6.975000|0.236367|-4.601914|-48.277434
1402|15695952.911350|-3.184340|-6.001351|14.600000|-10.630145|4.437462|-5.677653|4.262227|4822.600000|-6.001351|-4.132979|16374186.265742|-0.067124|-3.842299|-2.809411|-0.166428|13.400000|0.000000|6479093.162584|0.621246|-0.000000|-3.268899|-9.716308|-0.086105|0.059286|nan|-10008.418250|-0.638419|-4.565144|3.995471|-1.537300|0.384030|-6.001351|-0.065623|-6.001351|-4045.132478|-171686266.851254|-10644.504497|207291.302560|-0.000012|-182873.174970|-2.242317|0.001004|20.491623|-0.011553|-1.940911|8.975000|0.236367|-4.565144|-45.153513
1403|11187576.822364|-3.148331|-6.001351|15.200000|-10.630145|5.007960|-5.677653|4.262227|4822.600000|-6.001351|-4.132979|12480083.508984|-0.067124|-3.842299|-2.809767|-0.166428|15.400000|0.000000|6476997.627670|0.621246|-0.000000|-6.259206|-9.588880|-0.086105|0.059286|-0.052009|-9645.343296|-0.637041|-4.527551|3.122541|-1.604815|0.384030|-6.001351|-0.065623|-6.001351|-4045.414237|-171686266.851254|-9965.224849|207291.302560|-0.000012|-182873.174970|-2.249667|0.002357|20.474514|-0.010674|-1.953446|9.600000|0.236367|-4.527551|-45.153513
1404|6878200.561062|-2.990093|-6.001351|16.800000|-10.630145|5.714601|-5.677653|4.262227|4822.600000|-6.001351|-2.413929|7786459.383225|-0.067124|-3.842299|-2.809039|-0.125693|9.000000|0.000000|6277440.364797|0.621246|-0.000000|-4.797835|-9.587956|-0.086105|0.059286|-0.017742|-7217.990477|-0.632908|-4.505976|5.015422|-1.643604|0.384030|-6.001351|-0.065623|-6.001351|-4045.479185|-171686266.851254|-9457.550211|207291.302560|-0.000012|-182873.174970|-2.257016|0.002420|20.450189|-0.009596|-1.965981|6.116667|0.236367|-4.505976|-45.153513
1405|6763317.894444|-2.759838|-6.001351|16.400000|-10.630145|6.353942|-5.677653|4.262227|4822.600000|-6.001351|-1.553488|7043482.332258|-0.067124|-3.842299|-2.808675|-0.125622|15.000000|0.000000|6277780.596447|0.621246|-0.000000|-4.765717|-9.323356|-0.086105|0.059286|-0.019088|-6177.596011|-0.629456|-4.493477|4.222594|-1.652641|0.384030|-6.001351|-0.065623|-6.001351|-4045.925355|-171686266.851254|-10678.155927|207291.302560|-0.000012|-394171.093442|-2.263474|-0.002751|20.418191|-0.008428|-1.978516|8.175000|0.236367|-4.493477|-45.153513
1406|8136054.733230|-2.650541|-6.001351|15.000000|-10.630145|6.551442|-5.677653|4.263376|4822.600000|-6.001351|-0.506505|7760913.685442|-0.067124|-3.842299|-2.808041|-0.125622|9.000000|0.000000|6276946.848028|0.621246|-0.000000|1.007935|-9.123810|-0.086105|0.059286|-0.017883|-4608.026460|-0.624135|-4.482349|5.567764|-1.636002|0.384030|-6.001351|-0.065623|-6.001351|-4045.785545|-171686266.851254|-11832.099929|207291.302560|-0.000012|-394171.093442|-2.269931|-0.004950|20.381196|-0.007145|-1.991051|8.175000|0.236367|-4.482349|-41.547831
1407|8274644.944592|-2.633562|-6.001351|13.800000|-10.630145|6.920609|-5.677653|4.263376|4822.600000|-6.001351|-0.134066|8048688.584164|-0.067124|-3.842299|-2.808177|-0.125622|13.000000|0.000000|6278740.638456|0.621246|-0.000000|2.056906|-8.865238|-0.086105|0.059286|-0.011077|-4058.884406|-0.625575|-4.479837|6.049222|-1.597042|0.384030|-6.001351|-0.065623|-6.001351|-4046.705554|-171686266.851254|-11613.074368|207291.302560|-0.000012|-394171.093442|-2.276389|-0.005291|20.335093|-0.005866|-2.003586|10.175000|0.236367|-4.479837|-41.547831
1408|8832007.227940|-2.672251|-6.001351|13.400000|-10.630145|7.445093|-5.677653|7.093302|4822.600000|-6.001351|-0.134066|8579198.234235|-0.067124|-3.842299|-2.808244|-0.125622|13.000000|0.000000|6279026.921156|0.621246|-0.000000|1.849866|-8.288314|-0.086105|0.059286|-0.004039|-3380.257364|-0.624558|-4.480037|5.090031|-1.537881|0.384030|-6.001351|-0.065623|-6.001351|-4046.043950|-171686266.851254|-152.672425|207291.302560|-0.000012|-394171.093442|-2.282846|-0.004474|20.285032|-0.004650|-2.016121|10.175000|0.236367|-4.480037|-41.547831
1409|5385919.789010|-2.720561|-6.001351|13.000000|-10.630145|8.300578|-5.677653|7.093302|4822.600000|-6.001351|-0.134066|4675171.743471|-0.067124|-3.842299|-2.807826|-0.125622|11.000000|0.000000|6278611.516281|0.621246|-0.000000|3.912593|-8.190080|-0.086105|0.059286|-0.001341|-2342.205027|-0.624558|-4.479545|5.484606|-1.462756|0.384030|-6.001351|-0.065623|-6.001351|-4045.844428|-171686266.851254|-150.321938|207291.302560|-0.000012|-394171.093442|-2.289304|-0.000462|20.233393|-0.003423|-2.028656|10.175000|0.236367|-4.479545|-41.547831
1410|5688172.872070|-2.657758|-6.001351|13.400000|-10.630145|9.646017|-5.677653|7.093302|4822.600000|-6.001351|-0.134066|1476700.657060|-0.054724|-2.691776|-2.806261|-0.125622|7.000000|0.000000|6278793.398191|0.621246|-0.000000|4.622797|-6.577642|-0.086105|0.059286|0.004673|-1217.569772|-0.538302|-4.476466|8.553213|-1.376763|0.384030|-6.001351|-0.063450|-6.001351|-1719.447772|-171686266.851254|-161.654953|207291.302560|-0.000012|-394171.093442|-2.290511|0.000861|20.180555|-0.002490|-2.041191|6.175000|0.236367|-4.476466|-41.547831
1411|9779119.372288|-2.608146|-6.001351|13.600000|-10.630145|10.482367|-5.677653|7.093302|4822.600000|-6.001351|-0.134066|3992420.755736|-0.054724|1.617284|-2.805028|-0.125622|9.000000|0.000000|6280769.964239|0.621246|-0.000000|4.957103|-5.089953|-0.086105|0.059286|0.012077|-802.000088|-0.438008|-4.474060|10.910602|-1.284579|0.384030|-6.001351|-0.057433|-6.001351|-1718.951096|-171686266.851254|-177.596016|207291.302560|-0.000012|-394171.093442|-2.280151|0.001733|20.127004|-0.001699|-2.053726|6.175000|0.236367|-4.474060|-41.547831
1412|3763708.161330|-2.553276|-6.001351|13.400000|-10.630145|10.858112|-5.677653|9.724385|4822.600000|-6.001351|-0.134066|-1867750.927299|-0.054724|1.771814|-2.805765|-0.125622|21.000000|-4.000000|6276796.671749|0.621246|-0.000000|1.415183|-4.330109|-0.086105|0.059286|0.018922|-839.318103|-0.358688|-4.465606|4.470416|-1.191703|0.384030|-6.001351|-0.052577|-6.001351|-1721.288577|-170694817.719840|-147.897377|207291.302560|-0.000012|-394171.093442|-2.260038|0.002716|20.072614|-0.000987|-2.066261|2.175000|0.236367|-4.465606|-41.547831
1413|5756745.777514|-2.500960|-6.001351|13.400000|-10.630145|11.388548|-5.677653|9.724385|4822.600000|-5.090030|-0.134066|387410.515523|-0.054724|1.771814|-2.805683|-0.125622|11.000000|-4.000000|6273060.849135|0.621246|-0.000000|6.864737|-3.799329|-0.086105|0.059286|0.022860|-662.097045|-0.355674|-4.447817|4.792137|-1.106283|0.384030|-6.001351|-0.048760|-6.001351|-1719.261439|-165312451.917804|-145.943554|207291.302560|-0.000012|-394171.093442|-2.239878|0.005900|20.017229|-0.000340|-2.078796|8.425000|0.236367|-4.447817|-41.547831
1414|6305098.772464|-2.489678|-6.001351|13.000000|-10.630145|12.208687|-5.677653|9.724385|4822.600000|-3.646551|-0.134066|1182280.588181|-0.054724|1.771814|-2.806545|-0.125622|17.000000|-4.000000|6273909.394484|0.621246|-0.000000|9.281712|-2.697667|-0.086105|0.059286|0.026922|238.634047|-0.353770|-4.408288|3.692975|-1.033587|0.384030|-6.001351|-0.045724|-6.001351|-1720.355837|-162195093.493678|-140.677048|207291.302560|-0.000012|-394171.093442|-2.219717|0.010347|19.960801|0.000262|-2.091331|9.200000|0.236367|-4.408288|-41.547831
1415|5528451.088772|-2.501129|-6.001351|13.000000|-10.630145|13.522145|-5.677653|9.724385|4822.600000|-2.753681|-0.134066|389816.879054|-0.054724|1.771814|-2.806524|-0.125622|11.000000|-4.000000|6275881.317166|0.621246|-0.000000|11.160195|-2.891146|-0.086105|0.059286|0.032578|-392.468251|-0.353770|-4.364607|4.465822|-0.976575|0.384030|-6.001351|-0.045724|-6.001351|-1171.502939|-161277326.285841|-133.896089|207291.302560|-0.000012|-394171.093442|-2.199827|0.013358|19.903326|0.000823|-2.091331|9.608333|0.236367|-4.364607|-41.547831
1416|5588595.377988|-2.558158|-6.001351|13.000000|-10.630145|15.662893|-5.677653|9.724385|4822.600000|-1.742498|-0.134066|338593.664075|-0.054724|3.808642|-2.806514|-0.125622|13.000000|-4.000000|6274008.508821|0.621246|-0.000000|9.932628|-2.589441|-0.086105|0.059286|0.040792|-155.988400|-0.358420|-4.251688|3.785052|-0.932800|0.384030|-6.001351|-0.045724|-6.001351|-1172.874177|-160993750.742102|-140.055969|207291.302560|-0.000012|-394171.093442|-2.163453|0.015307|19.845627|0.001355|-2.091331|11.608333|0.236367|-4.251688|-41.547831
1417|2679228.361134|-2.484875|-6.001351|13.000000|-10.630145|18.552141|-5.677653|9.724385|4822.600000|-1.464749|-0.134066|-2197434.330456|-0.054724|4.836263|-2.805154|-0.102756|9.000000|-4.000000|6268470.475797|0.621246|-0.000000|5.032394|-2.421836|-0.086105|0.059286|0.052549|-173.471234|-0.366820|-4.040524|5.607651|-0.900311|0.384030|-6.001351|-0.045724|-6.001351|-1171.799072|-160993750.742102|-191.458038|207291.302560|-0.000012|-394171.093442|-2.103500|0.016894|19.787929|0.001944|-2.091331|7.608333|0.236367|-4.040524|-41.547831
1418|5614328.200272|-2.452731|-5.090030|13.000000|-10.630145|19.059450|-5.677653|9.724385|4822.600000|-1.464749|-0.134066|373085.374989|0.030517|4.836263|-1.991475|0.045403|15.000000|-4.000000|6274088.875415|0.621246|-0.000000|9.959077|-2.322202|-0.086105|0.059286|0.070669|1083.344106|-0.358541|-3.508108|4.168576|-0.878169|0.384030|-6.001351|-0.045724|-6.001351|-1172.172315|-160993750.742102|-220.746663|207291.302560|-0.000011|-394171.093442|-2.016112|0.017572|19.730654|0.002724|-2.091331|10.116666|0.105382|-3.508108|-51.679001
1419|5533244.933624|-2.550013|-3.646551|13.000000|-10.630145|19.059450|-4.209469|9.724385|4822.600000|-1.464749|-0.134066|25671.343780|0.044792|7.978565|-1.301421|0.250446|15.000000|-4.000000|6274113.860660|0.621246|-0.000000|10.716466|-2.229032|-0.084000|0.059286|0.077752|3879.488558|-0.362023|-3.275843|3.797041|-0.865565|0.384030|-6.001351|-0.045724|-6.001351|-1172.658400|-160923297.185739|-287.100235|207291.302560|-0.000008|-394171.093442|-1.929871|0.018871|19.674161|0.003547|-2.091331|12.258333|0.090856|-3.275843|-51.679001
1420|7745150.866866|-2.509171|-2.753681|13.000000|-10.630145|19.059450|-2.343884|9.724385|4822.600000|-1.464749|-0.134066|1729775.369877|0.044792|13.278870|-1.301289|0.428803|11.000000|-4.000000|6278902.472292|0.621246|-0.000000|8.890481|-2.218496|-0.081302|0.059286|0.081363|5781.699655|-0.361151|-3.237587|4.764569|-0.861695|0.384030|-6.001351|-0.051039|-6.001351|-1171.812188|-160923297.185739|-246.869498|207291.302560|-0.000006|-394171.093442|-1.843629|0.020100|19.618523|0.004379|-2.091331|10.258333|0.090856|-3.237587|-51.679001
1421|5856123.077634|-2.593819|-1.742498|13.000000|-10.630145|18.849329|-2.343884|9.724385|4778.400000|-1.464749|-0.134066|211222.206201|0.049782|11.639435|-1.301224|0.608102|11.000000|-4.000000|6266598.484265|0.621246|-0.000000|12.200448|-2.748080|-0.074776|0.059286|0.084695|7378.247070|-0.329480|-3.279196|6.063284|-0.865969|0.384030|-6.001351|-0.059734|-6.001351|-1173.130262|-160923297.185739|-222.867967|207291.302560|-0.000004|-394171.093442|-1.768019|0.020889|19.563407|0.005209|-2.091331|12.258333|0.090856|-3.279196|-51.679001
1422|7676151.394280|-2.582151|-1.464749|13.000000|-10.630145|18.768441|-2.618602|9.724385|4778.400000|-1.464749|-0.134066|2261688.440184|0.049782|11.639435|-1.301610|0.710426|17.000000|-4.000000|6270083.610827|0.621246|-0.000000|11.608322|-2.759823|-0.068250|0.059286|0.086726|8276.866569|-0.274690|-3.313365|5.098946|-0.877932|0.384030|-6.001351|-0.062061|-6.001351|-1172.596032|-160923297.185739|-210.640522|207291.302560|-0.000003|-394171.093442|-1.692409|0.020466|19.508997|0.006036|-2.091331|10.258333|0.090856|-3.313365|-51.679001
1423|8213873.122406|-2.620982|-1.464749|13.000000|-10.331695|18.885732|-2.618602|9.724385|4778.400000|-1.464749|-0.134066|3504161.474903|0.049782|11.639435|-1.301803|0.759463|13.000000|-4.000000|6271930.580698|0.621246|-0.000000|1.136154|-3.039143|-0.061724|0.059286|0.087356|8712.239780|-0.273631|-3.340931|6.503882|-0.894277|0.384030|-6.001351|-0.005030|-6.001351|-1172.512122|-160923297.185739|-217.176177|207291.302560|-0.000003|-394171.093442|-1.616799|0.020912|19.455253|0.006777|-2.091331|12.258333|0.090856|-3.340931|-51.679001
1424|5810352.678200|-2.663313|-1.464749|13.000000|-10.331695|18.991852|-2.618602|9.724385|4778.400000|-1.464749|-0.134066|2300357.057361|0.049782|11.639435|-1.302109|0.828055|15.000000|-4.000000|6271727.132770|0.621246|-0.000000|10.881906|-3.249550|-0.054932|0.059286|0.086640|9615.596491|-0.290790|-3.346454|5.455196|-0.914488|0.384030|-6.001351|0.006790|-6.001351|-1172.016573|-160923297.185739|-176.136453|207291.302560|-0.000003|-394171.093442|-1.541189|0.021002|19.401578|0.007493|-2.091331|12.258333|0.090856|-3.346454|-51.679001
1425|4204679.521758|-2.684315|-1.464749|13.000000|-10.331695|17.754533|-2.618602|9.724385|4778.400000|-1.464749|-0.134066|2013977.341997|0.003095|11.639435|-1.302053|0.887952|11.000000|-4.000000|6270603.479077|0.621246|-0.000000|3.102062|-3.330684|-0.054700|0.059286|0.085815|6885.943181|-0.293645|-3.321119|5.799053|-0.936326|0.384030|-6.001351|0.012120|-6.001351|-1171.884937|-152564252.316308|-186.520489|207291.302560|-0.000003|-394171.093442|-1.465579|0.020371|19.347749|0.008180|-2.091331|12.258333|0.090856|-3.321119|-51.679001
1426|2619803.766404|-2.627789|-1.464749|13.000000|-10.331695|16.825531|-2.618602|9.724385|4778.400000|-1.464749|-0.134066|635698.403856|0.003095|11.639435|-1.302444|0.887952|15.000000|-4.000000|6269547.288552|0.621246|-0.000000|8.151596|-3.473100|-0.054534|0.059286|0.084080|5148.230497|-0.296624|-3.211647|5.120072|-0.957970|0.384030|-6.001351|0.012120|-6.001351|-1173.306598|-145474712.329436|-144.986419|207291.302560|-0.000003|-394171.093442|-1.389969|0.019142|19.293670|0.008881|-2.091331|10.258333|0.090856|-3.211647|-51.679001
1427|3707878.589002|-2.623117|-1.464749|13.000000|-10.331695|16.199325|-2.618602|10.042568|4607.400000|-1.464749|-0.134066|1455413.096724|0.003095|11.639435|-1.302639|0.887952|13.000000|-4.000000|6270396.442618|0.621246|-0.000000|10.361310|-3.676685|-0.054369|0.059286|0.082697|4446.704033|-0.294626|-2.979657|3.737154|-0.978710|0.384030|-6.001351|0.019775|-5.090030|-1171.826046|-102956583.480701|-159.866451|207291.302560|-0.000003|-394171.093442|-1.314359|0.020413|19.239508|0.009598|-2.091331|12.258333|0.090856|-2.979657|-51.679001
1428|-3105264.327124|-2.504773|-1.464749|13.000000|-10.331695|15.632757|-2.618602|10.042568|4607.400000|-1.464749|-0.134066|-5367899.131284|0.003095|11.639435|-1.303367|0.887952|19.000000|-4.000000|6257837.634007|0.621246|-0.000000|11.189899|-3.368765|-0.053621|0.057623|0.081548|5035.493965|-0.294626|-2.475987|-0.212452|-0.997892|0.384030|-6.001351|0.020764|-3.646551|-1174.812381|-103022208.739985|-120.376337|207291.302560|-0.000003|-394171.093442|-1.238749|0.026955|19.178875|0.010390|-2.091331|6.258333|0.090856|-2.475987|-51.679001
1429|-5863221.900000|-2.387822|-1.464749|13.000000|-10.331695|15.120148|-2.618602|10.042568|4607.400000|-1.464749|-0.134066|-8089476.313160|0.003095|11.639435|-1.303101|0.887952|7.000000|-4.000000|6253159.048429|0.621246|-0.000000|9.260669|-3.702347|-0.052872|0.053532|0.081014|6924.191610|-0.295822|-1.980564|4.122228|-1.014869|0.384030|-6.001351|0.032246|-2.753681|-1171.522904|-103022208.739985|-143.084566|207291.302560|-0.000003|-394171.093442|-1.163139|0.029303|19.111375|0.011135|-2.091331|6.258333|0.090856|-1.980564|-51.679001
1430|-4704929.217322|-2.339720|-1.464749|13.000000|-10.331695|15.120148|-2.618602|10.042568|4607.400000|-1.464749|-0.134066|-6686609.456314|0.003095|11.639435|-1.302968|0.887952|13.000000|-4.000000|6253962.901989|0.621246|-0.000000|7.777487|-3.885954|-0.052124|0.053532|0.080689|7629.756907|-0.294442|-1.662563|-1.554476|-1.029090|0.384030|-6.001351|0.043159|-1.742498|-1172.752440|-103022208.739985|-127.299334|207291.302560|-0.000003|-394171.093442|-1.087529|0.030530|19.035820|0.011793|-2.091331|12.258333|0.090856|-1.662563|-51.679001
1431|-3752043.821277|-2.289011|-1.464749|13.000000|-9.947930|15.116559|-2.618602|10.042568|4607.400000|-1.464749|0.025641|-5980312.501208|0.003095|11.639435|-1.303111|0.887952|13.000000|-4.000000|6252845.114266|0.621246|-0.000000|-1.687370|-4.204884|-0.051376|0.053532|0.080414|7537.614258|-0.357013|-1.402415|-2.009457|-1.039984|0.384030|-6.001351|0.040124|-1.464749|-1172.061096|-103022208.739985|-94.034135|207291.302560|-0.000003|-394171.093442|-1.011919|0.032371|18.951076|0.012365|-2.091331|12.258333|0.090856|-1.402415|-51.679001
1432|-3260672.705750|-2.229229|-1.464749|13.000000|-9.947930|14.843589|-2.618602|10.042568|4607.400000|-1.464749|0.025641|-5198166.895723|0.003095|11.639435|-1.303183|0.887952|12.600000|-4.000000|6060902.828059|0.621246|-0.000000|7.437416|-4.527519|-0.050627|0.053532|0.079661|8767.577227|-0.378344|-1.257601|-1.094222|-1.046903|0.384030|-6.001351|0.035288|-1.464749|-1172.211286|-103022208.739985|-115.707294|207291.302560|-0.000003|-394171.093442|-0.936309|0.033870|18.856702|0.012899|-2.091331|11.875000|0.090856|-1.257601|-51.679001
1433|-2351574.949500|-2.041608|-1.464749|13.000000|-9.947930|14.787091|-2.618602|10.042568|4607.400000|-1.464749|0.025641|-3795987.588753|0.003095|11.639435|-1.302799|0.887952|8.000000|-4.000000|5772317.631678|0.621246|-0.000000|12.572330|-4.715941|-0.049879|0.053532|0.078900|13693.794209|-0.412486|-1.208430|1.752031|-1.049457|0.384030|-6.001351|0.033202|-1.464749|-1172.257056|-103022208.739985|-133.945424|207291.302560|-0.000003|-519274.145547|-0.875887|0.034152|18.750814|0.013400|-2.091331|4.691667|0.090856|-1.208430|-51.679001
1434|-2446804.893688|-1.900497|-1.464749|13.000000|-9.947930|14.735974|-2.618602|10.042568|4607.400000|-1.464749|0.025641|-3907228.426723|0.003095|11.639435|-1.302817|0.887952|13.800000|-4.000000|5676556.266810|0.621246|-0.000000|12.635203|-4.576471|-0.049130|0.053532|0.078560|15417.297325|-0.429218|-1.223633|0.758510|-1.047203|0.384030|-6.001351|0.021914|-1.464749|-1172.739446|-103022208.739985|-141.855027|207291.302560|-0.000003|-519274.145547|-0.839524|0.034434|18.632579|0.013872|-2.091331|10.150000|0.090856|-1.223633|-51.679001
1435|-4016869.628782|-1.819455|-1.464749|13.000000|-9.947930|14.689726|-2.618602|10.042568|4607.400000|-1.464749|0.025641|-4776577.072336|0.003095|11.639435|-1.302616|0.887952|9.800000|-4.000000|5675778.001420|0.621246|-0.000000|10.403553|-4.529618|-0.048382|0.053532|0.078457|16500.832685|-0.433303|-1.238548|1.045452|-1.041621|0.384030|-6.001351|0.009686|-1.464749|-1172.315805|-103022208.739985|-144.268845|207291.302560|-0.000003|-519274.145547|-0.818042|0.032946|18.496424|0.014307|-2.091331|10.091667|0.090856|-1.238548|-51.679001
1436|-4097939.850558|-1.716706|-1.464749|13.000000|-9.947930|14.689726|-2.618602|10.042568|4607.400000|-1.464749|0.025641|-4875134.494424|0.003095|11.639435|-1.302936|0.887952|15.800000|-4.000000|5676509.654359|0.621246|-0.000000|12.151972|-4.178450|-0.047634|0.053532|0.078305|17396.327736|-0.433280|-1.270102|1.358975|-1.033799|0.384030|-6.001351|0.005629|-1.464749|-1171.515597|-103022208.739985|-134.561662|207291.302560|-0.000003|-519274.145547|-0.809156|0.033252|18.335450|0.014757|-2.091331|8.091667|0.090856|-1.270102|-56.737581
1437|-3935122.316136|-1.532748|-1.464749|13.000000|-9.947930|14.689726|-2.618602|10.042568|4607.400000|-1.464749|0.025641|-4361599.199881|0.003095|11.639435|-1.303095|0.887952|11.800000|-4.000000|5681442.197710|0.621246|-0.000000|12.361544|-4.123487|-0.046885|0.053532|0.078013|18553.286691|-0.434104|-1.295583|-0.098437|-1.023428|0.384030|-6.001351|0.002450|-1.464749|-1172.259603|-103022208.739985|-116.865795|207291.302560|-0.000003|-519274.145547|-0.820459|0.035525|18.156581|0.015205|-2.091331|8.091667|0.090856|-1.295583|-56.737581
1438|-9500884.077138|-1.416567|-1.464749|13.000000|-9.947930|14.689726|-2.618602|10.042568|4607.400000|-1.464749|0.025641|-9995774.546785|0.003095|11.639435|-1.302755|0.887952|7.800000|-4.000000|5680686.345313|0.621246|-0.000000|12.078844|-3.779624|-0.046137|0.053532|0.077332|19028.264666|-0.451659|-1.303489|0.470840|-1.009285|0.384030|-6.001351|-0.001921|-1.506366|-1172.295470|-103022208.739985|-146.600771|207291.302560|-0.000003|-519274.145547|-0.838012|0.038977|17.956974|0.015620|-2.091331|8.091667|0.090856|-1.303489|-56.737581
1439|-15592529.310400|-1.285497|-1.464749|13.000000|-9.947930|14.689726|-2.618602|10.042568|4607.400000|-1.464749|0.025641|-15693710.912250|0.003095|11.639435|-1.303425|0.887952|17.800000|-4.000000|5678163.160234|0.621246|-0.000000|11.483719|-3.052100|-0.045388|0.053532|0.076498|19423.686839|-0.472414|-1.307529|-3.354478|-0.991392|0.384030|-6.001351|-0.015609|-1.506366|-1172.486678|-103022208.739985|-126.606399|207291.302560|-0.000003|-519274.145547|-0.849177|0.039790|17.734869|0.015993|-2.091331|4.091667|0.090856|-1.307529|-56.737581
1440|-11227165.410686|-1.152360|-1.464749|13.000000|-9.947930|14.689726|-2.618602|10.042568|4607.400000|-1.464749|0.025641|-11700765.901919|0.003095|11.639435|-1.303760|0.886380|11.800000|-4.000000|5688292.327813|0.621246|-0.000000|11.601809|-2.336735|-0.044640|0.053532|0.075694|20030.623670|-0.468029|-1.308725|-5.675899|-0.970338|0.384030|-6.001351|-0.049550|-1.506366|-1172.318998|-103022208.739985|-121.322023|207291.302560|-0.000003|-519274.145547|-0.859901|0.040587|17.487760|0.016246|-2.091331|8.091667|0.090856|-1.308725|-56.737581
1441|-13091302.865640|-0.954767|-1.464749|13.000000|-9.947930|14.689726|-2.618602|10.042568|4607.400000|-1.464749|0.025641|-13046273.770954|0.003095|11.639435|-1.303507|0.831039|9.800000|-4.000000|5687650.391073|0.621246|-0.000000|11.035761|-1.774094|-0.043892|0.053532|0.074651|20955.333721|-0.467803|-1.306814|-3.615639|-0.946079|0.384030|-6.001351|-0.061610|-1.506366|-1171.711194|-103022208.739985|-128.666469|207291.302560|-0.000003|-519274.145547|-0.869249|0.041702|17.212837|0.016408|-2.091331|8.091667|0.090856|-1.306814|-56.737581
1442|-16973599.388910|-0.853135|-1.464749|12.600000|-9.947930|14.689726|-2.618602|10.042568|4607.400000|-1.464749|0.025641|-17435980.266605|0.003095|11.639435|-1.303801|0.759032|15.800000|-4.000000|5681331.605939|0.621246|-0.000000|6.328251|-1.500273|-0.043143|0.053532|0.073595|21374.651732|-0.467802|-1.306010|-3.292464|-0.919070|0.384030|-6.001351|-0.069397|-1.506366|-1173.257684|-103022208.739985|-116.961273|207291.302560|-0.000003|-519274.145547|-0.877542|0.041676|16.903309|0.016576|-2.091331|6.091667|0.090856|-1.306010|-56.737581
1443|-21377420.288796|-0.757591|-1.464749|12.000000|-9.947930|14.689726|-2.618602|10.042568|4607.400000|-1.464749|0.025641|-22045486.780801|0.003095|11.639435|-1.303948|0.699955|13.800000|-4.000000|5674934.328580|0.621246|-0.000000|-1.849135|-1.366313|-0.042395|0.053532|0.072544|21312.294014|-0.471527|-1.301584|-3.497707|-0.890078|0.384030|-6.001351|-0.082088|-1.506366|-1172.955265|-103022208.739985|-117.671669|207291.302560|-0.000003|-519274.145547|-0.885835|0.039187|16.593107|0.016728|-2.091331|10.091667|0.090856|-1.301584|-56.737581
1444|-21890139.145110|-0.645867|-1.464749|11.800000|-9.947930|14.689726|-2.618602|10.042568|3615.200000|-1.464749|0.025641|-22867629.343325|0.003095|11.639435|-1.304232|0.639780|13.800000|-4.000000|5671819.131868|0.621246|-0.000000|7.605516|-1.182776|-0.041646|0.053532|0.071401|21240.424526|-0.467068|-1.298018|-4.456032|-0.859601|0.384030|-6.001351|-0.096441|-1.506366|-1172.734037|-103022208.739985|-104.408077|207291.302560|-0.000003|-519274.145547|-0.891621|0.038836|16.283629|0.016872|-2.091331|8.091667|0.090856|-1.298018|-56.737581
1445|-20258933.804946|-0.512916|-1.464749|11.800000|-9.729065|14.689726|-2.618602|10.042568|3615.200000|-1.464749|0.025641|-21601757.128733|0.003095|11.639435|-1.304795|0.553570|15.800000|-4.000000|5672238.313325|0.621246|-0.000000|11.682834|-1.174191|-0.040898|0.053532|0.069552|21012.263953|-0.471044|-1.297834|-5.168980|-0.828091|0.384030|-6.001351|-0.103554|-1.506366|-1174.002710|-103022208.739985|-76.897078|207291.302560|-0.000003|-519274.145547|-0.894630|0.039126|15.975965|0.017057|-2.091331|8.091667|0.090856|-1.297834|-56.737581
1446|-22739497.861602|-0.375277|-1.464749|11.800000|-9.729065|14.689726|-2.618602|10.042568|3615.200000|-1.464749|0.025641|-24574046.058520|0.003095|11.639435|-1.304866|0.413600|9.800000|-4.000000|5665488.514284|0.621246|-0.000000|12.491179|-0.889774|-0.040150|0.053532|0.067641|20463.821590|-0.473201|-1.297379|-5.442758|-0.795306|0.384030|-6.001351|-0.115453|-1.506366|-1172.054963|-103022208.739985|-106.082511|207291.302560|-0.000003|-519274.145547|-0.888841|0.040738|15.672121|0.017261|-2.091331|7.308334|0.090856|-1.297379|-56.737581
1447|-23933537.078246|-0.197765|-1.464749|11.800000|-9.729065|14.689726|-2.618602|10.042568|3615.200000|-1.464749|0.025641|-25939673.549079|0.003095|11.639435|-1.305112|0.212269|11.800000|-4.000000|5664591.888179|0.621246|-0.000000|12.124203|-0.817850|-0.039401|0.053532|0.066680|19920.550805|-0.486644|-1.295964|-4.810759|-0.760916|0.384030|-6.001351|-0.123018|-1.506366|-1173.247379|-103022208.739985|-89.772244|207291.302560|-0.000003|-519274.145547|-0.878773|0.041106|15.373489|0.017483|-2.091331|3.266667|0.090856|-1.295964|-56.737581
1448|-24495237.443494|0.053554|-1.464749|11.800000|-9.729065|14.689726|-2.618602|10.042568|3615.200000|-1.506366|0.025641|-27167153.740681|0.003095|11.639435|-1.305657|0.014866|15.600000|-4.000000|5573592.892498|0.621246|-0.000000|9.124585|-1.307489|-0.038653|0.053532|0.065908|19482.892200|-0.502307|-1.292232|-5.162033|-0.724127|0.384030|-6.001351|-0.130752|-1.506366|-1172.701944|-103022208.739985|-88.860789|207291.302560|-0.000003|-519274.145547|-0.868704|0.037986|15.081112|0.017744|-2.091331|5.108334|0.090856|-1.292232|-56.737581
1449|-25286081.544382|0.236338|-1.464749|11.800000|-9.729065|14.689726|-2.618602|10.042568|3615.200000|-1.506366|0.025641|-27660381.343719|0.003095|11.639435|-1.306351|-0.064764|14.200000|-4.000000|4903671.652979|0.621246|-0.000000|9.939340|-1.412171|-0.040009|0.053532|0.064993|19401.456796|-0.502307|-1.289614|-6.554125|-0.682385|0.384030|-6.001351|-0.135850|-1.506366|-1408.764449|-103022208.739985|-52.376311|207291.302560|-0.000003|-519274.145547|-0.858635|0.038677|14.795998|0.018091|-2.091331|0.566667|0.090856|-1.289614|-56.737581
1450|-23583361.506385|0.345551|-1.464749|11.800000|-9.729065|14.978762|-2.618602|10.042568|3615.200000|-1.506366|0.025641|-26009033.734174|0.003095|11.639435|-1.306065|-0.118724|4.800000|-4.000000|4231410.542098|0.621246|-0.000000|5.327708|-1.451322|-0.041959|0.053532|0.063790|19536.066690|-0.507200|-1.268755|-5.459813|-0.632154|0.384030|-6.001351|-0.135850|-1.506366|-1406.430563|-103022208.739985|-65.644686|207291.302560|-0.000003|-519274.145547|-0.848567|0.039367|14.518118|0.018460|-2.091331|1.500000|0.090856|-1.268755|-56.737581
1451|-18852617.989252|0.411731|-1.464749|11.800000|-9.729065|15.308343|-2.618602|10.042568|3615.200000|-1.506366|0.025641|-21973103.478534|0.003095|11.639435|-1.306133|-0.164733|9.800000|-4.000000|3757510.820841|0.621246|-0.000000|11.315735|-1.471897|-0.047737|0.053532|0.063006|19823.038970|-0.507200|-1.266268|-6.038524|-0.569082|0.384030|-6.001351|-0.135850|-1.506366|-1408.617419|-103022208.739985|-55.826441|207291.302560|-0.000003|-519274.145547|-0.840730|0.038505|14.244971|0.018840|-2.091331|1.500000|0.090856|-1.266268|-56.737581
1452|-11432838.000000|0.638728|-1.464749|11.800000|-9.729065|15.308343|-2.618602|9.861308|3615.200000|-1.506366|-0.270632|-14669297.346434|0.003095|11.639435|-1.307012|-0.202757|12.800000|-4.000000|3279678.765069|0.621246|-0.000000|10.189173|-1.605043|-0.053514|0.053532|0.062145|19703.789609|-0.505074|-1.275075|-8.188467|-0.486327|0.384030|-6.001351|-0.135850|-1.506366|-1408.546114|-103022208.739985|-44.450872|207291.302560|-0.000003|-519274.145547|-0.840410|0.039938|13.980594|0.019266|-2.091331|-0.500000|0.090856|-1.275075|-166.572671
1453|-17207426.644547|0.763013|-1.506366|11.800000|-9.729065|15.308343|-2.618602|9.861308|3615.200000|-1.506366|-0.593938|-20177839.045948|0.003095|11.639435|-1.307874|-0.278863|11.600000|-4.000000|2695068.845587|0.621246|-0.000000|9.219302|-2.154973|-0.059058|0.053532|0.061170|18507.099911|-0.504965|-1.291811|-14.725775|-0.373874|0.384030|-6.001351|-0.135850|-1.506366|-2784.733361|-103031817.656185|-25.284026|207291.302560|-0.000003|-519274.145547|-0.850548|0.041331|13.719354|0.019684|-2.091331|-2.500000|0.090856|-1.291811|-166.572671
1454|-12007536.278006|0.942804|-1.506366|11.800000|-9.729065|15.308343|-2.618602|8.481339|3615.200000|-1.506366|-0.593938|-14840432.263705|0.003095|11.639435|-1.308306|-0.406026|1.800000|-4.000000|1829708.467168|0.621246|-0.000000|4.667230|-2.501685|-0.064546|0.053532|0.060160|17566.241118|-0.506384|-1.300906|-13.268138|-0.222120|0.384030|-6.001351|-0.135850|-1.506366|-2783.185518|-103430890.904055|-30.409322|207291.302560|-0.000003|-519274.145547|-0.860686|0.042450|13.459084|0.020141|-2.091331|0.141667|0.090856|-1.300906|-166.572671
1455|-11120763.872806|1.084378|-1.506366|11.800000|-9.729065|15.308343|-2.618602|7.135900|3615.200000|-1.506366|-0.593938|-14819862.056376|-0.036085|11.639435|-1.308099|-0.462576|-0.800000|-4.000000|1541065.360700|0.621246|-0.000000|10.320923|-2.904489|-0.063262|0.053532|0.059664|15819.360809|-0.512761|-1.303995|-12.887045|-0.024351|0.384030|-6.001351|-0.135850|-1.506366|-2782.613904|-103430890.904055|-36.387448|207291.302560|-0.000003|-519274.145547|-0.870823|0.037748|13.199533|0.020575|-2.091331|0.041667|0.090856|-1.303995|-166.572671
1456|-10903793.765716|1.290316|-1.506366|11.800000|-9.729065|15.017712|-2.618602|6.299550|3615.200000|-1.506366|-0.593938|-15353372.771800|-0.038972|11.639435|-1.308207|-0.305378|5.000000|-4.000000|1444183.788530|0.621246|-0.000000|0.511448|-3.163722|-0.060568|0.053532|0.059380|14800.192214|-0.513016|-1.301136|-13.121264|0.225557|0.384030|-6.001351|-0.143643|-1.506366|-2783.662458|-103430890.904055|-34.851006|207291.302560|-0.000003|-519274.145547|-0.880961|0.032641|12.940471|0.021006|-2.091331|-1.325000|0.090856|-1.301136|-166.572671
1457|-16770510.238678|1.404369|-1.506366|11.800000|-9.729065|14.813071|-2.618602|5.923805|3615.200000|-1.506366|-0.593938|-21203652.778638|-0.038972|11.639435|-1.308260|-0.118017|0.800000|-4.000000|1344489.337043|0.621246|-0.000000|9.357382|-3.230032|-0.057874|0.053532|0.059119|15250.383793|-0.510478|-1.300202|-9.465163|0.522756|0.384030|-5.090030|-0.164643|-1.506366|-2782.870477|-103430890.904055|-36.815406|207291.302560|-0.000003|-519274.145547|-0.891098|0.032852|12.681574|0.021462|-2.091331|-1.541666|0.090856|-1.300202|-166.572671
1458|-25211162.000000|1.562876|-1.506366|11.600000|-9.729065|14.437444|-2.618602|5.923805|3615.200000|-1.506366|-0.593938|-29709866.031236|-0.038972|11.639435|-1.308287|0.131172|2.200000|-4.000000|1053445.929417|0.621246|-0.000000|10.165993|-3.290026|-0.055763|0.053532|0.058502|17091.647884|-0.505731|-1.301693|-7.939813|0.861761|0.384030|-3.646551|-0.182168|-1.506366|-2783.331488|-103430890.904055|-39.309154|207291.302560|-0.000003|-519274.145547|-0.901236|0.036085|12.423259|0.021942|-2.091331|-1.541666|0.090856|-1.301693|-166.572671
1459|-26841025.526094|1.667772|-1.506366|10.200000|-6.471574|14.288066|-2.618602|5.923805|3615.200000|-1.506366|-0.593938|-31400106.278527|-0.038972|11.639435|-1.308301|0.348725|1.600000|-4.000000|765258.323795|0.621246|-0.000000|8.751571|-3.534783|-0.053652|0.053532|0.057443|16999.262909|-0.502452|-1.303792|-4.468099|1.235632|0.384030|-2.753681|-0.193488|-1.506366|-2783.208056|-103430890.904055|-43.978369|207291.302560|-0.000003|-519274.145547|-0.911373|0.039867|12.165529|0.022428|-2.091331|-4.166666|0.090856|-1.303792|-166.572671
