859|nan|nan|nan|nan|nan|nan|nan|nan|nan|nan|nan|nan|nan|nan|nan|nan|nan|nan|nan|nan|nan|nan|nan|nan|nan|nan|nan|nan|nan|nan|nan|nan|nan|nan|nan|nan|nan|nan|nan|nan|nan|nan|nan|nan|nan|nan|nan|nan|nan|nan
900|nan|nan|nan|nan|nan|nan|nan|nan|nan|nan|nan|nan|nan|nan|nan|nan|nan|nan|nan|nan|nan|nan|nan|nan|nan|nan|nan|nan|nan|nan|nan|nan|nan|nan|nan|nan|nan|nan|nan|nan|nan|nan|nan|nan|nan|nan|nan|nan|nan|nan
901|nan|nan|nan|nan|nan|nan|nan|nan|nan|nan|nan|nan|nan|nan|nan|nan|nan|nan|nan|nan|nan|nan|nan|nan|nan|nan|nan|nan|nan|nan|nan|nan|nan|nan|nan|nan|nan|nan|nan|nan|nan|nan|nan|nan|nan|nan|nan|nan|nan|nan
902|nan|nan|nan|nan|nan|nan|nan|nan|nan|nan|nan|nan|nan|nan|nan|nan|nan|nan|nan|nan|nan|nan|nan|nan|nan|nan|nan|nan|nan|nan|nan|nan|nan|nan|nan|nan|nan|nan|nan|nan|nan|nan|nan|nan|nan|nan|nan|nan|nan|nan
903|nan|nan|nan|nan|nan|nan|nan|nan|nan|nan|nan|nan|nan|nan|nan|nan|nan|nan|nan|nan|nan|nan|nan|nan|nan|nan|nan|nan|nan|nan|nan|nan|nan|nan|nan|nan|nan|nan|nan|nan|nan|nan|nan|nan|nan|nan|nan|nan|nan|nan
904|nan|nan|nan|nan|nan|nan|nan|nan|nan|nan|nan|nan|nan|nan|nan|nan|nan|nan|nan|nan|nan|nan|nan|nan|nan|nan|nan|nan|nan|nan|nan|nan|nan|nan|nan|nan|nan|nan|nan|nan|nan|nan|nan|nan|nan|nan|nan|nan|nan|nan
905|nan|nan|nan|nan|nan|nan|nan|nan|nan|nan|nan|nan|nan|nan|nan|nan|nan|nan|nan|nan|nan|nan|nan|nan|nan|nan|nan|nan|nan|nan|nan|nan|nan|nan|nan|nan|nan|nan|nan|nan|nan|nan|nan|nan|nan|nan|nan|nan|nan|nan
906|nan|nan|nan|nan|nan|nan|nan|nan|nan|nan|nan|nan|nan|nan|nan|nan|nan|nan|nan|nan|nan|nan|nan|nan|nan|nan|nan|nan|nan|nan|nan|nan|nan|nan|nan|nan|nan|nan|nan|nan|nan|nan|nan|nan|nan|nan|nan|nan|nan|nan
907|nan|nan|nan|nan|nan|nan|nan|nan|nan|nan|nan|nan|nan|nan|nan|nan|nan|nan|nan|nan|nan|nan|nan|nan|nan|nan|nan|nan|nan|nan|nan|nan|nan|nan|nan|nan|nan|nan|nan|nan|nan|nan|nan|nan|nan|nan|nan|nan|nan|nan
908|nan|nan|nan|nan|nan|nan|nan|nan|nan|nan|nan|nan|nan|nan|nan|nan|nan|nan|nan|nan|nan|nan|nan|nan|nan|nan|nan|nan|nan|nan|nan|nan|nan|nan|nan|nan|nan|nan|nan|nan|nan|nan|nan|nan|nan|nan|nan|nan|nan|nan
909|nan|nan|nan|nan|nan|nan|nan|nan|nan|nan|nan|nan|nan|nan|nan|nan|nan|nan|nan|nan|nan|nan|nan|nan|nan|nan|nan|nan|nan|nan|nan|nan|nan|nan|nan|nan|nan|nan|nan|nan|nan|nan|nan|nan|nan|nan|nan|nan|nan|nan
910|nan|nan|nan|nan|nan|nan|nan|nan|nan|nan|nan|nan|nan|nan|nan|nan|nan|nan|nan|nan|nan|nan|nan|nan|nan|nan|nan|nan|nan|nan|nan|nan|nan|nan|nan|nan|nan|nan|nan|nan|nan|nan|nan|nan|nan|nan|nan|nan|nan|nan
911|nan|nan|nan|nan|nan|nan|nan|nan|nan|nan|nan|nan|nan|nan|nan|nan|nan|nan|nan|nan|nan|nan|nan|nan|nan|nan|nan|nan|nan|nan|nan|nan|nan|nan|nan|nan|nan|nan|nan|nan|nan|nan|nan|nan|nan|nan|nan|nan|nan|nan
912|nan|nan|nan|nan|nan|nan|nan|nan|nan|nan|nan|nan|nan|nan|nan|nan|nan|nan|nan|nan|nan|nan|nan|nan|nan|nan|nan|nan|nan|nan|nan|nan|nan|nan|nan|nan|nan|nan|nan|nan|nan|nan|nan|nan|nan|nan|nan|nan|nan|nan
913|nan|nan|nan|nan|nan|nan|nan|nan|nan|nan|nan|nan|nan|nan|nan|nan|nan|nan|nan|nan|nan|nan|nan|nan|nan|nan|nan|nan|nan|nan|nan|nan|nan|nan|nan|nan|nan|nan|nan|nan|nan|nan|nan|nan|nan|nan|nan|nan|nan|nan
914|nan|nan|nan|nan|nan|nan|nan|nan|nan|nan|nan|nan|nan|nan|nan|nan|nan|nan|nan|nan|nan|nan|nan|nan|nan|nan|nan|nan|nan|nan|nan|nan|nan|nan|nan|nan|nan|nan|nan|nan|nan|nan|nan|nan|nan|nan|nan|nan|nan|nan
915|nan|nan|nan|nan|nan|nan|nan|nan|nan|nan|nan|nan|nan|nan|nan|nan|nan|nan|nan|nan|nan|nan|nan|nan|nan|nan|nan|nan|nan|nan|nan|nan|nan|nan|nan|nan|nan|nan|nan|nan|nan|nan|nan|nan|nan|nan|nan|nan|nan|nan
916|nan|nan|nan|nan|nan|nan|nan|nan|nan|nan|nan|nan|nan|nan|nan|nan|nan|nan|nan|nan|nan|nan|nan|nan|nan|nan|nan|nan|nan|nan|nan|nan|nan|nan|nan|nan|nan|nan|nan|nan|nan|nan|nan|nan|nan|nan|nan|nan|nan|nan
917|nan|nan|nan|nan|nan|nan|nan|nan|nan|nan|nan|nan|nan|nan|nan|nan|nan|nan|nan|nan|nan|nan|nan|nan|nan|nan|nan|nan|nan|nan|nan|nan|nan|nan|nan|nan|nan|nan|nan|nan|nan|nan|nan|nan|nan|nan|nan|nan|nan|nan
918|nan|nan|nan|nan|nan|nan|nan|nan|nan|nan|nan|nan|nan|nan|nan|nan|nan|nan|nan|nan|nan|nan|nan|nan|nan|nan|nan|nan|nan|nan|nan|nan|nan|nan|nan|nan|nan|nan|nan|nan|nan|nan|nan|nan|nan|nan|nan|nan|nan|nan
919|nan|nan|nan|nan|nan|nan|nan|nan|nan|nan|nan|nan|nan|nan|nan|nan|nan|nan|nan|nan|nan|nan|nan|nan|nan|nan|nan|nan|nan|nan|nan|nan|nan|nan|nan|nan|nan|nan|nan|nan|nan|nan|nan|nan|nan|nan|nan|nan|nan|nan
920|nan|nan|nan|nan|nan|nan|nan|nan|nan|nan|nan|nan|nan|nan|nan|nan|nan|nan|nan|nan|nan|nan|nan|nan|nan|nan|nan|nan|nan|nan|nan|nan|nan|nan|nan|nan|nan|nan|nan|nan|nan|nan|nan|nan|nan|nan|nan|nan|nan|nan
921|nan|nan|nan|nan|nan|nan|nan|nan|nan|nan|nan|nan|nan|nan|nan|nan|nan|nan|nan|nan|nan|nan|nan|nan|nan|nan|nan|nan|nan|nan|nan|nan|nan|nan|nan|nan|nan|nan|nan|nan|nan|nan|nan|nan|nan|nan|nan|nan|nan|nan
922|nan|nan|nan|nan|nan|nan|nan|nan|nan|nan|nan|nan|nan|nan|nan|nan|nan|nan|nan|nan|nan|nan|nan|nan|nan|nan|nan|nan|nan|nan|nan|nan|nan|nan|nan|nan|nan|nan|nan|nan|nan|nan|nan|nan|nan|nan|nan|nan|nan|nan
923|nan|nan|nan|nan|nan|nan|nan|nan|nan|nan|nan|nan|nan|nan|nan|nan|nan|nan|nan|nan|nan|nan|nan|nan|nan|nan|nan|nan|nan|nan|nan|nan|nan|nan|nan|nan|nan|nan|nan|nan|nan|nan|nan|nan|nan|nan|nan|nan|nan|nan
924|nan|nan|nan|nan|nan|nan|nan|nan|nan|nan|nan|nan|nan|nan|nan|nan|nan|nan|nan|nan|nan|nan|nan|nan|nan|nan|nan|nan|nan|nan|nan|nan|nan|nan|nan|nan|nan|nan|nan|nan|nan|nan|nan|nan|nan|nan|nan|nan|nan|nan
925|nan|nan|nan|nan|nan|nan|nan|nan|nan|nan|nan|nan|nan|nan|nan|nan|nan|nan|nan|nan|nan|nan|nan|nan|nan|nan|nan|nan|nan|nan|nan|nan|nan|nan|nan|nan|nan|nan|nan|nan|nan|nan|nan|nan|nan|nan|nan|nan|nan|nan
926|nan|nan|nan|nan|nan|nan|nan|nan|nan|nan|nan|nan|nan|nan|nan|nan|nan|nan|nan|nan|nan|nan|nan|nan|nan|nan|nan|nan|nan|nan|nan|nan|nan|nan|nan|nan|nan|nan|nan|nan|nan|nan|nan|nan|nan|nan|nan|nan|nan|nan
927|nan|nan|nan|nan|nan|nan|nan|nan|nan|nan|nan|nan|nan|nan|nan|nan|nan|nan|nan|nan|nan|nan|nan|nan|nan|nan|nan|nan|nan|nan|nan|nan|nan|nan|nan|nan|nan|nan|nan|nan|nan|nan|nan|nan|nan|nan|nan|nan|nan|nan
928|nan|nan|nan|nan|nan|nan|nan|nan|nan|nan|nan|nan|nan|nan|nan|nan|nan|nan|nan|nan|nan|nan|nan|nan|nan|nan|nan|nan|nan|nan|nan|nan|nan|nan|nan|nan|nan|nan|nan|nan|nan|nan|nan|nan|nan|nan|nan|nan|nan|nan
929|nan|nan|nan|nan|nan|nan|nan|nan|nan|nan|nan|nan|nan|nan|nan|nan|nan|nan|nan|nan|nan|nan|nan|nan|nan|nan|nan|nan|nan|nan|nan|nan|nan|nan|nan|nan|nan|nan|nan|nan|nan|nan|nan|nan|nan|nan|nan|nan|nan|nan
930|nan|nan|nan|nan|nan|nan|nan|nan|nan|nan|nan|nan|nan|nan|nan|nan|nan|nan|nan|nan|nan|nan|nan|nan|nan|nan|nan|nan|nan|nan|nan|nan|nan|nan|nan|nan|nan|nan|nan|nan|nan|nan|nan|nan|nan|nan|nan|nan|nan|nan
931|nan|nan|nan|nan|nan|nan|nan|nan|nan|nan|nan|nan|nan|nan|nan|nan|nan|nan|nan|nan|nan|nan|nan|nan|nan|nan|nan|nan|nan|nan|nan|nan|nan|nan|nan|nan|nan|nan|nan|nan|nan|nan|nan|nan|nan|nan|nan|nan|nan|nan
932|nan|nan|nan|nan|nan|nan|nan|nan|nan|nan|nan|nan|nan|nan|nan|nan|nan|nan|nan|nan|nan|nan|nan|nan|nan|nan|nan|nan|nan|nan|nan|nan|nan|nan|nan|nan|nan|nan|nan|nan|nan|nan|nan|nan|nan|nan|nan|nan|nan|nan
933|nan|nan|nan|nan|nan|nan|nan|nan|nan|nan|nan|nan|nan|nan|nan|nan|nan|nan|nan|nan|nan|nan|nan|nan|nan|nan|nan|nan|nan|nan|nan|nan|nan|nan|nan|nan|nan|nan|nan|nan|nan|nan|nan|nan|nan|nan|nan|nan|nan|nan
934|nan|nan|nan|nan|nan|nan|nan|nan|nan|nan|nan|nan|nan|nan|nan|nan|nan|nan|nan|nan|nan|nan|nan|nan|nan|nan|nan|nan|nan|nan|nan|nan|nan|nan|nan|nan|nan|nan|nan|nan|nan|nan|nan|nan|nan|nan|nan|nan|nan|nan
935|nan|nan|nan|nan|nan|nan|nan|nan|nan|nan|nan|nan|nan|nan|nan|nan|nan|nan|nan|nan|nan|nan|nan|nan|nan|nan|nan|nan|nan|nan|nan|nan|nan|nan|nan|nan|nan|nan|nan|nan|nan|nan|nan|nan|nan|nan|nan|nan|nan|nan
936|nan|nan|nan|nan|nan|nan|nan|nan|nan|nan|nan|nan|nan|nan|nan|nan|nan|nan|nan|nan|nan|nan|nan|nan|nan|nan|nan|nan|nan|nan|nan|nan|nan|nan|nan|nan|nan|nan|nan|nan|nan|nan|nan|nan|nan|nan|nan|nan|nan|nan
937|nan|nan|nan|nan|nan|nan|nan|nan|nan|nan|nan|nan|nan|nan|nan|nan|nan|nan|nan|nan|nan|nan|nan|nan|nan|nan|nan|nan|nan|nan|nan|nan|nan|nan|nan|nan|nan|nan|nan|nan|nan|nan|nan|nan|nan|nan|nan|nan|nan|nan
938|nan|nan|nan|nan|nan|nan|nan|nan|nan|nan|nan|nan|nan|nan|nan|nan|nan|nan|nan|nan|nan|nan|nan|nan|nan|nan|nan|nan|nan|nan|nan|nan|nan|nan|nan|nan|nan|nan|nan|nan|nan|nan|nan|nan|nan|nan|nan|nan|nan|nan
939|nan|nan|nan|nan|nan|nan|nan|nan|nan|nan|nan|nan|nan|nan|nan|nan|nan|nan|nan|nan|nan|nan|nan|nan|nan|nan|nan|nan|nan|nan|nan|nan|nan|nan|nan|nan|nan|nan|nan|nan|nan|nan|nan|nan|nan|nan|nan|nan|nan|nan
940|nan|nan|nan|nan|nan|nan|nan|nan|nan|nan|nan|nan|nan|nan|nan|nan|nan|nan|nan|nan|nan|nan|nan|nan|nan|nan|nan|nan|nan|nan|nan|nan|nan|nan|nan|nan|nan|nan|nan|nan|nan|nan|nan|nan|nan|nan|nan|nan|nan|nan
941|nan|nan|nan|nan|nan|nan|nan|nan|nan|nan|nan|nan|nan|nan|nan|nan|nan|nan|nan|nan|nan|nan|nan|nan|nan|nan|nan|nan|nan|nan|nan|nan|nan|nan|nan|nan|nan|nan|nan|nan|nan|nan|nan|nan|nan|nan|nan|nan|nan|nan
942|nan|nan|nan|nan|nan|nan|nan|nan|nan|nan|nan|nan|nan|nan|nan|nan|nan|nan|nan|nan|nan|nan|nan|nan|nan|nan|nan|nan|nan|nan|nan|nan|nan|nan|nan|nan|nan|nan|nan|nan|nan|nan|nan|nan|nan|nan|nan|nan|nan|nan
943|nan|nan|nan|nan|nan|nan|nan|nan|nan|nan|nan|nan|nan|nan|nan|nan|nan|nan|nan|nan|nan|nan|nan|nan|nan|nan|nan|nan|nan|nan|nan|nan|nan|nan|nan|nan|nan|nan|nan|nan|nan|nan|nan|nan|nan|nan|nan|nan|nan|nan
944|nan|nan|nan|nan|nan|nan|nan|nan|nan|nan|nan|nan|nan|nan|nan|nan|nan|nan|nan|nan|nan|nan|nan|nan|nan|nan|nan|nan|nan|nan|nan|nan|nan|nan|nan|nan|nan|nan|nan|nan|nan|nan|nan|nan|nan|nan|nan|nan|nan|nan
945|nan|nan|nan|nan|nan|nan|nan|nan|nan|nan|nan|nan|nan|nan|nan|nan|nan|nan|nan|nan|nan|nan|nan|nan|nan|nan|nan|nan|nan|nan|nan|nan|nan|nan|nan|nan|nan|nan|nan|nan|nan|nan|nan|nan|nan|nan|nan|nan|nan|nan
946|nan|nan|nan|nan|nan|nan|nan|nan|nan|nan|nan|nan|nan|nan|nan|nan|nan|nan|nan|nan|nan|nan|nan|nan|nan|nan|nan|nan|nan|nan|nan|nan|nan|nan|nan|nan|nan|nan|nan|nan|nan|nan|nan|nan|nan|nan|nan|nan|nan|nan
947|nan|nan|nan|nan|nan|nan|nan|nan|nan|nan|nan|nan|nan|nan|nan|nan|nan|nan|nan|nan|nan|nan|nan|nan|nan|nan|nan|nan|nan|nan|nan|nan|nan|nan|nan|nan|nan|nan|nan|nan|nan|nan|nan|nan|nan|nan|nan|nan|nan|nan
948|nan|nan|nan|nan|nan|nan|nan|nan|nan|nan|nan|nan|nan|nan|nan|nan|nan|nan|nan|nan|nan|nan|nan|nan|nan|nan|nan|nan|nan|nan|nan|nan|nan|nan|nan|nan|nan|nan|nan|nan|nan|nan|nan|nan|nan|nan|nan|nan|nan|nan
949|nan|nan|nan|nan|nan|nan|nan|nan|nan|nan|nan|nan|nan|nan|nan|nan|nan|nan|nan|nan|nan|nan|nan|nan|nan|nan|nan|nan|nan|nan|nan|nan|nan|nan|nan|nan|nan|nan|nan|nan|nan|nan|nan|nan|nan|nan|nan|nan|nan|nan
950|nan|nan|nan|nan|nan|nan|nan|nan|nan|nan|nan|nan|nan|nan|nan|nan|nan|nan|nan|nan|nan|nan|nan|nan|nan|nan|nan|nan|nan|nan|nan|nan|nan|nan|nan|nan|nan|nan|nan|nan|nan|nan|nan|nan|nan|nan|nan|nan|nan|nan
951|nan|nan|nan|nan|nan|nan|nan|nan|nan|nan|nan|nan|nan|nan|nan|nan|nan|nan|nan|nan|nan|nan|nan|nan|nan|nan|nan|nan|nan|nan|nan|nan|nan|nan|nan|nan|nan|nan|nan|nan|nan|nan|nan|nan|nan|nan|nan|nan|nan|nan
952|nan|nan|nan|nan|nan|nan|nan|nan|nan|nan|nan|nan|nan|nan|nan|nan|nan|nan|nan|nan|nan|nan|nan|nan|nan|nan|nan|nan|nan|nan|nan|nan|nan|nan|nan|nan|nan|nan|nan|nan|nan|nan|nan|nan|nan|nan|nan|nan|nan|nan
953|nan|nan|nan|nan|nan|nan|nan|nan|nan|nan|nan|nan|nan|nan|nan|nan|nan|nan|nan|nan|nan|nan|nan|nan|nan|nan|nan|nan|nan|nan|nan|nan|nan|nan|nan|nan|nan|nan|nan|nan|nan|nan|nan|nan|nan|nan|nan|nan|nan|nan
954|nan|nan|nan|nan|nan|nan|nan|nan|nan|nan|nan|nan|nan|nan|nan|nan|nan|nan|nan|nan|nan|nan|nan|nan|nan|nan|nan|nan|nan|nan|nan|nan|nan|nan|nan|nan|nan|nan|nan|nan|nan|nan|nan|nan|nan|nan|nan|nan|nan|nan
955|nan|nan|nan|nan|nan|nan|nan|nan|nan|nan|nan|nan|nan|nan|nan|nan|nan|nan|nan|nan|nan|nan|nan|nan|nan|nan|nan|nan|nan|nan|nan|nan|nan|nan|nan|nan|nan|nan|nan|nan|nan|nan|nan|nan|nan|nan|nan|nan|nan|nan
956|nan|nan|nan|nan|nan|nan|nan|nan|nan|nan|nan|nan|nan|nan|nan|nan|nan|nan|nan|nan|nan|nan|nan|nan|nan|nan|nan|nan|nan|nan|nan|nan|nan|nan|nan|nan|nan|nan|nan|nan|nan|nan|nan|nan|nan|nan|nan|nan|nan|nan
957|nan|nan|nan|nan|nan|nan|nan|nan|nan|nan|nan|nan|nan|nan|nan|nan|nan|nan|nan|nan|nan|nan|nan|nan|nan|nan|nan|nan|nan|nan|nan|nan|nan|nan|nan|nan|nan|nan|nan|nan|nan|nan|nan|nan|nan|nan|nan|nan|nan|nan
958|nan|nan|nan|nan|nan|nan|nan|nan|nan|nan|nan|nan|nan|nan|nan|nan|nan|nan|nan|nan|nan|nan|nan|nan|nan|nan|nan|nan|nan|nan|nan|nan|nan|nan|nan|nan|nan|nan|nan|nan|nan|nan|nan|nan|nan|nan|nan|nan|nan|nan
959|nan|nan|nan|nan|nan|nan|nan|nan|nan|nan|nan|nan|nan|nan|nan|nan|nan|nan|nan|nan|nan|nan|nan|nan|nan|nan|nan|nan|nan|nan|nan|nan|nan|nan|nan|nan|nan|nan|nan|nan|nan|nan|nan|nan|nan|nan|nan|nan|nan|nan
1000|nan|nan|nan|nan|nan|nan|nan|nan|nan|nan|nan|nan|nan|nan|nan|nan|nan|nan|nan|nan|nan|nan|nan|nan|nan|nan|nan|nan|nan|nan|nan|nan|nan|nan|nan|nan|nan|nan|nan|nan|nan|nan|nan|nan|nan|nan|nan|nan|nan|nan
1001|nan|nan|nan|nan|nan|nan|nan|nan|nan|nan|nan|nan|nan|nan|nan|nan|nan|nan|nan|nan|nan|nan|nan|nan|nan|nan|nan|nan|nan|nan|nan|nan|nan|nan|nan|nan|nan|nan|nan|nan|nan|nan|nan|nan|nan|nan|nan|nan|nan|nan
1002|nan|nan|nan|nan|nan|nan|nan|nan|nan|nan|nan|nan|nan|nan|nan|nan|nan|nan|nan|nan|nan|nan|nan|nan|nan|nan|nan|nan|nan|nan|nan|nan|nan|nan|nan|nan|nan|nan|nan|nan|nan|nan|nan|nan|nan|nan|nan|nan|nan|nan
1003|nan|nan|nan|nan|nan|nan|nan|nan|nan|nan|nan|nan|nan|nan|nan|nan|nan|nan|nan|nan|nan|nan|nan|nan|nan|nan|nan|nan|nan|nan|nan|nan|nan|nan|nan|nan|nan|nan|nan|nan|nan|nan|nan|nan|nan|nan|nan|nan|nan|nan
1004|nan|nan|nan|nan|nan|nan|nan|nan|nan|nan|nan|nan|nan|nan|nan|nan|nan|nan|nan|nan|nan|nan|nan|nan|nan|nan|nan|nan|nan|nan|nan|nan|nan|nan|nan|nan|nan|nan|nan|nan|nan|nan|nan|nan|nan|nan|nan|nan|nan|nan
1005|nan|nan|nan|nan|nan|nan|nan|nan|nan|nan|nan|nan|nan|nan|nan|nan|nan|nan|nan|nan|nan|nan|nan|nan|nan|nan|nan|nan|nan|nan|nan|nan|nan|nan|nan|nan|nan|nan|nan|nan|nan|nan|nan|nan|nan|nan|nan|nan|nan|nan
1006|nan|nan|nan|nan|nan|nan|nan|nan|nan|nan|nan|nan|nan|nan|nan|nan|nan|nan|nan|nan|nan|nan|nan|nan|nan|nan|nan|nan|nan|nan|nan|nan|nan|nan|nan|nan|nan|nan|nan|nan|nan|nan|nan|nan|nan|nan|nan|nan|nan|nan
1007|nan|nan|nan|nan|nan|nan|nan|nan|nan|nan|nan|nan|nan|nan|nan|nan|nan|nan|nan|nan|nan|nan|nan|nan|nan|nan|nan|nan|nan|nan|nan|nan|nan|nan|nan|nan|nan|nan|nan|nan|nan|nan|nan|nan|nan|nan|nan|nan|nan|nan
1008|nan|nan|nan|nan|nan|nan|nan|nan|nan|nan|nan|nan|nan|nan|nan|nan|nan|nan|nan|nan|nan|nan|nan|nan|nan|nan|nan|nan|nan|nan|nan|nan|nan|nan|nan|nan|nan|nan|nan|nan|nan|nan|nan|nan|nan|nan|nan|nan|nan|nan
1009|nan|nan|nan|nan|nan|nan|nan|nan|nan|nan|nan|nan|nan|nan|nan|nan|nan|nan|nan|nan|nan|nan|nan|nan|nan|nan|nan|nan|nan|nan|nan|nan|nan|nan|nan|nan|nan|nan|nan|nan|nan|nan|nan|nan|nan|nan|nan|nan|nan|nan
1010|nan|nan|nan|nan|nan|nan|nan|nan|nan|nan|nan|nan|nan|nan|nan|nan|nan|nan|nan|nan|nan|nan|nan|nan|nan|nan|nan|nan|nan|nan|nan|nan|nan|nan|nan|nan|nan|nan|nan|nan|nan|nan|nan|nan|nan|nan|nan|nan|nan|nan
1011|nan|nan|nan|nan|nan|nan|nan|nan|nan|nan|nan|nan|nan|nan|nan|nan|nan|nan|nan|nan|nan|nan|nan|nan|nan|nan|nan|nan|nan|nan|nan|nan|nan|nan|nan|nan|nan|nan|nan|nan|nan|nan|nan|nan|nan|nan|nan|nan|nan|nan
1012|nan|nan|nan|nan|nan|nan|nan|nan|nan|nan|nan|nan|nan|nan|nan|nan|nan|nan|nan|nan|nan|nan|nan|nan|nan|nan|nan|nan|nan|nan|nan|nan|nan|nan|nan|nan|nan|nan|nan|nan|nan|nan|nan|nan|nan|nan|nan|nan|nan|nan
1013|nan|nan|nan|nan|nan|nan|nan|nan|nan|nan|nan|nan|nan|nan|nan|nan|nan|nan|nan|nan|nan|nan|nan|nan|nan|nan|nan|nan|nan|0.000000|nan|nan|nan|nan|nan|nan|nan|nan|nan|nan|nan|nan|nan|nan|nan|nan|nan|nan|nan|nan
1014|nan|nan|nan|nan|nan|nan|nan|nan|nan|nan|nan|nan|nan|nan|nan|nan|nan|nan|nan|nan|nan|nan|nan|nan|nan|nan|nan|nan|nan|-21.409508|nan|nan|nan|nan|nan|nan|nan|nan|nan|nan|nan|nan|nan|nan|nan|nan|nan|nan|nan|nan
1030|nan|nan|nan|nan|nan|nan|nan|nan|nan|nan|nan|nan|nan|nan|nan|nan|nan|nan|nan|nan|nan|nan|nan|nan|nan|nan|nan|nan|nan|-28.882558|nan|nan|nan|nan|nan|nan|nan|nan|nan|nan|nan|nan|nan|nan|nan|nan|nan|nan|nan|nan
1031|nan|nan|nan|nan|nan|nan|nan|nan|nan|nan|nan|nan|nan|nan|nan|nan|nan|nan|nan|nan|nan|nan|nan|nan|nan|nan|nan|nan|nan|0.774820|nan|nan|nan|nan|nan|nan|nan|nan|nan|nan|nan|nan|nan|nan|nan|nan|nan|nan|nan|nan
1032|nan|nan|nan|nan|nan|nan|nan|nan|nan|nan|nan|nan|nan|nan|nan|nan|nan|nan|nan|nan|nan|nan|nan|nan|nan|nan|nan|nan|nan|0.619856|nan|nan|nan|nan|nan|nan|nan|nan|nan|nan|nan|nan|nan|nan|nan|nan|nan|nan|nan|nan
1033|nan|nan|nan|nan|nan|nan|nan|nan|nan|nan|nan|nan|nan|nan|nan|nan|nan|nan|nan|nan|nan|nan|nan|nan|nan|nan|nan|nan|nan|-3.403651|nan|nan|nan|nan|nan|nan|nan|nan|nan|nan|nan|nan|nan|nan|nan|nan|nan|nan|nan|nan
1034|nan|nan|nan|nan|nan|nan|nan|nan|nan|nan|nan|nan|nan|nan|nan|nan|nan|nan|nan|nan|nan|nan|nan|nan|nan|nan|nan|nan|nan|-2.917415|nan|nan|nan|nan|nan|nan|nan|nan|nan|nan|nan|nan|nan|nan|nan|nan|nan|nan|nan|nan
1035|nan|nan|nan|nan|nan|nan|nan|nan|nan|nan|nan|nan|nan|nan|nan|nan|nan|nan|nan|nan|nan|nan|nan|nan|nan|nan|nan|nan|nan|-2.552738|nan|nan|nan|nan|nan|nan|nan|nan|nan|nan|nan|nan|nan|nan|nan|nan|nan|nan|nan|nan
1036|nan|nan|nan|nan|nan|nan|nan|nan|nan|nan|nan|nan|nan|nan|nan|nan|nan|nan|nan|nan|nan|nan|nan|nan|nan|nan|nan|nan|nan|-2.269101|nan|nan|nan|nan|nan|nan|nan|nan|nan|nan|nan|nan|nan|nan|nan|nan|nan|nan|nan|nan
1037|nan|nan|nan|nan|nan|nan|nan|nan|nan|nan|nan|nan|nan|nan|nan|nan|nan|nan|nan|nan|nan|nan|nan|nan|nan|nan|nan|nan|nan|-2.042191|nan|nan|nan|nan|nan|nan|nan|nan|nan|nan|nan|nan|nan|nan|nan|nan|nan|nan|nan|nan
1038|nan|nan|nan|nan|nan|nan|nan|nan|nan|nan|nan|nan|nan|nan|nan|nan|nan|nan|nan|nan|nan|nan|nan|nan|nan|nan|nan|nan|nan|7.294824|nan|nan|nan|nan|nan|nan|nan|nan|nan|nan|nan|nan|nan|nan|nan|nan|nan|nan|nan|nan
1039|nan|nan|nan|nan|nan|nan|nan|nan|nan|nan|nan|nan|nan|nan|nan|nan|nan|nan|nan|nan|nan|nan|nan|nan|nan|nan|nan|nan|nan|4.575057|nan|nan|nan|nan|nan|nan|nan|nan|nan|nan|nan|nan|nan|nan|nan|nan|nan|nan|nan|nan
1040|nan|nan|nan|nan|nan|nan|nan|nan|nan|nan|nan|nan|nan|nan|nan|nan|nan|nan|nan|nan|nan|nan|nan|nan|nan|nan|nan|nan|nan|2.259627|nan|nan|nan|nan|nan|nan|nan|nan|nan|nan|nan|nan|nan|nan|nan|nan|nan|nan|nan|nan
1041|nan|nan|nan|nan|nan|nan|nan|nan|nan|nan|nan|nan|nan|nan|nan|nan|nan|nan|nan|nan|nan|nan|nan|nan|nan|nan|nan|nan|nan|0.263585|nan|nan|nan|nan|nan|nan|nan|nan|nan|nan|nan|nan|nan|nan|nan|nan|nan|nan|nan|nan
1042|nan|nan|nan|nan|nan|nan|nan|nan|nan|nan|nan|nan|nan|nan|nan|nan|nan|nan|nan|nan|nan|nan|nan|nan|nan|nan|nan|nan|nan|1.968733|nan|nan|nan|nan|nan|nan|nan|nan|nan|nan|nan|nan|nan|nan|nan|nan|nan|nan|nan|nan
1043|nan|nan|nan|nan|nan|nan|nan|nan|nan|nan|nan|nan|nan|nan|nan|nan|nan|nan|nan|nan|nan|nan|nan|nan|nan|nan|nan|nan|nan|3.469934|nan|0.501106|nan|nan|nan|-283.145181|nan|nan|nan|nan|-232110.309850|nan|nan|18.801873|nan|-8.310096|nan|-0.360443|nan|nan
1044|nan|nan|nan|nan|nan|nan|nan|nan|nan|nan|nan|nan|nan|nan|nan|nan|nan|nan|nan|nan|nan|nan|nan|nan|nan|nan|nan|nan|nan|1.730255|nan|0.501106|nan|nan|nan|-283.671190|nan|nan|nan|nan|-232110.309850|nan|nan|18.749727|nan|-8.310096|nan|-0.360443|nan|nan
1045|nan|nan|nan|nan|nan|nan|nan|nan|nan|nan|nan|nan|nan|nan|nan|nan|nan|nan|nan|nan|nan|nan|nan|nan|nan|nan|nan|nan|nan|1.634130|nan|0.501106|nan|nan|nan|-282.270714|nan|nan|nan|nan|-232110.309850|nan|nan|18.708619|nan|-8.310096|nan|-0.360443|nan|nan
1046|nan|nan|nan|nan|nan|nan|nan|nan|nan|nan|nan|nan|nan|nan|nan|nan|nan|nan|nan|nan|nan|nan|nan|nan|nan|nan|nan|nan|nan|1.548123|nan|0.501106|nan|nan|nan|-283.662897|nan|nan|nan|nan|-232110.309850|nan|nan|18.659155|nan|-8.310096|nan|-0.360443|nan|nan
1047|nan|nan|nan|nan|nan|nan|nan|nan|nan|nan|nan|nan|nan|nan|nan|nan|nan|nan|nan|nan|nan|nan|nan|nan|nan|nan|nan|nan|nan|1.470717|nan|0.501106|nan|nan|nan|-283.033113|nan|nan|nan|nan|-232110.309850|nan|nan|18.606552|nan|-8.310096|nan|-0.360443|nan|nan
1048|nan|nan|nan|nan|nan|nan|nan|nan|nan|nan|nan|nan|nan|nan|nan|nan|nan|nan|nan|nan|nan|nan|nan|nan|nan|nan|nan|nan|nan|1.400683|nan|0.501106|nan|nan|nan|-282.905350|nan|nan|nan|nan|-232110.309850|nan|nan|18.553477|nan|-8.310096|nan|-0.360443|nan|nan
1049|nan|nan|nan|nan|nan|nan|nan|nan|nan|nan|nan|nan|nan|nan|nan|nan|nan|nan|nan|nan|nan|nan|nan|nan|nan|nan|nan|nan|nan|2.509615|nan|0.501106|nan|nan|nan|-282.122907|nan|nan|nan|nan|-232110.309850|nan|nan|18.499414|nan|-8.310096|nan|-0.360443|nan|nan
1050|nan|nan|nan|nan|nan|nan|nan|nan|nan|nan|nan|nan|nan|nan|nan|nan|nan|nan|nan|nan|nan|nan|nan|nan|nan|nan|nan|nan|nan|9.066265|nan|0.501106|nan|nan|nan|-281.737141|nan|nan|nan|nan|-232110.309850|nan|nan|18.444705|nan|-8.310096|nan|-0.228633|nan|nan
1051|nan|nan|nan|nan|nan|nan|nan|nan|nan|nan|nan|nan|nan|nan|nan|nan|nan|nan|nan|nan|nan|nan|nan|nan|nan|nan|nan|nan|nan|6.585618|nan|0.501106|nan|nan|nan|-283.831821|nan|nan|nan|nan|-232110.309850|nan|nan|18.389975|nan|-8.310096|nan|-0.196128|nan|nan
1052|nan|nan|nan|nan|nan|nan|nan|nan|nan|nan|nan|nan|nan|nan|nan|nan|nan|nan|nan|nan|nan|nan|nan|nan|nan|nan|nan|nan|nan|12.284448|nan|0.501106|nan|nan|nan|-323.801508|nan|nan|nan|nan|-232110.309850|nan|nan|18.335557|nan|-8.253137|nan|-0.097411|nan|nan
1053|nan|nan|nan|nan|nan|nan|nan|nan|nan|nan|nan|nan|nan|nan|nan|nan|nan|nan|nan|nan|nan|nan|nan|nan|nan|nan|nan|nan|nan|11.811969|nan|0.501106|nan|nan|nan|-324.736761|nan|nan|nan|nan|-232110.309850|nan|nan|18.282097|nan|-8.206534|nan|-0.097411|nan|nan
1054|nan|nan|nan|nan|nan|nan|nan|nan|nan|nan|nan|nan|nan|nan|nan|nan|nan|nan|nan|nan|nan|nan|nan|nan|nan|nan|nan|nan|nan|7.844384|nan|0.501106|nan|nan|nan|-326.225333|nan|nan|nan|nan|-232110.309850|nan|nan|18.230982|nan|-8.167699|nan|-0.097411|nan|nan
1055|nan|nan|nan|nan|nan|nan|nan|nan|nan|nan|nan|nan|nan|nan|nan|nan|nan|nan|nan|nan|nan|nan|nan|nan|nan|nan|nan|nan|nan|7.564228|nan|0.501106|nan|nan|nan|-324.652416|nan|nan|nan|nan|-232110.309850|nan|nan|18.182039|nan|-8.134838|nan|-0.097411|nan|nan
1056|nan|nan|nan|nan|nan|nan|nan|nan|nan|nan|nan|nan|nan|nan|nan|nan|nan|nan|nan|nan|nan|nan|nan|nan|nan|nan|nan|nan|nan|8.088980|nan|0.501106|nan|nan|nan|-324.583822|nan|nan|nan|nan|-232110.309850|nan|nan|18.135536|nan|-8.106671|nan|-0.097411|nan|nan
1057|nan|nan|nan|nan|nan|nan|nan|nan|nan|nan|nan|nan|nan|nan|nan|nan|nan|nan|nan|nan|nan|nan|nan|nan|nan|nan|nan|nan|nan|4.849450|nan|0.501106|nan|nan|nan|-324.883180|nan|nan|nan|nan|-232110.309850|nan|nan|18.091708|nan|-8.082261|nan|-0.097411|nan|nan
1058|nan|nan|nan|nan|nan|nan|nan|nan|nan|nan|nan|nan|nan|nan|nan|nan|nan|nan|nan|nan|nan|nan|nan|nan|0.002575|nan|nan|nan|nan|5.395285|nan|0.501106|nan|nan|nan|-323.046554|nan|nan|nan|nan|-232110.309850|nan|nan|18.049796|nan|-8.060901|nan|-0.097411|nan|-176.944575
1059|nan|nan|nan|nan|nan|nan|nan|nan|nan|nan|nan|nan|nan|nan|nan|nan|nan|nan|nan|nan|nan|nan|nan|nan|0.003297|nan|nan|nan|nan|5.891318|nan|0.501106|nan|nan|nan|-324.225600|nan|nan|nan|nan|-232110.309850|nan|nan|18.009904|nan|-8.042054|nan|-0.097411|nan|-176.944575
1100|nan|nan|nan|nan|nan|nan|nan|nan|nan|nan|nan|nan|nan|nan|nan|nan|nan|nan|nan|nan|nan|nan|nan|nan|0.003909|nan|nan|nan|nan|5.712793|nan|0.501106|nan|nan|nan|-323.276397|nan|nan|nan|nan|-232110.309850|nan|nan|17.969902|nan|-8.025302|nan|-0.097411|nan|-176.944575
1101|nan|nan|nan|nan|nan|nan|nan|nan|nan|nan|nan|nan|nan|nan|nan|nan|nan|nan|nan|nan|nan|nan|nan|nan|0.003909|nan|nan|nan|nan|4.356163|nan|0.501106|nan|nan|nan|-323.965358|nan|nan|nan|nan|-232110.309850|nan|nan|17.930564|nan|-8.010312|nan|-0.097411|nan|-176.944575
1102|nan|nan|nan|nan|nan|nan|nan|nan|nan|nan|nan|nan|nan|nan|nan|nan|nan|nan|nan|nan|nan|nan|nan|nan|0.003909|nan|nan|nan|nan|4.792899|nan|0.501106|nan|nan|nan|-323.916826|nan|nan|nan|nan|-232110.309850|nan|nan|17.891974|nan|-7.996822|nan|-0.097411|nan|-176.944575
1103|nan|nan|nan|nan|nan|nan|nan|nan|nan|nan|nan|nan|nan|nan|nan|nan|nan|nan|nan|nan|nan|nan|nan|nan|0.003909|nan|nan|nan|nan|4.659763|nan|0.501106|nan|nan|nan|-324.706644|nan|nan|nan|nan|-232110.309850|nan|nan|17.849451|nan|-7.984617|nan|-0.097411|nan|-176.944575
1104|nan|nan|nan|nan|nan|nan|nan|nan|nan|nan|nan|nan|nan|nan|nan|nan|nan|nan|nan|nan|nan|nan|nan|nan|0.004859|nan|nan|nan|nan|2.537899|nan|0.501106|nan|nan|nan|-324.689514|nan|nan|nan|nan|-232110.309850|nan|nan|17.801921|nan|-7.973521|nan|-0.097411|nan|-176.944575
1105|nan|nan|nan|nan|nan|nan|nan|nan|nan|nan|nan|nan|nan|nan|nan|nan|nan|nan|nan|nan|nan|nan|nan|nan|0.006990|nan|nan|nan|nan|2.471112|nan|0.501106|nan|nan|nan|-324.124303|nan|nan|nan|nan|-232110.309850|nan|nan|17.761517|nan|-7.963390|nan|-0.097411|nan|-176.944575
1106|nan|nan|nan|nan|nan|nan|nan|nan|nan|nan|nan|nan|nan|nan|nan|nan|nan|nan|nan|nan|nan|nan|nan|nan|0.009746|nan|nan|nan|nan|2.407751|nan|0.501106|nan|nan|nan|-324.320360|nan|nan|nan|nan|-232110.309850|nan|nan|17.726593|nan|-7.954103|nan|-0.097411|nan|-176.944575
1107|nan|nan|nan|nan|nan|nan|nan|nan|nan|nan|nan|nan|nan|nan|nan|nan|nan|nan|nan|nan|nan|nan|nan|nan|0.012104|nan|nan|nan|nan|2.347557|nan|0.501106|nan|nan|nan|-324.320360|nan|nan|nan|nan|-232110.309850|nan|nan|17.695722|nan|-7.945559|nan|-0.097411|nan|-176.944575
1108|nan|nan|nan|nan|nan|nan|nan|nan|nan|nan|nan|nan|nan|nan|nan|nan|nan|nan|nan|nan|nan|nan|nan|nan|0.014946|nan|nan|nan|nan|2.290299|nan|0.501106|nan|nan|nan|-324.320360|nan|nan|nan|nan|-232110.309850|nan|nan|17.666686|nan|-7.937673|nan|-0.097411|nan|-176.944575
1109|nan|nan|nan|nan|nan|nan|nan|nan|nan|nan|nan|nan|nan|nan|nan|nan|nan|nan|nan|nan|nan|nan|nan|nan|0.017356|nan|nan|nan|nan|-0.091013|nan|0.501106|nan|nan|nan|-584.084880|nan|nan|nan|nan|-232110.309850|nan|nan|17.639920|nan|-7.930370|nan|-0.097411|nan|-176.944575
1110|nan|nan|nan|nan|nan|nan|nan|nan|nan|nan|nan|nan|nan|nan|nan|nan|nan|nan|nan|nan|nan|nan|nan|nan|0.019460|nan|nan|nan|nan|0.281056|nan|0.501106|nan|nan|nan|-583.108259|nan|nan|nan|nan|-232110.309850|nan|nan|17.615525|nan|-7.923589|nan|-0.097411|nan|-176.944575
1111|nan|nan|nan|nan|nan|nan|nan|nan|nan|nan|nan|nan|nan|nan|nan|nan|nan|nan|nan|nan|nan|nan|nan|nan|0.021369|nan|nan|nan|nan|0.274669|nan|0.501106|nan|nan|nan|-583.355277|nan|nan|nan|nan|-232110.309850|nan|nan|17.593667|nan|-7.917276|nan|-0.097411|nan|-176.944575
1112|nan|nan|nan|nan|nan|nan|nan|nan|nan|nan|nan|nan|nan|nan|nan|nan|nan|nan|nan|nan|nan|nan|nan|nan|0.021475|nan|nan|nan|nan|0.268565|nan|0.501106|nan|nan|nan|-583.893310|nan|nan|nan|nan|-232110.309850|nan|nan|17.573870|nan|-7.911384|nan|-0.097411|nan|-176.944575
1113|nan|nan|nan|nan|nan|nan|nan|nan|2237.800000|nan|nan|-40552266.482659|nan|nan|nan|nan|nan|nan|nan|nan|nan|nan|nan|nan|0.023157|nan|nan|nan|nan|0.262727|nan|0.501106|nan|nan|nan|-583.893310|nan|nan|nan|nan|-232110.309850|nan|nan|17.556337|nan|-7.892398|nan|-0.097411|nan|-176.944575
1114|nan|nan|nan|nan|nan|nan|nan|nan|2237.800000|nan|nan|-41857074.297945|nan|nan|nan|nan|nan|nan|nan|nan|nan|nan|nan|nan|0.023785|nan|nan|nan|nan|0.257137|nan|0.501106|nan|nan|nan|-583.948761|nan|nan|nan|nan|-375766.429122|nan|nan|17.540852|nan|-7.873411|nan|-0.097411|nan|-176.944575
1115|nan|nan|nan|nan|nan|nan|nan|nan|2237.800000|nan|nan|-42914170.198398|nan|nan|nan|nan|nan|nan|nan|nan|nan|nan|nan|nan|0.024224|nan|nan|nan|nan|0.849225|nan|0.501106|nan|nan|nan|-583.494549|nan|nan|nan|nan|-375766.429122|nan|nan|17.527157|nan|-7.854425|nan|-0.097411|nan|-176.944575
1116|nan|nan|nan|nan|nan|nan|nan|nan|2237.800000|nan|nan|-41903310.893516|nan|nan|nan|nan|nan|nan|nan|nan|nan|nan|nan|nan|0.024224|nan|nan|nan|nan|0.831894|nan|0.501106|nan|nan|nan|-583.249444|nan|nan|nan|nan|-375766.429122|nan|nan|17.515194|nan|-7.835439|nan|-0.097411|nan|-176.944575
1117|nan|nan|nan|nan|nan|nan|nan|nan|2237.800000|nan|nan|-41973850.414958|nan|nan|nan|nan|nan|nan|nan|nan|nan|nan|nan|nan|0.024224|nan|nan|nan|nan|0.542187|nan|0.501106|nan|nan|nan|-582.778109|nan|nan|nan|nan|-375766.429122|nan|nan|17.505944|nan|-7.816452|nan|-0.097411|nan|-176.944575
1118|nan|nan|nan|nan|nan|nan|nan|nan|2237.800000|nan|nan|-42221047.504116|nan|nan|nan|nan|nan|nan|nan|nan|nan|nan|nan|-0.126175|0.029839|nan|nan|nan|nan|0.270858|nan|0.501106|nan|nan|nan|-583.267989|nan|nan|nan|nan|-375766.429122|nan|nan|17.499755|nan|-7.797466|nan|-0.037244|nan|-176.944575
1119|nan|nan|nan|nan|nan|nan|nan|nan|2237.800000|nan|nan|-43525820.781836|nan|nan|nan|nan|nan|nan|nan|nan|nan|nan|nan|-0.159411|0.032180|nan|nan|nan|nan|0.265650|nan|0.501106|nan|nan|nan|-583.893310|nan|nan|nan|nan|-375766.429122|nan|nan|17.496458|nan|-7.778480|nan|-0.037244|nan|-176.944575
1120|nan|nan|nan|nan|nan|nan|nan|nan|2237.800000|nan|nan|-42312194.189991|nan|nan|nan|nan|nan|nan|nan|nan|nan|nan|nan|-0.170490|0.034175|nan|nan|nan|nan|0.260637|nan|0.501106|nan|nan|nan|-583.893310|nan|nan|nan|nan|-375766.429122|nan|nan|17.495393|nan|-7.759493|nan|-0.037244|nan|-176.944575
1121|nan|nan|nan|nan|nan|nan|nan|nan|2237.800000|nan|nan|-39124736.059065|nan|nan|nan|nan|nan|nan|nan|nan|nan|nan|nan|-0.190503|0.035810|nan|nan|nan|nan|0.480878|nan|0.501106|nan|nan|nan|-583.896457|nan|nan|nan|nan|-375766.429122|nan|nan|17.496247|nan|-7.740507|nan|-0.037244|nan|-176.944575
1122|nan|nan|nan|nan|nan|nan|nan|nan|2237.800000|nan|nan|-35460681.683349|nan|nan|nan|nan|nan|nan|nan|nan|nan|nan|nan|-0.202511|0.035810|nan|nan|nan|nan|0.045235|nan|0.501106|nan|nan|nan|-584.452734|nan|nan|nan|nan|-375766.429122|nan|nan|17.498351|nan|-7.740507|nan|-0.037244|nan|-176.944575
1123|nan|nan|nan|-12.200000|nan|nan|nan|nan|2237.800000|nan|nan|-38117538.075893|nan|nan|nan|nan|nan|nan|nan|nan|nan|nan|nan|-0.210517|0.035810|nan|nan|nan|nan|0.044427|nan|0.501106|nan|nan|nan|-583.695225|nan|nan|nan|nan|-375766.429122|nan|nan|17.501158|nan|-7.740507|nan|-0.037244|nan|-176.944575
1124|nan|nan|nan|-12.200000|nan|nan|nan|nan|2237.800000|nan|nan|-38363800.726366|nan|nan|nan|nan|nan|nan|nan|nan|nan|nan|nan|-0.216966|0.035810|nan|nan|nan|nan|0.043648|nan|0.501106|nan|nan|nan|-584.297961|nan|nan|nan|nan|-375766.429122|nan|nan|17.504077|nan|-7.740507|nan|-0.037244|nan|-176.944575
1125|nan|nan|nan|-12.200000|nan|nan|nan|nan|2237.800000|nan|nan|-39091058.259184|nan|nan|nan|nan|nan|nan|nan|nan|nan|nan|nan|-0.221803|0.035810|nan|nan|nan|nan|-0.682655|nan|0.501106|nan|nan|nan|-584.180372|nan|nan|nan|nan|-375766.429122|nan|nan|17.506753|nan|-7.740507|nan|-0.037244|nan|-176.944575
1126|nan|nan|nan|-12.400000|nan|nan|nan|nan|2237.800000|nan|nan|-39483678.116773|nan|nan|nan|nan|nan|nan|nan|nan|nan|nan|nan|-0.225565|0.035810|nan|nan|nan|nan|0.357348|nan|0.501106|nan|nan|nan|-583.332441|nan|nan|nan|nan|-375766.429122|nan|nan|17.509547|nan|-7.740507|nan|-0.037244|nan|-176.944575
1127|nan|nan|nan|-14.200000|nan|nan|nan|nan|2237.800000|nan|nan|-38228827.304588|nan|nan|nan|nan|nan|nan|nan|nan|nan|nan|nan|-0.228575|0.035810|nan|nan|nan|nan|0.351392|nan|0.501106|nan|nan|nan|-583.758633|nan|nan|nan|nan|-375766.429122|nan|nan|17.512384|nan|-7.740507|nan|-0.037244|nan|-176.944575
1128|-38998708.378251|nan|nan|-15.200000|nan|nan|nan|0.331645|2237.800000|-1.294530|0.107486|-39461952.024117|nan|nan|nan|nan|-12.200000|nan|-6396755.585035|nan|nan|nan|nan|-0.231038|0.035810|nan|nan|-0.411733|nan|0.351392|nan|0.501106|-1.255888|-0.113699|-1.294530|-583.492182|-67429930.247771|nan|106410.591808|nan|-375766.429122|nan|nan|17.486820|nan|-7.740507|-18.200000|-0.037244|nan|-176.944575
1129|-39847132.004991|nan|nan|-15.800000|nan|nan|nan|0.331645|2237.800000|-1.294530|0.107486|-40069878.003196|nan|nan|nan|nan|-10.200000|nan|-6393716.699921|nan|nan|nan|nan|-0.233090|0.035810|nan|nan|-0.406874|nan|0.918890|nan|0.501106|-1.255888|-0.113699|-1.294530|-584.519182|-67438015.083257|nan|106410.591808|nan|-375766.429122|nan|nan|17.463529|nan|-7.740507|-18.200000|-0.037244|nan|-176.944575
1330|-37036000.650000|nan|nan|-15.800000|nan|nan|nan|0.331645|2237.800000|-1.294530|0.107486|-37314034.303999|nan|nan|nan|nan|-12.200000|nan|-6400133.633175|0.422138|nan|nan|nan|-0.234826|0.035810|nan|nan|-0.402115|nan|1.649367|nan|0.501106|-1.255888|-0.113699|-1.294530|-583.057195|-67438015.083257|nan|106410.591808|nan|-375766.429122|nan|nan|17.442266|nan|-7.740507|-22.200000|-0.037244|nan|-176.944575
1331|-37092697.985054|nan|nan|-15.800000|nan|nan|nan|0.331645|2237.800000|-1.294530|0.107486|-36999563.911352|nan|nan|nan|nan|-8.400000|nan|-6401555.672358|0.422138|nan|nan|nan|-0.234727|0.035810|nan|nan|-0.397526|nan|-0.362500|nan|0.501106|-1.255888|-0.112560|-1.294530|-583.967482|-67438015.083257|nan|106410.591808|nan|-375766.429122|nan|nan|17.424031|nan|-7.740507|-20.200000|-0.037244|nan|-176.944575
1332|-37005735.594836|nan|nan|-15.800000|nan|nan|nan|0.331645|2237.800000|-1.294530|0.107486|-36853604.985453|nan|nan|nan|nan|-12.200000|nan|-6401840.044786|0.422138|nan|nan|nan|-0.232705|0.035810|nan|nan|-0.397526|nan|-0.602643|nan|0.501106|-1.255888|-0.110392|-1.294530|-583.154224|-67438015.083257|nan|106410.591808|nan|-375766.429122|nan|nan|17.410572|nan|-7.740507|-20.200000|-0.037244|nan|-176.944575
1333|-37272514.801742|nan|nan|-15.800000|nan|nan|nan|-15.013270|2237.800000|-1.294530|0.107486|-37529972.863498|nan|nan|nan|nan|-15.200000|nan|-6402559.176728|0.422138|nan|nan|nan|-0.230936|0.035810|nan|nan|-0.393429|nan|-0.210623|nan|0.501106|-1.255888|-0.110392|-1.777767|-583.849647|-67438015.083257|nan|106410.591808|nan|-375766.429122|nan|nan|17.400941|nan|-7.740507|-18.200000|-0.037244|nan|-176.944575
1334|-38169631.553454|-8.204167|nan|-15.800000|nan|nan|nan|-17.739562|2237.800000|-1.294530|0.107486|-37857277.739919|nan|nan|nan|nan|-17.800000|nan|-6401052.137118|0.422138|nan|nan|nan|-0.229375|0.035810|nan|nan|-0.393429|nan|0.023477|nan|0.501106|-1.255888|-0.110392|-1.960841|-583.540091|-67438015.083257|nan|106410.591808|nan|-375766.429122|nan|nan|17.395295|nan|-7.740507|-20.200000|-0.037244|nan|-176.944575
1335|-36884526.500000|-4.702083|nan|-15.800000|nan|nan|nan|-19.359307|2237.800000|-1.294530|0.107486|-36827294.108246|nan|nan|nan|nan|-13.800000|nan|-6404749.022036|0.422138|nan|nan|nan|-0.224000|0.035810|nan|nan|-0.393429|nan|-0.215516|nan|0.501106|-1.255888|-0.110392|-1.960841|-584.104130|-67438015.083257|nan|106410.591808|nan|-375766.429122|nan|nan|17.393635|nan|-7.740507|-20.200000|-0.037244|nan|-176.944575
1336|-36302754.335002|-3.325000|nan|-15.800000|nan|nan|nan|-19.359307|2237.800000|-1.294530|0.107486|-36713206.299830|nan|nan|nan|nan|-17.800000|nan|-6406357.616515|0.422138|nan|nan|nan|-0.219191|0.035810|nan|nan|-0.393429|nan|-0.092101|nan|0.501106|-1.255888|-0.110392|-1.960841|-583.810588|-67438015.083257|nan|106410.591808|nan|-375766.429122|nan|nan|17.395897|nan|-7.740507|-18.200000|-0.037244|nan|-176.944575
1337|-37055469.198152|-2.156944|nan|-15.800000|nan|nan|nan|-19.359307|2237.800000|-1.294530|0.107486|-37854435.276219|nan|nan|nan|nan|-15.800000|nan|-6407594.065295|0.422138|nan|nan|nan|-0.214863|0.035810|nan|nan|-0.393429|nan|-0.092101|nan|0.501106|-1.294530|-0.110392|-1.960841|-584.363273|-67438015.083257|nan|106410.591808|nan|-720751.053624|nan|nan|17.402094|nan|-7.740507|-18.200000|-0.037244|nan|-176.944575
1338|-36840375.218402|-2.656389|nan|-15.800000|nan|nan|nan|-19.359307|2237.800000|-1.294530|0.107486|-37604764.075435|nan|nan|nan|nan|-17.800000|nan|-6406865.584387|0.422138|nan|nan|nan|-0.210948|0.035810|nan|nan|-0.389469|nan|-1.637891|nan|0.501106|-1.294530|-0.107734|-1.960841|-583.755384|-67438015.083257|nan|106410.591808|nan|-720751.053624|nan|nan|17.411307|nan|-7.740507|-18.200000|-0.037244|nan|-176.944575
1339|-36384834.236782|-2.669907|nan|-15.800000|nan|nan|nan|-20.037704|2237.800000|-1.294530|0.107486|-36014738.299452|nan|nan|nan|nan|-11.800000|nan|-6401779.709760|0.422138|nan|nan|nan|-0.207388|0.035810|nan|nan|-0.385749|nan|-2.040175|nan|0.501106|-1.294530|-0.105705|-1.960841|-585.090899|-67438015.083257|nan|106410.591808|nan|-720751.053624|nan|nan|17.422908|nan|-7.740507|-22.200000|-0.037244|nan|-176.944575
1340|-36465970.118410|-2.218254|nan|-15.800000|nan|nan|nan|-20.037704|2237.800000|-1.294530|0.107486|-35768556.763786|nan|nan|nan|nan|-17.800000|nan|-6401557.435884|0.422138|nan|nan|nan|-0.204138|0.035810|nan|nan|-0.382003|nan|-1.471575|nan|0.501106|-1.294530|-0.103707|-1.960841|-583.480231|-67438015.083257|nan|106410.591808|nan|-720751.053624|nan|nan|17.436709|nan|-7.740507|-18.200000|-0.037244|nan|-176.944575
1341|-37549523.768478|-2.550087|nan|-15.800000|nan|nan|nan|-20.037704|2237.800000|-1.294530|0.107486|-36963436.787537|nan|nan|nan|nan|-19.800000|nan|-6398303.629562|0.422138|nan|nan|nan|-0.201158|0.035810|nan|nan|-0.378098|nan|-0.451794|nan|0.501106|-1.294530|-0.101536|-1.960841|-583.613757|-67438015.083257|nan|106410.591808|nan|-720751.053624|nan|nan|17.451572|nan|-7.740507|-20.200000|-0.037244|nan|-176.944575
1342|-38960400.464778|-2.179707|nan|-15.800000|nan|nan|nan|-21.311358|2237.800000|-1.294530|0.107486|-38323023.848365|nan|nan|nan|nan|-13.800000|nan|-6395491.343127|0.422138|nan|nan|nan|-0.198417|0.035810|nan|nan|-0.374433|nan|-1.034965|nan|0.501106|-1.294530|-0.100268|-1.960841|-583.915099|-67438015.083257|nan|106410.591808|nan|-720751.053624|nan|nan|17.467072|nan|-7.740507|-18.200000|-0.037244|nan|-176.944575
1343|-29918041.887978|-2.187986|-1.294530|-15.800000|nan|-16.647158|-1.698735|-21.311358|2237.800000|-1.777767|0.107486|-29238062.898837|-0.002465|-13.114130|-0.796038|nan|-13.800000|nan|-6397541.973210|0.422138|nan|-13.802871|-11.095942|-0.195887|0.035810|nan|nan|-0.370760|-1.053784|-1.625359|-2.637364|0.501106|-1.294530|-0.098579|-1.960841|-584.103069|-67438015.083257|nan|106410.591808|-0.000003|-720751.053624|-0.826398|-0.188482|17.482653|-0.170495|-7.740507|-18.200000|-0.037244|-1.053784|-176.944575
1344|-31697330.981774|-2.203851|-1.294530|-15.800000|nan|-16.647158|-1.698735|-21.311358|2237.800000|-1.960841|0.107486|-31090069.933500|-0.002465|-13.114130|-0.795968|nan|-17.800000|2.000000|-6393910.454461|0.422138|nan|-14.329918|-11.192506|-0.193544|0.035810|nan|nan|-0.367781|-1.045783|-1.028340|-2.635775|0.501106|-1.294530|-0.094492|-1.960841|-583.916875|-67438015.083257|nan|106410.591808|-0.000003|-720751.053624|-0.810822|-0.190232|17.479952|-0.170315|-7.740507|-18.200000|-0.037244|-1.045783|-176.944575
1345|-31436997.445306|-2.341551|-1.294530|-15.800000|2.258541|-16.647158|-1.698735|-21.311358|2237.800000|-1.960841|0.107486|-31256078.331896|-0.002465|-13.432603|-0.796069|nan|-13.800000|2.000000|-6395983.956907|0.422138|nan|-13.340908|-11.165729|-0.191369|0.035810|nan|nan|-0.367781|-1.039423|-1.362081|-2.612936|0.501106|-1.294530|-0.092311|-1.960841|-582.909438|-67438015.083257|nan|106410.591808|-0.000003|-720751.053624|-0.795896|-0.188877|17.456555|-0.164433|-7.740507|-20.200000|-0.037244|-1.039423|-176.944575
1346|-31134492.834844|-2.110791|-1.294530|-15.800000|2.258541|-16.647158|-1.698735|-21.311358|2237.800000|-1.960841|0.107486|-31945323.403312|-0.002465|-13.432603|-0.796119|nan|-15.800000|2.000000|-6395583.565472|0.422138|nan|-12.552390|-11.000675|-0.189344|0.035810|nan|nan|-0.367781|-1.029825|-1.362081|-2.576761|0.501106|-1.294530|-0.085447|-1.960841|-583.843696|-67438015.083257|nan|106410.591808|-0.000003|-720751.053624|-0.781578|-0.189430|17.407899|-0.159913|-7.740507|-18.200000|-0.037244|-1.029825|-147.796246
1347|-32627575.404632|-2.096032|-1.294530|-15.800000|0.919832|-16.647158|-1.698735|-21.311358|2237.800000|-1.960841|0.107486|-34006383.215189|-0.002465|-13.432603|-0.796281|nan|-13.800000|2.000000|-6391383.501194|0.422138|nan|-14.227467|-10.988001|-0.187453|0.035810|nan|nan|-0.367781|-1.018349|-1.539183|-2.532869|0.501106|-1.294530|-0.077675|-1.960841|-584.421222|-67438015.083257|nan|106410.591808|-0.000003|-720751.053624|-0.767833|-0.188047|17.345031|-0.155042|-7.740507|-18.200000|-0.037244|-1.018349|-115.268035
1348|-22038454.448978|-2.075185|-1.777767|-15.600000|-21.075912|-16.647158|-1.698735|-21.311358|2237.800000|-1.960841|-1.035867|-23160423.844412|-0.002465|-13.432603|-1.270608|nan|-17.800000|2.000000|-6391096.870385|0.422138|nan|-15.392134|-12.809022|-0.187669|0.035810|nan|nan|-0.367781|-1.568421|-1.356788|-2.484565|0.501106|-1.294530|-0.072086|-1.960841|-583.956480|-67438015.083257|nan|106410.591808|-0.000004|-720751.053624|-0.787636|-0.187504|17.266666|-0.151106|-7.740507|-18.200000|-0.037244|-1.568421|-115.268035
1349|-18711554.953922|-2.039149|-1.960841|-14.600000|-21.075912|-16.647158|-2.882108|-21.311358|2237.800000|-1.960841|-1.224565|-18552172.709085|-0.002465|-13.432603|-1.270999|nan|-11.800000|0.000000|-6393623.977577|0.422138|nan|-16.491233|-13.720940|-0.185668|0.035810|nan|nan|-0.366907|-1.686016|-2.917032|-2.437520|0.501106|-1.294530|-0.036875|-1.960841|-584.064518|-67438015.083257|nan|106410.591808|-0.000005|-720751.053624|-0.810197|-0.186841|17.172751|-0.146732|-7.740507|-22.200000|-0.037244|-1.686016|-115.268035
1350|-12465077.802042|-2.106944|-1.960841|-13.600000|-21.075912|-16.647158|-2.882108|-21.311358|2237.800000|-1.960841|-1.224565|-11570853.409257|-0.002465|-13.432603|-1.271194|nan|-15.800000|0.000000|-6396126.887338|0.422138|nan|-20.348506|-14.447232|-0.183668|0.035810|nan|nan|-0.368538|-1.703037|-5.472241|-2.393680|0.501106|-1.294530|-0.020280|-1.960841|-582.521442|-67438015.083257|nan|106410.591808|-0.000005|-720751.053624|-0.831908|-0.186341|17.057775|-0.141721|-7.740507|-20.200000|-0.037244|-1.703037|-115.268035
1351|-14651375.051960|-2.106944|-1.960841|-12.800000|-21.075912|-16.647158|-2.882108|-21.311358|2237.800000|-1.960841|-1.224565|-14323764.109769|-0.002465|-13.432603|-1.271292|nan|-15.800000|0.000000|-6385944.179672|0.422138|nan|-16.555655|-15.104354|-0.179737|0.035810|nan|nan|-0.372349|-1.710324|-4.631087|-2.352492|0.501106|-1.294530|0.003973|-1.960841|-584.220254|-67438015.083257|nan|106410.591808|-0.000005|-720751.053624|-0.852814|-0.185282|16.921889|-0.136658|-7.740507|-20.200000|-0.037244|-1.710324|-115.268035
1352|-21891463.467718|-2.106944|-1.960841|-12.000000|-21.075912|-16.647158|-2.882108|-21.311358|2237.800000|-1.960841|-1.224565|-21862642.764855|-0.002465|-13.432603|-1.271776|nan|-11.800000|0.000000|-6369828.782000|0.422138|nan|-19.798023|-15.225053|-0.175807|0.035810|nan|nan|-0.373486|-1.695599|-7.955092|-2.311443|0.501106|-1.294530|0.013478|-1.960841|-583.474681|-67438015.083257|nan|106410.591808|-0.000005|-720751.053624|-0.872960|-0.184939|16.763142|-0.131314|-7.740507|-20.200000|-0.037244|-1.695599|-115.268035
1353|-21079357.684392|-2.106944|-1.960841|-11.200000|-21.075912|-16.607538|-2.882108|-21.311358|2237.800000|-1.960841|-1.224565|-21355818.369750|-0.002465|-13.432603|-1.272236|nan|-13.600000|0.000000|-6289539.206160|0.422138|nan|-17.958564|-15.377522|-0.171877|0.035810|nan|nan|-0.375179|-1.679663|-8.393403|-2.321810|0.501106|-1.294530|0.005587|-1.960841|-583.968396|-67438015.083257|nan|106410.591808|-0.000005|-720751.053624|-0.892386|-0.184423|16.591955|-0.126046|-7.740507|-20.200000|-0.037244|-1.679663|-115.268035
1354|-18152550.200000|-1.898380|-1.960841|-10.800000|-21.075912|-16.607538|-2.882108|-21.311358|2237.800000|-1.960841|-1.224565|-18653573.221005|-0.002465|-13.432603|-1.272466|nan|-14.600000|0.000000|-5884021.331061|0.422138|nan|-17.421256|-15.933315|-0.167776|0.035810|nan|nan|-0.372839|-1.663251|-6.804856|-2.317161|0.501106|-1.294530|0.001158|-1.960841|-583.672482|-66069073.100493|nan|106410.591808|-0.000005|-720751.053624|-0.911131|-0.184673|16.404687|-0.121326|-7.740507|-20.200000|-0.037244|-1.663251|-115.268035
1355|-18075611.731534|-1.880921|-1.960841|-10.200000|-21.075912|-16.607538|-2.882108|-21.311358|2237.800000|-1.960841|-1.224565|-18309490.327394|0.000070|-13.432603|-1.272581|nan|-13.600000|0.000000|-5481798.239704|0.422138|nan|-27.557935|-16.245699|-0.163675|0.035810|nan|nan|-0.375138|-1.647207|-6.804856|-2.295731|0.501106|-1.294530|-0.003768|-1.960841|-582.943696|-66035452.557326|nan|106410.591808|-0.000005|-720751.053624|-0.929229|-0.169482|16.200729|-0.116960|-7.740507|-20.200000|-0.037244|-1.647207|-115.268035
1356|-19549020.348198|-1.860521|-1.960841|-9.800000|-21.075912|-16.607538|-2.882108|-21.311358|2237.800000|-1.960841|-1.224565|-19410091.280299|0.000070|-13.859158|-1.272857|nan|-10.800000|0.000000|-5157033.682782|0.422138|nan|-18.017167|-16.295827|-0.159574|0.035810|nan|nan|-0.371961|-1.631982|-7.690091|-2.254959|0.501106|-1.294530|-0.009109|-1.960841|-585.013291|-65430838.921072|nan|106410.591808|-0.000005|-720751.053624|-0.946714|-0.163648|15.979559|-0.112691|-7.740507|-20.200000|-0.037244|-1.631982|-115.268035
1357|-17977443.834282|-1.860521|-1.960841|-9.200000|-21.075912|-16.607538|-2.882108|-21.311358|2237.800000|-1.960841|-1.224565|-17168961.729228|0.000070|-17.168786|-1.272994|nan|-12.000000|0.000000|-4834151.038067|0.422138|nan|-17.646219|-16.569683|-0.155473|0.035810|nan|nan|-0.359710|-1.617824|-6.205142|-2.193396|0.501106|-1.294530|-0.013120|-1.960841|-583.562061|-64970170.689182|nan|106410.591808|-0.000005|-720751.053624|-0.963617|-0.153420|15.737879|-0.108607|-7.740507|-18.200000|-0.037244|-1.617824|-115.268035
1358|-19900938.699204|-1.860521|-1.960841|-8.600000|-21.075912|-16.607538|-2.882108|-21.311358|2237.800000|-1.960841|-1.224565|-19032837.088489|0.000070|-17.168786|-1.273063|nan|-11.200000|0.000000|-4507297.426336|0.422138|-0.000000|-16.614965|-16.817457|-0.151372|0.035810|nan|-80450.858316|-0.353390|-1.706219|-6.567980|-2.108607|0.501106|-1.294530|-0.017406|-1.960841|-583.874422|-64970170.689182|-7046.371143|106410.591808|-0.000005|-720751.053624|-0.992554|-0.142624|15.470868|-0.104758|-7.740507|-20.200000|-0.037244|-1.706219|-115.268035
1359|-18961803.734208|-1.631448|-1.960841|-8.200000|-21.075912|-16.607538|-2.882108|-21.311358|2237.800000|-1.960841|-1.224565|-18536310.432596|0.000070|-17.168786|-1.272880|-0.188227|-12.800000|0.000000|-4348338.091950|0.422138|-0.000000|-21.900079|-17.325320|-0.147271|0.035810|nan|-79949.849817|-0.358289|-1.768871|-6.629292|-2.000988|0.501106|-1.294530|-0.023348|-1.960841|-583.028073|-60378665.542076|-8157.458337|106410.591808|-0.000005|-720751.053624|-1.021492|-0.129737|15.203576|-0.101175|-7.740507|-18.200000|-0.037244|-1.768871|-80.813544
1400|-16390023.531096|-1.476231|-1.960841|-7.400000|-21.075912|-16.607538|-2.882108|-21.311358|2237.800000|-1.960841|-1.224565|-16281591.811572|0.000070|-16.990215|-1.273006|-0.140911|-8.200000|0.000000|-4105477.915772|0.422138|-0.000000|-19.766825|-17.652185|-0.143170|0.035810|nan|-72152.759110|-0.360876|-1.797290|-7.243460|-1.869841|0.501106|-1.294530|-0.031223|-1.960841|-583.111233|-60091461.837106|-7201.909127|106410.591808|-0.000005|-720751.053624|-1.050429|-0.113437|14.935743|-0.097682|-7.740507|-20.200000|-0.037244|-1.797290|-62.887479
1401|-17737197.715302|-1.250272|-1.960841|-6.600000|-21.075912|-16.607538|-2.882108|-21.311358|2237.800000|-1.960841|-1.224565|-17753920.276409|0.006298|-16.930691|-1.272851|-0.140911|-11.800000|0.000000|-4021259.281194|0.422138|-0.000000|-19.727642|-17.888236|-0.139809|0.035810|nan|-67772.507413|-0.367027|-1.813740|-6.249211|-1.716327|0.501106|-1.294530|-0.034803|-1.960841|-583.522297|-57444521.597442|-5669.865929|106410.591808|-0.000005|-720751.053624|-1.079367|-0.101247|14.667272|-0.094204|-7.740507|-18.200000|-0.037244|-1.813740|-62.887479
1402|-19513606.467270|-1.051476|-1.960841|-6.200000|-21.075912|-16.607538|-2.882108|-21.311358|2237.800000|-1.960841|-1.224565|-19345282.917190|0.020726|-15.965196|-1.272556|-0.140911|-11.200000|0.000000|-3857372.381462|0.422138|-0.000000|-19.755214|-18.103120|-0.137417|0.035810|nan|-60985.327489|-0.366725|-1.807587|-6.242999|-1.545461|0.501106|-1.294530|-0.032177|-1.960841|-582.968402|-56852722.724696|-6608.915588|106410.591808|-0.000005|-720751.053624|-1.108304|-0.085854|14.397876|-0.090931|-7.740507|-18.200000|-0.037244|-1.807587|-62.887479
1403|-18923547.101376|-0.879583|-1.960841|-6.200000|-21.075912|-16.607538|-2.882108|-21.311358|2237.800000|-1.960841|-1.224565|-19006962.832575|-0.057742|-15.965196|-1.272408|-0.140911|-8.600000|0.000000|-3778160.552195|0.422138|-0.000000|-27.423272|-18.415531|-0.135025|0.035810|-0.056344|-57075.011126|-0.366725|-1.792738|-6.242999|-1.362349|0.501106|-1.777767|-0.029333|-1.960841|-584.010613|-56838689.370261|-6803.492409|106410.591808|-0.000005|-720751.053624|-1.137242|-0.072173|14.127210|-0.087840|-7.740507|-18.200000|-0.037244|-1.792738|-62.887479
1404|-22196516.234246|-0.879583|-1.960841|-5.800000|-21.075912|-16.574321|-2.882108|-21.311358|2237.800000|-1.960841|-1.224565|-22177196.800155|-0.057742|-15.965196|-1.272552|-0.140911|-6.200000|0.000000|-3692526.078740|0.422138|-0.000000|-17.662882|-18.550217|-0.132633|0.035810|-0.043724|-52325.131850|-0.357658|-1.793325|-5.727403|-1.172102|0.501106|-1.960841|-0.032302|-1.960841|-583.593392|-54646754.171051|-5785.996508|106410.591808|-0.000005|-720751.053624|-1.160065|-0.064294|13.855349|-0.084738|-7.740507|-20.200000|-0.037244|-1.793325|-62.887479
1405|-22266059.664896|-0.879583|-1.960841|-5.000000|-21.075912|-16.574321|-2.882108|-21.311358|2237.800000|-1.960841|-1.224565|-22223104.127196|-0.057742|-15.965196|-1.272624|-0.140911|-7.400000|0.000000|-3531191.115282|0.422138|-0.000000|-17.977964|-18.805955|-0.132633|0.035810|-0.041740|-44793.320128|-0.360693|-1.793343|-5.727403|-0.978812|0.501106|-1.960841|-0.045863|-1.960841|-583.908468|-54646754.171051|-6060.241962|106410.591808|-0.000005|-720751.053624|-1.176547|-0.056726|13.582229|-0.081748|-7.740507|-18.200000|-0.037244|-1.793343|-62.887479
1406|-22825596.101796|-0.664824|-1.960841|-4.400000|-21.075912|-16.547130|-2.882108|-21.311358|2237.800000|-1.960841|-1.224565|-22926558.076547|-0.057742|-15.965196|-1.272878|-0.140911|-4.600000|0.000000|-3290245.250745|0.422138|-0.000000|-20.983485|-18.908139|-0.132633|0.035810|-0.041489|-40268.757334|-0.363693|-1.794520|-6.107494|-0.787050|0.501106|-1.960841|-0.061454|-1.960841|-583.964299|-54646754.171051|-5926.789683|106410.591808|-0.000005|-720751.053624|-1.179383|-0.046567|13.308028|-0.078752|-7.740507|-18.200000|-0.037244|-1.794520|-62.887479
1407|-26104288.068174|-0.550000|-1.960841|-4.400000|-21.075912|-16.547130|-2.882108|-21.311358|2237.800000|-1.960841|-1.224565|-26231648.623391|-0.057742|-15.965196|-1.272569|-0.140911|-10.200000|0.000000|-3288773.303717|0.422138|-0.000000|-16.934705|-19.278410|-0.132633|0.035810|-0.037408|-34475.403969|-0.359762|-1.795153|-4.547164|-0.600021|0.501106|-1.960841|-0.078923|-1.960841|-583.199069|-54646754.171051|-6373.388243|106410.591808|-0.000005|-720751.053624|-1.176650|-0.039344|13.032668|-0.075800|-8.136082|-20.200000|-0.037244|-1.795153|-62.887479
1408|-26525488.501492|-0.339732|-1.960841|-4.400000|-21.075912|-16.435444|-2.882108|-21.311358|2237.800000|-1.960841|-1.224565|-26734056.873555|-0.057742|-15.965196|-1.272633|-0.140911|-4.200000|0.000000|-3608439.034133|0.422138|-0.000000|-18.415613|-18.822699|-0.132633|0.035810|-0.034678|-30681.638950|-0.358397|-1.795205|-4.946415|-0.421716|0.501106|-1.960841|-0.099985|-1.960841|-583.736824|-54646754.171051|-73.485379|106410.591808|-0.000005|-720751.053624|-1.173918|-0.032098|12.756297|-0.072783|-8.531656|-18.108333|-0.037244|-1.795205|-62.887479
1409|-27828624.416428|-0.308549|-1.960841|-4.400000|-21.075912|-15.762967|-2.882108|-21.311358|2237.800000|-1.960841|-1.224565|-28021010.548719|-0.057742|-15.965196|-1.272664|-0.140911|-5.800000|0.000000|-3686585.210485|0.422138|-0.000000|-15.690240|-17.773206|-0.132633|0.035810|-0.026960|-29022.241918|-0.359527|-1.795781|-3.317668|-0.253127|0.501106|-1.960841|-0.103607|-1.960841|-583.310484|-54646754.171051|-83.528656|106410.591808|-0.000005|-720751.053624|-1.168376|-0.025820|12.479886|-0.069750|-8.927230|-20.108333|-0.037244|-1.795781|-62.887479
1410|-27973128.831828|-0.028681|-1.960841|-4.400000|-21.075912|-15.154535|-2.882108|-21.311358|2237.800000|-1.960841|-1.224565|-28115235.827508|-0.057742|-15.965196|-1.272898|-0.140911|-5.000000|0.000000|-3526527.911760|0.422138|-0.000000|-15.764116|-16.716655|-0.132633|0.035810|-0.009628|-27389.904182|-0.360121|-1.775014|-3.582801|-0.096202|0.501106|-1.960841|-0.104323|-1.960841|-583.677189|-54646754.171051|-77.602470|106410.591808|-0.000005|-720751.053624|-1.150421|-0.016543|12.203480|-0.066894|-9.322805|-18.033333|-0.037244|-1.775014|-62.887479
1411|-30834710.500000|0.090502|-1.960841|-4.600000|-21.075912|-14.604049|-2.882108|-21.311358|2237.800000|-1.960841|-1.224565|-30707739.624564|-0.057742|-15.424134|-1.272579|-0.140911|-8.400000|0.000000|-3366364.619675|0.422138|-0.000000|-13.970438|-16.073145|-0.132633|0.035810|-0.001902|-24684.631642|-0.363737|-1.748753|-1.892692|0.048045|0.501106|-1.960841|-0.106896|-1.960841|-583.903299|-54646754.171051|-74.483796|106410.591808|-0.000005|-720751.053624|-1.129889|-0.008262|11.926678|-0.064202|-9.718379|-20.033333|-0.037244|-1.748753|-62.887479
1412|-31712009.114774|0.253038|-1.960841|-4.800000|-21.075912|-14.105990|-2.882108|-21.311358|2237.800000|-1.960841|-1.224565|-31506801.204270|-0.057742|-15.153603|-1.272420|-0.140911|-4.400000|0.000000|-3365694.428976|0.422138|-0.000000|-13.056873|-15.665314|-0.132633|0.035810|0.004352|-23722.225757|-0.363618|-1.725753|-1.892692|0.180856|0.501106|-1.960841|-0.106896|-1.960841|-582.918902|-54646754.171051|-93.484520|106410.591808|-0.000005|-720751.053624|-1.109334|-0.002192|11.649227|-0.061622|-10.113954|-17.825000|-0.037244|-1.725753|-471.212990
1413|-29092446.500270|0.253135|-1.960841|-5.000000|-21.075912|-13.655365|-2.882108|-21.311358|2237.800000|-1.960841|-1.224565|-29960508.702052|-0.057742|-15.018338|-1.272122|-0.140911|-6.400000|0.000000|-3366802.453926|0.422138|-0.000000|-15.626790|-15.360009|-0.132633|0.035810|0.008570|-22508.129459|-0.363618|-1.714637|-1.026531|0.317774|0.501106|-1.960841|-0.106896|-1.960841|-583.786258|-54646754.171051|-133.397449|106410.591808|-0.000005|-720751.053624|-1.088778|0.004404|11.370471|-0.059129|-10.509528|-18.758333|-0.037244|-1.714637|-471.212990
1414|-27373953.800000|0.248325|-1.960841|-5.200000|-21.075912|-13.438134|-2.882108|-21.311358|2237.800000|-1.960841|-1.224565|-29074045.505062|-0.057742|-14.416888|-1.272191|-0.140911|-4.400000|0.000000|-3367457.915235|0.422138|-0.000000|-12.745539|-15.612345|-0.132633|0.035810|0.010995|-20894.175623|-0.360318|-1.709944|-1.026531|0.458435|0.501106|-1.960841|-0.106896|-1.960841|-584.310933|-54646754.171051|-119.197427|106410.591808|-0.000005|-720751.053624|-1.069481|0.011816|11.090441|-0.056768|-10.905103|-17.550000|-0.037244|-1.709944|-471.212990
1415|-27529785.101838|0.338571|-1.960841|-5.600000|-21.075912|-13.241590|-2.882108|-21.311358|2237.800000|-1.960841|-1.224565|-29772113.572877|-0.057742|-14.416888|-1.272662|-0.197440|-0.400000|0.000000|-3366567.855298|0.422138|-0.000000|-24.243093|-15.598412|-0.132633|0.035810|0.011856|-18405.576825|-0.361125|-1.709658|-3.265287|0.603447|0.501106|-1.960841|-0.106896|-1.960841|-584.139759|-54646754.171051|-103.782095|106410.591808|-0.000005|-720751.053624|-1.050185|0.014781|10.809712|-0.054537|-11.300677|-16.383333|-0.037244|-1.709658|-471.212990
1416|-21643727.866190|0.323293|-1.960841|-5.800000|-21.075912|-13.063766|-2.882108|-21.311358|2237.800000|-1.960841|-1.224565|-23811399.771537|-0.057742|-14.266526|-1.273551|-0.183937|1.400000|-4.000000|-3372007.278859|0.422138|-0.000000|-13.434528|-15.555954|-0.132633|0.035810|0.013312|-15302.553862|-0.363762|-1.709497|-8.596292|0.752713|0.501106|-1.960841|-0.106896|-1.960841|-583.388597|-54646754.171051|-93.812089|106410.591808|-0.000005|-720751.053624|-1.030888|0.021690|10.525505|-0.052381|-11.696252|-19.825000|-0.037244|-1.709497|-471.212990
1417|-19550047.249170|0.381166|-1.960841|-6.200000|-21.075912|-12.902877|-2.882108|-21.311358|2237.800000|-1.960841|-1.224565|-18348058.956688|-0.057742|-14.266526|-1.273560|-0.164915|-8.800000|-4.000000|-3369901.062495|0.422138|-0.000000|-10.098806|-15.692124|-0.132633|0.035810|0.013936|-12673.683363|-0.367761|-1.709446|-6.576693|0.906594|0.501106|-1.960841|-0.106896|-1.960841|-583.211020|-54646754.171051|-110.264320|106410.591808|-0.000005|-720751.053624|-1.011592|0.021790|10.235552|-0.050269|-12.091826|-15.316666|-0.037244|-1.709446|-471.212990
1418|-19022620.868256|0.533635|-1.960841|-7.000000|-6.558946|-12.816889|-2.882108|-21.311358|3900.000000|-1.960841|-1.224565|-18096914.268179|-0.057742|-13.574799|-1.273564|-0.155591|-5.000000|-4.000000|-3290019.591100|0.422138|-0.000000|-11.729615|-15.369577|-0.128427|0.035810|0.013757|-10226.763348|-0.372848|-1.711639|-6.355101|1.065556|0.501106|-1.960841|-0.106896|-1.960841|-584.139287|-54646754.171051|-99.776907|106410.591808|-0.000005|-720751.053624|-0.992295|0.023150|9.941138|-0.048186|-12.487400|-13.316666|-0.037244|-1.711639|-471.212990
1419|-16430856.067265|0.607398|-1.960841|-7.400000|-6.558946|-12.167661|-2.882108|-21.311358|3900.000000|-1.960841|-1.224565|-15346410.903410|-0.057742|-10.228936|-1.273567|-0.155591|-5.200000|-4.000000|-3293446.857663|0.422138|-0.000000|-12.222423|-14.149971|-0.122006|0.035810|0.016715|-7069.621282|-0.376086|-1.711929|-6.355101|1.229933|0.501106|-1.960841|-0.106896|-1.960841|-583.872246|-54646754.171051|-96.214571|106410.591808|-0.000005|-720751.053624|-0.972999|0.025304|9.640757|-0.046201|-12.882975|-15.316666|-0.037244|-1.711929|-471.212990
1420|-16419173.850586|0.684297|-1.960841|-7.600000|-6.558946|-11.199313|-2.882108|-21.311358|4518.200000|-1.960841|-1.224565|-15530113.257139|-0.057742|-8.771142|-1.273568|-0.155591|-5.600000|-4.000000|-3291903.996748|0.422138|-0.000000|-36.512662|-11.886598|-0.115584|0.035810|0.024552|-5506.268815|-0.375146|-1.709642|-6.355101|1.400114|0.476243|-1.960841|-0.106896|-1.960841|-584.146080|-54646754.171051|-118.896928|106410.591808|-0.000005|-720751.053624|-0.953703|0.023628|9.333367|-0.044456|-13.278549|-15.316666|-0.037244|-1.709642|-471.212990
1421|-18833718.398782|0.849619|-1.960841|-7.600000|-6.558946|-10.513664|-2.882108|-21.311358|4518.200000|-1.960841|-1.224565|-18567289.966447|-0.057742|-8.771142|-1.273787|-0.155591|-3.800000|-4.000000|-3292680.273469|0.422138|-0.000000|-11.620328|-10.406130|-0.107233|0.035810|0.034265|-2607.111090|-0.375158|-1.716553|-7.018741|1.576482|0.476243|-1.960841|-0.106896|-1.960841|-584.365945|-54646754.171051|-102.112363|106410.591808|-0.000005|-720751.053624|-0.934406|0.019097|9.019039|-0.042868|-13.674124|-13.266667|-0.037244|-1.716553|-471.212990
1422|-22341346.868068|0.864112|-1.960841|-7.600000|-6.558946|-10.274267|-2.882108|-21.311358|4518.200000|-1.960841|-1.224565|-23229888.314361|-0.057742|-8.771142|-1.273678|-0.155591|-8.200000|-4.000000|-3373081.200215|0.422138|-0.000000|-10.618000|-9.859225|-0.098881|0.035810|0.043037|-711.177521|-0.378083|-1.722378|-5.699444|1.758928|0.476243|-1.960841|-0.106896|-1.960841|-584.277219|-54646754.171051|-113.127816|106410.591808|-0.000005|-720751.053624|-0.914466|0.019276|8.697843|-0.041471|-14.069698|-15.266667|-0.037244|-1.722378|-471.212990
1423|-27576488.282938|0.880063|-1.960841|-7.600000|-6.558946|-10.819575|-2.882108|-21.311358|4518.200000|-1.960841|-1.224565|-28751655.423875|-0.052256|-8.771142|-1.273405|-0.155591|-7.000000|-4.000000|-3450198.602379|0.422138|-0.000000|-12.593840|-9.366703|-0.090530|0.035810|0.046507|2643.936934|-0.381388|-1.726399|-5.699444|1.934108|0.476243|-1.960841|-0.106896|-1.960841|-582.878496|-54646754.171051|-134.053369|106410.591808|-0.000005|-720751.053624|-0.894525|0.018599|8.374513|-0.040230|-14.465273|-14.458333|-0.037244|-1.726399|-471.212990
1424|-29135323.667944|0.945478|-1.960841|-7.600000|-7.098679|-10.931996|-2.882108|-23.523606|4518.200000|-1.960841|-1.224565|-30598066.888106|-0.052256|-8.771142|-1.272832|-0.155591|-11.400000|-4.000000|-3688352.733419|0.422138|-0.000000|-18.068939|-9.167648|-0.082008|0.035810|0.047665|5914.589246|-0.383331|-1.720292|-3.826836|2.103655|0.476243|-1.960841|-0.106896|-1.960841|-582.548698|-54646754.171051|-174.003092|106410.591808|-0.000005|-720751.053624|-0.874585|0.017152|8.048621|-0.038965|-14.860847|-13.825000|-0.037244|-1.720292|-471.212990
1425|-28609167.868504|0.938449|-1.960841|-7.600000|-7.098679|-10.652759|-2.882108|-23.523606|4518.200000|-1.960841|-1.224565|-29917995.459117|-0.052256|-8.771142|-1.272764|-0.155591|-7.600000|-4.000000|-3768439.956657|0.422138|-0.000000|-13.160296|-8.280659|-0.073485|0.035810|0.049931|6861.394421|-0.381116|-1.715078|-3.125471|2.267045|0.476243|-1.960841|-0.106896|-1.960841|-584.147781|-54646754.171051|-157.404520|106410.591808|-0.000005|-720751.053624|-0.854644|0.016316|7.720519|-0.037746|-15.256422|-13.966667|-0.037244|-1.715078|-471.212990
1426|-28796383.700000|1.084579|-1.960841|-7.400000|-7.098679|-10.381122|-2.882108|-23.523606|4518.200000|-1.960841|-1.224565|-30132059.542517|-0.042820|-8.771142|-1.272948|-0.155591|-5.600000|-4.000000|-3768419.974533|0.422138|-0.000003|-13.917218|-7.366434|-0.064963|0.035810|0.054115|7243.822905|-0.380561|-1.715774|-4.607227|2.423290|0.476243|-1.960841|-0.106896|-1.960841|-583.882839|-54646754.171051|-159.850527|106410.591808|-0.000005|-720751.053624|-0.834704|0.018806|7.391710|-0.036661|-15.651996|-11.966667|-0.037244|-1.715774|-471.212990
1427|-30109381.800000|1.184198|-1.960841|-5.600000|-7.098679|-10.090131|-2.882108|-23.523606|4518.200000|-1.960841|-1.224565|-31485161.252939|-0.042820|-8.771142|-1.273040|-0.155591|-7.600000|-4.000000|-3845470.634164|0.422138|-0.000000|-5.361933|-7.068131|-0.056441|0.035810|0.057080|9199.783211|-0.384591|-1.715890|-4.607227|2.571347|0.476243|-1.960841|-0.106896|-1.960841|-583.099703|-54646754.171051|-150.934281|106410.591808|-0.000005|-720751.053624|-0.814763|0.018008|7.068297|-0.035630|-16.047570|-11.966667|-0.037244|-1.715890|-471.212990
1428|-29089099.467944|1.280013|-1.960841|-4.600000|-7.098679|-9.636378|-2.882108|-23.523606|4518.200000|-1.960841|-1.224565|-30665260.251073|-0.042820|-7.827107|-1.272868|-0.155591|-9.600000|-4.000000|-4006018.271374|0.422138|-0.000001|-12.573664|-6.848843|-0.047919|0.035810|0.059720|10592.889610|-0.388779|-1.716302|-4.136016|2.709995|0.476243|-1.960841|-0.106896|-1.960841|-583.822932|-54646754.171051|-163.642755|106410.591808|-0.000005|-720751.053624|-0.794823|0.017105|6.750167|-0.034640|-16.443145|-12.300000|-0.037244|-1.716302|-471.212990
1429|-28198601.865432|1.378975|-1.960841|-4.000000|-7.098679|-9.416315|-2.882108|-23.523606|4518.200000|-1.960841|-1.224565|-29916225.351715|-0.042820|-5.355089|-1.273000|-0.155591|-5.600000|-4.000000|-4246994.650372|0.422138|-0.000000|-5.508050|-6.604074|-0.039397|0.035810|0.063275|10631.930799|-0.388949|-1.718086|-4.460547|2.838085|0.476243|-1.960841|-0.112047|-1.960841|-583.424096|-53642446.488482|-158.281656|106410.591808|-0.000005|-720751.053624|-0.773464|0.017734|6.460081|-0.033698|-16.838719|-12.975000|-0.037244|-1.718086|-471.212990
1430|-32096791.298646|1.417646|-1.960841|-4.000000|-7.098679|-9.407687|-2.882108|-23.523606|4518.200000|-1.960841|-1.224565|-33849863.471513|-0.042820|-4.585323|-1.273284|-0.155591|-5.600000|-4.000000|-4558192.613717|0.422138|-0.000000|-6.084228|-6.380660|-0.030875|0.035810|0.064878|11857.508006|-0.388949|-1.720030|-5.399740|2.955662|0.476243|-1.960841|-0.112047|-1.960841|-583.993512|-53642446.488482|-122.647482|106410.591808|-0.000005|-720751.053624|-0.753139|0.016135|6.198109|-0.032813|-17.234294|-15.800000|-0.037244|-1.720030|-471.212990
1431|-36141291.581920|1.524898|-1.960841|-4.000000|-7.098679|-9.464098|-2.882108|-23.523606|4518.200000|-1.960841|-1.224565|-37748369.433475|-0.042820|-4.585323|-1.273208|-0.155591|-7.400000|-4.000000|-4795174.957430|0.422138|-0.000000|-5.318806|-6.475021|-0.023094|0.035810|0.065944|13127.360155|-0.387319|-1.705513|-4.883656|3.062756|0.476243|-1.960841|-0.116582|-1.960841|-583.107305|-53642446.488482|-125.330346|106410.591808|-0.000005|-720751.053624|-0.737483|0.015252|5.970067|-0.031947|-17.629868|-14.900000|-0.037244|-1.705513|-471.212990
1432|-37170673.464916|1.621454|-1.960841|-4.200000|-7.098679|-9.324660|-2.882108|-23.523606|4518.200000|-1.960841|-1.224565|-38966703.518099|-0.042820|-4.585323|-1.273170|-0.155591|-5.600000|-4.000000|-4395158.813265|0.422138|-0.000000|-8.418538|-6.315115|-0.016280|0.035810|0.066936|13673.128348|-0.389357|-1.678686|-4.643512|3.159871|0.476243|-1.960841|-0.122990|-1.960841|-584.100469|-53642446.488482|-124.690662|90693.870480|-0.000005|-720751.053624|-0.721828|0.015160|5.767551|-0.031139|-18.025443|-14.900000|-0.037244|-1.678686|-471.212990
1433|-38202816.450178|1.711301|-1.960841|-4.400000|-7.098679|-9.227273|-2.882108|-8.510336|4518.200000|-1.960841|-1.224565|-39703278.920793|-0.042820|-4.585323|-1.273151|-0.163132|-4.600000|-4.000000|-4234337.039851|0.422138|-0.000000|-5.247805|-6.170438|-0.009467|0.035810|0.068574|14315.348735|-0.393662|-1.671093|-4.643512|3.246554|0.312936|-1.960841|-0.125826|-1.960841|-583.058885|-53642446.488482|-115.455679|90693.870480|-0.000005|-720751.053624|-0.706172|0.014866|5.587721|-0.030402|-18.421017|-14.900000|-0.037244|-1.671093|-471.212990
1434|-39696163.816878|2.029986|-1.960841|-5.200000|-7.098679|-9.274835|-2.882108|-5.784044|4518.200000|-1.960841|-1.029544|-41096176.374525|-0.042820|-4.585323|-1.272924|-0.208677|-4.000000|-4.000000|-4153406.042125|0.422138|-0.000000|-9.521260|-6.483376|-0.002654|0.035810|0.069956|15097.526048|-0.391751|-1.679866|-4.877612|3.321890|0.312936|-1.960841|-0.128553|-1.960841|-583.991151|-53642446.488482|-127.609550|90693.870480|-0.000005|-720751.053624|-0.695193|0.016867|5.431579|-0.029655|-18.816591|-14.900000|-0.037244|-1.679866|-471.212990
1435|-39839522.598328|2.199482|-1.960841|-5.600000|-7.098679|-9.022779|-2.882108|-4.164299|4518.200000|-1.960841|-0.676699|-41050147.611917|-0.042820|-4.255746|-1.272810|-0.244218|-4.000000|-4.000000|-4393487.479138|0.422138|-0.000000|-8.084718|-6.160806|0.001026|0.035810|0.070482|13170.182514|-0.358382|-1.683511|-4.638619|3.385651|0.312936|-1.960841|-0.130861|-1.960841|-582.684417|-53642446.488482|-145.863697|90693.870480|-0.000005|-720751.053624|-0.684215|0.017889|5.298001|-0.028909|-19.212166|-14.900000|-0.037244|-1.683511|-471.212990
1436|-39491747.331846|2.354081|-1.960841|-5.800000|-7.098679|-9.252189|-2.882108|-4.164299|4518.200000|-1.960841|0.185315|-41062238.141856|-0.042820|-5.427866|-1.272971|-0.299066|-4.000000|-4.000000|-4553455.937613|0.422138|-0.000000|-10.549255|-6.131577|0.004707|0.035810|0.072441|12435.866522|-0.354224|-1.686706|-4.762035|3.438730|0.312936|-1.960841|-0.131381|-1.960841|-583.625294|-53642446.488482|-210.203908|90693.870480|-0.000005|-720751.053624|-0.673237|0.017845|5.184574|-0.028181|-19.607740|-14.900000|-0.037244|-1.686706|-471.212990
1437|-43114410.367938|2.377640|-1.960841|-6.000000|-7.098679|-9.323409|-2.882108|-4.164299|3806.000000|-1.960841|0.185315|-44940583.445994|-0.042820|-5.427866|-1.273270|-0.344802|-2.200000|-4.000000|-4545975.610948|0.422138|-0.000000|-6.896283|-6.010861|0.007533|0.035810|0.072513|10485.937142|-0.357755|-1.685500|-5.647268|3.482270|0.312936|-1.960841|-0.124015|-1.960841|-584.233796|-53642446.488482|-144.970061|90693.870480|-0.000005|-720751.053624|-0.672003|0.017849|5.093606|-0.027469|-19.607740|-16.900000|-0.037244|-1.685500|-471.212990
1438|-53060156.800000|2.508104|-1.960841|-6.400000|-7.098679|-9.197370|-2.882108|-4.164299|3806.000000|-1.960841|0.185315|-55213047.615377|-0.042820|-5.427866|-1.273638|-0.386727|-2.400000|-4.000000|-4528509.265096|0.422138|-0.000000|-9.965867|-6.064934|0.010360|0.035810|0.073027|8374.152225|-0.362721|-1.685612|-6.653467|3.517418|0.312936|-1.960841|-0.121430|-1.960841|-584.448176|-53642446.488482|-97.560567|90693.870480|-0.000005|-720751.053624|-0.683812|0.018160|5.014656|-0.026785|-19.607740|-16.900000|-0.037244|-1.685612|-471.212990
1439|-50249637.067368|2.596469|-1.960841|-7.000000|-7.098679|-9.464288|-2.882108|-3.485902|3806.000000|-1.960841|-0.133593|-52587717.493480|-0.042820|-5.427866|-1.273821|-0.450689|-5.200000|-4.000000|-4528758.465271|0.422138|-0.000000|-9.389515|-6.625774|0.012453|0.035810|0.073965|8382.848156|-0.364414|-1.693873|-5.828810|3.545321|0.312936|-1.960841|-0.122864|-1.960841|-526.440692|-53642446.488482|-102.123699|90693.870480|-0.000005|-720751.053624|-0.702431|0.017661|4.950278|-0.026155|-19.607740|-16.900000|-0.037244|-1.693873|-471.212990
1440|-52200477.497370|2.570466|-1.960841|-7.800000|-7.098679|-9.515307|-2.882108|-3.485902|3806.000000|-1.960841|-0.133593|-54374254.800231|-0.042820|-5.629573|-1.273477|-0.437412|-9.600000|-4.000000|-4524886.589576|0.422138|-0.000000|-9.288240|-7.080577|0.014547|0.035810|0.071950|7874.087374|-0.370724|-1.701844|-2.563959|3.566896|0.312936|-1.960841|-0.123719|-1.960841|-524.771602|-53642446.488482|-133.224679|90693.870480|-0.000005|-720751.053624|-0.719042|0.014948|4.910215|-0.025532|-19.607740|-20.900000|-0.037244|-1.701844|-471.212990
1441|-52573809.666080|2.775105|-1.960841|-8.600000|-7.098679|-9.561469|-2.882108|-4.407274|3806.000000|-1.960841|-0.133593|-54175632.319034|-0.042820|-5.629573|-1.273086|-0.421785|-7.800000|-4.000000|-4525252.052415|0.422138|-0.000000|-10.180325|-7.427622|0.016640|0.035810|0.072273|6664.475099|-0.344340|-1.702385|-2.736019|3.583156|0.312936|-1.960841|-0.124794|-1.960841|-526.725966|-53642446.488482|-139.736171|90693.870480|-0.000005|-720751.053624|-0.735654|0.013128|4.893398|-0.024918|-19.607740|-14.900000|-0.037244|-1.702385|-471.212990
1442|-52914241.680720|2.709657|-1.960841|-9.400000|-7.098679|-9.518657|-2.882108|-3.133620|3806.000000|-1.960841|-0.133593|-54084517.174020|-0.042820|-5.428483|-1.272891|-0.398959|-6.000000|-4.000000|-4526723.578559|0.422138|-0.000000|-8.371024|-7.687076|0.018733|0.035810|0.072372|6738.263285|-0.294477|-1.703305|-2.583529|3.594766|0.312936|-1.960841|-0.126665|-1.960841|-526.415723|-53642446.488482|-117.911815|90693.870480|-0.000005|-720751.053624|-0.752266|0.013261|4.908939|-0.024293|-19.607740|-16.900000|-0.037244|-1.703305|-471.212990
1443|-53819656.798360|2.851441|-1.960841|-10.000000|-7.098679|-9.796118|-2.882108|-3.133620|3806.000000|-1.960841|-0.133593|-54934570.655760|-0.042820|-7.203696|-1.273012|-0.381968|-4.400000|-4.000000|-4525296.917069|0.422138|-0.000000|-9.146074|-7.669000|0.020826|0.035810|0.072934|6552.823531|-0.295859|-1.699634|-2.830864|3.602559|0.312936|-1.960841|-0.126098|-1.960841|-525.367918|-53642446.488482|-90.705060|90693.870480|-0.000005|-720751.053624|-0.768877|0.012938|4.950176|-0.023674|-19.607740|-14.900000|-0.037244|-1.699634|-471.212990
1444|-54343963.250000|2.924319|-1.960841|-10.400000|-7.098679|-10.237629|-2.882108|-3.133620|3806.000000|-1.594008|-0.133593|-56118117.904343|-0.042820|-7.203696|-1.273072|-0.367320|-7.000000|-4.000000|-4524545.404785|0.422138|-0.000000|-8.884765|-7.709052|0.022919|0.035810|0.072367|5876.886526|-0.297760|-1.713105|-2.992806|3.608846|0.312936|-1.960841|-0.122746|-1.960841|-526.162022|-53642446.488482|-81.665054|90693.870480|-0.000005|-720751.053624|-0.785489|0.013715|4.995796|-0.023066|-19.607740|-14.900000|-0.037244|-1.713105|-471.212990
1445|-54192787.867684|3.083831|-1.960841|-11.000000|-7.098679|-10.827568|-2.882108|-5.723559|3806.000000|-1.213468|-0.133593|-55626471.165424|-0.042820|-6.885223|-1.272884|-0.325440|-9.800000|-4.000000|-4525206.767420|0.422138|-0.000000|-8.544702|-7.620077|0.025012|0.035810|0.070931|4166.355879|-0.297845|-1.735495|-2.271067|3.617073|0.312936|-1.960841|-0.122460|-1.960841|-525.488230|-53642446.488482|-96.720970|90693.870480|-0.000005|-720751.053624|-0.802100|0.014978|5.046541|-0.022449|-19.607740|-14.900000|-0.037244|-1.735495|-471.212990
1446|-54529135.400614|3.078878|-1.960841|-11.400000|-7.098679|-11.510656|-2.882108|-6.447789|3806.000000|-1.091031|-0.133593|-55521673.934768|-0.042820|-7.476189|-1.273008|-0.281586|-6.600000|-4.000000|-4604944.428367|0.422138|-0.000000|-12.121141|-7.374787|0.027105|0.035810|0.067910|3495.922456|-0.301286|-1.759963|-2.650936|3.631384|0.366527|-1.960841|-0.121517|-1.960841|-526.878674|-53642446.488482|-95.861470|90693.870480|-0.000005|-720751.053624|-0.818712|0.014630|5.102381|-0.021833|-19.607740|-14.900000|-0.037244|-1.759963|-471.212990
1447|-57371826.767142|3.039806|-1.960841|-11.400000|-7.098679|-10.414404|-2.882108|-7.156225|3806.000000|-1.091031|-0.133593|-57950151.947584|-0.042820|-7.476189|-1.272852|-0.202496|-11.400000|-4.000000|-4679431.087310|0.422138|-0.000000|-16.537505|-4.694246|0.029198|0.035810|0.064500|2662.275551|-0.299750|-1.781658|-1.729587|3.655721|0.366527|-1.960841|-0.117811|-1.960841|-525.645856|-53642446.488482|-109.634254|90693.870480|-0.000005|-720751.053624|-0.835324|0.014801|5.167129|-0.021200|-19.607740|-16.900000|-0.037244|-1.781658|-471.212990
1448|-58680195.500000|2.998257|-1.960841|-11.400000|-7.098679|-9.803508|-2.882108|-7.156225|3806.000000|-1.091031|-0.133593|-58978006.709601|0.021772|-7.476189|-0.375216|-0.131078|-8.000000|-4.000000|-4756843.279453|0.422138|-0.000000|-5.408900|-2.756462|0.027086|0.035810|0.062282|1605.939450|-0.300040|-1.473206|-2.641673|3.683286|0.366527|-1.960841|-0.101564|-1.960841|-526.229276|-53642446.488482|-99.825063|90693.870480|-0.000005|-720751.053624|-0.823878|0.014419|5.236041|-0.020451|-19.607740|-16.900000|-0.097149|-1.473206|-471.212990
1449|-60026980.502910|3.077358|-1.594008|-11.400000|-7.098679|-9.631746|-2.478837|-7.156225|3806.000000|-1.091031|-0.133593|-60448822.749735|0.036416|-7.476189|-0.375172|-0.069698|-12.400000|-4.000000|-4912131.736808|0.422138|-0.000000|-5.142337|-2.871151|0.022757|0.035810|0.061346|903.998355|-0.298624|-1.384166|-1.153919|3.709662|0.366527|-1.960841|-0.093544|-1.960841|-526.232801|-53642446.488482|-115.505429|90693.870480|-0.000004|-720751.053624|-0.809381|0.013952|5.308685|-0.019661|-19.607740|-14.900000|-0.097149|-1.384166|-471.212990
1450|-60888564.150288|3.096541|-1.213468|-11.400000|-7.098679|-9.285864|-1.760436|-7.156225|3806.000000|-1.091031|-0.133593|-61394715.386310|0.038035|-7.476189|-0.342946|0.018048|-11.000000|-4.000000|-5227012.372821|0.422138|-0.000000|-6.403252|-2.918713|0.018429|0.035810|0.059493|326.744591|-0.298624|-1.367870|-1.153919|3.730055|0.366527|-1.960841|-0.083835|-1.960841|-526.041314|-53642446.488482|-146.062988|90693.870480|-0.000003|-720751.053624|-0.794884|0.011279|5.384338|-0.018850|-19.607740|-15.200000|-0.097149|-1.367870|-471.212990
1451|-61058000.213702|2.984336|-1.091031|-11.400000|-7.098679|-9.353877|-1.737201|-7.156225|3806.000000|-1.091031|-0.133593|-61349073.835755|0.040826|-7.476189|-0.342936|0.100858|-11.400000|-4.000000|-5622461.093180|0.422138|-0.000000|-17.326531|-2.961744|0.012170|0.035161|0.059327|-477.256943|-0.298624|-1.336812|-1.153919|3.737982|0.366527|-1.960841|-0.076591|-1.960841|-526.222444|-53593212.345467|-138.047814|90693.870480|-0.000003|-720751.053624|-0.780388|0.013215|5.460514|-0.018020|-19.607740|-16.108334|-0.097149|-1.336812|-471.212990
1452|-66137384.668308|2.952879|-1.091031|-11.400000|-7.098679|-9.224937|-1.737201|-7.156225|3806.000000|-1.091031|-0.133593|-66357606.113626|0.040826|-7.476189|-0.342989|0.181758|-9.400000|-4.000000|-6005153.955478|0.422138|-0.000000|-10.199785|-3.123732|0.005912|0.034405|0.058877|-473.687190|-0.296859|-1.332515|-0.649683|3.729426|0.366527|-1.960841|-0.066701|-1.960841|-526.233546|-52357660.111637|-114.415877|90693.870480|-0.000003|-720751.053624|-0.765891|0.015112|5.537768|-0.017238|-19.607740|-17.333334|-0.079549|-1.332515|-471.212990
1453|-76036985.051618|2.781362|-1.091031|-11.400000|-7.098679|-9.108276|-1.737201|-7.156225|3806.000000|-1.091031|-0.133593|-76364252.584919|0.040826|-7.476189|-0.343016|0.252728|-11.400000|-4.000000|-6451552.126583|0.422138|-0.000000|-5.397621|-3.331293|-0.000346|0.033578|0.058652|-432.657870|-0.305699|-1.333484|-0.211371|3.701839|0.366527|-1.960841|-0.066701|-1.960841|-628.227915|-52357660.111637|-124.025191|90693.870480|-0.000003|-720751.053624|-0.751394|0.015598|5.616882|-0.016520|-19.607740|-20.625000|-0.046417|-1.333484|-471.212990
1454|-74796939.820420|2.771106|-1.091031|-11.400000|-4.602527|-8.808909|-1.737201|-8.685504|3806.000000|-1.091031|-0.133593|-75160821.311686|0.038113|-7.476189|-0.343030|0.301141|-11.400000|-4.000000|-6847908.927410|0.422138|-0.000000|-6.066581|-3.519086|-0.006775|0.032719|0.057626|413.805181|-0.307934|-1.336373|-0.211371|3.649801|0.366527|-1.960841|-0.066701|-1.960841|-627.746667|-52357660.111637|-125.337144|90693.870480|-0.000003|-720751.053624|-0.734582|0.016096|5.696301|-0.015854|-19.607740|-19.350000|-0.046417|-1.336373|-471.212990
1455|-77264676.865092|2.668725|-1.091031|-11.400000|-4.602527|-8.716752|-1.737201|-8.685504|3806.000000|-1.091031|-0.148735|-77306953.943090|0.038113|-7.476189|-0.343095|0.341167|-9.400000|-4.000000|-7311578.273643|0.422138|-0.000000|-6.843343|-4.001681|-0.013204|0.031561|0.057422|898.452346|-0.310466|-1.413747|-0.835471|3.569374|0.366527|-1.960841|-0.066701|-1.960841|-629.073951|-52357660.111637|-109.209577|90693.870480|-0.000003|-720751.053624|-0.714937|0.016483|5.778448|-0.015311|-19.607740|-22.291667|-0.046417|-1.413747|-471.212990
1456|-80184173.719122|2.716121|-1.091031|-11.600000|-4.602527|-8.481950|-1.737201|-8.685504|3806.000000|-1.091031|-0.148735|-79705444.845417|0.038113|-7.738095|-0.343069|0.352688|-11.400000|-4.000000|-7695604.663285|0.422138|-0.000000|-8.225467|-4.196096|-0.019633|0.031561|0.057622|811.288070|-0.312922|-1.442712|-0.329937|3.457215|0.366527|-1.960841|-0.066701|-1.960841|-628.156472|-52291631.730298|-121.319890|90693.870480|-0.000003|-720751.053624|-0.693956|0.014273|5.861072|-0.014849|-19.607740|-21.191667|-0.046417|-1.442712|-471.212990
1457|-80211293.732572|2.547052|-1.091031|-11.800000|-4.602527|-8.680339|-1.737201|-8.685504|3806.000000|-1.091031|-0.148735|-79732467.169101|0.038113|-4.772698|-0.343056|0.356210|-11.400000|-4.000000|-8170140.319508|0.422138|-0.000000|-7.365836|-4.302356|-0.026062|0.031561|0.057743|794.732356|-0.316539|-1.450530|-0.329937|3.309555|0.366527|-1.960841|-0.066701|-1.960841|-628.082023|-34329704.750829|-134.829755|90693.870480|-0.000003|-720751.053624|-0.672975|0.009980|5.944232|-0.014471|-19.607740|-23.950000|-0.046417|-1.450530|-471.212990
1458|-83268458.915690|2.472318|-1.091031|-12.000000|-4.602527|-8.680339|-1.737201|-8.685504|3806.000000|-1.091031|-0.148735|-82778443.152341|0.038113|-4.944813|-0.342991|0.356210|-13.400000|-4.000000|-8393333.288102|0.422138|-0.000000|-8.128626|-4.472174|-0.032491|0.031561|0.057756|1209.333610|-0.320222|-1.363001|0.236963|3.133893|0.366527|-1.960841|-0.066701|-1.594008|-627.978346|-34329704.750829|-190.496976|90693.870480|-0.000003|-720751.053624|-0.651994|0.009648|6.032178|-0.014162|-19.607740|-24.050000|-0.013376|-1.363001|-471.212990
1459|-90025618.295384|2.373695|-1.091031|-12.400000|-4.602527|-8.865599|-1.737201|-8.685504|3806.000000|-1.091031|-0.148735|-89791269.608823|0.038113|-5.030870|-0.343076|0.356210|-7.400000|-4.000000|-8363503.006709|0.422138|-0.000000|-8.349628|-4.612996|-0.038920|0.031561|0.058335|1505.897175|-0.321870|-1.283293|-1.691545|2.935065|0.366527|-1.960841|-0.068502|-1.213468|-628.491653|-34329704.750829|-150.500264|90693.870480|-0.000003|-720751.053624|-0.631013|0.010501|6.124994|-0.013906|-19.607740|-26.083334|-0.013376|-1.283293|-471.212990
