900|nan|nan|nan|nan|nan|nan|nan|nan|nan|nan|nan|nan|nan|nan|nan|nan|nan|nan|nan|nan|nan|nan|nan|nan|nan|nan|nan|nan|nan|nan|nan|nan|nan|nan|nan|nan|nan|nan|nan|nan|nan|nan|nan|nan|nan|nan|nan|nan|nan|nan
901|nan|nan|nan|nan|nan|nan|nan|nan|nan|nan|nan|nan|nan|nan|nan|nan|nan|nan|nan|nan|nan|nan|nan|nan|nan|nan|nan|nan|nan|nan|nan|nan|nan|nan|nan|nan|nan|nan|nan|nan|nan|nan|nan|nan|nan|nan|nan|nan|nan|nan
902|nan|nan|nan|nan|nan|nan|nan|nan|nan|nan|nan|nan|nan|nan|nan|nan|nan|nan|nan|nan|nan|nan|nan|nan|nan|nan|nan|nan|nan|nan|nan|nan|nan|nan|nan|nan|nan|nan|nan|nan|nan|nan|nan|nan|nan|nan|nan|nan|nan|nan
903|nan|nan|nan|nan|nan|nan|nan|nan|nan|nan|nan|nan|nan|nan|nan|nan|nan|nan|nan|nan|nan|nan|nan|nan|nan|nan|nan|nan|nan|nan|nan|nan|nan|nan|nan|nan|nan|nan|nan|nan|nan|nan|nan|nan|nan|nan|nan|nan|nan|nan
904|nan|nan|nan|nan|nan|nan|nan|nan|nan|nan|nan|nan|nan|nan|nan|nan|nan|nan|nan|nan|nan|nan|nan|nan|nan|nan|nan|nan|nan|nan|nan|nan|nan|nan|nan|nan|nan|nan|nan|nan|nan|nan|nan|nan|nan|nan|nan|nan|nan|nan
905|nan|nan|nan|nan|nan|nan|nan|nan|nan|nan|nan|nan|nan|nan|nan|nan|nan|nan|nan|nan|nan|nan|nan|nan|nan|nan|nan|nan|nan|nan|nan|nan|nan|nan|nan|nan|nan|nan|nan|nan|nan|nan|nan|nan|nan|nan|nan|nan|nan|nan
906|nan|nan|nan|nan|nan|nan|nan|nan|nan|nan|nan|nan|nan|nan|nan|nan|nan|nan|nan|nan|nan|nan|nan|nan|nan|nan|nan|nan|nan|nan|nan|nan|nan|nan|nan|nan|nan|nan|nan|nan|nan|nan|nan|nan|nan|nan|nan|nan|nan|nan
907|nan|nan|nan|nan|nan|nan|nan|nan|nan|nan|nan|nan|nan|nan|nan|nan|nan|nan|nan|nan|nan|nan|nan|nan|nan|nan|nan|nan|nan|nan|nan|nan|nan|nan|nan|nan|nan|nan|nan|nan|nan|nan|nan|nan|nan|nan|nan|nan|nan|nan
908|nan|nan|nan|nan|nan|nan|nan|nan|nan|nan|nan|nan|nan|nan|nan|nan|nan|nan|nan|nan|nan|nan|nan|nan|nan|nan|nan|nan|nan|nan|nan|nan|nan|nan|nan|nan|nan|nan|nan|nan|nan|nan|nan|nan|nan|nan|nan|nan|nan|nan
909|nan|nan|nan|nan|nan|nan|nan|nan|nan|nan|nan|nan|nan|nan|nan|nan|nan|nan|nan|nan|nan|nan|nan|nan|nan|nan|nan|nan|nan|nan|nan|nan|nan|nan|nan|nan|nan|nan|nan|nan|nan|nan|nan|nan|nan|nan|nan|nan|nan|nan
910|nan|nan|nan|nan|nan|nan|nan|nan|nan|nan|nan|nan|nan|nan|nan|nan|nan|nan|nan|nan|nan|nan|nan|nan|nan|nan|nan|nan|nan|nan|nan|nan|nan|nan|nan|nan|nan|nan|nan|nan|nan|nan|nan|nan|nan|nan|nan|nan|nan|nan
911|nan|nan|nan|nan|nan|nan|nan|nan|nan|nan|nan|nan|nan|nan|nan|nan|nan|nan|nan|nan|nan|nan|nan|nan|nan|nan|nan|nan|nan|nan|nan|nan|nan|nan|nan|nan|nan|nan|nan|nan|nan|nan|nan|nan|nan|nan|nan|nan|nan|nan
912|nan|nan|nan|nan|nan|nan|nan|nan|nan|nan|nan|nan|nan|nan|nan|nan|nan|nan|nan|nan|nan|nan|nan|nan|nan|nan|nan|nan|nan|nan|nan|nan|nan|nan|nan|nan|nan|nan|nan|nan|nan|nan|nan|nan|nan|nan|nan|nan|nan|nan
913|nan|nan|nan|nan|nan|nan|nan|nan|nan|nan|nan|nan|nan|nan|nan|nan|nan|nan|nan|nan|nan|nan|nan|nan|nan|nan|nan|nan|nan|nan|nan|nan|nan|nan|nan|nan|nan|nan|nan|nan|nan|nan|nan|nan|nan|nan|nan|nan|nan|nan
914|nan|nan|nan|nan|nan|nan|nan|nan|nan|nan|nan|nan|nan|nan|nan|nan|nan|nan|nan|nan|nan|nan|nan|nan|nan|nan|nan|nan|nan|nan|nan|nan|nan|nan|nan|nan|nan|nan|nan|nan|nan|nan|nan|nan|nan|nan|nan|nan|nan|nan
915|nan|nan|nan|nan|nan|nan|nan|nan|nan|nan|nan|nan|nan|nan|nan|nan|nan|nan|nan|nan|nan|nan|nan|nan|nan|nan|nan|nan|nan|nan|nan|nan|nan|nan|nan|nan|nan|nan|nan|nan|nan|nan|nan|nan|nan|nan|nan|nan|nan|nan
916|nan|nan|nan|nan|nan|nan|nan|nan|nan|nan|nan|nan|nan|nan|nan|nan|nan|nan|nan|nan|nan|nan|nan|nan|nan|nan|nan|nan|nan|nan|nan|nan|nan|nan|nan|nan|nan|nan|nan|nan|nan|nan|nan|nan|nan|nan|nan|nan|nan|nan
917|nan|nan|nan|nan|nan|nan|nan|nan|nan|nan|nan|nan|nan|nan|nan|nan|nan|nan|nan|nan|nan|nan|nan|nan|nan|nan|nan|nan|nan|nan|nan|nan|nan|nan|nan|nan|nan|nan|nan|nan|nan|nan|nan|nan|nan|nan|nan|nan|nan|nan
918|nan|nan|nan|nan|nan|nan|nan|nan|nan|nan|nan|nan|nan|nan|nan|nan|nan|nan|nan|nan|nan|nan|nan|nan|nan|nan|nan|nan|nan|nan|nan|nan|nan|nan|nan|nan|nan|nan|nan|nan|nan|nan|nan|nan|nan|nan|nan|nan|nan|nan
919|nan|nan|nan|nan|nan|nan|nan|nan|nan|nan|nan|nan|nan|nan|nan|nan|nan|nan|nan|nan|nan|nan|nan|nan|nan|nan|nan|nan|nan|nan|nan|nan|nan|nan|nan|nan|nan|nan|nan|nan|nan|nan|nan|nan|nan|nan|nan|nan|nan|nan
920|nan|nan|nan|nan|nan|nan|nan|nan|nan|nan|nan|nan|nan|nan|nan|nan|nan|nan|nan|nan|nan|nan|nan|nan|nan|nan|nan|nan|nan|nan|nan|nan|nan|nan|nan|nan|nan|nan|nan|nan|nan|nan|nan|nan|nan|nan|nan|nan|nan|nan
921|nan|nan|nan|nan|nan|nan|nan|nan|nan|nan|nan|nan|nan|nan|nan|nan|nan|nan|nan|nan|nan|nan|nan|nan|nan|nan|nan|nan|nan|nan|nan|nan|nan|nan|nan|nan|nan|nan|nan|nan|nan|nan|nan|nan|nan|nan|nan|nan|nan|nan
922|nan|nan|nan|nan|nan|nan|nan|nan|nan|nan|nan|nan|nan|nan|nan|nan|nan|nan|nan|nan|nan|nan|nan|nan|nan|nan|nan|nan|nan|nan|nan|nan|nan|nan|nan|nan|nan|nan|nan|nan|nan|nan|nan|nan|nan|nan|nan|nan|nan|nan
923|nan|nan|nan|nan|nan|nan|nan|nan|nan|nan|nan|nan|nan|nan|nan|nan|nan|nan|nan|nan|nan|nan|nan|nan|nan|nan|nan|nan|nan|nan|nan|nan|nan|nan|nan|nan|nan|nan|nan|nan|nan|nan|nan|nan|nan|nan|nan|nan|nan|nan
924|nan|nan|nan|nan|nan|nan|nan|nan|nan|nan|nan|nan|nan|nan|nan|nan|nan|nan|nan|nan|nan|nan|nan|nan|nan|nan|nan|nan|nan|nan|nan|nan|nan|nan|nan|nan|nan|nan|nan|nan|nan|nan|nan|nan|nan|nan|nan|nan|nan|nan
925|nan|nan|nan|nan|nan|nan|nan|nan|nan|nan|nan|nan|nan|nan|nan|nan|nan|nan|nan|nan|nan|nan|nan|nan|nan|nan|nan|nan|nan|nan|nan|nan|nan|nan|nan|nan|nan|nan|nan|nan|nan|nan|nan|nan|nan|nan|nan|nan|nan|nan
926|nan|nan|nan|nan|nan|nan|nan|nan|nan|nan|nan|nan|nan|nan|nan|nan|nan|nan|nan|nan|nan|nan|nan|nan|nan|nan|nan|nan|nan|nan|nan|nan|nan|nan|nan|nan|nan|nan|nan|nan|nan|nan|nan|nan|nan|nan|nan|nan|nan|nan
927|nan|nan|nan|nan|nan|nan|nan|nan|nan|nan|nan|nan|nan|nan|nan|nan|nan|nan|nan|nan|nan|nan|nan|nan|nan|nan|nan|nan|nan|nan|nan|nan|nan|nan|nan|nan|nan|nan|nan|nan|nan|nan|nan|nan|nan|nan|nan|nan|nan|nan
928|nan|nan|nan|nan|nan|nan|nan|nan|nan|nan|nan|nan|nan|nan|nan|nan|nan|nan|nan|nan|nan|nan|nan|nan|nan|nan|nan|nan|nan|nan|nan|nan|nan|nan|nan|nan|nan|nan|nan|nan|nan|nan|nan|nan|nan|nan|nan|nan|nan|nan
929|nan|nan|nan|nan|nan|nan|nan|nan|nan|nan|nan|nan|nan|nan|nan|nan|nan|nan|nan|nan|nan|nan|nan|nan|nan|nan|nan|nan|nan|nan|nan|nan|nan|nan|nan|nan|nan|nan|nan|nan|nan|nan|nan|nan|nan|nan|nan|nan|nan|nan
930|nan|nan|nan|nan|nan|nan|nan|nan|nan|nan|nan|nan|nan|nan|nan|nan|nan|nan|nan|nan|nan|nan|nan|nan|nan|nan|nan|nan|nan|nan|nan|nan|nan|nan|nan|nan|nan|nan|nan|nan|nan|nan|nan|nan|nan|nan|nan|nan|nan|nan
931|nan|nan|nan|nan|nan|nan|nan|nan|nan|nan|nan|nan|nan|nan|nan|nan|nan|nan|nan|nan|nan|nan|nan|nan|nan|nan|nan|nan|nan|nan|nan|nan|nan|nan|nan|nan|nan|nan|nan|nan|nan|nan|nan|nan|nan|nan|nan|nan|nan|nan
932|nan|nan|nan|nan|nan|nan|nan|nan|nan|nan|nan|nan|nan|nan|nan|nan|nan|nan|nan|nan|nan|nan|nan|nan|nan|nan|nan|nan|nan|nan|nan|nan|nan|nan|nan|nan|nan|nan|nan|nan|nan|nan|nan|nan|nan|nan|nan|nan|nan|nan
933|nan|nan|nan|nan|nan|nan|nan|nan|nan|nan|nan|nan|nan|nan|nan|nan|nan|nan|nan|nan|nan|nan|nan|nan|nan|nan|nan|nan|nan|nan|nan|nan|nan|nan|nan|nan|nan|nan|nan|nan|nan|nan|nan|nan|nan|nan|nan|nan|nan|nan
934|nan|nan|nan|nan|nan|nan|nan|nan|nan|nan|nan|nan|nan|nan|nan|nan|nan|nan|nan|nan|nan|nan|nan|nan|nan|nan|nan|nan|nan|nan|nan|nan|nan|nan|nan|nan|nan|nan|nan|nan|nan|nan|nan|nan|nan|nan|nan|nan|nan|nan
935|nan|nan|nan|nan|nan|nan|nan|nan|nan|nan|nan|nan|nan|nan|nan|nan|nan|nan|nan|nan|nan|nan|nan|nan|nan|nan|nan|nan|nan|nan|nan|nan|nan|nan|nan|nan|nan|nan|nan|nan|nan|nan|nan|nan|nan|nan|nan|nan|nan|nan
936|nan|nan|nan|nan|nan|nan|nan|nan|nan|nan|nan|nan|nan|nan|nan|nan|nan|nan|nan|nan|nan|nan|nan|nan|nan|nan|nan|nan|nan|nan|nan|nan|nan|nan|nan|nan|nan|nan|nan|nan|nan|nan|nan|nan|nan|nan|nan|nan|nan|nan
937|nan|nan|nan|nan|nan|nan|nan|nan|nan|nan|nan|nan|nan|nan|nan|nan|nan|nan|nan|nan|nan|nan|nan|nan|nan|nan|nan|nan|nan|nan|nan|nan|nan|nan|nan|nan|nan|nan|nan|nan|nan|nan|nan|nan|nan|nan|nan|nan|nan|nan
938|nan|nan|nan|nan|nan|nan|nan|nan|nan|nan|nan|nan|nan|nan|nan|nan|nan|nan|nan|nan|nan|nan|nan|nan|nan|nan|nan|nan|nan|nan|nan|nan|nan|nan|nan|nan|nan|nan|nan|nan|nan|nan|nan|nan|nan|nan|nan|nan|nan|nan
939|nan|nan|nan|nan|nan|nan|nan|nan|nan|nan|nan|nan|nan|nan|nan|nan|nan|nan|nan|nan|nan|nan|nan|nan|nan|nan|nan|nan|nan|nan|nan|nan|nan|nan|nan|nan|nan|nan|nan|nan|nan|nan|nan|nan|nan|nan|nan|nan|nan|nan
940|nan|nan|nan|nan|nan|nan|nan|nan|nan|nan|nan|nan|nan|nan|nan|nan|nan|nan|nan|nan|nan|nan|nan|nan|nan|nan|nan|nan|nan|nan|nan|nan|nan|nan|nan|nan|nan|nan|nan|nan|nan|nan|nan|nan|nan|nan|nan|nan|nan|nan
941|nan|nan|nan|nan|nan|nan|nan|nan|nan|nan|nan|nan|nan|nan|nan|nan|nan|nan|nan|nan|nan|nan|nan|nan|nan|nan|nan|nan|nan|nan|nan|nan|nan|nan|nan|nan|nan|nan|nan|nan|nan|nan|nan|nan|nan|nan|nan|nan|nan|nan
942|nan|nan|nan|nan|nan|nan|nan|nan|nan|nan|nan|nan|nan|nan|nan|nan|nan|nan|nan|nan|nan|nan|nan|nan|nan|nan|nan|nan|nan|nan|nan|nan|nan|nan|nan|nan|nan|nan|nan|nan|nan|nan|nan|nan|nan|nan|nan|nan|nan|nan
943|nan|nan|nan|nan|nan|nan|nan|nan|nan|nan|nan|nan|nan|nan|nan|nan|nan|nan|nan|nan|nan|nan|nan|nan|nan|nan|nan|nan|nan|nan|nan|nan|nan|nan|nan|nan|nan|nan|nan|nan|nan|nan|nan|nan|nan|nan|nan|nan|nan|nan
944|nan|nan|nan|nan|nan|nan|nan|nan|nan|nan|nan|nan|nan|nan|nan|nan|nan|nan|nan|nan|nan|nan|nan|nan|nan|nan|nan|nan|nan|nan|nan|nan|nan|nan|nan|nan|nan|nan|nan|nan|nan|nan|nan|nan|nan|nan|nan|nan|nan|nan
945|nan|nan|nan|nan|nan|nan|nan|nan|nan|nan|nan|nan|nan|nan|nan|nan|nan|nan|nan|nan|nan|nan|nan|nan|nan|nan|nan|nan|nan|nan|nan|nan|nan|nan|nan|nan|nan|nan|nan|nan|nan|nan|nan|nan|nan|nan|nan|nan|nan|nan
946|nan|nan|nan|nan|nan|nan|nan|nan|nan|nan|nan|nan|nan|nan|nan|nan|nan|nan|nan|nan|nan|nan|nan|nan|nan|nan|nan|nan|nan|nan|nan|nan|nan|nan|nan|nan|nan|nan|nan|nan|nan|nan|nan|nan|nan|nan|nan|nan|nan|nan
947|nan|nan|nan|nan|nan|nan|nan|nan|nan|nan|nan|nan|nan|nan|nan|nan|nan|nan|nan|nan|nan|nan|nan|nan|nan|nan|nan|nan|nan|nan|nan|nan|nan|nan|nan|nan|nan|nan|nan|nan|nan|nan|nan|nan|nan|nan|nan|nan|nan|nan
948|nan|nan|nan|nan|nan|nan|nan|nan|nan|nan|nan|nan|nan|nan|nan|nan|nan|nan|nan|nan|nan|nan|nan|nan|nan|nan|nan|nan|nan|nan|nan|nan|nan|nan|nan|nan|nan|nan|nan|nan|nan|nan|nan|nan|nan|nan|nan|nan|nan|nan
949|nan|nan|nan|nan|nan|nan|nan|nan|nan|nan|nan|nan|nan|nan|nan|nan|nan|nan|nan|nan|nan|nan|nan|nan|nan|nan|nan|nan|nan|nan|nan|nan|nan|nan|nan|nan|nan|nan|nan|nan|nan|nan|nan|nan|nan|nan|nan|nan|nan|nan
950|nan|nan|nan|nan|nan|nan|nan|nan|nan|nan|nan|nan|nan|nan|nan|nan|nan|nan|nan|nan|nan|nan|nan|nan|nan|nan|nan|nan|nan|nan|nan|nan|nan|nan|nan|nan|nan|nan|nan|nan|nan|nan|nan|nan|nan|nan|nan|nan|nan|nan
951|nan|nan|nan|nan|nan|nan|nan|nan|nan|nan|nan|nan|nan|nan|nan|nan|nan|nan|nan|nan|nan|nan|nan|nan|nan|nan|nan|nan|nan|nan|nan|nan|nan|nan|nan|nan|nan|nan|nan|nan|nan|nan|nan|nan|nan|nan|nan|nan|nan|nan
952|nan|nan|nan|nan|nan|nan|nan|nan|nan|nan|nan|nan|nan|nan|nan|nan|nan|nan|nan|nan|nan|nan|nan|nan|nan|nan|nan|nan|nan|nan|nan|nan|nan|nan|nan|nan|nan|nan|nan|nan|nan|nan|nan|nan|nan|nan|nan|nan|nan|nan
953|nan|nan|nan|nan|nan|nan|nan|nan|nan|nan|nan|nan|nan|nan|nan|nan|nan|nan|nan|nan|nan|nan|nan|nan|nan|nan|nan|nan|nan|nan|nan|nan|nan|nan|nan|nan|nan|nan|nan|nan|nan|nan|nan|nan|nan|nan|nan|nan|nan|nan
954|nan|nan|nan|nan|nan|nan|nan|nan|nan|nan|nan|nan|nan|nan|nan|nan|nan|nan|nan|nan|nan|nan|nan|nan|nan|nan|nan|nan|nan|nan|nan|nan|nan|nan|nan|nan|nan|nan|nan|nan|nan|nan|nan|nan|nan|nan|nan|nan|nan|nan
955|nan|nan|nan|nan|nan|nan|nan|nan|nan|nan|nan|nan|nan|nan|nan|nan|nan|nan|nan|nan|nan|nan|nan|nan|nan|nan|nan|nan|nan|nan|nan|nan|nan|nan|nan|nan|nan|nan|nan|nan|nan|nan|nan|nan|nan|nan|nan|nan|nan|nan
956|nan|nan|nan|nan|nan|nan|nan|nan|nan|nan|nan|nan|nan|nan|nan|nan|nan|nan|nan|nan|nan|nan|nan|nan|nan|nan|nan|nan|nan|nan|nan|nan|nan|nan|nan|nan|nan|nan|nan|nan|nan|nan|nan|nan|nan|nan|nan|nan|nan|nan
957|nan|nan|nan|nan|nan|nan|nan|nan|nan|nan|nan|nan|nan|nan|nan|nan|nan|nan|nan|nan|nan|nan|nan|nan|nan|nan|nan|nan|nan|nan|nan|nan|nan|nan|nan|nan|nan|nan|nan|nan|nan|nan|nan|nan|nan|nan|nan|nan|nan|nan
958|nan|nan|nan|nan|nan|nan|nan|nan|nan|nan|nan|nan|nan|nan|nan|nan|nan|nan|nan|nan|nan|nan|nan|nan|nan|nan|nan|nan|nan|nan|nan|nan|nan|nan|nan|nan|nan|nan|nan|nan|nan|nan|nan|nan|nan|nan|nan|nan|nan|nan
959|nan|nan|nan|nan|nan|nan|nan|nan|nan|nan|nan|nan|nan|nan|nan|nan|nan|nan|nan|nan|nan|nan|nan|nan|nan|nan|nan|nan|nan|nan|nan|nan|nan|nan|nan|nan|nan|nan|nan|nan|nan|nan|nan|nan|nan|nan|nan|nan|nan|nan
1000|nan|nan|nan|nan|nan|nan|nan|nan|nan|nan|nan|nan|nan|nan|nan|nan|nan|nan|nan|nan|nan|nan|nan|nan|nan|nan|nan|nan|nan|nan|nan|nan|nan|nan|nan|nan|nan|nan|nan|nan|nan|nan|nan|nan|nan|nan|nan|nan|nan|nan
1001|nan|nan|nan|nan|nan|nan|nan|nan|nan|nan|nan|nan|nan|nan|nan|nan|nan|nan|nan|nan|nan|nan|nan|nan|nan|nan|nan|nan|nan|nan|nan|nan|nan|nan|nan|nan|nan|nan|nan|nan|nan|nan|nan|nan|nan|nan|nan|nan|nan|nan
1002|nan|nan|nan|nan|nan|nan|nan|nan|nan|nan|nan|nan|nan|nan|nan|nan|nan|nan|nan|nan|nan|nan|nan|nan|nan|nan|nan|nan|nan|nan|nan|nan|nan|nan|nan|nan|nan|nan|nan|nan|nan|nan|nan|nan|nan|nan|nan|nan|nan|nan
1003|nan|nan|nan|nan|nan|nan|nan|nan|nan|nan|nan|nan|nan|nan|nan|nan|nan|nan|nan|nan|nan|nan|nan|nan|nan|nan|nan|nan|nan|nan|nan|nan|nan|nan|nan|nan|nan|nan|nan|nan|nan|nan|nan|nan|nan|nan|nan|nan|nan|nan
1004|nan|nan|nan|nan|nan|nan|nan|nan|nan|nan|nan|nan|nan|nan|nan|nan|nan|nan|nan|nan|nan|nan|nan|nan|nan|nan|nan|nan|nan|nan|nan|nan|nan|nan|nan|nan|nan|nan|nan|nan|nan|nan|nan|nan|nan|nan|nan|nan|nan|nan
1005|nan|nan|nan|nan|nan|nan|nan|nan|nan|nan|nan|nan|nan|nan|nan|nan|nan|nan|nan|nan|nan|nan|nan|nan|nan|nan|nan|nan|nan|nan|nan|nan|nan|nan|nan|nan|nan|nan|nan|nan|nan|nan|nan|nan|nan|nan|nan|nan|nan|nan
1006|nan|nan|nan|nan|nan|nan|nan|nan|nan|nan|nan|nan|nan|nan|nan|nan|nan|nan|nan|nan|nan|nan|nan|nan|nan|nan|nan|nan|nan|nan|nan|nan|nan|nan|nan|nan|nan|nan|nan|nan|nan|nan|nan|nan|nan|nan|nan|nan|nan|nan
1007|nan|nan|nan|nan|nan|nan|nan|nan|nan|nan|nan|nan|nan|nan|nan|nan|nan|nan|nan|nan|nan|nan|nan|nan|nan|nan|nan|nan|nan|nan|nan|nan|nan|nan|nan|nan|nan|nan|nan|nan|nan|nan|nan|nan|nan|nan|nan|nan|nan|nan
1008|nan|nan|nan|nan|nan|nan|nan|nan|nan|nan|nan|nan|nan|nan|nan|nan|nan|nan|nan|nan|nan|nan|nan|nan|nan|nan|nan|nan|nan|nan|nan|nan|nan|nan|nan|nan|nan|nan|nan|nan|nan|nan|nan|nan|nan|nan|nan|nan|nan|nan
1009|nan|nan|nan|nan|nan|nan|nan|nan|nan|nan|nan|nan|nan|nan|nan|nan|nan|nan|nan|nan|nan|nan|nan|nan|nan|nan|nan|nan|nan|nan|nan|nan|nan|nan|nan|nan|nan|nan|nan|nan|nan|nan|nan|nan|nan|nan|nan|nan|nan|nan
1010|nan|nan|nan|nan|nan|nan|nan|nan|nan|nan|nan|nan|nan|nan|nan|nan|nan|nan|nan|nan|nan|nan|nan|nan|nan|nan|nan|nan|nan|nan|nan|nan|nan|nan|nan|nan|nan|nan|nan|nan|nan|nan|nan|nan|nan|nan|nan|nan|nan|nan
1011|nan|nan|nan|nan|nan|nan|nan|nan|nan|nan|nan|nan|nan|nan|nan|nan|nan|nan|nan|nan|nan|nan|nan|nan|nan|nan|nan|nan|nan|nan|nan|nan|nan|nan|nan|nan|nan|nan|nan|nan|nan|nan|nan|nan|nan|nan|nan|nan|nan|nan
1012|nan|nan|nan|nan|nan|nan|nan|nan|nan|nan|nan|nan|nan|nan|nan|nan|nan|nan|nan|nan|nan|nan|nan|nan|nan|nan|nan|nan|nan|nan|nan|nan|nan|nan|nan|nan|nan|nan|nan|nan|nan|nan|nan|nan|nan|nan|nan|nan|nan|nan
1013|nan|nan|nan|nan|nan|nan|nan|nan|nan|nan|nan|nan|nan|nan|nan|nan|nan|nan|nan|nan|nan|nan|nan|nan|nan|nan|nan|nan|nan|nan|nan|nan|nan|nan|nan|nan|nan|nan|nan|nan|nan|nan|nan|nan|nan|nan|nan|nan|nan|nan
1014|nan|nan|nan|nan|nan|nan|nan|nan|nan|nan|nan|nan|nan|nan|nan|nan|nan|nan|nan|nan|nan|nan|nan|nan|nan|nan|nan|nan|nan|0.000000|nan|nan|nan|nan|nan|nan|nan|nan|nan|nan|nan|nan|nan|nan|nan|nan|nan|nan|nan|nan
1030|nan|nan|nan|nan|nan|nan|nan|nan|nan|nan|nan|nan|nan|nan|nan|nan|nan|nan|nan|nan|nan|nan|nan|nan|nan|nan|nan|nan|nan|0.000000|nan|nan|nan|nan|nan|nan|nan|nan|nan|nan|nan|nan|nan|nan|nan|nan|nan|nan|nan|nan
1031|nan|nan|nan|nan|nan|nan|nan|nan|nan|nan|nan|nan|nan|nan|nan|nan|nan|nan|nan|nan|nan|nan|nan|nan|nan|nan|nan|nan|nan|-1.198847|nan|nan|nan|nan|nan|nan|nan|nan|nan|nan|nan|nan|nan|nan|nan|nan|nan|nan|nan|nan
1032|nan|nan|nan|nan|nan|nan|nan|nan|nan|nan|nan|nan|nan|nan|nan|nan|nan|nan|nan|nan|nan|nan|nan|nan|nan|nan|nan|nan|nan|-0.899136|nan|nan|nan|nan|nan|nan|nan|nan|nan|nan|nan|nan|nan|nan|nan|nan|nan|nan|nan|nan
1033|nan|nan|nan|nan|nan|nan|nan|nan|nan|nan|nan|nan|nan|nan|nan|nan|nan|nan|nan|nan|nan|nan|nan|nan|nan|nan|nan|nan|nan|-0.719308|nan|nan|nan|nan|nan|nan|nan|nan|nan|nan|nan|nan|nan|nan|nan|nan|nan|nan|nan|nan
1034|nan|nan|nan|nan|nan|nan|nan|nan|nan|nan|nan|nan|nan|nan|nan|nan|nan|nan|nan|nan|nan|nan|nan|nan|nan|nan|nan|nan|nan|-0.101815|nan|nan|nan|nan|nan|nan|nan|nan|nan|nan|nan|nan|nan|nan|nan|nan|nan|nan|nan|nan
1035|nan|nan|nan|nan|nan|nan|nan|nan|nan|nan|nan|nan|nan|nan|nan|nan|nan|nan|nan|nan|nan|nan|nan|nan|nan|nan|nan|nan|nan|0.757852|nan|nan|nan|nan|nan|nan|nan|nan|nan|nan|nan|nan|nan|nan|nan|nan|nan|nan|nan|nan
1036|nan|nan|nan|nan|nan|nan|nan|nan|nan|nan|nan|nan|nan|nan|nan|nan|nan|nan|nan|nan|nan|nan|nan|nan|nan|nan|nan|nan|nan|1.033528|nan|nan|nan|nan|nan|nan|nan|nan|nan|nan|nan|nan|nan|nan|nan|nan|nan|nan|nan|nan
1037|nan|nan|nan|nan|nan|nan|nan|nan|nan|nan|nan|nan|nan|nan|nan|nan|nan|nan|nan|nan|nan|nan|nan|nan|nan|nan|nan|nan|nan|0.588950|nan|nan|nan|nan|nan|nan|nan|nan|nan|nan|nan|nan|nan|nan|nan|nan|nan|nan|nan|nan
1038|nan|nan|nan|nan|nan|nan|nan|nan|nan|nan|nan|nan|nan|nan|nan|nan|nan|nan|nan|nan|nan|nan|nan|nan|nan|nan|nan|nan|nan|0.530055|nan|nan|nan|nan|nan|nan|nan|nan|nan|nan|nan|nan|nan|nan|nan|nan|nan|nan|nan|nan
1039|nan|nan|nan|nan|nan|nan|nan|nan|nan|nan|nan|nan|nan|nan|nan|nan|nan|nan|nan|nan|nan|nan|nan|nan|nan|nan|nan|nan|nan|0.731215|nan|nan|nan|nan|nan|nan|nan|nan|nan|nan|nan|nan|nan|nan|nan|nan|nan|nan|nan|nan
1040|nan|nan|nan|nan|nan|nan|nan|nan|nan|nan|nan|nan|nan|nan|nan|nan|nan|nan|nan|nan|nan|nan|nan|nan|nan|nan|nan|nan|nan|0.670280|nan|nan|nan|nan|nan|nan|nan|nan|nan|nan|nan|nan|nan|nan|nan|nan|nan|nan|nan|nan
1041|nan|nan|nan|nan|nan|nan|nan|nan|nan|nan|nan|nan|nan|nan|nan|nan|nan|nan|nan|nan|nan|nan|nan|nan|nan|nan|nan|nan|nan|0.427738|nan|nan|nan|nan|nan|nan|nan|nan|nan|nan|nan|nan|nan|nan|nan|nan|nan|nan|nan|nan
1042|nan|nan|nan|nan|nan|nan|nan|nan|nan|nan|nan|nan|nan|nan|nan|nan|nan|nan|nan|nan|nan|nan|nan|nan|nan|nan|nan|nan|nan|0.566542|nan|nan|nan|nan|nan|nan|nan|nan|nan|nan|nan|nan|nan|nan|nan|nan|nan|nan|nan|nan
1043|nan|nan|nan|nan|nan|nan|nan|nan|nan|nan|nan|nan|nan|nan|nan|nan|nan|nan|nan|nan|nan|nan|nan|nan|nan|nan|nan|nan|nan|0.528773|nan|nan|nan|nan|nan|nan|nan|nan|nan|nan|nan|nan|nan|nan|nan|nan|nan|nan|nan|nan
1044|nan|nan|nan|nan|nan|nan|nan|nan|nan|nan|nan|nan|nan|nan|nan|nan|nan|nan|nan|nan|nan|nan|nan|nan|nan|nan|nan|nan|nan|0.495724|nan|0.724474|nan|nan|nan|-71.906649|nan|nan|nan|nan|-4600694.444444|nan|nan|8.942062|nan|-29.196199|nan|0.059037|nan|nan
1045|nan|nan|nan|nan|nan|nan|nan|nan|nan|nan|nan|nan|nan|nan|nan|nan|nan|nan|nan|nan|nan|nan|nan|nan|nan|nan|nan|nan|nan|0.328873|nan|0.724474|nan|nan|nan|-72.068795|nan|nan|nan|nan|-4600694.444444|nan|nan|8.915014|nan|-29.196199|nan|0.059037|nan|nan
1046|nan|nan|nan|nan|nan|nan|nan|nan|nan|nan|nan|nan|nan|nan|nan|nan|nan|nan|nan|nan|nan|nan|nan|nan|nan|nan|nan|nan|nan|0.310602|nan|0.724474|nan|nan|nan|-71.732928|nan|nan|nan|nan|-4600694.444444|nan|nan|8.888562|nan|-29.196199|nan|0.059037|nan|nan
1047|nan|nan|nan|nan|nan|nan|nan|nan|nan|nan|nan|nan|nan|nan|nan|nan|nan|nan|nan|nan|nan|nan|nan|nan|nan|nan|nan|nan|nan|0.294255|nan|0.724474|nan|nan|nan|-71.885934|nan|nan|nan|nan|-4600694.444444|nan|nan|8.860671|nan|-29.196199|nan|0.059037|nan|nan
1048|nan|nan|nan|nan|nan|nan|nan|nan|nan|nan|nan|nan|nan|nan|nan|nan|nan|nan|nan|nan|nan|nan|nan|nan|nan|nan|nan|nan|nan|0.155916|nan|0.724474|nan|nan|nan|-71.017182|nan|nan|nan|nan|-4600694.444444|nan|nan|8.833794|nan|-29.196199|nan|0.059037|nan|nan
1049|nan|nan|nan|nan|nan|nan|nan|nan|nan|nan|nan|nan|nan|nan|nan|nan|nan|nan|nan|nan|nan|nan|nan|nan|nan|nan|nan|nan|nan|0.148492|nan|0.724474|nan|nan|nan|-71.697264|nan|nan|nan|nan|-4600694.444444|nan|nan|8.807819|nan|-29.196199|nan|0.059037|nan|nan
1050|nan|nan|nan|nan|nan|nan|nan|nan|nan|nan|nan|nan|nan|nan|nan|nan|nan|nan|nan|nan|nan|nan|nan|nan|nan|nan|nan|nan|nan|0.257432|nan|0.724474|nan|nan|nan|-72.399113|nan|nan|nan|nan|-4600694.444444|nan|nan|8.784198|nan|-29.196199|nan|0.059037|nan|nan
1051|nan|nan|nan|nan|nan|nan|nan|nan|nan|nan|nan|nan|nan|nan|nan|nan|nan|nan|nan|nan|nan|nan|nan|nan|nan|nan|nan|nan|nan|0.134705|nan|0.724474|nan|nan|nan|-72.018226|nan|nan|nan|nan|-4600694.444444|nan|nan|8.761116|nan|-29.196199|nan|0.059037|nan|nan
1052|nan|nan|nan|nan|nan|nan|nan|nan|nan|nan|nan|nan|nan|nan|nan|nan|nan|nan|nan|nan|nan|nan|nan|nan|nan|nan|nan|nan|nan|0.237388|nan|0.724474|nan|nan|nan|-70.804926|nan|nan|nan|nan|-4600694.444444|nan|nan|8.737120|nan|-29.196199|nan|0.059037|nan|nan
1053|nan|nan|nan|nan|nan|nan|nan|nan|nan|nan|nan|nan|nan|nan|nan|nan|nan|nan|nan|nan|nan|nan|nan|nan|nan|nan|nan|nan|nan|0.227892|nan|0.724474|nan|nan|nan|-71.898853|nan|nan|nan|nan|-4600694.444444|nan|nan|8.712591|nan|-29.196199|nan|0.059037|nan|nan
1054|nan|nan|nan|nan|nan|nan|nan|nan|nan|nan|nan|nan|nan|nan|nan|nan|nan|nan|nan|nan|nan|nan|nan|nan|nan|nan|nan|nan|nan|0.219127|nan|0.542339|nan|nan|nan|-71.638063|nan|nan|nan|nan|-4600694.444444|nan|nan|8.687743|nan|-29.196199|nan|0.059037|nan|nan
1055|nan|nan|nan|nan|nan|nan|nan|nan|nan|nan|nan|nan|nan|nan|nan|nan|nan|nan|nan|nan|nan|nan|nan|nan|nan|nan|nan|nan|nan|0.211011|nan|0.542339|nan|nan|nan|-72.288194|nan|nan|nan|nan|-4600694.444444|nan|nan|8.663265|nan|-29.196199|nan|0.059037|nan|nan
1056|nan|nan|nan|nan|nan|nan|nan|nan|nan|nan|nan|nan|nan|nan|nan|nan|nan|nan|nan|nan|nan|nan|nan|nan|nan|nan|nan|nan|nan|0.102600|nan|0.542339|nan|nan|nan|-71.044540|nan|nan|nan|nan|-4600694.444444|nan|nan|8.639847|nan|-29.196199|nan|0.059037|nan|nan
1057|nan|nan|nan|nan|nan|nan|nan|nan|nan|nan|nan|nan|nan|nan|nan|nan|nan|nan|nan|nan|nan|nan|nan|nan|nan|nan|nan|nan|nan|0.099062|nan|0.542339|nan|nan|nan|-72.217839|nan|nan|nan|nan|-4600694.444444|nan|nan|8.618532|nan|-29.196199|nan|0.059037|nan|nan
1058|nan|nan|nan|nan|nan|nan|nan|nan|nan|nan|nan|nan|nan|nan|nan|nan|nan|nan|nan|nan|nan|nan|nan|nan|nan|nan|nan|nan|nan|-0.002408|nan|0.542339|nan|nan|nan|-72.269804|nan|nan|nan|nan|-4600694.444444|nan|nan|8.598137|nan|-29.196199|nan|0.059037|nan|nan
1059|nan|nan|nan|nan|nan|nan|nan|nan|nan|nan|nan|nan|nan|nan|nan|nan|nan|nan|nan|nan|nan|nan|nan|nan|0.016964|nan|nan|nan|nan|-0.002330|nan|0.542339|nan|nan|nan|-71.947805|nan|nan|nan|nan|-4600694.444444|nan|nan|8.578404|nan|-29.196199|nan|0.059037|nan|-66.452375
1100|nan|nan|nan|nan|nan|nan|nan|nan|nan|nan|nan|nan|nan|nan|nan|nan|nan|nan|nan|nan|nan|nan|nan|nan|0.016964|nan|nan|nan|nan|0.092984|nan|0.542339|nan|nan|nan|-70.890863|nan|nan|nan|nan|-4600694.444444|nan|nan|8.558188|nan|-29.196199|nan|0.059037|nan|-66.452375
1101|nan|nan|nan|nan|nan|nan|nan|nan|nan|nan|nan|nan|nan|nan|nan|nan|nan|nan|nan|nan|nan|nan|nan|nan|0.016964|nan|nan|nan|nan|-0.003498|nan|0.542339|nan|nan|nan|-71.789211|nan|nan|nan|nan|-4600694.444444|nan|nan|8.537615|nan|-29.196199|nan|0.059037|nan|-66.452375
1102|nan|nan|nan|nan|nan|nan|nan|nan|nan|nan|nan|nan|nan|nan|nan|nan|nan|nan|nan|nan|nan|nan|nan|nan|0.016964|nan|nan|nan|nan|-0.003395|nan|0.542339|nan|nan|nan|-71.787388|nan|nan|nan|nan|-4600694.444444|nan|nan|8.516790|nan|-29.196199|nan|0.059037|nan|-66.452375
1103|nan|nan|nan|nan|nan|nan|nan|nan|nan|nan|nan|nan|nan|nan|nan|nan|nan|nan|nan|nan|nan|nan|nan|nan|0.016964|nan|nan|nan|nan|-0.003298|nan|0.542339|nan|nan|nan|-71.511127|nan|nan|nan|nan|-4600694.444444|nan|nan|8.496165|nan|-29.196199|nan|0.059037|nan|-66.452375
1104|nan|nan|nan|nan|nan|nan|nan|nan|nan|nan|nan|nan|nan|nan|nan|nan|nan|nan|nan|nan|nan|nan|nan|nan|0.016964|nan|nan|nan|nan|-0.003207|nan|0.542339|nan|nan|nan|-71.797805|nan|nan|nan|nan|-4600694.444444|nan|nan|8.477998|nan|-28.133984|nan|0.059037|nan|-66.452375
1105|nan|nan|nan|nan|nan|nan|nan|nan|nan|nan|nan|nan|nan|nan|nan|nan|nan|nan|nan|nan|nan|nan|nan|nan|0.016964|nan|nan|nan|nan|-0.003120|nan|0.542339|nan|nan|nan|-72.409090|nan|nan|nan|nan|-4600694.444444|nan|nan|8.462798|nan|-27.168335|nan|0.059037|nan|-66.452375
1106|nan|nan|nan|nan|nan|nan|nan|nan|nan|nan|nan|nan|nan|nan|nan|nan|nan|nan|nan|nan|nan|nan|nan|nan|0.016964|nan|nan|nan|nan|0.081619|nan|0.542339|nan|nan|nan|-71.358310|nan|nan|nan|nan|-4600694.444444|nan|nan|8.450547|nan|-26.286655|nan|0.059037|nan|-66.452375
1107|nan|nan|nan|nan|nan|nan|nan|nan|nan|nan|nan|nan|nan|nan|nan|nan|nan|nan|nan|nan|nan|nan|nan|nan|0.016964|nan|nan|nan|nan|0.079526|nan|0.542339|nan|nan|nan|-71.885934|nan|nan|nan|nan|-4600694.444444|nan|nan|8.420834|nan|-25.478448|nan|0.059037|nan|-66.452375
1108|nan|nan|nan|nan|nan|nan|nan|nan|nan|nan|nan|nan|nan|nan|nan|nan|nan|nan|nan|nan|nan|nan|nan|nan|0.016964|nan|nan|nan|nan|0.077538|nan|0.542339|nan|nan|nan|-71.783645|nan|nan|nan|nan|-4600694.444444|nan|nan|8.377915|nan|-24.734898|nan|0.059037|nan|-66.452375
1109|nan|nan|nan|nan|nan|nan|nan|nan|nan|nan|nan|nan|nan|nan|nan|nan|nan|nan|nan|nan|nan|nan|nan|nan|0.016964|nan|nan|nan|nan|0.075647|nan|0.542339|nan|nan|nan|-71.870955|nan|nan|nan|nan|-4600694.444444|nan|nan|8.327211|nan|-24.048545|nan|0.059037|nan|-66.452375
1110|nan|nan|nan|nan|nan|nan|nan|nan|nan|nan|nan|nan|nan|nan|nan|nan|nan|nan|nan|nan|nan|nan|nan|nan|0.016964|nan|nan|nan|nan|0.151136|nan|0.542339|nan|nan|nan|-71.105446|nan|nan|nan|nan|-4600694.444444|nan|nan|8.275972|nan|-23.413032|nan|0.059037|nan|-66.452375
1111|nan|nan|nan|nan|nan|nan|nan|nan|nan|nan|nan|nan|nan|nan|nan|nan|nan|nan|nan|nan|nan|nan|nan|nan|0.016964|nan|nan|nan|nan|0.071963|nan|0.542339|nan|nan|nan|-71.807146|nan|nan|nan|nan|-4600694.444444|nan|nan|8.227867|nan|-22.822913|nan|0.059037|nan|-66.452375
1112|nan|nan|nan|nan|nan|nan|nan|nan|nan|nan|nan|nan|nan|nan|nan|nan|nan|nan|nan|nan|nan|nan|nan|nan|0.016964|nan|nan|nan|nan|0.070327|nan|0.542339|nan|nan|nan|-71.902649|nan|nan|nan|nan|-4600694.444444|nan|nan|8.183940|nan|-22.273491|nan|0.059037|nan|-66.452375
1113|nan|nan|nan|nan|nan|nan|nan|nan|nan|nan|nan|nan|nan|nan|nan|nan|nan|nan|nan|nan|nan|nan|nan|nan|0.016964|nan|nan|nan|nan|0.141426|nan|0.542339|nan|nan|nan|-71.535021|nan|nan|nan|nan|-4600694.444444|nan|nan|8.144660|nan|-21.760698|nan|0.059037|nan|-66.452375
1114|nan|nan|nan|nan|nan|nan|nan|nan|3418.000000|nan|nan|-48892144.567150|nan|nan|nan|nan|nan|nan|nan|nan|nan|nan|nan|nan|0.016964|nan|nan|nan|nan|0.138351|nan|0.542339|nan|nan|nan|-70.799394|nan|nan|nan|nan|-4600694.444444|nan|nan|8.111320|nan|-21.017148|nan|0.059037|nan|-66.452375
1115|nan|nan|nan|nan|nan|nan|nan|nan|3418.000000|nan|nan|-48849577.978737|nan|nan|nan|nan|nan|nan|nan|nan|nan|nan|nan|nan|0.016964|nan|nan|nan|nan|0.135408|nan|0.542339|nan|nan|nan|-72.358733|nan|nan|nan|nan|-4600694.444444|nan|nan|8.080283|nan|-20.273598|nan|0.059037|nan|-66.452375
1116|nan|nan|nan|nan|nan|nan|nan|nan|3418.000000|nan|nan|-48679615.051149|nan|nan|nan|nan|nan|nan|nan|nan|nan|nan|nan|nan|0.016964|nan|nan|nan|nan|0.062977|nan|0.542339|nan|nan|nan|-71.852117|nan|nan|nan|nan|-4600694.444444|nan|nan|8.049193|nan|-19.530048|nan|0.059037|nan|-66.452375
1117|nan|nan|nan|nan|nan|nan|nan|nan|3418.000000|nan|nan|-49621540.836749|nan|nan|nan|nan|nan|nan|nan|nan|nan|nan|nan|nan|0.016964|nan|nan|nan|nan|0.061692|nan|0.542339|nan|nan|nan|-71.906461|nan|nan|nan|nan|-4600694.444444|nan|nan|8.019600|nan|-18.786498|nan|0.059037|nan|-66.452375
1118|nan|nan|nan|nan|nan|nan|nan|nan|3418.000000|nan|nan|-49717043.353060|nan|nan|nan|nan|nan|nan|nan|nan|nan|nan|nan|nan|0.016964|nan|nan|nan|nan|0.128009|nan|0.542339|nan|nan|nan|-72.296726|nan|nan|nan|nan|-4600694.444444|nan|nan|7.989769|nan|-18.042948|nan|0.059037|nan|-66.452375
1119|nan|nan|nan|nan|nan|nan|nan|nan|3418.000000|nan|nan|-49079018.371438|nan|nan|nan|nan|nan|nan|nan|nan|nan|nan|nan|0.028261|0.016964|nan|nan|nan|nan|0.125499|nan|0.542339|nan|nan|nan|-71.711810|nan|nan|nan|nan|-4600694.444444|nan|nan|7.963124|nan|-17.299398|nan|0.059037|nan|-66.452375
1120|nan|nan|nan|nan|nan|nan|nan|nan|3418.000000|nan|nan|-47613343.609516|nan|nan|nan|nan|nan|nan|nan|nan|nan|nan|nan|0.028261|0.016964|nan|nan|nan|nan|0.123085|nan|0.542339|nan|nan|nan|-71.844254|nan|nan|nan|nan|-381997.003385|nan|nan|7.938570|nan|-16.555848|nan|0.059037|nan|-66.452375
1121|nan|nan|nan|nan|nan|nan|nan|nan|3418.000000|nan|nan|-50681109.654166|nan|nan|nan|nan|nan|nan|nan|nan|nan|nan|nan|0.025127|0.016964|nan|nan|nan|nan|0.120763|nan|0.542339|nan|nan|nan|-75.857974|nan|nan|nan|nan|-381997.003385|nan|nan|7.915525|nan|-15.812298|nan|0.059037|nan|-66.452375
1122|nan|nan|nan|nan|nan|nan|nan|nan|3418.000000|nan|nan|-45848867.129509|nan|nan|nan|nan|nan|nan|nan|nan|nan|nan|nan|0.023560|0.016964|nan|nan|nan|nan|0.118526|nan|0.542339|nan|nan|nan|-76.002102|nan|nan|nan|nan|-381997.003385|nan|nan|7.893196|nan|-15.068748|nan|0.059037|nan|-66.452375
1123|nan|nan|nan|nan|nan|nan|nan|nan|3418.000000|nan|nan|-44047798.313398|nan|nan|nan|nan|nan|nan|nan|nan|nan|nan|nan|0.022620|0.016964|nan|nan|nan|nan|0.116371|nan|0.542339|nan|nan|nan|-75.771581|nan|nan|nan|nan|-381997.003385|nan|nan|7.870889|nan|-14.325198|nan|0.059037|nan|-66.452375
1124|nan|nan|nan|0.200000|nan|nan|nan|nan|3418.000000|nan|nan|-41801314.359703|nan|nan|nan|nan|nan|nan|nan|nan|nan|nan|nan|0.021993|0.016964|nan|nan|nan|nan|0.114293|nan|0.542339|nan|nan|nan|-76.002102|nan|nan|nan|nan|-381997.003385|nan|nan|7.847688|nan|-13.581648|nan|0.059037|nan|-66.452375
1125|nan|nan|nan|0.200000|nan|nan|nan|nan|3418.000000|nan|nan|-42484758.975595|nan|nan|nan|nan|nan|nan|nan|nan|nan|nan|nan|0.021545|0.016964|nan|nan|nan|nan|0.112288|nan|0.542339|nan|nan|nan|-76.884434|nan|nan|nan|nan|-381997.003385|nan|nan|7.825273|nan|-12.838098|nan|0.059037|nan|-66.452375
1126|nan|nan|nan|0.200000|nan|nan|nan|nan|3418.000000|nan|nan|-42479219.651585|nan|nan|nan|nan|nan|nan|nan|nan|nan|nan|nan|0.021209|0.016964|nan|nan|nan|nan|0.110352|nan|0.542339|nan|nan|nan|-75.986194|nan|nan|nan|nan|-381997.003385|nan|nan|7.803358|nan|-12.094548|nan|0.059037|nan|-66.452375
1127|nan|nan|nan|0.200000|nan|nan|nan|nan|3418.000000|nan|nan|-42840224.219929|nan|nan|nan|nan|nan|nan|nan|nan|nan|nan|nan|0.020948|0.016964|nan|nan|nan|nan|0.108482|nan|0.542339|nan|nan|nan|-76.676427|nan|nan|nan|nan|-381997.003385|nan|nan|7.782797|nan|-11.350998|nan|0.059037|nan|-66.452375
1128|nan|nan|nan|0.200000|nan|nan|nan|nan|3418.000000|nan|nan|-41566424.815417|nan|nan|nan|nan|nan|nan|nan|nan|nan|nan|nan|0.022246|0.016964|nan|nan|nan|nan|0.050103|nan|0.441166|nan|nan|nan|-76.000146|nan|nan|nan|nan|-381997.003385|nan|nan|7.763887|nan|-11.350998|nan|0.059037|nan|-66.452375
1129|-42529882.387278|nan|nan|0.200000|nan|nan|nan|-4.171606|3418.000000|-0.585948|0.682678|-42734144.924931|nan|nan|nan|nan|-3.800000|nan|118009.879499|nan|nan|nan|nan|0.023307|0.016964|nan|nan|-0.216268|nan|0.276134|nan|0.441166|-0.354696|-0.121256|-0.748302|-75.610196|-884673773.188092|nan|284891.271640|nan|-381997.003385|nan|nan|7.719109|nan|-11.350998|-3.441666|0.059037|nan|-66.452375
1330|-43050199.784014|nan|nan|0.200000|nan|nan|nan|-4.318033|3418.000000|-0.585948|0.682678|-43028349.263624|nan|nan|nan|nan|2.200000|nan|117968.285107|nan|nan|nan|nan|0.024191|0.016964|nan|nan|-0.216268|nan|0.163465|nan|0.441166|-0.585948|-0.121256|-0.748302|-76.629587|-884673773.188092|nan|284891.271640|nan|-381997.003385|nan|nan|7.676117|nan|-11.350998|-3.441666|0.059037|nan|-66.452375
1331|-44077615.303500|nan|nan|0.200000|nan|nan|nan|-4.559339|3418.000000|-0.585948|0.682678|-43920101.368391|nan|nan|nan|nan|2.200000|nan|117901.456265|-0.543448|nan|nan|nan|0.026680|0.016964|nan|nan|-0.212689|nan|0.111115|nan|0.441166|-0.585948|-0.121256|-0.748302|-78.919263|-884673773.188092|nan|284891.271640|nan|-381997.003385|nan|nan|7.634190|nan|-11.350998|-3.441666|0.059037|nan|-66.452375
1332|-44800481.350000|nan|nan|0.200000|nan|nan|nan|-4.559339|3418.000000|-0.585948|0.682678|-44588912.905007|nan|nan|nan|nan|0.200000|nan|117855.281432|0.188728|nan|nan|nan|0.028812|0.016964|nan|nan|-0.212689|nan|0.111115|nan|0.441166|-0.585948|-0.121256|-0.748302|-78.963979|-884673773.188092|nan|284891.271640|nan|-381997.003385|nan|nan|7.593957|nan|-11.350998|-1.441666|0.059037|nan|-66.452375
1333|-44956231.882566|nan|nan|0.200000|nan|nan|nan|-4.559339|3418.000000|-0.585948|0.682678|-44973055.733739|nan|nan|nan|nan|0.200000|nan|117844.927698|0.188728|nan|nan|nan|0.030660|0.016964|nan|nan|-0.212689|nan|0.111115|nan|0.441166|-0.585948|-0.121256|-0.748302|-78.343430|-884673773.188092|nan|284891.271640|nan|-381997.003385|nan|nan|7.554259|nan|-11.350998|-1.441666|0.059037|nan|-66.452375
1334|-47377843.537068|0.691667|nan|0.200000|nan|nan|nan|-4.559339|3418.000000|-0.585948|0.682678|-47466042.839496|nan|nan|nan|nan|-1.800000|nan|117760.209602|0.378192|nan|nan|nan|0.032278|0.016964|nan|nan|-0.207859|nan|0.173956|nan|0.441166|-0.585948|-0.121256|-0.748302|-78.429278|-884673773.188092|nan|284891.271640|nan|-381997.003385|nan|nan|7.517699|nan|-11.350998|-3.441666|0.059037|nan|-66.452375
1335|-47963338.845458|0.656250|nan|0.200000|nan|nan|nan|-4.559339|3418.000000|-0.585948|0.682678|-48198516.396131|nan|nan|nan|nan|-1.800000|nan|117730.353006|0.413569|nan|nan|nan|0.033705|0.016964|nan|nan|-0.203965|nan|0.131756|nan|0.441166|-0.585948|-0.120699|-0.748302|-78.132547|-884673773.188092|nan|284891.271640|nan|-381997.003385|nan|nan|7.476196|nan|-11.350998|-1.441666|0.059037|nan|-66.452375
1336|-47583897.212876|0.541667|nan|0.200000|nan|nan|nan|-4.559339|3418.000000|-0.748302|0.682678|-47858812.965705|nan|nan|nan|nan|2.200000|nan|117725.896291|0.499801|nan|nan|nan|0.034973|0.016964|nan|nan|-0.202519|nan|0.025875|nan|0.441166|-0.585948|-0.119600|-0.748302|-78.076999|-884673773.188092|nan|284891.271640|nan|-381997.003385|nan|nan|7.435948|nan|-11.350998|-1.441666|0.059037|nan|-66.452375
1337|-47377652.480346|0.541667|nan|0.200000|nan|nan|nan|-4.559339|3418.000000|-0.748302|0.516551|-47604036.146908|nan|nan|nan|nan|0.200000|nan|117724.786168|0.499801|nan|nan|nan|0.036108|0.016964|nan|nan|-0.201806|nan|0.075337|nan|0.441166|-0.585948|-0.116804|-0.748302|-78.351780|-884673773.188092|nan|284891.271640|nan|-381997.003385|nan|nan|7.394981|nan|-13.189090|0.558334|0.059037|nan|-66.452375
1338|-46741047.695392|0.531250|nan|0.400000|nan|nan|nan|-4.559339|3418.000000|-0.748302|0.509196|-47274950.873585|nan|nan|nan|nan|2.200000|nan|117728.104228|0.568742|nan|nan|nan|0.037129|0.016964|nan|nan|-0.201806|nan|0.018662|nan|0.441166|-0.585948|-0.114095|-0.748302|-78.548607|-884673773.188092|nan|284891.271640|nan|-381997.003385|nan|nan|7.355305|nan|-15.027181|-1.441666|0.059037|nan|-66.452375
1339|-46658086.250000|0.562500|nan|0.600000|nan|nan|nan|-4.146951|3418.000000|-0.748302|0.362129|-47582801.291320|nan|nan|nan|nan|0.200000|nan|117726.902612|0.568742|nan|nan|nan|0.038053|0.016964|nan|nan|-0.197892|nan|-0.027052|nan|0.441166|-0.585948|-0.111467|-0.748302|-78.130411|-884673773.188092|nan|284891.271640|nan|-381997.003385|nan|nan|7.317910|nan|-16.865273|-1.441666|0.059037|nan|-66.452375
1340|-46362908.503003|0.611805|nan|0.600000|nan|nan|nan|-4.146951|3418.000000|-0.748302|0.172250|-47837570.719567|nan|nan|nan|nan|2.200000|nan|117691.191945|0.568742|nan|nan|nan|0.038894|0.016964|nan|nan|-0.197892|nan|-0.084207|nan|0.441166|-0.585948|-0.108964|-0.748302|-78.492892|-884673773.188092|nan|284891.271640|nan|-381997.003385|nan|nan|7.279540|nan|-18.703365|-1.441666|0.059037|nan|-66.452375
1341|-44504505.054832|0.674405|nan|0.600000|nan|nan|nan|-4.146951|3418.000000|-0.748302|-0.065938|-45746280.441762|nan|nan|nan|nan|0.200000|nan|117689.730109|0.568742|nan|nan|nan|0.039661|0.016964|nan|nan|-0.194475|nan|-0.042827|nan|0.441166|-0.585948|-0.106610|-0.748302|-78.263337|-884673773.188092|nan|284891.271640|nan|-381997.003385|nan|nan|7.240731|nan|-20.541457|-1.441666|0.059037|nan|-66.452375
1342|-44076536.701020|0.752083|nan|0.600000|nan|nan|nan|-0.025870|3418.000000|-0.748302|-0.065938|-45130571.235923|nan|nan|nan|nan|0.200000|nan|117689.130514|0.568742|nan|nan|nan|0.040364|0.016964|nan|nan|-0.192549|nan|-0.082344|nan|0.441166|-0.585948|-0.104313|-0.748302|-78.491422|-884673773.188092|nan|284891.271640|nan|-381997.003385|nan|nan|7.200276|nan|-22.379549|-1.441666|0.059037|nan|-66.452375
1343|-44403398.496154|0.824074|nan|0.600000|nan|nan|nan|-0.025870|3418.000000|-0.748302|-0.065938|-45332270.439023|nan|nan|nan|nan|0.400000|nan|235385.079488|0.568742|nan|nan|nan|0.041011|0.016964|nan|nan|-0.192549|nan|-0.082344|nan|0.441166|-0.585948|-0.100826|-0.748302|-78.656666|-884673773.188092|nan|284891.271640|nan|-381997.003385|nan|nan|7.156754|nan|-24.961191|-1.441666|0.059037|nan|-66.452375
1344|-47722526.867696|0.853333|-0.748302|0.600000|nan|-0.559339|-1.222652|-0.025870|3460.800000|-0.748302|-0.065938|-48538166.976713|0.001307|-2.146080|-30.124921|nan|6.600000|nan|352666.480646|0.568742|nan|-0.044232|-1.061442|0.041608|0.016964|nan|nan|-0.192549|-0.618237|-0.655980|0.632399|0.441166|-0.585948|-0.098588|-0.748302|-300.913022|-884673773.188092|nan|284891.271640|-0.000001|-381997.003385|-0.431345|-0.142182|7.110090|-0.132529|-27.542833|-5.441666|0.059037|-0.618237|-66.452375
1345|-49317706.087554|0.948295|-0.748302|0.600000|-6.715036|-0.559339|-1.222652|-0.025870|3460.800000|-0.748302|-0.065938|-50523293.213747|0.001307|-2.146080|-1.130018|nan|0.600000|4.000000|352403.762394|0.568742|nan|-0.239042|-1.223282|0.042232|0.016964|nan|nan|-0.189513|-0.611066|-0.616968|0.643984|0.441166|-0.585948|-0.096642|-0.748302|-302.691097|-884673773.188092|nan|284891.271640|-0.000001|-381997.003385|-0.438089|-0.140724|7.060826|-0.129270|-30.124475|-3.441666|0.059037|-0.611066|-66.452375
1346|-53491425.536730|1.027083|-0.748302|0.600000|-6.715036|-0.559339|-1.222652|-0.025870|3460.800000|-0.748302|-0.065938|-54450222.335606|0.001307|-2.146080|-1.129915|nan|-1.400000|4.000000|351557.732315|0.568742|nan|-0.119486|-1.497255|0.042812|0.016964|nan|nan|-0.189513|-0.604252|-0.472276|0.661763|0.441166|-0.585948|-0.096642|-0.748302|-301.519819|-884673773.188092|nan|284891.271640|-0.000001|-381997.003385|-0.444551|-0.139603|7.007094|-0.110762|-32.706117|-3.441666|0.059037|-0.604252|-66.452375
1347|-54346159.800000|1.142949|-0.748302|0.600000|-6.715036|-0.559339|-1.222652|-0.025870|3460.800000|-0.748302|-0.065938|-55469078.864938|0.001307|-2.146080|-1.129650|nan|0.600000|4.000000|351316.417376|0.568742|nan|-0.028987|-1.739867|0.043352|0.016964|nan|nan|-0.189513|-0.597756|-0.472276|0.685783|0.564068|-0.585948|-0.096642|-0.748302|-302.690321|-884673773.188092|nan|284891.271640|-0.000001|-381997.003385|-0.450750|-0.138482|6.948866|-0.101900|-35.287759|-1.441666|0.059037|-0.597756|-66.452375
1348|-55710738.400000|1.171577|-0.748302|0.600000|-6.715036|-0.559339|-1.222652|-0.025870|3460.800000|-0.748302|-0.065938|-57281102.245387|0.001307|-2.146080|-1.129944|nan|4.600000|0.000000|234098.891684|0.568742|nan|0.120842|-1.711034|0.043856|0.016964|nan|nan|-0.188813|-0.591543|-0.758402|0.717894|0.564068|-0.585948|-0.096642|-0.748302|-302.305608|-884673773.188092|nan|284891.271640|-0.000001|-381997.003385|-0.456701|-0.137363|6.886288|-0.095865|-37.869401|-3.441666|0.059037|-0.591543|-66.452375
1349|-59229879.138480|1.210000|-0.748302|0.600000|-6.715036|-0.559339|-1.222652|-0.025870|3460.800000|-0.748302|-0.065938|-60816390.805662|0.001307|-2.146080|-1.130304|nan|2.600000|0.000000|233825.382085|0.568742|nan|-2.064665|-1.759102|0.044863|0.016964|nan|nan|-0.189239|-0.587750|-0.935211|0.760297|0.564068|-0.585948|-0.095914|-0.748302|-301.454971|-884673773.188092|nan|284891.271640|-0.000001|-381997.003385|-0.462419|-0.136246|6.816884|-0.090060|-40.451043|-3.441666|0.059037|-0.587750|-66.452375
1350|-59596961.284712|1.361458|-0.748302|0.600000|-6.715036|-0.559339|-1.222652|-0.025870|3460.800000|-0.748302|-0.065938|-61049868.708812|0.001307|-2.146080|-1.130484|nan|0.600000|0.000000|233804.911260|0.568742|nan|-0.211740|-1.666746|0.045870|0.016964|nan|nan|-0.189074|-0.589169|-0.977630|0.814194|0.564068|-0.585948|-0.091899|-0.748302|-301.576309|-884673773.188092|nan|284891.271640|-0.000001|-381997.003385|-0.467917|-0.133328|6.746179|-0.084436|-43.032685|-1.441666|0.059037|-0.589169|-66.452375
1351|-55061759.528436|1.520833|-0.748302|0.600000|-6.715036|-0.559339|-1.222652|-0.025870|3460.800000|-0.748302|-0.065938|-56316343.869963|-0.000945|-2.146080|-1.130574|nan|0.600000|0.000000|234124.392676|0.568742|nan|-8.054561|-1.773662|0.047381|0.016964|nan|nan|-0.189127|-0.592473|-0.934876|0.881036|0.564068|-0.585948|-0.082126|-0.748302|-301.660463|-884673773.188092|nan|284891.271640|-0.000001|-381997.003385|-0.473207|-0.129942|6.674781|-0.078144|-45.614327|-1.441666|0.059037|-0.592473|-66.452375
1352|-53331716.606214|1.520833|-0.748302|0.600000|-6.715036|-0.559339|-1.222652|-0.025870|3964.800000|-0.748302|-0.065938|-54512093.195498|-0.000945|-2.146080|-1.130620|nan|0.600000|0.000000|234247.772056|0.568742|nan|-18.901331|-1.870396|0.048891|0.016964|nan|nan|-0.172252|-0.592447|-0.978194|0.962109|0.564068|-0.585948|-0.081299|-0.748302|-301.505520|-884673773.188092|nan|284891.271640|-0.000001|-381997.003385|-0.478301|-0.127156|6.613647|-0.071382|-48.195969|-1.441666|0.059037|-0.592447|-66.452375
1353|-52643604.465226|1.694676|-0.748302|0.600000|-6.715036|-0.559339|-1.222652|0.172110|3964.800000|-0.748302|-0.065938|-53588678.826538|-0.000945|-2.146080|-0.860092|nan|-1.400000|0.000000|234292.915781|0.568742|nan|-0.001327|-2.072039|0.050401|0.016964|nan|nan|-0.172252|-0.586838|-0.856424|1.057643|0.564068|-0.585948|-0.080691|-0.748302|-301.537226|-884673773.188092|nan|284891.271640|-0.000001|-381997.003385|-0.483211|-0.124445|6.561328|-0.063297|-50.777611|-1.441666|0.059037|-0.586838|-28.161246
1354|-52653946.769979|1.858553|-0.748302|0.600000|-6.715036|-0.363069|-1.222652|0.172110|3964.800000|-0.748302|-0.065938|-53546210.941338|-0.001207|-2.146080|-0.524492|nan|0.600000|0.000000|234299.520714|0.568742|nan|-0.234401|-2.081551|0.051911|0.016964|nan|nan|-0.172252|-0.582403|-0.856424|1.163435|0.564068|-0.585948|-0.079901|-0.748302|-302.028834|-52950414.001997|nan|284891.271640|-0.000001|-381997.003385|-0.487944|-0.116243|6.515897|-0.055273|-53.359253|-1.441666|0.059037|-0.582403|-28.161246
1355|-51613313.596778|2.023958|-0.748302|0.600000|-6.715036|-0.363069|-1.222652|0.172110|3964.800000|-0.748302|-0.065938|-52092219.083291|-0.002923|-2.146080|-0.488268|nan|0.600000|0.000000|117199.369353|0.568742|nan|-0.243680|-2.153195|0.053421|0.016964|nan|nan|-0.172252|-0.576665|-0.856424|1.279012|0.564068|-0.585948|-0.079191|-0.748302|-301.424639|-52212075.659398|nan|284891.271640|-0.000001|-796063.608297|-0.492512|-0.108458|6.473261|-0.048517|-55.940895|-1.650000|0.059037|-0.576665|-28.161246
1356|-52194439.772831|2.176190|-0.748302|0.600000|-6.715036|-0.146951|-1.222652|0.172110|3964.800000|-0.748302|-0.065938|-52399937.063176|-0.007455|-2.146080|-0.488280|nan|-1.400000|0.000000|117180.636060|0.568742|nan|-0.020502|-2.027540|0.054931|0.016964|nan|nan|-0.170390|-0.573290|-0.661062|1.403517|0.564068|-0.748302|-0.079191|-0.748302|-301.099103|-51201270.701528|nan|284891.271640|-0.000001|-796063.608297|-0.493401|-0.064547|6.430924|-0.042312|-58.522537|-1.650000|0.059037|-0.573290|-28.161246
1357|-52214313.571454|2.210606|-0.748302|0.600000|-6.715036|0.292609|-1.222652|0.172110|3964.800000|-0.748302|-0.065938|-51836967.437288|-0.007901|-2.146080|-0.488379|nan|0.600000|0.000000|117128.137520|0.568742|nan|-6.692496|-2.036673|0.056441|0.016964|nan|nan|-0.170390|-0.569439|-0.661062|1.538477|0.564068|-0.748302|-0.083187|-0.748302|-302.080529|-50908206.569365|nan|284891.271640|-0.000001|-796063.608297|-0.487611|-0.062885|6.386988|-0.036839|-61.104179|-3.866666|0.059037|-0.569439|-28.161246
1358|-51842524.950000|2.254167|-0.748302|0.400000|-6.715036|0.632748|-1.222652|0.172110|3964.800000|-0.748302|-0.065938|-51072772.314224|-0.005346|-2.146080|-0.488520|nan|2.600000|0.000000|117148.887569|0.568742|nan|-4.744808|-2.046967|0.058269|0.016964|nan|nan|-0.167789|-0.565030|-0.946751|1.682907|0.564068|-0.748302|-0.076883|-0.748302|-301.236341|-50581319.219130|nan|300359.579828|-0.000001|-796063.608297|-0.481869|-0.058007|6.342092|-0.031801|-63.685821|-3.866666|0.059037|-0.565030|-28.161246
1359|-51485597.601612|2.425521|-0.748302|0.400000|-6.715036|0.632748|-1.222652|0.172110|3964.800000|-0.748302|-0.065938|-51263859.404204|-0.005346|-2.146080|-0.488499|nan|-1.600000|0.000000|9.696263|0.568742|-0.000000|-1.279499|-2.224894|0.059845|0.016964|nan|-94024.305030|-0.167789|-0.560275|-0.769528|1.833346|0.564068|-0.748302|-0.075783|-0.748302|-302.181364|-50441178.307148|-11843.875707|300359.579828|-0.000001|-796063.608297|-0.478754|-0.046912|6.295202|-0.027351|-66.267463|-1.950000|0.059037|-0.560275|-28.161246
1400|-50506070.550000|2.468000|-0.748302|0.400000|-6.715036|0.632748|-1.222652|0.172110|3964.800000|-0.748302|-0.065938|-50890281.505486|-0.005346|-2.146080|-0.488488|-0.234428|0.200000|0.000000|-117164.557605|0.568742|-0.000000|-4.085107|-2.091290|0.061422|0.016964|nan|-92278.175540|-0.162436|-0.555440|-0.820324|1.987522|0.564068|-0.748302|-0.075783|-0.748302|-301.197146|-48233798.562821|-12419.569535|300359.579828|-0.000001|-796063.608297|-0.475263|-0.035632|6.248134|-0.023446|-68.849105|-4.041666|0.059037|-0.555440|-28.161246
1401|-50107646.950000|2.621955|-0.748302|0.400000|-6.715036|0.632748|-1.222652|0.172110|3964.800000|-0.748302|-0.065938|-50699147.598187|0.002169|-2.146080|-0.488483|-0.164321|0.200000|0.000000|-234323.252099|0.568742|-0.000000|-0.856265|-2.160886|0.062244|0.016964|nan|-58513.074155|-0.162739|-0.550608|-0.768808|2.143420|0.564068|-0.748302|-0.075783|-0.748302|-301.343952|-46668212.140854|-12430.090127|300359.579828|-0.000001|-796063.608297|-0.471771|-0.021411|6.202548|-0.019902|-71.430747|-2.108333|0.059037|-0.550608|-28.161246
1402|-50889820.223130|2.758951|-0.748302|0.400000|-6.715036|0.632748|-1.222652|0.172110|3964.800000|-0.748302|-0.065938|-51590255.539719|0.002169|-2.146080|-0.488388|-0.116233|-2.000000|0.000000|-351373.022958|0.568742|-0.000000|-0.681432|-2.335916|0.063067|0.016964|nan|-55644.132451|-0.162739|-0.545877|-0.563675|2.298584|0.564068|-0.748302|-0.075783|-0.748302|-301.087809|-35407187.416636|-12849.014521|300359.579828|-0.000001|-796063.608297|-0.468279|-0.003919|6.158097|-0.016733|-74.012389|-2.283333|0.059037|-0.545877|-28.161246
1403|-50549977.938136|2.767559|-0.748302|0.400000|-6.715036|0.632748|-1.222652|0.172110|3964.800000|-0.748302|-0.065938|-51197371.415515|0.002169|-2.082588|-0.488248|-0.116233|-4.200000|0.000000|-351353.708557|0.568742|-0.000000|-1.527698|-2.300699|0.063890|0.016964|nan|-52746.357830|-0.162739|-0.542086|0.288070|2.451762|0.564068|-0.748302|-0.074006|-0.748302|-300.975278|-27208573.145564|-13967.123336|300359.579828|-0.000001|-796063.608297|-0.464427|0.021953|6.115813|-0.013843|-76.594031|-4.283333|0.059037|-0.542086|-28.161246
1404|-49633477.411819|2.853161|-0.748302|0.400000|-6.715036|0.632748|-1.222652|0.172110|3964.800000|-0.748302|-0.065938|-49980225.524801|0.002169|-0.050842|-0.488178|-0.116233|-0.200000|0.000000|-351275.070296|0.568742|-0.000000|-0.409602|-2.179908|0.064712|0.016964|-0.050542|-48981.547774|-0.162739|-0.540243|0.288070|2.602685|0.564068|-0.748302|-0.071031|-0.748302|-302.306387|-24000387.465642|-17674.109909|300359.579828|-0.000001|-796063.608297|-0.459016|0.036156|6.073407|-0.011189|-79.175673|-2.283333|0.059037|-0.540243|-28.161246
1405|-48008134.221530|2.929444|-0.748302|0.200000|-6.715036|0.632748|-1.222652|0.172110|3964.800000|-0.748302|-0.065938|-48279699.743888|0.002169|-0.034969|-0.488144|-0.116233|-0.200000|0.000000|-351244.665995|0.568742|-0.000000|0.246994|-2.070622|0.065535|0.016964|-0.038402|-44591.286157|-0.162203|-0.540927|0.288070|2.751055|0.564068|-0.748302|-0.069947|-0.748302|-301.739822|-22135981.095293|-17461.881654|300359.579828|-0.000001|-796063.608297|-0.453605|0.037596|6.031662|-0.008665|-81.757315|-2.283333|0.059037|-0.540927|-28.161246
1406|-48212104.745100|2.996237|-0.748302|0.200000|-6.715036|0.632748|-1.222652|0.172110|3962.800000|-0.748302|-0.065938|-48931298.300841|0.002169|0.137953|-0.488126|-0.116233|-2.200000|0.000000|-351176.044829|0.568742|-0.000000|0.303709|-1.781267|0.066358|0.016964|-0.036704|-38094.784060|-0.158116|-0.540832|0.466149|2.895780|0.564068|-0.748302|-0.067896|-0.748302|-301.728170|-20910223.633512|-12451.298401|300359.579828|-0.000001|-796063.608297|-0.448194|0.043215|5.991007|-0.006410|-84.338957|-2.283333|0.059037|-0.540832|-28.161246
1407|-47389775.206976|2.996237|-0.748302|0.200000|-6.715036|0.632748|-1.222652|0.172110|3962.800000|-0.748302|-0.065938|-48051528.707475|0.002169|0.137953|-0.488117|-0.116233|-0.200000|0.000000|-351097.820441|0.568742|-0.000000|0.213832|-1.709946|0.067180|0.016964|-0.033329|-29247.461501|-0.156437|-0.541370|0.466149|3.034280|0.564068|-0.748302|-0.067597|-0.748302|-301.303349|-20901948.444282|-11719.061491|300359.579828|-0.000001|-796063.608297|-0.442783|0.045952|5.951832|-0.004323|-84.338957|-2.283333|0.059037|-0.541370|-28.161246
1408|-44631817.278350|3.057161|-0.748302|0.200000|-6.715036|0.632748|-1.222652|0.172110|3962.800000|-0.748302|-0.065938|-45122572.586719|0.002169|0.137953|-0.488021|-0.116233|-2.200000|0.000000|-351029.686862|0.568742|-0.000000|0.095772|-1.750016|0.068003|0.016964|-0.033507|-12578.288556|-0.156437|-0.541038|0.706775|3.164995|0.564068|-0.748302|-0.066554|-0.748302|-302.210388|-20816552.881142|-12692.991880|300359.579828|-0.000001|-796063.608297|-0.437305|0.049074|5.914464|-0.002315|-84.338957|-2.283333|0.059037|-0.541038|-28.161246
1409|-48007686.740696|3.057161|-0.748302|0.000000|-6.715036|0.632748|-1.222652|0.172110|3962.800000|-0.748302|-0.065938|-48415917.459980|0.002169|0.137953|-0.487881|-0.116233|-2.200000|0.000000|-350771.171366|0.568742|-0.000000|-13.102612|-1.590900|0.068825|0.016964|-0.034018|-4387.384766|-0.156437|-0.541497|1.193919|3.288078|0.564068|-0.748302|-0.066403|-0.748302|-301.007948|-20694780.822149|-110.572861|300359.579828|-0.000001|-796063.608297|-0.431613|0.048881|5.880034|-0.000327|-84.338957|-4.316666|0.058628|-0.541497|-28.161246
1410|-48179263.950000|3.111742|-0.748302|-0.200000|-6.715036|0.614652|-1.222652|0.172110|3962.800000|-0.748302|-0.065938|-48764832.714816|0.002169|0.137953|-0.487903|-0.116233|1.600000|0.000000|-350750.935643|0.568742|-0.000001|-1.391945|-1.261963|0.069648|0.016964|-0.034725|-3602.474530|-0.154905|-0.540670|0.893944|3.403675|0.564068|-0.748302|-0.064283|-0.748302|-301.305762|-20694780.822149|-108.344962|300359.579828|-0.000001|-796063.608297|-0.425504|0.048495|5.847000|0.001462|-84.338957|-2.425000|0.057811|-0.540670|-28.161246
1411|-49950958.088594|3.103309|-0.748302|-0.400000|-6.715036|0.614652|-1.222652|0.172110|3962.800000|-0.748302|-0.065938|-50610193.967560|0.002169|0.137953|-0.488006|-0.116233|1.600000|0.000000|-350527.866625|0.568742|-0.000000|0.069891|-1.158061|0.070471|0.016964|-0.035181|411.118360|-0.155105|-0.540480|0.452169|3.511798|0.564068|-0.748302|-0.060945|-0.748302|-302.469264|-20614555.185721|-93.839837|300359.579828|-0.000001|-796063.608297|-0.419396|0.048535|5.816319|0.003143|-84.338957|-4.425000|0.057811|-0.540480|-28.161246
1412|-48320906.507467|3.150774|-0.748302|-0.600000|-6.715036|0.511614|-1.222652|0.172110|3962.800000|-0.748302|-0.065938|-49358964.514194|0.002169|0.137953|-0.487965|-0.116233|-2.400000|0.000000|-350668.704712|0.568742|-0.000000|0.269486|-1.043978|0.071293|0.016964|-0.035488|1045.113757|-0.155105|-0.540864|0.701721|3.613097|0.564068|-0.748302|-0.060535|-0.748302|-301.581903|-20614555.185721|-97.941916|300359.579828|-0.000001|-796063.608297|-0.413287|0.046975|5.786741|0.004742|-84.338957|-2.425000|0.057403|-0.540864|-28.161246
1413|-48728835.497712|3.190683|-0.748302|-0.600000|-6.715036|0.511614|-1.222652|0.172110|3962.800000|-0.748302|-0.065938|-50474721.402524|0.002169|0.137953|-0.487945|-0.116233|-0.400000|0.000000|-350633.722774|0.568742|-0.000000|0.320512|-0.860805|0.072116|0.016964|-0.023583|779.850970|-0.152823|-0.534041|0.647226|3.708102|0.564068|-0.748302|-0.057963|-0.748302|-300.729669|-20614555.185721|-87.736282|300359.579828|-0.000001|-796063.608297|-0.407178|0.047133|5.757760|0.006180|-84.338957|-2.425000|0.056994|-0.534041|-28.161246
1414|-49193123.164361|3.214640|-0.748302|-0.600000|-6.715036|0.511614|-1.222652|0.172110|3962.800000|-0.748302|-0.065938|-50607341.862958|0.021253|0.137953|-0.487935|-0.116233|-0.400000|0.000000|-350594.901098|0.568742|-0.000000|-1.680646|-0.778412|0.072939|0.016964|-0.015919|4271.743230|-0.151863|-0.528867|0.647226|3.799219|0.564068|-0.748302|-0.055598|-0.748302|-301.063396|-20458426.643442|-103.195980|300359.579828|-0.000001|-796063.608297|-0.400932|0.047340|5.730161|0.007473|-84.338957|-2.425000|0.056585|-0.528867|-28.161246
1415|-50752466.800000|3.183936|-0.748302|-0.600000|-4.296045|0.423824|-1.222652|0.172110|3962.800000|-0.748302|-0.065938|-51681047.458366|0.021253|0.137953|-0.487930|-0.116233|-0.400000|0.000000|-350482.798982|0.568742|-0.000000|-0.762394|-0.720134|0.073697|0.016964|-0.001542|7641.472080|-0.151863|-0.516130|0.647226|3.886218|0.564068|-0.748302|-0.052794|-0.748302|-301.726774|-20169089.166190|-96.571860|300359.579828|-0.000001|-796063.608297|-0.390832|0.047176|5.703208|0.008672|-84.338957|-4.675000|0.053883|-0.516130|-28.161246
1416|-51321771.144706|3.206090|-0.748302|-0.600000|-4.296045|0.423824|-1.222652|0.172110|3962.800000|-0.748302|-0.065938|-52000786.072113|0.021253|0.137953|-0.488019|-0.116233|-0.600000|0.000000|-350470.244314|0.568742|-0.000000|-0.732315|-0.554075|0.074455|0.016964|-0.002956|7925.787073|-0.149345|-0.510660|0.702913|3.968854|0.564068|-0.748302|-0.051014|-0.748302|-301.314275|-20169089.166190|-87.245088|300359.579828|-0.000001|-796063.608297|-0.380732|0.048729|5.676893|0.009783|-84.338957|-2.758334|0.053883|-0.510660|-28.161246
1417|-51739401.071976|3.206090|-0.748302|-0.600000|-4.296045|0.423824|-1.222652|0.237500|3962.800000|-0.748302|-0.065938|-52409819.461214|0.021253|0.137953|-0.488064|-0.141311|-0.600000|0.000000|-350442.826993|0.568742|-0.000000|-0.817376|-0.606332|0.075213|0.016964|-0.003448|7037.317851|-0.151522|-0.511652|0.702913|4.047294|0.564068|-0.748302|-0.050873|-0.748302|-301.562184|-20169089.166190|-130.993862|300359.579828|-0.000001|-796063.608297|-0.370554|0.047390|5.650116|0.010813|-84.338957|-0.758334|0.053883|-0.511652|-28.161246
1418|-53016294.311248|3.215729|-0.748302|-0.600000|-4.296045|0.423824|-1.222652|0.237500|3962.800000|-0.748302|-0.065938|-53713120.797288|0.021253|0.137953|-0.488086|-0.172085|-0.600000|0.000000|-350246.015694|0.568742|-0.000000|-1.491684|-0.685755|0.075971|0.016964|-0.003753|9365.971178|-0.149896|-0.515406|0.646621|4.121440|0.564068|-0.748302|-0.050873|-0.748302|-302.232280|-20169089.166190|-155.305337|300359.579828|-0.000001|-796063.608297|-0.364910|0.047068|5.630997|0.011727|-84.338957|-2.841667|0.053883|-0.515406|-28.161246
1419|-57247380.200000|3.182419|-0.748302|-0.600000|-4.296045|0.423824|-1.222652|0.237500|3962.800000|-0.748302|-0.065938|-57796123.931381|0.021253|0.137953|-0.488098|-0.194444|-0.600000|0.000000|-466552.865508|0.568742|-0.000000|-1.582085|-0.757614|0.076729|0.016964|-0.003833|12789.230834|-0.149896|-0.523849|0.646621|4.190914|0.564068|-0.748302|-0.050873|-0.748302|-301.994938|-20169089.166190|-124.244751|300359.579828|-0.000001|-796063.608297|-0.361335|0.048593|5.621943|0.012588|-84.338957|-4.950000|0.053883|-0.523849|-28.161246
1420|-58285819.385590|3.145585|-0.748302|-0.600000|-4.296045|0.423824|-1.222652|0.237500|3962.800000|-0.748302|-0.065938|-58728812.300541|0.021253|0.137953|-0.487919|-0.179090|-4.600000|0.000000|-466391.220571|0.568742|-0.000000|-1.111260|-0.830143|0.077487|0.016964|-0.001756|15941.015102|-0.149896|-0.528517|1.658207|4.254423|0.564068|-0.748302|-0.050873|-0.748302|-301.199528|-20169089.166190|-156.685419|300359.579828|-0.000001|-796063.608297|-0.357761|0.048071|5.629441|0.013500|-84.338957|-5.200000|0.053883|-0.528517|-28.161246
1421|-60361979.324708|3.111725|-0.748302|-0.600000|-4.296045|0.423824|-1.222652|0.237500|3962.800000|-0.748302|-0.065938|-60552176.412900|0.021253|0.137953|-0.487922|-0.138021|1.400000|0.000000|-466113.552133|0.568742|-0.000000|-1.392676|-0.805199|0.077678|0.016964|-0.002944|19051.188051|-0.149896|-0.530639|1.153843|4.311145|0.564068|-0.748302|-0.049632|-0.748302|-301.955295|-20169089.166190|-135.400280|300359.579828|-0.000001|-796063.608297|-0.354186|0.048016|5.645770|0.014394|-84.338957|-5.241667|0.053883|-0.530639|-28.161246
1422|-66040971.629464|3.111725|-0.748302|-0.600000|-4.296045|0.423824|-1.222652|0.237500|3962.800000|-0.748302|-0.065938|-65982671.143119|0.021253|0.137953|-0.225660|-0.118398|-0.600000|0.000000|-581994.972349|0.568742|-0.000000|-0.772056|-0.684357|0.077869|0.016964|-0.001139|20715.189449|-0.149896|-0.531625|1.153843|4.359810|0.564068|-0.748302|-0.046139|-0.748302|-301.533299|-20169089.166190|-123.690080|300359.579828|-0.000001|-796063.608297|-0.350611|0.047802|5.672944|0.015265|-84.338957|-3.241667|0.053883|-0.531625|-28.161246
1423|-67855840.674992|3.076373|-0.748302|-0.600000|-4.296045|0.423824|-1.222652|0.237500|3962.800000|-0.748302|-0.065938|-67029420.831331|0.021253|0.137953|-0.225617|-0.109748|-2.600000|0.000000|-697894.923218|0.568742|-0.000000|-1.115781|-0.661991|0.078060|0.016964|0.000279|20593.634841|-0.144613|-0.531349|1.653912|4.398197|0.564068|-0.748302|-0.038593|-0.748302|-300.874506|-18977693.910677|-131.767322|300359.579828|-0.000001|-796063.608297|-0.347037|0.048098|5.709292|0.016170|-84.338957|-5.325000|0.053883|-0.531349|-28.161246
1424|-73182553.670940|3.038056|-0.748302|-0.600000|-4.296045|0.423824|-1.222652|0.661147|3962.800000|-0.748302|-0.065938|-71228321.470746|0.021253|0.133671|-0.225554|-0.106203|-2.600000|0.000000|-812829.709322|0.568742|-0.000000|-9.320714|-0.672460|0.078251|0.016964|-0.000184|20421.317729|-0.138225|-0.526456|2.150742|4.423503|0.564068|-0.748302|-0.030435|-0.748302|-301.437666|-18977693.910677|-163.293558|300359.579828|-0.000001|-796063.608297|-0.343462|0.048392|5.752997|0.017166|-84.338957|-5.366667|0.057824|-0.526456|-28.161246
1425|-74499571.252194|3.024456|-0.748302|-0.600000|-4.296045|0.423824|-1.222652|0.661147|3962.800000|-0.748302|-0.065938|-71769763.546290|0.021253|0.057288|-0.225522|-0.099400|-0.600000|0.000000|-812577.353334|0.568742|-0.000000|-1.369353|-0.691294|0.078441|0.016964|-0.000644|20178.257648|-0.138225|-0.505266|2.150742|4.435519|0.564068|-0.748302|-0.025172|-0.748302|-301.388582|-18977693.910677|-159.336034|300359.579828|-0.000001|-796063.608297|-0.339888|0.048778|5.805666|0.018239|-84.338957|-3.433334|0.057824|-0.505266|-28.161246
1426|-76380186.292182|2.972961|-0.748302|-0.600000|-4.413484|0.423824|-1.222652|0.661147|3962.800000|-0.748302|0.170887|-72807591.312963|0.021253|0.019096|-0.225464|-0.089191|-2.600000|0.000000|-812068.394803|0.568742|-0.000000|-3.036060|-0.871007|0.078632|0.016964|0.001219|21633.642660|-0.118504|-0.499094|2.638486|4.435341|0.564068|-0.748302|-0.011764|-0.748302|-301.437489|-18977693.910677|-203.144857|374671.809366|-0.000001|-796063.608297|-0.336313|0.048506|5.867257|0.019432|-84.338957|-5.475000|0.088482|-0.499094|-28.161246
1427|-75393363.695604|2.935590|-0.748302|-0.600000|-4.413484|0.423824|-1.222652|0.661147|3962.800000|-0.748302|0.410108|-71549145.798803|0.021253|-0.066916|-0.225434|-0.087023|-0.600000|0.000000|-928051.521962|0.568742|-0.000000|-0.937520|-0.779603|0.078823|0.016964|0.000656|22669.051618|-0.107560|-0.497435|2.638486|4.423443|0.564068|-0.748302|-0.011764|-0.748302|-302.361486|-18977693.910677|-201.441655|374671.809366|-0.000001|-796063.608297|-0.332739|0.048271|5.936751|0.020733|-84.338957|-3.475000|0.088482|-0.497435|-28.161246
1428|-76613729.602200|2.893197|-0.748302|-0.600000|-4.413484|0.423824|-1.222652|0.661147|3962.800000|-0.748302|0.410108|-72782832.798763|0.031235|-0.066916|-0.225420|-0.079298|-0.600000|0.000000|-927906.954918|0.568742|-0.000000|-1.687569|-0.887379|0.077692|0.015876|-0.000069|25226.286458|-0.105964|-0.497260|2.695057|4.400414|0.564068|-0.748302|-0.011764|-0.748302|-301.470262|-18977693.910677|-192.949349|374671.809366|-0.000001|-796063.608297|-0.329164|0.048071|6.015100|0.022114|-84.338957|-3.475000|0.119110|-0.497260|-28.161246
1429|-80943074.650000|2.843917|-0.748302|-0.800000|-4.413484|0.423824|-1.222652|0.822987|3926.800000|-0.748302|0.410108|-77225012.900557|0.031235|-0.066916|-0.225412|-0.069132|-0.600000|0.000000|-1042350.723634|0.568742|-0.000000|-10.096263|-0.984892|0.076813|0.015078|0.000342|25516.801584|-0.104613|-0.495699|2.469026|4.367010|0.564068|-0.748302|-0.010598|-0.748302|-301.795069|-20556755.556522|-152.201404|374671.809366|-0.000001|-796063.608297|-0.325590|0.047908|6.101483|0.023571|-84.338957|-5.858334|0.119110|-0.495699|-28.161246
1430|-81319015.040782|2.787704|-0.748302|-0.800000|-4.413484|0.311751|-1.222652|0.969414|3926.800000|-0.748302|0.410108|-77557237.807162|0.031235|-0.066916|-0.225409|-0.069132|-0.600000|0.000000|-1273754.726899|0.568742|-0.000000|-1.442395|-0.882641|0.075933|0.015078|0.000023|25520.329044|-0.101797|-0.487258|2.581695|4.324741|0.564068|-0.748302|-0.010598|-0.748302|-301.131661|-20625875.238135|-143.244216|374671.809366|-0.000001|-796063.608297|-0.328906|0.050277|6.197185|0.025132|-84.338957|-6.325000|0.119110|-0.487258|-28.161246
1431|-81205802.123714|2.737500|-0.748302|-0.800000|-4.413484|0.176087|-1.222652|1.210720|2481.600000|-0.748302|0.410108|-76719720.487391|0.031235|-0.066916|-0.225365|-0.055203|-2.600000|0.000000|-1505030.294634|0.568742|-0.000000|-2.147901|-1.054960|0.074300|0.014208|-0.000053|25970.726217|-0.100277|-0.487325|2.922537|4.274658|0.564068|-0.748302|-0.010598|-0.748302|-301.847074|-23282570.745511|-161.140436|320362.596000|-0.000001|-796063.608297|-0.333080|0.049574|6.302297|0.026778|-84.338957|-4.825000|0.148481|-0.487325|-28.161246
1432|-80638728.500000|2.669025|-0.748302|-1.000000|-4.413484|0.053344|-1.222652|1.210720|2481.600000|-0.748302|0.410108|-75855104.651192|0.031235|-0.066916|-0.225342|-0.030144|-0.600000|0.000000|-1157263.492716|0.568742|-0.000000|-1.977042|-1.143593|0.072666|0.014208|-0.000908|25556.096908|-0.100277|-0.482413|2.922537|4.218195|0.564068|-0.748302|-0.010598|-0.748302|-301.841267|-23282570.745511|-146.208029|320362.596000|-0.000001|-796063.608297|-0.337255|0.049998|6.416355|0.028516|-84.338957|-4.825000|0.148481|-0.482413|-28.161246
1433|-80955784.959544|2.612153|-0.748302|-1.200000|-4.413484|-0.031159|-1.222652|1.210720|2481.600000|-0.748302|0.410108|-76213773.667264|0.031235|-0.066916|-0.225331|-0.005675|-2.600000|0.000000|-809924.426970|0.568742|-0.000000|-2.091443|-1.223786|0.071033|0.014208|-0.001327|25502.505189|-0.100277|-0.476239|3.145046|4.157439|0.564068|-0.748302|-0.008812|-0.748302|-302.198697|-23282570.745511|-143.174618|320362.596000|-0.000001|-796063.608297|-0.341429|0.051962|6.535199|0.030331|-84.338957|-4.825000|0.179047|-0.476239|-28.161246
1434|-73798349.626558|2.576582|-0.748302|-1.400000|-4.413484|-0.107614|-1.222652|1.210720|2481.600000|-0.748302|0.410108|-68110606.059989|0.031235|-0.066916|-0.225241|0.025368|-4.800000|0.000000|-347804.063368|0.568742|-0.000000|-1.529704|-1.422236|0.069399|0.014208|-0.001888|25654.009385|-0.102537|-0.474831|3.912892|4.093068|0.564068|-0.748302|-0.008812|-0.748302|-386.030439|-25221234.160345|-189.696547|320362.596000|-0.000001|-796063.608297|-0.344640|0.055897|6.661043|0.032320|-84.338957|-6.825000|0.210180|-0.474831|-31.709524
1435|-74608839.602444|2.506790|-0.748302|-1.400000|-4.413484|-0.176788|-1.199293|1.210720|2481.600000|-0.748302|0.410108|-68981508.292873|0.031235|-0.197665|-0.225281|0.048610|3.200000|-2.000000|-115888.928176|0.568742|-0.000000|-1.934005|-1.240872|0.067766|0.014208|-0.001772|25279.514894|-0.102194|-0.474871|2.984217|4.025710|0.564068|-0.748302|-0.008812|-0.748302|-387.283887|-25221234.160345|-148.649712|320362.596000|-0.000001|-796063.608297|-0.347851|0.058564|6.788484|0.034278|-84.338957|-6.825000|0.210180|-0.474871|-32.092158
1436|-74596179.623556|2.427701|-0.748302|-1.400000|-4.413484|-0.239374|-1.199293|1.210720|2481.600000|-0.544061|0.410108|-68896833.662818|0.031235|-0.197665|-0.225300|0.054097|-0.800000|-2.000000|3.437113|0.568742|-0.000000|-4.555171|-1.109789|0.066132|0.014208|-0.001394|23942.542002|-0.103652|-0.474777|3.040710|3.954444|0.564068|-0.748302|-0.008106|-0.748302|-387.211744|-25942838.656894|-149.834967|320362.596000|-0.000001|-796063.608297|-0.350283|0.064356|6.916558|0.036203|-84.338957|-4.825000|0.210180|-0.474777|-32.092158
1437|-74618503.423942|2.310530|-0.748302|-1.600000|-4.413484|-0.314057|-1.199293|1.210720|2481.600000|-0.371475|0.410108|-68918091.995508|0.031235|-0.197665|-0.225353|0.063127|1.000000|-2.000000|1.178548|0.568742|-0.000000|-1.179559|-1.077512|0.064499|0.014208|-0.001032|23715.156453|-0.103652|-0.468817|2.825872|3.878294|0.564068|-0.748302|-0.007851|-0.748302|-386.481680|-26021143.735516|-142.066885|320362.596000|-0.000001|-796063.608297|-0.351620|0.069830|7.044441|0.038067|-84.338957|-4.825000|0.210180|-0.468817|-32.092158
1438|-73508850.242714|2.227576|-0.748302|-1.600000|-4.413484|-0.474623|-1.199293|1.210720|2481.600000|-0.371475|0.410108|-67813805.510530|0.031235|-0.197665|-0.225379|0.078336|-1.200000|-2.000000|2.470982|0.568742|-0.000000|-0.913138|-1.142544|0.062865|0.014208|-0.000667|24504.397486|-0.104425|-0.463302|2.882547|3.796606|0.564068|-0.748302|-0.003642|-0.748302|-386.839498|-26021143.735516|-135.878089|320362.596000|-0.000001|-796063.608297|-0.352673|0.074211|7.172470|0.039873|-84.338957|-4.825000|0.210180|-0.463302|-32.092158
1439|-72830867.670949|2.134167|-0.748302|-1.800000|-4.413484|-0.619897|-1.199293|1.210720|2481.600000|-0.371475|0.410108|-67081035.791317|0.031235|-0.197665|-0.225350|0.104830|-3.400000|-2.000000|115918.525485|0.568742|-0.000000|-1.428634|-1.277385|0.061232|0.014208|0.003592|26766.430964|-0.104425|-0.426890|3.094899|3.709033|0.564068|-0.748302|0.000298|-0.748302|-386.192712|-26714534.081963|-142.129300|320362.596000|-0.000001|-796063.608297|-0.350048|0.079967|7.299946|0.041660|-84.338957|-4.825000|0.210180|-0.426890|-32.092158
1440|-74215690.135860|2.034356|-0.748302|-2.200000|-4.413484|-0.751336|-1.199293|1.210720|2481.600000|-0.371475|0.410108|-68419130.642153|0.031235|-0.197665|-0.225335|0.125175|-1.400000|-2.000000|231731.853052|0.568742|-0.000000|-1.264357|-1.140144|0.059598|0.014208|0.007156|26139.511734|-0.112183|-0.384563|3.152054|3.616346|0.564068|-0.748302|0.002876|-0.748302|-387.156482|-26736413.751181|-123.869221|320362.596000|-0.000001|-796063.608297|-0.346321|0.085626|7.427796|0.043414|-84.338957|-6.825000|0.210180|-0.384563|-32.092158
1441|-73802603.350000|1.928826|-0.544061|-2.600000|-4.413484|-0.789280|-1.199293|1.210720|2481.600000|-0.371475|0.410108|-67835056.330873|0.034460|-0.197665|-0.225413|0.142038|2.600000|-2.000000|231774.392051|0.568742|-0.000000|-3.533375|-1.014769|0.057965|0.014208|0.013912|25849.741626|-0.113431|-0.295978|2.309253|3.518466|0.564068|-0.748302|0.034217|-0.748302|-386.770052|-26736413.751181|-119.585278|320362.596000|-0.000001|-796063.608297|-0.339077|0.092251|7.556380|0.045168|-84.338957|-6.825000|0.210180|-0.295978|-32.092158
1442|-73686869.959794|1.858902|-0.371475|-3.000000|-4.413484|-0.836531|-1.199293|-0.047251|2481.600000|-0.371475|0.410108|-67548511.924025|0.034460|-0.197665|-0.225409|0.154753|-1.600000|-2.000000|231753.839970|0.568742|-0.000000|-1.895288|-1.152394|0.056332|0.013193|0.015332|26478.682677|-0.113431|-0.282711|2.309253|3.415259|0.564068|-0.748302|0.078792|-0.748302|-386.984833|-28758445.701912|-123.488397|320362.596000|-0.000001|-796063.608297|-0.331833|0.099713|7.686468|0.046861|-84.338957|-6.825000|0.210180|-0.282711|-32.092158
1443|-73651108.895688|1.779053|-0.371475|-3.200000|-4.413484|-0.836531|-1.199293|-0.047251|2481.600000|-0.371475|0.410108|-67569838.555162|0.034460|-0.197665|-0.225407|0.154753|-1.600000|-2.000000|231732.961251|0.568742|-0.000000|-0.877226|-1.016195|0.054698|0.012341|0.011616|25832.662460|-0.113431|-0.286321|2.309253|3.308589|0.564068|-0.748302|0.094908|-0.748302|-387.161893|-28758445.701912|-107.598234|320362.596000|-0.000001|-796063.608297|-0.324590|0.106399|7.816631|0.048482|-84.338957|-4.825000|0.210180|-0.286321|-32.092158
1444|-72529924.219264|1.649394|-0.371475|-3.200000|-4.413484|-1.056838|-1.199293|-0.267558|2481.600000|-0.371475|0.410108|-66561076.930263|0.034460|-0.197665|-0.225406|0.154753|-1.800000|-2.000000|231787.113017|0.568742|-0.000000|-1.298902|-0.892968|0.053065|0.012341|0.011275|26268.987846|-0.113590|-0.296566|2.882889|3.198564|0.564068|-0.748302|0.128939|-0.748302|-386.774623|-28843326.991449|-90.936249|279186.184486|-0.000001|-796063.608297|-0.316115|0.117509|7.946538|0.050005|-84.338957|-6.825000|0.221513|-0.296566|-32.092158
1445|-72277349.326472|1.553220|-0.371475|-3.400000|-4.413484|-1.446639|-1.199293|-0.657359|2481.600000|-0.371475|0.410108|-66593011.673089|0.034460|-0.197665|-0.225406|0.154753|-2.200000|-2.000000|231766.725075|0.568742|-0.000000|-1.801018|-0.781476|0.051367|0.012317|0.010599|26883.007918|-0.113590|-0.305295|2.882889|3.085246|0.564068|-0.748302|0.146086|-0.748302|-386.932065|-29028447.893143|-90.768015|279186.184486|-0.000001|-796063.608297|-0.307640|0.119801|8.076729|0.051418|-84.338957|-4.825000|0.221513|-0.305295|-32.092158
1446|-71943131.776476|1.398258|-0.371475|-3.600000|-4.413484|-1.799317|-1.199293|-1.108495|2481.600000|-0.371475|0.410108|-66433750.034300|0.034460|-0.197665|-0.184320|0.154753|-2.600000|-2.000000|231771.501080|0.568742|-0.000000|-1.155686|-0.871078|0.049669|0.012294|0.008535|26617.821741|-0.122250|-0.305992|2.738197|2.970426|0.564068|-0.748302|0.157054|-0.748302|-387.049829|-29028447.893143|-68.885010|279186.184486|-0.000001|-796063.608297|-0.299165|0.122011|8.207026|0.052765|-84.338957|-4.825000|0.221513|-0.305992|-32.092158
1447|-70369872.257162|1.223258|-0.371475|-3.600000|-4.413484|-2.115022|-1.199293|-1.108495|2481.600000|-0.371475|0.410108|-64865254.745758|0.034460|-0.197665|-0.184320|0.154753|-2.000000|-2.000000|231810.923550|0.568742|-0.000000|-0.973007|-0.952148|0.047971|0.012272|0.006456|27195.802533|-0.122250|-0.307099|2.738197|2.855969|0.564068|-0.748302|0.171060|-0.748302|-387.396320|-29028447.893143|-70.167941|279186.184486|-0.000001|-796063.608297|-0.290628|0.122643|8.336462|0.054070|-84.338957|-4.825000|0.221513|-0.307099|-32.092158
1448|-70298813.562518|1.121932|-0.371475|-4.000000|-4.413484|-2.115022|-1.199293|-1.108495|2481.600000|-0.371475|0.410108|-64929043.804970|0.034460|-0.197665|-0.184320|0.154753|-1.400000|-2.000000|231796.112207|0.568742|-0.000000|-0.984306|-0.835020|0.046273|0.012210|0.004066|26675.626911|-0.120447|-0.307271|3.065531|2.743377|0.564068|-0.748302|0.201142|-0.748302|-386.551933|-29028447.893143|-70.648550|279186.184486|-0.000001|-796063.608297|-0.281665|0.123262|8.465304|0.055306|-84.338957|-4.825000|0.246046|-0.307271|-159.798092
1449|-68205870.602814|0.972424|-0.371475|-4.200000|-4.413484|-2.115022|-1.199293|-1.108495|2481.600000|-0.371475|0.410108|-63103164.167864|0.034460|-0.197665|-0.184320|0.154753|-0.600000|-2.000000|231782.948541|0.568742|-0.000000|-1.534492|-0.919523|0.044575|0.012055|0.004131|27385.686938|-0.120287|-0.305838|3.242341|2.633316|0.564068|-0.748302|0.226383|-0.748302|-385.626521|-29028447.893143|-72.801641|279186.184486|-0.000001|-796063.608297|-0.272117|0.125650|8.593736|0.056445|-84.338957|-4.825000|0.276928|-0.305838|-159.798092
1450|-67267415.953998|0.790227|-0.371475|-4.200000|-4.413484|-2.213568|-1.199293|-1.108495|2481.600000|-0.371475|0.410108|-62529768.475198|0.034460|-0.197665|-0.184285|0.154753|-2.200000|-2.000000|231811.659219|0.568742|-0.000000|-1.579429|-1.092552|0.042877|0.012055|0.003669|29557.573193|-0.120334|-0.306085|3.454523|2.524980|0.564068|-0.748302|0.277531|-0.607234|-386.633295|-29028447.893143|-78.943386|279186.184486|-0.000001|-796063.608297|-0.262142|0.127983|8.721303|0.057488|-84.338957|-4.825000|0.307810|-0.306085|-159.798092
1451|-63104024.540158|0.604167|-0.371475|-4.200000|-4.413484|-2.302728|-1.199293|-1.108495|2481.600000|-0.371475|0.410108|-58973470.514470|0.034460|-0.197665|-0.194855|0.154753|2.000000|-2.000000|231810.620099|0.568742|-0.000000|-4.047867|-1.044518|0.041366|0.013309|0.004830|29939.816126|-0.116110|-0.296628|3.241072|2.418711|0.564068|-0.748302|0.320857|-0.607234|-387.366548|-29028447.893143|-67.566707|279186.184486|-0.000001|-796063.608297|-0.252490|0.131424|8.847326|0.058432|-84.338957|-4.350000|0.307810|-0.296628|-159.798092
1452|-64620272.629444|0.480729|-0.371475|-4.200000|-4.413484|-2.383397|-1.199293|-1.108495|2481.600000|-0.371475|0.410108|-60800088.990006|0.034460|-0.197665|-0.194828|0.154753|0.000000|-2.000000|231671.962509|0.568742|-0.000000|-2.027651|-1.196275|0.039856|0.015245|0.004924|30376.444803|-0.115514|-0.289483|3.241072|2.315114|0.564068|-0.748302|0.354260|-0.607234|-386.669288|-29028447.893143|-74.924544|279186.184486|-0.000001|-796063.608297|-0.242837|0.132123|8.972053|0.059282|-84.338957|-3.833334|0.307810|-0.289483|-159.798092
1453|-62380022.920450|0.288170|-0.371475|-4.800000|-4.413484|-2.456383|-1.199293|-1.108495|2481.600000|-0.371475|0.410108|-59111624.941519|0.034460|-0.197665|-0.194851|0.154753|2.000000|-2.000000|231789.346010|0.568742|-0.000000|-2.276782|-1.148567|0.038346|0.016503|0.005022|32134.327219|-0.117989|-0.292694|2.902669|2.213000|0.564068|-0.748302|0.368767|-0.607234|-386.847098|-29028447.893143|-65.680207|279186.184486|-0.000001|-796063.608297|-0.233185|0.128577|9.095608|0.060076|-84.338957|-2.850000|0.307810|-0.292694|-159.798092
1454|-62907215.296926|0.150037|-0.371475|-4.000000|-4.413484|-2.712894|-1.199293|-1.108495|2481.600000|-0.371475|0.410108|-59950627.984754|0.034460|-0.197665|-0.194862|0.154753|0.200000|-2.000000|231712.402573|0.568742|-0.000000|-11.690678|-1.199800|0.036836|0.018992|0.006030|35842.558305|-0.119577|-0.294457|2.902669|2.113922|0.564068|-0.748302|0.379506|-0.607234|-386.276194|-29028447.893143|-32.407748|279186.184486|-0.000001|-796063.608297|-0.223533|0.129194|9.218649|0.060789|-84.338957|-4.541667|0.307810|-0.294457|-159.798092
1455|-64546650.203113|-0.044903|-0.371475|-3.600000|-4.413484|-2.944976|-1.199293|-0.483223|2481.600000|-0.371475|0.410108|-61678977.658695|0.034460|-0.757999|-0.194868|0.154753|0.400000|-2.000000|231527.044743|0.568742|-0.000000|-3.646666|-1.246153|0.035326|0.021254|0.005724|39244.023284|-0.119577|-0.298941|2.902669|2.019899|0.564068|-0.748302|0.395499|-0.607234|-387.107905|-29028447.893143|-43.789195|279186.184486|-0.000001|-796063.608297|-0.213880|0.128086|9.341060|0.061420|-84.338957|-2.250000|0.307810|-0.298941|-159.798092
1456|-65480014.373842|-0.202641|-0.371475|-2.800000|-3.674854|-3.154955|-1.199293|-0.483223|2481.600000|-0.491570|0.410108|-63049099.175199|0.034460|-0.757999|-0.194871|0.154753|0.400000|-2.000000|231390.257899|0.568742|-0.000000|-5.805197|-1.288092|0.033816|0.021808|0.003250|46185.417728|-0.122198|-0.296183|2.754382|1.931666|0.564068|-0.748302|0.405288|-0.607234|-386.635535|-29028447.893143|-45.100308|279186.184486|-0.000001|-796063.608297|-0.207632|0.123717|9.462666|0.061962|-84.338957|-2.250000|0.307810|-0.296183|-159.798092
1457|-66916116.677299|-0.362165|-0.371475|-2.000000|-3.674854|-3.344935|-1.199293|-0.483223|2481.600000|-0.607234|0.410108|-64802007.115770|0.034460|-0.757999|-0.194872|0.144847|2.400000|-2.000000|231134.388068|0.568742|-0.000000|-7.678038|-1.326036|0.032306|0.023619|0.002582|50481.150232|-0.122856|-0.294076|2.530434|1.850534|0.564068|-0.748302|0.413606|-0.607234|-387.291140|-29028447.893143|-46.525995|279186.184486|-0.000001|-796063.608297|-0.207922|0.119505|9.583256|0.062385|-84.338957|-2.250000|0.307810|-0.294076|-159.798092
1458|-67378471.879130|-0.509561|-0.371475|-1.200000|-3.674854|-3.897775|-1.199293|-0.483223|2481.600000|-0.607234|0.410108|-65725886.653298|0.034460|-1.369452|-0.194836|0.133184|0.400000|-2.000000|231072.570736|0.568742|-0.000000|-1.845082|-1.651145|0.029536|0.026160|0.002056|54012.342815|-0.124484|-0.297179|2.865207|1.778354|0.564068|-0.748302|0.446083|-0.607234|-386.774778|-29028447.893143|-55.567459|267534.074286|-0.000001|-796063.608297|-0.209709|0.115418|9.703132|0.062595|-82.301347|-4.250000|0.307810|-0.297179|-159.798092
1459|-65370139.920782|-0.712574|-0.371475|-0.400000|-3.674854|-4.397963|-1.199293|-0.483223|2481.600000|-0.607234|0.410108|-64324594.829694|0.034460|-1.480307|-0.194855|0.131697|2.400000|-2.000000|231082.458745|0.568742|-0.000000|-5.876366|-1.359606|0.026767|0.027016|-0.002142|57437.146419|-0.122534|-0.298044|2.230549|1.716839|0.564068|-0.748302|0.459315|-0.607234|-387.245683|-29028447.893143|-41.598186|267534.074286|-0.000001|-796063.608297|-0.211496|0.115171|9.821740|0.062710|-80.263737|-4.250000|0.307810|-0.298044|-159.798092
