859|nan|nan|nan|nan|nan|nan|nan|nan|nan|nan|nan|nan|nan|nan|nan|nan|nan|nan|nan|nan|nan|nan|nan|nan|nan|nan|nan|nan|nan|nan|nan|nan|nan|nan|nan|nan|nan|nan|nan|nan|nan|nan|nan|nan|nan|nan|nan|nan|nan|nan
900|nan|nan|nan|nan|nan|nan|nan|nan|nan|nan|nan|nan|nan|nan|nan|nan|nan|nan|nan|nan|nan|nan|nan|nan|nan|nan|nan|nan|nan|nan|nan|nan|nan|nan|nan|nan|nan|nan|nan|nan|nan|nan|nan|nan|nan|nan|nan|nan|nan|nan
901|nan|nan|nan|nan|nan|nan|nan|nan|nan|nan|nan|nan|nan|nan|nan|nan|nan|nan|nan|nan|nan|nan|nan|nan|nan|nan|nan|nan|nan|nan|nan|nan|nan|nan|nan|nan|nan|nan|nan|nan|nan|nan|nan|nan|nan|nan|nan|nan|nan|nan
902|nan|nan|nan|nan|nan|nan|nan|nan|nan|nan|nan|nan|nan|nan|nan|nan|nan|nan|nan|nan|nan|nan|nan|nan|nan|nan|nan|nan|nan|nan|nan|nan|nan|nan|nan|nan|nan|nan|nan|nan|nan|nan|nan|nan|nan|nan|nan|nan|nan|nan
903|nan|nan|nan|nan|nan|nan|nan|nan|nan|nan|nan|nan|nan|nan|nan|nan|nan|nan|nan|nan|nan|nan|nan|nan|nan|nan|nan|nan|nan|nan|nan|nan|nan|nan|nan|nan|nan|nan|nan|nan|nan|nan|nan|nan|nan|nan|nan|nan|nan|nan
904|nan|nan|nan|nan|nan|nan|nan|nan|nan|nan|nan|nan|nan|nan|nan|nan|nan|nan|nan|nan|nan|nan|nan|nan|nan|nan|nan|nan|nan|nan|nan|nan|nan|nan|nan|nan|nan|nan|nan|nan|nan|nan|nan|nan|nan|nan|nan|nan|nan|nan
905|nan|nan|nan|nan|nan|nan|nan|nan|nan|nan|nan|nan|nan|nan|nan|nan|nan|nan|nan|nan|nan|nan|nan|nan|nan|nan|nan|nan|nan|nan|nan|nan|nan|nan|nan|nan|nan|nan|nan|nan|nan|nan|nan|nan|nan|nan|nan|nan|nan|nan
906|nan|nan|nan|nan|nan|nan|nan|nan|nan|nan|nan|nan|nan|nan|nan|nan|nan|nan|nan|nan|nan|nan|nan|nan|nan|nan|nan|nan|nan|nan|nan|nan|nan|nan|nan|nan|nan|nan|nan|nan|nan|nan|nan|nan|nan|nan|nan|nan|nan|nan
907|nan|nan|nan|nan|nan|nan|nan|nan|nan|nan|nan|nan|nan|nan|nan|nan|nan|nan|nan|nan|nan|nan|nan|nan|nan|nan|nan|nan|nan|nan|nan|nan|nan|nan|nan|nan|nan|nan|nan|nan|nan|nan|nan|nan|nan|nan|nan|nan|nan|nan
908|nan|nan|nan|nan|nan|nan|nan|nan|nan|nan|nan|nan|nan|nan|nan|nan|nan|nan|nan|nan|nan|nan|nan|nan|nan|nan|nan|nan|nan|nan|nan|nan|nan|nan|nan|nan|nan|nan|nan|nan|nan|nan|nan|nan|nan|nan|nan|nan|nan|nan
909|nan|nan|nan|nan|nan|nan|nan|nan|nan|nan|nan|nan|nan|nan|nan|nan|nan|nan|nan|nan|nan|nan|nan|nan|nan|nan|nan|nan|nan|nan|nan|nan|nan|nan|nan|nan|nan|nan|nan|nan|nan|nan|nan|nan|nan|nan|nan|nan|nan|nan
910|nan|nan|nan|nan|nan|nan|nan|nan|nan|nan|nan|nan|nan|nan|nan|nan|nan|nan|nan|nan|nan|nan|nan|nan|nan|nan|nan|nan|nan|nan|nan|nan|nan|nan|nan|nan|nan|nan|nan|nan|nan|nan|nan|nan|nan|nan|nan|nan|nan|nan
911|nan|nan|nan|nan|nan|nan|nan|nan|nan|nan|nan|nan|nan|nan|nan|nan|nan|nan|nan|nan|nan|nan|nan|nan|nan|nan|nan|nan|nan|nan|nan|nan|nan|nan|nan|nan|nan|nan|nan|nan|nan|nan|nan|nan|nan|nan|nan|nan|nan|nan
912|nan|nan|nan|nan|nan|nan|nan|nan|nan|nan|nan|nan|nan|nan|nan|nan|nan|nan|nan|nan|nan|nan|nan|nan|nan|nan|nan|nan|nan|nan|nan|nan|nan|nan|nan|nan|nan|nan|nan|nan|nan|nan|nan|nan|nan|nan|nan|nan|nan|nan
913|nan|nan|nan|nan|nan|nan|nan|nan|nan|nan|nan|nan|nan|nan|nan|nan|nan|nan|nan|nan|nan|nan|nan|nan|nan|nan|nan|nan|nan|nan|nan|nan|nan|nan|nan|nan|nan|nan|nan|nan|nan|nan|nan|nan|nan|nan|nan|nan|nan|nan
914|nan|nan|nan|nan|nan|nan|nan|nan|nan|nan|nan|nan|nan|nan|nan|nan|nan|nan|nan|nan|nan|nan|nan|nan|nan|nan|nan|nan|nan|nan|nan|nan|nan|nan|nan|nan|nan|nan|nan|nan|nan|nan|nan|nan|nan|nan|nan|nan|nan|nan
915|nan|nan|nan|nan|nan|nan|nan|nan|nan|nan|nan|nan|nan|nan|nan|nan|nan|nan|nan|nan|nan|nan|nan|nan|nan|nan|nan|nan|nan|nan|nan|nan|nan|nan|nan|nan|nan|nan|nan|nan|nan|nan|nan|nan|nan|nan|nan|nan|nan|nan
916|nan|nan|nan|nan|nan|nan|nan|nan|nan|nan|nan|nan|nan|nan|nan|nan|nan|nan|nan|nan|nan|nan|nan|nan|nan|nan|nan|nan|nan|nan|nan|nan|nan|nan|nan|nan|nan|nan|nan|nan|nan|nan|nan|nan|nan|nan|nan|nan|nan|nan
917|nan|nan|nan|nan|nan|nan|nan|nan|nan|nan|nan|nan|nan|nan|nan|nan|nan|nan|nan|nan|nan|nan|nan|nan|nan|nan|nan|nan|nan|nan|nan|nan|nan|nan|nan|nan|nan|nan|nan|nan|nan|nan|nan|nan|nan|nan|nan|nan|nan|nan
918|nan|nan|nan|nan|nan|nan|nan|nan|nan|nan|nan|nan|nan|nan|nan|nan|nan|nan|nan|nan|nan|nan|nan|nan|nan|nan|nan|nan|nan|nan|nan|nan|nan|nan|nan|nan|nan|nan|nan|nan|nan|nan|nan|nan|nan|nan|nan|nan|nan|nan
919|nan|nan|nan|nan|nan|nan|nan|nan|nan|nan|nan|nan|nan|nan|nan|nan|nan|nan|nan|nan|nan|nan|nan|nan|nan|nan|nan|nan|nan|nan|nan|nan|nan|nan|nan|nan|nan|nan|nan|nan|nan|nan|nan|nan|nan|nan|nan|nan|nan|nan
920|nan|nan|nan|nan|nan|nan|nan|nan|nan|nan|nan|nan|nan|nan|nan|nan|nan|nan|nan|nan|nan|nan|nan|nan|nan|nan|nan|nan|nan|nan|nan|nan|nan|nan|nan|nan|nan|nan|nan|nan|nan|nan|nan|nan|nan|nan|nan|nan|nan|nan
921|nan|nan|nan|nan|nan|nan|nan|nan|nan|nan|nan|nan|nan|nan|nan|nan|nan|nan|nan|nan|nan|nan|nan|nan|nan|nan|nan|nan|nan|nan|nan|nan|nan|nan|nan|nan|nan|nan|nan|nan|nan|nan|nan|nan|nan|nan|nan|nan|nan|nan
922|nan|nan|nan|nan|nan|nan|nan|nan|nan|nan|nan|nan|nan|nan|nan|nan|nan|nan|nan|nan|nan|nan|nan|nan|nan|nan|nan|nan|nan|nan|nan|nan|nan|nan|nan|nan|nan|nan|nan|nan|nan|nan|nan|nan|nan|nan|nan|nan|nan|nan
923|nan|nan|nan|nan|nan|nan|nan|nan|nan|nan|nan|nan|nan|nan|nan|nan|nan|nan|nan|nan|nan|nan|nan|nan|nan|nan|nan|nan|nan|nan|nan|nan|nan|nan|nan|nan|nan|nan|nan|nan|nan|nan|nan|nan|nan|nan|nan|nan|nan|nan
924|nan|nan|nan|nan|nan|nan|nan|nan|nan|nan|nan|nan|nan|nan|nan|nan|nan|nan|nan|nan|nan|nan|nan|nan|nan|nan|nan|nan|nan|nan|nan|nan|nan|nan|nan|nan|nan|nan|nan|nan|nan|nan|nan|nan|nan|nan|nan|nan|nan|nan
925|nan|nan|nan|nan|nan|nan|nan|nan|nan|nan|nan|nan|nan|nan|nan|nan|nan|nan|nan|nan|nan|nan|nan|nan|nan|nan|nan|nan|nan|nan|nan|nan|nan|nan|nan|nan|nan|nan|nan|nan|nan|nan|nan|nan|nan|nan|nan|nan|nan|nan
926|nan|nan|nan|nan|nan|nan|nan|nan|nan|nan|nan|nan|nan|nan|nan|nan|nan|nan|nan|nan|nan|nan|nan|nan|nan|nan|nan|nan|nan|nan|nan|nan|nan|nan|nan|nan|nan|nan|nan|nan|nan|nan|nan|nan|nan|nan|nan|nan|nan|nan
927|nan|nan|nan|nan|nan|nan|nan|nan|nan|nan|nan|nan|nan|nan|nan|nan|nan|nan|nan|nan|nan|nan|nan|nan|nan|nan|nan|nan|nan|nan|nan|nan|nan|nan|nan|nan|nan|nan|nan|nan|nan|nan|nan|nan|nan|nan|nan|nan|nan|nan
928|nan|nan|nan|nan|nan|nan|nan|nan|nan|nan|nan|nan|nan|nan|nan|nan|nan|nan|nan|nan|nan|nan|nan|nan|nan|nan|nan|nan|nan|nan|nan|nan|nan|nan|nan|nan|nan|nan|nan|nan|nan|nan|nan|nan|nan|nan|nan|nan|nan|nan
929|nan|nan|nan|nan|nan|nan|nan|nan|nan|nan|nan|nan|nan|nan|nan|nan|nan|nan|nan|nan|nan|nan|nan|nan|nan|nan|nan|nan|nan|nan|nan|nan|nan|nan|nan|nan|nan|nan|nan|nan|nan|nan|nan|nan|nan|nan|nan|nan|nan|nan
930|nan|nan|nan|nan|nan|nan|nan|nan|nan|nan|nan|nan|nan|nan|nan|nan|nan|nan|nan|nan|nan|nan|nan|nan|nan|nan|nan|nan|nan|nan|nan|nan|nan|nan|nan|nan|nan|nan|nan|nan|nan|nan|nan|nan|nan|nan|nan|nan|nan|nan
931|nan|nan|nan|nan|nan|nan|nan|nan|nan|nan|nan|nan|nan|nan|nan|nan|nan|nan|nan|nan|nan|nan|nan|nan|nan|nan|nan|nan|nan|nan|nan|nan|nan|nan|nan|nan|nan|nan|nan|nan|nan|nan|nan|nan|nan|nan|nan|nan|nan|nan
932|nan|nan|nan|nan|nan|nan|nan|nan|nan|nan|nan|nan|nan|nan|nan|nan|nan|nan|nan|nan|nan|nan|nan|nan|nan|nan|nan|nan|nan|nan|nan|nan|nan|nan|nan|nan|nan|nan|nan|nan|nan|nan|nan|nan|nan|nan|nan|nan|nan|nan
933|nan|nan|nan|nan|nan|nan|nan|nan|nan|nan|nan|nan|nan|nan|nan|nan|nan|nan|nan|nan|nan|nan|nan|nan|nan|nan|nan|nan|nan|nan|nan|nan|nan|nan|nan|nan|nan|nan|nan|nan|nan|nan|nan|nan|nan|nan|nan|nan|nan|nan
934|nan|nan|nan|nan|nan|nan|nan|nan|nan|nan|nan|nan|nan|nan|nan|nan|nan|nan|nan|nan|nan|nan|nan|nan|nan|nan|nan|nan|nan|nan|nan|nan|nan|nan|nan|nan|nan|nan|nan|nan|nan|nan|nan|nan|nan|nan|nan|nan|nan|nan
935|nan|nan|nan|nan|nan|nan|nan|nan|nan|nan|nan|nan|nan|nan|nan|nan|nan|nan|nan|nan|nan|nan|nan|nan|nan|nan|nan|nan|nan|nan|nan|nan|nan|nan|nan|nan|nan|nan|nan|nan|nan|nan|nan|nan|nan|nan|nan|nan|nan|nan
936|nan|nan|nan|nan|nan|nan|nan|nan|nan|nan|nan|nan|nan|nan|nan|nan|nan|nan|nan|nan|nan|nan|nan|nan|nan|nan|nan|nan|nan|nan|nan|nan|nan|nan|nan|nan|nan|nan|nan|nan|nan|nan|nan|nan|nan|nan|nan|nan|nan|nan
937|nan|nan|nan|nan|nan|nan|nan|nan|nan|nan|nan|nan|nan|nan|nan|nan|nan|nan|nan|nan|nan|nan|nan|nan|nan|nan|nan|nan|nan|nan|nan|nan|nan|nan|nan|nan|nan|nan|nan|nan|nan|nan|nan|nan|nan|nan|nan|nan|nan|nan
938|nan|nan|nan|nan|nan|nan|nan|nan|nan|nan|nan|nan|nan|nan|nan|nan|nan|nan|nan|nan|nan|nan|nan|nan|nan|nan|nan|nan|nan|nan|nan|nan|nan|nan|nan|nan|nan|nan|nan|nan|nan|nan|nan|nan|nan|nan|nan|nan|nan|nan
939|nan|nan|nan|nan|nan|nan|nan|nan|nan|nan|nan|nan|nan|nan|nan|nan|nan|nan|nan|nan|nan|nan|nan|nan|nan|nan|nan|nan|nan|nan|nan|nan|nan|nan|nan|nan|nan|nan|nan|nan|nan|nan|nan|nan|nan|nan|nan|nan|nan|nan
940|nan|nan|nan|nan|nan|nan|nan|nan|nan|nan|nan|nan|nan|nan|nan|nan|nan|nan|nan|nan|nan|nan|nan|nan|nan|nan|nan|nan|nan|nan|nan|nan|nan|nan|nan|nan|nan|nan|nan|nan|nan|nan|nan|nan|nan|nan|nan|nan|nan|nan
941|nan|nan|nan|nan|nan|nan|nan|nan|nan|nan|nan|nan|nan|nan|nan|nan|nan|nan|nan|nan|nan|nan|nan|nan|nan|nan|nan|nan|nan|nan|nan|nan|nan|nan|nan|nan|nan|nan|nan|nan|nan|nan|nan|nan|nan|nan|nan|nan|nan|nan
942|nan|nan|nan|nan|nan|nan|nan|nan|nan|nan|nan|nan|nan|nan|nan|nan|nan|nan|nan|nan|nan|nan|nan|nan|nan|nan|nan|nan|nan|nan|nan|nan|nan|nan|nan|nan|nan|nan|nan|nan|nan|nan|nan|nan|nan|nan|nan|nan|nan|nan
943|nan|nan|nan|nan|nan|nan|nan|nan|nan|nan|nan|nan|nan|nan|nan|nan|nan|nan|nan|nan|nan|nan|nan|nan|nan|nan|nan|nan|nan|nan|nan|nan|nan|nan|nan|nan|nan|nan|nan|nan|nan|nan|nan|nan|nan|nan|nan|nan|nan|nan
944|nan|nan|nan|nan|nan|nan|nan|nan|nan|nan|nan|nan|nan|nan|nan|nan|nan|nan|nan|nan|nan|nan|nan|nan|nan|nan|nan|nan|nan|nan|nan|nan|nan|nan|nan|nan|nan|nan|nan|nan|nan|nan|nan|nan|nan|nan|nan|nan|nan|nan
945|nan|nan|nan|nan|nan|nan|nan|nan|nan|nan|nan|nan|nan|nan|nan|nan|nan|nan|nan|nan|nan|nan|nan|nan|nan|nan|nan|nan|nan|nan|nan|nan|nan|nan|nan|nan|nan|nan|nan|nan|nan|nan|nan|nan|nan|nan|nan|nan|nan|nan
946|nan|nan|nan|nan|nan|nan|nan|nan|nan|nan|nan|nan|nan|nan|nan|nan|nan|nan|nan|nan|nan|nan|nan|nan|nan|nan|nan|nan|nan|nan|nan|nan|nan|nan|nan|nan|nan|nan|nan|nan|nan|nan|nan|nan|nan|nan|nan|nan|nan|nan
947|nan|nan|nan|nan|nan|nan|nan|nan|nan|nan|nan|nan|nan|nan|nan|nan|nan|nan|nan|nan|nan|nan|nan|nan|nan|nan|nan|nan|nan|nan|nan|nan|nan|nan|nan|nan|nan|nan|nan|nan|nan|nan|nan|nan|nan|nan|nan|nan|nan|nan
948|nan|nan|nan|nan|nan|nan|nan|nan|nan|nan|nan|nan|nan|nan|nan|nan|nan|nan|nan|nan|nan|nan|nan|nan|nan|nan|nan|nan|nan|nan|nan|nan|nan|nan|nan|nan|nan|nan|nan|nan|nan|nan|nan|nan|nan|nan|nan|nan|nan|nan
949|nan|nan|nan|nan|nan|nan|nan|nan|nan|nan|nan|nan|nan|nan|nan|nan|nan|nan|nan|nan|nan|nan|nan|nan|nan|nan|nan|nan|nan|nan|nan|nan|nan|nan|nan|nan|nan|nan|nan|nan|nan|nan|nan|nan|nan|nan|nan|nan|nan|nan
950|nan|nan|nan|nan|nan|nan|nan|nan|nan|nan|nan|nan|nan|nan|nan|nan|nan|nan|nan|nan|nan|nan|nan|nan|nan|nan|nan|nan|nan|nan|nan|nan|nan|nan|nan|nan|nan|nan|nan|nan|nan|nan|nan|nan|nan|nan|nan|nan|nan|nan
951|nan|nan|nan|nan|nan|nan|nan|nan|nan|nan|nan|nan|nan|nan|nan|nan|nan|nan|nan|nan|nan|nan|nan|nan|nan|nan|nan|nan|nan|nan|nan|nan|nan|nan|nan|nan|nan|nan|nan|nan|nan|nan|nan|nan|nan|nan|nan|nan|nan|nan
952|nan|nan|nan|nan|nan|nan|nan|nan|nan|nan|nan|nan|nan|nan|nan|nan|nan|nan|nan|nan|nan|nan|nan|nan|nan|nan|nan|nan|nan|nan|nan|nan|nan|nan|nan|nan|nan|nan|nan|nan|nan|nan|nan|nan|nan|nan|nan|nan|nan|nan
953|nan|nan|nan|nan|nan|nan|nan|nan|nan|nan|nan|nan|nan|nan|nan|nan|nan|nan|nan|nan|nan|nan|nan|nan|nan|nan|nan|nan|nan|nan|nan|nan|nan|nan|nan|nan|nan|nan|nan|nan|nan|nan|nan|nan|nan|nan|nan|nan|nan|nan
954|nan|nan|nan|nan|nan|nan|nan|nan|nan|nan|nan|nan|nan|nan|nan|nan|nan|nan|nan|nan|nan|nan|nan|nan|nan|nan|nan|nan|nan|nan|nan|nan|nan|nan|nan|nan|nan|nan|nan|nan|nan|nan|nan|nan|nan|nan|nan|nan|nan|nan
955|nan|nan|nan|nan|nan|nan|nan|nan|nan|nan|nan|nan|nan|nan|nan|nan|nan|nan|nan|nan|nan|nan|nan|nan|nan|nan|nan|nan|nan|nan|nan|nan|nan|nan|nan|nan|nan|nan|nan|nan|nan|nan|nan|nan|nan|nan|nan|nan|nan|nan
956|nan|nan|nan|nan|nan|nan|nan|nan|nan|nan|nan|nan|nan|nan|nan|nan|nan|nan|nan|nan|nan|nan|nan|nan|nan|nan|nan|nan|nan|nan|nan|nan|nan|nan|nan|nan|nan|nan|nan|nan|nan|nan|nan|nan|nan|nan|nan|nan|nan|nan
957|nan|nan|nan|nan|nan|nan|nan|nan|nan|nan|nan|nan|nan|nan|nan|nan|nan|nan|nan|nan|nan|nan|nan|nan|nan|nan|nan|nan|nan|nan|nan|nan|nan|nan|nan|nan|nan|nan|nan|nan|nan|nan|nan|nan|nan|nan|nan|nan|nan|nan
958|nan|nan|nan|nan|nan|nan|nan|nan|nan|nan|nan|nan|nan|nan|nan|nan|nan|nan|nan|nan|nan|nan|nan|nan|nan|nan|nan|nan|nan|nan|nan|nan|nan|nan|nan|nan|nan|nan|nan|nan|nan|nan|nan|nan|nan|nan|nan|nan|nan|nan
959|nan|nan|nan|nan|nan|nan|nan|nan|nan|nan|nan|nan|nan|nan|nan|nan|nan|nan|nan|nan|nan|nan|nan|nan|nan|nan|nan|nan|nan|nan|nan|nan|nan|nan|nan|nan|nan|nan|nan|nan|nan|nan|nan|nan|nan|nan|nan|nan|nan|nan
1000|nan|nan|nan|nan|nan|nan|nan|nan|nan|nan|nan|nan|nan|nan|nan|nan|nan|nan|nan|nan|nan|nan|nan|nan|nan|nan|nan|nan|nan|nan|nan|nan|nan|nan|nan|nan|nan|nan|nan|nan|nan|nan|nan|nan|nan|nan|nan|nan|nan|nan
1001|nan|nan|nan|nan|nan|nan|nan|nan|nan|nan|nan|nan|nan|nan|nan|nan|nan|nan|nan|nan|nan|nan|nan|nan|nan|nan|nan|nan|nan|nan|nan|nan|nan|nan|nan|nan|nan|nan|nan|nan|nan|nan|nan|nan|nan|nan|nan|nan|nan|nan
1002|nan|nan|nan|nan|nan|nan|nan|nan|nan|nan|nan|nan|nan|nan|nan|nan|nan|nan|nan|nan|nan|nan|nan|nan|nan|nan|nan|nan|nan|nan|nan|nan|nan|nan|nan|nan|nan|nan|nan|nan|nan|nan|nan|nan|nan|nan|nan|nan|nan|nan
1003|nan|nan|nan|nan|nan|nan|nan|nan|nan|nan|nan|nan|nan|nan|nan|nan|nan|nan|nan|nan|nan|nan|nan|nan|nan|nan|nan|nan|nan|nan|nan|nan|nan|nan|nan|nan|nan|nan|nan|nan|nan|nan|nan|nan|nan|nan|nan|nan|nan|nan
1004|nan|nan|nan|nan|nan|nan|nan|nan|nan|nan|nan|nan|nan|nan|nan|nan|nan|nan|nan|nan|nan|nan|nan|nan|nan|nan|nan|nan|nan|nan|nan|nan|nan|nan|nan|nan|nan|nan|nan|nan|nan|nan|nan|nan|nan|nan|nan|nan|nan|nan
1005|nan|nan|nan|nan|nan|nan|nan|nan|nan|nan|nan|nan|nan|nan|nan|nan|nan|nan|nan|nan|nan|nan|nan|nan|nan|nan|nan|nan|nan|nan|nan|nan|nan|nan|nan|nan|nan|nan|nan|nan|nan|nan|nan|nan|nan|nan|nan|nan|nan|nan
1006|nan|nan|nan|nan|nan|nan|nan|nan|nan|nan|nan|nan|nan|nan|nan|nan|nan|nan|nan|nan|nan|nan|nan|nan|nan|nan|nan|nan|nan|nan|nan|nan|nan|nan|nan|nan|nan|nan|nan|nan|nan|nan|nan|nan|nan|nan|nan|nan|nan|nan
1007|nan|nan|nan|nan|nan|nan|nan|nan|nan|nan|nan|nan|nan|nan|nan|nan|nan|nan|nan|nan|nan|nan|nan|nan|nan|nan|nan|nan|nan|nan|nan|nan|nan|nan|nan|nan|nan|nan|nan|nan|nan|nan|nan|nan|nan|nan|nan|nan|nan|nan
1008|nan|nan|nan|nan|nan|nan|nan|nan|nan|nan|nan|nan|nan|nan|nan|nan|nan|nan|nan|nan|nan|nan|nan|nan|nan|nan|nan|nan|nan|nan|nan|nan|nan|nan|nan|nan|nan|nan|nan|nan|nan|nan|nan|nan|nan|nan|nan|nan|nan|nan
1009|nan|nan|nan|nan|nan|nan|nan|nan|nan|nan|nan|nan|nan|nan|nan|nan|nan|nan|nan|nan|nan|nan|nan|nan|nan|nan|nan|nan|nan|nan|nan|nan|nan|nan|nan|nan|nan|nan|nan|nan|nan|nan|nan|nan|nan|nan|nan|nan|nan|nan
1010|nan|nan|nan|nan|nan|nan|nan|nan|nan|nan|nan|nan|nan|nan|nan|nan|nan|nan|nan|nan|nan|nan|nan|nan|nan|nan|nan|nan|nan|nan|nan|nan|nan|nan|nan|nan|nan|nan|nan|nan|nan|nan|nan|nan|nan|nan|nan|nan|nan|nan
1011|nan|nan|nan|nan|nan|nan|nan|nan|nan|nan|nan|nan|nan|nan|nan|nan|nan|nan|nan|nan|nan|nan|nan|nan|nan|nan|nan|nan|nan|nan|nan|nan|nan|nan|nan|nan|nan|nan|nan|nan|nan|nan|nan|nan|nan|nan|nan|nan|nan|nan
1012|nan|nan|nan|nan|nan|nan|nan|nan|nan|nan|nan|nan|nan|nan|nan|nan|nan|nan|nan|nan|nan|nan|nan|nan|nan|nan|nan|nan|nan|nan|nan|nan|nan|nan|nan|nan|nan|nan|nan|nan|nan|nan|nan|nan|nan|nan|nan|nan|nan|nan
1013|nan|nan|nan|nan|nan|nan|nan|nan|nan|nan|nan|nan|nan|nan|nan|nan|nan|nan|nan|nan|nan|nan|nan|nan|nan|nan|nan|nan|nan|170.308596|nan|nan|nan|nan|nan|nan|nan|nan|nan|nan|nan|nan|nan|nan|nan|nan|nan|nan|nan|nan
1014|nan|nan|nan|nan|nan|nan|nan|nan|nan|nan|nan|nan|nan|nan|nan|nan|nan|nan|nan|nan|nan|nan|nan|nan|nan|nan|nan|nan|nan|43.647642|nan|nan|nan|nan|nan|nan|nan|nan|nan|nan|nan|nan|nan|nan|nan|nan|nan|nan|nan|nan
1030|nan|nan|nan|nan|nan|nan|nan|nan|nan|nan|nan|nan|nan|nan|nan|nan|nan|nan|nan|nan|nan|nan|nan|nan|nan|nan|nan|nan|nan|29.098428|nan|nan|nan|nan|nan|nan|nan|nan|nan|nan|nan|nan|nan|nan|nan|nan|nan|nan|nan|nan
1031|nan|nan|nan|nan|nan|nan|nan|nan|nan|nan|nan|nan|nan|nan|nan|nan|nan|nan|nan|nan|nan|nan|nan|nan|nan|nan|nan|nan|nan|-36.592427|nan|nan|nan|nan|nan|nan|nan|nan|nan|nan|nan|nan|nan|nan|nan|nan|nan|nan|nan|nan
1032|nan|nan|nan|nan|nan|nan|nan|nan|nan|nan|nan|nan|nan|nan|nan|nan|nan|nan|nan|nan|nan|nan|nan|nan|nan|nan|nan|nan|nan|-118.975904|nan|nan|nan|nan|nan|nan|nan|nan|nan|nan|nan|nan|nan|nan|nan|nan|nan|nan|nan|nan
1033|nan|nan|nan|nan|nan|nan|nan|nan|nan|nan|nan|nan|nan|nan|nan|nan|nan|nan|nan|nan|nan|nan|nan|nan|nan|nan|nan|nan|nan|-99.146587|nan|nan|nan|nan|nan|nan|nan|nan|nan|nan|nan|nan|nan|nan|nan|nan|nan|nan|nan|nan
1034|nan|nan|nan|nan|nan|nan|nan|nan|nan|nan|nan|nan|nan|nan|nan|nan|nan|nan|nan|nan|nan|nan|nan|nan|nan|nan|nan|nan|nan|-75.014386|nan|nan|nan|nan|nan|nan|nan|nan|nan|nan|nan|nan|nan|nan|nan|nan|nan|nan|nan|nan
1035|nan|nan|nan|nan|nan|nan|nan|nan|nan|nan|nan|nan|nan|nan|nan|nan|nan|nan|nan|nan|nan|nan|nan|nan|nan|nan|nan|nan|nan|-65.637588|nan|nan|nan|nan|nan|nan|nan|nan|nan|nan|nan|nan|nan|nan|nan|nan|nan|nan|nan|nan
1036|nan|nan|nan|nan|nan|nan|nan|nan|nan|nan|nan|nan|nan|nan|nan|nan|nan|nan|nan|nan|nan|nan|nan|nan|nan|nan|nan|nan|nan|-102.429981|nan|nan|nan|nan|nan|nan|nan|nan|nan|nan|nan|nan|nan|nan|nan|nan|nan|nan|nan|nan
1037|nan|nan|nan|nan|nan|nan|nan|nan|nan|nan|nan|nan|nan|nan|nan|nan|nan|nan|nan|nan|nan|nan|nan|nan|nan|nan|nan|nan|nan|-72.878536|nan|nan|nan|nan|nan|nan|nan|nan|nan|nan|nan|nan|nan|nan|nan|nan|nan|nan|nan|nan
1038|nan|nan|nan|nan|nan|nan|nan|nan|nan|nan|nan|nan|nan|nan|nan|nan|nan|nan|nan|nan|nan|nan|nan|nan|nan|nan|nan|nan|nan|-66.253214|nan|nan|nan|nan|nan|nan|nan|nan|nan|nan|nan|nan|nan|nan|nan|nan|nan|nan|nan|nan
1039|nan|nan|nan|nan|nan|nan|nan|nan|nan|nan|nan|nan|nan|nan|nan|nan|nan|nan|nan|nan|nan|nan|nan|nan|nan|nan|nan|nan|nan|-55.689784|nan|nan|nan|nan|nan|nan|nan|nan|nan|nan|nan|nan|nan|nan|nan|nan|nan|nan|nan|nan
1040|nan|nan|nan|nan|nan|nan|nan|nan|nan|nan|nan|nan|nan|nan|nan|nan|nan|nan|nan|nan|nan|nan|nan|nan|nan|nan|nan|nan|nan|-49.159474|nan|nan|nan|nan|nan|nan|nan|nan|nan|nan|nan|nan|nan|nan|nan|nan|nan|nan|nan|nan
1041|nan|nan|nan|nan|nan|nan|nan|nan|nan|nan|nan|nan|nan|nan|nan|nan|nan|nan|nan|nan|nan|nan|nan|nan|nan|nan|nan|nan|nan|-45.648083|nan|nan|nan|nan|nan|nan|nan|nan|nan|nan|nan|nan|nan|nan|nan|nan|nan|nan|nan|nan
1042|nan|nan|nan|nan|nan|nan|nan|nan|nan|nan|nan|nan|nan|nan|nan|nan|nan|nan|nan|nan|nan|nan|nan|nan|nan|nan|nan|nan|nan|-40.811648|nan|nan|nan|nan|nan|nan|nan|nan|nan|nan|nan|nan|nan|nan|nan|nan|nan|nan|nan|nan
1043|nan|nan|nan|nan|nan|nan|nan|nan|nan|nan|nan|nan|nan|nan|nan|nan|nan|nan|nan|nan|nan|nan|nan|nan|nan|nan|nan|nan|nan|-28.654357|nan|0.551569|nan|nan|nan|-1105.159856|nan|nan|nan|nan|-175410.977567|nan|nan|11.612320|nan|-3.855899|nan|0.095031|nan|nan
1044|nan|nan|nan|nan|nan|nan|nan|nan|nan|nan|nan|nan|nan|nan|nan|nan|nan|nan|nan|nan|nan|nan|nan|nan|nan|nan|nan|nan|nan|-35.544243|nan|0.551569|nan|nan|nan|-1107.188222|nan|nan|nan|nan|-175410.977567|nan|nan|11.709722|nan|-3.855899|nan|0.095031|nan|nan
1045|nan|nan|nan|nan|nan|nan|nan|nan|nan|nan|nan|nan|nan|nan|nan|nan|nan|nan|nan|nan|nan|nan|nan|nan|nan|nan|nan|nan|nan|-36.136109|nan|0.551569|nan|nan|nan|-1105.742624|nan|nan|nan|nan|-175410.977567|nan|nan|11.812057|nan|-3.855899|nan|0.095031|nan|nan
1046|nan|nan|nan|nan|nan|nan|nan|nan|nan|nan|nan|nan|nan|nan|nan|nan|nan|nan|nan|nan|nan|nan|nan|nan|nan|nan|nan|nan|nan|-34.234209|nan|0.551569|nan|nan|nan|-1106.121882|nan|nan|nan|nan|-175410.977567|nan|nan|11.894596|nan|-3.855899|nan|0.095031|nan|nan
1047|nan|nan|nan|nan|nan|nan|nan|nan|nan|nan|nan|nan|nan|nan|nan|nan|nan|nan|nan|nan|nan|nan|nan|nan|nan|nan|nan|nan|nan|-32.522499|nan|0.551569|nan|nan|nan|-1105.518713|nan|nan|nan|nan|-175410.977567|nan|nan|11.971535|nan|-3.855899|nan|0.095031|nan|nan
1048|nan|nan|nan|nan|nan|nan|nan|nan|nan|nan|nan|nan|nan|nan|nan|nan|nan|nan|nan|nan|nan|nan|nan|nan|nan|nan|nan|nan|nan|-30.973808|nan|0.551569|nan|nan|nan|-1105.252718|nan|nan|nan|nan|-175410.977567|nan|nan|12.049062|nan|-3.855899|nan|0.095031|nan|nan
1049|nan|nan|nan|nan|nan|nan|nan|nan|nan|nan|nan|nan|nan|nan|nan|nan|nan|nan|nan|nan|nan|nan|nan|nan|nan|nan|nan|nan|nan|-28.699246|nan|0.551569|nan|nan|nan|-1105.585043|nan|nan|nan|nan|-175410.977567|nan|nan|12.128533|nan|-3.855899|nan|0.095031|nan|nan
1050|nan|nan|nan|nan|nan|nan|nan|nan|nan|nan|nan|nan|nan|nan|nan|nan|nan|nan|nan|nan|nan|nan|nan|nan|nan|nan|nan|nan|nan|-25.865484|nan|0.551569|nan|nan|nan|-1105.526188|nan|nan|nan|nan|-175410.977567|nan|nan|12.204243|nan|-3.855899|nan|0.095031|nan|nan
1051|nan|nan|nan|nan|nan|nan|nan|nan|nan|nan|nan|nan|nan|nan|nan|nan|nan|nan|nan|nan|nan|nan|nan|nan|nan|nan|nan|nan|nan|-23.333676|nan|0.551569|nan|nan|nan|-1105.869717|nan|nan|nan|nan|-175410.977567|nan|nan|12.277014|nan|-3.855899|nan|0.095031|nan|nan
1052|nan|nan|nan|nan|nan|nan|nan|nan|nan|nan|nan|nan|nan|nan|nan|nan|nan|nan|nan|nan|nan|nan|nan|nan|nan|nan|nan|nan|nan|-23.066041|nan|0.551569|nan|nan|nan|-1106.126963|nan|nan|nan|nan|-175410.977567|nan|nan|12.347621|nan|-3.855899|nan|0.095031|nan|nan
1053|nan|nan|nan|nan|nan|nan|nan|nan|nan|nan|nan|nan|nan|nan|nan|nan|nan|nan|nan|nan|nan|nan|nan|nan|nan|nan|nan|nan|nan|-23.398483|nan|0.551569|nan|nan|nan|-1106.648249|nan|nan|nan|nan|-175410.977567|nan|nan|12.411912|nan|-3.855899|nan|0.095031|nan|nan
1054|nan|nan|nan|nan|nan|nan|nan|nan|nan|nan|nan|nan|nan|nan|nan|nan|nan|nan|nan|nan|nan|nan|nan|nan|nan|nan|nan|nan|nan|-22.531873|nan|0.551569|nan|nan|nan|-1105.922290|nan|nan|nan|nan|-175410.977567|nan|nan|12.470547|nan|-3.855899|nan|0.095031|nan|nan
1055|nan|nan|nan|nan|nan|nan|nan|nan|nan|nan|nan|nan|nan|nan|nan|nan|nan|nan|nan|nan|nan|nan|nan|nan|nan|nan|nan|nan|nan|-21.218333|nan|0.551569|nan|nan|nan|-1106.719921|nan|nan|nan|nan|-175410.977567|nan|nan|12.529478|nan|-3.855899|nan|0.095031|nan|nan
1056|nan|nan|nan|nan|nan|nan|nan|nan|nan|nan|nan|nan|nan|nan|nan|nan|nan|nan|nan|nan|nan|nan|nan|nan|nan|nan|nan|nan|nan|-8.840762|nan|0.551569|nan|nan|nan|-1105.441056|nan|nan|nan|nan|-175410.977567|nan|nan|12.588322|nan|-3.855899|nan|0.095031|nan|nan
1057|nan|nan|nan|nan|nan|nan|nan|nan|nan|nan|nan|nan|nan|nan|nan|nan|nan|nan|nan|nan|nan|nan|nan|nan|nan|nan|nan|nan|nan|-10.258341|nan|0.551569|nan|nan|nan|-1107.153205|nan|nan|nan|nan|-175410.977567|nan|nan|12.637843|nan|-3.855899|nan|0.095031|nan|nan
1058|nan|nan|nan|nan|nan|nan|nan|nan|nan|nan|nan|nan|nan|nan|nan|nan|nan|nan|nan|nan|nan|nan|nan|nan|-0.152887|nan|nan|nan|nan|-9.528206|nan|0.551569|nan|nan|nan|-1105.307170|nan|nan|nan|nan|-175410.977567|nan|nan|12.679921|nan|-3.855899|nan|0.095031|nan|-206.764596
1059|nan|nan|nan|nan|nan|nan|nan|nan|nan|nan|nan|nan|nan|nan|nan|nan|nan|nan|nan|nan|nan|nan|nan|nan|-0.152887|nan|nan|nan|nan|-9.230450|nan|0.551569|nan|nan|nan|-1106.061805|nan|nan|nan|nan|-175410.977567|nan|nan|12.713418|nan|-3.855899|nan|0.095031|nan|-206.764596
1100|nan|nan|nan|nan|nan|nan|nan|nan|nan|nan|nan|nan|nan|nan|nan|nan|nan|nan|nan|nan|nan|nan|nan|nan|-0.152887|nan|nan|nan|nan|-8.950739|nan|0.551569|nan|nan|nan|-1106.345264|nan|nan|nan|nan|-175410.977567|nan|nan|12.739637|nan|-3.855899|nan|0.095031|nan|-206.764596
1101|nan|nan|nan|nan|nan|nan|nan|nan|nan|nan|nan|nan|nan|nan|nan|nan|nan|nan|nan|nan|nan|nan|nan|nan|-0.152887|nan|nan|nan|nan|-9.365823|nan|0.551569|nan|nan|nan|-1106.256026|nan|nan|nan|nan|-175410.977567|nan|nan|12.760798|nan|-3.855899|nan|0.095031|nan|-206.764596
1102|nan|nan|nan|nan|nan|nan|nan|nan|nan|nan|nan|nan|nan|nan|nan|nan|nan|nan|nan|nan|nan|nan|nan|nan|-0.152887|nan|nan|nan|nan|-9.098228|nan|0.551569|nan|nan|nan|-1106.244992|nan|nan|nan|nan|-175410.977567|nan|nan|12.777562|nan|-3.855899|nan|0.095031|nan|-206.764596
1103|nan|nan|nan|nan|nan|nan|nan|nan|nan|nan|nan|nan|nan|nan|nan|nan|nan|nan|nan|nan|nan|nan|nan|nan|-0.148830|nan|nan|nan|nan|-9.471005|nan|0.551569|nan|nan|nan|-1106.248930|nan|nan|nan|nan|-175410.977567|nan|nan|12.788251|nan|-3.855899|nan|0.095031|nan|-206.764596
1104|nan|nan|nan|nan|nan|nan|nan|nan|nan|nan|nan|nan|nan|nan|nan|nan|nan|nan|nan|nan|nan|nan|nan|nan|-0.140915|nan|nan|nan|nan|-7.392581|nan|0.551569|nan|nan|nan|-1105.542168|nan|nan|nan|nan|-175410.977567|nan|nan|12.797623|nan|-3.855899|nan|0.137288|nan|-206.764596
1105|nan|nan|nan|nan|nan|nan|nan|nan|nan|nan|nan|nan|nan|nan|nan|nan|nan|nan|nan|nan|nan|nan|nan|nan|-0.134413|nan|nan|nan|nan|-7.789535|nan|0.551569|nan|nan|nan|-1106.274281|nan|nan|nan|nan|-175410.977567|nan|nan|12.806879|nan|-3.855899|nan|0.137288|nan|-206.764596
1106|nan|nan|nan|nan|nan|nan|nan|nan|nan|nan|nan|nan|nan|nan|nan|nan|nan|nan|nan|nan|nan|nan|nan|nan|-0.128240|nan|nan|nan|nan|-8.165850|nan|0.551569|nan|nan|nan|-1106.229770|nan|nan|nan|nan|-175410.977567|nan|nan|12.816254|nan|-3.855899|nan|0.137288|nan|-206.764596
1107|nan|nan|nan|nan|nan|nan|nan|nan|nan|nan|nan|nan|nan|nan|nan|nan|nan|nan|nan|nan|nan|nan|nan|nan|-0.122520|nan|nan|nan|nan|-7.120884|nan|0.551569|nan|nan|nan|-1105.464900|nan|nan|nan|nan|-175410.977567|nan|nan|12.825219|nan|-3.855899|nan|0.137288|nan|-206.764596
1108|nan|nan|nan|nan|nan|nan|nan|nan|nan|nan|nan|nan|nan|nan|nan|nan|nan|nan|nan|nan|nan|nan|nan|nan|-0.119213|nan|nan|nan|nan|-7.492083|nan|0.551569|nan|nan|nan|-1106.260397|nan|nan|nan|nan|-175410.977567|nan|nan|12.834822|nan|-3.855899|nan|0.137288|nan|-206.764596
1109|nan|nan|nan|nan|nan|nan|nan|nan|nan|nan|nan|nan|nan|nan|nan|nan|nan|nan|nan|nan|nan|nan|nan|nan|-0.115482|nan|nan|nan|nan|-7.048827|nan|0.551569|nan|nan|nan|-1106.575072|nan|nan|nan|nan|-175410.977567|nan|nan|12.846034|nan|-3.855899|nan|0.137288|nan|-206.764596
1110|nan|nan|nan|nan|nan|nan|nan|nan|nan|nan|nan|nan|nan|nan|nan|nan|nan|nan|nan|nan|nan|nan|nan|nan|-0.112218|nan|nan|nan|nan|-6.884900|nan|0.551569|nan|nan|nan|-1106.573457|nan|nan|nan|nan|-175410.977567|nan|nan|12.858792|nan|-3.855899|nan|0.137288|nan|-206.764596
1111|nan|nan|nan|nan|nan|nan|nan|nan|nan|nan|nan|nan|nan|nan|nan|nan|nan|nan|nan|nan|nan|nan|nan|nan|-0.105250|nan|nan|nan|nan|-6.477564|nan|0.551569|nan|nan|nan|-1106.009277|nan|nan|nan|nan|-175410.977567|nan|nan|12.873376|nan|-3.855899|nan|0.137288|nan|-206.764596
1112|nan|nan|nan|nan|nan|nan|nan|nan|nan|nan|nan|nan|nan|nan|nan|nan|nan|nan|nan|nan|nan|nan|nan|nan|-0.099874|nan|nan|nan|nan|-4.377254|nan|0.551569|nan|nan|nan|-1104.723261|nan|nan|nan|nan|-175410.977567|nan|nan|12.888918|nan|-3.855899|nan|0.145561|nan|-218.998056
1113|nan|nan|nan|nan|nan|nan|nan|nan|3630.800000|nan|nan|22001058.681615|nan|nan|nan|nan|nan|nan|nan|nan|nan|nan|nan|nan|-0.094301|nan|nan|nan|nan|-4.282096|nan|0.551569|nan|nan|nan|-1106.606824|nan|nan|nan|nan|-175410.977567|nan|nan|12.905674|nan|-3.855899|nan|0.176663|nan|-218.998056
1114|nan|nan|nan|nan|nan|nan|nan|nan|3630.800000|nan|nan|29313542.242797|nan|nan|nan|nan|nan|nan|nan|nan|nan|nan|nan|nan|-0.091564|nan|nan|nan|nan|-4.190988|nan|0.551569|nan|nan|nan|-1105.521475|nan|nan|nan|nan|-175410.977567|nan|nan|12.923262|nan|-3.855899|nan|0.176663|nan|-218.998056
1115|nan|nan|nan|nan|nan|nan|nan|nan|3630.800000|nan|nan|28695805.807844|nan|nan|nan|nan|nan|nan|nan|nan|nan|nan|nan|nan|-0.090508|nan|nan|nan|nan|-4.559755|nan|0.551569|nan|nan|nan|-1106.296156|nan|nan|nan|nan|-175410.977567|nan|nan|12.941687|nan|-3.855899|nan|0.176663|nan|-218.998056
1116|nan|nan|nan|nan|nan|nan|nan|nan|3630.800000|nan|nan|28462247.130569|nan|nan|nan|nan|nan|nan|nan|nan|nan|nan|nan|nan|-0.086543|nan|nan|nan|nan|-4.913088|nan|0.551569|nan|nan|nan|-1106.215225|nan|nan|nan|nan|-175410.977567|nan|nan|12.962116|nan|-3.855899|nan|0.176663|nan|-218.998056
1117|nan|nan|nan|nan|nan|nan|nan|nan|2491.800000|nan|nan|27095859.113187|nan|nan|nan|nan|nan|nan|nan|nan|nan|nan|nan|nan|-0.082829|nan|nan|nan|nan|-4.595706|nan|0.551569|nan|nan|nan|-1105.338606|nan|nan|nan|nan|-1220288.054450|nan|nan|12.983801|nan|-3.855899|nan|0.176663|nan|-218.998056
1118|nan|nan|nan|nan|nan|nan|nan|nan|2070.400000|nan|nan|23891093.563683|nan|nan|nan|nan|nan|nan|nan|nan|nan|nan|nan|0.304834|-0.079314|nan|nan|nan|nan|-6.440347|nan|0.551569|nan|nan|nan|-1106.007949|nan|nan|nan|nan|-1220288.054450|nan|nan|13.006330|nan|-3.855899|nan|0.176663|nan|-218.998056
1119|nan|nan|nan|nan|nan|nan|nan|nan|2070.400000|nan|nan|15948877.188822|nan|nan|nan|nan|nan|nan|nan|nan|nan|nan|nan|0.246289|-0.076021|nan|nan|nan|nan|-5.048049|nan|0.551569|nan|nan|nan|-1105.424723|nan|nan|nan|nan|-1220288.054450|nan|nan|13.028489|nan|-3.855899|nan|0.176663|nan|-218.998056
1120|nan|nan|nan|nan|nan|nan|nan|nan|2070.400000|nan|nan|12538839.907406|nan|nan|nan|nan|nan|nan|nan|nan|nan|nan|nan|0.226775|-0.072402|nan|nan|nan|nan|-4.536295|nan|0.551569|nan|nan|nan|-1105.648779|nan|nan|nan|nan|-1220288.054450|nan|nan|13.050144|nan|-3.855899|nan|0.176663|nan|-218.998056
1121|nan|nan|nan|nan|nan|nan|nan|nan|2070.400000|nan|nan|10572097.932910|nan|nan|nan|nan|nan|nan|nan|nan|nan|nan|nan|0.217017|-0.069735|nan|nan|nan|nan|-4.452289|nan|0.551569|nan|nan|nan|-1105.736761|nan|nan|nan|nan|-1220288.054450|nan|nan|13.071200|nan|-3.855899|nan|0.176663|nan|-218.998056
1122|nan|nan|nan|nan|nan|nan|nan|nan|2070.400000|nan|nan|9649302.847477|nan|nan|nan|nan|nan|nan|nan|nan|nan|nan|nan|0.211163|-0.066627|nan|nan|nan|nan|-3.762204|nan|0.551569|nan|nan|nan|-1106.168662|nan|nan|nan|nan|-1220288.054450|nan|nan|13.091849|nan|-3.855899|nan|0.176663|nan|-218.998056
1123|nan|nan|nan|-3.800000|nan|nan|nan|nan|2070.400000|nan|nan|10689591.796749|nan|nan|nan|nan|nan|nan|nan|nan|nan|nan|nan|0.207260|-0.065723|nan|nan|nan|nan|-4.497799|nan|0.551569|nan|nan|nan|-1106.073735|nan|nan|nan|nan|-1220288.054450|nan|nan|13.111645|nan|-3.855899|nan|0.176663|nan|-218.998056
1124|nan|nan|nan|-3.800000|nan|nan|nan|nan|2070.400000|nan|nan|10819008.328659|nan|nan|nan|nan|nan|nan|nan|nan|nan|nan|nan|0.204472|-0.064855|nan|nan|nan|nan|-4.815768|nan|0.551569|nan|nan|nan|-1105.132442|nan|nan|nan|nan|-1220288.054450|nan|nan|13.132963|nan|-3.855899|nan|0.176663|nan|-218.998056
1125|nan|nan|nan|-3.800000|nan|nan|nan|nan|2070.400000|nan|nan|10246764.769896|nan|nan|nan|nan|nan|nan|nan|nan|nan|nan|nan|0.202381|-0.064051|nan|nan|nan|nan|-4.340013|nan|0.551569|nan|nan|nan|-1105.287892|nan|nan|nan|nan|-1220288.054450|nan|nan|13.154357|nan|-3.855899|nan|0.176663|nan|-218.998056
1126|nan|nan|nan|-3.800000|nan|nan|nan|nan|2070.400000|nan|nan|9567663.771986|nan|nan|nan|nan|nan|nan|nan|nan|nan|nan|nan|0.200755|-0.062103|nan|nan|nan|nan|-4.460689|nan|0.551569|nan|nan|nan|-1106.141867|nan|nan|nan|nan|-1220288.054450|nan|nan|13.174616|nan|-3.855899|nan|0.176663|nan|-218.998056
1127|nan|nan|nan|-3.800000|nan|nan|nan|nan|2070.400000|nan|nan|7896782.961018|nan|nan|nan|nan|nan|nan|nan|nan|nan|nan|nan|0.198995|-0.058545|nan|nan|nan|nan|-4.770491|nan|0.551569|nan|nan|nan|-1106.757680|nan|nan|nan|nan|-1220288.054450|nan|nan|13.193326|nan|-3.855899|nan|0.176663|nan|-218.998056
1128|15369277.894800|nan|nan|-3.800000|nan|nan|nan|4.675292|2070.400000|-2.080935|-0.379896|6776532.696643|nan|nan|nan|nan|-5.800000|nan|-1390079.315218|nan|nan|nan|nan|0.190523|-0.056520|nan|nan|-0.465659|nan|-7.222224|nan|0.551569|-0.542802|-0.429387|-2.080935|-1105.478023|-138591949.021881|nan|138367.329912|nan|-1220288.054450|nan|nan|13.246190|nan|-3.855899|-6.416666|0.176663|nan|-218.998056
1129|14544107.105722|nan|nan|-4.000000|nan|nan|nan|4.675292|2070.400000|-2.080935|-0.379896|6472770.262767|nan|nan|nan|nan|-1.800000|nan|-1389932.055285|nan|nan|nan|nan|0.183463|-0.054146|nan|nan|-0.460767|nan|-6.227232|nan|0.551569|-0.542802|-0.428411|-2.080935|-1105.816015|-138591949.021881|nan|138367.329912|nan|-1220288.054450|nan|nan|13.294079|nan|-3.855899|-6.416666|0.176663|nan|-218.998056
1330|16676338.150648|nan|nan|-4.000000|nan|nan|nan|4.675292|2070.400000|-2.080935|-0.379896|8799176.161736|nan|nan|nan|nan|-3.800000|nan|-1390226.019720|0.879594|nan|nan|nan|0.177489|-0.052031|nan|nan|-0.460767|nan|-6.227232|nan|0.551569|-0.542802|-0.420418|-2.080935|-1105.197314|-138591949.021881|nan|138367.329912|nan|-1220288.054450|nan|nan|13.336462|nan|-3.855899|-6.416666|0.176663|nan|-218.998056
1331|14196258.672438|nan|nan|-4.000000|nan|nan|nan|-6.013864|2070.400000|-2.080935|-0.379896|6753854.947752|nan|nan|nan|nan|-5.800000|nan|-1389694.897294|0.879594|nan|nan|nan|0.172369|-0.049465|nan|nan|-0.457462|nan|-1.750748|nan|0.551569|-0.542802|-0.417221|-2.080935|-1104.997164|-138591949.021881|nan|138367.329912|nan|-1220288.054450|nan|nan|13.374880|nan|-3.855899|-8.416666|0.176663|nan|-218.998056
1332|15907030.505180|nan|nan|-4.000000|nan|nan|nan|-6.013864|2070.400000|-2.080935|-0.379896|8109197.592706|nan|nan|nan|nan|-3.800000|nan|-1390271.191653|0.879594|nan|nan|nan|0.167931|-0.044900|nan|nan|-0.454703|nan|5.724415|nan|0.551569|-0.542802|-0.412932|-2.080935|-1105.514492|-138591949.021881|nan|138367.329912|nan|-1220288.054450|nan|nan|13.408933|nan|-3.855899|-6.416666|0.176663|nan|-218.998056
1333|12572717.866242|1.100000|nan|-4.200000|nan|nan|nan|-6.013864|2070.400000|-2.080935|-0.379896|5152881.911249|nan|nan|nan|nan|-7.800000|nan|-1388362.730019|0.879594|nan|nan|nan|0.159256|-0.042254|nan|nan|-0.454703|nan|6.897045|nan|0.551569|-0.542802|-0.409667|-2.080935|-1105.609799|-138591949.021881|nan|138367.329912|nan|-1220288.054450|nan|nan|13.438206|nan|-3.855899|-8.416666|0.224364|nan|-218.998056
1334|14422185.222242|1.830556|nan|-4.600000|nan|nan|nan|-6.013864|2070.400000|-2.080935|-0.379896|8479596.002685|nan|nan|nan|nan|-6.000000|nan|-1128803.787179|0.879594|nan|nan|nan|0.146457|-0.039334|nan|nan|-0.458259|nan|6.326396|nan|0.551569|-0.542802|-0.403864|-2.080935|-1105.694344|-138591949.021881|nan|138367.329912|nan|-1220288.054450|nan|nan|13.462431|nan|-3.855899|-8.416666|0.224364|nan|-218.998056
1335|13738258.944678|1.482176|nan|-4.600000|nan|nan|nan|-6.013864|2070.400000|-2.080935|-0.379896|8259782.395058|nan|nan|nan|nan|-1.800000|nan|-868065.850500|0.879594|nan|nan|nan|0.135080|-0.036234|nan|nan|-0.458259|nan|5.524553|nan|0.551569|-0.542802|-0.402662|-2.080935|-1248.814886|-138591949.021881|nan|138367.329912|nan|-1220288.054450|nan|nan|13.482742|nan|-3.855899|-10.416666|0.224364|nan|-218.998056
1336|11553245.694690|0.712674|nan|-4.600000|nan|nan|nan|-6.013864|2070.400000|-2.080935|-0.379896|6886859.827224|nan|nan|nan|nan|-3.400000|nan|-520883.388775|0.879594|nan|nan|nan|0.120119|-0.031865|nan|nan|-0.454701|nan|12.137371|nan|0.551569|-0.542802|-0.400265|-2.080935|-1248.479257|-138591949.021881|nan|138367.329912|nan|-1220288.054450|nan|nan|13.499136|nan|-3.855899|-4.416666|0.287436|nan|-218.998056
1337|10731479.566280|0.812639|nan|-4.600000|nan|nan|nan|-5.885923|2070.400000|-2.080935|-0.379896|6384094.389628|nan|nan|nan|nan|-1.200000|nan|-260412.875406|0.879594|nan|nan|nan|0.103655|-0.028370|nan|nan|-0.450596|nan|8.501571|nan|0.551569|-0.542802|-0.396287|-2.080935|-1248.469311|-138591949.021881|nan|138367.329912|nan|-1220288.054450|nan|nan|13.511549|nan|-3.855899|-6.416666|0.287436|nan|-218.998056
1338|11355368.788536|0.671644|nan|-4.600000|nan|nan|nan|-5.885923|2070.400000|-2.080935|-0.379896|8044187.206690|nan|nan|nan|nan|-1.200000|nan|-173754.897861|0.879594|nan|nan|nan|0.083209|-0.026173|nan|nan|-0.450596|nan|8.075264|nan|0.551569|-0.563429|-0.392683|-2.080935|-1248.545919|-138591949.021881|nan|138367.329912|nan|-1220288.054450|nan|nan|13.522001|nan|-3.855899|-6.416666|0.287436|nan|-218.998056
1339|11806509.272384|0.572718|nan|-4.600000|nan|nan|nan|-5.885923|2070.400000|-2.080935|-0.379896|8886115.034850|nan|nan|nan|nan|-5.200000|nan|86874.954572|0.879594|nan|nan|nan|0.062983|-0.024682|nan|nan|-0.452299|nan|7.284408|nan|0.551569|-1.393605|-0.387893|-2.080935|-1247.760546|-138591949.021881|nan|138367.329912|nan|-1220288.054450|nan|nan|13.530486|nan|-3.855899|-4.416666|0.287436|nan|-218.998056
1340|15012105.355952|0.670399|nan|-4.600000|nan|nan|nan|-5.885923|2070.400000|-2.080935|-0.379896|12603923.873817|nan|nan|nan|nan|-1.200000|nan|348034.027283|0.879594|nan|nan|nan|0.044515|-0.023336|nan|nan|-0.465138|nan|6.354559|nan|0.551569|-2.004719|-0.384117|-2.080935|-1249.124173|-138591949.021881|nan|138367.329912|nan|-1220288.054450|nan|nan|13.536934|nan|-3.847168|-6.416666|0.287436|nan|-218.998056
1341|13913146.594972|0.451188|nan|-4.400000|nan|nan|nan|-5.885923|2070.400000|-2.080935|-0.379896|11586732.976430|nan|nan|nan|nan|-3.200000|nan|434918.252525|0.879594|nan|nan|nan|0.032450|-0.022625|nan|nan|-0.465138|nan|6.354559|nan|0.551569|-2.004719|-0.382292|-2.080935|-1248.183872|-138591949.021881|nan|138367.329912|nan|-1220288.054450|nan|nan|13.541520|nan|-3.838438|-4.416666|0.287436|nan|-218.998056
1342|12041706.388976|0.367215|nan|-4.200000|nan|nan|nan|-5.885923|2070.400000|-2.080935|-0.379896|9704241.292106|nan|nan|nan|nan|-3.200000|nan|434810.117585|0.879594|nan|nan|nan|0.021350|-0.022473|nan|nan|-0.484930|nan|5.906251|nan|0.551569|-2.080935|-0.381109|-2.080935|-1248.275207|-138591949.021881|nan|138367.329912|nan|-1220288.054450|nan|nan|13.546287|nan|-3.829707|-6.416666|0.287436|nan|-218.998056
1343|7060756.643956|0.390840|-2.080935|-4.200000|nan|0.352359|-3.439480|-5.885923|2070.400000|-2.080935|-0.379896|5775529.958568|-0.053358|-3.850134|-2.309208|nan|-1.200000|nan|434594.579033|0.879594|nan|-7.145455|-4.747188|0.011103|-0.022473|nan|nan|-0.486092|-1.726141|2.879906|-5.710336|0.551569|-2.080935|-0.378285|-2.080935|-1248.563354|-138591949.021881|nan|138367.329912|-0.000005|-1220288.054450|-1.087666|-0.059719|13.551414|-0.073958|-3.820977|-6.416666|0.287436|-1.726141|-218.998056
1344|1740291.900000|0.288131|-2.080935|-4.200000|nan|0.220521|-3.439480|-5.885923|2070.400000|-2.080935|-0.379896|1507595.867691|-0.053358|-3.850134|-2.309056|nan|-3.200000|0.000000|434521.335668|0.879594|nan|-8.704001|-4.309445|0.001616|-0.022473|nan|nan|-0.486350|-1.752695|5.309613|-5.714159|0.551569|-2.080935|-0.375476|-2.080935|-1248.201929|-138591949.021881|nan|138367.329912|-0.000005|-1220288.054450|-1.096282|-0.055906|13.557822|-0.073436|-3.812246|-4.416666|0.287436|-1.752695|-218.998056
1345|2722720.293778|0.208542|-2.080935|-3.800000|1.436729|-0.421122|-3.439480|-5.885923|2070.400000|-2.080935|-0.379896|3331606.495079|-0.053358|-3.850134|-1.473769|nan|-5.200000|0.000000|434652.451976|0.879594|nan|-5.830434|-3.534732|-0.007193|-0.022473|nan|nan|-0.495264|-1.747533|6.556902|-5.712270|0.551569|-2.080935|-0.371191|-2.080935|-1246.973449|-138591949.021881|nan|138367.329912|-0.000005|-1220288.054450|-1.104539|-0.054080|13.565819|-0.058840|-3.803515|-6.416666|0.287436|-1.747533|-218.998056
1346|1779751.356530|0.132634|-2.080935|-3.400000|-9.317139|-0.325412|-3.439480|-5.885923|2070.400000|-2.080935|-0.379896|2489342.247914|-0.053358|-3.850134|-1.473871|nan|-1.200000|0.000000|435042.577208|0.879594|nan|-4.575641|-3.686504|-0.015396|-0.022473|nan|nan|-0.495264|-1.730811|6.073048|-5.704988|0.551569|-2.080935|-0.370872|-2.080935|-1247.653146|-138591949.021881|nan|138367.329912|-0.000005|-1220288.054450|-1.112460|-0.052306|13.575165|-0.042465|-3.794785|-6.416666|0.287436|-1.730811|-218.998056
1347|-534483.533308|0.077866|-2.080935|-3.200000|-9.317139|-0.048341|-3.439480|-5.885923|2070.400000|-2.080935|-0.379896|45639.486419|-0.053358|-3.850134|-1.474427|nan|0.800000|0.000000|434861.631518|0.879594|nan|-4.214600|-3.775063|-0.023051|-0.022300|nan|nan|-0.495264|-1.711046|4.604638|-5.691334|0.551569|-2.080935|-0.370872|-2.080935|-1247.861642|-138591949.021881|nan|138367.329912|-0.000005|-1220288.054450|-1.120063|-0.051482|13.585634|-0.032945|-3.786054|-8.416666|0.287436|-1.711046|-218.998056
1348|-2088097.066612|-0.036506|-2.080935|-3.200000|-9.317139|-0.048341|-3.439480|-5.270457|2070.400000|-2.080935|-0.379896|-1357339.264334|-0.053358|-3.850134|-1.474705|nan|-3.200000|0.000000|434647.363897|0.879594|nan|-5.121467|-3.943658|-0.041380|-0.019120|nan|nan|-0.499186|-1.693966|4.604638|-5.664797|0.551569|-2.080935|-0.370872|-2.080935|-1247.246014|-138591949.021881|nan|138367.329912|-0.000005|-1220288.054450|-1.127368|-0.050670|13.598201|-0.026888|-3.777324|-6.416666|0.287436|-1.693966|-218.998056
1349|-7758875.000392|-0.130029|-2.080935|-3.200000|-9.317139|-0.048341|-3.439480|-4.383422|2070.400000|-2.080935|-0.379896|-7273549.651866|-0.053358|-3.850134|-1.474339|nan|-6.600000|0.000000|434069.738723|0.879594|nan|-16.202137|-3.820675|-0.055807|-0.013648|nan|nan|-0.505508|-1.675461|5.780079|-5.624143|0.551569|-2.080935|-0.328956|-2.080935|-1248.152850|-138591949.021881|nan|138367.329912|-0.000005|-1220288.054450|-1.125537|-0.049518|13.611106|-0.022878|-3.768593|-8.416666|0.287436|-1.675461|-218.998056
1350|-8414007.711316|-0.285305|-2.080935|-3.200000|-9.317139|-0.005746|-3.439480|-1.771343|2070.400000|-2.080935|-0.379896|-7916769.149097|-0.053358|-3.850134|-1.474661|nan|2.000000|0.000000|433949.189852|0.879594|nan|-4.182476|-3.900796|-0.070233|-0.009942|nan|nan|-0.510915|-1.660223|4.171815|-5.569462|0.551569|-2.080935|-0.325663|-2.080935|-1248.074902|-138591949.021881|nan|138367.329912|-0.000005|-1220288.054450|-1.113752|-0.048797|13.624049|-0.019633|-3.759863|-6.416666|0.287436|-1.660223|-218.998056
1351|-8786132.499504|-0.571495|-2.080935|-3.200000|-9.317139|0.240881|-3.439480|-1.771343|2070.400000|-2.080935|-0.379896|-8255712.328414|-0.067873|-3.850134|-1.474569|nan|-3.200000|0.000000|434005.491132|0.879594|nan|-5.590195|-4.108506|-0.084660|-0.007174|nan|nan|-0.509156|-1.647276|3.840500|-5.502378|0.413938|-2.080935|-0.293372|-2.080935|-1247.473800|-138591949.021881|nan|138367.329912|-0.000005|-1220288.054450|-1.102404|-0.048699|13.636691|-0.017229|-3.751132|-4.416666|0.287436|-1.647276|-218.998056
1352|-9475547.223226|-0.816531|-2.080935|-3.200000|-9.317139|0.654495|-3.439480|-1.771343|2070.400000|-2.080935|-0.379896|-8486228.950311|-0.067873|-3.850134|-1.474776|nan|1.400000|0.000000|434027.344311|0.879594|nan|-25.357290|-4.205810|-0.099087|-0.005459|nan|nan|-0.509638|-1.634133|3.868274|-5.425736|0.413938|-2.080935|-0.277005|-2.080935|-1247.941439|-138591949.021881|nan|138367.329912|-0.000005|-1220288.054450|-1.091568|-0.049337|13.649393|-0.015345|-3.742402|-4.241666|0.287436|-1.634133|-218.998056
1353|-9343961.755332|-1.068621|-2.080935|-3.200000|-9.317139|0.654495|-3.439480|-1.771343|2070.400000|-2.080935|-0.379896|-8051935.211081|-0.067873|-3.850134|-1.474879|nan|-0.400000|0.000000|434005.388946|0.879594|nan|-4.967547|-3.953944|-0.113513|-0.004360|nan|nan|-0.497786|-1.617722|4.396767|-5.348409|0.413938|-2.080935|-0.264469|-2.080935|-1248.799573|-138441089.193012|nan|138367.329912|-0.000005|-1220288.054450|-1.081120|-0.048430|13.661868|-0.013852|-3.697834|-2.850000|0.287436|-1.617722|-218.998056
1354|-9970723.538160|-1.226487|-2.080935|-3.200000|-9.317139|0.654495|-3.439480|-1.771343|2070.400000|-2.080935|-0.379896|-8788723.344634|-0.067873|-3.850134|-1.474678|nan|-1.800000|0.000000|433799.160291|0.879594|nan|-17.030440|-3.778724|-0.127940|-0.003330|nan|nan|-0.475421|-1.602315|4.888081|-5.256553|0.413938|-2.080935|-0.256998|-2.080935|-1248.618970|-120402321.795989|nan|138367.329912|-0.000005|-1220288.054450|-1.071038|-0.048289|13.673515|-0.012755|-3.653267|-3.775000|0.287436|-1.602315|-218.998056
1355|-11690377.221492|-1.316005|-2.080935|-3.200000|-9.317139|0.826643|-3.439480|-1.771343|2070.400000|-2.080935|-0.379896|-9922769.421293|-0.067873|-6.821740|-1.474073|nan|-3.200000|0.000000|433608.640536|0.879594|nan|-5.164423|-3.668086|-0.142366|-0.003191|nan|nan|-0.459251|-1.592461|5.623601|-5.152614|0.413938|-2.080935|-0.253577|-2.080935|-1247.477411|-118280239.949221|nan|138367.329912|-0.000005|-1220288.054450|-1.061304|-0.010423|13.683904|-0.011916|-3.608700|-2.841666|0.287436|-1.592461|-218.998056
1356|-13665911.650000|-1.384841|-2.080935|-3.200000|-9.317139|0.826643|-3.439480|-1.771343|2070.400000|-2.080935|-0.379896|-11991904.471338|-0.067873|-6.821740|-1.474528|nan|7.000000|-4.000000|433341.743841|0.879594|nan|-3.491684|-3.723795|-0.156793|-0.002616|nan|nan|-0.459550|-1.578775|-2.167930|-5.038895|0.413938|-2.080935|-0.247543|-2.080935|-1247.631682|-115179892.358579|nan|138367.329912|-0.000005|-1220288.054450|-1.051900|0.013064|13.692687|-0.011313|-3.564133|-4.791666|0.287436|-1.578775|-218.998056
1357|-13740688.850000|-1.426614|-2.080935|-3.200000|-9.317139|0.826643|-3.439480|-1.771343|2070.400000|-2.080935|-0.379896|-12448499.376148|-0.067873|-6.821740|-1.474250|nan|-3.000000|-4.000000|433041.803840|0.879594|nan|-6.720424|-4.178313|-0.171067|-0.001173|nan|nan|-0.461779|-1.565173|-0.362448|-4.917467|0.413938|-2.080935|-0.232140|-2.080935|-1247.130932|-113940590.651669|nan|138367.329912|-0.000005|-1220288.054450|-1.043834|0.004698|13.700454|-0.010987|-3.519566|-2.791666|0.287436|-1.565173|-218.998056
1358|-13194704.226982|-1.534645|-2.080935|-3.200000|-9.317139|0.954142|-3.439480|-1.771343|2070.400000|-2.080935|-0.379896|-12763161.908428|-0.067873|-6.821740|-1.474111|nan|1.000000|-4.000000|433328.524567|0.879594|0.000000|-3.884782|-4.128841|-0.182762|0.000982|nan|-23909.175067|-0.475309|-1.551312|-0.568712|-4.794866|0.429306|-2.080935|-0.177427|-2.080935|-1248.997831|-113940590.651669|-13928.966982|138367.329912|-0.000005|-1220288.054450|-1.050655|-0.002969|13.700381|-0.010784|-3.474999|-0.791666|0.287436|-1.551312|-218.998056
1359|-12769930.244340|-1.532976|-2.080935|-2.600000|-9.317139|0.954142|-3.439480|-1.771343|2070.400000|-2.080935|-0.379896|-13348331.977251|-0.067873|-6.821740|-1.473537|0.334660|-1.000000|-4.000000|433020.875240|0.879594|-0.000000|-10.344715|-4.356583|-0.194457|0.002951|nan|-23397.503175|-0.469003|-1.537813|0.128887|-4.675075|0.429306|-2.080935|-0.150664|-2.080935|-1248.826374|-111655374.648502|-17713.631227|138367.329912|-0.000005|-1220288.054450|-1.057477|-0.008211|13.692004|-0.010719|-3.430432|-4.791666|0.287436|-1.537813|-218.998056
1400|-9776442.489644|-1.574878|-2.080935|-2.000000|-9.317139|0.207767|-3.439480|-1.771343|2070.400000|-2.080935|-0.379896|-10811379.230231|-0.067873|-6.821740|-1.401231|0.334660|-3.000000|-4.000000|433434.694639|0.879594|-0.000000|-4.380280|-4.561061|-0.206152|0.004690|nan|-3894.456281|-0.451881|-1.524301|1.050606|-4.560962|0.429306|-2.080935|-0.128063|-2.080935|-1247.454032|-111655374.648502|-24577.210351|138367.329912|-0.000005|-1220288.054450|-1.064298|-0.010571|13.674677|-0.010623|-3.385864|-2.791666|0.287436|-1.524301|-218.998056
1401|-6849575.983878|-1.618058|-2.080935|-1.200000|-9.317139|0.207767|-3.439480|-1.771343|2070.400000|-2.080935|-0.379896|-8275570.918579|-0.067873|-6.821740|-1.401574|0.473111|5.000000|-4.000000|433456.035134|0.879594|-0.000000|-4.302706|-4.926895|-0.217847|0.006633|nan|11867.146423|-0.447620|-1.512019|0.523012|-4.454570|0.429306|-2.080935|-0.119320|-2.080935|-1248.709238|-111655374.648502|-22787.385107|138367.329912|-0.000005|-1220288.054450|-1.074227|-0.021984|13.646568|-0.010658|-3.341297|-2.791666|0.287436|-1.512019|-218.998056
1402|2903262.961158|-1.755650|-2.080935|-0.400000|-9.317139|0.207767|-3.439480|-1.771343|2070.400000|-2.080935|-0.638763|1610382.977631|-0.067873|-5.907686|-1.401506|0.748563|-1.000000|-4.000000|433474.718252|0.879594|-0.000000|-4.008347|-5.987580|-0.229542|0.008691|nan|9914.320724|-0.451155|-1.533876|0.748095|-4.356509|0.429306|-2.080935|-0.107746|-2.080935|-1248.146635|-111655374.648502|-23438.072379|138367.329912|-0.000005|-1220288.054450|-1.097832|-0.026245|13.607587|-0.010994|-3.341297|-0.791666|0.287436|-1.533876|-218.998056
1403|12334026.377178|-1.759769|-2.080935|0.000000|-9.317139|0.523586|-3.439480|-1.771343|2070.400000|-2.080935|-0.938001|11191746.147076|-0.067873|-5.907686|-1.401951|0.960612|5.000000|-4.000000|433238.915510|0.879594|-0.000000|-5.269981|-6.833069|-0.238682|0.012190|-0.056332|8320.016860|-0.453926|-1.581391|-0.204068|-4.266524|0.429306|-2.080935|-0.093480|-2.080935|-1248.412078|-111655374.648502|-23199.255648|138367.329912|-0.000005|-1220288.054450|-1.125334|-0.030828|13.557693|-0.011592|-3.341297|-4.791666|0.287436|-1.581391|-218.998056
1404|7962926.728554|-1.790844|-2.080935|0.600000|-9.317139|1.410621|-3.439480|-1.771343|2070.400000|-2.080935|-0.938001|6656023.593797|-0.063906|-5.907686|-1.402414|1.048665|3.000000|-4.000000|432631.539920|0.879594|-0.000000|-14.812821|-7.442901|-0.244906|0.016144|-0.013439|8832.114305|-0.455599|-1.635993|-1.760469|-4.183847|0.429306|-2.080935|-0.062675|-2.080935|-1248.934294|-111655374.648502|-20269.897794|138367.329912|-0.000005|-1220288.054450|-1.152836|-0.033782|13.498446|-0.012275|-3.341297|-2.791666|0.287436|-1.635993|-218.998056
1405|7162660.538044|-1.897814|-2.080935|1.200000|-9.317139|2.022700|-3.439480|-1.771343|2070.400000|-2.080935|-0.938001|6270004.618467|-0.063906|-5.907686|-1.402406|1.063059|-1.000000|-4.000000|432494.926085|0.879594|-0.000000|-4.149500|-8.068748|-0.251130|0.018819|-0.023237|8901.674344|-0.467230|-1.684328|-1.175143|-4.107935|0.429306|-2.080935|-0.053983|-2.080935|-1248.191941|-111655374.648502|-18677.655169|138367.329912|-0.000005|-1220288.054450|-1.180339|-0.035512|13.430733|-0.013053|-3.341297|-0.791666|0.287436|-1.684328|-218.998056
1406|14629966.888242|-1.848828|-2.080935|1.400000|-9.317139|2.576487|-3.439480|-1.771343|2070.400000|-2.080935|-0.938001|13580778.528323|-0.063906|-5.907686|-1.403122|1.120123|7.000000|-4.000000|433450.236764|0.879594|-0.000000|-1.811225|-9.062049|-0.254326|0.022591|-0.026542|6206.068468|-0.471596|-1.723429|-3.254559|-4.037765|0.429306|-2.080935|-0.045973|-2.080935|-1249.615311|-111644560.400109|-14365.377317|138367.329912|-0.000005|-1220288.054450|-1.207841|-0.036243|13.352465|-0.013947|-3.341297|-6.791666|0.287436|-1.723429|-218.998056
1407|1834503.612516|-1.803028|-2.080935|2.000000|-9.317139|2.887055|-3.439480|-1.771343|2070.400000|-2.080935|-0.938001|990816.046638|-0.063906|-5.907686|-1.404203|1.120123|9.200000|-4.000000|517480.844275|0.879594|-0.000000|-3.324594|-9.586490|-0.253360|0.024397|-0.023772|4280.021065|-0.469950|-1.724313|-8.545434|-3.973270|0.429306|-2.080935|-0.040069|-2.080935|-1680.971040|-110215723.829681|-9549.178702|138367.329912|-0.000005|-1220288.054450|-1.235343|-0.036909|13.264106|-0.014678|-3.341297|-10.791666|0.287436|-1.724313|-218.998056
1408|-928154.789776|-1.755779|-2.080935|3.400000|-9.317139|2.977570|-3.439480|-1.771343|2070.400000|-2.080935|-0.938001|-1698034.511200|-0.063906|-5.907686|-1.405708|1.120123|7.400000|-4.000000|602950.319743|0.879594|-0.000000|-2.302139|-10.042941|-0.246740|0.026044|-0.025299|2624.328837|-0.470727|-1.724793|-10.436131|-3.914398|0.429306|-2.080935|-0.028442|-2.080935|-3510.219424|-110215723.829681|-68.313065|138367.329912|-0.000005|-1220288.054450|-1.262846|-0.036890|13.165220|-0.015062|-3.341297|-6.791666|0.287436|-1.724793|-218.998056
1409|-4089506.203704|-1.697646|-2.080935|4.000000|-9.317139|3.249940|-3.439480|-1.771343|2070.400000|-2.080935|-0.938001|-4527157.322808|-0.063906|-5.907686|-1.406945|1.120123|5.400000|-4.000000|602127.479790|0.879594|-0.000000|-0.754572|-10.313077|-0.237258|0.026799|-0.024795|1645.085852|-0.466675|-1.727720|-12.784038|-3.863208|0.429306|-2.080935|-0.025321|-2.080935|-3508.691565|-102038030.236857|-51.916288|138367.329912|-0.000005|-1220288.054450|-1.283946|-0.037136|13.052310|-0.015055|-3.341297|-10.791666|0.287436|-1.727720|-218.998056
1410|-12346411.106336|-1.636118|-2.080935|4.800000|-9.317139|3.249940|-3.439480|-1.771343|2070.400000|-2.080935|-0.938001|-12207370.955643|-0.063906|-5.907686|-1.408291|1.120123|7.400000|-4.000000|600248.677848|0.879594|-0.000000|-1.227283|-10.347672|-0.224005|0.027507|-0.025859|1035.372875|-0.465094|-1.737045|-15.404253|-3.819358|0.429306|-2.080935|-0.022965|-2.080935|-5107.642470|-101228416.990443|-39.534561|138367.329912|-0.000005|-1220288.054450|-1.305046|-0.036082|12.926221|-0.014596|-3.341297|-8.791666|0.287436|-1.737045|-218.998056
1411|-18808710.773074|-1.561937|-2.080935|4.800000|-10.265678|3.249940|-3.439480|-1.771343|2070.400000|-2.080935|-0.938001|-18695625.199744|-0.063906|-5.907686|-1.407753|1.120123|-8.600000|-4.000000|598392.552634|0.879594|-0.000000|-1.252525|-10.621123|-0.214642|0.027507|-0.026262|-264.259677|-0.420853|-1.771602|-10.373539|-3.780426|0.429306|-2.080935|-0.022965|-2.080935|-5105.141466|-101056260.136963|-64.106689|138367.329912|-0.000005|-1220288.054450|-1.326146|-0.036306|12.787115|-0.014024|-3.583321|-10.791666|0.287436|-1.771602|-218.998056
1412|-20424404.874292|-1.481205|-2.080935|4.800000|-10.265678|3.249940|-3.439480|-1.771343|2070.400000|-2.080935|-0.938001|-20250426.952023|-0.063906|-5.907686|-1.407485|1.120123|2.000000|-4.000000|854250.601116|0.879594|-0.000000|-9.117585|-10.507011|-0.205280|0.027507|-0.026743|-1450.304288|-0.417091|-1.864787|-11.840813|-3.742067|0.429306|-2.080935|-0.022965|-2.080935|-5105.985939|-100346200.387974|-68.015412|138367.329912|-0.000005|-1220288.054450|-1.347246|-0.037759|12.642981|-0.013374|-3.825346|-4.791666|0.287436|-1.864787|-218.998056
1413|-18014280.217738|-1.317893|-2.080935|4.800000|-10.265678|3.249940|-3.439480|-1.771343|2070.400000|-2.080935|-0.938001|-17866653.984275|-0.058868|-5.291194|-1.407593|1.120123|5.400000|-4.000000|1452127.743638|0.879594|-0.000000|0.420967|-9.999863|-0.195917|0.027507|-0.020700|-1387.315724|-0.417091|-1.980635|-12.025216|-3.687952|0.429306|-2.080935|-0.022965|-2.080935|-5106.297705|-95819519.572900|-66.462966|138367.329912|-0.000005|-1220288.054450|-1.368346|-0.040104|12.499101|-0.012555|-4.067370|-0.791666|0.287436|-1.980635|-218.998056
1414|-18287797.174298|-1.239904|-2.080935|4.800000|-10.265678|3.249940|-3.439480|-1.771343|2070.400000|-2.080935|-0.938001|-17878318.016628|-0.058868|-1.934424|-1.406921|1.120123|0.000000|-4.000000|1708424.822404|0.879594|-0.000000|-0.335668|-10.046422|-0.186554|0.027507|-0.019357|-2157.179687|-0.407547|-2.064724|-10.863209|-3.612957|0.429306|-2.080935|-0.022965|-2.080935|-5105.612812|-95218257.229118|-71.411280|138367.329912|-0.000005|-1220288.054450|-1.389446|-0.040467|12.353939|-0.011726|-4.309394|-4.791666|0.287436|-2.064724|-218.998056
1415|-19212550.606390|-1.182193|-2.080935|4.800000|-10.265678|3.249940|-3.439480|-1.771343|2070.400000|-2.080935|-0.938001|-17473262.142888|-0.058868|-1.256039|-1.407310|1.120123|10.800000|-4.000000|2051753.428158|0.879594|-0.000000|0.548024|-10.114447|-0.177191|0.027507|-0.019305|-2761.131113|-0.410997|-2.109693|-12.969300|-3.508992|0.429306|-2.080935|-0.022965|-2.080935|-5107.712406|-95218257.229118|-65.040347|138367.329912|-0.000005|-1220288.054450|-1.410547|-0.040688|12.207124|-0.010877|-4.551418|-6.791666|0.287436|-2.109693|-218.998056
1416|-8249704.460236|-1.120698|-2.080935|4.800000|-10.265678|3.249940|-3.439480|-1.771343|2070.400000|-2.080935|-0.938001|-6625846.870716|-0.058868|-0.916847|-1.408474|1.120123|10.800000|-4.000000|2060076.997541|0.879594|-0.000000|0.422792|-10.158122|-0.167829|0.027507|-0.018030|-4050.786818|-0.411936|-2.151602|-15.275024|-3.366641|0.429306|-2.080935|-0.022965|-2.080935|-5107.105705|-95218257.229118|-60.629931|138367.329912|-0.000005|-1220288.054450|-1.431647|-0.037997|12.060062|-0.009927|-4.793442|-6.791666|0.287436|-2.151602|-218.998056
1417|-7553390.450462|-1.041256|-2.080935|4.800000|-10.265678|3.249940|-3.439480|-1.771343|2070.400000|-2.080935|-0.938001|-5807448.926802|-0.058868|-0.916847|-1.408329|1.120123|-1.200000|-4.000000|2060863.712395|0.879594|-0.000000|-0.631518|-10.558137|-0.158466|0.027507|-0.015192|-6645.409719|-0.411548|-2.163798|-13.290336|-3.181118|0.429306|-2.080935|-0.022965|-2.080935|-5104.886559|-95218257.229118|-68.810953|138367.329912|-0.000005|-1220288.054450|-1.452747|-0.033814|11.912425|-0.009009|-5.035466|-4.791666|0.287436|-2.163798|-218.998056
1418|-5820317.449656|-0.921247|-2.080935|4.800000|-10.265678|3.249940|-3.439480|-1.771343|2070.400000|-2.080935|-0.938001|-3738793.524994|-0.058868|-0.916847|-1.408741|1.120123|6.800000|-4.000000|2062168.488866|0.879594|-0.000000|-4.363897|-10.792679|-0.149103|0.027507|-0.014230|-9413.996736|-0.410025|-2.166491|-12.168569|-2.949355|0.429306|-2.080935|-0.022965|-2.080935|-5106.712106|-95218257.229118|-66.461972|138367.329912|-0.000005|-1220288.054450|-1.469026|-0.026616|11.763949|-0.007997|-5.277491|-2.791666|0.287436|-2.166491|-218.998056
1419|-4672963.450000|-0.798824|-2.080935|4.800000|-10.265678|3.249940|-3.439480|-1.771343|2070.400000|-2.080935|-0.938001|-2277482.095179|-0.035277|-0.916847|-1.018427|1.120123|0.800000|-4.000000|2063454.506953|0.879594|-0.000000|-0.738723|-11.102810|-0.139740|0.027507|-0.012397|-11433.490605|-0.410182|-2.163671|-12.137297|-2.669215|0.429306|-2.080935|-0.022965|-2.080935|-5106.096238|-95218257.229118|-60.238428|138367.329912|-0.000005|-1220288.054450|-1.485306|-0.018173|11.613697|-0.006883|-5.528245|-2.791666|0.287436|-2.163671|-218.998056
1420|-4994194.933616|-0.673328|-2.080935|4.800000|-10.265678|3.249940|-3.439480|-1.771343|2070.400000|-2.080935|-0.938001|-2663115.285148|-0.002113|-0.916847|-1.018326|1.120123|4.800000|-4.000000|2063252.559165|0.879594|-0.000000|-0.189852|-11.137551|-0.130378|0.027507|-0.011517|-12569.922733|-0.412600|-2.159854|-12.505213|-2.340619|0.429306|-2.080935|-0.022965|-2.080935|-5106.123388|-93480783.797875|-53.615397|138367.329912|-0.000005|-1220288.054450|-1.501585|-0.006249|11.461887|-0.005692|-5.779000|-2.791666|0.287436|-2.159854|-218.998056
1421|-2376756.549860|-0.539065|-2.080935|4.800000|-10.265678|3.249940|-3.439480|-1.771343|2070.400000|-2.080935|-0.938001|-161716.530958|-0.010547|-0.916847|-1.018276|1.111267|4.800000|-4.000000|2065128.236347|0.879594|-0.000000|-0.491132|-10.978506|-0.121015|0.027507|-0.010395|-15267.548392|-0.416174|-2.160992|-12.505213|-1.965244|0.429306|-2.080935|-0.022965|-2.080935|-5107.349147|-93392705.766558|-56.029082|138367.329912|-0.000005|-1220288.054450|-1.509879|-0.003280|11.308263|-0.004473|-6.029755|-4.791666|0.287436|-2.160992|-218.998056
1422|-9365597.273674|-0.402700|-2.080935|4.800000|-10.265678|3.249940|-3.439480|0.700405|2070.400000|-1.808809|-0.938001|-7596296.881399|-0.010547|-0.916847|-1.018251|1.064633|4.800000|-4.000000|2059095.410175|0.879594|-0.000000|-0.144311|-11.025084|-0.111652|0.027507|-0.008629|-16417.850419|-0.412267|-2.161785|-13.063586|-1.545723|0.429306|-2.080935|-0.022965|-2.080935|-5107.643046|-85045949.393354|-57.287009|138367.329912|-0.000005|-1220288.054450|-1.511581|0.000741|11.152563|-0.003256|-6.280510|-2.791666|0.287436|-2.161785|-218.998056
1423|-10070528.613410|-0.275319|-2.080935|4.800000|-10.265678|3.249940|-3.439480|0.700405|2070.400000|-1.808809|-0.938001|-8308720.437929|-0.010547|-0.916847|-1.018063|0.979082|2.800000|-4.000000|2059095.262875|0.879594|-0.000000|0.011054|-10.675675|-0.102289|0.027507|-0.006000|-17807.343791|-0.408444|-2.158513|-11.581022|-1.100619|0.429306|-2.080935|-0.021778|-2.080935|-5106.001368|-83626070.842399|-61.182034|138367.329912|-0.000005|-1220288.054450|-1.503942|0.007141|10.994836|-0.002043|-6.531264|-2.791666|0.287436|-2.158513|-218.998056
1424|-9942448.286466|-0.132524|-2.080935|4.800000|-10.265678|3.249940|-3.439480|0.700405|2070.400000|-1.808809|-0.938001|-8753717.930608|-0.010547|-0.916847|-1.018144|0.856279|6.800000|-4.000000|2058020.032272|0.879594|-0.000000|0.239709|-9.543121|-0.092927|0.027507|-0.003042|-19184.686887|-0.407684|-2.133979|-11.976966|-0.632061|0.429306|-2.080935|-0.003361|-2.080935|-5105.583229|-83626070.842399|-61.191482|183748.013448|-0.000005|-1220288.054450|-1.482468|0.009676|10.835353|-0.000861|-6.782019|-2.791666|0.287436|-2.133979|-218.998056
1425|-10018940.500670|-0.021887|-2.080935|4.800000|-10.265678|3.249940|-3.439480|0.700405|2070.400000|-1.808809|-0.938001|-8694877.445659|-0.010547|-0.916847|-1.018185|0.735483|4.800000|-4.000000|2056402.221973|0.879594|-0.000000|0.759464|-9.151398|-0.083564|0.027507|-0.000032|-19883.289706|-0.399592|-2.099795|-12.356600|-0.154007|0.429306|-2.080935|0.009272|-2.080935|-5105.684283|-80243154.248759|-61.897386|183748.013448|-0.000005|-1220288.054450|-1.450808|0.012940|10.670837|0.000278|-7.032774|-2.791666|0.287436|-2.099795|-218.998056
1426|-9958603.826810|0.103866|-2.080935|4.800000|-10.265678|3.249940|-2.384995|0.700405|2070.400000|-1.808809|-0.938001|-8841679.007845|-0.010547|-0.916847|-1.018205|0.608755|4.800000|-4.000000|2056005.585038|0.879594|-0.000000|-8.343841|-8.198966|-0.074201|0.027507|0.002137|-19566.159825|-0.395969|-2.077520|-12.165601|0.324860|0.429306|-2.080935|0.022974|-2.080935|-5106.095932|-80243154.248759|-68.011548|183748.013448|-0.000005|-1220288.054450|-1.419148|0.018649|10.501002|0.001341|-7.283528|-2.791666|0.287436|-2.077520|-218.998056
1427|-10701558.189858|0.213038|-1.808809|4.800000|-10.265678|3.249940|-2.384995|0.700405|2070.400000|-1.808809|-0.938001|-10513340.517673|-0.010547|-0.916847|-1.018040|0.608755|0.800000|-4.000000|2054611.761463|0.879594|-0.000000|-1.803840|-7.567264|-0.064839|0.027507|0.003749|-19279.346987|-0.394411|-2.064498|-10.010228|0.800746|0.429306|-2.080935|0.034474|-2.080935|-5106.969910|-74420441.972910|-89.368186|183748.013448|-0.000004|-1220288.054450|-1.386218|0.021729|10.331134|0.002340|-7.534283|-2.175000|0.287436|-2.064498|-90.208825
1428|-14247757.056444|0.317790|-1.808809|4.800000|-10.265678|3.249940|-2.384995|0.700405|2070.400000|-1.808809|-0.938001|-14544995.954370|-0.010547|-0.916847|-1.017958|0.608755|4.800000|-4.000000|2052543.003360|0.879594|-0.000000|0.875433|-6.959945|-0.055476|0.027507|0.004397|-17871.634809|-0.395070|-2.045650|-10.396971|1.271186|0.429306|-2.080935|0.040154|-2.080935|-5106.616601|-66210247.247026|-125.189463|183748.013448|-0.000004|-1220288.054450|-1.353288|0.027290|10.160945|0.003271|-7.785038|-0.858333|0.287436|-2.045650|-90.208825
1429|-18306529.260202|0.405612|-1.808809|5.000000|-10.265678|3.249940|-2.384995|0.700405|2070.400000|-1.808809|-0.938001|-19086421.660521|-0.010547|-0.916847|-1.017742|0.608755|2.800000|-4.000000|2048660.822479|0.879594|-0.000000|3.124760|-6.451241|-0.046113|0.027507|0.005040|-17149.058324|-0.397023|-2.008647|-8.581427|1.735318|0.429306|-2.080935|0.042533|-2.080935|-5105.652547|-66210247.247026|-159.591108|183748.013448|-0.000004|-1220288.054450|-1.320358|0.030961|9.991030|0.004139|-8.035793|-2.466666|0.287436|-2.008647|-82.055750
1430|-19537135.542248|0.504006|-1.808809|5.000000|-10.265678|3.249940|-2.384995|0.700405|2070.400000|-1.808809|-0.938001|-20985972.134329|-0.010547|0.371980|-1.017634|0.608755|4.800000|-4.000000|2048372.789290|0.879594|-0.000000|2.105361|-5.729093|-0.036750|0.027507|0.004014|-16239.186848|-0.400145|-1.985220|-8.581427|2.189673|0.429306|-2.080935|0.042533|-2.080935|-5106.410852|-66210247.247026|-276.603731|183748.013448|-0.000004|-1220288.054450|-1.287428|0.035348|9.821163|0.004988|-8.286547|-0.466666|0.287436|-1.985220|-82.055750
1431|-25410262.414200|0.599984|-1.808809|5.000000|-10.265678|3.249940|-2.384995|6.714269|2070.400000|-1.808809|-0.938001|-26967246.894067|-0.010547|1.016393|-1.017405|0.608755|2.800000|-4.000000|2045639.987840|0.879594|-0.000000|2.764866|-5.511612|-0.027388|0.027507|0.004810|-15941.955224|-0.401075|-1.962041|-8.156441|2.631094|0.429306|-2.080935|0.044962|-2.080935|-5106.116539|-66210247.247026|-229.888780|183748.013448|-0.000004|-1220288.054450|-1.254498|0.038950|9.650832|0.005795|-8.537302|-0.466666|0.287436|-1.962041|-82.055750
1432|-28634199.325270|0.644503|-1.808809|5.000000|-10.265678|3.249940|-2.384995|6.714269|2070.400000|-1.808809|-0.938001|-30574297.184174|-0.010547|2.338600|-1.016767|0.608755|-1.200000|-4.000000|2043891.292146|0.879594|-0.000000|4.081748|-5.390109|-0.018025|0.027507|0.004953|-15823.995671|-0.404713|-1.943305|-1.981508|3.056091|0.429306|-2.080935|0.053614|-2.080935|-5106.258463|-66210247.247026|-266.639101|183748.013448|-0.000004|-1220288.054450|-1.221567|0.041834|9.480280|0.006564|-8.823893|-4.466666|0.287436|-1.943305|-82.055750
1433|-29756388.492018|0.698404|-1.808809|5.200000|-10.265678|3.249940|-2.384995|6.714269|4646.800000|-1.808809|-0.938001|-31356630.065257|-0.010547|2.933287|-1.016622|0.608755|4.800000|-4.000000|2045060.271569|0.879594|-0.000000|-2.115510|-5.138031|-0.008662|0.027507|0.005556|-14555.244247|-0.403062|-1.934157|-3.154137|3.462029|0.429306|-2.080935|0.064886|-2.080935|-5107.267711|-66210247.247026|-251.588120|183748.013448|-0.000004|-1220288.054450|-1.188637|0.044332|9.309787|0.007254|-9.110485|-2.466666|0.287436|-1.934157|-82.055750
1434|-34979714.347946|0.718682|-1.808809|5.600000|-10.265678|3.249940|-2.384995|6.714269|4646.800000|-1.808809|-0.938001|-35185599.758749|-0.010547|2.933287|-1.016376|0.608755|3.000000|-4.000000|2129060.805756|0.879594|-0.000000|3.260080|-4.601004|0.002645|0.027507|0.005886|-12698.195926|-0.408982|-1.932214|-2.149124|3.842573|0.429306|-2.080935|0.077908|-2.080935|-5106.929066|-66210247.247026|-260.054884|183748.013448|-0.000004|-1220288.054450|-1.154869|0.045996|9.139259|0.007786|-9.397076|-2.241666|0.287436|-1.932214|-82.055750
1435|-44522228.913778|0.777999|-1.808809|5.600000|-10.265678|3.249940|-2.384995|6.714269|4646.800000|-1.808809|-0.938001|-44395028.309204|-0.010547|2.933287|-1.016078|0.603839|4.800000|-4.000000|2042749.130493|0.879594|-0.000000|3.873915|-4.308123|0.013952|0.027507|0.005279|-10640.703447|-0.419496|-1.931102|-1.347281|4.201077|0.429306|-2.080935|0.083636|-2.080935|-5106.829389|-66210247.247026|-339.646906|183748.013448|-0.000004|-1220288.054450|-1.121100|0.047215|8.968363|0.008250|-9.683667|-2.241666|0.287436|-1.931102|-82.055750
1436|-46071629.941820|0.917976|-1.808809|5.600000|-10.265678|3.249940|-2.384995|6.714269|4646.800000|-1.808809|-0.938001|-47099673.204638|-0.010547|2.933287|-1.015755|0.567937|0.400000|-4.000000|1872027.009484|0.879594|-0.000000|0.563236|-4.236037|0.028287|0.027507|0.004436|-8086.893882|-0.419496|-1.952184|1.916880|4.534654|0.429306|-2.080935|0.090764|-1.808809|-5105.840929|-66210247.247026|-539.777632|183748.013448|-0.000004|-1220288.054450|-1.088549|0.048706|8.797280|0.008684|-9.970259|-2.241666|0.287436|-1.952184|-82.055750
1437|-41139459.811000|1.013832|-1.808809|5.600000|-10.265678|3.249940|-2.384995|6.586328|4646.800000|-1.808809|-0.938001|-42452650.266479|-0.009655|2.933287|-1.016116|0.536398|10.200000|-4.000000|1790504.599213|0.879594|-0.000000|2.355725|-3.825912|0.042461|0.027507|0.003227|-4108.477811|-0.420760|-1.968578|-2.599442|4.840851|0.429306|-2.080935|0.097591|-1.808809|-5108.106743|-66210247.247026|-363.476542|183748.013448|-0.000004|-1220288.054450|-1.055997|0.046870|8.626341|0.009057|-10.256850|-2.408334|0.287436|-1.968578|-82.055750
1438|-42802865.711062|1.148936|-1.808809|5.600000|-10.265678|3.249940|-2.384995|6.586328|4646.800000|-1.808809|-0.938001|-43503557.823771|0.045643|2.933287|-1.015948|0.503492|2.200000|-4.000000|1790530.847345|0.879594|-0.000000|-4.719743|-3.826150|0.058748|0.027507|0.002705|1284.360177|-0.422787|-1.984084|-1.070148|5.118583|0.429306|-2.080935|0.103390|-1.808809|-5106.612667|-66210247.247026|-407.954075|183748.013448|-0.000004|-1220288.054450|-1.027074|0.045249|8.454568|0.009431|-10.543441|-0.408334|0.287436|-1.984084|-82.055750
1439|-40830030.097836|1.241228|-1.808809|5.600000|-10.265678|3.249940|-2.384995|6.586328|4646.800000|-1.808809|-0.938001|-41297803.209966|0.075422|2.933287|-1.016039|0.464446|6.200000|-4.000000|1791083.579148|0.879594|-0.000000|3.320210|-3.724925|0.074579|0.027507|0.002179|6526.587190|-0.419404|-1.918799|-2.396035|5.368708|0.429306|-2.080935|0.109846|-1.808809|-5106.338717|-66210247.247026|-361.646745|183748.013448|-0.000004|-1220288.054450|-1.000149|0.042876|8.280886|0.009771|-10.830033|-1.075000|0.287436|-1.918799|-82.055750
1440|-41123869.663478|1.363554|-1.808809|5.600000|-10.265678|3.249940|-2.384995|6.586328|4646.800000|-1.808809|-0.938001|-41286843.936129|0.128540|2.933287|-1.016258|0.395814|4.200000|-4.000000|1791480.852672|0.879594|-0.000000|0.522152|-3.630483|0.086638|0.027507|0.001437|12577.107797|-0.422492|-1.921927|-1.952923|5.593716|0.429306|-2.080935|0.115828|-1.808809|-5106.014861|-66210247.247026|-343.284983|183748.013448|-0.000004|-1220288.054450|-0.973964|0.041516|8.105349|0.010105|-11.116624|0.683333|0.287436|-1.921927|-82.055750
1441|-41693215.857812|1.511466|-1.808809|5.400000|-9.317132|3.249940|-2.384995|6.586328|4646.800000|-1.808809|-0.938001|-41415489.371363|0.128540|2.933287|-1.016019|0.314018|2.200000|-4.000000|1791569.835320|0.879594|-0.000000|3.047366|-3.649619|0.094807|0.027507|0.000858|13493.721463|-0.424714|-1.907119|-1.395143|5.795030|0.429306|-2.080935|0.121366|-1.808809|-5105.716603|-66210247.247026|-360.972886|183748.013448|-0.000004|-1220288.054450|-0.947779|0.040820|7.927478|0.010452|-11.116624|0.683333|0.287436|-1.907119|-82.055750
1442|-46919631.747558|1.602456|-1.808809|5.200000|-9.317132|3.249940|-2.384995|6.586328|4646.800000|-1.808809|-0.938001|-46165322.983984|0.128540|2.933287|-1.015900|0.314018|4.200000|-4.000000|1534554.008532|0.879594|-0.000000|2.198884|-3.222537|0.102975|0.027507|0.000290|14123.138960|-0.428567|-1.865114|-1.395143|5.972588|0.429306|-2.080935|0.126797|-1.808809|-5106.724766|-66210247.247026|-361.719199|183748.013448|-0.000004|-1220288.054450|-0.926764|0.039088|7.747903|0.010783|-11.116624|-1.316667|0.287436|-1.865114|-82.055750
1443|-51858159.107930|1.701796|-1.808809|5.200000|-9.317132|3.249940|-2.384995|6.586328|4646.800000|-1.808809|-0.938001|-50951123.062026|0.128540|2.933287|-1.015840|0.314018|4.200000|-4.000000|1193409.811242|0.879594|-0.000000|3.456362|-2.836130|0.111144|0.027507|-0.000424|15155.302008|-0.449014|-1.842025|-0.930548|6.129757|0.429306|-2.080935|0.127163|-1.808809|-5106.742257|-66210247.247026|-339.858766|183748.013448|-0.000004|-1220288.054450|-0.906313|0.039062|7.572638|0.011100|-11.116624|-1.316667|0.287436|-1.842025|-82.055750
1444|-55826859.186724|1.767699|-1.808809|5.200000|-7.031875|3.249940|-2.384995|6.586328|4646.800000|-1.808809|-0.938001|-55013967.597412|0.128540|2.933287|-1.015636|0.314018|2.200000|-4.000000|1021670.549528|0.879594|-0.000000|3.977596|-2.523005|0.119312|0.027507|-0.000793|14653.082412|-0.453198|-1.810185|0.745739|6.268633|0.429306|-2.080935|0.127163|-1.808809|-5106.840086|-66210247.247026|-412.485472|183748.013448|-0.000004|-1220288.054450|-0.889933|0.039148|7.402406|0.011430|-11.116624|-3.316667|0.287436|-1.810185|-82.055750
1445|-62500827.013428|1.856877|-1.808809|4.800000|-7.031875|3.371157|-2.384995|6.586328|4646.800000|-1.808809|-0.938001|-60321392.616085|0.128540|2.933287|-1.015186|0.314018|2.200000|-4.000000|934834.386171|0.879594|-0.000000|1.771842|-2.249753|0.127480|0.027507|-0.001114|15358.525710|-0.451487|-1.797628|1.384670|6.391319|0.429306|-2.080935|0.127163|-1.808809|-5105.909343|-66210247.247026|-509.530322|183748.013448|-0.000004|-1220288.054450|-0.873554|0.038824|7.237522|0.011815|-11.116624|-1.316667|0.287436|-1.797628|-82.055750
1446|-62889709.113436|1.935211|-1.808809|4.400000|-7.031875|3.371157|-2.384995|6.586328|4646.800000|-1.808809|-0.938001|-59912073.017342|0.128540|2.933287|-1.014961|0.314018|4.200000|-4.000000|934790.786862|0.879594|-0.000000|1.402459|-1.787377|0.135649|0.027507|-0.001429|17196.771034|-0.450697|-1.793874|1.868524|6.499643|0.429306|-2.080935|0.127163|-1.808809|-5106.332945|-66108208.242976|-494.718749|183748.013448|-0.000004|-1220288.054450|-0.857174|0.039252|7.076600|0.012235|-11.116624|-3.316667|0.287436|-1.793874|-82.055750
1447|-62890749.675058|2.071380|-1.808809|4.200000|-6.789870|3.371157|-2.384995|6.586328|4646.800000|-1.808809|-0.938001|-59555330.223906|0.128540|2.933287|-1.014849|0.314018|4.200000|-4.000000|934620.017074|0.879594|-0.000000|-7.712395|-1.518639|0.143817|0.027507|-0.001884|17239.878268|-0.449437|-1.793830|3.336934|6.595544|0.429306|-2.080935|0.127163|-1.808809|-5106.225378|-66108208.242976|-441.763562|186799.113984|-0.000004|-141224.310321|-0.840794|0.036480|6.920807|0.012676|-11.116624|-1.316667|0.287436|-1.793830|-82.055750
1448|-66700694.694864|2.159609|-1.808809|4.200000|-8.938179|3.371157|-2.384995|5.970862|4646.800000|-1.808809|-0.708765|-62868405.609788|0.128540|2.933287|-1.014618|0.314018|2.200000|-4.000000|932911.351121|0.879594|-0.000000|2.711134|-1.874433|0.151986|0.027507|-0.002646|18288.736726|-0.449437|-1.793772|4.442901|6.676715|0.429306|-2.080935|0.127163|-1.808809|-5105.933846|-66108208.242976|-502.153026|186799.113984|-0.000004|-141224.310321|-0.827344|0.037254|6.770569|0.013161|-11.116624|-1.491667|0.287436|-1.793772|-82.055750
1449|-65099900.558098|2.292688|-1.808809|4.200000|-8.938179|3.371157|-2.384995|5.083827|4637.400000|-1.808809|-0.708765|-61081786.030901|0.128540|2.933287|-1.014503|0.314018|3.600000|-4.000000|678873.994376|0.879594|-0.000000|3.293047|-1.783679|0.160154|0.027507|-0.003616|17670.720438|-0.440335|-1.793681|2.949684|6.742892|0.429306|-2.080935|0.127163|-1.808809|-5107.373464|-66108208.242976|-449.312782|186799.113984|-0.000004|-141224.310321|-0.821569|0.037406|6.627363|0.013694|-11.116624|-0.883333|0.287436|-1.793681|-82.055750
1450|-67218450.113656|2.466368|-1.808809|4.200000|-8.938179|3.371157|-2.384995|2.471748|4637.400000|-1.808809|-0.708765|-63067086.055615|0.128540|2.933287|-1.014620|0.314018|5.000000|-4.000000|424205.051931|0.879594|-0.000000|3.440835|-1.455439|0.168322|0.027507|-0.004007|17476.709049|-0.436346|-1.793562|2.858716|6.794442|0.429306|-2.080935|0.127163|-1.808809|-5106.364112|-66108208.242976|-360.189443|191139.414480|-0.000004|-141224.310321|-0.824648|0.036702|6.490683|0.014234|-11.116624|-3.958333|0.287436|-1.793562|-82.055750
1451|-77889910.752682|2.600604|-1.808809|4.200000|-8.938179|3.371157|-2.384995|2.471748|4637.400000|-1.808809|-0.125320|-72746206.095648|0.128540|2.933287|-1.015200|0.314018|8.200000|-4.000000|84579.174120|0.879594|-0.000000|-0.636347|-1.062172|0.176491|0.027507|-0.004412|17478.266591|-0.436302|-1.792589|-3.882501|6.832151|0.429306|-2.080935|0.127163|-1.808809|-5107.101617|-66108208.242976|-265.460319|220110.435762|-0.000004|-141224.310321|-0.827727|0.037420|6.363120|0.014752|-11.116624|-8.891667|0.287436|-1.792589|-82.055750
1452|-80351951.552485|2.729030|-1.808809|3.600000|-8.938179|3.371157|-2.384995|2.471748|1411.800000|-1.808809|0.066075|-75058183.514519|0.128540|2.933287|-1.015316|0.314018|-0.400000|-4.000000|-168964.470558|0.879594|-0.000000|3.189825|-1.206680|0.184659|0.027507|-0.004645|16724.696603|-0.435336|-1.790904|-2.025897|6.857653|0.429306|-2.080935|0.127163|-1.808809|-5105.497828|-74803098.490107|-255.580026|220110.435762|-0.000004|-141224.310321|-0.830714|0.038139|6.247095|0.015238|-11.116624|-6.941667|0.287436|-1.790904|-82.055750
1453|-80167146.254966|2.880419|-1.808809|2.800000|-8.938179|3.371157|-2.384995|2.471748|1411.800000|-1.808809|0.066075|-74463001.186231|0.128540|2.933287|-1.015200|0.314018|-0.600000|-4.000000|-253554.621154|0.879594|-0.000000|3.337125|-1.253422|0.192828|0.027507|-0.004655|16976.039329|-0.435336|-1.791041|-0.965632|6.872236|0.429306|-2.080935|0.127163|-1.808809|-5106.268061|-96692913.622008|-312.545161|220110.435762|-0.000004|-141224.310321|-0.833700|0.037895|6.144628|0.015729|-11.116624|-4.941667|0.287436|-1.791041|-82.055750
1454|-78708648.211656|2.984331|-1.808809|2.400000|-8.938179|3.236634|-2.384995|2.471748|1411.800000|-1.808809|0.066075|-72979870.914569|0.128540|2.933287|-1.015142|0.235525|-1.200000|-4.000000|-507243.276766|0.879594|-0.000000|3.367728|-1.259511|0.200996|0.027507|-0.004875|17220.511745|-0.430998|-1.792015|0.115345|6.876919|0.429306|-2.080935|0.138300|-1.808809|-5105.901304|-98738071.140044|-271.320963|176925.815694|-0.000004|-141224.310321|-0.836687|0.039833|6.051362|0.016224|-11.116624|-6.941667|0.287436|-1.792015|-82.055750
1455|-82690626.728281|3.059537|-1.808809|2.200000|-8.938179|3.309336|-2.384995|2.471748|1411.800000|-1.808809|0.066075|-76925505.790212|0.128540|5.904893|-1.015113|0.127924|2.200000|-4.000000|-759444.978735|0.879594|-0.000000|-1.221973|-1.074544|0.209164|0.027507|-0.004937|17081.766800|-0.416075|-1.788571|-2.411730|6.871175|0.429306|-2.080935|0.141848|-1.808809|-5107.002908|-116613991.807608|-226.428388|176925.815694|-0.000004|-141224.310321|-0.839674|0.043381|5.970363|0.016709|-11.116624|-6.941667|0.287436|-1.788571|-82.055750
1456|-88332115.035356|3.169792|-1.808809|2.200000|-8.938179|3.516118|-2.384995|2.471748|1411.800000|-1.808809|0.066075|-82751676.034087|0.128540|5.904893|-1.015098|-0.023579|0.000000|-4.000000|-842138.251358|0.879594|-0.000000|1.814962|-1.097669|0.217333|0.027507|-0.004762|17291.055101|-0.412747|-1.787787|-0.249053|6.853333|0.429306|-2.080935|0.149764|-1.808809|-5106.229315|-119980705.727500|-207.790311|176925.815694|-0.000004|-141224.310321|-0.842660|0.045510|5.904298|0.017193|-11.116624|-2.941667|0.287436|-1.787787|-82.055750
1457|-92475475.538404|3.218530|-1.808809|2.200000|-8.938179|3.279339|-2.384995|2.471748|1411.800000|-1.808809|0.066075|-87619316.017378|0.128540|5.904893|-1.014917|-0.146941|-2.600000|-4.000000|-840043.414014|0.879594|-0.000000|3.638537|-1.163285|0.225501|0.027507|-0.004592|16548.253362|-0.387092|-1.787506|-0.186690|6.820421|0.429306|-2.080935|0.149764|-1.808809|-5106.540223|-119980705.727500|-278.421586|176925.815694|-0.000004|-141224.310321|-0.844622|0.047038|5.846968|0.017686|-11.116624|-4.941667|0.287436|-1.787506|-82.055750
1458|-99183139.838670|3.226181|-1.808809|2.200000|-8.938179|3.425054|-2.384995|2.471748|1411.800000|-1.519566|0.066075|-94903021.890700|0.128540|5.904893|-1.014653|-0.308108|-5.400000|-4.000000|-836779.587937|0.879594|-0.000000|-1.203360|-1.034225|0.233670|0.027507|-0.004685|15264.113359|-0.383071|-1.787735|2.813766|6.774641|0.429306|-2.080935|0.149764|-1.808809|-5105.801276|-119980705.727500|-314.793901|176925.815694|-0.000004|-649332.888901|-0.846584|0.046933|5.793218|0.018192|-11.116624|-6.941667|0.287436|-1.787735|-82.055750
1459|-112461796.616796|3.227731|-1.808809|1.600000|-13.548656|3.556892|-2.384995|2.471748|1411.800000|-1.519566|0.066075|-106371423.109927|0.128540|5.904893|-1.013652|-0.405694|-13.800000|-4.000000|-832059.965709|0.879594|-0.000000|2.577521|-1.237919|0.241838|0.027507|-0.004319|14673.881716|-0.385694|-1.787722|19.928587|6.714807|0.429306|-2.080935|0.173457|-1.808809|-5104.961006|-119980705.727500|-420.827552|176925.815694|-0.000004|-649332.888901|-0.848546|0.043654|5.744911|0.018770|-11.116624|-12.941667|0.287436|-1.787722|-82.055750
