900|nan|nan|nan|nan|nan|nan|nan|nan|nan|nan|nan|nan|nan|nan|nan|nan|nan|nan|nan
901|nan|nan|nan|nan|nan|nan|nan|nan|nan|nan|nan|nan|nan|nan|nan|nan|nan|nan|nan
902|nan|nan|nan|nan|nan|nan|nan|nan|nan|nan|nan|nan|nan|nan|nan|nan|nan|nan|nan
903|nan|nan|nan|nan|nan|nan|nan|nan|nan|nan|nan|nan|nan|nan|nan|nan|nan|nan|nan
904|nan|nan|nan|nan|nan|nan|nan|nan|nan|nan|nan|nan|nan|nan|nan|nan|nan|nan|nan
905|nan|nan|nan|nan|nan|nan|nan|nan|nan|nan|nan|nan|nan|nan|nan|nan|nan|nan|nan
906|nan|nan|nan|nan|nan|nan|nan|nan|nan|nan|nan|nan|nan|nan|nan|nan|nan|nan|nan
907|nan|nan|nan|nan|nan|nan|nan|nan|nan|nan|nan|nan|nan|nan|nan|nan|nan|nan|nan
908|nan|nan|nan|nan|nan|nan|nan|nan|nan|nan|nan|nan|nan|nan|nan|nan|nan|nan|nan
909|nan|nan|nan|nan|nan|nan|nan|nan|nan|nan|nan|nan|nan|nan|nan|nan|nan|nan|nan
910|nan|nan|nan|nan|nan|nan|nan|nan|nan|nan|nan|nan|nan|nan|nan|nan|nan|nan|nan
911|nan|nan|nan|nan|nan|nan|nan|nan|nan|nan|nan|nan|nan|nan|nan|nan|nan|nan|nan
912|nan|nan|nan|nan|nan|nan|nan|nan|nan|nan|nan|nan|nan|nan|nan|nan|nan|nan|nan
913|nan|nan|nan|nan|nan|nan|nan|nan|nan|nan|nan|nan|nan|nan|nan|nan|nan|nan|nan
914|nan|nan|nan|nan|nan|nan|nan|nan|nan|nan|nan|nan|nan|nan|nan|nan|nan|nan|nan
915|nan|nan|nan|nan|nan|nan|nan|nan|nan|nan|nan|nan|nan|nan|nan|nan|nan|nan|nan
916|nan|nan|nan|nan|nan|nan|nan|nan|nan|nan|nan|nan|nan|nan|nan|nan|nan|nan|nan
917|nan|nan|nan|nan|nan|nan|nan|nan|nan|nan|nan|nan|nan|nan|nan|nan|nan|nan|nan
918|nan|nan|nan|nan|nan|nan|nan|nan|nan|nan|nan|nan|nan|nan|nan|nan|nan|nan|nan
919|nan|nan|nan|nan|nan|nan|nan|nan|nan|nan|nan|nan|nan|nan|nan|nan|nan|nan|nan
920|nan|nan|nan|nan|nan|nan|nan|nan|nan|nan|nan|nan|nan|nan|nan|nan|nan|nan|nan
921|nan|nan|nan|nan|nan|nan|nan|nan|nan|nan|nan|nan|nan|nan|nan|nan|nan|nan|nan
922|nan|nan|nan|nan|nan|nan|nan|nan|nan|nan|nan|nan|nan|nan|nan|nan|nan|nan|nan
923|nan|nan|nan|nan|nan|nan|nan|nan|nan|nan|nan|nan|nan|nan|nan|nan|nan|nan|nan
924|nan|nan|nan|nan|nan|nan|nan|nan|nan|nan|nan|nan|nan|nan|nan|nan|nan|nan|nan
925|nan|nan|nan|nan|nan|nan|nan|nan|nan|nan|nan|nan|nan|-149.551650|nan|2.547272|nan|nan|nan
926|nan|nan|nan|nan|nan|nan|nan|nan|nan|nan|nan|nan|nan|-121.153487|nan|2.803234|nan|nan|nan
927|nan|nan|nan|nan|nan|nan|nan|nan|nan|nan|nan|nan|nan|-64.920326|nan|3.522029|nan|nan|nan
928|nan|nan|nan|nan|nan|nan|nan|nan|nan|nan|nan|nan|nan|-40.378395|nan|4.132282|nan|nan|nan
929|nan|nan|nan|nan|nan|nan|nan|nan|nan|nan|nan|nan|nan|-41.047647|7.647947|4.342843|nan|nan|nan
930|nan|nan|nan|nan|nan|nan|nan|nan|nan|nan|nan|nan|nan|-66.462317|7.647947|4.238726|nan|nan|nan
931|nan|nan|nan|nan|nan|nan|nan|nan|nan|nan|nan|nan|nan|-71.712892|7.647947|4.351596|nan|nan|nan
932|nan|nan|nan|nan|nan|nan|nan|nan|nan|nan|nan|nan|nan|-53.412215|7.647947|4.478765|nan|nan|nan
933|nan|nan|nan|nan|nan|nan|nan|nan|nan|nan|nan|nan|nan|-48.463327|7.647947|4.615597|nan|nan|nan
934|nan|nan|nan|nan|31.641690|nan|nan|nan|nan|nan|nan|nan|nan|-30.931439|7.647947|4.912204|nan|nan|nan
935|nan|nan|nan|nan|32.336926|nan|nan|nan|nan|nan|nan|nan|nan|-26.253530|7.647947|5.176248|nan|nan|nan
936|nan|nan|nan|nan|33.002077|nan|nan|nan|nan|-39.337277|nan|nan|nan|-41.104560|7.647947|5.104043|nan|nan|nan
937|nan|nan|nan|nan|32.471723|nan|nan|nan|nan|-35.467835|nan|nan|nan|-54.347955|7.647947|5.077752|nan|nan|nan
938|nan|nan|nan|nan|33.008524|nan|nan|nan|nan|-18.265205|nan|nan|nan|-48.746106|7.647947|4.933786|nan|nan|nan
939|nan|nan|nan|nan|32.539294|nan|nan|nan|nan|-33.345814|nan|nan|nan|-50.947369|7.647947|5.007307|nan|nan|nan
940|nan|nan|nan|nan|32.133685|nan|nan|nan|nan|-41.083316|nan|nan|nan|-53.759330|7.647947|10.210459|nan|nan|nan
941|nan|nan|nan|nan|32.133694|nan|nan|nan|nan|-17.197665|nan|nan|nan|-36.147470|7.647947|10.345423|nan|nan|nan
942|nan|nan|nan|nan|32.308520|nan|nan|nan|nan|0.047219|nan|nan|nan|-13.886430|7.647947|10.635109|nan|nan|nan
943|nan|nan|nan|nan|32.833825|nan|nan|nan|nan|15.919056|nan|nan|nan|8.156446|7.647947|11.042215|nan|nan|nan
944|nan|-15.544333|nan|nan|33.435411|nan|nan|nan|nan|-18.637707|nan|nan|nan|-26.536498|7.647947|10.920831|-0.011302|nan|nan
945|nan|-20.381590|nan|nan|32.711750|nan|nan|nan|nan|-63.929617|nan|nan|nan|-77.577330|7.647947|10.541945|-0.026133|nan|nan
946|nan|-28.714163|nan|nan|29.986873|nan|nan|nan|nan|-106.207290|nan|nan|nan|-126.792129|-28.726096|-31.829797|-0.044489|nan|nan
947|nan|-41.708482|nan|nan|24.128575|nan|nan|nan|nan|-180.103627|nan|nan|nan|-201.060283|-107.461045|-111.713090|-0.072260|nan|nan
948|nan|-50.208052|nan|nan|19.677158|nan|nan|nan|nan|-161.980116|nan|nan|nan|-171.751590|-107.461045|-112.405855|-0.067078|nan|nan
949|nan|-58.889067|nan|-186.945136|15.030972|nan|nan|nan|nan|-165.348316|nan|nan|nan|-186.997148|-107.461045|-113.042277|-0.070753|nan|nan
950|nan|-68.344315|nan|-218.242224|9.605523|nan|nan|nan|nan|-192.297891|nan|nan|nan|-214.669645|-128.780686|-135.100648|-0.080916|nan|nan
951|nan|-73.768897|nan|-173.343663|5.771836|nan|nan|nan|nan|-139.420513|nan|nan|nan|-167.978690|-128.780686|-135.295159|-0.072829|nan|nan
952|nan|-77.181467|nan|-148.957465|2.840973|nan|nan|nan|nan|-116.243624|nan|nan|nan|-142.722035|-128.780686|-135.216144|-0.068410|nan|nan
953|nan|-80.326627|nan|-152.897209|0.193004|nan|nan|nan|nan|-91.396902|nan|nan|nan|-146.577622|-128.780686|-135.232115|-0.068935|nan|nan
954|nan|-82.225538|nan|nan|-1.912218|nan|-237.608773|nan|nan|-87.683927|nan|nan|nan|-132.352333|-128.780686|-135.014395|-0.065787|nan|nan
955|nan|-81.810174|nan|-92.467718|-2.787399|nan|-158.128916|nan|nan|-57.037067|nan|nan|nan|-93.970145|-128.780686|-134.616724|-0.058046|nan|nan
956|nan|-80.853840|nan|-78.904429|-3.386475|nan|-127.943186|nan|nan|-68.855483|nan|nan|nan|-83.628120|-128.780686|-134.083205|-0.055555|nan|nan
957|nan|-79.937873|nan|-79.499131|-3.755639|nan|-87.233990|nan|nan|-71.549661|nan|nan|nan|-86.456277|-128.780686|-133.757587|-0.055461|nan|nan
958|nan|-77.653874|nan|-44.576914|-3.460601|nan|-40.709195|nan|nan|-42.345852|nan|nan|nan|-54.236521|-128.780686|-133.136667|-0.049193|nan|nan
959|nan|-75.015520|nan|-31.862105|-2.623975|nan|-35.724396|nan|nan|-34.542638|nan|nan|nan|-42.172923|-128.780686|-132.753984|-0.046701|nan|nan
1000|nan|-72.645677|nan|-30.726478|-2.359955|-67.537829|-66.740926|-0.240342|nan|-37.134304|nan|nan|nan|-43.590821|-128.780686|-132.254217|-0.046707|nan|nan
1001|nan|-70.019183|nan|nan|-2.264777|-66.090803|-63.971593|-0.215083|nan|-29.623976|nan|nan|nan|-31.760231|-128.780686|-131.822759|-0.044364|nan|nan
1002|nan|-66.191754|nan|20.229477|-1.668512|-63.695270|-10.800399|-0.091425|nan|4.903534|nan|-158.279574|nan|7.264395|-128.780686|-131.295915|-0.037325|nan|nan
1003|nan|-63.040711|nan|9.404217|-1.412304|-61.736566|-18.554531|-0.039833|nan|-16.298539|nan|-158.160158|nan|-1.527042|-128.780686|-131.008496|-0.039114|nan|nan
1004|nan|-60.653665|nan|-6.656395|-1.487204|-60.330982|-19.108398|-0.044954|nan|-28.535390|nan|-158.262146|nan|-16.455322|-128.780686|-130.911485|-0.042079|nan|nan
1005|nan|-58.512099|nan|nan|-1.096037|-59.047748|-18.554531|-0.054806|nan|-19.711431|nan|-157.478538|nan|-17.474437|-128.780686|-97.889212|-0.042492|nan|nan
1006|nan|-56.190381|nan|nan|0.048665|-57.495689|-22.708531|-0.042604|nan|-4.951274|nan|-156.074438|nan|-4.244953|-128.780686|-79.094825|-0.040300|nan|nan
1007|nan|-54.485328|nan|-10.803971|0.732621|-56.455701|-51.232660|-0.050077|nan|-16.990636|nan|-155.465037|nan|-17.692019|-128.780686|-76.394775|-0.042910|nan|nan
1008|nan|-52.810130|nan|nan|1.391911|-55.437342|-45.140129|-0.053949|nan|-4.503380|nan|-154.890303|nan|-16.857256|-128.780686|-64.825771|-0.042763|nan|nan
1009|nan|-51.266202|nan|nan|1.848248|-54.463824|-47.909461|-0.061022|nan|-2.655056|nan|-154.764231|nan|-17.274456|-128.780686|-30.261096|-0.042818|nan|nan
1010|nan|-49.169006|nan|14.689041|2.225527|-52.899539|-26.585597|-0.039497|nan|7.471491|nan|-154.031736|nan|7.567734|-128.780686|-22.253368|-0.038325|nan|nan
1011|nan|-47.022534|nan|21.831072|2.743586|-51.301058|-1.107734|0.069995|nan|12.792709|nan|-152.643707|nan|15.866945|-128.780686|-15.701881|-0.036843|nan|nan
1012|nan|-44.876413|nan|nan|3.528642|-49.626925|24.923997|0.047925|nan|12.893482|nan|-150.757032|nan|20.925080|-128.780686|6.857622|-0.036023|nan|nan
1013|nan|-42.945515|nan|nan|3.867794|-48.065737|43.201595|0.025124|nan|-6.667018|nan|-149.078998|nan|19.890681|-128.780686|17.704801|-0.036327|nan|nan
1014|nan|-40.535917|nan|49.200194|4.755614|-46.001778|31.570396|0.031475|nan|12.698675|nan|-146.674464|nan|45.038516|-128.780686|18.195107|-0.031932|nan|nan
1030|nan|-37.959463|nan|nan|6.049046|-43.769157|-6.369466|0.036802|nan|18.049137|nan|-143.855509|nan|61.669872|-128.780686|31.323052|-0.029272|nan|nan
1031|nan|-35.010326|nan|85.555272|7.514412|-41.130823|-34.616663|0.070869|nan|28.771272|nan|-140.898692|nan|86.284717|-128.780686|48.432570|-0.025286|nan|nan
1032|nan|-32.574525|nan|72.288303|8.864740|-38.912431|-122.127587|0.089168|nan|18.036236|nan|-138.937316|nan|76.447033|-128.780686|48.751700|-0.027529|nan|nan
1033|nan|-29.904144|nan|87.502799|10.387136|-36.492599|-79.756791|0.115345|nan|27.301104|nan|-137.151571|nan|94.669008|-128.780686|49.145225|-0.024922|nan|nan
1034|73.192647|-27.256958|nan|nan|11.746256|-34.016148|-92.772657|0.153072|nan|21.051957|nan|-134.173324|nan|108.439043|-128.780686|49.592200|-0.023643|nan|nan
1035|68.353397|-24.906164|nan|88.897252|13.712008|-31.764107|-129.327852|0.190339|nan|32.006875|nan|-129.809863|nan|110.377576|-95.859402|53.956323|-0.024661|nan|nan
1036|70.456565|-22.647265|nan|90.326020|17.340860|-29.601733|-83.910790|0.232081|nan|38.349940|nan|-123.992388|nan|118.474431|-77.321761|54.190323|-0.024403|nan|nan
1037|72.071207|-20.248404|nan|91.125219|22.891867|-27.475681|-58.986793|0.268952|nan|51.380741|nan|-116.044721|nan|126.217486|-74.535538|54.997862|-0.024247|nan|nan
1038|61.141445|-18.286151|nan|78.353371|27.809539|-25.705493|-73.387325|0.300925|nan|54.859156|nan|-109.289042|nan|120.136031|-62.921229|55.056599|-0.026387|nan|nan
1039|84.064985|-15.697915|nan|101.368982|33.432041|-22.262560|-34.062796|0.342959|nan|80.072724|nan|-101.379720|nan|147.507882|-28.343708|55.379602|-0.022304|nan|nan
1040|78.923362|-13.262056|nan|94.647018|40.026880|-19.633496|2.215466|0.377398|nan|79.157196|nan|-92.818406|nan|146.987247|-20.656329|55.443652|-0.023374|nan|nan
1041|67.366373|-11.385573|nan|82.491374|45.362947|-17.506653|3.600133|0.403416|nan|86.285469|nan|-85.860619|nan|139.487590|-14.220109|55.458531|-0.025615|nan|nan
1042|50.698948|-10.297306|nan|65.309793|50.003610|-16.407430|-13.015865|0.417821|nan|65.012662|nan|-80.053732|nan|125.474460|8.077981|55.280983|-0.028776|nan|nan
1043|47.235184|-9.633920|nan|nan|54.473993|-15.583256|17.169865|0.424352|nan|65.659576|nan|-74.315578|nan|124.754130|18.706537|60.743530|-0.029488|nan|nan
1044|36.263041|-8.547126|nan|nan|58.310096|-14.805638|19.385331|0.423977|nan|57.610937|nan|-69.371139|nan|116.756600|18.706537|73.148767|-0.031576|nan|-116.584285
1045|18.633150|-6.762275|nan|nan|60.956897|-13.864035|1.384667|0.436023|nan|38.260273|nan|-66.152861|nan|102.012671|31.445469|64.835797|-0.034888|nan|-116.680320
1046|21.759924|-3.894687|nan|36.056952|63.191146|-12.641558|16.892932|0.452999|nan|35.434519|nan|-63.234041|nan|108.038740|47.942001|57.489510|-0.034376|nan|-116.776354
1047|23.764624|0.488783|nan|nan|65.287690|-11.637500|56.771326|0.455758|nan|41.225987|41.012349|-60.287291|nan|112.957075|47.942001|57.375037|-0.034067|nan|-116.906639
1048|11.907924|4.035983|nan|nan|66.409906|-10.864726|34.893596|0.457270|nan|16.258342|29.132070|-58.613675|nan|104.228745|44.923997|46.739349|-0.036307|nan|-117.053974
1049|26.622078|8.319130|nan|39.929710|67.091143|-10.051071|33.231996|0.471323|nan|28.225979|44.132452|-56.902210|nan|121.753389|44.923997|46.784058|-0.033653|nan|-117.203403
1050|21.382537|13.071225|nan|nan|67.865044|-9.381452|25.477864|0.488400|nan|22.803979|39.100562|-55.326302|nan|118.951432|43.785863|45.658833|-0.026653|nan|-117.311649
1051|3.123615|16.555910|nan|nan|68.176825|-8.811817|18.831465|0.490475|nan|15.313270|20.722752|-54.606013|nan|101.761042|40.231332|41.938373|-0.026262|nan|-117.396576
1052|5.629049|19.655139|-1795.641765|nan|67.643557|-7.956769|6.923333|0.498148|1.364956|5.102595|23.461524|-54.877538|8.166798|105.383329|40.231332|41.788570|-0.025853|nan|-117.444100
1053|1.213575|22.688239|-1722.683233|nan|67.065850|-7.259323|3.046266|0.504088|-4.062910|0.908985|19.298882|-55.004889|2.258932|101.628114|37.738932|39.160735|-0.023594|nan|-117.498616
1054|-15.396808|25.028449|-1647.393630|nan|66.271470|-6.793379|-14.123599|0.506554|-17.595105|-10.264574|2.941789|-55.127520|-14.634000|84.722475|20.846000|22.145194|-0.018970|nan|-117.526490
1055|-17.331204|26.435563|-1571.112042|nan|65.705583|-6.305245|8.031066|0.498103|-21.010571|-3.301609|1.005646|-55.199663|-16.849466|81.143281|20.846000|22.034053|-0.016871|nan|-117.525546
1056|-11.523241|27.715765|-1514.243855|nan|65.326851|-6.007481|21.600797|0.454608|-12.591168|5.850260|6.803994|-55.450523|-11.310800|84.654188|20.846000|21.933185|-0.015730|nan|-117.524601
1057|-6.288538|29.064269|-1438.900588|nan|65.121813|-5.978865|31.016530|0.464376|-4.566736|19.704550|12.001788|-55.153190|-6.326000|87.661228|20.846000|21.841534|-0.008508|nan|-117.523657
1058|-7.163715|29.726526|-1373.012980|3.679398|64.418170|-6.239137|28.247196|0.477221|-4.874470|16.219781|11.128288|-54.898619|-7.433734|85.398193|20.846000|21.912014|-0.006169|nan|-117.495217
1059|12.467891|30.452302|-1334.085057|23.029461|63.549018|-5.535059|71.448791|0.513889|7.230861|38.529674|30.643653|-54.090064|11.951597|102.046410|20.846000|22.108293|-0.002548|nan|-117.474302
1100|37.945555|31.764639|-1293.550540|48.180776|63.964177|-3.498420|111.050254|0.583689|26.991425|63.197272|55.932665|-53.282511|36.272528|125.530759|20.846000|22.400508|0.004491|nan|-117.467889
1101|89.241556|33.891141|-1260.417624|98.852070|65.428137|0.358280|183.606780|0.678199|66.826049|84.404045|106.959277|-51.269746|81.548256|176.749802|20.846000|23.071889|0.015667|nan|-117.465482
1102|112.095572|35.619849|-1250.188380|121.696721|67.619396|5.845244|193.853311|0.818645|80.057647|108.176715|129.556760|-48.756407|96.139853|200.169755|20.846000|23.723786|0.019790|nan|-117.465482
1103|113.683584|37.542910|-1242.843465|nan|69.891620|10.821748|209.084643|0.932052|83.885012|107.139351|130.840473|-46.151885|97.247586|202.296265|20.846000|24.198902|0.019992|nan|-117.467889
1104|102.860074|39.556371|-1228.491607|111.509491|71.697907|15.890498|204.653710|1.071896|71.571483|85.485085|119.581001|-44.537524|85.893321|191.894989|20.846000|24.530320|0.017903|nan|-117.467889
1105|92.357678|41.412599|-1207.970170|nan|73.113447|21.193200|188.037712|1.158747|59.534151|82.416227|108.556644|-43.622345|72.255989|181.326200|20.846000|24.591732|0.015865|nan|-117.460663
1106|88.523157|43.022558|-1189.462355|nan|74.069470|25.661786|184.991446|1.234573|60.063218|67.528518|104.121480|-43.446720|67.825056|177.737144|20.846000|24.595370|0.015050|nan|-117.467889
1107|104.088343|45.205153|-1147.576188|110.929538|75.417864|30.010933|200.776644|1.303880|75.576880|65.246285|119.072272|-42.480771|82.779454|193.688975|20.846000|24.707686|0.017948|nan|-117.489271
1108|85.599301|46.937016|-1076.023962|90.395684|76.145455|34.004989|170.037047|1.345911|57.108849|61.522503|99.972694|-42.439488|63.671056|175.422455|20.846000|24.595866|0.014435|nan|-117.510653
1109|74.032129|48.458835|-945.252554|nan|76.622685|37.497517|180.006646|1.367184|47.323784|49.629104|87.702638|-42.931846|51.485991|164.079267|20.846000|26.049747|0.013645|nan|-117.538166
1110|68.824878|49.418306|-791.042677|nan|77.093379|40.182617|168.375448|1.378567|43.667817|44.655172|81.819330|-43.418536|45.670392|159.205545|20.846000|25.904050|0.012575|nan|-117.565678
1111|50.580733|49.760107|-639.020827|53.560378|76.958085|42.267181|137.358918|1.379451|28.917088|41.913451|62.914559|-44.453340|26.838927|141.115957|20.846000|25.595311|0.009114|nan|-117.587060
1112|26.500558|49.566019|-503.620284|28.931681|76.708332|43.884712|95.541989|1.366747|4.510392|37.428572|38.185293|-46.191700|2.191863|117.110770|20.846000|25.162879|0.004585|nan|-117.587060
1113|42.832848|49.796802|-384.033020|46.107499|76.332395|45.325940|107.450122|1.376018|20.934855|42.258728|53.979746|-47.146425|17.977062|133.483676|20.846000|25.100491|0.007485|nan|-117.589098
1114|52.504241|49.738195|-272.156403|nan|75.900919|46.690078|105.234655|1.404813|29.114023|61.422528|63.125429|-48.459559|27.115861|143.220651|20.846000|70.221109|0.009163|nan|-117.578488
1115|35.017039|48.979120|-146.123615|nan|74.824176|47.752502|69.233326|1.429299|14.393358|29.643292|45.204060|-50.113459|13.675196|126.205565|20.846000|69.050412|0.005856|nan|-117.563031
1116|30.804260|47.745631|-43.988660|nan|73.952128|48.523772|67.294793|1.439345|11.045123|35.200535|40.584219|-51.551575|9.687330|123.370072|20.846000|64.240094|0.004991|nan|-117.547575
1117|26.846450|46.661349|156.082729|nan|73.144777|48.584991|64.525459|1.449203|9.734190|25.958064|36.282772|-52.622442|5.256397|120.102259|20.846000|59.700821|0.004177|nan|-117.527344
1118|29.518722|45.378278|308.462118|nan|72.503550|48.846358|54.555860|1.463114|11.469656|28.198529|38.656534|-53.518849|9.791863|123.447612|20.846000|59.589167|0.004583|nan|-116.750273
1119|18.051704|43.752148|421.790886|17.010045|72.134415|49.124939|57.048260|1.458950|0.841892|26.364208|26.868724|-54.448643|-0.116269|112.790915|20.846000|59.322398|0.002396|nan|-115.975361
1120|6.846541|42.057608|463.701606|nan|71.655348|49.260671|39.878396|1.447992|-9.189306|15.058009|15.376333|-55.206240|-11.747467|101.768970|20.846000|47.767614|0.000261|nan|-115.203177
1121|-17.119972|39.834266|509.266009|-18.990695|70.982374|48.750681|-3.046266|1.442277|-27.959069|-0.345455|-8.866597|-56.731899|-36.117598|77.908092|20.846000|33.043450|-0.006294|nan|-114.617722
1122|-6.755704|37.910520|574.419499|nan|70.258363|48.720316|9.138799|1.434870|-22.629838|-9.256668|1.130465|-58.021802|-23.187999|88.586945|20.846000|32.874739|-0.004463|nan|-113.848881
1123|-10.247213|36.095721|654.038002|nan|69.769573|48.622032|0.553867|1.425987|-25.306536|-4.005163|-2.716090|-59.086783|-27.065065|85.374688|20.846000|28.875646|-0.005175|nan|-113.203807
1124|-19.563523|33.672759|739.448316|nan|69.010031|48.376503|-26.031731|1.413856|-33.958834|-9.086064|-12.431485|-60.829323|-33.957731|75.737239|22.431597|23.519561|-0.007713|nan|-112.821368
1125|-54.108301|30.586062|803.265074|-57.035619|68.663035|46.988688|-63.140793|1.288542|-57.810960|-21.687994|-47.456226|-63.373688|-68.051327|39.712235|22.431597|22.962498|-0.020569|nan|-112.385720
1126|-51.838519|27.919096|867.242535|nan|68.415841|45.594898|-55.663594|1.273539|-58.831693|-18.941127|-45.614085|-65.309392|-65.392794|38.749656|22.431597|22.676558|-0.020214|nan|-111.991352
1127|-41.834315|25.767983|900.804219|nan|68.376404|44.314560|-40.986128|1.261102|-46.018661|21.150348|-36.053463|-67.013969|-55.700128|44.501088|22.431597|22.451920|-0.018436|nan|-111.810255
1128|-51.790711|23.477723|918.366718|-56.086395|68.588218|42.859413|-52.340394|1.234518|-53.224826|25.045483|-46.503316|-68.863093|-65.946660|29.792687|22.431597|22.123975|-0.020318|nan|-111.645267
1129|-48.203491|21.546787|926.767768|-52.732965|69.375713|41.093622|-29.631864|1.172418|-44.941627|19.269871|-43.444630|-70.132151|-61.583461|28.617341|22.566713|21.873069|-0.019709|nan|-111.413759
1330|-84.804892|19.181604|961.752674|-89.041180|68.952437|38.337616|-41.263062|1.035682|-74.893021|-5.059479|-80.625839|-72.354266|-98.415590|-13.560783|11.104410|9.761462|-0.032632|nan|-111.076542
1331|-119.783867|16.132072|986.455391|-124.772200|66.947897|34.637483|-25.477863|0.831761|-103.183183|-47.730009|-116.327170|-75.707829|-133.586119|-53.915402|-32.399452|-34.387502|-0.045629|nan|-110.720541
1332|-145.658303|12.506239|1002.550332|-150.880392|64.081723|30.712769|-29.077997|0.581287|-128.254182|-64.759331|-143.004837|-79.869497|-158.977850|-85.402972|-57.790158|-60.412393|-0.055283|nan|-109.981803
1333|-164.095008|8.794778|983.443621|-169.007240|61.177823|26.198471|-46.524795|0.330814|-139.928344|-68.832283|-162.345116|-84.487634|-176.892381|-109.890793|-75.795238|-79.189474|-0.062206|nan|-108.897417
1334|-141.431522|5.350924|947.350964|-146.237586|58.605245|22.124550|-35.724396|0.081388|-118.974414|-67.015574|-140.957196|-89.003176|-151.457717|-94.196068|-75.795238|-79.444595|-0.058144|nan|-107.210370
1335|-99.424816|2.855400|898.813525|-104.562551|55.470522|18.989480|-5.261733|-0.076791|-80.315153|-63.572939|-100.117232|-93.093118|-109.917722|-59.192936|-75.795238|-79.292982|-0.050518|nan|-105.379466
1336|-85.986687|0.951259|817.677023|-92.733120|51.696904|16.009760|3.323200|-0.234374|-64.179286|-48.283523|-87.822642|-98.278466|-94.181856|-52.944701|-75.795238|-79.287014|-0.048132|nan|-103.596852
1337|-53.760485|-0.285576|779.257740|-59.301479|47.783434|13.678655|50.124927|-0.360914|-33.533058|-50.844527|-56.735451|-103.216941|-61.694527|-27.834244|-75.795238|-78.933339|-0.042283|nan|-102.057818
1338|-55.076120|-1.531147|757.471186|-62.556890|44.005587|11.455122|29.354930|-0.456665|-35.033557|-66.181126|-59.146837|-108.184234|-58.876126|-36.086238|-75.795238|-78.773804|-0.042593|nan|-100.626315
1339|-48.963379|-2.253159|751.587226|nan|40.708922|8.964285|22.985464|-0.540368|-25.377958|-50.797410|-54.046069|-112.640757|-52.660527|-36.993962|-75.795238|-78.613947|-0.041529|nan|-99.274570
1340|-70.021574|-3.404513|799.138353|-78.071144|37.011057|6.162949|-4.153999|-0.621349|-47.341455|-81.375502|-76.064376|-117.371704|-71.024391|-65.041148|-75.795238|-78.609577|-0.045455|nan|-97.768016
1341|-76.714064|-4.806138|795.723378|-84.980601|33.457887|3.406155|-29.908797|-0.692371|-52.904421|-86.215501|-83.669403|-122.163843|-77.947724|-78.687803|-75.795238|-78.726705|-0.046735|nan|-96.501980
1342|-69.575524|-6.145628|837.904961|nan|29.738589|1.070306|-47.632528|-0.737895|-48.861088|-83.357812|-77.391183|-127.184639|-68.544391|-77.646534|-75.795238|-78.783497|-0.045469|nan|-94.252189
1343|-55.524624|-7.139180|957.694712|-62.622008|26.437206|-0.900053|-18.000664|-0.787540|-38.214790|-89.015161|-64.196981|-131.198691|-52.217726|-69.117606|-75.795238|-78.638645|-0.042929|nan|-92.393255
1344|-48.690267|-8.431264|1043.259276|nan|23.661832|-2.569197|-2.215466|-0.850696|-32.848757|-66.317572|-58.147229|-134.660418|-45.491327|-67.684526|-75.795238|-78.491857|-0.041712|nan|-90.921564
1345|-48.797142|-10.271325|1135.835155|-57.843149|21.208421|-3.998061|-20.493064|-0.903081|-34.405323|-54.305479|-59.046836|-137.895177|-48.248260|-72.381315|-75.795238|-78.499139|-0.041769|nan|-90.169900
1346|-49.477255|-13.122233|1228.707182|nan|18.974901|-5.478076|-26.031730|-0.951434|-34.756489|-57.709829|-60.481512|-140.602843|-49.079060|-77.631970|-75.795238|-78.472828|-0.041927|nan|-89.390934
1347|-36.048121|-16.171482|1307.588157|-43.774508|17.283553|-6.703332|-17.169865|-0.982978|-24.823692|-38.259339|-47.748711|-142.152269|-35.786262|-68.221523|-75.795238|-78.266744|-0.039485|nan|-88.245355
1348|-2.966532|-18.584243|1320.803459|-10.855133|16.415321|-7.128505|18.000664|-1.004258|5.011004|-5.945942|-15.361670|-143.393257|-2.831199|-37.876064|-75.795238|-71.702086|-0.033425|nan|-87.201373
1349|22.075117|-20.260212|1312.405392|14.065384|15.625009|-7.342251|31.016530|-1.011939|28.894635|3.551535|9.049292|-144.210140|22.092799|-13.791652|-75.795238|-45.098949|-0.028840|nan|-86.101333
1350|24.954071|-21.731250|1311.711384|nan|15.428269|-7.446263|22.154665|-1.014508|30.702867|2.263984|11.303716|-144.515561|24.862132|-11.699182|-75.795238|-24.021172|-0.028332|nan|-85.687448
1351|7.880211|-23.489588|1289.375503|-1.487122|15.307282|-7.662794|-19.385331|-1.012314|14.574104|-21.464785|-6.381300|-145.161281|6.332267|-29.411836|-75.795238|-9.347210|-0.031494|nan|-85.514840
1352|-1.451833|-25.691049|1259.824565|nan|15.053459|-8.075637|-18.831464|-1.013206|3.958372|-26.740132|-16.340750|-145.952373|-3.723465|-39.370358|-75.795238|-9.334400|-0.033229|nan|-85.339171
1353|9.144175|-27.311187|1230.240535|0.750245|14.750224|-8.182802|-12.185065|-1.007433|11.361103|-16.042950|-6.345529|-146.523610|6.320000|-28.813357|-75.795238|-9.155155|-0.031293|nan|-85.197808
1354|12.806768|-28.621958|1186.532310|2.845918|14.890615|-8.016712|-18.277598|-0.992039|15.761603|-12.476150|-3.236238|-146.658002|9.440133|-24.914440|-75.795238|-9.155727|-0.030632|nan|-85.056446
1355|34.741010|-29.315365|1117.756309|26.003837|15.405215|-7.341896|-31.293463|-0.856719|32.597496|0.509823|18.310835|-145.919445|30.997864|-1.613845|-75.795238|-8.066227|-0.026604|nan|-85.056446
1356|54.183819|-29.306662|1093.727296|45.669988|15.724951|-6.405780|-9.969599|-0.822888|48.942091|4.043323|37.445572|-143.944910|49.983195|20.612619|-75.795238|-0.729211|-0.023034|nan|-85.138683
1357|38.176866|-29.181769|1113.475348|28.102564|16.419122|-5.962112|-16.339065|-0.822511|35.840327|-0.729564|21.085106|-142.799687|33.441063|6.689560|-75.795238|5.445158|-0.025989|nan|-85.378694
1358|41.553164|-29.202206|1138.866887|33.093916|16.915355|-5.397431|-23.262397|-0.798215|38.122421|-4.663771|24.140832|-141.493069|36.764263|12.968111|-75.795238|12.265388|-0.025375|nan|-85.693531
1359|45.188640|-29.405636|1133.910197|nan|17.669510|-5.113243|-16.339065|-0.773990|42.763291|-4.802456|27.487441|-139.818494|40.364396|20.939806|-75.795238|17.064955|-0.024711|nan|-86.008368
1400|29.963887|-29.572475|1132.127604|nan|17.903841|-5.518331|-68.402526|-0.706114|28.412696|-12.935599|12.183265|-137.448931|25.133064|8.708607|-75.795238|17.173459|-0.027513|nan|-86.202662
1401|28.808140|-29.684264|1141.831134|nan|18.105755|-6.804659|-104.680788|-0.614950|32.264595|-2.827855|11.089013|-135.293131|24.025331|10.801007|-75.795238|22.217050|-0.027716|nan|-86.378332
1402|28.691682|-29.715364|1155.025577|nan|18.036656|-8.476604|-130.712519|-0.536135|33.225331|-12.898002|11.171391|-133.378134|24.025331|14.678073|-75.795238|39.586068|-0.027715|nan|-86.462835
1403|21.589967|-29.950660|1166.287179|11.866249|18.232458|-10.346995|-156.190382|-0.429374|27.661999|0.257209|4.446149|-131.429625|17.101999|11.231807|-69.574640|39.479906|-0.028988|nan|-86.596424
1404|8.056409|-30.232662|1189.300492|-1.436570|18.538116|-12.301767|-147.328517|-0.344638|15.489568|-12.552257|-8.651373|-129.951941|3.809200|1.971157|-43.419260|39.242021|-0.031434|nan|-86.710648
1405|-12.733849|-30.697976|1191.049280|nan|19.299385|-14.399872|-126.281586|-0.312803|-7.803864|-23.845229|-28.897179|-128.023568|-16.683864|-14.489758|-22.711087|38.348718|-0.035204|nan|-86.788201
1406|-0.059891|-30.392935|1198.208690|-8.854108|21.666693|-16.194700|-100.249855|-0.246362|4.571633|-0.332358|-15.469389|-124.748720|-3.667999|2.392704|-8.033622|38.208793|-0.032808|nan|-88.010411
1407|-1.276225|-30.299397|1184.306712|nan|24.729160|-18.241272|-69.233326|-0.204445|5.180833|-10.475781|-15.810767|-120.767796|-2.898799|5.428501|-8.033622|38.105033|-0.032960|nan|-89.251084
1408|-2.251924|-30.140838|1140.920154|nan|28.279083|-19.968426|-71.448792|-0.190181|2.467334|-2.988908|-15.759665|-116.404170|-1.852666|8.541231|-8.033622|38.030748|-0.033061|nan|-90.454831
1409|-3.257289|-29.780912|1074.186309|nan|31.649817|-21.492693|-66.187059|-0.176943|2.073468|11.428468|-15.716039|-112.740968|-0.966532|10.844708|-8.033622|37.980365|-0.033162|nan|-91.910895
1410|2.086318|-28.662716|1020.836947|-3.879810|33.887162|-22.760708|-81.695324|-0.141977|5.888331|4.646858|-9.343326|-110.177951|7.169067|19.873342|-7.264647|34.996023|-0.032091|nan|-93.237725
1411|6.867043|-27.468476|945.708427|nan|35.689768|-23.631306|-83.356924|-0.101192|9.390064|-5.148962|-3.496737|-107.896764|10.270800|28.348109|-0.341314|35.098663|-0.031122|nan|-94.413431
1412|-41.537933|-27.529366|849.339744|-47.253727|36.930646|-25.056931|-124.343052|-0.168547|-34.437925|-29.348836|-50.930741|-107.942691|-39.798661|-17.846089|5.813043|34.722859|-0.039937|nan|-96.050773
1413|-60.333696|-27.698580|734.616029|-65.994113|37.971759|-27.075316|-128.773985|-0.234331|-46.874787|-51.238276|-68.849548|-108.214035|-58.076259|-35.958540|12.459442|33.360175|-0.043302|nan|-97.503731
1414|-90.787499|-28.568952|631.592590|-95.848171|37.370062|-29.761743|-152.036383|-0.312318|-75.102849|-69.604092|-98.493061|-109.442500|-87.985056|-66.421373|-17.487278|-19.251106|-0.048809|nan|-99.088169
1415|-93.292148|-28.767441|526.305582|-96.589674|37.097634|-32.136537|-154.251849|-0.388493|-77.521382|-64.016748|-100.163318|-110.041213|-89.923589|-69.080270|-19.425811|-21.543881|-0.049170|nan|-100.456616
1416|-69.780993|-27.711704|433.173252|-72.474664|37.154206|-33.938229|-130.989452|-0.468889|-55.989288|-41.377936|-75.782025|-109.852176|-65.830392|-45.485215|-19.425811|-21.641655|-0.044738|nan|-101.742419
1417|-14.421044|-24.967856|315.908360|-17.037358|37.302589|-34.493333|-61.756127|-0.466930|-8.530233|-11.757750|-19.498271|-108.308960|-9.889865|10.512726|-19.425811|-21.076415|-0.034444|nan|-102.517285
1418|-0.883047|-21.731512|210.627732|-3.684988|37.991386|-34.929570|-14.677465|-0.465447|7.194102|6.027753|-5.040079|-106.766018|4.233734|23.915960|-19.425811|-20.769238|-0.027857|nan|-102.981115
1419|-27.785033|-19.432820|123.558767|-29.654664|38.386144|-35.727385|-16.062131|-0.500284|-17.434194|-13.361452|-31.113122|-106.157043|-23.034930|-3.335290|-19.425811|-20.821107|-0.025121|nan|-103.887528
1420|-19.520300|-17.714386|3.533318|nan|38.553258|-36.119251|-4.430932|-0.508611|-11.051961|-6.929551|-22.015469|-105.232723|-14.733064|4.762916|-19.425811|-20.691261|-0.021887|nan|-104.523722
1421|9.249922|-15.740169|-132.048710|9.174965|38.932688|-35.509559|7.754133|-0.512073|11.822601|28.676359|7.679688|-103.471600|12.141866|32.677792|-19.425811|-20.267175|-0.016485|nan|-104.575986
1422|56.305810|-13.433662|-287.719276|56.692050|39.878502|-34.133967|45.970929|-0.441765|54.973290|47.722902|55.749968|-100.756598|59.774394|81.086679|-19.425811|-19.464441|-0.007718|-3477.288791|-104.581201
1423|61.825826|-11.096759|-426.559880|nan|40.589720|-32.702864|62.586926|-0.290749|62.666558|36.764119|62.238424|-98.803142|65.866926|87.888161|-19.425811|-18.990843|-0.006596|-0.000000|-104.560274
1424|34.111230|-9.429377|-543.015692|34.834620|40.781102|-31.710931|39.047596|-0.309065|39.287831|9.681674|35.379980|-98.348062|38.727463|61.157647|-19.425811|-18.933771|-0.011591|-0.000000|-104.531528
1425|13.616752|-7.689017|-602.178641|14.907128|40.631190|-30.537201|40.986129|-0.314610|14.869001|-14.232760|15.572301|-98.603643|13.028265|41.827398|-19.425811|-19.048864|-0.015261|-0.000000|-104.531528
1426|-39.280006|-6.935362|-632.156219|-37.026091|39.934299|-30.431564|8.031066|-0.356691|-30.270290|-49.414873|-36.799524|-99.664565|-39.312129|-10.104047|-19.425811|-19.604758|-0.024896|-0.000000|-104.508163
1427|-63.376682|-6.740534|-705.491320|-60.921589|39.131406|-30.900670|-31.570397|-0.380634|-52.689253|-36.892889|-60.396578|-101.083379|-62.851460|-33.034428|-19.425811|-20.190676|-0.029232|-0.000000|-104.500405
1428|-46.752351|-6.407754|-763.239349|-42.892596|38.227637|-30.762414|-11.077332|-0.406207|-42.400491|-30.359928|-43.299413|-102.283626|-46.961595|-14.955614|-19.425811|-20.331572|-0.026072|-0.000000|-104.492648
1429|8.669200|-5.072698|-770.525087|13.058897|37.643515|-29.568712|48.463328|-0.399906|6.818564|-0.421213|12.670097|-102.094189|8.498932|42.093862|-19.425811|-19.969363|-0.015774|-0.000000|-104.599170
1430|27.855566|-3.428043|-729.609626|nan|37.563569|-27.453339|52.894260|-0.381120|20.080828|23.831400|32.262581|-102.026509|21.681196|62.565075|-19.425811|-6.697936|-0.012155|-0.000000|-104.826791
1431|60.112645|-1.030440|-676.994847|65.706928|38.925853|-24.170863|84.464657|-0.334477|48.198590|53.232480|64.848460|-101.576621|51.879326|96.408311|-19.425811|5.180994|-0.006139|-0.000000|-105.272229
1432|51.162635|0.886063|-635.226802|57.125811|39.404345|-20.570578|75.879725|-0.280800|35.053290|50.939632|56.243744|-100.916323|40.894394|89.179395|-19.425811|17.378396|-0.007719|-0.000000|-106.062294
1433|62.495270|2.341602|-612.080965|68.747709|40.526280|-16.502723|80.587591|-0.223017|42.044488|66.720829|67.864534|-99.971876|48.125592|102.106640|-19.425811|17.724069|-0.005578|-0.000000|-106.739196
1434|66.678297|3.393234|-650.960181|nan|41.673080|-12.761756|71.725725|-0.170896|49.995421|58.335096|72.318470|-98.981348|52.556525|108.620112|-19.425811|17.983107|-0.004762|-0.000000|-107.240707
1435|64.248059|4.346540|-720.618247|nan|43.031202|-9.777652|49.017195|-0.094051|51.620323|51.710656|70.053287|-97.633079|50.341059|108.531494|-19.425811|18.171413|-0.005170|29559.943737|-107.643753
1436|68.780655|5.703703|-770.384505|75.668921|44.292447|-6.901478|66.740926|-0.041332|52.087821|44.952784|74.678406|-96.086878|55.048925|115.465903|-19.425811|18.456089|-0.004303|29561.318681|-107.898762
1437|71.124002|7.306729|-781.073116|nan|45.625663|-4.546079|68.402526|-0.023510|58.259115|42.761563|77.043412|-94.501660|57.541325|120.561476|-19.425811|18.658822|-0.003844|31301.738899|-108.356522
1438|39.148163|8.040444|-798.205032|45.385420|46.204200|-2.829883|36.001329|-0.015474|28.332153|14.370956|44.965028|-93.685794|25.693995|91.873476|-19.425811|18.487461|-0.009704|42607.384618|-109.042734
1439|26.859526|8.455947|-835.346440|nan|46.242523|-1.414780|23.262398|-0.010692|15.986718|11.890748|32.585562|-92.871637|13.508930|82.893196|-19.425811|18.333628|-0.011945|47392.625056|-109.817590
1440|47.834972|8.930049|-906.151137|54.864662|46.962408|0.815717|50.124928|0.003869|30.872912|28.006752|53.545597|-90.887926|34.555861|107.408548|-19.425811|18.502999|-0.008071|47396.170546|-110.297901
1441|41.980092|8.837075|-965.078809|48.120036|47.433633|2.989521|49.571061|0.015114|25.218050|29.297614|47.646196|-89.376889|28.740261|104.461369|-19.425811|18.461269|-0.009141|47400.195167|-110.494182
1442|38.369816|8.979170|-1006.839271|45.756808|47.537854|5.035930|-1.938533|0.134028|20.099024|29.053224|44.141273|-87.932179|25.140128|104.029657|-19.425811|18.562843|-0.009803|47404.315602|-110.547493
1443|48.629394|9.287434|-1039.177271|56.007010|47.660214|7.061067|-9.969599|0.239776|30.984820|47.524756|54.603993|-86.197174|39.066660|116.944610|-19.425811|44.715671|-0.007917|47408.436046|-110.603818
1444|63.897926|9.820197|-1061.838997|71.250887|48.228182|9.259685|-24.647064|0.355676|45.015045|56.139421|70.173117|-84.035970|54.377992|135.389818|-19.425811|57.413140|-0.005115|47412.939778|-110.677478
1445|52.045673|10.424989|-1098.127843|58.399408|49.596822|11.124059|-38.493729|0.461927|36.148019|44.264622|58.553953|-82.388955|42.469860|126.421319|-6.443725|57.309958|-0.007305|47417.347694|-110.768441
1446|48.247736|11.042762|-1148.295848|55.452578|50.472368|12.987251|-18.277598|0.588085|31.391322|40.737556|54.922015|-81.001155|38.592794|125.374765|5.052357|57.357533|-0.008018|47421.468130|-110.857363
1447|59.698990|11.878944|-1198.273032|66.821734|51.543174|14.858557|49.017194|0.698130|43.706324|54.662789|66.509556|-77.906323|49.947059|137.210641|16.798405|57.522297|-0.005929|47425.492750|-110.901559
1448|30.995204|12.187111|-1219.079126|37.177256|52.557683|15.514878|34.339730|0.723022|23.625996|48.584841|37.939724|-75.111032|21.145996|108.314153|16.798405|57.161258|-0.011226|47429.325713|-110.933598
1449|22.230874|12.669799|-1225.568954|29.151998|54.563584|15.676967|-0.830800|0.764464|15.563026|36.766506|29.428124|-71.704929|12.284130|99.940197|16.798405|55.393193|-0.012855|47433.254509|-110.979530
1450|-0.386236|13.105101|-1209.600513|5.502246|56.466213|15.308679|-14.677465|0.770656|-2.345137|23.869205|7.018835|-68.924213|-10.424401|77.469575|16.798405|48.902744|-0.017031|47436.895824|-111.025462
1451|-37.679993|12.519461|-1200.343284|-32.191980|57.190735|14.574977|-22.708530|0.782055|-40.771870|-16.096202|-30.200569|-67.949871|-47.410396|40.404822|16.798405|19.329050|-0.023905|47440.153843|-111.100843
1452|-107.940773|10.483598|-1184.892715|-102.113430|56.593974|12.643216|-45.417061|1.073538|-102.071824|-80.478122|-100.718304|-70.588856|-115.751455|-29.698327|-18.578122|-18.711664|-0.037222|47442.741102|-111.165758
1453|-141.666701|7.878233|-1162.718654|nan|54.574545|9.994758|-73.110392|0.676035|-130.576581|-119.038985|-134.793121|-74.558650|-149.537318|-63.162947|-44.030651|-45.123290|-0.049740|47444.082639|-112.187731
1454|-85.391839|6.548023|-1138.616976|-79.169688|53.534002|8.466134|-44.032395|0.622850|-81.159122|-57.543494|-78.685097|-76.076584|-93.319858|-6.801482|-44.030651|-45.397937|-0.039404|47444.274287|-112.864153
1455|-77.038255|5.199614|-1096.619972|nan|52.535372|6.803395|-55.663594|0.547782|-69.891491|-42.554386|-70.362165|-77.553027|-84.131859|1.567189|-44.030651|-45.442428|-0.037876|47443.603518|-113.036243
1456|-60.947577|4.056284|-1088.411079|nan|51.789285|5.106866|-91.941856|0.537686|-50.788991|-26.275587|-54.249385|-79.390999|-65.349727|17.673631|-44.030651|-45.460471|-0.034923|63111.138466|-113.031129
1457|-52.333643|4.034434|-1076.961744|-45.897627|50.331160|3.893770|-106.896255|0.560841|-47.004060|-19.819957|-45.621209|-82.337355|-54.764795|25.150829|-44.030651|-45.303797|-0.033345|63108.079117|-113.038323
1458|-36.799139|4.685600|-1077.696975|-30.416864|48.846960|2.887850|-74.218125|0.576431|-28.455795|-20.700669|-30.071147|-85.010336|-39.256530|39.075036|-44.030651|-45.166357|-0.030494|63104.127472|-113.026368
1459|-8.241745|6.575372|-1092.723984|-1.805465|47.869031|2.408807|10.246532|0.588387|-3.052400|6.450073|-1.499724|-86.102609|-10.732400|65.012862|-44.030651|-44.737875|-0.025248|49609.492751|-113.024713
