859|nan|nan|nan|nan|nan|nan|nan|nan|nan|nan|nan|nan|nan|nan|nan|nan|nan|nan|nan|nan|nan|nan|nan|nan|nan|nan|nan|nan|nan|nan|nan|nan|nan|nan|nan|nan|nan|nan|nan|nan|nan|nan|nan|nan|nan|nan|nan|nan|nan|nan
900|nan|nan|nan|nan|nan|nan|nan|nan|nan|nan|nan|nan|nan|nan|nan|nan|nan|nan|nan|nan|nan|nan|nan|nan|nan|nan|nan|nan|nan|nan|nan|nan|nan|nan|nan|nan|nan|nan|nan|nan|nan|nan|nan|nan|nan|nan|nan|nan|nan|nan
901|nan|nan|nan|nan|nan|nan|nan|nan|nan|nan|nan|nan|nan|nan|nan|nan|nan|nan|nan|nan|nan|nan|nan|nan|nan|nan|nan|nan|nan|nan|nan|nan|nan|nan|nan|nan|nan|nan|nan|nan|nan|nan|nan|nan|nan|nan|nan|nan|nan|nan
902|nan|nan|nan|nan|nan|nan|nan|nan|nan|nan|nan|nan|nan|nan|nan|nan|nan|nan|nan|nan|nan|nan|nan|nan|nan|nan|nan|nan|nan|nan|nan|nan|nan|nan|nan|nan|nan|nan|nan|nan|nan|nan|nan|nan|nan|nan|nan|nan|nan|nan
903|nan|nan|nan|nan|nan|nan|nan|nan|nan|nan|nan|nan|nan|nan|nan|nan|nan|nan|nan|nan|nan|nan|nan|nan|nan|nan|nan|nan|nan|nan|nan|nan|nan|nan|nan|nan|nan|nan|nan|nan|nan|nan|nan|nan|nan|nan|nan|nan|nan|nan
904|nan|nan|nan|nan|nan|nan|nan|nan|nan|nan|nan|nan|nan|nan|nan|nan|nan|nan|nan|nan|nan|nan|nan|nan|nan|nan|nan|nan|nan|nan|nan|nan|nan|nan|nan|nan|nan|nan|nan|nan|nan|nan|nan|nan|nan|nan|nan|nan|nan|nan
905|nan|nan|nan|nan|nan|nan|nan|nan|nan|nan|nan|nan|nan|nan|nan|nan|nan|nan|nan|nan|nan|nan|nan|nan|nan|nan|nan|nan|nan|nan|nan|nan|nan|nan|nan|nan|nan|nan|nan|nan|nan|nan|nan|nan|nan|nan|nan|nan|nan|nan
906|nan|nan|nan|nan|nan|nan|nan|nan|nan|nan|nan|nan|nan|nan|nan|nan|nan|nan|nan|nan|nan|nan|nan|nan|nan|nan|nan|nan|nan|nan|nan|nan|nan|nan|nan|nan|nan|nan|nan|nan|nan|nan|nan|nan|nan|nan|nan|nan|nan|nan
907|nan|nan|nan|nan|nan|nan|nan|nan|nan|nan|nan|nan|nan|nan|nan|nan|nan|nan|nan|nan|nan|nan|nan|nan|nan|nan|nan|nan|nan|nan|nan|nan|nan|nan|nan|nan|nan|nan|nan|nan|nan|nan|nan|nan|nan|nan|nan|nan|nan|nan
908|nan|nan|nan|nan|nan|nan|nan|nan|nan|nan|nan|nan|nan|nan|nan|nan|nan|nan|nan|nan|nan|nan|nan|nan|nan|nan|nan|nan|nan|nan|nan|nan|nan|nan|nan|nan|nan|nan|nan|nan|nan|nan|nan|nan|nan|nan|nan|nan|nan|nan
909|nan|nan|nan|nan|nan|nan|nan|nan|nan|nan|nan|nan|nan|nan|nan|nan|nan|nan|nan|nan|nan|nan|nan|nan|nan|nan|nan|nan|nan|nan|nan|nan|nan|nan|nan|nan|nan|nan|nan|nan|nan|nan|nan|nan|nan|nan|nan|nan|nan|nan
910|nan|nan|nan|nan|nan|nan|nan|nan|nan|nan|nan|nan|nan|nan|nan|nan|nan|nan|nan|nan|nan|nan|nan|nan|nan|nan|nan|nan|nan|nan|nan|nan|nan|nan|nan|nan|nan|nan|nan|nan|nan|nan|nan|nan|nan|nan|nan|nan|nan|nan
911|nan|nan|nan|nan|nan|nan|nan|nan|nan|nan|nan|nan|nan|nan|nan|nan|nan|nan|nan|nan|nan|nan|nan|nan|nan|nan|nan|nan|nan|nan|nan|nan|nan|nan|nan|nan|nan|nan|nan|nan|nan|nan|nan|nan|nan|nan|nan|nan|nan|nan
912|nan|nan|nan|nan|nan|nan|nan|nan|nan|nan|nan|nan|nan|nan|nan|nan|nan|nan|nan|nan|nan|nan|nan|nan|nan|nan|nan|nan|nan|nan|nan|nan|nan|nan|nan|nan|nan|nan|nan|nan|nan|nan|nan|nan|nan|nan|nan|nan|nan|nan
913|nan|nan|nan|nan|nan|nan|nan|nan|nan|nan|nan|nan|nan|nan|nan|nan|nan|nan|nan|nan|nan|nan|nan|nan|nan|nan|nan|nan|nan|nan|nan|nan|nan|nan|nan|nan|nan|nan|nan|nan|nan|nan|nan|nan|nan|nan|nan|nan|nan|nan
914|nan|nan|nan|nan|nan|nan|nan|nan|nan|nan|nan|nan|nan|nan|nan|nan|nan|nan|nan|nan|nan|nan|nan|nan|nan|nan|nan|nan|nan|nan|nan|nan|nan|nan|nan|nan|nan|nan|nan|nan|nan|nan|nan|nan|nan|nan|nan|nan|nan|nan
915|nan|nan|nan|nan|nan|nan|nan|nan|nan|nan|nan|nan|nan|nan|nan|nan|nan|nan|nan|nan|nan|nan|nan|nan|nan|nan|nan|nan|nan|nan|nan|nan|nan|nan|nan|nan|nan|nan|nan|nan|nan|nan|nan|nan|nan|nan|nan|nan|nan|nan
916|nan|nan|nan|nan|nan|nan|nan|nan|nan|nan|nan|nan|nan|nan|nan|nan|nan|nan|nan|nan|nan|nan|nan|nan|nan|nan|nan|nan|nan|nan|nan|nan|nan|nan|nan|nan|nan|nan|nan|nan|nan|nan|nan|nan|nan|nan|nan|nan|nan|nan
917|nan|nan|nan|nan|nan|nan|nan|nan|nan|nan|nan|nan|nan|nan|nan|nan|nan|nan|nan|nan|nan|nan|nan|nan|nan|nan|nan|nan|nan|nan|nan|nan|nan|nan|nan|nan|nan|nan|nan|nan|nan|nan|nan|nan|nan|nan|nan|nan|nan|nan
918|nan|nan|nan|nan|nan|nan|nan|nan|nan|nan|nan|nan|nan|nan|nan|nan|nan|nan|nan|nan|nan|nan|nan|nan|nan|nan|nan|nan|nan|nan|nan|nan|nan|nan|nan|nan|nan|nan|nan|nan|nan|nan|nan|nan|nan|nan|nan|nan|nan|nan
919|nan|nan|nan|nan|nan|nan|nan|nan|nan|nan|nan|nan|nan|nan|nan|nan|nan|nan|nan|nan|nan|nan|nan|nan|nan|nan|nan|nan|nan|nan|nan|nan|nan|nan|nan|nan|nan|nan|nan|nan|nan|nan|nan|nan|nan|nan|nan|nan|nan|nan
920|nan|nan|nan|nan|nan|nan|nan|nan|nan|nan|nan|nan|nan|nan|nan|nan|nan|nan|nan|nan|nan|nan|nan|nan|nan|nan|nan|nan|nan|nan|nan|nan|nan|nan|nan|nan|nan|nan|nan|nan|nan|nan|nan|nan|nan|nan|nan|nan|nan|nan
921|nan|nan|nan|nan|nan|nan|nan|nan|nan|nan|nan|nan|nan|nan|nan|nan|nan|nan|nan|nan|nan|nan|nan|nan|nan|nan|nan|nan|nan|nan|nan|nan|nan|nan|nan|nan|nan|nan|nan|nan|nan|nan|nan|nan|nan|nan|nan|nan|nan|nan
922|nan|nan|nan|nan|nan|nan|nan|nan|nan|nan|nan|nan|nan|nan|nan|nan|nan|nan|nan|nan|nan|nan|nan|nan|nan|nan|nan|nan|nan|nan|nan|nan|nan|nan|nan|nan|nan|nan|nan|nan|nan|nan|nan|nan|nan|nan|nan|nan|nan|nan
923|nan|nan|nan|nan|nan|nan|nan|nan|nan|nan|nan|nan|nan|nan|nan|nan|nan|nan|nan|nan|nan|nan|nan|nan|nan|nan|nan|nan|nan|nan|nan|nan|nan|nan|nan|nan|nan|nan|nan|nan|nan|nan|nan|nan|nan|nan|nan|nan|nan|nan
924|nan|nan|nan|nan|nan|nan|nan|nan|nan|nan|nan|nan|nan|nan|nan|nan|nan|nan|nan|nan|nan|nan|nan|nan|nan|nan|nan|nan|nan|nan|nan|nan|nan|nan|nan|nan|nan|nan|nan|nan|nan|nan|nan|nan|nan|nan|nan|nan|nan|nan
925|nan|nan|nan|nan|nan|nan|nan|nan|nan|nan|nan|nan|nan|nan|nan|nan|nan|nan|nan|nan|nan|nan|nan|nan|nan|nan|nan|nan|nan|nan|nan|nan|nan|nan|nan|nan|nan|nan|nan|nan|nan|nan|nan|nan|nan|nan|nan|nan|nan|nan
926|nan|nan|nan|nan|nan|nan|nan|nan|nan|nan|nan|nan|nan|nan|nan|nan|nan|nan|nan|nan|nan|nan|nan|nan|nan|nan|nan|nan|nan|nan|nan|nan|nan|nan|nan|nan|nan|nan|nan|nan|nan|nan|nan|nan|nan|nan|nan|nan|nan|nan
927|nan|nan|nan|nan|nan|nan|nan|nan|nan|nan|nan|nan|nan|nan|nan|nan|nan|nan|nan|nan|nan|nan|nan|nan|nan|nan|nan|nan|nan|nan|nan|nan|nan|nan|nan|nan|nan|nan|nan|nan|nan|nan|nan|nan|nan|nan|nan|nan|nan|nan
928|nan|nan|nan|nan|nan|nan|nan|nan|nan|nan|nan|nan|nan|nan|nan|nan|nan|nan|nan|nan|nan|nan|nan|nan|nan|nan|nan|nan|nan|nan|nan|nan|nan|nan|nan|nan|nan|nan|nan|nan|nan|nan|nan|nan|nan|nan|nan|nan|nan|nan
929|nan|nan|nan|nan|nan|nan|nan|nan|nan|nan|nan|nan|nan|nan|nan|nan|nan|nan|nan|nan|nan|nan|nan|nan|nan|nan|nan|nan|nan|nan|nan|nan|nan|nan|nan|nan|nan|nan|nan|nan|nan|nan|nan|nan|nan|nan|nan|nan|nan|nan
930|nan|nan|nan|nan|nan|nan|nan|nan|nan|nan|nan|nan|nan|nan|nan|nan|nan|nan|nan|nan|nan|nan|nan|nan|nan|nan|nan|nan|nan|nan|nan|nan|nan|nan|nan|nan|nan|nan|nan|nan|nan|nan|nan|nan|nan|nan|nan|nan|nan|nan
931|nan|nan|nan|nan|nan|nan|nan|nan|nan|nan|nan|nan|nan|nan|nan|nan|nan|nan|nan|nan|nan|nan|nan|nan|nan|nan|nan|nan|nan|nan|nan|nan|nan|nan|nan|nan|nan|nan|nan|nan|nan|nan|nan|nan|nan|nan|nan|nan|nan|nan
932|nan|nan|nan|nan|nan|nan|nan|nan|nan|nan|nan|nan|nan|nan|nan|nan|nan|nan|nan|nan|nan|nan|nan|nan|nan|nan|nan|nan|nan|nan|nan|nan|nan|nan|nan|nan|nan|nan|nan|nan|nan|nan|nan|nan|nan|nan|nan|nan|nan|nan
933|nan|nan|nan|nan|nan|nan|nan|nan|nan|nan|nan|nan|nan|nan|nan|nan|nan|nan|nan|nan|nan|nan|nan|nan|nan|nan|nan|nan|nan|nan|nan|nan|nan|nan|nan|nan|nan|nan|nan|nan|nan|nan|nan|nan|nan|nan|nan|nan|nan|nan
934|nan|nan|nan|nan|nan|nan|nan|nan|nan|nan|nan|nan|nan|nan|nan|nan|nan|nan|nan|nan|nan|nan|nan|nan|nan|nan|nan|nan|nan|nan|nan|nan|nan|nan|nan|nan|nan|nan|nan|nan|nan|nan|nan|nan|nan|nan|nan|nan|nan|nan
935|nan|nan|nan|nan|nan|nan|nan|nan|nan|nan|nan|nan|nan|nan|nan|nan|nan|nan|nan|nan|nan|nan|nan|nan|nan|nan|nan|nan|nan|nan|nan|nan|nan|nan|nan|nan|nan|nan|nan|nan|nan|nan|nan|nan|nan|nan|nan|nan|nan|nan
936|nan|nan|nan|nan|nan|nan|nan|nan|nan|nan|nan|nan|nan|nan|nan|nan|nan|nan|nan|nan|nan|nan|nan|nan|nan|nan|nan|nan|nan|nan|nan|nan|nan|nan|nan|nan|nan|nan|nan|nan|nan|nan|nan|nan|nan|nan|nan|nan|nan|nan
937|nan|nan|nan|nan|nan|nan|nan|nan|nan|nan|nan|nan|nan|nan|nan|nan|nan|nan|nan|nan|nan|nan|nan|nan|nan|nan|nan|nan|nan|nan|nan|nan|nan|nan|nan|nan|nan|nan|nan|nan|nan|nan|nan|nan|nan|nan|nan|nan|nan|nan
938|nan|nan|nan|nan|nan|nan|nan|nan|nan|nan|nan|nan|nan|nan|nan|nan|nan|nan|nan|nan|nan|nan|nan|nan|nan|nan|nan|nan|nan|nan|nan|nan|nan|nan|nan|nan|nan|nan|nan|nan|nan|nan|nan|nan|nan|nan|nan|nan|nan|nan
939|nan|nan|nan|nan|nan|nan|nan|nan|nan|nan|nan|nan|nan|nan|nan|nan|nan|nan|nan|nan|nan|nan|nan|nan|nan|nan|nan|nan|nan|nan|nan|nan|nan|nan|nan|nan|nan|nan|nan|nan|nan|nan|nan|nan|nan|nan|nan|nan|nan|nan
940|nan|nan|nan|nan|nan|nan|nan|nan|nan|nan|nan|nan|nan|nan|nan|nan|nan|nan|nan|nan|nan|nan|nan|nan|nan|nan|nan|nan|nan|nan|nan|nan|nan|nan|nan|nan|nan|nan|nan|nan|nan|nan|nan|nan|nan|nan|nan|nan|nan|nan
941|nan|nan|nan|nan|nan|nan|nan|nan|nan|nan|nan|nan|nan|nan|nan|nan|nan|nan|nan|nan|nan|nan|nan|nan|nan|nan|nan|nan|nan|nan|nan|nan|nan|nan|nan|nan|nan|nan|nan|nan|nan|nan|nan|nan|nan|nan|nan|nan|nan|nan
942|nan|nan|nan|nan|nan|nan|nan|nan|nan|nan|nan|nan|nan|nan|nan|nan|nan|nan|nan|nan|nan|nan|nan|nan|nan|nan|nan|nan|nan|nan|nan|nan|nan|nan|nan|nan|nan|nan|nan|nan|nan|nan|nan|nan|nan|nan|nan|nan|nan|nan
943|nan|nan|nan|nan|nan|nan|nan|nan|nan|nan|nan|nan|nan|nan|nan|nan|nan|nan|nan|nan|nan|nan|nan|nan|nan|nan|nan|nan|nan|nan|nan|nan|nan|nan|nan|nan|nan|nan|nan|nan|nan|nan|nan|nan|nan|nan|nan|nan|nan|nan
944|nan|nan|nan|nan|nan|nan|nan|nan|nan|nan|nan|nan|nan|nan|nan|nan|nan|nan|nan|nan|nan|nan|nan|nan|nan|nan|nan|nan|nan|nan|nan|nan|nan|nan|nan|nan|nan|nan|nan|nan|nan|nan|nan|nan|nan|nan|nan|nan|nan|nan
945|nan|nan|nan|nan|nan|nan|nan|nan|nan|nan|nan|nan|nan|nan|nan|nan|nan|nan|nan|nan|nan|nan|nan|nan|nan|nan|nan|nan|nan|nan|nan|nan|nan|nan|nan|nan|nan|nan|nan|nan|nan|nan|nan|nan|nan|nan|nan|nan|nan|nan
946|nan|nan|nan|nan|nan|nan|nan|nan|nan|nan|nan|nan|nan|nan|nan|nan|nan|nan|nan|nan|nan|nan|nan|nan|nan|nan|nan|nan|nan|nan|nan|nan|nan|nan|nan|nan|nan|nan|nan|nan|nan|nan|nan|nan|nan|nan|nan|nan|nan|nan
947|nan|nan|nan|nan|nan|nan|nan|nan|nan|nan|nan|nan|nan|nan|nan|nan|nan|nan|nan|nan|nan|nan|nan|nan|nan|nan|nan|nan|nan|nan|nan|nan|nan|nan|nan|nan|nan|nan|nan|nan|nan|nan|nan|nan|nan|nan|nan|nan|nan|nan
948|nan|nan|nan|nan|nan|nan|nan|nan|nan|nan|nan|nan|nan|nan|nan|nan|nan|nan|nan|nan|nan|nan|nan|nan|nan|nan|nan|nan|nan|nan|nan|nan|nan|nan|nan|nan|nan|nan|nan|nan|nan|nan|nan|nan|nan|nan|nan|nan|nan|nan
949|nan|nan|nan|nan|nan|nan|nan|nan|nan|nan|nan|nan|nan|nan|nan|nan|nan|nan|nan|nan|nan|nan|nan|nan|nan|nan|nan|nan|nan|nan|nan|nan|nan|nan|nan|nan|nan|nan|nan|nan|nan|nan|nan|nan|nan|nan|nan|nan|nan|nan
950|nan|nan|nan|nan|nan|nan|nan|nan|nan|nan|nan|nan|nan|nan|nan|nan|nan|nan|nan|nan|nan|nan|nan|nan|nan|nan|nan|nan|nan|nan|nan|nan|nan|nan|nan|nan|nan|nan|nan|nan|nan|nan|nan|nan|nan|nan|nan|nan|nan|nan
951|nan|nan|nan|nan|nan|nan|nan|nan|nan|nan|nan|nan|nan|nan|nan|nan|nan|nan|nan|nan|nan|nan|nan|nan|nan|nan|nan|nan|nan|nan|nan|nan|nan|nan|nan|nan|nan|nan|nan|nan|nan|nan|nan|nan|nan|nan|nan|nan|nan|nan
952|nan|nan|nan|nan|nan|nan|nan|nan|nan|nan|nan|nan|nan|nan|nan|nan|nan|nan|nan|nan|nan|nan|nan|nan|nan|nan|nan|nan|nan|nan|nan|nan|nan|nan|nan|nan|nan|nan|nan|nan|nan|nan|nan|nan|nan|nan|nan|nan|nan|nan
953|nan|nan|nan|nan|nan|nan|nan|nan|nan|nan|nan|nan|nan|nan|nan|nan|nan|nan|nan|nan|nan|nan|nan|nan|nan|nan|nan|nan|nan|nan|nan|nan|nan|nan|nan|nan|nan|nan|nan|nan|nan|nan|nan|nan|nan|nan|nan|nan|nan|nan
954|nan|nan|nan|nan|nan|nan|nan|nan|nan|nan|nan|nan|nan|nan|nan|nan|nan|nan|nan|nan|nan|nan|nan|nan|nan|nan|nan|nan|nan|nan|nan|nan|nan|nan|nan|nan|nan|nan|nan|nan|nan|nan|nan|nan|nan|nan|nan|nan|nan|nan
955|nan|nan|nan|nan|nan|nan|nan|nan|nan|nan|nan|nan|nan|nan|nan|nan|nan|nan|nan|nan|nan|nan|nan|nan|nan|nan|nan|nan|nan|nan|nan|nan|nan|nan|nan|nan|nan|nan|nan|nan|nan|nan|nan|nan|nan|nan|nan|nan|nan|nan
956|nan|nan|nan|nan|nan|nan|nan|nan|nan|nan|nan|nan|nan|nan|nan|nan|nan|nan|nan|nan|nan|nan|nan|nan|nan|nan|nan|nan|nan|nan|nan|nan|nan|nan|nan|nan|nan|nan|nan|nan|nan|nan|nan|nan|nan|nan|nan|nan|nan|nan
957|nan|nan|nan|nan|nan|nan|nan|nan|nan|nan|nan|nan|nan|nan|nan|nan|nan|nan|nan|nan|nan|nan|nan|nan|nan|nan|nan|nan|nan|nan|nan|nan|nan|nan|nan|nan|nan|nan|nan|nan|nan|nan|nan|nan|nan|nan|nan|nan|nan|nan
958|nan|nan|nan|nan|nan|nan|nan|nan|nan|nan|nan|nan|nan|nan|nan|nan|nan|nan|nan|nan|nan|nan|nan|nan|nan|nan|nan|nan|nan|nan|nan|nan|nan|nan|nan|nan|nan|nan|nan|nan|nan|nan|nan|nan|nan|nan|nan|nan|nan|nan
959|nan|nan|nan|nan|nan|nan|nan|nan|nan|nan|nan|nan|nan|nan|nan|nan|nan|nan|nan|nan|nan|nan|nan|nan|nan|nan|nan|nan|nan|nan|nan|nan|nan|nan|nan|nan|nan|nan|nan|nan|nan|nan|nan|nan|nan|nan|nan|nan|nan|nan
1000|nan|nan|nan|nan|nan|nan|nan|nan|nan|nan|nan|nan|nan|nan|nan|nan|nan|nan|nan|nan|nan|nan|nan|nan|nan|nan|nan|nan|nan|nan|nan|nan|nan|nan|nan|nan|nan|nan|nan|nan|nan|nan|nan|nan|nan|nan|nan|nan|nan|nan
1001|nan|nan|nan|nan|nan|nan|nan|nan|nan|nan|nan|nan|nan|nan|nan|nan|nan|nan|nan|nan|nan|nan|nan|nan|nan|nan|nan|nan|nan|nan|nan|nan|nan|nan|nan|nan|nan|nan|nan|nan|nan|nan|nan|nan|nan|nan|nan|nan|nan|nan
1002|nan|nan|nan|nan|nan|nan|nan|nan|nan|nan|nan|nan|nan|nan|nan|nan|nan|nan|nan|nan|nan|nan|nan|nan|nan|nan|nan|nan|nan|nan|nan|nan|nan|nan|nan|nan|nan|nan|nan|nan|nan|nan|nan|nan|nan|nan|nan|nan|nan|nan
1003|nan|nan|nan|nan|nan|nan|nan|nan|nan|nan|nan|nan|nan|nan|nan|nan|nan|nan|nan|nan|nan|nan|nan|nan|nan|nan|nan|nan|nan|nan|nan|nan|nan|nan|nan|nan|nan|nan|nan|nan|nan|nan|nan|nan|nan|nan|nan|nan|nan|nan
1004|nan|nan|nan|nan|nan|nan|nan|nan|nan|nan|nan|nan|nan|nan|nan|nan|nan|nan|nan|nan|nan|nan|nan|nan|nan|nan|nan|nan|nan|nan|nan|nan|nan|nan|nan|nan|nan|nan|nan|nan|nan|nan|nan|nan|nan|nan|nan|nan|nan|nan
1005|nan|nan|nan|nan|nan|nan|nan|nan|nan|nan|nan|nan|nan|nan|nan|nan|nan|nan|nan|nan|nan|nan|nan|nan|nan|nan|nan|nan|nan|nan|nan|nan|nan|nan|nan|nan|nan|nan|nan|nan|nan|nan|nan|nan|nan|nan|nan|nan|nan|nan
1006|nan|nan|nan|nan|nan|nan|nan|nan|nan|nan|nan|nan|nan|nan|nan|nan|nan|nan|nan|nan|nan|nan|nan|nan|nan|nan|nan|nan|nan|nan|nan|nan|nan|nan|nan|nan|nan|nan|nan|nan|nan|nan|nan|nan|nan|nan|nan|nan|nan|nan
1007|nan|nan|nan|nan|nan|nan|nan|nan|nan|nan|nan|nan|nan|nan|nan|nan|nan|nan|nan|nan|nan|nan|nan|nan|nan|nan|nan|nan|nan|nan|nan|nan|nan|nan|nan|nan|nan|nan|nan|nan|nan|nan|nan|nan|nan|nan|nan|nan|nan|nan
1008|nan|nan|nan|nan|nan|nan|nan|nan|nan|nan|nan|nan|nan|nan|nan|nan|nan|nan|nan|nan|nan|nan|nan|nan|nan|nan|nan|nan|nan|nan|nan|nan|nan|nan|nan|nan|nan|nan|nan|nan|nan|nan|nan|nan|nan|nan|nan|nan|nan|nan
1009|nan|nan|nan|nan|nan|nan|nan|nan|nan|nan|nan|nan|nan|nan|nan|nan|nan|nan|nan|nan|nan|nan|nan|nan|nan|nan|nan|nan|nan|nan|nan|nan|nan|nan|nan|nan|nan|nan|nan|nan|nan|nan|nan|nan|nan|nan|nan|nan|nan|nan
1010|nan|nan|nan|nan|nan|nan|nan|nan|nan|nan|nan|nan|nan|nan|nan|nan|nan|nan|nan|nan|nan|nan|nan|nan|nan|nan|nan|nan|nan|nan|nan|nan|nan|nan|nan|nan|nan|nan|nan|nan|nan|nan|nan|nan|nan|nan|nan|nan|nan|nan
1011|nan|nan|nan|nan|nan|nan|nan|nan|nan|nan|nan|nan|nan|nan|nan|nan|nan|nan|nan|nan|nan|nan|nan|nan|nan|nan|nan|nan|nan|nan|nan|nan|nan|nan|nan|nan|nan|nan|nan|nan|nan|nan|nan|nan|nan|nan|nan|nan|nan|nan
1012|nan|nan|nan|nan|nan|nan|nan|nan|nan|nan|nan|nan|nan|nan|nan|nan|nan|nan|nan|nan|nan|nan|nan|nan|nan|nan|nan|nan|nan|nan|nan|nan|nan|nan|nan|nan|nan|nan|nan|nan|nan|nan|nan|nan|nan|nan|nan|nan|nan|nan
1013|nan|nan|nan|nan|nan|nan|nan|nan|nan|nan|nan|nan|nan|nan|nan|nan|nan|nan|nan|nan|nan|nan|nan|nan|nan|nan|nan|nan|nan|48.015171|nan|nan|nan|nan|nan|nan|nan|nan|nan|nan|nan|nan|nan|nan|nan|nan|nan|nan|nan|nan
1014|nan|nan|nan|nan|nan|nan|nan|nan|nan|nan|nan|nan|nan|nan|nan|nan|nan|nan|nan|nan|nan|nan|nan|nan|nan|nan|nan|nan|nan|44.449911|nan|nan|nan|nan|nan|nan|nan|nan|nan|nan|nan|nan|nan|nan|nan|nan|nan|nan|nan|nan
1030|nan|nan|nan|nan|nan|nan|nan|nan|nan|nan|nan|nan|nan|nan|nan|nan|nan|nan|nan|nan|nan|nan|nan|nan|nan|nan|nan|nan|nan|19.026876|nan|nan|nan|nan|nan|nan|nan|nan|nan|nan|nan|nan|nan|nan|nan|nan|nan|nan|nan|nan
1031|nan|nan|nan|nan|nan|nan|nan|nan|nan|nan|nan|nan|nan|nan|nan|nan|nan|nan|nan|nan|nan|nan|nan|nan|nan|nan|nan|nan|nan|20.750409|nan|nan|nan|nan|nan|nan|nan|nan|nan|nan|nan|nan|nan|nan|nan|nan|nan|nan|nan|nan
1032|nan|nan|nan|nan|nan|nan|nan|nan|nan|nan|nan|nan|nan|nan|nan|nan|nan|nan|nan|nan|nan|nan|nan|nan|nan|nan|nan|nan|nan|37.549166|nan|nan|nan|nan|nan|nan|nan|nan|nan|nan|nan|nan|nan|nan|nan|nan|nan|nan|nan|nan
1033|nan|nan|nan|nan|nan|nan|nan|nan|nan|nan|nan|nan|nan|nan|nan|nan|nan|nan|nan|nan|nan|nan|nan|nan|nan|nan|nan|nan|nan|29.359324|nan|nan|nan|nan|nan|nan|nan|nan|nan|nan|nan|nan|nan|nan|nan|nan|nan|nan|nan|nan
1034|nan|nan|nan|nan|nan|nan|nan|nan|nan|nan|nan|nan|nan|nan|nan|nan|nan|nan|nan|nan|nan|nan|nan|nan|nan|nan|nan|nan|nan|28.578050|nan|nan|nan|nan|nan|nan|nan|nan|nan|nan|nan|nan|nan|nan|nan|nan|nan|nan|nan|nan
1035|nan|nan|nan|nan|nan|nan|nan|nan|nan|nan|nan|nan|nan|nan|nan|nan|nan|nan|nan|nan|nan|nan|nan|nan|nan|nan|nan|nan|nan|21.907604|nan|nan|nan|nan|nan|nan|nan|nan|nan|nan|nan|nan|nan|nan|nan|nan|nan|nan|nan|nan
1036|nan|nan|nan|nan|nan|nan|nan|nan|nan|nan|nan|nan|nan|nan|nan|nan|nan|nan|nan|nan|nan|nan|nan|nan|nan|nan|nan|nan|nan|8.059334|nan|nan|nan|nan|nan|nan|nan|nan|nan|nan|nan|nan|nan|nan|nan|nan|nan|nan|nan|nan
1037|nan|nan|nan|nan|nan|nan|nan|nan|nan|nan|nan|nan|nan|nan|nan|nan|nan|nan|nan|nan|nan|nan|nan|nan|nan|nan|nan|nan|nan|19.128685|nan|nan|nan|nan|nan|nan|nan|nan|nan|nan|nan|nan|nan|nan|nan|nan|nan|nan|nan|nan
1038|nan|nan|nan|nan|nan|nan|nan|nan|nan|nan|nan|nan|nan|nan|nan|nan|nan|nan|nan|nan|nan|nan|nan|nan|nan|nan|nan|nan|nan|17.389713|nan|nan|nan|nan|nan|nan|nan|nan|nan|nan|nan|nan|nan|nan|nan|nan|nan|nan|nan|nan
1039|nan|nan|nan|nan|nan|nan|nan|nan|nan|nan|nan|nan|nan|nan|nan|nan|nan|nan|nan|nan|nan|nan|nan|nan|nan|nan|nan|nan|nan|13.597520|nan|nan|nan|nan|nan|nan|nan|nan|nan|nan|nan|nan|nan|nan|nan|nan|nan|nan|nan|nan
1040|nan|nan|nan|nan|nan|nan|nan|nan|nan|nan|nan|nan|nan|nan|nan|nan|nan|nan|nan|nan|nan|nan|nan|nan|nan|nan|nan|nan|nan|14.785919|nan|nan|nan|nan|nan|nan|nan|nan|nan|nan|nan|nan|nan|nan|nan|nan|nan|nan|nan|nan
1041|nan|nan|nan|nan|nan|nan|nan|nan|nan|nan|nan|nan|nan|nan|nan|nan|nan|nan|nan|nan|nan|nan|nan|nan|nan|nan|nan|nan|nan|12.661743|nan|nan|nan|nan|nan|nan|nan|nan|nan|nan|nan|nan|nan|nan|nan|nan|nan|nan|nan|nan
1042|nan|nan|nan|nan|nan|nan|nan|nan|nan|nan|nan|nan|nan|nan|nan|nan|nan|nan|nan|nan|nan|nan|nan|nan|nan|nan|nan|nan|nan|15.925450|nan|nan|nan|nan|nan|nan|nan|nan|nan|nan|nan|nan|nan|nan|nan|nan|nan|nan|nan|nan
1043|nan|nan|nan|nan|nan|nan|nan|nan|nan|nan|nan|nan|nan|nan|nan|nan|nan|nan|nan|nan|nan|nan|nan|nan|nan|nan|nan|nan|nan|17.908034|nan|0.387692|nan|nan|nan|-1137.407210|nan|nan|nan|nan|-5995112.954851|nan|nan|11.651475|nan|-6.119609|nan|0.296587|nan|nan
1044|nan|nan|nan|nan|nan|nan|nan|nan|nan|nan|nan|nan|nan|nan|nan|nan|nan|nan|nan|nan|nan|nan|nan|nan|nan|nan|nan|nan|nan|16.854620|nan|0.387692|nan|nan|nan|-1137.542751|nan|nan|nan|nan|-5995112.954851|nan|nan|11.776205|nan|-6.119609|nan|0.296587|nan|nan
1045|nan|nan|nan|nan|nan|nan|nan|nan|nan|nan|nan|nan|nan|nan|nan|nan|nan|nan|nan|nan|nan|nan|nan|nan|nan|nan|nan|nan|nan|39.540559|nan|0.387692|nan|nan|nan|-2451.790396|nan|nan|nan|nan|-5995112.954851|nan|nan|11.794698|nan|-6.119609|nan|0.363893|nan|nan
1046|nan|nan|nan|nan|nan|nan|nan|nan|nan|nan|nan|nan|nan|nan|nan|nan|nan|nan|nan|nan|nan|nan|nan|nan|nan|nan|nan|nan|nan|26.324473|nan|0.387692|nan|nan|nan|-2454.323858|nan|nan|nan|nan|-5995112.954851|nan|nan|11.784829|nan|-6.119609|nan|0.363893|nan|nan
1047|nan|nan|nan|nan|nan|nan|nan|nan|nan|nan|nan|nan|nan|nan|nan|nan|nan|nan|nan|nan|nan|nan|nan|nan|nan|nan|nan|nan|nan|25.008250|nan|0.387692|nan|nan|nan|-2452.702048|nan|nan|nan|nan|-5995112.954851|nan|nan|11.763822|nan|-6.119609|nan|0.363893|nan|nan
1048|nan|nan|nan|nan|nan|nan|nan|nan|nan|nan|nan|nan|nan|nan|nan|nan|nan|nan|nan|nan|nan|nan|nan|nan|nan|nan|nan|nan|nan|23.817381|nan|0.387692|nan|nan|nan|-2453.107931|nan|nan|nan|nan|-5995112.954851|nan|nan|11.737728|nan|-6.119609|nan|0.363893|nan|nan
1049|nan|nan|nan|nan|nan|nan|nan|nan|nan|nan|nan|nan|nan|nan|nan|nan|nan|nan|nan|nan|nan|nan|nan|nan|nan|nan|nan|nan|nan|8.726170|nan|0.387692|nan|nan|nan|-2454.121677|nan|nan|nan|nan|-5995112.954851|nan|nan|11.709829|nan|-6.119609|nan|0.363893|nan|nan
1050|nan|nan|nan|nan|nan|nan|nan|nan|nan|nan|nan|nan|nan|nan|nan|nan|nan|nan|nan|nan|nan|nan|nan|nan|nan|nan|nan|nan|nan|8.346772|nan|0.387692|nan|nan|nan|-2452.520615|nan|nan|nan|nan|-5995112.954851|nan|nan|11.680361|nan|-6.119609|nan|0.363893|nan|nan
1051|nan|nan|nan|nan|nan|nan|nan|nan|nan|nan|nan|nan|nan|nan|nan|nan|nan|nan|nan|nan|nan|nan|nan|nan|nan|nan|nan|nan|nan|6.337243|nan|0.387692|nan|nan|nan|-2453.149785|nan|nan|nan|nan|-5995112.954851|nan|nan|11.651118|nan|-6.119609|nan|0.363893|nan|nan
1052|nan|nan|nan|nan|nan|nan|nan|nan|nan|nan|nan|nan|nan|nan|nan|nan|nan|nan|nan|nan|nan|nan|nan|nan|nan|nan|nan|nan|nan|3.653668|nan|0.387692|nan|nan|nan|-2452.951222|nan|nan|nan|nan|-5995112.954851|nan|nan|11.621775|nan|-6.119609|nan|0.363893|nan|nan
1053|nan|nan|nan|nan|nan|nan|nan|nan|nan|nan|nan|nan|nan|nan|nan|nan|nan|nan|nan|nan|nan|nan|nan|nan|nan|nan|nan|nan|nan|0.354969|nan|0.387692|nan|nan|nan|-2453.299988|nan|nan|nan|nan|-5995112.954851|nan|nan|11.592693|nan|-6.119609|nan|0.363893|nan|nan
1054|nan|nan|nan|nan|nan|nan|nan|nan|nan|nan|nan|nan|nan|nan|nan|nan|nan|nan|nan|nan|nan|nan|nan|nan|nan|nan|nan|nan|nan|-1.193360|nan|0.387692|nan|nan|nan|-2452.617737|nan|nan|nan|nan|-5995112.954851|nan|nan|11.563742|nan|-6.119609|nan|0.363893|nan|nan
1055|nan|nan|nan|nan|nan|nan|nan|nan|nan|nan|nan|nan|nan|nan|nan|nan|nan|nan|nan|nan|nan|nan|nan|nan|nan|nan|nan|nan|nan|3.320363|nan|0.387692|nan|nan|nan|-2452.732699|nan|nan|nan|nan|-5995112.954851|nan|nan|11.534915|nan|-6.119609|nan|0.363893|nan|nan
1056|nan|nan|nan|nan|nan|nan|nan|nan|nan|nan|nan|nan|nan|nan|nan|nan|nan|nan|nan|nan|nan|nan|nan|nan|nan|nan|nan|nan|nan|3.205868|nan|0.387692|nan|nan|nan|-2453.101872|nan|nan|nan|nan|-5995112.954851|nan|nan|11.506278|nan|-6.119609|nan|0.363893|nan|nan
1057|nan|nan|nan|nan|nan|nan|nan|nan|nan|nan|nan|nan|nan|nan|nan|nan|nan|nan|nan|nan|nan|nan|nan|nan|nan|nan|nan|nan|nan|3.099005|nan|0.387692|nan|nan|nan|-2452.972508|nan|nan|nan|nan|-5995112.954851|nan|nan|11.477734|nan|-6.119609|nan|0.363893|nan|nan
1058|nan|nan|nan|nan|nan|nan|nan|nan|nan|nan|nan|nan|nan|nan|nan|nan|nan|nan|nan|nan|nan|nan|nan|nan|0.039385|nan|nan|nan|nan|3.677524|nan|0.387692|nan|nan|nan|-2452.974310|nan|nan|nan|nan|-5995112.954851|nan|nan|11.449334|nan|-6.119609|nan|0.385506|nan|-64.366836
1059|nan|nan|nan|nan|nan|nan|nan|nan|nan|nan|nan|nan|nan|nan|nan|nan|nan|nan|nan|nan|nan|nan|nan|nan|0.045684|nan|nan|nan|nan|2.247821|nan|0.387692|nan|nan|nan|-2452.890831|nan|nan|nan|nan|-5995112.954851|nan|nan|11.421131|nan|-6.119609|nan|0.385506|nan|-64.366836
1100|nan|nan|nan|nan|nan|nan|nan|nan|nan|nan|nan|nan|nan|nan|nan|nan|nan|nan|nan|nan|nan|nan|nan|nan|0.055465|nan|nan|nan|nan|2.179705|nan|0.387692|nan|nan|nan|-2453.106287|nan|nan|nan|nan|-5995112.954851|nan|nan|11.393099|nan|-6.119609|nan|0.385506|nan|-186.432416
1101|nan|nan|nan|nan|nan|nan|nan|nan|nan|nan|nan|nan|nan|nan|nan|nan|nan|nan|nan|nan|nan|nan|nan|nan|0.057464|nan|nan|nan|nan|2.115596|nan|0.387692|nan|nan|nan|-2452.909331|nan|nan|nan|nan|-5995112.954851|nan|nan|11.365588|nan|-6.119609|nan|0.385506|nan|-186.432416
1102|nan|nan|nan|nan|nan|nan|nan|nan|nan|nan|nan|nan|nan|nan|nan|nan|nan|nan|nan|nan|nan|nan|nan|nan|0.057891|nan|nan|nan|nan|2.055150|nan|0.387692|nan|nan|nan|-2453.007958|nan|nan|nan|nan|-5995112.954851|nan|nan|11.338501|nan|-6.119609|nan|0.385506|nan|-186.432416
1103|nan|nan|nan|nan|nan|nan|nan|nan|nan|nan|nan|nan|nan|nan|nan|nan|nan|nan|nan|nan|nan|nan|nan|nan|0.059991|nan|nan|nan|nan|1.411901|nan|0.387692|nan|nan|nan|-2453.056174|nan|nan|nan|nan|-5995112.954851|nan|nan|11.313078|nan|-6.119609|nan|0.385506|nan|-186.432416
1104|nan|nan|nan|nan|nan|nan|nan|nan|nan|nan|nan|nan|nan|nan|nan|nan|nan|nan|nan|nan|nan|nan|nan|nan|0.059991|nan|nan|nan|nan|-0.907937|nan|0.387692|nan|nan|nan|-2453.402633|nan|nan|nan|nan|-5995112.954851|nan|nan|11.288944|nan|-6.119609|nan|0.385506|nan|-186.432416
1105|nan|nan|nan|nan|nan|nan|nan|nan|nan|nan|nan|nan|nan|nan|nan|nan|nan|nan|nan|nan|nan|nan|nan|nan|0.059991|nan|nan|nan|nan|-7.542600|nan|0.387692|nan|nan|nan|-2453.142278|nan|nan|nan|nan|-5995112.954851|nan|nan|11.267063|nan|-6.119609|nan|0.385506|nan|-186.432416
1106|nan|nan|nan|nan|nan|nan|nan|nan|nan|nan|nan|nan|nan|nan|nan|nan|nan|nan|nan|nan|nan|nan|nan|nan|0.059991|nan|nan|nan|nan|-5.729723|nan|0.387692|nan|nan|nan|-2451.653078|nan|nan|nan|nan|-5995112.954851|nan|nan|11.246647|nan|-6.119609|nan|0.385506|nan|-186.432416
1107|nan|nan|nan|nan|nan|nan|nan|nan|nan|nan|nan|nan|nan|nan|nan|nan|nan|nan|nan|nan|nan|nan|nan|nan|0.059991|nan|nan|nan|nan|-7.686967|nan|0.387692|nan|nan|nan|-2453.203851|nan|nan|nan|nan|-5995112.954851|nan|nan|11.227089|nan|-6.119609|nan|0.385506|nan|-186.432416
1108|nan|nan|nan|nan|nan|nan|nan|nan|nan|nan|nan|nan|nan|nan|nan|nan|nan|nan|nan|nan|nan|nan|nan|nan|0.059991|nan|nan|nan|nan|-5.967573|nan|0.387692|nan|nan|nan|-2452.113907|nan|nan|nan|nan|-5995112.954851|nan|nan|11.208368|nan|-6.119609|nan|0.385506|nan|-186.432416
1109|nan|nan|nan|nan|nan|nan|nan|nan|nan|nan|nan|nan|nan|nan|nan|nan|nan|nan|nan|nan|nan|nan|nan|nan|0.059991|nan|nan|nan|nan|-2.846190|nan|0.387692|nan|nan|nan|-2452.036093|nan|nan|nan|nan|-5995112.954851|nan|nan|11.190825|nan|-6.119609|nan|0.385506|nan|-186.432416
1110|nan|nan|nan|nan|nan|nan|nan|nan|nan|nan|nan|nan|nan|nan|nan|nan|nan|nan|nan|nan|nan|nan|nan|nan|0.059991|nan|nan|nan|nan|-1.330979|nan|0.387692|nan|nan|nan|-2452.727721|nan|nan|nan|nan|-5995112.954851|nan|nan|11.174009|nan|-6.119609|nan|0.385506|nan|-186.432416
1111|nan|nan|nan|nan|nan|nan|nan|nan|nan|nan|nan|nan|nan|nan|nan|nan|nan|nan|nan|nan|nan|nan|nan|nan|0.059991|nan|nan|nan|nan|-1.770340|nan|0.387692|nan|nan|nan|-2453.069731|nan|nan|nan|nan|-5995112.954851|nan|nan|11.157128|nan|-6.119609|nan|0.385506|nan|-186.432416
1112|nan|nan|nan|nan|nan|nan|nan|nan|nan|nan|nan|nan|nan|nan|nan|nan|nan|nan|nan|nan|nan|nan|nan|nan|0.059991|nan|nan|nan|nan|-1.730999|nan|0.387692|nan|nan|nan|-2452.653340|nan|nan|nan|nan|-5995112.954851|nan|nan|11.140460|nan|-6.119609|nan|0.385506|nan|-186.432416
1113|nan|nan|nan|nan|nan|nan|nan|nan|2937.400000|nan|nan|62475589.832271|nan|nan|nan|nan|nan|nan|nan|nan|nan|nan|nan|nan|0.059991|nan|nan|nan|nan|-1.693369|nan|0.387692|nan|nan|nan|-2453.143196|nan|nan|nan|nan|-5995112.954851|nan|nan|11.123741|nan|-6.119609|nan|0.385506|nan|-186.432416
1114|nan|nan|nan|nan|nan|nan|nan|nan|2937.400000|nan|nan|62023274.053526|nan|nan|nan|nan|nan|nan|nan|nan|nan|nan|nan|nan|0.059991|nan|nan|nan|nan|-1.233822|nan|0.387692|nan|nan|nan|-2452.460319|nan|nan|nan|nan|-5995112.954851|nan|nan|11.109157|nan|-6.119609|nan|0.385506|nan|-186.432416
1115|nan|nan|nan|nan|nan|nan|nan|nan|2937.400000|nan|nan|61805413.981802|nan|nan|nan|nan|nan|nan|nan|nan|nan|nan|nan|nan|0.059991|nan|nan|nan|nan|-1.208118|nan|0.387692|nan|nan|nan|-2452.773492|nan|nan|nan|nan|-5995112.954851|nan|nan|11.096410|nan|-6.119609|nan|0.385506|nan|-186.432416
1116|nan|nan|nan|nan|nan|nan|nan|nan|2937.400000|nan|nan|52432907.143993|nan|nan|nan|nan|nan|nan|nan|nan|nan|nan|nan|nan|0.059991|nan|nan|nan|nan|-0.793572|nan|0.387692|nan|nan|nan|-2452.912474|nan|nan|nan|nan|-5995112.954851|nan|nan|11.085480|nan|-6.119609|nan|0.385506|nan|-186.432416
1117|nan|nan|nan|nan|nan|nan|nan|nan|2937.400000|nan|nan|52094385.189118|nan|nan|nan|nan|nan|nan|nan|nan|nan|nan|nan|nan|0.059991|nan|nan|nan|nan|-1.151578|nan|0.387692|nan|nan|nan|-2453.179500|nan|nan|nan|nan|-5995112.954851|nan|nan|11.077232|nan|-6.119609|nan|0.385506|nan|-186.432416
1118|nan|nan|nan|nan|nan|nan|nan|nan|2937.400000|nan|nan|52488989.807599|nan|nan|nan|nan|nan|nan|nan|nan|nan|nan|nan|0.465423|0.059991|nan|nan|nan|nan|-1.128998|nan|0.387692|nan|nan|nan|-2453.339296|nan|nan|nan|nan|-5995112.954851|nan|nan|11.072009|nan|-6.119609|nan|0.385506|nan|-186.432416
1119|nan|nan|nan|nan|nan|nan|nan|nan|2937.400000|nan|nan|53773464.205405|nan|nan|nan|nan|nan|nan|nan|nan|nan|nan|nan|0.451026|0.059991|nan|nan|nan|nan|-2.477867|nan|0.387692|nan|nan|nan|-2452.969065|nan|nan|nan|nan|-5995112.954851|nan|nan|11.069256|nan|-6.119609|nan|0.385506|nan|-186.432416
1120|nan|nan|nan|nan|nan|nan|nan|nan|2937.400000|nan|nan|47887907.664838|nan|nan|nan|nan|nan|nan|nan|nan|nan|nan|nan|0.446226|0.059991|nan|nan|nan|nan|-2.431115|nan|0.387692|nan|nan|nan|-2452.083780|nan|nan|nan|nan|-5995112.954851|nan|nan|11.068017|nan|-6.119609|nan|0.385506|nan|-186.432416
1121|nan|nan|nan|nan|nan|nan|nan|nan|2937.400000|nan|nan|47247914.201237|nan|nan|nan|nan|nan|nan|nan|nan|nan|nan|nan|0.383040|0.059991|nan|nan|nan|nan|-3.010820|nan|0.387692|nan|nan|nan|-2453.021438|nan|nan|nan|nan|-5995112.954851|nan|nan|11.069032|nan|-6.119609|nan|0.385506|nan|-186.432416
1122|nan|nan|nan|nan|nan|nan|nan|nan|2937.400000|nan|nan|50734625.079044|nan|nan|nan|nan|nan|nan|nan|nan|nan|nan|nan|0.339379|0.059991|nan|nan|nan|nan|-2.956078|nan|0.387692|nan|nan|nan|-2453.040894|nan|nan|nan|nan|-5995112.954851|nan|nan|11.071392|nan|-6.119609|nan|0.385506|nan|-186.432416
1123|nan|nan|nan|11.600000|nan|nan|nan|nan|2937.400000|nan|nan|56656160.533173|nan|nan|nan|nan|nan|nan|nan|nan|nan|nan|nan|0.294006|0.059991|nan|nan|nan|nan|-2.336655|nan|0.387692|nan|nan|nan|-2452.201203|nan|nan|nan|nan|-5995112.954851|nan|nan|11.073807|nan|-6.119609|nan|0.385506|nan|-186.432416
1124|nan|nan|nan|11.600000|nan|nan|nan|nan|2937.400000|nan|nan|59108800.917876|nan|nan|nan|nan|nan|nan|nan|nan|nan|nan|nan|0.261597|0.059991|nan|nan|nan|nan|-1.754601|nan|0.387692|nan|nan|nan|-2451.784468|nan|nan|nan|nan|-5995112.954851|nan|nan|11.076974|nan|-6.119609|nan|0.385506|nan|-186.432416
1125|nan|nan|nan|11.600000|nan|nan|nan|nan|2937.400000|nan|nan|65130600.516815|nan|nan|nan|nan|nan|nan|nan|nan|nan|nan|nan|0.237290|0.059991|nan|nan|nan|nan|-0.175447|nan|0.387692|nan|nan|nan|-2454.011944|nan|nan|nan|nan|-5995112.954851|nan|nan|11.081340|nan|-6.119609|nan|0.385506|nan|-186.432416
1126|nan|nan|nan|11.600000|nan|nan|nan|nan|2937.400000|nan|nan|62677520.291144|nan|nan|nan|nan|nan|nan|nan|nan|nan|nan|nan|0.218385|0.059991|nan|nan|nan|nan|0.074689|nan|0.387692|nan|nan|nan|-2452.243770|nan|nan|nan|nan|-5995112.954851|nan|nan|11.087103|nan|-6.119609|nan|0.385506|nan|-186.432416
1127|nan|nan|nan|11.600000|nan|nan|nan|nan|2937.400000|nan|nan|72553909.228181|nan|nan|nan|nan|nan|nan|nan|nan|nan|nan|nan|0.203261|0.059991|nan|nan|nan|nan|0.073444|nan|0.387692|nan|nan|nan|-2453.145291|nan|nan|nan|nan|-5995112.954851|nan|nan|11.092860|nan|-6.119609|nan|0.385506|nan|-186.432416
1128|79257153.953917|nan|nan|11.600000|nan|nan|nan|7.176538|2937.400000|-2.781945|-1.521892|74883648.314492|nan|nan|nan|nan|9.600000|nan|5558883.411118|nan|nan|nan|nan|0.190887|0.059991|nan|nan|-0.478700|nan|-0.264160|nan|0.387692|-1.819086|0.185179|-2.781945|-2453.022089|-159230776.731830|nan|324463.943406|nan|-5995112.954851|nan|nan|11.086385|nan|-6.119609|7.975000|0.385506|nan|-186.432416
1129|79063482.805988|nan|nan|11.600000|nan|nan|nan|7.176538|2937.400000|-2.781945|-1.521892|75967579.207127|nan|nan|nan|nan|9.600000|nan|5565103.942501|nan|nan|nan|nan|0.180575|0.059991|nan|nan|-0.501445|nan|-0.492552|nan|0.387692|-1.819086|0.185179|-2.781945|-2452.837834|-159587072.208380|nan|324463.943406|nan|-5995112.954851|nan|nan|11.074037|nan|-6.119609|7.975000|0.385506|nan|-186.432416
1330|78522822.972766|nan|nan|11.600000|nan|nan|nan|7.176538|2937.400000|-2.781945|-1.521892|75693581.858417|nan|nan|nan|nan|9.600000|nan|5568472.052469|nan|nan|nan|nan|0.171849|0.059991|nan|nan|-0.512811|nan|0.707071|nan|0.387692|-1.819086|0.185179|-2.781945|-2452.377690|-159587072.208380|nan|324463.943406|nan|-5995112.954851|nan|nan|11.063096|nan|-6.119609|5.975000|0.385506|nan|-186.432416
1331|84881657.170992|nan|nan|11.600000|nan|nan|nan|7.176538|2937.400000|-2.781945|-1.521892|83420492.729637|nan|nan|nan|nan|11.200000|nan|5388589.995265|1.495365|nan|nan|nan|0.164370|0.059991|nan|nan|-0.518575|nan|0.275054|nan|0.387692|-1.819086|0.185179|-2.781945|-2453.089345|-159587072.208380|nan|324463.943406|nan|-5995112.954851|nan|nan|11.053631|nan|-6.119609|4.908333|0.385506|nan|-186.432416
1332|88871390.060398|nan|nan|11.600000|nan|nan|nan|7.176538|2937.400000|-2.781945|-1.521892|88564581.140475|nan|nan|nan|nan|9.600000|nan|4619463.722028|1.495365|nan|nan|nan|0.157888|0.059991|nan|nan|-0.514127|nan|-1.470683|nan|0.387692|-1.819086|0.185179|-2.781945|-2452.880843|-159587072.208380|nan|324463.943406|nan|-5995112.954851|nan|nan|11.045868|nan|-6.119609|5.716667|0.385506|nan|-186.432416
1333|82584837.000000|9.611111|nan|11.600000|nan|nan|nan|7.176538|2937.400000|-2.781945|-1.521892|84007074.550891|nan|nan|nan|nan|14.000000|nan|3846163.382353|1.495365|nan|nan|nan|0.152217|0.059991|nan|nan|-0.516861|nan|-3.234906|nan|0.387692|-1.819086|0.185179|-2.781945|-2453.487638|-159587072.208380|nan|324463.943406|nan|-5995112.954851|nan|nan|11.039758|nan|-6.119609|2.658333|0.385506|nan|-186.432416
1334|83819888.262246|6.064930|nan|11.600000|nan|nan|nan|7.176538|2937.400000|-2.781945|-1.521892|85208334.896137|nan|nan|nan|nan|5.400000|nan|3557373.857472|1.495365|nan|nan|nan|0.147212|0.059991|nan|nan|-0.521257|nan|-3.199399|nan|0.387692|-1.819086|0.185179|-2.781945|-2452.618820|-159587072.208380|nan|324463.943406|nan|-5995112.954851|nan|nan|11.035182|nan|-6.119609|3.700000|0.385506|nan|-186.432416
1335|89275432.922262|7.423380|nan|11.600000|nan|nan|nan|7.176538|2937.400000|-2.781945|-1.521892|90139848.855613|nan|nan|nan|nan|13.400000|nan|3558190.702521|1.495365|nan|nan|nan|0.142764|0.059991|nan|nan|-0.520405|nan|-4.730662|nan|0.387692|-1.819086|0.185179|-2.781945|-2453.352823|-159587072.208380|nan|324463.943406|nan|-5995112.954851|nan|nan|11.032467|nan|-6.119609|1.700000|0.385506|nan|-186.432416
1336|90473907.650000|6.666493|nan|11.600000|nan|nan|nan|7.176538|2937.400000|-2.781945|-1.521892|90991901.586309|nan|nan|nan|nan|1.400000|nan|3559819.684976|1.495365|nan|nan|nan|0.138784|0.059991|nan|nan|-0.515280|nan|-1.081572|nan|0.387692|-1.819086|0.185179|-2.781945|-2451.883670|-159587072.208380|nan|324463.943406|nan|-5995112.954851|nan|nan|11.031820|nan|-6.119609|1.700000|0.385506|nan|-186.432416
1337|95740275.872704|5.767361|nan|11.600000|nan|nan|nan|7.176538|2937.400000|-2.781945|-1.521892|96152023.823357|nan|nan|nan|nan|7.400000|nan|3565973.368637|1.495365|nan|nan|nan|0.135202|0.059991|nan|nan|-0.510512|nan|-3.060786|nan|0.387692|-1.819086|0.185179|-2.781945|-2453.392403|-159587072.208380|nan|324463.943406|nan|-5995112.954851|nan|nan|11.032974|nan|-6.119609|5.700000|0.385506|nan|-186.432416
1338|95684196.621676|5.148495|nan|11.600000|nan|nan|nan|7.176538|3096.400000|-2.781945|-1.521892|96264762.638125|nan|nan|nan|nan|7.400000|nan|3566138.006920|1.495365|nan|nan|nan|0.131961|0.059991|nan|nan|-0.510512|nan|-3.060786|nan|0.387692|-1.819086|0.185179|-2.781945|-2453.505149|-159587072.208380|nan|324463.943406|nan|-5995112.954851|nan|nan|11.036028|nan|-6.119609|5.700000|0.385506|nan|-186.432416
1339|100948999.755102|4.628175|nan|11.600000|nan|nan|nan|7.176538|3096.400000|-2.781945|-1.521892|101405046.284147|nan|nan|nan|nan|7.400000|nan|3560555.640257|1.495365|nan|nan|nan|0.129015|0.059991|nan|nan|-0.508082|nan|-2.592176|nan|0.387692|-1.819086|0.185179|-2.781945|-2452.869117|-159587072.208380|nan|324463.943406|nan|-5995112.954851|nan|nan|11.040837|nan|-6.119609|5.700000|0.385506|nan|-186.432416
1340|103792146.772120|4.238368|nan|11.600000|nan|nan|nan|7.176538|3096.400000|-2.781945|-1.521892|104596516.584208|nan|nan|nan|nan|11.400000|nan|3560690.811762|1.495365|nan|nan|nan|0.126325|0.059991|nan|nan|-0.509331|nan|-3.916407|nan|0.387692|-1.819086|0.185179|-2.781945|-2453.101608|-159587072.208380|nan|324463.943406|nan|-5995112.954851|nan|nan|11.047561|nan|-6.119609|3.700000|0.385506|nan|-186.432416
1341|109645924.004678|4.033951|nan|11.200000|nan|nan|nan|7.176538|3096.400000|-2.781945|-1.521892|110967874.662280|nan|nan|nan|nan|1.400000|nan|3562452.060364|1.495365|nan|nan|nan|0.123859|0.059991|nan|nan|-0.515314|nan|-1.790860|nan|0.387692|-1.819086|0.185179|-2.781945|-2452.287755|-159587072.208380|nan|324463.943406|nan|-5995112.954851|nan|nan|11.056277|nan|-6.119609|1.700000|0.385506|nan|-186.432416
1342|106423389.701286|4.095972|nan|9.600000|nan|nan|nan|7.176538|3096.400000|-2.781945|-1.521892|108139992.741301|nan|nan|nan|nan|7.400000|nan|3563353.308418|1.495365|nan|nan|nan|0.121590|0.059991|nan|nan|-0.511096|nan|-2.817816|nan|0.387692|-1.945112|0.185179|-2.781945|-2453.324802|-159587072.208380|nan|324463.943406|nan|-5995112.954851|nan|nan|11.067918|nan|-6.119609|3.700000|0.385506|nan|-277.609947
1343|103482383.127086|4.105429|-2.781945|8.000000|nan|11.181878|-3.485227|7.176538|3096.400000|-2.781945|-1.521892|105560577.680915|0.012897|12.793301|-2.062334|nan|9.400000|nan|3561317.121049|1.495365|nan|8.664782|-4.046777|0.119496|0.059991|nan|nan|-0.506870|-1.849325|-3.817827|2.807349|0.387692|-2.781945|0.185179|-2.781945|-2453.369325|-159587072.208380|nan|324463.943406|-0.000006|-5995112.954851|-1.772978|-0.133239|11.082607|-0.146704|-6.119609|5.700000|0.385506|-1.849325|-277.609947
1344|101744251.994568|3.976157|-2.781945|7.400000|4.157663|11.181878|-3.485227|7.176538|3096.400000|-2.781945|-1.521892|104080230.612162|0.012897|12.793301|-2.062826|nan|7.400000|0.000000|3560646.974884|1.495365|nan|8.920605|-3.161197|0.117557|0.059991|nan|nan|-0.506870|-1.827666|-3.817827|2.720993|0.387692|-2.781945|0.185179|-2.781945|-2452.908846|-159587072.208380|nan|324463.943406|-0.000006|-5995112.954851|-1.766035|-0.133034|11.100253|-0.146436|-6.119609|3.700000|0.385506|-1.827666|-277.609947
1345|83167627.727000|4.080556|-2.781945|7.400000|4.157663|11.181878|-3.485227|7.176538|3096.400000|-2.781945|-1.521892|84548788.729910|0.012897|12.793301|-2.063403|nan|7.400000|0.000000|3559406.183698|1.495365|nan|8.347448|-1.976567|0.115757|0.059991|nan|nan|-0.502654|-1.806782|-10.904519|2.629457|0.387692|-2.781945|0.185179|-2.781945|-2452.438146|-159587072.208380|nan|324463.943406|-0.000006|-5995112.954851|-1.738108|-0.131580|11.120635|-0.147777|-6.119609|5.700000|0.385506|-1.806782|-277.609947
1346|71233064.477152|3.979266|-2.781945|7.400000|2.617650|11.181878|-3.485227|7.176538|3096.400000|-2.781945|-1.521892|72977406.250236|0.012897|12.793301|-1.759114|nan|11.400000|0.000000|3552743.067190|1.495365|nan|7.512601|-2.313980|0.114080|0.059991|nan|nan|-0.498629|-1.786229|-8.202727|2.532224|0.387692|-2.781945|0.185179|-2.781945|-2452.807934|-159587072.208380|nan|324463.943406|-0.000006|-5995112.954851|-1.694805|-0.130905|11.143481|-0.143190|-6.119609|3.700000|0.385506|-1.786229|-277.609947
1347|67938819.539886|4.040370|-2.781945|7.400000|2.617650|11.181878|-3.485227|7.176538|3096.400000|-2.781945|-1.521892|69137751.324540|0.012897|12.793301|-1.759800|nan|9.400000|0.000000|3554538.437379|1.495365|nan|6.757610|-2.498409|0.112516|0.059991|nan|nan|-0.498629|-1.765908|-8.618861|2.428677|0.387692|-2.781945|0.185179|-2.781945|-2453.197703|-159587072.208380|nan|324463.943406|-0.000006|-5995112.954851|-1.653234|-0.130850|11.168740|-0.135439|-6.119609|3.700000|0.385506|-1.765908|-277.609947
1348|62305766.406610|4.104774|-2.781945|7.400000|0.047581|11.181878|-3.485227|7.176538|3096.400000|-2.781945|-1.521892|62660781.616505|0.012897|12.793301|-1.760143|nan|7.400000|0.000000|3553259.912964|1.495365|nan|4.445638|-2.676919|0.099240|0.059991|nan|nan|-0.488169|-1.746197|-8.618861|2.318063|0.387692|-2.781945|0.185179|-2.781945|-2452.286158|-159587072.208380|nan|324463.943406|-0.000006|-5995112.954851|-1.613294|-0.130749|11.195158|-0.125612|-6.119609|2.016667|0.385506|-1.746197|-277.609947
1349|62460472.226768|4.000143|-2.781945|7.400000|-5.987235|11.181878|-3.485227|7.176538|3096.400000|-2.781945|-1.521892|62134562.756064|0.012897|12.793301|-1.619941|nan|0.800000|0.000000|3266075.767864|1.495365|nan|2.338912|-3.182256|0.086924|0.059991|nan|nan|-0.484026|-1.729528|-0.910548|2.199596|0.387692|-2.781945|0.198974|-2.781945|-2451.073641|-159587072.208380|nan|324463.943406|-0.000006|-5995112.954851|-1.574889|-0.130032|11.222341|-0.115033|-6.119609|-3.441667|0.385506|-1.729528|-277.609947
1350|64824943.176722|3.923341|-2.781945|7.400000|-11.289317|11.181878|-3.724922|7.176538|3096.400000|-2.781945|-1.521892|63938462.007627|0.012897|12.793301|-1.619372|nan|4.200000|0.000000|2977034.666052|1.495365|nan|6.434109|-3.631642|0.074607|0.059991|nan|nan|-0.488031|-1.723420|-0.476063|2.072177|0.387692|-2.781945|0.204360|-2.781945|-2452.775858|-159587072.208380|nan|324463.943406|-0.000006|-5995112.954851|-1.560365|-0.128665|11.249457|-0.105369|-6.119609|-0.516666|0.385506|-1.723420|-277.609947
1351|71364620.400000|3.832091|-2.781945|7.400000|-11.289317|11.181878|-3.724922|6.030174|3096.400000|-2.781945|-1.521892|69625186.260115|0.012897|12.793301|-1.618829|nan|3.400000|0.000000|2401891.729041|1.495365|nan|6.152575|-3.660019|0.070396|0.059991|nan|nan|-0.500898|-1.725781|0.628130|1.937441|0.387692|-2.781945|0.235696|-2.781945|-2452.030070|-159587072.208380|nan|324463.943406|-0.000006|-5995112.954851|-1.551693|-0.128503|11.276816|-0.095835|-6.119609|-0.858333|0.385506|-1.725781|-277.609947
1352|78280127.679304|3.736840|-2.781945|7.400000|-11.289317|11.181878|-3.724922|6.030174|3096.400000|-2.781945|-1.521892|75287191.738071|0.012897|12.793301|-1.618817|nan|6.600000|0.000000|1632723.883017|1.495365|nan|-30.339665|-3.984064|0.067143|0.059991|nan|nan|-0.512245|-1.745398|1.196741|1.797989|0.387692|-2.781945|0.235696|-2.781945|-2452.804279|-159587072.208380|nan|324463.943406|-0.000006|-5995112.954851|-1.553405|-0.127821|11.304743|-0.088238|-6.119609|-1.933333|0.385506|-1.745398|-277.609947
1353|80015309.426708|3.652745|-2.781945|7.400000|-11.289317|11.181878|-3.724922|6.030174|3096.400000|-2.781945|-1.521892|75199583.447983|0.012897|12.793301|-1.618551|nan|2.200000|0.000000|960251.665256|1.495365|nan|3.421832|-4.360493|0.067143|0.059991|nan|nan|-0.514040|-1.753813|3.012552|1.658228|0.387692|-2.781945|0.235533|-2.781945|-2452.830777|-159587072.208380|nan|324463.943406|-0.000006|-5995112.954851|-1.557912|-0.127006|11.333477|-0.081534|-6.119609|-3.641666|0.385506|-1.753813|-277.609947
1354|82102519.023262|3.577210|-2.781945|7.400000|-11.289317|11.181878|-3.724922|6.030174|3096.400000|-2.781945|-1.521892|76201603.057224|0.012897|12.793301|-1.618160|nan|2.200000|0.000000|192097.928624|1.495365|nan|4.591337|-4.322722|0.065604|0.059991|nan|nan|-0.536745|-1.754576|4.152806|1.513038|0.387692|-2.781945|0.210310|-2.781945|-2452.159532|-156529137.995857|nan|324463.943406|-0.000006|-5995112.954851|-1.562261|-0.126088|11.362772|-0.075609|-6.119609|-4.275000|0.385506|-1.754576|-277.609947
1355|82879707.093400|3.589976|-2.781945|7.400000|-11.289317|11.181878|-3.724922|6.030174|3096.400000|-2.781945|-1.521892|76464666.249014|0.012897|9.857793|-1.618223|nan|5.600000|0.000000|-576239.253571|1.495365|nan|6.303084|-4.013517|0.064065|0.059991|nan|nan|-0.537154|-1.751521|1.840979|1.361650|0.387692|-2.781945|0.198607|-2.781945|-2453.451479|-142276396.857372|nan|324463.943406|-0.000006|-5995112.954851|-1.566460|-0.124399|11.392415|-0.070157|-6.119609|-2.866667|0.385506|-1.751521|-277.609947
1356|81440612.876742|3.632928|-2.781945|7.400000|-11.289317|11.181878|-3.724922|6.030174|3096.400000|-2.781945|-1.521892|75074231.443298|0.012897|9.857793|-1.618255|nan|3.400000|0.000000|-1152541.931512|1.495365|nan|7.187393|-4.346958|0.062526|0.059991|nan|nan|-0.537154|-1.747578|1.840979|1.205158|0.387692|-2.781945|0.157013|-2.781945|-2452.990963|-136890046.758256|nan|324463.943406|-0.000006|-5995112.954851|-1.570516|-0.103906|11.422700|-0.065433|-6.119609|-3.400000|0.385506|-1.747578|-277.609947
1357|83549662.099366|3.725778|-2.781945|7.400000|-11.289317|11.181878|-3.724922|6.030174|3096.400000|-2.781945|-1.521892|77353977.849188|0.012897|8.559424|-1.618012|nan|1.400000|0.000000|-1536825.297697|1.495365|nan|6.001592|-4.313020|0.060987|0.059991|nan|nan|-0.537154|-1.739641|2.066078|1.043902|0.387692|-2.781945|0.073081|-2.781945|-2452.927883|-128499985.288596|nan|324463.943406|-0.000006|-5995112.954851|-1.574438|-0.081043|11.453495|-0.061129|-6.119609|-4.450000|0.385506|-1.739641|-277.609947
1358|85332061.750000|3.794097|-2.781945|7.400000|-11.289317|11.181878|-3.724922|5.702664|3096.400000|-2.781945|-1.521892|79558373.759613|0.012897|7.676362|-1.618408|nan|7.200000|0.000000|-1633731.928012|1.495365|0.000000|6.388882|-3.766756|0.059448|0.059991|nan|-64339.802386|-0.532745|-1.726300|0.819095|0.876207|0.466387|-2.781945|0.045984|-2.781945|-2454.804428|-116323083.205645|-10623.328794|324463.943406|-0.000006|-462698.498814|-1.604534|-0.054383|11.491367|-0.057129|-6.119609|-7.158334|0.385506|-1.726300|-277.609947
1359|85247670.270936|3.887680|-2.781945|6.800000|-11.289317|11.181878|-3.724922|5.702664|3096.400000|-2.781945|-1.521892|79739033.538225|0.012897|7.676362|-1.618347|-0.558654|1.200000|0.000000|-1633053.240109|1.495365|-0.000000|3.457499|-3.212623|0.057852|0.059991|nan|-62791.147089|-0.529797|-1.710898|1.965172|0.697462|0.466387|-2.781945|0.038967|-2.781945|-2452.922224|-116323083.205645|-10950.215972|324463.943406|-0.000006|-462698.498814|-1.634631|-0.033455|11.534520|-0.053308|-6.119609|-7.700000|0.385506|-1.710898|-277.609947
1400|102347828.239018|3.971007|-2.781945|6.200000|-11.289317|11.181878|-3.724922|-0.936540|3096.400000|-2.781945|-1.521892|97482219.168888|-0.011213|7.676362|-1.618834|-0.428287|6.000000|0.000000|-2221542.178126|1.495365|-0.000000|-0.652469|-2.964137|0.054807|0.059991|nan|-62267.023738|-0.530826|-1.697726|0.651680|0.505728|0.466387|-2.781945|0.037966|-2.781945|-2450.971629|-115130120.536884|-9052.539059|324463.943406|-0.000006|-462698.498814|-1.664728|-0.019931|11.574606|-0.049766|-6.119609|-11.591667|0.385506|-1.697726|-277.609947
1401|104764605.622312|4.023214|-2.781945|5.000000|-11.289317|11.117644|-3.724922|-0.936540|3096.400000|-2.781945|-1.521892|99709964.505350|-0.011213|7.676362|-1.620114|-0.402135|9.200000|-2.000000|-2607869.576365|1.495365|-0.000000|6.204735|-2.485934|0.051761|0.059991|nan|-52580.164767|-0.534752|-1.686752|-3.653197|0.304748|0.466387|-2.781945|0.037966|-2.781945|-2454.478866|-111241903.051875|-5793.574187|324463.943406|-0.000006|-462698.498814|-1.694666|-0.003559|11.611806|-0.046294|-6.119609|-16.166667|0.385506|-1.686752|-277.609947
1402|106659007.771848|4.101884|-2.781945|3.400000|-11.289317|10.145207|-3.724922|-0.936540|3096.400000|-2.781945|-1.521892|100114105.925345|-0.011213|7.676362|-1.620236|-0.402135|-3.200000|-2.000000|-2809842.789315|1.495365|-0.000000|6.077972|-1.699941|0.048716|0.059991|nan|-41629.788718|-0.539082|-1.680497|-2.387290|0.095965|0.466387|-2.781945|0.037966|-2.781945|-2453.309186|-111241903.051875|-9035.769864|324463.943406|-0.000006|-462698.498814|-1.708631|-0.002731|11.645187|-0.043124|-6.119609|-13.208333|0.385506|-1.680497|-277.609947
1403|103138048.643688|4.212979|-2.781945|2.000000|-11.289317|8.988521|-3.724922|-0.936540|3096.400000|-2.781945|-1.521892|95957774.662123|-0.011213|7.676362|-1.620038|-0.402135|-1.800000|-2.000000|-3101643.665855|1.495365|-0.000000|4.017647|-2.114904|0.045671|0.059991|-0.039665|-28985.240879|-0.545774|-1.677498|-1.624830|-0.117177|0.466387|-2.781945|0.036821|-2.781945|-2453.236299|-111241903.051875|-10387.484650|324463.943406|-0.000006|-462698.498814|-1.722597|0.002625|11.673866|-0.040194|-6.119609|-11.508333|0.385506|-1.677498|-277.609947
1404|106445681.278630|4.246884|-2.781945|0.400000|-11.289317|8.322947|-3.724922|-3.290467|3096.400000|-2.781945|-1.521892|98995816.688737|-0.011213|7.676362|-1.619680|-0.402135|-3.800000|-2.000000|-3109695.459195|1.495365|-0.000000|5.342528|-2.537346|0.039908|0.059991|-0.029760|-17848.778569|-0.541380|-1.682445|0.581396|-0.331689|0.466387|-2.781945|0.034729|-2.781945|-2452.276508|-111241903.051875|-12220.608203|324463.943406|-0.000006|-462698.498814|-1.736562|0.005972|11.696030|-0.037511|-6.119609|-11.508333|0.385506|-1.682445|-277.609947
1405|103267850.490090|4.257921|-2.781945|-1.200000|-11.289317|8.268645|-3.724922|-3.290467|3096.400000|-2.781945|-1.521892|96475405.477219|-0.011213|7.676362|-1.619501|-0.402135|0.200000|-2.000000|-3111615.244144|1.495365|-0.000000|1.897479|-2.229040|0.034145|0.059991|-0.006040|-10799.868316|-0.536776|-1.676504|4.798482|-0.544346|0.466387|-2.781945|0.034314|-2.781945|-2452.628961|-111241903.051875|-12864.294562|187521.810000|-0.000006|-462698.498814|-1.736340|0.010310|11.713456|-0.035184|-6.119609|-11.508333|0.385506|-1.676504|-277.609947
1406|106300709.238828|4.241675|-2.781945|-2.400000|-11.289317|8.029038|-3.724922|-3.290467|3096.400000|-2.781945|-1.521892|100008444.081944|-0.011213|7.676362|-1.619930|-0.402135|3.600000|-2.000000|-3209078.172283|1.495365|-0.000000|0.115024|-2.105608|0.028068|0.059991|0.020038|-2100.730936|-0.542378|-1.679989|2.620145|-0.753493|0.466387|-2.781945|0.032590|-2.781945|-2453.955918|-111241903.051875|-15575.026814|187521.810000|-0.000006|-462698.498814|-1.736119|0.011808|11.722779|-0.033026|-6.119609|-13.508333|0.385506|-1.679989|-277.609947
1407|110698471.660920|4.352806|-2.781945|-3.200000|-11.289317|7.431299|-3.724922|-4.900183|3096.400000|-2.781945|-1.521892|104744609.628187|-0.011213|7.676362|-1.619885|-0.402135|-3.200000|-2.000000|-3209023.747752|1.495365|-0.000000|2.431363|-1.724469|0.021990|0.059991|0.022520|-2571.313746|-0.543955|-1.677639|4.202037|-0.956057|0.466387|-2.781945|0.029279|-2.781945|-2452.332123|-111241903.051875|-18098.784421|187521.810000|-0.000006|-462698.498814|-1.735897|0.013567|11.724564|-0.031077|-6.119609|-9.508333|0.385506|-1.677639|-277.609947
1408|105435889.272156|4.440691|-2.781945|-3.400000|-11.289317|6.700011|-3.724922|-4.900183|3096.400000|-2.781945|-1.521892|99910662.345080|-0.011213|7.676362|-1.619603|-0.402135|-4.200000|-2.000000|-3206673.959711|1.495365|-0.000000|0.193080|-1.507537|0.015912|0.059991|0.033562|-683.314125|-0.549460|-1.656666|3.331419|-1.147941|0.466387|-2.781945|0.029279|-2.781945|-2452.852742|-111241903.051875|-269.380967|187521.810000|-0.000006|-155407.492963|-1.726970|0.015622|11.719194|-0.029224|-6.119609|-9.508333|0.385506|-1.656666|-277.609947
1409|105012372.664914|4.492913|-2.781945|-3.400000|-11.289317|6.419322|-3.724922|-4.900183|4115.000000|-2.781945|-1.521892|100373980.368678|-0.011213|7.676362|-1.619463|-0.402135|-3.800000|-2.000000|-3206938.967168|1.495365|-0.000000|2.959743|-1.558371|0.009835|0.059991|0.032701|705.871464|-0.532596|-1.657823|1.245911|-1.321772|0.466387|-2.781945|0.029279|-2.781945|-2453.152113|-111241903.051875|-213.061866|187521.810000|-0.000006|-155407.492963|-1.714336|0.018464|11.701678|-0.027493|-6.119609|-9.508333|0.385506|-1.657823|-277.609947
1410|103099146.600000|4.456952|-2.781945|-4.600000|-11.289317|5.974889|-3.724922|-6.669763|4115.000000|-2.781945|-1.521892|99597200.143797|-0.011213|7.676362|-1.618874|-0.359331|-8.800000|-2.000000|-3206898.431357|1.495365|-0.000000|0.388238|-1.458840|0.003757|0.059991|0.030771|3059.574659|-0.528139|-1.659129|0.875129|-1.473477|0.466387|-2.781945|0.029660|-2.781945|-2452.585447|-111241903.051875|-216.631522|187521.810000|-0.000006|-155407.492963|-1.701702|0.013542|11.669314|-0.025858|-6.119609|-11.508333|0.385506|-1.659129|-277.609947
1411|106544867.210180|4.449348|-2.781945|-5.400000|-11.289317|5.572783|-3.724922|-6.669763|4115.000000|-2.781945|-1.521892|104165631.740232|-0.011213|7.676362|-1.618580|-0.298629|-5.800000|-2.000000|-3211611.439748|1.495365|-0.000000|0.139636|-1.348052|-0.002321|0.059991|0.030607|3292.142597|-0.532233|-1.662685|1.219509|-1.607472|0.466387|-2.781945|0.029169|-2.781945|-2453.053817|-111241903.051875|-192.815092|187521.810000|-0.000006|-155407.492963|-1.682949|0.017199|11.619894|-0.024314|-6.119609|-11.508333|0.385506|-1.662685|-277.609947
1412|103153939.289912|4.412542|-2.781945|-5.800000|-11.289317|5.399449|-3.724922|-6.669763|4115.000000|-2.781945|-1.521892|101639686.352873|-0.011213|7.676362|-1.618692|-0.270784|-4.600000|-2.000000|-3211240.832778|1.495365|-0.000000|1.691582|-1.571573|-0.008398|0.059991|0.031660|3669.243814|-0.535629|-1.663659|0.904938|-1.726820|0.466387|-2.781945|0.034044|-2.781945|-2453.855484|-111241903.051875|-183.981696|187521.810000|-0.000006|-155407.492963|-1.659648|0.016672|11.554994|-0.022852|-6.119609|-11.508333|0.385506|-1.663659|-277.609947
1413|98262009.726717|4.415386|-2.781945|-6.400000|-11.289317|5.052147|-3.724922|-6.669763|4115.000000|-2.781945|-0.975933|97715571.737002|-0.011213|7.432793|-1.618489|-0.245491|-8.600000|-2.000000|-3208072.833338|1.495365|-0.000000|-4.721049|-1.729118|-0.014476|0.059991|0.033640|4615.913607|-0.538136|-1.662523|1.057038|-1.834432|0.725666|-2.781945|0.039838|-2.781945|-2454.390212|-111241903.051875|-188.595091|187521.810000|-0.000006|-155407.492963|-1.636347|0.015345|11.481074|-0.021456|-5.995263|-9.508333|0.385506|-1.662523|-277.609947
1414|86642162.828160|4.376925|-2.781945|-6.400000|-11.289317|4.875956|-3.724922|-6.669763|4115.000000|-2.781945|-0.975933|86394698.046241|-0.011213|6.113047|-1.618647|-0.209479|-4.600000|-2.000000|-3197562.398843|1.495365|-0.000000|-0.574884|-1.831069|-0.020554|0.059991|0.034258|6055.963391|-0.551386|-1.663168|0.431106|-1.934748|0.725666|-2.781945|0.041433|-2.781945|-2454.044365|-111241903.051875|-149.111313|187521.810000|-0.000006|-155407.492963|-1.613046|0.015135|11.400548|-0.020127|-5.870917|-11.508333|0.385506|-1.663168|-277.609947
1415|58765394.500000|4.361925|-2.781945|-6.400000|-11.289317|4.602055|-3.724922|-6.669763|4115.000000|-2.781945|-0.975933|55238042.716510|-0.011213|6.113047|-1.618467|-0.209479|-8.600000|-2.000000|-3198342.172531|1.495365|-0.000000|-4.183698|-2.457574|-0.026632|0.059991|0.036472|4153.259313|-0.554953|-1.645850|0.572708|-2.031087|0.725666|-2.781945|0.042751|-2.781945|-1156.652682|-110067412.856730|-177.096418|187521.810000|-0.000006|-155407.492963|-1.589745|0.014139|11.327507|-0.018919|-5.746571|-9.508333|0.385506|-1.645850|-277.609947
1416|55664001.104982|4.343662|-2.781945|-6.600000|-11.289317|4.163765|-3.724922|-6.669763|4115.000000|-2.781945|-0.975933|51268667.087553|-0.011213|6.113047|-1.618376|-0.209479|-6.600000|-2.000000|-3201348.513097|1.495365|-0.000000|-1.867190|-2.610358|-0.032709|0.059991|0.038136|5961.951696|-0.557583|-1.645405|0.254298|-2.133560|0.725666|-2.781945|0.046004|-2.781945|-1156.916200|-109261991.292666|-193.554753|187521.810000|-0.000006|-155407.492963|-1.566444|0.015359|11.261785|-0.017718|-5.622225|-9.508333|0.385506|-1.645405|-277.609947
1417|56148217.141938|4.321627|-2.781945|-6.600000|-11.289317|3.005310|-3.724922|-6.669763|4115.000000|-2.781945|-0.975933|51055954.613586|-0.011213|6.113047|-1.618073|-0.209479|-8.600000|-2.000000|-3201118.431270|1.495365|-0.000000|-6.837379|-2.922406|-0.038787|0.059991|0.038100|6789.058099|-0.557139|-1.645211|0.694958|-2.250604|0.725666|-2.781945|0.047962|-2.781945|-1156.656478|-105237689.217636|-205.688568|187521.810000|-0.000006|-155407.492963|-1.543143|0.015600|11.202873|-0.016543|-5.497879|-9.508333|0.385506|-1.645211|-277.609947
1418|52611323.425360|4.283596|-2.781945|-6.600000|-11.289317|1.766709|-3.724922|-6.669763|4115.000000|-2.781945|-0.975933|46997726.293412|-0.011213|6.113047|-1.618180|-0.209479|-4.600000|-2.000000|-3198596.992265|1.495365|-0.000000|-1.712964|-2.335455|-0.044865|0.059991|0.039262|7435.719080|-0.558610|-1.641025|0.572390|-2.384276|0.725666|-2.781945|0.049396|-2.781945|-1156.694696|-105237689.217636|-211.052481|187521.810000|-0.000006|-155407.492963|-1.519842|0.015548|11.150725|-0.015399|-5.373533|-9.508333|0.385506|-1.641025|-277.609947
1419|55709744.561748|4.232261|-2.781945|-6.600000|-11.289317|-0.115834|-3.724922|-6.669763|4115.000000|-2.781945|-0.975933|49660735.142990|-0.011213|6.113047|-1.618492|-0.209479|-4.600000|-2.000000|-3202607.520190|1.495365|-0.000000|-8.367864|-2.563661|-0.050942|0.059991|0.039159|7888.509334|-0.553795|-1.640522|1.643141|-2.535834|0.725666|-2.781945|0.051201|-2.781945|-1157.793001|-105237689.217636|-200.868265|187521.810000|-0.000006|-155407.492963|-1.502389|0.012764|11.103195|-0.014324|-5.249187|-9.508333|0.385506|-1.640522|-277.609947
1420|58835522.000000|4.150020|-2.781945|-6.600000|-6.062962|-1.345478|-3.724922|-9.517093|4115.000000|-2.781945|-0.975933|52844430.540676|-0.014977|6.113047|-1.618130|-0.209479|-10.600000|-2.000000|-3203507.541664|1.495365|-0.000000|-5.266052|-2.713695|-0.057020|0.059991|0.037280|7605.043049|-0.533928|-1.641942|2.097541|-2.697468|0.725666|-2.781945|0.054202|-2.781945|-1155.621881|-105237689.217636|-265.209783|187521.810000|-0.000006|-155407.492963|-1.521893|0.012282|11.057797|-0.013275|-5.124840|-11.508333|0.385506|-1.641942|-277.609947
1421|61304716.025248|4.062605|-2.781945|-6.600000|-6.362513|-1.394261|-3.724922|-9.628463|4115.000000|-2.781945|-0.975933|56312211.916208|-0.014977|6.113047|-1.617433|-0.209479|-10.600000|-2.000000|-3205052.069402|1.495365|-0.000000|-2.129041|-2.846848|-0.063098|0.059991|0.034961|8271.170098|-0.508574|-1.643032|3.328021|-2.864652|0.725666|-2.781945|0.055353|-2.781945|-1157.208173|-105237689.217636|-634.405549|187521.810000|-0.000006|-155407.492963|-1.542507|0.011323|11.014754|-0.012248|-5.000494|-13.508333|0.385506|-1.643032|-277.609947
1422|62101018.279896|3.982658|-2.781945|-6.600000|-6.362513|-1.819351|-3.724922|-9.628463|4730.400000|-2.781945|-0.975933|56982316.493749|-0.014977|6.113047|-1.617601|-0.202647|-2.600000|-2.000000|-3201949.004722|1.495365|-0.000000|-11.083017|-2.989865|-0.069175|0.059991|0.031485|8860.936643|-0.502244|-1.647865|2.665719|-3.031736|0.725666|-2.781945|0.055353|-2.781945|-1158.073960|-105237689.217636|-379.000385|187521.810000|-0.000006|-155407.492963|-1.556038|0.010220|10.974440|-0.011332|-4.876148|-13.508333|0.385506|-1.647865|-277.609947
1423|61797874.553328|3.912962|-2.781945|-6.600000|-11.085582|-2.203957|-3.724922|-9.628463|4730.400000|-2.209460|-0.975933|58015236.174277|-0.014977|5.620097|-1.616910|-0.047106|-12.600000|-2.000000|-3201300.469309|1.495365|-0.000000|-5.865256|-3.695894|-0.075253|0.059991|0.028004|10303.589466|-0.503679|-1.651487|3.461423|-3.196188|0.725666|-2.781945|0.054943|-2.781945|-1155.929683|-105237689.217636|-477.441515|187521.810000|-0.000006|-155407.492963|-1.563882|0.010354|10.936304|-0.010477|-4.751802|-15.508333|0.385506|-1.651487|-277.609947
1424|57686817.300000|3.843722|-2.781945|-6.600000|-11.085582|-2.361457|-3.724922|-9.628463|4730.400000|-2.053243|-1.065027|54585467.802817|-0.014977|5.206699|-1.616823|0.110070|-4.600000|-2.000000|-3196918.448851|1.495365|-0.000000|-16.128624|-4.381267|-0.079792|0.059991|0.025475|10831.670546|-0.504926|-1.673595|2.614490|-3.354236|0.725666|-2.781945|0.052142|-2.781945|-1157.887752|-105237689.217636|-329.407697|187521.810000|-0.000006|-155407.492963|-1.575714|0.009488|10.901079|-0.009715|-4.627456|-13.508333|0.385506|-1.673595|-277.609947
1425|54600290.300000|3.747457|-2.781945|-6.600000|-11.085582|-2.694433|-3.724922|-9.628463|4730.400000|-2.053243|-1.065027|52955642.987676|-0.014977|-1.396651|-1.616263|0.200565|-10.600000|-2.000000|-3193486.786352|1.495365|-0.000000|-5.546429|-4.728232|-0.084330|0.059991|0.023158|10944.506592|-0.504380|-1.699990|1.567623|-3.502751|0.725666|-2.781945|0.052142|-2.781945|-1156.830929|-105237689.217636|-381.675750|187521.810000|-0.000006|-155407.492963|-1.587546|0.010371|10.868689|-0.008949|-4.503110|-11.508333|0.385506|-1.699990|-277.609947
1426|55771767.291689|3.663605|-2.781945|-6.600000|-11.085582|-2.805221|-3.724922|-9.628463|4730.400000|-2.053243|-1.065027|55025608.742356|-0.014977|-1.444138|-1.616241|0.275819|-4.600000|-2.000000|-3195956.729579|1.495365|-0.000000|-6.268488|-5.126683|-0.088869|0.059991|0.020633|11151.900921|-0.510442|-1.694163|0.979035|-3.631614|0.725666|-2.781945|0.047438|-2.781945|-1157.656597|-105237689.217636|-340.850336|187521.810000|-0.000006|-155407.492963|-1.599377|0.011722|10.839075|-0.008241|-4.378764|-13.508333|0.385506|-1.694163|-277.609947
1427|54445094.650000|3.548963|-2.781945|-6.600000|-11.085582|-3.286410|-3.724922|-9.628463|4730.400000|-2.053243|-1.065027|54937363.771772|-0.014977|-1.444138|-1.616747|0.371517|-4.600000|-2.000000|-3196390.774527|1.495365|-0.000000|-6.902303|-5.442689|-0.093408|0.059991|0.018375|11746.720699|-0.509305|-1.679058|0.861118|-3.733833|0.725666|-2.781945|0.000031|-2.781945|-1157.556995|-105237689.217636|-331.590905|187521.810000|-0.000006|-155407.492963|-1.601179|0.012808|10.810222|-0.007595|-4.254417|-9.508333|0.385506|-1.679058|-277.609947
1428|52606995.000000|3.470076|-2.209460|-6.600000|-11.085582|-3.721771|-3.724922|-9.628463|4730.400000|-2.053243|-1.065027|53959161.226740|-0.014977|-5.118720|-1.617000|0.447299|-6.600000|-2.000000|-3002632.252032|1.495365|-0.000000|-8.671988|-5.616023|-0.097946|0.059991|0.015858|11973.504928|-0.519401|-1.549882|0.398470|-3.807873|0.725666|-2.781945|-0.025194|-2.781945|-1156.268103|-104748292.595684|-325.485650|187521.810000|-0.000005|-155407.492963|-1.589034|0.013195|10.780920|-0.006962|-4.130071|-11.508333|0.312417|-1.549882|-277.609947
1429|53340936.669766|3.355177|-2.053243|-6.600000|-11.085582|-4.115670|-3.724922|-9.628463|4730.400000|-2.053243|-1.065027|54974988.508330|-0.014977|-5.956010|-1.616868|0.521704|-8.600000|-2.000000|-2615230.052395|1.495365|-0.000000|-14.159891|-6.000693|-0.102428|0.059991|0.014089|12323.532690|-0.532373|-1.495645|0.069614|-3.854013|0.725666|-2.781945|-0.066428|-2.781945|-1156.807131|-104748292.595684|-336.119442|187521.810000|-0.000004|-155407.492963|-1.576889|0.010853|10.750360|-0.006425|-4.005725|-9.508333|0.312417|-1.495645|-277.609947
1430|50322262.425136|3.255698|-2.053243|-6.600000|-11.085582|-5.424435|-3.724922|-9.628463|4730.400000|-2.053243|-1.065027|51990585.953108|-0.018039|-6.374656|-1.617060|0.585119|-4.600000|-2.000000|-2517990.710672|1.495365|-0.000000|-16.021874|-6.080137|-0.105461|0.059991|0.012581|11538.084279|-0.540560|-1.476817|-0.854694|-3.880324|0.725666|-2.781945|-0.071577|-2.781945|-1157.904382|-104748292.595684|-300.624342|187521.810000|-0.000004|-155407.492963|-1.564744|0.004005|10.719602|-0.005945|-3.881379|-11.508333|0.312417|-1.476817|-277.609947
1431|53352628.546640|3.164500|-2.053243|-6.600000|-11.085582|-5.846651|-3.724922|-9.628463|4455.600000|-2.053243|-1.065027|55210486.128241|-0.018039|-7.583978|-1.617415|0.624274|-2.600000|-2.000000|-2520479.692672|1.495365|-0.000000|-13.023635|-6.149162|-0.108493|0.059991|0.011571|13754.207480|-0.544513|-1.478471|-1.376749|-3.891022|0.725666|-2.781945|-0.077219|-2.781945|-1157.228538|-104748292.595684|-278.564700|187521.810000|-0.000004|-155407.492963|-1.552599|0.001523|10.688375|-0.005535|-3.757033|-11.508333|0.312417|-1.478471|-277.609947
1432|47814304.502820|3.046203|-2.053243|-6.600000|-11.085582|-6.228657|-3.724922|-9.628463|4455.600000|-2.053243|-1.065027|49718770.639657|-0.018039|-8.553822|-1.617592|0.644011|-6.600000|-2.000000|-2519334.105774|1.495365|-0.000000|-8.610685|-6.250462|-0.111526|0.059991|0.010429|14307.748252|-0.549351|-1.485051|-1.376749|-3.891876|0.725666|-2.781945|-0.080770|-2.781945|-1157.262405|-104748292.595684|-305.357081|187521.810000|-0.000004|-155407.492963|-1.540454|-0.005276|10.656434|-0.005193|-3.632687|-9.508333|0.312417|-1.485051|-277.609947
1433|40223052.475332|2.831399|-2.053243|-6.600000|-11.085582|-6.764757|-3.724922|-9.628463|4455.600000|-2.053243|-1.065027|42114610.731586|-0.018039|-8.553822|-1.617939|0.676218|-6.600000|-2.000000|-2512853.223541|1.495365|-0.000000|-7.734145|-6.488918|-0.114558|0.057869|0.009013|14824.243796|-0.549189|-1.483581|0.580640|-3.885042|0.725666|-2.781945|-0.081884|-2.781945|-1157.475337|-104748292.595684|-256.683638|187521.810000|-0.000004|-155407.492963|-1.528309|-0.007436|10.624318|-0.004897|-3.508341|-11.508333|0.312417|-1.483581|-277.609947
1434|37373078.168928|2.750132|-2.053243|-6.600000|-11.085582|-6.764757|-3.724922|-9.628463|4455.600000|-2.053243|-1.065027|39218371.003040|-0.018039|-8.553822|-1.618113|0.715692|-6.600000|-2.000000|-2512200.135430|1.495365|-0.000000|-7.140805|-7.125130|-0.114873|0.056505|0.007208|14779.939668|-0.556845|-1.478029|0.146959|-3.871585|0.725666|-2.781945|-0.079179|-2.781945|-1156.188503|-104748292.595684|-303.060990|187521.810000|-0.000004|-155407.492963|-1.516164|-0.007344|10.592067|-0.004691|-3.383995|-11.508333|0.312417|-1.478029|-277.609947
1435|35015785.174500|2.502829|-2.053243|-6.600000|-11.085582|-6.764757|-3.724922|-9.628463|4455.600000|-2.053243|-1.065027|36573843.659855|-0.018039|-8.553822|-1.617941|0.781051|-8.600000|-2.000000|-2510879.413542|1.495365|-0.000000|-7.355856|-8.319187|-0.115188|0.055786|0.005504|13977.146220|-0.558103|-1.462733|2.230284|-3.852346|0.725666|-2.781945|-0.074104|-2.781945|-1156.847341|-104748292.595684|-307.846523|187521.810000|-0.000004|-155407.492963|-1.504019|-0.004720|10.560155|-0.004671|-3.259648|-9.508333|0.312417|-1.462733|-277.609947
1436|37117689.007880|2.371370|-2.053243|-6.600000|-11.085582|-6.764757|-3.724922|-9.628463|4455.600000|-2.053243|-1.065027|38353758.432218|-0.018039|-8.553822|-1.617855|0.830946|-6.600000|-2.000000|-2511629.589889|1.495365|-0.000000|-20.027717|-9.166517|-0.115188|0.053236|0.003390|13746.266005|-0.555620|-1.440396|0.293307|-3.828774|0.725666|-2.781945|-0.072241|-2.781945|-1156.760385|-104748292.595684|-309.176117|187521.810000|-0.000004|-155407.492963|-1.491874|-0.004363|10.528485|-0.004747|-3.135302|-11.508333|0.312417|-1.440396|-277.609947
1437|36059251.413504|2.275016|-2.053243|-6.600000|-11.085582|-6.764757|-3.724922|-9.628463|4455.600000|-2.053243|-1.065027|37513513.468162|-0.018039|-8.553822|-1.617812|0.868150|-6.600000|-2.000000|-2511598.727293|1.495365|-0.000000|-8.452248|-10.123625|-0.115188|0.048964|0.001472|12190.929493|-0.555350|-1.400300|0.293307|-3.801687|0.725666|-2.781945|-0.078279|-2.209460|-1156.653350|-103050971.149153|-309.352261|187521.810000|-0.000004|-155407.492963|-1.479729|-0.004239|10.496869|-0.004931|-3.010956|-11.508333|0.312417|-1.400300|-277.609947
1438|29966390.930074|2.181579|-2.053243|-6.600000|-11.085582|-6.764757|-3.724922|-9.154472|4455.600000|-2.053243|-1.065027|31433182.269747|-0.018039|-8.553822|-1.617791|0.868150|-6.600000|-2.000000|-2509831.335397|1.495365|-0.000000|-8.640289|-10.799104|-0.115188|0.040772|0.000895|10206.040809|-0.555350|-1.306119|0.293307|-3.771671|0.725666|-2.781945|-0.082538|-2.053243|-1156.971411|-102657147.309153|-328.272810|187521.810000|-0.000004|-155407.492963|-1.467584|-0.003890|10.464984|-0.005178|-2.886610|-11.508333|0.312417|-1.306119|-277.609947
1439|29115687.959052|2.077759|-2.053243|-6.600000|-11.085582|-6.764757|-3.724922|-9.154472|4455.600000|-2.053243|-1.065027|30844112.801013|-0.018039|-8.553822|-1.617780|0.868150|-6.600000|-2.000000|-2509540.077528|1.495365|-0.000000|-7.632832|-11.029299|-0.115188|0.036334|0.002342|8437.393746|-0.550233|-1.211314|0.293307|-3.739067|0.725666|-2.781945|-0.085998|-2.053243|-1156.453323|-102657147.309153|-346.551257|187521.810000|-0.000004|-155407.492963|-1.447067|-0.003384|10.432751|-0.005426|-2.762264|-9.508333|0.312417|-1.211314|-277.609947
1440|29157758.205704|1.979588|-2.053243|-6.600000|-11.085582|-6.764757|-3.724922|-9.154472|4455.600000|-2.053243|-1.065027|31569571.503355|-0.018039|-8.553822|-1.618033|0.868150|-4.600000|-2.000000|-2511013.520055|1.495365|-0.000000|-8.568643|-10.990543|-0.115188|0.028925|0.004333|8165.059777|-0.535524|-1.148164|0.703899|-3.704376|0.725666|-2.781945|-0.093355|-2.053243|-1157.663148|-102594187.938043|-317.493783|187521.810000|-0.000004|-155407.492963|-1.425555|-0.003521|10.400336|-0.005680|-2.637918|-13.508333|0.312417|-1.148164|-277.609947
1441|29970557.994452|1.871208|-2.053243|-6.600000|-11.085582|-6.764757|-3.724922|-9.154472|4455.600000|-2.053243|-1.065027|32619845.765886|-0.018039|-8.553822|-1.618418|0.868150|-4.600000|-2.000000|-2513420.066550|1.495365|-0.000000|-7.960252|-11.144015|-0.115188|0.022886|0.007288|7501.997341|-0.535586|-1.121187|-1.459801|-3.667706|0.725666|-2.781945|-0.102219|-2.053243|-1156.870027|-102522484.475002|-202.178195|187521.810000|-0.000004|-155407.492963|-1.404044|-0.003928|10.367876|-0.005920|-2.513572|-11.508333|0.312417|-1.121187|-277.609947
1442|28729959.905516|1.723569|-2.053243|-6.600000|-11.085582|-6.764757|-3.724922|-9.154472|4455.600000|-2.053243|-1.065027|31427734.763532|-0.018039|-8.553822|-1.618611|0.868150|-6.600000|-2.000000|-2513945.113458|1.495365|-0.000000|-8.967222|-11.140441|-0.115188|0.018155|0.009788|7117.897391|-0.539938|-1.119570|-1.459801|-3.628238|0.725666|-2.781945|-0.112240|-2.053243|-1156.475892|-102486960.302546|-245.952020|187521.810000|-0.000004|-155407.492963|-1.382532|-0.005058|10.335604|-0.006137|-2.389226|-9.508333|0.312417|-1.119570|-277.609947
1443|21229843.939204|1.625375|-2.053243|-6.600000|-11.085582|-6.764757|-3.724922|-9.154472|4455.600000|-2.053243|-1.065027|23784684.343996|-0.018039|-8.553822|-1.619225|0.868150|-2.200000|-2.000000|-2508415.559195|1.495365|-0.000000|-8.966662|-11.228659|-0.115188|0.011631|0.011601|8269.340007|-0.543105|-1.124221|-1.830549|-3.585411|0.725666|-2.781945|-0.112240|-2.053243|-1156.440209|-102298286.162477|-125.443912|187521.810000|-0.000004|-155407.492963|-1.370562|-0.006161|10.297229|-0.006300|-2.389226|-11.508333|0.312417|-1.124221|-277.609947
1444|18687926.951292|1.560757|-2.053243|-7.200000|-11.085582|-6.764757|-3.724922|-9.154472|4455.600000|-2.053243|-1.065027|20991913.396975|-0.018039|-8.553822|-1.619274|0.868150|-7.400000|-2.000000|-2505388.529549|1.495365|-0.000000|-12.201157|-11.272430|-0.115188|0.011972|0.013153|7784.395233|-0.530884|-1.135808|-1.542541|-3.538431|0.725666|-2.781945|-0.113948|-2.053243|-1155.180382|-102298286.162477|-240.548717|187521.810000|-0.000004|-155407.492963|-1.371305|-0.008524|10.252711|-0.006422|-2.389226|-11.016667|0.312417|-1.135808|-277.609947
1445|18628441.972780|1.457875|-2.053243|-7.400000|-11.085582|-6.764757|-3.724922|-9.154472|4455.600000|-2.053243|-1.065027|21258973.764302|-0.018039|-8.553822|-1.571771|0.868150|-9.200000|-2.000000|-2504620.751750|1.495365|-0.000000|-24.427469|-11.369191|-0.115188|0.013442|0.015130|7769.392171|-0.517442|-1.186193|-0.968140|-3.485515|0.725666|-2.781945|-0.113948|-2.053243|-1156.180066|-102146371.874278|-217.161848|187521.810000|-0.000004|-155407.492963|-1.389066|-0.010930|10.210138|-0.006512|-2.389226|-10.358333|0.312417|-1.186193|-277.609947
1446|20621247.967990|1.429028|-2.053243|-7.600000|-11.085582|-6.764757|-3.724922|-9.154472|4455.600000|-2.053243|-1.065027|22271537.822512|-0.018039|-8.553822|-1.571782|0.868150|-3.200000|-2.000000|-2505286.246279|1.495365|-0.000000|-14.486903|-11.301273|-0.115188|0.015573|0.016732|7480.489243|-0.510370|-1.222646|-0.286706|-3.424250|0.725666|-2.781945|-0.113948|-2.053243|-1157.646782|-102131426.984444|-242.754877|187521.810000|-0.000004|-155407.492963|-1.420316|-0.015100|10.169208|-0.006627|-2.389226|-8.358333|0.312417|-1.222646|-277.609947
1447|22367410.400000|1.321632|-2.053243|-8.000000|-11.085582|-6.962906|-3.724922|-9.154472|4455.600000|-2.053243|-1.065027|23574714.956808|-0.018039|-8.553822|-1.571286|0.868150|-7.200000|-2.000000|-2506097.002225|1.495365|-0.000000|-6.968730|-11.579686|-0.115188|0.019494|0.017879|7488.014478|-0.514558|-1.253522|0.412931|-3.354861|0.725666|-2.781945|-0.113948|-2.053243|-1156.467962|-102131426.984444|-282.062029|187521.810000|-0.000004|-155407.492963|-1.451565|-0.019246|10.129903|-0.006779|-2.389226|-10.358333|0.312417|-1.253522|-277.609947
1448|22505927.277268|1.197257|-2.053243|-8.600000|-11.085582|-6.962906|-3.724922|-9.154472|4455.600000|-2.053243|-1.065027|24428283.575118|-0.018039|-8.553822|-1.571038|0.868150|-5.200000|-2.000000|-2505379.905087|1.495365|-0.000000|-7.207735|-11.737906|-0.115188|0.022243|0.018218|6722.509866|-0.508392|-1.270442|0.412931|-3.277515|0.725666|-2.781945|-0.114492|-2.053243|-1156.693497|-101796336.010171|-283.415156|187521.810000|-0.000004|-155407.492963|-1.482815|-0.021071|10.092204|-0.006971|-2.389226|-8.358333|0.312417|-1.270442|-277.609947
1449|23798731.346790|1.106059|-2.053243|-8.600000|-11.085582|-7.323827|-3.724922|-9.154472|4455.600000|-2.053243|-1.065027|25103922.357174|-0.018039|-8.553822|-1.570913|0.868150|-5.200000|-2.000000|-2505639.383540|1.495365|-0.000000|-9.479810|-12.071533|-0.115188|0.024289|0.018491|4389.600552|-0.503201|-1.270802|-2.158895|-3.191833|0.725666|-2.781945|-0.116244|-2.053243|-1156.847141|-101796336.010171|-280.739452|187521.810000|-0.000004|-115530.909772|-1.514064|-0.020074|10.058082|-0.007158|-2.389226|-10.358333|0.312417|-1.270802|-277.609947
1450|24836602.946908|1.005741|-2.053243|-7.600000|-11.085582|-7.323827|-2.718367|-9.154472|4455.600000|-2.053243|-1.065027|25391728.775237|-0.018039|-8.553822|-1.571354|0.868150|-3.200000|-2.000000|-2504744.711847|1.495365|-0.000000|-7.058336|-12.267147|-0.115188|0.025716|0.018041|448.142818|-0.498385|-1.265593|-3.011687|-3.098135|0.725666|-2.781945|-0.116244|-2.053243|-1157.590917|-101796336.010171|-267.484394|187521.810000|-0.000004|-115530.909772|-1.525500|-0.019826|10.026665|-0.007353|-2.389226|-12.358333|0.312417|-1.265593|-277.609947
1451|27105148.643996|0.937002|-2.053243|-6.800000|-11.085582|-7.323827|-2.718367|-9.154472|4455.600000|-2.053243|-1.065027|27710678.387823|-0.018039|-8.553822|-1.571323|0.868150|-7.200000|-2.000000|-2506336.794218|1.495365|-0.000000|-6.930598|-12.785031|-0.115188|0.026100|0.018254|-1659.335192|-0.499903|-1.258383|-3.173445|-2.996918|0.725666|-2.781945|-0.116474|-2.053243|-1157.274567|-101796336.010171|-332.933385|187521.810000|-0.000004|-115530.909772|-1.532153|-0.018834|10.000379|-0.007574|-2.389226|-10.358333|0.312417|-1.258383|-277.609947
1452|28041004.940796|0.795405|-2.053243|-6.600000|-11.085582|-7.323827|-2.718367|-9.154472|4455.600000|-2.053243|-1.065027|29656250.625602|-0.018039|-8.553822|-1.571056|0.856505|-7.200000|-2.000000|-2506880.757722|1.495365|-0.000000|-7.995278|-13.255945|-0.115188|0.027571|0.018243|-5444.848009|-0.514840|-1.241286|-2.452935|-2.889070|0.725666|-2.781945|-0.117234|-2.053243|-1156.472462|-101796336.010171|-366.720926|187521.810000|-0.000004|-115530.909772|-1.522913|-0.018416|9.979253|-0.007820|-2.389226|-10.358333|0.312417|-1.241286|-277.609947
1453|25079253.984668|0.664259|-2.053243|-6.200000|-7.173346|-7.323827|-2.718367|-9.154472|4455.600000|-2.053243|-1.065027|27036927.238377|-0.018039|-8.553822|-1.571174|0.800246|-3.200000|-2.000000|-2505380.953746|1.495365|-0.000000|-9.730691|-13.392012|-0.115188|0.028103|0.018186|-6450.498594|-0.525500|-1.222704|-3.175522|-2.774974|0.725666|-2.781945|-0.117234|-2.053243|-1157.142713|-101796336.010171|-397.476833|187521.810000|-0.000004|-115530.909772|-1.500272|-0.017359|9.964622|-0.008072|-2.389226|-10.358333|0.312417|-1.222704|-277.609947
1454|19760958.242548|0.551701|-2.053243|-5.400000|-7.173346|-7.355239|-2.718367|-9.154472|4455.600000|-2.053243|-1.065027|21611729.015575|-0.018039|-8.553822|-1.571735|0.783168|-3.200000|-2.000000|-2500060.893168|1.495365|-0.000000|-9.351149|-13.086518|-0.115188|0.028103|0.018103|-6068.822696|-0.544127|-1.204462|-3.898735|-2.655457|0.725666|-2.781945|-0.117345|-2.053243|-1157.118709|-92102964.878947|-320.874144|187521.810000|-0.000004|-115530.909772|-1.477631|-0.019062|9.960296|-0.008299|-2.389226|-10.358333|0.312417|-1.204462|-277.609947
1455|13826863.792846|0.465868|-2.053243|-5.200000|-7.173346|-7.100192|-2.718367|-9.154472|4455.600000|-2.053243|-1.065027|15689723.993226|-0.018039|-8.553822|-1.571765|0.736477|-7.200000|-2.000000|-2499794.019462|1.495365|-0.000000|-9.013648|-12.759776|-0.115188|0.028103|0.017899|-4969.461352|-0.564795|-1.187965|-3.537065|-2.532602|0.725666|-2.781945|-0.117540|-2.053243|-1156.773181|-92102964.878947|-358.019382|187521.810000|-0.000004|-115530.909772|-1.454990|-0.018487|9.968332|-0.008510|-2.389226|-8.358333|0.312417|-1.187965|-277.609947
1456|9501202.380494|0.377431|-2.053243|-5.200000|-7.173346|-6.510369|-2.718367|-9.154472|4455.600000|-2.053243|-1.065027|10577979.150642|-0.018039|-8.553822|-1.571779|0.673530|-5.200000|-2.000000|-2496101.030237|1.495365|-0.000000|-7.470421|-12.225105|-0.115188|0.028103|0.017686|-4695.535420|-0.563165|-1.171576|-3.537065|-2.408862|0.725666|-2.781945|-0.118527|-2.053243|-1156.872833|-92102964.878947|-361.040236|187521.810000|-0.000004|-115530.909772|-1.432350|-0.019244|9.990579|-0.008721|-2.389226|-8.358333|0.312417|-1.171576|-277.609947
1457|2715711.193114|0.257431|-2.053243|-5.200000|-7.173346|-6.357672|-2.718367|-9.154472|4455.600000|-2.053243|-1.065027|3867654.347569|-0.018039|-8.553822|-1.571535|0.578860|-7.200000|-2.000000|-2495122.453536|1.495365|-0.000000|-9.025473|-11.795073|-0.115188|0.028103|0.017646|-4937.316660|-0.562351|-1.159728|-3.492596|-2.283732|0.725666|-2.781945|-0.119084|-2.053243|-1156.887295|-92102964.878947|-418.675592|187521.810000|-0.000004|-231451.012587|-1.409709|-0.019156|10.027840|-0.008939|-2.389226|-10.358333|0.312417|-1.159728|-140.921645
1458|-6234061.409739|0.120764|-2.053243|-5.200000|-7.173346|-6.219518|-2.718367|-9.154472|4455.600000|-2.053243|-1.065027|-5288848.342889|-0.018039|-8.553822|-1.571665|0.456013|-3.200000|-2.000000|-2487101.143281|1.495365|-0.000000|-9.147968|-11.116043|-0.115188|0.028103|0.017879|-5958.541782|-0.561181|-1.156603|-2.864290|-2.156804|0.725666|-2.781945|-0.120727|-2.053243|-1156.921802|-92102964.878947|-359.531189|187521.810000|-0.000004|-231451.012587|-1.387068|-0.017089|10.073659|-0.009159|-2.389226|-10.358333|0.312417|-1.156603|-140.921645
1459|-23677590.200000|-0.004028|-2.053243|-5.200000|-7.173346|-5.904045|-2.718367|-9.154472|3069.000000|-2.053243|-1.065027|-24282550.205160|-0.018039|-8.553822|-1.571478|0.393328|-7.200000|-2.000000|-2475121.764207|1.495365|-0.000000|-6.147605|-10.410709|-0.115188|0.028103|0.018349|-6680.284600|-0.558135|-1.158536|-3.042036|-2.028040|0.725666|-2.781945|-0.120727|-2.053243|-1156.212612|-92102964.878947|-488.991568|187521.810000|-0.000004|-231451.012587|-1.364427|-0.015456|10.126772|-0.009392|-2.389226|-10.358333|0.312417|-1.158536|-95.852481
