859|nan|nan|nan|nan|nan|nan|nan|nan|nan|nan|nan|nan|nan|nan|nan|nan|nan|nan|nan
900|nan|nan|nan|nan|nan|nan|nan|nan|nan|nan|nan|nan|nan|nan|nan|nan|nan|nan|nan
901|nan|nan|nan|nan|nan|nan|nan|nan|nan|nan|nan|nan|nan|nan|nan|nan|nan|nan|nan
902|nan|nan|nan|nan|nan|nan|nan|nan|nan|nan|nan|nan|nan|nan|nan|nan|nan|nan|nan
903|nan|nan|nan|nan|nan|nan|nan|nan|nan|nan|nan|nan|nan|nan|nan|nan|nan|nan|nan
904|nan|nan|nan|nan|nan|nan|nan|nan|nan|nan|nan|nan|nan|nan|nan|nan|nan|nan|nan
905|nan|nan|nan|nan|nan|nan|nan|nan|nan|nan|nan|nan|nan|nan|nan|nan|nan|nan|nan
906|nan|nan|nan|nan|nan|nan|nan|nan|nan|nan|nan|nan|nan|nan|nan|nan|nan|nan|nan
907|nan|nan|nan|nan|nan|nan|nan|nan|nan|nan|nan|nan|nan|nan|nan|nan|nan|nan|nan
908|nan|nan|nan|nan|nan|nan|nan|nan|nan|nan|nan|nan|nan|nan|nan|nan|nan|nan|nan
909|nan|nan|nan|nan|nan|nan|nan|nan|nan|nan|nan|nan|nan|nan|nan|nan|nan|nan|nan
910|nan|nan|nan|nan|nan|nan|nan|nan|nan|nan|nan|nan|nan|nan|nan|nan|nan|nan|nan
911|nan|nan|nan|nan|nan|nan|nan|nan|nan|nan|nan|nan|nan|nan|nan|nan|nan|nan|nan
912|nan|nan|nan|nan|nan|nan|nan|nan|nan|nan|nan|nan|nan|nan|nan|nan|nan|nan|nan
913|nan|nan|nan|nan|nan|nan|nan|nan|nan|nan|nan|nan|nan|nan|nan|nan|nan|nan|nan
914|nan|nan|nan|nan|nan|nan|nan|nan|nan|nan|nan|nan|nan|nan|nan|nan|nan|nan|nan
915|nan|nan|nan|nan|nan|nan|nan|nan|nan|nan|nan|nan|nan|nan|nan|nan|nan|nan|nan
916|nan|nan|nan|nan|nan|nan|nan|nan|nan|nan|nan|nan|nan|nan|nan|nan|nan|nan|nan
917|nan|nan|nan|nan|nan|nan|nan|nan|nan|nan|nan|nan|nan|nan|nan|nan|nan|nan|nan
918|nan|nan|nan|nan|nan|nan|nan|nan|nan|nan|nan|nan|nan|nan|nan|nan|nan|nan|nan
919|nan|nan|nan|nan|nan|nan|nan|nan|nan|nan|nan|nan|nan|nan|nan|nan|nan|nan|nan
920|nan|nan|nan|nan|nan|nan|nan|nan|nan|nan|nan|nan|nan|nan|nan|nan|nan|nan|nan
921|nan|nan|nan|nan|nan|nan|nan|nan|nan|nan|nan|nan|nan|nan|nan|nan|nan|nan|nan
922|nan|nan|nan|nan|nan|nan|nan|nan|nan|nan|nan|nan|nan|nan|nan|nan|nan|nan|nan
923|nan|nan|nan|nan|nan|nan|nan|nan|nan|nan|nan|nan|nan|nan|nan|nan|nan|nan|nan
924|nan|nan|nan|nan|nan|nan|nan|nan|nan|nan|nan|nan|nan|-71.239834|nan|37.311538|nan|nan|nan
925|nan|nan|nan|nan|nan|nan|nan|nan|nan|nan|nan|nan|nan|-53.012899|nan|38.544616|nan|nan|nan
926|nan|nan|nan|nan|nan|nan|nan|nan|nan|nan|nan|nan|nan|-40.877024|nan|39.636019|nan|nan|nan
927|nan|nan|nan|nan|nan|nan|nan|nan|nan|nan|nan|nan|nan|-31.794208|nan|40.757695|nan|nan|nan
928|nan|nan|nan|nan|nan|nan|nan|nan|nan|nan|nan|nan|nan|-5.958308|49.385008|42.197433|nan|nan|nan
929|nan|nan|nan|nan|nan|nan|nan|nan|nan|nan|nan|nan|nan|27.781295|49.385008|44.022407|nan|nan|nan
930|nan|nan|nan|nan|nan|nan|nan|nan|nan|nan|nan|nan|nan|22.570125|49.385008|44.742063|nan|nan|nan
931|nan|nan|nan|nan|nan|nan|nan|nan|nan|nan|nan|nan|nan|17.182842|49.385008|45.359107|nan|nan|nan
932|nan|nan|nan|nan|nan|nan|nan|nan|nan|nan|nan|nan|nan|28.610249|49.385008|46.042548|nan|nan|nan
933|nan|nan|nan|nan|60.792247|nan|nan|nan|nan|nan|nan|nan|nan|25.372401|49.385008|46.308224|nan|nan|nan
934|nan|nan|nan|nan|61.013869|nan|nan|nan|nan|nan|nan|nan|nan|25.621270|49.385008|46.552146|nan|nan|nan
935|nan|nan|nan|nan|60.697243|nan|nan|nan|nan|-18.017442|nan|nan|nan|32.533457|49.385008|46.930035|nan|nan|nan
936|nan|nan|nan|nan|60.081126|nan|nan|nan|nan|-10.764081|nan|nan|nan|39.336457|49.385008|47.408091|nan|nan|nan
937|nan|nan|nan|nan|60.240763|nan|nan|nan|nan|6.212526|nan|nan|nan|38.724820|49.385008|47.497187|nan|nan|nan
938|nan|nan|nan|nan|60.281407|nan|nan|nan|nan|1.798213|nan|nan|nan|32.805911|49.385008|47.435271|nan|nan|nan
939|nan|nan|nan|nan|60.119691|nan|nan|nan|nan|-10.378855|nan|nan|nan|18.605857|49.385008|50.902411|nan|nan|nan
940|nan|nan|nan|nan|59.692351|nan|nan|nan|nan|-25.653084|nan|nan|nan|8.015251|49.385008|48.556312|nan|nan|nan
941|nan|nan|nan|nan|59.271545|nan|nan|nan|nan|-24.981294|nan|nan|nan|7.760063|49.385008|47.468747|nan|nan|nan
942|nan|nan|nan|nan|58.761362|nan|nan|nan|nan|-22.140715|nan|nan|nan|23.288181|48.692618|46.037356|nan|nan|nan
943|nan|9.890355|nan|nan|58.192070|nan|nan|nan|nan|-17.924172|nan|nan|nan|27.639133|47.221846|44.974434|-0.001001|nan|nan
944|nan|8.601322|nan|nan|57.731261|nan|nan|nan|nan|-30.832110|nan|nan|nan|17.961476|47.221846|45.011896|-0.002761|nan|nan
945|nan|7.391773|nan|nan|57.364589|nan|nan|nan|nan|-30.610532|nan|nan|nan|16.519452|47.221846|45.067310|-0.003075|nan|nan
946|nan|5.794572|nan|nan|57.334467|nan|nan|nan|nan|-20.664095|nan|nan|nan|7.284271|47.221846|44.828397|-0.004950|nan|nan
947|nan|4.176721|nan|nan|56.911503|nan|nan|nan|nan|-28.082097|nan|nan|nan|6.749011|46.847000|44.602961|-0.005081|nan|nan
948|nan|3.326047|nan|-4.947715|56.985931|nan|nan|nan|nan|-6.237895|nan|nan|nan|16.125795|46.847000|44.746217|-0.003764|nan|nan
949|nan|2.723128|nan|nan|56.894669|nan|nan|nan|nan|-1.822128|nan|nan|nan|21.296438|46.847000|45.036817|-0.003178|nan|nan
950|nan|1.838390|nan|-9.357691|57.237674|nan|nan|nan|nan|-9.712442|nan|nan|nan|15.891447|46.847000|45.131370|-0.004293|nan|nan
951|nan|0.844535|nan|-15.344572|57.650172|nan|nan|nan|nan|-4.202408|nan|nan|nan|10.607364|46.847000|45.071680|-0.005521|nan|nan
952|nan|-0.387728|nan|-24.530758|58.033664|nan|nan|nan|nan|0.824284|nan|nan|nan|1.548692|46.847000|44.738375|-0.008868|nan|nan
953|nan|-2.141505|nan|-44.498599|58.020434|nan|-87.904523|nan|nan|-4.785810|nan|nan|nan|-19.489336|46.847000|43.733766|-0.015973|nan|nan
954|nan|-3.372863|nan|-36.652433|57.662564|nan|-69.604696|nan|nan|6.662781|nan|nan|nan|-14.009197|45.181419|41.781901|-0.014716|nan|nan
955|nan|-4.355262|nan|-35.303425|57.589268|nan|-54.572696|nan|nan|27.590358|nan|nan|nan|-13.551978|45.181419|41.444679|-0.014260|nan|nan
956|nan|-5.915839|nan|-58.023975|57.202881|nan|-70.748436|nan|nan|0.074388|nan|nan|nan|-38.236873|42.077782|37.198795|-0.020894|nan|nan
957|nan|-7.132120|nan|-54.256300|56.407097|nan|-62.497175|nan|nan|-3.807034|nan|nan|nan|-36.220617|27.861940|22.610062|-0.020296|nan|nan
958|nan|-8.179384|nan|nan|55.730088|nan|-39.540696|nan|nan|-5.614905|nan|nan|nan|-34.766437|27.861940|22.380962|-0.019756|nan|nan
959|nan|-9.072226|nan|-53.133721|55.616636|-9.639472|-14.868609|-0.643564|nan|2.358627|nan|nan|nan|-37.593107|27.861940|21.959191|-0.019931|nan|nan
1000|nan|-10.261387|nan|-67.092472|54.723583|-11.447415|-39.949175|-0.682571|nan|-12.943371|nan|nan|nan|-54.053614|23.730841|17.106978|-0.024303|nan|nan
1001|nan|-11.317098|nan|nan|53.820593|-13.130094|-51.795045|-0.688227|nan|-14.994217|nan|-103.107839|nan|-58.284050|22.015232|14.906521|-0.024996|nan|nan
1002|nan|-11.526382|nan|-42.443727|53.068604|-13.740328|-18.136435|-0.618263|nan|-6.258464|nan|-104.298860|nan|-35.109226|22.015232|15.381181|-0.020458|nan|nan
1003|nan|-11.346646|nan|nan|52.448271|-13.937365|-9.313305|-0.552874|nan|-10.397442|nan|-105.536312|nan|-22.744959|22.015232|15.830431|-0.017838|nan|nan
1004|nan|-11.242585|nan|-31.626315|51.700132|-14.309354|-15.277087|-0.525822|nan|-13.793031|nan|-107.508193|nan|-28.679331|22.015232|15.946825|-0.018501|nan|nan
1005|nan|-10.927840|nan|-23.150080|50.428049|-14.291271|-2.777652|-0.495650|nan|-32.592634|nan|-108.939425|nan|-22.530818|22.015232|16.571090|-0.017126|nan|nan
1006|nan|-10.646890|nan|nan|49.688417|-14.193852|5.555304|-0.466871|nan|-35.245743|nan|-109.911626|nan|-20.612257|22.015232|17.123109|-0.016483|nan|nan
1007|nan|-10.498015|nan|-25.783037|49.222154|-14.393403|-1.960695|-0.441088|nan|-28.091349|nan|-111.160830|nan|-28.162148|22.015232|17.150629|-0.017462|nan|nan
1008|nan|-10.101618|nan|nan|48.642031|-14.364043|-2.695957|-0.411839|nan|-20.426854|nan|-112.052914|nan|-23.309434|22.015232|17.383539|-0.016274|nan|nan
1009|nan|-9.961851|nan|-26.305721|48.297212|-14.596696|-25.080565|-0.397275|nan|-21.735138|nan|-113.075971|nan|-32.616207|22.015232|17.312577|-0.017583|nan|nan
1010|nan|-9.906452|nan|-28.430773|47.876600|-14.808373|-39.050522|-0.386290|nan|-37.048977|nan|-114.287178|nan|-37.315334|22.015232|17.466650|-0.018132|nan|nan
1011|nan|-9.587395|nan|-15.934256|47.776234|-14.692567|-27.368044|-0.370089|nan|-32.068691|nan|-115.327778|nan|-26.420401|22.015232|17.794667|-0.015938|nan|nan
1012|nan|-9.234768|nan|nan|47.518561|-14.498479|-8.169565|-0.351138|nan|-20.106684|nan|-116.205815|nan|-23.139496|22.015232|18.100817|-0.015194|nan|nan
1013|nan|-8.961936|nan|-14.535030|47.427250|-14.397248|-5.473608|-0.335773|nan|-11.456565|nan|-116.825229|nan|-25.469462|22.015232|18.232419|-0.015441|nan|nan
1014|nan|-8.678090|nan|nan|47.454690|-14.278431|-14.623522|-0.321252|nan|-11.945325|nan|-117.000302|nan|-25.551164|22.015232|18.379975|-0.015286|nan|nan
1030|nan|-8.184797|nan|nan|47.701601|-13.908222|-5.882087|-0.303442|nan|9.499367|nan|-116.653780|nan|-15.422128|22.015232|18.692093|-0.013435|nan|nan
1031|nan|-7.662043|nan|3.915226|47.707074|-13.338725|-9.068218|-0.285320|nan|10.009637|nan|-116.134395|nan|-9.408749|22.015232|21.370897|-0.012373|nan|nan
1032|nan|-7.068243|nan|nan|47.897229|-12.681249|-2.042391|-0.265240|nan|9.598834|nan|-115.870883|nan|-1.868467|22.015232|32.127845|-0.011067|nan|nan
1033|-15.810533|-6.425730|nan|15.815971|47.813847|-11.940748|9.803479|-0.271889|nan|1.503818|nan|-115.649042|nan|3.352776|22.015232|32.693866|-0.010305|nan|nan
1034|-17.835303|-5.928339|nan|nan|47.678452|-11.375281|9.640087|-0.251124|nan|-18.072435|nan|-115.276911|nan|0.798980|22.015232|33.001913|-0.010923|nan|nan
1035|5.951845|-5.009618|nan|34.209128|47.368764|-10.196732|25.407348|-0.220013|nan|2.647652|nan|-114.208134|nan|24.618874|22.015232|37.704200|-0.007030|nan|nan
1036|2.008774|-5.092018|nan|28.465146|47.332904|-9.377206|14.133348|-0.212005|nan|3.031870|nan|-113.070231|nan|20.619983|22.015232|41.215277|-0.007963|nan|nan
1037|-4.037571|-5.220789|nan|20.901610|47.377139|-8.735899|-2.532565|-0.205420|nan|-16.367319|nan|-112.143454|nan|15.395215|22.015232|41.483765|-0.009211|nan|nan
1038|-11.971628|-5.384917|nan|12.479329|47.269948|-7.837469|-31.534522|-0.215940|nan|-18.717140|nan|-111.657034|nan|7.669125|22.015232|41.382539|-0.010762|nan|nan
1039|-17.976402|-5.369635|nan|5.463754|47.314772|-7.296342|-31.044348|-0.213574|nan|-22.760414|nan|-111.480971|nan|2.679154|22.015232|41.147586|-0.011939|nan|nan
1040|-22.661150|-5.233128|nan|1.699811|46.890769|-7.042661|-33.658609|-0.205999|nan|-32.702094|nan|-111.319493|nan|-0.458886|22.015232|40.964810|-0.012857|nan|nan
1041|-19.665932|-5.043918|nan|4.149403|46.257510|-6.805288|-54.491001|-0.199308|nan|-33.568783|nan|-110.884790|nan|4.650891|22.015232|40.978798|-0.012410|nan|nan
1042|-15.995641|-5.043129|nan|7.483389|45.584063|-6.543547|-47.791957|-0.194189|nan|-30.563492|nan|-110.030776|nan|10.868821|22.015232|41.146304|-0.011835|nan|nan
1043|-16.035797|-5.125346|nan|5.687169|45.551664|-6.686853|-45.014305|-0.194389|nan|-8.012027|nan|-108.653674|nan|12.425912|22.015232|41.124045|-0.011892|nan|-105.295757
1044|-18.428381|-5.094254|nan|4.465394|45.754056|-7.301125|-48.527218|-0.174275|nan|-1.498940|nan|-107.569606|nan|12.277223|22.015232|41.107676|-0.012336|nan|-105.391551
1045|-12.652948|-4.914795|nan|9.783508|45.388682|-7.534664|-57.268653|-0.149395|nan|-1.954364|nan|-106.432893|nan|20.338965|22.015232|41.403793|-0.011345|nan|-105.485263
1046|-20.809576|-4.819928|nan|1.025775|45.815696|-7.922278|-67.235523|-0.124264|nan|4.564072|10.006072|-104.930990|nan|13.331093|24.103232|41.171247|-0.012795|nan|-105.573345
1047|-42.787471|-4.958671|nan|-20.938660|47.020089|-9.009461|-63.314131|-0.145060|nan|10.596151|-13.979241|-104.210451|nan|-7.587907|34.366389|40.374687|-0.016656|nan|-105.727147
1048|-67.719366|-5.626209|nan|-45.719919|47.382388|-10.569129|-73.199306|-0.166800|nan|-21.849265|-40.376550|-104.259393|nan|-31.377686|34.366389|39.147021|-0.021021|nan|-105.963640
1049|-82.297275|-6.455343|nan|-60.091389|47.108831|-12.399412|-91.335741|-0.197253|nan|-26.514610|-55.593242|-104.689699|nan|-44.770224|30.035390|26.576456|-0.023549|nan|-106.793218
1050|-94.602765|-7.330659|nan|-72.298626|46.901777|-14.443466|-95.502219|-0.230748|nan|-32.475457|-68.880244|-105.057888|nan|-55.514444|14.389765|9.727543|-0.025663|nan|-107.786680
1051|-90.323115|-7.984652|-848.135959|-67.986956|46.871658|-16.371551|-87.169262|-0.259339|-44.993352|-10.726429|-65.309923|-105.179449|-68.277218|-49.857540|14.389765|8.842871|-0.024848|nan|-108.611337
1052|-84.112728|-8.377324|-830.879173|-60.037658|46.860649|-18.000389|-86.107219|-0.284492|-41.336356|0.293170|-59.372231|-105.826950|-62.779871|-42.364416|14.389765|8.371374|-0.023688|nan|-109.329574
1053|-91.991674|-8.705750|-806.685565|-68.350040|46.670124|-19.713887|-86.760784|-0.315953|-42.769956|-15.396555|-67.578509|-107.151470|-70.614175|-49.059306|14.389765|7.612790|-0.025000|nan|-110.181420
1054|-85.809929|-8.828300|-794.740314|-61.199170|46.243617|-20.859890|-87.577740|-0.338870|-42.713311|-15.335334|-61.448542|-108.167031|-67.036827|-41.429817|14.389765|7.408179|-0.023840|nan|-110.928103
1055|-79.437513|-8.980605|-812.809394|nan|46.101656|-21.594219|-83.901436|-0.354389|-38.972573|2.195660|-55.227682|-109.100746|-61.456088|-34.505294|14.389765|7.484834|-0.022651|nan|-111.496784
1056|-82.859608|-8.980168|-864.199112|-58.076387|46.030885|-22.432720|-74.424740|-0.369865|-37.513910|-11.949737|-59.001453|-110.184733|-64.478827|-38.550568|14.389765|7.318728|-0.023188|nan|-112.068610
1057|-85.819444|-8.895441|-933.393752|-60.627263|45.842026|-23.616288|-72.709131|-0.388377|-29.325772|-15.666270|-62.342082|-111.145138|-67.011392|-43.578277|14.389765|6.964978|-0.023640|nan|-112.613478
1058|-84.468623|-8.792732|-1016.428680|nan|45.568049|-24.715912|-72.300653|-0.403284|-26.888470|-20.741895|-61.305310|-112.210840|-65.214088|-44.497127|14.389765|6.930389|-0.023329|nan|-113.065707
1059|-77.308546|-8.643327|-1091.186971|-50.216688|45.243990|-25.421464|-63.804305|-0.416259|-24.651475|-25.379726|-54.372338|-112.859481|-57.616392|-39.552906|14.389765|7.145496|-0.021997|nan|-113.430840
1100|-79.213354|-8.369983|-1154.537860|-53.037073|45.131174|-26.150447|-54.736088|-0.428476|-23.719901|-27.560504|-56.587116|-113.389149|-59.086914|-44.467421|14.389765|7.245394|-0.022264|nan|-113.593003
1101|-53.535191|-7.514981|-1226.378447|-26.174590|44.872591|-25.989019|-22.629696|-0.433367|-11.501788|-8.313456|-31.316161|-113.604805|-33.026000|-20.889612|14.389765|8.177199|-0.017676|nan|-113.583249
1102|-46.621683|-7.032900|-1288.051209|-19.365598|44.744445|-25.786327|-7.924478|-0.439952|1.689476|-6.351651|-24.863531|-113.747938|-25.755087|-15.729628|14.389765|8.824676|-0.016399|nan|-113.497456
1103|-53.912599|-6.999750|-1339.866478|-26.310362|44.559152|-25.955057|-10.538739|-0.432916|-1.974652|-18.036536|-32.709348|-114.066018|-32.699218|-24.850478|14.389765|9.088564|-0.017627|nan|-113.496341
1104|-41.410489|-6.667057|-1393.704871|-12.930573|44.247702|-25.802641|-1.225435|-0.440572|6.130162|-10.398394|-20.667679|-114.029285|-19.873000|-13.649906|14.389765|9.818952|-0.015369|nan|-113.411819
1105|-35.341813|-6.335669|-1449.303361|-7.444711|44.191211|-25.528132|27.286348|-0.456317|11.702775|-2.163508|-15.320257|-114.121431|-13.100739|-8.858926|14.389765|14.946332|-0.014248|nan|-113.332103
1106|-37.091688|-6.088676|-1501.720494|-7.588504|44.360542|-25.202129|20.505609|-0.456563|6.792603|-11.376524|-17.812515|-114.448658|-11.611261|-12.015993|14.389765|17.434415|-0.014510|nan|-113.245943
1107|-32.600242|-5.747989|-1543.906636|nan|44.559066|-24.660646|18.136435|-0.455326|6.651300|-14.615438|-14.080533|-114.851047|-8.632913|-8.833476|14.389765|21.531581|-0.013677|nan|-113.163201
1108|-26.164540|-5.397184|-1586.084070|3.440623|44.975101|-23.585580|15.930653|-0.439443|-1.772404|-10.089768|-8.333088|-115.144360|-12.255565|-3.402003|14.389765|22.166461|-0.012512|nan|-113.065781
1109|-17.978632|-4.848033|-1597.102373|10.777344|45.806096|-22.588883|17.564565|-0.432837|13.120903|-3.090145|-0.755635|-115.100680|-3.922609|4.078397|14.389765|24.775502|-0.011044|nan|-112.989258
1110|-31.340832|-4.418578|-1598.865045|-1.962946|46.878435|-22.048152|-0.898652|-0.432855|2.207961|-11.633358|-14.914906|-116.000085|-17.157304|-10.059604|14.389765|30.701358|-0.013382|nan|-112.875177
1111|-32.560945|-4.161845|-1607.959818|-2.272699|47.301483|-21.075563|0.490173|-0.432786|-14.937179|-8.832710|-16.989745|-116.743733|-27.741044|-11.802611|14.389765|34.583222|-0.013586|nan|-112.766725
1112|-30.566054|-3.989420|-1603.043832|nan|47.837203|-20.131289|5.800392|-0.431356|-8.656189|-7.586766|-15.915560|-117.252427|-25.698652|-9.774105|14.389765|34.667335|-0.013227|nan|-112.703076
1113|-35.500155|-3.928268|-1589.945851|-6.508166|48.247155|-19.434530|0.571870|-0.428150|-11.718629|-18.286824|-21.758613|-117.568659|-30.600391|-14.664083|14.389765|36.429455|-0.014093|nan|-112.695498
1114|-42.786030|-3.952985|-1580.035478|-13.932034|48.571778|-18.880124|-9.231609|-0.441751|-22.190247|-18.427101|-29.954155|-117.980271|-37.871305|-21.656569|14.389765|36.137471|-0.015377|nan|-112.700551
1115|-38.520387|-4.050490|-1565.465222|nan|48.867981|-17.935101|0.653565|-0.466987|-27.062778|-23.065770|-26.654875|-118.137277|-39.143131|-16.929968|14.389765|39.034779|-0.014627|nan|-112.719786
1116|-34.304844|-4.155929|-1514.834109|-4.003159|49.120855|-16.826268|-3.431217|-0.484966|-26.176652|-23.729116|-23.342830|-118.263097|-35.216652|-12.485061|14.389765|47.319241|-0.013891|nan|-112.757493
1117|-28.119065|-4.338375|-1467.348852|2.131763|49.290285|-15.994230|-19.280174|-0.465420|-12.929478|-23.788025|-17.897261|-118.319633|-29.089478|-6.079459|14.389765|47.626235|-0.012809|nan|-112.785263
1118|-32.386644|-4.698508|-1447.424911|-3.541801|49.298588|-15.551471|-48.445523|-0.428654|-16.060054|-19.626042|-22.709089|-118.496815|-33.419348|-10.530901|14.389765|47.740322|-0.013573|nan|-112.911428
1119|-42.206658|-5.194676|-1436.288032|-13.483253|49.680089|-15.321566|-72.709132|-0.402539|-26.743816|-30.750319|-32.959098|-118.870448|-43.304522|-20.636322|14.389765|49.014165|-0.015317|nan|-113.245445
1120|-53.433163|-6.120497|-1428.215392|-24.343340|50.397407|-15.499370|-95.992393|-0.375538|-28.656758|-35.406151|-44.641975|-119.715672|-54.578522|-32.355064|19.046418|48.585747|-0.017308|nan|-113.763984
1121|-54.626293|-7.004187|-1446.756632|-25.934115|50.592398|-15.719651|-92.561175|-0.370666|-29.642898|-35.372110|-46.424293|-120.362110|-55.803957|-32.691650|21.118311|48.285263|-0.017524|nan|-114.376015
1122|-28.511830|-7.214552|-1501.114007|0.917732|49.575154|-15.051876|-59.882914|-0.335361|-21.344809|-26.627894|-20.510385|-119.706974|-29.743043|-4.021196|24.846809|34.721409|-0.012923|nan|-114.729697
1123|-23.141378|-7.400205|-1539.350681|5.832672|49.991032|-14.554038|-62.007001|-0.300171|-10.513532|-18.903465|-14.994396|-118.225440|-24.432826|3.632642|24.846809|35.009932|-0.011985|nan|-114.963398
1124|-8.014359|-7.142441|-1562.199111|21.255967|49.565438|-13.366732|-40.357653|-0.261241|-11.163297|-11.682130|0.568175|-115.965726|-9.400826|22.092320|21.159174|20.162633|-0.009331|nan|-115.072946
1125|16.054023|-6.477489|-1588.762214|45.286016|50.416044|-11.642785|-9.640087|-0.222757|9.252117|15.116177|25.368128|-112.869917|14.536001|49.808237|21.159174|21.553029|-0.005107|nan|-115.376362
1126|2.718914|-6.175333|-1612.341314|31.466153|51.537299|-10.672544|-26.142609|-0.184341|6.255513|12.124062|12.863651|-110.267346|6.976218|38.984534|21.159174|22.018973|-0.007484|nan|-115.490109
1127|-4.069823|-5.898564|-1644.195639|24.097460|52.442149|-9.936479|-35.619305|-0.152676|0.111029|16.771697|6.897753|-108.077302|0.032087|34.205646|21.159174|22.372731|-0.008708|nan|-115.591836
1128|-7.085103|-5.721187|-1693.322008|22.055234|52.900357|-9.217457|-37.008131|-0.127287|-5.796160|4.026202|4.809295|-105.804144|-3.154043|33.784760|21.159174|22.788523|-0.009269|nan|-115.693563
1129|11.980143|-5.125586|-1748.887160|40.639664|53.414093|-8.082385|-10.538739|-0.091616|8.515538|12.500384|24.785046|-103.211930|17.957653|55.319749|21.159174|23.555540|-0.005940|nan|-115.782938
1330|-6.858973|-5.047793|-1773.945498|21.184476|54.140174|-7.731604|-31.044348|-0.072960|0.361508|-3.712084|6.771682|-101.334448|-1.077434|37.893064|21.159174|23.510886|-0.009297|nan|-115.834877
1331|-7.481741|-4.804465|-1785.319346|20.783763|54.499373|-7.460653|-5.800391|-0.062799|2.504199|-13.274571|6.907910|-99.404575|-1.894391|39.351177|21.159174|23.602024|-0.009440|nan|-115.897185
1332|-4.103570|-4.213237|-1764.442419|nan|54.768696|-7.287231|4.656653|-0.052556|6.330330|11.533814|11.099285|-97.322311|1.291740|44.414999|21.159174|23.644299|-0.008878|nan|-115.975319
1333|-20.289923|-3.586730|-1706.159228|7.135107|55.454662|-7.699374|-18.708305|-0.043074|-0.008382|4.412986|-4.401577|-95.753723|-15.129087|29.407167|21.159174|23.032524|-0.011773|nan|-116.056923
1334|-29.755962|-2.854039|-1661.360236|-2.927286|56.008754|-8.241502|-15.522174|-0.042164|-9.408469|14.396149|-13.305486|-94.648859|-21.729174|20.913425|21.159174|22.378672|-0.013473|nan|-116.098831
1335|-31.707548|-1.903733|-1640.920668|-4.956624|56.548948|-9.149885|-11.192304|-0.035455|-0.091918|17.996768|-14.621363|-93.589064|-20.891565|20.027844|21.159174|21.853539|-0.013539|nan|-116.182195
1336|-33.790748|-1.100570|-1628.512246|nan|56.982991|-9.970770|-14.786913|-0.035168|-7.095652|5.270511|-16.108294|-93.314433|-22.615652|19.327235|21.159174|21.435159|-0.013914|nan|-116.269680
1337|-51.519807|-0.750463|-1584.291837|-24.442700|57.248808|-11.100262|-27.776522|-0.056120|-17.302551|-10.976667|-33.300603|-93.682531|-40.343609|2.489421|21.159174|20.643572|-0.017041|nan|-116.308641
1338|-47.219505|-0.168550|-1560.003194|-19.390766|57.374942|-11.893889|-16.829304|-0.058588|-17.213739|-3.096420|-28.433080|-93.790478|-34.573739|8.109435|21.159174|20.185239|-0.015237|nan|-116.323545
1339|-68.927353|-0.117040|-1524.868830|-41.715770|57.448554|-13.164096|-30.145697|-0.105456|-30.061676|-4.566857|-49.773057|-94.732207|-53.343088|-13.260852|21.159174|44.934693|-0.019055|nan|-116.319076
1340|-62.136893|0.122424|-1485.599392|-34.442129|56.888834|-13.974271|-36.517957|-0.149865|-28.159947|-19.202471|-42.373597|-95.619022|-41.680653|-5.741576|21.159174|35.026781|-0.017846|nan|-116.300426
1341|-73.105630|0.045619|-1472.210390|-45.729300|56.700426|-15.174164|-48.527219|-0.176378|-27.663705|-14.758014|-52.818768|-96.737345|-51.746175|-16.339146|21.159174|34.139848|-0.019764|nan|-116.277685
1342|-73.563892|0.074906|-1472.753821|-45.328126|56.191784|-16.290613|-46.811609|-0.199682|-26.550488|-13.718130|-52.755734|-97.965387|-51.112957|-16.832587|21.159174|33.640726|-0.019566|nan|-116.248588
1343|-54.497071|0.465522|-1468.511881|-26.516720|55.840682|-16.851291|-32.514870|-0.213128|-14.313420|-6.422812|-33.158019|-98.812755|-31.914479|1.924740|21.159174|33.758107|-0.015170|nan|-116.245037
1344|-54.210885|0.665421|-1460.339237|-26.602388|55.248920|-17.392672|-39.377305|-0.227244|-11.025294|-12.696686|-32.347321|-99.890955|-29.106000|2.153490|21.159174|33.740245|-0.015098|nan|-116.262773
1345|-62.280931|0.739602|-1461.277096|nan|54.484424|-18.183698|-43.053610|-0.295229|-12.230126|-21.337400|-39.844517|-100.833000|-37.030479|-6.091236|21.159174|33.616960|-0.014448|nan|-116.298197
1346|-58.337374|0.562931|-1435.515547|-29.839517|53.675033|-18.623796|-34.802348|-0.234996|-18.386049|-18.221284|-35.294269|-101.624996|-32.945696|-2.695956|21.159174|33.874331|-0.013728|nan|-116.319489
1347|-57.387235|0.154869|-1440.260340|-29.704752|53.128350|-18.726102|-27.613131|-0.236296|-23.241537|-25.231102|-33.774917|-102.391223|-35.323653|-2.490084|21.159174|33.964434|-0.013541|nan|-116.271234
1348|-62.031691|-0.221915|-1440.572871|-34.272476|52.558842|-18.528987|-36.517957|-0.255653|-33.976845|-15.706336|-37.872025|-103.164490|-48.138609|-8.751256|21.159174|33.922823|-0.014349|nan|-116.206202
1349|-51.988864|-0.488755|-1427.312137|-23.294021|51.997977|-17.792342|-36.354566|-0.238735|-34.406875|-20.414461|-27.193072|-103.458198|-44.570044|-0.271237|21.159174|34.240367|-0.012578|nan|-116.137717
1350|-39.179693|-0.734534|-1417.443295|-10.185502|51.796822|-16.591685|-34.884044|-0.219432|-26.141653|9.357963|-13.627761|-103.475760|-34.065522|9.957047|21.159174|34.680830|-0.010331|nan|-116.022853
1351|-38.966488|-0.958022|-1390.112602|-10.121962|51.770325|-15.482939|-36.027783|-0.185469|-26.141360|5.192267|-12.745838|-103.617515|-34.063826|7.636883|21.159174|35.058242|-0.010318|nan|-115.932106
1352|-34.947492|-1.190809|-1361.315167|nan|51.977262|-14.436187|-6.127174|-0.186261|-20.781665|0.573445|-8.432146|-103.827589|-30.224131|9.561639|21.159174|35.381940|-0.009642|nan|-115.863513
1353|-36.918033|-1.512728|-1325.482653|-9.805996|52.126931|-13.372180|-3.022739|-0.183809|-27.546744|3.456904|-10.385545|-103.973076|-36.989913|5.274252|21.159174|35.506007|-0.010033|nan|-115.800866
1354|-45.725796|-2.198016|-1282.751958|-18.897409|52.052231|-12.682413|2.941043|-0.192264|-29.653207|0.842980|-19.570491|-104.046662|-46.058131|-6.137009|37.501569|35.318836|-0.011636|nan|-115.645141
1355|-39.073440|-2.516045|-1267.284889|-11.497405|51.783845|-11.872852|33.250131|-0.206328|-26.003052|11.500444|-13.498456|-103.653253|-39.685870|-1.940471|37.501569|40.081123|-0.010512|nan|-115.541938
1356|-32.557182|-2.662897|-1273.224889|-6.325021|51.805658|-10.970982|25.979218|-0.222819|-22.113479|19.259135|-7.596718|-103.077041|-33.477000|2.505746|37.501569|40.097209|-0.009417|nan|-115.452679
1357|-37.761358|-2.916345|-1264.111196|-11.867898|52.722833|-10.170191|13.479782|-0.233105|-30.068432|17.028630|-13.633182|-103.378697|-41.992305|-5.331261|37.501569|39.979350|-0.010400|nan|-115.100852
1358|-35.409959|-3.046184|-1250.056409|-8.530679|52.783643|-9.298623|12.254348|-0.240552|-28.349493|3.250642|-12.271845|-103.794748|-40.031609|-5.523262|37.501569|40.065960|-0.010055|nan|-114.398977
1359|-31.483235|-3.001881|-1239.941105|nan|53.891037|-8.494808|34.638957|-0.260364|-22.676932|5.707900|-9.618759|-104.517397|-36.518696|-3.676033|37.501569|40.157401|-0.009435|nan|-113.859060
1400|-29.653342|-2.958930|-1219.241487|-3.631790|54.197440|-7.643906|16.992696|-0.266585|-23.608106|-5.708023|-9.157622|-105.814602|-35.129870|-4.129253|37.501569|40.251534|-0.009191|nan|-113.562719
1401|-37.731581|-3.113147|-1208.034389|-13.053071|54.638014|-7.533654|7.679391|-0.277377|-15.943396|-13.405473|-18.671359|-106.926015|-43.626218|-14.701990|37.501569|46.420770|-0.010693|nan|-113.325995
1402|-46.151026|-3.425633|-1198.869990|-22.007743|55.313862|-7.769376|2.042392|-0.296736|-22.846876|-9.585561|-28.669185|-108.087678|-52.449348|-25.534843|37.501569|45.852816|-0.012254|nan|-112.814100
1403|-40.267733|-3.512264|-1179.188958|-15.791127|55.776660|-7.639954|-8.904826|-0.306813|-25.453621|-16.695768|-24.273833|-108.960292|-46.975739|-21.362624|37.501569|45.749554|-0.011288|nan|-112.489633
1404|-35.453756|-3.446274|-1166.793649|nan|55.956605|-7.575275|-14.133348|-0.316695|-16.724174|-18.938496|-20.890998|-110.267867|-42.564174|-17.946924|37.501569|47.980272|-0.010508|nan|-112.127016
1405|-36.443574|-3.277719|-1165.049996|nan|55.840269|-7.633450|-17.564565|-0.331401|-19.871940|-35.800727|-23.193524|-111.079415|-43.953000|-20.081614|37.501569|46.707684|-0.010754|nan|-111.715811
1406|-43.739737|-3.216454|-1159.760340|-21.081508|56.790823|-7.954019|-27.368044|-0.356871|-21.311685|-20.883612|-31.698592|-112.082926|-51.632392|-29.506870|37.501569|46.368170|-0.012112|nan|-111.575569
1407|-42.965479|-3.372289|-1151.143858|nan|57.292177|-8.256447|-44.687522|-0.365331|-23.223206|-38.589545|-31.983198|-113.117910|-49.383913|-28.937423|37.501569|46.292086|-0.012040|nan|-111.584198
1408|-51.313324|-3.919544|-1151.829523|-29.311436|57.592142|-8.957060|-49.017392|-0.367831|-21.720827|-31.982463|-41.320570|-113.887978|-57.803653|-38.050591|37.501569|45.807273|-0.013572|nan|-111.433655
1409|-59.285569|-4.606189|-1167.979685|-37.967794|57.245720|-9.884651|-78.918002|-0.349476|-31.652441|-20.416055|-49.982097|-114.615122|-66.054914|-46.548584|37.501569|42.121913|-0.015033|nan|-111.743400
1410|-41.688249|-5.355296|-1201.907861|-19.821703|56.462400|-10.042404|-54.736088|-0.324407|-27.934728|-16.815853|-32.935739|-114.843214|-42.735435|-28.854913|29.984565|26.506272|-0.011970|nan|-111.905246
1411|-16.755260|-5.610116|-1235.103873|4.879020|55.694243|-9.614151|-40.929523|-0.300814|-6.462995|-12.187717|-8.266320|-114.382269|-18.063348|-2.949210|29.656652|26.992092|-0.007608|nan|-111.886314
1412|-14.376070|-5.773051|-1260.121466|nan|54.890528|-9.226380|-39.132218|-0.289634|-3.619261|-11.463309|-5.951837|-113.420191|-15.939261|0.076790|29.656652|27.659203|-0.007232|nan|-111.899277
1413|-14.280082|-5.822400|-1310.507745|5.956337|54.394801|-8.853136|-20.097131|-0.283561|-4.582652|-1.603964|-5.909179|-112.626201|-10.422652|1.236869|29.656652|28.050053|-0.007261|nan|-111.939170
1414|-21.699400|-6.299987|-1363.050404|-1.737401|54.079271|-8.566126|-27.368043|-0.253726|-11.940983|-9.683356|-13.258933|-111.441628|-18.102043|-5.226891|29.656652|28.220498|-0.008619|nan|-111.985780
1415|-36.251011|-6.801955|-1407.819918|-16.177875|54.380921|-8.771714|-50.079436|-0.167102|-18.246485|2.617710|-27.879955|-110.904434|-31.928957|-19.724622|29.656652|27.909085|-0.011235|nan|-112.273578
1416|-38.495335|-7.205687|-1452.317573|nan|54.291928|-9.065612|-48.445522|-0.223289|-18.137354|-13.149826|-30.157726|-110.138195|-34.379826|-21.472908|29.656652|27.686532|-0.011669|nan|-112.490526
1417|-38.550373|-7.683877|-1498.546881|-17.889172|54.380463|-9.446403|-47.628566|-0.220219|-15.662441|0.658117|-30.225988|-109.386438|-34.624913|-21.305364|29.656652|27.536019|-0.011713|nan|-112.447194
1418|-30.849726|-7.813428|-1520.662568|-10.363652|54.293086|-9.558576|-44.687522|-0.207514|-11.587147|-7.631294|-22.613095|-108.969798|-27.108913|-13.149460|29.656652|27.597401|-0.010384|nan|-112.415781
1419|-17.994442|-7.547070|-1520.142642|1.963039|53.875766|-9.182793|-21.976131|-0.203019|-6.205734|-15.807979|-9.894345|-108.278370|-14.446087|0.425997|29.656652|27.977406|-0.008145|nan|-112.513771
1420|-1.505735|-6.989759|-1520.813982|18.108829|53.188586|-8.204720|7.025826|-0.209943|0.851348|1.731761|6.512490|-106.916260|2.771348|18.040488|26.982257|26.081231|-0.005269|nan|-112.601319
1421|-7.046086|-6.621681|-1519.975490|11.757419|53.078078|-7.463495|1.307131|-0.209563|-0.868690|17.881818|0.824734|-105.757117|-3.029043|12.817594|26.982257|26.392043|-0.006295|-218006.375396|-112.664312
1422|-8.765159|-6.005073|-1524.670353|10.807903|52.465536|-7.159450|3.186130|-0.201522|7.409908|5.631452|-0.956566|-104.693310|-4.989739|11.979850|26.982257|26.795637|-0.006642|-139308.332314|-112.767685
1423|-8.445804|-5.482524|-1551.831366|9.554428|52.093389|-7.030058|1.062044|-0.200504|6.532310|6.321480|-0.662691|-103.541230|-4.908043|13.002680|26.982257|26.959234|-0.006627|-150619.925277|-112.845621
1424|-8.092785|-4.665662|-1573.138660|9.719881|51.777059|-7.166807|-7.842783|-0.197671|19.495701|9.137575|-0.329705|-102.689421|-3.304652|14.016296|26.982257|27.087285|-0.006598|-74181.345054|-112.915040
1425|0.050037|-3.717075|-1571.431113|18.709904|50.970711|-7.476118|6.535652|-0.170887|30.061169|-3.407581|7.736800|-101.985746|4.701522|23.203653|26.982257|27.493751|-0.005182|-30306.735823|-112.982252
1426|-0.407724|-2.793385|-1535.495801|17.146709|50.416873|-7.660612|12.172652|-0.166078|23.888591|-6.123682|7.168606|-101.322738|4.129652|23.358421|26.982257|27.651328|-0.005283|-34831.279997|-113.076958
1427|-1.294352|-1.818635|-1470.162730|16.147570|49.731593|-7.766170|5.637000|-0.161557|22.907535|-16.912136|6.361176|-100.768671|3.149305|23.559256|26.982257|27.766488|-0.004203|-60165.458465|-113.156530
1428|3.842872|-1.069424|-1374.458430|22.210599|48.559037|-7.642783|12.662826|-0.150425|25.492666|-20.399484|11.682574|-100.012245|8.214435|30.036995|21.894435|23.067025|-0.003307|-75549.919122|-113.240363
1429|8.859789|-0.353267|-1289.603055|nan|47.890086|-7.787724|21.159174|-0.135328|35.916456|-2.874285|17.190280|-98.845196|13.197870|35.940068|21.894435|23.356482|-0.002426|-75554.763952|-113.288263
1430|-6.072921|0.182436|-1213.638038|11.770701|47.662100|-8.060016|7.597695|-0.137252|18.407211|8.729687|2.836016|-98.258348|-1.032435|22.007304|21.894435|23.103726|-0.005069|-75560.489674|-113.336057
1431|-12.932134|0.669778|-1129.700574|nan|46.989680|-8.427497|-7.761087|-0.132159|12.983715|-6.875730|-3.396324|-98.045786|2.105131|16.393179|21.894435|22.891996|-0.006282|-75567.096261|-113.388226
1432|-11.716484|1.118083|-1053.376282|nan|46.317655|-8.821428|-15.358783|-0.119032|14.289503|-7.757475|-1.442228|-97.701689|3.330565|19.020769|21.894435|22.714815|-0.006065|-75574.143300|-113.440394
1433|-9.013507|1.679975|-976.233826|8.345084|45.916962|-8.890119|-7.189217|-0.111612|9.384397|-2.296053|1.969206|-97.392237|12.586522|22.965035|21.894435|22.566717|-0.005588|-75580.456261|-113.625690
1434|-26.480501|1.747982|-896.237482|-8.720422|45.820422|-9.246109|-20.260522|-0.100770|-3.937411|-21.031627|-14.836601|-97.667349|-6.656348|6.666373|21.894435|21.981548|-0.008678|-75585.594731|-113.837082
1435|-34.773697|1.499910|-814.003317|nan|45.600701|-9.667026|-29.982305|-0.131485|-12.588951|-22.422778|-22.628783|-98.164703|-15.389305|-0.105751|21.894435|21.523462|-0.010151|-75589.265057|-113.928600
1436|-29.980328|1.342680|-727.712592|-11.465223|44.892976|-9.882822|-32.923349|-0.098933|-10.089897|-10.332623|-17.191701|-98.236296|-10.810957|5.339628|21.894435|21.323904|-0.009314|-75591.614065|-113.948627
1437|-31.117886|1.042876|-644.107157|nan|44.088970|-9.801967|-33.740305|-0.075341|-17.955332|8.336160|-17.614181|-98.093971|-18.596392|4.645351|21.894435|21.174788|-0.009531|-75593.375822|-113.962636
1438|-26.274634|0.860040|-574.932528|-7.954547|43.899693|-9.695089|-37.661697|-0.065651|-12.017337|24.835319|-12.111552|-97.966678|-13.858044|10.187584|21.894435|21.066835|-0.008694|-75594.697139|-113.962636
1439|-43.457929|0.469702|-541.386712|-26.042831|44.361488|-9.716966|-63.232436|-0.063839|-31.255754|14.454859|-28.861293|-98.465772|-40.217522|-7.153294|21.894435|20.376926|-0.011757|-75594.843952|-113.981125
1440|-42.897666|0.182037|-514.434837|-25.178436|44.399936|-9.678564|-45.504479|-0.049479|-28.689044|-6.175589|-28.042206|-98.920373|-39.809044|-6.323252|21.894435|20.163713|-0.011684|-75594.109887|-114.052752
1441|-42.461282|-0.331757|-477.023379|-25.850991|43.816287|-9.479282|-20.587305|-0.129997|-34.523603|-11.684645|-27.498009|-99.150302|-42.283957|-5.906599|21.894435|19.863816|-0.011641|-75591.907691|-114.124379
1442|-53.847716|-0.944013|-472.308782|-36.992172|43.536322|-9.594161|-30.064001|-0.169457|-38.283324|-4.471700|-39.058521|-99.698897|-53.884740|-17.550104|21.894435|19.192069|-0.013693|-75587.062861|-114.209525
1443|-44.883776|-1.285796|-483.451308|-27.898250|42.749958|-9.654655|-21.485957|-0.195632|-29.702597|-7.380253|-30.184114|-99.744260|-45.143305|-9.276895|21.894435|39.528960|-0.012148|-75580.456261|-114.268807
1444|-27.890408|-1.466759|-487.792756|-11.155231|42.505203|-9.255373|-12.417739|-0.198726|-20.955342|2.224177|-13.288309|-99.078250|-28.395696|6.999220|21.894435|36.380330|-0.009186|-75572.968796|-114.289769
1445|-24.591347|-1.687135|-498.468052|-8.964836|43.027220|-8.741280|-24.181914|-0.194462|-18.011191|11.571842|-10.082295|-98.795463|-25.372957|8.758701|21.894435|36.620026|-0.008653|-75564.600439|-114.258646
1446|-25.535029|-1.826111|-511.548278|nan|43.554765|-8.318024|-27.858217|-0.190662|-14.597331|10.001457|-11.310174|-99.308058|-26.598391|6.270009|21.894435|36.831201|-0.008870|-75555.644830|-114.234213
1447|-34.332457|-2.005584|-552.527316|-18.930886|44.408910|-8.230352|-37.171522|-0.190838|-19.264136|-6.748994|-20.532668|-100.122619|-35.666609|-3.918609|21.894435|36.556060|-0.010474|-75546.542422|-114.196464
1448|-34.891714|-2.119351|-578.401900|nan|44.801186|-7.996584|-30.472479|-0.194189|-24.241799|-7.257618|-21.465550|-100.881686|-36.483566|-5.784539|21.894435|36.519716|-0.010620|-75537.586813|-114.158715
1449|-39.327907|-2.407628|-602.538070|-24.713394|45.240459|-8.048434|-22.466305|-0.204827|-23.138097|-21.411493|-26.303996|-101.505398|-41.140218|-11.561592|21.894435|36.362626|-0.011444|-75528.631204|-114.113238
1450|-43.238624|-2.707802|-641.357558|nan|45.454891|-8.412865|-10.293652|-0.206821|-23.221821|-12.712419|-30.660304|-101.805319|-45.225000|-16.714953|21.894435|36.113085|-0.012169|-75519.235170|-114.012983
1451|-33.215009|-2.724781|-665.323045|-17.991047|45.587649|-8.475070|-6.208869|-0.210517|-17.497706|2.526898|-20.922346|-101.756817|-33.819826|-7.898358|21.894435|36.255824|-0.010421|-75509.692309|-113.559055
1452|-17.655625|-2.450504|-663.366703|-2.706722|45.523580|-8.177077|7.270913|-0.216613|-8.138288|-5.151240|-5.538282|-101.299568|-17.259348|6.906771|21.894435|36.857117|-0.007689|-75501.323952|-112.828126
1453|-16.175090|-2.156594|-662.905848|-1.784298|46.045849|-7.959443|8.741435|-0.216368|-4.588050|9.234514|-4.246598|-101.048305|-15.870522|7.289570|21.894435|37.040224|-0.007444|-75493.983300|-111.778861
1454|-16.412548|-1.615913|-668.199853|-1.125616|46.525169|-7.548828|8.578044|-0.216010|-10.435185|17.094873|-4.659870|-101.153656|-16.197304|5.724457|21.894435|37.356072|-0.007083|-75487.670326|-110.818076
1455|-30.889431|-1.585189|-690.030237|-16.542186|47.742760|-7.722911|2.042391|-0.243699|-12.736657|4.248170|-19.508940|-102.120551|-30.499131|-10.406435|21.894435|37.002631|-0.009658|-75482.678683|-109.954333
1456|-33.215720|-1.871567|-707.941839|nan|48.511868|-8.012870|-0.898653|-0.253188|-17.025831|-12.427769|-22.209485|-102.956120|-32.868305|-13.576210|21.894435|36.745998|-0.010078|-75479.008357|-109.002705
1457|-25.507050|-2.048993|-720.080554|-10.819824|49.332967|-7.949609|5.800392|-0.257424|-15.267146|-13.555850|-14.844084|-103.494021|-25.188913|-6.864088|21.894435|36.875708|-0.008720|-75475.631643|-108.134498
1458|-23.783999|-2.278311|-724.130056|-9.619364|50.415673|-8.000948|12.581131|-0.267877|-7.870830|-7.456293|-13.544708|-103.937041|-22.193304|-6.665748|38.644304|36.690259|-0.008417|-75471.961317|-107.226936
1459|-36.462316|-2.568586|-716.179796|-22.252567|51.356057|-8.411036|4.901739|-0.290664|-16.854008|-16.423190|-26.785747|-104.737460|-34.856131|-20.662510|38.644304|44.757191|-0.010660|-75467.850552|-107.449818
