859|nan|nan|nan|nan|nan|nan|nan|nan|nan|nan|nan|nan|nan|nan|nan|nan|nan|nan|nan|nan|nan|nan|nan|nan|nan|nan|nan|nan|nan|nan|nan|nan|nan|nan|nan|nan|nan|nan|nan|nan|nan|nan|nan|nan|nan|nan|nan|nan|nan|nan
900|nan|nan|nan|nan|nan|nan|nan|nan|nan|nan|nan|nan|nan|nan|nan|nan|nan|nan|nan|nan|nan|nan|nan|nan|nan|nan|nan|nan|nan|nan|nan|nan|nan|nan|nan|nan|nan|nan|nan|nan|nan|nan|nan|nan|nan|nan|nan|nan|nan|nan
901|nan|nan|nan|nan|nan|nan|nan|nan|nan|nan|nan|nan|nan|nan|nan|nan|nan|nan|nan|nan|nan|nan|nan|nan|nan|nan|nan|nan|nan|nan|nan|nan|nan|nan|nan|nan|nan|nan|nan|nan|nan|nan|nan|nan|nan|nan|nan|nan|nan|nan
902|nan|nan|nan|nan|nan|nan|nan|nan|nan|nan|nan|nan|nan|nan|nan|nan|nan|nan|nan|nan|nan|nan|nan|nan|nan|nan|nan|nan|nan|nan|nan|nan|nan|nan|nan|nan|nan|nan|nan|nan|nan|nan|nan|nan|nan|nan|nan|nan|nan|nan
903|nan|nan|nan|nan|nan|nan|nan|nan|nan|nan|nan|nan|nan|nan|nan|nan|nan|nan|nan|nan|nan|nan|nan|nan|nan|nan|nan|nan|nan|nan|nan|nan|nan|nan|nan|nan|nan|nan|nan|nan|nan|nan|nan|nan|nan|nan|nan|nan|nan|nan
904|nan|nan|nan|nan|nan|nan|nan|nan|nan|nan|nan|nan|nan|nan|nan|nan|nan|nan|nan|nan|nan|nan|nan|nan|nan|nan|nan|nan|nan|nan|nan|nan|nan|nan|nan|nan|nan|nan|nan|nan|nan|nan|nan|nan|nan|nan|nan|nan|nan|nan
905|nan|nan|nan|nan|nan|nan|nan|nan|nan|nan|nan|nan|nan|nan|nan|nan|nan|nan|nan|nan|nan|nan|nan|nan|nan|nan|nan|nan|nan|nan|nan|nan|nan|nan|nan|nan|nan|nan|nan|nan|nan|nan|nan|nan|nan|nan|nan|nan|nan|nan
906|nan|nan|nan|nan|nan|nan|nan|nan|nan|nan|nan|nan|nan|nan|nan|nan|nan|nan|nan|nan|nan|nan|nan|nan|nan|nan|nan|nan|nan|nan|nan|nan|nan|nan|nan|nan|nan|nan|nan|nan|nan|nan|nan|nan|nan|nan|nan|nan|nan|nan
907|nan|nan|nan|nan|nan|nan|nan|nan|nan|nan|nan|nan|nan|nan|nan|nan|nan|nan|nan|nan|nan|nan|nan|nan|nan|nan|nan|nan|nan|nan|nan|nan|nan|nan|nan|nan|nan|nan|nan|nan|nan|nan|nan|nan|nan|nan|nan|nan|nan|nan
908|nan|nan|nan|nan|nan|nan|nan|nan|nan|nan|nan|nan|nan|nan|nan|nan|nan|nan|nan|nan|nan|nan|nan|nan|nan|nan|nan|nan|nan|nan|nan|nan|nan|nan|nan|nan|nan|nan|nan|nan|nan|nan|nan|nan|nan|nan|nan|nan|nan|nan
909|nan|nan|nan|nan|nan|nan|nan|nan|nan|nan|nan|nan|nan|nan|nan|nan|nan|nan|nan|nan|nan|nan|nan|nan|nan|nan|nan|nan|nan|nan|nan|nan|nan|nan|nan|nan|nan|nan|nan|nan|nan|nan|nan|nan|nan|nan|nan|nan|nan|nan
910|nan|nan|nan|nan|nan|nan|nan|nan|nan|nan|nan|nan|nan|nan|nan|nan|nan|nan|nan|nan|nan|nan|nan|nan|nan|nan|nan|nan|nan|nan|nan|nan|nan|nan|nan|nan|nan|nan|nan|nan|nan|nan|nan|nan|nan|nan|nan|nan|nan|nan
911|nan|nan|nan|nan|nan|nan|nan|nan|nan|nan|nan|nan|nan|nan|nan|nan|nan|nan|nan|nan|nan|nan|nan|nan|nan|nan|nan|nan|nan|nan|nan|nan|nan|nan|nan|nan|nan|nan|nan|nan|nan|nan|nan|nan|nan|nan|nan|nan|nan|nan
912|nan|nan|nan|nan|nan|nan|nan|nan|nan|nan|nan|nan|nan|nan|nan|nan|nan|nan|nan|nan|nan|nan|nan|nan|nan|nan|nan|nan|nan|nan|nan|nan|nan|nan|nan|nan|nan|nan|nan|nan|nan|nan|nan|nan|nan|nan|nan|nan|nan|nan
913|nan|nan|nan|nan|nan|nan|nan|nan|nan|nan|nan|nan|nan|nan|nan|nan|nan|nan|nan|nan|nan|nan|nan|nan|nan|nan|nan|nan|nan|nan|nan|nan|nan|nan|nan|nan|nan|nan|nan|nan|nan|nan|nan|nan|nan|nan|nan|nan|nan|nan
914|nan|nan|nan|nan|nan|nan|nan|nan|nan|nan|nan|nan|nan|nan|nan|nan|nan|nan|nan|nan|nan|nan|nan|nan|nan|nan|nan|nan|nan|nan|nan|nan|nan|nan|nan|nan|nan|nan|nan|nan|nan|nan|nan|nan|nan|nan|nan|nan|nan|nan
915|nan|nan|nan|nan|nan|nan|nan|nan|nan|nan|nan|nan|nan|nan|nan|nan|nan|nan|nan|nan|nan|nan|nan|nan|nan|nan|nan|nan|nan|nan|nan|nan|nan|nan|nan|nan|nan|nan|nan|nan|nan|nan|nan|nan|nan|nan|nan|nan|nan|nan
916|nan|nan|nan|nan|nan|nan|nan|nan|nan|nan|nan|nan|nan|nan|nan|nan|nan|nan|nan|nan|nan|nan|nan|nan|nan|nan|nan|nan|nan|nan|nan|nan|nan|nan|nan|nan|nan|nan|nan|nan|nan|nan|nan|nan|nan|nan|nan|nan|nan|nan
917|nan|nan|nan|nan|nan|nan|nan|nan|nan|nan|nan|nan|nan|nan|nan|nan|nan|nan|nan|nan|nan|nan|nan|nan|nan|nan|nan|nan|nan|nan|nan|nan|nan|nan|nan|nan|nan|nan|nan|nan|nan|nan|nan|nan|nan|nan|nan|nan|nan|nan
918|nan|nan|nan|nan|nan|nan|nan|nan|nan|nan|nan|nan|nan|nan|nan|nan|nan|nan|nan|nan|nan|nan|nan|nan|nan|nan|nan|nan|nan|nan|nan|nan|nan|nan|nan|nan|nan|nan|nan|nan|nan|nan|nan|nan|nan|nan|nan|nan|nan|nan
919|nan|nan|nan|nan|nan|nan|nan|nan|nan|nan|nan|nan|nan|nan|nan|nan|nan|nan|nan|nan|nan|nan|nan|nan|nan|nan|nan|nan|nan|nan|nan|nan|nan|nan|nan|nan|nan|nan|nan|nan|nan|nan|nan|nan|nan|nan|nan|nan|nan|nan
920|nan|nan|nan|nan|nan|nan|nan|nan|nan|nan|nan|nan|nan|nan|nan|nan|nan|nan|nan|nan|nan|nan|nan|nan|nan|nan|nan|nan|nan|nan|nan|nan|nan|nan|nan|nan|nan|nan|nan|nan|nan|nan|nan|nan|nan|nan|nan|nan|nan|nan
921|nan|nan|nan|nan|nan|nan|nan|nan|nan|nan|nan|nan|nan|nan|nan|nan|nan|nan|nan|nan|nan|nan|nan|nan|nan|nan|nan|nan|nan|nan|nan|nan|nan|nan|nan|nan|nan|nan|nan|nan|nan|nan|nan|nan|nan|nan|nan|nan|nan|nan
922|nan|nan|nan|nan|nan|nan|nan|nan|nan|nan|nan|nan|nan|nan|nan|nan|nan|nan|nan|nan|nan|nan|nan|nan|nan|nan|nan|nan|nan|nan|nan|nan|nan|nan|nan|nan|nan|nan|nan|nan|nan|nan|nan|nan|nan|nan|nan|nan|nan|nan
923|nan|nan|nan|nan|nan|nan|nan|nan|nan|nan|nan|nan|nan|nan|nan|nan|nan|nan|nan|nan|nan|nan|nan|nan|nan|nan|nan|nan|nan|nan|nan|nan|nan|nan|nan|nan|nan|nan|nan|nan|nan|nan|nan|nan|nan|nan|nan|nan|nan|nan
924|nan|nan|nan|nan|nan|nan|nan|nan|nan|nan|nan|nan|nan|nan|nan|nan|nan|nan|nan|nan|nan|nan|nan|nan|nan|nan|nan|nan|nan|nan|nan|nan|nan|nan|nan|nan|nan|nan|nan|nan|nan|nan|nan|nan|nan|nan|nan|nan|nan|nan
925|nan|nan|nan|nan|nan|nan|nan|nan|nan|nan|nan|nan|nan|nan|nan|nan|nan|nan|nan|nan|nan|nan|nan|nan|nan|nan|nan|nan|nan|nan|nan|nan|nan|nan|nan|nan|nan|nan|nan|nan|nan|nan|nan|nan|nan|nan|nan|nan|nan|nan
926|nan|nan|nan|nan|nan|nan|nan|nan|nan|nan|nan|nan|nan|nan|nan|nan|nan|nan|nan|nan|nan|nan|nan|nan|nan|nan|nan|nan|nan|nan|nan|nan|nan|nan|nan|nan|nan|nan|nan|nan|nan|nan|nan|nan|nan|nan|nan|nan|nan|nan
927|nan|nan|nan|nan|nan|nan|nan|nan|nan|nan|nan|nan|nan|nan|nan|nan|nan|nan|nan|nan|nan|nan|nan|nan|nan|nan|nan|nan|nan|nan|nan|nan|nan|nan|nan|nan|nan|nan|nan|nan|nan|nan|nan|nan|nan|nan|nan|nan|nan|nan
928|nan|nan|nan|nan|nan|nan|nan|nan|nan|nan|nan|nan|nan|nan|nan|nan|nan|nan|nan|nan|nan|nan|nan|nan|nan|nan|nan|nan|nan|nan|nan|nan|nan|nan|nan|nan|nan|nan|nan|nan|nan|nan|nan|nan|nan|nan|nan|nan|nan|nan
929|nan|nan|nan|nan|nan|nan|nan|nan|nan|nan|nan|nan|nan|nan|nan|nan|nan|nan|nan|nan|nan|nan|nan|nan|nan|nan|nan|nan|nan|nan|nan|nan|nan|nan|nan|nan|nan|nan|nan|nan|nan|nan|nan|nan|nan|nan|nan|nan|nan|nan
930|nan|nan|nan|nan|nan|nan|nan|nan|nan|nan|nan|nan|nan|nan|nan|nan|nan|nan|nan|nan|nan|nan|nan|nan|nan|nan|nan|nan|nan|nan|nan|nan|nan|nan|nan|nan|nan|nan|nan|nan|nan|nan|nan|nan|nan|nan|nan|nan|nan|nan
931|nan|nan|nan|nan|nan|nan|nan|nan|nan|nan|nan|nan|nan|nan|nan|nan|nan|nan|nan|nan|nan|nan|nan|nan|nan|nan|nan|nan|nan|nan|nan|nan|nan|nan|nan|nan|nan|nan|nan|nan|nan|nan|nan|nan|nan|nan|nan|nan|nan|nan
932|nan|nan|nan|nan|nan|nan|nan|nan|nan|nan|nan|nan|nan|nan|nan|nan|nan|nan|nan|nan|nan|nan|nan|nan|nan|nan|nan|nan|nan|nan|nan|nan|nan|nan|nan|nan|nan|nan|nan|nan|nan|nan|nan|nan|nan|nan|nan|nan|nan|nan
933|nan|nan|nan|nan|nan|nan|nan|nan|nan|nan|nan|nan|nan|nan|nan|nan|nan|nan|nan|nan|nan|nan|nan|nan|nan|nan|nan|nan|nan|nan|nan|nan|nan|nan|nan|nan|nan|nan|nan|nan|nan|nan|nan|nan|nan|nan|nan|nan|nan|nan
934|nan|nan|nan|nan|nan|nan|nan|nan|nan|nan|nan|nan|nan|nan|nan|nan|nan|nan|nan|nan|nan|nan|nan|nan|nan|nan|nan|nan|nan|nan|nan|nan|nan|nan|nan|nan|nan|nan|nan|nan|nan|nan|nan|nan|nan|nan|nan|nan|nan|nan
935|nan|nan|nan|nan|nan|nan|nan|nan|nan|nan|nan|nan|nan|nan|nan|nan|nan|nan|nan|nan|nan|nan|nan|nan|nan|nan|nan|nan|nan|nan|nan|nan|nan|nan|nan|nan|nan|nan|nan|nan|nan|nan|nan|nan|nan|nan|nan|nan|nan|nan
936|nan|nan|nan|nan|nan|nan|nan|nan|nan|nan|nan|nan|nan|nan|nan|nan|nan|nan|nan|nan|nan|nan|nan|nan|nan|nan|nan|nan|nan|nan|nan|nan|nan|nan|nan|nan|nan|nan|nan|nan|nan|nan|nan|nan|nan|nan|nan|nan|nan|nan
937|nan|nan|nan|nan|nan|nan|nan|nan|nan|nan|nan|nan|nan|nan|nan|nan|nan|nan|nan|nan|nan|nan|nan|nan|nan|nan|nan|nan|nan|nan|nan|nan|nan|nan|nan|nan|nan|nan|nan|nan|nan|nan|nan|nan|nan|nan|nan|nan|nan|nan
938|nan|nan|nan|nan|nan|nan|nan|nan|nan|nan|nan|nan|nan|nan|nan|nan|nan|nan|nan|nan|nan|nan|nan|nan|nan|nan|nan|nan|nan|nan|nan|nan|nan|nan|nan|nan|nan|nan|nan|nan|nan|nan|nan|nan|nan|nan|nan|nan|nan|nan
939|nan|nan|nan|nan|nan|nan|nan|nan|nan|nan|nan|nan|nan|nan|nan|nan|nan|nan|nan|nan|nan|nan|nan|nan|nan|nan|nan|nan|nan|nan|nan|nan|nan|nan|nan|nan|nan|nan|nan|nan|nan|nan|nan|nan|nan|nan|nan|nan|nan|nan
940|nan|nan|nan|nan|nan|nan|nan|nan|nan|nan|nan|nan|nan|nan|nan|nan|nan|nan|nan|nan|nan|nan|nan|nan|nan|nan|nan|nan|nan|nan|nan|nan|nan|nan|nan|nan|nan|nan|nan|nan|nan|nan|nan|nan|nan|nan|nan|nan|nan|nan
941|nan|nan|nan|nan|nan|nan|nan|nan|nan|nan|nan|nan|nan|nan|nan|nan|nan|nan|nan|nan|nan|nan|nan|nan|nan|nan|nan|nan|nan|nan|nan|nan|nan|nan|nan|nan|nan|nan|nan|nan|nan|nan|nan|nan|nan|nan|nan|nan|nan|nan
942|nan|nan|nan|nan|nan|nan|nan|nan|nan|nan|nan|nan|nan|nan|nan|nan|nan|nan|nan|nan|nan|nan|nan|nan|nan|nan|nan|nan|nan|nan|nan|nan|nan|nan|nan|nan|nan|nan|nan|nan|nan|nan|nan|nan|nan|nan|nan|nan|nan|nan
943|nan|nan|nan|nan|nan|nan|nan|nan|nan|nan|nan|nan|nan|nan|nan|nan|nan|nan|nan|nan|nan|nan|nan|nan|nan|nan|nan|nan|nan|nan|nan|nan|nan|nan|nan|nan|nan|nan|nan|nan|nan|nan|nan|nan|nan|nan|nan|nan|nan|nan
944|nan|nan|nan|nan|nan|nan|nan|nan|nan|nan|nan|nan|nan|nan|nan|nan|nan|nan|nan|nan|nan|nan|nan|nan|nan|nan|nan|nan|nan|nan|nan|nan|nan|nan|nan|nan|nan|nan|nan|nan|nan|nan|nan|nan|nan|nan|nan|nan|nan|nan
945|nan|nan|nan|nan|nan|nan|nan|nan|nan|nan|nan|nan|nan|nan|nan|nan|nan|nan|nan|nan|nan|nan|nan|nan|nan|nan|nan|nan|nan|nan|nan|nan|nan|nan|nan|nan|nan|nan|nan|nan|nan|nan|nan|nan|nan|nan|nan|nan|nan|nan
946|nan|nan|nan|nan|nan|nan|nan|nan|nan|nan|nan|nan|nan|nan|nan|nan|nan|nan|nan|nan|nan|nan|nan|nan|nan|nan|nan|nan|nan|nan|nan|nan|nan|nan|nan|nan|nan|nan|nan|nan|nan|nan|nan|nan|nan|nan|nan|nan|nan|nan
947|nan|nan|nan|nan|nan|nan|nan|nan|nan|nan|nan|nan|nan|nan|nan|nan|nan|nan|nan|nan|nan|nan|nan|nan|nan|nan|nan|nan|nan|nan|nan|nan|nan|nan|nan|nan|nan|nan|nan|nan|nan|nan|nan|nan|nan|nan|nan|nan|nan|nan
948|nan|nan|nan|nan|nan|nan|nan|nan|nan|nan|nan|nan|nan|nan|nan|nan|nan|nan|nan|nan|nan|nan|nan|nan|nan|nan|nan|nan|nan|nan|nan|nan|nan|nan|nan|nan|nan|nan|nan|nan|nan|nan|nan|nan|nan|nan|nan|nan|nan|nan
949|nan|nan|nan|nan|nan|nan|nan|nan|nan|nan|nan|nan|nan|nan|nan|nan|nan|nan|nan|nan|nan|nan|nan|nan|nan|nan|nan|nan|nan|nan|nan|nan|nan|nan|nan|nan|nan|nan|nan|nan|nan|nan|nan|nan|nan|nan|nan|nan|nan|nan
950|nan|nan|nan|nan|nan|nan|nan|nan|nan|nan|nan|nan|nan|nan|nan|nan|nan|nan|nan|nan|nan|nan|nan|nan|nan|nan|nan|nan|nan|nan|nan|nan|nan|nan|nan|nan|nan|nan|nan|nan|nan|nan|nan|nan|nan|nan|nan|nan|nan|nan
951|nan|nan|nan|nan|nan|nan|nan|nan|nan|nan|nan|nan|nan|nan|nan|nan|nan|nan|nan|nan|nan|nan|nan|nan|nan|nan|nan|nan|nan|nan|nan|nan|nan|nan|nan|nan|nan|nan|nan|nan|nan|nan|nan|nan|nan|nan|nan|nan|nan|nan
952|nan|nan|nan|nan|nan|nan|nan|nan|nan|nan|nan|nan|nan|nan|nan|nan|nan|nan|nan|nan|nan|nan|nan|nan|nan|nan|nan|nan|nan|nan|nan|nan|nan|nan|nan|nan|nan|nan|nan|nan|nan|nan|nan|nan|nan|nan|nan|nan|nan|nan
953|nan|nan|nan|nan|nan|nan|nan|nan|nan|nan|nan|nan|nan|nan|nan|nan|nan|nan|nan|nan|nan|nan|nan|nan|nan|nan|nan|nan|nan|nan|nan|nan|nan|nan|nan|nan|nan|nan|nan|nan|nan|nan|nan|nan|nan|nan|nan|nan|nan|nan
954|nan|nan|nan|nan|nan|nan|nan|nan|nan|nan|nan|nan|nan|nan|nan|nan|nan|nan|nan|nan|nan|nan|nan|nan|nan|nan|nan|nan|nan|nan|nan|nan|nan|nan|nan|nan|nan|nan|nan|nan|nan|nan|nan|nan|nan|nan|nan|nan|nan|nan
955|nan|nan|nan|nan|nan|nan|nan|nan|nan|nan|nan|nan|nan|nan|nan|nan|nan|nan|nan|nan|nan|nan|nan|nan|nan|nan|nan|nan|nan|nan|nan|nan|nan|nan|nan|nan|nan|nan|nan|nan|nan|nan|nan|nan|nan|nan|nan|nan|nan|nan
956|nan|nan|nan|nan|nan|nan|nan|nan|nan|nan|nan|nan|nan|nan|nan|nan|nan|nan|nan|nan|nan|nan|nan|nan|nan|nan|nan|nan|nan|nan|nan|nan|nan|nan|nan|nan|nan|nan|nan|nan|nan|nan|nan|nan|nan|nan|nan|nan|nan|nan
957|nan|nan|nan|nan|nan|nan|nan|nan|nan|nan|nan|nan|nan|nan|nan|nan|nan|nan|nan|nan|nan|nan|nan|nan|nan|nan|nan|nan|nan|nan|nan|nan|nan|nan|nan|nan|nan|nan|nan|nan|nan|nan|nan|nan|nan|nan|nan|nan|nan|nan
958|nan|nan|nan|nan|nan|nan|nan|nan|nan|nan|nan|nan|nan|nan|nan|nan|nan|nan|nan|nan|nan|nan|nan|nan|nan|nan|nan|nan|nan|nan|nan|nan|nan|nan|nan|nan|nan|nan|nan|nan|nan|nan|nan|nan|nan|nan|nan|nan|nan|nan
959|nan|nan|nan|nan|nan|nan|nan|nan|nan|nan|nan|nan|nan|nan|nan|nan|nan|nan|nan|nan|nan|nan|nan|nan|nan|nan|nan|nan|nan|nan|nan|nan|nan|nan|nan|nan|nan|nan|nan|nan|nan|nan|nan|nan|nan|nan|nan|nan|nan|nan
1000|nan|nan|nan|nan|nan|nan|nan|nan|nan|nan|nan|nan|nan|nan|nan|nan|nan|nan|nan|nan|nan|nan|nan|nan|nan|nan|nan|nan|nan|nan|nan|nan|nan|nan|nan|nan|nan|nan|nan|nan|nan|nan|nan|nan|nan|nan|nan|nan|nan|nan
1001|nan|nan|nan|nan|nan|nan|nan|nan|nan|nan|nan|nan|nan|nan|nan|nan|nan|nan|nan|nan|nan|nan|nan|nan|nan|nan|nan|nan|nan|nan|nan|nan|nan|nan|nan|nan|nan|nan|nan|nan|nan|nan|nan|nan|nan|nan|nan|nan|nan|nan
1002|nan|nan|nan|nan|nan|nan|nan|nan|nan|nan|nan|nan|nan|nan|nan|nan|nan|nan|nan|nan|nan|nan|nan|nan|nan|nan|nan|nan|nan|nan|nan|nan|nan|nan|nan|nan|nan|nan|nan|nan|nan|nan|nan|nan|nan|nan|nan|nan|nan|nan
1003|nan|nan|nan|nan|nan|nan|nan|nan|nan|nan|nan|nan|nan|nan|nan|nan|nan|nan|nan|nan|nan|nan|nan|nan|nan|nan|nan|nan|nan|nan|nan|nan|nan|nan|nan|nan|nan|nan|nan|nan|nan|nan|nan|nan|nan|nan|nan|nan|nan|nan
1004|nan|nan|nan|nan|nan|nan|nan|nan|nan|nan|nan|nan|nan|nan|nan|nan|nan|nan|nan|nan|nan|nan|nan|nan|nan|nan|nan|nan|nan|nan|nan|nan|nan|nan|nan|nan|nan|nan|nan|nan|nan|nan|nan|nan|nan|nan|nan|nan|nan|nan
1005|nan|nan|nan|nan|nan|nan|nan|nan|nan|nan|nan|nan|nan|nan|nan|nan|nan|nan|nan|nan|nan|nan|nan|nan|nan|nan|nan|nan|nan|nan|nan|nan|nan|nan|nan|nan|nan|nan|nan|nan|nan|nan|nan|nan|nan|nan|nan|nan|nan|nan
1006|nan|nan|nan|nan|nan|nan|nan|nan|nan|nan|nan|nan|nan|nan|nan|nan|nan|nan|nan|nan|nan|nan|nan|nan|nan|nan|nan|nan|nan|nan|nan|nan|nan|nan|nan|nan|nan|nan|nan|nan|nan|nan|nan|nan|nan|nan|nan|nan|nan|nan
1007|nan|nan|nan|nan|nan|nan|nan|nan|nan|nan|nan|nan|nan|nan|nan|nan|nan|nan|nan|nan|nan|nan|nan|nan|nan|nan|nan|nan|nan|nan|nan|nan|nan|nan|nan|nan|nan|nan|nan|nan|nan|nan|nan|nan|nan|nan|nan|nan|nan|nan
1008|nan|nan|nan|nan|nan|nan|nan|nan|nan|nan|nan|nan|nan|nan|nan|nan|nan|nan|nan|nan|nan|nan|nan|nan|nan|nan|nan|nan|nan|nan|nan|nan|nan|nan|nan|nan|nan|nan|nan|nan|nan|nan|nan|nan|nan|nan|nan|nan|nan|nan
1009|nan|nan|nan|nan|nan|nan|nan|nan|nan|nan|nan|nan|nan|nan|nan|nan|nan|nan|nan|nan|nan|nan|nan|nan|nan|nan|nan|nan|nan|nan|nan|nan|nan|nan|nan|nan|nan|nan|nan|nan|nan|nan|nan|nan|nan|nan|nan|nan|nan|nan
1010|nan|nan|nan|nan|nan|nan|nan|nan|nan|nan|nan|nan|nan|nan|nan|nan|nan|nan|nan|nan|nan|nan|nan|nan|nan|nan|nan|nan|nan|nan|nan|nan|nan|nan|nan|nan|nan|nan|nan|nan|nan|nan|nan|nan|nan|nan|nan|nan|nan|nan
1011|nan|nan|nan|nan|nan|nan|nan|nan|nan|nan|nan|nan|nan|nan|nan|nan|nan|nan|nan|nan|nan|nan|nan|nan|nan|nan|nan|nan|nan|nan|nan|nan|nan|nan|nan|nan|nan|nan|nan|nan|nan|nan|nan|nan|nan|nan|nan|nan|nan|nan
1012|nan|nan|nan|nan|nan|nan|nan|nan|nan|nan|nan|nan|nan|nan|nan|nan|nan|nan|nan|nan|nan|nan|nan|nan|nan|nan|nan|nan|nan|nan|nan|nan|nan|nan|nan|nan|nan|nan|nan|nan|nan|nan|nan|nan|nan|nan|nan|nan|nan|nan
1013|nan|nan|nan|nan|nan|nan|nan|nan|nan|nan|nan|nan|nan|nan|nan|nan|nan|nan|nan|nan|nan|nan|nan|nan|nan|nan|nan|nan|nan|0.000000|nan|nan|nan|nan|nan|nan|nan|nan|nan|nan|nan|nan|nan|nan|nan|nan|nan|nan|nan|nan
1014|nan|nan|nan|nan|nan|nan|nan|nan|nan|nan|nan|nan|nan|nan|nan|nan|nan|nan|nan|nan|nan|nan|nan|nan|nan|nan|nan|nan|nan|0.000000|nan|nan|nan|nan|nan|nan|nan|nan|nan|nan|nan|nan|nan|nan|nan|nan|nan|nan|nan|nan
1030|nan|nan|nan|nan|nan|nan|nan|nan|nan|nan|nan|nan|nan|nan|nan|nan|nan|nan|nan|nan|nan|nan|nan|nan|nan|nan|nan|nan|nan|6.430609|nan|nan|nan|nan|nan|nan|nan|nan|nan|nan|nan|nan|nan|nan|nan|nan|nan|nan|nan|nan
1031|nan|nan|nan|nan|nan|nan|nan|nan|nan|nan|nan|nan|nan|nan|nan|nan|nan|nan|nan|nan|nan|nan|nan|nan|nan|nan|nan|nan|nan|0.020983|nan|nan|nan|nan|nan|nan|nan|nan|nan|nan|nan|nan|nan|nan|nan|nan|nan|nan|nan|nan
1032|nan|nan|nan|nan|nan|nan|nan|nan|nan|nan|nan|nan|nan|nan|nan|nan|nan|nan|nan|nan|nan|nan|nan|nan|nan|nan|nan|nan|nan|0.016787|nan|nan|nan|nan|nan|nan|nan|nan|nan|nan|nan|nan|nan|nan|nan|nan|nan|nan|nan|nan
1033|nan|nan|nan|nan|nan|nan|nan|nan|nan|nan|nan|nan|nan|nan|nan|nan|nan|nan|nan|nan|nan|nan|nan|nan|nan|nan|nan|nan|nan|0.013989|nan|nan|nan|nan|nan|nan|nan|nan|nan|nan|nan|nan|nan|nan|nan|nan|nan|nan|nan|nan
1034|nan|nan|nan|nan|nan|nan|nan|nan|nan|nan|nan|nan|nan|nan|nan|nan|nan|nan|nan|nan|nan|nan|nan|nan|nan|nan|nan|nan|nan|5.396765|nan|nan|nan|nan|nan|nan|nan|nan|nan|nan|nan|nan|nan|nan|nan|nan|nan|nan|nan|nan
1035|nan|nan|nan|nan|nan|nan|nan|nan|nan|nan|nan|nan|nan|nan|nan|nan|nan|nan|nan|nan|nan|nan|nan|nan|nan|nan|nan|nan|nan|2.390316|nan|nan|nan|nan|nan|nan|nan|nan|nan|nan|nan|nan|nan|nan|nan|nan|nan|nan|nan|nan
1036|nan|nan|nan|nan|nan|nan|nan|nan|nan|nan|nan|nan|nan|nan|nan|nan|nan|nan|nan|nan|nan|nan|nan|nan|nan|nan|nan|nan|nan|6.203441|nan|nan|nan|nan|nan|nan|nan|nan|nan|nan|nan|nan|nan|nan|nan|nan|nan|nan|nan|nan
1037|nan|nan|nan|nan|nan|nan|nan|nan|nan|nan|nan|nan|nan|nan|nan|nan|nan|nan|nan|nan|nan|nan|nan|nan|nan|nan|nan|nan|nan|34.412109|nan|nan|nan|nan|nan|nan|nan|nan|nan|nan|nan|nan|nan|nan|nan|nan|nan|nan|nan|nan
1038|nan|nan|nan|nan|nan|nan|nan|nan|nan|nan|nan|nan|nan|nan|nan|nan|nan|nan|nan|nan|nan|nan|nan|nan|nan|nan|nan|nan|nan|21.630192|nan|nan|nan|nan|nan|nan|nan|nan|nan|nan|nan|nan|nan|nan|nan|nan|nan|nan|nan|nan
1039|nan|nan|nan|nan|nan|nan|nan|nan|nan|nan|nan|nan|nan|nan|nan|nan|nan|nan|nan|nan|nan|nan|nan|nan|nan|nan|nan|nan|nan|24.160049|nan|nan|nan|nan|nan|nan|nan|nan|nan|nan|nan|nan|nan|nan|nan|nan|nan|nan|nan|nan
1040|nan|nan|nan|nan|nan|nan|nan|nan|nan|nan|nan|nan|nan|nan|nan|nan|nan|nan|nan|nan|nan|nan|nan|nan|nan|nan|nan|nan|nan|14.490843|nan|nan|nan|nan|nan|nan|nan|nan|nan|nan|nan|nan|nan|nan|nan|nan|nan|nan|nan|nan
1041|nan|nan|nan|nan|nan|nan|nan|nan|nan|nan|nan|nan|nan|nan|nan|nan|nan|nan|nan|nan|nan|nan|nan|nan|nan|nan|nan|nan|nan|20.525571|nan|nan|nan|nan|nan|nan|nan|nan|nan|nan|nan|nan|nan|nan|nan|nan|nan|nan|nan|nan
1042|nan|nan|nan|nan|nan|nan|nan|nan|nan|nan|nan|nan|nan|nan|nan|nan|nan|nan|nan|nan|nan|nan|nan|nan|nan|nan|nan|nan|nan|22.387254|nan|nan|nan|nan|nan|nan|nan|nan|nan|nan|nan|nan|nan|nan|nan|nan|nan|nan|nan|nan
1043|nan|nan|nan|nan|nan|nan|nan|nan|nan|nan|nan|nan|nan|nan|nan|nan|nan|nan|nan|nan|nan|nan|nan|nan|nan|nan|nan|nan|nan|15.057441|nan|0.491237|nan|nan|nan|-853.908964|nan|nan|nan|nan|-752075.749791|nan|nan|21.000659|nan|-5.868034|nan|0.021847|nan|nan
1044|nan|nan|nan|nan|nan|nan|nan|nan|nan|nan|nan|nan|nan|nan|nan|nan|nan|nan|nan|nan|nan|nan|nan|nan|nan|nan|nan|nan|nan|10.525078|nan|0.491237|nan|nan|nan|-852.489907|nan|nan|nan|nan|-752075.749791|nan|nan|20.942182|nan|-5.868034|nan|0.021847|nan|nan
1045|nan|nan|nan|nan|nan|nan|nan|nan|nan|nan|nan|nan|nan|nan|nan|nan|nan|nan|nan|nan|nan|nan|nan|nan|nan|nan|nan|nan|nan|10.785111|nan|0.491237|nan|nan|nan|-852.523922|nan|nan|nan|nan|-752075.749791|nan|nan|20.887285|nan|-5.868034|nan|0.021847|nan|nan
1046|nan|nan|nan|nan|nan|nan|nan|nan|nan|nan|nan|nan|nan|nan|nan|nan|nan|nan|nan|nan|nan|nan|nan|nan|nan|nan|nan|nan|nan|10.217474|nan|0.491237|nan|nan|nan|-853.790976|nan|nan|nan|nan|-752075.749791|nan|nan|20.835644|nan|-5.868034|nan|0.021847|nan|nan
1047|nan|nan|nan|nan|nan|nan|nan|nan|nan|nan|nan|nan|nan|nan|nan|nan|nan|nan|nan|nan|nan|nan|nan|nan|nan|nan|nan|nan|nan|12.637138|nan|0.491237|nan|nan|nan|-853.181569|nan|nan|nan|nan|-752075.749791|nan|nan|20.784301|nan|-5.868034|nan|0.021847|nan|nan
1048|nan|nan|nan|nan|nan|nan|nan|nan|nan|nan|nan|nan|nan|nan|nan|nan|nan|nan|nan|nan|nan|nan|nan|nan|nan|nan|nan|nan|nan|12.720271|nan|0.491237|nan|nan|nan|-853.158909|nan|nan|nan|nan|-752075.749791|nan|nan|20.736750|nan|-5.868034|nan|0.021847|nan|nan
1049|nan|nan|nan|nan|nan|nan|nan|nan|nan|nan|nan|nan|nan|nan|nan|nan|nan|nan|nan|nan|nan|nan|nan|nan|nan|nan|nan|nan|nan|9.567021|nan|0.491237|nan|nan|nan|-853.392875|nan|nan|nan|nan|-752075.749791|nan|nan|20.690361|nan|-5.868034|nan|0.021847|nan|nan
1050|nan|nan|nan|nan|nan|nan|nan|nan|nan|nan|nan|nan|nan|nan|nan|nan|nan|nan|nan|nan|nan|nan|nan|nan|nan|nan|nan|nan|nan|11.588236|nan|0.491237|nan|nan|nan|-852.225810|nan|nan|nan|nan|-752075.749791|nan|nan|20.642922|nan|-5.868034|nan|0.021847|nan|nan
1051|nan|nan|nan|nan|nan|nan|nan|nan|nan|nan|nan|nan|nan|nan|nan|nan|nan|nan|nan|nan|nan|nan|nan|nan|nan|nan|nan|nan|nan|12.268976|nan|0.491237|nan|nan|nan|-852.707158|nan|nan|nan|nan|-752075.749791|nan|nan|20.594522|nan|-5.868034|nan|0.060533|nan|nan
1052|nan|nan|nan|nan|nan|nan|nan|nan|nan|nan|nan|nan|nan|nan|nan|nan|nan|nan|nan|nan|nan|nan|nan|nan|nan|nan|nan|nan|nan|11.778217|nan|0.491237|nan|nan|nan|-852.746822|nan|nan|nan|nan|-752075.749791|nan|nan|20.545436|nan|-5.868034|nan|0.092282|nan|nan
1053|nan|nan|nan|nan|nan|nan|nan|nan|nan|nan|nan|nan|nan|nan|nan|nan|nan|nan|nan|nan|nan|nan|nan|nan|nan|nan|nan|nan|nan|11.325208|nan|0.491237|nan|nan|nan|-852.685825|nan|nan|nan|nan|-752075.749791|nan|nan|20.495431|nan|-5.868034|nan|0.092282|nan|nan
1054|nan|nan|nan|nan|nan|nan|nan|nan|nan|nan|nan|nan|nan|nan|nan|nan|nan|nan|nan|nan|nan|nan|nan|nan|nan|nan|nan|nan|nan|10.905756|nan|0.491237|nan|nan|nan|-853.492489|nan|nan|nan|nan|-752075.749791|nan|nan|20.445185|nan|-5.868034|nan|0.092282|nan|nan
1055|nan|nan|nan|nan|nan|nan|nan|nan|nan|nan|nan|nan|nan|nan|nan|nan|nan|nan|nan|nan|nan|nan|nan|nan|nan|nan|nan|nan|nan|9.479400|nan|0.491237|nan|nan|nan|-853.202331|nan|nan|nan|nan|-752075.749791|nan|nan|20.398003|nan|-5.868034|nan|0.092282|nan|nan
1056|nan|nan|nan|nan|nan|nan|nan|nan|nan|nan|nan|nan|nan|nan|nan|nan|nan|nan|nan|nan|nan|nan|nan|nan|nan|nan|nan|nan|nan|9.661645|nan|0.491237|nan|nan|nan|-853.467178|nan|nan|nan|nan|-752075.749791|nan|nan|20.354035|nan|-5.868034|nan|0.092282|nan|nan
1057|nan|nan|nan|nan|nan|nan|nan|nan|nan|nan|nan|nan|nan|nan|nan|nan|nan|nan|nan|nan|nan|nan|nan|nan|nan|nan|nan|nan|nan|9.841360|nan|0.491237|nan|nan|nan|-853.211917|nan|nan|nan|nan|-752075.749791|nan|nan|20.312529|nan|-5.868034|nan|0.117723|nan|nan
1058|nan|nan|nan|nan|nan|nan|nan|nan|nan|nan|nan|nan|nan|nan|nan|nan|nan|nan|nan|nan|nan|nan|nan|nan|0.119114|nan|nan|nan|nan|11.013734|nan|0.491237|nan|nan|nan|-853.039161|nan|nan|nan|nan|-752075.749791|nan|nan|20.272669|nan|-5.868034|nan|0.149500|nan|-123.692769
1059|nan|nan|nan|nan|nan|nan|nan|nan|nan|nan|nan|nan|nan|nan|nan|nan|nan|nan|nan|nan|nan|nan|nan|nan|0.119114|nan|nan|nan|nan|10.176858|nan|0.491237|nan|nan|nan|-853.460105|nan|nan|nan|nan|-752075.749791|nan|nan|20.235576|nan|-5.868034|nan|0.149500|nan|-123.692769
1100|nan|nan|nan|nan|nan|nan|nan|nan|nan|nan|nan|nan|nan|nan|nan|nan|nan|nan|nan|nan|nan|nan|nan|nan|0.119114|nan|nan|nan|nan|17.736703|nan|0.491237|nan|nan|nan|-852.644321|nan|nan|nan|nan|-752075.749791|nan|nan|20.200975|nan|-5.868034|nan|0.313054|nan|-123.692769
1101|nan|nan|nan|nan|nan|nan|nan|nan|nan|nan|nan|nan|nan|nan|nan|nan|nan|nan|nan|nan|nan|nan|nan|nan|0.119114|nan|nan|nan|nan|23.150254|nan|0.491237|nan|nan|nan|-2146.207704|nan|nan|nan|nan|-752075.749791|nan|nan|20.167732|nan|-5.868034|nan|0.377852|nan|-123.692769
1102|nan|nan|nan|nan|nan|nan|nan|nan|nan|nan|nan|nan|nan|nan|nan|nan|nan|nan|nan|nan|nan|nan|nan|nan|0.119114|nan|nan|nan|nan|22.488818|nan|0.491237|nan|nan|nan|-2146.882254|nan|nan|nan|nan|-752075.749791|nan|nan|20.135520|nan|-5.868034|nan|0.442281|nan|-123.692769
1103|nan|nan|nan|nan|nan|nan|nan|nan|nan|nan|nan|nan|nan|nan|nan|nan|nan|nan|nan|nan|nan|nan|nan|nan|0.119114|nan|nan|nan|nan|21.864128|nan|0.491237|nan|nan|nan|-2147.076000|nan|nan|nan|nan|-752075.749791|nan|nan|20.107422|nan|-5.868034|nan|0.473378|nan|-123.692769
1104|nan|nan|nan|nan|nan|nan|nan|nan|nan|nan|nan|nan|nan|nan|nan|nan|nan|nan|nan|nan|nan|nan|nan|nan|0.119114|nan|nan|nan|nan|27.522536|nan|0.491237|nan|nan|nan|-2147.903098|nan|nan|nan|nan|-752075.749791|nan|nan|20.084312|nan|-5.868034|nan|0.537756|nan|-123.692769
1105|nan|nan|nan|nan|nan|nan|nan|nan|nan|nan|nan|nan|nan|nan|nan|nan|nan|nan|nan|nan|nan|nan|nan|nan|0.119114|nan|nan|nan|nan|23.602047|nan|0.491237|nan|nan|nan|-2147.780949|nan|nan|nan|nan|-752075.749791|nan|nan|20.065949|nan|-5.868034|nan|0.537756|nan|-123.692769
1106|nan|nan|nan|nan|nan|nan|nan|nan|nan|nan|nan|nan|nan|nan|nan|nan|nan|nan|nan|nan|nan|nan|nan|nan|0.119114|nan|nan|nan|nan|21.364022|nan|0.491237|nan|nan|nan|-2146.854203|nan|nan|nan|nan|-752075.749791|nan|nan|20.051676|nan|-5.868034|nan|0.537756|nan|-123.692769
1107|nan|nan|nan|nan|nan|nan|nan|nan|nan|nan|nan|nan|nan|nan|nan|nan|nan|nan|nan|nan|nan|nan|nan|nan|0.119114|nan|nan|nan|nan|19.720422|nan|0.491237|nan|nan|nan|-2147.361506|nan|nan|nan|nan|-752075.749791|nan|nan|20.041114|nan|-20.472186|nan|0.537756|nan|-123.692769
1108|nan|nan|nan|nan|nan|nan|nan|nan|nan|nan|nan|nan|nan|nan|nan|nan|nan|nan|nan|nan|nan|nan|nan|nan|0.119114|nan|nan|nan|nan|22.631329|nan|0.491237|nan|nan|nan|-2147.285793|nan|nan|nan|nan|-752075.749791|nan|nan|20.034198|nan|-33.358202|nan|0.537756|nan|-123.692769
1109|nan|nan|nan|nan|nan|nan|nan|nan|nan|nan|nan|nan|nan|nan|nan|nan|nan|nan|nan|nan|nan|nan|nan|nan|0.119114|nan|nan|nan|nan|22.092488|nan|0.491237|nan|nan|nan|-2147.121057|nan|nan|nan|nan|-752075.749791|nan|nan|20.030333|nan|-44.812439|nan|0.537756|nan|-123.692769
1110|nan|nan|nan|nan|nan|nan|nan|nan|nan|nan|nan|nan|nan|nan|nan|nan|nan|nan|nan|nan|nan|nan|nan|nan|0.119114|nan|nan|nan|nan|21.578709|nan|0.491237|nan|nan|nan|-2147.636052|nan|nan|nan|nan|-752075.749791|nan|nan|20.027054|nan|-55.060966|nan|0.537756|nan|-123.692769
1111|nan|nan|nan|nan|nan|nan|nan|nan|nan|nan|nan|nan|nan|nan|nan|nan|nan|nan|nan|nan|nan|nan|nan|nan|0.119114|nan|nan|nan|nan|21.088284|nan|0.491237|nan|nan|nan|-2147.418202|nan|nan|nan|nan|-752075.749791|nan|nan|20.024030|nan|-64.284641|nan|0.537756|nan|-123.692769
1112|nan|nan|nan|nan|nan|nan|nan|nan|nan|nan|nan|nan|nan|nan|nan|nan|nan|nan|nan|nan|nan|nan|nan|nan|0.119114|nan|nan|nan|nan|21.827982|nan|0.491237|nan|nan|nan|-2146.880258|nan|nan|nan|nan|-752075.749791|nan|nan|20.021409|nan|-72.629870|nan|0.537756|nan|-123.692769
1113|nan|nan|nan|nan|nan|nan|nan|nan|3247.800000|nan|nan|33954544.731532|nan|nan|nan|nan|nan|nan|nan|nan|nan|nan|nan|nan|0.119114|nan|nan|nan|nan|21.353460|nan|0.491237|nan|nan|nan|-2146.901300|nan|nan|nan|nan|-752075.749791|nan|nan|20.019339|nan|-80.216442|nan|0.537756|nan|-123.692769
1114|nan|nan|nan|nan|nan|nan|nan|nan|3247.800000|nan|nan|34296827.057140|nan|nan|nan|nan|nan|nan|nan|nan|nan|nan|nan|nan|0.119114|nan|nan|nan|nan|18.420468|nan|0.491237|nan|nan|nan|-2147.157502|nan|nan|nan|nan|-752075.749791|nan|nan|20.017643|nan|-87.143313|nan|0.537756|nan|-123.692769
1115|nan|nan|nan|nan|nan|nan|nan|nan|3247.800000|nan|nan|31571283.500565|nan|nan|nan|nan|nan|nan|nan|nan|nan|nan|nan|nan|0.119114|nan|nan|nan|nan|19.289431|nan|0.491237|nan|nan|nan|-2146.845400|nan|nan|nan|nan|-752075.749791|nan|nan|20.016028|nan|-93.492944|nan|0.537756|nan|-123.692769
1116|nan|nan|nan|nan|nan|nan|nan|nan|3247.800000|nan|nan|32994670.981795|nan|nan|nan|nan|nan|nan|nan|nan|nan|nan|nan|nan|0.119114|nan|nan|nan|nan|18.895770|nan|0.491237|nan|nan|nan|-2147.537417|nan|nan|nan|nan|-752075.749791|nan|nan|20.014357|nan|-99.334605|nan|0.537756|nan|-123.692769
1117|nan|nan|nan|nan|nan|nan|nan|nan|3247.800000|nan|nan|33018436.944153|nan|nan|nan|nan|nan|nan|nan|nan|nan|nan|nan|nan|0.119114|nan|nan|nan|nan|17.244043|nan|0.491237|nan|nan|nan|-2147.525907|nan|nan|nan|nan|-752075.749791|nan|nan|20.012571|nan|-104.726907|nan|0.537756|nan|-123.692769
1118|nan|nan|nan|nan|nan|nan|nan|nan|3247.800000|nan|nan|39958867.766935|nan|nan|nan|nan|nan|nan|nan|nan|nan|nan|nan|0.060189|0.119114|nan|nan|nan|nan|17.545905|nan|0.491237|nan|nan|nan|-2147.359183|nan|nan|nan|nan|-752075.749791|nan|nan|20.010866|nan|-109.719779|nan|0.537756|nan|-123.692769
1119|nan|nan|nan|nan|nan|nan|nan|nan|3247.800000|nan|nan|44694152.883185|nan|nan|nan|nan|nan|nan|nan|nan|nan|nan|nan|0.071194|0.119114|nan|nan|nan|nan|12.081084|nan|0.491237|nan|nan|nan|-2147.974630|nan|nan|nan|nan|-752075.749791|nan|nan|20.007769|nan|-114.356018|nan|0.537756|nan|-123.692769
1120|nan|nan|nan|nan|nan|nan|nan|nan|3247.800000|nan|nan|44606175.314640|nan|nan|nan|nan|nan|nan|nan|nan|nan|nan|nan|0.074863|0.119114|nan|nan|nan|nan|13.134295|nan|0.491237|nan|nan|nan|-2146.905060|nan|nan|nan|nan|-752075.749791|nan|nan|20.003510|nan|-118.672516|nan|0.537756|nan|-123.692769
1121|nan|nan|nan|nan|nan|nan|nan|nan|3247.800000|nan|nan|36394988.741509|nan|nan|nan|nan|nan|nan|nan|nan|nan|nan|nan|0.097622|0.119114|nan|nan|nan|nan|9.063560|nan|0.491237|nan|nan|nan|-2147.141122|nan|nan|nan|nan|-752075.749791|nan|nan|19.999055|nan|-122.701247|nan|0.537756|nan|-123.692769
1122|nan|nan|nan|nan|nan|nan|nan|nan|3247.800000|nan|nan|28291161.615558|nan|nan|nan|nan|nan|nan|nan|nan|nan|nan|nan|0.132496|0.119114|nan|nan|nan|nan|8.898768|nan|0.491237|nan|nan|nan|-2147.116579|nan|nan|nan|nan|-752075.749791|nan|nan|19.994651|nan|-130.490128|nan|0.537756|nan|-123.692769
1123|nan|nan|nan|-0.400000|nan|nan|nan|nan|3247.800000|nan|nan|28446853.721851|nan|nan|nan|nan|nan|nan|nan|nan|nan|nan|nan|0.155745|0.119114|nan|nan|nan|nan|11.250002|nan|0.491237|nan|nan|nan|-2145.972497|nan|nan|nan|nan|-752075.749791|nan|nan|19.990412|nan|-138.279009|nan|0.537756|nan|-123.692769
1124|nan|nan|nan|0.200000|nan|nan|nan|nan|3247.800000|nan|nan|27292172.534458|nan|nan|nan|nan|nan|nan|nan|nan|nan|nan|nan|0.172352|0.119114|nan|nan|nan|nan|12.294611|nan|0.491237|nan|nan|nan|-2147.011094|nan|nan|nan|nan|-752075.749791|nan|nan|19.987106|nan|-146.067890|nan|0.537756|nan|-123.692769
1125|nan|nan|nan|1.200000|nan|nan|nan|nan|3247.800000|nan|nan|27507173.761311|nan|nan|nan|nan|nan|nan|nan|nan|nan|nan|nan|0.184807|0.119114|nan|nan|nan|nan|11.469211|nan|0.491237|nan|nan|nan|-2147.110012|nan|nan|nan|nan|-752075.749791|nan|nan|19.984661|nan|-153.856771|nan|0.537756|nan|-123.692769
1126|nan|nan|nan|2.400000|nan|nan|nan|nan|3247.800000|nan|nan|27272474.922851|nan|nan|nan|nan|nan|nan|nan|nan|nan|nan|nan|0.194494|0.119114|nan|nan|nan|nan|8.855240|nan|0.491237|nan|nan|nan|-2148.143345|nan|nan|nan|nan|-752075.749791|nan|nan|19.982929|nan|-161.645652|nan|0.537756|nan|-123.692769
1127|nan|nan|nan|3.800000|nan|nan|nan|nan|3247.800000|nan|nan|27754697.437229|nan|nan|nan|nan|nan|nan|nan|nan|nan|nan|nan|0.202244|0.119114|nan|nan|nan|nan|9.302955|nan|0.491237|nan|nan|nan|-2146.647904|nan|nan|nan|nan|-752075.749791|nan|nan|19.981999|nan|-169.434532|nan|0.537756|nan|-123.692769
1128|20067446.205476|nan|nan|5.000000|nan|nan|nan|-4.082555|3247.800000|-1.527995|0.638357|23785088.782504|nan|nan|nan|nan|14.200000|nan|7023712.834829|nan|nan|nan|nan|0.208585|0.119114|nan|nan|-0.316610|nan|7.519498|nan|0.491237|-1.104526|0.320725|-1.527995|-2146.826670|-115040094.469770|nan|247851.906720|nan|-752075.749791|nan|nan|19.959204|nan|-177.223413|8.366667|0.537756|nan|-123.692769
1129|19256083.355320|nan|nan|6.600000|nan|nan|nan|-4.082555|3247.800000|-1.527995|0.638357|21740778.737829|nan|nan|nan|nan|10.200000|nan|7017909.907750|nan|nan|nan|nan|0.213869|0.119114|nan|nan|-0.316610|nan|9.298168|nan|0.491237|-1.104526|0.321197|-1.527995|-2146.809781|-115040094.469770|nan|247851.906720|nan|-752075.749791|nan|nan|19.939632|nan|-185.012294|8.366667|0.537756|nan|-123.692769
1330|25226343.478648|nan|nan|8.000000|nan|nan|nan|-4.082555|3247.800000|-1.527995|0.122385|26943322.186502|nan|nan|nan|nan|12.200000|nan|7029911.861303|0.927093|nan|nan|nan|0.218340|0.119114|nan|nan|-0.325796|nan|8.976638|nan|0.491237|-1.104526|0.322452|-1.527995|-2147.625297|-115040094.469770|nan|247851.906720|nan|-752075.749791|nan|nan|19.923094|nan|-192.801175|6.366667|0.537756|nan|-123.692769
1331|26367973.200000|nan|nan|9.000000|nan|nan|nan|0.717445|3247.800000|-1.527995|-0.095516|27045409.650902|nan|nan|nan|nan|10.200000|nan|7030604.388172|0.987420|nan|nan|nan|0.222172|0.119114|nan|nan|-0.322840|nan|10.472570|nan|0.491237|-1.104526|0.324344|-1.527995|-2147.126897|-115040094.469770|nan|247851.906720|nan|-752075.749791|nan|nan|19.909336|nan|-200.590056|10.366667|0.537756|nan|-123.692769
1332|24106435.778620|nan|nan|9.600000|nan|nan|nan|5.117445|3247.800000|-1.527995|-0.487173|24623534.184952|nan|nan|nan|nan|10.400000|nan|7026411.080547|0.987420|nan|nan|nan|0.225493|0.119114|nan|nan|-0.322840|nan|11.641820|nan|0.491237|-1.104526|0.325831|-1.527995|-2147.018804|-115040094.469770|nan|247851.906720|nan|-752075.749791|nan|nan|19.898647|nan|-208.378937|10.366667|0.537756|nan|-123.692769
1333|27531446.850982|-4.195833|nan|10.600000|nan|nan|nan|5.846016|3247.800000|-1.527995|-0.743655|29196492.140754|nan|nan|nan|nan|18.400000|nan|7036581.392927|0.987420|nan|nan|nan|0.224638|0.119114|nan|nan|-0.322840|nan|6.418361|nan|0.491237|-1.104526|0.327692|-1.527995|-2147.236105|-115040094.469770|nan|247851.906720|nan|-752075.749791|nan|nan|19.890332|nan|-216.167818|8.366667|0.537756|nan|-123.692769
1334|31697375.922716|-4.892708|nan|11.800000|nan|nan|nan|7.671771|3247.800000|-1.527995|-0.743655|32437608.251900|nan|nan|nan|nan|14.400000|nan|7045043.780505|0.987420|nan|nan|nan|0.223883|0.119114|nan|nan|-0.319667|nan|4.639152|nan|0.491237|-1.104526|0.329460|-1.527995|-2146.810815|-115040094.469770|nan|247851.906720|nan|-752075.749791|nan|nan|19.884739|nan|-223.956699|10.366667|0.537756|nan|-123.692769
1335|31147984.951110|-6.681250|nan|13.200000|nan|nan|nan|10.798756|3247.800000|-1.527995|-0.743655|31542531.005262|nan|nan|nan|nan|12.400000|nan|7046907.860835|0.987420|nan|nan|nan|0.223212|0.119114|nan|nan|-0.320767|nan|4.950066|nan|0.491237|-1.104526|0.331908|-1.527995|-2147.864162|-115040094.469770|nan|247851.906720|nan|-752075.749791|nan|nan|19.881989|nan|-231.745579|12.366667|0.537756|nan|-123.692769
1336|34048349.722906|-6.052604|nan|13.400000|nan|nan|nan|10.987644|3247.800000|-1.527995|-0.743655|34193234.661393|nan|nan|nan|nan|14.400000|nan|7052108.201271|0.987420|nan|nan|nan|0.222611|0.119114|nan|nan|-0.320918|nan|3.210753|nan|0.491237|-1.104526|0.333839|-1.527995|-2146.782783|-115040094.469770|nan|247851.906720|nan|-752075.749791|nan|nan|19.882163|nan|-239.534460|10.366667|0.537756|nan|-123.692769
1337|35273854.300000|-6.422917|nan|13.600000|nan|nan|nan|11.197745|3247.800000|-1.527995|-0.743655|35383813.574983|nan|nan|nan|nan|12.400000|nan|7053370.528839|0.987420|nan|nan|nan|0.222071|0.119114|nan|nan|-0.317355|nan|-1.594083|nan|0.491237|-1.104526|0.333839|-1.527995|-2147.049611|-115040094.469770|nan|247851.906720|nan|-752075.749791|nan|nan|19.885228|nan|-239.534460|12.366667|0.537756|nan|-123.692769
1338|34608389.017922|-5.370023|nan|13.600000|nan|nan|nan|11.197745|3247.800000|-1.527995|-0.743655|34307193.647274|nan|nan|nan|nan|18.400000|nan|7052204.913122|0.987420|nan|nan|nan|0.221582|0.119114|nan|nan|-0.319808|nan|-4.774726|nan|0.491237|-1.104526|0.333839|-1.527995|-2148.062011|-115040094.469770|nan|247851.906720|nan|-752075.749791|nan|nan|19.891035|nan|-239.534460|8.366667|0.537756|nan|-123.692769
1339|31185476.782274|-4.640377|nan|14.000000|nan|nan|nan|11.457486|3247.800000|-1.527995|-0.743655|30586735.002208|nan|nan|nan|nan|16.400000|nan|7050448.930910|0.987420|nan|nan|nan|0.221137|0.119114|nan|nan|-0.339514|nan|-9.978358|nan|0.491237|-1.104526|0.333839|-1.527995|-2146.783256|-115040094.469770|nan|247851.906720|nan|-444974.416197|nan|nan|19.898982|nan|-239.534460|6.366667|0.537756|nan|-123.692769
1340|38711612.688240|-4.055512|nan|14.200000|nan|nan|nan|11.457486|3247.800000|-1.527995|-0.743655|37779217.557925|nan|nan|nan|nan|17.400000|nan|7635273.059848|0.987420|nan|nan|nan|0.220731|0.119114|nan|nan|-0.340568|nan|-12.552351|nan|0.491237|-1.104526|0.333839|-1.527995|-2147.041933|-115040094.469770|nan|247851.906720|nan|-444974.416197|nan|nan|19.908092|nan|-239.534460|6.366667|0.537756|nan|-123.692769
1341|41403342.078572|-3.432832|nan|14.200000|nan|nan|nan|11.457486|3247.800000|-1.527995|-0.743655|40290744.843935|nan|nan|nan|nan|11.600000|nan|7754889.030333|0.987420|nan|nan|nan|0.220359|0.119114|nan|nan|-0.337996|nan|-12.630594|nan|0.491237|-1.104526|0.333839|-1.527995|-2146.342911|-115040094.469770|nan|247851.906720|nan|-444974.416197|nan|nan|19.917186|nan|-239.534460|8.366667|0.537756|nan|-123.692769
1342|39686344.134822|-3.015590|nan|14.400000|nan|nan|nan|12.278979|3247.800000|-1.527995|-0.743655|38761536.911949|nan|nan|nan|nan|13.800000|nan|7869616.409597|0.987420|nan|nan|nan|0.220017|0.119114|nan|nan|-0.336509|nan|-13.438108|nan|0.491237|-1.104526|0.333839|-1.527995|-2147.918857|-115040094.469770|nan|247851.906720|nan|-444974.416197|nan|nan|19.926161|nan|-239.534460|10.366667|0.537756|nan|-123.692769
1343|39015937.976574|-2.844223|-1.527995|15.200000|nan|9.640128|-2.551183|12.278979|3247.800000|-1.527995|-0.743655|38610083.594825|0.063244|1.542589|-1.705942|nan|11.800000|nan|7869838.134472|0.987420|nan|11.700247|-12.463719|0.219701|0.119114|nan|nan|-0.333387|-1.543474|-10.851465|3.847760|0.491237|-1.104526|0.333839|-1.527995|-2146.975366|-115040094.469770|nan|247851.906720|-0.000003|-444974.416197|-0.947823|-0.107538|19.934637|-0.057930|-239.534460|10.366667|0.537756|-1.543474|-123.692769
1344|38939024.268172|-2.433420|-1.527995|16.000000|nan|9.774872|-2.551183|12.278979|3247.800000|-1.527995|-0.743655|39078085.390249|0.063244|3.771294|-1.706248|nan|16.200000|-2.000000|8098042.226427|0.987420|nan|9.965633|-12.314608|0.219409|0.119114|nan|nan|-0.330492|-1.679604|-10.801105|3.890487|0.491237|-1.104526|0.333839|-1.527995|-2147.142418|-115040094.469770|nan|247851.906720|-0.000003|-444974.416197|-0.960167|-0.104399|19.943653|-0.053721|-239.534460|10.366667|0.537756|-1.679604|-123.692769
1345|37521567.811376|-2.247276|-1.527995|17.000000|-2.318181|10.277736|-2.551183|12.278979|3247.800000|-1.527995|-0.743655|37938569.249116|0.063244|3.771294|-1.620998|nan|12.400000|-2.000000|8210999.688644|0.987420|nan|-10.015675|-12.272895|0.219137|0.119114|nan|nan|-0.355994|-1.731719|-9.614166|3.907020|0.491237|-1.104526|0.333839|-1.527995|-2146.400598|-115040094.469770|nan|247851.906720|-0.000003|-444974.416197|-0.971997|-0.102195|19.952919|-0.040832|-239.534460|8.366667|0.537756|-1.731719|-123.692769
1346|36119618.450000|-2.139583|-1.527995|17.400000|-2.318181|10.732708|-2.391834|12.278979|3247.800000|-1.527995|-0.743655|36183408.771666|0.063244|3.771294|-1.037858|nan|16.400000|-2.000000|8210867.891863|0.987420|nan|2.896355|-11.952549|0.220897|0.119114|nan|nan|-0.355994|-1.767868|-10.551073|3.899328|0.491237|-1.104526|0.338952|-1.527995|-2147.058776|-115040094.469770|nan|247851.906720|-0.000003|-444974.416197|-0.983344|-0.097773|19.962946|-0.023547|-239.534460|10.366667|0.537756|-1.767868|-123.692769
1347|31931029.954520|-1.958750|-1.527995|18.200000|-11.538588|10.763398|-2.391834|12.278979|3247.800000|-1.527995|-0.743655|32285305.920304|0.063244|3.771294|-0.731917|nan|10.400000|-2.000000|8208116.106951|0.987420|nan|9.675138|-12.192285|0.222539|0.119114|nan|nan|-0.357643|-1.769445|-9.701383|3.869931|0.491237|-1.210388|0.341085|-1.527995|-2146.259292|-115040094.469770|nan|247851.906720|-0.000003|-444974.416197|-0.994237|-0.093644|19.964524|-0.011860|-239.534460|10.366667|0.537756|-1.769445|-123.692769
1348|30437768.372230|-1.723437|-1.527995|19.000000|-11.538588|10.981640|-2.391834|12.278979|4643.000000|-1.527995|-0.743655|29855261.909227|0.059990|3.771294|-0.731824|nan|15.200000|-2.000000|8664183.920553|0.987420|nan|10.688037|-12.114187|0.229539|0.119114|nan|nan|-0.372755|-1.759988|-9.941098|3.821164|0.491237|-1.527995|0.350028|-1.527995|-2147.162233|-115040094.469770|nan|247851.906720|-0.000003|-444974.416197|-1.004108|-0.087709|19.955169|-0.002348|-239.534460|10.366667|0.537756|-1.759988|-123.692769
1349|30320198.387758|-1.739338|-1.527995|19.400000|-11.538588|10.981640|-2.391834|12.278979|4643.000000|-1.527995|-0.743655|29545986.495174|0.059990|3.771294|-0.731661|nan|14.000000|-2.000000|9119840.455986|0.987420|nan|8.764747|-11.908431|0.235804|0.119114|nan|nan|-0.374495|-1.749869|-8.564163|3.755929|0.491237|-1.527995|0.383627|-1.527995|-2147.149799|-115316085.048979|nan|247851.906720|-0.000003|-444974.416197|-1.000726|-0.080355|19.933475|0.004958|-239.534460|12.366667|0.537756|-1.749869|-123.692769
1350|30642349.171070|-1.554514|-1.527995|19.600000|-11.538588|10.981640|-2.391834|12.278979|4643.000000|-1.527995|-0.743655|29613765.130262|0.059990|3.771294|-0.659675|nan|21.000000|-2.000000|9690752.395932|0.987420|nan|11.190270|-11.779733|0.242070|0.119114|nan|nan|-0.373386|-1.732137|-12.025297|3.677799|0.491237|-1.527995|0.393894|-1.527995|-2147.953051|-115467583.006293|nan|247851.906720|-0.000003|-444974.416197|-0.993107|-0.070050|19.898308|0.011243|-239.534460|8.366667|0.537756|-1.732137|-123.692769
1351|22840587.779016|-1.368969|-1.527995|19.600000|-11.538588|10.981640|-2.391834|12.278979|4643.000000|-1.527995|-0.743655|22900550.197277|0.059990|3.771294|-0.659429|nan|11.400000|-2.000000|9910802.020692|0.987420|nan|9.764679|-11.316366|0.245546|0.119114|nan|nan|-0.373702|-1.715469|-7.573404|3.589666|0.491237|-1.527995|0.393894|-1.527995|-2145.916597|-116743913.028768|nan|247851.906720|-0.000003|-444974.416197|-0.981571|-0.062652|19.848462|0.016720|-239.534460|6.366667|0.537756|-1.715469|-123.692769
1352|27926608.117638|-1.149167|-1.527995|19.600000|-11.538588|10.981640|-2.391834|12.278979|4643.000000|-1.527995|-0.743655|27892463.778364|0.059990|3.771294|-0.659411|nan|20.200000|-2.000000|10365633.746831|0.987420|nan|0.432446|-10.911111|0.245485|0.119114|nan|nan|-0.373702|-1.699532|-8.373821|3.494025|0.491237|-1.527995|0.393894|-1.527995|-2148.017518|-117296995.845868|nan|247851.906720|-0.000003|-444974.416197|-0.966739|-0.056420|19.794521|0.021447|-239.534460|10.366667|0.537756|-1.699532|-123.692769
1353|29877630.222078|-1.002017|-1.527995|19.600000|-11.538588|10.981640|-2.391834|12.278979|4643.000000|-1.527995|-0.743655|30091038.454068|0.059990|3.771294|-0.659298|nan|17.000000|-2.000000|10820424.994638|0.987420|nan|5.799792|-10.818199|0.245424|0.119114|nan|nan|-0.373702|-1.682821|-7.591030|3.392458|0.491237|-1.527995|0.393894|-1.527995|-2146.973492|-117725545.958943|nan|247851.906720|-0.000003|-444974.416197|-0.949326|-0.050475|19.735080|0.025501|-239.534460|10.366667|0.537756|-1.682821|-123.692769
1354|30956036.954726|-0.795581|-1.527995|19.600000|-11.538588|10.981640|-2.391834|12.278979|4643.000000|-1.527995|-0.743655|31382749.708445|0.059990|3.771294|-0.651123|nan|21.400000|-2.000000|11051094.584215|0.987420|nan|4.566515|-10.460026|0.245364|0.119114|nan|nan|-0.372967|-1.668694|-7.975113|3.286721|0.491237|-1.527995|0.393894|-1.527995|-2147.318631|-117862098.123765|nan|247851.906720|-0.000003|-444974.416197|-0.930029|-0.042974|19.669658|0.029192|-239.534460|12.366667|0.537756|-1.668694|-123.692769
1355|31266399.738696|-0.582548|-1.527995|19.600000|-11.538588|10.981640|-2.391834|12.278979|4643.000000|-1.527995|-0.743655|31482636.221607|0.059990|3.771294|-0.651044|nan|17.600000|-2.000000|11163573.381448|0.987420|nan|12.719086|-10.410925|0.245303|0.119114|nan|nan|-0.373400|-1.661250|-6.736652|3.177229|0.491237|-1.527995|0.393894|-1.527995|-2146.997648|-117862098.123765|nan|247851.906720|-0.000003|-444974.416197|-0.910456|-0.011356|19.598385|0.032621|-239.534460|10.366667|0.537756|-1.661250|-123.692769
1356|30805639.582230|-0.174248|-1.527995|19.600000|-11.538588|11.640981|-2.391834|12.278979|4643.000000|-1.527995|-0.743655|30742067.190061|0.059990|11.771294|-0.651210|nan|22.000000|-2.000000|10249670.424134|0.987420|nan|12.706805|-10.242454|0.245242|0.119114|nan|nan|-0.373674|-1.660885|-8.471667|3.064064|0.491237|-1.527995|0.393894|-1.527995|-2147.887101|-118002738.874236|nan|247851.906720|-0.000003|-444974.416197|-0.892470|0.026865|19.515511|0.035893|-239.534460|10.366667|0.537756|-1.660885|-123.692769
1357|32323632.615546|0.044556|-1.527995|19.600000|-11.538588|11.676695|-2.391834|12.278979|4643.000000|-1.527995|-0.743655|31069977.052960|0.059990|11.771294|-0.651190|nan|14.600000|-2.000000|9451810.332222|0.987420|nan|10.008434|-10.401373|0.245181|0.119114|nan|nan|-0.370357|-1.659120|-8.354043|2.948496|0.491237|-1.527995|0.393894|-1.527995|-2147.411826|-118002738.874236|nan|247851.906720|-0.000003|-444974.416197|-0.881216|0.034335|19.417223|0.038765|-239.534460|12.366667|0.537756|-1.659120|-123.692769
1358|32237399.744667|0.440839|-1.527995|19.600000|-11.538588|11.941401|-2.391834|12.278979|4643.000000|-1.527995|-0.743655|30499313.834729|0.059990|13.021294|-0.651180|nan|15.600000|-2.000000|8880675.351867|0.987420|0.000000|8.165171|-10.502951|0.245121|0.119114|nan|-65045.426593|-0.367689|-1.659336|-9.123793|2.832302|0.491237|-1.527995|0.393894|-1.527995|-2147.354247|-118002738.874236|-17583.070204|247851.906720|-0.000003|-444974.416197|-0.883088|0.044593|19.296969|0.041378|-239.534460|10.366667|0.537756|-1.659336|-123.692769
1359|35265814.901226|0.612860|-1.527995|19.600000|-11.538588|12.088600|-2.391834|12.278979|4643.000000|-1.527995|-0.743655|33989368.171281|0.059990|13.021294|-0.651175|0.220591|15.200000|-2.000000|8655976.401846|0.987420|-0.000000|8.292250|-10.404378|0.245060|0.119114|nan|-63857.937720|-0.358970|-1.657090|-8.861021|2.715870|0.491237|-1.527995|0.394293|-1.527995|-2147.341645|-118002738.874236|-20535.213662|247851.906720|-0.000003|-444974.416197|-0.884960|0.048326|19.154975|0.043806|-239.534460|10.366667|0.537756|-1.657090|-123.692769
1400|35662336.600000|0.778993|-1.527995|19.600000|-11.538588|12.088600|-2.391834|12.278979|4643.000000|-1.527995|-0.743655|34614913.853621|0.059990|13.021294|-0.651173|0.220591|14.600000|-2.000000|8319284.751099|0.987420|-0.000000|9.738697|-10.315193|0.244999|0.119114|nan|-46199.862622|-0.358403|-1.649561|-13.188550|2.600825|0.491237|-1.527995|0.397157|-1.527995|-2147.109952|-118002738.874236|-29198.449140|247851.906720|-0.000003|-444974.416197|-0.886436|0.055202|18.982968|0.045937|-239.534460|10.366667|0.537756|-1.649561|-123.692769
1401|34773307.344622|1.143080|-1.527995|19.600000|-11.538588|12.088600|-2.391834|12.278979|4643.000000|-1.527995|-0.743655|33907077.694346|0.059990|14.069905|-0.651274|0.220591|16.200000|-2.000000|8091136.583803|0.987420|-0.000000|11.611828|-10.378461|0.244938|0.119114|nan|-25316.630804|-0.355686|-1.659616|-16.909065|2.487574|0.491237|-1.527995|0.400208|-1.527995|-2147.096591|-118002738.874236|-20617.605881|247851.906720|-0.000003|-444974.416197|-0.887911|0.060498|18.776749|0.047745|-239.534460|12.366667|0.537756|-1.659616|-123.692769
1402|34545415.015448|1.321921|-1.527995|19.600000|-11.538588|12.088600|-2.391834|12.278979|4643.000000|-1.527995|-0.743655|32578129.428952|0.059990|14.069905|-0.651325|0.220591|14.200000|-2.000000|8090800.048706|0.987420|-0.000000|13.719453|-10.287315|0.244878|0.119114|nan|-23064.662274|-0.355686|-1.657284|-16.909065|2.377095|0.491237|-1.527995|0.405172|-1.527995|-2147.414881|-118002738.874236|-20483.788247|247851.906720|-0.000003|-444974.416197|-0.889387|0.059348|18.575819|0.049197|-239.534460|12.366667|0.537756|-1.657284|-123.692769
1403|33385913.728634|1.698096|-1.527995|19.600000|-11.538588|12.644609|-2.391834|12.278979|4643.000000|-1.527995|-0.743655|31218138.103039|0.059990|14.069905|-0.651454|0.220591|16.200000|-2.000000|8090054.160412|0.987420|-0.000000|12.207073|-9.508388|0.246823|0.119114|-0.041880|-16948.457196|-0.358899|-1.648837|-17.618620|2.270844|0.491237|-1.527995|0.411445|-1.527995|-2148.063920|-118002738.874236|-19319.601177|247851.906720|-0.000003|-444974.416197|-0.890863|0.060765|18.378481|0.050505|-239.534460|10.366667|0.537756|-1.648837|-123.692769
1404|30513151.243512|1.758637|-1.527995|19.600000|-11.538588|13.147665|-2.391834|12.278979|4643.000000|-1.527995|-0.743655|28595212.714936|0.059990|14.069905|-0.651415|0.220591|14.200000|-2.000000|8086391.202215|0.987420|-0.000000|7.419495|-8.719463|0.248769|0.119114|-0.015968|-13946.429010|-0.360874|-1.649941|-21.472374|2.169754|0.491237|-1.527995|0.321914|-1.527995|-2147.576967|-118002738.874236|-25357.344373|247851.906720|-0.000003|-444974.416197|-0.889202|0.061347|18.184033|0.051408|-239.534460|10.366667|0.537756|-1.649941|-123.692769
1405|27110295.854718|1.940509|-1.527995|19.600000|-11.538588|13.793287|-2.391834|12.278979|4643.000000|-1.527995|-0.743655|25539352.625761|0.059990|14.069905|-0.651499|0.220591|16.200000|-2.000000|8084461.029721|0.987420|-0.000000|4.339165|-6.890986|0.250714|0.119114|-0.016342|-10074.183875|-0.359716|-1.646554|-19.802167|2.075511|0.491237|-1.527995|0.270157|-1.527995|-2146.811923|-118002738.874236|-19584.740700|247851.906720|-0.000003|-444974.416197|-0.882468|0.064337|17.992883|0.052131|-239.534460|12.366667|0.537756|-1.646554|-123.692769
1406|23616458.584126|2.029800|-1.527995|18.000000|-11.538588|14.377421|-2.391834|12.278979|3554.800000|-1.527995|-0.743655|21813741.463735|0.059990|15.476752|-0.651540|0.220591|14.200000|-2.000000|8081488.948110|0.987420|-0.000000|12.398729|-5.700177|0.252660|0.119114|-0.018429|-4616.478119|-0.359027|-1.633051|-18.740818|1.989827|0.369381|-1.527995|0.250445|-1.527995|-2147.181094|-118002738.874236|-21988.460610|247851.906720|-0.000003|-444974.416197|-0.870890|0.065457|17.805776|0.052695|-239.534460|10.366667|0.537756|-1.633051|-123.692769
1407|21706605.311016|2.147996|-1.527995|16.600000|-11.538588|14.905923|-2.391834|12.278979|3554.800000|-1.527995|-0.743655|16343999.721335|0.059990|15.476752|-0.651458|0.220591|12.200000|-2.000000|8081088.527817|0.987420|-0.000000|15.671161|-4.131173|0.254605|0.119114|-0.020310|-1711.993745|-0.361678|-1.631086|-17.644633|1.911999|0.369381|-1.527995|0.242033|-1.527995|-2147.075563|-118002738.874236|-19395.780895|247851.906720|-0.000003|-444974.416197|-0.859010|0.063775|17.619118|0.052917|-239.534460|11.958334|0.537756|-1.631086|-123.692769
1408|17662172.189660|2.319753|-1.527995|15.600000|-11.538588|15.574568|-2.391834|12.278979|3554.800000|-1.527995|-0.743655|11403470.937407|0.059990|15.476752|-0.651417|0.220591|14.200000|-2.000000|8079516.485659|0.987420|-0.000000|16.486878|-3.489225|0.256551|0.119114|-0.021858|3282.255168|-0.363225|-1.633778|-19.962427|1.840524|0.369381|-1.527995|0.227897|-1.527995|-2146.349204|-118002738.874236|-149.446330|247851.906720|-0.000003|-444974.416197|-0.847130|0.065495|17.431935|0.052937|-239.534460|11.600000|0.537756|-1.633778|-123.692769
1409|10227885.927190|2.481044|-1.527995|15.200000|-11.538588|15.798580|-2.391834|12.278979|3554.800000|-1.527995|-0.743655|3055625.637584|0.059990|15.476752|-0.678180|0.220591|12.200000|-2.000000|8079346.380293|0.987420|-0.000000|12.069090|-2.705007|0.258497|0.119114|-0.023490|9082.574473|-0.357925|-1.632186|-19.601806|1.775147|0.369381|-1.527995|0.208483|-1.527995|-2147.529137|-118002738.874236|-137.241272|247851.906720|-0.000003|-444974.416197|-0.835251|0.067398|17.243270|0.052676|-239.534460|11.433334|0.537756|-1.632186|-123.692769
1410|6387139.766650|2.775238|-1.527995|14.600000|-11.538588|15.994156|-2.391834|12.278979|3554.800000|-1.527995|-0.743655|-31257.523971|0.059990|15.476752|-0.678116|0.220591|14.000000|-2.000000|7962668.796766|0.987420|-0.000000|12.940152|-2.465794|0.260442|0.119114|-0.020746|17859.350865|-0.357925|-1.632476|-19.601806|1.714399|0.369381|-1.527995|0.191393|-1.527995|-2147.336222|-118002738.874236|-184.939138|247851.906720|-0.000003|-444974.416197|-0.823371|0.069233|17.053103|0.052279|-239.534460|9.333334|0.537756|-1.632476|-123.692769
1411|4631205.973006|2.910381|-1.527995|14.200000|-11.538588|15.994156|-2.391834|12.278979|3554.800000|-1.527995|-0.743655|-1940350.733815|0.059990|15.476752|-0.677977|0.220591|11.600000|-2.000000|7737203.499190|0.987420|-0.000000|12.169667|-2.928294|0.262388|0.119114|-0.018645|24074.104827|-0.357925|-1.635865|-19.237149|1.658060|0.668597|-1.527995|0.176341|-1.527995|-2148.462595|-118002738.874236|-160.920052|247851.906720|-0.000003|-444974.416197|-0.811491|0.071906|16.860663|0.051680|-239.534460|11.025000|0.537756|-1.635865|-123.692769
1412|-2068072.512984|3.202622|-1.527995|14.200000|-11.538588|16.368684|-2.391834|12.278979|3554.800000|-1.527995|-0.743655|-9535951.975047|0.059990|15.476752|-0.835501|0.220591|15.200000|-2.000000|7509216.577068|0.987420|-0.000000|15.790403|-2.974731|0.264333|0.119114|-0.016140|28105.505253|-0.361928|-1.637048|-20.510273|1.605364|0.668597|-1.527995|0.158268|-1.527995|-2147.606150|-118002738.874236|-175.504538|247851.906720|-0.000003|-444974.416197|-0.799611|0.073556|16.665960|0.050842|-239.534460|10.625000|0.537756|-1.637048|-123.692769
1413|2393110.189632|3.273594|-1.527995|14.200000|-11.538588|16.531848|-2.391834|12.278979|3554.800000|-1.527995|-0.743655|-4878062.748947|0.059990|18.624023|-0.835392|0.220591|10.800000|-2.000000|7281870.051752|0.987420|-0.000000|13.865528|-3.042842|0.266279|0.118813|-0.015475|33124.256095|-0.361928|-1.635995|-20.141186|1.558678|0.668597|-1.527995|0.142099|-1.527995|-2146.460325|-118002738.874236|-170.800887|247851.906720|-0.000003|-444974.416197|-0.786316|0.076481|16.469904|0.049919|-239.534460|10.008334|0.537756|-1.635995|-101.465536
1414|1873835.470554|3.339864|-1.527995|14.200000|-11.538588|16.531848|-2.391834|12.278979|3554.800000|-1.527995|-0.743655|-5498263.872619|0.059990|18.917342|-0.835470|0.217557|14.200000|-2.000000|6940483.229136|0.987420|-0.000000|5.773573|-2.957455|0.268224|0.112839|-0.013927|38595.826824|-0.361927|-1.639014|-18.570909|1.516635|0.668597|-1.527995|0.131483|-1.527995|-2146.945722|-118002738.874236|-206.621398|247851.906720|-0.000003|-444974.416197|-0.773121|0.077554|16.272343|0.048969|-239.534460|9.966667|0.537756|-1.639014|-101.465536
1415|6513671.193778|3.385643|-1.527995|14.200000|-11.538588|16.531848|-2.391834|10.606172|3554.800000|-1.527995|-0.743655|-448592.010636|0.059990|18.917342|-0.835376|0.217557|9.200000|-2.000000|6371727.582690|0.987420|-0.000000|10.111356|-2.802062|0.270170|0.112402|-0.011694|42680.178420|-0.362098|-1.636559|-19.199240|1.477955|0.668597|-1.527995|0.110573|-1.527995|-2146.918518|-118002738.874236|-222.093726|247851.906720|-0.000003|-444974.416197|-0.764142|0.078724|16.073500|0.047933|-239.534460|8.775000|0.537756|-1.636559|-101.465536
1416|6337203.100000|3.510969|-1.527995|14.200000|-11.538588|16.531848|-2.391834|5.381127|3554.800000|-1.527995|-0.743655|-121279.963235|0.059990|18.917342|-0.835330|0.199099|10.000000|-2.000000|5689542.216937|0.987420|-0.000000|-2.491863|-2.608922|0.270170|0.112402|-0.010319|47346.035435|-0.362098|-1.623343|-19.199240|1.441371|0.668597|-1.527995|0.070224|-1.527995|-2147.590451|-118002738.874236|-259.272141|247851.906720|-0.000003|-444974.416197|-0.757302|0.078882|15.873568|0.046810|-239.534460|6.833334|0.537756|-1.623343|-101.465536
1417|5930356.593734|3.652346|-1.527995|14.200000|-7.240447|16.531848|-2.391834|5.381127|3554.800000|-1.527995|-0.743655|320167.859895|0.059990|18.414678|-0.835174|0.170593|6.600000|-2.000000|4893582.065597|0.987420|-0.000000|13.293049|-2.300768|0.270170|0.112402|-0.010063|49914.961139|-0.361223|-1.617445|-17.758653|1.406552|0.668597|-1.527995|0.067118|-1.527995|-2146.863439|-118002738.874236|-270.690902|247851.906720|-0.000003|-444974.416197|-0.750462|0.078351|15.672155|0.045742|-239.534460|4.516666|0.537756|-1.617445|-101.465536
1418|5942723.512570|3.688194|-1.527995|14.200000|-7.240447|16.531848|-2.391834|5.381127|3554.800000|-1.527995|-0.729141|219026.114572|0.059990|18.092986|-0.835361|0.106201|9.400000|-2.000000|3982740.020901|0.987420|-0.000000|12.679447|-1.848132|0.270170|0.112402|-0.007274|53192.607276|-0.352028|-1.592404|-19.447197|1.373374|0.668597|-1.527995|0.040228|-1.527995|-2147.446994|-118002738.874236|-232.771334|247851.906720|-0.000003|-444974.416197|-0.743622|0.077765|15.469966|0.044668|-239.534460|-1.225000|0.537756|-1.592404|-101.465536
1419|7086602.600142|3.782993|-1.527995|14.200000|-7.240447|16.531848|-2.391834|1.825755|3554.800000|-1.527995|-0.068619|1611126.026117|0.050072|15.932140|-0.835322|0.045226|3.800000|-2.000000|2959215.447811|0.987420|-0.000000|13.744014|-1.986806|0.269436|0.112402|-0.005709|54336.750845|-0.349095|-1.580633|-14.236544|1.341939|0.668597|-1.527995|0.029606|-1.527995|-2147.031250|-118002738.874236|-278.687888|247851.906720|-0.000003|-444974.416197|-0.739420|0.076641|15.266884|0.043660|-239.534460|-0.766667|0.537756|-1.580633|-101.465536
1420|7617715.162588|4.043851|-1.527995|14.000000|-7.240447|16.664691|-2.391834|1.825755|3554.800000|-1.527995|0.054867|1952785.787118|0.050072|15.932140|-0.835434|-0.030625|6.400000|-2.000000|1707381.963659|0.987420|-0.000000|9.804068|-1.623203|0.268703|0.112402|-0.004027|56296.262027|-0.348501|-1.575109|-15.753231|1.312176|0.668597|-1.527995|0.020383|-1.527995|-2147.186037|-118002738.874236|-263.807131|247851.906720|-0.000003|-444974.416197|-0.735217|0.076802|15.062718|0.042660|-239.534460|-0.900000|0.537756|-1.575109|-101.465536
1421|8224438.572862|4.120933|-1.527995|13.600000|-7.240447|16.975358|-2.391834|1.825755|3554.800000|-1.527995|0.109962|2825994.182582|0.050072|14.311505|-0.835491|-0.197829|3.400000|-2.000000|569211.319979|0.987420|-0.000000|8.579308|-1.455167|0.265179|0.112402|-0.002292|56159.200375|-0.349213|-1.576889|-12.308475|1.284439|0.668597|-1.527995|0.006649|-1.527995|-2146.400316|-117930592.617378|-299.189702|247851.906720|-0.000003|-444974.416197|-0.731014|0.076284|14.857218|0.041697|-239.534460|-4.166667|0.537756|-1.576889|-101.465536
1422|11465384.050000|4.333847|-1.527995|13.200000|-7.240447|17.256437|-2.391834|1.825755|3554.800000|-1.527995|0.109962|5813265.417446|0.016459|13.041400|-0.835387|-0.316180|0.800000|-2.000000|1.281245|0.987420|-0.000000|8.453169|-1.990603|0.258119|0.112402|-0.000477|53036.628673|-0.349213|-1.579261|-11.921552|1.258158|0.668597|-1.527995|-0.002673|-1.527995|-2146.625232|-117930592.617378|-314.237473|247851.906720|-0.000003|-444974.416197|-0.728176|0.074933|14.650503|0.040783|-239.534460|-2.166667|0.537756|-1.579261|-833.375712
1423|12470739.626958|4.420956|-1.527995|12.800000|-7.240447|17.320272|-2.391834|1.825755|3554.800000|-1.527995|0.109962|6674010.888335|0.016459|13.041400|-0.835467|-0.329064|3.800000|-2.000000|-569123.888065|0.987420|-0.000000|13.205362|-1.906783|0.251059|0.112402|0.001328|52215.061206|-0.348032|-1.578351|-14.651476|1.228528|0.668597|-1.527995|-0.005316|-1.527995|-2147.689660|-117930592.617378|-326.390957|284732.503680|-0.000003|-444974.416197|-0.725339|0.072952|14.454469|0.039871|-239.534460|-2.166667|0.537756|-1.578351|-833.375712
1424|12817384.549572|4.490665|-1.527995|12.200000|-7.240447|17.378026|-2.391834|1.825755|3554.800000|-1.527995|0.109962|7041275.232488|0.016459|13.041400|-0.835375|-0.329064|-1.400000|-2.000000|-1593259.534509|0.987420|-0.000000|13.215785|-1.784862|0.243999|0.112402|0.002719|50148.385191|-0.343803|-1.578542|-15.444754|1.195042|0.668597|-1.527995|-0.013515|-1.527995|-2146.724555|-117930592.617378|-274.334880|284732.503680|-0.000003|-108666.829473|-0.732129|0.072218|14.270988|0.038960|-239.534460|-2.608334|0.537756|-1.578542|-833.375712
1425|13867990.022476|4.560279|-1.527995|11.200000|-7.240447|17.430280|-2.391834|1.825755|3554.800000|-1.527995|0.109962|8142733.642438|0.016459|13.041400|-0.835461|-0.329064|2.200000|-2.000000|-2275534.168109|0.987420|-0.000000|12.618552|-1.703542|0.236939|0.112402|0.003723|50151.339585|-0.340798|-1.578703|-15.237235|1.153909|0.668597|-1.527995|-0.020708|-1.527995|-2147.451360|-117930592.617378|-286.488045|298758.393472|-0.000003|-108666.829473|-0.742605|0.066454|14.102851|0.038072|-239.534460|-3.625000|0.537756|-1.578703|-833.375712
1426|14660113.639086|4.632028|-1.527995|10.000000|-7.240447|17.560171|-2.391834|1.825755|3554.800000|-1.527995|0.109962|9079427.748672|0.016459|13.041400|-0.835372|-0.329064|-1.800000|-2.000000|-2389227.544479|0.987420|-0.000000|11.175866|-1.767293|0.229878|0.112402|0.003950|48864.657175|-0.327924|-1.579164|-12.474450|1.100905|0.668597|-1.527995|-0.029959|-1.527995|-2146.846343|-117930592.617378|-301.243314|298758.393472|-0.000003|-108666.829473|-0.753081|0.057145|13.952148|0.037227|-239.534460|-4.150000|0.537756|-1.579164|-833.375712
1427|15924818.400000|4.721711|-1.527995|8.600000|-7.240447|16.642697|-2.391834|1.825755|3554.800000|-1.527995|0.109962|10484424.801759|0.016459|13.041400|-0.835460|-0.329064|0.200000|-2.000000|-2616727.310916|0.987420|-0.000000|10.467778|-1.646254|0.222818|0.112402|0.004805|47211.180018|-0.320771|-1.578558|-13.069753|1.032898|0.668597|-1.527995|-0.038756|-1.527995|-2147.189303|-117930592.617378|-273.017808|300831.858264|-0.000003|-49862.555633|-0.763557|0.046349|13.819734|0.036371|-239.534460|-5.425000|0.537756|-1.578558|-833.375712
1428|14553804.550000|4.744872|-1.527995|7.000000|-7.240447|16.193554|-2.391834|1.825755|3554.800000|-1.497675|0.109962|9138840.581069|0.016459|13.041400|-0.835503|-0.329064|0.200000|-2.000000|-2615441.785840|0.987420|-0.000000|11.848133|-1.843451|0.215758|0.112402|0.005325|46433.728155|-0.318920|-1.567910|-11.286296|0.949264|0.668597|-1.527995|-0.041890|-1.527995|-2147.297421|-117930592.617378|-262.627031|300831.858264|-0.000003|-49862.555633|-0.774032|0.039520|13.704728|0.035529|-232.448954|-7.783334|0.537756|-1.567910|-833.375712
1429|13782424.300000|4.828405|-1.527995|5.200000|-7.240447|16.168139|-2.391834|1.825755|3554.800000|-0.852360|0.109962|8721133.378632|0.016459|13.041400|-0.835657|-0.329064|2.200000|-2.000000|-2615399.985616|0.987420|-0.000000|10.198154|-1.639480|0.208698|0.112402|0.005631|46349.229481|-0.319060|-1.566351|-13.438322|0.850181|0.668597|-1.527995|-0.045475|-1.527995|-2147.201482|-117930592.617378|-241.651380|321056.533152|-0.000003|-49862.555633|-0.784508|0.028213|13.604021|0.034709|-225.363448|-5.783334|0.537756|-1.566351|-833.375712
1430|9940683.083690|4.831040|-1.527995|3.000000|-7.240447|15.954668|-2.391834|1.825755|3554.800000|-0.852360|0.109962|3640472.132911|0.016459|13.041400|-0.835470|-0.329064|-3.800000|-2.000000|-2613901.645991|0.987420|-0.000000|-18.351099|-2.015947|0.201638|0.112402|0.006685|44805.634090|-0.319060|-1.549393|-11.965012|0.736777|0.668597|-1.527995|-0.052859|-1.527995|-2147.804418|-117930592.617378|-311.486625|329430.054016|-0.000003|-49862.555633|-0.790003|0.023022|13.515011|0.033871|-218.277941|-7.900000|0.537756|-1.549393|-833.375712
1431|4461856.112108|4.906362|-1.527995|1.000000|-7.240447|15.761528|-2.391834|1.825755|3554.800000|-0.852360|0.109962|-3563068.994658|0.016459|13.041400|-2.102670|-0.329064|0.200000|-2.000000|-2614176.829467|0.987420|-0.000000|5.016197|-2.707568|0.194578|0.112402|0.007320|42389.131588|-0.309492|-1.534574|-13.140813|0.608805|0.668597|-1.527995|-0.058701|-1.527995|-1438.146493|-117930592.617378|-251.851663|329430.054016|-0.000003|-66336.466687|-0.791932|0.019678|13.437209|0.032962|-211.192435|-6.283334|0.537756|-1.534574|-833.375712
1432|-1511793.422712|4.912541|-1.527995|0.000000|-7.240447|15.396305|-2.391834|1.825755|3554.800000|-0.852360|0.109962|-10097843.610966|0.016459|13.041400|-2.102220|-0.329064|-2.000000|-2.000000|-2954293.205350|0.987420|-0.000000|-0.648706|-3.696875|0.187518|0.112402|0.010475|38894.508199|-0.308842|-1.505094|-13.599720|0.466892|0.668597|-1.527995|-0.063067|-1.527995|-1437.704004|-117732137.138733|-275.781100|343123.510368|-0.000003|-66336.466687|-0.785965|0.017968|13.379489|0.032009|-204.106929|-8.716667|0.537756|-1.505094|-833.375712
1433|-818067.550000|5.125666|-1.497675|-1.000000|-7.240447|14.906829|-2.391834|1.825755|3554.800000|-0.852360|0.109962|-8831849.315693|0.016459|13.041400|-2.101995|-0.329064|-0.400000|-2.000000|-3295281.190034|0.987420|-0.000000|5.639588|-3.887201|0.180458|0.112402|0.013325|37453.952544|-0.305670|-1.466356|-8.376262|0.312435|0.668597|-1.527995|-0.066907|-1.527995|-1437.133323|-117591897.290657|-244.931863|343123.510368|-0.000003|-66336.466687|-0.774705|0.013774|13.344629|0.031128|-197.021423|-7.125000|0.537756|-1.466356|-833.375712
1434|-11449099.076702|5.325214|-0.852360|-2.800000|-7.240447|14.906829|-1.527700|-2.117095|3554.800000|-0.852360|0.109962|-19369118.772883|0.016459|13.041400|-2.101550|-0.329064|-2.600000|-2.000000|-3521685.585352|0.987420|-0.000000|3.397785|-4.194246|0.173398|0.112402|0.016404|33594.373537|-0.305793|-1.422540|-6.547508|0.147110|0.668597|-1.527995|-0.069078|-1.527995|-945.708240|-117591897.290657|-307.927237|363023.964540|-0.000002|-66336.466687|-0.758605|0.009663|13.332749|0.030314|-189.935916|-9.916667|0.427599|-1.422540|-833.375712
1435|-14316915.943358|5.544288|-0.852360|-4.000000|-7.240447|14.132735|-1.374621|-2.117095|3554.800000|-0.852360|0.109962|-21320596.824719|0.016459|13.041400|-2.100996|-0.354420|-3.400000|-2.000000|-3746076.095851|0.987420|-0.000000|0.970279|-4.258042|0.166338|0.112402|0.018901|31718.394554|-0.308468|-1.403388|-5.558172|-0.024467|0.668597|-1.527995|-0.071262|-1.527995|-945.309881|-117528008.468829|-428.040845|363023.964540|-0.000002|-66336.466687|-0.737640|0.005207|13.344716|0.029623|-182.850410|-12.566667|0.427599|-1.403388|-833.375712
1436|-15793939.650000|5.704080|-0.852360|-4.200000|-7.240447|13.227328|-1.374621|-2.117095|3554.800000|-0.852360|0.109962|-21872384.859663|0.016459|13.041400|-2.100719|-0.321350|-4.400000|-2.000000|-4085378.444624|0.987420|-0.000000|-9.948110|-4.052062|0.159277|0.112402|0.021121|30126.990592|-0.308970|-1.388137|-4.109620|-0.197027|0.668597|-1.527995|-0.071877|-1.645472|-946.907953|-117445618.797553|-420.235922|363023.964540|-0.000002|-66336.466687|-0.716675|0.000848|13.376050|0.029078|-175.764904|-9.208334|0.427599|-1.388137|-833.375712
1437|-15423440.910858|5.883455|-0.852360|-4.600000|-7.240447|12.803867|-1.374621|-2.117095|3554.800000|-0.852360|0.109962|-20205805.507276|0.016459|13.041400|-2.100249|-0.242089|-4.800000|-2.000000|-4425916.369462|0.987420|-0.000000|-7.727817|-3.833932|0.152217|0.112402|0.023697|28692.285546|-0.311681|-1.386445|-3.484188|-0.366858|0.668597|-1.527995|-0.075275|-1.797537|-946.204287|-117445618.797553|-416.329910|363023.964540|-0.000002|-66336.466687|-0.698564|-0.005634|13.415363|0.028711|-168.679398|-12.550000|0.427599|-1.386445|-833.375712
1438|-18686476.315708|5.953027|-0.852360|-4.600000|-7.240447|12.420736|-1.374621|-2.117095|3554.800000|-0.852360|0.109962|-23051121.021247|0.016459|12.408459|-2.100014|-0.205366|-2.800000|-2.000000|-4993802.028523|0.987420|-0.000000|1.314341|-3.211123|0.145157|0.112402|0.026957|26050.615134|-0.312737|-1.388102|1.466272|-0.533918|0.668597|-1.527995|-0.075275|-1.797537|-946.957261|-117445618.797553|-475.571258|363023.964540|-0.000002|-66336.466687|-0.680453|-0.009614|13.458056|0.028475|-161.593891|-11.783334|0.413725|-1.388102|-833.375712
1439|-18407475.554032|5.998895|-0.852360|-4.600000|-7.240447|11.999713|-1.374621|-2.117095|3554.800000|-0.852360|0.109962|-23076777.185526|0.016459|12.408459|-2.100228|-0.194371|-1.400000|-2.000000|-5675119.391919|0.987420|-0.000000|-0.180293|-3.010366|0.138097|0.111987|0.029923|23382.200005|-0.315939|-1.388401|5.213431|-0.697261|0.668597|-1.527995|-0.077341|-1.797537|-946.394692|-117445618.797553|-370.251398|363023.964540|-0.000002|-66336.466687|-0.662342|-0.011826|13.504726|0.028298|-154.508385|-13.783334|0.413725|-1.388401|-833.375712
1440|-16701748.354096|6.030856|-0.852360|-4.600000|-7.240447|11.618788|-1.374621|-2.117095|3554.800000|-0.852360|0.109962|-21790581.545453|0.016459|9.430585|-2.100003|-0.186277|-4.200000|-2.000000|-5221142.095399|0.987420|-0.000000|-0.596766|-3.102766|0.131037|0.111987|0.033386|20927.760824|-0.321340|-1.387269|9.479751|-0.857989|0.668597|-1.527995|-0.114008|-1.797537|-946.216665|-117445618.797553|-484.345465|339833.741748|-0.000002|-66336.466687|-0.644231|-0.015898|13.557001|0.028152|-147.422879|-13.783334|0.413725|-1.387269|-833.375712
1441|-17383601.712558|6.047477|-0.852360|-4.600000|-7.240447|11.274141|-1.374621|-2.117095|3554.800000|-0.852360|0.109962|-22371477.982169|0.016459|5.600940|-2.099891|-0.186277|-4.400000|-2.000000|-4766459.367106|0.987420|-0.000000|-0.099190|-3.041493|0.123977|0.111987|0.035798|18349.295916|-0.337192|-1.375779|7.908377|-1.016364|0.668597|-1.527995|-0.184026|-1.797537|-946.446911|-117445618.797553|-492.949854|339833.741748|-0.000002|-66336.466687|-0.626853|-0.020114|13.620821|0.028036|-140.337372|-11.783334|0.413725|-1.375779|-833.375712
1442|-20348296.527586|6.046088|-0.852360|-5.200000|-7.240447|10.390890|-1.374621|-2.117095|3554.800000|-0.852360|0.109962|-25330609.264134|0.016459|2.686117|-2.099835|-0.186277|-4.800000|-2.000000|-4424485.524242|0.987420|-0.000000|-0.377068|-3.067008|0.116917|0.111987|0.039997|13975.676660|-0.337192|-1.350408|7.908377|-1.172637|0.668597|-1.527995|-0.215770|-1.797537|-946.158947|-117445618.797553|-444.886669|339833.741748|-0.000002|-66336.466687|-0.609474|-0.018310|13.699889|0.027983|-133.251866|-13.783334|0.376864|-1.350408|-833.375712
1443|-19641785.789026|6.074653|-0.852360|-5.800000|-7.005256|9.869368|-1.374621|-2.117095|3554.800000|-0.852360|0.109962|-24416092.236359|0.016459|2.228705|-2.100139|-0.186277|-2.800000|-2.000000|-4196372.575148|0.987420|-0.000000|-1.051752|-2.941376|0.109857|0.111987|0.042300|11110.723481|-0.336568|-1.273917|6.384617|-1.328179|0.668597|-1.527995|-0.276181|-1.797537|-946.933670|-117445618.797553|-390.032401|339833.741748|-0.000002|-66336.466687|-0.592295|-0.016628|13.800644|0.027915|-126.166360|-13.783334|0.303590|-1.273917|-833.375712
1444|-20639425.051114|6.047847|-0.852360|-6.200000|-7.005256|9.680324|-1.374621|-2.117095|3554.800000|-1.164570|0.109962|-25695590.336183|0.016459|-0.463244|-2.100622|-0.184195|-2.800000|0.000000|-4194938.202436|0.987420|-0.000000|-0.629136|-2.730792|0.102797|0.111987|0.043632|9441.127686|-0.334840|-1.147206|6.614719|-1.486470|0.668597|-1.527995|-0.272322|-1.797537|-946.073022|-117445618.797553|-257.433196|339833.741748|-0.000002|-66336.466687|-0.580852|-0.011625|13.922963|0.027777|-119.080854|-15.783334|0.303590|-1.147206|-833.375712
1445|-21829725.350000|6.061267|-0.852360|-6.600000|-7.005256|8.747380|-1.374621|-4.228736|3554.800000|-1.164570|0.109962|-26531227.107237|0.016459|-0.463244|-2.100532|-0.174474|-6.800000|0.000000|-4193560.876183|0.987420|-0.000000|-2.582690|-2.406433|0.095737|0.111987|0.044765|4652.524890|-0.328877|-1.064032|5.659714|-1.652721|0.668597|-1.527995|-0.251616|-1.797537|-945.428350|-117445618.797553|-291.015094|339833.741748|-0.000002|-66336.466687|-0.569408|-0.007582|14.075477|0.027608|-111.995347|-13.783334|0.298225|-1.064032|-833.375712
1446|-23632626.287740|6.081128|-0.852360|-7.200000|-7.005256|7.522335|-1.374621|-4.228736|3554.800000|-1.645472|0.109962|-27994817.044917|0.004473|-0.463244|-2.099824|-0.151893|-6.800000|0.000000|-3965751.262105|0.987420|-0.000000|-2.016937|-2.441644|0.084992|0.111987|0.046448|-1323.620970|-0.330433|-0.978483|7.065713|-1.834397|0.668597|-1.527995|-0.229862|-1.797537|-945.876910|-117445618.797553|-316.320421|339833.741748|-0.000002|-66336.466687|-0.557965|-0.003072|14.262507|0.027412|-104.909841|-13.783334|0.298225|-0.978483|-833.375712
1447|-22297519.732192|6.074045|-0.852360|-7.800000|-7.005256|5.853541|-1.374621|-4.228736|3554.800000|-1.797537|0.109962|-26156539.529717|-0.009092|-0.463244|-2.099801|-0.124305|-3.200000|0.000000|-3966815.018391|0.987420|-0.000000|-10.065597|-2.337138|0.072770|0.111987|0.048395|-3866.141250|-0.331791|-0.933018|4.787470|-2.038305|0.668597|-1.527995|-0.205550|-1.797537|-947.030255|-117445618.797553|-286.545748|339833.741748|-0.000002|-66336.466687|-0.546522|0.002785|14.444522|0.027248|-97.824335|-13.783334|0.295542|-0.933018|-833.375712
1448|-19112075.239854|6.053108|-0.852360|-8.800000|-7.005256|4.534156|-1.374621|-5.391294|3554.800000|-1.797537|0.109962|-22649357.470204|-0.009092|-0.463244|-2.099790|-0.114705|-7.800000|0.000000|-3966814.673913|0.987420|-0.000000|-34.420901|-2.118896|0.060549|0.111987|0.048589|-6316.716007|-0.331791|-0.903775|5.005518|-2.274235|0.668597|-1.527995|-0.199330|-1.797537|-946.468347|-117445618.797553|-292.742658|339833.741748|-0.000002|-66336.466687|-0.535584|0.009142|14.622991|0.027098|-90.738828|-11.783334|0.277310|-0.903775|-833.375712
1449|-19671337.871213|6.085955|-1.164570|-10.400000|-4.561759|2.959475|-1.374621|-5.391294|3554.800000|-1.797537|0.109962|-23299313.417181|-0.009919|-0.463244|-2.099785|-0.086556|-6.200000|0.000000|-3853489.559292|0.987420|-0.000000|-31.247811|-2.302391|0.048272|0.111857|0.047771|-7735.658248|-0.364274|-0.874508|4.572769|-2.543326|0.668597|-1.527995|-0.190825|-1.797537|-946.857519|-117445618.797553|-294.698934|339833.741748|-0.000002|-66336.466687|-0.541189|0.013011|14.799795|0.026949|-83.653322|-13.783334|0.277310|-0.874508|-833.375712
1450|-22509087.243428|6.043490|-1.164570|-12.000000|-4.561759|1.725239|-1.374621|-5.391294|3554.800000|-1.797537|0.109962|-25947292.481005|-0.009919|-0.463244|-2.100445|-0.069987|-2.600000|0.000000|-3850973.722096|0.987420|-0.000000|-17.363659|-2.136001|0.031410|0.109018|0.047021|-9164.734009|-0.366767|-0.864802|6.281972|-2.842995|0.668597|-1.527995|-0.178567|-1.797537|-946.885562|-117445618.797553|-232.656943|339833.741748|-0.000002|-66336.466687|-0.550651|0.018417|14.974429|0.026776|-76.567816|-13.783334|0.277310|-0.864802|-833.375712
1451|-16959161.467508|5.999763|-1.645472|-13.800000|-4.661259|0.799026|-1.629750|-5.391294|3554.800000|-1.797537|0.109962|-20413217.405059|-0.009919|-0.463244|-2.100775|-0.032649|-7.200000|0.000000|-3847432.102336|0.987420|-0.000000|-9.719979|-2.685302|0.017339|0.106264|0.044447|-8286.313537|-0.364957|-0.863240|1.364646|-3.171080|0.668597|-1.527995|-0.171348|-1.797537|-946.523974|-117445618.797553|-225.156836|339833.741748|-0.000003|-66336.466687|-0.571906|0.022202|15.145404|0.026555|-69.482310|-15.783334|0.277310|-0.863240|-833.375712
1452|-18248787.977184|5.916626|-1.797537|-14.800000|-4.661259|-0.229453|-1.806358|-5.391294|3554.800000|-1.797537|-0.051859|-21366559.059980|-0.009919|-0.463244|-2.100941|0.011464|-9.800000|0.000000|-3838172.125829|0.987420|-0.000000|-4.081245|-3.182289|0.006804|0.105384|0.042221|-6620.732858|-0.376432|-0.874646|2.744094|-3.524296|0.668597|-1.527995|-0.168033|-1.797537|-947.444002|-117123831.286061|-210.228161|339833.741748|-0.000003|-66336.466687|-0.599101|0.028514|15.316171|0.026289|-62.396803|-15.783334|0.277310|-0.874646|-833.375712
1453|-22792222.298890|5.845388|-1.797537|-14.800000|-4.661259|-1.731410|-2.405310|-5.391294|3554.800000|-1.797537|-0.051859|-25511102.466490|-0.009919|-0.463244|-2.100691|0.054525|-10.800000|0.000000|-3835577.241120|0.987420|-0.000000|-4.911935|-3.317117|-0.003731|0.103809|0.038702|-6168.659621|-0.387727|-0.874315|2.339981|-3.898781|0.668597|-1.527995|-0.166250|-1.797537|-946.890695|-116848642.346377|-227.089657|339833.741748|-0.000003|-66336.466687|-0.629200|0.029243|15.487943|0.026028|-55.311297|-13.783334|0.277310|-0.874315|-833.375712
1454|-24222478.595444|5.744867|-1.797537|-14.800000|-4.661259|-3.661752|-2.405310|-6.758142|3554.800000|-1.797537|-0.051859|-26598865.130097|-0.009919|-0.463244|-2.100567|0.083292|-10.000000|0.000000|-3832940.551650|0.987420|-0.000000|-5.465491|-3.188800|-0.014266|0.102741|0.034455|-5675.336023|-0.373737|-0.878151|2.724064|-4.285882|0.668597|-1.527995|-0.155094|-1.797537|-945.708258|-116400204.789360|-205.822275|339833.741748|-0.000003|-66336.466687|-0.661668|0.029110|15.660541|0.025765|-48.225791|-13.783334|0.277310|-0.878151|-833.375712
1455|-27094203.855720|5.642367|-1.797537|-14.800000|-4.661259|-5.217775|-2.405310|-9.804338|3554.800000|-1.797537|-0.051859|-28929693.334948|-0.028426|-0.463244|-2.100173|0.129407|-11.200000|0.000000|-3830359.501421|0.987420|-0.000000|-14.031891|-3.326827|-0.024801|0.101626|0.029849|-5015.598000|-0.373677|-0.876835|2.346679|-4.670854|0.668597|-1.527995|-0.152580|-1.998963|-945.868039|-116323053.577135|-168.040431|339833.741748|-0.000003|-66336.466687|-0.695048|0.029719|15.834083|0.025516|-41.140284|-13.783334|0.277310|-0.876835|-833.375712
1456|-23232245.311020|5.431846|-1.797537|-14.800000|-4.878855|-6.625606|-2.405310|-12.707807|3554.800000|-1.797537|-0.051859|-23875615.439451|-0.028426|-1.944282|-2.099644|0.215753|-10.400000|0.000000|-3834041.328453|0.987420|-0.000000|-5.655521|-3.642744|-0.035865|0.101557|0.026233|-4059.952237|-0.372019|-0.867882|4.219191|-5.037097|0.668597|-1.527995|-0.147651|-1.998963|-946.309045|-116284380.433209|-201.645570|339833.741748|-0.000003|-66336.466687|-0.727518|0.032444|16.009465|0.025264|-34.054778|-13.783334|0.277310|-0.867882|-833.375712
1457|-26017992.801138|5.242054|-1.797537|-14.800000|-4.878855|-8.089834|-2.405310|-11.807198|3554.800000|-1.797537|-0.051859|-25352782.563597|-0.028426|-1.944282|-2.099380|0.293763|-7.800000|0.000000|-3832601.752127|0.987420|-0.000000|-5.889084|-3.685490|-0.047085|0.100815|0.022738|-2495.930401|-0.369851|-0.863262|3.850682|-5.368028|0.668597|-1.527995|-0.145938|-1.998963|-945.921056|-116284380.433209|-187.035037|339833.741748|-0.000003|-66336.466687|-0.753857|0.034765|16.186533|0.025047|-26.969272|-11.783334|0.277310|-0.863262|-833.375712
1458|-28732800.993026|4.996117|-1.797537|-14.800000|-4.878855|-9.414612|-2.405310|-11.610627|3554.800000|-1.797537|-0.051859|-27430629.830059|-0.028426|-3.814541|-2.099248|0.358311|-7.400000|0.000000|-3826014.561530|0.987420|-0.000000|-40.214160|-4.105117|-0.058305|0.098934|0.018961|-1569.836688|-0.373076|-0.852349|3.850682|-5.647465|0.668597|-1.527995|-0.135808|-1.998963|-946.548006|-116284380.433209|-183.837839|339833.741748|-0.000003|-66336.466687|-0.777287|0.034882|16.364361|0.024829|-26.969272|-13.400000|0.277310|-0.852349|-833.375712
1459|-28225947.055320|4.848304|-1.797537|-14.400000|-4.878855|-10.232268|-2.405310|-9.623253|3554.800000|-1.797537|-0.051859|-26477402.516478|-0.039552|-3.814541|-2.099845|0.444753|-3.400000|-2.000000|-3823853.700039|0.987420|-0.000000|-26.814384|-4.130549|-0.069525|0.098070|0.014449|-1224.811049|-0.375129|-0.849980|2.601730|-5.870000|0.668597|-1.527995|-0.096720|-1.998963|-946.463520|-116284380.433209|-145.304793|339833.741748|-0.000003|-66336.466687|-0.800717|0.034514|16.543105|0.024593|-26.969272|-14.900000|0.277310|-0.849980|-833.375712
